"event_id","subject_id","cna_type","input_row","chrom","genomic_start","genomic_end","width_bp","exon_order","transcript_exon_rank","exon_id","exon_cds_start","exon_cds_end","overlap_start","overlap_end","coding_overlap_bp","exon_coding_fraction","passes_exon_overlap","coding_fraction","n_affected_exons","localization_class","complete_structural_mapping","structurally_localizable"
"CNA_event_000001","PAUVPA","HOMDEL",1,"9",21818601,22474300,655700,1,1,"ENSE00001833804",21974678,21974827,21974678,21974827,150,1,TRUE,1,3,"whole_coding_sequence",TRUE,FALSE
"CNA_event_000001","PAUVPA","HOMDEL",1,"9",21818601,22474300,655700,2,2,"ENSE00003496053",21970902,21971208,21970902,21971208,307,1,TRUE,1,3,"whole_coding_sequence",TRUE,FALSE
"CNA_event_000001","PAUVPA","HOMDEL",1,"9",21818601,22474300,655700,3,3,"ENSE00003529527",21968232,21968242,21968232,21968242,11,1,TRUE,1,3,"whole_coding_sequence",TRUE,FALSE
"CNA_event_000003","PASRSP","HOMDEL",3,"9",21876601,21981700,105100,1,1,"ENSE00001833804",21974678,21974827,21974678,21974827,150,1,TRUE,1,3,"whole_coding_sequence",TRUE,FALSE
"CNA_event_000003","PASRSP","HOMDEL",3,"9",21876601,21981700,105100,2,2,"ENSE00003496053",21970902,21971208,21970902,21971208,307,1,TRUE,1,3,"whole_coding_sequence",TRUE,FALSE
"CNA_event_000003","PASRSP","HOMDEL",3,"9",21876601,21981700,105100,3,3,"ENSE00003529527",21968232,21968242,21968232,21968242,11,1,TRUE,1,3,"whole_coding_sequence",TRUE,FALSE
"CNA_event_000004","PAWLCA","HOMDEL",4,"9",21850701,22159700,309000,1,1,"ENSE00001833804",21974678,21974827,21974678,21974827,150,1,TRUE,1,3,"whole_coding_sequence",TRUE,FALSE
"CNA_event_000004","PAWLCA","HOMDEL",4,"9",21850701,22159700,309000,2,2,"ENSE00003496053",21970902,21971208,21970902,21971208,307,1,TRUE,1,3,"whole_coding_sequence",TRUE,FALSE
"CNA_event_000004","PAWLCA","HOMDEL",4,"9",21850701,22159700,309000,3,3,"ENSE00003529527",21968232,21968242,21968232,21968242,11,1,TRUE,1,3,"whole_coding_sequence",TRUE,FALSE
"CNA_event_000005","PAWKKY","HOMDEL",5,"9",21961901,22039300,77400,1,1,"ENSE00001833804",21974678,21974827,21974678,21974827,150,1,TRUE,1,3,"whole_coding_sequence",TRUE,FALSE
"CNA_event_000005","PAWKKY","HOMDEL",5,"9",21961901,22039300,77400,2,2,"ENSE00003496053",21970902,21971208,21970902,21971208,307,1,TRUE,1,3,"whole_coding_sequence",TRUE,FALSE
"CNA_event_000005","PAWKKY","HOMDEL",5,"9",21961901,22039300,77400,3,3,"ENSE00003529527",21968232,21968242,21968232,21968242,11,1,TRUE,1,3,"whole_coding_sequence",TRUE,FALSE
"CNA_event_000006","PAWKAN","HOMDEL",6,"9",21929801,22089700,159900,1,1,"ENSE00001833804",21974678,21974827,21974678,21974827,150,1,TRUE,1,3,"whole_coding_sequence",TRUE,FALSE
"CNA_event_000006","PAWKAN","HOMDEL",6,"9",21929801,22089700,159900,2,2,"ENSE00003496053",21970902,21971208,21970902,21971208,307,1,TRUE,1,3,"whole_coding_sequence",TRUE,FALSE
"CNA_event_000006","PAWKAN","HOMDEL",6,"9",21929801,22089700,159900,3,3,"ENSE00003529527",21968232,21968242,21968232,21968242,11,1,TRUE,1,3,"whole_coding_sequence",TRUE,FALSE
"CNA_event_000007","PAWJWT","HOMDEL",7,"9",21945201,22001400,56200,1,1,"ENSE00001833804",21974678,21974827,21974678,21974827,150,1,TRUE,1,3,"whole_coding_sequence",TRUE,FALSE
"CNA_event_000007","PAWJWT","HOMDEL",7,"9",21945201,22001400,56200,2,2,"ENSE00003496053",21970902,21971208,21970902,21971208,307,1,TRUE,1,3,"whole_coding_sequence",TRUE,FALSE
"CNA_event_000007","PAWJWT","HOMDEL",7,"9",21945201,22001400,56200,3,3,"ENSE00003529527",21968232,21968242,21968232,21968242,11,1,TRUE,1,3,"whole_coding_sequence",TRUE,FALSE
"CNA_event_000008","PAWJVB","HOMDEL",8,"9",21825501,21994000,168500,1,1,"ENSE00001833804",21974678,21974827,21974678,21974827,150,1,TRUE,1,3,"whole_coding_sequence",TRUE,FALSE
"CNA_event_000008","PAWJVB","HOMDEL",8,"9",21825501,21994000,168500,2,2,"ENSE00003496053",21970902,21971208,21970902,21971208,307,1,TRUE,1,3,"whole_coding_sequence",TRUE,FALSE
"CNA_event_000008","PAWJVB","HOMDEL",8,"9",21825501,21994000,168500,3,3,"ENSE00003529527",21968232,21968242,21968232,21968242,11,1,TRUE,1,3,"whole_coding_sequence",TRUE,FALSE
"CNA_event_000010","PAWJDA","HOMDEL",10,"9",21955401,22234900,279500,1,1,"ENSE00001833804",21974678,21974827,21974678,21974827,150,1,TRUE,1,3,"whole_coding_sequence",TRUE,FALSE
"CNA_event_000010","PAWJDA","HOMDEL",10,"9",21955401,22234900,279500,2,2,"ENSE00003496053",21970902,21971208,21970902,21971208,307,1,TRUE,1,3,"whole_coding_sequence",TRUE,FALSE
"CNA_event_000010","PAWJDA","HOMDEL",10,"9",21955401,22234900,279500,3,3,"ENSE00003529527",21968232,21968242,21968232,21968242,11,1,TRUE,1,3,"whole_coding_sequence",TRUE,FALSE
"CNA_event_000011","PAWIPA","HOMDEL",11,"9",21721701,22496600,774900,1,1,"ENSE00001833804",21974678,21974827,21974678,21974827,150,1,TRUE,1,3,"whole_coding_sequence",TRUE,FALSE
"CNA_event_000011","PAWIPA","HOMDEL",11,"9",21721701,22496600,774900,2,2,"ENSE00003496053",21970902,21971208,21970902,21971208,307,1,TRUE,1,3,"whole_coding_sequence",TRUE,FALSE
"CNA_event_000011","PAWIPA","HOMDEL",11,"9",21721701,22496600,774900,3,3,"ENSE00003529527",21968232,21968242,21968232,21968242,11,1,TRUE,1,3,"whole_coding_sequence",TRUE,FALSE
"CNA_event_000012","PAWIIZ","HOMDEL",12,"9",21935201,22245300,310100,1,1,"ENSE00001833804",21974678,21974827,21974678,21974827,150,1,TRUE,1,3,"whole_coding_sequence",TRUE,FALSE
"CNA_event_000012","PAWIIZ","HOMDEL",12,"9",21935201,22245300,310100,2,2,"ENSE00003496053",21970902,21971208,21970902,21971208,307,1,TRUE,1,3,"whole_coding_sequence",TRUE,FALSE
"CNA_event_000012","PAWIIZ","HOMDEL",12,"9",21935201,22245300,310100,3,3,"ENSE00003529527",21968232,21968242,21968232,21968242,11,1,TRUE,1,3,"whole_coding_sequence",TRUE,FALSE
"CNA_event_000013","PAWHMI","HOMDEL",13,"9",21471201,22496500,1025300,1,1,"ENSE00001833804",21974678,21974827,21974678,21974827,150,1,TRUE,1,3,"whole_coding_sequence",TRUE,FALSE
"CNA_event_000013","PAWHMI","HOMDEL",13,"9",21471201,22496500,1025300,2,2,"ENSE00003496053",21970902,21971208,21970902,21971208,307,1,TRUE,1,3,"whole_coding_sequence",TRUE,FALSE
"CNA_event_000013","PAWHMI","HOMDEL",13,"9",21471201,22496500,1025300,3,3,"ENSE00003529527",21968232,21968242,21968232,21968242,11,1,TRUE,1,3,"whole_coding_sequence",TRUE,FALSE
"CNA_event_000014","PAWHHV","HOMDEL",14,"9",21832201,21993800,161600,1,1,"ENSE00001833804",21974678,21974827,21974678,21974827,150,1,TRUE,1,3,"whole_coding_sequence",TRUE,FALSE
"CNA_event_000014","PAWHHV","HOMDEL",14,"9",21832201,21993800,161600,2,2,"ENSE00003496053",21970902,21971208,21970902,21971208,307,1,TRUE,1,3,"whole_coding_sequence",TRUE,FALSE
"CNA_event_000014","PAWHHV","HOMDEL",14,"9",21832201,21993800,161600,3,3,"ENSE00003529527",21968232,21968242,21968232,21968242,11,1,TRUE,1,3,"whole_coding_sequence",TRUE,FALSE
"CNA_event_000015","PAWHEW","HOMDEL",15,"9",21774201,22332800,558600,1,1,"ENSE00001833804",21974678,21974827,21974678,21974827,150,1,TRUE,1,3,"whole_coding_sequence",TRUE,FALSE
"CNA_event_000015","PAWHEW","HOMDEL",15,"9",21774201,22332800,558600,2,2,"ENSE00003496053",21970902,21971208,21970902,21971208,307,1,TRUE,1,3,"whole_coding_sequence",TRUE,FALSE
"CNA_event_000015","PAWHEW","HOMDEL",15,"9",21774201,22332800,558600,3,3,"ENSE00003529527",21968232,21968242,21968232,21968242,11,1,TRUE,1,3,"whole_coding_sequence",TRUE,FALSE
"CNA_event_000016","PAWHDJ","HOMDEL",16,"9",21908001,22032600,124600,1,1,"ENSE00001833804",21974678,21974827,21974678,21974827,150,1,TRUE,1,3,"whole_coding_sequence",TRUE,FALSE
"CNA_event_000016","PAWHDJ","HOMDEL",16,"9",21908001,22032600,124600,2,2,"ENSE00003496053",21970902,21971208,21970902,21971208,307,1,TRUE,1,3,"whole_coding_sequence",TRUE,FALSE
"CNA_event_000016","PAWHDJ","HOMDEL",16,"9",21908001,22032600,124600,3,3,"ENSE00003529527",21968232,21968242,21968232,21968242,11,1,TRUE,1,3,"whole_coding_sequence",TRUE,FALSE
"CNA_event_000017","PAWGXW","HOMDEL",17,"9",20621401,27093000,6471600,1,1,"ENSE00001833804",21974678,21974827,21974678,21974827,150,1,TRUE,1,3,"whole_coding_sequence",TRUE,FALSE
"CNA_event_000017","PAWGXW","HOMDEL",17,"9",20621401,27093000,6471600,2,2,"ENSE00003496053",21970902,21971208,21970902,21971208,307,1,TRUE,1,3,"whole_coding_sequence",TRUE,FALSE
"CNA_event_000017","PAWGXW","HOMDEL",17,"9",20621401,27093000,6471600,3,3,"ENSE00003529527",21968232,21968242,21968232,21968242,11,1,TRUE,1,3,"whole_coding_sequence",TRUE,FALSE
"CNA_event_000018","PAWGRS","HOMDEL",18,"9",21963101,21998300,35200,1,1,"ENSE00001833804",21974678,21974827,21974678,21974827,150,1,TRUE,1,3,"whole_coding_sequence",TRUE,FALSE
"CNA_event_000018","PAWGRS","HOMDEL",18,"9",21963101,21998300,35200,2,2,"ENSE00003496053",21970902,21971208,21970902,21971208,307,1,TRUE,1,3,"whole_coding_sequence",TRUE,FALSE
"CNA_event_000018","PAWGRS","HOMDEL",18,"9",21963101,21998300,35200,3,3,"ENSE00003529527",21968232,21968242,21968232,21968242,11,1,TRUE,1,3,"whole_coding_sequence",TRUE,FALSE
"CNA_event_000019","PAWGHS","HOMDEL",19,"9",21966801,22496500,529700,1,1,"ENSE00001833804",21974678,21974827,21974678,21974827,150,1,TRUE,1,3,"whole_coding_sequence",TRUE,FALSE
"CNA_event_000019","PAWGHS","HOMDEL",19,"9",21966801,22496500,529700,2,2,"ENSE00003496053",21970902,21971208,21970902,21971208,307,1,TRUE,1,3,"whole_coding_sequence",TRUE,FALSE
"CNA_event_000019","PAWGHS","HOMDEL",19,"9",21966801,22496500,529700,3,3,"ENSE00003529527",21968232,21968242,21968232,21968242,11,1,TRUE,1,3,"whole_coding_sequence",TRUE,FALSE
"CNA_event_000020","PAWFYE","HOMDEL",20,"9",21827701,21978400,150700,1,1,"ENSE00001833804",21974678,21974827,21974678,21974827,150,1,TRUE,1,3,"whole_coding_sequence",TRUE,FALSE
"CNA_event_000020","PAWFYE","HOMDEL",20,"9",21827701,21978400,150700,2,2,"ENSE00003496053",21970902,21971208,21970902,21971208,307,1,TRUE,1,3,"whole_coding_sequence",TRUE,FALSE
"CNA_event_000020","PAWFYE","HOMDEL",20,"9",21827701,21978400,150700,3,3,"ENSE00003529527",21968232,21968242,21968232,21968242,11,1,TRUE,1,3,"whole_coding_sequence",TRUE,FALSE
"CNA_event_000021","PAWFRE","HOMDEL",21,"9",21462701,22177100,714400,1,1,"ENSE00001833804",21974678,21974827,21974678,21974827,150,1,TRUE,1,3,"whole_coding_sequence",TRUE,FALSE
"CNA_event_000021","PAWFRE","HOMDEL",21,"9",21462701,22177100,714400,2,2,"ENSE00003496053",21970902,21971208,21970902,21971208,307,1,TRUE,1,3,"whole_coding_sequence",TRUE,FALSE
"CNA_event_000021","PAWFRE","HOMDEL",21,"9",21462701,22177100,714400,3,3,"ENSE00003529527",21968232,21968242,21968232,21968242,11,1,TRUE,1,3,"whole_coding_sequence",TRUE,FALSE
"CNA_event_000022","PAWFIM","HOMDEL",22,"9",21545701,22496400,950700,1,1,"ENSE00001833804",21974678,21974827,21974678,21974827,150,1,TRUE,1,3,"whole_coding_sequence",TRUE,FALSE
"CNA_event_000022","PAWFIM","HOMDEL",22,"9",21545701,22496400,950700,2,2,"ENSE00003496053",21970902,21971208,21970902,21971208,307,1,TRUE,1,3,"whole_coding_sequence",TRUE,FALSE
"CNA_event_000022","PAWFIM","HOMDEL",22,"9",21545701,22496400,950700,3,3,"ENSE00003529527",21968232,21968242,21968232,21968242,11,1,TRUE,1,3,"whole_coding_sequence",TRUE,FALSE
"CNA_event_000023","PAWAMR","HOMDEL",23,"9",21755801,22496500,740700,1,1,"ENSE00001833804",21974678,21974827,21974678,21974827,150,1,TRUE,1,3,"whole_coding_sequence",TRUE,FALSE
"CNA_event_000023","PAWAMR","HOMDEL",23,"9",21755801,22496500,740700,2,2,"ENSE00003496053",21970902,21971208,21970902,21971208,307,1,TRUE,1,3,"whole_coding_sequence",TRUE,FALSE
"CNA_event_000023","PAWAMR","HOMDEL",23,"9",21755801,22496500,740700,3,3,"ENSE00003529527",21968232,21968242,21968232,21968242,11,1,TRUE,1,3,"whole_coding_sequence",TRUE,FALSE
"CNA_event_000024","PAWAIH","HOMDEL",24,"9",21949001,22554600,605600,1,1,"ENSE00001833804",21974678,21974827,21974678,21974827,150,1,TRUE,1,3,"whole_coding_sequence",TRUE,FALSE
"CNA_event_000024","PAWAIH","HOMDEL",24,"9",21949001,22554600,605600,2,2,"ENSE00003496053",21970902,21971208,21970902,21971208,307,1,TRUE,1,3,"whole_coding_sequence",TRUE,FALSE
"CNA_event_000024","PAWAIH","HOMDEL",24,"9",21949001,22554600,605600,3,3,"ENSE00003529527",21968232,21968242,21968232,21968242,11,1,TRUE,1,3,"whole_coding_sequence",TRUE,FALSE
"CNA_event_000025","PAVZLS","HOMDEL",25,"9",21616201,22496500,880300,1,1,"ENSE00001833804",21974678,21974827,21974678,21974827,150,1,TRUE,1,3,"whole_coding_sequence",TRUE,FALSE
"CNA_event_000025","PAVZLS","HOMDEL",25,"9",21616201,22496500,880300,2,2,"ENSE00003496053",21970902,21971208,21970902,21971208,307,1,TRUE,1,3,"whole_coding_sequence",TRUE,FALSE
"CNA_event_000025","PAVZLS","HOMDEL",25,"9",21616201,22496500,880300,3,3,"ENSE00003529527",21968232,21968242,21968232,21968242,11,1,TRUE,1,3,"whole_coding_sequence",TRUE,FALSE
"CNA_event_000026","PAVZJI","HOMDEL",26,"9",20707501,22496500,1789000,1,1,"ENSE00001833804",21974678,21974827,21974678,21974827,150,1,TRUE,1,3,"whole_coding_sequence",TRUE,FALSE
"CNA_event_000026","PAVZJI","HOMDEL",26,"9",20707501,22496500,1789000,2,2,"ENSE00003496053",21970902,21971208,21970902,21971208,307,1,TRUE,1,3,"whole_coding_sequence",TRUE,FALSE
"CNA_event_000026","PAVZJI","HOMDEL",26,"9",20707501,22496500,1789000,3,3,"ENSE00003529527",21968232,21968242,21968232,21968242,11,1,TRUE,1,3,"whole_coding_sequence",TRUE,FALSE
"CNA_event_000027","PAVZAV","HOMDEL",27,"9",21750001,22007800,257800,1,1,"ENSE00001833804",21974678,21974827,21974678,21974827,150,1,TRUE,1,3,"whole_coding_sequence",TRUE,FALSE
"CNA_event_000027","PAVZAV","HOMDEL",27,"9",21750001,22007800,257800,2,2,"ENSE00003496053",21970902,21971208,21970902,21971208,307,1,TRUE,1,3,"whole_coding_sequence",TRUE,FALSE
"CNA_event_000027","PAVZAV","HOMDEL",27,"9",21750001,22007800,257800,3,3,"ENSE00003529527",21968232,21968242,21968232,21968242,11,1,TRUE,1,3,"whole_coding_sequence",TRUE,FALSE
"CNA_event_000028","PAVXIP","HOMDEL",28,"9",21639901,22307800,667900,1,1,"ENSE00001833804",21974678,21974827,21974678,21974827,150,1,TRUE,1,3,"whole_coding_sequence",TRUE,FALSE
"CNA_event_000028","PAVXIP","HOMDEL",28,"9",21639901,22307800,667900,2,2,"ENSE00003496053",21970902,21971208,21970902,21971208,307,1,TRUE,1,3,"whole_coding_sequence",TRUE,FALSE
"CNA_event_000028","PAVXIP","HOMDEL",28,"9",21639901,22307800,667900,3,3,"ENSE00003529527",21968232,21968242,21968232,21968242,11,1,TRUE,1,3,"whole_coding_sequence",TRUE,FALSE
"CNA_event_000029","PAVXHH","HOMDEL",29,"9",21937701,21987100,49400,1,1,"ENSE00001833804",21974678,21974827,21974678,21974827,150,1,TRUE,1,3,"whole_coding_sequence",TRUE,FALSE
"CNA_event_000029","PAVXHH","HOMDEL",29,"9",21937701,21987100,49400,2,2,"ENSE00003496053",21970902,21971208,21970902,21971208,307,1,TRUE,1,3,"whole_coding_sequence",TRUE,FALSE
"CNA_event_000029","PAVXHH","HOMDEL",29,"9",21937701,21987100,49400,3,3,"ENSE00003529527",21968232,21968242,21968232,21968242,11,1,TRUE,1,3,"whole_coding_sequence",TRUE,FALSE
"CNA_event_000030","PAVWMM","HOMDEL",30,"9",21093601,22671200,1577600,1,1,"ENSE00001833804",21974678,21974827,21974678,21974827,150,1,TRUE,1,3,"whole_coding_sequence",TRUE,FALSE
"CNA_event_000030","PAVWMM","HOMDEL",30,"9",21093601,22671200,1577600,2,2,"ENSE00003496053",21970902,21971208,21970902,21971208,307,1,TRUE,1,3,"whole_coding_sequence",TRUE,FALSE
"CNA_event_000030","PAVWMM","HOMDEL",30,"9",21093601,22671200,1577600,3,3,"ENSE00003529527",21968232,21968242,21968232,21968242,11,1,TRUE,1,3,"whole_coding_sequence",TRUE,FALSE
"CNA_event_000031","PAVVVK","HOMDEL",31,"9",21891701,22074500,182800,1,1,"ENSE00001833804",21974678,21974827,21974678,21974827,150,1,TRUE,1,3,"whole_coding_sequence",TRUE,FALSE
"CNA_event_000031","PAVVVK","HOMDEL",31,"9",21891701,22074500,182800,2,2,"ENSE00003496053",21970902,21971208,21970902,21971208,307,1,TRUE,1,3,"whole_coding_sequence",TRUE,FALSE
"CNA_event_000031","PAVVVK","HOMDEL",31,"9",21891701,22074500,182800,3,3,"ENSE00003529527",21968232,21968242,21968232,21968242,11,1,TRUE,1,3,"whole_coding_sequence",TRUE,FALSE
"CNA_event_000032","PAVVEI","HOMDEL",32,"9",21186601,22199000,1012400,1,1,"ENSE00001833804",21974678,21974827,21974678,21974827,150,1,TRUE,1,3,"whole_coding_sequence",TRUE,FALSE
"CNA_event_000032","PAVVEI","HOMDEL",32,"9",21186601,22199000,1012400,2,2,"ENSE00003496053",21970902,21971208,21970902,21971208,307,1,TRUE,1,3,"whole_coding_sequence",TRUE,FALSE
"CNA_event_000032","PAVVEI","HOMDEL",32,"9",21186601,22199000,1012400,3,3,"ENSE00003529527",21968232,21968242,21968232,21968242,11,1,TRUE,1,3,"whole_coding_sequence",TRUE,FALSE
"CNA_event_000033","PAVUUF","HOMDEL",33,"9",21411901,24181000,2769100,1,1,"ENSE00001833804",21974678,21974827,21974678,21974827,150,1,TRUE,1,3,"whole_coding_sequence",TRUE,FALSE
"CNA_event_000033","PAVUUF","HOMDEL",33,"9",21411901,24181000,2769100,2,2,"ENSE00003496053",21970902,21971208,21970902,21971208,307,1,TRUE,1,3,"whole_coding_sequence",TRUE,FALSE
"CNA_event_000033","PAVUUF","HOMDEL",33,"9",21411901,24181000,2769100,3,3,"ENSE00003529527",21968232,21968242,21968232,21968242,11,1,TRUE,1,3,"whole_coding_sequence",TRUE,FALSE
"CNA_event_000034","PAVUFU","HOMDEL",34,"9",21389501,22432400,1042900,1,1,"ENSE00001833804",21974678,21974827,21974678,21974827,150,1,TRUE,1,3,"whole_coding_sequence",TRUE,FALSE
"CNA_event_000034","PAVUFU","HOMDEL",34,"9",21389501,22432400,1042900,2,2,"ENSE00003496053",21970902,21971208,21970902,21971208,307,1,TRUE,1,3,"whole_coding_sequence",TRUE,FALSE
"CNA_event_000034","PAVUFU","HOMDEL",34,"9",21389501,22432400,1042900,3,3,"ENSE00003529527",21968232,21968242,21968232,21968242,11,1,TRUE,1,3,"whole_coding_sequence",TRUE,FALSE
"CNA_event_000035","PAVSZJ","HOMDEL",35,"9",21973601,22003200,29600,1,1,"ENSE00001833804",21974678,21974827,21974678,21974827,150,1,TRUE,0.320512820512821,1,"high_resolution_le_50pct",TRUE,TRUE
"CNA_event_000036","PAVSXU","HOMDEL",36,"9",21895601,22006900,111300,1,1,"ENSE00001833804",21974678,21974827,21974678,21974827,150,1,TRUE,1,3,"whole_coding_sequence",TRUE,FALSE
"CNA_event_000036","PAVSXU","HOMDEL",36,"9",21895601,22006900,111300,2,2,"ENSE00003496053",21970902,21971208,21970902,21971208,307,1,TRUE,1,3,"whole_coding_sequence",TRUE,FALSE
"CNA_event_000036","PAVSXU","HOMDEL",36,"9",21895601,22006900,111300,3,3,"ENSE00003529527",21968232,21968242,21968232,21968242,11,1,TRUE,1,3,"whole_coding_sequence",TRUE,FALSE
"CNA_event_000037","PAVSMR","HOMDEL",37,"9",21727801,22499900,772100,1,1,"ENSE00001833804",21974678,21974827,21974678,21974827,150,1,TRUE,1,3,"whole_coding_sequence",TRUE,FALSE
"CNA_event_000037","PAVSMR","HOMDEL",37,"9",21727801,22499900,772100,2,2,"ENSE00003496053",21970902,21971208,21970902,21971208,307,1,TRUE,1,3,"whole_coding_sequence",TRUE,FALSE
"CNA_event_000037","PAVSMR","HOMDEL",37,"9",21727801,22499900,772100,3,3,"ENSE00003529527",21968232,21968242,21968232,21968242,11,1,TRUE,1,3,"whole_coding_sequence",TRUE,FALSE
"CNA_event_000038","PAVSHE","HOMDEL",38,"9",21883301,22274300,391000,1,1,"ENSE00001833804",21974678,21974827,21974678,21974827,150,1,TRUE,1,3,"whole_coding_sequence",TRUE,FALSE
"CNA_event_000038","PAVSHE","HOMDEL",38,"9",21883301,22274300,391000,2,2,"ENSE00003496053",21970902,21971208,21970902,21971208,307,1,TRUE,1,3,"whole_coding_sequence",TRUE,FALSE
"CNA_event_000038","PAVSHE","HOMDEL",38,"9",21883301,22274300,391000,3,3,"ENSE00003529527",21968232,21968242,21968232,21968242,11,1,TRUE,1,3,"whole_coding_sequence",TRUE,FALSE
"CNA_event_000039","PAVPYX","HOMDEL",39,"9",21899401,22238500,339100,1,1,"ENSE00001833804",21974678,21974827,21974678,21974827,150,1,TRUE,1,3,"whole_coding_sequence",TRUE,FALSE
"CNA_event_000039","PAVPYX","HOMDEL",39,"9",21899401,22238500,339100,2,2,"ENSE00003496053",21970902,21971208,21970902,21971208,307,1,TRUE,1,3,"whole_coding_sequence",TRUE,FALSE
"CNA_event_000039","PAVPYX","HOMDEL",39,"9",21899401,22238500,339100,3,3,"ENSE00003529527",21968232,21968242,21968232,21968242,11,1,TRUE,1,3,"whole_coding_sequence",TRUE,FALSE
"CNA_event_000040","PAVPLN","HOMDEL",40,"9",21891901,22293300,401400,1,1,"ENSE00001833804",21974678,21974827,21974678,21974827,150,1,TRUE,1,3,"whole_coding_sequence",TRUE,FALSE
"CNA_event_000040","PAVPLN","HOMDEL",40,"9",21891901,22293300,401400,2,2,"ENSE00003496053",21970902,21971208,21970902,21971208,307,1,TRUE,1,3,"whole_coding_sequence",TRUE,FALSE
"CNA_event_000040","PAVPLN","HOMDEL",40,"9",21891901,22293300,401400,3,3,"ENSE00003529527",21968232,21968242,21968232,21968242,11,1,TRUE,1,3,"whole_coding_sequence",TRUE,FALSE
"CNA_event_000041","PAVNWE","HOMDEL",41,"9",21048201,22168100,1119900,1,1,"ENSE00001833804",21974678,21974827,21974678,21974827,150,1,TRUE,1,3,"whole_coding_sequence",TRUE,FALSE
"CNA_event_000041","PAVNWE","HOMDEL",41,"9",21048201,22168100,1119900,2,2,"ENSE00003496053",21970902,21971208,21970902,21971208,307,1,TRUE,1,3,"whole_coding_sequence",TRUE,FALSE
"CNA_event_000041","PAVNWE","HOMDEL",41,"9",21048201,22168100,1119900,3,3,"ENSE00003529527",21968232,21968242,21968232,21968242,11,1,TRUE,1,3,"whole_coding_sequence",TRUE,FALSE
"CNA_event_000042","PAVNUC","HOMDEL",42,"9",21324401,23223500,1899100,1,1,"ENSE00001833804",21974678,21974827,21974678,21974827,150,1,TRUE,1,3,"whole_coding_sequence",TRUE,FALSE
"CNA_event_000042","PAVNUC","HOMDEL",42,"9",21324401,23223500,1899100,2,2,"ENSE00003496053",21970902,21971208,21970902,21971208,307,1,TRUE,1,3,"whole_coding_sequence",TRUE,FALSE
"CNA_event_000042","PAVNUC","HOMDEL",42,"9",21324401,23223500,1899100,3,3,"ENSE00003529527",21968232,21968242,21968232,21968242,11,1,TRUE,1,3,"whole_coding_sequence",TRUE,FALSE
"CNA_event_000043","PAVMNW","HOMDEL",43,"9",21377801,22392500,1014700,1,1,"ENSE00001833804",21974678,21974827,21974678,21974827,150,1,TRUE,1,3,"whole_coding_sequence",TRUE,FALSE
"CNA_event_000043","PAVMNW","HOMDEL",43,"9",21377801,22392500,1014700,2,2,"ENSE00003496053",21970902,21971208,21970902,21971208,307,1,TRUE,1,3,"whole_coding_sequence",TRUE,FALSE
"CNA_event_000043","PAVMNW","HOMDEL",43,"9",21377801,22392500,1014700,3,3,"ENSE00003529527",21968232,21968242,21968232,21968242,11,1,TRUE,1,3,"whole_coding_sequence",TRUE,FALSE
"CNA_event_000044","PAVKVL","HOMDEL",44,"9",21514001,22665600,1151600,1,1,"ENSE00001833804",21974678,21974827,21974678,21974827,150,1,TRUE,1,3,"whole_coding_sequence",TRUE,FALSE
"CNA_event_000044","PAVKVL","HOMDEL",44,"9",21514001,22665600,1151600,2,2,"ENSE00003496053",21970902,21971208,21970902,21971208,307,1,TRUE,1,3,"whole_coding_sequence",TRUE,FALSE
"CNA_event_000044","PAVKVL","HOMDEL",44,"9",21514001,22665600,1151600,3,3,"ENSE00003529527",21968232,21968242,21968232,21968242,11,1,TRUE,1,3,"whole_coding_sequence",TRUE,FALSE
"CNA_event_000045","PAVJNX","HOMDEL",45,"9",21427501,22496600,1069100,1,1,"ENSE00001833804",21974678,21974827,21974678,21974827,150,1,TRUE,1,3,"whole_coding_sequence",TRUE,FALSE
"CNA_event_000045","PAVJNX","HOMDEL",45,"9",21427501,22496600,1069100,2,2,"ENSE00003496053",21970902,21971208,21970902,21971208,307,1,TRUE,1,3,"whole_coding_sequence",TRUE,FALSE
"CNA_event_000045","PAVJNX","HOMDEL",45,"9",21427501,22496600,1069100,3,3,"ENSE00003529527",21968232,21968242,21968232,21968242,11,1,TRUE,1,3,"whole_coding_sequence",TRUE,FALSE
"CNA_event_000046","PAVJLJ","HOMDEL",46,"9",21726301,22056000,329700,1,1,"ENSE00001833804",21974678,21974827,21974678,21974827,150,1,TRUE,1,3,"whole_coding_sequence",TRUE,FALSE
"CNA_event_000046","PAVJLJ","HOMDEL",46,"9",21726301,22056000,329700,2,2,"ENSE00003496053",21970902,21971208,21970902,21971208,307,1,TRUE,1,3,"whole_coding_sequence",TRUE,FALSE
"CNA_event_000046","PAVJLJ","HOMDEL",46,"9",21726301,22056000,329700,3,3,"ENSE00003529527",21968232,21968242,21968232,21968242,11,1,TRUE,1,3,"whole_coding_sequence",TRUE,FALSE
"CNA_event_000047","PAVFYD","HOMDEL",47,"9",21753401,22055400,302000,1,1,"ENSE00001833804",21974678,21974827,21974678,21974827,150,1,TRUE,1,3,"whole_coding_sequence",TRUE,FALSE
"CNA_event_000047","PAVFYD","HOMDEL",47,"9",21753401,22055400,302000,2,2,"ENSE00003496053",21970902,21971208,21970902,21971208,307,1,TRUE,1,3,"whole_coding_sequence",TRUE,FALSE
"CNA_event_000047","PAVFYD","HOMDEL",47,"9",21753401,22055400,302000,3,3,"ENSE00003529527",21968232,21968242,21968232,21968242,11,1,TRUE,1,3,"whole_coding_sequence",TRUE,FALSE
"CNA_event_000048","PAVFRT","HOMDEL",48,"9",21876401,22519900,643500,1,1,"ENSE00001833804",21974678,21974827,21974678,21974827,150,1,TRUE,1,3,"whole_coding_sequence",TRUE,FALSE
"CNA_event_000048","PAVFRT","HOMDEL",48,"9",21876401,22519900,643500,2,2,"ENSE00003496053",21970902,21971208,21970902,21971208,307,1,TRUE,1,3,"whole_coding_sequence",TRUE,FALSE
"CNA_event_000048","PAVFRT","HOMDEL",48,"9",21876401,22519900,643500,3,3,"ENSE00003529527",21968232,21968242,21968232,21968242,11,1,TRUE,1,3,"whole_coding_sequence",TRUE,FALSE
"CNA_event_000049","PAVFIU","HOMDEL",49,"9",21923701,22723200,799500,1,1,"ENSE00001833804",21974678,21974827,21974678,21974827,150,1,TRUE,1,3,"whole_coding_sequence",TRUE,FALSE
"CNA_event_000049","PAVFIU","HOMDEL",49,"9",21923701,22723200,799500,2,2,"ENSE00003496053",21970902,21971208,21970902,21971208,307,1,TRUE,1,3,"whole_coding_sequence",TRUE,FALSE
"CNA_event_000049","PAVFIU","HOMDEL",49,"9",21923701,22723200,799500,3,3,"ENSE00003529527",21968232,21968242,21968232,21968242,11,1,TRUE,1,3,"whole_coding_sequence",TRUE,FALSE
"CNA_event_000050","PAVFBV","HOMDEL",50,"9",21389901,22398900,1009000,1,1,"ENSE00001833804",21974678,21974827,21974678,21974827,150,1,TRUE,1,3,"whole_coding_sequence",TRUE,FALSE
"CNA_event_000050","PAVFBV","HOMDEL",50,"9",21389901,22398900,1009000,2,2,"ENSE00003496053",21970902,21971208,21970902,21971208,307,1,TRUE,1,3,"whole_coding_sequence",TRUE,FALSE
"CNA_event_000050","PAVFBV","HOMDEL",50,"9",21389901,22398900,1009000,3,3,"ENSE00003529527",21968232,21968242,21968232,21968242,11,1,TRUE,1,3,"whole_coding_sequence",TRUE,FALSE
"CNA_event_000051","PAVFAK","HOMDEL",51,"9",21003701,22496200,1492500,1,1,"ENSE00001833804",21974678,21974827,21974678,21974827,150,1,TRUE,1,3,"whole_coding_sequence",TRUE,FALSE
"CNA_event_000051","PAVFAK","HOMDEL",51,"9",21003701,22496200,1492500,2,2,"ENSE00003496053",21970902,21971208,21970902,21971208,307,1,TRUE,1,3,"whole_coding_sequence",TRUE,FALSE
"CNA_event_000051","PAVFAK","HOMDEL",51,"9",21003701,22496200,1492500,3,3,"ENSE00003529527",21968232,21968242,21968232,21968242,11,1,TRUE,1,3,"whole_coding_sequence",TRUE,FALSE
"CNA_event_000052","PAVDMR","HOMDEL",52,"9",20861901,22565900,1704000,1,1,"ENSE00001833804",21974678,21974827,21974678,21974827,150,1,TRUE,1,3,"whole_coding_sequence",TRUE,FALSE
"CNA_event_000052","PAVDMR","HOMDEL",52,"9",20861901,22565900,1704000,2,2,"ENSE00003496053",21970902,21971208,21970902,21971208,307,1,TRUE,1,3,"whole_coding_sequence",TRUE,FALSE
"CNA_event_000052","PAVDMR","HOMDEL",52,"9",20861901,22565900,1704000,3,3,"ENSE00003529527",21968232,21968242,21968232,21968242,11,1,TRUE,1,3,"whole_coding_sequence",TRUE,FALSE
"CNA_event_000053","PAVDFB","HOMDEL",53,"9",21956601,22318300,361700,1,1,"ENSE00001833804",21974678,21974827,21974678,21974827,150,1,TRUE,1,3,"whole_coding_sequence",TRUE,FALSE
"CNA_event_000053","PAVDFB","HOMDEL",53,"9",21956601,22318300,361700,2,2,"ENSE00003496053",21970902,21971208,21970902,21971208,307,1,TRUE,1,3,"whole_coding_sequence",TRUE,FALSE
"CNA_event_000053","PAVDFB","HOMDEL",53,"9",21956601,22318300,361700,3,3,"ENSE00003529527",21968232,21968242,21968232,21968242,11,1,TRUE,1,3,"whole_coding_sequence",TRUE,FALSE
"CNA_event_000054","PAVCPX","HOMDEL",54,"9",21667901,22054700,386800,1,1,"ENSE00001833804",21974678,21974827,21974678,21974827,150,1,TRUE,1,3,"whole_coding_sequence",TRUE,FALSE
"CNA_event_000054","PAVCPX","HOMDEL",54,"9",21667901,22054700,386800,2,2,"ENSE00003496053",21970902,21971208,21970902,21971208,307,1,TRUE,1,3,"whole_coding_sequence",TRUE,FALSE
"CNA_event_000054","PAVCPX","HOMDEL",54,"9",21667901,22054700,386800,3,3,"ENSE00003529527",21968232,21968242,21968232,21968242,11,1,TRUE,1,3,"whole_coding_sequence",TRUE,FALSE
"CNA_event_000055","PAVCLF","HOMDEL",55,"9",21875401,22183600,308200,1,1,"ENSE00001833804",21974678,21974827,21974678,21974827,150,1,TRUE,1,3,"whole_coding_sequence",TRUE,FALSE
"CNA_event_000055","PAVCLF","HOMDEL",55,"9",21875401,22183600,308200,2,2,"ENSE00003496053",21970902,21971208,21970902,21971208,307,1,TRUE,1,3,"whole_coding_sequence",TRUE,FALSE
"CNA_event_000055","PAVCLF","HOMDEL",55,"9",21875401,22183600,308200,3,3,"ENSE00003529527",21968232,21968242,21968232,21968242,11,1,TRUE,1,3,"whole_coding_sequence",TRUE,FALSE
"CNA_event_000056","PAVCDF","HOMDEL",56,"9",21704201,22651700,947500,1,1,"ENSE00001833804",21974678,21974827,21974678,21974827,150,1,TRUE,1,3,"whole_coding_sequence",TRUE,FALSE
"CNA_event_000056","PAVCDF","HOMDEL",56,"9",21704201,22651700,947500,2,2,"ENSE00003496053",21970902,21971208,21970902,21971208,307,1,TRUE,1,3,"whole_coding_sequence",TRUE,FALSE
"CNA_event_000056","PAVCDF","HOMDEL",56,"9",21704201,22651700,947500,3,3,"ENSE00003529527",21968232,21968242,21968232,21968242,11,1,TRUE,1,3,"whole_coding_sequence",TRUE,FALSE
"CNA_event_000057","PAVCDB","HOMDEL",57,"9",21892901,22262500,369600,1,1,"ENSE00001833804",21974678,21974827,21974678,21974827,150,1,TRUE,1,3,"whole_coding_sequence",TRUE,FALSE
"CNA_event_000057","PAVCDB","HOMDEL",57,"9",21892901,22262500,369600,2,2,"ENSE00003496053",21970902,21971208,21970902,21971208,307,1,TRUE,1,3,"whole_coding_sequence",TRUE,FALSE
"CNA_event_000057","PAVCDB","HOMDEL",57,"9",21892901,22262500,369600,3,3,"ENSE00003529527",21968232,21968242,21968232,21968242,11,1,TRUE,1,3,"whole_coding_sequence",TRUE,FALSE
"CNA_event_000058","PAVBPR","HOMDEL",58,"9",21766701,22002400,235700,1,1,"ENSE00001833804",21974678,21974827,21974678,21974827,150,1,TRUE,1,3,"whole_coding_sequence",TRUE,FALSE
"CNA_event_000058","PAVBPR","HOMDEL",58,"9",21766701,22002400,235700,2,2,"ENSE00003496053",21970902,21971208,21970902,21971208,307,1,TRUE,1,3,"whole_coding_sequence",TRUE,FALSE
"CNA_event_000058","PAVBPR","HOMDEL",58,"9",21766701,22002400,235700,3,3,"ENSE00003529527",21968232,21968242,21968232,21968242,11,1,TRUE,1,3,"whole_coding_sequence",TRUE,FALSE
"CNA_event_000059","PAVBKZ","HOMDEL",59,"9",21948001,22347700,399700,1,1,"ENSE00001833804",21974678,21974827,21974678,21974827,150,1,TRUE,1,3,"whole_coding_sequence",TRUE,FALSE
"CNA_event_000059","PAVBKZ","HOMDEL",59,"9",21948001,22347700,399700,2,2,"ENSE00003496053",21970902,21971208,21970902,21971208,307,1,TRUE,1,3,"whole_coding_sequence",TRUE,FALSE
"CNA_event_000059","PAVBKZ","HOMDEL",59,"9",21948001,22347700,399700,3,3,"ENSE00003529527",21968232,21968242,21968232,21968242,11,1,TRUE,1,3,"whole_coding_sequence",TRUE,FALSE
"CNA_event_000060","PAVBEJ","HOMDEL",60,"9",21534501,22009700,475200,1,1,"ENSE00001833804",21974678,21974827,21974678,21974827,150,1,TRUE,1,3,"whole_coding_sequence",TRUE,FALSE
"CNA_event_000060","PAVBEJ","HOMDEL",60,"9",21534501,22009700,475200,2,2,"ENSE00003496053",21970902,21971208,21970902,21971208,307,1,TRUE,1,3,"whole_coding_sequence",TRUE,FALSE
"CNA_event_000060","PAVBEJ","HOMDEL",60,"9",21534501,22009700,475200,3,3,"ENSE00003529527",21968232,21968242,21968232,21968242,11,1,TRUE,1,3,"whole_coding_sequence",TRUE,FALSE
"CNA_event_000061","PAVAAC","HOMDEL",61,"9",21107501,22019800,912300,1,1,"ENSE00001833804",21974678,21974827,21974678,21974827,150,1,TRUE,1,3,"whole_coding_sequence",TRUE,FALSE
"CNA_event_000061","PAVAAC","HOMDEL",61,"9",21107501,22019800,912300,2,2,"ENSE00003496053",21970902,21971208,21970902,21971208,307,1,TRUE,1,3,"whole_coding_sequence",TRUE,FALSE
"CNA_event_000061","PAVAAC","HOMDEL",61,"9",21107501,22019800,912300,3,3,"ENSE00003529527",21968232,21968242,21968232,21968242,11,1,TRUE,1,3,"whole_coding_sequence",TRUE,FALSE
"CNA_event_000062","PAUYWL","HOMDEL",62,"9",21280001,22189300,909300,1,1,"ENSE00001833804",21974678,21974827,21974678,21974827,150,1,TRUE,1,3,"whole_coding_sequence",TRUE,FALSE
"CNA_event_000062","PAUYWL","HOMDEL",62,"9",21280001,22189300,909300,2,2,"ENSE00003496053",21970902,21971208,21970902,21971208,307,1,TRUE,1,3,"whole_coding_sequence",TRUE,FALSE
"CNA_event_000062","PAUYWL","HOMDEL",62,"9",21280001,22189300,909300,3,3,"ENSE00003529527",21968232,21968242,21968232,21968242,11,1,TRUE,1,3,"whole_coding_sequence",TRUE,FALSE
"CNA_event_000063","PAUWNU","HOMDEL",63,"9",21372801,22496700,1123900,1,1,"ENSE00001833804",21974678,21974827,21974678,21974827,150,1,TRUE,1,3,"whole_coding_sequence",TRUE,FALSE
"CNA_event_000063","PAUWNU","HOMDEL",63,"9",21372801,22496700,1123900,2,2,"ENSE00003496053",21970902,21971208,21970902,21971208,307,1,TRUE,1,3,"whole_coding_sequence",TRUE,FALSE
"CNA_event_000063","PAUWNU","HOMDEL",63,"9",21372801,22496700,1123900,3,3,"ENSE00003529527",21968232,21968242,21968232,21968242,11,1,TRUE,1,3,"whole_coding_sequence",TRUE,FALSE
"CNA_event_000064","PAUVLV","HOMDEL",64,"9",21846201,22131800,285600,1,1,"ENSE00001833804",21974678,21974827,21974678,21974827,150,1,TRUE,1,3,"whole_coding_sequence",TRUE,FALSE
"CNA_event_000064","PAUVLV","HOMDEL",64,"9",21846201,22131800,285600,2,2,"ENSE00003496053",21970902,21971208,21970902,21971208,307,1,TRUE,1,3,"whole_coding_sequence",TRUE,FALSE
"CNA_event_000064","PAUVLV","HOMDEL",64,"9",21846201,22131800,285600,3,3,"ENSE00003529527",21968232,21968242,21968232,21968242,11,1,TRUE,1,3,"whole_coding_sequence",TRUE,FALSE
"CNA_event_000065","PAUTSB","HOMDEL",65,"9",21651801,22149200,497400,1,1,"ENSE00001833804",21974678,21974827,21974678,21974827,150,1,TRUE,1,3,"whole_coding_sequence",TRUE,FALSE
"CNA_event_000065","PAUTSB","HOMDEL",65,"9",21651801,22149200,497400,2,2,"ENSE00003496053",21970902,21971208,21970902,21971208,307,1,TRUE,1,3,"whole_coding_sequence",TRUE,FALSE
"CNA_event_000065","PAUTSB","HOMDEL",65,"9",21651801,22149200,497400,3,3,"ENSE00003529527",21968232,21968242,21968232,21968242,11,1,TRUE,1,3,"whole_coding_sequence",TRUE,FALSE
"CNA_event_000066","PAUTBM","HOMDEL",66,"9",21792001,23053900,1261900,1,1,"ENSE00001833804",21974678,21974827,21974678,21974827,150,1,TRUE,1,3,"whole_coding_sequence",TRUE,FALSE
"CNA_event_000066","PAUTBM","HOMDEL",66,"9",21792001,23053900,1261900,2,2,"ENSE00003496053",21970902,21971208,21970902,21971208,307,1,TRUE,1,3,"whole_coding_sequence",TRUE,FALSE
"CNA_event_000066","PAUTBM","HOMDEL",66,"9",21792001,23053900,1261900,3,3,"ENSE00003529527",21968232,21968242,21968232,21968242,11,1,TRUE,1,3,"whole_coding_sequence",TRUE,FALSE
"CNA_event_000068","PAUPKL","HOMDEL",68,"9",21919901,22106100,186200,1,1,"ENSE00001833804",21974678,21974827,21974678,21974827,150,1,TRUE,1,3,"whole_coding_sequence",TRUE,FALSE
"CNA_event_000068","PAUPKL","HOMDEL",68,"9",21919901,22106100,186200,2,2,"ENSE00003496053",21970902,21971208,21970902,21971208,307,1,TRUE,1,3,"whole_coding_sequence",TRUE,FALSE
"CNA_event_000068","PAUPKL","HOMDEL",68,"9",21919901,22106100,186200,3,3,"ENSE00003529527",21968232,21968242,21968232,21968242,11,1,TRUE,1,3,"whole_coding_sequence",TRUE,FALSE
"CNA_event_000069","PAUPJB","HOMDEL",69,"9",21346101,22193000,846900,1,1,"ENSE00001833804",21974678,21974827,21974678,21974827,150,1,TRUE,1,3,"whole_coding_sequence",TRUE,FALSE
"CNA_event_000069","PAUPJB","HOMDEL",69,"9",21346101,22193000,846900,2,2,"ENSE00003496053",21970902,21971208,21970902,21971208,307,1,TRUE,1,3,"whole_coding_sequence",TRUE,FALSE
"CNA_event_000069","PAUPJB","HOMDEL",69,"9",21346101,22193000,846900,3,3,"ENSE00003529527",21968232,21968242,21968232,21968242,11,1,TRUE,1,3,"whole_coding_sequence",TRUE,FALSE
"CNA_event_000070","PAUMDM","HOMDEL",70,"9",21914501,21987000,72500,1,1,"ENSE00001833804",21974678,21974827,21974678,21974827,150,1,TRUE,1,3,"whole_coding_sequence",TRUE,FALSE
"CNA_event_000070","PAUMDM","HOMDEL",70,"9",21914501,21987000,72500,2,2,"ENSE00003496053",21970902,21971208,21970902,21971208,307,1,TRUE,1,3,"whole_coding_sequence",TRUE,FALSE
"CNA_event_000070","PAUMDM","HOMDEL",70,"9",21914501,21987000,72500,3,3,"ENSE00003529527",21968232,21968242,21968232,21968242,11,1,TRUE,1,3,"whole_coding_sequence",TRUE,FALSE
"CNA_event_000071","PAUKIZ","HOMDEL",71,"9",21121401,23452000,2330600,1,1,"ENSE00001833804",21974678,21974827,21974678,21974827,150,1,TRUE,1,3,"whole_coding_sequence",TRUE,FALSE
"CNA_event_000071","PAUKIZ","HOMDEL",71,"9",21121401,23452000,2330600,2,2,"ENSE00003496053",21970902,21971208,21970902,21971208,307,1,TRUE,1,3,"whole_coding_sequence",TRUE,FALSE
"CNA_event_000071","PAUKIZ","HOMDEL",71,"9",21121401,23452000,2330600,3,3,"ENSE00003529527",21968232,21968242,21968232,21968242,11,1,TRUE,1,3,"whole_coding_sequence",TRUE,FALSE
"CNA_event_000072","PAUJVJ","HOMDEL",72,"9",21782501,22332200,549700,1,1,"ENSE00001833804",21974678,21974827,21974678,21974827,150,1,TRUE,1,3,"whole_coding_sequence",TRUE,FALSE
"CNA_event_000072","PAUJVJ","HOMDEL",72,"9",21782501,22332200,549700,2,2,"ENSE00003496053",21970902,21971208,21970902,21971208,307,1,TRUE,1,3,"whole_coding_sequence",TRUE,FALSE
"CNA_event_000072","PAUJVJ","HOMDEL",72,"9",21782501,22332200,549700,3,3,"ENSE00003529527",21968232,21968242,21968232,21968242,11,1,TRUE,1,3,"whole_coding_sequence",TRUE,FALSE
"CNA_event_000074","PAUJDD","HOMDEL",74,"9",21628001,22149300,521300,1,1,"ENSE00001833804",21974678,21974827,21974678,21974827,150,1,TRUE,1,3,"whole_coding_sequence",TRUE,FALSE
"CNA_event_000074","PAUJDD","HOMDEL",74,"9",21628001,22149300,521300,2,2,"ENSE00003496053",21970902,21971208,21970902,21971208,307,1,TRUE,1,3,"whole_coding_sequence",TRUE,FALSE
"CNA_event_000074","PAUJDD","HOMDEL",74,"9",21628001,22149300,521300,3,3,"ENSE00003529527",21968232,21968242,21968232,21968242,11,1,TRUE,1,3,"whole_coding_sequence",TRUE,FALSE
"CNA_event_000075","PAUIXW","HOMDEL",75,"9",21944601,21994400,49800,1,1,"ENSE00001833804",21974678,21974827,21974678,21974827,150,1,TRUE,1,3,"whole_coding_sequence",TRUE,FALSE
"CNA_event_000075","PAUIXW","HOMDEL",75,"9",21944601,21994400,49800,2,2,"ENSE00003496053",21970902,21971208,21970902,21971208,307,1,TRUE,1,3,"whole_coding_sequence",TRUE,FALSE
"CNA_event_000075","PAUIXW","HOMDEL",75,"9",21944601,21994400,49800,3,3,"ENSE00003529527",21968232,21968242,21968232,21968242,11,1,TRUE,1,3,"whole_coding_sequence",TRUE,FALSE
"CNA_event_000076","PAUIFR","HOMDEL",76,"9",21271301,22065700,794400,1,1,"ENSE00001833804",21974678,21974827,21974678,21974827,150,1,TRUE,1,3,"whole_coding_sequence",TRUE,FALSE
"CNA_event_000076","PAUIFR","HOMDEL",76,"9",21271301,22065700,794400,2,2,"ENSE00003496053",21970902,21971208,21970902,21971208,307,1,TRUE,1,3,"whole_coding_sequence",TRUE,FALSE
"CNA_event_000076","PAUIFR","HOMDEL",76,"9",21271301,22065700,794400,3,3,"ENSE00003529527",21968232,21968242,21968232,21968242,11,1,TRUE,1,3,"whole_coding_sequence",TRUE,FALSE
"CNA_event_000077","PAUEFT","HOMDEL",77,"9",21846401,22220300,373900,1,1,"ENSE00001833804",21974678,21974827,21974678,21974827,150,1,TRUE,1,3,"whole_coding_sequence",TRUE,FALSE
"CNA_event_000077","PAUEFT","HOMDEL",77,"9",21846401,22220300,373900,2,2,"ENSE00003496053",21970902,21971208,21970902,21971208,307,1,TRUE,1,3,"whole_coding_sequence",TRUE,FALSE
"CNA_event_000077","PAUEFT","HOMDEL",77,"9",21846401,22220300,373900,3,3,"ENSE00003529527",21968232,21968242,21968232,21968242,11,1,TRUE,1,3,"whole_coding_sequence",TRUE,FALSE
"CNA_event_000078","PAUBLL","HOMDEL",78,"9",21759401,22496800,737400,1,1,"ENSE00001833804",21974678,21974827,21974678,21974827,150,1,TRUE,1,3,"whole_coding_sequence",TRUE,FALSE
"CNA_event_000078","PAUBLL","HOMDEL",78,"9",21759401,22496800,737400,2,2,"ENSE00003496053",21970902,21971208,21970902,21971208,307,1,TRUE,1,3,"whole_coding_sequence",TRUE,FALSE
"CNA_event_000078","PAUBLL","HOMDEL",78,"9",21759401,22496800,737400,3,3,"ENSE00003529527",21968232,21968242,21968232,21968242,11,1,TRUE,1,3,"whole_coding_sequence",TRUE,FALSE
"CNA_event_000079","PAUACG","HOMDEL",79,"9",21918601,22204600,286000,1,1,"ENSE00001833804",21974678,21974827,21974678,21974827,150,1,TRUE,1,3,"whole_coding_sequence",TRUE,FALSE
"CNA_event_000079","PAUACG","HOMDEL",79,"9",21918601,22204600,286000,2,2,"ENSE00003496053",21970902,21971208,21970902,21971208,307,1,TRUE,1,3,"whole_coding_sequence",TRUE,FALSE
"CNA_event_000079","PAUACG","HOMDEL",79,"9",21918601,22204600,286000,3,3,"ENSE00003529527",21968232,21968242,21968232,21968242,11,1,TRUE,1,3,"whole_coding_sequence",TRUE,FALSE
"CNA_event_000080","PATZYE","HOMDEL",80,"9",21227301,22081200,853900,1,1,"ENSE00001833804",21974678,21974827,21974678,21974827,150,1,TRUE,1,3,"whole_coding_sequence",TRUE,FALSE
"CNA_event_000080","PATZYE","HOMDEL",80,"9",21227301,22081200,853900,2,2,"ENSE00003496053",21970902,21971208,21970902,21971208,307,1,TRUE,1,3,"whole_coding_sequence",TRUE,FALSE
"CNA_event_000080","PATZYE","HOMDEL",80,"9",21227301,22081200,853900,3,3,"ENSE00003529527",21968232,21968242,21968232,21968242,11,1,TRUE,1,3,"whole_coding_sequence",TRUE,FALSE
"CNA_event_000081","PATWJU","HOMDEL",81,"9",21570801,22187700,616900,1,1,"ENSE00001833804",21974678,21974827,21974678,21974827,150,1,TRUE,1,3,"whole_coding_sequence",TRUE,FALSE
"CNA_event_000081","PATWJU","HOMDEL",81,"9",21570801,22187700,616900,2,2,"ENSE00003496053",21970902,21971208,21970902,21971208,307,1,TRUE,1,3,"whole_coding_sequence",TRUE,FALSE
"CNA_event_000081","PATWJU","HOMDEL",81,"9",21570801,22187700,616900,3,3,"ENSE00003529527",21968232,21968242,21968232,21968242,11,1,TRUE,1,3,"whole_coding_sequence",TRUE,FALSE
"CNA_event_000082","PATWIJ","HOMDEL",82,"9",21867001,22496500,629500,1,1,"ENSE00001833804",21974678,21974827,21974678,21974827,150,1,TRUE,1,3,"whole_coding_sequence",TRUE,FALSE
"CNA_event_000082","PATWIJ","HOMDEL",82,"9",21867001,22496500,629500,2,2,"ENSE00003496053",21970902,21971208,21970902,21971208,307,1,TRUE,1,3,"whole_coding_sequence",TRUE,FALSE
"CNA_event_000082","PATWIJ","HOMDEL",82,"9",21867001,22496500,629500,3,3,"ENSE00003529527",21968232,21968242,21968232,21968242,11,1,TRUE,1,3,"whole_coding_sequence",TRUE,FALSE
"CNA_event_000083","PATVNY","HOMDEL",83,"9",21795001,22014200,219200,1,1,"ENSE00001833804",21974678,21974827,21974678,21974827,150,1,TRUE,1,3,"whole_coding_sequence",TRUE,FALSE
"CNA_event_000083","PATVNY","HOMDEL",83,"9",21795001,22014200,219200,2,2,"ENSE00003496053",21970902,21971208,21970902,21971208,307,1,TRUE,1,3,"whole_coding_sequence",TRUE,FALSE
"CNA_event_000083","PATVNY","HOMDEL",83,"9",21795001,22014200,219200,3,3,"ENSE00003529527",21968232,21968242,21968232,21968242,11,1,TRUE,1,3,"whole_coding_sequence",TRUE,FALSE
"CNA_event_000084","PATTXC","HOMDEL",84,"9",21874301,22125100,250800,1,1,"ENSE00001833804",21974678,21974827,21974678,21974827,150,1,TRUE,1,3,"whole_coding_sequence",TRUE,FALSE
"CNA_event_000084","PATTXC","HOMDEL",84,"9",21874301,22125100,250800,2,2,"ENSE00003496053",21970902,21971208,21970902,21971208,307,1,TRUE,1,3,"whole_coding_sequence",TRUE,FALSE
"CNA_event_000084","PATTXC","HOMDEL",84,"9",21874301,22125100,250800,3,3,"ENSE00003529527",21968232,21968242,21968232,21968242,11,1,TRUE,1,3,"whole_coding_sequence",TRUE,FALSE
"CNA_event_000085","PATTKX","HOMDEL",85,"9",21594001,22136300,542300,1,1,"ENSE00001833804",21974678,21974827,21974678,21974827,150,1,TRUE,1,3,"whole_coding_sequence",TRUE,FALSE
"CNA_event_000085","PATTKX","HOMDEL",85,"9",21594001,22136300,542300,2,2,"ENSE00003496053",21970902,21971208,21970902,21971208,307,1,TRUE,1,3,"whole_coding_sequence",TRUE,FALSE
"CNA_event_000085","PATTKX","HOMDEL",85,"9",21594001,22136300,542300,3,3,"ENSE00003529527",21968232,21968242,21968232,21968242,11,1,TRUE,1,3,"whole_coding_sequence",TRUE,FALSE
"CNA_event_000086","PATTHM","HOMDEL",86,"9",21896301,22049800,153500,1,1,"ENSE00001833804",21974678,21974827,21974678,21974827,150,1,TRUE,1,3,"whole_coding_sequence",TRUE,FALSE
"CNA_event_000086","PATTHM","HOMDEL",86,"9",21896301,22049800,153500,2,2,"ENSE00003496053",21970902,21971208,21970902,21971208,307,1,TRUE,1,3,"whole_coding_sequence",TRUE,FALSE
"CNA_event_000086","PATTHM","HOMDEL",86,"9",21896301,22049800,153500,3,3,"ENSE00003529527",21968232,21968242,21968232,21968242,11,1,TRUE,1,3,"whole_coding_sequence",TRUE,FALSE
"CNA_event_000087","PATSJM","HOMDEL",87,"9",21865901,22097200,231300,1,1,"ENSE00001833804",21974678,21974827,21974678,21974827,150,1,TRUE,1,3,"whole_coding_sequence",TRUE,FALSE
"CNA_event_000087","PATSJM","HOMDEL",87,"9",21865901,22097200,231300,2,2,"ENSE00003496053",21970902,21971208,21970902,21971208,307,1,TRUE,1,3,"whole_coding_sequence",TRUE,FALSE
"CNA_event_000087","PATSJM","HOMDEL",87,"9",21865901,22097200,231300,3,3,"ENSE00003529527",21968232,21968242,21968232,21968242,11,1,TRUE,1,3,"whole_coding_sequence",TRUE,FALSE
"CNA_event_000088","PATSHF","HOMDEL",88,"9",21849001,22209500,360500,1,1,"ENSE00001833804",21974678,21974827,21974678,21974827,150,1,TRUE,1,3,"whole_coding_sequence",TRUE,FALSE
"CNA_event_000088","PATSHF","HOMDEL",88,"9",21849001,22209500,360500,2,2,"ENSE00003496053",21970902,21971208,21970902,21971208,307,1,TRUE,1,3,"whole_coding_sequence",TRUE,FALSE
"CNA_event_000088","PATSHF","HOMDEL",88,"9",21849001,22209500,360500,3,3,"ENSE00003529527",21968232,21968242,21968232,21968242,11,1,TRUE,1,3,"whole_coding_sequence",TRUE,FALSE
"CNA_event_000089","PATSEZ","HOMDEL",89,"9",21879401,21998900,119500,1,1,"ENSE00001833804",21974678,21974827,21974678,21974827,150,1,TRUE,1,3,"whole_coding_sequence",TRUE,FALSE
"CNA_event_000089","PATSEZ","HOMDEL",89,"9",21879401,21998900,119500,2,2,"ENSE00003496053",21970902,21971208,21970902,21971208,307,1,TRUE,1,3,"whole_coding_sequence",TRUE,FALSE
"CNA_event_000089","PATSEZ","HOMDEL",89,"9",21879401,21998900,119500,3,3,"ENSE00003529527",21968232,21968242,21968232,21968242,11,1,TRUE,1,3,"whole_coding_sequence",TRUE,FALSE
"CNA_event_000091","PATRUN","HOMDEL",91,"9",21875901,22029000,153100,1,1,"ENSE00001833804",21974678,21974827,21974678,21974827,150,1,TRUE,1,3,"whole_coding_sequence",TRUE,FALSE
"CNA_event_000091","PATRUN","HOMDEL",91,"9",21875901,22029000,153100,2,2,"ENSE00003496053",21970902,21971208,21970902,21971208,307,1,TRUE,1,3,"whole_coding_sequence",TRUE,FALSE
"CNA_event_000091","PATRUN","HOMDEL",91,"9",21875901,22029000,153100,3,3,"ENSE00003529527",21968232,21968242,21968232,21968242,11,1,TRUE,1,3,"whole_coding_sequence",TRUE,FALSE
"CNA_event_000092","PATRTG","HOMDEL",92,"9",21683701,22306600,622900,1,1,"ENSE00001833804",21974678,21974827,21974678,21974827,150,1,TRUE,1,3,"whole_coding_sequence",TRUE,FALSE
"CNA_event_000092","PATRTG","HOMDEL",92,"9",21683701,22306600,622900,2,2,"ENSE00003496053",21970902,21971208,21970902,21971208,307,1,TRUE,1,3,"whole_coding_sequence",TRUE,FALSE
"CNA_event_000092","PATRTG","HOMDEL",92,"9",21683701,22306600,622900,3,3,"ENSE00003529527",21968232,21968242,21968232,21968242,11,1,TRUE,1,3,"whole_coding_sequence",TRUE,FALSE
"CNA_event_000093","PATRKV","HOMDEL",93,"9",21820601,22496800,676200,1,1,"ENSE00001833804",21974678,21974827,21974678,21974827,150,1,TRUE,1,3,"whole_coding_sequence",TRUE,FALSE
"CNA_event_000093","PATRKV","HOMDEL",93,"9",21820601,22496800,676200,2,2,"ENSE00003496053",21970902,21971208,21970902,21971208,307,1,TRUE,1,3,"whole_coding_sequence",TRUE,FALSE
"CNA_event_000093","PATRKV","HOMDEL",93,"9",21820601,22496800,676200,3,3,"ENSE00003529527",21968232,21968242,21968232,21968242,11,1,TRUE,1,3,"whole_coding_sequence",TRUE,FALSE
"CNA_event_000094","PATRDL","HOMDEL",94,"9",21893001,22496400,603400,1,1,"ENSE00001833804",21974678,21974827,21974678,21974827,150,1,TRUE,1,3,"whole_coding_sequence",TRUE,FALSE
"CNA_event_000094","PATRDL","HOMDEL",94,"9",21893001,22496400,603400,2,2,"ENSE00003496053",21970902,21971208,21970902,21971208,307,1,TRUE,1,3,"whole_coding_sequence",TRUE,FALSE
"CNA_event_000094","PATRDL","HOMDEL",94,"9",21893001,22496400,603400,3,3,"ENSE00003529527",21968232,21968242,21968232,21968242,11,1,TRUE,1,3,"whole_coding_sequence",TRUE,FALSE
"CNA_event_000095","PATPXS","HOMDEL",95,"9",21449901,22077600,627700,1,1,"ENSE00001833804",21974678,21974827,21974678,21974827,150,1,TRUE,1,3,"whole_coding_sequence",TRUE,FALSE
"CNA_event_000095","PATPXS","HOMDEL",95,"9",21449901,22077600,627700,2,2,"ENSE00003496053",21970902,21971208,21970902,21971208,307,1,TRUE,1,3,"whole_coding_sequence",TRUE,FALSE
"CNA_event_000095","PATPXS","HOMDEL",95,"9",21449901,22077600,627700,3,3,"ENSE00003529527",21968232,21968242,21968232,21968242,11,1,TRUE,1,3,"whole_coding_sequence",TRUE,FALSE
"CNA_event_000096","PATLGU","HOMDEL",96,"9",21952001,22774200,822200,1,1,"ENSE00001833804",21974678,21974827,21974678,21974827,150,1,TRUE,1,3,"whole_coding_sequence",TRUE,FALSE
"CNA_event_000096","PATLGU","HOMDEL",96,"9",21952001,22774200,822200,2,2,"ENSE00003496053",21970902,21971208,21970902,21971208,307,1,TRUE,1,3,"whole_coding_sequence",TRUE,FALSE
"CNA_event_000096","PATLGU","HOMDEL",96,"9",21952001,22774200,822200,3,3,"ENSE00003529527",21968232,21968242,21968232,21968242,11,1,TRUE,1,3,"whole_coding_sequence",TRUE,FALSE
"CNA_event_000097","PATKTY","HOMDEL",97,"9",21967601,22110300,142700,1,1,"ENSE00001833804",21974678,21974827,21974678,21974827,150,1,TRUE,1,3,"whole_coding_sequence",TRUE,FALSE
"CNA_event_000097","PATKTY","HOMDEL",97,"9",21967601,22110300,142700,2,2,"ENSE00003496053",21970902,21971208,21970902,21971208,307,1,TRUE,1,3,"whole_coding_sequence",TRUE,FALSE
"CNA_event_000097","PATKTY","HOMDEL",97,"9",21967601,22110300,142700,3,3,"ENSE00003529527",21968232,21968242,21968232,21968242,11,1,TRUE,1,3,"whole_coding_sequence",TRUE,FALSE
"CNA_event_000098","PATKRF","HOMDEL",98,"9",21192101,22683300,1491200,1,1,"ENSE00001833804",21974678,21974827,21974678,21974827,150,1,TRUE,1,3,"whole_coding_sequence",TRUE,FALSE
"CNA_event_000098","PATKRF","HOMDEL",98,"9",21192101,22683300,1491200,2,2,"ENSE00003496053",21970902,21971208,21970902,21971208,307,1,TRUE,1,3,"whole_coding_sequence",TRUE,FALSE
"CNA_event_000098","PATKRF","HOMDEL",98,"9",21192101,22683300,1491200,3,3,"ENSE00003529527",21968232,21968242,21968232,21968242,11,1,TRUE,1,3,"whole_coding_sequence",TRUE,FALSE
"CNA_event_000099","PATKGP","HOMDEL",99,"9",21095601,22496500,1400900,1,1,"ENSE00001833804",21974678,21974827,21974678,21974827,150,1,TRUE,1,3,"whole_coding_sequence",TRUE,FALSE
"CNA_event_000099","PATKGP","HOMDEL",99,"9",21095601,22496500,1400900,2,2,"ENSE00003496053",21970902,21971208,21970902,21971208,307,1,TRUE,1,3,"whole_coding_sequence",TRUE,FALSE
"CNA_event_000099","PATKGP","HOMDEL",99,"9",21095601,22496500,1400900,3,3,"ENSE00003529527",21968232,21968242,21968232,21968242,11,1,TRUE,1,3,"whole_coding_sequence",TRUE,FALSE
"CNA_event_000100","PATJKF","HOMDEL",100,"9",21351801,23526700,2174900,1,1,"ENSE00001833804",21974678,21974827,21974678,21974827,150,1,TRUE,1,3,"whole_coding_sequence",TRUE,FALSE
"CNA_event_000100","PATJKF","HOMDEL",100,"9",21351801,23526700,2174900,2,2,"ENSE00003496053",21970902,21971208,21970902,21971208,307,1,TRUE,1,3,"whole_coding_sequence",TRUE,FALSE
"CNA_event_000100","PATJKF","HOMDEL",100,"9",21351801,23526700,2174900,3,3,"ENSE00003529527",21968232,21968242,21968232,21968242,11,1,TRUE,1,3,"whole_coding_sequence",TRUE,FALSE
"CNA_event_000101","PATJJW","HOMDEL",101,"9",21368701,22163000,794300,1,1,"ENSE00001833804",21974678,21974827,21974678,21974827,150,1,TRUE,1,3,"whole_coding_sequence",TRUE,FALSE
"CNA_event_000101","PATJJW","HOMDEL",101,"9",21368701,22163000,794300,2,2,"ENSE00003496053",21970902,21971208,21970902,21971208,307,1,TRUE,1,3,"whole_coding_sequence",TRUE,FALSE
"CNA_event_000101","PATJJW","HOMDEL",101,"9",21368701,22163000,794300,3,3,"ENSE00003529527",21968232,21968242,21968232,21968242,11,1,TRUE,1,3,"whole_coding_sequence",TRUE,FALSE
"CNA_event_000102","PATJBC","HOMDEL",102,"9",21969901,22033100,63200,1,1,"ENSE00001833804",21974678,21974827,21974678,21974827,150,1,TRUE,0.976495726495726,2,"very_low_resolution_90_lt_100pct",TRUE,TRUE
"CNA_event_000102","PATJBC","HOMDEL",102,"9",21969901,22033100,63200,2,2,"ENSE00003496053",21970902,21971208,21970902,21971208,307,1,TRUE,0.976495726495726,2,"very_low_resolution_90_lt_100pct",TRUE,TRUE
"CNA_event_000103","PATISS","HOMDEL",103,"9",21873201,23202500,1329300,1,1,"ENSE00001833804",21974678,21974827,21974678,21974827,150,1,TRUE,1,3,"whole_coding_sequence",TRUE,FALSE
"CNA_event_000103","PATISS","HOMDEL",103,"9",21873201,23202500,1329300,2,2,"ENSE00003496053",21970902,21971208,21970902,21971208,307,1,TRUE,1,3,"whole_coding_sequence",TRUE,FALSE
"CNA_event_000103","PATISS","HOMDEL",103,"9",21873201,23202500,1329300,3,3,"ENSE00003529527",21968232,21968242,21968232,21968242,11,1,TRUE,1,3,"whole_coding_sequence",TRUE,FALSE
"CNA_event_000104","PATHWV","HOMDEL",104,"9",21826201,21993400,167200,1,1,"ENSE00001833804",21974678,21974827,21974678,21974827,150,1,TRUE,1,3,"whole_coding_sequence",TRUE,FALSE
"CNA_event_000104","PATHWV","HOMDEL",104,"9",21826201,21993400,167200,2,2,"ENSE00003496053",21970902,21971208,21970902,21971208,307,1,TRUE,1,3,"whole_coding_sequence",TRUE,FALSE
"CNA_event_000104","PATHWV","HOMDEL",104,"9",21826201,21993400,167200,3,3,"ENSE00003529527",21968232,21968242,21968232,21968242,11,1,TRUE,1,3,"whole_coding_sequence",TRUE,FALSE
"CNA_event_000105","PATHNN","HOMDEL",105,"9",21617801,22806600,1188800,1,1,"ENSE00001833804",21974678,21974827,21974678,21974827,150,1,TRUE,1,3,"whole_coding_sequence",TRUE,FALSE
"CNA_event_000105","PATHNN","HOMDEL",105,"9",21617801,22806600,1188800,2,2,"ENSE00003496053",21970902,21971208,21970902,21971208,307,1,TRUE,1,3,"whole_coding_sequence",TRUE,FALSE
"CNA_event_000105","PATHNN","HOMDEL",105,"9",21617801,22806600,1188800,3,3,"ENSE00003529527",21968232,21968242,21968232,21968242,11,1,TRUE,1,3,"whole_coding_sequence",TRUE,FALSE
"CNA_event_000106","PATGMS","HOMDEL",106,"9",21803001,22452800,649800,1,1,"ENSE00001833804",21974678,21974827,21974678,21974827,150,1,TRUE,1,3,"whole_coding_sequence",TRUE,FALSE
"CNA_event_000106","PATGMS","HOMDEL",106,"9",21803001,22452800,649800,2,2,"ENSE00003496053",21970902,21971208,21970902,21971208,307,1,TRUE,1,3,"whole_coding_sequence",TRUE,FALSE
"CNA_event_000106","PATGMS","HOMDEL",106,"9",21803001,22452800,649800,3,3,"ENSE00003529527",21968232,21968242,21968232,21968242,11,1,TRUE,1,3,"whole_coding_sequence",TRUE,FALSE
"CNA_event_000107","PATGLV","HOMDEL",107,"9",21121801,22676800,1555000,1,1,"ENSE00001833804",21974678,21974827,21974678,21974827,150,1,TRUE,1,3,"whole_coding_sequence",TRUE,FALSE
"CNA_event_000107","PATGLV","HOMDEL",107,"9",21121801,22676800,1555000,2,2,"ENSE00003496053",21970902,21971208,21970902,21971208,307,1,TRUE,1,3,"whole_coding_sequence",TRUE,FALSE
"CNA_event_000107","PATGLV","HOMDEL",107,"9",21121801,22676800,1555000,3,3,"ENSE00003529527",21968232,21968242,21968232,21968242,11,1,TRUE,1,3,"whole_coding_sequence",TRUE,FALSE
"CNA_event_000108","PATEVG","HOMDEL",108,"9",21964401,22049900,85500,1,1,"ENSE00001833804",21974678,21974827,21974678,21974827,150,1,TRUE,1,3,"whole_coding_sequence",TRUE,FALSE
"CNA_event_000108","PATEVG","HOMDEL",108,"9",21964401,22049900,85500,2,2,"ENSE00003496053",21970902,21971208,21970902,21971208,307,1,TRUE,1,3,"whole_coding_sequence",TRUE,FALSE
"CNA_event_000108","PATEVG","HOMDEL",108,"9",21964401,22049900,85500,3,3,"ENSE00003529527",21968232,21968242,21968232,21968242,11,1,TRUE,1,3,"whole_coding_sequence",TRUE,FALSE
"CNA_event_000109","PATELJ","HOMDEL",109,"9",21186601,22328200,1141600,1,1,"ENSE00001833804",21974678,21974827,21974678,21974827,150,1,TRUE,1,3,"whole_coding_sequence",TRUE,FALSE
"CNA_event_000109","PATELJ","HOMDEL",109,"9",21186601,22328200,1141600,2,2,"ENSE00003496053",21970902,21971208,21970902,21971208,307,1,TRUE,1,3,"whole_coding_sequence",TRUE,FALSE
"CNA_event_000109","PATELJ","HOMDEL",109,"9",21186601,22328200,1141600,3,3,"ENSE00003529527",21968232,21968242,21968232,21968242,11,1,TRUE,1,3,"whole_coding_sequence",TRUE,FALSE
"CNA_event_000110","PATDMN","HOMDEL",110,"9",21493301,22399400,906100,1,1,"ENSE00001833804",21974678,21974827,21974678,21974827,150,1,TRUE,1,3,"whole_coding_sequence",TRUE,FALSE
"CNA_event_000110","PATDMN","HOMDEL",110,"9",21493301,22399400,906100,2,2,"ENSE00003496053",21970902,21971208,21970902,21971208,307,1,TRUE,1,3,"whole_coding_sequence",TRUE,FALSE
"CNA_event_000110","PATDMN","HOMDEL",110,"9",21493301,22399400,906100,3,3,"ENSE00003529527",21968232,21968242,21968232,21968242,11,1,TRUE,1,3,"whole_coding_sequence",TRUE,FALSE
"CNA_event_000111","PATCGN","HOMDEL",111,"9",21040701,22521200,1480500,1,1,"ENSE00001833804",21974678,21974827,21974678,21974827,150,1,TRUE,1,3,"whole_coding_sequence",TRUE,FALSE
"CNA_event_000111","PATCGN","HOMDEL",111,"9",21040701,22521200,1480500,2,2,"ENSE00003496053",21970902,21971208,21970902,21971208,307,1,TRUE,1,3,"whole_coding_sequence",TRUE,FALSE
"CNA_event_000111","PATCGN","HOMDEL",111,"9",21040701,22521200,1480500,3,3,"ENSE00003529527",21968232,21968242,21968232,21968242,11,1,TRUE,1,3,"whole_coding_sequence",TRUE,FALSE
"CNA_event_000112","PATCDZ","HOMDEL",112,"9",21765701,22207100,441400,1,1,"ENSE00001833804",21974678,21974827,21974678,21974827,150,1,TRUE,1,3,"whole_coding_sequence",TRUE,FALSE
"CNA_event_000112","PATCDZ","HOMDEL",112,"9",21765701,22207100,441400,2,2,"ENSE00003496053",21970902,21971208,21970902,21971208,307,1,TRUE,1,3,"whole_coding_sequence",TRUE,FALSE
"CNA_event_000112","PATCDZ","HOMDEL",112,"9",21765701,22207100,441400,3,3,"ENSE00003529527",21968232,21968242,21968232,21968242,11,1,TRUE,1,3,"whole_coding_sequence",TRUE,FALSE
"CNA_event_000113","PATAUZ","HOMDEL",113,"9",21567001,22782100,1215100,1,1,"ENSE00001833804",21974678,21974827,21974678,21974827,150,1,TRUE,1,3,"whole_coding_sequence",TRUE,FALSE
"CNA_event_000113","PATAUZ","HOMDEL",113,"9",21567001,22782100,1215100,2,2,"ENSE00003496053",21970902,21971208,21970902,21971208,307,1,TRUE,1,3,"whole_coding_sequence",TRUE,FALSE
"CNA_event_000113","PATAUZ","HOMDEL",113,"9",21567001,22782100,1215100,3,3,"ENSE00003529527",21968232,21968242,21968232,21968242,11,1,TRUE,1,3,"whole_coding_sequence",TRUE,FALSE
"CNA_event_000114","PATADU","HOMDEL",114,"9",21956501,22139600,183100,1,1,"ENSE00001833804",21974678,21974827,21974678,21974827,150,1,TRUE,1,3,"whole_coding_sequence",TRUE,FALSE
"CNA_event_000114","PATADU","HOMDEL",114,"9",21956501,22139600,183100,2,2,"ENSE00003496053",21970902,21971208,21970902,21971208,307,1,TRUE,1,3,"whole_coding_sequence",TRUE,FALSE
"CNA_event_000114","PATADU","HOMDEL",114,"9",21956501,22139600,183100,3,3,"ENSE00003529527",21968232,21968242,21968232,21968242,11,1,TRUE,1,3,"whole_coding_sequence",TRUE,FALSE
"CNA_event_000115","PASZIY","HOMDEL",115,"9",21745901,22427600,681700,1,1,"ENSE00001833804",21974678,21974827,21974678,21974827,150,1,TRUE,1,3,"whole_coding_sequence",TRUE,FALSE
"CNA_event_000115","PASZIY","HOMDEL",115,"9",21745901,22427600,681700,2,2,"ENSE00003496053",21970902,21971208,21970902,21971208,307,1,TRUE,1,3,"whole_coding_sequence",TRUE,FALSE
"CNA_event_000115","PASZIY","HOMDEL",115,"9",21745901,22427600,681700,3,3,"ENSE00003529527",21968232,21968242,21968232,21968242,11,1,TRUE,1,3,"whole_coding_sequence",TRUE,FALSE
"CNA_event_000116","PASYKT","HOMDEL",116,"9",21926301,22481700,555400,1,1,"ENSE00001833804",21974678,21974827,21974678,21974827,150,1,TRUE,1,3,"whole_coding_sequence",TRUE,FALSE
"CNA_event_000116","PASYKT","HOMDEL",116,"9",21926301,22481700,555400,2,2,"ENSE00003496053",21970902,21971208,21970902,21971208,307,1,TRUE,1,3,"whole_coding_sequence",TRUE,FALSE
"CNA_event_000116","PASYKT","HOMDEL",116,"9",21926301,22481700,555400,3,3,"ENSE00003529527",21968232,21968242,21968232,21968242,11,1,TRUE,1,3,"whole_coding_sequence",TRUE,FALSE
"CNA_event_000117","PASYIS","HOMDEL",117,"9",21827701,21993800,166100,1,1,"ENSE00001833804",21974678,21974827,21974678,21974827,150,1,TRUE,1,3,"whole_coding_sequence",TRUE,FALSE
"CNA_event_000117","PASYIS","HOMDEL",117,"9",21827701,21993800,166100,2,2,"ENSE00003496053",21970902,21971208,21970902,21971208,307,1,TRUE,1,3,"whole_coding_sequence",TRUE,FALSE
"CNA_event_000117","PASYIS","HOMDEL",117,"9",21827701,21993800,166100,3,3,"ENSE00003529527",21968232,21968242,21968232,21968242,11,1,TRUE,1,3,"whole_coding_sequence",TRUE,FALSE
"CNA_event_000118","PASXVR","HOMDEL",118,"9",21814501,22057900,243400,1,1,"ENSE00001833804",21974678,21974827,21974678,21974827,150,1,TRUE,1,3,"whole_coding_sequence",TRUE,FALSE
"CNA_event_000118","PASXVR","HOMDEL",118,"9",21814501,22057900,243400,2,2,"ENSE00003496053",21970902,21971208,21970902,21971208,307,1,TRUE,1,3,"whole_coding_sequence",TRUE,FALSE
"CNA_event_000118","PASXVR","HOMDEL",118,"9",21814501,22057900,243400,3,3,"ENSE00003529527",21968232,21968242,21968232,21968242,11,1,TRUE,1,3,"whole_coding_sequence",TRUE,FALSE
"CNA_event_000119","PASXPD","HOMDEL",119,"9",21609001,22135100,526100,1,1,"ENSE00001833804",21974678,21974827,21974678,21974827,150,1,TRUE,1,3,"whole_coding_sequence",TRUE,FALSE
"CNA_event_000119","PASXPD","HOMDEL",119,"9",21609001,22135100,526100,2,2,"ENSE00003496053",21970902,21971208,21970902,21971208,307,1,TRUE,1,3,"whole_coding_sequence",TRUE,FALSE
"CNA_event_000119","PASXPD","HOMDEL",119,"9",21609001,22135100,526100,3,3,"ENSE00003529527",21968232,21968242,21968232,21968242,11,1,TRUE,1,3,"whole_coding_sequence",TRUE,FALSE
"CNA_event_000121","PASWWR","HOMDEL",121,"9",21826201,21988900,162700,1,1,"ENSE00001833804",21974678,21974827,21974678,21974827,150,1,TRUE,1,3,"whole_coding_sequence",TRUE,FALSE
"CNA_event_000121","PASWWR","HOMDEL",121,"9",21826201,21988900,162700,2,2,"ENSE00003496053",21970902,21971208,21970902,21971208,307,1,TRUE,1,3,"whole_coding_sequence",TRUE,FALSE
"CNA_event_000121","PASWWR","HOMDEL",121,"9",21826201,21988900,162700,3,3,"ENSE00003529527",21968232,21968242,21968232,21968242,11,1,TRUE,1,3,"whole_coding_sequence",TRUE,FALSE
"CNA_event_000122","PASWBV","HOMDEL",122,"9",21877001,22010900,133900,1,1,"ENSE00001833804",21974678,21974827,21974678,21974827,150,1,TRUE,1,3,"whole_coding_sequence",TRUE,FALSE
"CNA_event_000122","PASWBV","HOMDEL",122,"9",21877001,22010900,133900,2,2,"ENSE00003496053",21970902,21971208,21970902,21971208,307,1,TRUE,1,3,"whole_coding_sequence",TRUE,FALSE
"CNA_event_000122","PASWBV","HOMDEL",122,"9",21877001,22010900,133900,3,3,"ENSE00003529527",21968232,21968242,21968232,21968242,11,1,TRUE,1,3,"whole_coding_sequence",TRUE,FALSE
"CNA_event_000123","PASUGC","HOMDEL",123,"9",21699401,22044700,345300,1,1,"ENSE00001833804",21974678,21974827,21974678,21974827,150,1,TRUE,1,3,"whole_coding_sequence",TRUE,FALSE
"CNA_event_000123","PASUGC","HOMDEL",123,"9",21699401,22044700,345300,2,2,"ENSE00003496053",21970902,21971208,21970902,21971208,307,1,TRUE,1,3,"whole_coding_sequence",TRUE,FALSE
"CNA_event_000123","PASUGC","HOMDEL",123,"9",21699401,22044700,345300,3,3,"ENSE00003529527",21968232,21968242,21968232,21968242,11,1,TRUE,1,3,"whole_coding_sequence",TRUE,FALSE
"CNA_event_000124","PASUDN","HOMDEL",124,"9",21481701,22496500,1014800,1,1,"ENSE00001833804",21974678,21974827,21974678,21974827,150,1,TRUE,1,3,"whole_coding_sequence",TRUE,FALSE
"CNA_event_000124","PASUDN","HOMDEL",124,"9",21481701,22496500,1014800,2,2,"ENSE00003496053",21970902,21971208,21970902,21971208,307,1,TRUE,1,3,"whole_coding_sequence",TRUE,FALSE
"CNA_event_000124","PASUDN","HOMDEL",124,"9",21481701,22496500,1014800,3,3,"ENSE00003529527",21968232,21968242,21968232,21968242,11,1,TRUE,1,3,"whole_coding_sequence",TRUE,FALSE
"CNA_event_000125","PASTZP","HOMDEL",125,"9",21771801,21982100,210300,1,1,"ENSE00001833804",21974678,21974827,21974678,21974827,150,1,TRUE,1,3,"whole_coding_sequence",TRUE,FALSE
"CNA_event_000125","PASTZP","HOMDEL",125,"9",21771801,21982100,210300,2,2,"ENSE00003496053",21970902,21971208,21970902,21971208,307,1,TRUE,1,3,"whole_coding_sequence",TRUE,FALSE
"CNA_event_000125","PASTZP","HOMDEL",125,"9",21771801,21982100,210300,3,3,"ENSE00003529527",21968232,21968242,21968232,21968242,11,1,TRUE,1,3,"whole_coding_sequence",TRUE,FALSE
"CNA_event_000126","PASTPT","HOMDEL",126,"9",21169401,22496600,1327200,1,1,"ENSE00001833804",21974678,21974827,21974678,21974827,150,1,TRUE,1,3,"whole_coding_sequence",TRUE,FALSE
"CNA_event_000126","PASTPT","HOMDEL",126,"9",21169401,22496600,1327200,2,2,"ENSE00003496053",21970902,21971208,21970902,21971208,307,1,TRUE,1,3,"whole_coding_sequence",TRUE,FALSE
"CNA_event_000126","PASTPT","HOMDEL",126,"9",21169401,22496600,1327200,3,3,"ENSE00003529527",21968232,21968242,21968232,21968242,11,1,TRUE,1,3,"whole_coding_sequence",TRUE,FALSE
"CNA_event_000127","PASTHE","HOMDEL",127,"9",21370701,22172800,802100,1,1,"ENSE00001833804",21974678,21974827,21974678,21974827,150,1,TRUE,1,3,"whole_coding_sequence",TRUE,FALSE
"CNA_event_000127","PASTHE","HOMDEL",127,"9",21370701,22172800,802100,2,2,"ENSE00003496053",21970902,21971208,21970902,21971208,307,1,TRUE,1,3,"whole_coding_sequence",TRUE,FALSE
"CNA_event_000127","PASTHE","HOMDEL",127,"9",21370701,22172800,802100,3,3,"ENSE00003529527",21968232,21968242,21968232,21968242,11,1,TRUE,1,3,"whole_coding_sequence",TRUE,FALSE
"CNA_event_000128","PASTDU","HOMDEL",128,"9",21141501,22496500,1355000,1,1,"ENSE00001833804",21974678,21974827,21974678,21974827,150,1,TRUE,1,3,"whole_coding_sequence",TRUE,FALSE
"CNA_event_000128","PASTDU","HOMDEL",128,"9",21141501,22496500,1355000,2,2,"ENSE00003496053",21970902,21971208,21970902,21971208,307,1,TRUE,1,3,"whole_coding_sequence",TRUE,FALSE
"CNA_event_000128","PASTDU","HOMDEL",128,"9",21141501,22496500,1355000,3,3,"ENSE00003529527",21968232,21968242,21968232,21968242,11,1,TRUE,1,3,"whole_coding_sequence",TRUE,FALSE
"CNA_event_000129","PASRTM","HOMDEL",129,"9",20579601,23362800,2783200,1,1,"ENSE00001833804",21974678,21974827,21974678,21974827,150,1,TRUE,1,3,"whole_coding_sequence",TRUE,FALSE
"CNA_event_000129","PASRTM","HOMDEL",129,"9",20579601,23362800,2783200,2,2,"ENSE00003496053",21970902,21971208,21970902,21971208,307,1,TRUE,1,3,"whole_coding_sequence",TRUE,FALSE
"CNA_event_000129","PASRTM","HOMDEL",129,"9",20579601,23362800,2783200,3,3,"ENSE00003529527",21968232,21968242,21968232,21968242,11,1,TRUE,1,3,"whole_coding_sequence",TRUE,FALSE
"CNA_event_000130","PASNNJ","HOMDEL",130,"9",21680401,22237100,556700,1,1,"ENSE00001833804",21974678,21974827,21974678,21974827,150,1,TRUE,1,3,"whole_coding_sequence",TRUE,FALSE
"CNA_event_000130","PASNNJ","HOMDEL",130,"9",21680401,22237100,556700,2,2,"ENSE00003496053",21970902,21971208,21970902,21971208,307,1,TRUE,1,3,"whole_coding_sequence",TRUE,FALSE
"CNA_event_000130","PASNNJ","HOMDEL",130,"9",21680401,22237100,556700,3,3,"ENSE00003529527",21968232,21968242,21968232,21968242,11,1,TRUE,1,3,"whole_coding_sequence",TRUE,FALSE
"CNA_event_000131","PASLFT","HOMDEL",131,"9",21928201,22481600,553400,1,1,"ENSE00001833804",21974678,21974827,21974678,21974827,150,1,TRUE,1,3,"whole_coding_sequence",TRUE,FALSE
"CNA_event_000131","PASLFT","HOMDEL",131,"9",21928201,22481600,553400,2,2,"ENSE00003496053",21970902,21971208,21970902,21971208,307,1,TRUE,1,3,"whole_coding_sequence",TRUE,FALSE
"CNA_event_000131","PASLFT","HOMDEL",131,"9",21928201,22481600,553400,3,3,"ENSE00003529527",21968232,21968242,21968232,21968242,11,1,TRUE,1,3,"whole_coding_sequence",TRUE,FALSE
"CNA_event_000132","PASLBB","HOMDEL",132,"9",21931301,22041500,110200,1,1,"ENSE00001833804",21974678,21974827,21974678,21974827,150,1,TRUE,1,3,"whole_coding_sequence",TRUE,FALSE
"CNA_event_000132","PASLBB","HOMDEL",132,"9",21931301,22041500,110200,2,2,"ENSE00003496053",21970902,21971208,21970902,21971208,307,1,TRUE,1,3,"whole_coding_sequence",TRUE,FALSE
"CNA_event_000132","PASLBB","HOMDEL",132,"9",21931301,22041500,110200,3,3,"ENSE00003529527",21968232,21968242,21968232,21968242,11,1,TRUE,1,3,"whole_coding_sequence",TRUE,FALSE
"CNA_event_000133","PASKWG","HOMDEL",133,"9",21971901,23052700,1080800,1,1,"ENSE00001833804",21974678,21974827,21974678,21974827,150,1,TRUE,0.320512820512821,1,"high_resolution_le_50pct",TRUE,TRUE
"CNA_event_000135","PASJLN","HOMDEL",135,"9",21825601,21993800,168200,1,1,"ENSE00001833804",21974678,21974827,21974678,21974827,150,1,TRUE,1,3,"whole_coding_sequence",TRUE,FALSE
"CNA_event_000135","PASJLN","HOMDEL",135,"9",21825601,21993800,168200,2,2,"ENSE00003496053",21970902,21971208,21970902,21971208,307,1,TRUE,1,3,"whole_coding_sequence",TRUE,FALSE
"CNA_event_000135","PASJLN","HOMDEL",135,"9",21825601,21993800,168200,3,3,"ENSE00003529527",21968232,21968242,21968232,21968242,11,1,TRUE,1,3,"whole_coding_sequence",TRUE,FALSE
"CNA_event_000136","PASJJR","HOMDEL",136,"9",21865401,22041700,176300,1,1,"ENSE00001833804",21974678,21974827,21974678,21974827,150,1,TRUE,1,3,"whole_coding_sequence",TRUE,FALSE
"CNA_event_000136","PASJJR","HOMDEL",136,"9",21865401,22041700,176300,2,2,"ENSE00003496053",21970902,21971208,21970902,21971208,307,1,TRUE,1,3,"whole_coding_sequence",TRUE,FALSE
"CNA_event_000136","PASJJR","HOMDEL",136,"9",21865401,22041700,176300,3,3,"ENSE00003529527",21968232,21968242,21968232,21968242,11,1,TRUE,1,3,"whole_coding_sequence",TRUE,FALSE
"CNA_event_000137","PASJFJ","HOMDEL",137,"9",21168101,22908100,1740000,1,1,"ENSE00001833804",21974678,21974827,21974678,21974827,150,1,TRUE,1,3,"whole_coding_sequence",TRUE,FALSE
"CNA_event_000137","PASJFJ","HOMDEL",137,"9",21168101,22908100,1740000,2,2,"ENSE00003496053",21970902,21971208,21970902,21971208,307,1,TRUE,1,3,"whole_coding_sequence",TRUE,FALSE
"CNA_event_000137","PASJFJ","HOMDEL",137,"9",21168101,22908100,1740000,3,3,"ENSE00003529527",21968232,21968242,21968232,21968242,11,1,TRUE,1,3,"whole_coding_sequence",TRUE,FALSE
"CNA_event_000138","PASIIY","HOMDEL",138,"9",21291801,22487600,1195800,1,1,"ENSE00001833804",21974678,21974827,21974678,21974827,150,1,TRUE,1,3,"whole_coding_sequence",TRUE,FALSE
"CNA_event_000138","PASIIY","HOMDEL",138,"9",21291801,22487600,1195800,2,2,"ENSE00003496053",21970902,21971208,21970902,21971208,307,1,TRUE,1,3,"whole_coding_sequence",TRUE,FALSE
"CNA_event_000138","PASIIY","HOMDEL",138,"9",21291801,22487600,1195800,3,3,"ENSE00003529527",21968232,21968242,21968232,21968242,11,1,TRUE,1,3,"whole_coding_sequence",TRUE,FALSE
"CNA_event_000139","PASIIF","HOMDEL",139,"9",21103401,22496500,1393100,1,1,"ENSE00001833804",21974678,21974827,21974678,21974827,150,1,TRUE,1,3,"whole_coding_sequence",TRUE,FALSE
"CNA_event_000139","PASIIF","HOMDEL",139,"9",21103401,22496500,1393100,2,2,"ENSE00003496053",21970902,21971208,21970902,21971208,307,1,TRUE,1,3,"whole_coding_sequence",TRUE,FALSE
"CNA_event_000139","PASIIF","HOMDEL",139,"9",21103401,22496500,1393100,3,3,"ENSE00003529527",21968232,21968242,21968232,21968242,11,1,TRUE,1,3,"whole_coding_sequence",TRUE,FALSE
"CNA_event_000140","PASHNK","HOMDEL",140,"9",21951701,21993900,42200,1,1,"ENSE00001833804",21974678,21974827,21974678,21974827,150,1,TRUE,1,3,"whole_coding_sequence",TRUE,FALSE
"CNA_event_000140","PASHNK","HOMDEL",140,"9",21951701,21993900,42200,2,2,"ENSE00003496053",21970902,21971208,21970902,21971208,307,1,TRUE,1,3,"whole_coding_sequence",TRUE,FALSE
"CNA_event_000140","PASHNK","HOMDEL",140,"9",21951701,21993900,42200,3,3,"ENSE00003529527",21968232,21968242,21968232,21968242,11,1,TRUE,1,3,"whole_coding_sequence",TRUE,FALSE
"CNA_event_000141","PARYMD","HOMDEL",141,"9",21732301,22496500,764200,1,1,"ENSE00001833804",21974678,21974827,21974678,21974827,150,1,TRUE,1,3,"whole_coding_sequence",TRUE,FALSE
"CNA_event_000141","PARYMD","HOMDEL",141,"9",21732301,22496500,764200,2,2,"ENSE00003496053",21970902,21971208,21970902,21971208,307,1,TRUE,1,3,"whole_coding_sequence",TRUE,FALSE
"CNA_event_000141","PARYMD","HOMDEL",141,"9",21732301,22496500,764200,3,3,"ENSE00003529527",21968232,21968242,21968232,21968242,11,1,TRUE,1,3,"whole_coding_sequence",TRUE,FALSE
"CNA_event_000142","PARXTW","HOMDEL",142,"9",21628101,22149000,520900,1,1,"ENSE00001833804",21974678,21974827,21974678,21974827,150,1,TRUE,1,3,"whole_coding_sequence",TRUE,FALSE
"CNA_event_000142","PARXTW","HOMDEL",142,"9",21628101,22149000,520900,2,2,"ENSE00003496053",21970902,21971208,21970902,21971208,307,1,TRUE,1,3,"whole_coding_sequence",TRUE,FALSE
"CNA_event_000142","PARXTW","HOMDEL",142,"9",21628101,22149000,520900,3,3,"ENSE00003529527",21968232,21968242,21968232,21968242,11,1,TRUE,1,3,"whole_coding_sequence",TRUE,FALSE
"CNA_event_000143","PARVRF","HOMDEL",143,"9",21219401,22127000,907600,1,1,"ENSE00001833804",21974678,21974827,21974678,21974827,150,1,TRUE,1,3,"whole_coding_sequence",TRUE,FALSE
"CNA_event_000143","PARVRF","HOMDEL",143,"9",21219401,22127000,907600,2,2,"ENSE00003496053",21970902,21971208,21970902,21971208,307,1,TRUE,1,3,"whole_coding_sequence",TRUE,FALSE
"CNA_event_000143","PARVRF","HOMDEL",143,"9",21219401,22127000,907600,3,3,"ENSE00003529527",21968232,21968242,21968232,21968242,11,1,TRUE,1,3,"whole_coding_sequence",TRUE,FALSE
"CNA_event_000144","PARULB","HOMDEL",144,"9",21903701,22496500,592800,1,1,"ENSE00001833804",21974678,21974827,21974678,21974827,150,1,TRUE,1,3,"whole_coding_sequence",TRUE,FALSE
"CNA_event_000144","PARULB","HOMDEL",144,"9",21903701,22496500,592800,2,2,"ENSE00003496053",21970902,21971208,21970902,21971208,307,1,TRUE,1,3,"whole_coding_sequence",TRUE,FALSE
"CNA_event_000144","PARULB","HOMDEL",144,"9",21903701,22496500,592800,3,3,"ENSE00003529527",21968232,21968242,21968232,21968242,11,1,TRUE,1,3,"whole_coding_sequence",TRUE,FALSE
"CNA_event_000145","PARUEU","HOMDEL",145,"9",21703101,22246500,543400,1,1,"ENSE00001833804",21974678,21974827,21974678,21974827,150,1,TRUE,1,3,"whole_coding_sequence",TRUE,FALSE
"CNA_event_000145","PARUEU","HOMDEL",145,"9",21703101,22246500,543400,2,2,"ENSE00003496053",21970902,21971208,21970902,21971208,307,1,TRUE,1,3,"whole_coding_sequence",TRUE,FALSE
"CNA_event_000145","PARUEU","HOMDEL",145,"9",21703101,22246500,543400,3,3,"ENSE00003529527",21968232,21968242,21968232,21968242,11,1,TRUE,1,3,"whole_coding_sequence",TRUE,FALSE
"CNA_event_000146","PARTPW","HOMDEL",146,"9",21630301,22496500,866200,1,1,"ENSE00001833804",21974678,21974827,21974678,21974827,150,1,TRUE,1,3,"whole_coding_sequence",TRUE,FALSE
"CNA_event_000146","PARTPW","HOMDEL",146,"9",21630301,22496500,866200,2,2,"ENSE00003496053",21970902,21971208,21970902,21971208,307,1,TRUE,1,3,"whole_coding_sequence",TRUE,FALSE
"CNA_event_000146","PARTPW","HOMDEL",146,"9",21630301,22496500,866200,3,3,"ENSE00003529527",21968232,21968242,21968232,21968242,11,1,TRUE,1,3,"whole_coding_sequence",TRUE,FALSE
"CNA_event_000147","PARPYJ","HOMDEL",147,"9",21920801,22367900,447100,1,1,"ENSE00001833804",21974678,21974827,21974678,21974827,150,1,TRUE,1,3,"whole_coding_sequence",TRUE,FALSE
"CNA_event_000147","PARPYJ","HOMDEL",147,"9",21920801,22367900,447100,2,2,"ENSE00003496053",21970902,21971208,21970902,21971208,307,1,TRUE,1,3,"whole_coding_sequence",TRUE,FALSE
"CNA_event_000147","PARPYJ","HOMDEL",147,"9",21920801,22367900,447100,3,3,"ENSE00003529527",21968232,21968242,21968232,21968242,11,1,TRUE,1,3,"whole_coding_sequence",TRUE,FALSE
"CNA_event_000148","PARNEH","HOMDEL",148,"9",21888901,22613600,724700,1,1,"ENSE00001833804",21974678,21974827,21974678,21974827,150,1,TRUE,1,3,"whole_coding_sequence",TRUE,FALSE
"CNA_event_000148","PARNEH","HOMDEL",148,"9",21888901,22613600,724700,2,2,"ENSE00003496053",21970902,21971208,21970902,21971208,307,1,TRUE,1,3,"whole_coding_sequence",TRUE,FALSE
"CNA_event_000148","PARNEH","HOMDEL",148,"9",21888901,22613600,724700,3,3,"ENSE00003529527",21968232,21968242,21968232,21968242,11,1,TRUE,1,3,"whole_coding_sequence",TRUE,FALSE
"CNA_event_000149","PARMNL","HOMDEL",149,"9",21967901,22496600,528700,1,1,"ENSE00001833804",21974678,21974827,21974678,21974827,150,1,TRUE,1,3,"whole_coding_sequence",TRUE,FALSE
"CNA_event_000149","PARMNL","HOMDEL",149,"9",21967901,22496600,528700,2,2,"ENSE00003496053",21970902,21971208,21970902,21971208,307,1,TRUE,1,3,"whole_coding_sequence",TRUE,FALSE
"CNA_event_000149","PARMNL","HOMDEL",149,"9",21967901,22496600,528700,3,3,"ENSE00003529527",21968232,21968242,21968232,21968242,11,1,TRUE,1,3,"whole_coding_sequence",TRUE,FALSE
"CNA_event_000150","PARMGT","HOMDEL",150,"9",21939601,22933300,993700,1,1,"ENSE00001833804",21974678,21974827,21974678,21974827,150,1,TRUE,1,3,"whole_coding_sequence",TRUE,FALSE
"CNA_event_000150","PARMGT","HOMDEL",150,"9",21939601,22933300,993700,2,2,"ENSE00003496053",21970902,21971208,21970902,21971208,307,1,TRUE,1,3,"whole_coding_sequence",TRUE,FALSE
"CNA_event_000150","PARMGT","HOMDEL",150,"9",21939601,22933300,993700,3,3,"ENSE00003529527",21968232,21968242,21968232,21968242,11,1,TRUE,1,3,"whole_coding_sequence",TRUE,FALSE
"CNA_event_000151","PARLMX","HOMDEL",151,"9",21446601,22201400,754800,1,1,"ENSE00001833804",21974678,21974827,21974678,21974827,150,1,TRUE,1,3,"whole_coding_sequence",TRUE,FALSE
"CNA_event_000151","PARLMX","HOMDEL",151,"9",21446601,22201400,754800,2,2,"ENSE00003496053",21970902,21971208,21970902,21971208,307,1,TRUE,1,3,"whole_coding_sequence",TRUE,FALSE
"CNA_event_000151","PARLMX","HOMDEL",151,"9",21446601,22201400,754800,3,3,"ENSE00003529527",21968232,21968242,21968232,21968242,11,1,TRUE,1,3,"whole_coding_sequence",TRUE,FALSE
"CNA_event_000152","PARLLD","HOMDEL",152,"9",21962901,22036000,73100,1,1,"ENSE00001833804",21974678,21974827,21974678,21974827,150,1,TRUE,1,3,"whole_coding_sequence",TRUE,FALSE
"CNA_event_000152","PARLLD","HOMDEL",152,"9",21962901,22036000,73100,2,2,"ENSE00003496053",21970902,21971208,21970902,21971208,307,1,TRUE,1,3,"whole_coding_sequence",TRUE,FALSE
"CNA_event_000152","PARLLD","HOMDEL",152,"9",21962901,22036000,73100,3,3,"ENSE00003529527",21968232,21968242,21968232,21968242,11,1,TRUE,1,3,"whole_coding_sequence",TRUE,FALSE
"CNA_event_000153","PARLJA","HOMDEL",153,"9",21834001,21993800,159800,1,1,"ENSE00001833804",21974678,21974827,21974678,21974827,150,1,TRUE,1,3,"whole_coding_sequence",TRUE,FALSE
"CNA_event_000153","PARLJA","HOMDEL",153,"9",21834001,21993800,159800,2,2,"ENSE00003496053",21970902,21971208,21970902,21971208,307,1,TRUE,1,3,"whole_coding_sequence",TRUE,FALSE
"CNA_event_000153","PARLJA","HOMDEL",153,"9",21834001,21993800,159800,3,3,"ENSE00003529527",21968232,21968242,21968232,21968242,11,1,TRUE,1,3,"whole_coding_sequence",TRUE,FALSE
"CNA_event_000154","PARJPB","HOMDEL",154,"9",21335901,22496500,1160600,1,1,"ENSE00001833804",21974678,21974827,21974678,21974827,150,1,TRUE,1,3,"whole_coding_sequence",TRUE,FALSE
"CNA_event_000154","PARJPB","HOMDEL",154,"9",21335901,22496500,1160600,2,2,"ENSE00003496053",21970902,21971208,21970902,21971208,307,1,TRUE,1,3,"whole_coding_sequence",TRUE,FALSE
"CNA_event_000154","PARJPB","HOMDEL",154,"9",21335901,22496500,1160600,3,3,"ENSE00003529527",21968232,21968242,21968232,21968242,11,1,TRUE,1,3,"whole_coding_sequence",TRUE,FALSE
"CNA_event_000155","PARIYD","HOMDEL",155,"9",21973201,22043400,70200,1,1,"ENSE00001833804",21974678,21974827,21974678,21974827,150,1,TRUE,0.320512820512821,1,"high_resolution_le_50pct",TRUE,TRUE
"CNA_event_000156","PARIET","HOMDEL",156,"9",21896301,22502800,606500,1,1,"ENSE00001833804",21974678,21974827,21974678,21974827,150,1,TRUE,1,3,"whole_coding_sequence",TRUE,FALSE
"CNA_event_000156","PARIET","HOMDEL",156,"9",21896301,22502800,606500,2,2,"ENSE00003496053",21970902,21971208,21970902,21971208,307,1,TRUE,1,3,"whole_coding_sequence",TRUE,FALSE
"CNA_event_000156","PARIET","HOMDEL",156,"9",21896301,22502800,606500,3,3,"ENSE00003529527",21968232,21968242,21968232,21968242,11,1,TRUE,1,3,"whole_coding_sequence",TRUE,FALSE
"CNA_event_000157","PARHPU","HOMDEL",157,"9",21973701,22007800,34100,1,1,"ENSE00001833804",21974678,21974827,21974678,21974827,150,1,TRUE,0.320512820512821,1,"high_resolution_le_50pct",TRUE,TRUE
"CNA_event_000158","PARHLS","HOMDEL",158,"9",21811701,22175600,363900,1,1,"ENSE00001833804",21974678,21974827,21974678,21974827,150,1,TRUE,1,3,"whole_coding_sequence",TRUE,FALSE
"CNA_event_000158","PARHLS","HOMDEL",158,"9",21811701,22175600,363900,2,2,"ENSE00003496053",21970902,21971208,21970902,21971208,307,1,TRUE,1,3,"whole_coding_sequence",TRUE,FALSE
"CNA_event_000158","PARHLS","HOMDEL",158,"9",21811701,22175600,363900,3,3,"ENSE00003529527",21968232,21968242,21968232,21968242,11,1,TRUE,1,3,"whole_coding_sequence",TRUE,FALSE
"CNA_event_000159","PARHES","HOMDEL",159,"9",21859501,22073000,213500,1,1,"ENSE00001833804",21974678,21974827,21974678,21974827,150,1,TRUE,1,3,"whole_coding_sequence",TRUE,FALSE
"CNA_event_000159","PARHES","HOMDEL",159,"9",21859501,22073000,213500,2,2,"ENSE00003496053",21970902,21971208,21970902,21971208,307,1,TRUE,1,3,"whole_coding_sequence",TRUE,FALSE
"CNA_event_000159","PARHES","HOMDEL",159,"9",21859501,22073000,213500,3,3,"ENSE00003529527",21968232,21968242,21968232,21968242,11,1,TRUE,1,3,"whole_coding_sequence",TRUE,FALSE
"CNA_event_000160","PARGFL","HOMDEL",160,"9",21757601,22642800,885200,1,1,"ENSE00001833804",21974678,21974827,21974678,21974827,150,1,TRUE,1,3,"whole_coding_sequence",TRUE,FALSE
"CNA_event_000160","PARGFL","HOMDEL",160,"9",21757601,22642800,885200,2,2,"ENSE00003496053",21970902,21971208,21970902,21971208,307,1,TRUE,1,3,"whole_coding_sequence",TRUE,FALSE
"CNA_event_000160","PARGFL","HOMDEL",160,"9",21757601,22642800,885200,3,3,"ENSE00003529527",21968232,21968242,21968232,21968242,11,1,TRUE,1,3,"whole_coding_sequence",TRUE,FALSE
"CNA_event_000161","PAWLPU","HOMDEL",161,"9",21276701,21993900,717200,1,1,"ENSE00001833804",21974678,21974827,21974678,21974827,150,1,TRUE,1,3,"whole_coding_sequence",TRUE,FALSE
"CNA_event_000161","PAWLPU","HOMDEL",161,"9",21276701,21993900,717200,2,2,"ENSE00003496053",21970902,21971208,21970902,21971208,307,1,TRUE,1,3,"whole_coding_sequence",TRUE,FALSE
"CNA_event_000161","PAWLPU","HOMDEL",161,"9",21276701,21993900,717200,3,3,"ENSE00003529527",21968232,21968242,21968232,21968242,11,1,TRUE,1,3,"whole_coding_sequence",TRUE,FALSE
"CNA_event_000162","PAWLGM","HOMDEL",162,"9",21410601,22298200,887600,1,1,"ENSE00001833804",21974678,21974827,21974678,21974827,150,1,TRUE,1,3,"whole_coding_sequence",TRUE,FALSE
"CNA_event_000162","PAWLGM","HOMDEL",162,"9",21410601,22298200,887600,2,2,"ENSE00003496053",21970902,21971208,21970902,21971208,307,1,TRUE,1,3,"whole_coding_sequence",TRUE,FALSE
"CNA_event_000162","PAWLGM","HOMDEL",162,"9",21410601,22298200,887600,3,3,"ENSE00003529527",21968232,21968242,21968232,21968242,11,1,TRUE,1,3,"whole_coding_sequence",TRUE,FALSE
"CNA_event_000163","PAWKUU","HOMDEL",163,"9",21282401,22244100,961700,1,1,"ENSE00001833804",21974678,21974827,21974678,21974827,150,1,TRUE,1,3,"whole_coding_sequence",TRUE,FALSE
"CNA_event_000163","PAWKUU","HOMDEL",163,"9",21282401,22244100,961700,2,2,"ENSE00003496053",21970902,21971208,21970902,21971208,307,1,TRUE,1,3,"whole_coding_sequence",TRUE,FALSE
"CNA_event_000163","PAWKUU","HOMDEL",163,"9",21282401,22244100,961700,3,3,"ENSE00003529527",21968232,21968242,21968232,21968242,11,1,TRUE,1,3,"whole_coding_sequence",TRUE,FALSE
"CNA_event_000164","PAWKAP","HOMDEL",164,"9",21269601,22644900,1375300,1,1,"ENSE00001833804",21974678,21974827,21974678,21974827,150,1,TRUE,1,3,"whole_coding_sequence",TRUE,FALSE
"CNA_event_000164","PAWKAP","HOMDEL",164,"9",21269601,22644900,1375300,2,2,"ENSE00003496053",21970902,21971208,21970902,21971208,307,1,TRUE,1,3,"whole_coding_sequence",TRUE,FALSE
"CNA_event_000164","PAWKAP","HOMDEL",164,"9",21269601,22644900,1375300,3,3,"ENSE00003529527",21968232,21968242,21968232,21968242,11,1,TRUE,1,3,"whole_coding_sequence",TRUE,FALSE
"CNA_event_000165","PAWILT","HOMDEL",165,"9",21312001,23272000,1960000,1,1,"ENSE00001833804",21974678,21974827,21974678,21974827,150,1,TRUE,1,3,"whole_coding_sequence",TRUE,FALSE
"CNA_event_000165","PAWILT","HOMDEL",165,"9",21312001,23272000,1960000,2,2,"ENSE00003496053",21970902,21971208,21970902,21971208,307,1,TRUE,1,3,"whole_coding_sequence",TRUE,FALSE
"CNA_event_000165","PAWILT","HOMDEL",165,"9",21312001,23272000,1960000,3,3,"ENSE00003529527",21968232,21968242,21968232,21968242,11,1,TRUE,1,3,"whole_coding_sequence",TRUE,FALSE
"CNA_event_000166","PAWHGU","HOMDEL",166,"9",21786201,22364400,578200,1,1,"ENSE00001833804",21974678,21974827,21974678,21974827,150,1,TRUE,1,3,"whole_coding_sequence",TRUE,FALSE
"CNA_event_000166","PAWHGU","HOMDEL",166,"9",21786201,22364400,578200,2,2,"ENSE00003496053",21970902,21971208,21970902,21971208,307,1,TRUE,1,3,"whole_coding_sequence",TRUE,FALSE
"CNA_event_000166","PAWHGU","HOMDEL",166,"9",21786201,22364400,578200,3,3,"ENSE00003529527",21968232,21968242,21968232,21968242,11,1,TRUE,1,3,"whole_coding_sequence",TRUE,FALSE
"CNA_event_000167","PAWGXT","HOMDEL",167,"9",21839001,22144600,305600,1,1,"ENSE00001833804",21974678,21974827,21974678,21974827,150,1,TRUE,1,3,"whole_coding_sequence",TRUE,FALSE
"CNA_event_000167","PAWGXT","HOMDEL",167,"9",21839001,22144600,305600,2,2,"ENSE00003496053",21970902,21971208,21970902,21971208,307,1,TRUE,1,3,"whole_coding_sequence",TRUE,FALSE
"CNA_event_000167","PAWGXT","HOMDEL",167,"9",21839001,22144600,305600,3,3,"ENSE00003529527",21968232,21968242,21968232,21968242,11,1,TRUE,1,3,"whole_coding_sequence",TRUE,FALSE
"CNA_event_000168","PAWGXI","HOMDEL",168,"9",21541901,22165500,623600,1,1,"ENSE00001833804",21974678,21974827,21974678,21974827,150,1,TRUE,1,3,"whole_coding_sequence",TRUE,FALSE
"CNA_event_000168","PAWGXI","HOMDEL",168,"9",21541901,22165500,623600,2,2,"ENSE00003496053",21970902,21971208,21970902,21971208,307,1,TRUE,1,3,"whole_coding_sequence",TRUE,FALSE
"CNA_event_000168","PAWGXI","HOMDEL",168,"9",21541901,22165500,623600,3,3,"ENSE00003529527",21968232,21968242,21968232,21968242,11,1,TRUE,1,3,"whole_coding_sequence",TRUE,FALSE
"CNA_event_000169","PAWEND","HOMDEL",169,"9",21825701,21993800,168100,1,1,"ENSE00001833804",21974678,21974827,21974678,21974827,150,1,TRUE,1,3,"whole_coding_sequence",TRUE,FALSE
"CNA_event_000169","PAWEND","HOMDEL",169,"9",21825701,21993800,168100,2,2,"ENSE00003496053",21970902,21971208,21970902,21971208,307,1,TRUE,1,3,"whole_coding_sequence",TRUE,FALSE
"CNA_event_000169","PAWEND","HOMDEL",169,"9",21825701,21993800,168100,3,3,"ENSE00003529527",21968232,21968242,21968232,21968242,11,1,TRUE,1,3,"whole_coding_sequence",TRUE,FALSE
"CNA_event_000170","PAWDXJ","HOMDEL",170,"9",21358901,22935900,1577000,1,1,"ENSE00001833804",21974678,21974827,21974678,21974827,150,1,TRUE,1,3,"whole_coding_sequence",TRUE,FALSE
"CNA_event_000170","PAWDXJ","HOMDEL",170,"9",21358901,22935900,1577000,2,2,"ENSE00003496053",21970902,21971208,21970902,21971208,307,1,TRUE,1,3,"whole_coding_sequence",TRUE,FALSE
"CNA_event_000170","PAWDXJ","HOMDEL",170,"9",21358901,22935900,1577000,3,3,"ENSE00003529527",21968232,21968242,21968232,21968242,11,1,TRUE,1,3,"whole_coding_sequence",TRUE,FALSE
"CNA_event_000171","PAWDXE","HOMDEL",171,"9",21914701,22004800,90100,1,1,"ENSE00001833804",21974678,21974827,21974678,21974827,150,1,TRUE,1,3,"whole_coding_sequence",TRUE,FALSE
"CNA_event_000171","PAWDXE","HOMDEL",171,"9",21914701,22004800,90100,2,2,"ENSE00003496053",21970902,21971208,21970902,21971208,307,1,TRUE,1,3,"whole_coding_sequence",TRUE,FALSE
"CNA_event_000171","PAWDXE","HOMDEL",171,"9",21914701,22004800,90100,3,3,"ENSE00003529527",21968232,21968242,21968232,21968242,11,1,TRUE,1,3,"whole_coding_sequence",TRUE,FALSE
"CNA_event_000172","PAVRUD","HOMDEL",172,"9",21942901,22601500,658600,1,1,"ENSE00001833804",21974678,21974827,21974678,21974827,150,1,TRUE,1,3,"whole_coding_sequence",TRUE,FALSE
"CNA_event_000172","PAVRUD","HOMDEL",172,"9",21942901,22601500,658600,2,2,"ENSE00003496053",21970902,21971208,21970902,21971208,307,1,TRUE,1,3,"whole_coding_sequence",TRUE,FALSE
"CNA_event_000172","PAVRUD","HOMDEL",172,"9",21942901,22601500,658600,3,3,"ENSE00003529527",21968232,21968242,21968232,21968242,11,1,TRUE,1,3,"whole_coding_sequence",TRUE,FALSE
"CNA_event_000173","PAVRLH","HOMDEL",173,"9",21228301,22032900,804600,1,1,"ENSE00001833804",21974678,21974827,21974678,21974827,150,1,TRUE,1,3,"whole_coding_sequence",TRUE,FALSE
"CNA_event_000173","PAVRLH","HOMDEL",173,"9",21228301,22032900,804600,2,2,"ENSE00003496053",21970902,21971208,21970902,21971208,307,1,TRUE,1,3,"whole_coding_sequence",TRUE,FALSE
"CNA_event_000173","PAVRLH","HOMDEL",173,"9",21228301,22032900,804600,3,3,"ENSE00003529527",21968232,21968242,21968232,21968242,11,1,TRUE,1,3,"whole_coding_sequence",TRUE,FALSE
"CNA_event_000174","PAVRHT","HOMDEL",174,"9",21902701,22496500,593800,1,1,"ENSE00001833804",21974678,21974827,21974678,21974827,150,1,TRUE,1,3,"whole_coding_sequence",TRUE,FALSE
"CNA_event_000174","PAVRHT","HOMDEL",174,"9",21902701,22496500,593800,2,2,"ENSE00003496053",21970902,21971208,21970902,21971208,307,1,TRUE,1,3,"whole_coding_sequence",TRUE,FALSE
"CNA_event_000174","PAVRHT","HOMDEL",174,"9",21902701,22496500,593800,3,3,"ENSE00003529527",21968232,21968242,21968232,21968242,11,1,TRUE,1,3,"whole_coding_sequence",TRUE,FALSE
"CNA_event_000175","PAVNDL","HOMDEL",175,"9",21943701,22020500,76800,1,1,"ENSE00001833804",21974678,21974827,21974678,21974827,150,1,TRUE,1,3,"whole_coding_sequence",TRUE,FALSE
"CNA_event_000175","PAVNDL","HOMDEL",175,"9",21943701,22020500,76800,2,2,"ENSE00003496053",21970902,21971208,21970902,21971208,307,1,TRUE,1,3,"whole_coding_sequence",TRUE,FALSE
"CNA_event_000175","PAVNDL","HOMDEL",175,"9",21943701,22020500,76800,3,3,"ENSE00003529527",21968232,21968242,21968232,21968242,11,1,TRUE,1,3,"whole_coding_sequence",TRUE,FALSE
"CNA_event_000176","PAVMLZ","HOMDEL",176,"9",21441501,22585600,1144100,1,1,"ENSE00001833804",21974678,21974827,21974678,21974827,150,1,TRUE,1,3,"whole_coding_sequence",TRUE,FALSE
"CNA_event_000176","PAVMLZ","HOMDEL",176,"9",21441501,22585600,1144100,2,2,"ENSE00003496053",21970902,21971208,21970902,21971208,307,1,TRUE,1,3,"whole_coding_sequence",TRUE,FALSE
"CNA_event_000176","PAVMLZ","HOMDEL",176,"9",21441501,22585600,1144100,3,3,"ENSE00003529527",21968232,21968242,21968232,21968242,11,1,TRUE,1,3,"whole_coding_sequence",TRUE,FALSE
"CNA_event_000177","PAVLLL","HOMDEL",177,"9",21798401,22496500,698100,1,1,"ENSE00001833804",21974678,21974827,21974678,21974827,150,1,TRUE,1,3,"whole_coding_sequence",TRUE,FALSE
"CNA_event_000177","PAVLLL","HOMDEL",177,"9",21798401,22496500,698100,2,2,"ENSE00003496053",21970902,21971208,21970902,21971208,307,1,TRUE,1,3,"whole_coding_sequence",TRUE,FALSE
"CNA_event_000177","PAVLLL","HOMDEL",177,"9",21798401,22496500,698100,3,3,"ENSE00003529527",21968232,21968242,21968232,21968242,11,1,TRUE,1,3,"whole_coding_sequence",TRUE,FALSE
"CNA_event_000178","PAVFWD","HOMDEL",178,"9",21339401,22495800,1156400,1,1,"ENSE00001833804",21974678,21974827,21974678,21974827,150,1,TRUE,1,3,"whole_coding_sequence",TRUE,FALSE
"CNA_event_000178","PAVFWD","HOMDEL",178,"9",21339401,22495800,1156400,2,2,"ENSE00003496053",21970902,21971208,21970902,21971208,307,1,TRUE,1,3,"whole_coding_sequence",TRUE,FALSE
"CNA_event_000178","PAVFWD","HOMDEL",178,"9",21339401,22495800,1156400,3,3,"ENSE00003529527",21968232,21968242,21968232,21968242,11,1,TRUE,1,3,"whole_coding_sequence",TRUE,FALSE
"CNA_event_000179","PAVESV","HOMDEL",179,"9",21971601,22339100,367500,1,1,"ENSE00001833804",21974678,21974827,21974678,21974827,150,1,TRUE,0.320512820512821,1,"high_resolution_le_50pct",TRUE,TRUE
"CNA_event_000180","PAUYAB","HOMDEL",180,"9",21867701,22299600,431900,1,1,"ENSE00001833804",21974678,21974827,21974678,21974827,150,1,TRUE,1,3,"whole_coding_sequence",TRUE,FALSE
"CNA_event_000180","PAUYAB","HOMDEL",180,"9",21867701,22299600,431900,2,2,"ENSE00003496053",21970902,21971208,21970902,21971208,307,1,TRUE,1,3,"whole_coding_sequence",TRUE,FALSE
"CNA_event_000180","PAUYAB","HOMDEL",180,"9",21867701,22299600,431900,3,3,"ENSE00003529527",21968232,21968242,21968232,21968242,11,1,TRUE,1,3,"whole_coding_sequence",TRUE,FALSE
"CNA_event_000181","PAUXCW","HOMDEL",181,"9",21374901,22496500,1121600,1,1,"ENSE00001833804",21974678,21974827,21974678,21974827,150,1,TRUE,1,3,"whole_coding_sequence",TRUE,FALSE
"CNA_event_000181","PAUXCW","HOMDEL",181,"9",21374901,22496500,1121600,2,2,"ENSE00003496053",21970902,21971208,21970902,21971208,307,1,TRUE,1,3,"whole_coding_sequence",TRUE,FALSE
"CNA_event_000181","PAUXCW","HOMDEL",181,"9",21374901,22496500,1121600,3,3,"ENSE00003529527",21968232,21968242,21968232,21968242,11,1,TRUE,1,3,"whole_coding_sequence",TRUE,FALSE
"CNA_event_000182","PAUVYF","HOMDEL",182,"9",21645701,22496500,850800,1,1,"ENSE00001833804",21974678,21974827,21974678,21974827,150,1,TRUE,1,3,"whole_coding_sequence",TRUE,FALSE
"CNA_event_000182","PAUVYF","HOMDEL",182,"9",21645701,22496500,850800,2,2,"ENSE00003496053",21970902,21971208,21970902,21971208,307,1,TRUE,1,3,"whole_coding_sequence",TRUE,FALSE
"CNA_event_000182","PAUVYF","HOMDEL",182,"9",21645701,22496500,850800,3,3,"ENSE00003529527",21968232,21968242,21968232,21968242,11,1,TRUE,1,3,"whole_coding_sequence",TRUE,FALSE
"CNA_event_000183","PAUTBB","HOMDEL",183,"9",21935901,22380700,444800,1,1,"ENSE00001833804",21974678,21974827,21974678,21974827,150,1,TRUE,1,3,"whole_coding_sequence",TRUE,FALSE
"CNA_event_000183","PAUTBB","HOMDEL",183,"9",21935901,22380700,444800,2,2,"ENSE00003496053",21970902,21971208,21970902,21971208,307,1,TRUE,1,3,"whole_coding_sequence",TRUE,FALSE
"CNA_event_000183","PAUTBB","HOMDEL",183,"9",21935901,22380700,444800,3,3,"ENSE00003529527",21968232,21968242,21968232,21968242,11,1,TRUE,1,3,"whole_coding_sequence",TRUE,FALSE
"CNA_event_000185","PAUPHP","HOMDEL",185,"9",21974201,22008800,34600,1,1,"ENSE00001833804",21974678,21974827,21974678,21974827,150,1,TRUE,0.320512820512821,1,"high_resolution_le_50pct",TRUE,TRUE
"CNA_event_000186","PAUNBU","HOMDEL",186,"9",21671201,22468500,797300,1,1,"ENSE00001833804",21974678,21974827,21974678,21974827,150,1,TRUE,1,3,"whole_coding_sequence",TRUE,FALSE
"CNA_event_000186","PAUNBU","HOMDEL",186,"9",21671201,22468500,797300,2,2,"ENSE00003496053",21970902,21971208,21970902,21971208,307,1,TRUE,1,3,"whole_coding_sequence",TRUE,FALSE
"CNA_event_000186","PAUNBU","HOMDEL",186,"9",21671201,22468500,797300,3,3,"ENSE00003529527",21968232,21968242,21968232,21968242,11,1,TRUE,1,3,"whole_coding_sequence",TRUE,FALSE
"CNA_event_000187","PAUMAV","HOMDEL",187,"9",21907101,22496500,589400,1,1,"ENSE00001833804",21974678,21974827,21974678,21974827,150,1,TRUE,1,3,"whole_coding_sequence",TRUE,FALSE
"CNA_event_000187","PAUMAV","HOMDEL",187,"9",21907101,22496500,589400,2,2,"ENSE00003496053",21970902,21971208,21970902,21971208,307,1,TRUE,1,3,"whole_coding_sequence",TRUE,FALSE
"CNA_event_000187","PAUMAV","HOMDEL",187,"9",21907101,22496500,589400,3,3,"ENSE00003529527",21968232,21968242,21968232,21968242,11,1,TRUE,1,3,"whole_coding_sequence",TRUE,FALSE
"CNA_event_000188","PAUKZU","HOMDEL",188,"9",19438101,22370400,2932300,1,1,"ENSE00001833804",21974678,21974827,21974678,21974827,150,1,TRUE,1,3,"whole_coding_sequence",TRUE,FALSE
"CNA_event_000188","PAUKZU","HOMDEL",188,"9",19438101,22370400,2932300,2,2,"ENSE00003496053",21970902,21971208,21970902,21971208,307,1,TRUE,1,3,"whole_coding_sequence",TRUE,FALSE
"CNA_event_000188","PAUKZU","HOMDEL",188,"9",19438101,22370400,2932300,3,3,"ENSE00003529527",21968232,21968242,21968232,21968242,11,1,TRUE,1,3,"whole_coding_sequence",TRUE,FALSE
"CNA_event_000189","PAUJYG","HOMDEL",189,"9",21792201,22496500,704300,1,1,"ENSE00001833804",21974678,21974827,21974678,21974827,150,1,TRUE,1,3,"whole_coding_sequence",TRUE,FALSE
"CNA_event_000189","PAUJYG","HOMDEL",189,"9",21792201,22496500,704300,2,2,"ENSE00003496053",21970902,21971208,21970902,21971208,307,1,TRUE,1,3,"whole_coding_sequence",TRUE,FALSE
"CNA_event_000189","PAUJYG","HOMDEL",189,"9",21792201,22496500,704300,3,3,"ENSE00003529527",21968232,21968242,21968232,21968242,11,1,TRUE,1,3,"whole_coding_sequence",TRUE,FALSE
"CNA_event_000190","PAUIVD","HOMDEL",190,"9",21910201,22604200,694000,1,1,"ENSE00001833804",21974678,21974827,21974678,21974827,150,1,TRUE,1,3,"whole_coding_sequence",TRUE,FALSE
"CNA_event_000190","PAUIVD","HOMDEL",190,"9",21910201,22604200,694000,2,2,"ENSE00003496053",21970902,21971208,21970902,21971208,307,1,TRUE,1,3,"whole_coding_sequence",TRUE,FALSE
"CNA_event_000190","PAUIVD","HOMDEL",190,"9",21910201,22604200,694000,3,3,"ENSE00003529527",21968232,21968242,21968232,21968242,11,1,TRUE,1,3,"whole_coding_sequence",TRUE,FALSE
"CNA_event_000191","PAUIGD","HOMDEL",191,"9",21372501,22558300,1185800,1,1,"ENSE00001833804",21974678,21974827,21974678,21974827,150,1,TRUE,1,3,"whole_coding_sequence",TRUE,FALSE
"CNA_event_000191","PAUIGD","HOMDEL",191,"9",21372501,22558300,1185800,2,2,"ENSE00003496053",21970902,21971208,21970902,21971208,307,1,TRUE,1,3,"whole_coding_sequence",TRUE,FALSE
"CNA_event_000191","PAUIGD","HOMDEL",191,"9",21372501,22558300,1185800,3,3,"ENSE00003529527",21968232,21968242,21968232,21968242,11,1,TRUE,1,3,"whole_coding_sequence",TRUE,FALSE
"CNA_event_000192","PAUIAW","HOMDEL",192,"9",21944301,21993800,49500,1,1,"ENSE00001833804",21974678,21974827,21974678,21974827,150,1,TRUE,1,3,"whole_coding_sequence",TRUE,FALSE
"CNA_event_000192","PAUIAW","HOMDEL",192,"9",21944301,21993800,49500,2,2,"ENSE00003496053",21970902,21971208,21970902,21971208,307,1,TRUE,1,3,"whole_coding_sequence",TRUE,FALSE
"CNA_event_000192","PAUIAW","HOMDEL",192,"9",21944301,21993800,49500,3,3,"ENSE00003529527",21968232,21968242,21968232,21968242,11,1,TRUE,1,3,"whole_coding_sequence",TRUE,FALSE
"CNA_event_000193","PAUGDT","HOMDEL",193,"9",21900701,22030800,130100,1,1,"ENSE00001833804",21974678,21974827,21974678,21974827,150,1,TRUE,1,3,"whole_coding_sequence",TRUE,FALSE
"CNA_event_000193","PAUGDT","HOMDEL",193,"9",21900701,22030800,130100,2,2,"ENSE00003496053",21970902,21971208,21970902,21971208,307,1,TRUE,1,3,"whole_coding_sequence",TRUE,FALSE
"CNA_event_000193","PAUGDT","HOMDEL",193,"9",21900701,22030800,130100,3,3,"ENSE00003529527",21968232,21968242,21968232,21968242,11,1,TRUE,1,3,"whole_coding_sequence",TRUE,FALSE
"CNA_event_000194","PAUEPU","HOMDEL",194,"9",21899301,23212900,1313600,1,1,"ENSE00001833804",21974678,21974827,21974678,21974827,150,1,TRUE,1,3,"whole_coding_sequence",TRUE,FALSE
"CNA_event_000194","PAUEPU","HOMDEL",194,"9",21899301,23212900,1313600,2,2,"ENSE00003496053",21970902,21971208,21970902,21971208,307,1,TRUE,1,3,"whole_coding_sequence",TRUE,FALSE
"CNA_event_000194","PAUEPU","HOMDEL",194,"9",21899301,23212900,1313600,3,3,"ENSE00003529527",21968232,21968242,21968232,21968242,11,1,TRUE,1,3,"whole_coding_sequence",TRUE,FALSE
"CNA_event_000195","PAUCIS","HOMDEL",195,"9",21672201,23334500,1662300,1,1,"ENSE00001833804",21974678,21974827,21974678,21974827,150,1,TRUE,1,3,"whole_coding_sequence",TRUE,FALSE
"CNA_event_000195","PAUCIS","HOMDEL",195,"9",21672201,23334500,1662300,2,2,"ENSE00003496053",21970902,21971208,21970902,21971208,307,1,TRUE,1,3,"whole_coding_sequence",TRUE,FALSE
"CNA_event_000195","PAUCIS","HOMDEL",195,"9",21672201,23334500,1662300,3,3,"ENSE00003529527",21968232,21968242,21968232,21968242,11,1,TRUE,1,3,"whole_coding_sequence",TRUE,FALSE
"CNA_event_000196","PAUCFA","HOMDEL",196,"9",21768201,22484200,716000,1,1,"ENSE00001833804",21974678,21974827,21974678,21974827,150,1,TRUE,1,3,"whole_coding_sequence",TRUE,FALSE
"CNA_event_000196","PAUCFA","HOMDEL",196,"9",21768201,22484200,716000,2,2,"ENSE00003496053",21970902,21971208,21970902,21971208,307,1,TRUE,1,3,"whole_coding_sequence",TRUE,FALSE
"CNA_event_000196","PAUCFA","HOMDEL",196,"9",21768201,22484200,716000,3,3,"ENSE00003529527",21968232,21968242,21968232,21968242,11,1,TRUE,1,3,"whole_coding_sequence",TRUE,FALSE
"CNA_event_000197","PAUBCT","HOMDEL",197,"9",21925801,22144800,219000,1,1,"ENSE00001833804",21974678,21974827,21974678,21974827,150,1,TRUE,1,3,"whole_coding_sequence",TRUE,FALSE
"CNA_event_000197","PAUBCT","HOMDEL",197,"9",21925801,22144800,219000,2,2,"ENSE00003496053",21970902,21971208,21970902,21971208,307,1,TRUE,1,3,"whole_coding_sequence",TRUE,FALSE
"CNA_event_000197","PAUBCT","HOMDEL",197,"9",21925801,22144800,219000,3,3,"ENSE00003529527",21968232,21968242,21968232,21968242,11,1,TRUE,1,3,"whole_coding_sequence",TRUE,FALSE
"CNA_event_000198","PATXSK","HOMDEL",198,"9",21695301,22114400,419100,1,1,"ENSE00001833804",21974678,21974827,21974678,21974827,150,1,TRUE,1,3,"whole_coding_sequence",TRUE,FALSE
"CNA_event_000198","PATXSK","HOMDEL",198,"9",21695301,22114400,419100,2,2,"ENSE00003496053",21970902,21971208,21970902,21971208,307,1,TRUE,1,3,"whole_coding_sequence",TRUE,FALSE
"CNA_event_000198","PATXSK","HOMDEL",198,"9",21695301,22114400,419100,3,3,"ENSE00003529527",21968232,21968242,21968232,21968242,11,1,TRUE,1,3,"whole_coding_sequence",TRUE,FALSE
"CNA_event_000199","PATSIZ","HOMDEL",199,"9",21233701,23504100,2270400,1,1,"ENSE00001833804",21974678,21974827,21974678,21974827,150,1,TRUE,1,3,"whole_coding_sequence",TRUE,FALSE
"CNA_event_000199","PATSIZ","HOMDEL",199,"9",21233701,23504100,2270400,2,2,"ENSE00003496053",21970902,21971208,21970902,21971208,307,1,TRUE,1,3,"whole_coding_sequence",TRUE,FALSE
"CNA_event_000199","PATSIZ","HOMDEL",199,"9",21233701,23504100,2270400,3,3,"ENSE00003529527",21968232,21968242,21968232,21968242,11,1,TRUE,1,3,"whole_coding_sequence",TRUE,FALSE
"CNA_event_000200","PATRXL","HOMDEL",200,"9",21895601,21993800,98200,1,1,"ENSE00001833804",21974678,21974827,21974678,21974827,150,1,TRUE,1,3,"whole_coding_sequence",TRUE,FALSE
"CNA_event_000200","PATRXL","HOMDEL",200,"9",21895601,21993800,98200,2,2,"ENSE00003496053",21970902,21971208,21970902,21971208,307,1,TRUE,1,3,"whole_coding_sequence",TRUE,FALSE
"CNA_event_000200","PATRXL","HOMDEL",200,"9",21895601,21993800,98200,3,3,"ENSE00003529527",21968232,21968242,21968232,21968242,11,1,TRUE,1,3,"whole_coding_sequence",TRUE,FALSE
"CNA_event_000201","PATRHL","HOMDEL",201,"9",21964401,22008000,43600,1,1,"ENSE00001833804",21974678,21974827,21974678,21974827,150,1,TRUE,1,3,"whole_coding_sequence",TRUE,FALSE
"CNA_event_000201","PATRHL","HOMDEL",201,"9",21964401,22008000,43600,2,2,"ENSE00003496053",21970902,21971208,21970902,21971208,307,1,TRUE,1,3,"whole_coding_sequence",TRUE,FALSE
"CNA_event_000201","PATRHL","HOMDEL",201,"9",21964401,22008000,43600,3,3,"ENSE00003529527",21968232,21968242,21968232,21968242,11,1,TRUE,1,3,"whole_coding_sequence",TRUE,FALSE
"CNA_event_000202","PATPGE","HOMDEL",202,"9",21809401,21999000,189600,1,1,"ENSE00001833804",21974678,21974827,21974678,21974827,150,1,TRUE,1,3,"whole_coding_sequence",TRUE,FALSE
"CNA_event_000202","PATPGE","HOMDEL",202,"9",21809401,21999000,189600,2,2,"ENSE00003496053",21970902,21971208,21970902,21971208,307,1,TRUE,1,3,"whole_coding_sequence",TRUE,FALSE
"CNA_event_000202","PATPGE","HOMDEL",202,"9",21809401,21999000,189600,3,3,"ENSE00003529527",21968232,21968242,21968232,21968242,11,1,TRUE,1,3,"whole_coding_sequence",TRUE,FALSE
"CNA_event_000203","PATPBW","HOMDEL",203,"9",21962801,22447400,484600,1,1,"ENSE00001833804",21974678,21974827,21974678,21974827,150,1,TRUE,1,3,"whole_coding_sequence",TRUE,FALSE
"CNA_event_000203","PATPBW","HOMDEL",203,"9",21962801,22447400,484600,2,2,"ENSE00003496053",21970902,21971208,21970902,21971208,307,1,TRUE,1,3,"whole_coding_sequence",TRUE,FALSE
"CNA_event_000203","PATPBW","HOMDEL",203,"9",21962801,22447400,484600,3,3,"ENSE00003529527",21968232,21968242,21968232,21968242,11,1,TRUE,1,3,"whole_coding_sequence",TRUE,FALSE
"CNA_event_000204","PATLRZ","HOMDEL",204,"9",21048901,22080300,1031400,1,1,"ENSE00001833804",21974678,21974827,21974678,21974827,150,1,TRUE,1,3,"whole_coding_sequence",TRUE,FALSE
"CNA_event_000204","PATLRZ","HOMDEL",204,"9",21048901,22080300,1031400,2,2,"ENSE00003496053",21970902,21971208,21970902,21971208,307,1,TRUE,1,3,"whole_coding_sequence",TRUE,FALSE
"CNA_event_000204","PATLRZ","HOMDEL",204,"9",21048901,22080300,1031400,3,3,"ENSE00003529527",21968232,21968242,21968232,21968242,11,1,TRUE,1,3,"whole_coding_sequence",TRUE,FALSE
"CNA_event_000205","PATLHS","HOMDEL",205,"9",21928601,22294500,365900,1,1,"ENSE00001833804",21974678,21974827,21974678,21974827,150,1,TRUE,1,3,"whole_coding_sequence",TRUE,FALSE
"CNA_event_000205","PATLHS","HOMDEL",205,"9",21928601,22294500,365900,2,2,"ENSE00003496053",21970902,21971208,21970902,21971208,307,1,TRUE,1,3,"whole_coding_sequence",TRUE,FALSE
"CNA_event_000205","PATLHS","HOMDEL",205,"9",21928601,22294500,365900,3,3,"ENSE00003529527",21968232,21968242,21968232,21968242,11,1,TRUE,1,3,"whole_coding_sequence",TRUE,FALSE
"CNA_event_000206","PATKVH","HOMDEL",206,"9",21243501,22496500,1253000,1,1,"ENSE00001833804",21974678,21974827,21974678,21974827,150,1,TRUE,1,3,"whole_coding_sequence",TRUE,FALSE
"CNA_event_000206","PATKVH","HOMDEL",206,"9",21243501,22496500,1253000,2,2,"ENSE00003496053",21970902,21971208,21970902,21971208,307,1,TRUE,1,3,"whole_coding_sequence",TRUE,FALSE
"CNA_event_000206","PATKVH","HOMDEL",206,"9",21243501,22496500,1253000,3,3,"ENSE00003529527",21968232,21968242,21968232,21968242,11,1,TRUE,1,3,"whole_coding_sequence",TRUE,FALSE
"CNA_event_000207","PATITY","HOMDEL",207,"9",21794501,23362800,1568300,1,1,"ENSE00001833804",21974678,21974827,21974678,21974827,150,1,TRUE,1,3,"whole_coding_sequence",TRUE,FALSE
"CNA_event_000207","PATITY","HOMDEL",207,"9",21794501,23362800,1568300,2,2,"ENSE00003496053",21970902,21971208,21970902,21971208,307,1,TRUE,1,3,"whole_coding_sequence",TRUE,FALSE
"CNA_event_000207","PATITY","HOMDEL",207,"9",21794501,23362800,1568300,3,3,"ENSE00003529527",21968232,21968242,21968232,21968242,11,1,TRUE,1,3,"whole_coding_sequence",TRUE,FALSE
"CNA_event_000208","PATHAA","HOMDEL",208,"9",21847901,22516300,668400,1,1,"ENSE00001833804",21974678,21974827,21974678,21974827,150,1,TRUE,1,3,"whole_coding_sequence",TRUE,FALSE
"CNA_event_000208","PATHAA","HOMDEL",208,"9",21847901,22516300,668400,2,2,"ENSE00003496053",21970902,21971208,21970902,21971208,307,1,TRUE,1,3,"whole_coding_sequence",TRUE,FALSE
"CNA_event_000208","PATHAA","HOMDEL",208,"9",21847901,22516300,668400,3,3,"ENSE00003529527",21968232,21968242,21968232,21968242,11,1,TRUE,1,3,"whole_coding_sequence",TRUE,FALSE
"CNA_event_000209","PATGBY","HOMDEL",209,"9",21783801,22496600,712800,1,1,"ENSE00001833804",21974678,21974827,21974678,21974827,150,1,TRUE,1,3,"whole_coding_sequence",TRUE,FALSE
"CNA_event_000209","PATGBY","HOMDEL",209,"9",21783801,22496600,712800,2,2,"ENSE00003496053",21970902,21971208,21970902,21971208,307,1,TRUE,1,3,"whole_coding_sequence",TRUE,FALSE
"CNA_event_000209","PATGBY","HOMDEL",209,"9",21783801,22496600,712800,3,3,"ENSE00003529527",21968232,21968242,21968232,21968242,11,1,TRUE,1,3,"whole_coding_sequence",TRUE,FALSE
"CNA_event_000210","PATFYZ","HOMDEL",210,"9",21903501,22866600,963100,1,1,"ENSE00001833804",21974678,21974827,21974678,21974827,150,1,TRUE,1,3,"whole_coding_sequence",TRUE,FALSE
"CNA_event_000210","PATFYZ","HOMDEL",210,"9",21903501,22866600,963100,2,2,"ENSE00003496053",21970902,21971208,21970902,21971208,307,1,TRUE,1,3,"whole_coding_sequence",TRUE,FALSE
"CNA_event_000210","PATFYZ","HOMDEL",210,"9",21903501,22866600,963100,3,3,"ENSE00003529527",21968232,21968242,21968232,21968242,11,1,TRUE,1,3,"whole_coding_sequence",TRUE,FALSE
"CNA_event_000211","PATFXN","HOMDEL",211,"9",20991801,22118700,1126900,1,1,"ENSE00001833804",21974678,21974827,21974678,21974827,150,1,TRUE,1,3,"whole_coding_sequence",TRUE,FALSE
"CNA_event_000211","PATFXN","HOMDEL",211,"9",20991801,22118700,1126900,2,2,"ENSE00003496053",21970902,21971208,21970902,21971208,307,1,TRUE,1,3,"whole_coding_sequence",TRUE,FALSE
"CNA_event_000211","PATFXN","HOMDEL",211,"9",20991801,22118700,1126900,3,3,"ENSE00003529527",21968232,21968242,21968232,21968242,11,1,TRUE,1,3,"whole_coding_sequence",TRUE,FALSE
"CNA_event_000212","PATFVG","HOMDEL",212,"9",21815401,22045300,229900,1,1,"ENSE00001833804",21974678,21974827,21974678,21974827,150,1,TRUE,1,3,"whole_coding_sequence",TRUE,FALSE
"CNA_event_000212","PATFVG","HOMDEL",212,"9",21815401,22045300,229900,2,2,"ENSE00003496053",21970902,21971208,21970902,21971208,307,1,TRUE,1,3,"whole_coding_sequence",TRUE,FALSE
"CNA_event_000212","PATFVG","HOMDEL",212,"9",21815401,22045300,229900,3,3,"ENSE00003529527",21968232,21968242,21968232,21968242,11,1,TRUE,1,3,"whole_coding_sequence",TRUE,FALSE
"CNA_event_000213","PATFJD","HOMDEL",213,"9",21885101,21990600,105500,1,1,"ENSE00001833804",21974678,21974827,21974678,21974827,150,1,TRUE,1,3,"whole_coding_sequence",TRUE,FALSE
"CNA_event_000213","PATFJD","HOMDEL",213,"9",21885101,21990600,105500,2,2,"ENSE00003496053",21970902,21971208,21970902,21971208,307,1,TRUE,1,3,"whole_coding_sequence",TRUE,FALSE
"CNA_event_000213","PATFJD","HOMDEL",213,"9",21885101,21990600,105500,3,3,"ENSE00003529527",21968232,21968242,21968232,21968242,11,1,TRUE,1,3,"whole_coding_sequence",TRUE,FALSE
"CNA_event_000214","PATDLG","HOMDEL",214,"9",21793001,22028700,235700,1,1,"ENSE00001833804",21974678,21974827,21974678,21974827,150,1,TRUE,1,3,"whole_coding_sequence",TRUE,FALSE
"CNA_event_000214","PATDLG","HOMDEL",214,"9",21793001,22028700,235700,2,2,"ENSE00003496053",21970902,21971208,21970902,21971208,307,1,TRUE,1,3,"whole_coding_sequence",TRUE,FALSE
"CNA_event_000214","PATDLG","HOMDEL",214,"9",21793001,22028700,235700,3,3,"ENSE00003529527",21968232,21968242,21968232,21968242,11,1,TRUE,1,3,"whole_coding_sequence",TRUE,FALSE
"CNA_event_000215","PATBYK","HOMDEL",215,"9",21925201,22846800,921600,1,1,"ENSE00001833804",21974678,21974827,21974678,21974827,150,1,TRUE,1,3,"whole_coding_sequence",TRUE,FALSE
"CNA_event_000215","PATBYK","HOMDEL",215,"9",21925201,22846800,921600,2,2,"ENSE00003496053",21970902,21971208,21970902,21971208,307,1,TRUE,1,3,"whole_coding_sequence",TRUE,FALSE
"CNA_event_000215","PATBYK","HOMDEL",215,"9",21925201,22846800,921600,3,3,"ENSE00003529527",21968232,21968242,21968232,21968242,11,1,TRUE,1,3,"whole_coding_sequence",TRUE,FALSE
"CNA_event_000216","PASZPP","HOMDEL",216,"9",21300801,22190800,890000,1,1,"ENSE00001833804",21974678,21974827,21974678,21974827,150,1,TRUE,1,3,"whole_coding_sequence",TRUE,FALSE
"CNA_event_000216","PASZPP","HOMDEL",216,"9",21300801,22190800,890000,2,2,"ENSE00003496053",21970902,21971208,21970902,21971208,307,1,TRUE,1,3,"whole_coding_sequence",TRUE,FALSE
"CNA_event_000216","PASZPP","HOMDEL",216,"9",21300801,22190800,890000,3,3,"ENSE00003529527",21968232,21968242,21968232,21968242,11,1,TRUE,1,3,"whole_coding_sequence",TRUE,FALSE
"CNA_event_000217","PASZEW","HOMDEL",217,"9",21643501,22458100,814600,1,1,"ENSE00001833804",21974678,21974827,21974678,21974827,150,1,TRUE,1,3,"whole_coding_sequence",TRUE,FALSE
"CNA_event_000217","PASZEW","HOMDEL",217,"9",21643501,22458100,814600,2,2,"ENSE00003496053",21970902,21971208,21970902,21971208,307,1,TRUE,1,3,"whole_coding_sequence",TRUE,FALSE
"CNA_event_000217","PASZEW","HOMDEL",217,"9",21643501,22458100,814600,3,3,"ENSE00003529527",21968232,21968242,21968232,21968242,11,1,TRUE,1,3,"whole_coding_sequence",TRUE,FALSE
"CNA_event_000218","PASZAZ","HOMDEL",218,"9",21883201,22480000,596800,1,1,"ENSE00001833804",21974678,21974827,21974678,21974827,150,1,TRUE,1,3,"whole_coding_sequence",TRUE,FALSE
"CNA_event_000218","PASZAZ","HOMDEL",218,"9",21883201,22480000,596800,2,2,"ENSE00003496053",21970902,21971208,21970902,21971208,307,1,TRUE,1,3,"whole_coding_sequence",TRUE,FALSE
"CNA_event_000218","PASZAZ","HOMDEL",218,"9",21883201,22480000,596800,3,3,"ENSE00003529527",21968232,21968242,21968232,21968242,11,1,TRUE,1,3,"whole_coding_sequence",TRUE,FALSE
"CNA_event_000219","PASXLZ","HOMDEL",219,"9",21184801,22496500,1311700,1,1,"ENSE00001833804",21974678,21974827,21974678,21974827,150,1,TRUE,1,3,"whole_coding_sequence",TRUE,FALSE
"CNA_event_000219","PASXLZ","HOMDEL",219,"9",21184801,22496500,1311700,2,2,"ENSE00003496053",21970902,21971208,21970902,21971208,307,1,TRUE,1,3,"whole_coding_sequence",TRUE,FALSE
"CNA_event_000219","PASXLZ","HOMDEL",219,"9",21184801,22496500,1311700,3,3,"ENSE00003529527",21968232,21968242,21968232,21968242,11,1,TRUE,1,3,"whole_coding_sequence",TRUE,FALSE
"CNA_event_000220","PASTLR","HOMDEL",220,"9",20949901,22170800,1220900,1,1,"ENSE00001833804",21974678,21974827,21974678,21974827,150,1,TRUE,1,3,"whole_coding_sequence",TRUE,FALSE
"CNA_event_000220","PASTLR","HOMDEL",220,"9",20949901,22170800,1220900,2,2,"ENSE00003496053",21970902,21971208,21970902,21971208,307,1,TRUE,1,3,"whole_coding_sequence",TRUE,FALSE
"CNA_event_000220","PASTLR","HOMDEL",220,"9",20949901,22170800,1220900,3,3,"ENSE00003529527",21968232,21968242,21968232,21968242,11,1,TRUE,1,3,"whole_coding_sequence",TRUE,FALSE
"CNA_event_000221","PASSHC","HOMDEL",221,"9",20607801,22077000,1469200,1,1,"ENSE00001833804",21974678,21974827,21974678,21974827,150,1,TRUE,1,3,"whole_coding_sequence",TRUE,FALSE
"CNA_event_000221","PASSHC","HOMDEL",221,"9",20607801,22077000,1469200,2,2,"ENSE00003496053",21970902,21971208,21970902,21971208,307,1,TRUE,1,3,"whole_coding_sequence",TRUE,FALSE
"CNA_event_000221","PASSHC","HOMDEL",221,"9",20607801,22077000,1469200,3,3,"ENSE00003529527",21968232,21968242,21968232,21968242,11,1,TRUE,1,3,"whole_coding_sequence",TRUE,FALSE
"CNA_event_000222","PASKCL","HOMDEL",222,"9",21423501,22150200,726700,1,1,"ENSE00001833804",21974678,21974827,21974678,21974827,150,1,TRUE,1,3,"whole_coding_sequence",TRUE,FALSE
"CNA_event_000222","PASKCL","HOMDEL",222,"9",21423501,22150200,726700,2,2,"ENSE00003496053",21970902,21971208,21970902,21971208,307,1,TRUE,1,3,"whole_coding_sequence",TRUE,FALSE
"CNA_event_000222","PASKCL","HOMDEL",222,"9",21423501,22150200,726700,3,3,"ENSE00003529527",21968232,21968242,21968232,21968242,11,1,TRUE,1,3,"whole_coding_sequence",TRUE,FALSE
"CNA_event_000223","PARXMV","HOMDEL",223,"9",21929401,21993800,64400,1,1,"ENSE00001833804",21974678,21974827,21974678,21974827,150,1,TRUE,1,3,"whole_coding_sequence",TRUE,FALSE
"CNA_event_000223","PARXMV","HOMDEL",223,"9",21929401,21993800,64400,2,2,"ENSE00003496053",21970902,21971208,21970902,21971208,307,1,TRUE,1,3,"whole_coding_sequence",TRUE,FALSE
"CNA_event_000223","PARXMV","HOMDEL",223,"9",21929401,21993800,64400,3,3,"ENSE00003529527",21968232,21968242,21968232,21968242,11,1,TRUE,1,3,"whole_coding_sequence",TRUE,FALSE
"CNA_event_000224","PARTBP","HOMDEL",224,"9",21116501,22226300,1109800,1,1,"ENSE00001833804",21974678,21974827,21974678,21974827,150,1,TRUE,1,3,"whole_coding_sequence",TRUE,FALSE
"CNA_event_000224","PARTBP","HOMDEL",224,"9",21116501,22226300,1109800,2,2,"ENSE00003496053",21970902,21971208,21970902,21971208,307,1,TRUE,1,3,"whole_coding_sequence",TRUE,FALSE
"CNA_event_000224","PARTBP","HOMDEL",224,"9",21116501,22226300,1109800,3,3,"ENSE00003529527",21968232,21968242,21968232,21968242,11,1,TRUE,1,3,"whole_coding_sequence",TRUE,FALSE
"CNA_event_000225","PARLDJ","HOMDEL",225,"9",21899401,22185200,285800,1,1,"ENSE00001833804",21974678,21974827,21974678,21974827,150,1,TRUE,1,3,"whole_coding_sequence",TRUE,FALSE
"CNA_event_000225","PARLDJ","HOMDEL",225,"9",21899401,22185200,285800,2,2,"ENSE00003496053",21970902,21971208,21970902,21971208,307,1,TRUE,1,3,"whole_coding_sequence",TRUE,FALSE
"CNA_event_000225","PARLDJ","HOMDEL",225,"9",21899401,22185200,285800,3,3,"ENSE00003529527",21968232,21968242,21968232,21968242,11,1,TRUE,1,3,"whole_coding_sequence",TRUE,FALSE
"CNA_event_000226","PARJFH","HOMDEL",226,"9",21827201,21993800,166600,1,1,"ENSE00001833804",21974678,21974827,21974678,21974827,150,1,TRUE,1,3,"whole_coding_sequence",TRUE,FALSE
"CNA_event_000226","PARJFH","HOMDEL",226,"9",21827201,21993800,166600,2,2,"ENSE00003496053",21970902,21971208,21970902,21971208,307,1,TRUE,1,3,"whole_coding_sequence",TRUE,FALSE
"CNA_event_000226","PARJFH","HOMDEL",226,"9",21827201,21993800,166600,3,3,"ENSE00003529527",21968232,21968242,21968232,21968242,11,1,TRUE,1,3,"whole_coding_sequence",TRUE,FALSE
"CNA_event_000227","PARFIH","HOMDEL",227,"9",21793201,21993800,200600,1,1,"ENSE00001833804",21974678,21974827,21974678,21974827,150,1,TRUE,1,3,"whole_coding_sequence",TRUE,FALSE
"CNA_event_000227","PARFIH","HOMDEL",227,"9",21793201,21993800,200600,2,2,"ENSE00003496053",21970902,21971208,21970902,21971208,307,1,TRUE,1,3,"whole_coding_sequence",TRUE,FALSE
"CNA_event_000227","PARFIH","HOMDEL",227,"9",21793201,21993800,200600,3,3,"ENSE00003529527",21968232,21968242,21968232,21968242,11,1,TRUE,1,3,"whole_coding_sequence",TRUE,FALSE
"CNA_event_000228","PAWKYL","HOMDEL",228,"9",21803001,21993800,190800,1,1,"ENSE00001833804",21974678,21974827,21974678,21974827,150,1,TRUE,1,3,"whole_coding_sequence",TRUE,FALSE
"CNA_event_000228","PAWKYL","HOMDEL",228,"9",21803001,21993800,190800,2,2,"ENSE00003496053",21970902,21971208,21970902,21971208,307,1,TRUE,1,3,"whole_coding_sequence",TRUE,FALSE
"CNA_event_000228","PAWKYL","HOMDEL",228,"9",21803001,21993800,190800,3,3,"ENSE00003529527",21968232,21968242,21968232,21968242,11,1,TRUE,1,3,"whole_coding_sequence",TRUE,FALSE
"CNA_event_000229","PAWKLD","HOMDEL",229,"9",21951001,21983900,32900,1,1,"ENSE00001833804",21974678,21974827,21974678,21974827,150,1,TRUE,1,3,"whole_coding_sequence",TRUE,FALSE
"CNA_event_000229","PAWKLD","HOMDEL",229,"9",21951001,21983900,32900,2,2,"ENSE00003496053",21970902,21971208,21970902,21971208,307,1,TRUE,1,3,"whole_coding_sequence",TRUE,FALSE
"CNA_event_000229","PAWKLD","HOMDEL",229,"9",21951001,21983900,32900,3,3,"ENSE00003529527",21968232,21968242,21968232,21968242,11,1,TRUE,1,3,"whole_coding_sequence",TRUE,FALSE
"CNA_event_000230","PAWEYS","HOMDEL",230,"9",21802801,21993800,191000,1,1,"ENSE00001833804",21974678,21974827,21974678,21974827,150,1,TRUE,1,3,"whole_coding_sequence",TRUE,FALSE
"CNA_event_000230","PAWEYS","HOMDEL",230,"9",21802801,21993800,191000,2,2,"ENSE00003496053",21970902,21971208,21970902,21971208,307,1,TRUE,1,3,"whole_coding_sequence",TRUE,FALSE
"CNA_event_000230","PAWEYS","HOMDEL",230,"9",21802801,21993800,191000,3,3,"ENSE00003529527",21968232,21968242,21968232,21968242,11,1,TRUE,1,3,"whole_coding_sequence",TRUE,FALSE
"CNA_event_000231","PAWAMT","HOMDEL",231,"9",21851801,21973100,121300,2,2,"ENSE00003496053",21970902,21971208,21970902,21971208,307,1,TRUE,0.67948717948718,2,"moderate_resolution_50_75pct",TRUE,TRUE
"CNA_event_000231","PAWAMT","HOMDEL",231,"9",21851801,21973100,121300,3,3,"ENSE00003529527",21968232,21968242,21968232,21968242,11,1,TRUE,0.67948717948718,2,"moderate_resolution_50_75pct",TRUE,TRUE
"CNA_event_000232","PAVPTM","HOMDEL",232,"9",20898201,22496500,1598300,1,1,"ENSE00001833804",21974678,21974827,21974678,21974827,150,1,TRUE,1,3,"whole_coding_sequence",TRUE,FALSE
"CNA_event_000232","PAVPTM","HOMDEL",232,"9",20898201,22496500,1598300,2,2,"ENSE00003496053",21970902,21971208,21970902,21971208,307,1,TRUE,1,3,"whole_coding_sequence",TRUE,FALSE
"CNA_event_000232","PAVPTM","HOMDEL",232,"9",20898201,22496500,1598300,3,3,"ENSE00003529527",21968232,21968242,21968232,21968242,11,1,TRUE,1,3,"whole_coding_sequence",TRUE,FALSE
"CNA_event_000233","PAVPCZ","HOMDEL",233,"9",21829201,21993800,164600,1,1,"ENSE00001833804",21974678,21974827,21974678,21974827,150,1,TRUE,1,3,"whole_coding_sequence",TRUE,FALSE
"CNA_event_000233","PAVPCZ","HOMDEL",233,"9",21829201,21993800,164600,2,2,"ENSE00003496053",21970902,21971208,21970902,21971208,307,1,TRUE,1,3,"whole_coding_sequence",TRUE,FALSE
"CNA_event_000233","PAVPCZ","HOMDEL",233,"9",21829201,21993800,164600,3,3,"ENSE00003529527",21968232,21968242,21968232,21968242,11,1,TRUE,1,3,"whole_coding_sequence",TRUE,FALSE
"CNA_event_000234","PAVLMX","HOMDEL",234,"9",21837901,22249900,412000,1,1,"ENSE00001833804",21974678,21974827,21974678,21974827,150,1,TRUE,1,3,"whole_coding_sequence",TRUE,FALSE
"CNA_event_000234","PAVLMX","HOMDEL",234,"9",21837901,22249900,412000,2,2,"ENSE00003496053",21970902,21971208,21970902,21971208,307,1,TRUE,1,3,"whole_coding_sequence",TRUE,FALSE
"CNA_event_000234","PAVLMX","HOMDEL",234,"9",21837901,22249900,412000,3,3,"ENSE00003529527",21968232,21968242,21968232,21968242,11,1,TRUE,1,3,"whole_coding_sequence",TRUE,FALSE
"CNA_event_000235","PAVJFA","HOMDEL",235,"9",21824001,22028100,204100,1,1,"ENSE00001833804",21974678,21974827,21974678,21974827,150,1,TRUE,1,3,"whole_coding_sequence",TRUE,FALSE
"CNA_event_000235","PAVJFA","HOMDEL",235,"9",21824001,22028100,204100,2,2,"ENSE00003496053",21970902,21971208,21970902,21971208,307,1,TRUE,1,3,"whole_coding_sequence",TRUE,FALSE
"CNA_event_000235","PAVJFA","HOMDEL",235,"9",21824001,22028100,204100,3,3,"ENSE00003529527",21968232,21968242,21968232,21968242,11,1,TRUE,1,3,"whole_coding_sequence",TRUE,FALSE
"CNA_event_000236","PAVHAA","HOMDEL",236,"9",21872701,21992800,120100,1,1,"ENSE00001833804",21974678,21974827,21974678,21974827,150,1,TRUE,1,3,"whole_coding_sequence",TRUE,FALSE
"CNA_event_000236","PAVHAA","HOMDEL",236,"9",21872701,21992800,120100,2,2,"ENSE00003496053",21970902,21971208,21970902,21971208,307,1,TRUE,1,3,"whole_coding_sequence",TRUE,FALSE
"CNA_event_000236","PAVHAA","HOMDEL",236,"9",21872701,21992800,120100,3,3,"ENSE00003529527",21968232,21968242,21968232,21968242,11,1,TRUE,1,3,"whole_coding_sequence",TRUE,FALSE
"CNA_event_000238","PAVAPE","HOMDEL",238,"9",21960501,22001100,40600,1,1,"ENSE00001833804",21974678,21974827,21974678,21974827,150,1,TRUE,1,3,"whole_coding_sequence",TRUE,FALSE
"CNA_event_000238","PAVAPE","HOMDEL",238,"9",21960501,22001100,40600,2,2,"ENSE00003496053",21970902,21971208,21970902,21971208,307,1,TRUE,1,3,"whole_coding_sequence",TRUE,FALSE
"CNA_event_000238","PAVAPE","HOMDEL",238,"9",21960501,22001100,40600,3,3,"ENSE00003529527",21968232,21968242,21968232,21968242,11,1,TRUE,1,3,"whole_coding_sequence",TRUE,FALSE
"CNA_event_000239","PAUYJF","HOMDEL",239,"9",21949801,22416300,466500,1,1,"ENSE00001833804",21974678,21974827,21974678,21974827,150,1,TRUE,1,3,"whole_coding_sequence",TRUE,FALSE
"CNA_event_000239","PAUYJF","HOMDEL",239,"9",21949801,22416300,466500,2,2,"ENSE00003496053",21970902,21971208,21970902,21971208,307,1,TRUE,1,3,"whole_coding_sequence",TRUE,FALSE
"CNA_event_000239","PAUYJF","HOMDEL",239,"9",21949801,22416300,466500,3,3,"ENSE00003529527",21968232,21968242,21968232,21968242,11,1,TRUE,1,3,"whole_coding_sequence",TRUE,FALSE
"CNA_event_000240","PAUTLJ","HOMDEL",240,"9",20135401,22177100,2041700,1,1,"ENSE00001833804",21974678,21974827,21974678,21974827,150,1,TRUE,1,3,"whole_coding_sequence",TRUE,FALSE
"CNA_event_000240","PAUTLJ","HOMDEL",240,"9",20135401,22177100,2041700,2,2,"ENSE00003496053",21970902,21971208,21970902,21971208,307,1,TRUE,1,3,"whole_coding_sequence",TRUE,FALSE
"CNA_event_000240","PAUTLJ","HOMDEL",240,"9",20135401,22177100,2041700,3,3,"ENSE00003529527",21968232,21968242,21968232,21968242,11,1,TRUE,1,3,"whole_coding_sequence",TRUE,FALSE
"CNA_event_000241","PAUTEF","HOMDEL",241,"9",21886601,22496300,609700,1,1,"ENSE00001833804",21974678,21974827,21974678,21974827,150,1,TRUE,1,3,"whole_coding_sequence",TRUE,FALSE
"CNA_event_000241","PAUTEF","HOMDEL",241,"9",21886601,22496300,609700,2,2,"ENSE00003496053",21970902,21971208,21970902,21971208,307,1,TRUE,1,3,"whole_coding_sequence",TRUE,FALSE
"CNA_event_000241","PAUTEF","HOMDEL",241,"9",21886601,22496300,609700,3,3,"ENSE00003529527",21968232,21968242,21968232,21968242,11,1,TRUE,1,3,"whole_coding_sequence",TRUE,FALSE
"CNA_event_000242","PAUSEY","HOMDEL",242,"9",21832201,21993800,161600,1,1,"ENSE00001833804",21974678,21974827,21974678,21974827,150,1,TRUE,1,3,"whole_coding_sequence",TRUE,FALSE
"CNA_event_000242","PAUSEY","HOMDEL",242,"9",21832201,21993800,161600,2,2,"ENSE00003496053",21970902,21971208,21970902,21971208,307,1,TRUE,1,3,"whole_coding_sequence",TRUE,FALSE
"CNA_event_000242","PAUSEY","HOMDEL",242,"9",21832201,21993800,161600,3,3,"ENSE00003529527",21968232,21968242,21968232,21968242,11,1,TRUE,1,3,"whole_coding_sequence",TRUE,FALSE
"CNA_event_000243","PAUPUW","HOMDEL",243,"9",19887401,22496500,2609100,1,1,"ENSE00001833804",21974678,21974827,21974678,21974827,150,1,TRUE,1,3,"whole_coding_sequence",TRUE,FALSE
"CNA_event_000243","PAUPUW","HOMDEL",243,"9",19887401,22496500,2609100,2,2,"ENSE00003496053",21970902,21971208,21970902,21971208,307,1,TRUE,1,3,"whole_coding_sequence",TRUE,FALSE
"CNA_event_000243","PAUPUW","HOMDEL",243,"9",19887401,22496500,2609100,3,3,"ENSE00003529527",21968232,21968242,21968232,21968242,11,1,TRUE,1,3,"whole_coding_sequence",TRUE,FALSE
"CNA_event_000244","PAUFBJ","HOMDEL",244,"9",21088001,23177600,2089600,1,1,"ENSE00001833804",21974678,21974827,21974678,21974827,150,1,TRUE,1,3,"whole_coding_sequence",TRUE,FALSE
"CNA_event_000244","PAUFBJ","HOMDEL",244,"9",21088001,23177600,2089600,2,2,"ENSE00003496053",21970902,21971208,21970902,21971208,307,1,TRUE,1,3,"whole_coding_sequence",TRUE,FALSE
"CNA_event_000244","PAUFBJ","HOMDEL",244,"9",21088001,23177600,2089600,3,3,"ENSE00003529527",21968232,21968242,21968232,21968242,11,1,TRUE,1,3,"whole_coding_sequence",TRUE,FALSE
"CNA_event_000245","PATYCH","HOMDEL",245,"9",21825401,21993400,168000,1,1,"ENSE00001833804",21974678,21974827,21974678,21974827,150,1,TRUE,1,3,"whole_coding_sequence",TRUE,FALSE
"CNA_event_000245","PATYCH","HOMDEL",245,"9",21825401,21993400,168000,2,2,"ENSE00003496053",21970902,21971208,21970902,21971208,307,1,TRUE,1,3,"whole_coding_sequence",TRUE,FALSE
"CNA_event_000245","PATYCH","HOMDEL",245,"9",21825401,21993400,168000,3,3,"ENSE00003529527",21968232,21968242,21968232,21968242,11,1,TRUE,1,3,"whole_coding_sequence",TRUE,FALSE
"CNA_event_000246","PATKNX","HOMDEL",246,"9",19858601,22336300,2477700,1,1,"ENSE00001833804",21974678,21974827,21974678,21974827,150,1,TRUE,1,3,"whole_coding_sequence",TRUE,FALSE
"CNA_event_000246","PATKNX","HOMDEL",246,"9",19858601,22336300,2477700,2,2,"ENSE00003496053",21970902,21971208,21970902,21971208,307,1,TRUE,1,3,"whole_coding_sequence",TRUE,FALSE
"CNA_event_000246","PATKNX","HOMDEL",246,"9",19858601,22336300,2477700,3,3,"ENSE00003529527",21968232,21968242,21968232,21968242,11,1,TRUE,1,3,"whole_coding_sequence",TRUE,FALSE
"CNA_event_000248","PATBDK","HOMDEL",248,"9",20484001,21997100,1513100,1,1,"ENSE00001833804",21974678,21974827,21974678,21974827,150,1,TRUE,1,3,"whole_coding_sequence",TRUE,FALSE
"CNA_event_000248","PATBDK","HOMDEL",248,"9",20484001,21997100,1513100,2,2,"ENSE00003496053",21970902,21971208,21970902,21971208,307,1,TRUE,1,3,"whole_coding_sequence",TRUE,FALSE
"CNA_event_000248","PATBDK","HOMDEL",248,"9",20484001,21997100,1513100,3,3,"ENSE00003529527",21968232,21968242,21968232,21968242,11,1,TRUE,1,3,"whole_coding_sequence",TRUE,FALSE
"CNA_event_000249","PASWXB","HOMDEL",249,"9",21914501,22008300,93800,1,1,"ENSE00001833804",21974678,21974827,21974678,21974827,150,1,TRUE,1,3,"whole_coding_sequence",TRUE,FALSE
"CNA_event_000249","PASWXB","HOMDEL",249,"9",21914501,22008300,93800,2,2,"ENSE00003496053",21970902,21971208,21970902,21971208,307,1,TRUE,1,3,"whole_coding_sequence",TRUE,FALSE
"CNA_event_000249","PASWXB","HOMDEL",249,"9",21914501,22008300,93800,3,3,"ENSE00003529527",21968232,21968242,21968232,21968242,11,1,TRUE,1,3,"whole_coding_sequence",TRUE,FALSE
"CNA_event_000250","PASVIN","HOMDEL",250,"9",21910401,22007600,97200,1,1,"ENSE00001833804",21974678,21974827,21974678,21974827,150,1,TRUE,1,3,"whole_coding_sequence",TRUE,FALSE
"CNA_event_000250","PASVIN","HOMDEL",250,"9",21910401,22007600,97200,2,2,"ENSE00003496053",21970902,21971208,21970902,21971208,307,1,TRUE,1,3,"whole_coding_sequence",TRUE,FALSE
"CNA_event_000250","PASVIN","HOMDEL",250,"9",21910401,22007600,97200,3,3,"ENSE00003529527",21968232,21968242,21968232,21968242,11,1,TRUE,1,3,"whole_coding_sequence",TRUE,FALSE
"CNA_event_000251","PARVMR","HOMDEL",251,"9",21029501,23362800,2333300,1,1,"ENSE00001833804",21974678,21974827,21974678,21974827,150,1,TRUE,1,3,"whole_coding_sequence",TRUE,FALSE
"CNA_event_000251","PARVMR","HOMDEL",251,"9",21029501,23362800,2333300,2,2,"ENSE00003496053",21970902,21971208,21970902,21971208,307,1,TRUE,1,3,"whole_coding_sequence",TRUE,FALSE
"CNA_event_000251","PARVMR","HOMDEL",251,"9",21029501,23362800,2333300,3,3,"ENSE00003529527",21968232,21968242,21968232,21968242,11,1,TRUE,1,3,"whole_coding_sequence",TRUE,FALSE
"CNA_event_000252","PARPUL","HOMDEL",252,"9",21931901,22281900,350000,1,1,"ENSE00001833804",21974678,21974827,21974678,21974827,150,1,TRUE,1,3,"whole_coding_sequence",TRUE,FALSE
"CNA_event_000252","PARPUL","HOMDEL",252,"9",21931901,22281900,350000,2,2,"ENSE00003496053",21970902,21971208,21970902,21971208,307,1,TRUE,1,3,"whole_coding_sequence",TRUE,FALSE
"CNA_event_000252","PARPUL","HOMDEL",252,"9",21931901,22281900,350000,3,3,"ENSE00003529527",21968232,21968242,21968232,21968242,11,1,TRUE,1,3,"whole_coding_sequence",TRUE,FALSE
"CNA_event_000253","PARLIB","HOMDEL",253,"9",21783201,22496500,713300,1,1,"ENSE00001833804",21974678,21974827,21974678,21974827,150,1,TRUE,1,3,"whole_coding_sequence",TRUE,FALSE
"CNA_event_000253","PARLIB","HOMDEL",253,"9",21783201,22496500,713300,2,2,"ENSE00003496053",21970902,21971208,21970902,21971208,307,1,TRUE,1,3,"whole_coding_sequence",TRUE,FALSE
"CNA_event_000253","PARLIB","HOMDEL",253,"9",21783201,22496500,713300,3,3,"ENSE00003529527",21968232,21968242,21968232,21968242,11,1,TRUE,1,3,"whole_coding_sequence",TRUE,FALSE
"CNA_event_000254","PAWLYX","HOMDEL",254,"9",21974401,22027000,52600,1,1,"ENSE00001833804",21974678,21974827,21974678,21974827,150,1,TRUE,0.320512820512821,1,"high_resolution_le_50pct",TRUE,TRUE
"CNA_event_000255","PAWLMP","HOMDEL",255,"9",21955101,21993400,38300,1,1,"ENSE00001833804",21974678,21974827,21974678,21974827,150,1,TRUE,1,3,"whole_coding_sequence",TRUE,FALSE
"CNA_event_000255","PAWLMP","HOMDEL",255,"9",21955101,21993400,38300,2,2,"ENSE00003496053",21970902,21971208,21970902,21971208,307,1,TRUE,1,3,"whole_coding_sequence",TRUE,FALSE
"CNA_event_000255","PAWLMP","HOMDEL",255,"9",21955101,21993400,38300,3,3,"ENSE00003529527",21968232,21968242,21968232,21968242,11,1,TRUE,1,3,"whole_coding_sequence",TRUE,FALSE
"CNA_event_000256","PAWLAE","HOMDEL",256,"9",21827601,22008600,181000,1,1,"ENSE00001833804",21974678,21974827,21974678,21974827,150,1,TRUE,1,3,"whole_coding_sequence",TRUE,FALSE
"CNA_event_000256","PAWLAE","HOMDEL",256,"9",21827601,22008600,181000,2,2,"ENSE00003496053",21970902,21971208,21970902,21971208,307,1,TRUE,1,3,"whole_coding_sequence",TRUE,FALSE
"CNA_event_000256","PAWLAE","HOMDEL",256,"9",21827601,22008600,181000,3,3,"ENSE00003529527",21968232,21968242,21968232,21968242,11,1,TRUE,1,3,"whole_coding_sequence",TRUE,FALSE
"CNA_event_000257","PAWJUJ","HOMDEL",257,"9",21924501,22089800,165300,1,1,"ENSE00001833804",21974678,21974827,21974678,21974827,150,1,TRUE,1,3,"whole_coding_sequence",TRUE,FALSE
"CNA_event_000257","PAWJUJ","HOMDEL",257,"9",21924501,22089800,165300,2,2,"ENSE00003496053",21970902,21971208,21970902,21971208,307,1,TRUE,1,3,"whole_coding_sequence",TRUE,FALSE
"CNA_event_000257","PAWJUJ","HOMDEL",257,"9",21924501,22089800,165300,3,3,"ENSE00003529527",21968232,21968242,21968232,21968242,11,1,TRUE,1,3,"whole_coding_sequence",TRUE,FALSE
"CNA_event_000258","PAWJKX","HOMDEL",258,"9",21947401,21973400,26000,2,2,"ENSE00003496053",21970902,21971208,21970902,21971208,307,1,TRUE,0.67948717948718,2,"moderate_resolution_50_75pct",TRUE,TRUE
"CNA_event_000258","PAWJKX","HOMDEL",258,"9",21947401,21973400,26000,3,3,"ENSE00003529527",21968232,21968242,21968232,21968242,11,1,TRUE,0.67948717948718,2,"moderate_resolution_50_75pct",TRUE,TRUE
"CNA_event_000260","PAWISF","HOMDEL",260,"9",21845301,23362800,1517500,1,1,"ENSE00001833804",21974678,21974827,21974678,21974827,150,1,TRUE,1,3,"whole_coding_sequence",TRUE,FALSE
"CNA_event_000260","PAWISF","HOMDEL",260,"9",21845301,23362800,1517500,2,2,"ENSE00003496053",21970902,21971208,21970902,21971208,307,1,TRUE,1,3,"whole_coding_sequence",TRUE,FALSE
"CNA_event_000260","PAWISF","HOMDEL",260,"9",21845301,23362800,1517500,3,3,"ENSE00003529527",21968232,21968242,21968232,21968242,11,1,TRUE,1,3,"whole_coding_sequence",TRUE,FALSE
"CNA_event_000261","PAWIRR","HOMDEL",261,"9",21937801,21993800,56000,1,1,"ENSE00001833804",21974678,21974827,21974678,21974827,150,1,TRUE,1,3,"whole_coding_sequence",TRUE,FALSE
"CNA_event_000261","PAWIRR","HOMDEL",261,"9",21937801,21993800,56000,2,2,"ENSE00003496053",21970902,21971208,21970902,21971208,307,1,TRUE,1,3,"whole_coding_sequence",TRUE,FALSE
"CNA_event_000261","PAWIRR","HOMDEL",261,"9",21937801,21993800,56000,3,3,"ENSE00003529527",21968232,21968242,21968232,21968242,11,1,TRUE,1,3,"whole_coding_sequence",TRUE,FALSE
"CNA_event_000262","PAWIPN","HOMDEL",262,"9",21563001,23362800,1799800,1,1,"ENSE00001833804",21974678,21974827,21974678,21974827,150,1,TRUE,1,3,"whole_coding_sequence",TRUE,FALSE
"CNA_event_000262","PAWIPN","HOMDEL",262,"9",21563001,23362800,1799800,2,2,"ENSE00003496053",21970902,21971208,21970902,21971208,307,1,TRUE,1,3,"whole_coding_sequence",TRUE,FALSE
"CNA_event_000262","PAWIPN","HOMDEL",262,"9",21563001,23362800,1799800,3,3,"ENSE00003529527",21968232,21968242,21968232,21968242,11,1,TRUE,1,3,"whole_coding_sequence",TRUE,FALSE
"CNA_event_000263","PAWHRW","HOMDEL",263,"9",21305201,22258400,953200,1,1,"ENSE00001833804",21974678,21974827,21974678,21974827,150,1,TRUE,1,3,"whole_coding_sequence",TRUE,FALSE
"CNA_event_000263","PAWHRW","HOMDEL",263,"9",21305201,22258400,953200,2,2,"ENSE00003496053",21970902,21971208,21970902,21971208,307,1,TRUE,1,3,"whole_coding_sequence",TRUE,FALSE
"CNA_event_000263","PAWHRW","HOMDEL",263,"9",21305201,22258400,953200,3,3,"ENSE00003529527",21968232,21968242,21968232,21968242,11,1,TRUE,1,3,"whole_coding_sequence",TRUE,FALSE
"CNA_event_000264","PAWHHG","HOMDEL",264,"9",19450001,22996800,3546800,1,1,"ENSE00001833804",21974678,21974827,21974678,21974827,150,1,TRUE,1,3,"whole_coding_sequence",TRUE,FALSE
"CNA_event_000264","PAWHHG","HOMDEL",264,"9",19450001,22996800,3546800,2,2,"ENSE00003496053",21970902,21971208,21970902,21971208,307,1,TRUE,1,3,"whole_coding_sequence",TRUE,FALSE
"CNA_event_000264","PAWHHG","HOMDEL",264,"9",19450001,22996800,3546800,3,3,"ENSE00003529527",21968232,21968242,21968232,21968242,11,1,TRUE,1,3,"whole_coding_sequence",TRUE,FALSE
"CNA_event_000265","PAWGYX","HOMDEL",265,"9",21325801,23827300,2501500,1,1,"ENSE00001833804",21974678,21974827,21974678,21974827,150,1,TRUE,1,3,"whole_coding_sequence",TRUE,FALSE
"CNA_event_000265","PAWGYX","HOMDEL",265,"9",21325801,23827300,2501500,2,2,"ENSE00003496053",21970902,21971208,21970902,21971208,307,1,TRUE,1,3,"whole_coding_sequence",TRUE,FALSE
"CNA_event_000265","PAWGYX","HOMDEL",265,"9",21325801,23827300,2501500,3,3,"ENSE00003529527",21968232,21968242,21968232,21968242,11,1,TRUE,1,3,"whole_coding_sequence",TRUE,FALSE
"CNA_event_000266","PAWGXM","HOMDEL",266,"9",21968901,22205700,236800,1,1,"ENSE00001833804",21974678,21974827,21974678,21974827,150,1,TRUE,0.976495726495726,2,"very_low_resolution_90_lt_100pct",TRUE,TRUE
"CNA_event_000266","PAWGXM","HOMDEL",266,"9",21968901,22205700,236800,2,2,"ENSE00003496053",21970902,21971208,21970902,21971208,307,1,TRUE,0.976495726495726,2,"very_low_resolution_90_lt_100pct",TRUE,TRUE
"CNA_event_000267","PAWGWC","HOMDEL",267,"9",21144601,22165600,1021000,1,1,"ENSE00001833804",21974678,21974827,21974678,21974827,150,1,TRUE,1,3,"whole_coding_sequence",TRUE,FALSE
"CNA_event_000267","PAWGWC","HOMDEL",267,"9",21144601,22165600,1021000,2,2,"ENSE00003496053",21970902,21971208,21970902,21971208,307,1,TRUE,1,3,"whole_coding_sequence",TRUE,FALSE
"CNA_event_000267","PAWGWC","HOMDEL",267,"9",21144601,22165600,1021000,3,3,"ENSE00003529527",21968232,21968242,21968232,21968242,11,1,TRUE,1,3,"whole_coding_sequence",TRUE,FALSE
"CNA_event_000268","PAWGIT","HOMDEL",268,"9",21918401,21993500,75100,1,1,"ENSE00001833804",21974678,21974827,21974678,21974827,150,1,TRUE,1,3,"whole_coding_sequence",TRUE,FALSE
"CNA_event_000268","PAWGIT","HOMDEL",268,"9",21918401,21993500,75100,2,2,"ENSE00003496053",21970902,21971208,21970902,21971208,307,1,TRUE,1,3,"whole_coding_sequence",TRUE,FALSE
"CNA_event_000268","PAWGIT","HOMDEL",268,"9",21918401,21993500,75100,3,3,"ENSE00003529527",21968232,21968242,21968232,21968242,11,1,TRUE,1,3,"whole_coding_sequence",TRUE,FALSE
"CNA_event_000270","PAWGHK","HOMDEL",270,"9",21919401,21972200,52800,2,2,"ENSE00003496053",21970902,21971208,21970902,21971208,307,1,TRUE,0.67948717948718,2,"moderate_resolution_50_75pct",TRUE,TRUE
"CNA_event_000270","PAWGHK","HOMDEL",270,"9",21919401,21972200,52800,3,3,"ENSE00003529527",21968232,21968242,21968232,21968242,11,1,TRUE,0.67948717948718,2,"moderate_resolution_50_75pct",TRUE,TRUE
"CNA_event_000271","PAWFNJ","HOMDEL",271,"9",21937901,21993800,55900,1,1,"ENSE00001833804",21974678,21974827,21974678,21974827,150,1,TRUE,1,3,"whole_coding_sequence",TRUE,FALSE
"CNA_event_000271","PAWFNJ","HOMDEL",271,"9",21937901,21993800,55900,2,2,"ENSE00003496053",21970902,21971208,21970902,21971208,307,1,TRUE,1,3,"whole_coding_sequence",TRUE,FALSE
"CNA_event_000271","PAWFNJ","HOMDEL",271,"9",21937901,21993800,55900,3,3,"ENSE00003529527",21968232,21968242,21968232,21968242,11,1,TRUE,1,3,"whole_coding_sequence",TRUE,FALSE
"CNA_event_000272","PAWETD","HOMDEL",272,"9",21129301,22496500,1367200,1,1,"ENSE00001833804",21974678,21974827,21974678,21974827,150,1,TRUE,1,3,"whole_coding_sequence",TRUE,FALSE
"CNA_event_000272","PAWETD","HOMDEL",272,"9",21129301,22496500,1367200,2,2,"ENSE00003496053",21970902,21971208,21970902,21971208,307,1,TRUE,1,3,"whole_coding_sequence",TRUE,FALSE
"CNA_event_000272","PAWETD","HOMDEL",272,"9",21129301,22496500,1367200,3,3,"ENSE00003529527",21968232,21968242,21968232,21968242,11,1,TRUE,1,3,"whole_coding_sequence",TRUE,FALSE
"CNA_event_000273","PAWEGE","HOMDEL",273,"9",21951001,23168400,1217400,1,1,"ENSE00001833804",21974678,21974827,21974678,21974827,150,1,TRUE,1,3,"whole_coding_sequence",TRUE,FALSE
"CNA_event_000273","PAWEGE","HOMDEL",273,"9",21951001,23168400,1217400,2,2,"ENSE00003496053",21970902,21971208,21970902,21971208,307,1,TRUE,1,3,"whole_coding_sequence",TRUE,FALSE
"CNA_event_000273","PAWEGE","HOMDEL",273,"9",21951001,23168400,1217400,3,3,"ENSE00003529527",21968232,21968242,21968232,21968242,11,1,TRUE,1,3,"whole_coding_sequence",TRUE,FALSE
"CNA_event_000274","PAWDWJ","HOMDEL",274,"9",21893301,22008300,115000,1,1,"ENSE00001833804",21974678,21974827,21974678,21974827,150,1,TRUE,1,3,"whole_coding_sequence",TRUE,FALSE
"CNA_event_000274","PAWDWJ","HOMDEL",274,"9",21893301,22008300,115000,2,2,"ENSE00003496053",21970902,21971208,21970902,21971208,307,1,TRUE,1,3,"whole_coding_sequence",TRUE,FALSE
"CNA_event_000274","PAWDWJ","HOMDEL",274,"9",21893301,22008300,115000,3,3,"ENSE00003529527",21968232,21968242,21968232,21968242,11,1,TRUE,1,3,"whole_coding_sequence",TRUE,FALSE
"CNA_event_000275","PAWDSJ","HOMDEL",275,"9",21828401,21993900,165500,1,1,"ENSE00001833804",21974678,21974827,21974678,21974827,150,1,TRUE,1,3,"whole_coding_sequence",TRUE,FALSE
"CNA_event_000275","PAWDSJ","HOMDEL",275,"9",21828401,21993900,165500,2,2,"ENSE00003496053",21970902,21971208,21970902,21971208,307,1,TRUE,1,3,"whole_coding_sequence",TRUE,FALSE
"CNA_event_000275","PAWDSJ","HOMDEL",275,"9",21828401,21993900,165500,3,3,"ENSE00003529527",21968232,21968242,21968232,21968242,11,1,TRUE,1,3,"whole_coding_sequence",TRUE,FALSE
"CNA_event_000276","PAWDMI","HOMDEL",276,"9",21832201,21993800,161600,1,1,"ENSE00001833804",21974678,21974827,21974678,21974827,150,1,TRUE,1,3,"whole_coding_sequence",TRUE,FALSE
"CNA_event_000276","PAWDMI","HOMDEL",276,"9",21832201,21993800,161600,2,2,"ENSE00003496053",21970902,21971208,21970902,21971208,307,1,TRUE,1,3,"whole_coding_sequence",TRUE,FALSE
"CNA_event_000276","PAWDMI","HOMDEL",276,"9",21832201,21993800,161600,3,3,"ENSE00003529527",21968232,21968242,21968232,21968242,11,1,TRUE,1,3,"whole_coding_sequence",TRUE,FALSE
"CNA_event_000277","PAWBTV","HOMDEL",277,"9",21894301,21993800,99500,1,1,"ENSE00001833804",21974678,21974827,21974678,21974827,150,1,TRUE,1,3,"whole_coding_sequence",TRUE,FALSE
"CNA_event_000277","PAWBTV","HOMDEL",277,"9",21894301,21993800,99500,2,2,"ENSE00003496053",21970902,21971208,21970902,21971208,307,1,TRUE,1,3,"whole_coding_sequence",TRUE,FALSE
"CNA_event_000277","PAWBTV","HOMDEL",277,"9",21894301,21993800,99500,3,3,"ENSE00003529527",21968232,21968242,21968232,21968242,11,1,TRUE,1,3,"whole_coding_sequence",TRUE,FALSE
"CNA_event_000278","PAWAKA","HOMDEL",278,"9",21806301,22009800,203500,1,1,"ENSE00001833804",21974678,21974827,21974678,21974827,150,1,TRUE,1,3,"whole_coding_sequence",TRUE,FALSE
"CNA_event_000278","PAWAKA","HOMDEL",278,"9",21806301,22009800,203500,2,2,"ENSE00003496053",21970902,21971208,21970902,21971208,307,1,TRUE,1,3,"whole_coding_sequence",TRUE,FALSE
"CNA_event_000278","PAWAKA","HOMDEL",278,"9",21806301,22009800,203500,3,3,"ENSE00003529527",21968232,21968242,21968232,21968242,11,1,TRUE,1,3,"whole_coding_sequence",TRUE,FALSE
"CNA_event_000279","PAWAII","HOMDEL",279,"9",21803101,22008300,205200,1,1,"ENSE00001833804",21974678,21974827,21974678,21974827,150,1,TRUE,1,3,"whole_coding_sequence",TRUE,FALSE
"CNA_event_000279","PAWAII","HOMDEL",279,"9",21803101,22008300,205200,2,2,"ENSE00003496053",21970902,21971208,21970902,21971208,307,1,TRUE,1,3,"whole_coding_sequence",TRUE,FALSE
"CNA_event_000279","PAWAII","HOMDEL",279,"9",21803101,22008300,205200,3,3,"ENSE00003529527",21968232,21968242,21968232,21968242,11,1,TRUE,1,3,"whole_coding_sequence",TRUE,FALSE
"CNA_event_000280","PAVZCF","HOMDEL",280,"9",21827701,22008500,180800,1,1,"ENSE00001833804",21974678,21974827,21974678,21974827,150,1,TRUE,1,3,"whole_coding_sequence",TRUE,FALSE
"CNA_event_000280","PAVZCF","HOMDEL",280,"9",21827701,22008500,180800,2,2,"ENSE00003496053",21970902,21971208,21970902,21971208,307,1,TRUE,1,3,"whole_coding_sequence",TRUE,FALSE
"CNA_event_000280","PAVZCF","HOMDEL",280,"9",21827701,22008500,180800,3,3,"ENSE00003529527",21968232,21968242,21968232,21968242,11,1,TRUE,1,3,"whole_coding_sequence",TRUE,FALSE
"CNA_event_000281","PAVYAZ","HOMDEL",281,"9",21218201,22593900,1375700,1,1,"ENSE00001833804",21974678,21974827,21974678,21974827,150,1,TRUE,1,3,"whole_coding_sequence",TRUE,FALSE
"CNA_event_000281","PAVYAZ","HOMDEL",281,"9",21218201,22593900,1375700,2,2,"ENSE00003496053",21970902,21971208,21970902,21971208,307,1,TRUE,1,3,"whole_coding_sequence",TRUE,FALSE
"CNA_event_000281","PAVYAZ","HOMDEL",281,"9",21218201,22593900,1375700,3,3,"ENSE00003529527",21968232,21968242,21968232,21968242,11,1,TRUE,1,3,"whole_coding_sequence",TRUE,FALSE
"CNA_event_000282","PAVXWR","HOMDEL",282,"9",21957501,21974400,16900,2,2,"ENSE00003496053",21970902,21971208,21970902,21971208,307,1,TRUE,0.67948717948718,2,"moderate_resolution_50_75pct",TRUE,TRUE
"CNA_event_000282","PAVXWR","HOMDEL",282,"9",21957501,21974400,16900,3,3,"ENSE00003529527",21968232,21968242,21968232,21968242,11,1,TRUE,0.67948717948718,2,"moderate_resolution_50_75pct",TRUE,TRUE
"CNA_event_000283","PAVXTB","HOMDEL",283,"9",21825601,21994200,168600,1,1,"ENSE00001833804",21974678,21974827,21974678,21974827,150,1,TRUE,1,3,"whole_coding_sequence",TRUE,FALSE
"CNA_event_000283","PAVXTB","HOMDEL",283,"9",21825601,21994200,168600,2,2,"ENSE00003496053",21970902,21971208,21970902,21971208,307,1,TRUE,1,3,"whole_coding_sequence",TRUE,FALSE
"CNA_event_000283","PAVXTB","HOMDEL",283,"9",21825601,21994200,168600,3,3,"ENSE00003529527",21968232,21968242,21968232,21968242,11,1,TRUE,1,3,"whole_coding_sequence",TRUE,FALSE
"CNA_event_000284","PAVXPT","HOMDEL",284,"9",21716601,22496000,779400,1,1,"ENSE00001833804",21974678,21974827,21974678,21974827,150,1,TRUE,1,3,"whole_coding_sequence",TRUE,FALSE
"CNA_event_000284","PAVXPT","HOMDEL",284,"9",21716601,22496000,779400,2,2,"ENSE00003496053",21970902,21971208,21970902,21971208,307,1,TRUE,1,3,"whole_coding_sequence",TRUE,FALSE
"CNA_event_000284","PAVXPT","HOMDEL",284,"9",21716601,22496000,779400,3,3,"ENSE00003529527",21968232,21968242,21968232,21968242,11,1,TRUE,1,3,"whole_coding_sequence",TRUE,FALSE
"CNA_event_000286","PAVWWF","HOMDEL",286,"9",21955101,21993600,38500,1,1,"ENSE00001833804",21974678,21974827,21974678,21974827,150,1,TRUE,1,3,"whole_coding_sequence",TRUE,FALSE
"CNA_event_000286","PAVWWF","HOMDEL",286,"9",21955101,21993600,38500,2,2,"ENSE00003496053",21970902,21971208,21970902,21971208,307,1,TRUE,1,3,"whole_coding_sequence",TRUE,FALSE
"CNA_event_000286","PAVWWF","HOMDEL",286,"9",21955101,21993600,38500,3,3,"ENSE00003529527",21968232,21968242,21968232,21968242,11,1,TRUE,1,3,"whole_coding_sequence",TRUE,FALSE
"CNA_event_000288","PAVWUC","HOMDEL",288,"9",21971401,22011000,39600,1,1,"ENSE00001833804",21974678,21974827,21974678,21974827,150,1,TRUE,0.320512820512821,1,"high_resolution_le_50pct",TRUE,TRUE
"CNA_event_000289","PAVWDF","HOMDEL",289,"9",21792901,22007300,214400,1,1,"ENSE00001833804",21974678,21974827,21974678,21974827,150,1,TRUE,1,3,"whole_coding_sequence",TRUE,FALSE
"CNA_event_000289","PAVWDF","HOMDEL",289,"9",21792901,22007300,214400,2,2,"ENSE00003496053",21970902,21971208,21970902,21971208,307,1,TRUE,1,3,"whole_coding_sequence",TRUE,FALSE
"CNA_event_000289","PAVWDF","HOMDEL",289,"9",21792901,22007300,214400,3,3,"ENSE00003529527",21968232,21968242,21968232,21968242,11,1,TRUE,1,3,"whole_coding_sequence",TRUE,FALSE
"CNA_event_000290","PAVWDA","HOMDEL",290,"9",21697601,22133000,435400,1,1,"ENSE00001833804",21974678,21974827,21974678,21974827,150,1,TRUE,1,3,"whole_coding_sequence",TRUE,FALSE
"CNA_event_000290","PAVWDA","HOMDEL",290,"9",21697601,22133000,435400,2,2,"ENSE00003496053",21970902,21971208,21970902,21971208,307,1,TRUE,1,3,"whole_coding_sequence",TRUE,FALSE
"CNA_event_000290","PAVWDA","HOMDEL",290,"9",21697601,22133000,435400,3,3,"ENSE00003529527",21968232,21968242,21968232,21968242,11,1,TRUE,1,3,"whole_coding_sequence",TRUE,FALSE
"CNA_event_000291","PAVUVZ","HOMDEL",291,"9",21042901,22496500,1453600,1,1,"ENSE00001833804",21974678,21974827,21974678,21974827,150,1,TRUE,1,3,"whole_coding_sequence",TRUE,FALSE
"CNA_event_000291","PAVUVZ","HOMDEL",291,"9",21042901,22496500,1453600,2,2,"ENSE00003496053",21970902,21971208,21970902,21971208,307,1,TRUE,1,3,"whole_coding_sequence",TRUE,FALSE
"CNA_event_000291","PAVUVZ","HOMDEL",291,"9",21042901,22496500,1453600,3,3,"ENSE00003529527",21968232,21968242,21968232,21968242,11,1,TRUE,1,3,"whole_coding_sequence",TRUE,FALSE
"CNA_event_000292","PAVUSY","HOMDEL",292,"9",21900201,22011200,111000,1,1,"ENSE00001833804",21974678,21974827,21974678,21974827,150,1,TRUE,1,3,"whole_coding_sequence",TRUE,FALSE
"CNA_event_000292","PAVUSY","HOMDEL",292,"9",21900201,22011200,111000,2,2,"ENSE00003496053",21970902,21971208,21970902,21971208,307,1,TRUE,1,3,"whole_coding_sequence",TRUE,FALSE
"CNA_event_000292","PAVUSY","HOMDEL",292,"9",21900201,22011200,111000,3,3,"ENSE00003529527",21968232,21968242,21968232,21968242,11,1,TRUE,1,3,"whole_coding_sequence",TRUE,FALSE
"CNA_event_000293","PAVTCA","HOMDEL",293,"9",21778901,22168200,389300,1,1,"ENSE00001833804",21974678,21974827,21974678,21974827,150,1,TRUE,1,3,"whole_coding_sequence",TRUE,FALSE
"CNA_event_000293","PAVTCA","HOMDEL",293,"9",21778901,22168200,389300,2,2,"ENSE00003496053",21970902,21971208,21970902,21971208,307,1,TRUE,1,3,"whole_coding_sequence",TRUE,FALSE
"CNA_event_000293","PAVTCA","HOMDEL",293,"9",21778901,22168200,389300,3,3,"ENSE00003529527",21968232,21968242,21968232,21968242,11,1,TRUE,1,3,"whole_coding_sequence",TRUE,FALSE
"CNA_event_000294","PAVRXK","HOMDEL",294,"9",21707801,22496600,788800,1,1,"ENSE00001833804",21974678,21974827,21974678,21974827,150,1,TRUE,1,3,"whole_coding_sequence",TRUE,FALSE
"CNA_event_000294","PAVRXK","HOMDEL",294,"9",21707801,22496600,788800,2,2,"ENSE00003496053",21970902,21971208,21970902,21971208,307,1,TRUE,1,3,"whole_coding_sequence",TRUE,FALSE
"CNA_event_000294","PAVRXK","HOMDEL",294,"9",21707801,22496600,788800,3,3,"ENSE00003529527",21968232,21968242,21968232,21968242,11,1,TRUE,1,3,"whole_coding_sequence",TRUE,FALSE
"CNA_event_000295","PAVRAP","HOMDEL",295,"9",21493801,23360200,1866400,1,1,"ENSE00001833804",21974678,21974827,21974678,21974827,150,1,TRUE,1,3,"whole_coding_sequence",TRUE,FALSE
"CNA_event_000295","PAVRAP","HOMDEL",295,"9",21493801,23360200,1866400,2,2,"ENSE00003496053",21970902,21971208,21970902,21971208,307,1,TRUE,1,3,"whole_coding_sequence",TRUE,FALSE
"CNA_event_000295","PAVRAP","HOMDEL",295,"9",21493801,23360200,1866400,3,3,"ENSE00003529527",21968232,21968242,21968232,21968242,11,1,TRUE,1,3,"whole_coding_sequence",TRUE,FALSE
"CNA_event_000296","PAVPLJ","HOMDEL",296,"9",21818101,24318400,2500300,1,1,"ENSE00001833804",21974678,21974827,21974678,21974827,150,1,TRUE,1,3,"whole_coding_sequence",TRUE,FALSE
"CNA_event_000296","PAVPLJ","HOMDEL",296,"9",21818101,24318400,2500300,2,2,"ENSE00003496053",21970902,21971208,21970902,21971208,307,1,TRUE,1,3,"whole_coding_sequence",TRUE,FALSE
"CNA_event_000296","PAVPLJ","HOMDEL",296,"9",21818101,24318400,2500300,3,3,"ENSE00003529527",21968232,21968242,21968232,21968242,11,1,TRUE,1,3,"whole_coding_sequence",TRUE,FALSE
"CNA_event_000297","PAVPGA","HOMDEL",297,"9",21931901,21993800,61900,1,1,"ENSE00001833804",21974678,21974827,21974678,21974827,150,1,TRUE,1,3,"whole_coding_sequence",TRUE,FALSE
"CNA_event_000297","PAVPGA","HOMDEL",297,"9",21931901,21993800,61900,2,2,"ENSE00003496053",21970902,21971208,21970902,21971208,307,1,TRUE,1,3,"whole_coding_sequence",TRUE,FALSE
"CNA_event_000297","PAVPGA","HOMDEL",297,"9",21931901,21993800,61900,3,3,"ENSE00003529527",21968232,21968242,21968232,21968242,11,1,TRUE,1,3,"whole_coding_sequence",TRUE,FALSE
"CNA_event_000298","PAVNKZ","HOMDEL",298,"9",21876501,22820700,944200,1,1,"ENSE00001833804",21974678,21974827,21974678,21974827,150,1,TRUE,1,3,"whole_coding_sequence",TRUE,FALSE
"CNA_event_000298","PAVNKZ","HOMDEL",298,"9",21876501,22820700,944200,2,2,"ENSE00003496053",21970902,21971208,21970902,21971208,307,1,TRUE,1,3,"whole_coding_sequence",TRUE,FALSE
"CNA_event_000298","PAVNKZ","HOMDEL",298,"9",21876501,22820700,944200,3,3,"ENSE00003529527",21968232,21968242,21968232,21968242,11,1,TRUE,1,3,"whole_coding_sequence",TRUE,FALSE
"CNA_event_000299","PAVMZJ","HOMDEL",299,"9",21893301,21975100,81800,1,1,"ENSE00001833804",21974678,21974827,21974678,21974827,150,1,TRUE,1,3,"whole_coding_sequence",TRUE,FALSE
"CNA_event_000299","PAVMZJ","HOMDEL",299,"9",21893301,21975100,81800,2,2,"ENSE00003496053",21970902,21971208,21970902,21971208,307,1,TRUE,1,3,"whole_coding_sequence",TRUE,FALSE
"CNA_event_000299","PAVMZJ","HOMDEL",299,"9",21893301,21975100,81800,3,3,"ENSE00003529527",21968232,21968242,21968232,21968242,11,1,TRUE,1,3,"whole_coding_sequence",TRUE,FALSE
"CNA_event_000300","PAVMPB","HOMDEL",300,"9",21774601,22103000,328400,1,1,"ENSE00001833804",21974678,21974827,21974678,21974827,150,1,TRUE,1,3,"whole_coding_sequence",TRUE,FALSE
"CNA_event_000300","PAVMPB","HOMDEL",300,"9",21774601,22103000,328400,2,2,"ENSE00003496053",21970902,21971208,21970902,21971208,307,1,TRUE,1,3,"whole_coding_sequence",TRUE,FALSE
"CNA_event_000300","PAVMPB","HOMDEL",300,"9",21774601,22103000,328400,3,3,"ENSE00003529527",21968232,21968242,21968232,21968242,11,1,TRUE,1,3,"whole_coding_sequence",TRUE,FALSE
"CNA_event_000301","PAVLMY","HOMDEL",301,"9",21883501,21993800,110300,1,1,"ENSE00001833804",21974678,21974827,21974678,21974827,150,1,TRUE,1,3,"whole_coding_sequence",TRUE,FALSE
"CNA_event_000301","PAVLMY","HOMDEL",301,"9",21883501,21993800,110300,2,2,"ENSE00003496053",21970902,21971208,21970902,21971208,307,1,TRUE,1,3,"whole_coding_sequence",TRUE,FALSE
"CNA_event_000301","PAVLMY","HOMDEL",301,"9",21883501,21993800,110300,3,3,"ENSE00003529527",21968232,21968242,21968232,21968242,11,1,TRUE,1,3,"whole_coding_sequence",TRUE,FALSE
"CNA_event_000303","PAVKWV","HOMDEL",303,"9",21579001,21994200,415200,1,1,"ENSE00001833804",21974678,21974827,21974678,21974827,150,1,TRUE,1,3,"whole_coding_sequence",TRUE,FALSE
"CNA_event_000303","PAVKWV","HOMDEL",303,"9",21579001,21994200,415200,2,2,"ENSE00003496053",21970902,21971208,21970902,21971208,307,1,TRUE,1,3,"whole_coding_sequence",TRUE,FALSE
"CNA_event_000303","PAVKWV","HOMDEL",303,"9",21579001,21994200,415200,3,3,"ENSE00003529527",21968232,21968242,21968232,21968242,11,1,TRUE,1,3,"whole_coding_sequence",TRUE,FALSE
"CNA_event_000304","PAVKJU","HOMDEL",304,"9",21958401,23199300,1240900,1,1,"ENSE00001833804",21974678,21974827,21974678,21974827,150,1,TRUE,1,3,"whole_coding_sequence",TRUE,FALSE
"CNA_event_000304","PAVKJU","HOMDEL",304,"9",21958401,23199300,1240900,2,2,"ENSE00003496053",21970902,21971208,21970902,21971208,307,1,TRUE,1,3,"whole_coding_sequence",TRUE,FALSE
"CNA_event_000304","PAVKJU","HOMDEL",304,"9",21958401,23199300,1240900,3,3,"ENSE00003529527",21968232,21968242,21968232,21968242,11,1,TRUE,1,3,"whole_coding_sequence",TRUE,FALSE
"CNA_event_000305","PAVKCV","HOMDEL",305,"9",21825601,21993800,168200,1,1,"ENSE00001833804",21974678,21974827,21974678,21974827,150,1,TRUE,1,3,"whole_coding_sequence",TRUE,FALSE
"CNA_event_000305","PAVKCV","HOMDEL",305,"9",21825601,21993800,168200,2,2,"ENSE00003496053",21970902,21971208,21970902,21971208,307,1,TRUE,1,3,"whole_coding_sequence",TRUE,FALSE
"CNA_event_000305","PAVKCV","HOMDEL",305,"9",21825601,21993800,168200,3,3,"ENSE00003529527",21968232,21968242,21968232,21968242,11,1,TRUE,1,3,"whole_coding_sequence",TRUE,FALSE
"CNA_event_000306","PAVJBF","HOMDEL",306,"9",21637801,25524000,3886200,1,1,"ENSE00001833804",21974678,21974827,21974678,21974827,150,1,TRUE,1,3,"whole_coding_sequence",TRUE,FALSE
"CNA_event_000306","PAVJBF","HOMDEL",306,"9",21637801,25524000,3886200,2,2,"ENSE00003496053",21970902,21971208,21970902,21971208,307,1,TRUE,1,3,"whole_coding_sequence",TRUE,FALSE
"CNA_event_000306","PAVJBF","HOMDEL",306,"9",21637801,25524000,3886200,3,3,"ENSE00003529527",21968232,21968242,21968232,21968242,11,1,TRUE,1,3,"whole_coding_sequence",TRUE,FALSE
"CNA_event_000307","PAVIDN","HOMDEL",307,"9",21840401,21987500,147100,1,1,"ENSE00001833804",21974678,21974827,21974678,21974827,150,1,TRUE,1,3,"whole_coding_sequence",TRUE,FALSE
"CNA_event_000307","PAVIDN","HOMDEL",307,"9",21840401,21987500,147100,2,2,"ENSE00003496053",21970902,21971208,21970902,21971208,307,1,TRUE,1,3,"whole_coding_sequence",TRUE,FALSE
"CNA_event_000307","PAVIDN","HOMDEL",307,"9",21840401,21987500,147100,3,3,"ENSE00003529527",21968232,21968242,21968232,21968242,11,1,TRUE,1,3,"whole_coding_sequence",TRUE,FALSE
"CNA_event_000308","PAVHBL","HOMDEL",308,"9",21759801,21980600,220800,1,1,"ENSE00001833804",21974678,21974827,21974678,21974827,150,1,TRUE,1,3,"whole_coding_sequence",TRUE,FALSE
"CNA_event_000308","PAVHBL","HOMDEL",308,"9",21759801,21980600,220800,2,2,"ENSE00003496053",21970902,21971208,21970902,21971208,307,1,TRUE,1,3,"whole_coding_sequence",TRUE,FALSE
"CNA_event_000308","PAVHBL","HOMDEL",308,"9",21759801,21980600,220800,3,3,"ENSE00003529527",21968232,21968242,21968232,21968242,11,1,TRUE,1,3,"whole_coding_sequence",TRUE,FALSE
"CNA_event_000309","PAVHBC","HOMDEL",309,"9",21953001,22066600,113600,1,1,"ENSE00001833804",21974678,21974827,21974678,21974827,150,1,TRUE,1,3,"whole_coding_sequence",TRUE,FALSE
"CNA_event_000309","PAVHBC","HOMDEL",309,"9",21953001,22066600,113600,2,2,"ENSE00003496053",21970902,21971208,21970902,21971208,307,1,TRUE,1,3,"whole_coding_sequence",TRUE,FALSE
"CNA_event_000309","PAVHBC","HOMDEL",309,"9",21953001,22066600,113600,3,3,"ENSE00003529527",21968232,21968242,21968232,21968242,11,1,TRUE,1,3,"whole_coding_sequence",TRUE,FALSE
"CNA_event_000310","PAVGMF","HOMDEL",310,"9",21793401,21993800,200400,1,1,"ENSE00001833804",21974678,21974827,21974678,21974827,150,1,TRUE,1,3,"whole_coding_sequence",TRUE,FALSE
"CNA_event_000310","PAVGMF","HOMDEL",310,"9",21793401,21993800,200400,2,2,"ENSE00003496053",21970902,21971208,21970902,21971208,307,1,TRUE,1,3,"whole_coding_sequence",TRUE,FALSE
"CNA_event_000310","PAVGMF","HOMDEL",310,"9",21793401,21993800,200400,3,3,"ENSE00003529527",21968232,21968242,21968232,21968242,11,1,TRUE,1,3,"whole_coding_sequence",TRUE,FALSE
"CNA_event_000311","PAVESF","HOMDEL",311,"9",21914501,21991500,77000,1,1,"ENSE00001833804",21974678,21974827,21974678,21974827,150,1,TRUE,1,3,"whole_coding_sequence",TRUE,FALSE
"CNA_event_000311","PAVESF","HOMDEL",311,"9",21914501,21991500,77000,2,2,"ENSE00003496053",21970902,21971208,21970902,21971208,307,1,TRUE,1,3,"whole_coding_sequence",TRUE,FALSE
"CNA_event_000311","PAVESF","HOMDEL",311,"9",21914501,21991500,77000,3,3,"ENSE00003529527",21968232,21968242,21968232,21968242,11,1,TRUE,1,3,"whole_coding_sequence",TRUE,FALSE
"CNA_event_000312","PAVDJU","HOMDEL",312,"9",21728601,22305100,576500,1,1,"ENSE00001833804",21974678,21974827,21974678,21974827,150,1,TRUE,1,3,"whole_coding_sequence",TRUE,FALSE
"CNA_event_000312","PAVDJU","HOMDEL",312,"9",21728601,22305100,576500,2,2,"ENSE00003496053",21970902,21971208,21970902,21971208,307,1,TRUE,1,3,"whole_coding_sequence",TRUE,FALSE
"CNA_event_000312","PAVDJU","HOMDEL",312,"9",21728601,22305100,576500,3,3,"ENSE00003529527",21968232,21968242,21968232,21968242,11,1,TRUE,1,3,"whole_coding_sequence",TRUE,FALSE
"CNA_event_000313","PAVDEB","HOMDEL",313,"9",21802301,21988800,186500,1,1,"ENSE00001833804",21974678,21974827,21974678,21974827,150,1,TRUE,1,3,"whole_coding_sequence",TRUE,FALSE
"CNA_event_000313","PAVDEB","HOMDEL",313,"9",21802301,21988800,186500,2,2,"ENSE00003496053",21970902,21971208,21970902,21971208,307,1,TRUE,1,3,"whole_coding_sequence",TRUE,FALSE
"CNA_event_000313","PAVDEB","HOMDEL",313,"9",21802301,21988800,186500,3,3,"ENSE00003529527",21968232,21968242,21968232,21968242,11,1,TRUE,1,3,"whole_coding_sequence",TRUE,FALSE
"CNA_event_000314","PAVCYV","HOMDEL",314,"9",21858601,22003500,144900,1,1,"ENSE00001833804",21974678,21974827,21974678,21974827,150,1,TRUE,1,3,"whole_coding_sequence",TRUE,FALSE
"CNA_event_000314","PAVCYV","HOMDEL",314,"9",21858601,22003500,144900,2,2,"ENSE00003496053",21970902,21971208,21970902,21971208,307,1,TRUE,1,3,"whole_coding_sequence",TRUE,FALSE
"CNA_event_000314","PAVCYV","HOMDEL",314,"9",21858601,22003500,144900,3,3,"ENSE00003529527",21968232,21968242,21968232,21968242,11,1,TRUE,1,3,"whole_coding_sequence",TRUE,FALSE
"CNA_event_000315","PAVCRK","HOMDEL",315,"9",19862501,23691000,3828500,1,1,"ENSE00001833804",21974678,21974827,21974678,21974827,150,1,TRUE,1,3,"whole_coding_sequence",TRUE,FALSE
"CNA_event_000315","PAVCRK","HOMDEL",315,"9",19862501,23691000,3828500,2,2,"ENSE00003496053",21970902,21971208,21970902,21971208,307,1,TRUE,1,3,"whole_coding_sequence",TRUE,FALSE
"CNA_event_000315","PAVCRK","HOMDEL",315,"9",19862501,23691000,3828500,3,3,"ENSE00003529527",21968232,21968242,21968232,21968242,11,1,TRUE,1,3,"whole_coding_sequence",TRUE,FALSE
"CNA_event_000316","PAVBFC","HOMDEL",316,"9",21767301,22028600,261300,1,1,"ENSE00001833804",21974678,21974827,21974678,21974827,150,1,TRUE,1,3,"whole_coding_sequence",TRUE,FALSE
"CNA_event_000316","PAVBFC","HOMDEL",316,"9",21767301,22028600,261300,2,2,"ENSE00003496053",21970902,21971208,21970902,21971208,307,1,TRUE,1,3,"whole_coding_sequence",TRUE,FALSE
"CNA_event_000316","PAVBFC","HOMDEL",316,"9",21767301,22028600,261300,3,3,"ENSE00003529527",21968232,21968242,21968232,21968242,11,1,TRUE,1,3,"whole_coding_sequence",TRUE,FALSE
"CNA_event_000317","PAVAIR","HOMDEL",317,"9",21809801,22058800,249000,1,1,"ENSE00001833804",21974678,21974827,21974678,21974827,150,1,TRUE,1,3,"whole_coding_sequence",TRUE,FALSE
"CNA_event_000317","PAVAIR","HOMDEL",317,"9",21809801,22058800,249000,2,2,"ENSE00003496053",21970902,21971208,21970902,21971208,307,1,TRUE,1,3,"whole_coding_sequence",TRUE,FALSE
"CNA_event_000317","PAVAIR","HOMDEL",317,"9",21809801,22058800,249000,3,3,"ENSE00003529527",21968232,21968242,21968232,21968242,11,1,TRUE,1,3,"whole_coding_sequence",TRUE,FALSE
"CNA_event_000319","PAUZHK","HOMDEL",319,"9",21415201,21983200,568000,1,1,"ENSE00001833804",21974678,21974827,21974678,21974827,150,1,TRUE,1,3,"whole_coding_sequence",TRUE,FALSE
"CNA_event_000319","PAUZHK","HOMDEL",319,"9",21415201,21983200,568000,2,2,"ENSE00003496053",21970902,21971208,21970902,21971208,307,1,TRUE,1,3,"whole_coding_sequence",TRUE,FALSE
"CNA_event_000319","PAUZHK","HOMDEL",319,"9",21415201,21983200,568000,3,3,"ENSE00003529527",21968232,21968242,21968232,21968242,11,1,TRUE,1,3,"whole_coding_sequence",TRUE,FALSE
"CNA_event_000320","PAUYSV","HOMDEL",320,"9",21943901,21993800,49900,1,1,"ENSE00001833804",21974678,21974827,21974678,21974827,150,1,TRUE,1,3,"whole_coding_sequence",TRUE,FALSE
"CNA_event_000320","PAUYSV","HOMDEL",320,"9",21943901,21993800,49900,2,2,"ENSE00003496053",21970902,21971208,21970902,21971208,307,1,TRUE,1,3,"whole_coding_sequence",TRUE,FALSE
"CNA_event_000320","PAUYSV","HOMDEL",320,"9",21943901,21993800,49900,3,3,"ENSE00003529527",21968232,21968242,21968232,21968242,11,1,TRUE,1,3,"whole_coding_sequence",TRUE,FALSE
"CNA_event_000321","PAUXZN","HOMDEL",321,"9",21870001,22014600,144600,1,1,"ENSE00001833804",21974678,21974827,21974678,21974827,150,1,TRUE,1,3,"whole_coding_sequence",TRUE,FALSE
"CNA_event_000321","PAUXZN","HOMDEL",321,"9",21870001,22014600,144600,2,2,"ENSE00003496053",21970902,21971208,21970902,21971208,307,1,TRUE,1,3,"whole_coding_sequence",TRUE,FALSE
"CNA_event_000321","PAUXZN","HOMDEL",321,"9",21870001,22014600,144600,3,3,"ENSE00003529527",21968232,21968242,21968232,21968242,11,1,TRUE,1,3,"whole_coding_sequence",TRUE,FALSE
"CNA_event_000322","PAUXRM","HOMDEL",322,"9",21903101,22021700,118600,1,1,"ENSE00001833804",21974678,21974827,21974678,21974827,150,1,TRUE,1,3,"whole_coding_sequence",TRUE,FALSE
"CNA_event_000322","PAUXRM","HOMDEL",322,"9",21903101,22021700,118600,2,2,"ENSE00003496053",21970902,21971208,21970902,21971208,307,1,TRUE,1,3,"whole_coding_sequence",TRUE,FALSE
"CNA_event_000322","PAUXRM","HOMDEL",322,"9",21903101,22021700,118600,3,3,"ENSE00003529527",21968232,21968242,21968232,21968242,11,1,TRUE,1,3,"whole_coding_sequence",TRUE,FALSE
"CNA_event_000323","PAUXKE","HOMDEL",323,"9",21828301,21993800,165500,1,1,"ENSE00001833804",21974678,21974827,21974678,21974827,150,1,TRUE,1,3,"whole_coding_sequence",TRUE,FALSE
"CNA_event_000323","PAUXKE","HOMDEL",323,"9",21828301,21993800,165500,2,2,"ENSE00003496053",21970902,21971208,21970902,21971208,307,1,TRUE,1,3,"whole_coding_sequence",TRUE,FALSE
"CNA_event_000323","PAUXKE","HOMDEL",323,"9",21828301,21993800,165500,3,3,"ENSE00003529527",21968232,21968242,21968232,21968242,11,1,TRUE,1,3,"whole_coding_sequence",TRUE,FALSE
"CNA_event_000324","PAUXAI","HOMDEL",324,"9",21793201,21993800,200600,1,1,"ENSE00001833804",21974678,21974827,21974678,21974827,150,1,TRUE,1,3,"whole_coding_sequence",TRUE,FALSE
"CNA_event_000324","PAUXAI","HOMDEL",324,"9",21793201,21993800,200600,2,2,"ENSE00003496053",21970902,21971208,21970902,21971208,307,1,TRUE,1,3,"whole_coding_sequence",TRUE,FALSE
"CNA_event_000324","PAUXAI","HOMDEL",324,"9",21793201,21993800,200600,3,3,"ENSE00003529527",21968232,21968242,21968232,21968242,11,1,TRUE,1,3,"whole_coding_sequence",TRUE,FALSE
"CNA_event_000325","PAUWXI","HOMDEL",325,"9",21045801,23583000,2537200,1,1,"ENSE00001833804",21974678,21974827,21974678,21974827,150,1,TRUE,1,3,"whole_coding_sequence",TRUE,FALSE
"CNA_event_000325","PAUWXI","HOMDEL",325,"9",21045801,23583000,2537200,2,2,"ENSE00003496053",21970902,21971208,21970902,21971208,307,1,TRUE,1,3,"whole_coding_sequence",TRUE,FALSE
"CNA_event_000325","PAUWXI","HOMDEL",325,"9",21045801,23583000,2537200,3,3,"ENSE00003529527",21968232,21968242,21968232,21968242,11,1,TRUE,1,3,"whole_coding_sequence",TRUE,FALSE
"CNA_event_000326","PAUWUY","HOMDEL",326,"9",21902501,24778700,2876200,1,1,"ENSE00001833804",21974678,21974827,21974678,21974827,150,1,TRUE,1,3,"whole_coding_sequence",TRUE,FALSE
"CNA_event_000326","PAUWUY","HOMDEL",326,"9",21902501,24778700,2876200,2,2,"ENSE00003496053",21970902,21971208,21970902,21971208,307,1,TRUE,1,3,"whole_coding_sequence",TRUE,FALSE
"CNA_event_000326","PAUWUY","HOMDEL",326,"9",21902501,24778700,2876200,3,3,"ENSE00003529527",21968232,21968242,21968232,21968242,11,1,TRUE,1,3,"whole_coding_sequence",TRUE,FALSE
"CNA_event_000327","PAUWMZ","HOMDEL",327,"9",20327101,22238900,1911800,1,1,"ENSE00001833804",21974678,21974827,21974678,21974827,150,1,TRUE,1,3,"whole_coding_sequence",TRUE,FALSE
"CNA_event_000327","PAUWMZ","HOMDEL",327,"9",20327101,22238900,1911800,2,2,"ENSE00003496053",21970902,21971208,21970902,21971208,307,1,TRUE,1,3,"whole_coding_sequence",TRUE,FALSE
"CNA_event_000327","PAUWMZ","HOMDEL",327,"9",20327101,22238900,1911800,3,3,"ENSE00003529527",21968232,21968242,21968232,21968242,11,1,TRUE,1,3,"whole_coding_sequence",TRUE,FALSE
"CNA_event_000328","PAUVTP","HOMDEL",328,"9",21966101,21979200,13100,1,1,"ENSE00001833804",21974678,21974827,21974678,21974827,150,1,TRUE,1,3,"whole_coding_sequence",TRUE,FALSE
"CNA_event_000328","PAUVTP","HOMDEL",328,"9",21966101,21979200,13100,2,2,"ENSE00003496053",21970902,21971208,21970902,21971208,307,1,TRUE,1,3,"whole_coding_sequence",TRUE,FALSE
"CNA_event_000328","PAUVTP","HOMDEL",328,"9",21966101,21979200,13100,3,3,"ENSE00003529527",21968232,21968242,21968232,21968242,11,1,TRUE,1,3,"whole_coding_sequence",TRUE,FALSE
"CNA_event_000329","PAUVSC","HOMDEL",329,"9",20652801,23250300,2597500,1,1,"ENSE00001833804",21974678,21974827,21974678,21974827,150,1,TRUE,1,3,"whole_coding_sequence",TRUE,FALSE
"CNA_event_000329","PAUVSC","HOMDEL",329,"9",20652801,23250300,2597500,2,2,"ENSE00003496053",21970902,21971208,21970902,21971208,307,1,TRUE,1,3,"whole_coding_sequence",TRUE,FALSE
"CNA_event_000329","PAUVSC","HOMDEL",329,"9",20652801,23250300,2597500,3,3,"ENSE00003529527",21968232,21968242,21968232,21968242,11,1,TRUE,1,3,"whole_coding_sequence",TRUE,FALSE
"CNA_event_000330","PAUVAJ","HOMDEL",330,"9",21085501,22216200,1130700,1,1,"ENSE00001833804",21974678,21974827,21974678,21974827,150,1,TRUE,1,3,"whole_coding_sequence",TRUE,FALSE
"CNA_event_000330","PAUVAJ","HOMDEL",330,"9",21085501,22216200,1130700,2,2,"ENSE00003496053",21970902,21971208,21970902,21971208,307,1,TRUE,1,3,"whole_coding_sequence",TRUE,FALSE
"CNA_event_000330","PAUVAJ","HOMDEL",330,"9",21085501,22216200,1130700,3,3,"ENSE00003529527",21968232,21968242,21968232,21968242,11,1,TRUE,1,3,"whole_coding_sequence",TRUE,FALSE
"CNA_event_000331","PAUUAL","HOMDEL",331,"9",20834401,22496400,1662000,1,1,"ENSE00001833804",21974678,21974827,21974678,21974827,150,1,TRUE,1,3,"whole_coding_sequence",TRUE,FALSE
"CNA_event_000331","PAUUAL","HOMDEL",331,"9",20834401,22496400,1662000,2,2,"ENSE00003496053",21970902,21971208,21970902,21971208,307,1,TRUE,1,3,"whole_coding_sequence",TRUE,FALSE
"CNA_event_000331","PAUUAL","HOMDEL",331,"9",20834401,22496400,1662000,3,3,"ENSE00003529527",21968232,21968242,21968232,21968242,11,1,TRUE,1,3,"whole_coding_sequence",TRUE,FALSE
"CNA_event_000333","PAUTBD","HOMDEL",333,"9",21825501,21994000,168500,1,1,"ENSE00001833804",21974678,21974827,21974678,21974827,150,1,TRUE,1,3,"whole_coding_sequence",TRUE,FALSE
"CNA_event_000333","PAUTBD","HOMDEL",333,"9",21825501,21994000,168500,2,2,"ENSE00003496053",21970902,21971208,21970902,21971208,307,1,TRUE,1,3,"whole_coding_sequence",TRUE,FALSE
"CNA_event_000333","PAUTBD","HOMDEL",333,"9",21825501,21994000,168500,3,3,"ENSE00003529527",21968232,21968242,21968232,21968242,11,1,TRUE,1,3,"whole_coding_sequence",TRUE,FALSE
"CNA_event_000334","PAUSPZ","HOMDEL",334,"9",21949001,21993400,44400,1,1,"ENSE00001833804",21974678,21974827,21974678,21974827,150,1,TRUE,1,3,"whole_coding_sequence",TRUE,FALSE
"CNA_event_000334","PAUSPZ","HOMDEL",334,"9",21949001,21993400,44400,2,2,"ENSE00003496053",21970902,21971208,21970902,21971208,307,1,TRUE,1,3,"whole_coding_sequence",TRUE,FALSE
"CNA_event_000334","PAUSPZ","HOMDEL",334,"9",21949001,21993400,44400,3,3,"ENSE00003529527",21968232,21968242,21968232,21968242,11,1,TRUE,1,3,"whole_coding_sequence",TRUE,FALSE
"CNA_event_000335","PAUSIS","HOMDEL",335,"9",21966601,21991500,24900,1,1,"ENSE00001833804",21974678,21974827,21974678,21974827,150,1,TRUE,1,3,"whole_coding_sequence",TRUE,FALSE
"CNA_event_000335","PAUSIS","HOMDEL",335,"9",21966601,21991500,24900,2,2,"ENSE00003496053",21970902,21971208,21970902,21971208,307,1,TRUE,1,3,"whole_coding_sequence",TRUE,FALSE
"CNA_event_000335","PAUSIS","HOMDEL",335,"9",21966601,21991500,24900,3,3,"ENSE00003529527",21968232,21968242,21968232,21968242,11,1,TRUE,1,3,"whole_coding_sequence",TRUE,FALSE
"CNA_event_000336","PAURSX","HOMDEL",336,"9",21793001,21993800,200800,1,1,"ENSE00001833804",21974678,21974827,21974678,21974827,150,1,TRUE,1,3,"whole_coding_sequence",TRUE,FALSE
"CNA_event_000336","PAURSX","HOMDEL",336,"9",21793001,21993800,200800,2,2,"ENSE00003496053",21970902,21971208,21970902,21971208,307,1,TRUE,1,3,"whole_coding_sequence",TRUE,FALSE
"CNA_event_000336","PAURSX","HOMDEL",336,"9",21793001,21993800,200800,3,3,"ENSE00003529527",21968232,21968242,21968232,21968242,11,1,TRUE,1,3,"whole_coding_sequence",TRUE,FALSE
"CNA_event_000337","PAURLU","HOMDEL",337,"9",21833901,21993800,159900,1,1,"ENSE00001833804",21974678,21974827,21974678,21974827,150,1,TRUE,1,3,"whole_coding_sequence",TRUE,FALSE
"CNA_event_000337","PAURLU","HOMDEL",337,"9",21833901,21993800,159900,2,2,"ENSE00003496053",21970902,21971208,21970902,21971208,307,1,TRUE,1,3,"whole_coding_sequence",TRUE,FALSE
"CNA_event_000337","PAURLU","HOMDEL",337,"9",21833901,21993800,159900,3,3,"ENSE00003529527",21968232,21968242,21968232,21968242,11,1,TRUE,1,3,"whole_coding_sequence",TRUE,FALSE
"CNA_event_000338","PAUMKL","HOMDEL",338,"9",21736201,22496500,760300,1,1,"ENSE00001833804",21974678,21974827,21974678,21974827,150,1,TRUE,1,3,"whole_coding_sequence",TRUE,FALSE
"CNA_event_000338","PAUMKL","HOMDEL",338,"9",21736201,22496500,760300,2,2,"ENSE00003496053",21970902,21971208,21970902,21971208,307,1,TRUE,1,3,"whole_coding_sequence",TRUE,FALSE
"CNA_event_000338","PAUMKL","HOMDEL",338,"9",21736201,22496500,760300,3,3,"ENSE00003529527",21968232,21968242,21968232,21968242,11,1,TRUE,1,3,"whole_coding_sequence",TRUE,FALSE
"CNA_event_000339","PAULZF","HOMDEL",339,"9",21914501,22008300,93800,1,1,"ENSE00001833804",21974678,21974827,21974678,21974827,150,1,TRUE,1,3,"whole_coding_sequence",TRUE,FALSE
"CNA_event_000339","PAULZF","HOMDEL",339,"9",21914501,22008300,93800,2,2,"ENSE00003496053",21970902,21971208,21970902,21971208,307,1,TRUE,1,3,"whole_coding_sequence",TRUE,FALSE
"CNA_event_000339","PAULZF","HOMDEL",339,"9",21914501,22008300,93800,3,3,"ENSE00003529527",21968232,21968242,21968232,21968242,11,1,TRUE,1,3,"whole_coding_sequence",TRUE,FALSE
"CNA_event_000340","PAULGX","HOMDEL",340,"9",21825701,21990200,164500,1,1,"ENSE00001833804",21974678,21974827,21974678,21974827,150,1,TRUE,1,3,"whole_coding_sequence",TRUE,FALSE
"CNA_event_000340","PAULGX","HOMDEL",340,"9",21825701,21990200,164500,2,2,"ENSE00003496053",21970902,21971208,21970902,21971208,307,1,TRUE,1,3,"whole_coding_sequence",TRUE,FALSE
"CNA_event_000340","PAULGX","HOMDEL",340,"9",21825701,21990200,164500,3,3,"ENSE00003529527",21968232,21968242,21968232,21968242,11,1,TRUE,1,3,"whole_coding_sequence",TRUE,FALSE
"CNA_event_000342","PAULGR","HOMDEL",342,"9",21825601,21993800,168200,1,1,"ENSE00001833804",21974678,21974827,21974678,21974827,150,1,TRUE,1,3,"whole_coding_sequence",TRUE,FALSE
"CNA_event_000342","PAULGR","HOMDEL",342,"9",21825601,21993800,168200,2,2,"ENSE00003496053",21970902,21971208,21970902,21971208,307,1,TRUE,1,3,"whole_coding_sequence",TRUE,FALSE
"CNA_event_000342","PAULGR","HOMDEL",342,"9",21825601,21993800,168200,3,3,"ENSE00003529527",21968232,21968242,21968232,21968242,11,1,TRUE,1,3,"whole_coding_sequence",TRUE,FALSE
"CNA_event_000343","PAUJXZ","HOMDEL",343,"9",21955201,21993800,38600,1,1,"ENSE00001833804",21974678,21974827,21974678,21974827,150,1,TRUE,1,3,"whole_coding_sequence",TRUE,FALSE
"CNA_event_000343","PAUJXZ","HOMDEL",343,"9",21955201,21993800,38600,2,2,"ENSE00003496053",21970902,21971208,21970902,21971208,307,1,TRUE,1,3,"whole_coding_sequence",TRUE,FALSE
"CNA_event_000343","PAUJXZ","HOMDEL",343,"9",21955201,21993800,38600,3,3,"ENSE00003529527",21968232,21968242,21968232,21968242,11,1,TRUE,1,3,"whole_coding_sequence",TRUE,FALSE
"CNA_event_000344","PAUIMK","HOMDEL",344,"9",21829201,21993800,164600,1,1,"ENSE00001833804",21974678,21974827,21974678,21974827,150,1,TRUE,1,3,"whole_coding_sequence",TRUE,FALSE
"CNA_event_000344","PAUIMK","HOMDEL",344,"9",21829201,21993800,164600,2,2,"ENSE00003496053",21970902,21971208,21970902,21971208,307,1,TRUE,1,3,"whole_coding_sequence",TRUE,FALSE
"CNA_event_000344","PAUIMK","HOMDEL",344,"9",21829201,21993800,164600,3,3,"ENSE00003529527",21968232,21968242,21968232,21968242,11,1,TRUE,1,3,"whole_coding_sequence",TRUE,FALSE
"CNA_event_000345","PAUIFA","HOMDEL",345,"9",21962101,21988000,25900,1,1,"ENSE00001833804",21974678,21974827,21974678,21974827,150,1,TRUE,1,3,"whole_coding_sequence",TRUE,FALSE
"CNA_event_000345","PAUIFA","HOMDEL",345,"9",21962101,21988000,25900,2,2,"ENSE00003496053",21970902,21971208,21970902,21971208,307,1,TRUE,1,3,"whole_coding_sequence",TRUE,FALSE
"CNA_event_000345","PAUIFA","HOMDEL",345,"9",21962101,21988000,25900,3,3,"ENSE00003529527",21968232,21968242,21968232,21968242,11,1,TRUE,1,3,"whole_coding_sequence",TRUE,FALSE
"CNA_event_000346","PAUIEM","HOMDEL",346,"9",21944001,21993800,49800,1,1,"ENSE00001833804",21974678,21974827,21974678,21974827,150,1,TRUE,1,3,"whole_coding_sequence",TRUE,FALSE
"CNA_event_000346","PAUIEM","HOMDEL",346,"9",21944001,21993800,49800,2,2,"ENSE00003496053",21970902,21971208,21970902,21971208,307,1,TRUE,1,3,"whole_coding_sequence",TRUE,FALSE
"CNA_event_000346","PAUIEM","HOMDEL",346,"9",21944001,21993800,49800,3,3,"ENSE00003529527",21968232,21968242,21968232,21968242,11,1,TRUE,1,3,"whole_coding_sequence",TRUE,FALSE
"CNA_event_000347","PAUHYI","HOMDEL",347,"9",21334601,22129000,794400,1,1,"ENSE00001833804",21974678,21974827,21974678,21974827,150,1,TRUE,1,3,"whole_coding_sequence",TRUE,FALSE
"CNA_event_000347","PAUHYI","HOMDEL",347,"9",21334601,22129000,794400,2,2,"ENSE00003496053",21970902,21971208,21970902,21971208,307,1,TRUE,1,3,"whole_coding_sequence",TRUE,FALSE
"CNA_event_000347","PAUHYI","HOMDEL",347,"9",21334601,22129000,794400,3,3,"ENSE00003529527",21968232,21968242,21968232,21968242,11,1,TRUE,1,3,"whole_coding_sequence",TRUE,FALSE
"CNA_event_000348","PAUHPC","HOMDEL",348,"9",21803001,22008300,205300,1,1,"ENSE00001833804",21974678,21974827,21974678,21974827,150,1,TRUE,1,3,"whole_coding_sequence",TRUE,FALSE
"CNA_event_000348","PAUHPC","HOMDEL",348,"9",21803001,22008300,205300,2,2,"ENSE00003496053",21970902,21971208,21970902,21971208,307,1,TRUE,1,3,"whole_coding_sequence",TRUE,FALSE
"CNA_event_000348","PAUHPC","HOMDEL",348,"9",21803001,22008300,205300,3,3,"ENSE00003529527",21968232,21968242,21968232,21968242,11,1,TRUE,1,3,"whole_coding_sequence",TRUE,FALSE
"CNA_event_000350","PAUGTY","HOMDEL",350,"9",21848401,23362800,1514400,1,1,"ENSE00001833804",21974678,21974827,21974678,21974827,150,1,TRUE,1,3,"whole_coding_sequence",TRUE,FALSE
"CNA_event_000350","PAUGTY","HOMDEL",350,"9",21848401,23362800,1514400,2,2,"ENSE00003496053",21970902,21971208,21970902,21971208,307,1,TRUE,1,3,"whole_coding_sequence",TRUE,FALSE
"CNA_event_000350","PAUGTY","HOMDEL",350,"9",21848401,23362800,1514400,3,3,"ENSE00003529527",21968232,21968242,21968232,21968242,11,1,TRUE,1,3,"whole_coding_sequence",TRUE,FALSE
"CNA_event_000351","PAUGPY","HOMDEL",351,"9",21663601,22495800,832200,1,1,"ENSE00001833804",21974678,21974827,21974678,21974827,150,1,TRUE,1,3,"whole_coding_sequence",TRUE,FALSE
"CNA_event_000351","PAUGPY","HOMDEL",351,"9",21663601,22495800,832200,2,2,"ENSE00003496053",21970902,21971208,21970902,21971208,307,1,TRUE,1,3,"whole_coding_sequence",TRUE,FALSE
"CNA_event_000351","PAUGPY","HOMDEL",351,"9",21663601,22495800,832200,3,3,"ENSE00003529527",21968232,21968242,21968232,21968242,11,1,TRUE,1,3,"whole_coding_sequence",TRUE,FALSE
"CNA_event_000352","PAUGLY","HOMDEL",352,"9",21835201,22056000,220800,1,1,"ENSE00001833804",21974678,21974827,21974678,21974827,150,1,TRUE,1,3,"whole_coding_sequence",TRUE,FALSE
"CNA_event_000352","PAUGLY","HOMDEL",352,"9",21835201,22056000,220800,2,2,"ENSE00003496053",21970902,21971208,21970902,21971208,307,1,TRUE,1,3,"whole_coding_sequence",TRUE,FALSE
"CNA_event_000352","PAUGLY","HOMDEL",352,"9",21835201,22056000,220800,3,3,"ENSE00003529527",21968232,21968242,21968232,21968242,11,1,TRUE,1,3,"whole_coding_sequence",TRUE,FALSE
"CNA_event_000353","PAUGLK","HOMDEL",353,"9",21824001,22049300,225300,1,1,"ENSE00001833804",21974678,21974827,21974678,21974827,150,1,TRUE,1,3,"whole_coding_sequence",TRUE,FALSE
"CNA_event_000353","PAUGLK","HOMDEL",353,"9",21824001,22049300,225300,2,2,"ENSE00003496053",21970902,21971208,21970902,21971208,307,1,TRUE,1,3,"whole_coding_sequence",TRUE,FALSE
"CNA_event_000353","PAUGLK","HOMDEL",353,"9",21824001,22049300,225300,3,3,"ENSE00003529527",21968232,21968242,21968232,21968242,11,1,TRUE,1,3,"whole_coding_sequence",TRUE,FALSE
"CNA_event_000354","PAUGDZ","HOMDEL",354,"9",21966601,21991600,25000,1,1,"ENSE00001833804",21974678,21974827,21974678,21974827,150,1,TRUE,1,3,"whole_coding_sequence",TRUE,FALSE
"CNA_event_000354","PAUGDZ","HOMDEL",354,"9",21966601,21991600,25000,2,2,"ENSE00003496053",21970902,21971208,21970902,21971208,307,1,TRUE,1,3,"whole_coding_sequence",TRUE,FALSE
"CNA_event_000354","PAUGDZ","HOMDEL",354,"9",21966601,21991600,25000,3,3,"ENSE00003529527",21968232,21968242,21968232,21968242,11,1,TRUE,1,3,"whole_coding_sequence",TRUE,FALSE
"CNA_event_000355","PAUGAP","HOMDEL",355,"9",21849601,22377500,527900,1,1,"ENSE00001833804",21974678,21974827,21974678,21974827,150,1,TRUE,1,3,"whole_coding_sequence",TRUE,FALSE
"CNA_event_000355","PAUGAP","HOMDEL",355,"9",21849601,22377500,527900,2,2,"ENSE00003496053",21970902,21971208,21970902,21971208,307,1,TRUE,1,3,"whole_coding_sequence",TRUE,FALSE
"CNA_event_000355","PAUGAP","HOMDEL",355,"9",21849601,22377500,527900,3,3,"ENSE00003529527",21968232,21968242,21968232,21968242,11,1,TRUE,1,3,"whole_coding_sequence",TRUE,FALSE
"CNA_event_000356","PAUFFN","HOMDEL",356,"9",21954901,21993000,38100,1,1,"ENSE00001833804",21974678,21974827,21974678,21974827,150,1,TRUE,1,3,"whole_coding_sequence",TRUE,FALSE
"CNA_event_000356","PAUFFN","HOMDEL",356,"9",21954901,21993000,38100,2,2,"ENSE00003496053",21970902,21971208,21970902,21971208,307,1,TRUE,1,3,"whole_coding_sequence",TRUE,FALSE
"CNA_event_000356","PAUFFN","HOMDEL",356,"9",21954901,21993000,38100,3,3,"ENSE00003529527",21968232,21968242,21968232,21968242,11,1,TRUE,1,3,"whole_coding_sequence",TRUE,FALSE
"CNA_event_000357","PAUEUC","HOMDEL",357,"9",21834501,22100000,265500,1,1,"ENSE00001833804",21974678,21974827,21974678,21974827,150,1,TRUE,1,3,"whole_coding_sequence",TRUE,FALSE
"CNA_event_000357","PAUEUC","HOMDEL",357,"9",21834501,22100000,265500,2,2,"ENSE00003496053",21970902,21971208,21970902,21971208,307,1,TRUE,1,3,"whole_coding_sequence",TRUE,FALSE
"CNA_event_000357","PAUEUC","HOMDEL",357,"9",21834501,22100000,265500,3,3,"ENSE00003529527",21968232,21968242,21968232,21968242,11,1,TRUE,1,3,"whole_coding_sequence",TRUE,FALSE
"CNA_event_000358","PAUETF","HOMDEL",358,"9",21872801,22496600,623800,1,1,"ENSE00001833804",21974678,21974827,21974678,21974827,150,1,TRUE,1,3,"whole_coding_sequence",TRUE,FALSE
"CNA_event_000358","PAUETF","HOMDEL",358,"9",21872801,22496600,623800,2,2,"ENSE00003496053",21970902,21971208,21970902,21971208,307,1,TRUE,1,3,"whole_coding_sequence",TRUE,FALSE
"CNA_event_000358","PAUETF","HOMDEL",358,"9",21872801,22496600,623800,3,3,"ENSE00003529527",21968232,21968242,21968232,21968242,11,1,TRUE,1,3,"whole_coding_sequence",TRUE,FALSE
"CNA_event_000359","PAUEJV","HOMDEL",359,"9",21960801,21993800,33000,1,1,"ENSE00001833804",21974678,21974827,21974678,21974827,150,1,TRUE,1,3,"whole_coding_sequence",TRUE,FALSE
"CNA_event_000359","PAUEJV","HOMDEL",359,"9",21960801,21993800,33000,2,2,"ENSE00003496053",21970902,21971208,21970902,21971208,307,1,TRUE,1,3,"whole_coding_sequence",TRUE,FALSE
"CNA_event_000359","PAUEJV","HOMDEL",359,"9",21960801,21993800,33000,3,3,"ENSE00003529527",21968232,21968242,21968232,21968242,11,1,TRUE,1,3,"whole_coding_sequence",TRUE,FALSE
"CNA_event_000360","PAUDPH","HOMDEL",360,"9",21885901,22058500,172600,1,1,"ENSE00001833804",21974678,21974827,21974678,21974827,150,1,TRUE,1,3,"whole_coding_sequence",TRUE,FALSE
"CNA_event_000360","PAUDPH","HOMDEL",360,"9",21885901,22058500,172600,2,2,"ENSE00003496053",21970902,21971208,21970902,21971208,307,1,TRUE,1,3,"whole_coding_sequence",TRUE,FALSE
"CNA_event_000360","PAUDPH","HOMDEL",360,"9",21885901,22058500,172600,3,3,"ENSE00003529527",21968232,21968242,21968232,21968242,11,1,TRUE,1,3,"whole_coding_sequence",TRUE,FALSE
"CNA_event_000361","PAUCRG","HOMDEL",361,"9",21966501,22046400,79900,1,1,"ENSE00001833804",21974678,21974827,21974678,21974827,150,1,TRUE,1,3,"whole_coding_sequence",TRUE,FALSE
"CNA_event_000361","PAUCRG","HOMDEL",361,"9",21966501,22046400,79900,2,2,"ENSE00003496053",21970902,21971208,21970902,21971208,307,1,TRUE,1,3,"whole_coding_sequence",TRUE,FALSE
"CNA_event_000361","PAUCRG","HOMDEL",361,"9",21966501,22046400,79900,3,3,"ENSE00003529527",21968232,21968242,21968232,21968242,11,1,TRUE,1,3,"whole_coding_sequence",TRUE,FALSE
"CNA_event_000363","PAUBCB","HOMDEL",363,"9",21955201,21993800,38600,1,1,"ENSE00001833804",21974678,21974827,21974678,21974827,150,1,TRUE,1,3,"whole_coding_sequence",TRUE,FALSE
"CNA_event_000363","PAUBCB","HOMDEL",363,"9",21955201,21993800,38600,2,2,"ENSE00003496053",21970902,21971208,21970902,21971208,307,1,TRUE,1,3,"whole_coding_sequence",TRUE,FALSE
"CNA_event_000363","PAUBCB","HOMDEL",363,"9",21955201,21993800,38600,3,3,"ENSE00003529527",21968232,21968242,21968232,21968242,11,1,TRUE,1,3,"whole_coding_sequence",TRUE,FALSE
"CNA_event_000364","PAUBBJ","HOMDEL",364,"9",21214501,23362800,2148300,1,1,"ENSE00001833804",21974678,21974827,21974678,21974827,150,1,TRUE,1,3,"whole_coding_sequence",TRUE,FALSE
"CNA_event_000364","PAUBBJ","HOMDEL",364,"9",21214501,23362800,2148300,2,2,"ENSE00003496053",21970902,21971208,21970902,21971208,307,1,TRUE,1,3,"whole_coding_sequence",TRUE,FALSE
"CNA_event_000364","PAUBBJ","HOMDEL",364,"9",21214501,23362800,2148300,3,3,"ENSE00003529527",21968232,21968242,21968232,21968242,11,1,TRUE,1,3,"whole_coding_sequence",TRUE,FALSE
"CNA_event_000365","PAUAZV","HOMDEL",365,"9",21828301,21993800,165500,1,1,"ENSE00001833804",21974678,21974827,21974678,21974827,150,1,TRUE,1,3,"whole_coding_sequence",TRUE,FALSE
"CNA_event_000365","PAUAZV","HOMDEL",365,"9",21828301,21993800,165500,2,2,"ENSE00003496053",21970902,21971208,21970902,21971208,307,1,TRUE,1,3,"whole_coding_sequence",TRUE,FALSE
"CNA_event_000365","PAUAZV","HOMDEL",365,"9",21828301,21993800,165500,3,3,"ENSE00003529527",21968232,21968242,21968232,21968242,11,1,TRUE,1,3,"whole_coding_sequence",TRUE,FALSE
"CNA_event_000366","PAUAIZ","HOMDEL",366,"9",21888101,22006700,118600,1,1,"ENSE00001833804",21974678,21974827,21974678,21974827,150,1,TRUE,1,3,"whole_coding_sequence",TRUE,FALSE
"CNA_event_000366","PAUAIZ","HOMDEL",366,"9",21888101,22006700,118600,2,2,"ENSE00003496053",21970902,21971208,21970902,21971208,307,1,TRUE,1,3,"whole_coding_sequence",TRUE,FALSE
"CNA_event_000366","PAUAIZ","HOMDEL",366,"9",21888101,22006700,118600,3,3,"ENSE00003529527",21968232,21968242,21968232,21968242,11,1,TRUE,1,3,"whole_coding_sequence",TRUE,FALSE
"CNA_event_000367","PAUAFN","HOMDEL",367,"9",21169201,22496400,1327200,1,1,"ENSE00001833804",21974678,21974827,21974678,21974827,150,1,TRUE,1,3,"whole_coding_sequence",TRUE,FALSE
"CNA_event_000367","PAUAFN","HOMDEL",367,"9",21169201,22496400,1327200,2,2,"ENSE00003496053",21970902,21971208,21970902,21971208,307,1,TRUE,1,3,"whole_coding_sequence",TRUE,FALSE
"CNA_event_000367","PAUAFN","HOMDEL",367,"9",21169201,22496400,1327200,3,3,"ENSE00003529527",21968232,21968242,21968232,21968242,11,1,TRUE,1,3,"whole_coding_sequence",TRUE,FALSE
"CNA_event_000369","PATZST","HOMDEL",369,"9",19970701,22426600,2455900,1,1,"ENSE00001833804",21974678,21974827,21974678,21974827,150,1,TRUE,1,3,"whole_coding_sequence",TRUE,FALSE
"CNA_event_000369","PATZST","HOMDEL",369,"9",19970701,22426600,2455900,2,2,"ENSE00003496053",21970902,21971208,21970902,21971208,307,1,TRUE,1,3,"whole_coding_sequence",TRUE,FALSE
"CNA_event_000369","PATZST","HOMDEL",369,"9",19970701,22426600,2455900,3,3,"ENSE00003529527",21968232,21968242,21968232,21968242,11,1,TRUE,1,3,"whole_coding_sequence",TRUE,FALSE
"CNA_event_000370","PATZSL","HOMDEL",370,"9",21826801,21994400,167600,1,1,"ENSE00001833804",21974678,21974827,21974678,21974827,150,1,TRUE,1,3,"whole_coding_sequence",TRUE,FALSE
"CNA_event_000370","PATZSL","HOMDEL",370,"9",21826801,21994400,167600,2,2,"ENSE00003496053",21970902,21971208,21970902,21971208,307,1,TRUE,1,3,"whole_coding_sequence",TRUE,FALSE
"CNA_event_000370","PATZSL","HOMDEL",370,"9",21826801,21994400,167600,3,3,"ENSE00003529527",21968232,21968242,21968232,21968242,11,1,TRUE,1,3,"whole_coding_sequence",TRUE,FALSE
"CNA_event_000371","PATYMP","HOMDEL",371,"9",21878301,22196600,318300,1,1,"ENSE00001833804",21974678,21974827,21974678,21974827,150,1,TRUE,1,3,"whole_coding_sequence",TRUE,FALSE
"CNA_event_000371","PATYMP","HOMDEL",371,"9",21878301,22196600,318300,2,2,"ENSE00003496053",21970902,21971208,21970902,21971208,307,1,TRUE,1,3,"whole_coding_sequence",TRUE,FALSE
"CNA_event_000371","PATYMP","HOMDEL",371,"9",21878301,22196600,318300,3,3,"ENSE00003529527",21968232,21968242,21968232,21968242,11,1,TRUE,1,3,"whole_coding_sequence",TRUE,FALSE
"CNA_event_000372","PATWXC","HOMDEL",372,"9",21793101,21993800,200700,1,1,"ENSE00001833804",21974678,21974827,21974678,21974827,150,1,TRUE,1,3,"whole_coding_sequence",TRUE,FALSE
"CNA_event_000372","PATWXC","HOMDEL",372,"9",21793101,21993800,200700,2,2,"ENSE00003496053",21970902,21971208,21970902,21971208,307,1,TRUE,1,3,"whole_coding_sequence",TRUE,FALSE
"CNA_event_000372","PATWXC","HOMDEL",372,"9",21793101,21993800,200700,3,3,"ENSE00003529527",21968232,21968242,21968232,21968242,11,1,TRUE,1,3,"whole_coding_sequence",TRUE,FALSE
"CNA_event_000373","PATVDU","HOMDEL",373,"9",21892301,21993800,101500,1,1,"ENSE00001833804",21974678,21974827,21974678,21974827,150,1,TRUE,1,3,"whole_coding_sequence",TRUE,FALSE
"CNA_event_000373","PATVDU","HOMDEL",373,"9",21892301,21993800,101500,2,2,"ENSE00003496053",21970902,21971208,21970902,21971208,307,1,TRUE,1,3,"whole_coding_sequence",TRUE,FALSE
"CNA_event_000373","PATVDU","HOMDEL",373,"9",21892301,21993800,101500,3,3,"ENSE00003529527",21968232,21968242,21968232,21968242,11,1,TRUE,1,3,"whole_coding_sequence",TRUE,FALSE
"CNA_event_000374","PATUDM","HOMDEL",374,"9",21825601,21994100,168500,1,1,"ENSE00001833804",21974678,21974827,21974678,21974827,150,1,TRUE,1,3,"whole_coding_sequence",TRUE,FALSE
"CNA_event_000374","PATUDM","HOMDEL",374,"9",21825601,21994100,168500,2,2,"ENSE00003496053",21970902,21971208,21970902,21971208,307,1,TRUE,1,3,"whole_coding_sequence",TRUE,FALSE
"CNA_event_000374","PATUDM","HOMDEL",374,"9",21825601,21994100,168500,3,3,"ENSE00003529527",21968232,21968242,21968232,21968242,11,1,TRUE,1,3,"whole_coding_sequence",TRUE,FALSE
"CNA_event_000375","PATSPG","HOMDEL",375,"9",21630901,23362800,1731900,1,1,"ENSE00001833804",21974678,21974827,21974678,21974827,150,1,TRUE,1,3,"whole_coding_sequence",TRUE,FALSE
"CNA_event_000375","PATSPG","HOMDEL",375,"9",21630901,23362800,1731900,2,2,"ENSE00003496053",21970902,21971208,21970902,21971208,307,1,TRUE,1,3,"whole_coding_sequence",TRUE,FALSE
"CNA_event_000375","PATSPG","HOMDEL",375,"9",21630901,23362800,1731900,3,3,"ENSE00003529527",21968232,21968242,21968232,21968242,11,1,TRUE,1,3,"whole_coding_sequence",TRUE,FALSE
"CNA_event_000376","PATSDS","HOMDEL",376,"9",21825601,21993800,168200,1,1,"ENSE00001833804",21974678,21974827,21974678,21974827,150,1,TRUE,1,3,"whole_coding_sequence",TRUE,FALSE
"CNA_event_000376","PATSDS","HOMDEL",376,"9",21825601,21993800,168200,2,2,"ENSE00003496053",21970902,21971208,21970902,21971208,307,1,TRUE,1,3,"whole_coding_sequence",TRUE,FALSE
"CNA_event_000376","PATSDS","HOMDEL",376,"9",21825601,21993800,168200,3,3,"ENSE00003529527",21968232,21968242,21968232,21968242,11,1,TRUE,1,3,"whole_coding_sequence",TRUE,FALSE
"CNA_event_000377","PATRNA","HOMDEL",377,"9",21895601,22014100,118500,1,1,"ENSE00001833804",21974678,21974827,21974678,21974827,150,1,TRUE,1,3,"whole_coding_sequence",TRUE,FALSE
"CNA_event_000377","PATRNA","HOMDEL",377,"9",21895601,22014100,118500,2,2,"ENSE00003496053",21970902,21971208,21970902,21971208,307,1,TRUE,1,3,"whole_coding_sequence",TRUE,FALSE
"CNA_event_000377","PATRNA","HOMDEL",377,"9",21895601,22014100,118500,3,3,"ENSE00003529527",21968232,21968242,21968232,21968242,11,1,TRUE,1,3,"whole_coding_sequence",TRUE,FALSE
"CNA_event_000378","PATRGV","HOMDEL",378,"9",21384901,22217100,832200,1,1,"ENSE00001833804",21974678,21974827,21974678,21974827,150,1,TRUE,1,3,"whole_coding_sequence",TRUE,FALSE
"CNA_event_000378","PATRGV","HOMDEL",378,"9",21384901,22217100,832200,2,2,"ENSE00003496053",21970902,21971208,21970902,21971208,307,1,TRUE,1,3,"whole_coding_sequence",TRUE,FALSE
"CNA_event_000378","PATRGV","HOMDEL",378,"9",21384901,22217100,832200,3,3,"ENSE00003529527",21968232,21968242,21968232,21968242,11,1,TRUE,1,3,"whole_coding_sequence",TRUE,FALSE
"CNA_event_000379","PATPDA","HOMDEL",379,"9",21950701,21969700,19000,3,3,"ENSE00003529527",21968232,21968242,21968232,21968242,11,1,TRUE,0.0235042735042735,1,"high_resolution_le_50pct",TRUE,TRUE
"CNA_event_000380","PATMVH","HOMDEL",380,"9",21951601,22448100,496500,1,1,"ENSE00001833804",21974678,21974827,21974678,21974827,150,1,TRUE,1,3,"whole_coding_sequence",TRUE,FALSE
"CNA_event_000380","PATMVH","HOMDEL",380,"9",21951601,22448100,496500,2,2,"ENSE00003496053",21970902,21971208,21970902,21971208,307,1,TRUE,1,3,"whole_coding_sequence",TRUE,FALSE
"CNA_event_000380","PATMVH","HOMDEL",380,"9",21951601,22448100,496500,3,3,"ENSE00003529527",21968232,21968242,21968232,21968242,11,1,TRUE,1,3,"whole_coding_sequence",TRUE,FALSE
"CNA_event_000381","PATMCX","HOMDEL",381,"9",21648901,23057800,1408900,1,1,"ENSE00001833804",21974678,21974827,21974678,21974827,150,1,TRUE,1,3,"whole_coding_sequence",TRUE,FALSE
"CNA_event_000381","PATMCX","HOMDEL",381,"9",21648901,23057800,1408900,2,2,"ENSE00003496053",21970902,21971208,21970902,21971208,307,1,TRUE,1,3,"whole_coding_sequence",TRUE,FALSE
"CNA_event_000381","PATMCX","HOMDEL",381,"9",21648901,23057800,1408900,3,3,"ENSE00003529527",21968232,21968242,21968232,21968242,11,1,TRUE,1,3,"whole_coding_sequence",TRUE,FALSE
"CNA_event_000382","PATLRW","HOMDEL",382,"9",21825501,21993800,168300,1,1,"ENSE00001833804",21974678,21974827,21974678,21974827,150,1,TRUE,1,3,"whole_coding_sequence",TRUE,FALSE
"CNA_event_000382","PATLRW","HOMDEL",382,"9",21825501,21993800,168300,2,2,"ENSE00003496053",21970902,21971208,21970902,21971208,307,1,TRUE,1,3,"whole_coding_sequence",TRUE,FALSE
"CNA_event_000382","PATLRW","HOMDEL",382,"9",21825501,21993800,168300,3,3,"ENSE00003529527",21968232,21968242,21968232,21968242,11,1,TRUE,1,3,"whole_coding_sequence",TRUE,FALSE
"CNA_event_000383","PATLPN","HOMDEL",383,"9",21946601,21992800,46200,1,1,"ENSE00001833804",21974678,21974827,21974678,21974827,150,1,TRUE,1,3,"whole_coding_sequence",TRUE,FALSE
"CNA_event_000383","PATLPN","HOMDEL",383,"9",21946601,21992800,46200,2,2,"ENSE00003496053",21970902,21971208,21970902,21971208,307,1,TRUE,1,3,"whole_coding_sequence",TRUE,FALSE
"CNA_event_000383","PATLPN","HOMDEL",383,"9",21946601,21992800,46200,3,3,"ENSE00003529527",21968232,21968242,21968232,21968242,11,1,TRUE,1,3,"whole_coding_sequence",TRUE,FALSE
"CNA_event_000384","PATLLH","HOMDEL",384,"9",21711401,22956500,1245100,1,1,"ENSE00001833804",21974678,21974827,21974678,21974827,150,1,TRUE,1,3,"whole_coding_sequence",TRUE,FALSE
"CNA_event_000384","PATLLH","HOMDEL",384,"9",21711401,22956500,1245100,2,2,"ENSE00003496053",21970902,21971208,21970902,21971208,307,1,TRUE,1,3,"whole_coding_sequence",TRUE,FALSE
"CNA_event_000384","PATLLH","HOMDEL",384,"9",21711401,22956500,1245100,3,3,"ENSE00003529527",21968232,21968242,21968232,21968242,11,1,TRUE,1,3,"whole_coding_sequence",TRUE,FALSE
"CNA_event_000385","PATKVD","HOMDEL",385,"9",21937901,21993400,55500,1,1,"ENSE00001833804",21974678,21974827,21974678,21974827,150,1,TRUE,1,3,"whole_coding_sequence",TRUE,FALSE
"CNA_event_000385","PATKVD","HOMDEL",385,"9",21937901,21993400,55500,2,2,"ENSE00003496053",21970902,21971208,21970902,21971208,307,1,TRUE,1,3,"whole_coding_sequence",TRUE,FALSE
"CNA_event_000385","PATKVD","HOMDEL",385,"9",21937901,21993400,55500,3,3,"ENSE00003529527",21968232,21968242,21968232,21968242,11,1,TRUE,1,3,"whole_coding_sequence",TRUE,FALSE
"CNA_event_000386","PATJLY","HOMDEL",386,"9",21855401,22033300,177900,1,1,"ENSE00001833804",21974678,21974827,21974678,21974827,150,1,TRUE,1,3,"whole_coding_sequence",TRUE,FALSE
"CNA_event_000386","PATJLY","HOMDEL",386,"9",21855401,22033300,177900,2,2,"ENSE00003496053",21970902,21971208,21970902,21971208,307,1,TRUE,1,3,"whole_coding_sequence",TRUE,FALSE
"CNA_event_000386","PATJLY","HOMDEL",386,"9",21855401,22033300,177900,3,3,"ENSE00003529527",21968232,21968242,21968232,21968242,11,1,TRUE,1,3,"whole_coding_sequence",TRUE,FALSE
"CNA_event_000387","PATIHV","HOMDEL",387,"9",21827701,21993800,166100,1,1,"ENSE00001833804",21974678,21974827,21974678,21974827,150,1,TRUE,1,3,"whole_coding_sequence",TRUE,FALSE
"CNA_event_000387","PATIHV","HOMDEL",387,"9",21827701,21993800,166100,2,2,"ENSE00003496053",21970902,21971208,21970902,21971208,307,1,TRUE,1,3,"whole_coding_sequence",TRUE,FALSE
"CNA_event_000387","PATIHV","HOMDEL",387,"9",21827701,21993800,166100,3,3,"ENSE00003529527",21968232,21968242,21968232,21968242,11,1,TRUE,1,3,"whole_coding_sequence",TRUE,FALSE
"CNA_event_000388","PATHRF","HOMDEL",388,"9",20956201,22036800,1080600,1,1,"ENSE00001833804",21974678,21974827,21974678,21974827,150,1,TRUE,1,3,"whole_coding_sequence",TRUE,FALSE
"CNA_event_000388","PATHRF","HOMDEL",388,"9",20956201,22036800,1080600,2,2,"ENSE00003496053",21970902,21971208,21970902,21971208,307,1,TRUE,1,3,"whole_coding_sequence",TRUE,FALSE
"CNA_event_000388","PATHRF","HOMDEL",388,"9",20956201,22036800,1080600,3,3,"ENSE00003529527",21968232,21968242,21968232,21968242,11,1,TRUE,1,3,"whole_coding_sequence",TRUE,FALSE
"CNA_event_000389","PATGMP","HOMDEL",389,"9",21885201,22002100,116900,1,1,"ENSE00001833804",21974678,21974827,21974678,21974827,150,1,TRUE,1,3,"whole_coding_sequence",TRUE,FALSE
"CNA_event_000389","PATGMP","HOMDEL",389,"9",21885201,22002100,116900,2,2,"ENSE00003496053",21970902,21971208,21970902,21971208,307,1,TRUE,1,3,"whole_coding_sequence",TRUE,FALSE
"CNA_event_000389","PATGMP","HOMDEL",389,"9",21885201,22002100,116900,3,3,"ENSE00003529527",21968232,21968242,21968232,21968242,11,1,TRUE,1,3,"whole_coding_sequence",TRUE,FALSE
"CNA_event_000390","PATGKE","HOMDEL",390,"9",21896301,22496300,600000,1,1,"ENSE00001833804",21974678,21974827,21974678,21974827,150,1,TRUE,1,3,"whole_coding_sequence",TRUE,FALSE
"CNA_event_000390","PATGKE","HOMDEL",390,"9",21896301,22496300,600000,2,2,"ENSE00003496053",21970902,21971208,21970902,21971208,307,1,TRUE,1,3,"whole_coding_sequence",TRUE,FALSE
"CNA_event_000390","PATGKE","HOMDEL",390,"9",21896301,22496300,600000,3,3,"ENSE00003529527",21968232,21968242,21968232,21968242,11,1,TRUE,1,3,"whole_coding_sequence",TRUE,FALSE
"CNA_event_000391","PATFPU","HOMDEL",391,"9",21857301,21993800,136500,1,1,"ENSE00001833804",21974678,21974827,21974678,21974827,150,1,TRUE,1,3,"whole_coding_sequence",TRUE,FALSE
"CNA_event_000391","PATFPU","HOMDEL",391,"9",21857301,21993800,136500,2,2,"ENSE00003496053",21970902,21971208,21970902,21971208,307,1,TRUE,1,3,"whole_coding_sequence",TRUE,FALSE
"CNA_event_000391","PATFPU","HOMDEL",391,"9",21857301,21993800,136500,3,3,"ENSE00003529527",21968232,21968242,21968232,21968242,11,1,TRUE,1,3,"whole_coding_sequence",TRUE,FALSE
"CNA_event_000392","PATFJP","HOMDEL",392,"9",21866101,22150100,284000,1,1,"ENSE00001833804",21974678,21974827,21974678,21974827,150,1,TRUE,1,3,"whole_coding_sequence",TRUE,FALSE
"CNA_event_000392","PATFJP","HOMDEL",392,"9",21866101,22150100,284000,2,2,"ENSE00003496053",21970902,21971208,21970902,21971208,307,1,TRUE,1,3,"whole_coding_sequence",TRUE,FALSE
"CNA_event_000392","PATFJP","HOMDEL",392,"9",21866101,22150100,284000,3,3,"ENSE00003529527",21968232,21968242,21968232,21968242,11,1,TRUE,1,3,"whole_coding_sequence",TRUE,FALSE
"CNA_event_000393","PATEFF","HOMDEL",393,"9",19542201,22496500,2954300,1,1,"ENSE00001833804",21974678,21974827,21974678,21974827,150,1,TRUE,1,3,"whole_coding_sequence",TRUE,FALSE
"CNA_event_000393","PATEFF","HOMDEL",393,"9",19542201,22496500,2954300,2,2,"ENSE00003496053",21970902,21971208,21970902,21971208,307,1,TRUE,1,3,"whole_coding_sequence",TRUE,FALSE
"CNA_event_000393","PATEFF","HOMDEL",393,"9",19542201,22496500,2954300,3,3,"ENSE00003529527",21968232,21968242,21968232,21968242,11,1,TRUE,1,3,"whole_coding_sequence",TRUE,FALSE
"CNA_event_000394","PATEAK","HOMDEL",394,"9",21941401,21996100,54700,1,1,"ENSE00001833804",21974678,21974827,21974678,21974827,150,1,TRUE,1,3,"whole_coding_sequence",TRUE,FALSE
"CNA_event_000394","PATEAK","HOMDEL",394,"9",21941401,21996100,54700,2,2,"ENSE00003496053",21970902,21971208,21970902,21971208,307,1,TRUE,1,3,"whole_coding_sequence",TRUE,FALSE
"CNA_event_000394","PATEAK","HOMDEL",394,"9",21941401,21996100,54700,3,3,"ENSE00003529527",21968232,21968242,21968232,21968242,11,1,TRUE,1,3,"whole_coding_sequence",TRUE,FALSE
"CNA_event_000395","PATDTN","HOMDEL",395,"9",21850201,22190800,340600,1,1,"ENSE00001833804",21974678,21974827,21974678,21974827,150,1,TRUE,1,3,"whole_coding_sequence",TRUE,FALSE
"CNA_event_000395","PATDTN","HOMDEL",395,"9",21850201,22190800,340600,2,2,"ENSE00003496053",21970902,21971208,21970902,21971208,307,1,TRUE,1,3,"whole_coding_sequence",TRUE,FALSE
"CNA_event_000395","PATDTN","HOMDEL",395,"9",21850201,22190800,340600,3,3,"ENSE00003529527",21968232,21968242,21968232,21968242,11,1,TRUE,1,3,"whole_coding_sequence",TRUE,FALSE
"CNA_event_000396","PATDDZ","HOMDEL",396,"9",21948901,21989400,40500,1,1,"ENSE00001833804",21974678,21974827,21974678,21974827,150,1,TRUE,1,3,"whole_coding_sequence",TRUE,FALSE
"CNA_event_000396","PATDDZ","HOMDEL",396,"9",21948901,21989400,40500,2,2,"ENSE00003496053",21970902,21971208,21970902,21971208,307,1,TRUE,1,3,"whole_coding_sequence",TRUE,FALSE
"CNA_event_000396","PATDDZ","HOMDEL",396,"9",21948901,21989400,40500,3,3,"ENSE00003529527",21968232,21968242,21968232,21968242,11,1,TRUE,1,3,"whole_coding_sequence",TRUE,FALSE
"CNA_event_000398","PATDBC","HOMDEL",398,"9",21909001,22081000,172000,1,1,"ENSE00001833804",21974678,21974827,21974678,21974827,150,1,TRUE,1,3,"whole_coding_sequence",TRUE,FALSE
"CNA_event_000398","PATDBC","HOMDEL",398,"9",21909001,22081000,172000,2,2,"ENSE00003496053",21970902,21971208,21970902,21971208,307,1,TRUE,1,3,"whole_coding_sequence",TRUE,FALSE
"CNA_event_000398","PATDBC","HOMDEL",398,"9",21909001,22081000,172000,3,3,"ENSE00003529527",21968232,21968242,21968232,21968242,11,1,TRUE,1,3,"whole_coding_sequence",TRUE,FALSE
"CNA_event_000399","PATCZN","HOMDEL",399,"9",21890301,22022700,132400,1,1,"ENSE00001833804",21974678,21974827,21974678,21974827,150,1,TRUE,1,3,"whole_coding_sequence",TRUE,FALSE
"CNA_event_000399","PATCZN","HOMDEL",399,"9",21890301,22022700,132400,2,2,"ENSE00003496053",21970902,21971208,21970902,21971208,307,1,TRUE,1,3,"whole_coding_sequence",TRUE,FALSE
"CNA_event_000399","PATCZN","HOMDEL",399,"9",21890301,22022700,132400,3,3,"ENSE00003529527",21968232,21968242,21968232,21968242,11,1,TRUE,1,3,"whole_coding_sequence",TRUE,FALSE
"CNA_event_000400","PATCTR","HOMDEL",400,"9",21109801,22402600,1292800,1,1,"ENSE00001833804",21974678,21974827,21974678,21974827,150,1,TRUE,1,3,"whole_coding_sequence",TRUE,FALSE
"CNA_event_000400","PATCTR","HOMDEL",400,"9",21109801,22402600,1292800,2,2,"ENSE00003496053",21970902,21971208,21970902,21971208,307,1,TRUE,1,3,"whole_coding_sequence",TRUE,FALSE
"CNA_event_000400","PATCTR","HOMDEL",400,"9",21109801,22402600,1292800,3,3,"ENSE00003529527",21968232,21968242,21968232,21968242,11,1,TRUE,1,3,"whole_coding_sequence",TRUE,FALSE
"CNA_event_000401","PATBTX","HOMDEL",401,"9",21825401,21993800,168400,1,1,"ENSE00001833804",21974678,21974827,21974678,21974827,150,1,TRUE,1,3,"whole_coding_sequence",TRUE,FALSE
"CNA_event_000401","PATBTX","HOMDEL",401,"9",21825401,21993800,168400,2,2,"ENSE00003496053",21970902,21971208,21970902,21971208,307,1,TRUE,1,3,"whole_coding_sequence",TRUE,FALSE
"CNA_event_000401","PATBTX","HOMDEL",401,"9",21825401,21993800,168400,3,3,"ENSE00003529527",21968232,21968242,21968232,21968242,11,1,TRUE,1,3,"whole_coding_sequence",TRUE,FALSE
"CNA_event_000402","PATBPY","HOMDEL",402,"9",21938401,22007900,69500,1,1,"ENSE00001833804",21974678,21974827,21974678,21974827,150,1,TRUE,1,3,"whole_coding_sequence",TRUE,FALSE
"CNA_event_000402","PATBPY","HOMDEL",402,"9",21938401,22007900,69500,2,2,"ENSE00003496053",21970902,21971208,21970902,21971208,307,1,TRUE,1,3,"whole_coding_sequence",TRUE,FALSE
"CNA_event_000402","PATBPY","HOMDEL",402,"9",21938401,22007900,69500,3,3,"ENSE00003529527",21968232,21968242,21968232,21968242,11,1,TRUE,1,3,"whole_coding_sequence",TRUE,FALSE
"CNA_event_000403","PATBGH","HOMDEL",403,"9",21762301,23193500,1431200,1,1,"ENSE00001833804",21974678,21974827,21974678,21974827,150,1,TRUE,1,3,"whole_coding_sequence",TRUE,FALSE
"CNA_event_000403","PATBGH","HOMDEL",403,"9",21762301,23193500,1431200,2,2,"ENSE00003496053",21970902,21971208,21970902,21971208,307,1,TRUE,1,3,"whole_coding_sequence",TRUE,FALSE
"CNA_event_000403","PATBGH","HOMDEL",403,"9",21762301,23193500,1431200,3,3,"ENSE00003529527",21968232,21968242,21968232,21968242,11,1,TRUE,1,3,"whole_coding_sequence",TRUE,FALSE
"CNA_event_000404","PATATZ","HOMDEL",404,"9",21676501,22496500,820000,1,1,"ENSE00001833804",21974678,21974827,21974678,21974827,150,1,TRUE,1,3,"whole_coding_sequence",TRUE,FALSE
"CNA_event_000404","PATATZ","HOMDEL",404,"9",21676501,22496500,820000,2,2,"ENSE00003496053",21970902,21971208,21970902,21971208,307,1,TRUE,1,3,"whole_coding_sequence",TRUE,FALSE
"CNA_event_000404","PATATZ","HOMDEL",404,"9",21676501,22496500,820000,3,3,"ENSE00003529527",21968232,21968242,21968232,21968242,11,1,TRUE,1,3,"whole_coding_sequence",TRUE,FALSE
"CNA_event_000405","PASZTU","HOMDEL",405,"9",21824001,22110900,286900,1,1,"ENSE00001833804",21974678,21974827,21974678,21974827,150,1,TRUE,1,3,"whole_coding_sequence",TRUE,FALSE
"CNA_event_000405","PASZTU","HOMDEL",405,"9",21824001,22110900,286900,2,2,"ENSE00003496053",21970902,21971208,21970902,21971208,307,1,TRUE,1,3,"whole_coding_sequence",TRUE,FALSE
"CNA_event_000405","PASZTU","HOMDEL",405,"9",21824001,22110900,286900,3,3,"ENSE00003529527",21968232,21968242,21968232,21968242,11,1,TRUE,1,3,"whole_coding_sequence",TRUE,FALSE
"CNA_event_000406","PASZAY","HOMDEL",406,"9",21793201,21993800,200600,1,1,"ENSE00001833804",21974678,21974827,21974678,21974827,150,1,TRUE,1,3,"whole_coding_sequence",TRUE,FALSE
"CNA_event_000406","PASZAY","HOMDEL",406,"9",21793201,21993800,200600,2,2,"ENSE00003496053",21970902,21971208,21970902,21971208,307,1,TRUE,1,3,"whole_coding_sequence",TRUE,FALSE
"CNA_event_000406","PASZAY","HOMDEL",406,"9",21793201,21993800,200600,3,3,"ENSE00003529527",21968232,21968242,21968232,21968242,11,1,TRUE,1,3,"whole_coding_sequence",TRUE,FALSE
"CNA_event_000407","PASYWF","HOMDEL",407,"9",21885801,22062700,176900,1,1,"ENSE00001833804",21974678,21974827,21974678,21974827,150,1,TRUE,1,3,"whole_coding_sequence",TRUE,FALSE
"CNA_event_000407","PASYWF","HOMDEL",407,"9",21885801,22062700,176900,2,2,"ENSE00003496053",21970902,21971208,21970902,21971208,307,1,TRUE,1,3,"whole_coding_sequence",TRUE,FALSE
"CNA_event_000407","PASYWF","HOMDEL",407,"9",21885801,22062700,176900,3,3,"ENSE00003529527",21968232,21968242,21968232,21968242,11,1,TRUE,1,3,"whole_coding_sequence",TRUE,FALSE
"CNA_event_000408","PASYVU","HOMDEL",408,"9",21893201,21993900,100700,1,1,"ENSE00001833804",21974678,21974827,21974678,21974827,150,1,TRUE,1,3,"whole_coding_sequence",TRUE,FALSE
"CNA_event_000408","PASYVU","HOMDEL",408,"9",21893201,21993900,100700,2,2,"ENSE00003496053",21970902,21971208,21970902,21971208,307,1,TRUE,1,3,"whole_coding_sequence",TRUE,FALSE
"CNA_event_000408","PASYVU","HOMDEL",408,"9",21893201,21993900,100700,3,3,"ENSE00003529527",21968232,21968242,21968232,21968242,11,1,TRUE,1,3,"whole_coding_sequence",TRUE,FALSE
"CNA_event_000410","PASXUC","HOMDEL",410,"9",21955401,22045200,89800,1,1,"ENSE00001833804",21974678,21974827,21974678,21974827,150,1,TRUE,1,3,"whole_coding_sequence",TRUE,FALSE
"CNA_event_000410","PASXUC","HOMDEL",410,"9",21955401,22045200,89800,2,2,"ENSE00003496053",21970902,21971208,21970902,21971208,307,1,TRUE,1,3,"whole_coding_sequence",TRUE,FALSE
"CNA_event_000410","PASXUC","HOMDEL",410,"9",21955401,22045200,89800,3,3,"ENSE00003529527",21968232,21968242,21968232,21968242,11,1,TRUE,1,3,"whole_coding_sequence",TRUE,FALSE
"CNA_event_000411","PASXSI","HOMDEL",411,"9",21943301,21976200,32900,1,1,"ENSE00001833804",21974678,21974827,21974678,21974827,150,1,TRUE,1,3,"whole_coding_sequence",TRUE,FALSE
"CNA_event_000411","PASXSI","HOMDEL",411,"9",21943301,21976200,32900,2,2,"ENSE00003496053",21970902,21971208,21970902,21971208,307,1,TRUE,1,3,"whole_coding_sequence",TRUE,FALSE
"CNA_event_000411","PASXSI","HOMDEL",411,"9",21943301,21976200,32900,3,3,"ENSE00003529527",21968232,21968242,21968232,21968242,11,1,TRUE,1,3,"whole_coding_sequence",TRUE,FALSE
"CNA_event_000412","PASXMF","HOMDEL",412,"9",21906101,22035500,129400,1,1,"ENSE00001833804",21974678,21974827,21974678,21974827,150,1,TRUE,1,3,"whole_coding_sequence",TRUE,FALSE
"CNA_event_000412","PASXMF","HOMDEL",412,"9",21906101,22035500,129400,2,2,"ENSE00003496053",21970902,21971208,21970902,21971208,307,1,TRUE,1,3,"whole_coding_sequence",TRUE,FALSE
"CNA_event_000412","PASXMF","HOMDEL",412,"9",21906101,22035500,129400,3,3,"ENSE00003529527",21968232,21968242,21968232,21968242,11,1,TRUE,1,3,"whole_coding_sequence",TRUE,FALSE
"CNA_event_000413","PASWYU","HOMDEL",413,"9",21877401,22023000,145600,1,1,"ENSE00001833804",21974678,21974827,21974678,21974827,150,1,TRUE,1,3,"whole_coding_sequence",TRUE,FALSE
"CNA_event_000413","PASWYU","HOMDEL",413,"9",21877401,22023000,145600,2,2,"ENSE00003496053",21970902,21971208,21970902,21971208,307,1,TRUE,1,3,"whole_coding_sequence",TRUE,FALSE
"CNA_event_000413","PASWYU","HOMDEL",413,"9",21877401,22023000,145600,3,3,"ENSE00003529527",21968232,21968242,21968232,21968242,11,1,TRUE,1,3,"whole_coding_sequence",TRUE,FALSE
"CNA_event_000414","PASWED","HOMDEL",414,"9",21922501,21993800,71300,1,1,"ENSE00001833804",21974678,21974827,21974678,21974827,150,1,TRUE,1,3,"whole_coding_sequence",TRUE,FALSE
"CNA_event_000414","PASWED","HOMDEL",414,"9",21922501,21993800,71300,2,2,"ENSE00003496053",21970902,21971208,21970902,21971208,307,1,TRUE,1,3,"whole_coding_sequence",TRUE,FALSE
"CNA_event_000414","PASWED","HOMDEL",414,"9",21922501,21993800,71300,3,3,"ENSE00003529527",21968232,21968242,21968232,21968242,11,1,TRUE,1,3,"whole_coding_sequence",TRUE,FALSE
"CNA_event_000415","PASWBJ","HOMDEL",415,"9",21806101,22176700,370600,1,1,"ENSE00001833804",21974678,21974827,21974678,21974827,150,1,TRUE,1,3,"whole_coding_sequence",TRUE,FALSE
"CNA_event_000415","PASWBJ","HOMDEL",415,"9",21806101,22176700,370600,2,2,"ENSE00003496053",21970902,21971208,21970902,21971208,307,1,TRUE,1,3,"whole_coding_sequence",TRUE,FALSE
"CNA_event_000415","PASWBJ","HOMDEL",415,"9",21806101,22176700,370600,3,3,"ENSE00003529527",21968232,21968242,21968232,21968242,11,1,TRUE,1,3,"whole_coding_sequence",TRUE,FALSE
"CNA_event_000416","PASVWH","HOMDEL",416,"9",21828001,22001100,173100,1,1,"ENSE00001833804",21974678,21974827,21974678,21974827,150,1,TRUE,1,3,"whole_coding_sequence",TRUE,FALSE
"CNA_event_000416","PASVWH","HOMDEL",416,"9",21828001,22001100,173100,2,2,"ENSE00003496053",21970902,21971208,21970902,21971208,307,1,TRUE,1,3,"whole_coding_sequence",TRUE,FALSE
"CNA_event_000416","PASVWH","HOMDEL",416,"9",21828001,22001100,173100,3,3,"ENSE00003529527",21968232,21968242,21968232,21968242,11,1,TRUE,1,3,"whole_coding_sequence",TRUE,FALSE
"CNA_event_000417","PASVRC","HOMDEL",417,"9",20976501,23362800,2386300,1,1,"ENSE00001833804",21974678,21974827,21974678,21974827,150,1,TRUE,1,3,"whole_coding_sequence",TRUE,FALSE
"CNA_event_000417","PASVRC","HOMDEL",417,"9",20976501,23362800,2386300,2,2,"ENSE00003496053",21970902,21971208,21970902,21971208,307,1,TRUE,1,3,"whole_coding_sequence",TRUE,FALSE
"CNA_event_000417","PASVRC","HOMDEL",417,"9",20976501,23362800,2386300,3,3,"ENSE00003529527",21968232,21968242,21968232,21968242,11,1,TRUE,1,3,"whole_coding_sequence",TRUE,FALSE
"CNA_event_000418","PASUSV","HOMDEL",418,"9",21899501,22038200,138700,1,1,"ENSE00001833804",21974678,21974827,21974678,21974827,150,1,TRUE,1,3,"whole_coding_sequence",TRUE,FALSE
"CNA_event_000418","PASUSV","HOMDEL",418,"9",21899501,22038200,138700,2,2,"ENSE00003496053",21970902,21971208,21970902,21971208,307,1,TRUE,1,3,"whole_coding_sequence",TRUE,FALSE
"CNA_event_000418","PASUSV","HOMDEL",418,"9",21899501,22038200,138700,3,3,"ENSE00003529527",21968232,21968242,21968232,21968242,11,1,TRUE,1,3,"whole_coding_sequence",TRUE,FALSE
"CNA_event_000419","PASUNM","HOMDEL",419,"9",21737501,22496300,758800,1,1,"ENSE00001833804",21974678,21974827,21974678,21974827,150,1,TRUE,1,3,"whole_coding_sequence",TRUE,FALSE
"CNA_event_000419","PASUNM","HOMDEL",419,"9",21737501,22496300,758800,2,2,"ENSE00003496053",21970902,21971208,21970902,21971208,307,1,TRUE,1,3,"whole_coding_sequence",TRUE,FALSE
"CNA_event_000419","PASUNM","HOMDEL",419,"9",21737501,22496300,758800,3,3,"ENSE00003529527",21968232,21968242,21968232,21968242,11,1,TRUE,1,3,"whole_coding_sequence",TRUE,FALSE
"CNA_event_000420","PASUHS","HOMDEL",420,"9",21793901,22161100,367200,1,1,"ENSE00001833804",21974678,21974827,21974678,21974827,150,1,TRUE,1,3,"whole_coding_sequence",TRUE,FALSE
"CNA_event_000420","PASUHS","HOMDEL",420,"9",21793901,22161100,367200,2,2,"ENSE00003496053",21970902,21971208,21970902,21971208,307,1,TRUE,1,3,"whole_coding_sequence",TRUE,FALSE
"CNA_event_000420","PASUHS","HOMDEL",420,"9",21793901,22161100,367200,3,3,"ENSE00003529527",21968232,21968242,21968232,21968242,11,1,TRUE,1,3,"whole_coding_sequence",TRUE,FALSE
"CNA_event_000421","PASTLI","HOMDEL",421,"9",21856701,22124000,267300,1,1,"ENSE00001833804",21974678,21974827,21974678,21974827,150,1,TRUE,1,3,"whole_coding_sequence",TRUE,FALSE
"CNA_event_000421","PASTLI","HOMDEL",421,"9",21856701,22124000,267300,2,2,"ENSE00003496053",21970902,21971208,21970902,21971208,307,1,TRUE,1,3,"whole_coding_sequence",TRUE,FALSE
"CNA_event_000421","PASTLI","HOMDEL",421,"9",21856701,22124000,267300,3,3,"ENSE00003529527",21968232,21968242,21968232,21968242,11,1,TRUE,1,3,"whole_coding_sequence",TRUE,FALSE
"CNA_event_000422","PASTJN","HOMDEL",422,"9",21955601,21992200,36600,1,1,"ENSE00001833804",21974678,21974827,21974678,21974827,150,1,TRUE,1,3,"whole_coding_sequence",TRUE,FALSE
"CNA_event_000422","PASTJN","HOMDEL",422,"9",21955601,21992200,36600,2,2,"ENSE00003496053",21970902,21971208,21970902,21971208,307,1,TRUE,1,3,"whole_coding_sequence",TRUE,FALSE
"CNA_event_000422","PASTJN","HOMDEL",422,"9",21955601,21992200,36600,3,3,"ENSE00003529527",21968232,21968242,21968232,21968242,11,1,TRUE,1,3,"whole_coding_sequence",TRUE,FALSE
"CNA_event_000425","PASSSR","HOMDEL",425,"9",21369301,23246900,1877600,1,1,"ENSE00001833804",21974678,21974827,21974678,21974827,150,1,TRUE,1,3,"whole_coding_sequence",TRUE,FALSE
"CNA_event_000425","PASSSR","HOMDEL",425,"9",21369301,23246900,1877600,2,2,"ENSE00003496053",21970902,21971208,21970902,21971208,307,1,TRUE,1,3,"whole_coding_sequence",TRUE,FALSE
"CNA_event_000425","PASSSR","HOMDEL",425,"9",21369301,23246900,1877600,3,3,"ENSE00003529527",21968232,21968242,21968232,21968242,11,1,TRUE,1,3,"whole_coding_sequence",TRUE,FALSE
"CNA_event_000426","PASSEF","HOMDEL",426,"9",21926301,22179800,253500,1,1,"ENSE00001833804",21974678,21974827,21974678,21974827,150,1,TRUE,1,3,"whole_coding_sequence",TRUE,FALSE
"CNA_event_000426","PASSEF","HOMDEL",426,"9",21926301,22179800,253500,2,2,"ENSE00003496053",21970902,21971208,21970902,21971208,307,1,TRUE,1,3,"whole_coding_sequence",TRUE,FALSE
"CNA_event_000426","PASSEF","HOMDEL",426,"9",21926301,22179800,253500,3,3,"ENSE00003529527",21968232,21968242,21968232,21968242,11,1,TRUE,1,3,"whole_coding_sequence",TRUE,FALSE
"CNA_event_000427","PASPNI","HOMDEL",427,"9",21750601,22495200,744600,1,1,"ENSE00001833804",21974678,21974827,21974678,21974827,150,1,TRUE,1,3,"whole_coding_sequence",TRUE,FALSE
"CNA_event_000427","PASPNI","HOMDEL",427,"9",21750601,22495200,744600,2,2,"ENSE00003496053",21970902,21971208,21970902,21971208,307,1,TRUE,1,3,"whole_coding_sequence",TRUE,FALSE
"CNA_event_000427","PASPNI","HOMDEL",427,"9",21750601,22495200,744600,3,3,"ENSE00003529527",21968232,21968242,21968232,21968242,11,1,TRUE,1,3,"whole_coding_sequence",TRUE,FALSE
"CNA_event_000428","PASPLW","HOMDEL",428,"9",21857301,21993800,136500,1,1,"ENSE00001833804",21974678,21974827,21974678,21974827,150,1,TRUE,1,3,"whole_coding_sequence",TRUE,FALSE
"CNA_event_000428","PASPLW","HOMDEL",428,"9",21857301,21993800,136500,2,2,"ENSE00003496053",21970902,21971208,21970902,21971208,307,1,TRUE,1,3,"whole_coding_sequence",TRUE,FALSE
"CNA_event_000428","PASPLW","HOMDEL",428,"9",21857301,21993800,136500,3,3,"ENSE00003529527",21968232,21968242,21968232,21968242,11,1,TRUE,1,3,"whole_coding_sequence",TRUE,FALSE
"CNA_event_000429","PASPLG","HOMDEL",429,"9",21827701,22008300,180600,1,1,"ENSE00001833804",21974678,21974827,21974678,21974827,150,1,TRUE,1,3,"whole_coding_sequence",TRUE,FALSE
"CNA_event_000429","PASPLG","HOMDEL",429,"9",21827701,22008300,180600,2,2,"ENSE00003496053",21970902,21971208,21970902,21971208,307,1,TRUE,1,3,"whole_coding_sequence",TRUE,FALSE
"CNA_event_000429","PASPLG","HOMDEL",429,"9",21827701,22008300,180600,3,3,"ENSE00003529527",21968232,21968242,21968232,21968242,11,1,TRUE,1,3,"whole_coding_sequence",TRUE,FALSE
"CNA_event_000430","PASPDS","HOMDEL",430,"9",21968401,22087200,118800,1,1,"ENSE00001833804",21974678,21974827,21974678,21974827,150,1,TRUE,0.976495726495726,2,"very_low_resolution_90_lt_100pct",TRUE,TRUE
"CNA_event_000430","PASPDS","HOMDEL",430,"9",21968401,22087200,118800,2,2,"ENSE00003496053",21970902,21971208,21970902,21971208,307,1,TRUE,0.976495726495726,2,"very_low_resolution_90_lt_100pct",TRUE,TRUE
"CNA_event_000431","PASPBU","HOMDEL",431,"9",21956801,21982000,25200,1,1,"ENSE00001833804",21974678,21974827,21974678,21974827,150,1,TRUE,1,3,"whole_coding_sequence",TRUE,FALSE
"CNA_event_000431","PASPBU","HOMDEL",431,"9",21956801,21982000,25200,2,2,"ENSE00003496053",21970902,21971208,21970902,21971208,307,1,TRUE,1,3,"whole_coding_sequence",TRUE,FALSE
"CNA_event_000431","PASPBU","HOMDEL",431,"9",21956801,21982000,25200,3,3,"ENSE00003529527",21968232,21968242,21968232,21968242,11,1,TRUE,1,3,"whole_coding_sequence",TRUE,FALSE
"CNA_event_000432","PASMNV","HOMDEL",432,"9",21916501,21999400,82900,1,1,"ENSE00001833804",21974678,21974827,21974678,21974827,150,1,TRUE,1,3,"whole_coding_sequence",TRUE,FALSE
"CNA_event_000432","PASMNV","HOMDEL",432,"9",21916501,21999400,82900,2,2,"ENSE00003496053",21970902,21971208,21970902,21971208,307,1,TRUE,1,3,"whole_coding_sequence",TRUE,FALSE
"CNA_event_000432","PASMNV","HOMDEL",432,"9",21916501,21999400,82900,3,3,"ENSE00003529527",21968232,21968242,21968232,21968242,11,1,TRUE,1,3,"whole_coding_sequence",TRUE,FALSE
"CNA_event_000433","PASLPH","HOMDEL",433,"9",21498201,22774300,1276100,1,1,"ENSE00001833804",21974678,21974827,21974678,21974827,150,1,TRUE,1,3,"whole_coding_sequence",TRUE,FALSE
"CNA_event_000433","PASLPH","HOMDEL",433,"9",21498201,22774300,1276100,2,2,"ENSE00003496053",21970902,21971208,21970902,21971208,307,1,TRUE,1,3,"whole_coding_sequence",TRUE,FALSE
"CNA_event_000433","PASLPH","HOMDEL",433,"9",21498201,22774300,1276100,3,3,"ENSE00003529527",21968232,21968242,21968232,21968242,11,1,TRUE,1,3,"whole_coding_sequence",TRUE,FALSE
"CNA_event_000434","PASKXA","HOMDEL",434,"9",21841401,22063900,222500,1,1,"ENSE00001833804",21974678,21974827,21974678,21974827,150,1,TRUE,1,3,"whole_coding_sequence",TRUE,FALSE
"CNA_event_000434","PASKXA","HOMDEL",434,"9",21841401,22063900,222500,2,2,"ENSE00003496053",21970902,21971208,21970902,21971208,307,1,TRUE,1,3,"whole_coding_sequence",TRUE,FALSE
"CNA_event_000434","PASKXA","HOMDEL",434,"9",21841401,22063900,222500,3,3,"ENSE00003529527",21968232,21968242,21968232,21968242,11,1,TRUE,1,3,"whole_coding_sequence",TRUE,FALSE
"CNA_event_000435","PASKLU","HOMDEL",435,"9",21759301,22089800,330500,1,1,"ENSE00001833804",21974678,21974827,21974678,21974827,150,1,TRUE,1,3,"whole_coding_sequence",TRUE,FALSE
"CNA_event_000435","PASKLU","HOMDEL",435,"9",21759301,22089800,330500,2,2,"ENSE00003496053",21970902,21971208,21970902,21971208,307,1,TRUE,1,3,"whole_coding_sequence",TRUE,FALSE
"CNA_event_000435","PASKLU","HOMDEL",435,"9",21759301,22089800,330500,3,3,"ENSE00003529527",21968232,21968242,21968232,21968242,11,1,TRUE,1,3,"whole_coding_sequence",TRUE,FALSE
"CNA_event_000436","PASKAD","HOMDEL",436,"9",21871501,22030600,159100,1,1,"ENSE00001833804",21974678,21974827,21974678,21974827,150,1,TRUE,1,3,"whole_coding_sequence",TRUE,FALSE
"CNA_event_000436","PASKAD","HOMDEL",436,"9",21871501,22030600,159100,2,2,"ENSE00003496053",21970902,21971208,21970902,21971208,307,1,TRUE,1,3,"whole_coding_sequence",TRUE,FALSE
"CNA_event_000436","PASKAD","HOMDEL",436,"9",21871501,22030600,159100,3,3,"ENSE00003529527",21968232,21968242,21968232,21968242,11,1,TRUE,1,3,"whole_coding_sequence",TRUE,FALSE
"CNA_event_000438","PASINX","HOMDEL",438,"9",21827701,21991500,163800,1,1,"ENSE00001833804",21974678,21974827,21974678,21974827,150,1,TRUE,1,3,"whole_coding_sequence",TRUE,FALSE
"CNA_event_000438","PASINX","HOMDEL",438,"9",21827701,21991500,163800,2,2,"ENSE00003496053",21970902,21971208,21970902,21971208,307,1,TRUE,1,3,"whole_coding_sequence",TRUE,FALSE
"CNA_event_000438","PASINX","HOMDEL",438,"9",21827701,21991500,163800,3,3,"ENSE00003529527",21968232,21968242,21968232,21968242,11,1,TRUE,1,3,"whole_coding_sequence",TRUE,FALSE
"CNA_event_000439","PASGUX","HOMDEL",439,"9",21834001,21993800,159800,1,1,"ENSE00001833804",21974678,21974827,21974678,21974827,150,1,TRUE,1,3,"whole_coding_sequence",TRUE,FALSE
"CNA_event_000439","PASGUX","HOMDEL",439,"9",21834001,21993800,159800,2,2,"ENSE00003496053",21970902,21971208,21970902,21971208,307,1,TRUE,1,3,"whole_coding_sequence",TRUE,FALSE
"CNA_event_000439","PASGUX","HOMDEL",439,"9",21834001,21993800,159800,3,3,"ENSE00003529527",21968232,21968242,21968232,21968242,11,1,TRUE,1,3,"whole_coding_sequence",TRUE,FALSE
"CNA_event_000440","PASFKA","HOMDEL",440,"9",21943901,21993800,49900,1,1,"ENSE00001833804",21974678,21974827,21974678,21974827,150,1,TRUE,1,3,"whole_coding_sequence",TRUE,FALSE
"CNA_event_000440","PASFKA","HOMDEL",440,"9",21943901,21993800,49900,2,2,"ENSE00003496053",21970902,21971208,21970902,21971208,307,1,TRUE,1,3,"whole_coding_sequence",TRUE,FALSE
"CNA_event_000440","PASFKA","HOMDEL",440,"9",21943901,21993800,49900,3,3,"ENSE00003529527",21968232,21968242,21968232,21968242,11,1,TRUE,1,3,"whole_coding_sequence",TRUE,FALSE
"CNA_event_000441","PARYHC","HOMDEL",441,"9",21827401,22008300,180900,1,1,"ENSE00001833804",21974678,21974827,21974678,21974827,150,1,TRUE,1,3,"whole_coding_sequence",TRUE,FALSE
"CNA_event_000441","PARYHC","HOMDEL",441,"9",21827401,22008300,180900,2,2,"ENSE00003496053",21970902,21971208,21970902,21971208,307,1,TRUE,1,3,"whole_coding_sequence",TRUE,FALSE
"CNA_event_000441","PARYHC","HOMDEL",441,"9",21827401,22008300,180900,3,3,"ENSE00003529527",21968232,21968242,21968232,21968242,11,1,TRUE,1,3,"whole_coding_sequence",TRUE,FALSE
"CNA_event_000442","PARXPZ","HOMDEL",442,"9",21972801,22004700,31900,1,1,"ENSE00001833804",21974678,21974827,21974678,21974827,150,1,TRUE,0.320512820512821,1,"high_resolution_le_50pct",TRUE,TRUE
"CNA_event_000443","PARXNI","HOMDEL",443,"9",21825501,21993800,168300,1,1,"ENSE00001833804",21974678,21974827,21974678,21974827,150,1,TRUE,1,3,"whole_coding_sequence",TRUE,FALSE
"CNA_event_000443","PARXNI","HOMDEL",443,"9",21825501,21993800,168300,2,2,"ENSE00003496053",21970902,21971208,21970902,21971208,307,1,TRUE,1,3,"whole_coding_sequence",TRUE,FALSE
"CNA_event_000443","PARXNI","HOMDEL",443,"9",21825501,21993800,168300,3,3,"ENSE00003529527",21968232,21968242,21968232,21968242,11,1,TRUE,1,3,"whole_coding_sequence",TRUE,FALSE
"CNA_event_000444","PARXFY","HOMDEL",444,"9",21825501,21993800,168300,1,1,"ENSE00001833804",21974678,21974827,21974678,21974827,150,1,TRUE,1,3,"whole_coding_sequence",TRUE,FALSE
"CNA_event_000444","PARXFY","HOMDEL",444,"9",21825501,21993800,168300,2,2,"ENSE00003496053",21970902,21971208,21970902,21971208,307,1,TRUE,1,3,"whole_coding_sequence",TRUE,FALSE
"CNA_event_000444","PARXFY","HOMDEL",444,"9",21825501,21993800,168300,3,3,"ENSE00003529527",21968232,21968242,21968232,21968242,11,1,TRUE,1,3,"whole_coding_sequence",TRUE,FALSE
"CNA_event_000445","PARUCV","HOMDEL",445,"9",21865601,22001200,135600,1,1,"ENSE00001833804",21974678,21974827,21974678,21974827,150,1,TRUE,1,3,"whole_coding_sequence",TRUE,FALSE
"CNA_event_000445","PARUCV","HOMDEL",445,"9",21865601,22001200,135600,2,2,"ENSE00003496053",21970902,21971208,21970902,21971208,307,1,TRUE,1,3,"whole_coding_sequence",TRUE,FALSE
"CNA_event_000445","PARUCV","HOMDEL",445,"9",21865601,22001200,135600,3,3,"ENSE00003529527",21968232,21968242,21968232,21968242,11,1,TRUE,1,3,"whole_coding_sequence",TRUE,FALSE
"CNA_event_000446","PARSUU","HOMDEL",446,"9",21953401,22707600,754200,1,1,"ENSE00001833804",21974678,21974827,21974678,21974827,150,1,TRUE,1,3,"whole_coding_sequence",TRUE,FALSE
"CNA_event_000446","PARSUU","HOMDEL",446,"9",21953401,22707600,754200,2,2,"ENSE00003496053",21970902,21971208,21970902,21971208,307,1,TRUE,1,3,"whole_coding_sequence",TRUE,FALSE
"CNA_event_000446","PARSUU","HOMDEL",446,"9",21953401,22707600,754200,3,3,"ENSE00003529527",21968232,21968242,21968232,21968242,11,1,TRUE,1,3,"whole_coding_sequence",TRUE,FALSE
"CNA_event_000447","PARSNX","HOMDEL",447,"9",21828301,21993800,165500,1,1,"ENSE00001833804",21974678,21974827,21974678,21974827,150,1,TRUE,1,3,"whole_coding_sequence",TRUE,FALSE
"CNA_event_000447","PARSNX","HOMDEL",447,"9",21828301,21993800,165500,2,2,"ENSE00003496053",21970902,21971208,21970902,21971208,307,1,TRUE,1,3,"whole_coding_sequence",TRUE,FALSE
"CNA_event_000447","PARSNX","HOMDEL",447,"9",21828301,21993800,165500,3,3,"ENSE00003529527",21968232,21968242,21968232,21968242,11,1,TRUE,1,3,"whole_coding_sequence",TRUE,FALSE
"CNA_event_000448","PARSLA","HOMDEL",448,"9",21842501,22496500,654000,1,1,"ENSE00001833804",21974678,21974827,21974678,21974827,150,1,TRUE,1,3,"whole_coding_sequence",TRUE,FALSE
"CNA_event_000448","PARSLA","HOMDEL",448,"9",21842501,22496500,654000,2,2,"ENSE00003496053",21970902,21971208,21970902,21971208,307,1,TRUE,1,3,"whole_coding_sequence",TRUE,FALSE
"CNA_event_000448","PARSLA","HOMDEL",448,"9",21842501,22496500,654000,3,3,"ENSE00003529527",21968232,21968242,21968232,21968242,11,1,TRUE,1,3,"whole_coding_sequence",TRUE,FALSE
"CNA_event_000449","PARPCK","HOMDEL",449,"9",20083201,22100700,2017500,1,1,"ENSE00001833804",21974678,21974827,21974678,21974827,150,1,TRUE,1,3,"whole_coding_sequence",TRUE,FALSE
"CNA_event_000449","PARPCK","HOMDEL",449,"9",20083201,22100700,2017500,2,2,"ENSE00003496053",21970902,21971208,21970902,21971208,307,1,TRUE,1,3,"whole_coding_sequence",TRUE,FALSE
"CNA_event_000449","PARPCK","HOMDEL",449,"9",20083201,22100700,2017500,3,3,"ENSE00003529527",21968232,21968242,21968232,21968242,11,1,TRUE,1,3,"whole_coding_sequence",TRUE,FALSE
"CNA_event_000450","PARMUC","HOMDEL",450,"9",21915301,22107100,191800,1,1,"ENSE00001833804",21974678,21974827,21974678,21974827,150,1,TRUE,1,3,"whole_coding_sequence",TRUE,FALSE
"CNA_event_000450","PARMUC","HOMDEL",450,"9",21915301,22107100,191800,2,2,"ENSE00003496053",21970902,21971208,21970902,21971208,307,1,TRUE,1,3,"whole_coding_sequence",TRUE,FALSE
"CNA_event_000450","PARMUC","HOMDEL",450,"9",21915301,22107100,191800,3,3,"ENSE00003529527",21968232,21968242,21968232,21968242,11,1,TRUE,1,3,"whole_coding_sequence",TRUE,FALSE
"CNA_event_000451","PARMMV","HOMDEL",451,"9",21827701,21993800,166100,1,1,"ENSE00001833804",21974678,21974827,21974678,21974827,150,1,TRUE,1,3,"whole_coding_sequence",TRUE,FALSE
"CNA_event_000451","PARMMV","HOMDEL",451,"9",21827701,21993800,166100,2,2,"ENSE00003496053",21970902,21971208,21970902,21971208,307,1,TRUE,1,3,"whole_coding_sequence",TRUE,FALSE
"CNA_event_000451","PARMMV","HOMDEL",451,"9",21827701,21993800,166100,3,3,"ENSE00003529527",21968232,21968242,21968232,21968242,11,1,TRUE,1,3,"whole_coding_sequence",TRUE,FALSE
"CNA_event_000453","PARMIA","HOMDEL",453,"9",21824701,21985500,160800,1,1,"ENSE00001833804",21974678,21974827,21974678,21974827,150,1,TRUE,1,3,"whole_coding_sequence",TRUE,FALSE
"CNA_event_000453","PARMIA","HOMDEL",453,"9",21824701,21985500,160800,2,2,"ENSE00003496053",21970902,21971208,21970902,21971208,307,1,TRUE,1,3,"whole_coding_sequence",TRUE,FALSE
"CNA_event_000453","PARMIA","HOMDEL",453,"9",21824701,21985500,160800,3,3,"ENSE00003529527",21968232,21968242,21968232,21968242,11,1,TRUE,1,3,"whole_coding_sequence",TRUE,FALSE
"CNA_event_000456","PARLHD","HOMDEL",456,"9",21923501,21995100,71600,1,1,"ENSE00001833804",21974678,21974827,21974678,21974827,150,1,TRUE,1,3,"whole_coding_sequence",TRUE,FALSE
"CNA_event_000456","PARLHD","HOMDEL",456,"9",21923501,21995100,71600,2,2,"ENSE00003496053",21970902,21971208,21970902,21971208,307,1,TRUE,1,3,"whole_coding_sequence",TRUE,FALSE
"CNA_event_000456","PARLHD","HOMDEL",456,"9",21923501,21995100,71600,3,3,"ENSE00003529527",21968232,21968242,21968232,21968242,11,1,TRUE,1,3,"whole_coding_sequence",TRUE,FALSE
"CNA_event_000457","PARJXW","HOMDEL",457,"9",21919501,23362600,1443100,1,1,"ENSE00001833804",21974678,21974827,21974678,21974827,150,1,TRUE,1,3,"whole_coding_sequence",TRUE,FALSE
"CNA_event_000457","PARJXW","HOMDEL",457,"9",21919501,23362600,1443100,2,2,"ENSE00003496053",21970902,21971208,21970902,21971208,307,1,TRUE,1,3,"whole_coding_sequence",TRUE,FALSE
"CNA_event_000457","PARJXW","HOMDEL",457,"9",21919501,23362600,1443100,3,3,"ENSE00003529527",21968232,21968242,21968232,21968242,11,1,TRUE,1,3,"whole_coding_sequence",TRUE,FALSE
"CNA_event_000458","PARJPL","HOMDEL",458,"9",21536001,22022200,486200,1,1,"ENSE00001833804",21974678,21974827,21974678,21974827,150,1,TRUE,1,3,"whole_coding_sequence",TRUE,FALSE
"CNA_event_000458","PARJPL","HOMDEL",458,"9",21536001,22022200,486200,2,2,"ENSE00003496053",21970902,21971208,21970902,21971208,307,1,TRUE,1,3,"whole_coding_sequence",TRUE,FALSE
"CNA_event_000458","PARJPL","HOMDEL",458,"9",21536001,22022200,486200,3,3,"ENSE00003529527",21968232,21968242,21968232,21968242,11,1,TRUE,1,3,"whole_coding_sequence",TRUE,FALSE
"CNA_event_000459","PARJNX","HOMDEL",459,"9",21705801,22498800,793000,1,1,"ENSE00001833804",21974678,21974827,21974678,21974827,150,1,TRUE,1,3,"whole_coding_sequence",TRUE,FALSE
"CNA_event_000459","PARJNX","HOMDEL",459,"9",21705801,22498800,793000,2,2,"ENSE00003496053",21970902,21971208,21970902,21971208,307,1,TRUE,1,3,"whole_coding_sequence",TRUE,FALSE
"CNA_event_000459","PARJNX","HOMDEL",459,"9",21705801,22498800,793000,3,3,"ENSE00003529527",21968232,21968242,21968232,21968242,11,1,TRUE,1,3,"whole_coding_sequence",TRUE,FALSE
"CNA_event_000460","PARJAY","HOMDEL",460,"9",20022201,22196000,2173800,1,1,"ENSE00001833804",21974678,21974827,21974678,21974827,150,1,TRUE,1,3,"whole_coding_sequence",TRUE,FALSE
"CNA_event_000460","PARJAY","HOMDEL",460,"9",20022201,22196000,2173800,2,2,"ENSE00003496053",21970902,21971208,21970902,21971208,307,1,TRUE,1,3,"whole_coding_sequence",TRUE,FALSE
"CNA_event_000460","PARJAY","HOMDEL",460,"9",20022201,22196000,2173800,3,3,"ENSE00003529527",21968232,21968242,21968232,21968242,11,1,TRUE,1,3,"whole_coding_sequence",TRUE,FALSE
"CNA_event_000461","PARIFC","HOMDEL",461,"9",21933901,22145500,211600,1,1,"ENSE00001833804",21974678,21974827,21974678,21974827,150,1,TRUE,1,3,"whole_coding_sequence",TRUE,FALSE
"CNA_event_000461","PARIFC","HOMDEL",461,"9",21933901,22145500,211600,2,2,"ENSE00003496053",21970902,21971208,21970902,21971208,307,1,TRUE,1,3,"whole_coding_sequence",TRUE,FALSE
"CNA_event_000461","PARIFC","HOMDEL",461,"9",21933901,22145500,211600,3,3,"ENSE00003529527",21968232,21968242,21968232,21968242,11,1,TRUE,1,3,"whole_coding_sequence",TRUE,FALSE
"CNA_event_000462","PARHBT","HOMDEL",462,"9",21798201,22065100,266900,1,1,"ENSE00001833804",21974678,21974827,21974678,21974827,150,1,TRUE,1,3,"whole_coding_sequence",TRUE,FALSE
"CNA_event_000462","PARHBT","HOMDEL",462,"9",21798201,22065100,266900,2,2,"ENSE00003496053",21970902,21971208,21970902,21971208,307,1,TRUE,1,3,"whole_coding_sequence",TRUE,FALSE
"CNA_event_000462","PARHBT","HOMDEL",462,"9",21798201,22065100,266900,3,3,"ENSE00003529527",21968232,21968242,21968232,21968242,11,1,TRUE,1,3,"whole_coding_sequence",TRUE,FALSE
"CNA_event_000463","PAWLSN","HOMDEL",463,"9",21974401,22038700,64300,1,1,"ENSE00001833804",21974678,21974827,21974678,21974827,150,1,TRUE,0.320512820512821,1,"high_resolution_le_50pct",TRUE,TRUE
"CNA_event_000464","PAWKZN","HOMDEL",464,"9",21507501,22987000,1479500,1,1,"ENSE00001833804",21974678,21974827,21974678,21974827,150,1,TRUE,1,3,"whole_coding_sequence",TRUE,FALSE
"CNA_event_000464","PAWKZN","HOMDEL",464,"9",21507501,22987000,1479500,2,2,"ENSE00003496053",21970902,21971208,21970902,21971208,307,1,TRUE,1,3,"whole_coding_sequence",TRUE,FALSE
"CNA_event_000464","PAWKZN","HOMDEL",464,"9",21507501,22987000,1479500,3,3,"ENSE00003529527",21968232,21968242,21968232,21968242,11,1,TRUE,1,3,"whole_coding_sequence",TRUE,FALSE
"CNA_event_000465","PAWKSC","HOMDEL",465,"9",21957401,21988900,31500,1,1,"ENSE00001833804",21974678,21974827,21974678,21974827,150,1,TRUE,1,3,"whole_coding_sequence",TRUE,FALSE
"CNA_event_000465","PAWKSC","HOMDEL",465,"9",21957401,21988900,31500,2,2,"ENSE00003496053",21970902,21971208,21970902,21971208,307,1,TRUE,1,3,"whole_coding_sequence",TRUE,FALSE
"CNA_event_000465","PAWKSC","HOMDEL",465,"9",21957401,21988900,31500,3,3,"ENSE00003529527",21968232,21968242,21968232,21968242,11,1,TRUE,1,3,"whole_coding_sequence",TRUE,FALSE
"CNA_event_000466","PAWKIT","HOMDEL",466,"9",21279901,22064900,785000,1,1,"ENSE00001833804",21974678,21974827,21974678,21974827,150,1,TRUE,1,3,"whole_coding_sequence",TRUE,FALSE
"CNA_event_000466","PAWKIT","HOMDEL",466,"9",21279901,22064900,785000,2,2,"ENSE00003496053",21970902,21971208,21970902,21971208,307,1,TRUE,1,3,"whole_coding_sequence",TRUE,FALSE
"CNA_event_000466","PAWKIT","HOMDEL",466,"9",21279901,22064900,785000,3,3,"ENSE00003529527",21968232,21968242,21968232,21968242,11,1,TRUE,1,3,"whole_coding_sequence",TRUE,FALSE
"CNA_event_000467","PAWJYN","HOMDEL",467,"9",21825601,21993800,168200,1,1,"ENSE00001833804",21974678,21974827,21974678,21974827,150,1,TRUE,1,3,"whole_coding_sequence",TRUE,FALSE
"CNA_event_000467","PAWJYN","HOMDEL",467,"9",21825601,21993800,168200,2,2,"ENSE00003496053",21970902,21971208,21970902,21971208,307,1,TRUE,1,3,"whole_coding_sequence",TRUE,FALSE
"CNA_event_000467","PAWJYN","HOMDEL",467,"9",21825601,21993800,168200,3,3,"ENSE00003529527",21968232,21968242,21968232,21968242,11,1,TRUE,1,3,"whole_coding_sequence",TRUE,FALSE
"CNA_event_000468","PAWJKM","HOMDEL",468,"9",20614801,25898500,5283700,1,1,"ENSE00001833804",21974678,21974827,21974678,21974827,150,1,TRUE,1,3,"whole_coding_sequence",TRUE,FALSE
"CNA_event_000468","PAWJKM","HOMDEL",468,"9",20614801,25898500,5283700,2,2,"ENSE00003496053",21970902,21971208,21970902,21971208,307,1,TRUE,1,3,"whole_coding_sequence",TRUE,FALSE
"CNA_event_000468","PAWJKM","HOMDEL",468,"9",20614801,25898500,5283700,3,3,"ENSE00003529527",21968232,21968242,21968232,21968242,11,1,TRUE,1,3,"whole_coding_sequence",TRUE,FALSE
"CNA_event_000469","PAWJDS","HOMDEL",469,"9",20236701,23362800,3126100,1,1,"ENSE00001833804",21974678,21974827,21974678,21974827,150,1,TRUE,1,3,"whole_coding_sequence",TRUE,FALSE
"CNA_event_000469","PAWJDS","HOMDEL",469,"9",20236701,23362800,3126100,2,2,"ENSE00003496053",21970902,21971208,21970902,21971208,307,1,TRUE,1,3,"whole_coding_sequence",TRUE,FALSE
"CNA_event_000469","PAWJDS","HOMDEL",469,"9",20236701,23362800,3126100,3,3,"ENSE00003529527",21968232,21968242,21968232,21968242,11,1,TRUE,1,3,"whole_coding_sequence",TRUE,FALSE
"CNA_event_000470","PAWIWS","HOMDEL",470,"9",21826401,22699600,873200,1,1,"ENSE00001833804",21974678,21974827,21974678,21974827,150,1,TRUE,1,3,"whole_coding_sequence",TRUE,FALSE
"CNA_event_000470","PAWIWS","HOMDEL",470,"9",21826401,22699600,873200,2,2,"ENSE00003496053",21970902,21971208,21970902,21971208,307,1,TRUE,1,3,"whole_coding_sequence",TRUE,FALSE
"CNA_event_000470","PAWIWS","HOMDEL",470,"9",21826401,22699600,873200,3,3,"ENSE00003529527",21968232,21968242,21968232,21968242,11,1,TRUE,1,3,"whole_coding_sequence",TRUE,FALSE
"CNA_event_000471","PAWIRN","HOMDEL",471,"9",21834001,21993800,159800,1,1,"ENSE00001833804",21974678,21974827,21974678,21974827,150,1,TRUE,1,3,"whole_coding_sequence",TRUE,FALSE
"CNA_event_000471","PAWIRN","HOMDEL",471,"9",21834001,21993800,159800,2,2,"ENSE00003496053",21970902,21971208,21970902,21971208,307,1,TRUE,1,3,"whole_coding_sequence",TRUE,FALSE
"CNA_event_000471","PAWIRN","HOMDEL",471,"9",21834001,21993800,159800,3,3,"ENSE00003529527",21968232,21968242,21968232,21968242,11,1,TRUE,1,3,"whole_coding_sequence",TRUE,FALSE
"CNA_event_000472","PAWIRJ","HOMDEL",472,"9",20749601,22371100,1621500,1,1,"ENSE00001833804",21974678,21974827,21974678,21974827,150,1,TRUE,1,3,"whole_coding_sequence",TRUE,FALSE
"CNA_event_000472","PAWIRJ","HOMDEL",472,"9",20749601,22371100,1621500,2,2,"ENSE00003496053",21970902,21971208,21970902,21971208,307,1,TRUE,1,3,"whole_coding_sequence",TRUE,FALSE
"CNA_event_000472","PAWIRJ","HOMDEL",472,"9",20749601,22371100,1621500,3,3,"ENSE00003529527",21968232,21968242,21968232,21968242,11,1,TRUE,1,3,"whole_coding_sequence",TRUE,FALSE
"CNA_event_000473","PAWIIR","HOMDEL",473,"9",21820601,22008500,187900,1,1,"ENSE00001833804",21974678,21974827,21974678,21974827,150,1,TRUE,1,3,"whole_coding_sequence",TRUE,FALSE
"CNA_event_000473","PAWIIR","HOMDEL",473,"9",21820601,22008500,187900,2,2,"ENSE00003496053",21970902,21971208,21970902,21971208,307,1,TRUE,1,3,"whole_coding_sequence",TRUE,FALSE
"CNA_event_000473","PAWIIR","HOMDEL",473,"9",21820601,22008500,187900,3,3,"ENSE00003529527",21968232,21968242,21968232,21968242,11,1,TRUE,1,3,"whole_coding_sequence",TRUE,FALSE
"CNA_event_000474","PAWGYW","HOMDEL",474,"9",21602701,22496500,893800,1,1,"ENSE00001833804",21974678,21974827,21974678,21974827,150,1,TRUE,1,3,"whole_coding_sequence",TRUE,FALSE
"CNA_event_000474","PAWGYW","HOMDEL",474,"9",21602701,22496500,893800,2,2,"ENSE00003496053",21970902,21971208,21970902,21971208,307,1,TRUE,1,3,"whole_coding_sequence",TRUE,FALSE
"CNA_event_000474","PAWGYW","HOMDEL",474,"9",21602701,22496500,893800,3,3,"ENSE00003529527",21968232,21968242,21968232,21968242,11,1,TRUE,1,3,"whole_coding_sequence",TRUE,FALSE
"CNA_event_000475","PAWGDG","HOMDEL",475,"9",21701701,23079900,1378200,1,1,"ENSE00001833804",21974678,21974827,21974678,21974827,150,1,TRUE,1,3,"whole_coding_sequence",TRUE,FALSE
"CNA_event_000475","PAWGDG","HOMDEL",475,"9",21701701,23079900,1378200,2,2,"ENSE00003496053",21970902,21971208,21970902,21971208,307,1,TRUE,1,3,"whole_coding_sequence",TRUE,FALSE
"CNA_event_000475","PAWGDG","HOMDEL",475,"9",21701701,23079900,1378200,3,3,"ENSE00003529527",21968232,21968242,21968232,21968242,11,1,TRUE,1,3,"whole_coding_sequence",TRUE,FALSE
"CNA_event_000476","PAWGCK","HOMDEL",476,"9",21873001,22211300,338300,1,1,"ENSE00001833804",21974678,21974827,21974678,21974827,150,1,TRUE,1,3,"whole_coding_sequence",TRUE,FALSE
"CNA_event_000476","PAWGCK","HOMDEL",476,"9",21873001,22211300,338300,2,2,"ENSE00003496053",21970902,21971208,21970902,21971208,307,1,TRUE,1,3,"whole_coding_sequence",TRUE,FALSE
"CNA_event_000476","PAWGCK","HOMDEL",476,"9",21873001,22211300,338300,3,3,"ENSE00003529527",21968232,21968242,21968232,21968242,11,1,TRUE,1,3,"whole_coding_sequence",TRUE,FALSE
"CNA_event_000477","PAWESJ","HOMDEL",477,"9",21827301,21993000,165700,1,1,"ENSE00001833804",21974678,21974827,21974678,21974827,150,1,TRUE,1,3,"whole_coding_sequence",TRUE,FALSE
"CNA_event_000477","PAWESJ","HOMDEL",477,"9",21827301,21993000,165700,2,2,"ENSE00003496053",21970902,21971208,21970902,21971208,307,1,TRUE,1,3,"whole_coding_sequence",TRUE,FALSE
"CNA_event_000477","PAWESJ","HOMDEL",477,"9",21827301,21993000,165700,3,3,"ENSE00003529527",21968232,21968242,21968232,21968242,11,1,TRUE,1,3,"whole_coding_sequence",TRUE,FALSE
"CNA_event_000478","PAWDEK","HOMDEL",478,"9",21102601,22479300,1376700,1,1,"ENSE00001833804",21974678,21974827,21974678,21974827,150,1,TRUE,1,3,"whole_coding_sequence",TRUE,FALSE
"CNA_event_000478","PAWDEK","HOMDEL",478,"9",21102601,22479300,1376700,2,2,"ENSE00003496053",21970902,21971208,21970902,21971208,307,1,TRUE,1,3,"whole_coding_sequence",TRUE,FALSE
"CNA_event_000478","PAWDEK","HOMDEL",478,"9",21102601,22479300,1376700,3,3,"ENSE00003529527",21968232,21968242,21968232,21968242,11,1,TRUE,1,3,"whole_coding_sequence",TRUE,FALSE
"CNA_event_000479","PAWCWL","HOMDEL",479,"9",21825501,21993800,168300,1,1,"ENSE00001833804",21974678,21974827,21974678,21974827,150,1,TRUE,1,3,"whole_coding_sequence",TRUE,FALSE
"CNA_event_000479","PAWCWL","HOMDEL",479,"9",21825501,21993800,168300,2,2,"ENSE00003496053",21970902,21971208,21970902,21971208,307,1,TRUE,1,3,"whole_coding_sequence",TRUE,FALSE
"CNA_event_000479","PAWCWL","HOMDEL",479,"9",21825501,21993800,168300,3,3,"ENSE00003529527",21968232,21968242,21968232,21968242,11,1,TRUE,1,3,"whole_coding_sequence",TRUE,FALSE
"CNA_event_000480","PAWBMY","HOMDEL",480,"9",20428901,23523200,3094300,1,1,"ENSE00001833804",21974678,21974827,21974678,21974827,150,1,TRUE,1,3,"whole_coding_sequence",TRUE,FALSE
"CNA_event_000480","PAWBMY","HOMDEL",480,"9",20428901,23523200,3094300,2,2,"ENSE00003496053",21970902,21971208,21970902,21971208,307,1,TRUE,1,3,"whole_coding_sequence",TRUE,FALSE
"CNA_event_000480","PAWBMY","HOMDEL",480,"9",20428901,23523200,3094300,3,3,"ENSE00003529527",21968232,21968242,21968232,21968242,11,1,TRUE,1,3,"whole_coding_sequence",TRUE,FALSE
"CNA_event_000481","PAWBGD","HOMDEL",481,"9",21782101,22115900,333800,1,1,"ENSE00001833804",21974678,21974827,21974678,21974827,150,1,TRUE,1,3,"whole_coding_sequence",TRUE,FALSE
"CNA_event_000481","PAWBGD","HOMDEL",481,"9",21782101,22115900,333800,2,2,"ENSE00003496053",21970902,21971208,21970902,21971208,307,1,TRUE,1,3,"whole_coding_sequence",TRUE,FALSE
"CNA_event_000481","PAWBGD","HOMDEL",481,"9",21782101,22115900,333800,3,3,"ENSE00003529527",21968232,21968242,21968232,21968242,11,1,TRUE,1,3,"whole_coding_sequence",TRUE,FALSE
"CNA_event_000482","PAWAYT","HOMDEL",482,"9",21893201,21975100,81900,1,1,"ENSE00001833804",21974678,21974827,21974678,21974827,150,1,TRUE,1,3,"whole_coding_sequence",TRUE,FALSE
"CNA_event_000482","PAWAYT","HOMDEL",482,"9",21893201,21975100,81900,2,2,"ENSE00003496053",21970902,21971208,21970902,21971208,307,1,TRUE,1,3,"whole_coding_sequence",TRUE,FALSE
"CNA_event_000482","PAWAYT","HOMDEL",482,"9",21893201,21975100,81900,3,3,"ENSE00003529527",21968232,21968242,21968232,21968242,11,1,TRUE,1,3,"whole_coding_sequence",TRUE,FALSE
"CNA_event_000483","PAWAIN","HOMDEL",483,"9",21825601,21993800,168200,1,1,"ENSE00001833804",21974678,21974827,21974678,21974827,150,1,TRUE,1,3,"whole_coding_sequence",TRUE,FALSE
"CNA_event_000483","PAWAIN","HOMDEL",483,"9",21825601,21993800,168200,2,2,"ENSE00003496053",21970902,21971208,21970902,21971208,307,1,TRUE,1,3,"whole_coding_sequence",TRUE,FALSE
"CNA_event_000483","PAWAIN","HOMDEL",483,"9",21825601,21993800,168200,3,3,"ENSE00003529527",21968232,21968242,21968232,21968242,11,1,TRUE,1,3,"whole_coding_sequence",TRUE,FALSE
"CNA_event_000484","PAWAIM","HOMDEL",484,"9",21827901,21993800,165900,1,1,"ENSE00001833804",21974678,21974827,21974678,21974827,150,1,TRUE,1,3,"whole_coding_sequence",TRUE,FALSE
"CNA_event_000484","PAWAIM","HOMDEL",484,"9",21827901,21993800,165900,2,2,"ENSE00003496053",21970902,21971208,21970902,21971208,307,1,TRUE,1,3,"whole_coding_sequence",TRUE,FALSE
"CNA_event_000484","PAWAIM","HOMDEL",484,"9",21827901,21993800,165900,3,3,"ENSE00003529527",21968232,21968242,21968232,21968242,11,1,TRUE,1,3,"whole_coding_sequence",TRUE,FALSE
"CNA_event_000485","PAWABB","HOMDEL",485,"9",21962501,22042600,80100,1,1,"ENSE00001833804",21974678,21974827,21974678,21974827,150,1,TRUE,1,3,"whole_coding_sequence",TRUE,FALSE
"CNA_event_000485","PAWABB","HOMDEL",485,"9",21962501,22042600,80100,2,2,"ENSE00003496053",21970902,21971208,21970902,21971208,307,1,TRUE,1,3,"whole_coding_sequence",TRUE,FALSE
"CNA_event_000485","PAWABB","HOMDEL",485,"9",21962501,22042600,80100,3,3,"ENSE00003529527",21968232,21968242,21968232,21968242,11,1,TRUE,1,3,"whole_coding_sequence",TRUE,FALSE
"CNA_event_000486","PAVZTC","HOMDEL",486,"9",21972101,22034100,62000,1,1,"ENSE00001833804",21974678,21974827,21974678,21974827,150,1,TRUE,0.320512820512821,1,"high_resolution_le_50pct",TRUE,TRUE
"CNA_event_000488","PAVYSR","HOMDEL",488,"9",21966501,21991600,25100,1,1,"ENSE00001833804",21974678,21974827,21974678,21974827,150,1,TRUE,1,3,"whole_coding_sequence",TRUE,FALSE
"CNA_event_000488","PAVYSR","HOMDEL",488,"9",21966501,21991600,25100,2,2,"ENSE00003496053",21970902,21971208,21970902,21971208,307,1,TRUE,1,3,"whole_coding_sequence",TRUE,FALSE
"CNA_event_000488","PAVYSR","HOMDEL",488,"9",21966501,21991600,25100,3,3,"ENSE00003529527",21968232,21968242,21968232,21968242,11,1,TRUE,1,3,"whole_coding_sequence",TRUE,FALSE
"CNA_event_000489","PAVXYS","HOMDEL",489,"9",21879501,22076700,197200,1,1,"ENSE00001833804",21974678,21974827,21974678,21974827,150,1,TRUE,1,3,"whole_coding_sequence",TRUE,FALSE
"CNA_event_000489","PAVXYS","HOMDEL",489,"9",21879501,22076700,197200,2,2,"ENSE00003496053",21970902,21971208,21970902,21971208,307,1,TRUE,1,3,"whole_coding_sequence",TRUE,FALSE
"CNA_event_000489","PAVXYS","HOMDEL",489,"9",21879501,22076700,197200,3,3,"ENSE00003529527",21968232,21968242,21968232,21968242,11,1,TRUE,1,3,"whole_coding_sequence",TRUE,FALSE
"CNA_event_000490","PAVXUW","HOMDEL",490,"9",21907701,22103700,196000,1,1,"ENSE00001833804",21974678,21974827,21974678,21974827,150,1,TRUE,1,3,"whole_coding_sequence",TRUE,FALSE
"CNA_event_000490","PAVXUW","HOMDEL",490,"9",21907701,22103700,196000,2,2,"ENSE00003496053",21970902,21971208,21970902,21971208,307,1,TRUE,1,3,"whole_coding_sequence",TRUE,FALSE
"CNA_event_000490","PAVXUW","HOMDEL",490,"9",21907701,22103700,196000,3,3,"ENSE00003529527",21968232,21968242,21968232,21968242,11,1,TRUE,1,3,"whole_coding_sequence",TRUE,FALSE
"CNA_event_000491","PAVXPD","HOMDEL",491,"9",21789801,22118200,328400,1,1,"ENSE00001833804",21974678,21974827,21974678,21974827,150,1,TRUE,1,3,"whole_coding_sequence",TRUE,FALSE
"CNA_event_000491","PAVXPD","HOMDEL",491,"9",21789801,22118200,328400,2,2,"ENSE00003496053",21970902,21971208,21970902,21971208,307,1,TRUE,1,3,"whole_coding_sequence",TRUE,FALSE
"CNA_event_000491","PAVXPD","HOMDEL",491,"9",21789801,22118200,328400,3,3,"ENSE00003529527",21968232,21968242,21968232,21968242,11,1,TRUE,1,3,"whole_coding_sequence",TRUE,FALSE
"CNA_event_000492","PAVWNL","HOMDEL",492,"9",21947001,22067600,120600,1,1,"ENSE00001833804",21974678,21974827,21974678,21974827,150,1,TRUE,1,3,"whole_coding_sequence",TRUE,FALSE
"CNA_event_000492","PAVWNL","HOMDEL",492,"9",21947001,22067600,120600,2,2,"ENSE00003496053",21970902,21971208,21970902,21971208,307,1,TRUE,1,3,"whole_coding_sequence",TRUE,FALSE
"CNA_event_000492","PAVWNL","HOMDEL",492,"9",21947001,22067600,120600,3,3,"ENSE00003529527",21968232,21968242,21968232,21968242,11,1,TRUE,1,3,"whole_coding_sequence",TRUE,FALSE
"CNA_event_000493","PAVWLX","HOMDEL",493,"9",21826801,22496500,669700,1,1,"ENSE00001833804",21974678,21974827,21974678,21974827,150,1,TRUE,1,3,"whole_coding_sequence",TRUE,FALSE
"CNA_event_000493","PAVWLX","HOMDEL",493,"9",21826801,22496500,669700,2,2,"ENSE00003496053",21970902,21971208,21970902,21971208,307,1,TRUE,1,3,"whole_coding_sequence",TRUE,FALSE
"CNA_event_000493","PAVWLX","HOMDEL",493,"9",21826801,22496500,669700,3,3,"ENSE00003529527",21968232,21968242,21968232,21968242,11,1,TRUE,1,3,"whole_coding_sequence",TRUE,FALSE
"CNA_event_000494","PAVWJL","HOMDEL",494,"9",21837101,21993800,156700,1,1,"ENSE00001833804",21974678,21974827,21974678,21974827,150,1,TRUE,1,3,"whole_coding_sequence",TRUE,FALSE
"CNA_event_000494","PAVWJL","HOMDEL",494,"9",21837101,21993800,156700,2,2,"ENSE00003496053",21970902,21971208,21970902,21971208,307,1,TRUE,1,3,"whole_coding_sequence",TRUE,FALSE
"CNA_event_000494","PAVWJL","HOMDEL",494,"9",21837101,21993800,156700,3,3,"ENSE00003529527",21968232,21968242,21968232,21968242,11,1,TRUE,1,3,"whole_coding_sequence",TRUE,FALSE
"CNA_event_000495","PAVVHL","HOMDEL",495,"9",21827701,21975100,147400,1,1,"ENSE00001833804",21974678,21974827,21974678,21974827,150,1,TRUE,1,3,"whole_coding_sequence",TRUE,FALSE
"CNA_event_000495","PAVVHL","HOMDEL",495,"9",21827701,21975100,147400,2,2,"ENSE00003496053",21970902,21971208,21970902,21971208,307,1,TRUE,1,3,"whole_coding_sequence",TRUE,FALSE
"CNA_event_000495","PAVVHL","HOMDEL",495,"9",21827701,21975100,147400,3,3,"ENSE00003529527",21968232,21968242,21968232,21968242,11,1,TRUE,1,3,"whole_coding_sequence",TRUE,FALSE
"CNA_event_000496","PAVUKV","HOMDEL",496,"9",21849401,22393600,544200,1,1,"ENSE00001833804",21974678,21974827,21974678,21974827,150,1,TRUE,1,3,"whole_coding_sequence",TRUE,FALSE
"CNA_event_000496","PAVUKV","HOMDEL",496,"9",21849401,22393600,544200,2,2,"ENSE00003496053",21970902,21971208,21970902,21971208,307,1,TRUE,1,3,"whole_coding_sequence",TRUE,FALSE
"CNA_event_000496","PAVUKV","HOMDEL",496,"9",21849401,22393600,544200,3,3,"ENSE00003529527",21968232,21968242,21968232,21968242,11,1,TRUE,1,3,"whole_coding_sequence",TRUE,FALSE
"CNA_event_000497","PAVUCS","HOMDEL",497,"9",21827301,21994500,167200,1,1,"ENSE00001833804",21974678,21974827,21974678,21974827,150,1,TRUE,1,3,"whole_coding_sequence",TRUE,FALSE
"CNA_event_000497","PAVUCS","HOMDEL",497,"9",21827301,21994500,167200,2,2,"ENSE00003496053",21970902,21971208,21970902,21971208,307,1,TRUE,1,3,"whole_coding_sequence",TRUE,FALSE
"CNA_event_000497","PAVUCS","HOMDEL",497,"9",21827301,21994500,167200,3,3,"ENSE00003529527",21968232,21968242,21968232,21968242,11,1,TRUE,1,3,"whole_coding_sequence",TRUE,FALSE
"CNA_event_000499","PAVTAT","HOMDEL",499,"9",21910501,22496500,586000,1,1,"ENSE00001833804",21974678,21974827,21974678,21974827,150,1,TRUE,1,3,"whole_coding_sequence",TRUE,FALSE
"CNA_event_000499","PAVTAT","HOMDEL",499,"9",21910501,22496500,586000,2,2,"ENSE00003496053",21970902,21971208,21970902,21971208,307,1,TRUE,1,3,"whole_coding_sequence",TRUE,FALSE
"CNA_event_000499","PAVTAT","HOMDEL",499,"9",21910501,22496500,586000,3,3,"ENSE00003529527",21968232,21968242,21968232,21968242,11,1,TRUE,1,3,"whole_coding_sequence",TRUE,FALSE
"CNA_event_000500","PAVRUJ","HOMDEL",500,"9",21803001,21978500,175500,1,1,"ENSE00001833804",21974678,21974827,21974678,21974827,150,1,TRUE,1,3,"whole_coding_sequence",TRUE,FALSE
"CNA_event_000500","PAVRUJ","HOMDEL",500,"9",21803001,21978500,175500,2,2,"ENSE00003496053",21970902,21971208,21970902,21971208,307,1,TRUE,1,3,"whole_coding_sequence",TRUE,FALSE
"CNA_event_000500","PAVRUJ","HOMDEL",500,"9",21803001,21978500,175500,3,3,"ENSE00003529527",21968232,21968242,21968232,21968242,11,1,TRUE,1,3,"whole_coding_sequence",TRUE,FALSE
"CNA_event_000501","PAVPEN","HOMDEL",501,"9",21967301,21978300,11000,1,1,"ENSE00001833804",21974678,21974827,21974678,21974827,150,1,TRUE,1,3,"whole_coding_sequence",TRUE,FALSE
"CNA_event_000501","PAVPEN","HOMDEL",501,"9",21967301,21978300,11000,2,2,"ENSE00003496053",21970902,21971208,21970902,21971208,307,1,TRUE,1,3,"whole_coding_sequence",TRUE,FALSE
"CNA_event_000501","PAVPEN","HOMDEL",501,"9",21967301,21978300,11000,3,3,"ENSE00003529527",21968232,21968242,21968232,21968242,11,1,TRUE,1,3,"whole_coding_sequence",TRUE,FALSE
"CNA_event_000502","PAVPCU","HOMDEL",502,"9",21743801,23297800,1554000,1,1,"ENSE00001833804",21974678,21974827,21974678,21974827,150,1,TRUE,1,3,"whole_coding_sequence",TRUE,FALSE
"CNA_event_000502","PAVPCU","HOMDEL",502,"9",21743801,23297800,1554000,2,2,"ENSE00003496053",21970902,21971208,21970902,21971208,307,1,TRUE,1,3,"whole_coding_sequence",TRUE,FALSE
"CNA_event_000502","PAVPCU","HOMDEL",502,"9",21743801,23297800,1554000,3,3,"ENSE00003529527",21968232,21968242,21968232,21968242,11,1,TRUE,1,3,"whole_coding_sequence",TRUE,FALSE
"CNA_event_000503","PAVNRN","HOMDEL",503,"9",21836101,21993800,157700,1,1,"ENSE00001833804",21974678,21974827,21974678,21974827,150,1,TRUE,1,3,"whole_coding_sequence",TRUE,FALSE
"CNA_event_000503","PAVNRN","HOMDEL",503,"9",21836101,21993800,157700,2,2,"ENSE00003496053",21970902,21971208,21970902,21971208,307,1,TRUE,1,3,"whole_coding_sequence",TRUE,FALSE
"CNA_event_000503","PAVNRN","HOMDEL",503,"9",21836101,21993800,157700,3,3,"ENSE00003529527",21968232,21968242,21968232,21968242,11,1,TRUE,1,3,"whole_coding_sequence",TRUE,FALSE
"CNA_event_000504","PAVNHX","HOMDEL",504,"9",21503201,22374500,871300,1,1,"ENSE00001833804",21974678,21974827,21974678,21974827,150,1,TRUE,1,3,"whole_coding_sequence",TRUE,FALSE
"CNA_event_000504","PAVNHX","HOMDEL",504,"9",21503201,22374500,871300,2,2,"ENSE00003496053",21970902,21971208,21970902,21971208,307,1,TRUE,1,3,"whole_coding_sequence",TRUE,FALSE
"CNA_event_000504","PAVNHX","HOMDEL",504,"9",21503201,22374500,871300,3,3,"ENSE00003529527",21968232,21968242,21968232,21968242,11,1,TRUE,1,3,"whole_coding_sequence",TRUE,FALSE
"CNA_event_000505","PAVMLG","HOMDEL",505,"9",21256501,21982900,726400,1,1,"ENSE00001833804",21974678,21974827,21974678,21974827,150,1,TRUE,1,3,"whole_coding_sequence",TRUE,FALSE
"CNA_event_000505","PAVMLG","HOMDEL",505,"9",21256501,21982900,726400,2,2,"ENSE00003496053",21970902,21971208,21970902,21971208,307,1,TRUE,1,3,"whole_coding_sequence",TRUE,FALSE
"CNA_event_000505","PAVMLG","HOMDEL",505,"9",21256501,21982900,726400,3,3,"ENSE00003529527",21968232,21968242,21968232,21968242,11,1,TRUE,1,3,"whole_coding_sequence",TRUE,FALSE
"CNA_event_000506","PAVMGW","HOMDEL",506,"9",21519501,22203700,684200,1,1,"ENSE00001833804",21974678,21974827,21974678,21974827,150,1,TRUE,1,3,"whole_coding_sequence",TRUE,FALSE
"CNA_event_000506","PAVMGW","HOMDEL",506,"9",21519501,22203700,684200,2,2,"ENSE00003496053",21970902,21971208,21970902,21971208,307,1,TRUE,1,3,"whole_coding_sequence",TRUE,FALSE
"CNA_event_000506","PAVMGW","HOMDEL",506,"9",21519501,22203700,684200,3,3,"ENSE00003529527",21968232,21968242,21968232,21968242,11,1,TRUE,1,3,"whole_coding_sequence",TRUE,FALSE
"CNA_event_000507","PAVLWU","HOMDEL",507,"9",21812601,22006000,193400,1,1,"ENSE00001833804",21974678,21974827,21974678,21974827,150,1,TRUE,1,3,"whole_coding_sequence",TRUE,FALSE
"CNA_event_000507","PAVLWU","HOMDEL",507,"9",21812601,22006000,193400,2,2,"ENSE00003496053",21970902,21971208,21970902,21971208,307,1,TRUE,1,3,"whole_coding_sequence",TRUE,FALSE
"CNA_event_000507","PAVLWU","HOMDEL",507,"9",21812601,22006000,193400,3,3,"ENSE00003529527",21968232,21968242,21968232,21968242,11,1,TRUE,1,3,"whole_coding_sequence",TRUE,FALSE
"CNA_event_000508","PAVKUU","HOMDEL",508,"9",21728401,23362800,1634400,1,1,"ENSE00001833804",21974678,21974827,21974678,21974827,150,1,TRUE,1,3,"whole_coding_sequence",TRUE,FALSE
"CNA_event_000508","PAVKUU","HOMDEL",508,"9",21728401,23362800,1634400,2,2,"ENSE00003496053",21970902,21971208,21970902,21971208,307,1,TRUE,1,3,"whole_coding_sequence",TRUE,FALSE
"CNA_event_000508","PAVKUU","HOMDEL",508,"9",21728401,23362800,1634400,3,3,"ENSE00003529527",21968232,21968242,21968232,21968242,11,1,TRUE,1,3,"whole_coding_sequence",TRUE,FALSE
"CNA_event_000509","PAVKPV","HOMDEL",509,"9",21904801,22496500,591700,1,1,"ENSE00001833804",21974678,21974827,21974678,21974827,150,1,TRUE,1,3,"whole_coding_sequence",TRUE,FALSE
"CNA_event_000509","PAVKPV","HOMDEL",509,"9",21904801,22496500,591700,2,2,"ENSE00003496053",21970902,21971208,21970902,21971208,307,1,TRUE,1,3,"whole_coding_sequence",TRUE,FALSE
"CNA_event_000509","PAVKPV","HOMDEL",509,"9",21904801,22496500,591700,3,3,"ENSE00003529527",21968232,21968242,21968232,21968242,11,1,TRUE,1,3,"whole_coding_sequence",TRUE,FALSE
"CNA_event_000510","PAVJWE","HOMDEL",510,"9",21970601,22964500,993900,1,1,"ENSE00001833804",21974678,21974827,21974678,21974827,150,1,TRUE,0.976495726495726,2,"very_low_resolution_90_lt_100pct",TRUE,TRUE
"CNA_event_000510","PAVJWE","HOMDEL",510,"9",21970601,22964500,993900,2,2,"ENSE00003496053",21970902,21971208,21970902,21971208,307,1,TRUE,0.976495726495726,2,"very_low_resolution_90_lt_100pct",TRUE,TRUE
"CNA_event_000511","PAVJRI","HOMDEL",511,"9",19882801,22496500,2613700,1,1,"ENSE00001833804",21974678,21974827,21974678,21974827,150,1,TRUE,1,3,"whole_coding_sequence",TRUE,FALSE
"CNA_event_000511","PAVJRI","HOMDEL",511,"9",19882801,22496500,2613700,2,2,"ENSE00003496053",21970902,21971208,21970902,21971208,307,1,TRUE,1,3,"whole_coding_sequence",TRUE,FALSE
"CNA_event_000511","PAVJRI","HOMDEL",511,"9",19882801,22496500,2613700,3,3,"ENSE00003529527",21968232,21968242,21968232,21968242,11,1,TRUE,1,3,"whole_coding_sequence",TRUE,FALSE
"CNA_event_000512","PAVHVN","HOMDEL",512,"9",21875401,21983300,107900,1,1,"ENSE00001833804",21974678,21974827,21974678,21974827,150,1,TRUE,1,3,"whole_coding_sequence",TRUE,FALSE
"CNA_event_000512","PAVHVN","HOMDEL",512,"9",21875401,21983300,107900,2,2,"ENSE00003496053",21970902,21971208,21970902,21971208,307,1,TRUE,1,3,"whole_coding_sequence",TRUE,FALSE
"CNA_event_000512","PAVHVN","HOMDEL",512,"9",21875401,21983300,107900,3,3,"ENSE00003529527",21968232,21968242,21968232,21968242,11,1,TRUE,1,3,"whole_coding_sequence",TRUE,FALSE
"CNA_event_000513","PAVFIF","HOMDEL",513,"9",21809701,21979500,169800,1,1,"ENSE00001833804",21974678,21974827,21974678,21974827,150,1,TRUE,1,3,"whole_coding_sequence",TRUE,FALSE
"CNA_event_000513","PAVFIF","HOMDEL",513,"9",21809701,21979500,169800,2,2,"ENSE00003496053",21970902,21971208,21970902,21971208,307,1,TRUE,1,3,"whole_coding_sequence",TRUE,FALSE
"CNA_event_000513","PAVFIF","HOMDEL",513,"9",21809701,21979500,169800,3,3,"ENSE00003529527",21968232,21968242,21968232,21968242,11,1,TRUE,1,3,"whole_coding_sequence",TRUE,FALSE
"CNA_event_000514","PAVFAX","HOMDEL",514,"9",21892301,22089800,197500,1,1,"ENSE00001833804",21974678,21974827,21974678,21974827,150,1,TRUE,1,3,"whole_coding_sequence",TRUE,FALSE
"CNA_event_000514","PAVFAX","HOMDEL",514,"9",21892301,22089800,197500,2,2,"ENSE00003496053",21970902,21971208,21970902,21971208,307,1,TRUE,1,3,"whole_coding_sequence",TRUE,FALSE
"CNA_event_000514","PAVFAX","HOMDEL",514,"9",21892301,22089800,197500,3,3,"ENSE00003529527",21968232,21968242,21968232,21968242,11,1,TRUE,1,3,"whole_coding_sequence",TRUE,FALSE
"CNA_event_000515","PAVDSJ","HOMDEL",515,"9",21942901,21996500,53600,1,1,"ENSE00001833804",21974678,21974827,21974678,21974827,150,1,TRUE,1,3,"whole_coding_sequence",TRUE,FALSE
"CNA_event_000515","PAVDSJ","HOMDEL",515,"9",21942901,21996500,53600,2,2,"ENSE00003496053",21970902,21971208,21970902,21971208,307,1,TRUE,1,3,"whole_coding_sequence",TRUE,FALSE
"CNA_event_000515","PAVDSJ","HOMDEL",515,"9",21942901,21996500,53600,3,3,"ENSE00003529527",21968232,21968242,21968232,21968242,11,1,TRUE,1,3,"whole_coding_sequence",TRUE,FALSE
"CNA_event_000516","PAVDHU","HOMDEL",516,"9",21793201,21993800,200600,1,1,"ENSE00001833804",21974678,21974827,21974678,21974827,150,1,TRUE,1,3,"whole_coding_sequence",TRUE,FALSE
"CNA_event_000516","PAVDHU","HOMDEL",516,"9",21793201,21993800,200600,2,2,"ENSE00003496053",21970902,21971208,21970902,21971208,307,1,TRUE,1,3,"whole_coding_sequence",TRUE,FALSE
"CNA_event_000516","PAVDHU","HOMDEL",516,"9",21793201,21993800,200600,3,3,"ENSE00003529527",21968232,21968242,21968232,21968242,11,1,TRUE,1,3,"whole_coding_sequence",TRUE,FALSE
"CNA_event_000517","PAVCHZ","HOMDEL",517,"9",21924101,22054400,130300,1,1,"ENSE00001833804",21974678,21974827,21974678,21974827,150,1,TRUE,1,3,"whole_coding_sequence",TRUE,FALSE
"CNA_event_000517","PAVCHZ","HOMDEL",517,"9",21924101,22054400,130300,2,2,"ENSE00003496053",21970902,21971208,21970902,21971208,307,1,TRUE,1,3,"whole_coding_sequence",TRUE,FALSE
"CNA_event_000517","PAVCHZ","HOMDEL",517,"9",21924101,22054400,130300,3,3,"ENSE00003529527",21968232,21968242,21968232,21968242,11,1,TRUE,1,3,"whole_coding_sequence",TRUE,FALSE
"CNA_event_000518","PAVBDL","HOMDEL",518,"9",21920301,22042500,122200,1,1,"ENSE00001833804",21974678,21974827,21974678,21974827,150,1,TRUE,1,3,"whole_coding_sequence",TRUE,FALSE
"CNA_event_000518","PAVBDL","HOMDEL",518,"9",21920301,22042500,122200,2,2,"ENSE00003496053",21970902,21971208,21970902,21971208,307,1,TRUE,1,3,"whole_coding_sequence",TRUE,FALSE
"CNA_event_000518","PAVBDL","HOMDEL",518,"9",21920301,22042500,122200,3,3,"ENSE00003529527",21968232,21968242,21968232,21968242,11,1,TRUE,1,3,"whole_coding_sequence",TRUE,FALSE
"CNA_event_000519","PAVBCW","HOMDEL",519,"9",21893301,21993800,100500,1,1,"ENSE00001833804",21974678,21974827,21974678,21974827,150,1,TRUE,1,3,"whole_coding_sequence",TRUE,FALSE
"CNA_event_000519","PAVBCW","HOMDEL",519,"9",21893301,21993800,100500,2,2,"ENSE00003496053",21970902,21971208,21970902,21971208,307,1,TRUE,1,3,"whole_coding_sequence",TRUE,FALSE
"CNA_event_000519","PAVBCW","HOMDEL",519,"9",21893301,21993800,100500,3,3,"ENSE00003529527",21968232,21968242,21968232,21968242,11,1,TRUE,1,3,"whole_coding_sequence",TRUE,FALSE
"CNA_event_000520","PAVAJG","HOMDEL",520,"9",21824001,22081500,257500,1,1,"ENSE00001833804",21974678,21974827,21974678,21974827,150,1,TRUE,1,3,"whole_coding_sequence",TRUE,FALSE
"CNA_event_000520","PAVAJG","HOMDEL",520,"9",21824001,22081500,257500,2,2,"ENSE00003496053",21970902,21971208,21970902,21971208,307,1,TRUE,1,3,"whole_coding_sequence",TRUE,FALSE
"CNA_event_000520","PAVAJG","HOMDEL",520,"9",21824001,22081500,257500,3,3,"ENSE00003529527",21968232,21968242,21968232,21968242,11,1,TRUE,1,3,"whole_coding_sequence",TRUE,FALSE
"CNA_event_000522","PAUYIK","HOMDEL",522,"9",21947601,22476200,528600,1,1,"ENSE00001833804",21974678,21974827,21974678,21974827,150,1,TRUE,1,3,"whole_coding_sequence",TRUE,FALSE
"CNA_event_000522","PAUYIK","HOMDEL",522,"9",21947601,22476200,528600,2,2,"ENSE00003496053",21970902,21971208,21970902,21971208,307,1,TRUE,1,3,"whole_coding_sequence",TRUE,FALSE
"CNA_event_000522","PAUYIK","HOMDEL",522,"9",21947601,22476200,528600,3,3,"ENSE00003529527",21968232,21968242,21968232,21968242,11,1,TRUE,1,3,"whole_coding_sequence",TRUE,FALSE
"CNA_event_000523","PAUYGT","HOMDEL",523,"9",21805001,22449300,644300,1,1,"ENSE00001833804",21974678,21974827,21974678,21974827,150,1,TRUE,1,3,"whole_coding_sequence",TRUE,FALSE
"CNA_event_000523","PAUYGT","HOMDEL",523,"9",21805001,22449300,644300,2,2,"ENSE00003496053",21970902,21971208,21970902,21971208,307,1,TRUE,1,3,"whole_coding_sequence",TRUE,FALSE
"CNA_event_000523","PAUYGT","HOMDEL",523,"9",21805001,22449300,644300,3,3,"ENSE00003529527",21968232,21968242,21968232,21968242,11,1,TRUE,1,3,"whole_coding_sequence",TRUE,FALSE
"CNA_event_000524","PAUYCZ","HOMDEL",524,"9",20647201,22496500,1849300,1,1,"ENSE00001833804",21974678,21974827,21974678,21974827,150,1,TRUE,1,3,"whole_coding_sequence",TRUE,FALSE
"CNA_event_000524","PAUYCZ","HOMDEL",524,"9",20647201,22496500,1849300,2,2,"ENSE00003496053",21970902,21971208,21970902,21971208,307,1,TRUE,1,3,"whole_coding_sequence",TRUE,FALSE
"CNA_event_000524","PAUYCZ","HOMDEL",524,"9",20647201,22496500,1849300,3,3,"ENSE00003529527",21968232,21968242,21968232,21968242,11,1,TRUE,1,3,"whole_coding_sequence",TRUE,FALSE
"CNA_event_000525","PAUYBP","HOMDEL",525,"9",21567701,22496500,928800,1,1,"ENSE00001833804",21974678,21974827,21974678,21974827,150,1,TRUE,1,3,"whole_coding_sequence",TRUE,FALSE
"CNA_event_000525","PAUYBP","HOMDEL",525,"9",21567701,22496500,928800,2,2,"ENSE00003496053",21970902,21971208,21970902,21971208,307,1,TRUE,1,3,"whole_coding_sequence",TRUE,FALSE
"CNA_event_000525","PAUYBP","HOMDEL",525,"9",21567701,22496500,928800,3,3,"ENSE00003529527",21968232,21968242,21968232,21968242,11,1,TRUE,1,3,"whole_coding_sequence",TRUE,FALSE
"CNA_event_000526","PAUXYI","HOMDEL",526,"9",21964401,21980600,16200,1,1,"ENSE00001833804",21974678,21974827,21974678,21974827,150,1,TRUE,1,3,"whole_coding_sequence",TRUE,FALSE
"CNA_event_000526","PAUXYI","HOMDEL",526,"9",21964401,21980600,16200,2,2,"ENSE00003496053",21970902,21971208,21970902,21971208,307,1,TRUE,1,3,"whole_coding_sequence",TRUE,FALSE
"CNA_event_000526","PAUXYI","HOMDEL",526,"9",21964401,21980600,16200,3,3,"ENSE00003529527",21968232,21968242,21968232,21968242,11,1,TRUE,1,3,"whole_coding_sequence",TRUE,FALSE
"CNA_event_000527","PAUWLB","HOMDEL",527,"9",21957001,21984700,27700,1,1,"ENSE00001833804",21974678,21974827,21974678,21974827,150,1,TRUE,1,3,"whole_coding_sequence",TRUE,FALSE
"CNA_event_000527","PAUWLB","HOMDEL",527,"9",21957001,21984700,27700,2,2,"ENSE00003496053",21970902,21971208,21970902,21971208,307,1,TRUE,1,3,"whole_coding_sequence",TRUE,FALSE
"CNA_event_000527","PAUWLB","HOMDEL",527,"9",21957001,21984700,27700,3,3,"ENSE00003529527",21968232,21968242,21968232,21968242,11,1,TRUE,1,3,"whole_coding_sequence",TRUE,FALSE
"CNA_event_000528","PAUUXR","HOMDEL",528,"9",21228301,23362800,2134500,1,1,"ENSE00001833804",21974678,21974827,21974678,21974827,150,1,TRUE,1,3,"whole_coding_sequence",TRUE,FALSE
"CNA_event_000528","PAUUXR","HOMDEL",528,"9",21228301,23362800,2134500,2,2,"ENSE00003496053",21970902,21971208,21970902,21971208,307,1,TRUE,1,3,"whole_coding_sequence",TRUE,FALSE
"CNA_event_000528","PAUUXR","HOMDEL",528,"9",21228301,23362800,2134500,3,3,"ENSE00003529527",21968232,21968242,21968232,21968242,11,1,TRUE,1,3,"whole_coding_sequence",TRUE,FALSE
"CNA_event_000529","PAUUSY","HOMDEL",529,"9",20990501,22458600,1468100,1,1,"ENSE00001833804",21974678,21974827,21974678,21974827,150,1,TRUE,1,3,"whole_coding_sequence",TRUE,FALSE
"CNA_event_000529","PAUUSY","HOMDEL",529,"9",20990501,22458600,1468100,2,2,"ENSE00003496053",21970902,21971208,21970902,21971208,307,1,TRUE,1,3,"whole_coding_sequence",TRUE,FALSE
"CNA_event_000529","PAUUSY","HOMDEL",529,"9",20990501,22458600,1468100,3,3,"ENSE00003529527",21968232,21968242,21968232,21968242,11,1,TRUE,1,3,"whole_coding_sequence",TRUE,FALSE
"CNA_event_000530","PAUMXB","HOMDEL",530,"9",21869201,22032500,163300,1,1,"ENSE00001833804",21974678,21974827,21974678,21974827,150,1,TRUE,1,3,"whole_coding_sequence",TRUE,FALSE
"CNA_event_000530","PAUMXB","HOMDEL",530,"9",21869201,22032500,163300,2,2,"ENSE00003496053",21970902,21971208,21970902,21971208,307,1,TRUE,1,3,"whole_coding_sequence",TRUE,FALSE
"CNA_event_000530","PAUMXB","HOMDEL",530,"9",21869201,22032500,163300,3,3,"ENSE00003529527",21968232,21968242,21968232,21968242,11,1,TRUE,1,3,"whole_coding_sequence",TRUE,FALSE
"CNA_event_000531","PAUMKW","HOMDEL",531,"9",21825801,21993800,168000,1,1,"ENSE00001833804",21974678,21974827,21974678,21974827,150,1,TRUE,1,3,"whole_coding_sequence",TRUE,FALSE
"CNA_event_000531","PAUMKW","HOMDEL",531,"9",21825801,21993800,168000,2,2,"ENSE00003496053",21970902,21971208,21970902,21971208,307,1,TRUE,1,3,"whole_coding_sequence",TRUE,FALSE
"CNA_event_000531","PAUMKW","HOMDEL",531,"9",21825801,21993800,168000,3,3,"ENSE00003529527",21968232,21968242,21968232,21968242,11,1,TRUE,1,3,"whole_coding_sequence",TRUE,FALSE
"CNA_event_000532","PAUKWJ","HOMDEL",532,"9",21377701,22136200,758500,1,1,"ENSE00001833804",21974678,21974827,21974678,21974827,150,1,TRUE,1,3,"whole_coding_sequence",TRUE,FALSE
"CNA_event_000532","PAUKWJ","HOMDEL",532,"9",21377701,22136200,758500,2,2,"ENSE00003496053",21970902,21971208,21970902,21971208,307,1,TRUE,1,3,"whole_coding_sequence",TRUE,FALSE
"CNA_event_000532","PAUKWJ","HOMDEL",532,"9",21377701,22136200,758500,3,3,"ENSE00003529527",21968232,21968242,21968232,21968242,11,1,TRUE,1,3,"whole_coding_sequence",TRUE,FALSE
"CNA_event_000533","PAUJYN","HOMDEL",533,"9",21948101,21971900,23800,2,2,"ENSE00003496053",21970902,21971208,21970902,21971208,307,1,TRUE,0.67948717948718,2,"moderate_resolution_50_75pct",TRUE,TRUE
"CNA_event_000533","PAUJYN","HOMDEL",533,"9",21948101,21971900,23800,3,3,"ENSE00003529527",21968232,21968242,21968232,21968242,11,1,TRUE,0.67948717948718,2,"moderate_resolution_50_75pct",TRUE,TRUE
"CNA_event_000534","PAUJSH","HOMDEL",534,"9",21827701,21993700,166000,1,1,"ENSE00001833804",21974678,21974827,21974678,21974827,150,1,TRUE,1,3,"whole_coding_sequence",TRUE,FALSE
"CNA_event_000534","PAUJSH","HOMDEL",534,"9",21827701,21993700,166000,2,2,"ENSE00003496053",21970902,21971208,21970902,21971208,307,1,TRUE,1,3,"whole_coding_sequence",TRUE,FALSE
"CNA_event_000534","PAUJSH","HOMDEL",534,"9",21827701,21993700,166000,3,3,"ENSE00003529527",21968232,21968242,21968232,21968242,11,1,TRUE,1,3,"whole_coding_sequence",TRUE,FALSE
"CNA_event_000535","PAUJRU","HOMDEL",535,"9",21286801,22011100,724300,1,1,"ENSE00001833804",21974678,21974827,21974678,21974827,150,1,TRUE,1,3,"whole_coding_sequence",TRUE,FALSE
"CNA_event_000535","PAUJRU","HOMDEL",535,"9",21286801,22011100,724300,2,2,"ENSE00003496053",21970902,21971208,21970902,21971208,307,1,TRUE,1,3,"whole_coding_sequence",TRUE,FALSE
"CNA_event_000535","PAUJRU","HOMDEL",535,"9",21286801,22011100,724300,3,3,"ENSE00003529527",21968232,21968242,21968232,21968242,11,1,TRUE,1,3,"whole_coding_sequence",TRUE,FALSE
"CNA_event_000536","PAUIRF","HOMDEL",536,"9",21861301,21991700,130400,1,1,"ENSE00001833804",21974678,21974827,21974678,21974827,150,1,TRUE,1,3,"whole_coding_sequence",TRUE,FALSE
"CNA_event_000536","PAUIRF","HOMDEL",536,"9",21861301,21991700,130400,2,2,"ENSE00003496053",21970902,21971208,21970902,21971208,307,1,TRUE,1,3,"whole_coding_sequence",TRUE,FALSE
"CNA_event_000536","PAUIRF","HOMDEL",536,"9",21861301,21991700,130400,3,3,"ENSE00003529527",21968232,21968242,21968232,21968242,11,1,TRUE,1,3,"whole_coding_sequence",TRUE,FALSE
"CNA_event_000537","PAUHTB","HOMDEL",537,"9",21766901,22662100,895200,1,1,"ENSE00001833804",21974678,21974827,21974678,21974827,150,1,TRUE,1,3,"whole_coding_sequence",TRUE,FALSE
"CNA_event_000537","PAUHTB","HOMDEL",537,"9",21766901,22662100,895200,2,2,"ENSE00003496053",21970902,21971208,21970902,21971208,307,1,TRUE,1,3,"whole_coding_sequence",TRUE,FALSE
"CNA_event_000537","PAUHTB","HOMDEL",537,"9",21766901,22662100,895200,3,3,"ENSE00003529527",21968232,21968242,21968232,21968242,11,1,TRUE,1,3,"whole_coding_sequence",TRUE,FALSE
"CNA_event_000538","PAUGXW","HOMDEL",538,"9",21936601,22033200,96600,1,1,"ENSE00001833804",21974678,21974827,21974678,21974827,150,1,TRUE,1,3,"whole_coding_sequence",TRUE,FALSE
"CNA_event_000538","PAUGXW","HOMDEL",538,"9",21936601,22033200,96600,2,2,"ENSE00003496053",21970902,21971208,21970902,21971208,307,1,TRUE,1,3,"whole_coding_sequence",TRUE,FALSE
"CNA_event_000538","PAUGXW","HOMDEL",538,"9",21936601,22033200,96600,3,3,"ENSE00003529527",21968232,21968242,21968232,21968242,11,1,TRUE,1,3,"whole_coding_sequence",TRUE,FALSE
"CNA_event_000539","PAUGBG","HOMDEL",539,"9",20332201,22253000,1920800,1,1,"ENSE00001833804",21974678,21974827,21974678,21974827,150,1,TRUE,1,3,"whole_coding_sequence",TRUE,FALSE
"CNA_event_000539","PAUGBG","HOMDEL",539,"9",20332201,22253000,1920800,2,2,"ENSE00003496053",21970902,21971208,21970902,21971208,307,1,TRUE,1,3,"whole_coding_sequence",TRUE,FALSE
"CNA_event_000539","PAUGBG","HOMDEL",539,"9",20332201,22253000,1920800,3,3,"ENSE00003529527",21968232,21968242,21968232,21968242,11,1,TRUE,1,3,"whole_coding_sequence",TRUE,FALSE
"CNA_event_000540","PAUGAA","HOMDEL",540,"9",21428801,25699400,4270600,1,1,"ENSE00001833804",21974678,21974827,21974678,21974827,150,1,TRUE,1,3,"whole_coding_sequence",TRUE,FALSE
"CNA_event_000540","PAUGAA","HOMDEL",540,"9",21428801,25699400,4270600,2,2,"ENSE00003496053",21970902,21971208,21970902,21971208,307,1,TRUE,1,3,"whole_coding_sequence",TRUE,FALSE
"CNA_event_000540","PAUGAA","HOMDEL",540,"9",21428801,25699400,4270600,3,3,"ENSE00003529527",21968232,21968242,21968232,21968242,11,1,TRUE,1,3,"whole_coding_sequence",TRUE,FALSE
"CNA_event_000541","PAUEGI","HOMDEL",541,"9",21949801,21993800,44000,1,1,"ENSE00001833804",21974678,21974827,21974678,21974827,150,1,TRUE,1,3,"whole_coding_sequence",TRUE,FALSE
"CNA_event_000541","PAUEGI","HOMDEL",541,"9",21949801,21993800,44000,2,2,"ENSE00003496053",21970902,21971208,21970902,21971208,307,1,TRUE,1,3,"whole_coding_sequence",TRUE,FALSE
"CNA_event_000541","PAUEGI","HOMDEL",541,"9",21949801,21993800,44000,3,3,"ENSE00003529527",21968232,21968242,21968232,21968242,11,1,TRUE,1,3,"whole_coding_sequence",TRUE,FALSE
"CNA_event_000542","PAUCIZ","HOMDEL",542,"9",21965201,21991500,26300,1,1,"ENSE00001833804",21974678,21974827,21974678,21974827,150,1,TRUE,1,3,"whole_coding_sequence",TRUE,FALSE
"CNA_event_000542","PAUCIZ","HOMDEL",542,"9",21965201,21991500,26300,2,2,"ENSE00003496053",21970902,21971208,21970902,21971208,307,1,TRUE,1,3,"whole_coding_sequence",TRUE,FALSE
"CNA_event_000542","PAUCIZ","HOMDEL",542,"9",21965201,21991500,26300,3,3,"ENSE00003529527",21968232,21968242,21968232,21968242,11,1,TRUE,1,3,"whole_coding_sequence",TRUE,FALSE
"CNA_event_000543","PAUBXP","HOMDEL",543,"9",21870101,22050600,180500,1,1,"ENSE00001833804",21974678,21974827,21974678,21974827,150,1,TRUE,1,3,"whole_coding_sequence",TRUE,FALSE
"CNA_event_000543","PAUBXP","HOMDEL",543,"9",21870101,22050600,180500,2,2,"ENSE00003496053",21970902,21971208,21970902,21971208,307,1,TRUE,1,3,"whole_coding_sequence",TRUE,FALSE
"CNA_event_000543","PAUBXP","HOMDEL",543,"9",21870101,22050600,180500,3,3,"ENSE00003529527",21968232,21968242,21968232,21968242,11,1,TRUE,1,3,"whole_coding_sequence",TRUE,FALSE
"CNA_event_000544","PAUBRD","HOMDEL",544,"9",21926101,22013400,87300,1,1,"ENSE00001833804",21974678,21974827,21974678,21974827,150,1,TRUE,1,3,"whole_coding_sequence",TRUE,FALSE
"CNA_event_000544","PAUBRD","HOMDEL",544,"9",21926101,22013400,87300,2,2,"ENSE00003496053",21970902,21971208,21970902,21971208,307,1,TRUE,1,3,"whole_coding_sequence",TRUE,FALSE
"CNA_event_000544","PAUBRD","HOMDEL",544,"9",21926101,22013400,87300,3,3,"ENSE00003529527",21968232,21968242,21968232,21968242,11,1,TRUE,1,3,"whole_coding_sequence",TRUE,FALSE
"CNA_event_000545","PAUADY","HOMDEL",545,"9",21738401,22220300,481900,1,1,"ENSE00001833804",21974678,21974827,21974678,21974827,150,1,TRUE,1,3,"whole_coding_sequence",TRUE,FALSE
"CNA_event_000545","PAUADY","HOMDEL",545,"9",21738401,22220300,481900,2,2,"ENSE00003496053",21970902,21971208,21970902,21971208,307,1,TRUE,1,3,"whole_coding_sequence",TRUE,FALSE
"CNA_event_000545","PAUADY","HOMDEL",545,"9",21738401,22220300,481900,3,3,"ENSE00003529527",21968232,21968242,21968232,21968242,11,1,TRUE,1,3,"whole_coding_sequence",TRUE,FALSE
"CNA_event_000546","PATYWV","HOMDEL",546,"9",21614901,22208800,593900,1,1,"ENSE00001833804",21974678,21974827,21974678,21974827,150,1,TRUE,1,3,"whole_coding_sequence",TRUE,FALSE
"CNA_event_000546","PATYWV","HOMDEL",546,"9",21614901,22208800,593900,2,2,"ENSE00003496053",21970902,21971208,21970902,21971208,307,1,TRUE,1,3,"whole_coding_sequence",TRUE,FALSE
"CNA_event_000546","PATYWV","HOMDEL",546,"9",21614901,22208800,593900,3,3,"ENSE00003529527",21968232,21968242,21968232,21968242,11,1,TRUE,1,3,"whole_coding_sequence",TRUE,FALSE
"CNA_event_000547","PATXNK","HOMDEL",547,"9",21909001,22280800,371800,1,1,"ENSE00001833804",21974678,21974827,21974678,21974827,150,1,TRUE,1,3,"whole_coding_sequence",TRUE,FALSE
"CNA_event_000547","PATXNK","HOMDEL",547,"9",21909001,22280800,371800,2,2,"ENSE00003496053",21970902,21971208,21970902,21971208,307,1,TRUE,1,3,"whole_coding_sequence",TRUE,FALSE
"CNA_event_000547","PATXNK","HOMDEL",547,"9",21909001,22280800,371800,3,3,"ENSE00003529527",21968232,21968242,21968232,21968242,11,1,TRUE,1,3,"whole_coding_sequence",TRUE,FALSE
"CNA_event_000548","PATWYL","HOMDEL",548,"9",21940401,22199400,259000,1,1,"ENSE00001833804",21974678,21974827,21974678,21974827,150,1,TRUE,1,3,"whole_coding_sequence",TRUE,FALSE
"CNA_event_000548","PATWYL","HOMDEL",548,"9",21940401,22199400,259000,2,2,"ENSE00003496053",21970902,21971208,21970902,21971208,307,1,TRUE,1,3,"whole_coding_sequence",TRUE,FALSE
"CNA_event_000548","PATWYL","HOMDEL",548,"9",21940401,22199400,259000,3,3,"ENSE00003529527",21968232,21968242,21968232,21968242,11,1,TRUE,1,3,"whole_coding_sequence",TRUE,FALSE
"CNA_event_000549","PATTAC","HOMDEL",549,"9",21968201,21984500,16300,1,1,"ENSE00001833804",21974678,21974827,21974678,21974827,150,1,TRUE,1,3,"whole_coding_sequence",TRUE,FALSE
"CNA_event_000549","PATTAC","HOMDEL",549,"9",21968201,21984500,16300,2,2,"ENSE00003496053",21970902,21971208,21970902,21971208,307,1,TRUE,1,3,"whole_coding_sequence",TRUE,FALSE
"CNA_event_000549","PATTAC","HOMDEL",549,"9",21968201,21984500,16300,3,3,"ENSE00003529527",21968232,21968242,21968232,21968242,11,1,TRUE,1,3,"whole_coding_sequence",TRUE,FALSE
"CNA_event_000550","PATSPK","HOMDEL",550,"9",21713201,25341200,3628000,1,1,"ENSE00001833804",21974678,21974827,21974678,21974827,150,1,TRUE,1,3,"whole_coding_sequence",TRUE,FALSE
"CNA_event_000550","PATSPK","HOMDEL",550,"9",21713201,25341200,3628000,2,2,"ENSE00003496053",21970902,21971208,21970902,21971208,307,1,TRUE,1,3,"whole_coding_sequence",TRUE,FALSE
"CNA_event_000550","PATSPK","HOMDEL",550,"9",21713201,25341200,3628000,3,3,"ENSE00003529527",21968232,21968242,21968232,21968242,11,1,TRUE,1,3,"whole_coding_sequence",TRUE,FALSE
"CNA_event_000551","PATSIL","HOMDEL",551,"9",21961301,23362800,1401500,1,1,"ENSE00001833804",21974678,21974827,21974678,21974827,150,1,TRUE,1,3,"whole_coding_sequence",TRUE,FALSE
"CNA_event_000551","PATSIL","HOMDEL",551,"9",21961301,23362800,1401500,2,2,"ENSE00003496053",21970902,21971208,21970902,21971208,307,1,TRUE,1,3,"whole_coding_sequence",TRUE,FALSE
"CNA_event_000551","PATSIL","HOMDEL",551,"9",21961301,23362800,1401500,3,3,"ENSE00003529527",21968232,21968242,21968232,21968242,11,1,TRUE,1,3,"whole_coding_sequence",TRUE,FALSE
"CNA_event_000552","PATRFD","HOMDEL",552,"9",21924701,22087400,162700,1,1,"ENSE00001833804",21974678,21974827,21974678,21974827,150,1,TRUE,1,3,"whole_coding_sequence",TRUE,FALSE
"CNA_event_000552","PATRFD","HOMDEL",552,"9",21924701,22087400,162700,2,2,"ENSE00003496053",21970902,21971208,21970902,21971208,307,1,TRUE,1,3,"whole_coding_sequence",TRUE,FALSE
"CNA_event_000552","PATRFD","HOMDEL",552,"9",21924701,22087400,162700,3,3,"ENSE00003529527",21968232,21968242,21968232,21968242,11,1,TRUE,1,3,"whole_coding_sequence",TRUE,FALSE
"CNA_event_000553","PATPWF","HOMDEL",553,"9",21834001,21992900,158900,1,1,"ENSE00001833804",21974678,21974827,21974678,21974827,150,1,TRUE,1,3,"whole_coding_sequence",TRUE,FALSE
"CNA_event_000553","PATPWF","HOMDEL",553,"9",21834001,21992900,158900,2,2,"ENSE00003496053",21970902,21971208,21970902,21971208,307,1,TRUE,1,3,"whole_coding_sequence",TRUE,FALSE
"CNA_event_000553","PATPWF","HOMDEL",553,"9",21834001,21992900,158900,3,3,"ENSE00003529527",21968232,21968242,21968232,21968242,11,1,TRUE,1,3,"whole_coding_sequence",TRUE,FALSE
"CNA_event_000554","PATNYN","HOMDEL",554,"9",20293101,22590300,2297200,1,1,"ENSE00001833804",21974678,21974827,21974678,21974827,150,1,TRUE,1,3,"whole_coding_sequence",TRUE,FALSE
"CNA_event_000554","PATNYN","HOMDEL",554,"9",20293101,22590300,2297200,2,2,"ENSE00003496053",21970902,21971208,21970902,21971208,307,1,TRUE,1,3,"whole_coding_sequence",TRUE,FALSE
"CNA_event_000554","PATNYN","HOMDEL",554,"9",20293101,22590300,2297200,3,3,"ENSE00003529527",21968232,21968242,21968232,21968242,11,1,TRUE,1,3,"whole_coding_sequence",TRUE,FALSE
"CNA_event_000555","PATNAM","HOMDEL",555,"9",21803001,21978400,175400,1,1,"ENSE00001833804",21974678,21974827,21974678,21974827,150,1,TRUE,1,3,"whole_coding_sequence",TRUE,FALSE
"CNA_event_000555","PATNAM","HOMDEL",555,"9",21803001,21978400,175400,2,2,"ENSE00003496053",21970902,21971208,21970902,21971208,307,1,TRUE,1,3,"whole_coding_sequence",TRUE,FALSE
"CNA_event_000555","PATNAM","HOMDEL",555,"9",21803001,21978400,175400,3,3,"ENSE00003529527",21968232,21968242,21968232,21968242,11,1,TRUE,1,3,"whole_coding_sequence",TRUE,FALSE
"CNA_event_000556","PATKPW","HOMDEL",556,"9",21916501,23362600,1446100,1,1,"ENSE00001833804",21974678,21974827,21974678,21974827,150,1,TRUE,1,3,"whole_coding_sequence",TRUE,FALSE
"CNA_event_000556","PATKPW","HOMDEL",556,"9",21916501,23362600,1446100,2,2,"ENSE00003496053",21970902,21971208,21970902,21971208,307,1,TRUE,1,3,"whole_coding_sequence",TRUE,FALSE
"CNA_event_000556","PATKPW","HOMDEL",556,"9",21916501,23362600,1446100,3,3,"ENSE00003529527",21968232,21968242,21968232,21968242,11,1,TRUE,1,3,"whole_coding_sequence",TRUE,FALSE
"CNA_event_000557","PATKKV","HOMDEL",557,"9",21803101,21978400,175300,1,1,"ENSE00001833804",21974678,21974827,21974678,21974827,150,1,TRUE,1,3,"whole_coding_sequence",TRUE,FALSE
"CNA_event_000557","PATKKV","HOMDEL",557,"9",21803101,21978400,175300,2,2,"ENSE00003496053",21970902,21971208,21970902,21971208,307,1,TRUE,1,3,"whole_coding_sequence",TRUE,FALSE
"CNA_event_000557","PATKKV","HOMDEL",557,"9",21803101,21978400,175300,3,3,"ENSE00003529527",21968232,21968242,21968232,21968242,11,1,TRUE,1,3,"whole_coding_sequence",TRUE,FALSE
"CNA_event_000558","PATKIH","HOMDEL",558,"9",21347201,23951500,2604300,1,1,"ENSE00001833804",21974678,21974827,21974678,21974827,150,1,TRUE,1,3,"whole_coding_sequence",TRUE,FALSE
"CNA_event_000558","PATKIH","HOMDEL",558,"9",21347201,23951500,2604300,2,2,"ENSE00003496053",21970902,21971208,21970902,21971208,307,1,TRUE,1,3,"whole_coding_sequence",TRUE,FALSE
"CNA_event_000558","PATKIH","HOMDEL",558,"9",21347201,23951500,2604300,3,3,"ENSE00003529527",21968232,21968242,21968232,21968242,11,1,TRUE,1,3,"whole_coding_sequence",TRUE,FALSE
"CNA_event_000559","PATJXW","HOMDEL",559,"9",21875801,21976600,100800,1,1,"ENSE00001833804",21974678,21974827,21974678,21974827,150,1,TRUE,1,3,"whole_coding_sequence",TRUE,FALSE
"CNA_event_000559","PATJXW","HOMDEL",559,"9",21875801,21976600,100800,2,2,"ENSE00003496053",21970902,21971208,21970902,21971208,307,1,TRUE,1,3,"whole_coding_sequence",TRUE,FALSE
"CNA_event_000559","PATJXW","HOMDEL",559,"9",21875801,21976600,100800,3,3,"ENSE00003529527",21968232,21968242,21968232,21968242,11,1,TRUE,1,3,"whole_coding_sequence",TRUE,FALSE
"CNA_event_000561","PATJLT","HOMDEL",561,"9",21956901,21993800,36900,1,1,"ENSE00001833804",21974678,21974827,21974678,21974827,150,1,TRUE,1,3,"whole_coding_sequence",TRUE,FALSE
"CNA_event_000561","PATJLT","HOMDEL",561,"9",21956901,21993800,36900,2,2,"ENSE00003496053",21970902,21971208,21970902,21971208,307,1,TRUE,1,3,"whole_coding_sequence",TRUE,FALSE
"CNA_event_000561","PATJLT","HOMDEL",561,"9",21956901,21993800,36900,3,3,"ENSE00003529527",21968232,21968242,21968232,21968242,11,1,TRUE,1,3,"whole_coding_sequence",TRUE,FALSE
"CNA_event_000562","PATIWP","HOMDEL",562,"9",21877701,22773400,895700,1,1,"ENSE00001833804",21974678,21974827,21974678,21974827,150,1,TRUE,1,3,"whole_coding_sequence",TRUE,FALSE
"CNA_event_000562","PATIWP","HOMDEL",562,"9",21877701,22773400,895700,2,2,"ENSE00003496053",21970902,21971208,21970902,21971208,307,1,TRUE,1,3,"whole_coding_sequence",TRUE,FALSE
"CNA_event_000562","PATIWP","HOMDEL",562,"9",21877701,22773400,895700,3,3,"ENSE00003529527",21968232,21968242,21968232,21968242,11,1,TRUE,1,3,"whole_coding_sequence",TRUE,FALSE
"CNA_event_000564","PATHSL","HOMDEL",564,"9",21967801,21993400,25600,1,1,"ENSE00001833804",21974678,21974827,21974678,21974827,150,1,TRUE,1,3,"whole_coding_sequence",TRUE,FALSE
"CNA_event_000564","PATHSL","HOMDEL",564,"9",21967801,21993400,25600,2,2,"ENSE00003496053",21970902,21971208,21970902,21971208,307,1,TRUE,1,3,"whole_coding_sequence",TRUE,FALSE
"CNA_event_000564","PATHSL","HOMDEL",564,"9",21967801,21993400,25600,3,3,"ENSE00003529527",21968232,21968242,21968232,21968242,11,1,TRUE,1,3,"whole_coding_sequence",TRUE,FALSE
"CNA_event_000565","PATGVD","HOMDEL",565,"9",21922301,22014400,92100,1,1,"ENSE00001833804",21974678,21974827,21974678,21974827,150,1,TRUE,1,3,"whole_coding_sequence",TRUE,FALSE
"CNA_event_000565","PATGVD","HOMDEL",565,"9",21922301,22014400,92100,2,2,"ENSE00003496053",21970902,21971208,21970902,21971208,307,1,TRUE,1,3,"whole_coding_sequence",TRUE,FALSE
"CNA_event_000565","PATGVD","HOMDEL",565,"9",21922301,22014400,92100,3,3,"ENSE00003529527",21968232,21968242,21968232,21968242,11,1,TRUE,1,3,"whole_coding_sequence",TRUE,FALSE
"CNA_event_000566","PATFJG","HOMDEL",566,"9",21828301,21993900,165600,1,1,"ENSE00001833804",21974678,21974827,21974678,21974827,150,1,TRUE,1,3,"whole_coding_sequence",TRUE,FALSE
"CNA_event_000566","PATFJG","HOMDEL",566,"9",21828301,21993900,165600,2,2,"ENSE00003496053",21970902,21971208,21970902,21971208,307,1,TRUE,1,3,"whole_coding_sequence",TRUE,FALSE
"CNA_event_000566","PATFJG","HOMDEL",566,"9",21828301,21993900,165600,3,3,"ENSE00003529527",21968232,21968242,21968232,21968242,11,1,TRUE,1,3,"whole_coding_sequence",TRUE,FALSE
"CNA_event_000567","PATFAD","HOMDEL",567,"9",21825601,21993800,168200,1,1,"ENSE00001833804",21974678,21974827,21974678,21974827,150,1,TRUE,1,3,"whole_coding_sequence",TRUE,FALSE
"CNA_event_000567","PATFAD","HOMDEL",567,"9",21825601,21993800,168200,2,2,"ENSE00003496053",21970902,21971208,21970902,21971208,307,1,TRUE,1,3,"whole_coding_sequence",TRUE,FALSE
"CNA_event_000567","PATFAD","HOMDEL",567,"9",21825601,21993800,168200,3,3,"ENSE00003529527",21968232,21968242,21968232,21968242,11,1,TRUE,1,3,"whole_coding_sequence",TRUE,FALSE
"CNA_event_000568","PATEYS","HOMDEL",568,"9",21921701,22017000,95300,1,1,"ENSE00001833804",21974678,21974827,21974678,21974827,150,1,TRUE,1,3,"whole_coding_sequence",TRUE,FALSE
"CNA_event_000568","PATEYS","HOMDEL",568,"9",21921701,22017000,95300,2,2,"ENSE00003496053",21970902,21971208,21970902,21971208,307,1,TRUE,1,3,"whole_coding_sequence",TRUE,FALSE
"CNA_event_000568","PATEYS","HOMDEL",568,"9",21921701,22017000,95300,3,3,"ENSE00003529527",21968232,21968242,21968232,21968242,11,1,TRUE,1,3,"whole_coding_sequence",TRUE,FALSE
"CNA_event_000569","PATENL","HOMDEL",569,"9",21892301,21991500,99200,1,1,"ENSE00001833804",21974678,21974827,21974678,21974827,150,1,TRUE,1,3,"whole_coding_sequence",TRUE,FALSE
"CNA_event_000569","PATENL","HOMDEL",569,"9",21892301,21991500,99200,2,2,"ENSE00003496053",21970902,21971208,21970902,21971208,307,1,TRUE,1,3,"whole_coding_sequence",TRUE,FALSE
"CNA_event_000569","PATENL","HOMDEL",569,"9",21892301,21991500,99200,3,3,"ENSE00003529527",21968232,21968242,21968232,21968242,11,1,TRUE,1,3,"whole_coding_sequence",TRUE,FALSE
"CNA_event_000571","PATEHZ","HOMDEL",571,"9",21938201,23362800,1424600,1,1,"ENSE00001833804",21974678,21974827,21974678,21974827,150,1,TRUE,1,3,"whole_coding_sequence",TRUE,FALSE
"CNA_event_000571","PATEHZ","HOMDEL",571,"9",21938201,23362800,1424600,2,2,"ENSE00003496053",21970902,21971208,21970902,21971208,307,1,TRUE,1,3,"whole_coding_sequence",TRUE,FALSE
"CNA_event_000571","PATEHZ","HOMDEL",571,"9",21938201,23362800,1424600,3,3,"ENSE00003529527",21968232,21968242,21968232,21968242,11,1,TRUE,1,3,"whole_coding_sequence",TRUE,FALSE
"CNA_event_000572","PATDEK","HOMDEL",572,"9",21892601,21993800,101200,1,1,"ENSE00001833804",21974678,21974827,21974678,21974827,150,1,TRUE,1,3,"whole_coding_sequence",TRUE,FALSE
"CNA_event_000572","PATDEK","HOMDEL",572,"9",21892601,21993800,101200,2,2,"ENSE00003496053",21970902,21971208,21970902,21971208,307,1,TRUE,1,3,"whole_coding_sequence",TRUE,FALSE
"CNA_event_000572","PATDEK","HOMDEL",572,"9",21892601,21993800,101200,3,3,"ENSE00003529527",21968232,21968242,21968232,21968242,11,1,TRUE,1,3,"whole_coding_sequence",TRUE,FALSE
"CNA_event_000573","PATDBU","HOMDEL",573,"9",21846601,22139300,292700,1,1,"ENSE00001833804",21974678,21974827,21974678,21974827,150,1,TRUE,1,3,"whole_coding_sequence",TRUE,FALSE
"CNA_event_000573","PATDBU","HOMDEL",573,"9",21846601,22139300,292700,2,2,"ENSE00003496053",21970902,21971208,21970902,21971208,307,1,TRUE,1,3,"whole_coding_sequence",TRUE,FALSE
"CNA_event_000573","PATDBU","HOMDEL",573,"9",21846601,22139300,292700,3,3,"ENSE00003529527",21968232,21968242,21968232,21968242,11,1,TRUE,1,3,"whole_coding_sequence",TRUE,FALSE
"CNA_event_000574","PATCWW","HOMDEL",574,"9",21774501,23362800,1588300,1,1,"ENSE00001833804",21974678,21974827,21974678,21974827,150,1,TRUE,1,3,"whole_coding_sequence",TRUE,FALSE
"CNA_event_000574","PATCWW","HOMDEL",574,"9",21774501,23362800,1588300,2,2,"ENSE00003496053",21970902,21971208,21970902,21971208,307,1,TRUE,1,3,"whole_coding_sequence",TRUE,FALSE
"CNA_event_000574","PATCWW","HOMDEL",574,"9",21774501,23362800,1588300,3,3,"ENSE00003529527",21968232,21968242,21968232,21968242,11,1,TRUE,1,3,"whole_coding_sequence",TRUE,FALSE
"CNA_event_000575","PATCML","HOMDEL",575,"9",21973001,22496500,523500,1,1,"ENSE00001833804",21974678,21974827,21974678,21974827,150,1,TRUE,0.320512820512821,1,"high_resolution_le_50pct",TRUE,TRUE
"CNA_event_000576","PATBVS","HOMDEL",576,"9",20787101,22020800,1233700,1,1,"ENSE00001833804",21974678,21974827,21974678,21974827,150,1,TRUE,1,3,"whole_coding_sequence",TRUE,FALSE
"CNA_event_000576","PATBVS","HOMDEL",576,"9",20787101,22020800,1233700,2,2,"ENSE00003496053",21970902,21971208,21970902,21971208,307,1,TRUE,1,3,"whole_coding_sequence",TRUE,FALSE
"CNA_event_000576","PATBVS","HOMDEL",576,"9",20787101,22020800,1233700,3,3,"ENSE00003529527",21968232,21968242,21968232,21968242,11,1,TRUE,1,3,"whole_coding_sequence",TRUE,FALSE
"CNA_event_000577","PASYHN","HOMDEL",577,"9",21825601,21993800,168200,1,1,"ENSE00001833804",21974678,21974827,21974678,21974827,150,1,TRUE,1,3,"whole_coding_sequence",TRUE,FALSE
"CNA_event_000577","PASYHN","HOMDEL",577,"9",21825601,21993800,168200,2,2,"ENSE00003496053",21970902,21971208,21970902,21971208,307,1,TRUE,1,3,"whole_coding_sequence",TRUE,FALSE
"CNA_event_000577","PASYHN","HOMDEL",577,"9",21825601,21993800,168200,3,3,"ENSE00003529527",21968232,21968242,21968232,21968242,11,1,TRUE,1,3,"whole_coding_sequence",TRUE,FALSE
"CNA_event_000578","PASYAJ","HOMDEL",578,"9",21188801,22496500,1307700,1,1,"ENSE00001833804",21974678,21974827,21974678,21974827,150,1,TRUE,1,3,"whole_coding_sequence",TRUE,FALSE
"CNA_event_000578","PASYAJ","HOMDEL",578,"9",21188801,22496500,1307700,2,2,"ENSE00003496053",21970902,21971208,21970902,21971208,307,1,TRUE,1,3,"whole_coding_sequence",TRUE,FALSE
"CNA_event_000578","PASYAJ","HOMDEL",578,"9",21188801,22496500,1307700,3,3,"ENSE00003529527",21968232,21968242,21968232,21968242,11,1,TRUE,1,3,"whole_coding_sequence",TRUE,FALSE
"CNA_event_000579","PASXUU","HOMDEL",579,"9",21148001,22300500,1152500,1,1,"ENSE00001833804",21974678,21974827,21974678,21974827,150,1,TRUE,1,3,"whole_coding_sequence",TRUE,FALSE
"CNA_event_000579","PASXUU","HOMDEL",579,"9",21148001,22300500,1152500,2,2,"ENSE00003496053",21970902,21971208,21970902,21971208,307,1,TRUE,1,3,"whole_coding_sequence",TRUE,FALSE
"CNA_event_000579","PASXUU","HOMDEL",579,"9",21148001,22300500,1152500,3,3,"ENSE00003529527",21968232,21968242,21968232,21968242,11,1,TRUE,1,3,"whole_coding_sequence",TRUE,FALSE
"CNA_event_000580","PASXAY","HOMDEL",580,"9",21386301,22473800,1087500,1,1,"ENSE00001833804",21974678,21974827,21974678,21974827,150,1,TRUE,1,3,"whole_coding_sequence",TRUE,FALSE
"CNA_event_000580","PASXAY","HOMDEL",580,"9",21386301,22473800,1087500,2,2,"ENSE00003496053",21970902,21971208,21970902,21971208,307,1,TRUE,1,3,"whole_coding_sequence",TRUE,FALSE
"CNA_event_000580","PASXAY","HOMDEL",580,"9",21386301,22473800,1087500,3,3,"ENSE00003529527",21968232,21968242,21968232,21968242,11,1,TRUE,1,3,"whole_coding_sequence",TRUE,FALSE
"CNA_event_000581","PASVZJ","HOMDEL",581,"9",20862001,22801500,1939500,1,1,"ENSE00001833804",21974678,21974827,21974678,21974827,150,1,TRUE,1,3,"whole_coding_sequence",TRUE,FALSE
"CNA_event_000581","PASVZJ","HOMDEL",581,"9",20862001,22801500,1939500,2,2,"ENSE00003496053",21970902,21971208,21970902,21971208,307,1,TRUE,1,3,"whole_coding_sequence",TRUE,FALSE
"CNA_event_000581","PASVZJ","HOMDEL",581,"9",20862001,22801500,1939500,3,3,"ENSE00003529527",21968232,21968242,21968232,21968242,11,1,TRUE,1,3,"whole_coding_sequence",TRUE,FALSE
"CNA_event_000582","PASVKC","HOMDEL",582,"9",21334001,22328100,994100,1,1,"ENSE00001833804",21974678,21974827,21974678,21974827,150,1,TRUE,1,3,"whole_coding_sequence",TRUE,FALSE
"CNA_event_000582","PASVKC","HOMDEL",582,"9",21334001,22328100,994100,2,2,"ENSE00003496053",21970902,21971208,21970902,21971208,307,1,TRUE,1,3,"whole_coding_sequence",TRUE,FALSE
"CNA_event_000582","PASVKC","HOMDEL",582,"9",21334001,22328100,994100,3,3,"ENSE00003529527",21968232,21968242,21968232,21968242,11,1,TRUE,1,3,"whole_coding_sequence",TRUE,FALSE
"CNA_event_000584","PASSRP","HOMDEL",584,"9",21893301,21993800,100500,1,1,"ENSE00001833804",21974678,21974827,21974678,21974827,150,1,TRUE,1,3,"whole_coding_sequence",TRUE,FALSE
"CNA_event_000584","PASSRP","HOMDEL",584,"9",21893301,21993800,100500,2,2,"ENSE00003496053",21970902,21971208,21970902,21971208,307,1,TRUE,1,3,"whole_coding_sequence",TRUE,FALSE
"CNA_event_000584","PASSRP","HOMDEL",584,"9",21893301,21993800,100500,3,3,"ENSE00003529527",21968232,21968242,21968232,21968242,11,1,TRUE,1,3,"whole_coding_sequence",TRUE,FALSE
"CNA_event_000585","PASRAF","HOMDEL",585,"9",21914501,21971900,57400,2,2,"ENSE00003496053",21970902,21971208,21970902,21971208,307,1,TRUE,0.67948717948718,2,"moderate_resolution_50_75pct",TRUE,TRUE
"CNA_event_000585","PASRAF","HOMDEL",585,"9",21914501,21971900,57400,3,3,"ENSE00003529527",21968232,21968242,21968232,21968242,11,1,TRUE,0.67948717948718,2,"moderate_resolution_50_75pct",TRUE,TRUE
"CNA_event_000586","PASPDL","HOMDEL",586,"9",21934601,22257700,323100,1,1,"ENSE00001833804",21974678,21974827,21974678,21974827,150,1,TRUE,1,3,"whole_coding_sequence",TRUE,FALSE
"CNA_event_000586","PASPDL","HOMDEL",586,"9",21934601,22257700,323100,2,2,"ENSE00003496053",21970902,21971208,21970902,21971208,307,1,TRUE,1,3,"whole_coding_sequence",TRUE,FALSE
"CNA_event_000586","PASPDL","HOMDEL",586,"9",21934601,22257700,323100,3,3,"ENSE00003529527",21968232,21968242,21968232,21968242,11,1,TRUE,1,3,"whole_coding_sequence",TRUE,FALSE
"CNA_event_000587","PASNEH","HOMDEL",587,"9",21323901,22624900,1301000,1,1,"ENSE00001833804",21974678,21974827,21974678,21974827,150,1,TRUE,1,3,"whole_coding_sequence",TRUE,FALSE
"CNA_event_000587","PASNEH","HOMDEL",587,"9",21323901,22624900,1301000,2,2,"ENSE00003496053",21970902,21971208,21970902,21971208,307,1,TRUE,1,3,"whole_coding_sequence",TRUE,FALSE
"CNA_event_000587","PASNEH","HOMDEL",587,"9",21323901,22624900,1301000,3,3,"ENSE00003529527",21968232,21968242,21968232,21968242,11,1,TRUE,1,3,"whole_coding_sequence",TRUE,FALSE
"CNA_event_000588","PASMIC","HOMDEL",588,"9",21825501,21993800,168300,1,1,"ENSE00001833804",21974678,21974827,21974678,21974827,150,1,TRUE,1,3,"whole_coding_sequence",TRUE,FALSE
"CNA_event_000588","PASMIC","HOMDEL",588,"9",21825501,21993800,168300,2,2,"ENSE00003496053",21970902,21971208,21970902,21971208,307,1,TRUE,1,3,"whole_coding_sequence",TRUE,FALSE
"CNA_event_000588","PASMIC","HOMDEL",588,"9",21825501,21993800,168300,3,3,"ENSE00003529527",21968232,21968242,21968232,21968242,11,1,TRUE,1,3,"whole_coding_sequence",TRUE,FALSE
"CNA_event_000589","PASLAB","HOMDEL",589,"9",21832301,21993800,161500,1,1,"ENSE00001833804",21974678,21974827,21974678,21974827,150,1,TRUE,1,3,"whole_coding_sequence",TRUE,FALSE
"CNA_event_000589","PASLAB","HOMDEL",589,"9",21832301,21993800,161500,2,2,"ENSE00003496053",21970902,21971208,21970902,21971208,307,1,TRUE,1,3,"whole_coding_sequence",TRUE,FALSE
"CNA_event_000589","PASLAB","HOMDEL",589,"9",21832301,21993800,161500,3,3,"ENSE00003529527",21968232,21968242,21968232,21968242,11,1,TRUE,1,3,"whole_coding_sequence",TRUE,FALSE
"CNA_event_000590","PASKZU","HOMDEL",590,"9",19909801,23362800,3453000,1,1,"ENSE00001833804",21974678,21974827,21974678,21974827,150,1,TRUE,1,3,"whole_coding_sequence",TRUE,FALSE
"CNA_event_000590","PASKZU","HOMDEL",590,"9",19909801,23362800,3453000,2,2,"ENSE00003496053",21970902,21971208,21970902,21971208,307,1,TRUE,1,3,"whole_coding_sequence",TRUE,FALSE
"CNA_event_000590","PASKZU","HOMDEL",590,"9",19909801,23362800,3453000,3,3,"ENSE00003529527",21968232,21968242,21968232,21968242,11,1,TRUE,1,3,"whole_coding_sequence",TRUE,FALSE
"CNA_event_000591","PASKTG","HOMDEL",591,"9",21825601,21993800,168200,1,1,"ENSE00001833804",21974678,21974827,21974678,21974827,150,1,TRUE,1,3,"whole_coding_sequence",TRUE,FALSE
"CNA_event_000591","PASKTG","HOMDEL",591,"9",21825601,21993800,168200,2,2,"ENSE00003496053",21970902,21971208,21970902,21971208,307,1,TRUE,1,3,"whole_coding_sequence",TRUE,FALSE
"CNA_event_000591","PASKTG","HOMDEL",591,"9",21825601,21993800,168200,3,3,"ENSE00003529527",21968232,21968242,21968232,21968242,11,1,TRUE,1,3,"whole_coding_sequence",TRUE,FALSE
"CNA_event_000592","PASKIC","HOMDEL",592,"9",21825601,21994200,168600,1,1,"ENSE00001833804",21974678,21974827,21974678,21974827,150,1,TRUE,1,3,"whole_coding_sequence",TRUE,FALSE
"CNA_event_000592","PASKIC","HOMDEL",592,"9",21825601,21994200,168600,2,2,"ENSE00003496053",21970902,21971208,21970902,21971208,307,1,TRUE,1,3,"whole_coding_sequence",TRUE,FALSE
"CNA_event_000592","PASKIC","HOMDEL",592,"9",21825601,21994200,168600,3,3,"ENSE00003529527",21968232,21968242,21968232,21968242,11,1,TRUE,1,3,"whole_coding_sequence",TRUE,FALSE
"CNA_event_000593","PASKGG","HOMDEL",593,"9",21827701,21993800,166100,1,1,"ENSE00001833804",21974678,21974827,21974678,21974827,150,1,TRUE,1,3,"whole_coding_sequence",TRUE,FALSE
"CNA_event_000593","PASKGG","HOMDEL",593,"9",21827701,21993800,166100,2,2,"ENSE00003496053",21970902,21971208,21970902,21971208,307,1,TRUE,1,3,"whole_coding_sequence",TRUE,FALSE
"CNA_event_000593","PASKGG","HOMDEL",593,"9",21827701,21993800,166100,3,3,"ENSE00003529527",21968232,21968242,21968232,21968242,11,1,TRUE,1,3,"whole_coding_sequence",TRUE,FALSE
"CNA_event_000594","PASIJX","HOMDEL",594,"9",19476601,22358700,2882100,1,1,"ENSE00001833804",21974678,21974827,21974678,21974827,150,1,TRUE,1,3,"whole_coding_sequence",TRUE,FALSE
"CNA_event_000594","PASIJX","HOMDEL",594,"9",19476601,22358700,2882100,2,2,"ENSE00003496053",21970902,21971208,21970902,21971208,307,1,TRUE,1,3,"whole_coding_sequence",TRUE,FALSE
"CNA_event_000594","PASIJX","HOMDEL",594,"9",19476601,22358700,2882100,3,3,"ENSE00003529527",21968232,21968242,21968232,21968242,11,1,TRUE,1,3,"whole_coding_sequence",TRUE,FALSE
"CNA_event_000595","PASHZK","HOMDEL",595,"9",21827101,21993800,166700,1,1,"ENSE00001833804",21974678,21974827,21974678,21974827,150,1,TRUE,1,3,"whole_coding_sequence",TRUE,FALSE
"CNA_event_000595","PASHZK","HOMDEL",595,"9",21827101,21993800,166700,2,2,"ENSE00003496053",21970902,21971208,21970902,21971208,307,1,TRUE,1,3,"whole_coding_sequence",TRUE,FALSE
"CNA_event_000595","PASHZK","HOMDEL",595,"9",21827101,21993800,166700,3,3,"ENSE00003529527",21968232,21968242,21968232,21968242,11,1,TRUE,1,3,"whole_coding_sequence",TRUE,FALSE
"CNA_event_000596","PASGKL","HOMDEL",596,"9",21141701,22556400,1414700,1,1,"ENSE00001833804",21974678,21974827,21974678,21974827,150,1,TRUE,1,3,"whole_coding_sequence",TRUE,FALSE
"CNA_event_000596","PASGKL","HOMDEL",596,"9",21141701,22556400,1414700,2,2,"ENSE00003496053",21970902,21971208,21970902,21971208,307,1,TRUE,1,3,"whole_coding_sequence",TRUE,FALSE
"CNA_event_000596","PASGKL","HOMDEL",596,"9",21141701,22556400,1414700,3,3,"ENSE00003529527",21968232,21968242,21968232,21968242,11,1,TRUE,1,3,"whole_coding_sequence",TRUE,FALSE
"CNA_event_000597","PARXHT","HOMDEL",597,"9",21293101,22007800,714700,1,1,"ENSE00001833804",21974678,21974827,21974678,21974827,150,1,TRUE,1,3,"whole_coding_sequence",TRUE,FALSE
"CNA_event_000597","PARXHT","HOMDEL",597,"9",21293101,22007800,714700,2,2,"ENSE00003496053",21970902,21971208,21970902,21971208,307,1,TRUE,1,3,"whole_coding_sequence",TRUE,FALSE
"CNA_event_000597","PARXHT","HOMDEL",597,"9",21293101,22007800,714700,3,3,"ENSE00003529527",21968232,21968242,21968232,21968242,11,1,TRUE,1,3,"whole_coding_sequence",TRUE,FALSE
"CNA_event_000598","PARXBJ","HOMDEL",598,"9",21914501,21991600,77100,1,1,"ENSE00001833804",21974678,21974827,21974678,21974827,150,1,TRUE,1,3,"whole_coding_sequence",TRUE,FALSE
"CNA_event_000598","PARXBJ","HOMDEL",598,"9",21914501,21991600,77100,2,2,"ENSE00003496053",21970902,21971208,21970902,21971208,307,1,TRUE,1,3,"whole_coding_sequence",TRUE,FALSE
"CNA_event_000598","PARXBJ","HOMDEL",598,"9",21914501,21991600,77100,3,3,"ENSE00003529527",21968232,21968242,21968232,21968242,11,1,TRUE,1,3,"whole_coding_sequence",TRUE,FALSE
"CNA_event_000599","PARWLP","HOMDEL",599,"9",21877701,22023700,146000,1,1,"ENSE00001833804",21974678,21974827,21974678,21974827,150,1,TRUE,1,3,"whole_coding_sequence",TRUE,FALSE
"CNA_event_000599","PARWLP","HOMDEL",599,"9",21877701,22023700,146000,2,2,"ENSE00003496053",21970902,21971208,21970902,21971208,307,1,TRUE,1,3,"whole_coding_sequence",TRUE,FALSE
"CNA_event_000599","PARWLP","HOMDEL",599,"9",21877701,22023700,146000,3,3,"ENSE00003529527",21968232,21968242,21968232,21968242,11,1,TRUE,1,3,"whole_coding_sequence",TRUE,FALSE
"CNA_event_000600","PARWDM","HOMDEL",600,"9",21827101,22073600,246500,1,1,"ENSE00001833804",21974678,21974827,21974678,21974827,150,1,TRUE,1,3,"whole_coding_sequence",TRUE,FALSE
"CNA_event_000600","PARWDM","HOMDEL",600,"9",21827101,22073600,246500,2,2,"ENSE00003496053",21970902,21971208,21970902,21971208,307,1,TRUE,1,3,"whole_coding_sequence",TRUE,FALSE
"CNA_event_000600","PARWDM","HOMDEL",600,"9",21827101,22073600,246500,3,3,"ENSE00003529527",21968232,21968242,21968232,21968242,11,1,TRUE,1,3,"whole_coding_sequence",TRUE,FALSE
"CNA_event_000601","PARRKK","HOMDEL",601,"9",21955201,21993800,38600,1,1,"ENSE00001833804",21974678,21974827,21974678,21974827,150,1,TRUE,1,3,"whole_coding_sequence",TRUE,FALSE
"CNA_event_000601","PARRKK","HOMDEL",601,"9",21955201,21993800,38600,2,2,"ENSE00003496053",21970902,21971208,21970902,21971208,307,1,TRUE,1,3,"whole_coding_sequence",TRUE,FALSE
"CNA_event_000601","PARRKK","HOMDEL",601,"9",21955201,21993800,38600,3,3,"ENSE00003529527",21968232,21968242,21968232,21968242,11,1,TRUE,1,3,"whole_coding_sequence",TRUE,FALSE
"CNA_event_000602","PARNXJ","HOMDEL",602,"9",21830001,22030600,200600,1,1,"ENSE00001833804",21974678,21974827,21974678,21974827,150,1,TRUE,1,3,"whole_coding_sequence",TRUE,FALSE
"CNA_event_000602","PARNXJ","HOMDEL",602,"9",21830001,22030600,200600,2,2,"ENSE00003496053",21970902,21971208,21970902,21971208,307,1,TRUE,1,3,"whole_coding_sequence",TRUE,FALSE
"CNA_event_000602","PARNXJ","HOMDEL",602,"9",21830001,22030600,200600,3,3,"ENSE00003529527",21968232,21968242,21968232,21968242,11,1,TRUE,1,3,"whole_coding_sequence",TRUE,FALSE
"CNA_event_000603","PARMRF","HOMDEL",603,"9",21707601,22038100,330500,1,1,"ENSE00001833804",21974678,21974827,21974678,21974827,150,1,TRUE,1,3,"whole_coding_sequence",TRUE,FALSE
"CNA_event_000603","PARMRF","HOMDEL",603,"9",21707601,22038100,330500,2,2,"ENSE00003496053",21970902,21971208,21970902,21971208,307,1,TRUE,1,3,"whole_coding_sequence",TRUE,FALSE
"CNA_event_000603","PARMRF","HOMDEL",603,"9",21707601,22038100,330500,3,3,"ENSE00003529527",21968232,21968242,21968232,21968242,11,1,TRUE,1,3,"whole_coding_sequence",TRUE,FALSE
"CNA_event_000604","PARMKM","HOMDEL",604,"9",21937901,21993600,55700,1,1,"ENSE00001833804",21974678,21974827,21974678,21974827,150,1,TRUE,1,3,"whole_coding_sequence",TRUE,FALSE
"CNA_event_000604","PARMKM","HOMDEL",604,"9",21937901,21993600,55700,2,2,"ENSE00003496053",21970902,21971208,21970902,21971208,307,1,TRUE,1,3,"whole_coding_sequence",TRUE,FALSE
"CNA_event_000604","PARMKM","HOMDEL",604,"9",21937901,21993600,55700,3,3,"ENSE00003529527",21968232,21968242,21968232,21968242,11,1,TRUE,1,3,"whole_coding_sequence",TRUE,FALSE
"CNA_event_000605","PARMKK","HOMDEL",605,"9",21935901,22086400,150500,1,1,"ENSE00001833804",21974678,21974827,21974678,21974827,150,1,TRUE,1,3,"whole_coding_sequence",TRUE,FALSE
"CNA_event_000605","PARMKK","HOMDEL",605,"9",21935901,22086400,150500,2,2,"ENSE00003496053",21970902,21971208,21970902,21971208,307,1,TRUE,1,3,"whole_coding_sequence",TRUE,FALSE
"CNA_event_000605","PARMKK","HOMDEL",605,"9",21935901,22086400,150500,3,3,"ENSE00003529527",21968232,21968242,21968232,21968242,11,1,TRUE,1,3,"whole_coding_sequence",TRUE,FALSE
"CNA_event_000606","PARMJA","HOMDEL",606,"9",21825601,21993800,168200,1,1,"ENSE00001833804",21974678,21974827,21974678,21974827,150,1,TRUE,1,3,"whole_coding_sequence",TRUE,FALSE
"CNA_event_000606","PARMJA","HOMDEL",606,"9",21825601,21993800,168200,2,2,"ENSE00003496053",21970902,21971208,21970902,21971208,307,1,TRUE,1,3,"whole_coding_sequence",TRUE,FALSE
"CNA_event_000606","PARMJA","HOMDEL",606,"9",21825601,21993800,168200,3,3,"ENSE00003529527",21968232,21968242,21968232,21968242,11,1,TRUE,1,3,"whole_coding_sequence",TRUE,FALSE
"CNA_event_000607","PARKRJ","HOMDEL",607,"9",20621401,22000600,1379200,1,1,"ENSE00001833804",21974678,21974827,21974678,21974827,150,1,TRUE,1,3,"whole_coding_sequence",TRUE,FALSE
"CNA_event_000607","PARKRJ","HOMDEL",607,"9",20621401,22000600,1379200,2,2,"ENSE00003496053",21970902,21971208,21970902,21971208,307,1,TRUE,1,3,"whole_coding_sequence",TRUE,FALSE
"CNA_event_000607","PARKRJ","HOMDEL",607,"9",20621401,22000600,1379200,3,3,"ENSE00003529527",21968232,21968242,21968232,21968242,11,1,TRUE,1,3,"whole_coding_sequence",TRUE,FALSE
"CNA_event_000608","PARJMS","HOMDEL",608,"9",21944001,21993900,49900,1,1,"ENSE00001833804",21974678,21974827,21974678,21974827,150,1,TRUE,1,3,"whole_coding_sequence",TRUE,FALSE
"CNA_event_000608","PARJMS","HOMDEL",608,"9",21944001,21993900,49900,2,2,"ENSE00003496053",21970902,21971208,21970902,21971208,307,1,TRUE,1,3,"whole_coding_sequence",TRUE,FALSE
"CNA_event_000608","PARJMS","HOMDEL",608,"9",21944001,21993900,49900,3,3,"ENSE00003529527",21968232,21968242,21968232,21968242,11,1,TRUE,1,3,"whole_coding_sequence",TRUE,FALSE
"CNA_event_000609","PARGHJ","HOMDEL",609,"9",21940001,22050100,110100,1,1,"ENSE00001833804",21974678,21974827,21974678,21974827,150,1,TRUE,1,3,"whole_coding_sequence",TRUE,FALSE
"CNA_event_000609","PARGHJ","HOMDEL",609,"9",21940001,22050100,110100,2,2,"ENSE00003496053",21970902,21971208,21970902,21971208,307,1,TRUE,1,3,"whole_coding_sequence",TRUE,FALSE
"CNA_event_000609","PARGHJ","HOMDEL",609,"9",21940001,22050100,110100,3,3,"ENSE00003529527",21968232,21968242,21968232,21968242,11,1,TRUE,1,3,"whole_coding_sequence",TRUE,FALSE
"CNA_event_000610","PARBTF","HOMDEL",610,"9",21200301,24223200,3022900,1,1,"ENSE00001833804",21974678,21974827,21974678,21974827,150,1,TRUE,1,3,"whole_coding_sequence",TRUE,FALSE
"CNA_event_000610","PARBTF","HOMDEL",610,"9",21200301,24223200,3022900,2,2,"ENSE00003496053",21970902,21971208,21970902,21971208,307,1,TRUE,1,3,"whole_coding_sequence",TRUE,FALSE
"CNA_event_000610","PARBTF","HOMDEL",610,"9",21200301,24223200,3022900,3,3,"ENSE00003529527",21968232,21968242,21968232,21968242,11,1,TRUE,1,3,"whole_coding_sequence",TRUE,FALSE
"CNA_event_000611","PAUIFC","HOMDEL",611,"9",20268701,22675500,2406800,1,1,"ENSE00001833804",21974678,21974827,21974678,21974827,150,1,TRUE,1,3,"whole_coding_sequence",TRUE,FALSE
"CNA_event_000611","PAUIFC","HOMDEL",611,"9",20268701,22675500,2406800,2,2,"ENSE00003496053",21970902,21971208,21970902,21971208,307,1,TRUE,1,3,"whole_coding_sequence",TRUE,FALSE
"CNA_event_000611","PAUIFC","HOMDEL",611,"9",20268701,22675500,2406800,3,3,"ENSE00003529527",21968232,21968242,21968232,21968242,11,1,TRUE,1,3,"whole_coding_sequence",TRUE,FALSE
"CNA_event_000612","PARVEI","HOMDEL",612,"9",21487701,22496500,1008800,1,1,"ENSE00001833804",21974678,21974827,21974678,21974827,150,1,TRUE,1,3,"whole_coding_sequence",TRUE,FALSE
"CNA_event_000612","PARVEI","HOMDEL",612,"9",21487701,22496500,1008800,2,2,"ENSE00003496053",21970902,21971208,21970902,21971208,307,1,TRUE,1,3,"whole_coding_sequence",TRUE,FALSE
"CNA_event_000612","PARVEI","HOMDEL",612,"9",21487701,22496500,1008800,3,3,"ENSE00003529527",21968232,21968242,21968232,21968242,11,1,TRUE,1,3,"whole_coding_sequence",TRUE,FALSE
"CNA_event_000613","PAWAWJ","HOMDEL",613,"9",21827701,21993800,166100,1,1,"ENSE00001833804",21974678,21974827,21974678,21974827,150,1,TRUE,1,3,"whole_coding_sequence",TRUE,FALSE
"CNA_event_000613","PAWAWJ","HOMDEL",613,"9",21827701,21993800,166100,2,2,"ENSE00003496053",21970902,21971208,21970902,21971208,307,1,TRUE,1,3,"whole_coding_sequence",TRUE,FALSE
"CNA_event_000613","PAWAWJ","HOMDEL",613,"9",21827701,21993800,166100,3,3,"ENSE00003529527",21968232,21968242,21968232,21968242,11,1,TRUE,1,3,"whole_coding_sequence",TRUE,FALSE
"CNA_event_000614","PAVSZX","HOMDEL",614,"9",21705601,22075500,369900,1,1,"ENSE00001833804",21974678,21974827,21974678,21974827,150,1,TRUE,1,3,"whole_coding_sequence",TRUE,FALSE
"CNA_event_000614","PAVSZX","HOMDEL",614,"9",21705601,22075500,369900,2,2,"ENSE00003496053",21970902,21971208,21970902,21971208,307,1,TRUE,1,3,"whole_coding_sequence",TRUE,FALSE
"CNA_event_000614","PAVSZX","HOMDEL",614,"9",21705601,22075500,369900,3,3,"ENSE00003529527",21968232,21968242,21968232,21968242,11,1,TRUE,1,3,"whole_coding_sequence",TRUE,FALSE
"CNA_event_000616","PAVMUJ","HOMDEL",616,"9",21964101,23362800,1398700,1,1,"ENSE00001833804",21974678,21974827,21974678,21974827,150,1,TRUE,1,3,"whole_coding_sequence",TRUE,FALSE
"CNA_event_000616","PAVMUJ","HOMDEL",616,"9",21964101,23362800,1398700,2,2,"ENSE00003496053",21970902,21971208,21970902,21971208,307,1,TRUE,1,3,"whole_coding_sequence",TRUE,FALSE
"CNA_event_000616","PAVMUJ","HOMDEL",616,"9",21964101,23362800,1398700,3,3,"ENSE00003529527",21968232,21968242,21968232,21968242,11,1,TRUE,1,3,"whole_coding_sequence",TRUE,FALSE
"CNA_event_000617","PAVEUT","HOMDEL",617,"9",21656401,22889700,1233300,1,1,"ENSE00001833804",21974678,21974827,21974678,21974827,150,1,TRUE,1,3,"whole_coding_sequence",TRUE,FALSE
"CNA_event_000617","PAVEUT","HOMDEL",617,"9",21656401,22889700,1233300,2,2,"ENSE00003496053",21970902,21971208,21970902,21971208,307,1,TRUE,1,3,"whole_coding_sequence",TRUE,FALSE
"CNA_event_000617","PAVEUT","HOMDEL",617,"9",21656401,22889700,1233300,3,3,"ENSE00003529527",21968232,21968242,21968232,21968242,11,1,TRUE,1,3,"whole_coding_sequence",TRUE,FALSE
"CNA_event_000618","PAVAGE","HOMDEL",618,"9",21712301,22454100,741800,1,1,"ENSE00001833804",21974678,21974827,21974678,21974827,150,1,TRUE,1,3,"whole_coding_sequence",TRUE,FALSE
"CNA_event_000618","PAVAGE","HOMDEL",618,"9",21712301,22454100,741800,2,2,"ENSE00003496053",21970902,21971208,21970902,21971208,307,1,TRUE,1,3,"whole_coding_sequence",TRUE,FALSE
"CNA_event_000618","PAVAGE","HOMDEL",618,"9",21712301,22454100,741800,3,3,"ENSE00003529527",21968232,21968242,21968232,21968242,11,1,TRUE,1,3,"whole_coding_sequence",TRUE,FALSE
"CNA_event_000619","PAUXPP","HOMDEL",619,"9",21798801,22521100,722300,1,1,"ENSE00001833804",21974678,21974827,21974678,21974827,150,1,TRUE,1,3,"whole_coding_sequence",TRUE,FALSE
"CNA_event_000619","PAUXPP","HOMDEL",619,"9",21798801,22521100,722300,2,2,"ENSE00003496053",21970902,21971208,21970902,21971208,307,1,TRUE,1,3,"whole_coding_sequence",TRUE,FALSE
"CNA_event_000619","PAUXPP","HOMDEL",619,"9",21798801,22521100,722300,3,3,"ENSE00003529527",21968232,21968242,21968232,21968242,11,1,TRUE,1,3,"whole_coding_sequence",TRUE,FALSE
"CNA_event_000621","PAUPVR","HOMDEL",621,"9",21974201,21993800,19600,1,1,"ENSE00001833804",21974678,21974827,21974678,21974827,150,1,TRUE,0.320512820512821,1,"high_resolution_le_50pct",TRUE,TRUE
"CNA_event_000622","PAUEGE","HOMDEL",622,"9",21893901,21992800,98900,1,1,"ENSE00001833804",21974678,21974827,21974678,21974827,150,1,TRUE,1,3,"whole_coding_sequence",TRUE,FALSE
"CNA_event_000622","PAUEGE","HOMDEL",622,"9",21893901,21992800,98900,2,2,"ENSE00003496053",21970902,21971208,21970902,21971208,307,1,TRUE,1,3,"whole_coding_sequence",TRUE,FALSE
"CNA_event_000622","PAUEGE","HOMDEL",622,"9",21893901,21992800,98900,3,3,"ENSE00003529527",21968232,21968242,21968232,21968242,11,1,TRUE,1,3,"whole_coding_sequence",TRUE,FALSE
"CNA_event_000623","PAUEFL","HOMDEL",623,"9",21873101,22177000,303900,1,1,"ENSE00001833804",21974678,21974827,21974678,21974827,150,1,TRUE,1,3,"whole_coding_sequence",TRUE,FALSE
"CNA_event_000623","PAUEFL","HOMDEL",623,"9",21873101,22177000,303900,2,2,"ENSE00003496053",21970902,21971208,21970902,21971208,307,1,TRUE,1,3,"whole_coding_sequence",TRUE,FALSE
"CNA_event_000623","PAUEFL","HOMDEL",623,"9",21873101,22177000,303900,3,3,"ENSE00003529527",21968232,21968242,21968232,21968242,11,1,TRUE,1,3,"whole_coding_sequence",TRUE,FALSE
"CNA_event_000624","PAUASK","HOMDEL",624,"9",21944001,21993900,49900,1,1,"ENSE00001833804",21974678,21974827,21974678,21974827,150,1,TRUE,1,3,"whole_coding_sequence",TRUE,FALSE
"CNA_event_000624","PAUASK","HOMDEL",624,"9",21944001,21993900,49900,2,2,"ENSE00003496053",21970902,21971208,21970902,21971208,307,1,TRUE,1,3,"whole_coding_sequence",TRUE,FALSE
"CNA_event_000624","PAUASK","HOMDEL",624,"9",21944001,21993900,49900,3,3,"ENSE00003529527",21968232,21968242,21968232,21968242,11,1,TRUE,1,3,"whole_coding_sequence",TRUE,FALSE
"CNA_event_000625","PATEVL","HOMDEL",625,"9",21974201,22008300,34100,1,1,"ENSE00001833804",21974678,21974827,21974678,21974827,150,1,TRUE,0.320512820512821,1,"high_resolution_le_50pct",TRUE,TRUE
"CNA_event_000626","PAWKPT","HOMDEL",626,"9",21071001,22496500,1425500,1,1,"ENSE00001833804",21974678,21974827,21974678,21974827,150,1,TRUE,1,3,"whole_coding_sequence",TRUE,FALSE
"CNA_event_000626","PAWKPT","HOMDEL",626,"9",21071001,22496500,1425500,2,2,"ENSE00003496053",21970902,21971208,21970902,21971208,307,1,TRUE,1,3,"whole_coding_sequence",TRUE,FALSE
"CNA_event_000626","PAWKPT","HOMDEL",626,"9",21071001,22496500,1425500,3,3,"ENSE00003529527",21968232,21968242,21968232,21968242,11,1,TRUE,1,3,"whole_coding_sequence",TRUE,FALSE
"CNA_event_000627","PAWKBK","HOMDEL",627,"9",21825601,21993900,168300,1,1,"ENSE00001833804",21974678,21974827,21974678,21974827,150,1,TRUE,1,3,"whole_coding_sequence",TRUE,FALSE
"CNA_event_000627","PAWKBK","HOMDEL",627,"9",21825601,21993900,168300,2,2,"ENSE00003496053",21970902,21971208,21970902,21971208,307,1,TRUE,1,3,"whole_coding_sequence",TRUE,FALSE
"CNA_event_000627","PAWKBK","HOMDEL",627,"9",21825601,21993900,168300,3,3,"ENSE00003529527",21968232,21968242,21968232,21968242,11,1,TRUE,1,3,"whole_coding_sequence",TRUE,FALSE
"CNA_event_000628","PAWGZM","HOMDEL",628,"9",21251301,22364900,1113600,1,1,"ENSE00001833804",21974678,21974827,21974678,21974827,150,1,TRUE,1,3,"whole_coding_sequence",TRUE,FALSE
"CNA_event_000628","PAWGZM","HOMDEL",628,"9",21251301,22364900,1113600,2,2,"ENSE00003496053",21970902,21971208,21970902,21971208,307,1,TRUE,1,3,"whole_coding_sequence",TRUE,FALSE
"CNA_event_000628","PAWGZM","HOMDEL",628,"9",21251301,22364900,1113600,3,3,"ENSE00003529527",21968232,21968242,21968232,21968242,11,1,TRUE,1,3,"whole_coding_sequence",TRUE,FALSE
"CNA_event_000629","PAWGWJ","HOMDEL",629,"9",21796201,23362800,1566600,1,1,"ENSE00001833804",21974678,21974827,21974678,21974827,150,1,TRUE,1,3,"whole_coding_sequence",TRUE,FALSE
"CNA_event_000629","PAWGWJ","HOMDEL",629,"9",21796201,23362800,1566600,2,2,"ENSE00003496053",21970902,21971208,21970902,21971208,307,1,TRUE,1,3,"whole_coding_sequence",TRUE,FALSE
"CNA_event_000629","PAWGWJ","HOMDEL",629,"9",21796201,23362800,1566600,3,3,"ENSE00003529527",21968232,21968242,21968232,21968242,11,1,TRUE,1,3,"whole_coding_sequence",TRUE,FALSE
"CNA_event_000630","PAWFWF","HOMDEL",630,"9",21901901,21993700,91800,1,1,"ENSE00001833804",21974678,21974827,21974678,21974827,150,1,TRUE,1,3,"whole_coding_sequence",TRUE,FALSE
"CNA_event_000630","PAWFWF","HOMDEL",630,"9",21901901,21993700,91800,2,2,"ENSE00003496053",21970902,21971208,21970902,21971208,307,1,TRUE,1,3,"whole_coding_sequence",TRUE,FALSE
"CNA_event_000630","PAWFWF","HOMDEL",630,"9",21901901,21993700,91800,3,3,"ENSE00003529527",21968232,21968242,21968232,21968242,11,1,TRUE,1,3,"whole_coding_sequence",TRUE,FALSE
"CNA_event_000631","PAWEEX","HOMDEL",631,"9",21958601,22245700,287100,1,1,"ENSE00001833804",21974678,21974827,21974678,21974827,150,1,TRUE,1,3,"whole_coding_sequence",TRUE,FALSE
"CNA_event_000631","PAWEEX","HOMDEL",631,"9",21958601,22245700,287100,2,2,"ENSE00003496053",21970902,21971208,21970902,21971208,307,1,TRUE,1,3,"whole_coding_sequence",TRUE,FALSE
"CNA_event_000631","PAWEEX","HOMDEL",631,"9",21958601,22245700,287100,3,3,"ENSE00003529527",21968232,21968242,21968232,21968242,11,1,TRUE,1,3,"whole_coding_sequence",TRUE,FALSE
"CNA_event_000634","PAVYFZ","HOMDEL",634,"9",21437601,22862300,1424700,1,1,"ENSE00001833804",21974678,21974827,21974678,21974827,150,1,TRUE,1,3,"whole_coding_sequence",TRUE,FALSE
"CNA_event_000634","PAVYFZ","HOMDEL",634,"9",21437601,22862300,1424700,2,2,"ENSE00003496053",21970902,21971208,21970902,21971208,307,1,TRUE,1,3,"whole_coding_sequence",TRUE,FALSE
"CNA_event_000634","PAVYFZ","HOMDEL",634,"9",21437601,22862300,1424700,3,3,"ENSE00003529527",21968232,21968242,21968232,21968242,11,1,TRUE,1,3,"whole_coding_sequence",TRUE,FALSE
"CNA_event_000635","PAVVDS","HOMDEL",635,"9",21803001,21978400,175400,1,1,"ENSE00001833804",21974678,21974827,21974678,21974827,150,1,TRUE,1,3,"whole_coding_sequence",TRUE,FALSE
"CNA_event_000635","PAVVDS","HOMDEL",635,"9",21803001,21978400,175400,2,2,"ENSE00003496053",21970902,21971208,21970902,21971208,307,1,TRUE,1,3,"whole_coding_sequence",TRUE,FALSE
"CNA_event_000635","PAVVDS","HOMDEL",635,"9",21803001,21978400,175400,3,3,"ENSE00003529527",21968232,21968242,21968232,21968242,11,1,TRUE,1,3,"whole_coding_sequence",TRUE,FALSE
"CNA_event_000636","PAVRDC","HOMDEL",636,"9",21954201,22440100,485900,1,1,"ENSE00001833804",21974678,21974827,21974678,21974827,150,1,TRUE,1,3,"whole_coding_sequence",TRUE,FALSE
"CNA_event_000636","PAVRDC","HOMDEL",636,"9",21954201,22440100,485900,2,2,"ENSE00003496053",21970902,21971208,21970902,21971208,307,1,TRUE,1,3,"whole_coding_sequence",TRUE,FALSE
"CNA_event_000636","PAVRDC","HOMDEL",636,"9",21954201,22440100,485900,3,3,"ENSE00003529527",21968232,21968242,21968232,21968242,11,1,TRUE,1,3,"whole_coding_sequence",TRUE,FALSE
"CNA_event_000637","PAVNGZ","HOMDEL",637,"9",21899401,21998600,99200,1,1,"ENSE00001833804",21974678,21974827,21974678,21974827,150,1,TRUE,1,3,"whole_coding_sequence",TRUE,FALSE
"CNA_event_000637","PAVNGZ","HOMDEL",637,"9",21899401,21998600,99200,2,2,"ENSE00003496053",21970902,21971208,21970902,21971208,307,1,TRUE,1,3,"whole_coding_sequence",TRUE,FALSE
"CNA_event_000637","PAVNGZ","HOMDEL",637,"9",21899401,21998600,99200,3,3,"ENSE00003529527",21968232,21968242,21968232,21968242,11,1,TRUE,1,3,"whole_coding_sequence",TRUE,FALSE
"CNA_event_000638","PAVMKN","HOMDEL",638,"9",21883501,21993800,110300,1,1,"ENSE00001833804",21974678,21974827,21974678,21974827,150,1,TRUE,1,3,"whole_coding_sequence",TRUE,FALSE
"CNA_event_000638","PAVMKN","HOMDEL",638,"9",21883501,21993800,110300,2,2,"ENSE00003496053",21970902,21971208,21970902,21971208,307,1,TRUE,1,3,"whole_coding_sequence",TRUE,FALSE
"CNA_event_000638","PAVMKN","HOMDEL",638,"9",21883501,21993800,110300,3,3,"ENSE00003529527",21968232,21968242,21968232,21968242,11,1,TRUE,1,3,"whole_coding_sequence",TRUE,FALSE
"CNA_event_000639","PAVLLU","HOMDEL",639,"9",21829401,21993800,164400,1,1,"ENSE00001833804",21974678,21974827,21974678,21974827,150,1,TRUE,1,3,"whole_coding_sequence",TRUE,FALSE
"CNA_event_000639","PAVLLU","HOMDEL",639,"9",21829401,21993800,164400,2,2,"ENSE00003496053",21970902,21971208,21970902,21971208,307,1,TRUE,1,3,"whole_coding_sequence",TRUE,FALSE
"CNA_event_000639","PAVLLU","HOMDEL",639,"9",21829401,21993800,164400,3,3,"ENSE00003529527",21968232,21968242,21968232,21968242,11,1,TRUE,1,3,"whole_coding_sequence",TRUE,FALSE
"CNA_event_000640","PAVLFA","HOMDEL",640,"9",21832601,21987900,155300,1,1,"ENSE00001833804",21974678,21974827,21974678,21974827,150,1,TRUE,1,3,"whole_coding_sequence",TRUE,FALSE
"CNA_event_000640","PAVLFA","HOMDEL",640,"9",21832601,21987900,155300,2,2,"ENSE00003496053",21970902,21971208,21970902,21971208,307,1,TRUE,1,3,"whole_coding_sequence",TRUE,FALSE
"CNA_event_000640","PAVLFA","HOMDEL",640,"9",21832601,21987900,155300,3,3,"ENSE00003529527",21968232,21968242,21968232,21968242,11,1,TRUE,1,3,"whole_coding_sequence",TRUE,FALSE
"CNA_event_000641","PAUUIK","HOMDEL",641,"9",21833601,21993800,160200,1,1,"ENSE00001833804",21974678,21974827,21974678,21974827,150,1,TRUE,1,3,"whole_coding_sequence",TRUE,FALSE
"CNA_event_000641","PAUUIK","HOMDEL",641,"9",21833601,21993800,160200,2,2,"ENSE00003496053",21970902,21971208,21970902,21971208,307,1,TRUE,1,3,"whole_coding_sequence",TRUE,FALSE
"CNA_event_000641","PAUUIK","HOMDEL",641,"9",21833601,21993800,160200,3,3,"ENSE00003529527",21968232,21968242,21968232,21968242,11,1,TRUE,1,3,"whole_coding_sequence",TRUE,FALSE
"CNA_event_000642","PAUUBG","HOMDEL",642,"9",21914701,21993800,79100,1,1,"ENSE00001833804",21974678,21974827,21974678,21974827,150,1,TRUE,1,3,"whole_coding_sequence",TRUE,FALSE
"CNA_event_000642","PAUUBG","HOMDEL",642,"9",21914701,21993800,79100,2,2,"ENSE00003496053",21970902,21971208,21970902,21971208,307,1,TRUE,1,3,"whole_coding_sequence",TRUE,FALSE
"CNA_event_000642","PAUUBG","HOMDEL",642,"9",21914701,21993800,79100,3,3,"ENSE00003529527",21968232,21968242,21968232,21968242,11,1,TRUE,1,3,"whole_coding_sequence",TRUE,FALSE
"CNA_event_000643","PAUUAV","HOMDEL",643,"9",21836501,22105600,269100,1,1,"ENSE00001833804",21974678,21974827,21974678,21974827,150,1,TRUE,1,3,"whole_coding_sequence",TRUE,FALSE
"CNA_event_000643","PAUUAV","HOMDEL",643,"9",21836501,22105600,269100,2,2,"ENSE00003496053",21970902,21971208,21970902,21971208,307,1,TRUE,1,3,"whole_coding_sequence",TRUE,FALSE
"CNA_event_000643","PAUUAV","HOMDEL",643,"9",21836501,22105600,269100,3,3,"ENSE00003529527",21968232,21968242,21968232,21968242,11,1,TRUE,1,3,"whole_coding_sequence",TRUE,FALSE
"CNA_event_000644","PAURTD","HOMDEL",644,"9",21850001,22077000,227000,1,1,"ENSE00001833804",21974678,21974827,21974678,21974827,150,1,TRUE,1,3,"whole_coding_sequence",TRUE,FALSE
"CNA_event_000644","PAURTD","HOMDEL",644,"9",21850001,22077000,227000,2,2,"ENSE00003496053",21970902,21971208,21970902,21971208,307,1,TRUE,1,3,"whole_coding_sequence",TRUE,FALSE
"CNA_event_000644","PAURTD","HOMDEL",644,"9",21850001,22077000,227000,3,3,"ENSE00003529527",21968232,21968242,21968232,21968242,11,1,TRUE,1,3,"whole_coding_sequence",TRUE,FALSE
"CNA_event_000645","PAUMIB","HOMDEL",645,"9",21739301,22496400,757100,1,1,"ENSE00001833804",21974678,21974827,21974678,21974827,150,1,TRUE,1,3,"whole_coding_sequence",TRUE,FALSE
"CNA_event_000645","PAUMIB","HOMDEL",645,"9",21739301,22496400,757100,2,2,"ENSE00003496053",21970902,21971208,21970902,21971208,307,1,TRUE,1,3,"whole_coding_sequence",TRUE,FALSE
"CNA_event_000645","PAUMIB","HOMDEL",645,"9",21739301,22496400,757100,3,3,"ENSE00003529527",21968232,21968242,21968232,21968242,11,1,TRUE,1,3,"whole_coding_sequence",TRUE,FALSE
"CNA_event_000647","PAUCCG","HOMDEL",647,"9",21717101,22496500,779400,1,1,"ENSE00001833804",21974678,21974827,21974678,21974827,150,1,TRUE,1,3,"whole_coding_sequence",TRUE,FALSE
"CNA_event_000647","PAUCCG","HOMDEL",647,"9",21717101,22496500,779400,2,2,"ENSE00003496053",21970902,21971208,21970902,21971208,307,1,TRUE,1,3,"whole_coding_sequence",TRUE,FALSE
"CNA_event_000647","PAUCCG","HOMDEL",647,"9",21717101,22496500,779400,3,3,"ENSE00003529527",21968232,21968242,21968232,21968242,11,1,TRUE,1,3,"whole_coding_sequence",TRUE,FALSE
"CNA_event_000648","PAUAKN","HOMDEL",648,"9",21966601,21991600,25000,1,1,"ENSE00001833804",21974678,21974827,21974678,21974827,150,1,TRUE,1,3,"whole_coding_sequence",TRUE,FALSE
"CNA_event_000648","PAUAKN","HOMDEL",648,"9",21966601,21991600,25000,2,2,"ENSE00003496053",21970902,21971208,21970902,21971208,307,1,TRUE,1,3,"whole_coding_sequence",TRUE,FALSE
"CNA_event_000648","PAUAKN","HOMDEL",648,"9",21966601,21991600,25000,3,3,"ENSE00003529527",21968232,21968242,21968232,21968242,11,1,TRUE,1,3,"whole_coding_sequence",TRUE,FALSE
"CNA_event_000649","PATZYR","HOMDEL",649,"9",21846201,22042500,196300,1,1,"ENSE00001833804",21974678,21974827,21974678,21974827,150,1,TRUE,1,3,"whole_coding_sequence",TRUE,FALSE
"CNA_event_000649","PATZYR","HOMDEL",649,"9",21846201,22042500,196300,2,2,"ENSE00003496053",21970902,21971208,21970902,21971208,307,1,TRUE,1,3,"whole_coding_sequence",TRUE,FALSE
"CNA_event_000649","PATZYR","HOMDEL",649,"9",21846201,22042500,196300,3,3,"ENSE00003529527",21968232,21968242,21968232,21968242,11,1,TRUE,1,3,"whole_coding_sequence",TRUE,FALSE
"CNA_event_000650","PATZFF","HOMDEL",650,"9",21847401,22204000,356600,1,1,"ENSE00001833804",21974678,21974827,21974678,21974827,150,1,TRUE,1,3,"whole_coding_sequence",TRUE,FALSE
"CNA_event_000650","PATZFF","HOMDEL",650,"9",21847401,22204000,356600,2,2,"ENSE00003496053",21970902,21971208,21970902,21971208,307,1,TRUE,1,3,"whole_coding_sequence",TRUE,FALSE
"CNA_event_000650","PATZFF","HOMDEL",650,"9",21847401,22204000,356600,3,3,"ENSE00003529527",21968232,21968242,21968232,21968242,11,1,TRUE,1,3,"whole_coding_sequence",TRUE,FALSE
"CNA_event_000651","PATXSD","HOMDEL",651,"9",21833901,21993900,160000,1,1,"ENSE00001833804",21974678,21974827,21974678,21974827,150,1,TRUE,1,3,"whole_coding_sequence",TRUE,FALSE
"CNA_event_000651","PATXSD","HOMDEL",651,"9",21833901,21993900,160000,2,2,"ENSE00003496053",21970902,21971208,21970902,21971208,307,1,TRUE,1,3,"whole_coding_sequence",TRUE,FALSE
"CNA_event_000651","PATXSD","HOMDEL",651,"9",21833901,21993900,160000,3,3,"ENSE00003529527",21968232,21968242,21968232,21968242,11,1,TRUE,1,3,"whole_coding_sequence",TRUE,FALSE
"CNA_event_000652","PATWYZ","HOMDEL",652,"9",21941901,21980600,38700,1,1,"ENSE00001833804",21974678,21974827,21974678,21974827,150,1,TRUE,1,3,"whole_coding_sequence",TRUE,FALSE
"CNA_event_000652","PATWYZ","HOMDEL",652,"9",21941901,21980600,38700,2,2,"ENSE00003496053",21970902,21971208,21970902,21971208,307,1,TRUE,1,3,"whole_coding_sequence",TRUE,FALSE
"CNA_event_000652","PATWYZ","HOMDEL",652,"9",21941901,21980600,38700,3,3,"ENSE00003529527",21968232,21968242,21968232,21968242,11,1,TRUE,1,3,"whole_coding_sequence",TRUE,FALSE
"CNA_event_000653","PATSLH","HOMDEL",653,"9",21886501,21993300,106800,1,1,"ENSE00001833804",21974678,21974827,21974678,21974827,150,1,TRUE,1,3,"whole_coding_sequence",TRUE,FALSE
"CNA_event_000653","PATSLH","HOMDEL",653,"9",21886501,21993300,106800,2,2,"ENSE00003496053",21970902,21971208,21970902,21971208,307,1,TRUE,1,3,"whole_coding_sequence",TRUE,FALSE
"CNA_event_000653","PATSLH","HOMDEL",653,"9",21886501,21993300,106800,3,3,"ENSE00003529527",21968232,21968242,21968232,21968242,11,1,TRUE,1,3,"whole_coding_sequence",TRUE,FALSE
"CNA_event_000654","PATHSV","HOMDEL",654,"9",21916701,21993800,77100,1,1,"ENSE00001833804",21974678,21974827,21974678,21974827,150,1,TRUE,1,3,"whole_coding_sequence",TRUE,FALSE
"CNA_event_000654","PATHSV","HOMDEL",654,"9",21916701,21993800,77100,2,2,"ENSE00003496053",21970902,21971208,21970902,21971208,307,1,TRUE,1,3,"whole_coding_sequence",TRUE,FALSE
"CNA_event_000654","PATHSV","HOMDEL",654,"9",21916701,21993800,77100,3,3,"ENSE00003529527",21968232,21968242,21968232,21968242,11,1,TRUE,1,3,"whole_coding_sequence",TRUE,FALSE
"CNA_event_000655","PATCTL","HOMDEL",655,"9",21845001,22057900,212900,1,1,"ENSE00001833804",21974678,21974827,21974678,21974827,150,1,TRUE,1,3,"whole_coding_sequence",TRUE,FALSE
"CNA_event_000655","PATCTL","HOMDEL",655,"9",21845001,22057900,212900,2,2,"ENSE00003496053",21970902,21971208,21970902,21971208,307,1,TRUE,1,3,"whole_coding_sequence",TRUE,FALSE
"CNA_event_000655","PATCTL","HOMDEL",655,"9",21845001,22057900,212900,3,3,"ENSE00003529527",21968232,21968242,21968232,21968242,11,1,TRUE,1,3,"whole_coding_sequence",TRUE,FALSE
"CNA_event_000656","PASYNX","HOMDEL",656,"9",21914701,21993800,79100,1,1,"ENSE00001833804",21974678,21974827,21974678,21974827,150,1,TRUE,1,3,"whole_coding_sequence",TRUE,FALSE
"CNA_event_000656","PASYNX","HOMDEL",656,"9",21914701,21993800,79100,2,2,"ENSE00003496053",21970902,21971208,21970902,21971208,307,1,TRUE,1,3,"whole_coding_sequence",TRUE,FALSE
"CNA_event_000656","PASYNX","HOMDEL",656,"9",21914701,21993800,79100,3,3,"ENSE00003529527",21968232,21968242,21968232,21968242,11,1,TRUE,1,3,"whole_coding_sequence",TRUE,FALSE
"CNA_event_000657","PASUIN","HOMDEL",657,"9",21945401,22089800,144400,1,1,"ENSE00001833804",21974678,21974827,21974678,21974827,150,1,TRUE,1,3,"whole_coding_sequence",TRUE,FALSE
"CNA_event_000657","PASUIN","HOMDEL",657,"9",21945401,22089800,144400,2,2,"ENSE00003496053",21970902,21971208,21970902,21971208,307,1,TRUE,1,3,"whole_coding_sequence",TRUE,FALSE
"CNA_event_000657","PASUIN","HOMDEL",657,"9",21945401,22089800,144400,3,3,"ENSE00003529527",21968232,21968242,21968232,21968242,11,1,TRUE,1,3,"whole_coding_sequence",TRUE,FALSE
"CNA_event_000658","PASRPV","HOMDEL",658,"9",21547301,22496700,949400,1,1,"ENSE00001833804",21974678,21974827,21974678,21974827,150,1,TRUE,1,3,"whole_coding_sequence",TRUE,FALSE
"CNA_event_000658","PASRPV","HOMDEL",658,"9",21547301,22496700,949400,2,2,"ENSE00003496053",21970902,21971208,21970902,21971208,307,1,TRUE,1,3,"whole_coding_sequence",TRUE,FALSE
"CNA_event_000658","PASRPV","HOMDEL",658,"9",21547301,22496700,949400,3,3,"ENSE00003529527",21968232,21968242,21968232,21968242,11,1,TRUE,1,3,"whole_coding_sequence",TRUE,FALSE
"CNA_event_000659","PASRMM","HOMDEL",659,"9",21825601,21993600,168000,1,1,"ENSE00001833804",21974678,21974827,21974678,21974827,150,1,TRUE,1,3,"whole_coding_sequence",TRUE,FALSE
"CNA_event_000659","PASRMM","HOMDEL",659,"9",21825601,21993600,168000,2,2,"ENSE00003496053",21970902,21971208,21970902,21971208,307,1,TRUE,1,3,"whole_coding_sequence",TRUE,FALSE
"CNA_event_000659","PASRMM","HOMDEL",659,"9",21825601,21993600,168000,3,3,"ENSE00003529527",21968232,21968242,21968232,21968242,11,1,TRUE,1,3,"whole_coding_sequence",TRUE,FALSE
"CNA_event_000660","PASLXY","HOMDEL",660,"9",21407201,22402600,995400,1,1,"ENSE00001833804",21974678,21974827,21974678,21974827,150,1,TRUE,1,3,"whole_coding_sequence",TRUE,FALSE
"CNA_event_000660","PASLXY","HOMDEL",660,"9",21407201,22402600,995400,2,2,"ENSE00003496053",21970902,21971208,21970902,21971208,307,1,TRUE,1,3,"whole_coding_sequence",TRUE,FALSE
"CNA_event_000660","PASLXY","HOMDEL",660,"9",21407201,22402600,995400,3,3,"ENSE00003529527",21968232,21968242,21968232,21968242,11,1,TRUE,1,3,"whole_coding_sequence",TRUE,FALSE
"CNA_event_000661","PASIPN","HOMDEL",661,"9",21908601,22005400,96800,1,1,"ENSE00001833804",21974678,21974827,21974678,21974827,150,1,TRUE,1,3,"whole_coding_sequence",TRUE,FALSE
"CNA_event_000661","PASIPN","HOMDEL",661,"9",21908601,22005400,96800,2,2,"ENSE00003496053",21970902,21971208,21970902,21971208,307,1,TRUE,1,3,"whole_coding_sequence",TRUE,FALSE
"CNA_event_000661","PASIPN","HOMDEL",661,"9",21908601,22005400,96800,3,3,"ENSE00003529527",21968232,21968242,21968232,21968242,11,1,TRUE,1,3,"whole_coding_sequence",TRUE,FALSE
"CNA_event_000662","PASGUH","HOMDEL",662,"9",21970901,23362800,1391900,1,1,"ENSE00001833804",21974678,21974827,21974678,21974827,150,1,TRUE,0.976495726495726,2,"very_low_resolution_90_lt_100pct",TRUE,TRUE
"CNA_event_000662","PASGUH","HOMDEL",662,"9",21970901,23362800,1391900,2,2,"ENSE00003496053",21970902,21971208,21970902,21971208,307,1,TRUE,0.976495726495726,2,"very_low_resolution_90_lt_100pct",TRUE,TRUE
"CNA_event_000663","PASGEC","HOMDEL",663,"9",21922501,21977100,54600,1,1,"ENSE00001833804",21974678,21974827,21974678,21974827,150,1,TRUE,1,3,"whole_coding_sequence",TRUE,FALSE
"CNA_event_000663","PASGEC","HOMDEL",663,"9",21922501,21977100,54600,2,2,"ENSE00003496053",21970902,21971208,21970902,21971208,307,1,TRUE,1,3,"whole_coding_sequence",TRUE,FALSE
"CNA_event_000663","PASGEC","HOMDEL",663,"9",21922501,21977100,54600,3,3,"ENSE00003529527",21968232,21968242,21968232,21968242,11,1,TRUE,1,3,"whole_coding_sequence",TRUE,FALSE
"CNA_event_000664","PARYGJ","HOMDEL",664,"9",21870401,22237700,367300,1,1,"ENSE00001833804",21974678,21974827,21974678,21974827,150,1,TRUE,1,3,"whole_coding_sequence",TRUE,FALSE
"CNA_event_000664","PARYGJ","HOMDEL",664,"9",21870401,22237700,367300,2,2,"ENSE00003496053",21970902,21971208,21970902,21971208,307,1,TRUE,1,3,"whole_coding_sequence",TRUE,FALSE
"CNA_event_000664","PARYGJ","HOMDEL",664,"9",21870401,22237700,367300,3,3,"ENSE00003529527",21968232,21968242,21968232,21968242,11,1,TRUE,1,3,"whole_coding_sequence",TRUE,FALSE
"CNA_event_000665","PARXDJ","HOMDEL",665,"9",21828801,21993800,165000,1,1,"ENSE00001833804",21974678,21974827,21974678,21974827,150,1,TRUE,1,3,"whole_coding_sequence",TRUE,FALSE
"CNA_event_000665","PARXDJ","HOMDEL",665,"9",21828801,21993800,165000,2,2,"ENSE00003496053",21970902,21971208,21970902,21971208,307,1,TRUE,1,3,"whole_coding_sequence",TRUE,FALSE
"CNA_event_000665","PARXDJ","HOMDEL",665,"9",21828801,21993800,165000,3,3,"ENSE00003529527",21968232,21968242,21968232,21968242,11,1,TRUE,1,3,"whole_coding_sequence",TRUE,FALSE
"CNA_event_000666","PARPET","HOMDEL",666,"9",21825501,21993800,168300,1,1,"ENSE00001833804",21974678,21974827,21974678,21974827,150,1,TRUE,1,3,"whole_coding_sequence",TRUE,FALSE
"CNA_event_000666","PARPET","HOMDEL",666,"9",21825501,21993800,168300,2,2,"ENSE00003496053",21970902,21971208,21970902,21971208,307,1,TRUE,1,3,"whole_coding_sequence",TRUE,FALSE
"CNA_event_000666","PARPET","HOMDEL",666,"9",21825501,21993800,168300,3,3,"ENSE00003529527",21968232,21968242,21968232,21968242,11,1,TRUE,1,3,"whole_coding_sequence",TRUE,FALSE
"CNA_event_000667","PARNSP","HOMDEL",667,"9",21643201,22334100,690900,1,1,"ENSE00001833804",21974678,21974827,21974678,21974827,150,1,TRUE,1,3,"whole_coding_sequence",TRUE,FALSE
"CNA_event_000667","PARNSP","HOMDEL",667,"9",21643201,22334100,690900,2,2,"ENSE00003496053",21970902,21971208,21970902,21971208,307,1,TRUE,1,3,"whole_coding_sequence",TRUE,FALSE
"CNA_event_000667","PARNSP","HOMDEL",667,"9",21643201,22334100,690900,3,3,"ENSE00003529527",21968232,21968242,21968232,21968242,11,1,TRUE,1,3,"whole_coding_sequence",TRUE,FALSE
"CNA_event_000668","PARFLD","HOMDEL",668,"9",21579801,22188600,608800,1,1,"ENSE00001833804",21974678,21974827,21974678,21974827,150,1,TRUE,1,3,"whole_coding_sequence",TRUE,FALSE
"CNA_event_000668","PARFLD","HOMDEL",668,"9",21579801,22188600,608800,2,2,"ENSE00003496053",21970902,21971208,21970902,21971208,307,1,TRUE,1,3,"whole_coding_sequence",TRUE,FALSE
"CNA_event_000668","PARFLD","HOMDEL",668,"9",21579801,22188600,608800,3,3,"ENSE00003529527",21968232,21968242,21968232,21968242,11,1,TRUE,1,3,"whole_coding_sequence",TRUE,FALSE
"CNA_event_000669","PAWCUT","HOMDEL",669,"9",19993801,22402900,2409100,1,1,"ENSE00001833804",21974678,21974827,21974678,21974827,150,1,TRUE,1,3,"whole_coding_sequence",TRUE,FALSE
"CNA_event_000669","PAWCUT","HOMDEL",669,"9",19993801,22402900,2409100,2,2,"ENSE00003496053",21970902,21971208,21970902,21971208,307,1,TRUE,1,3,"whole_coding_sequence",TRUE,FALSE
"CNA_event_000669","PAWCUT","HOMDEL",669,"9",19993801,22402900,2409100,3,3,"ENSE00003529527",21968232,21968242,21968232,21968242,11,1,TRUE,1,3,"whole_coding_sequence",TRUE,FALSE
"CNA_event_000670","PAVZKL","HOMDEL",670,"9",21916001,22013600,97600,1,1,"ENSE00001833804",21974678,21974827,21974678,21974827,150,1,TRUE,1,3,"whole_coding_sequence",TRUE,FALSE
"CNA_event_000670","PAVZKL","HOMDEL",670,"9",21916001,22013600,97600,2,2,"ENSE00003496053",21970902,21971208,21970902,21971208,307,1,TRUE,1,3,"whole_coding_sequence",TRUE,FALSE
"CNA_event_000670","PAVZKL","HOMDEL",670,"9",21916001,22013600,97600,3,3,"ENSE00003529527",21968232,21968242,21968232,21968242,11,1,TRUE,1,3,"whole_coding_sequence",TRUE,FALSE
"CNA_event_000671","PAVLUP","HOMDEL",671,"9",21961401,22179800,218400,1,1,"ENSE00001833804",21974678,21974827,21974678,21974827,150,1,TRUE,1,3,"whole_coding_sequence",TRUE,FALSE
"CNA_event_000671","PAVLUP","HOMDEL",671,"9",21961401,22179800,218400,2,2,"ENSE00003496053",21970902,21971208,21970902,21971208,307,1,TRUE,1,3,"whole_coding_sequence",TRUE,FALSE
"CNA_event_000671","PAVLUP","HOMDEL",671,"9",21961401,22179800,218400,3,3,"ENSE00003529527",21968232,21968242,21968232,21968242,11,1,TRUE,1,3,"whole_coding_sequence",TRUE,FALSE
"CNA_event_000672","PAVJHG","HOMDEL",672,"9",21937501,22020700,83200,1,1,"ENSE00001833804",21974678,21974827,21974678,21974827,150,1,TRUE,1,3,"whole_coding_sequence",TRUE,FALSE
"CNA_event_000672","PAVJHG","HOMDEL",672,"9",21937501,22020700,83200,2,2,"ENSE00003496053",21970902,21971208,21970902,21971208,307,1,TRUE,1,3,"whole_coding_sequence",TRUE,FALSE
"CNA_event_000672","PAVJHG","HOMDEL",672,"9",21937501,22020700,83200,3,3,"ENSE00003529527",21968232,21968242,21968232,21968242,11,1,TRUE,1,3,"whole_coding_sequence",TRUE,FALSE
"CNA_event_000673","PAUZGD","HOMDEL",673,"9",21877201,22117300,240100,1,1,"ENSE00001833804",21974678,21974827,21974678,21974827,150,1,TRUE,1,3,"whole_coding_sequence",TRUE,FALSE
"CNA_event_000673","PAUZGD","HOMDEL",673,"9",21877201,22117300,240100,2,2,"ENSE00003496053",21970902,21971208,21970902,21971208,307,1,TRUE,1,3,"whole_coding_sequence",TRUE,FALSE
"CNA_event_000673","PAUZGD","HOMDEL",673,"9",21877201,22117300,240100,3,3,"ENSE00003529527",21968232,21968242,21968232,21968242,11,1,TRUE,1,3,"whole_coding_sequence",TRUE,FALSE
"CNA_event_000674","PAUXSD","HOMDEL",674,"9",21922101,22083200,161100,1,1,"ENSE00001833804",21974678,21974827,21974678,21974827,150,1,TRUE,1,3,"whole_coding_sequence",TRUE,FALSE
"CNA_event_000674","PAUXSD","HOMDEL",674,"9",21922101,22083200,161100,2,2,"ENSE00003496053",21970902,21971208,21970902,21971208,307,1,TRUE,1,3,"whole_coding_sequence",TRUE,FALSE
"CNA_event_000674","PAUXSD","HOMDEL",674,"9",21922101,22083200,161100,3,3,"ENSE00003529527",21968232,21968242,21968232,21968242,11,1,TRUE,1,3,"whole_coding_sequence",TRUE,FALSE
"CNA_event_000675","PAURFC","HOMDEL",675,"9",21871801,22064200,192400,1,1,"ENSE00001833804",21974678,21974827,21974678,21974827,150,1,TRUE,1,3,"whole_coding_sequence",TRUE,FALSE
"CNA_event_000675","PAURFC","HOMDEL",675,"9",21871801,22064200,192400,2,2,"ENSE00003496053",21970902,21971208,21970902,21971208,307,1,TRUE,1,3,"whole_coding_sequence",TRUE,FALSE
"CNA_event_000675","PAURFC","HOMDEL",675,"9",21871801,22064200,192400,3,3,"ENSE00003529527",21968232,21968242,21968232,21968242,11,1,TRUE,1,3,"whole_coding_sequence",TRUE,FALSE
"CNA_event_000676","PAURCM","HOMDEL",676,"9",21748501,22086500,338000,1,1,"ENSE00001833804",21974678,21974827,21974678,21974827,150,1,TRUE,1,3,"whole_coding_sequence",TRUE,FALSE
"CNA_event_000676","PAURCM","HOMDEL",676,"9",21748501,22086500,338000,2,2,"ENSE00003496053",21970902,21971208,21970902,21971208,307,1,TRUE,1,3,"whole_coding_sequence",TRUE,FALSE
"CNA_event_000676","PAURCM","HOMDEL",676,"9",21748501,22086500,338000,3,3,"ENSE00003529527",21968232,21968242,21968232,21968242,11,1,TRUE,1,3,"whole_coding_sequence",TRUE,FALSE
"CNA_event_000677","PAUMLV","HOMDEL",677,"9",21811401,23362800,1551400,1,1,"ENSE00001833804",21974678,21974827,21974678,21974827,150,1,TRUE,1,3,"whole_coding_sequence",TRUE,FALSE
"CNA_event_000677","PAUMLV","HOMDEL",677,"9",21811401,23362800,1551400,2,2,"ENSE00003496053",21970902,21971208,21970902,21971208,307,1,TRUE,1,3,"whole_coding_sequence",TRUE,FALSE
"CNA_event_000677","PAUMLV","HOMDEL",677,"9",21811401,23362800,1551400,3,3,"ENSE00003529527",21968232,21968242,21968232,21968242,11,1,TRUE,1,3,"whole_coding_sequence",TRUE,FALSE
"CNA_event_000678","PAULIU","HOMDEL",678,"9",21902201,21977500,75300,1,1,"ENSE00001833804",21974678,21974827,21974678,21974827,150,1,TRUE,1,3,"whole_coding_sequence",TRUE,FALSE
"CNA_event_000678","PAULIU","HOMDEL",678,"9",21902201,21977500,75300,2,2,"ENSE00003496053",21970902,21971208,21970902,21971208,307,1,TRUE,1,3,"whole_coding_sequence",TRUE,FALSE
"CNA_event_000678","PAULIU","HOMDEL",678,"9",21902201,21977500,75300,3,3,"ENSE00003529527",21968232,21968242,21968232,21968242,11,1,TRUE,1,3,"whole_coding_sequence",TRUE,FALSE
"CNA_event_000679","PAUHRP","HOMDEL",679,"9",21386201,26319800,4933600,1,1,"ENSE00001833804",21974678,21974827,21974678,21974827,150,1,TRUE,1,3,"whole_coding_sequence",TRUE,FALSE
"CNA_event_000679","PAUHRP","HOMDEL",679,"9",21386201,26319800,4933600,2,2,"ENSE00003496053",21970902,21971208,21970902,21971208,307,1,TRUE,1,3,"whole_coding_sequence",TRUE,FALSE
"CNA_event_000679","PAUHRP","HOMDEL",679,"9",21386201,26319800,4933600,3,3,"ENSE00003529527",21968232,21968242,21968232,21968242,11,1,TRUE,1,3,"whole_coding_sequence",TRUE,FALSE
"CNA_event_000680","PATZYC","HOMDEL",680,"9",21818701,22373600,554900,1,1,"ENSE00001833804",21974678,21974827,21974678,21974827,150,1,TRUE,1,3,"whole_coding_sequence",TRUE,FALSE
"CNA_event_000680","PATZYC","HOMDEL",680,"9",21818701,22373600,554900,2,2,"ENSE00003496053",21970902,21971208,21970902,21971208,307,1,TRUE,1,3,"whole_coding_sequence",TRUE,FALSE
"CNA_event_000680","PATZYC","HOMDEL",680,"9",21818701,22373600,554900,3,3,"ENSE00003529527",21968232,21968242,21968232,21968242,11,1,TRUE,1,3,"whole_coding_sequence",TRUE,FALSE
"CNA_event_000681","PATCGT","HOMDEL",681,"9",21879801,21983800,104000,1,1,"ENSE00001833804",21974678,21974827,21974678,21974827,150,1,TRUE,1,3,"whole_coding_sequence",TRUE,FALSE
"CNA_event_000681","PATCGT","HOMDEL",681,"9",21879801,21983800,104000,2,2,"ENSE00003496053",21970902,21971208,21970902,21971208,307,1,TRUE,1,3,"whole_coding_sequence",TRUE,FALSE
"CNA_event_000681","PATCGT","HOMDEL",681,"9",21879801,21983800,104000,3,3,"ENSE00003529527",21968232,21968242,21968232,21968242,11,1,TRUE,1,3,"whole_coding_sequence",TRUE,FALSE
"CNA_event_000682","PATBCV","HOMDEL",682,"9",21931501,22021300,89800,1,1,"ENSE00001833804",21974678,21974827,21974678,21974827,150,1,TRUE,1,3,"whole_coding_sequence",TRUE,FALSE
"CNA_event_000682","PATBCV","HOMDEL",682,"9",21931501,22021300,89800,2,2,"ENSE00003496053",21970902,21971208,21970902,21971208,307,1,TRUE,1,3,"whole_coding_sequence",TRUE,FALSE
"CNA_event_000682","PATBCV","HOMDEL",682,"9",21931501,22021300,89800,3,3,"ENSE00003529527",21968232,21968242,21968232,21968242,11,1,TRUE,1,3,"whole_coding_sequence",TRUE,FALSE
"CNA_event_000683","PARWTI","HOMDEL",683,"9",21910501,22000600,90100,1,1,"ENSE00001833804",21974678,21974827,21974678,21974827,150,1,TRUE,1,3,"whole_coding_sequence",TRUE,FALSE
"CNA_event_000683","PARWTI","HOMDEL",683,"9",21910501,22000600,90100,2,2,"ENSE00003496053",21970902,21971208,21970902,21971208,307,1,TRUE,1,3,"whole_coding_sequence",TRUE,FALSE
"CNA_event_000683","PARWTI","HOMDEL",683,"9",21910501,22000600,90100,3,3,"ENSE00003529527",21968232,21968242,21968232,21968242,11,1,TRUE,1,3,"whole_coding_sequence",TRUE,FALSE
"CNA_event_000684","PARWID","HOMDEL",684,"9",21904901,21971900,67000,2,2,"ENSE00003496053",21970902,21971208,21970902,21971208,307,1,TRUE,0.67948717948718,2,"moderate_resolution_50_75pct",TRUE,TRUE
"CNA_event_000684","PARWID","HOMDEL",684,"9",21904901,21971900,67000,3,3,"ENSE00003529527",21968232,21968242,21968232,21968242,11,1,TRUE,0.67948717948718,2,"moderate_resolution_50_75pct",TRUE,TRUE
"CNA_event_000685","PARMKR","HOMDEL",685,"9",21883801,22040500,156700,1,1,"ENSE00001833804",21974678,21974827,21974678,21974827,150,1,TRUE,1,3,"whole_coding_sequence",TRUE,FALSE
"CNA_event_000685","PARMKR","HOMDEL",685,"9",21883801,22040500,156700,2,2,"ENSE00003496053",21970902,21971208,21970902,21971208,307,1,TRUE,1,3,"whole_coding_sequence",TRUE,FALSE
"CNA_event_000685","PARMKR","HOMDEL",685,"9",21883801,22040500,156700,3,3,"ENSE00003529527",21968232,21968242,21968232,21968242,11,1,TRUE,1,3,"whole_coding_sequence",TRUE,FALSE
"CNA_event_000686","PARIZN","HOMDEL",686,"9",20200501,24501900,4301400,1,1,"ENSE00001833804",21974678,21974827,21974678,21974827,150,1,TRUE,1,3,"whole_coding_sequence",TRUE,FALSE
"CNA_event_000686","PARIZN","HOMDEL",686,"9",20200501,24501900,4301400,2,2,"ENSE00003496053",21970902,21971208,21970902,21971208,307,1,TRUE,1,3,"whole_coding_sequence",TRUE,FALSE
"CNA_event_000686","PARIZN","HOMDEL",686,"9",20200501,24501900,4301400,3,3,"ENSE00003529527",21968232,21968242,21968232,21968242,11,1,TRUE,1,3,"whole_coding_sequence",TRUE,FALSE
"CNA_event_000687","PAUXYM","HOMDEL",687,"9",21833201,21973100,139900,2,2,"ENSE00003496053",21970902,21971208,21970902,21971208,307,1,TRUE,0.67948717948718,2,"moderate_resolution_50_75pct",TRUE,TRUE
"CNA_event_000687","PAUXYM","HOMDEL",687,"9",21833201,21973100,139900,3,3,"ENSE00003529527",21968232,21968242,21968232,21968242,11,1,TRUE,0.67948717948718,2,"moderate_resolution_50_75pct",TRUE,TRUE
"CNA_event_000688","PATTTE","HOMDEL",688,"9",21172501,22496300,1323800,1,1,"ENSE00001833804",21974678,21974827,21974678,21974827,150,1,TRUE,1,3,"whole_coding_sequence",TRUE,FALSE
"CNA_event_000688","PATTTE","HOMDEL",688,"9",21172501,22496300,1323800,2,2,"ENSE00003496053",21970902,21971208,21970902,21971208,307,1,TRUE,1,3,"whole_coding_sequence",TRUE,FALSE
"CNA_event_000688","PATTTE","HOMDEL",688,"9",21172501,22496300,1323800,3,3,"ENSE00003529527",21968232,21968242,21968232,21968242,11,1,TRUE,1,3,"whole_coding_sequence",TRUE,FALSE
"CNA_event_000689","PASWLV","HOMDEL",689,"9",21808401,22237500,429100,1,1,"ENSE00001833804",21974678,21974827,21974678,21974827,150,1,TRUE,1,3,"whole_coding_sequence",TRUE,FALSE
"CNA_event_000689","PASWLV","HOMDEL",689,"9",21808401,22237500,429100,2,2,"ENSE00003496053",21970902,21971208,21970902,21971208,307,1,TRUE,1,3,"whole_coding_sequence",TRUE,FALSE
"CNA_event_000689","PASWLV","HOMDEL",689,"9",21808401,22237500,429100,3,3,"ENSE00003529527",21968232,21968242,21968232,21968242,11,1,TRUE,1,3,"whole_coding_sequence",TRUE,FALSE
"CNA_event_000690","PAWJJL","HOMDEL",690,"9",21878401,21979200,100800,1,1,"ENSE00001833804",21974678,21974827,21974678,21974827,150,1,TRUE,1,3,"whole_coding_sequence",TRUE,FALSE
"CNA_event_000690","PAWJJL","HOMDEL",690,"9",21878401,21979200,100800,2,2,"ENSE00003496053",21970902,21971208,21970902,21971208,307,1,TRUE,1,3,"whole_coding_sequence",TRUE,FALSE
"CNA_event_000690","PAWJJL","HOMDEL",690,"9",21878401,21979200,100800,3,3,"ENSE00003529527",21968232,21968242,21968232,21968242,11,1,TRUE,1,3,"whole_coding_sequence",TRUE,FALSE
"CNA_event_000691","PAWIPY","HOMDEL",691,"9",21950901,22004800,53900,1,1,"ENSE00001833804",21974678,21974827,21974678,21974827,150,1,TRUE,1,3,"whole_coding_sequence",TRUE,FALSE
"CNA_event_000691","PAWIPY","HOMDEL",691,"9",21950901,22004800,53900,2,2,"ENSE00003496053",21970902,21971208,21970902,21971208,307,1,TRUE,1,3,"whole_coding_sequence",TRUE,FALSE
"CNA_event_000691","PAWIPY","HOMDEL",691,"9",21950901,22004800,53900,3,3,"ENSE00003529527",21968232,21968242,21968232,21968242,11,1,TRUE,1,3,"whole_coding_sequence",TRUE,FALSE
"CNA_event_000692","PAWGTW","HOMDEL",692,"9",21887701,22008900,121200,1,1,"ENSE00001833804",21974678,21974827,21974678,21974827,150,1,TRUE,1,3,"whole_coding_sequence",TRUE,FALSE
"CNA_event_000692","PAWGTW","HOMDEL",692,"9",21887701,22008900,121200,2,2,"ENSE00003496053",21970902,21971208,21970902,21971208,307,1,TRUE,1,3,"whole_coding_sequence",TRUE,FALSE
"CNA_event_000692","PAWGTW","HOMDEL",692,"9",21887701,22008900,121200,3,3,"ENSE00003529527",21968232,21968242,21968232,21968242,11,1,TRUE,1,3,"whole_coding_sequence",TRUE,FALSE
"CNA_event_000693","PAVIHA","HOMDEL",693,"9",21961201,22089800,128600,1,1,"ENSE00001833804",21974678,21974827,21974678,21974827,150,1,TRUE,1,3,"whole_coding_sequence",TRUE,FALSE
"CNA_event_000693","PAVIHA","HOMDEL",693,"9",21961201,22089800,128600,2,2,"ENSE00003496053",21970902,21971208,21970902,21971208,307,1,TRUE,1,3,"whole_coding_sequence",TRUE,FALSE
"CNA_event_000693","PAVIHA","HOMDEL",693,"9",21961201,22089800,128600,3,3,"ENSE00003529527",21968232,21968242,21968232,21968242,11,1,TRUE,1,3,"whole_coding_sequence",TRUE,FALSE
"CNA_event_000694","PATZXL","HOMDEL",694,"9",21961301,21976700,15400,1,1,"ENSE00001833804",21974678,21974827,21974678,21974827,150,1,TRUE,1,3,"whole_coding_sequence",TRUE,FALSE
"CNA_event_000694","PATZXL","HOMDEL",694,"9",21961301,21976700,15400,2,2,"ENSE00003496053",21970902,21971208,21970902,21971208,307,1,TRUE,1,3,"whole_coding_sequence",TRUE,FALSE
"CNA_event_000694","PATZXL","HOMDEL",694,"9",21961301,21976700,15400,3,3,"ENSE00003529527",21968232,21968242,21968232,21968242,11,1,TRUE,1,3,"whole_coding_sequence",TRUE,FALSE
"CNA_event_000695","PATYYJ","HOMDEL",695,"9",21951501,21975400,23900,1,1,"ENSE00001833804",21974678,21974827,21974678,21974827,150,1,TRUE,1,3,"whole_coding_sequence",TRUE,FALSE
"CNA_event_000695","PATYYJ","HOMDEL",695,"9",21951501,21975400,23900,2,2,"ENSE00003496053",21970902,21971208,21970902,21971208,307,1,TRUE,1,3,"whole_coding_sequence",TRUE,FALSE
"CNA_event_000695","PATYYJ","HOMDEL",695,"9",21951501,21975400,23900,3,3,"ENSE00003529527",21968232,21968242,21968232,21968242,11,1,TRUE,1,3,"whole_coding_sequence",TRUE,FALSE
"CNA_event_000696","PATRJL","HOMDEL",696,"9",21966801,21974400,7600,2,2,"ENSE00003496053",21970902,21971208,21970902,21971208,307,1,TRUE,0.67948717948718,2,"moderate_resolution_50_75pct",TRUE,TRUE
"CNA_event_000696","PATRJL","HOMDEL",696,"9",21966801,21974400,7600,3,3,"ENSE00003529527",21968232,21968242,21968232,21968242,11,1,TRUE,0.67948717948718,2,"moderate_resolution_50_75pct",TRUE,TRUE
"CNA_event_000697","PATMTV","HOMDEL",697,"9",21963401,21996900,33500,1,1,"ENSE00001833804",21974678,21974827,21974678,21974827,150,1,TRUE,1,3,"whole_coding_sequence",TRUE,FALSE
"CNA_event_000697","PATMTV","HOMDEL",697,"9",21963401,21996900,33500,2,2,"ENSE00003496053",21970902,21971208,21970902,21971208,307,1,TRUE,1,3,"whole_coding_sequence",TRUE,FALSE
"CNA_event_000697","PATMTV","HOMDEL",697,"9",21963401,21996900,33500,3,3,"ENSE00003529527",21968232,21968242,21968232,21968242,11,1,TRUE,1,3,"whole_coding_sequence",TRUE,FALSE
"CNA_event_000698","PATFCV","HOMDEL",698,"9",21827201,22098000,270800,1,1,"ENSE00001833804",21974678,21974827,21974678,21974827,150,1,TRUE,1,3,"whole_coding_sequence",TRUE,FALSE
"CNA_event_000698","PATFCV","HOMDEL",698,"9",21827201,22098000,270800,2,2,"ENSE00003496053",21970902,21971208,21970902,21971208,307,1,TRUE,1,3,"whole_coding_sequence",TRUE,FALSE
"CNA_event_000698","PATFCV","HOMDEL",698,"9",21827201,22098000,270800,3,3,"ENSE00003529527",21968232,21968242,21968232,21968242,11,1,TRUE,1,3,"whole_coding_sequence",TRUE,FALSE
"CNA_event_000699","PATBNT","HOMDEL",699,"9",21217701,22433900,1216200,1,1,"ENSE00001833804",21974678,21974827,21974678,21974827,150,1,TRUE,1,3,"whole_coding_sequence",TRUE,FALSE
"CNA_event_000699","PATBNT","HOMDEL",699,"9",21217701,22433900,1216200,2,2,"ENSE00003496053",21970902,21971208,21970902,21971208,307,1,TRUE,1,3,"whole_coding_sequence",TRUE,FALSE
"CNA_event_000699","PATBNT","HOMDEL",699,"9",21217701,22433900,1216200,3,3,"ENSE00003529527",21968232,21968242,21968232,21968242,11,1,TRUE,1,3,"whole_coding_sequence",TRUE,FALSE
"CNA_event_000700","PATBDJ","HOMDEL",700,"9",21899301,21972900,73600,2,2,"ENSE00003496053",21970902,21971208,21970902,21971208,307,1,TRUE,0.67948717948718,2,"moderate_resolution_50_75pct",TRUE,TRUE
"CNA_event_000700","PATBDJ","HOMDEL",700,"9",21899301,21972900,73600,3,3,"ENSE00003529527",21968232,21968242,21968232,21968242,11,1,TRUE,0.67948717948718,2,"moderate_resolution_50_75pct",TRUE,TRUE
"CNA_event_000701","PATBDJ","HOMDEL",701,"9",21972901,22077700,104800,1,1,"ENSE00001833804",21974678,21974827,21974678,21974827,150,1,TRUE,0.320512820512821,1,"high_resolution_le_50pct",TRUE,TRUE
"CNA_event_000702","PASKBB","HOMDEL",702,"9",21865601,22009200,143600,1,1,"ENSE00001833804",21974678,21974827,21974678,21974827,150,1,TRUE,1,3,"whole_coding_sequence",TRUE,FALSE
"CNA_event_000702","PASKBB","HOMDEL",702,"9",21865601,22009200,143600,2,2,"ENSE00003496053",21970902,21971208,21970902,21971208,307,1,TRUE,1,3,"whole_coding_sequence",TRUE,FALSE
"CNA_event_000702","PASKBB","HOMDEL",702,"9",21865601,22009200,143600,3,3,"ENSE00003529527",21968232,21968242,21968232,21968242,11,1,TRUE,1,3,"whole_coding_sequence",TRUE,FALSE
"CNA_event_000703","PARGDC","HOMDEL",703,"9",21889801,22008400,118600,1,1,"ENSE00001833804",21974678,21974827,21974678,21974827,150,1,TRUE,1,3,"whole_coding_sequence",TRUE,FALSE
"CNA_event_000703","PARGDC","HOMDEL",703,"9",21889801,22008400,118600,2,2,"ENSE00003496053",21970902,21971208,21970902,21971208,307,1,TRUE,1,3,"whole_coding_sequence",TRUE,FALSE
"CNA_event_000703","PARGDC","HOMDEL",703,"9",21889801,22008400,118600,3,3,"ENSE00003529527",21968232,21968242,21968232,21968242,11,1,TRUE,1,3,"whole_coding_sequence",TRUE,FALSE
"CNA_event_000704","PAWIMC","HOMDEL",704,"9",21848101,22014600,166500,1,1,"ENSE00001833804",21974678,21974827,21974678,21974827,150,1,TRUE,1,3,"whole_coding_sequence",TRUE,FALSE
"CNA_event_000704","PAWIMC","HOMDEL",704,"9",21848101,22014600,166500,2,2,"ENSE00003496053",21970902,21971208,21970902,21971208,307,1,TRUE,1,3,"whole_coding_sequence",TRUE,FALSE
"CNA_event_000704","PAWIMC","HOMDEL",704,"9",21848101,22014600,166500,3,3,"ENSE00003529527",21968232,21968242,21968232,21968242,11,1,TRUE,1,3,"whole_coding_sequence",TRUE,FALSE
"CNA_event_000705","PAUZHX","HOMDEL",705,"9",21890701,22028200,137500,1,1,"ENSE00001833804",21974678,21974827,21974678,21974827,150,1,TRUE,1,3,"whole_coding_sequence",TRUE,FALSE
"CNA_event_000705","PAUZHX","HOMDEL",705,"9",21890701,22028200,137500,2,2,"ENSE00003496053",21970902,21971208,21970902,21971208,307,1,TRUE,1,3,"whole_coding_sequence",TRUE,FALSE
"CNA_event_000705","PAUZHX","HOMDEL",705,"9",21890701,22028200,137500,3,3,"ENSE00003529527",21968232,21968242,21968232,21968242,11,1,TRUE,1,3,"whole_coding_sequence",TRUE,FALSE
"CNA_event_000706","PAUKMA","HOMDEL",706,"9",21401501,27762300,6360800,1,1,"ENSE00001833804",21974678,21974827,21974678,21974827,150,1,TRUE,1,3,"whole_coding_sequence",TRUE,FALSE
"CNA_event_000706","PAUKMA","HOMDEL",706,"9",21401501,27762300,6360800,2,2,"ENSE00003496053",21970902,21971208,21970902,21971208,307,1,TRUE,1,3,"whole_coding_sequence",TRUE,FALSE
"CNA_event_000706","PAUKMA","HOMDEL",706,"9",21401501,27762300,6360800,3,3,"ENSE00003529527",21968232,21968242,21968232,21968242,11,1,TRUE,1,3,"whole_coding_sequence",TRUE,FALSE
"CNA_event_000707","PAUKBE","HOMDEL",707,"9",21884601,22020000,135400,1,1,"ENSE00001833804",21974678,21974827,21974678,21974827,150,1,TRUE,1,3,"whole_coding_sequence",TRUE,FALSE
"CNA_event_000707","PAUKBE","HOMDEL",707,"9",21884601,22020000,135400,2,2,"ENSE00003496053",21970902,21971208,21970902,21971208,307,1,TRUE,1,3,"whole_coding_sequence",TRUE,FALSE
"CNA_event_000707","PAUKBE","HOMDEL",707,"9",21884601,22020000,135400,3,3,"ENSE00003529527",21968232,21968242,21968232,21968242,11,1,TRUE,1,3,"whole_coding_sequence",TRUE,FALSE
"CNA_event_000708","PAUFZC","HOMDEL",708,"9",20067001,22112700,2045700,1,1,"ENSE00001833804",21974678,21974827,21974678,21974827,150,1,TRUE,1,3,"whole_coding_sequence",TRUE,FALSE
"CNA_event_000708","PAUFZC","HOMDEL",708,"9",20067001,22112700,2045700,2,2,"ENSE00003496053",21970902,21971208,21970902,21971208,307,1,TRUE,1,3,"whole_coding_sequence",TRUE,FALSE
"CNA_event_000708","PAUFZC","HOMDEL",708,"9",20067001,22112700,2045700,3,3,"ENSE00003529527",21968232,21968242,21968232,21968242,11,1,TRUE,1,3,"whole_coding_sequence",TRUE,FALSE
"CNA_event_000709","PATXNG","HOMDEL",709,"9",21708001,23362800,1654800,1,1,"ENSE00001833804",21974678,21974827,21974678,21974827,150,1,TRUE,1,3,"whole_coding_sequence",TRUE,FALSE
"CNA_event_000709","PATXNG","HOMDEL",709,"9",21708001,23362800,1654800,2,2,"ENSE00003496053",21970902,21971208,21970902,21971208,307,1,TRUE,1,3,"whole_coding_sequence",TRUE,FALSE
"CNA_event_000709","PATXNG","HOMDEL",709,"9",21708001,23362800,1654800,3,3,"ENSE00003529527",21968232,21968242,21968232,21968242,11,1,TRUE,1,3,"whole_coding_sequence",TRUE,FALSE
"CNA_event_000710","PATLHH","HOMDEL",710,"9",21874301,22082300,208000,1,1,"ENSE00001833804",21974678,21974827,21974678,21974827,150,1,TRUE,1,3,"whole_coding_sequence",TRUE,FALSE
"CNA_event_000710","PATLHH","HOMDEL",710,"9",21874301,22082300,208000,2,2,"ENSE00003496053",21970902,21971208,21970902,21971208,307,1,TRUE,1,3,"whole_coding_sequence",TRUE,FALSE
"CNA_event_000710","PATLHH","HOMDEL",710,"9",21874301,22082300,208000,3,3,"ENSE00003529527",21968232,21968242,21968232,21968242,11,1,TRUE,1,3,"whole_coding_sequence",TRUE,FALSE
"CNA_event_000711","PATIBE","HOMDEL",711,"9",21332601,26884900,5552300,1,1,"ENSE00001833804",21974678,21974827,21974678,21974827,150,1,TRUE,1,3,"whole_coding_sequence",TRUE,FALSE
"CNA_event_000711","PATIBE","HOMDEL",711,"9",21332601,26884900,5552300,2,2,"ENSE00003496053",21970902,21971208,21970902,21971208,307,1,TRUE,1,3,"whole_coding_sequence",TRUE,FALSE
"CNA_event_000711","PATIBE","HOMDEL",711,"9",21332601,26884900,5552300,3,3,"ENSE00003529527",21968232,21968242,21968232,21968242,11,1,TRUE,1,3,"whole_coding_sequence",TRUE,FALSE
"CNA_event_000712","PATDKT","HOMDEL",712,"9",21965201,21989600,24400,1,1,"ENSE00001833804",21974678,21974827,21974678,21974827,150,1,TRUE,1,3,"whole_coding_sequence",TRUE,FALSE
"CNA_event_000712","PATDKT","HOMDEL",712,"9",21965201,21989600,24400,2,2,"ENSE00003496053",21970902,21971208,21970902,21971208,307,1,TRUE,1,3,"whole_coding_sequence",TRUE,FALSE
"CNA_event_000712","PATDKT","HOMDEL",712,"9",21965201,21989600,24400,3,3,"ENSE00003529527",21968232,21968242,21968232,21968242,11,1,TRUE,1,3,"whole_coding_sequence",TRUE,FALSE
"CNA_event_000713","PATAIE","HOMDEL",713,"9",21775401,22019900,244500,1,1,"ENSE00001833804",21974678,21974827,21974678,21974827,150,1,TRUE,1,3,"whole_coding_sequence",TRUE,FALSE
"CNA_event_000713","PATAIE","HOMDEL",713,"9",21775401,22019900,244500,2,2,"ENSE00003496053",21970902,21971208,21970902,21971208,307,1,TRUE,1,3,"whole_coding_sequence",TRUE,FALSE
"CNA_event_000713","PATAIE","HOMDEL",713,"9",21775401,22019900,244500,3,3,"ENSE00003529527",21968232,21968242,21968232,21968242,11,1,TRUE,1,3,"whole_coding_sequence",TRUE,FALSE
"CNA_event_000714","PASZJW","HOMDEL",714,"9",21971801,22003600,31800,1,1,"ENSE00001833804",21974678,21974827,21974678,21974827,150,1,TRUE,0.320512820512821,1,"high_resolution_le_50pct",TRUE,TRUE
"CNA_event_000715","PAWCWY","HOMDEL",715,"9",21965401,22017500,52100,1,1,"ENSE00001833804",21974678,21974827,21974678,21974827,150,1,TRUE,1,3,"whole_coding_sequence",TRUE,FALSE
"CNA_event_000715","PAWCWY","HOMDEL",715,"9",21965401,22017500,52100,2,2,"ENSE00003496053",21970902,21971208,21970902,21971208,307,1,TRUE,1,3,"whole_coding_sequence",TRUE,FALSE
"CNA_event_000715","PAWCWY","HOMDEL",715,"9",21965401,22017500,52100,3,3,"ENSE00003529527",21968232,21968242,21968232,21968242,11,1,TRUE,1,3,"whole_coding_sequence",TRUE,FALSE
"CNA_event_000716","PAWBKA","HOMDEL",716,"9",21429301,22496500,1067200,1,1,"ENSE00001833804",21974678,21974827,21974678,21974827,150,1,TRUE,1,3,"whole_coding_sequence",TRUE,FALSE
"CNA_event_000716","PAWBKA","HOMDEL",716,"9",21429301,22496500,1067200,2,2,"ENSE00003496053",21970902,21971208,21970902,21971208,307,1,TRUE,1,3,"whole_coding_sequence",TRUE,FALSE
"CNA_event_000716","PAWBKA","HOMDEL",716,"9",21429301,22496500,1067200,3,3,"ENSE00003529527",21968232,21968242,21968232,21968242,11,1,TRUE,1,3,"whole_coding_sequence",TRUE,FALSE
"CNA_event_000717","PAWAMV","HOMDEL",717,"9",21857801,22916200,1058400,1,1,"ENSE00001833804",21974678,21974827,21974678,21974827,150,1,TRUE,1,3,"whole_coding_sequence",TRUE,FALSE
"CNA_event_000717","PAWAMV","HOMDEL",717,"9",21857801,22916200,1058400,2,2,"ENSE00003496053",21970902,21971208,21970902,21971208,307,1,TRUE,1,3,"whole_coding_sequence",TRUE,FALSE
"CNA_event_000717","PAWAMV","HOMDEL",717,"9",21857801,22916200,1058400,3,3,"ENSE00003529527",21968232,21968242,21968232,21968242,11,1,TRUE,1,3,"whole_coding_sequence",TRUE,FALSE
"CNA_event_000718","PAVZCZ","HOMDEL",718,"9",21043401,22386300,1342900,1,1,"ENSE00001833804",21974678,21974827,21974678,21974827,150,1,TRUE,1,3,"whole_coding_sequence",TRUE,FALSE
"CNA_event_000718","PAVZCZ","HOMDEL",718,"9",21043401,22386300,1342900,2,2,"ENSE00003496053",21970902,21971208,21970902,21971208,307,1,TRUE,1,3,"whole_coding_sequence",TRUE,FALSE
"CNA_event_000718","PAVZCZ","HOMDEL",718,"9",21043401,22386300,1342900,3,3,"ENSE00003529527",21968232,21968242,21968232,21968242,11,1,TRUE,1,3,"whole_coding_sequence",TRUE,FALSE
"CNA_event_000719","PAVTXY","HOMDEL",719,"9",21216801,21984800,768000,1,1,"ENSE00001833804",21974678,21974827,21974678,21974827,150,1,TRUE,1,3,"whole_coding_sequence",TRUE,FALSE
"CNA_event_000719","PAVTXY","HOMDEL",719,"9",21216801,21984800,768000,2,2,"ENSE00003496053",21970902,21971208,21970902,21971208,307,1,TRUE,1,3,"whole_coding_sequence",TRUE,FALSE
"CNA_event_000719","PAVTXY","HOMDEL",719,"9",21216801,21984800,768000,3,3,"ENSE00003529527",21968232,21968242,21968232,21968242,11,1,TRUE,1,3,"whole_coding_sequence",TRUE,FALSE
"CNA_event_000720","PAVRYM","HOMDEL",720,"9",21814101,22099100,285000,1,1,"ENSE00001833804",21974678,21974827,21974678,21974827,150,1,TRUE,1,3,"whole_coding_sequence",TRUE,FALSE
"CNA_event_000720","PAVRYM","HOMDEL",720,"9",21814101,22099100,285000,2,2,"ENSE00003496053",21970902,21971208,21970902,21971208,307,1,TRUE,1,3,"whole_coding_sequence",TRUE,FALSE
"CNA_event_000720","PAVRYM","HOMDEL",720,"9",21814101,22099100,285000,3,3,"ENSE00003529527",21968232,21968242,21968232,21968242,11,1,TRUE,1,3,"whole_coding_sequence",TRUE,FALSE
"CNA_event_000721","PAVRTX","HOMDEL",721,"9",21089901,24066700,2976800,1,1,"ENSE00001833804",21974678,21974827,21974678,21974827,150,1,TRUE,1,3,"whole_coding_sequence",TRUE,FALSE
"CNA_event_000721","PAVRTX","HOMDEL",721,"9",21089901,24066700,2976800,2,2,"ENSE00003496053",21970902,21971208,21970902,21971208,307,1,TRUE,1,3,"whole_coding_sequence",TRUE,FALSE
"CNA_event_000721","PAVRTX","HOMDEL",721,"9",21089901,24066700,2976800,3,3,"ENSE00003529527",21968232,21968242,21968232,21968242,11,1,TRUE,1,3,"whole_coding_sequence",TRUE,FALSE
"CNA_event_000722","PAVRAW","HOMDEL",722,"9",20225601,22496500,2270900,1,1,"ENSE00001833804",21974678,21974827,21974678,21974827,150,1,TRUE,1,3,"whole_coding_sequence",TRUE,FALSE
"CNA_event_000722","PAVRAW","HOMDEL",722,"9",20225601,22496500,2270900,2,2,"ENSE00003496053",21970902,21971208,21970902,21971208,307,1,TRUE,1,3,"whole_coding_sequence",TRUE,FALSE
"CNA_event_000722","PAVRAW","HOMDEL",722,"9",20225601,22496500,2270900,3,3,"ENSE00003529527",21968232,21968242,21968232,21968242,11,1,TRUE,1,3,"whole_coding_sequence",TRUE,FALSE
"CNA_event_000723","PAVJFH","HOMDEL",723,"9",21751001,22050200,299200,1,1,"ENSE00001833804",21974678,21974827,21974678,21974827,150,1,TRUE,1,3,"whole_coding_sequence",TRUE,FALSE
"CNA_event_000723","PAVJFH","HOMDEL",723,"9",21751001,22050200,299200,2,2,"ENSE00003496053",21970902,21971208,21970902,21971208,307,1,TRUE,1,3,"whole_coding_sequence",TRUE,FALSE
"CNA_event_000723","PAVJFH","HOMDEL",723,"9",21751001,22050200,299200,3,3,"ENSE00003529527",21968232,21968242,21968232,21968242,11,1,TRUE,1,3,"whole_coding_sequence",TRUE,FALSE
"CNA_event_000724","PAVCRF","HOMDEL",724,"9",21933901,21993700,59800,1,1,"ENSE00001833804",21974678,21974827,21974678,21974827,150,1,TRUE,1,3,"whole_coding_sequence",TRUE,FALSE
"CNA_event_000724","PAVCRF","HOMDEL",724,"9",21933901,21993700,59800,2,2,"ENSE00003496053",21970902,21971208,21970902,21971208,307,1,TRUE,1,3,"whole_coding_sequence",TRUE,FALSE
"CNA_event_000724","PAVCRF","HOMDEL",724,"9",21933901,21993700,59800,3,3,"ENSE00003529527",21968232,21968242,21968232,21968242,11,1,TRUE,1,3,"whole_coding_sequence",TRUE,FALSE
"CNA_event_000725","PAVAXI","HOMDEL",725,"9",19909401,22496500,2587100,1,1,"ENSE00001833804",21974678,21974827,21974678,21974827,150,1,TRUE,1,3,"whole_coding_sequence",TRUE,FALSE
"CNA_event_000725","PAVAXI","HOMDEL",725,"9",19909401,22496500,2587100,2,2,"ENSE00003496053",21970902,21971208,21970902,21971208,307,1,TRUE,1,3,"whole_coding_sequence",TRUE,FALSE
"CNA_event_000725","PAVAXI","HOMDEL",725,"9",19909401,22496500,2587100,3,3,"ENSE00003529527",21968232,21968242,21968232,21968242,11,1,TRUE,1,3,"whole_coding_sequence",TRUE,FALSE
"CNA_event_000726","PAVAVU","HOMDEL",726,"9",21803601,23018000,1214400,1,1,"ENSE00001833804",21974678,21974827,21974678,21974827,150,1,TRUE,1,3,"whole_coding_sequence",TRUE,FALSE
"CNA_event_000726","PAVAVU","HOMDEL",726,"9",21803601,23018000,1214400,2,2,"ENSE00003496053",21970902,21971208,21970902,21971208,307,1,TRUE,1,3,"whole_coding_sequence",TRUE,FALSE
"CNA_event_000726","PAVAVU","HOMDEL",726,"9",21803601,23018000,1214400,3,3,"ENSE00003529527",21968232,21968242,21968232,21968242,11,1,TRUE,1,3,"whole_coding_sequence",TRUE,FALSE
"CNA_event_000727","PAUUXK","HOMDEL",727,"9",21972601,22496200,523600,1,1,"ENSE00001833804",21974678,21974827,21974678,21974827,150,1,TRUE,0.320512820512821,1,"high_resolution_le_50pct",TRUE,TRUE
"CNA_event_000728","PAUSNW","HOMDEL",728,"9",21313101,22473000,1159900,1,1,"ENSE00001833804",21974678,21974827,21974678,21974827,150,1,TRUE,1,3,"whole_coding_sequence",TRUE,FALSE
"CNA_event_000728","PAUSNW","HOMDEL",728,"9",21313101,22473000,1159900,2,2,"ENSE00003496053",21970902,21971208,21970902,21971208,307,1,TRUE,1,3,"whole_coding_sequence",TRUE,FALSE
"CNA_event_000728","PAUSNW","HOMDEL",728,"9",21313101,22473000,1159900,3,3,"ENSE00003529527",21968232,21968242,21968232,21968242,11,1,TRUE,1,3,"whole_coding_sequence",TRUE,FALSE
"CNA_event_000729","PAUEYF","HOMDEL",729,"9",21923501,21988200,64700,1,1,"ENSE00001833804",21974678,21974827,21974678,21974827,150,1,TRUE,1,3,"whole_coding_sequence",TRUE,FALSE
"CNA_event_000729","PAUEYF","HOMDEL",729,"9",21923501,21988200,64700,2,2,"ENSE00003496053",21970902,21971208,21970902,21971208,307,1,TRUE,1,3,"whole_coding_sequence",TRUE,FALSE
"CNA_event_000729","PAUEYF","HOMDEL",729,"9",21923501,21988200,64700,3,3,"ENSE00003529527",21968232,21968242,21968232,21968242,11,1,TRUE,1,3,"whole_coding_sequence",TRUE,FALSE
"CNA_event_000730","PATTHR","HOMDEL",730,"9",19849601,22936500,3086900,1,1,"ENSE00001833804",21974678,21974827,21974678,21974827,150,1,TRUE,1,3,"whole_coding_sequence",TRUE,FALSE
"CNA_event_000730","PATTHR","HOMDEL",730,"9",19849601,22936500,3086900,2,2,"ENSE00003496053",21970902,21971208,21970902,21971208,307,1,TRUE,1,3,"whole_coding_sequence",TRUE,FALSE
"CNA_event_000730","PATTHR","HOMDEL",730,"9",19849601,22936500,3086900,3,3,"ENSE00003529527",21968232,21968242,21968232,21968242,11,1,TRUE,1,3,"whole_coding_sequence",TRUE,FALSE
"CNA_event_000731","PATRNH","HOMDEL",731,"9",21340101,22220300,880200,1,1,"ENSE00001833804",21974678,21974827,21974678,21974827,150,1,TRUE,1,3,"whole_coding_sequence",TRUE,FALSE
"CNA_event_000731","PATRNH","HOMDEL",731,"9",21340101,22220300,880200,2,2,"ENSE00003496053",21970902,21971208,21970902,21971208,307,1,TRUE,1,3,"whole_coding_sequence",TRUE,FALSE
"CNA_event_000731","PATRNH","HOMDEL",731,"9",21340101,22220300,880200,3,3,"ENSE00003529527",21968232,21968242,21968232,21968242,11,1,TRUE,1,3,"whole_coding_sequence",TRUE,FALSE
"CNA_event_000732","PATMXN","HOMDEL",732,"9",21203601,22139800,936200,1,1,"ENSE00001833804",21974678,21974827,21974678,21974827,150,1,TRUE,1,3,"whole_coding_sequence",TRUE,FALSE
"CNA_event_000732","PATMXN","HOMDEL",732,"9",21203601,22139800,936200,2,2,"ENSE00003496053",21970902,21971208,21970902,21971208,307,1,TRUE,1,3,"whole_coding_sequence",TRUE,FALSE
"CNA_event_000732","PATMXN","HOMDEL",732,"9",21203601,22139800,936200,3,3,"ENSE00003529527",21968232,21968242,21968232,21968242,11,1,TRUE,1,3,"whole_coding_sequence",TRUE,FALSE
"CNA_event_000733","PATBVE","HOMDEL",733,"9",20097101,22400500,2303400,1,1,"ENSE00001833804",21974678,21974827,21974678,21974827,150,1,TRUE,1,3,"whole_coding_sequence",TRUE,FALSE
"CNA_event_000733","PATBVE","HOMDEL",733,"9",20097101,22400500,2303400,2,2,"ENSE00003496053",21970902,21971208,21970902,21971208,307,1,TRUE,1,3,"whole_coding_sequence",TRUE,FALSE
"CNA_event_000733","PATBVE","HOMDEL",733,"9",20097101,22400500,2303400,3,3,"ENSE00003529527",21968232,21968242,21968232,21968242,11,1,TRUE,1,3,"whole_coding_sequence",TRUE,FALSE
"CNA_event_000734","PASXLM","HOMDEL",734,"9",21784101,22031200,247100,1,1,"ENSE00001833804",21974678,21974827,21974678,21974827,150,1,TRUE,1,3,"whole_coding_sequence",TRUE,FALSE
"CNA_event_000734","PASXLM","HOMDEL",734,"9",21784101,22031200,247100,2,2,"ENSE00003496053",21970902,21971208,21970902,21971208,307,1,TRUE,1,3,"whole_coding_sequence",TRUE,FALSE
"CNA_event_000734","PASXLM","HOMDEL",734,"9",21784101,22031200,247100,3,3,"ENSE00003529527",21968232,21968242,21968232,21968242,11,1,TRUE,1,3,"whole_coding_sequence",TRUE,FALSE
"CNA_event_000735","PASRSE","HOMDEL",735,"9",21885601,21994300,108700,1,1,"ENSE00001833804",21974678,21974827,21974678,21974827,150,1,TRUE,1,3,"whole_coding_sequence",TRUE,FALSE
"CNA_event_000735","PASRSE","HOMDEL",735,"9",21885601,21994300,108700,2,2,"ENSE00003496053",21970902,21971208,21970902,21971208,307,1,TRUE,1,3,"whole_coding_sequence",TRUE,FALSE
"CNA_event_000735","PASRSE","HOMDEL",735,"9",21885601,21994300,108700,3,3,"ENSE00003529527",21968232,21968242,21968232,21968242,11,1,TRUE,1,3,"whole_coding_sequence",TRUE,FALSE
"CNA_event_000736","PASFLK","HOMDEL",736,"9",21200101,22496500,1296400,1,1,"ENSE00001833804",21974678,21974827,21974678,21974827,150,1,TRUE,1,3,"whole_coding_sequence",TRUE,FALSE
"CNA_event_000736","PASFLK","HOMDEL",736,"9",21200101,22496500,1296400,2,2,"ENSE00003496053",21970902,21971208,21970902,21971208,307,1,TRUE,1,3,"whole_coding_sequence",TRUE,FALSE
"CNA_event_000736","PASFLK","HOMDEL",736,"9",21200101,22496500,1296400,3,3,"ENSE00003529527",21968232,21968242,21968232,21968242,11,1,TRUE,1,3,"whole_coding_sequence",TRUE,FALSE
"CNA_event_000737","PARWMF","HOMDEL",737,"9",20793201,22175400,1382200,1,1,"ENSE00001833804",21974678,21974827,21974678,21974827,150,1,TRUE,1,3,"whole_coding_sequence",TRUE,FALSE
"CNA_event_000737","PARWMF","HOMDEL",737,"9",20793201,22175400,1382200,2,2,"ENSE00003496053",21970902,21971208,21970902,21971208,307,1,TRUE,1,3,"whole_coding_sequence",TRUE,FALSE
"CNA_event_000737","PARWMF","HOMDEL",737,"9",20793201,22175400,1382200,3,3,"ENSE00003529527",21968232,21968242,21968232,21968242,11,1,TRUE,1,3,"whole_coding_sequence",TRUE,FALSE
"CNA_event_000738","PAWJJC","HOMDEL",738,"9",21787901,23288300,1500400,1,1,"ENSE00001833804",21974678,21974827,21974678,21974827,150,1,TRUE,1,3,"whole_coding_sequence",TRUE,FALSE
"CNA_event_000738","PAWJJC","HOMDEL",738,"9",21787901,23288300,1500400,2,2,"ENSE00003496053",21970902,21971208,21970902,21971208,307,1,TRUE,1,3,"whole_coding_sequence",TRUE,FALSE
"CNA_event_000738","PAWJJC","HOMDEL",738,"9",21787901,23288300,1500400,3,3,"ENSE00003529527",21968232,21968242,21968232,21968242,11,1,TRUE,1,3,"whole_coding_sequence",TRUE,FALSE
"CNA_event_000740","PAVWHF","HOMDEL",740,"9",21967001,22046700,79700,1,1,"ENSE00001833804",21974678,21974827,21974678,21974827,150,1,TRUE,1,3,"whole_coding_sequence",TRUE,FALSE
"CNA_event_000740","PAVWHF","HOMDEL",740,"9",21967001,22046700,79700,2,2,"ENSE00003496053",21970902,21971208,21970902,21971208,307,1,TRUE,1,3,"whole_coding_sequence",TRUE,FALSE
"CNA_event_000740","PAVWHF","HOMDEL",740,"9",21967001,22046700,79700,3,3,"ENSE00003529527",21968232,21968242,21968232,21968242,11,1,TRUE,1,3,"whole_coding_sequence",TRUE,FALSE
"CNA_event_000741","PAVUGS","HOMDEL",741,"9",21842601,22369300,526700,1,1,"ENSE00001833804",21974678,21974827,21974678,21974827,150,1,TRUE,1,3,"whole_coding_sequence",TRUE,FALSE
"CNA_event_000741","PAVUGS","HOMDEL",741,"9",21842601,22369300,526700,2,2,"ENSE00003496053",21970902,21971208,21970902,21971208,307,1,TRUE,1,3,"whole_coding_sequence",TRUE,FALSE
"CNA_event_000741","PAVUGS","HOMDEL",741,"9",21842601,22369300,526700,3,3,"ENSE00003529527",21968232,21968242,21968232,21968242,11,1,TRUE,1,3,"whole_coding_sequence",TRUE,FALSE
"CNA_event_000743","PAVFLN","HOMDEL",743,"9",21827701,22008200,180500,1,1,"ENSE00001833804",21974678,21974827,21974678,21974827,150,1,TRUE,1,3,"whole_coding_sequence",TRUE,FALSE
"CNA_event_000743","PAVFLN","HOMDEL",743,"9",21827701,22008200,180500,2,2,"ENSE00003496053",21970902,21971208,21970902,21971208,307,1,TRUE,1,3,"whole_coding_sequence",TRUE,FALSE
"CNA_event_000743","PAVFLN","HOMDEL",743,"9",21827701,22008200,180500,3,3,"ENSE00003529527",21968232,21968242,21968232,21968242,11,1,TRUE,1,3,"whole_coding_sequence",TRUE,FALSE
"CNA_event_000744","PAVCMP","HOMDEL",744,"9",21827701,21978500,150800,1,1,"ENSE00001833804",21974678,21974827,21974678,21974827,150,1,TRUE,1,3,"whole_coding_sequence",TRUE,FALSE
"CNA_event_000744","PAVCMP","HOMDEL",744,"9",21827701,21978500,150800,2,2,"ENSE00003496053",21970902,21971208,21970902,21971208,307,1,TRUE,1,3,"whole_coding_sequence",TRUE,FALSE
"CNA_event_000744","PAVCMP","HOMDEL",744,"9",21827701,21978500,150800,3,3,"ENSE00003529527",21968232,21968242,21968232,21968242,11,1,TRUE,1,3,"whole_coding_sequence",TRUE,FALSE
"CNA_event_000745","PAUYPM","HOMDEL",745,"9",21749201,22496500,747300,1,1,"ENSE00001833804",21974678,21974827,21974678,21974827,150,1,TRUE,1,3,"whole_coding_sequence",TRUE,FALSE
"CNA_event_000745","PAUYPM","HOMDEL",745,"9",21749201,22496500,747300,2,2,"ENSE00003496053",21970902,21971208,21970902,21971208,307,1,TRUE,1,3,"whole_coding_sequence",TRUE,FALSE
"CNA_event_000745","PAUYPM","HOMDEL",745,"9",21749201,22496500,747300,3,3,"ENSE00003529527",21968232,21968242,21968232,21968242,11,1,TRUE,1,3,"whole_coding_sequence",TRUE,FALSE
"CNA_event_000746","PAULMW","HOMDEL",746,"9",21829901,22046500,216600,1,1,"ENSE00001833804",21974678,21974827,21974678,21974827,150,1,TRUE,1,3,"whole_coding_sequence",TRUE,FALSE
"CNA_event_000746","PAULMW","HOMDEL",746,"9",21829901,22046500,216600,2,2,"ENSE00003496053",21970902,21971208,21970902,21971208,307,1,TRUE,1,3,"whole_coding_sequence",TRUE,FALSE
"CNA_event_000746","PAULMW","HOMDEL",746,"9",21829901,22046500,216600,3,3,"ENSE00003529527",21968232,21968242,21968232,21968242,11,1,TRUE,1,3,"whole_coding_sequence",TRUE,FALSE
"CNA_event_000747","PAUKTD","HOMDEL",747,"9",21889601,22047500,157900,1,1,"ENSE00001833804",21974678,21974827,21974678,21974827,150,1,TRUE,1,3,"whole_coding_sequence",TRUE,FALSE
"CNA_event_000747","PAUKTD","HOMDEL",747,"9",21889601,22047500,157900,2,2,"ENSE00003496053",21970902,21971208,21970902,21971208,307,1,TRUE,1,3,"whole_coding_sequence",TRUE,FALSE
"CNA_event_000747","PAUKTD","HOMDEL",747,"9",21889601,22047500,157900,3,3,"ENSE00003529527",21968232,21968242,21968232,21968242,11,1,TRUE,1,3,"whole_coding_sequence",TRUE,FALSE
"CNA_event_000748","PAUGEP","HOMDEL",748,"9",21968001,21971000,3000,2,2,"ENSE00003496053",21970902,21971208,21970902,21971000,99,0.322475570032573,TRUE,0.235042735042735,2,"high_resolution_le_50pct",TRUE,TRUE
"CNA_event_000748","PAUGEP","HOMDEL",748,"9",21968001,21971000,3000,3,3,"ENSE00003529527",21968232,21968242,21968232,21968242,11,1,TRUE,0.235042735042735,2,"high_resolution_le_50pct",TRUE,TRUE
"CNA_event_000749","PAUGEJ","HOMDEL",749,"9",21937901,21971700,33800,2,2,"ENSE00003496053",21970902,21971208,21970902,21971208,307,1,TRUE,0.67948717948718,2,"moderate_resolution_50_75pct",TRUE,TRUE
"CNA_event_000749","PAUGEJ","HOMDEL",749,"9",21937901,21971700,33800,3,3,"ENSE00003529527",21968232,21968242,21968232,21968242,11,1,TRUE,0.67948717948718,2,"moderate_resolution_50_75pct",TRUE,TRUE
"CNA_event_000750","PAUGEJ","HOMDEL",750,"9",21972301,21993400,21100,1,1,"ENSE00001833804",21974678,21974827,21974678,21974827,150,1,TRUE,0.320512820512821,1,"high_resolution_le_50pct",TRUE,TRUE
"CNA_event_000751","PATZWA","HOMDEL",751,"9",21960901,22004600,43700,1,1,"ENSE00001833804",21974678,21974827,21974678,21974827,150,1,TRUE,1,3,"whole_coding_sequence",TRUE,FALSE
"CNA_event_000751","PATZWA","HOMDEL",751,"9",21960901,22004600,43700,2,2,"ENSE00003496053",21970902,21971208,21970902,21971208,307,1,TRUE,1,3,"whole_coding_sequence",TRUE,FALSE
"CNA_event_000751","PATZWA","HOMDEL",751,"9",21960901,22004600,43700,3,3,"ENSE00003529527",21968232,21968242,21968232,21968242,11,1,TRUE,1,3,"whole_coding_sequence",TRUE,FALSE
"CNA_event_000752","PAWIGC","HOMDEL",752,"9",21861701,22084600,222900,1,1,"ENSE00001833804",21974678,21974827,21974678,21974827,150,1,TRUE,1,3,"whole_coding_sequence",TRUE,FALSE
"CNA_event_000752","PAWIGC","HOMDEL",752,"9",21861701,22084600,222900,2,2,"ENSE00003496053",21970902,21971208,21970902,21971208,307,1,TRUE,1,3,"whole_coding_sequence",TRUE,FALSE
"CNA_event_000752","PAWIGC","HOMDEL",752,"9",21861701,22084600,222900,3,3,"ENSE00003529527",21968232,21968242,21968232,21968242,11,1,TRUE,1,3,"whole_coding_sequence",TRUE,FALSE
"CNA_event_000753","PAVPCB","HOMDEL",753,"9",21949201,22431600,482400,1,1,"ENSE00001833804",21974678,21974827,21974678,21974827,150,1,TRUE,1,3,"whole_coding_sequence",TRUE,FALSE
"CNA_event_000753","PAVPCB","HOMDEL",753,"9",21949201,22431600,482400,2,2,"ENSE00003496053",21970902,21971208,21970902,21971208,307,1,TRUE,1,3,"whole_coding_sequence",TRUE,FALSE
"CNA_event_000753","PAVPCB","HOMDEL",753,"9",21949201,22431600,482400,3,3,"ENSE00003529527",21968232,21968242,21968232,21968242,11,1,TRUE,1,3,"whole_coding_sequence",TRUE,FALSE
"CNA_event_000754","PAUSLR","HOMDEL",754,"9",21812401,22131500,319100,1,1,"ENSE00001833804",21974678,21974827,21974678,21974827,150,1,TRUE,1,3,"whole_coding_sequence",TRUE,FALSE
"CNA_event_000754","PAUSLR","HOMDEL",754,"9",21812401,22131500,319100,2,2,"ENSE00003496053",21970902,21971208,21970902,21971208,307,1,TRUE,1,3,"whole_coding_sequence",TRUE,FALSE
"CNA_event_000754","PAUSLR","HOMDEL",754,"9",21812401,22131500,319100,3,3,"ENSE00003529527",21968232,21968242,21968232,21968242,11,1,TRUE,1,3,"whole_coding_sequence",TRUE,FALSE
"CNA_event_000755","PAUMLX","HOMDEL",755,"9",21825501,21993800,168300,1,1,"ENSE00001833804",21974678,21974827,21974678,21974827,150,1,TRUE,1,3,"whole_coding_sequence",TRUE,FALSE
"CNA_event_000755","PAUMLX","HOMDEL",755,"9",21825501,21993800,168300,2,2,"ENSE00003496053",21970902,21971208,21970902,21971208,307,1,TRUE,1,3,"whole_coding_sequence",TRUE,FALSE
"CNA_event_000755","PAUMLX","HOMDEL",755,"9",21825501,21993800,168300,3,3,"ENSE00003529527",21968232,21968242,21968232,21968242,11,1,TRUE,1,3,"whole_coding_sequence",TRUE,FALSE
"CNA_event_000756","PASZGL","HOMDEL",756,"9",21454801,22200000,745200,1,1,"ENSE00001833804",21974678,21974827,21974678,21974827,150,1,TRUE,1,3,"whole_coding_sequence",TRUE,FALSE
"CNA_event_000756","PASZGL","HOMDEL",756,"9",21454801,22200000,745200,2,2,"ENSE00003496053",21970902,21971208,21970902,21971208,307,1,TRUE,1,3,"whole_coding_sequence",TRUE,FALSE
"CNA_event_000756","PASZGL","HOMDEL",756,"9",21454801,22200000,745200,3,3,"ENSE00003529527",21968232,21968242,21968232,21968242,11,1,TRUE,1,3,"whole_coding_sequence",TRUE,FALSE
"CNA_event_000757","PASKMG","HOMDEL",757,"9",21884201,22070700,186500,1,1,"ENSE00001833804",21974678,21974827,21974678,21974827,150,1,TRUE,1,3,"whole_coding_sequence",TRUE,FALSE
"CNA_event_000757","PASKMG","HOMDEL",757,"9",21884201,22070700,186500,2,2,"ENSE00003496053",21970902,21971208,21970902,21971208,307,1,TRUE,1,3,"whole_coding_sequence",TRUE,FALSE
"CNA_event_000757","PASKMG","HOMDEL",757,"9",21884201,22070700,186500,3,3,"ENSE00003529527",21968232,21968242,21968232,21968242,11,1,TRUE,1,3,"whole_coding_sequence",TRUE,FALSE
"CNA_event_000758","PARXYI","HOMDEL",758,"9",20253901,22849600,2595700,1,1,"ENSE00001833804",21974678,21974827,21974678,21974827,150,1,TRUE,1,3,"whole_coding_sequence",TRUE,FALSE
"CNA_event_000758","PARXYI","HOMDEL",758,"9",20253901,22849600,2595700,2,2,"ENSE00003496053",21970902,21971208,21970902,21971208,307,1,TRUE,1,3,"whole_coding_sequence",TRUE,FALSE
"CNA_event_000758","PARXYI","HOMDEL",758,"9",20253901,22849600,2595700,3,3,"ENSE00003529527",21968232,21968242,21968232,21968242,11,1,TRUE,1,3,"whole_coding_sequence",TRUE,FALSE
"CNA_event_000759","PARXPK","HOMDEL",759,"9",20957801,22343800,1386000,1,1,"ENSE00001833804",21974678,21974827,21974678,21974827,150,1,TRUE,1,3,"whole_coding_sequence",TRUE,FALSE
"CNA_event_000759","PARXPK","HOMDEL",759,"9",20957801,22343800,1386000,2,2,"ENSE00003496053",21970902,21971208,21970902,21971208,307,1,TRUE,1,3,"whole_coding_sequence",TRUE,FALSE
"CNA_event_000759","PARXPK","HOMDEL",759,"9",20957801,22343800,1386000,3,3,"ENSE00003529527",21968232,21968242,21968232,21968242,11,1,TRUE,1,3,"whole_coding_sequence",TRUE,FALSE
"CNA_event_000760","PARSJG","HOMDEL",760,"9",21937901,21994200,56300,1,1,"ENSE00001833804",21974678,21974827,21974678,21974827,150,1,TRUE,1,3,"whole_coding_sequence",TRUE,FALSE
"CNA_event_000760","PARSJG","HOMDEL",760,"9",21937901,21994200,56300,2,2,"ENSE00003496053",21970902,21971208,21970902,21971208,307,1,TRUE,1,3,"whole_coding_sequence",TRUE,FALSE
"CNA_event_000760","PARSJG","HOMDEL",760,"9",21937901,21994200,56300,3,3,"ENSE00003529527",21968232,21968242,21968232,21968242,11,1,TRUE,1,3,"whole_coding_sequence",TRUE,FALSE
"CNA_event_000761","PARFME","HOMDEL",761,"9",21893901,21992800,98900,1,1,"ENSE00001833804",21974678,21974827,21974678,21974827,150,1,TRUE,1,3,"whole_coding_sequence",TRUE,FALSE
"CNA_event_000761","PARFME","HOMDEL",761,"9",21893901,21992800,98900,2,2,"ENSE00003496053",21970902,21971208,21970902,21971208,307,1,TRUE,1,3,"whole_coding_sequence",TRUE,FALSE
"CNA_event_000761","PARFME","HOMDEL",761,"9",21893901,21992800,98900,3,3,"ENSE00003529527",21968232,21968242,21968232,21968242,11,1,TRUE,1,3,"whole_coding_sequence",TRUE,FALSE
"CNA_event_000762","PAWKZT","HETDEL",762,"9",21882036,22370720,488685,1,1,"ENSE00001833804",21974678,21974827,21974678,21974827,150,1,TRUE,1,3,"whole_coding_sequence",TRUE,FALSE
"CNA_event_000762","PAWKZT","HETDEL",762,"9",21882036,22370720,488685,2,2,"ENSE00003496053",21970902,21971208,21970902,21971208,307,1,TRUE,1,3,"whole_coding_sequence",TRUE,FALSE
"CNA_event_000762","PAWKZT","HETDEL",762,"9",21882036,22370720,488685,3,3,"ENSE00003529527",21968232,21968242,21968232,21968242,11,1,TRUE,1,3,"whole_coding_sequence",TRUE,FALSE
"CNA_event_000763","PAVNTB","HETDEL",763,"9",21892701,21993200,100500,1,1,"ENSE00001833804",21974678,21974827,21974678,21974827,150,1,TRUE,1,3,"whole_coding_sequence",TRUE,FALSE
"CNA_event_000763","PAVNTB","HETDEL",763,"9",21892701,21993200,100500,2,2,"ENSE00003496053",21970902,21971208,21970902,21971208,307,1,TRUE,1,3,"whole_coding_sequence",TRUE,FALSE
"CNA_event_000763","PAVNTB","HETDEL",763,"9",21892701,21993200,100500,3,3,"ENSE00003529527",21968232,21968242,21968232,21968242,11,1,TRUE,1,3,"whole_coding_sequence",TRUE,FALSE
"CNA_event_000764","PAVCWG","HETDEL",764,"9",10101,42394900,42384800,1,1,"ENSE00001833804",21974678,21974827,21974678,21974827,150,1,TRUE,1,3,"whole_coding_sequence",TRUE,FALSE
"CNA_event_000764","PAVCWG","HETDEL",764,"9",10101,42394900,42384800,2,2,"ENSE00003496053",21970902,21971208,21970902,21971208,307,1,TRUE,1,3,"whole_coding_sequence",TRUE,FALSE
"CNA_event_000764","PAVCWG","HETDEL",764,"9",10101,42394900,42384800,3,3,"ENSE00003529527",21968232,21968242,21968232,21968242,11,1,TRUE,1,3,"whole_coding_sequence",TRUE,FALSE
"CNA_event_000765","PAVCEA","HETDEL",765,"9",21968311,22124599,156289,1,1,"ENSE00001833804",21974678,21974827,21974678,21974827,150,1,TRUE,0.976495726495726,2,"very_low_resolution_90_lt_100pct",TRUE,TRUE
"CNA_event_000765","PAVCEA","HETDEL",765,"9",21968311,22124599,156289,2,2,"ENSE00003496053",21970902,21971208,21970902,21971208,307,1,TRUE,0.976495726495726,2,"very_low_resolution_90_lt_100pct",TRUE,TRUE
"CNA_event_000768","PASRKS","HETDEL",768,"9",21907301,22146600,239300,1,1,"ENSE00001833804",21974678,21974827,21974678,21974827,150,1,TRUE,1,3,"whole_coding_sequence",TRUE,FALSE
"CNA_event_000768","PASRKS","HETDEL",768,"9",21907301,22146600,239300,2,2,"ENSE00003496053",21970902,21971208,21970902,21971208,307,1,TRUE,1,3,"whole_coding_sequence",TRUE,FALSE
"CNA_event_000768","PASRKS","HETDEL",768,"9",21907301,22146600,239300,3,3,"ENSE00003529527",21968232,21968242,21968232,21968242,11,1,TRUE,1,3,"whole_coding_sequence",TRUE,FALSE
"CNA_event_000772","PAWEUB","HETDEL",772,"9",21715101,22097700,382600,1,1,"ENSE00001833804",21974678,21974827,21974678,21974827,150,1,TRUE,1,3,"whole_coding_sequence",TRUE,FALSE
"CNA_event_000772","PAWEUB","HETDEL",772,"9",21715101,22097700,382600,2,2,"ENSE00003496053",21970902,21971208,21970902,21971208,307,1,TRUE,1,3,"whole_coding_sequence",TRUE,FALSE
"CNA_event_000772","PAWEUB","HETDEL",772,"9",21715101,22097700,382600,3,3,"ENSE00003529527",21968232,21968242,21968232,21968242,11,1,TRUE,1,3,"whole_coding_sequence",TRUE,FALSE
"CNA_event_000773","PAWEKT","HETDEL",773,"9",21958501,22388100,429600,1,1,"ENSE00001833804",21974678,21974827,21974678,21974827,150,1,TRUE,1,3,"whole_coding_sequence",TRUE,FALSE
"CNA_event_000773","PAWEKT","HETDEL",773,"9",21958501,22388100,429600,2,2,"ENSE00003496053",21970902,21971208,21970902,21971208,307,1,TRUE,1,3,"whole_coding_sequence",TRUE,FALSE
"CNA_event_000773","PAWEKT","HETDEL",773,"9",21958501,22388100,429600,3,3,"ENSE00003529527",21968232,21968242,21968232,21968242,11,1,TRUE,1,3,"whole_coding_sequence",TRUE,FALSE
"CNA_event_000774","PAWEKR","HETDEL",774,"9",21676701,23264700,1588000,1,1,"ENSE00001833804",21974678,21974827,21974678,21974827,150,1,TRUE,1,3,"whole_coding_sequence",TRUE,FALSE
"CNA_event_000774","PAWEKR","HETDEL",774,"9",21676701,23264700,1588000,2,2,"ENSE00003496053",21970902,21971208,21970902,21971208,307,1,TRUE,1,3,"whole_coding_sequence",TRUE,FALSE
"CNA_event_000774","PAWEKR","HETDEL",774,"9",21676701,23264700,1588000,3,3,"ENSE00003529527",21968232,21968242,21968232,21968242,11,1,TRUE,1,3,"whole_coding_sequence",TRUE,FALSE
"CNA_event_000775","PAWEIP","HETDEL",775,"9",21704001,22298100,594100,1,1,"ENSE00001833804",21974678,21974827,21974678,21974827,150,1,TRUE,1,3,"whole_coding_sequence",TRUE,FALSE
"CNA_event_000775","PAWEIP","HETDEL",775,"9",21704001,22298100,594100,2,2,"ENSE00003496053",21970902,21971208,21970902,21971208,307,1,TRUE,1,3,"whole_coding_sequence",TRUE,FALSE
"CNA_event_000775","PAWEIP","HETDEL",775,"9",21704001,22298100,594100,3,3,"ENSE00003529527",21968232,21968242,21968232,21968242,11,1,TRUE,1,3,"whole_coding_sequence",TRUE,FALSE
"CNA_event_000776","PAWAFV","HETDEL",776,"9",21929001,22394700,465700,1,1,"ENSE00001833804",21974678,21974827,21974678,21974827,150,1,TRUE,1,3,"whole_coding_sequence",TRUE,FALSE
"CNA_event_000776","PAWAFV","HETDEL",776,"9",21929001,22394700,465700,2,2,"ENSE00003496053",21970902,21971208,21970902,21971208,307,1,TRUE,1,3,"whole_coding_sequence",TRUE,FALSE
"CNA_event_000776","PAWAFV","HETDEL",776,"9",21929001,22394700,465700,3,3,"ENSE00003529527",21968232,21968242,21968232,21968242,11,1,TRUE,1,3,"whole_coding_sequence",TRUE,FALSE
"CNA_event_000778","PAVUTN","HETDEL",778,"9",21954301,22575700,621400,1,1,"ENSE00001833804",21974678,21974827,21974678,21974827,150,1,TRUE,1,3,"whole_coding_sequence",TRUE,FALSE
"CNA_event_000778","PAVUTN","HETDEL",778,"9",21954301,22575700,621400,2,2,"ENSE00003496053",21970902,21971208,21970902,21971208,307,1,TRUE,1,3,"whole_coding_sequence",TRUE,FALSE
"CNA_event_000778","PAVUTN","HETDEL",778,"9",21954301,22575700,621400,3,3,"ENSE00003529527",21968232,21968242,21968232,21968242,11,1,TRUE,1,3,"whole_coding_sequence",TRUE,FALSE
"CNA_event_000779","PAVSZJ","HETDEL",779,"9",21872101,21969800,97700,3,3,"ENSE00003529527",21968232,21968242,21968232,21968242,11,1,TRUE,0.0235042735042735,1,"high_resolution_le_50pct",TRUE,TRUE
"CNA_event_000780","PAVSZJ","HETDEL",780,"9",21969801,21973600,3800,2,2,"ENSE00003496053",21970902,21971208,21970902,21971208,307,1,TRUE,0.655982905982906,1,"moderate_resolution_50_75pct",TRUE,TRUE
"CNA_event_000781","PAURVF","HETDEL",781,"9",20348701,21979400,1630700,1,1,"ENSE00001833804",21974678,21974827,21974678,21974827,150,1,TRUE,1,3,"whole_coding_sequence",TRUE,FALSE
"CNA_event_000781","PAURVF","HETDEL",781,"9",20348701,21979400,1630700,2,2,"ENSE00003496053",21970902,21971208,21970902,21971208,307,1,TRUE,1,3,"whole_coding_sequence",TRUE,FALSE
"CNA_event_000781","PAURVF","HETDEL",781,"9",20348701,21979400,1630700,3,3,"ENSE00003529527",21968232,21968242,21968232,21968242,11,1,TRUE,1,3,"whole_coding_sequence",TRUE,FALSE
"CNA_event_000782","PAURPE","HETDEL",782,"9",21825001,22496500,671500,1,1,"ENSE00001833804",21974678,21974827,21974678,21974827,150,1,TRUE,1,3,"whole_coding_sequence",TRUE,FALSE
"CNA_event_000782","PAURPE","HETDEL",782,"9",21825001,22496500,671500,2,2,"ENSE00003496053",21970902,21971208,21970902,21971208,307,1,TRUE,1,3,"whole_coding_sequence",TRUE,FALSE
"CNA_event_000782","PAURPE","HETDEL",782,"9",21825001,22496500,671500,3,3,"ENSE00003529527",21968232,21968242,21968232,21968242,11,1,TRUE,1,3,"whole_coding_sequence",TRUE,FALSE
"CNA_event_000783","PAURLR","HETDEL",783,"9",21479301,22669700,1190400,1,1,"ENSE00001833804",21974678,21974827,21974678,21974827,150,1,TRUE,1,3,"whole_coding_sequence",TRUE,FALSE
"CNA_event_000783","PAURLR","HETDEL",783,"9",21479301,22669700,1190400,2,2,"ENSE00003496053",21970902,21971208,21970902,21971208,307,1,TRUE,1,3,"whole_coding_sequence",TRUE,FALSE
"CNA_event_000783","PAURLR","HETDEL",783,"9",21479301,22669700,1190400,3,3,"ENSE00003529527",21968232,21968242,21968232,21968242,11,1,TRUE,1,3,"whole_coding_sequence",TRUE,FALSE
"CNA_event_000784","PAUPEZ","HETDEL",784,"9",21709001,23249500,1540500,1,1,"ENSE00001833804",21974678,21974827,21974678,21974827,150,1,TRUE,1,3,"whole_coding_sequence",TRUE,FALSE
"CNA_event_000784","PAUPEZ","HETDEL",784,"9",21709001,23249500,1540500,2,2,"ENSE00003496053",21970902,21971208,21970902,21971208,307,1,TRUE,1,3,"whole_coding_sequence",TRUE,FALSE
"CNA_event_000784","PAUPEZ","HETDEL",784,"9",21709001,23249500,1540500,3,3,"ENSE00003529527",21968232,21968242,21968232,21968242,11,1,TRUE,1,3,"whole_coding_sequence",TRUE,FALSE
"CNA_event_000785","PAUJNY","HETDEL",785,"9",21880601,21989000,108400,1,1,"ENSE00001833804",21974678,21974827,21974678,21974827,150,1,TRUE,1,3,"whole_coding_sequence",TRUE,FALSE
"CNA_event_000785","PAUJNY","HETDEL",785,"9",21880601,21989000,108400,2,2,"ENSE00003496053",21970902,21971208,21970902,21971208,307,1,TRUE,1,3,"whole_coding_sequence",TRUE,FALSE
"CNA_event_000785","PAUJNY","HETDEL",785,"9",21880601,21989000,108400,3,3,"ENSE00003529527",21968232,21968242,21968232,21968242,11,1,TRUE,1,3,"whole_coding_sequence",TRUE,FALSE
"CNA_event_000787","PAUDUS","HETDEL",787,"9",21771901,22332500,560600,1,1,"ENSE00001833804",21974678,21974827,21974678,21974827,150,1,TRUE,1,3,"whole_coding_sequence",TRUE,FALSE
"CNA_event_000787","PAUDUS","HETDEL",787,"9",21771901,22332500,560600,2,2,"ENSE00003496053",21970902,21971208,21970902,21971208,307,1,TRUE,1,3,"whole_coding_sequence",TRUE,FALSE
"CNA_event_000787","PAUDUS","HETDEL",787,"9",21771901,22332500,560600,3,3,"ENSE00003529527",21968232,21968242,21968232,21968242,11,1,TRUE,1,3,"whole_coding_sequence",TRUE,FALSE
"CNA_event_000788","PAUDBF","HETDEL",788,"9",20972501,22496500,1524000,1,1,"ENSE00001833804",21974678,21974827,21974678,21974827,150,1,TRUE,1,3,"whole_coding_sequence",TRUE,FALSE
"CNA_event_000788","PAUDBF","HETDEL",788,"9",20972501,22496500,1524000,2,2,"ENSE00003496053",21970902,21971208,21970902,21971208,307,1,TRUE,1,3,"whole_coding_sequence",TRUE,FALSE
"CNA_event_000788","PAUDBF","HETDEL",788,"9",20972501,22496500,1524000,3,3,"ENSE00003529527",21968232,21968242,21968232,21968242,11,1,TRUE,1,3,"whole_coding_sequence",TRUE,FALSE
"CNA_event_000789","PAUBBN","HETDEL",789,"9",21940201,22007400,67200,1,1,"ENSE00001833804",21974678,21974827,21974678,21974827,150,1,TRUE,1,3,"whole_coding_sequence",TRUE,FALSE
"CNA_event_000789","PAUBBN","HETDEL",789,"9",21940201,22007400,67200,2,2,"ENSE00003496053",21970902,21971208,21970902,21971208,307,1,TRUE,1,3,"whole_coding_sequence",TRUE,FALSE
"CNA_event_000789","PAUBBN","HETDEL",789,"9",21940201,22007400,67200,3,3,"ENSE00003529527",21968232,21968242,21968232,21968242,11,1,TRUE,1,3,"whole_coding_sequence",TRUE,FALSE
"CNA_event_000790","PATXTA","HETDEL",790,"9",21216001,22239900,1023900,1,1,"ENSE00001833804",21974678,21974827,21974678,21974827,150,1,TRUE,1,3,"whole_coding_sequence",TRUE,FALSE
"CNA_event_000790","PATXTA","HETDEL",790,"9",21216001,22239900,1023900,2,2,"ENSE00003496053",21970902,21971208,21970902,21971208,307,1,TRUE,1,3,"whole_coding_sequence",TRUE,FALSE
"CNA_event_000790","PATXTA","HETDEL",790,"9",21216001,22239900,1023900,3,3,"ENSE00003529527",21968232,21968242,21968232,21968242,11,1,TRUE,1,3,"whole_coding_sequence",TRUE,FALSE
"CNA_event_000791","PATWIE","HETDEL",791,"9",21946701,22285400,338700,1,1,"ENSE00001833804",21974678,21974827,21974678,21974827,150,1,TRUE,1,3,"whole_coding_sequence",TRUE,FALSE
"CNA_event_000791","PATWIE","HETDEL",791,"9",21946701,22285400,338700,2,2,"ENSE00003496053",21970902,21971208,21970902,21971208,307,1,TRUE,1,3,"whole_coding_sequence",TRUE,FALSE
"CNA_event_000791","PATWIE","HETDEL",791,"9",21946701,22285400,338700,3,3,"ENSE00003529527",21968232,21968242,21968232,21968242,11,1,TRUE,1,3,"whole_coding_sequence",TRUE,FALSE
"CNA_event_000792","PATTJY","HETDEL",792,"9",19441501,22495900,3054400,1,1,"ENSE00001833804",21974678,21974827,21974678,21974827,150,1,TRUE,1,3,"whole_coding_sequence",TRUE,FALSE
"CNA_event_000792","PATTJY","HETDEL",792,"9",19441501,22495900,3054400,2,2,"ENSE00003496053",21970902,21971208,21970902,21971208,307,1,TRUE,1,3,"whole_coding_sequence",TRUE,FALSE
"CNA_event_000792","PATTJY","HETDEL",792,"9",19441501,22495900,3054400,3,3,"ENSE00003529527",21968232,21968242,21968232,21968242,11,1,TRUE,1,3,"whole_coding_sequence",TRUE,FALSE
"CNA_event_000793","PATSCP","HETDEL",793,"9",20572501,21985000,1412500,1,1,"ENSE00001833804",21974678,21974827,21974678,21974827,150,1,TRUE,1,3,"whole_coding_sequence",TRUE,FALSE
"CNA_event_000793","PATSCP","HETDEL",793,"9",20572501,21985000,1412500,2,2,"ENSE00003496053",21970902,21971208,21970902,21971208,307,1,TRUE,1,3,"whole_coding_sequence",TRUE,FALSE
"CNA_event_000793","PATSCP","HETDEL",793,"9",20572501,21985000,1412500,3,3,"ENSE00003529527",21968232,21968242,21968232,21968242,11,1,TRUE,1,3,"whole_coding_sequence",TRUE,FALSE
"CNA_event_000795","PATJBC","HETDEL",795,"9",21800301,21969900,169600,3,3,"ENSE00003529527",21968232,21968242,21968232,21968242,11,1,TRUE,0.0235042735042735,1,"high_resolution_le_50pct",TRUE,TRUE
"CNA_event_000796","PATHSJ","HETDEL",796,"9",21413201,24477600,3064400,1,1,"ENSE00001833804",21974678,21974827,21974678,21974827,150,1,TRUE,1,3,"whole_coding_sequence",TRUE,FALSE
"CNA_event_000796","PATHSJ","HETDEL",796,"9",21413201,24477600,3064400,2,2,"ENSE00003496053",21970902,21971208,21970902,21971208,307,1,TRUE,1,3,"whole_coding_sequence",TRUE,FALSE
"CNA_event_000796","PATHSJ","HETDEL",796,"9",21413201,24477600,3064400,3,3,"ENSE00003529527",21968232,21968242,21968232,21968242,11,1,TRUE,1,3,"whole_coding_sequence",TRUE,FALSE
"CNA_event_000797","PATGVX","HETDEL",797,"9",21926901,21982900,56000,1,1,"ENSE00001833804",21974678,21974827,21974678,21974827,150,1,TRUE,1,3,"whole_coding_sequence",TRUE,FALSE
"CNA_event_000797","PATGVX","HETDEL",797,"9",21926901,21982900,56000,2,2,"ENSE00003496053",21970902,21971208,21970902,21971208,307,1,TRUE,1,3,"whole_coding_sequence",TRUE,FALSE
"CNA_event_000797","PATGVX","HETDEL",797,"9",21926901,21982900,56000,3,3,"ENSE00003529527",21968232,21968242,21968232,21968242,11,1,TRUE,1,3,"whole_coding_sequence",TRUE,FALSE
"CNA_event_000799","PASXLT","HETDEL",799,"9",21672701,21984900,312200,1,1,"ENSE00001833804",21974678,21974827,21974678,21974827,150,1,TRUE,1,3,"whole_coding_sequence",TRUE,FALSE
"CNA_event_000799","PASXLT","HETDEL",799,"9",21672701,21984900,312200,2,2,"ENSE00003496053",21970902,21971208,21970902,21971208,307,1,TRUE,1,3,"whole_coding_sequence",TRUE,FALSE
"CNA_event_000799","PASXLT","HETDEL",799,"9",21672701,21984900,312200,3,3,"ENSE00003529527",21968232,21968242,21968232,21968242,11,1,TRUE,1,3,"whole_coding_sequence",TRUE,FALSE
"CNA_event_000800","PASXFB","HETDEL",800,"9",21958701,21993100,34400,1,1,"ENSE00001833804",21974678,21974827,21974678,21974827,150,1,TRUE,1,3,"whole_coding_sequence",TRUE,FALSE
"CNA_event_000800","PASXFB","HETDEL",800,"9",21958701,21993100,34400,2,2,"ENSE00003496053",21970902,21971208,21970902,21971208,307,1,TRUE,1,3,"whole_coding_sequence",TRUE,FALSE
"CNA_event_000800","PASXFB","HETDEL",800,"9",21958701,21993100,34400,3,3,"ENSE00003529527",21968232,21968242,21968232,21968242,11,1,TRUE,1,3,"whole_coding_sequence",TRUE,FALSE
"CNA_event_000803","PASSGL","HETDEL",803,"9",21910301,21992800,82500,1,1,"ENSE00001833804",21974678,21974827,21974678,21974827,150,1,TRUE,1,3,"whole_coding_sequence",TRUE,FALSE
"CNA_event_000803","PASSGL","HETDEL",803,"9",21910301,21992800,82500,2,2,"ENSE00003496053",21970902,21971208,21970902,21971208,307,1,TRUE,1,3,"whole_coding_sequence",TRUE,FALSE
"CNA_event_000803","PASSGL","HETDEL",803,"9",21910301,21992800,82500,3,3,"ENSE00003529527",21968232,21968242,21968232,21968242,11,1,TRUE,1,3,"whole_coding_sequence",TRUE,FALSE
"CNA_event_000804","PASPPN","HETDEL",804,"9",21049701,22496600,1446900,1,1,"ENSE00001833804",21974678,21974827,21974678,21974827,150,1,TRUE,1,3,"whole_coding_sequence",TRUE,FALSE
"CNA_event_000804","PASPPN","HETDEL",804,"9",21049701,22496600,1446900,2,2,"ENSE00003496053",21970902,21971208,21970902,21971208,307,1,TRUE,1,3,"whole_coding_sequence",TRUE,FALSE
"CNA_event_000804","PASPPN","HETDEL",804,"9",21049701,22496600,1446900,3,3,"ENSE00003529527",21968232,21968242,21968232,21968242,11,1,TRUE,1,3,"whole_coding_sequence",TRUE,FALSE
"CNA_event_000806","PASGSR","HETDEL",806,"9",21860801,22261100,400300,1,1,"ENSE00001833804",21974678,21974827,21974678,21974827,150,1,TRUE,1,3,"whole_coding_sequence",TRUE,FALSE
"CNA_event_000806","PASGSR","HETDEL",806,"9",21860801,22261100,400300,2,2,"ENSE00003496053",21970902,21971208,21970902,21971208,307,1,TRUE,1,3,"whole_coding_sequence",TRUE,FALSE
"CNA_event_000806","PASGSR","HETDEL",806,"9",21860801,22261100,400300,3,3,"ENSE00003529527",21968232,21968242,21968232,21968242,11,1,TRUE,1,3,"whole_coding_sequence",TRUE,FALSE
"CNA_event_000807","PARPYK","HETDEL",807,"9",21850701,22751700,901000,1,1,"ENSE00001833804",21974678,21974827,21974678,21974827,150,1,TRUE,1,3,"whole_coding_sequence",TRUE,FALSE
"CNA_event_000807","PARPYK","HETDEL",807,"9",21850701,22751700,901000,2,2,"ENSE00003496053",21970902,21971208,21970902,21971208,307,1,TRUE,1,3,"whole_coding_sequence",TRUE,FALSE
"CNA_event_000807","PARPYK","HETDEL",807,"9",21850701,22751700,901000,3,3,"ENSE00003529527",21968232,21968242,21968232,21968242,11,1,TRUE,1,3,"whole_coding_sequence",TRUE,FALSE
"CNA_event_000809","PARIYD","HETDEL",809,"9",21073701,21973000,899300,2,2,"ENSE00003496053",21970902,21971208,21970902,21971208,307,1,TRUE,0.67948717948718,2,"moderate_resolution_50_75pct",TRUE,TRUE
"CNA_event_000809","PARIYD","HETDEL",809,"9",21073701,21973000,899300,3,3,"ENSE00003529527",21968232,21968242,21968232,21968242,11,1,TRUE,0.67948717948718,2,"moderate_resolution_50_75pct",TRUE,TRUE
"CNA_event_000810","PARIHY","HETDEL",810,"9",21668201,22312900,644700,1,1,"ENSE00001833804",21974678,21974827,21974678,21974827,150,1,TRUE,1,3,"whole_coding_sequence",TRUE,FALSE
"CNA_event_000810","PARIHY","HETDEL",810,"9",21668201,22312900,644700,2,2,"ENSE00003496053",21970902,21971208,21970902,21971208,307,1,TRUE,1,3,"whole_coding_sequence",TRUE,FALSE
"CNA_event_000810","PARIHY","HETDEL",810,"9",21668201,22312900,644700,3,3,"ENSE00003529527",21968232,21968242,21968232,21968242,11,1,TRUE,1,3,"whole_coding_sequence",TRUE,FALSE
"CNA_event_000811","PARHPU","HETDEL",811,"9",20718301,21973600,1255300,2,2,"ENSE00003496053",21970902,21971208,21970902,21971208,307,1,TRUE,0.67948717948718,2,"moderate_resolution_50_75pct",TRUE,TRUE
"CNA_event_000811","PARHPU","HETDEL",811,"9",20718301,21973600,1255300,3,3,"ENSE00003529527",21968232,21968242,21968232,21968242,11,1,TRUE,0.67948717948718,2,"moderate_resolution_50_75pct",TRUE,TRUE
"CNA_event_000812","PARGPS","HETDEL",812,"9",21904601,22657700,753100,1,1,"ENSE00001833804",21974678,21974827,21974678,21974827,150,1,TRUE,1,3,"whole_coding_sequence",TRUE,FALSE
"CNA_event_000812","PARGPS","HETDEL",812,"9",21904601,22657700,753100,2,2,"ENSE00003496053",21970902,21971208,21970902,21971208,307,1,TRUE,1,3,"whole_coding_sequence",TRUE,FALSE
"CNA_event_000812","PARGPS","HETDEL",812,"9",21904601,22657700,753100,3,3,"ENSE00003529527",21968232,21968242,21968232,21968242,11,1,TRUE,1,3,"whole_coding_sequence",TRUE,FALSE
"CNA_event_000815","PAWEEC","HETDEL",815,"9",21773401,22218500,445100,1,1,"ENSE00001833804",21974678,21974827,21974678,21974827,150,1,TRUE,1,3,"whole_coding_sequence",TRUE,FALSE
"CNA_event_000815","PAWEEC","HETDEL",815,"9",21773401,22218500,445100,2,2,"ENSE00003496053",21970902,21971208,21970902,21971208,307,1,TRUE,1,3,"whole_coding_sequence",TRUE,FALSE
"CNA_event_000815","PAWEEC","HETDEL",815,"9",21773401,22218500,445100,3,3,"ENSE00003529527",21968232,21968242,21968232,21968242,11,1,TRUE,1,3,"whole_coding_sequence",TRUE,FALSE
"CNA_event_000816","PAVXGM","HETDEL",816,"9",21687501,22134000,446500,1,1,"ENSE00001833804",21974678,21974827,21974678,21974827,150,1,TRUE,1,3,"whole_coding_sequence",TRUE,FALSE
"CNA_event_000816","PAVXGM","HETDEL",816,"9",21687501,22134000,446500,2,2,"ENSE00003496053",21970902,21971208,21970902,21971208,307,1,TRUE,1,3,"whole_coding_sequence",TRUE,FALSE
"CNA_event_000816","PAVXGM","HETDEL",816,"9",21687501,22134000,446500,3,3,"ENSE00003529527",21968232,21968242,21968232,21968242,11,1,TRUE,1,3,"whole_coding_sequence",TRUE,FALSE
"CNA_event_000817","PAVWUJ","HETDEL",817,"9",21909801,22020800,111000,1,1,"ENSE00001833804",21974678,21974827,21974678,21974827,150,1,TRUE,1,3,"whole_coding_sequence",TRUE,FALSE
"CNA_event_000817","PAVWUJ","HETDEL",817,"9",21909801,22020800,111000,2,2,"ENSE00003496053",21970902,21971208,21970902,21971208,307,1,TRUE,1,3,"whole_coding_sequence",TRUE,FALSE
"CNA_event_000817","PAVWUJ","HETDEL",817,"9",21909801,22020800,111000,3,3,"ENSE00003529527",21968232,21968242,21968232,21968242,11,1,TRUE,1,3,"whole_coding_sequence",TRUE,FALSE
"CNA_event_000818","PAVESV","HETDEL",818,"9",21647701,21971600,323900,2,2,"ENSE00003496053",21970902,21971208,21970902,21971208,307,1,TRUE,0.67948717948718,2,"moderate_resolution_50_75pct",TRUE,TRUE
"CNA_event_000818","PAVESV","HETDEL",818,"9",21647701,21971600,323900,3,3,"ENSE00003529527",21968232,21968242,21968232,21968242,11,1,TRUE,0.67948717948718,2,"moderate_resolution_50_75pct",TRUE,TRUE
"CNA_event_000819","PAUPHP","HETDEL",819,"9",17407001,21973600,4566600,2,2,"ENSE00003496053",21970902,21971208,21970902,21971208,307,1,TRUE,0.67948717948718,2,"moderate_resolution_50_75pct",TRUE,TRUE
"CNA_event_000819","PAUPHP","HETDEL",819,"9",17407001,21973600,4566600,3,3,"ENSE00003529527",21968232,21968242,21968232,21968242,11,1,TRUE,0.67948717948718,2,"moderate_resolution_50_75pct",TRUE,TRUE
"CNA_event_000820","PATZVD","HETDEL",820,"9",21341001,22347100,1006100,1,1,"ENSE00001833804",21974678,21974827,21974678,21974827,150,1,TRUE,1,3,"whole_coding_sequence",TRUE,FALSE
"CNA_event_000820","PATZVD","HETDEL",820,"9",21341001,22347100,1006100,2,2,"ENSE00003496053",21970902,21971208,21970902,21971208,307,1,TRUE,1,3,"whole_coding_sequence",TRUE,FALSE
"CNA_event_000820","PATZVD","HETDEL",820,"9",21341001,22347100,1006100,3,3,"ENSE00003529527",21968232,21968242,21968232,21968242,11,1,TRUE,1,3,"whole_coding_sequence",TRUE,FALSE
"CNA_event_000824","PAWKZZ","HETDEL",824,"9",21336801,27558100,6221300,1,1,"ENSE00001833804",21974678,21974827,21974678,21974827,150,1,TRUE,1,3,"whole_coding_sequence",TRUE,FALSE
"CNA_event_000824","PAWKZZ","HETDEL",824,"9",21336801,27558100,6221300,2,2,"ENSE00003496053",21970902,21971208,21970902,21971208,307,1,TRUE,1,3,"whole_coding_sequence",TRUE,FALSE
"CNA_event_000824","PAWKZZ","HETDEL",824,"9",21336801,27558100,6221300,3,3,"ENSE00003529527",21968232,21968242,21968232,21968242,11,1,TRUE,1,3,"whole_coding_sequence",TRUE,FALSE
"CNA_event_000827","PAWJVJ","HETDEL",827,"9",21960901,21970400,9500,3,3,"ENSE00003529527",21968232,21968242,21968232,21968242,11,1,TRUE,0.0235042735042735,1,"high_resolution_le_50pct",TRUE,TRUE
"CNA_event_000828","PAWJVJ","HETDEL",828,"9",21970401,21971500,1100,2,2,"ENSE00003496053",21970902,21971208,21970902,21971208,307,1,TRUE,0.655982905982906,1,"moderate_resolution_50_75pct",TRUE,TRUE
"CNA_event_000830","PAWAMT","HETDEL",830,"9",21973101,22496500,523400,1,1,"ENSE00001833804",21974678,21974827,21974678,21974827,150,1,TRUE,0.320512820512821,1,"high_resolution_le_50pct",TRUE,TRUE
"CNA_event_000833","PAVFDF","HETDEL",833,"9",10101,21994900,21984800,1,1,"ENSE00001833804",21974678,21974827,21974678,21974827,150,1,TRUE,1,3,"whole_coding_sequence",TRUE,FALSE
"CNA_event_000833","PAVFDF","HETDEL",833,"9",10101,21994900,21984800,2,2,"ENSE00003496053",21970902,21971208,21970902,21971208,307,1,TRUE,1,3,"whole_coding_sequence",TRUE,FALSE
"CNA_event_000833","PAVFDF","HETDEL",833,"9",10101,21994900,21984800,3,3,"ENSE00003529527",21968232,21968242,21968232,21968242,11,1,TRUE,1,3,"whole_coding_sequence",TRUE,FALSE
"CNA_event_000834","PAUYMH","HETDEL",834,"9",20540701,22529200,1988500,1,1,"ENSE00001833804",21974678,21974827,21974678,21974827,150,1,TRUE,1,3,"whole_coding_sequence",TRUE,FALSE
"CNA_event_000834","PAUYMH","HETDEL",834,"9",20540701,22529200,1988500,2,2,"ENSE00003496053",21970902,21971208,21970902,21971208,307,1,TRUE,1,3,"whole_coding_sequence",TRUE,FALSE
"CNA_event_000834","PAUYMH","HETDEL",834,"9",20540701,22529200,1988500,3,3,"ENSE00003529527",21968232,21968242,21968232,21968242,11,1,TRUE,1,3,"whole_coding_sequence",TRUE,FALSE
"CNA_event_000836","PASKRN","HETDEL",836,"9",21497301,24855200,3357900,1,1,"ENSE00001833804",21974678,21974827,21974678,21974827,150,1,TRUE,1,3,"whole_coding_sequence",TRUE,FALSE
"CNA_event_000836","PASKRN","HETDEL",836,"9",21497301,24855200,3357900,2,2,"ENSE00003496053",21970902,21971208,21970902,21971208,307,1,TRUE,1,3,"whole_coding_sequence",TRUE,FALSE
"CNA_event_000836","PASKRN","HETDEL",836,"9",21497301,24855200,3357900,3,3,"ENSE00003529527",21968232,21968242,21968232,21968242,11,1,TRUE,1,3,"whole_coding_sequence",TRUE,FALSE
"CNA_event_000837","PASKLK","HETDEL",837,"9",21947401,22030300,82900,1,1,"ENSE00001833804",21974678,21974827,21974678,21974827,150,1,TRUE,1,3,"whole_coding_sequence",TRUE,FALSE
"CNA_event_000837","PASKLK","HETDEL",837,"9",21947401,22030300,82900,2,2,"ENSE00003496053",21970902,21971208,21970902,21971208,307,1,TRUE,1,3,"whole_coding_sequence",TRUE,FALSE
"CNA_event_000837","PASKLK","HETDEL",837,"9",21947401,22030300,82900,3,3,"ENSE00003529527",21968232,21968242,21968232,21968242,11,1,TRUE,1,3,"whole_coding_sequence",TRUE,FALSE
"CNA_event_000838","PARMFF","HETDEL",838,"9",21256501,22133900,877400,1,1,"ENSE00001833804",21974678,21974827,21974678,21974827,150,1,TRUE,1,3,"whole_coding_sequence",TRUE,FALSE
"CNA_event_000838","PARMFF","HETDEL",838,"9",21256501,22133900,877400,2,2,"ENSE00003496053",21970902,21971208,21970902,21971208,307,1,TRUE,1,3,"whole_coding_sequence",TRUE,FALSE
"CNA_event_000838","PARMFF","HETDEL",838,"9",21256501,22133900,877400,3,3,"ENSE00003529527",21968232,21968242,21968232,21968242,11,1,TRUE,1,3,"whole_coding_sequence",TRUE,FALSE
"CNA_event_000839","PARDAU","HETDEL",839,"9",21687501,22333000,645500,1,1,"ENSE00001833804",21974678,21974827,21974678,21974827,150,1,TRUE,1,3,"whole_coding_sequence",TRUE,FALSE
"CNA_event_000839","PARDAU","HETDEL",839,"9",21687501,22333000,645500,2,2,"ENSE00003496053",21970902,21971208,21970902,21971208,307,1,TRUE,1,3,"whole_coding_sequence",TRUE,FALSE
"CNA_event_000839","PARDAU","HETDEL",839,"9",21687501,22333000,645500,3,3,"ENSE00003529527",21968232,21968242,21968232,21968242,11,1,TRUE,1,3,"whole_coding_sequence",TRUE,FALSE
"CNA_event_000840","PAWKXN","HETDEL",840,"9",21783801,25292300,3508500,1,1,"ENSE00001833804",21974678,21974827,21974678,21974827,150,1,TRUE,1,3,"whole_coding_sequence",TRUE,FALSE
"CNA_event_000840","PAWKXN","HETDEL",840,"9",21783801,25292300,3508500,2,2,"ENSE00003496053",21970902,21971208,21970902,21971208,307,1,TRUE,1,3,"whole_coding_sequence",TRUE,FALSE
"CNA_event_000840","PAWKXN","HETDEL",840,"9",21783801,25292300,3508500,3,3,"ENSE00003529527",21968232,21968242,21968232,21968242,11,1,TRUE,1,3,"whole_coding_sequence",TRUE,FALSE
"CNA_event_000841","PAWKKF","HETDEL",841,"9",21945201,21993800,48600,1,1,"ENSE00001833804",21974678,21974827,21974678,21974827,150,1,TRUE,1,3,"whole_coding_sequence",TRUE,FALSE
"CNA_event_000841","PAWKKF","HETDEL",841,"9",21945201,21993800,48600,2,2,"ENSE00003496053",21970902,21971208,21970902,21971208,307,1,TRUE,1,3,"whole_coding_sequence",TRUE,FALSE
"CNA_event_000841","PAWKKF","HETDEL",841,"9",21945201,21993800,48600,3,3,"ENSE00003529527",21968232,21968242,21968232,21968242,11,1,TRUE,1,3,"whole_coding_sequence",TRUE,FALSE
"CNA_event_000842","PAWJKX","HETDEL",842,"9",21973401,22403900,430500,1,1,"ENSE00001833804",21974678,21974827,21974678,21974827,150,1,TRUE,0.320512820512821,1,"high_resolution_le_50pct",TRUE,TRUE
"CNA_event_000843","PAWJKL","HETDEL",843,"9",21899501,21984700,85200,1,1,"ENSE00001833804",21974678,21974827,21974678,21974827,150,1,TRUE,1,3,"whole_coding_sequence",TRUE,FALSE
"CNA_event_000843","PAWJKL","HETDEL",843,"9",21899501,21984700,85200,2,2,"ENSE00003496053",21970902,21971208,21970902,21971208,307,1,TRUE,1,3,"whole_coding_sequence",TRUE,FALSE
"CNA_event_000843","PAWJKL","HETDEL",843,"9",21899501,21984700,85200,3,3,"ENSE00003529527",21968232,21968242,21968232,21968242,11,1,TRUE,1,3,"whole_coding_sequence",TRUE,FALSE
"CNA_event_000844","PAWIXS","HETDEL",844,"9",20630301,22534300,1904000,1,1,"ENSE00001833804",21974678,21974827,21974678,21974827,150,1,TRUE,1,3,"whole_coding_sequence",TRUE,FALSE
"CNA_event_000844","PAWIXS","HETDEL",844,"9",20630301,22534300,1904000,2,2,"ENSE00003496053",21970902,21971208,21970902,21971208,307,1,TRUE,1,3,"whole_coding_sequence",TRUE,FALSE
"CNA_event_000844","PAWIXS","HETDEL",844,"9",20630301,22534300,1904000,3,3,"ENSE00003529527",21968232,21968242,21968232,21968242,11,1,TRUE,1,3,"whole_coding_sequence",TRUE,FALSE
"CNA_event_000845","PAWHPE","HETDEL",845,"9",21865515,22010162,144648,1,1,"ENSE00001833804",21974678,21974827,21974678,21974827,150,1,TRUE,1,3,"whole_coding_sequence",TRUE,FALSE
"CNA_event_000845","PAWHPE","HETDEL",845,"9",21865515,22010162,144648,2,2,"ENSE00003496053",21970902,21971208,21970902,21971208,307,1,TRUE,1,3,"whole_coding_sequence",TRUE,FALSE
"CNA_event_000845","PAWHPE","HETDEL",845,"9",21865515,22010162,144648,3,3,"ENSE00003529527",21968232,21968242,21968232,21968242,11,1,TRUE,1,3,"whole_coding_sequence",TRUE,FALSE
"CNA_event_000846","PAWHIG","HETDEL",846,"9",21973201,22049500,76300,1,1,"ENSE00001833804",21974678,21974827,21974678,21974827,150,1,TRUE,0.320512820512821,1,"high_resolution_le_50pct",TRUE,TRUE
"CNA_event_000847","PAWGXM","HETDEL",847,"9",10101,21968900,21958800,3,3,"ENSE00003529527",21968232,21968242,21968232,21968242,11,1,TRUE,0.0235042735042735,1,"high_resolution_le_50pct",TRUE,TRUE
"CNA_event_000848","PAWGHK","HETDEL",848,"9",21972201,22003100,30900,1,1,"ENSE00001833804",21974678,21974827,21974678,21974827,150,1,TRUE,0.320512820512821,1,"high_resolution_le_50pct",TRUE,TRUE
"CNA_event_000849","PAWFST","HETDEL",849,"9",21433501,22496400,1062900,1,1,"ENSE00001833804",21974678,21974827,21974678,21974827,150,1,TRUE,1,3,"whole_coding_sequence",TRUE,FALSE
"CNA_event_000849","PAWFST","HETDEL",849,"9",21433501,22496400,1062900,2,2,"ENSE00003496053",21970902,21971208,21970902,21971208,307,1,TRUE,1,3,"whole_coding_sequence",TRUE,FALSE
"CNA_event_000849","PAWFST","HETDEL",849,"9",21433501,22496400,1062900,3,3,"ENSE00003529527",21968232,21968242,21968232,21968242,11,1,TRUE,1,3,"whole_coding_sequence",TRUE,FALSE
"CNA_event_000852","PAWARP","HETDEL",852,"9",21893301,21993800,100500,1,1,"ENSE00001833804",21974678,21974827,21974678,21974827,150,1,TRUE,1,3,"whole_coding_sequence",TRUE,FALSE
"CNA_event_000852","PAWARP","HETDEL",852,"9",21893301,21993800,100500,2,2,"ENSE00003496053",21970902,21971208,21970902,21971208,307,1,TRUE,1,3,"whole_coding_sequence",TRUE,FALSE
"CNA_event_000852","PAWARP","HETDEL",852,"9",21893301,21993800,100500,3,3,"ENSE00003529527",21968232,21968242,21968232,21968242,11,1,TRUE,1,3,"whole_coding_sequence",TRUE,FALSE
"CNA_event_000853","PAVZHD","HETDEL",853,"9",21869501,22311200,441700,1,1,"ENSE00001833804",21974678,21974827,21974678,21974827,150,1,TRUE,1,3,"whole_coding_sequence",TRUE,FALSE
"CNA_event_000853","PAVZHD","HETDEL",853,"9",21869501,22311200,441700,2,2,"ENSE00003496053",21970902,21971208,21970902,21971208,307,1,TRUE,1,3,"whole_coding_sequence",TRUE,FALSE
"CNA_event_000853","PAVZHD","HETDEL",853,"9",21869501,22311200,441700,3,3,"ENSE00003529527",21968232,21968242,21968232,21968242,11,1,TRUE,1,3,"whole_coding_sequence",TRUE,FALSE
"CNA_event_000854","PAVYML","HETDEL",854,"9",21948901,22819200,870300,1,1,"ENSE00001833804",21974678,21974827,21974678,21974827,150,1,TRUE,1,3,"whole_coding_sequence",TRUE,FALSE
"CNA_event_000854","PAVYML","HETDEL",854,"9",21948901,22819200,870300,2,2,"ENSE00003496053",21970902,21971208,21970902,21971208,307,1,TRUE,1,3,"whole_coding_sequence",TRUE,FALSE
"CNA_event_000854","PAVYML","HETDEL",854,"9",21948901,22819200,870300,3,3,"ENSE00003529527",21968232,21968242,21968232,21968242,11,1,TRUE,1,3,"whole_coding_sequence",TRUE,FALSE
"CNA_event_000855","PAVYGR","HETDEL",855,"9",21944901,21978300,33400,1,1,"ENSE00001833804",21974678,21974827,21974678,21974827,150,1,TRUE,1,3,"whole_coding_sequence",TRUE,FALSE
"CNA_event_000855","PAVYGR","HETDEL",855,"9",21944901,21978300,33400,2,2,"ENSE00003496053",21970902,21971208,21970902,21971208,307,1,TRUE,1,3,"whole_coding_sequence",TRUE,FALSE
"CNA_event_000855","PAVYGR","HETDEL",855,"9",21944901,21978300,33400,3,3,"ENSE00003529527",21968232,21968242,21968232,21968242,11,1,TRUE,1,3,"whole_coding_sequence",TRUE,FALSE
"CNA_event_000857","PAVXSB","HETDEL",857,"9",21836093,21993801,157709,1,1,"ENSE00001833804",21974678,21974827,21974678,21974827,150,1,TRUE,1,3,"whole_coding_sequence",TRUE,FALSE
"CNA_event_000857","PAVXSB","HETDEL",857,"9",21836093,21993801,157709,2,2,"ENSE00003496053",21970902,21971208,21970902,21971208,307,1,TRUE,1,3,"whole_coding_sequence",TRUE,FALSE
"CNA_event_000857","PAVXSB","HETDEL",857,"9",21836093,21993801,157709,3,3,"ENSE00003529527",21968232,21968242,21968232,21968242,11,1,TRUE,1,3,"whole_coding_sequence",TRUE,FALSE
"CNA_event_000858","PAVXMK","HETDEL",858,"9",21477401,22496400,1019000,1,1,"ENSE00001833804",21974678,21974827,21974678,21974827,150,1,TRUE,1,3,"whole_coding_sequence",TRUE,FALSE
"CNA_event_000858","PAVXMK","HETDEL",858,"9",21477401,22496400,1019000,2,2,"ENSE00003496053",21970902,21971208,21970902,21971208,307,1,TRUE,1,3,"whole_coding_sequence",TRUE,FALSE
"CNA_event_000858","PAVXMK","HETDEL",858,"9",21477401,22496400,1019000,3,3,"ENSE00003529527",21968232,21968242,21968232,21968242,11,1,TRUE,1,3,"whole_coding_sequence",TRUE,FALSE
"CNA_event_000859","PAVWJA","HETDEL",859,"9",21955001,22063300,108300,1,1,"ENSE00001833804",21974678,21974827,21974678,21974827,150,1,TRUE,1,3,"whole_coding_sequence",TRUE,FALSE
"CNA_event_000859","PAVWJA","HETDEL",859,"9",21955001,22063300,108300,2,2,"ENSE00003496053",21970902,21971208,21970902,21971208,307,1,TRUE,1,3,"whole_coding_sequence",TRUE,FALSE
"CNA_event_000859","PAVWJA","HETDEL",859,"9",21955001,22063300,108300,3,3,"ENSE00003529527",21968232,21968242,21968232,21968242,11,1,TRUE,1,3,"whole_coding_sequence",TRUE,FALSE
"CNA_event_000860","PAVNSM","HETDEL",860,"9",21101701,23135800,2034100,1,1,"ENSE00001833804",21974678,21974827,21974678,21974827,150,1,TRUE,1,3,"whole_coding_sequence",TRUE,FALSE
"CNA_event_000860","PAVNSM","HETDEL",860,"9",21101701,23135800,2034100,2,2,"ENSE00003496053",21970902,21971208,21970902,21971208,307,1,TRUE,1,3,"whole_coding_sequence",TRUE,FALSE
"CNA_event_000860","PAVNSM","HETDEL",860,"9",21101701,23135800,2034100,3,3,"ENSE00003529527",21968232,21968242,21968232,21968242,11,1,TRUE,1,3,"whole_coding_sequence",TRUE,FALSE
"CNA_event_000862","PAVMPT","HETDEL",862,"9",21833401,22010800,177400,1,1,"ENSE00001833804",21974678,21974827,21974678,21974827,150,1,TRUE,1,3,"whole_coding_sequence",TRUE,FALSE
"CNA_event_000862","PAVMPT","HETDEL",862,"9",21833401,22010800,177400,2,2,"ENSE00003496053",21970902,21971208,21970902,21971208,307,1,TRUE,1,3,"whole_coding_sequence",TRUE,FALSE
"CNA_event_000862","PAVMPT","HETDEL",862,"9",21833401,22010800,177400,3,3,"ENSE00003529527",21968232,21968242,21968232,21968242,11,1,TRUE,1,3,"whole_coding_sequence",TRUE,FALSE
"CNA_event_000863","PAVKYJ","HETDEL",863,"9",20739501,22496600,1757100,1,1,"ENSE00001833804",21974678,21974827,21974678,21974827,150,1,TRUE,1,3,"whole_coding_sequence",TRUE,FALSE
"CNA_event_000863","PAVKYJ","HETDEL",863,"9",20739501,22496600,1757100,2,2,"ENSE00003496053",21970902,21971208,21970902,21971208,307,1,TRUE,1,3,"whole_coding_sequence",TRUE,FALSE
"CNA_event_000863","PAVKYJ","HETDEL",863,"9",20739501,22496600,1757100,3,3,"ENSE00003529527",21968232,21968242,21968232,21968242,11,1,TRUE,1,3,"whole_coding_sequence",TRUE,FALSE
"CNA_event_000864","PAVHJW","HETDEL",864,"9",21828301,21993800,165500,1,1,"ENSE00001833804",21974678,21974827,21974678,21974827,150,1,TRUE,1,3,"whole_coding_sequence",TRUE,FALSE
"CNA_event_000864","PAVHJW","HETDEL",864,"9",21828301,21993800,165500,2,2,"ENSE00003496053",21970902,21971208,21970902,21971208,307,1,TRUE,1,3,"whole_coding_sequence",TRUE,FALSE
"CNA_event_000864","PAVHJW","HETDEL",864,"9",21828301,21993800,165500,3,3,"ENSE00003529527",21968232,21968242,21968232,21968242,11,1,TRUE,1,3,"whole_coding_sequence",TRUE,FALSE
"CNA_event_000865","PAVEUZ","HETDEL",865,"9",21895501,22012100,116600,1,1,"ENSE00001833804",21974678,21974827,21974678,21974827,150,1,TRUE,1,3,"whole_coding_sequence",TRUE,FALSE
"CNA_event_000865","PAVEUZ","HETDEL",865,"9",21895501,22012100,116600,2,2,"ENSE00003496053",21970902,21971208,21970902,21971208,307,1,TRUE,1,3,"whole_coding_sequence",TRUE,FALSE
"CNA_event_000865","PAVEUZ","HETDEL",865,"9",21895501,22012100,116600,3,3,"ENSE00003529527",21968232,21968242,21968232,21968242,11,1,TRUE,1,3,"whole_coding_sequence",TRUE,FALSE
"CNA_event_000867","PAVCYC","HETDEL",867,"9",21825301,21993400,168100,1,1,"ENSE00001833804",21974678,21974827,21974678,21974827,150,1,TRUE,1,3,"whole_coding_sequence",TRUE,FALSE
"CNA_event_000867","PAVCYC","HETDEL",867,"9",21825301,21993400,168100,2,2,"ENSE00003496053",21970902,21971208,21970902,21971208,307,1,TRUE,1,3,"whole_coding_sequence",TRUE,FALSE
"CNA_event_000867","PAVCYC","HETDEL",867,"9",21825301,21993400,168100,3,3,"ENSE00003529527",21968232,21968242,21968232,21968242,11,1,TRUE,1,3,"whole_coding_sequence",TRUE,FALSE
"CNA_event_000868","PAVBUB","HETDEL",868,"9",21854301,22078600,224300,1,1,"ENSE00001833804",21974678,21974827,21974678,21974827,150,1,TRUE,1,3,"whole_coding_sequence",TRUE,FALSE
"CNA_event_000868","PAVBUB","HETDEL",868,"9",21854301,22078600,224300,2,2,"ENSE00003496053",21970902,21971208,21970902,21971208,307,1,TRUE,1,3,"whole_coding_sequence",TRUE,FALSE
"CNA_event_000868","PAVBUB","HETDEL",868,"9",21854301,22078600,224300,3,3,"ENSE00003529527",21968232,21968242,21968232,21968242,11,1,TRUE,1,3,"whole_coding_sequence",TRUE,FALSE
"CNA_event_000869","PAVAWP","HETDEL",869,"9",21955701,21993800,38100,1,1,"ENSE00001833804",21974678,21974827,21974678,21974827,150,1,TRUE,1,3,"whole_coding_sequence",TRUE,FALSE
"CNA_event_000869","PAVAWP","HETDEL",869,"9",21955701,21993800,38100,2,2,"ENSE00003496053",21970902,21971208,21970902,21971208,307,1,TRUE,1,3,"whole_coding_sequence",TRUE,FALSE
"CNA_event_000869","PAVAWP","HETDEL",869,"9",21955701,21993800,38100,3,3,"ENSE00003529527",21968232,21968242,21968232,21968242,11,1,TRUE,1,3,"whole_coding_sequence",TRUE,FALSE
"CNA_event_000870","PAUZZA","HETDEL",870,"9",21483001,21975700,492700,1,1,"ENSE00001833804",21974678,21974827,21974678,21974827,150,1,TRUE,1,3,"whole_coding_sequence",TRUE,FALSE
"CNA_event_000870","PAUZZA","HETDEL",870,"9",21483001,21975700,492700,2,2,"ENSE00003496053",21970902,21971208,21970902,21971208,307,1,TRUE,1,3,"whole_coding_sequence",TRUE,FALSE
"CNA_event_000870","PAUZZA","HETDEL",870,"9",21483001,21975700,492700,3,3,"ENSE00003529527",21968232,21968242,21968232,21968242,11,1,TRUE,1,3,"whole_coding_sequence",TRUE,FALSE
"CNA_event_000871","PAUZBJ","HETDEL",871,"9",21947901,21994100,46200,1,1,"ENSE00001833804",21974678,21974827,21974678,21974827,150,1,TRUE,1,3,"whole_coding_sequence",TRUE,FALSE
"CNA_event_000871","PAUZBJ","HETDEL",871,"9",21947901,21994100,46200,2,2,"ENSE00003496053",21970902,21971208,21970902,21971208,307,1,TRUE,1,3,"whole_coding_sequence",TRUE,FALSE
"CNA_event_000871","PAUZBJ","HETDEL",871,"9",21947901,21994100,46200,3,3,"ENSE00003529527",21968232,21968242,21968232,21968242,11,1,TRUE,1,3,"whole_coding_sequence",TRUE,FALSE
"CNA_event_000872","PAUYJE","HETDEL",872,"9",21825201,21970900,145700,3,3,"ENSE00003529527",21968232,21968242,21968232,21968242,11,1,TRUE,0.0235042735042735,1,"high_resolution_le_50pct",TRUE,TRUE
"CNA_event_000873","PAUYID","HETDEL",873,"9",21877901,22034700,156800,1,1,"ENSE00001833804",21974678,21974827,21974678,21974827,150,1,TRUE,1,3,"whole_coding_sequence",TRUE,FALSE
"CNA_event_000873","PAUYID","HETDEL",873,"9",21877901,22034700,156800,2,2,"ENSE00003496053",21970902,21971208,21970902,21971208,307,1,TRUE,1,3,"whole_coding_sequence",TRUE,FALSE
"CNA_event_000873","PAUYID","HETDEL",873,"9",21877901,22034700,156800,3,3,"ENSE00003529527",21968232,21968242,21968232,21968242,11,1,TRUE,1,3,"whole_coding_sequence",TRUE,FALSE
"CNA_event_000875","PAUVFE","HETDEL",875,"9",21827201,21993600,166400,1,1,"ENSE00001833804",21974678,21974827,21974678,21974827,150,1,TRUE,1,3,"whole_coding_sequence",TRUE,FALSE
"CNA_event_000875","PAUVFE","HETDEL",875,"9",21827201,21993600,166400,2,2,"ENSE00003496053",21970902,21971208,21970902,21971208,307,1,TRUE,1,3,"whole_coding_sequence",TRUE,FALSE
"CNA_event_000875","PAUVFE","HETDEL",875,"9",21827201,21993600,166400,3,3,"ENSE00003529527",21968232,21968242,21968232,21968242,11,1,TRUE,1,3,"whole_coding_sequence",TRUE,FALSE
"CNA_event_000876","PAUTWN","HETDEL",876,"9",21852001,21975300,123300,1,1,"ENSE00001833804",21974678,21974827,21974678,21974827,150,1,TRUE,1,3,"whole_coding_sequence",TRUE,FALSE
"CNA_event_000876","PAUTWN","HETDEL",876,"9",21852001,21975300,123300,2,2,"ENSE00003496053",21970902,21971208,21970902,21971208,307,1,TRUE,1,3,"whole_coding_sequence",TRUE,FALSE
"CNA_event_000876","PAUTWN","HETDEL",876,"9",21852001,21975300,123300,3,3,"ENSE00003529527",21968232,21968242,21968232,21968242,11,1,TRUE,1,3,"whole_coding_sequence",TRUE,FALSE
"CNA_event_000877","PAURGS","HETDEL",877,"9",21845101,21985600,140500,1,1,"ENSE00001833804",21974678,21974827,21974678,21974827,150,1,TRUE,1,3,"whole_coding_sequence",TRUE,FALSE
"CNA_event_000877","PAURGS","HETDEL",877,"9",21845101,21985600,140500,2,2,"ENSE00003496053",21970902,21971208,21970902,21971208,307,1,TRUE,1,3,"whole_coding_sequence",TRUE,FALSE
"CNA_event_000877","PAURGS","HETDEL",877,"9",21845101,21985600,140500,3,3,"ENSE00003529527",21968232,21968242,21968232,21968242,11,1,TRUE,1,3,"whole_coding_sequence",TRUE,FALSE
"CNA_event_000879","PAUPFF","HETDEL",879,"9",21796801,22052700,255900,1,1,"ENSE00001833804",21974678,21974827,21974678,21974827,150,1,TRUE,1,3,"whole_coding_sequence",TRUE,FALSE
"CNA_event_000879","PAUPFF","HETDEL",879,"9",21796801,22052700,255900,2,2,"ENSE00003496053",21970902,21971208,21970902,21971208,307,1,TRUE,1,3,"whole_coding_sequence",TRUE,FALSE
"CNA_event_000879","PAUPFF","HETDEL",879,"9",21796801,22052700,255900,3,3,"ENSE00003529527",21968232,21968242,21968232,21968242,11,1,TRUE,1,3,"whole_coding_sequence",TRUE,FALSE
"CNA_event_000880","PAUMNE","HETDEL",880,"9",19192201,24696800,5504600,1,1,"ENSE00001833804",21974678,21974827,21974678,21974827,150,1,TRUE,1,3,"whole_coding_sequence",TRUE,FALSE
"CNA_event_000880","PAUMNE","HETDEL",880,"9",19192201,24696800,5504600,2,2,"ENSE00003496053",21970902,21971208,21970902,21971208,307,1,TRUE,1,3,"whole_coding_sequence",TRUE,FALSE
"CNA_event_000880","PAUMNE","HETDEL",880,"9",19192201,24696800,5504600,3,3,"ENSE00003529527",21968232,21968242,21968232,21968242,11,1,TRUE,1,3,"whole_coding_sequence",TRUE,FALSE
"CNA_event_000881","PAUMHZ","HETDEL",881,"9",21962401,22008400,46000,1,1,"ENSE00001833804",21974678,21974827,21974678,21974827,150,1,TRUE,1,3,"whole_coding_sequence",TRUE,FALSE
"CNA_event_000881","PAUMHZ","HETDEL",881,"9",21962401,22008400,46000,2,2,"ENSE00003496053",21970902,21971208,21970902,21971208,307,1,TRUE,1,3,"whole_coding_sequence",TRUE,FALSE
"CNA_event_000881","PAUMHZ","HETDEL",881,"9",21962401,22008400,46000,3,3,"ENSE00003529527",21968232,21968242,21968232,21968242,11,1,TRUE,1,3,"whole_coding_sequence",TRUE,FALSE
"CNA_event_000886","PAUBGA","HETDEL",886,"9",21214801,22132100,917300,1,1,"ENSE00001833804",21974678,21974827,21974678,21974827,150,1,TRUE,1,3,"whole_coding_sequence",TRUE,FALSE
"CNA_event_000886","PAUBGA","HETDEL",886,"9",21214801,22132100,917300,2,2,"ENSE00003496053",21970902,21971208,21970902,21971208,307,1,TRUE,1,3,"whole_coding_sequence",TRUE,FALSE
"CNA_event_000886","PAUBGA","HETDEL",886,"9",21214801,22132100,917300,3,3,"ENSE00003529527",21968232,21968242,21968232,21968242,11,1,TRUE,1,3,"whole_coding_sequence",TRUE,FALSE
"CNA_event_000887","PAUAVW","HETDEL",887,"9",20668601,23362700,2694100,1,1,"ENSE00001833804",21974678,21974827,21974678,21974827,150,1,TRUE,1,3,"whole_coding_sequence",TRUE,FALSE
"CNA_event_000887","PAUAVW","HETDEL",887,"9",20668601,23362700,2694100,2,2,"ENSE00003496053",21970902,21971208,21970902,21971208,307,1,TRUE,1,3,"whole_coding_sequence",TRUE,FALSE
"CNA_event_000887","PAUAVW","HETDEL",887,"9",20668601,23362700,2694100,3,3,"ENSE00003529527",21968232,21968242,21968232,21968242,11,1,TRUE,1,3,"whole_coding_sequence",TRUE,FALSE
"CNA_event_000888","PAUANG","HETDEL",888,"9",21944301,21977700,33400,1,1,"ENSE00001833804",21974678,21974827,21974678,21974827,150,1,TRUE,1,3,"whole_coding_sequence",TRUE,FALSE
"CNA_event_000888","PAUANG","HETDEL",888,"9",21944301,21977700,33400,2,2,"ENSE00003496053",21970902,21971208,21970902,21971208,307,1,TRUE,1,3,"whole_coding_sequence",TRUE,FALSE
"CNA_event_000888","PAUANG","HETDEL",888,"9",21944301,21977700,33400,3,3,"ENSE00003529527",21968232,21968242,21968232,21968242,11,1,TRUE,1,3,"whole_coding_sequence",TRUE,FALSE
"CNA_event_000889","PAUAMR","HETDEL",889,"9",21914501,21993800,79300,1,1,"ENSE00001833804",21974678,21974827,21974678,21974827,150,1,TRUE,1,3,"whole_coding_sequence",TRUE,FALSE
"CNA_event_000889","PAUAMR","HETDEL",889,"9",21914501,21993800,79300,2,2,"ENSE00003496053",21970902,21971208,21970902,21971208,307,1,TRUE,1,3,"whole_coding_sequence",TRUE,FALSE
"CNA_event_000889","PAUAMR","HETDEL",889,"9",21914501,21993800,79300,3,3,"ENSE00003529527",21968232,21968242,21968232,21968242,11,1,TRUE,1,3,"whole_coding_sequence",TRUE,FALSE
"CNA_event_000891","PATXTC","HETDEL",891,"9",21459401,22440100,980700,1,1,"ENSE00001833804",21974678,21974827,21974678,21974827,150,1,TRUE,1,3,"whole_coding_sequence",TRUE,FALSE
"CNA_event_000891","PATXTC","HETDEL",891,"9",21459401,22440100,980700,2,2,"ENSE00003496053",21970902,21971208,21970902,21971208,307,1,TRUE,1,3,"whole_coding_sequence",TRUE,FALSE
"CNA_event_000891","PATXTC","HETDEL",891,"9",21459401,22440100,980700,3,3,"ENSE00003529527",21968232,21968242,21968232,21968242,11,1,TRUE,1,3,"whole_coding_sequence",TRUE,FALSE
"CNA_event_000892","PATVTZ","HETDEL",892,"9",21917801,21971700,53900,2,2,"ENSE00003496053",21970902,21971208,21970902,21971208,307,1,TRUE,0.67948717948718,2,"moderate_resolution_50_75pct",TRUE,TRUE
"CNA_event_000892","PATVTZ","HETDEL",892,"9",21917801,21971700,53900,3,3,"ENSE00003529527",21968232,21968242,21968232,21968242,11,1,TRUE,0.67948717948718,2,"moderate_resolution_50_75pct",TRUE,TRUE
"CNA_event_000895","PATSJU","HETDEL",895,"9",20621301,22243700,1622400,1,1,"ENSE00001833804",21974678,21974827,21974678,21974827,150,1,TRUE,1,3,"whole_coding_sequence",TRUE,FALSE
"CNA_event_000895","PATSJU","HETDEL",895,"9",20621301,22243700,1622400,2,2,"ENSE00003496053",21970902,21971208,21970902,21971208,307,1,TRUE,1,3,"whole_coding_sequence",TRUE,FALSE
"CNA_event_000895","PATSJU","HETDEL",895,"9",20621301,22243700,1622400,3,3,"ENSE00003529527",21968232,21968242,21968232,21968242,11,1,TRUE,1,3,"whole_coding_sequence",TRUE,FALSE
"CNA_event_000897","PATRAB","HETDEL",897,"9",20986801,22279600,1292800,1,1,"ENSE00001833804",21974678,21974827,21974678,21974827,150,1,TRUE,1,3,"whole_coding_sequence",TRUE,FALSE
"CNA_event_000897","PATRAB","HETDEL",897,"9",20986801,22279600,1292800,2,2,"ENSE00003496053",21970902,21971208,21970902,21971208,307,1,TRUE,1,3,"whole_coding_sequence",TRUE,FALSE
"CNA_event_000897","PATRAB","HETDEL",897,"9",20986801,22279600,1292800,3,3,"ENSE00003529527",21968232,21968242,21968232,21968242,11,1,TRUE,1,3,"whole_coding_sequence",TRUE,FALSE
"CNA_event_000898","PATPDA","HETDEL",898,"9",21969701,21980600,10900,1,1,"ENSE00001833804",21974678,21974827,21974678,21974827,150,1,TRUE,0.976495726495726,2,"very_low_resolution_90_lt_100pct",TRUE,TRUE
"CNA_event_000898","PATPDA","HETDEL",898,"9",21969701,21980600,10900,2,2,"ENSE00003496053",21970902,21971208,21970902,21971208,307,1,TRUE,0.976495726495726,2,"very_low_resolution_90_lt_100pct",TRUE,TRUE
"CNA_event_000900","PATKZH","HETDEL",900,"9",20624501,27546000,6921500,1,1,"ENSE00001833804",21974678,21974827,21974678,21974827,150,1,TRUE,1,3,"whole_coding_sequence",TRUE,FALSE
"CNA_event_000900","PATKZH","HETDEL",900,"9",20624501,27546000,6921500,2,2,"ENSE00003496053",21970902,21971208,21970902,21971208,307,1,TRUE,1,3,"whole_coding_sequence",TRUE,FALSE
"CNA_event_000900","PATKZH","HETDEL",900,"9",20624501,27546000,6921500,3,3,"ENSE00003529527",21968232,21968242,21968232,21968242,11,1,TRUE,1,3,"whole_coding_sequence",TRUE,FALSE
"CNA_event_000901","PATJCZ","HETDEL",901,"9",20515701,22311100,1795400,1,1,"ENSE00001833804",21974678,21974827,21974678,21974827,150,1,TRUE,1,3,"whole_coding_sequence",TRUE,FALSE
"CNA_event_000901","PATJCZ","HETDEL",901,"9",20515701,22311100,1795400,2,2,"ENSE00003496053",21970902,21971208,21970902,21971208,307,1,TRUE,1,3,"whole_coding_sequence",TRUE,FALSE
"CNA_event_000901","PATJCZ","HETDEL",901,"9",20515701,22311100,1795400,3,3,"ENSE00003529527",21968232,21968242,21968232,21968242,11,1,TRUE,1,3,"whole_coding_sequence",TRUE,FALSE
"CNA_event_000902","PATAUC","HETDEL",902,"9",21881601,21980600,99000,1,1,"ENSE00001833804",21974678,21974827,21974678,21974827,150,1,TRUE,1,3,"whole_coding_sequence",TRUE,FALSE
"CNA_event_000902","PATAUC","HETDEL",902,"9",21881601,21980600,99000,2,2,"ENSE00003496053",21970902,21971208,21970902,21971208,307,1,TRUE,1,3,"whole_coding_sequence",TRUE,FALSE
"CNA_event_000902","PATAUC","HETDEL",902,"9",21881601,21980600,99000,3,3,"ENSE00003529527",21968232,21968242,21968232,21968242,11,1,TRUE,1,3,"whole_coding_sequence",TRUE,FALSE
"CNA_event_000903","PATALF","HETDEL",903,"9",21955201,21993400,38200,1,1,"ENSE00001833804",21974678,21974827,21974678,21974827,150,1,TRUE,1,3,"whole_coding_sequence",TRUE,FALSE
"CNA_event_000903","PATALF","HETDEL",903,"9",21955201,21993400,38200,2,2,"ENSE00003496053",21970902,21971208,21970902,21971208,307,1,TRUE,1,3,"whole_coding_sequence",TRUE,FALSE
"CNA_event_000903","PATALF","HETDEL",903,"9",21955201,21993400,38200,3,3,"ENSE00003529527",21968232,21968242,21968232,21968242,11,1,TRUE,1,3,"whole_coding_sequence",TRUE,FALSE
"CNA_event_000904","PASWSR","HETDEL",904,"9",21973601,22008700,35100,1,1,"ENSE00001833804",21974678,21974827,21974678,21974827,150,1,TRUE,0.320512820512821,1,"high_resolution_le_50pct",TRUE,TRUE
"CNA_event_000906","PASVYP","HETDEL",906,"9",21900001,22064600,164600,1,1,"ENSE00001833804",21974678,21974827,21974678,21974827,150,1,TRUE,1,3,"whole_coding_sequence",TRUE,FALSE
"CNA_event_000906","PASVYP","HETDEL",906,"9",21900001,22064600,164600,2,2,"ENSE00003496053",21970902,21971208,21970902,21971208,307,1,TRUE,1,3,"whole_coding_sequence",TRUE,FALSE
"CNA_event_000906","PASVYP","HETDEL",906,"9",21900001,22064600,164600,3,3,"ENSE00003529527",21968232,21968242,21968232,21968242,11,1,TRUE,1,3,"whole_coding_sequence",TRUE,FALSE
"CNA_event_000907","PASVLD","HETDEL",907,"9",21054201,24720600,3666400,1,1,"ENSE00001833804",21974678,21974827,21974678,21974827,150,1,TRUE,1,3,"whole_coding_sequence",TRUE,FALSE
"CNA_event_000907","PASVLD","HETDEL",907,"9",21054201,24720600,3666400,2,2,"ENSE00003496053",21970902,21971208,21970902,21971208,307,1,TRUE,1,3,"whole_coding_sequence",TRUE,FALSE
"CNA_event_000907","PASVLD","HETDEL",907,"9",21054201,24720600,3666400,3,3,"ENSE00003529527",21968232,21968242,21968232,21968242,11,1,TRUE,1,3,"whole_coding_sequence",TRUE,FALSE
"CNA_event_000908","PASSZA","HETDEL",908,"9",21803001,22010100,207100,1,1,"ENSE00001833804",21974678,21974827,21974678,21974827,150,1,TRUE,1,3,"whole_coding_sequence",TRUE,FALSE
"CNA_event_000908","PASSZA","HETDEL",908,"9",21803001,22010100,207100,2,2,"ENSE00003496053",21970902,21971208,21970902,21971208,307,1,TRUE,1,3,"whole_coding_sequence",TRUE,FALSE
"CNA_event_000908","PASSZA","HETDEL",908,"9",21803001,22010100,207100,3,3,"ENSE00003529527",21968232,21968242,21968232,21968242,11,1,TRUE,1,3,"whole_coding_sequence",TRUE,FALSE
"CNA_event_000909","PASRUK","HETDEL",909,"9",20979101,37143800,16164700,1,1,"ENSE00001833804",21974678,21974827,21974678,21974827,150,1,TRUE,1,3,"whole_coding_sequence",TRUE,FALSE
"CNA_event_000909","PASRUK","HETDEL",909,"9",20979101,37143800,16164700,2,2,"ENSE00003496053",21970902,21971208,21970902,21971208,307,1,TRUE,1,3,"whole_coding_sequence",TRUE,FALSE
"CNA_event_000909","PASRUK","HETDEL",909,"9",20979101,37143800,16164700,3,3,"ENSE00003529527",21968232,21968242,21968232,21968242,11,1,TRUE,1,3,"whole_coding_sequence",TRUE,FALSE
"CNA_event_000910","PASPNW","HETDEL",910,"9",21968501,21994100,25600,1,1,"ENSE00001833804",21974678,21974827,21974678,21974827,150,1,TRUE,0.976495726495726,2,"very_low_resolution_90_lt_100pct",TRUE,TRUE
"CNA_event_000910","PASPNW","HETDEL",910,"9",21968501,21994100,25600,2,2,"ENSE00003496053",21970902,21971208,21970902,21971208,307,1,TRUE,0.976495726495726,2,"very_low_resolution_90_lt_100pct",TRUE,TRUE
"CNA_event_000911","PASPJU","HETDEL",911,"9",21300801,22085200,784400,1,1,"ENSE00001833804",21974678,21974827,21974678,21974827,150,1,TRUE,1,3,"whole_coding_sequence",TRUE,FALSE
"CNA_event_000911","PASPJU","HETDEL",911,"9",21300801,22085200,784400,2,2,"ENSE00003496053",21970902,21971208,21970902,21971208,307,1,TRUE,1,3,"whole_coding_sequence",TRUE,FALSE
"CNA_event_000911","PASPJU","HETDEL",911,"9",21300801,22085200,784400,3,3,"ENSE00003529527",21968232,21968242,21968232,21968242,11,1,TRUE,1,3,"whole_coding_sequence",TRUE,FALSE
"CNA_event_000912","PASPJR","HETDEL",912,"9",21832801,22908700,1075900,1,1,"ENSE00001833804",21974678,21974827,21974678,21974827,150,1,TRUE,1,3,"whole_coding_sequence",TRUE,FALSE
"CNA_event_000912","PASPJR","HETDEL",912,"9",21832801,22908700,1075900,2,2,"ENSE00003496053",21970902,21971208,21970902,21971208,307,1,TRUE,1,3,"whole_coding_sequence",TRUE,FALSE
"CNA_event_000912","PASPJR","HETDEL",912,"9",21832801,22908700,1075900,3,3,"ENSE00003529527",21968232,21968242,21968232,21968242,11,1,TRUE,1,3,"whole_coding_sequence",TRUE,FALSE
"CNA_event_000914","PASILW","HETDEL",914,"9",21827701,22008300,180600,1,1,"ENSE00001833804",21974678,21974827,21974678,21974827,150,1,TRUE,1,3,"whole_coding_sequence",TRUE,FALSE
"CNA_event_000914","PASILW","HETDEL",914,"9",21827701,22008300,180600,2,2,"ENSE00003496053",21970902,21971208,21970902,21971208,307,1,TRUE,1,3,"whole_coding_sequence",TRUE,FALSE
"CNA_event_000914","PASILW","HETDEL",914,"9",21827701,22008300,180600,3,3,"ENSE00003529527",21968232,21968242,21968232,21968242,11,1,TRUE,1,3,"whole_coding_sequence",TRUE,FALSE
"CNA_event_000915","PASGRD","HETDEL",915,"9",21972601,22044500,71900,1,1,"ENSE00001833804",21974678,21974827,21974678,21974827,150,1,TRUE,0.320512820512821,1,"high_resolution_le_50pct",TRUE,TRUE
"CNA_event_000916","PASGMR","HETDEL",916,"9",21880501,22024800,144300,1,1,"ENSE00001833804",21974678,21974827,21974678,21974827,150,1,TRUE,1,3,"whole_coding_sequence",TRUE,FALSE
"CNA_event_000916","PASGMR","HETDEL",916,"9",21880501,22024800,144300,2,2,"ENSE00003496053",21970902,21971208,21970902,21971208,307,1,TRUE,1,3,"whole_coding_sequence",TRUE,FALSE
"CNA_event_000916","PASGMR","HETDEL",916,"9",21880501,22024800,144300,3,3,"ENSE00003529527",21968232,21968242,21968232,21968242,11,1,TRUE,1,3,"whole_coding_sequence",TRUE,FALSE
"CNA_event_000919","PARXPZ","HETDEL",919,"9",20685601,21972800,1287200,2,2,"ENSE00003496053",21970902,21971208,21970902,21971208,307,1,TRUE,0.67948717948718,2,"moderate_resolution_50_75pct",TRUE,TRUE
"CNA_event_000919","PARXPZ","HETDEL",919,"9",20685601,21972800,1287200,3,3,"ENSE00003529527",21968232,21968242,21968232,21968242,11,1,TRUE,0.67948717948718,2,"moderate_resolution_50_75pct",TRUE,TRUE
"CNA_event_000920","PARWNW","HETDEL",920,"9",21825601,22496600,671000,1,1,"ENSE00001833804",21974678,21974827,21974678,21974827,150,1,TRUE,1,3,"whole_coding_sequence",TRUE,FALSE
"CNA_event_000920","PARWNW","HETDEL",920,"9",21825601,22496600,671000,2,2,"ENSE00003496053",21970902,21971208,21970902,21971208,307,1,TRUE,1,3,"whole_coding_sequence",TRUE,FALSE
"CNA_event_000920","PARWNW","HETDEL",920,"9",21825601,22496600,671000,3,3,"ENSE00003529527",21968232,21968242,21968232,21968242,11,1,TRUE,1,3,"whole_coding_sequence",TRUE,FALSE
"CNA_event_000921","PARVDS","HETDEL",921,"9",21836101,21993800,157700,1,1,"ENSE00001833804",21974678,21974827,21974678,21974827,150,1,TRUE,1,3,"whole_coding_sequence",TRUE,FALSE
"CNA_event_000921","PARVDS","HETDEL",921,"9",21836101,21993800,157700,2,2,"ENSE00003496053",21970902,21971208,21970902,21971208,307,1,TRUE,1,3,"whole_coding_sequence",TRUE,FALSE
"CNA_event_000921","PARVDS","HETDEL",921,"9",21836101,21993800,157700,3,3,"ENSE00003529527",21968232,21968242,21968232,21968242,11,1,TRUE,1,3,"whole_coding_sequence",TRUE,FALSE
"CNA_event_000923","PARKLK","HETDEL",923,"9",21833901,21993900,160000,1,1,"ENSE00001833804",21974678,21974827,21974678,21974827,150,1,TRUE,1,3,"whole_coding_sequence",TRUE,FALSE
"CNA_event_000923","PARKLK","HETDEL",923,"9",21833901,21993900,160000,2,2,"ENSE00003496053",21970902,21971208,21970902,21971208,307,1,TRUE,1,3,"whole_coding_sequence",TRUE,FALSE
"CNA_event_000923","PARKLK","HETDEL",923,"9",21833901,21993900,160000,3,3,"ENSE00003529527",21968232,21968242,21968232,21968242,11,1,TRUE,1,3,"whole_coding_sequence",TRUE,FALSE
"CNA_event_000924","PAWLSN","HETDEL",924,"9",21666801,21973900,307100,2,2,"ENSE00003496053",21970902,21971208,21970902,21971208,307,1,TRUE,0.67948717948718,2,"moderate_resolution_50_75pct",TRUE,TRUE
"CNA_event_000924","PAWLSN","HETDEL",924,"9",21666801,21973900,307100,3,3,"ENSE00003529527",21968232,21968242,21968232,21968242,11,1,TRUE,0.67948717948718,2,"moderate_resolution_50_75pct",TRUE,TRUE
"CNA_event_000927","PAVZTC","HETDEL",927,"9",10101,21972100,21962000,2,2,"ENSE00003496053",21970902,21971208,21970902,21971208,307,1,TRUE,0.67948717948718,2,"moderate_resolution_50_75pct",TRUE,TRUE
"CNA_event_000927","PAVZTC","HETDEL",927,"9",10101,21972100,21962000,3,3,"ENSE00003529527",21968232,21968242,21968232,21968242,11,1,TRUE,0.67948717948718,2,"moderate_resolution_50_75pct",TRUE,TRUE
"CNA_event_000928","PAVYTZ","HETDEL",928,"9",21967101,21975800,8700,1,1,"ENSE00001833804",21974678,21974827,21974678,21974827,150,1,TRUE,1,3,"whole_coding_sequence",TRUE,FALSE
"CNA_event_000928","PAVYTZ","HETDEL",928,"9",21967101,21975800,8700,2,2,"ENSE00003496053",21970902,21971208,21970902,21971208,307,1,TRUE,1,3,"whole_coding_sequence",TRUE,FALSE
"CNA_event_000928","PAVYTZ","HETDEL",928,"9",21967101,21975800,8700,3,3,"ENSE00003529527",21968232,21968242,21968232,21968242,11,1,TRUE,1,3,"whole_coding_sequence",TRUE,FALSE
"CNA_event_000929","PAVXVA","HETDEL",929,"9",21817801,22496500,678700,1,1,"ENSE00001833804",21974678,21974827,21974678,21974827,150,1,TRUE,1,3,"whole_coding_sequence",TRUE,FALSE
"CNA_event_000929","PAVXVA","HETDEL",929,"9",21817801,22496500,678700,2,2,"ENSE00003496053",21970902,21971208,21970902,21971208,307,1,TRUE,1,3,"whole_coding_sequence",TRUE,FALSE
"CNA_event_000929","PAVXVA","HETDEL",929,"9",21817801,22496500,678700,3,3,"ENSE00003529527",21968232,21968242,21968232,21968242,11,1,TRUE,1,3,"whole_coding_sequence",TRUE,FALSE
"CNA_event_000933","PAUWRG","HETDEL",933,"9",21809001,22213100,404100,1,1,"ENSE00001833804",21974678,21974827,21974678,21974827,150,1,TRUE,1,3,"whole_coding_sequence",TRUE,FALSE
"CNA_event_000933","PAUWRG","HETDEL",933,"9",21809001,22213100,404100,2,2,"ENSE00003496053",21970902,21971208,21970902,21971208,307,1,TRUE,1,3,"whole_coding_sequence",TRUE,FALSE
"CNA_event_000933","PAUWRG","HETDEL",933,"9",21809001,22213100,404100,3,3,"ENSE00003529527",21968232,21968242,21968232,21968242,11,1,TRUE,1,3,"whole_coding_sequence",TRUE,FALSE
"CNA_event_000935","PAUUCY","HETDEL",935,"9",21954401,22008800,54400,1,1,"ENSE00001833804",21974678,21974827,21974678,21974827,150,1,TRUE,1,3,"whole_coding_sequence",TRUE,FALSE
"CNA_event_000935","PAUUCY","HETDEL",935,"9",21954401,22008800,54400,2,2,"ENSE00003496053",21970902,21971208,21970902,21971208,307,1,TRUE,1,3,"whole_coding_sequence",TRUE,FALSE
"CNA_event_000935","PAUUCY","HETDEL",935,"9",21954401,22008800,54400,3,3,"ENSE00003529527",21968232,21968242,21968232,21968242,11,1,TRUE,1,3,"whole_coding_sequence",TRUE,FALSE
"CNA_event_000936","PAUTZD","HETDEL",936,"9",21948401,22064400,116000,1,1,"ENSE00001833804",21974678,21974827,21974678,21974827,150,1,TRUE,1,3,"whole_coding_sequence",TRUE,FALSE
"CNA_event_000936","PAUTZD","HETDEL",936,"9",21948401,22064400,116000,2,2,"ENSE00003496053",21970902,21971208,21970902,21971208,307,1,TRUE,1,3,"whole_coding_sequence",TRUE,FALSE
"CNA_event_000936","PAUTZD","HETDEL",936,"9",21948401,22064400,116000,3,3,"ENSE00003529527",21968232,21968242,21968232,21968242,11,1,TRUE,1,3,"whole_coding_sequence",TRUE,FALSE
"CNA_event_000937","PAUJYN","HETDEL",937,"9",21971901,22347700,375800,1,1,"ENSE00001833804",21974678,21974827,21974678,21974827,150,1,TRUE,0.320512820512821,1,"high_resolution_le_50pct",TRUE,TRUE
"CNA_event_000939","PATSRU","HETDEL",939,"9",21834501,21993200,158700,1,1,"ENSE00001833804",21974678,21974827,21974678,21974827,150,1,TRUE,1,3,"whole_coding_sequence",TRUE,FALSE
"CNA_event_000939","PATSRU","HETDEL",939,"9",21834501,21993200,158700,2,2,"ENSE00003496053",21970902,21971208,21970902,21971208,307,1,TRUE,1,3,"whole_coding_sequence",TRUE,FALSE
"CNA_event_000939","PATSRU","HETDEL",939,"9",21834501,21993200,158700,3,3,"ENSE00003529527",21968232,21968242,21968232,21968242,11,1,TRUE,1,3,"whole_coding_sequence",TRUE,FALSE
"CNA_event_000943","PATCML","HETDEL",943,"9",10101,21973000,21962900,2,2,"ENSE00003496053",21970902,21971208,21970902,21971208,307,1,TRUE,0.67948717948718,2,"moderate_resolution_50_75pct",TRUE,TRUE
"CNA_event_000943","PATCML","HETDEL",943,"9",10101,21973000,21962900,3,3,"ENSE00003529527",21968232,21968242,21968232,21968242,11,1,TRUE,0.67948717948718,2,"moderate_resolution_50_75pct",TRUE,TRUE
"CNA_event_000944","PASYSM","HETDEL",944,"9",21931301,21993300,62000,1,1,"ENSE00001833804",21974678,21974827,21974678,21974827,150,1,TRUE,1,3,"whole_coding_sequence",TRUE,FALSE
"CNA_event_000944","PASYSM","HETDEL",944,"9",21931301,21993300,62000,2,2,"ENSE00003496053",21970902,21971208,21970902,21971208,307,1,TRUE,1,3,"whole_coding_sequence",TRUE,FALSE
"CNA_event_000944","PASYSM","HETDEL",944,"9",21931301,21993300,62000,3,3,"ENSE00003529527",21968232,21968242,21968232,21968242,11,1,TRUE,1,3,"whole_coding_sequence",TRUE,FALSE
"CNA_event_000945","PASVJM","HETDEL",945,"9",12130601,21975300,9844700,1,1,"ENSE00001833804",21974678,21974827,21974678,21974827,150,1,TRUE,1,3,"whole_coding_sequence",TRUE,FALSE
"CNA_event_000945","PASVJM","HETDEL",945,"9",12130601,21975300,9844700,2,2,"ENSE00003496053",21970902,21971208,21970902,21971208,307,1,TRUE,1,3,"whole_coding_sequence",TRUE,FALSE
"CNA_event_000945","PASVJM","HETDEL",945,"9",12130601,21975300,9844700,3,3,"ENSE00003529527",21968232,21968242,21968232,21968242,11,1,TRUE,1,3,"whole_coding_sequence",TRUE,FALSE
"CNA_event_000946","PASRAF","HETDEL",946,"9",21971901,22496500,524600,1,1,"ENSE00001833804",21974678,21974827,21974678,21974827,150,1,TRUE,0.320512820512821,1,"high_resolution_le_50pct",TRUE,TRUE
"CNA_event_000950","PASFSI","HETDEL",950,"9",20917501,23362800,2445300,1,1,"ENSE00001833804",21974678,21974827,21974678,21974827,150,1,TRUE,1,3,"whole_coding_sequence",TRUE,FALSE
"CNA_event_000950","PASFSI","HETDEL",950,"9",20917501,23362800,2445300,2,2,"ENSE00003496053",21970902,21971208,21970902,21971208,307,1,TRUE,1,3,"whole_coding_sequence",TRUE,FALSE
"CNA_event_000950","PASFSI","HETDEL",950,"9",20917501,23362800,2445300,3,3,"ENSE00003529527",21968232,21968242,21968232,21968242,11,1,TRUE,1,3,"whole_coding_sequence",TRUE,FALSE
"CNA_event_000951","PARXVS","HETDEL",951,"9",21665601,23174900,1509300,1,1,"ENSE00001833804",21974678,21974827,21974678,21974827,150,1,TRUE,1,3,"whole_coding_sequence",TRUE,FALSE
"CNA_event_000951","PARXVS","HETDEL",951,"9",21665601,23174900,1509300,2,2,"ENSE00003496053",21970902,21971208,21970902,21971208,307,1,TRUE,1,3,"whole_coding_sequence",TRUE,FALSE
"CNA_event_000951","PARXVS","HETDEL",951,"9",21665601,23174900,1509300,3,3,"ENSE00003529527",21968232,21968242,21968232,21968242,11,1,TRUE,1,3,"whole_coding_sequence",TRUE,FALSE
"CNA_event_000952","PARPHB","HETDEL",952,"9",21794301,22076700,282400,1,1,"ENSE00001833804",21974678,21974827,21974678,21974827,150,1,TRUE,1,3,"whole_coding_sequence",TRUE,FALSE
"CNA_event_000952","PARPHB","HETDEL",952,"9",21794301,22076700,282400,2,2,"ENSE00003496053",21970902,21971208,21970902,21971208,307,1,TRUE,1,3,"whole_coding_sequence",TRUE,FALSE
"CNA_event_000952","PARPHB","HETDEL",952,"9",21794301,22076700,282400,3,3,"ENSE00003529527",21968232,21968242,21968232,21968242,11,1,TRUE,1,3,"whole_coding_sequence",TRUE,FALSE
"CNA_event_000954","PAVZVG","HETDEL",954,"9",21862601,22991200,1128600,1,1,"ENSE00001833804",21974678,21974827,21974678,21974827,150,1,TRUE,1,3,"whole_coding_sequence",TRUE,FALSE
"CNA_event_000954","PAVZVG","HETDEL",954,"9",21862601,22991200,1128600,2,2,"ENSE00003496053",21970902,21971208,21970902,21971208,307,1,TRUE,1,3,"whole_coding_sequence",TRUE,FALSE
"CNA_event_000954","PAVZVG","HETDEL",954,"9",21862601,22991200,1128600,3,3,"ENSE00003529527",21968232,21968242,21968232,21968242,11,1,TRUE,1,3,"whole_coding_sequence",TRUE,FALSE
"CNA_event_000955","PARLGK","HETDEL",955,"9",21755401,23470600,1715200,1,1,"ENSE00001833804",21974678,21974827,21974678,21974827,150,1,TRUE,1,3,"whole_coding_sequence",TRUE,FALSE
"CNA_event_000955","PARLGK","HETDEL",955,"9",21755401,23470600,1715200,2,2,"ENSE00003496053",21970902,21971208,21970902,21971208,307,1,TRUE,1,3,"whole_coding_sequence",TRUE,FALSE
"CNA_event_000955","PARLGK","HETDEL",955,"9",21755401,23470600,1715200,3,3,"ENSE00003529527",21968232,21968242,21968232,21968242,11,1,TRUE,1,3,"whole_coding_sequence",TRUE,FALSE
"CNA_event_000956","PAVPUV","HETDEL",956,"9",21885301,23036700,1151400,1,1,"ENSE00001833804",21974678,21974827,21974678,21974827,150,1,TRUE,1,3,"whole_coding_sequence",TRUE,FALSE
"CNA_event_000956","PAVPUV","HETDEL",956,"9",21885301,23036700,1151400,2,2,"ENSE00003496053",21970902,21971208,21970902,21971208,307,1,TRUE,1,3,"whole_coding_sequence",TRUE,FALSE
"CNA_event_000956","PAVPUV","HETDEL",956,"9",21885301,23036700,1151400,3,3,"ENSE00003529527",21968232,21968242,21968232,21968242,11,1,TRUE,1,3,"whole_coding_sequence",TRUE,FALSE
"CNA_event_000957","PAVMYX","HETDEL",957,"9",21541901,21990600,448700,1,1,"ENSE00001833804",21974678,21974827,21974678,21974827,150,1,TRUE,1,3,"whole_coding_sequence",TRUE,FALSE
"CNA_event_000957","PAVMYX","HETDEL",957,"9",21541901,21990600,448700,2,2,"ENSE00003496053",21970902,21971208,21970902,21971208,307,1,TRUE,1,3,"whole_coding_sequence",TRUE,FALSE
"CNA_event_000957","PAVMYX","HETDEL",957,"9",21541901,21990600,448700,3,3,"ENSE00003529527",21968232,21968242,21968232,21968242,11,1,TRUE,1,3,"whole_coding_sequence",TRUE,FALSE
"CNA_event_000958","PAUGVW","HETDEL",958,"9",20622701,21980100,1357400,1,1,"ENSE00001833804",21974678,21974827,21974678,21974827,150,1,TRUE,1,3,"whole_coding_sequence",TRUE,FALSE
"CNA_event_000958","PAUGVW","HETDEL",958,"9",20622701,21980100,1357400,2,2,"ENSE00003496053",21970902,21971208,21970902,21971208,307,1,TRUE,1,3,"whole_coding_sequence",TRUE,FALSE
"CNA_event_000958","PAUGVW","HETDEL",958,"9",20622701,21980100,1357400,3,3,"ENSE00003529527",21968232,21968242,21968232,21968242,11,1,TRUE,1,3,"whole_coding_sequence",TRUE,FALSE
"CNA_event_000959","PATAHP","HETDEL",959,"9",21970201,22323700,353500,1,1,"ENSE00001833804",21974678,21974827,21974678,21974827,150,1,TRUE,0.976495726495726,2,"very_low_resolution_90_lt_100pct",TRUE,TRUE
"CNA_event_000959","PATAHP","HETDEL",959,"9",21970201,22323700,353500,2,2,"ENSE00003496053",21970902,21971208,21970902,21971208,307,1,TRUE,0.976495726495726,2,"very_low_resolution_90_lt_100pct",TRUE,TRUE
"CNA_event_000960","PAVGSF","HETDEL",960,"9",20658701,22281700,1623000,1,1,"ENSE00001833804",21974678,21974827,21974678,21974827,150,1,TRUE,1,3,"whole_coding_sequence",TRUE,FALSE
"CNA_event_000960","PAVGSF","HETDEL",960,"9",20658701,22281700,1623000,2,2,"ENSE00003496053",21970902,21971208,21970902,21971208,307,1,TRUE,1,3,"whole_coding_sequence",TRUE,FALSE
"CNA_event_000960","PAVGSF","HETDEL",960,"9",20658701,22281700,1623000,3,3,"ENSE00003529527",21968232,21968242,21968232,21968242,11,1,TRUE,1,3,"whole_coding_sequence",TRUE,FALSE
"CNA_event_000961","PAUPVR","HETDEL",961,"9",21966701,21974200,7500,2,2,"ENSE00003496053",21970902,21971208,21970902,21971208,307,1,TRUE,0.67948717948718,2,"moderate_resolution_50_75pct",TRUE,TRUE
"CNA_event_000961","PAUPVR","HETDEL",961,"9",21966701,21974200,7500,3,3,"ENSE00003529527",21968232,21968242,21968232,21968242,11,1,TRUE,0.67948717948718,2,"moderate_resolution_50_75pct",TRUE,TRUE
"CNA_event_000964","PAREWU","HETDEL",964,"9",21966901,21991600,24700,1,1,"ENSE00001833804",21974678,21974827,21974678,21974827,150,1,TRUE,1,3,"whole_coding_sequence",TRUE,FALSE
"CNA_event_000964","PAREWU","HETDEL",964,"9",21966901,21991600,24700,2,2,"ENSE00003496053",21970902,21971208,21970902,21971208,307,1,TRUE,1,3,"whole_coding_sequence",TRUE,FALSE
"CNA_event_000964","PAREWU","HETDEL",964,"9",21966901,21991600,24700,3,3,"ENSE00003529527",21968232,21968242,21968232,21968242,11,1,TRUE,1,3,"whole_coding_sequence",TRUE,FALSE
"CNA_event_000966","PAWBPD","HETDEL",966,"9",15823101,21983900,6160800,1,1,"ENSE00001833804",21974678,21974827,21974678,21974827,150,1,TRUE,1,3,"whole_coding_sequence",TRUE,FALSE
"CNA_event_000966","PAWBPD","HETDEL",966,"9",15823101,21983900,6160800,2,2,"ENSE00003496053",21970902,21971208,21970902,21971208,307,1,TRUE,1,3,"whole_coding_sequence",TRUE,FALSE
"CNA_event_000966","PAWBPD","HETDEL",966,"9",15823101,21983900,6160800,3,3,"ENSE00003529527",21968232,21968242,21968232,21968242,11,1,TRUE,1,3,"whole_coding_sequence",TRUE,FALSE
"CNA_event_000968","PAVRLT","HETDEL",968,"9",17914801,28202800,10288000,1,1,"ENSE00001833804",21974678,21974827,21974678,21974827,150,1,TRUE,1,3,"whole_coding_sequence",TRUE,FALSE
"CNA_event_000968","PAVRLT","HETDEL",968,"9",17914801,28202800,10288000,2,2,"ENSE00003496053",21970902,21971208,21970902,21971208,307,1,TRUE,1,3,"whole_coding_sequence",TRUE,FALSE
"CNA_event_000968","PAVRLT","HETDEL",968,"9",17914801,28202800,10288000,3,3,"ENSE00003529527",21968232,21968242,21968232,21968242,11,1,TRUE,1,3,"whole_coding_sequence",TRUE,FALSE
"CNA_event_000969","PAVNFU","HETDEL",969,"9",21828401,21993800,165400,1,1,"ENSE00001833804",21974678,21974827,21974678,21974827,150,1,TRUE,1,3,"whole_coding_sequence",TRUE,FALSE
"CNA_event_000969","PAVNFU","HETDEL",969,"9",21828401,21993800,165400,2,2,"ENSE00003496053",21970902,21971208,21970902,21971208,307,1,TRUE,1,3,"whole_coding_sequence",TRUE,FALSE
"CNA_event_000969","PAVNFU","HETDEL",969,"9",21828401,21993800,165400,3,3,"ENSE00003529527",21968232,21968242,21968232,21968242,11,1,TRUE,1,3,"whole_coding_sequence",TRUE,FALSE
"CNA_event_000973","PAULCK","HETDEL",973,"9",21931601,21987300,55700,1,1,"ENSE00001833804",21974678,21974827,21974678,21974827,150,1,TRUE,1,3,"whole_coding_sequence",TRUE,FALSE
"CNA_event_000973","PAULCK","HETDEL",973,"9",21931601,21987300,55700,2,2,"ENSE00003496053",21970902,21971208,21970902,21971208,307,1,TRUE,1,3,"whole_coding_sequence",TRUE,FALSE
"CNA_event_000973","PAULCK","HETDEL",973,"9",21931601,21987300,55700,3,3,"ENSE00003529527",21968232,21968242,21968232,21968242,11,1,TRUE,1,3,"whole_coding_sequence",TRUE,FALSE
"CNA_event_000974","PAUKYJ","HETDEL",974,"9",21918401,22496200,577800,1,1,"ENSE00001833804",21974678,21974827,21974678,21974827,150,1,TRUE,1,3,"whole_coding_sequence",TRUE,FALSE
"CNA_event_000974","PAUKYJ","HETDEL",974,"9",21918401,22496200,577800,2,2,"ENSE00003496053",21970902,21971208,21970902,21971208,307,1,TRUE,1,3,"whole_coding_sequence",TRUE,FALSE
"CNA_event_000974","PAUKYJ","HETDEL",974,"9",21918401,22496200,577800,3,3,"ENSE00003529527",21968232,21968242,21968232,21968242,11,1,TRUE,1,3,"whole_coding_sequence",TRUE,FALSE
"CNA_event_000977","PATHFE","HETDEL",977,"9",6812201,40907300,34095100,1,1,"ENSE00001833804",21974678,21974827,21974678,21974827,150,1,TRUE,1,3,"whole_coding_sequence",TRUE,FALSE
"CNA_event_000977","PATHFE","HETDEL",977,"9",6812201,40907300,34095100,2,2,"ENSE00003496053",21970902,21971208,21970902,21971208,307,1,TRUE,1,3,"whole_coding_sequence",TRUE,FALSE
"CNA_event_000977","PATHFE","HETDEL",977,"9",6812201,40907300,34095100,3,3,"ENSE00003529527",21968232,21968242,21968232,21968242,11,1,TRUE,1,3,"whole_coding_sequence",TRUE,FALSE
"CNA_event_000978","PATDGZ","HETDEL",978,"9",15823101,22496500,6673400,1,1,"ENSE00001833804",21974678,21974827,21974678,21974827,150,1,TRUE,1,3,"whole_coding_sequence",TRUE,FALSE
"CNA_event_000978","PATDGZ","HETDEL",978,"9",15823101,22496500,6673400,2,2,"ENSE00003496053",21970902,21971208,21970902,21971208,307,1,TRUE,1,3,"whole_coding_sequence",TRUE,FALSE
"CNA_event_000978","PATDGZ","HETDEL",978,"9",15823101,22496500,6673400,3,3,"ENSE00003529527",21968232,21968242,21968232,21968242,11,1,TRUE,1,3,"whole_coding_sequence",TRUE,FALSE
"CNA_event_000980","PASGUH","HETDEL",980,"9",10101,21970900,21960800,3,3,"ENSE00003529527",21968232,21968242,21968232,21968242,11,1,TRUE,0.0235042735042735,1,"high_resolution_le_50pct",TRUE,TRUE
"CNA_event_000981","PASGDZ","HETDEL",981,"9",21829701,21993800,164100,1,1,"ENSE00001833804",21974678,21974827,21974678,21974827,150,1,TRUE,1,3,"whole_coding_sequence",TRUE,FALSE
"CNA_event_000981","PASGDZ","HETDEL",981,"9",21829701,21993800,164100,2,2,"ENSE00003496053",21970902,21971208,21970902,21971208,307,1,TRUE,1,3,"whole_coding_sequence",TRUE,FALSE
"CNA_event_000981","PASGDZ","HETDEL",981,"9",21829701,21993800,164100,3,3,"ENSE00003529527",21968232,21968242,21968232,21968242,11,1,TRUE,1,3,"whole_coding_sequence",TRUE,FALSE
"CNA_event_000982","PARVSC","HETDEL",982,"9",21408201,22119400,711200,1,1,"ENSE00001833804",21974678,21974827,21974678,21974827,150,1,TRUE,1,3,"whole_coding_sequence",TRUE,FALSE
"CNA_event_000982","PARVSC","HETDEL",982,"9",21408201,22119400,711200,2,2,"ENSE00003496053",21970902,21971208,21970902,21971208,307,1,TRUE,1,3,"whole_coding_sequence",TRUE,FALSE
"CNA_event_000982","PARVSC","HETDEL",982,"9",21408201,22119400,711200,3,3,"ENSE00003529527",21968232,21968242,21968232,21968242,11,1,TRUE,1,3,"whole_coding_sequence",TRUE,FALSE
"CNA_event_000983","PAVYDR","HETDEL",983,"9",10101,39839100,39829000,1,1,"ENSE00001833804",21974678,21974827,21974678,21974827,150,1,TRUE,1,3,"whole_coding_sequence",TRUE,FALSE
"CNA_event_000983","PAVYDR","HETDEL",983,"9",10101,39839100,39829000,2,2,"ENSE00003496053",21970902,21971208,21970902,21971208,307,1,TRUE,1,3,"whole_coding_sequence",TRUE,FALSE
"CNA_event_000983","PAVYDR","HETDEL",983,"9",10101,39839100,39829000,3,3,"ENSE00003529527",21968232,21968242,21968232,21968242,11,1,TRUE,1,3,"whole_coding_sequence",TRUE,FALSE
"CNA_event_000985","PAUWNK","HETDEL",985,"9",10101,30736100,30726000,1,1,"ENSE00001833804",21974678,21974827,21974678,21974827,150,1,TRUE,1,3,"whole_coding_sequence",TRUE,FALSE
"CNA_event_000985","PAUWNK","HETDEL",985,"9",10101,30736100,30726000,2,2,"ENSE00003496053",21970902,21971208,21970902,21971208,307,1,TRUE,1,3,"whole_coding_sequence",TRUE,FALSE
"CNA_event_000985","PAUWNK","HETDEL",985,"9",10101,30736100,30726000,3,3,"ENSE00003529527",21968232,21968242,21968232,21968242,11,1,TRUE,1,3,"whole_coding_sequence",TRUE,FALSE
"CNA_event_000986","PAUTRX","HETDEL",986,"9",19395601,22295300,2899700,1,1,"ENSE00001833804",21974678,21974827,21974678,21974827,150,1,TRUE,1,3,"whole_coding_sequence",TRUE,FALSE
"CNA_event_000986","PAUTRX","HETDEL",986,"9",19395601,22295300,2899700,2,2,"ENSE00003496053",21970902,21971208,21970902,21971208,307,1,TRUE,1,3,"whole_coding_sequence",TRUE,FALSE
"CNA_event_000986","PAUTRX","HETDEL",986,"9",19395601,22295300,2899700,3,3,"ENSE00003529527",21968232,21968242,21968232,21968242,11,1,TRUE,1,3,"whole_coding_sequence",TRUE,FALSE
"CNA_event_000988","PATLMA","HETDEL",988,"9",21191901,22972000,1780100,1,1,"ENSE00001833804",21974678,21974827,21974678,21974827,150,1,TRUE,1,3,"whole_coding_sequence",TRUE,FALSE
"CNA_event_000988","PATLMA","HETDEL",988,"9",21191901,22972000,1780100,2,2,"ENSE00003496053",21970902,21971208,21970902,21971208,307,1,TRUE,1,3,"whole_coding_sequence",TRUE,FALSE
"CNA_event_000988","PATLMA","HETDEL",988,"9",21191901,22972000,1780100,3,3,"ENSE00003529527",21968232,21968242,21968232,21968242,11,1,TRUE,1,3,"whole_coding_sequence",TRUE,FALSE
"CNA_event_000990","PATBRV","HETDEL",990,"9",21946301,22041200,94900,1,1,"ENSE00001833804",21974678,21974827,21974678,21974827,150,1,TRUE,1,3,"whole_coding_sequence",TRUE,FALSE
"CNA_event_000990","PATBRV","HETDEL",990,"9",21946301,22041200,94900,2,2,"ENSE00003496053",21970902,21971208,21970902,21971208,307,1,TRUE,1,3,"whole_coding_sequence",TRUE,FALSE
"CNA_event_000990","PATBRV","HETDEL",990,"9",21946301,22041200,94900,3,3,"ENSE00003529527",21968232,21968242,21968232,21968242,11,1,TRUE,1,3,"whole_coding_sequence",TRUE,FALSE
"CNA_event_000991","PATAYT","HETDEL",991,"9",10101,23362800,23352700,1,1,"ENSE00001833804",21974678,21974827,21974678,21974827,150,1,TRUE,1,3,"whole_coding_sequence",TRUE,FALSE
"CNA_event_000991","PATAYT","HETDEL",991,"9",10101,23362800,23352700,2,2,"ENSE00003496053",21970902,21971208,21970902,21971208,307,1,TRUE,1,3,"whole_coding_sequence",TRUE,FALSE
"CNA_event_000991","PATAYT","HETDEL",991,"9",10101,23362800,23352700,3,3,"ENSE00003529527",21968232,21968242,21968232,21968242,11,1,TRUE,1,3,"whole_coding_sequence",TRUE,FALSE
"CNA_event_000992","PASWNU","HETDEL",992,"9",10101,23362600,23352500,1,1,"ENSE00001833804",21974678,21974827,21974678,21974827,150,1,TRUE,1,3,"whole_coding_sequence",TRUE,FALSE
"CNA_event_000992","PASWNU","HETDEL",992,"9",10101,23362600,23352500,2,2,"ENSE00003496053",21970902,21971208,21970902,21971208,307,1,TRUE,1,3,"whole_coding_sequence",TRUE,FALSE
"CNA_event_000992","PASWNU","HETDEL",992,"9",10101,23362600,23352500,3,3,"ENSE00003529527",21968232,21968242,21968232,21968242,11,1,TRUE,1,3,"whole_coding_sequence",TRUE,FALSE
"CNA_event_000993","PASRNF","HETDEL",993,"9",21825501,21994200,168700,1,1,"ENSE00001833804",21974678,21974827,21974678,21974827,150,1,TRUE,1,3,"whole_coding_sequence",TRUE,FALSE
"CNA_event_000993","PASRNF","HETDEL",993,"9",21825501,21994200,168700,2,2,"ENSE00003496053",21970902,21971208,21970902,21971208,307,1,TRUE,1,3,"whole_coding_sequence",TRUE,FALSE
"CNA_event_000993","PASRNF","HETDEL",993,"9",21825501,21994200,168700,3,3,"ENSE00003529527",21968232,21968242,21968232,21968242,11,1,TRUE,1,3,"whole_coding_sequence",TRUE,FALSE
"CNA_event_000995","PARWID","HETDEL",995,"9",21972001,33140600,11168600,1,1,"ENSE00001833804",21974678,21974827,21974678,21974827,150,1,TRUE,0.320512820512821,1,"high_resolution_le_50pct",TRUE,TRUE
"CNA_event_000996","PAVARZ","HETDEL",996,"9",21616401,23362800,1746400,1,1,"ENSE00001833804",21974678,21974827,21974678,21974827,150,1,TRUE,1,3,"whole_coding_sequence",TRUE,FALSE
"CNA_event_000996","PAVARZ","HETDEL",996,"9",21616401,23362800,1746400,2,2,"ENSE00003496053",21970902,21971208,21970902,21971208,307,1,TRUE,1,3,"whole_coding_sequence",TRUE,FALSE
"CNA_event_000996","PAVARZ","HETDEL",996,"9",21616401,23362800,1746400,3,3,"ENSE00003529527",21968232,21968242,21968232,21968242,11,1,TRUE,1,3,"whole_coding_sequence",TRUE,FALSE
"CNA_event_000998","PAWFLB","HETDEL",998,"9",17407001,23362600,5955600,1,1,"ENSE00001833804",21974678,21974827,21974678,21974827,150,1,TRUE,1,3,"whole_coding_sequence",TRUE,FALSE
"CNA_event_000998","PAWFLB","HETDEL",998,"9",17407001,23362600,5955600,2,2,"ENSE00003496053",21970902,21971208,21970902,21971208,307,1,TRUE,1,3,"whole_coding_sequence",TRUE,FALSE
"CNA_event_000998","PAWFLB","HETDEL",998,"9",17407001,23362600,5955600,3,3,"ENSE00003529527",21968232,21968242,21968232,21968242,11,1,TRUE,1,3,"whole_coding_sequence",TRUE,FALSE
"CNA_event_000999","PAVLKA","HETDEL",999,"9",21864201,21994900,130700,1,1,"ENSE00001833804",21974678,21974827,21974678,21974827,150,1,TRUE,1,3,"whole_coding_sequence",TRUE,FALSE
"CNA_event_000999","PAVLKA","HETDEL",999,"9",21864201,21994900,130700,2,2,"ENSE00003496053",21970902,21971208,21970902,21971208,307,1,TRUE,1,3,"whole_coding_sequence",TRUE,FALSE
"CNA_event_000999","PAVLKA","HETDEL",999,"9",21864201,21994900,130700,3,3,"ENSE00003529527",21968232,21968242,21968232,21968242,11,1,TRUE,1,3,"whole_coding_sequence",TRUE,FALSE
"CNA_event_001002","PATLWX","HETDEL",1002,"9",21891801,22172600,280800,1,1,"ENSE00001833804",21974678,21974827,21974678,21974827,150,1,TRUE,1,3,"whole_coding_sequence",TRUE,FALSE
"CNA_event_001002","PATLWX","HETDEL",1002,"9",21891801,22172600,280800,2,2,"ENSE00003496053",21970902,21971208,21970902,21971208,307,1,TRUE,1,3,"whole_coding_sequence",TRUE,FALSE
"CNA_event_001002","PATLWX","HETDEL",1002,"9",21891801,22172600,280800,3,3,"ENSE00003529527",21968232,21968242,21968232,21968242,11,1,TRUE,1,3,"whole_coding_sequence",TRUE,FALSE
"CNA_event_001003","PAWHJR","HETDEL",1003,"9",8721601,23362800,14641200,1,1,"ENSE00001833804",21974678,21974827,21974678,21974827,150,1,TRUE,1,3,"whole_coding_sequence",TRUE,FALSE
"CNA_event_001003","PAWHJR","HETDEL",1003,"9",8721601,23362800,14641200,2,2,"ENSE00003496053",21970902,21971208,21970902,21971208,307,1,TRUE,1,3,"whole_coding_sequence",TRUE,FALSE
"CNA_event_001003","PAWHJR","HETDEL",1003,"9",8721601,23362800,14641200,3,3,"ENSE00003529527",21968232,21968242,21968232,21968242,11,1,TRUE,1,3,"whole_coding_sequence",TRUE,FALSE
"CNA_event_001004","PAUSNZ","HETDEL",1004,"9",21305801,22556400,1250600,1,1,"ENSE00001833804",21974678,21974827,21974678,21974827,150,1,TRUE,1,3,"whole_coding_sequence",TRUE,FALSE
"CNA_event_001004","PAUSNZ","HETDEL",1004,"9",21305801,22556400,1250600,2,2,"ENSE00003496053",21970902,21971208,21970902,21971208,307,1,TRUE,1,3,"whole_coding_sequence",TRUE,FALSE
"CNA_event_001004","PAUSNZ","HETDEL",1004,"9",21305801,22556400,1250600,3,3,"ENSE00003529527",21968232,21968242,21968232,21968242,11,1,TRUE,1,3,"whole_coding_sequence",TRUE,FALSE
"CNA_event_001005","PATIYA","HETDEL",1005,"9",21830201,22011400,181200,1,1,"ENSE00001833804",21974678,21974827,21974678,21974827,150,1,TRUE,1,3,"whole_coding_sequence",TRUE,FALSE
"CNA_event_001005","PATIYA","HETDEL",1005,"9",21830201,22011400,181200,2,2,"ENSE00003496053",21970902,21971208,21970902,21971208,307,1,TRUE,1,3,"whole_coding_sequence",TRUE,FALSE
"CNA_event_001005","PATIYA","HETDEL",1005,"9",21830201,22011400,181200,3,3,"ENSE00003529527",21968232,21968242,21968232,21968242,11,1,TRUE,1,3,"whole_coding_sequence",TRUE,FALSE
"CNA_event_001007","PASZJW","HETDEL",1007,"9",21836001,21971800,135800,2,2,"ENSE00003496053",21970902,21971208,21970902,21971208,307,1,TRUE,0.67948717948718,2,"moderate_resolution_50_75pct",TRUE,TRUE
"CNA_event_001007","PASZJW","HETDEL",1007,"9",21836001,21971800,135800,3,3,"ENSE00003529527",21968232,21968242,21968232,21968242,11,1,TRUE,0.67948717948718,2,"moderate_resolution_50_75pct",TRUE,TRUE
"CNA_event_001008","PAVLUN","HETDEL",1008,"9",21825901,22169200,343300,1,1,"ENSE00001833804",21974678,21974827,21974678,21974827,150,1,TRUE,1,3,"whole_coding_sequence",TRUE,FALSE
"CNA_event_001008","PAVLUN","HETDEL",1008,"9",21825901,22169200,343300,2,2,"ENSE00003496053",21970902,21971208,21970902,21971208,307,1,TRUE,1,3,"whole_coding_sequence",TRUE,FALSE
"CNA_event_001008","PAVLUN","HETDEL",1008,"9",21825901,22169200,343300,3,3,"ENSE00003529527",21968232,21968242,21968232,21968242,11,1,TRUE,1,3,"whole_coding_sequence",TRUE,FALSE
"CNA_event_001009","PAVFKN","HETDEL",1009,"9",21967001,22146500,179500,1,1,"ENSE00001833804",21974678,21974827,21974678,21974827,150,1,TRUE,1,3,"whole_coding_sequence",TRUE,FALSE
"CNA_event_001009","PAVFKN","HETDEL",1009,"9",21967001,22146500,179500,2,2,"ENSE00003496053",21970902,21971208,21970902,21971208,307,1,TRUE,1,3,"whole_coding_sequence",TRUE,FALSE
"CNA_event_001009","PAVFKN","HETDEL",1009,"9",21967001,22146500,179500,3,3,"ENSE00003529527",21968232,21968242,21968232,21968242,11,1,TRUE,1,3,"whole_coding_sequence",TRUE,FALSE
"CNA_event_001011","PAUUZY","HETDEL",1011,"9",10101,32205200,32195100,1,1,"ENSE00001833804",21974678,21974827,21974678,21974827,150,1,TRUE,1,3,"whole_coding_sequence",TRUE,FALSE
"CNA_event_001011","PAUUZY","HETDEL",1011,"9",10101,32205200,32195100,2,2,"ENSE00003496053",21970902,21971208,21970902,21971208,307,1,TRUE,1,3,"whole_coding_sequence",TRUE,FALSE
"CNA_event_001011","PAUUZY","HETDEL",1011,"9",10101,32205200,32195100,3,3,"ENSE00003529527",21968232,21968242,21968232,21968242,11,1,TRUE,1,3,"whole_coding_sequence",TRUE,FALSE
"CNA_event_001012","PAUUXK","HETDEL",1012,"9",12163001,21972600,9809600,2,2,"ENSE00003496053",21970902,21971208,21970902,21971208,307,1,TRUE,0.67948717948718,2,"moderate_resolution_50_75pct",TRUE,TRUE
"CNA_event_001012","PAUUXK","HETDEL",1012,"9",12163001,21972600,9809600,3,3,"ENSE00003529527",21968232,21968242,21968232,21968242,11,1,TRUE,0.67948717948718,2,"moderate_resolution_50_75pct",TRUE,TRUE
"CNA_event_001014","PAUELB","HETDEL",1014,"9",10101,28570100,28560000,1,1,"ENSE00001833804",21974678,21974827,21974678,21974827,150,1,TRUE,1,3,"whole_coding_sequence",TRUE,FALSE
"CNA_event_001014","PAUELB","HETDEL",1014,"9",10101,28570100,28560000,2,2,"ENSE00003496053",21970902,21971208,21970902,21971208,307,1,TRUE,1,3,"whole_coding_sequence",TRUE,FALSE
"CNA_event_001014","PAUELB","HETDEL",1014,"9",10101,28570100,28560000,3,3,"ENSE00003529527",21968232,21968242,21968232,21968242,11,1,TRUE,1,3,"whole_coding_sequence",TRUE,FALSE
"CNA_event_001015","PATXAL","HETDEL",1015,"9",15821901,23362700,7540800,1,1,"ENSE00001833804",21974678,21974827,21974678,21974827,150,1,TRUE,1,3,"whole_coding_sequence",TRUE,FALSE
"CNA_event_001015","PATXAL","HETDEL",1015,"9",15821901,23362700,7540800,2,2,"ENSE00003496053",21970902,21971208,21970902,21971208,307,1,TRUE,1,3,"whole_coding_sequence",TRUE,FALSE
"CNA_event_001015","PATXAL","HETDEL",1015,"9",15821901,23362700,7540800,3,3,"ENSE00003529527",21968232,21968242,21968232,21968242,11,1,TRUE,1,3,"whole_coding_sequence",TRUE,FALSE
"CNA_event_001016","PATCNG","HETDEL",1016,"9",528001,36139600,35611600,1,1,"ENSE00001833804",21974678,21974827,21974678,21974827,150,1,TRUE,1,3,"whole_coding_sequence",TRUE,FALSE
"CNA_event_001016","PATCNG","HETDEL",1016,"9",528001,36139600,35611600,2,2,"ENSE00003496053",21970902,21971208,21970902,21971208,307,1,TRUE,1,3,"whole_coding_sequence",TRUE,FALSE
"CNA_event_001016","PATCNG","HETDEL",1016,"9",528001,36139600,35611600,3,3,"ENSE00003529527",21968232,21968242,21968232,21968242,11,1,TRUE,1,3,"whole_coding_sequence",TRUE,FALSE
"CNA_event_001018","PARICC","HETDEL",1018,"9",21635401,22496600,861200,1,1,"ENSE00001833804",21974678,21974827,21974678,21974827,150,1,TRUE,1,3,"whole_coding_sequence",TRUE,FALSE
"CNA_event_001018","PARICC","HETDEL",1018,"9",21635401,22496600,861200,2,2,"ENSE00003496053",21970902,21971208,21970902,21971208,307,1,TRUE,1,3,"whole_coding_sequence",TRUE,FALSE
"CNA_event_001018","PARICC","HETDEL",1018,"9",21635401,22496600,861200,3,3,"ENSE00003529527",21968232,21968242,21968232,21968242,11,1,TRUE,1,3,"whole_coding_sequence",TRUE,FALSE
"CNA_event_001019","PARGIR","HETDEL",1019,"9",10101,23362800,23352700,1,1,"ENSE00001833804",21974678,21974827,21974678,21974827,150,1,TRUE,1,3,"whole_coding_sequence",TRUE,FALSE
"CNA_event_001019","PARGIR","HETDEL",1019,"9",10101,23362800,23352700,2,2,"ENSE00003496053",21970902,21971208,21970902,21971208,307,1,TRUE,1,3,"whole_coding_sequence",TRUE,FALSE
"CNA_event_001019","PARGIR","HETDEL",1019,"9",10101,23362800,23352700,3,3,"ENSE00003529527",21968232,21968242,21968232,21968242,11,1,TRUE,1,3,"whole_coding_sequence",TRUE,FALSE
"CNA_event_001020","PARDFP","HETDEL",1020,"9",21455001,22425700,970700,1,1,"ENSE00001833804",21974678,21974827,21974678,21974827,150,1,TRUE,1,3,"whole_coding_sequence",TRUE,FALSE
"CNA_event_001020","PARDFP","HETDEL",1020,"9",21455001,22425700,970700,2,2,"ENSE00003496053",21970902,21971208,21970902,21971208,307,1,TRUE,1,3,"whole_coding_sequence",TRUE,FALSE
"CNA_event_001020","PARDFP","HETDEL",1020,"9",21455001,22425700,970700,3,3,"ENSE00003529527",21968232,21968242,21968232,21968242,11,1,TRUE,1,3,"whole_coding_sequence",TRUE,FALSE
"CNA_event_001022","PATFMG","HETDEL",1022,"9",21868101,21971800,103700,2,2,"ENSE00003496053",21970902,21971208,21970902,21971208,307,1,TRUE,0.67948717948718,2,"moderate_resolution_50_75pct",TRUE,TRUE
"CNA_event_001022","PATFMG","HETDEL",1022,"9",21868101,21971800,103700,3,3,"ENSE00003529527",21968232,21968242,21968232,21968242,11,1,TRUE,0.67948717948718,2,"moderate_resolution_50_75pct",TRUE,TRUE
"CNA_event_001023","PARJSM","HETDEL",1023,"9",21901601,22033800,132200,1,1,"ENSE00001833804",21974678,21974827,21974678,21974827,150,1,TRUE,1,3,"whole_coding_sequence",TRUE,FALSE
"CNA_event_001023","PARJSM","HETDEL",1023,"9",21901601,22033800,132200,2,2,"ENSE00003496053",21970902,21971208,21970902,21971208,307,1,TRUE,1,3,"whole_coding_sequence",TRUE,FALSE
"CNA_event_001023","PARJSM","HETDEL",1023,"9",21901601,22033800,132200,3,3,"ENSE00003529527",21968232,21968242,21968232,21968242,11,1,TRUE,1,3,"whole_coding_sequence",TRUE,FALSE
"CNA_event_001024","PARFXJ","HETDEL",1024,"9",15509301,39589000,24079700,1,1,"ENSE00001833804",21974678,21974827,21974678,21974827,150,1,TRUE,1,3,"whole_coding_sequence",TRUE,FALSE
"CNA_event_001024","PARFXJ","HETDEL",1024,"9",15509301,39589000,24079700,2,2,"ENSE00003496053",21970902,21971208,21970902,21971208,307,1,TRUE,1,3,"whole_coding_sequence",TRUE,FALSE
"CNA_event_001024","PARFXJ","HETDEL",1024,"9",15509301,39589000,24079700,3,3,"ENSE00003529527",21968232,21968242,21968232,21968242,11,1,TRUE,1,3,"whole_coding_sequence",TRUE,FALSE
"CNA_event_001025","PAWGYN","HETDEL",1025,"9",21253801,22496500,1242700,1,1,"ENSE00001833804",21974678,21974827,21974678,21974827,150,1,TRUE,1,3,"whole_coding_sequence",TRUE,FALSE
"CNA_event_001025","PAWGYN","HETDEL",1025,"9",21253801,22496500,1242700,2,2,"ENSE00003496053",21970902,21971208,21970902,21971208,307,1,TRUE,1,3,"whole_coding_sequence",TRUE,FALSE
"CNA_event_001025","PAWGYN","HETDEL",1025,"9",21253801,22496500,1242700,3,3,"ENSE00003529527",21968232,21968242,21968232,21968242,11,1,TRUE,1,3,"whole_coding_sequence",TRUE,FALSE
"CNA_event_001026","PAWFBC","HETDEL",1026,"9",5339601,22496500,17156900,1,1,"ENSE00001833804",21974678,21974827,21974678,21974827,150,1,TRUE,1,3,"whole_coding_sequence",TRUE,FALSE
"CNA_event_001026","PAWFBC","HETDEL",1026,"9",5339601,22496500,17156900,2,2,"ENSE00003496053",21970902,21971208,21970902,21971208,307,1,TRUE,1,3,"whole_coding_sequence",TRUE,FALSE
"CNA_event_001026","PAWFBC","HETDEL",1026,"9",5339601,22496500,17156900,3,3,"ENSE00003529527",21968232,21968242,21968232,21968242,11,1,TRUE,1,3,"whole_coding_sequence",TRUE,FALSE
"CNA_event_001027","PAVHBN","HETDEL",1027,"9",21955101,22021300,66200,1,1,"ENSE00001833804",21974678,21974827,21974678,21974827,150,1,TRUE,1,3,"whole_coding_sequence",TRUE,FALSE
"CNA_event_001027","PAVHBN","HETDEL",1027,"9",21955101,22021300,66200,2,2,"ENSE00003496053",21970902,21971208,21970902,21971208,307,1,TRUE,1,3,"whole_coding_sequence",TRUE,FALSE
"CNA_event_001027","PAVHBN","HETDEL",1027,"9",21955101,22021300,66200,3,3,"ENSE00003529527",21968232,21968242,21968232,21968242,11,1,TRUE,1,3,"whole_coding_sequence",TRUE,FALSE
"CNA_event_001028","PAVHAV","HETDEL",1028,"9",21866201,21994200,128000,1,1,"ENSE00001833804",21974678,21974827,21974678,21974827,150,1,TRUE,1,3,"whole_coding_sequence",TRUE,FALSE
"CNA_event_001028","PAVHAV","HETDEL",1028,"9",21866201,21994200,128000,2,2,"ENSE00003496053",21970902,21971208,21970902,21971208,307,1,TRUE,1,3,"whole_coding_sequence",TRUE,FALSE
"CNA_event_001028","PAVHAV","HETDEL",1028,"9",21866201,21994200,128000,3,3,"ENSE00003529527",21968232,21968242,21968232,21968242,11,1,TRUE,1,3,"whole_coding_sequence",TRUE,FALSE
"CNA_event_001030","PAUKDP","HETDEL",1030,"9",19806801,22496500,2689700,1,1,"ENSE00001833804",21974678,21974827,21974678,21974827,150,1,TRUE,1,3,"whole_coding_sequence",TRUE,FALSE
"CNA_event_001030","PAUKDP","HETDEL",1030,"9",19806801,22496500,2689700,2,2,"ENSE00003496053",21970902,21971208,21970902,21971208,307,1,TRUE,1,3,"whole_coding_sequence",TRUE,FALSE
"CNA_event_001030","PAUKDP","HETDEL",1030,"9",19806801,22496500,2689700,3,3,"ENSE00003529527",21968232,21968242,21968232,21968242,11,1,TRUE,1,3,"whole_coding_sequence",TRUE,FALSE
"CNA_event_001031","PAUDVG","HETDEL",1031,"9",15963801,24614000,8650200,1,1,"ENSE00001833804",21974678,21974827,21974678,21974827,150,1,TRUE,1,3,"whole_coding_sequence",TRUE,FALSE
"CNA_event_001031","PAUDVG","HETDEL",1031,"9",15963801,24614000,8650200,2,2,"ENSE00003496053",21970902,21971208,21970902,21971208,307,1,TRUE,1,3,"whole_coding_sequence",TRUE,FALSE
"CNA_event_001031","PAUDVG","HETDEL",1031,"9",15963801,24614000,8650200,3,3,"ENSE00003529527",21968232,21968242,21968232,21968242,11,1,TRUE,1,3,"whole_coding_sequence",TRUE,FALSE
"CNA_event_001032","PAUBGT","HETDEL",1032,"9",10101,22496300,22486200,1,1,"ENSE00001833804",21974678,21974827,21974678,21974827,150,1,TRUE,1,3,"whole_coding_sequence",TRUE,FALSE
"CNA_event_001032","PAUBGT","HETDEL",1032,"9",10101,22496300,22486200,2,2,"ENSE00003496053",21970902,21971208,21970902,21971208,307,1,TRUE,1,3,"whole_coding_sequence",TRUE,FALSE
"CNA_event_001032","PAUBGT","HETDEL",1032,"9",10101,22496300,22486200,3,3,"ENSE00003529527",21968232,21968242,21968232,21968242,11,1,TRUE,1,3,"whole_coding_sequence",TRUE,FALSE
"CNA_event_001033","PATJHK","HETDEL",1033,"9",11569501,23362800,11793300,1,1,"ENSE00001833804",21974678,21974827,21974678,21974827,150,1,TRUE,1,3,"whole_coding_sequence",TRUE,FALSE
"CNA_event_001033","PATJHK","HETDEL",1033,"9",11569501,23362800,11793300,2,2,"ENSE00003496053",21970902,21971208,21970902,21971208,307,1,TRUE,1,3,"whole_coding_sequence",TRUE,FALSE
"CNA_event_001033","PATJHK","HETDEL",1033,"9",11569501,23362800,11793300,3,3,"ENSE00003529527",21968232,21968242,21968232,21968242,11,1,TRUE,1,3,"whole_coding_sequence",TRUE,FALSE
"CNA_event_001034","PASJMC","HETDEL",1034,"9",21833401,23077900,1244500,1,1,"ENSE00001833804",21974678,21974827,21974678,21974827,150,1,TRUE,1,3,"whole_coding_sequence",TRUE,FALSE
"CNA_event_001034","PASJMC","HETDEL",1034,"9",21833401,23077900,1244500,2,2,"ENSE00003496053",21970902,21971208,21970902,21971208,307,1,TRUE,1,3,"whole_coding_sequence",TRUE,FALSE
"CNA_event_001034","PASJMC","HETDEL",1034,"9",21833401,23077900,1244500,3,3,"ENSE00003529527",21968232,21968242,21968232,21968242,11,1,TRUE,1,3,"whole_coding_sequence",TRUE,FALSE
"CNA_event_001035","PAVRYP","GAIN",1035,"9",21968183,21974217,6035,2,2,"ENSE00003496053",21970902,21971208,21970902,21971208,307,1,TRUE,0.67948717948718,2,"moderate_resolution_50_75pct",TRUE,TRUE
"CNA_event_001035","PAVRYP","GAIN",1035,"9",21968183,21974217,6035,3,3,"ENSE00003529527",21968232,21968242,21968232,21968242,11,1,TRUE,0.67948717948718,2,"moderate_resolution_50_75pct",TRUE,TRUE
"CNA_event_001036","PAUTUL","GAIN",1036,"9",21970758,21973944,3187,2,2,"ENSE00003496053",21970902,21971208,21970902,21971208,307,1,TRUE,0.655982905982906,1,"moderate_resolution_50_75pct",TRUE,TRUE
