"cluster_id","analysis_type","cna_type","supports_analysis_type","event_id","subject_id","event_coding_fraction","event_localization_class","n_cluster_exons_hit_by_event","spans_multiple_cluster_exons","affected_exon_orders_in_cluster","affected_transcript_exon_ranks_in_cluster","affected_exon_ids_in_cluster"
"HOMDEL_cluster_0001","HOMDEL","HOMDEL",TRUE,"CNA_event_000157","PARHPU",0.320512820512821,"high_resolution_le_50pct",1,FALSE,"1","1","ENSE00001833804"
"HOMDEL_cluster_0001","HOMDEL","HETDEL",FALSE,"CNA_event_000811","PARHPU",0.67948717948718,"moderate_resolution_50_75pct",1,FALSE,"2","2","ENSE00003496053"
"HOMDEL_cluster_0001","HOMDEL","HOMDEL",TRUE,"CNA_event_000155","PARIYD",0.320512820512821,"high_resolution_le_50pct",1,FALSE,"1","1","ENSE00001833804"
"HOMDEL_cluster_0001","HOMDEL","HETDEL",FALSE,"CNA_event_000809","PARIYD",0.67948717948718,"moderate_resolution_50_75pct",1,FALSE,"2","2","ENSE00003496053"
"HOMDEL_cluster_0001","HOMDEL","HOMDEL",TRUE,"CNA_event_000684","PARWID",0.67948717948718,"moderate_resolution_50_75pct",1,FALSE,"2","2","ENSE00003496053"
"HOMDEL_cluster_0001","HOMDEL","HETDEL",FALSE,"CNA_event_000995","PARWID",0.320512820512821,"high_resolution_le_50pct",1,FALSE,"1","1","ENSE00001833804"
"HOMDEL_cluster_0001","HOMDEL","HOMDEL",TRUE,"CNA_event_000442","PARXPZ",0.320512820512821,"high_resolution_le_50pct",1,FALSE,"1","1","ENSE00001833804"
"HOMDEL_cluster_0001","HOMDEL","HETDEL",FALSE,"CNA_event_000919","PARXPZ",0.67948717948718,"moderate_resolution_50_75pct",1,FALSE,"2","2","ENSE00003496053"
"HOMDEL_cluster_0001","HOMDEL","HETDEL",FALSE,"CNA_event_000915","PASGRD",0.320512820512821,"high_resolution_le_50pct",1,FALSE,"1","1","ENSE00001833804"
"HOMDEL_cluster_0001","HOMDEL","HOMDEL",TRUE,"CNA_event_000662","PASGUH",0.976495726495726,"very_low_resolution_90_lt_100pct",2,TRUE,"1;2","1;2","ENSE00001833804;ENSE00003496053"
"HOMDEL_cluster_0001","HOMDEL","HOMDEL",TRUE,"CNA_event_000133","PASKWG",0.320512820512821,"high_resolution_le_50pct",1,FALSE,"1","1","ENSE00001833804"
"HOMDEL_cluster_0001","HOMDEL","HOMDEL",TRUE,"CNA_event_000430","PASPDS",0.976495726495726,"very_low_resolution_90_lt_100pct",2,TRUE,"1;2","1;2","ENSE00001833804;ENSE00003496053"
"HOMDEL_cluster_0001","HOMDEL","HETDEL",FALSE,"CNA_event_000910","PASPNW",0.976495726495726,"very_low_resolution_90_lt_100pct",2,TRUE,"1;2","1;2","ENSE00001833804;ENSE00003496053"
"HOMDEL_cluster_0001","HOMDEL","HOMDEL",TRUE,"CNA_event_000585","PASRAF",0.67948717948718,"moderate_resolution_50_75pct",1,FALSE,"2","2","ENSE00003496053"
"HOMDEL_cluster_0001","HOMDEL","HETDEL",FALSE,"CNA_event_000946","PASRAF",0.320512820512821,"high_resolution_le_50pct",1,FALSE,"1","1","ENSE00001833804"
"HOMDEL_cluster_0001","HOMDEL","HETDEL",FALSE,"CNA_event_000904","PASWSR",0.320512820512821,"high_resolution_le_50pct",1,FALSE,"1","1","ENSE00001833804"
"HOMDEL_cluster_0001","HOMDEL","HOMDEL",TRUE,"CNA_event_000714","PASZJW",0.320512820512821,"high_resolution_le_50pct",1,FALSE,"1","1","ENSE00001833804"
"HOMDEL_cluster_0001","HOMDEL","HETDEL",FALSE,"CNA_event_001007","PASZJW",0.67948717948718,"moderate_resolution_50_75pct",1,FALSE,"2","2","ENSE00003496053"
"HOMDEL_cluster_0001","HOMDEL","HETDEL",FALSE,"CNA_event_000959","PATAHP",0.976495726495726,"very_low_resolution_90_lt_100pct",2,TRUE,"1;2","1;2","ENSE00001833804;ENSE00003496053"
"HOMDEL_cluster_0001","HOMDEL","HOMDEL",TRUE,"CNA_event_000700","PATBDJ",0.67948717948718,"moderate_resolution_50_75pct",1,FALSE,"2","2","ENSE00003496053"
"HOMDEL_cluster_0001","HOMDEL","HOMDEL",TRUE,"CNA_event_000701","PATBDJ",0.320512820512821,"high_resolution_le_50pct",1,FALSE,"1","1","ENSE00001833804"
"HOMDEL_cluster_0001","HOMDEL","HOMDEL",TRUE,"CNA_event_000575","PATCML",0.320512820512821,"high_resolution_le_50pct",1,FALSE,"1","1","ENSE00001833804"
"HOMDEL_cluster_0001","HOMDEL","HETDEL",FALSE,"CNA_event_000943","PATCML",0.67948717948718,"moderate_resolution_50_75pct",1,FALSE,"2","2","ENSE00003496053"
"HOMDEL_cluster_0001","HOMDEL","HOMDEL",TRUE,"CNA_event_000625","PATEVL",0.320512820512821,"high_resolution_le_50pct",1,FALSE,"1","1","ENSE00001833804"
"HOMDEL_cluster_0001","HOMDEL","HETDEL",FALSE,"CNA_event_001022","PATFMG",0.67948717948718,"moderate_resolution_50_75pct",1,FALSE,"2","2","ENSE00003496053"
"HOMDEL_cluster_0001","HOMDEL","HOMDEL",TRUE,"CNA_event_000102","PATJBC",0.976495726495726,"very_low_resolution_90_lt_100pct",2,TRUE,"1;2","1;2","ENSE00001833804;ENSE00003496053"
"HOMDEL_cluster_0001","HOMDEL","HETDEL",FALSE,"CNA_event_000898","PATPDA",0.976495726495726,"very_low_resolution_90_lt_100pct",2,TRUE,"1;2","1;2","ENSE00001833804;ENSE00003496053"
"HOMDEL_cluster_0001","HOMDEL","HOMDEL",TRUE,"CNA_event_000696","PATRJL",0.67948717948718,"moderate_resolution_50_75pct",1,FALSE,"2","2","ENSE00003496053"
"HOMDEL_cluster_0001","HOMDEL","HETDEL",FALSE,"CNA_event_000892","PATVTZ",0.67948717948718,"moderate_resolution_50_75pct",1,FALSE,"2","2","ENSE00003496053"
"HOMDEL_cluster_0001","HOMDEL","HOMDEL",TRUE,"CNA_event_000749","PAUGEJ",0.67948717948718,"moderate_resolution_50_75pct",1,FALSE,"2","2","ENSE00003496053"
"HOMDEL_cluster_0001","HOMDEL","HOMDEL",TRUE,"CNA_event_000750","PAUGEJ",0.320512820512821,"high_resolution_le_50pct",1,FALSE,"1","1","ENSE00001833804"
"HOMDEL_cluster_0001","HOMDEL","HOMDEL",TRUE,"CNA_event_000748","PAUGEP",0.235042735042735,"high_resolution_le_50pct",1,FALSE,"2","2","ENSE00003496053"
"HOMDEL_cluster_0001","HOMDEL","HOMDEL",TRUE,"CNA_event_000533","PAUJYN",0.67948717948718,"moderate_resolution_50_75pct",1,FALSE,"2","2","ENSE00003496053"
"HOMDEL_cluster_0001","HOMDEL","HETDEL",FALSE,"CNA_event_000937","PAUJYN",0.320512820512821,"high_resolution_le_50pct",1,FALSE,"1","1","ENSE00001833804"
"HOMDEL_cluster_0001","HOMDEL","HOMDEL",TRUE,"CNA_event_000185","PAUPHP",0.320512820512821,"high_resolution_le_50pct",1,FALSE,"1","1","ENSE00001833804"
"HOMDEL_cluster_0001","HOMDEL","HETDEL",FALSE,"CNA_event_000819","PAUPHP",0.67948717948718,"moderate_resolution_50_75pct",1,FALSE,"2","2","ENSE00003496053"
"HOMDEL_cluster_0001","HOMDEL","HOMDEL",TRUE,"CNA_event_000621","PAUPVR",0.320512820512821,"high_resolution_le_50pct",1,FALSE,"1","1","ENSE00001833804"
"HOMDEL_cluster_0001","HOMDEL","HETDEL",FALSE,"CNA_event_000961","PAUPVR",0.67948717948718,"moderate_resolution_50_75pct",1,FALSE,"2","2","ENSE00003496053"
"HOMDEL_cluster_0001","HOMDEL","GAIN",FALSE,"CNA_event_001036","PAUTUL",0.655982905982906,"moderate_resolution_50_75pct",1,FALSE,"2","2","ENSE00003496053"
"HOMDEL_cluster_0001","HOMDEL","HOMDEL",TRUE,"CNA_event_000727","PAUUXK",0.320512820512821,"high_resolution_le_50pct",1,FALSE,"1","1","ENSE00001833804"
"HOMDEL_cluster_0001","HOMDEL","HETDEL",FALSE,"CNA_event_001012","PAUUXK",0.67948717948718,"moderate_resolution_50_75pct",1,FALSE,"2","2","ENSE00003496053"
"HOMDEL_cluster_0001","HOMDEL","HOMDEL",TRUE,"CNA_event_000687","PAUXYM",0.67948717948718,"moderate_resolution_50_75pct",1,FALSE,"2","2","ENSE00003496053"
"HOMDEL_cluster_0001","HOMDEL","HETDEL",FALSE,"CNA_event_000765","PAVCEA",0.976495726495726,"very_low_resolution_90_lt_100pct",2,TRUE,"1;2","1;2","ENSE00001833804;ENSE00003496053"
"HOMDEL_cluster_0001","HOMDEL","HOMDEL",TRUE,"CNA_event_000179","PAVESV",0.320512820512821,"high_resolution_le_50pct",1,FALSE,"1","1","ENSE00001833804"
"HOMDEL_cluster_0001","HOMDEL","HETDEL",FALSE,"CNA_event_000818","PAVESV",0.67948717948718,"moderate_resolution_50_75pct",1,FALSE,"2","2","ENSE00003496053"
"HOMDEL_cluster_0001","HOMDEL","HOMDEL",TRUE,"CNA_event_000510","PAVJWE",0.976495726495726,"very_low_resolution_90_lt_100pct",2,TRUE,"1;2","1;2","ENSE00001833804;ENSE00003496053"
"HOMDEL_cluster_0001","HOMDEL","GAIN",FALSE,"CNA_event_001035","PAVRYP",0.67948717948718,"moderate_resolution_50_75pct",1,FALSE,"2","2","ENSE00003496053"
"HOMDEL_cluster_0001","HOMDEL","HOMDEL",TRUE,"CNA_event_000035","PAVSZJ",0.320512820512821,"high_resolution_le_50pct",1,FALSE,"1","1","ENSE00001833804"
"HOMDEL_cluster_0001","HOMDEL","HETDEL",FALSE,"CNA_event_000780","PAVSZJ",0.655982905982906,"moderate_resolution_50_75pct",1,FALSE,"2","2","ENSE00003496053"
"HOMDEL_cluster_0001","HOMDEL","HOMDEL",TRUE,"CNA_event_000288","PAVWUC",0.320512820512821,"high_resolution_le_50pct",1,FALSE,"1","1","ENSE00001833804"
"HOMDEL_cluster_0001","HOMDEL","HOMDEL",TRUE,"CNA_event_000282","PAVXWR",0.67948717948718,"moderate_resolution_50_75pct",1,FALSE,"2","2","ENSE00003496053"
"HOMDEL_cluster_0001","HOMDEL","HOMDEL",TRUE,"CNA_event_000486","PAVZTC",0.320512820512821,"high_resolution_le_50pct",1,FALSE,"1","1","ENSE00001833804"
"HOMDEL_cluster_0001","HOMDEL","HETDEL",FALSE,"CNA_event_000927","PAVZTC",0.67948717948718,"moderate_resolution_50_75pct",1,FALSE,"2","2","ENSE00003496053"
"HOMDEL_cluster_0001","HOMDEL","HOMDEL",TRUE,"CNA_event_000231","PAWAMT",0.67948717948718,"moderate_resolution_50_75pct",1,FALSE,"2","2","ENSE00003496053"
"HOMDEL_cluster_0001","HOMDEL","HETDEL",FALSE,"CNA_event_000830","PAWAMT",0.320512820512821,"high_resolution_le_50pct",1,FALSE,"1","1","ENSE00001833804"
"HOMDEL_cluster_0001","HOMDEL","HOMDEL",TRUE,"CNA_event_000270","PAWGHK",0.67948717948718,"moderate_resolution_50_75pct",1,FALSE,"2","2","ENSE00003496053"
"HOMDEL_cluster_0001","HOMDEL","HETDEL",FALSE,"CNA_event_000848","PAWGHK",0.320512820512821,"high_resolution_le_50pct",1,FALSE,"1","1","ENSE00001833804"
"HOMDEL_cluster_0001","HOMDEL","HOMDEL",TRUE,"CNA_event_000266","PAWGXM",0.976495726495726,"very_low_resolution_90_lt_100pct",2,TRUE,"1;2","1;2","ENSE00001833804;ENSE00003496053"
"HOMDEL_cluster_0001","HOMDEL","HETDEL",FALSE,"CNA_event_000846","PAWHIG",0.320512820512821,"high_resolution_le_50pct",1,FALSE,"1","1","ENSE00001833804"
"HOMDEL_cluster_0001","HOMDEL","HOMDEL",TRUE,"CNA_event_000258","PAWJKX",0.67948717948718,"moderate_resolution_50_75pct",1,FALSE,"2","2","ENSE00003496053"
"HOMDEL_cluster_0001","HOMDEL","HETDEL",FALSE,"CNA_event_000842","PAWJKX",0.320512820512821,"high_resolution_le_50pct",1,FALSE,"1","1","ENSE00001833804"
"HOMDEL_cluster_0001","HOMDEL","HETDEL",FALSE,"CNA_event_000828","PAWJVJ",0.655982905982906,"moderate_resolution_50_75pct",1,FALSE,"2","2","ENSE00003496053"
"HOMDEL_cluster_0001","HOMDEL","HOMDEL",TRUE,"CNA_event_000463","PAWLSN",0.320512820512821,"high_resolution_le_50pct",1,FALSE,"1","1","ENSE00001833804"
"HOMDEL_cluster_0001","HOMDEL","HETDEL",FALSE,"CNA_event_000924","PAWLSN",0.67948717948718,"moderate_resolution_50_75pct",1,FALSE,"2","2","ENSE00003496053"
"HOMDEL_cluster_0001","HOMDEL","HOMDEL",TRUE,"CNA_event_000254","PAWLYX",0.320512820512821,"high_resolution_le_50pct",1,FALSE,"1","1","ENSE00001833804"
"HOMDEL_cluster_0002","HOMDEL","HOMDEL",TRUE,"CNA_event_000157","PARHPU",0.320512820512821,"high_resolution_le_50pct",1,FALSE,"1","1","ENSE00001833804"
"HOMDEL_cluster_0002","HOMDEL","HETDEL",FALSE,"CNA_event_000811","PARHPU",0.67948717948718,"moderate_resolution_50_75pct",2,TRUE,"2;3","2;3","ENSE00003496053;ENSE00003529527"
"HOMDEL_cluster_0002","HOMDEL","HOMDEL",TRUE,"CNA_event_000155","PARIYD",0.320512820512821,"high_resolution_le_50pct",1,FALSE,"1","1","ENSE00001833804"
"HOMDEL_cluster_0002","HOMDEL","HETDEL",FALSE,"CNA_event_000809","PARIYD",0.67948717948718,"moderate_resolution_50_75pct",2,TRUE,"2;3","2;3","ENSE00003496053;ENSE00003529527"
"HOMDEL_cluster_0002","HOMDEL","HOMDEL",TRUE,"CNA_event_000684","PARWID",0.67948717948718,"moderate_resolution_50_75pct",2,TRUE,"2;3","2;3","ENSE00003496053;ENSE00003529527"
"HOMDEL_cluster_0002","HOMDEL","HETDEL",FALSE,"CNA_event_000995","PARWID",0.320512820512821,"high_resolution_le_50pct",1,FALSE,"1","1","ENSE00001833804"
"HOMDEL_cluster_0002","HOMDEL","HOMDEL",TRUE,"CNA_event_000442","PARXPZ",0.320512820512821,"high_resolution_le_50pct",1,FALSE,"1","1","ENSE00001833804"
"HOMDEL_cluster_0002","HOMDEL","HETDEL",FALSE,"CNA_event_000919","PARXPZ",0.67948717948718,"moderate_resolution_50_75pct",2,TRUE,"2;3","2;3","ENSE00003496053;ENSE00003529527"
"HOMDEL_cluster_0002","HOMDEL","HETDEL",FALSE,"CNA_event_000915","PASGRD",0.320512820512821,"high_resolution_le_50pct",1,FALSE,"1","1","ENSE00001833804"
"HOMDEL_cluster_0002","HOMDEL","HOMDEL",TRUE,"CNA_event_000662","PASGUH",0.976495726495726,"very_low_resolution_90_lt_100pct",2,TRUE,"1;2","1;2","ENSE00001833804;ENSE00003496053"
"HOMDEL_cluster_0002","HOMDEL","HETDEL",FALSE,"CNA_event_000980","PASGUH",0.0235042735042735,"high_resolution_le_50pct",1,FALSE,"3","3","ENSE00003529527"
"HOMDEL_cluster_0002","HOMDEL","HOMDEL",TRUE,"CNA_event_000133","PASKWG",0.320512820512821,"high_resolution_le_50pct",1,FALSE,"1","1","ENSE00001833804"
"HOMDEL_cluster_0002","HOMDEL","HOMDEL",TRUE,"CNA_event_000430","PASPDS",0.976495726495726,"very_low_resolution_90_lt_100pct",2,TRUE,"1;2","1;2","ENSE00001833804;ENSE00003496053"
"HOMDEL_cluster_0002","HOMDEL","HETDEL",FALSE,"CNA_event_000910","PASPNW",0.976495726495726,"very_low_resolution_90_lt_100pct",2,TRUE,"1;2","1;2","ENSE00001833804;ENSE00003496053"
"HOMDEL_cluster_0002","HOMDEL","HOMDEL",TRUE,"CNA_event_000585","PASRAF",0.67948717948718,"moderate_resolution_50_75pct",2,TRUE,"2;3","2;3","ENSE00003496053;ENSE00003529527"
"HOMDEL_cluster_0002","HOMDEL","HETDEL",FALSE,"CNA_event_000946","PASRAF",0.320512820512821,"high_resolution_le_50pct",1,FALSE,"1","1","ENSE00001833804"
"HOMDEL_cluster_0002","HOMDEL","HETDEL",FALSE,"CNA_event_000904","PASWSR",0.320512820512821,"high_resolution_le_50pct",1,FALSE,"1","1","ENSE00001833804"
"HOMDEL_cluster_0002","HOMDEL","HOMDEL",TRUE,"CNA_event_000714","PASZJW",0.320512820512821,"high_resolution_le_50pct",1,FALSE,"1","1","ENSE00001833804"
"HOMDEL_cluster_0002","HOMDEL","HETDEL",FALSE,"CNA_event_001007","PASZJW",0.67948717948718,"moderate_resolution_50_75pct",2,TRUE,"2;3","2;3","ENSE00003496053;ENSE00003529527"
"HOMDEL_cluster_0002","HOMDEL","HETDEL",FALSE,"CNA_event_000959","PATAHP",0.976495726495726,"very_low_resolution_90_lt_100pct",2,TRUE,"1;2","1;2","ENSE00001833804;ENSE00003496053"
"HOMDEL_cluster_0002","HOMDEL","HOMDEL",TRUE,"CNA_event_000700","PATBDJ",0.67948717948718,"moderate_resolution_50_75pct",2,TRUE,"2;3","2;3","ENSE00003496053;ENSE00003529527"
"HOMDEL_cluster_0002","HOMDEL","HOMDEL",TRUE,"CNA_event_000701","PATBDJ",0.320512820512821,"high_resolution_le_50pct",1,FALSE,"1","1","ENSE00001833804"
"HOMDEL_cluster_0002","HOMDEL","HOMDEL",TRUE,"CNA_event_000575","PATCML",0.320512820512821,"high_resolution_le_50pct",1,FALSE,"1","1","ENSE00001833804"
"HOMDEL_cluster_0002","HOMDEL","HETDEL",FALSE,"CNA_event_000943","PATCML",0.67948717948718,"moderate_resolution_50_75pct",2,TRUE,"2;3","2;3","ENSE00003496053;ENSE00003529527"
"HOMDEL_cluster_0002","HOMDEL","HOMDEL",TRUE,"CNA_event_000625","PATEVL",0.320512820512821,"high_resolution_le_50pct",1,FALSE,"1","1","ENSE00001833804"
"HOMDEL_cluster_0002","HOMDEL","HETDEL",FALSE,"CNA_event_001022","PATFMG",0.67948717948718,"moderate_resolution_50_75pct",2,TRUE,"2;3","2;3","ENSE00003496053;ENSE00003529527"
"HOMDEL_cluster_0002","HOMDEL","HOMDEL",TRUE,"CNA_event_000102","PATJBC",0.976495726495726,"very_low_resolution_90_lt_100pct",2,TRUE,"1;2","1;2","ENSE00001833804;ENSE00003496053"
"HOMDEL_cluster_0002","HOMDEL","HETDEL",FALSE,"CNA_event_000795","PATJBC",0.0235042735042735,"high_resolution_le_50pct",1,FALSE,"3","3","ENSE00003529527"
"HOMDEL_cluster_0002","HOMDEL","HOMDEL",TRUE,"CNA_event_000379","PATPDA",0.0235042735042735,"high_resolution_le_50pct",1,FALSE,"3","3","ENSE00003529527"
"HOMDEL_cluster_0002","HOMDEL","HETDEL",FALSE,"CNA_event_000898","PATPDA",0.976495726495726,"very_low_resolution_90_lt_100pct",2,TRUE,"1;2","1;2","ENSE00001833804;ENSE00003496053"
"HOMDEL_cluster_0002","HOMDEL","HOMDEL",TRUE,"CNA_event_000696","PATRJL",0.67948717948718,"moderate_resolution_50_75pct",2,TRUE,"2;3","2;3","ENSE00003496053;ENSE00003529527"
"HOMDEL_cluster_0002","HOMDEL","HETDEL",FALSE,"CNA_event_000892","PATVTZ",0.67948717948718,"moderate_resolution_50_75pct",2,TRUE,"2;3","2;3","ENSE00003496053;ENSE00003529527"
"HOMDEL_cluster_0002","HOMDEL","HOMDEL",TRUE,"CNA_event_000749","PAUGEJ",0.67948717948718,"moderate_resolution_50_75pct",2,TRUE,"2;3","2;3","ENSE00003496053;ENSE00003529527"
"HOMDEL_cluster_0002","HOMDEL","HOMDEL",TRUE,"CNA_event_000750","PAUGEJ",0.320512820512821,"high_resolution_le_50pct",1,FALSE,"1","1","ENSE00001833804"
"HOMDEL_cluster_0002","HOMDEL","HOMDEL",TRUE,"CNA_event_000748","PAUGEP",0.235042735042735,"high_resolution_le_50pct",2,TRUE,"2;3","2;3","ENSE00003496053;ENSE00003529527"
"HOMDEL_cluster_0002","HOMDEL","HOMDEL",TRUE,"CNA_event_000533","PAUJYN",0.67948717948718,"moderate_resolution_50_75pct",2,TRUE,"2;3","2;3","ENSE00003496053;ENSE00003529527"
"HOMDEL_cluster_0002","HOMDEL","HETDEL",FALSE,"CNA_event_000937","PAUJYN",0.320512820512821,"high_resolution_le_50pct",1,FALSE,"1","1","ENSE00001833804"
"HOMDEL_cluster_0002","HOMDEL","HOMDEL",TRUE,"CNA_event_000185","PAUPHP",0.320512820512821,"high_resolution_le_50pct",1,FALSE,"1","1","ENSE00001833804"
"HOMDEL_cluster_0002","HOMDEL","HETDEL",FALSE,"CNA_event_000819","PAUPHP",0.67948717948718,"moderate_resolution_50_75pct",2,TRUE,"2;3","2;3","ENSE00003496053;ENSE00003529527"
"HOMDEL_cluster_0002","HOMDEL","HOMDEL",TRUE,"CNA_event_000621","PAUPVR",0.320512820512821,"high_resolution_le_50pct",1,FALSE,"1","1","ENSE00001833804"
"HOMDEL_cluster_0002","HOMDEL","HETDEL",FALSE,"CNA_event_000961","PAUPVR",0.67948717948718,"moderate_resolution_50_75pct",2,TRUE,"2;3","2;3","ENSE00003496053;ENSE00003529527"
"HOMDEL_cluster_0002","HOMDEL","GAIN",FALSE,"CNA_event_001036","PAUTUL",0.655982905982906,"moderate_resolution_50_75pct",1,FALSE,"2","2","ENSE00003496053"
"HOMDEL_cluster_0002","HOMDEL","HOMDEL",TRUE,"CNA_event_000727","PAUUXK",0.320512820512821,"high_resolution_le_50pct",1,FALSE,"1","1","ENSE00001833804"
"HOMDEL_cluster_0002","HOMDEL","HETDEL",FALSE,"CNA_event_001012","PAUUXK",0.67948717948718,"moderate_resolution_50_75pct",2,TRUE,"2;3","2;3","ENSE00003496053;ENSE00003529527"
"HOMDEL_cluster_0002","HOMDEL","HOMDEL",TRUE,"CNA_event_000687","PAUXYM",0.67948717948718,"moderate_resolution_50_75pct",2,TRUE,"2;3","2;3","ENSE00003496053;ENSE00003529527"
"HOMDEL_cluster_0002","HOMDEL","HETDEL",FALSE,"CNA_event_000872","PAUYJE",0.0235042735042735,"high_resolution_le_50pct",1,FALSE,"3","3","ENSE00003529527"
"HOMDEL_cluster_0002","HOMDEL","HETDEL",FALSE,"CNA_event_000765","PAVCEA",0.976495726495726,"very_low_resolution_90_lt_100pct",2,TRUE,"1;2","1;2","ENSE00001833804;ENSE00003496053"
"HOMDEL_cluster_0002","HOMDEL","HOMDEL",TRUE,"CNA_event_000179","PAVESV",0.320512820512821,"high_resolution_le_50pct",1,FALSE,"1","1","ENSE00001833804"
"HOMDEL_cluster_0002","HOMDEL","HETDEL",FALSE,"CNA_event_000818","PAVESV",0.67948717948718,"moderate_resolution_50_75pct",2,TRUE,"2;3","2;3","ENSE00003496053;ENSE00003529527"
"HOMDEL_cluster_0002","HOMDEL","HOMDEL",TRUE,"CNA_event_000510","PAVJWE",0.976495726495726,"very_low_resolution_90_lt_100pct",2,TRUE,"1;2","1;2","ENSE00001833804;ENSE00003496053"
"HOMDEL_cluster_0002","HOMDEL","GAIN",FALSE,"CNA_event_001035","PAVRYP",0.67948717948718,"moderate_resolution_50_75pct",2,TRUE,"2;3","2;3","ENSE00003496053;ENSE00003529527"
"HOMDEL_cluster_0002","HOMDEL","HOMDEL",TRUE,"CNA_event_000035","PAVSZJ",0.320512820512821,"high_resolution_le_50pct",1,FALSE,"1","1","ENSE00001833804"
"HOMDEL_cluster_0002","HOMDEL","HETDEL",FALSE,"CNA_event_000779","PAVSZJ",0.0235042735042735,"high_resolution_le_50pct",1,FALSE,"3","3","ENSE00003529527"
"HOMDEL_cluster_0002","HOMDEL","HETDEL",FALSE,"CNA_event_000780","PAVSZJ",0.655982905982906,"moderate_resolution_50_75pct",1,FALSE,"2","2","ENSE00003496053"
"HOMDEL_cluster_0002","HOMDEL","HOMDEL",TRUE,"CNA_event_000288","PAVWUC",0.320512820512821,"high_resolution_le_50pct",1,FALSE,"1","1","ENSE00001833804"
"HOMDEL_cluster_0002","HOMDEL","HOMDEL",TRUE,"CNA_event_000282","PAVXWR",0.67948717948718,"moderate_resolution_50_75pct",2,TRUE,"2;3","2;3","ENSE00003496053;ENSE00003529527"
"HOMDEL_cluster_0002","HOMDEL","HOMDEL",TRUE,"CNA_event_000486","PAVZTC",0.320512820512821,"high_resolution_le_50pct",1,FALSE,"1","1","ENSE00001833804"
"HOMDEL_cluster_0002","HOMDEL","HETDEL",FALSE,"CNA_event_000927","PAVZTC",0.67948717948718,"moderate_resolution_50_75pct",2,TRUE,"2;3","2;3","ENSE00003496053;ENSE00003529527"
"HOMDEL_cluster_0002","HOMDEL","HOMDEL",TRUE,"CNA_event_000231","PAWAMT",0.67948717948718,"moderate_resolution_50_75pct",2,TRUE,"2;3","2;3","ENSE00003496053;ENSE00003529527"
"HOMDEL_cluster_0002","HOMDEL","HETDEL",FALSE,"CNA_event_000830","PAWAMT",0.320512820512821,"high_resolution_le_50pct",1,FALSE,"1","1","ENSE00001833804"
"HOMDEL_cluster_0002","HOMDEL","HOMDEL",TRUE,"CNA_event_000270","PAWGHK",0.67948717948718,"moderate_resolution_50_75pct",2,TRUE,"2;3","2;3","ENSE00003496053;ENSE00003529527"
"HOMDEL_cluster_0002","HOMDEL","HETDEL",FALSE,"CNA_event_000848","PAWGHK",0.320512820512821,"high_resolution_le_50pct",1,FALSE,"1","1","ENSE00001833804"
"HOMDEL_cluster_0002","HOMDEL","HOMDEL",TRUE,"CNA_event_000266","PAWGXM",0.976495726495726,"very_low_resolution_90_lt_100pct",2,TRUE,"1;2","1;2","ENSE00001833804;ENSE00003496053"
"HOMDEL_cluster_0002","HOMDEL","HETDEL",FALSE,"CNA_event_000847","PAWGXM",0.0235042735042735,"high_resolution_le_50pct",1,FALSE,"3","3","ENSE00003529527"
"HOMDEL_cluster_0002","HOMDEL","HETDEL",FALSE,"CNA_event_000846","PAWHIG",0.320512820512821,"high_resolution_le_50pct",1,FALSE,"1","1","ENSE00001833804"
"HOMDEL_cluster_0002","HOMDEL","HOMDEL",TRUE,"CNA_event_000258","PAWJKX",0.67948717948718,"moderate_resolution_50_75pct",2,TRUE,"2;3","2;3","ENSE00003496053;ENSE00003529527"
"HOMDEL_cluster_0002","HOMDEL","HETDEL",FALSE,"CNA_event_000842","PAWJKX",0.320512820512821,"high_resolution_le_50pct",1,FALSE,"1","1","ENSE00001833804"
"HOMDEL_cluster_0002","HOMDEL","HETDEL",FALSE,"CNA_event_000827","PAWJVJ",0.0235042735042735,"high_resolution_le_50pct",1,FALSE,"3","3","ENSE00003529527"
"HOMDEL_cluster_0002","HOMDEL","HETDEL",FALSE,"CNA_event_000828","PAWJVJ",0.655982905982906,"moderate_resolution_50_75pct",1,FALSE,"2","2","ENSE00003496053"
"HOMDEL_cluster_0002","HOMDEL","HOMDEL",TRUE,"CNA_event_000463","PAWLSN",0.320512820512821,"high_resolution_le_50pct",1,FALSE,"1","1","ENSE00001833804"
"HOMDEL_cluster_0002","HOMDEL","HETDEL",FALSE,"CNA_event_000924","PAWLSN",0.67948717948718,"moderate_resolution_50_75pct",2,TRUE,"2;3","2;3","ENSE00003496053;ENSE00003529527"
"HOMDEL_cluster_0002","HOMDEL","HOMDEL",TRUE,"CNA_event_000254","PAWLYX",0.320512820512821,"high_resolution_le_50pct",1,FALSE,"1","1","ENSE00001833804"
"HOMDEL_cluster_0003","HOMDEL","HOMDEL",TRUE,"CNA_event_000157","PARHPU",0.320512820512821,"high_resolution_le_50pct",1,FALSE,"1","1","ENSE00001833804"
"HOMDEL_cluster_0003","HOMDEL","HOMDEL",TRUE,"CNA_event_000155","PARIYD",0.320512820512821,"high_resolution_le_50pct",1,FALSE,"1","1","ENSE00001833804"
"HOMDEL_cluster_0003","HOMDEL","HETDEL",FALSE,"CNA_event_000995","PARWID",0.320512820512821,"high_resolution_le_50pct",1,FALSE,"1","1","ENSE00001833804"
"HOMDEL_cluster_0003","HOMDEL","HOMDEL",TRUE,"CNA_event_000442","PARXPZ",0.320512820512821,"high_resolution_le_50pct",1,FALSE,"1","1","ENSE00001833804"
"HOMDEL_cluster_0003","HOMDEL","HETDEL",FALSE,"CNA_event_000915","PASGRD",0.320512820512821,"high_resolution_le_50pct",1,FALSE,"1","1","ENSE00001833804"
"HOMDEL_cluster_0003","HOMDEL","HOMDEL",TRUE,"CNA_event_000662","PASGUH",0.976495726495726,"very_low_resolution_90_lt_100pct",1,FALSE,"1","1","ENSE00001833804"
"HOMDEL_cluster_0003","HOMDEL","HOMDEL",TRUE,"CNA_event_000133","PASKWG",0.320512820512821,"high_resolution_le_50pct",1,FALSE,"1","1","ENSE00001833804"
"HOMDEL_cluster_0003","HOMDEL","HOMDEL",TRUE,"CNA_event_000430","PASPDS",0.976495726495726,"very_low_resolution_90_lt_100pct",1,FALSE,"1","1","ENSE00001833804"
"HOMDEL_cluster_0003","HOMDEL","HETDEL",FALSE,"CNA_event_000910","PASPNW",0.976495726495726,"very_low_resolution_90_lt_100pct",1,FALSE,"1","1","ENSE00001833804"
"HOMDEL_cluster_0003","HOMDEL","HETDEL",FALSE,"CNA_event_000946","PASRAF",0.320512820512821,"high_resolution_le_50pct",1,FALSE,"1","1","ENSE00001833804"
"HOMDEL_cluster_0003","HOMDEL","HETDEL",FALSE,"CNA_event_000904","PASWSR",0.320512820512821,"high_resolution_le_50pct",1,FALSE,"1","1","ENSE00001833804"
"HOMDEL_cluster_0003","HOMDEL","HOMDEL",TRUE,"CNA_event_000714","PASZJW",0.320512820512821,"high_resolution_le_50pct",1,FALSE,"1","1","ENSE00001833804"
"HOMDEL_cluster_0003","HOMDEL","HETDEL",FALSE,"CNA_event_000959","PATAHP",0.976495726495726,"very_low_resolution_90_lt_100pct",1,FALSE,"1","1","ENSE00001833804"
"HOMDEL_cluster_0003","HOMDEL","HOMDEL",TRUE,"CNA_event_000701","PATBDJ",0.320512820512821,"high_resolution_le_50pct",1,FALSE,"1","1","ENSE00001833804"
"HOMDEL_cluster_0003","HOMDEL","HOMDEL",TRUE,"CNA_event_000575","PATCML",0.320512820512821,"high_resolution_le_50pct",1,FALSE,"1","1","ENSE00001833804"
"HOMDEL_cluster_0003","HOMDEL","HOMDEL",TRUE,"CNA_event_000625","PATEVL",0.320512820512821,"high_resolution_le_50pct",1,FALSE,"1","1","ENSE00001833804"
"HOMDEL_cluster_0003","HOMDEL","HOMDEL",TRUE,"CNA_event_000102","PATJBC",0.976495726495726,"very_low_resolution_90_lt_100pct",1,FALSE,"1","1","ENSE00001833804"
"HOMDEL_cluster_0003","HOMDEL","HETDEL",FALSE,"CNA_event_000898","PATPDA",0.976495726495726,"very_low_resolution_90_lt_100pct",1,FALSE,"1","1","ENSE00001833804"
"HOMDEL_cluster_0003","HOMDEL","HOMDEL",TRUE,"CNA_event_000750","PAUGEJ",0.320512820512821,"high_resolution_le_50pct",1,FALSE,"1","1","ENSE00001833804"
"HOMDEL_cluster_0003","HOMDEL","HETDEL",FALSE,"CNA_event_000937","PAUJYN",0.320512820512821,"high_resolution_le_50pct",1,FALSE,"1","1","ENSE00001833804"
"HOMDEL_cluster_0003","HOMDEL","HOMDEL",TRUE,"CNA_event_000185","PAUPHP",0.320512820512821,"high_resolution_le_50pct",1,FALSE,"1","1","ENSE00001833804"
"HOMDEL_cluster_0003","HOMDEL","HOMDEL",TRUE,"CNA_event_000621","PAUPVR",0.320512820512821,"high_resolution_le_50pct",1,FALSE,"1","1","ENSE00001833804"
"HOMDEL_cluster_0003","HOMDEL","HOMDEL",TRUE,"CNA_event_000727","PAUUXK",0.320512820512821,"high_resolution_le_50pct",1,FALSE,"1","1","ENSE00001833804"
"HOMDEL_cluster_0003","HOMDEL","HETDEL",FALSE,"CNA_event_000765","PAVCEA",0.976495726495726,"very_low_resolution_90_lt_100pct",1,FALSE,"1","1","ENSE00001833804"
"HOMDEL_cluster_0003","HOMDEL","HOMDEL",TRUE,"CNA_event_000179","PAVESV",0.320512820512821,"high_resolution_le_50pct",1,FALSE,"1","1","ENSE00001833804"
"HOMDEL_cluster_0003","HOMDEL","HOMDEL",TRUE,"CNA_event_000510","PAVJWE",0.976495726495726,"very_low_resolution_90_lt_100pct",1,FALSE,"1","1","ENSE00001833804"
"HOMDEL_cluster_0003","HOMDEL","HOMDEL",TRUE,"CNA_event_000035","PAVSZJ",0.320512820512821,"high_resolution_le_50pct",1,FALSE,"1","1","ENSE00001833804"
"HOMDEL_cluster_0003","HOMDEL","HOMDEL",TRUE,"CNA_event_000288","PAVWUC",0.320512820512821,"high_resolution_le_50pct",1,FALSE,"1","1","ENSE00001833804"
"HOMDEL_cluster_0003","HOMDEL","HOMDEL",TRUE,"CNA_event_000486","PAVZTC",0.320512820512821,"high_resolution_le_50pct",1,FALSE,"1","1","ENSE00001833804"
"HOMDEL_cluster_0003","HOMDEL","HETDEL",FALSE,"CNA_event_000830","PAWAMT",0.320512820512821,"high_resolution_le_50pct",1,FALSE,"1","1","ENSE00001833804"
"HOMDEL_cluster_0003","HOMDEL","HETDEL",FALSE,"CNA_event_000848","PAWGHK",0.320512820512821,"high_resolution_le_50pct",1,FALSE,"1","1","ENSE00001833804"
"HOMDEL_cluster_0003","HOMDEL","HOMDEL",TRUE,"CNA_event_000266","PAWGXM",0.976495726495726,"very_low_resolution_90_lt_100pct",1,FALSE,"1","1","ENSE00001833804"
"HOMDEL_cluster_0003","HOMDEL","HETDEL",FALSE,"CNA_event_000846","PAWHIG",0.320512820512821,"high_resolution_le_50pct",1,FALSE,"1","1","ENSE00001833804"
"HOMDEL_cluster_0003","HOMDEL","HETDEL",FALSE,"CNA_event_000842","PAWJKX",0.320512820512821,"high_resolution_le_50pct",1,FALSE,"1","1","ENSE00001833804"
"HOMDEL_cluster_0003","HOMDEL","HOMDEL",TRUE,"CNA_event_000463","PAWLSN",0.320512820512821,"high_resolution_le_50pct",1,FALSE,"1","1","ENSE00001833804"
"HOMDEL_cluster_0003","HOMDEL","HOMDEL",TRUE,"CNA_event_000254","PAWLYX",0.320512820512821,"high_resolution_le_50pct",1,FALSE,"1","1","ENSE00001833804"
"HOMDEL_cluster_0004","HOMDEL","HETDEL",FALSE,"CNA_event_000811","PARHPU",0.67948717948718,"moderate_resolution_50_75pct",1,FALSE,"2","2","ENSE00003496053"
"HOMDEL_cluster_0004","HOMDEL","HETDEL",FALSE,"CNA_event_000809","PARIYD",0.67948717948718,"moderate_resolution_50_75pct",1,FALSE,"2","2","ENSE00003496053"
"HOMDEL_cluster_0004","HOMDEL","HOMDEL",TRUE,"CNA_event_000684","PARWID",0.67948717948718,"moderate_resolution_50_75pct",1,FALSE,"2","2","ENSE00003496053"
"HOMDEL_cluster_0004","HOMDEL","HETDEL",FALSE,"CNA_event_000919","PARXPZ",0.67948717948718,"moderate_resolution_50_75pct",1,FALSE,"2","2","ENSE00003496053"
"HOMDEL_cluster_0004","HOMDEL","HOMDEL",TRUE,"CNA_event_000662","PASGUH",0.976495726495726,"very_low_resolution_90_lt_100pct",1,FALSE,"2","2","ENSE00003496053"
"HOMDEL_cluster_0004","HOMDEL","HOMDEL",TRUE,"CNA_event_000430","PASPDS",0.976495726495726,"very_low_resolution_90_lt_100pct",1,FALSE,"2","2","ENSE00003496053"
"HOMDEL_cluster_0004","HOMDEL","HETDEL",FALSE,"CNA_event_000910","PASPNW",0.976495726495726,"very_low_resolution_90_lt_100pct",1,FALSE,"2","2","ENSE00003496053"
"HOMDEL_cluster_0004","HOMDEL","HOMDEL",TRUE,"CNA_event_000585","PASRAF",0.67948717948718,"moderate_resolution_50_75pct",1,FALSE,"2","2","ENSE00003496053"
"HOMDEL_cluster_0004","HOMDEL","HETDEL",FALSE,"CNA_event_001007","PASZJW",0.67948717948718,"moderate_resolution_50_75pct",1,FALSE,"2","2","ENSE00003496053"
"HOMDEL_cluster_0004","HOMDEL","HETDEL",FALSE,"CNA_event_000959","PATAHP",0.976495726495726,"very_low_resolution_90_lt_100pct",1,FALSE,"2","2","ENSE00003496053"
"HOMDEL_cluster_0004","HOMDEL","HOMDEL",TRUE,"CNA_event_000700","PATBDJ",0.67948717948718,"moderate_resolution_50_75pct",1,FALSE,"2","2","ENSE00003496053"
"HOMDEL_cluster_0004","HOMDEL","HETDEL",FALSE,"CNA_event_000943","PATCML",0.67948717948718,"moderate_resolution_50_75pct",1,FALSE,"2","2","ENSE00003496053"
"HOMDEL_cluster_0004","HOMDEL","HETDEL",FALSE,"CNA_event_001022","PATFMG",0.67948717948718,"moderate_resolution_50_75pct",1,FALSE,"2","2","ENSE00003496053"
"HOMDEL_cluster_0004","HOMDEL","HOMDEL",TRUE,"CNA_event_000102","PATJBC",0.976495726495726,"very_low_resolution_90_lt_100pct",1,FALSE,"2","2","ENSE00003496053"
"HOMDEL_cluster_0004","HOMDEL","HETDEL",FALSE,"CNA_event_000898","PATPDA",0.976495726495726,"very_low_resolution_90_lt_100pct",1,FALSE,"2","2","ENSE00003496053"
"HOMDEL_cluster_0004","HOMDEL","HOMDEL",TRUE,"CNA_event_000696","PATRJL",0.67948717948718,"moderate_resolution_50_75pct",1,FALSE,"2","2","ENSE00003496053"
"HOMDEL_cluster_0004","HOMDEL","HETDEL",FALSE,"CNA_event_000892","PATVTZ",0.67948717948718,"moderate_resolution_50_75pct",1,FALSE,"2","2","ENSE00003496053"
"HOMDEL_cluster_0004","HOMDEL","HOMDEL",TRUE,"CNA_event_000749","PAUGEJ",0.67948717948718,"moderate_resolution_50_75pct",1,FALSE,"2","2","ENSE00003496053"
"HOMDEL_cluster_0004","HOMDEL","HOMDEL",TRUE,"CNA_event_000748","PAUGEP",0.235042735042735,"high_resolution_le_50pct",1,FALSE,"2","2","ENSE00003496053"
"HOMDEL_cluster_0004","HOMDEL","HOMDEL",TRUE,"CNA_event_000533","PAUJYN",0.67948717948718,"moderate_resolution_50_75pct",1,FALSE,"2","2","ENSE00003496053"
"HOMDEL_cluster_0004","HOMDEL","HETDEL",FALSE,"CNA_event_000819","PAUPHP",0.67948717948718,"moderate_resolution_50_75pct",1,FALSE,"2","2","ENSE00003496053"
"HOMDEL_cluster_0004","HOMDEL","HETDEL",FALSE,"CNA_event_000961","PAUPVR",0.67948717948718,"moderate_resolution_50_75pct",1,FALSE,"2","2","ENSE00003496053"
"HOMDEL_cluster_0004","HOMDEL","GAIN",FALSE,"CNA_event_001036","PAUTUL",0.655982905982906,"moderate_resolution_50_75pct",1,FALSE,"2","2","ENSE00003496053"
"HOMDEL_cluster_0004","HOMDEL","HETDEL",FALSE,"CNA_event_001012","PAUUXK",0.67948717948718,"moderate_resolution_50_75pct",1,FALSE,"2","2","ENSE00003496053"
"HOMDEL_cluster_0004","HOMDEL","HOMDEL",TRUE,"CNA_event_000687","PAUXYM",0.67948717948718,"moderate_resolution_50_75pct",1,FALSE,"2","2","ENSE00003496053"
"HOMDEL_cluster_0004","HOMDEL","HETDEL",FALSE,"CNA_event_000765","PAVCEA",0.976495726495726,"very_low_resolution_90_lt_100pct",1,FALSE,"2","2","ENSE00003496053"
"HOMDEL_cluster_0004","HOMDEL","HETDEL",FALSE,"CNA_event_000818","PAVESV",0.67948717948718,"moderate_resolution_50_75pct",1,FALSE,"2","2","ENSE00003496053"
"HOMDEL_cluster_0004","HOMDEL","HOMDEL",TRUE,"CNA_event_000510","PAVJWE",0.976495726495726,"very_low_resolution_90_lt_100pct",1,FALSE,"2","2","ENSE00003496053"
"HOMDEL_cluster_0004","HOMDEL","GAIN",FALSE,"CNA_event_001035","PAVRYP",0.67948717948718,"moderate_resolution_50_75pct",1,FALSE,"2","2","ENSE00003496053"
"HOMDEL_cluster_0004","HOMDEL","HETDEL",FALSE,"CNA_event_000780","PAVSZJ",0.655982905982906,"moderate_resolution_50_75pct",1,FALSE,"2","2","ENSE00003496053"
"HOMDEL_cluster_0004","HOMDEL","HOMDEL",TRUE,"CNA_event_000282","PAVXWR",0.67948717948718,"moderate_resolution_50_75pct",1,FALSE,"2","2","ENSE00003496053"
"HOMDEL_cluster_0004","HOMDEL","HETDEL",FALSE,"CNA_event_000927","PAVZTC",0.67948717948718,"moderate_resolution_50_75pct",1,FALSE,"2","2","ENSE00003496053"
"HOMDEL_cluster_0004","HOMDEL","HOMDEL",TRUE,"CNA_event_000231","PAWAMT",0.67948717948718,"moderate_resolution_50_75pct",1,FALSE,"2","2","ENSE00003496053"
"HOMDEL_cluster_0004","HOMDEL","HOMDEL",TRUE,"CNA_event_000270","PAWGHK",0.67948717948718,"moderate_resolution_50_75pct",1,FALSE,"2","2","ENSE00003496053"
"HOMDEL_cluster_0004","HOMDEL","HOMDEL",TRUE,"CNA_event_000266","PAWGXM",0.976495726495726,"very_low_resolution_90_lt_100pct",1,FALSE,"2","2","ENSE00003496053"
"HOMDEL_cluster_0004","HOMDEL","HOMDEL",TRUE,"CNA_event_000258","PAWJKX",0.67948717948718,"moderate_resolution_50_75pct",1,FALSE,"2","2","ENSE00003496053"
"HOMDEL_cluster_0004","HOMDEL","HETDEL",FALSE,"CNA_event_000828","PAWJVJ",0.655982905982906,"moderate_resolution_50_75pct",1,FALSE,"2","2","ENSE00003496053"
"HOMDEL_cluster_0004","HOMDEL","HETDEL",FALSE,"CNA_event_000924","PAWLSN",0.67948717948718,"moderate_resolution_50_75pct",1,FALSE,"2","2","ENSE00003496053"
"HOMDEL_cluster_0005","HOMDEL","HETDEL",FALSE,"CNA_event_000811","PARHPU",0.67948717948718,"moderate_resolution_50_75pct",1,FALSE,"3","3","ENSE00003529527"
"HOMDEL_cluster_0005","HOMDEL","HETDEL",FALSE,"CNA_event_000809","PARIYD",0.67948717948718,"moderate_resolution_50_75pct",1,FALSE,"3","3","ENSE00003529527"
"HOMDEL_cluster_0005","HOMDEL","HOMDEL",TRUE,"CNA_event_000684","PARWID",0.67948717948718,"moderate_resolution_50_75pct",1,FALSE,"3","3","ENSE00003529527"
"HOMDEL_cluster_0005","HOMDEL","HETDEL",FALSE,"CNA_event_000919","PARXPZ",0.67948717948718,"moderate_resolution_50_75pct",1,FALSE,"3","3","ENSE00003529527"
"HOMDEL_cluster_0005","HOMDEL","HETDEL",FALSE,"CNA_event_000980","PASGUH",0.0235042735042735,"high_resolution_le_50pct",1,FALSE,"3","3","ENSE00003529527"
"HOMDEL_cluster_0005","HOMDEL","HOMDEL",TRUE,"CNA_event_000585","PASRAF",0.67948717948718,"moderate_resolution_50_75pct",1,FALSE,"3","3","ENSE00003529527"
"HOMDEL_cluster_0005","HOMDEL","HETDEL",FALSE,"CNA_event_001007","PASZJW",0.67948717948718,"moderate_resolution_50_75pct",1,FALSE,"3","3","ENSE00003529527"
"HOMDEL_cluster_0005","HOMDEL","HOMDEL",TRUE,"CNA_event_000700","PATBDJ",0.67948717948718,"moderate_resolution_50_75pct",1,FALSE,"3","3","ENSE00003529527"
"HOMDEL_cluster_0005","HOMDEL","HETDEL",FALSE,"CNA_event_000943","PATCML",0.67948717948718,"moderate_resolution_50_75pct",1,FALSE,"3","3","ENSE00003529527"
"HOMDEL_cluster_0005","HOMDEL","HETDEL",FALSE,"CNA_event_001022","PATFMG",0.67948717948718,"moderate_resolution_50_75pct",1,FALSE,"3","3","ENSE00003529527"
"HOMDEL_cluster_0005","HOMDEL","HETDEL",FALSE,"CNA_event_000795","PATJBC",0.0235042735042735,"high_resolution_le_50pct",1,FALSE,"3","3","ENSE00003529527"
"HOMDEL_cluster_0005","HOMDEL","HOMDEL",TRUE,"CNA_event_000379","PATPDA",0.0235042735042735,"high_resolution_le_50pct",1,FALSE,"3","3","ENSE00003529527"
"HOMDEL_cluster_0005","HOMDEL","HOMDEL",TRUE,"CNA_event_000696","PATRJL",0.67948717948718,"moderate_resolution_50_75pct",1,FALSE,"3","3","ENSE00003529527"
"HOMDEL_cluster_0005","HOMDEL","HETDEL",FALSE,"CNA_event_000892","PATVTZ",0.67948717948718,"moderate_resolution_50_75pct",1,FALSE,"3","3","ENSE00003529527"
"HOMDEL_cluster_0005","HOMDEL","HOMDEL",TRUE,"CNA_event_000749","PAUGEJ",0.67948717948718,"moderate_resolution_50_75pct",1,FALSE,"3","3","ENSE00003529527"
"HOMDEL_cluster_0005","HOMDEL","HOMDEL",TRUE,"CNA_event_000748","PAUGEP",0.235042735042735,"high_resolution_le_50pct",1,FALSE,"3","3","ENSE00003529527"
"HOMDEL_cluster_0005","HOMDEL","HOMDEL",TRUE,"CNA_event_000533","PAUJYN",0.67948717948718,"moderate_resolution_50_75pct",1,FALSE,"3","3","ENSE00003529527"
"HOMDEL_cluster_0005","HOMDEL","HETDEL",FALSE,"CNA_event_000819","PAUPHP",0.67948717948718,"moderate_resolution_50_75pct",1,FALSE,"3","3","ENSE00003529527"
"HOMDEL_cluster_0005","HOMDEL","HETDEL",FALSE,"CNA_event_000961","PAUPVR",0.67948717948718,"moderate_resolution_50_75pct",1,FALSE,"3","3","ENSE00003529527"
"HOMDEL_cluster_0005","HOMDEL","HETDEL",FALSE,"CNA_event_001012","PAUUXK",0.67948717948718,"moderate_resolution_50_75pct",1,FALSE,"3","3","ENSE00003529527"
"HOMDEL_cluster_0005","HOMDEL","HOMDEL",TRUE,"CNA_event_000687","PAUXYM",0.67948717948718,"moderate_resolution_50_75pct",1,FALSE,"3","3","ENSE00003529527"
"HOMDEL_cluster_0005","HOMDEL","HETDEL",FALSE,"CNA_event_000872","PAUYJE",0.0235042735042735,"high_resolution_le_50pct",1,FALSE,"3","3","ENSE00003529527"
"HOMDEL_cluster_0005","HOMDEL","HETDEL",FALSE,"CNA_event_000818","PAVESV",0.67948717948718,"moderate_resolution_50_75pct",1,FALSE,"3","3","ENSE00003529527"
"HOMDEL_cluster_0005","HOMDEL","GAIN",FALSE,"CNA_event_001035","PAVRYP",0.67948717948718,"moderate_resolution_50_75pct",1,FALSE,"3","3","ENSE00003529527"
"HOMDEL_cluster_0005","HOMDEL","HETDEL",FALSE,"CNA_event_000779","PAVSZJ",0.0235042735042735,"high_resolution_le_50pct",1,FALSE,"3","3","ENSE00003529527"
"HOMDEL_cluster_0005","HOMDEL","HOMDEL",TRUE,"CNA_event_000282","PAVXWR",0.67948717948718,"moderate_resolution_50_75pct",1,FALSE,"3","3","ENSE00003529527"
"HOMDEL_cluster_0005","HOMDEL","HETDEL",FALSE,"CNA_event_000927","PAVZTC",0.67948717948718,"moderate_resolution_50_75pct",1,FALSE,"3","3","ENSE00003529527"
"HOMDEL_cluster_0005","HOMDEL","HOMDEL",TRUE,"CNA_event_000231","PAWAMT",0.67948717948718,"moderate_resolution_50_75pct",1,FALSE,"3","3","ENSE00003529527"
"HOMDEL_cluster_0005","HOMDEL","HOMDEL",TRUE,"CNA_event_000270","PAWGHK",0.67948717948718,"moderate_resolution_50_75pct",1,FALSE,"3","3","ENSE00003529527"
"HOMDEL_cluster_0005","HOMDEL","HETDEL",FALSE,"CNA_event_000847","PAWGXM",0.0235042735042735,"high_resolution_le_50pct",1,FALSE,"3","3","ENSE00003529527"
"HOMDEL_cluster_0005","HOMDEL","HOMDEL",TRUE,"CNA_event_000258","PAWJKX",0.67948717948718,"moderate_resolution_50_75pct",1,FALSE,"3","3","ENSE00003529527"
"HOMDEL_cluster_0005","HOMDEL","HETDEL",FALSE,"CNA_event_000827","PAWJVJ",0.0235042735042735,"high_resolution_le_50pct",1,FALSE,"3","3","ENSE00003529527"
"HOMDEL_cluster_0005","HOMDEL","HETDEL",FALSE,"CNA_event_000924","PAWLSN",0.67948717948718,"moderate_resolution_50_75pct",1,FALSE,"3","3","ENSE00003529527"
"HETDEL_cluster_0001","HETDEL","HOMDEL",FALSE,"CNA_event_000157","PARHPU",0.320512820512821,"high_resolution_le_50pct",1,FALSE,"1","1","ENSE00001833804"
"HETDEL_cluster_0001","HETDEL","HETDEL",TRUE,"CNA_event_000811","PARHPU",0.67948717948718,"moderate_resolution_50_75pct",1,FALSE,"2","2","ENSE00003496053"
"HETDEL_cluster_0001","HETDEL","HOMDEL",FALSE,"CNA_event_000155","PARIYD",0.320512820512821,"high_resolution_le_50pct",1,FALSE,"1","1","ENSE00001833804"
"HETDEL_cluster_0001","HETDEL","HETDEL",TRUE,"CNA_event_000809","PARIYD",0.67948717948718,"moderate_resolution_50_75pct",1,FALSE,"2","2","ENSE00003496053"
"HETDEL_cluster_0001","HETDEL","HOMDEL",FALSE,"CNA_event_000684","PARWID",0.67948717948718,"moderate_resolution_50_75pct",1,FALSE,"2","2","ENSE00003496053"
"HETDEL_cluster_0001","HETDEL","HETDEL",TRUE,"CNA_event_000995","PARWID",0.320512820512821,"high_resolution_le_50pct",1,FALSE,"1","1","ENSE00001833804"
"HETDEL_cluster_0001","HETDEL","HOMDEL",FALSE,"CNA_event_000442","PARXPZ",0.320512820512821,"high_resolution_le_50pct",1,FALSE,"1","1","ENSE00001833804"
"HETDEL_cluster_0001","HETDEL","HETDEL",TRUE,"CNA_event_000919","PARXPZ",0.67948717948718,"moderate_resolution_50_75pct",1,FALSE,"2","2","ENSE00003496053"
"HETDEL_cluster_0001","HETDEL","HETDEL",TRUE,"CNA_event_000915","PASGRD",0.320512820512821,"high_resolution_le_50pct",1,FALSE,"1","1","ENSE00001833804"
"HETDEL_cluster_0001","HETDEL","HOMDEL",FALSE,"CNA_event_000662","PASGUH",0.976495726495726,"very_low_resolution_90_lt_100pct",2,TRUE,"1;2","1;2","ENSE00001833804;ENSE00003496053"
"HETDEL_cluster_0001","HETDEL","HOMDEL",FALSE,"CNA_event_000133","PASKWG",0.320512820512821,"high_resolution_le_50pct",1,FALSE,"1","1","ENSE00001833804"
"HETDEL_cluster_0001","HETDEL","HOMDEL",FALSE,"CNA_event_000430","PASPDS",0.976495726495726,"very_low_resolution_90_lt_100pct",2,TRUE,"1;2","1;2","ENSE00001833804;ENSE00003496053"
"HETDEL_cluster_0001","HETDEL","HETDEL",TRUE,"CNA_event_000910","PASPNW",0.976495726495726,"very_low_resolution_90_lt_100pct",2,TRUE,"1;2","1;2","ENSE00001833804;ENSE00003496053"
"HETDEL_cluster_0001","HETDEL","HOMDEL",FALSE,"CNA_event_000585","PASRAF",0.67948717948718,"moderate_resolution_50_75pct",1,FALSE,"2","2","ENSE00003496053"
"HETDEL_cluster_0001","HETDEL","HETDEL",TRUE,"CNA_event_000946","PASRAF",0.320512820512821,"high_resolution_le_50pct",1,FALSE,"1","1","ENSE00001833804"
"HETDEL_cluster_0001","HETDEL","HETDEL",TRUE,"CNA_event_000904","PASWSR",0.320512820512821,"high_resolution_le_50pct",1,FALSE,"1","1","ENSE00001833804"
"HETDEL_cluster_0001","HETDEL","HOMDEL",FALSE,"CNA_event_000714","PASZJW",0.320512820512821,"high_resolution_le_50pct",1,FALSE,"1","1","ENSE00001833804"
"HETDEL_cluster_0001","HETDEL","HETDEL",TRUE,"CNA_event_001007","PASZJW",0.67948717948718,"moderate_resolution_50_75pct",1,FALSE,"2","2","ENSE00003496053"
"HETDEL_cluster_0001","HETDEL","HETDEL",TRUE,"CNA_event_000959","PATAHP",0.976495726495726,"very_low_resolution_90_lt_100pct",2,TRUE,"1;2","1;2","ENSE00001833804;ENSE00003496053"
"HETDEL_cluster_0001","HETDEL","HOMDEL",FALSE,"CNA_event_000700","PATBDJ",0.67948717948718,"moderate_resolution_50_75pct",1,FALSE,"2","2","ENSE00003496053"
"HETDEL_cluster_0001","HETDEL","HOMDEL",FALSE,"CNA_event_000701","PATBDJ",0.320512820512821,"high_resolution_le_50pct",1,FALSE,"1","1","ENSE00001833804"
"HETDEL_cluster_0001","HETDEL","HOMDEL",FALSE,"CNA_event_000575","PATCML",0.320512820512821,"high_resolution_le_50pct",1,FALSE,"1","1","ENSE00001833804"
"HETDEL_cluster_0001","HETDEL","HETDEL",TRUE,"CNA_event_000943","PATCML",0.67948717948718,"moderate_resolution_50_75pct",1,FALSE,"2","2","ENSE00003496053"
"HETDEL_cluster_0001","HETDEL","HOMDEL",FALSE,"CNA_event_000625","PATEVL",0.320512820512821,"high_resolution_le_50pct",1,FALSE,"1","1","ENSE00001833804"
"HETDEL_cluster_0001","HETDEL","HETDEL",TRUE,"CNA_event_001022","PATFMG",0.67948717948718,"moderate_resolution_50_75pct",1,FALSE,"2","2","ENSE00003496053"
"HETDEL_cluster_0001","HETDEL","HOMDEL",FALSE,"CNA_event_000102","PATJBC",0.976495726495726,"very_low_resolution_90_lt_100pct",2,TRUE,"1;2","1;2","ENSE00001833804;ENSE00003496053"
"HETDEL_cluster_0001","HETDEL","HETDEL",TRUE,"CNA_event_000898","PATPDA",0.976495726495726,"very_low_resolution_90_lt_100pct",2,TRUE,"1;2","1;2","ENSE00001833804;ENSE00003496053"
"HETDEL_cluster_0001","HETDEL","HOMDEL",FALSE,"CNA_event_000696","PATRJL",0.67948717948718,"moderate_resolution_50_75pct",1,FALSE,"2","2","ENSE00003496053"
"HETDEL_cluster_0001","HETDEL","HETDEL",TRUE,"CNA_event_000892","PATVTZ",0.67948717948718,"moderate_resolution_50_75pct",1,FALSE,"2","2","ENSE00003496053"
"HETDEL_cluster_0001","HETDEL","HOMDEL",FALSE,"CNA_event_000749","PAUGEJ",0.67948717948718,"moderate_resolution_50_75pct",1,FALSE,"2","2","ENSE00003496053"
"HETDEL_cluster_0001","HETDEL","HOMDEL",FALSE,"CNA_event_000750","PAUGEJ",0.320512820512821,"high_resolution_le_50pct",1,FALSE,"1","1","ENSE00001833804"
"HETDEL_cluster_0001","HETDEL","HOMDEL",FALSE,"CNA_event_000748","PAUGEP",0.235042735042735,"high_resolution_le_50pct",1,FALSE,"2","2","ENSE00003496053"
"HETDEL_cluster_0001","HETDEL","HOMDEL",FALSE,"CNA_event_000533","PAUJYN",0.67948717948718,"moderate_resolution_50_75pct",1,FALSE,"2","2","ENSE00003496053"
"HETDEL_cluster_0001","HETDEL","HETDEL",TRUE,"CNA_event_000937","PAUJYN",0.320512820512821,"high_resolution_le_50pct",1,FALSE,"1","1","ENSE00001833804"
"HETDEL_cluster_0001","HETDEL","HOMDEL",FALSE,"CNA_event_000185","PAUPHP",0.320512820512821,"high_resolution_le_50pct",1,FALSE,"1","1","ENSE00001833804"
"HETDEL_cluster_0001","HETDEL","HETDEL",TRUE,"CNA_event_000819","PAUPHP",0.67948717948718,"moderate_resolution_50_75pct",1,FALSE,"2","2","ENSE00003496053"
"HETDEL_cluster_0001","HETDEL","HOMDEL",FALSE,"CNA_event_000621","PAUPVR",0.320512820512821,"high_resolution_le_50pct",1,FALSE,"1","1","ENSE00001833804"
"HETDEL_cluster_0001","HETDEL","HETDEL",TRUE,"CNA_event_000961","PAUPVR",0.67948717948718,"moderate_resolution_50_75pct",1,FALSE,"2","2","ENSE00003496053"
"HETDEL_cluster_0001","HETDEL","GAIN",FALSE,"CNA_event_001036","PAUTUL",0.655982905982906,"moderate_resolution_50_75pct",1,FALSE,"2","2","ENSE00003496053"
"HETDEL_cluster_0001","HETDEL","HOMDEL",FALSE,"CNA_event_000727","PAUUXK",0.320512820512821,"high_resolution_le_50pct",1,FALSE,"1","1","ENSE00001833804"
"HETDEL_cluster_0001","HETDEL","HETDEL",TRUE,"CNA_event_001012","PAUUXK",0.67948717948718,"moderate_resolution_50_75pct",1,FALSE,"2","2","ENSE00003496053"
"HETDEL_cluster_0001","HETDEL","HOMDEL",FALSE,"CNA_event_000687","PAUXYM",0.67948717948718,"moderate_resolution_50_75pct",1,FALSE,"2","2","ENSE00003496053"
"HETDEL_cluster_0001","HETDEL","HETDEL",TRUE,"CNA_event_000765","PAVCEA",0.976495726495726,"very_low_resolution_90_lt_100pct",2,TRUE,"1;2","1;2","ENSE00001833804;ENSE00003496053"
"HETDEL_cluster_0001","HETDEL","HOMDEL",FALSE,"CNA_event_000179","PAVESV",0.320512820512821,"high_resolution_le_50pct",1,FALSE,"1","1","ENSE00001833804"
"HETDEL_cluster_0001","HETDEL","HETDEL",TRUE,"CNA_event_000818","PAVESV",0.67948717948718,"moderate_resolution_50_75pct",1,FALSE,"2","2","ENSE00003496053"
"HETDEL_cluster_0001","HETDEL","HOMDEL",FALSE,"CNA_event_000510","PAVJWE",0.976495726495726,"very_low_resolution_90_lt_100pct",2,TRUE,"1;2","1;2","ENSE00001833804;ENSE00003496053"
"HETDEL_cluster_0001","HETDEL","GAIN",FALSE,"CNA_event_001035","PAVRYP",0.67948717948718,"moderate_resolution_50_75pct",1,FALSE,"2","2","ENSE00003496053"
"HETDEL_cluster_0001","HETDEL","HOMDEL",FALSE,"CNA_event_000035","PAVSZJ",0.320512820512821,"high_resolution_le_50pct",1,FALSE,"1","1","ENSE00001833804"
"HETDEL_cluster_0001","HETDEL","HETDEL",TRUE,"CNA_event_000780","PAVSZJ",0.655982905982906,"moderate_resolution_50_75pct",1,FALSE,"2","2","ENSE00003496053"
"HETDEL_cluster_0001","HETDEL","HOMDEL",FALSE,"CNA_event_000288","PAVWUC",0.320512820512821,"high_resolution_le_50pct",1,FALSE,"1","1","ENSE00001833804"
"HETDEL_cluster_0001","HETDEL","HOMDEL",FALSE,"CNA_event_000282","PAVXWR",0.67948717948718,"moderate_resolution_50_75pct",1,FALSE,"2","2","ENSE00003496053"
"HETDEL_cluster_0001","HETDEL","HOMDEL",FALSE,"CNA_event_000486","PAVZTC",0.320512820512821,"high_resolution_le_50pct",1,FALSE,"1","1","ENSE00001833804"
"HETDEL_cluster_0001","HETDEL","HETDEL",TRUE,"CNA_event_000927","PAVZTC",0.67948717948718,"moderate_resolution_50_75pct",1,FALSE,"2","2","ENSE00003496053"
"HETDEL_cluster_0001","HETDEL","HOMDEL",FALSE,"CNA_event_000231","PAWAMT",0.67948717948718,"moderate_resolution_50_75pct",1,FALSE,"2","2","ENSE00003496053"
"HETDEL_cluster_0001","HETDEL","HETDEL",TRUE,"CNA_event_000830","PAWAMT",0.320512820512821,"high_resolution_le_50pct",1,FALSE,"1","1","ENSE00001833804"
"HETDEL_cluster_0001","HETDEL","HOMDEL",FALSE,"CNA_event_000270","PAWGHK",0.67948717948718,"moderate_resolution_50_75pct",1,FALSE,"2","2","ENSE00003496053"
"HETDEL_cluster_0001","HETDEL","HETDEL",TRUE,"CNA_event_000848","PAWGHK",0.320512820512821,"high_resolution_le_50pct",1,FALSE,"1","1","ENSE00001833804"
"HETDEL_cluster_0001","HETDEL","HOMDEL",FALSE,"CNA_event_000266","PAWGXM",0.976495726495726,"very_low_resolution_90_lt_100pct",2,TRUE,"1;2","1;2","ENSE00001833804;ENSE00003496053"
"HETDEL_cluster_0001","HETDEL","HETDEL",TRUE,"CNA_event_000846","PAWHIG",0.320512820512821,"high_resolution_le_50pct",1,FALSE,"1","1","ENSE00001833804"
"HETDEL_cluster_0001","HETDEL","HOMDEL",FALSE,"CNA_event_000258","PAWJKX",0.67948717948718,"moderate_resolution_50_75pct",1,FALSE,"2","2","ENSE00003496053"
"HETDEL_cluster_0001","HETDEL","HETDEL",TRUE,"CNA_event_000842","PAWJKX",0.320512820512821,"high_resolution_le_50pct",1,FALSE,"1","1","ENSE00001833804"
"HETDEL_cluster_0001","HETDEL","HETDEL",TRUE,"CNA_event_000828","PAWJVJ",0.655982905982906,"moderate_resolution_50_75pct",1,FALSE,"2","2","ENSE00003496053"
"HETDEL_cluster_0001","HETDEL","HOMDEL",FALSE,"CNA_event_000463","PAWLSN",0.320512820512821,"high_resolution_le_50pct",1,FALSE,"1","1","ENSE00001833804"
"HETDEL_cluster_0001","HETDEL","HETDEL",TRUE,"CNA_event_000924","PAWLSN",0.67948717948718,"moderate_resolution_50_75pct",1,FALSE,"2","2","ENSE00003496053"
"HETDEL_cluster_0001","HETDEL","HOMDEL",FALSE,"CNA_event_000254","PAWLYX",0.320512820512821,"high_resolution_le_50pct",1,FALSE,"1","1","ENSE00001833804"
"HETDEL_cluster_0002","HETDEL","HOMDEL",FALSE,"CNA_event_000157","PARHPU",0.320512820512821,"high_resolution_le_50pct",1,FALSE,"1","1","ENSE00001833804"
"HETDEL_cluster_0002","HETDEL","HETDEL",TRUE,"CNA_event_000811","PARHPU",0.67948717948718,"moderate_resolution_50_75pct",2,TRUE,"2;3","2;3","ENSE00003496053;ENSE00003529527"
"HETDEL_cluster_0002","HETDEL","HOMDEL",FALSE,"CNA_event_000155","PARIYD",0.320512820512821,"high_resolution_le_50pct",1,FALSE,"1","1","ENSE00001833804"
"HETDEL_cluster_0002","HETDEL","HETDEL",TRUE,"CNA_event_000809","PARIYD",0.67948717948718,"moderate_resolution_50_75pct",2,TRUE,"2;3","2;3","ENSE00003496053;ENSE00003529527"
"HETDEL_cluster_0002","HETDEL","HOMDEL",FALSE,"CNA_event_000684","PARWID",0.67948717948718,"moderate_resolution_50_75pct",2,TRUE,"2;3","2;3","ENSE00003496053;ENSE00003529527"
"HETDEL_cluster_0002","HETDEL","HETDEL",TRUE,"CNA_event_000995","PARWID",0.320512820512821,"high_resolution_le_50pct",1,FALSE,"1","1","ENSE00001833804"
"HETDEL_cluster_0002","HETDEL","HOMDEL",FALSE,"CNA_event_000442","PARXPZ",0.320512820512821,"high_resolution_le_50pct",1,FALSE,"1","1","ENSE00001833804"
"HETDEL_cluster_0002","HETDEL","HETDEL",TRUE,"CNA_event_000919","PARXPZ",0.67948717948718,"moderate_resolution_50_75pct",2,TRUE,"2;3","2;3","ENSE00003496053;ENSE00003529527"
"HETDEL_cluster_0002","HETDEL","HETDEL",TRUE,"CNA_event_000915","PASGRD",0.320512820512821,"high_resolution_le_50pct",1,FALSE,"1","1","ENSE00001833804"
"HETDEL_cluster_0002","HETDEL","HOMDEL",FALSE,"CNA_event_000662","PASGUH",0.976495726495726,"very_low_resolution_90_lt_100pct",2,TRUE,"1;2","1;2","ENSE00001833804;ENSE00003496053"
"HETDEL_cluster_0002","HETDEL","HETDEL",TRUE,"CNA_event_000980","PASGUH",0.0235042735042735,"high_resolution_le_50pct",1,FALSE,"3","3","ENSE00003529527"
"HETDEL_cluster_0002","HETDEL","HOMDEL",FALSE,"CNA_event_000133","PASKWG",0.320512820512821,"high_resolution_le_50pct",1,FALSE,"1","1","ENSE00001833804"
"HETDEL_cluster_0002","HETDEL","HOMDEL",FALSE,"CNA_event_000430","PASPDS",0.976495726495726,"very_low_resolution_90_lt_100pct",2,TRUE,"1;2","1;2","ENSE00001833804;ENSE00003496053"
"HETDEL_cluster_0002","HETDEL","HETDEL",TRUE,"CNA_event_000910","PASPNW",0.976495726495726,"very_low_resolution_90_lt_100pct",2,TRUE,"1;2","1;2","ENSE00001833804;ENSE00003496053"
"HETDEL_cluster_0002","HETDEL","HOMDEL",FALSE,"CNA_event_000585","PASRAF",0.67948717948718,"moderate_resolution_50_75pct",2,TRUE,"2;3","2;3","ENSE00003496053;ENSE00003529527"
"HETDEL_cluster_0002","HETDEL","HETDEL",TRUE,"CNA_event_000946","PASRAF",0.320512820512821,"high_resolution_le_50pct",1,FALSE,"1","1","ENSE00001833804"
"HETDEL_cluster_0002","HETDEL","HETDEL",TRUE,"CNA_event_000904","PASWSR",0.320512820512821,"high_resolution_le_50pct",1,FALSE,"1","1","ENSE00001833804"
"HETDEL_cluster_0002","HETDEL","HOMDEL",FALSE,"CNA_event_000714","PASZJW",0.320512820512821,"high_resolution_le_50pct",1,FALSE,"1","1","ENSE00001833804"
"HETDEL_cluster_0002","HETDEL","HETDEL",TRUE,"CNA_event_001007","PASZJW",0.67948717948718,"moderate_resolution_50_75pct",2,TRUE,"2;3","2;3","ENSE00003496053;ENSE00003529527"
"HETDEL_cluster_0002","HETDEL","HETDEL",TRUE,"CNA_event_000959","PATAHP",0.976495726495726,"very_low_resolution_90_lt_100pct",2,TRUE,"1;2","1;2","ENSE00001833804;ENSE00003496053"
"HETDEL_cluster_0002","HETDEL","HOMDEL",FALSE,"CNA_event_000700","PATBDJ",0.67948717948718,"moderate_resolution_50_75pct",2,TRUE,"2;3","2;3","ENSE00003496053;ENSE00003529527"
"HETDEL_cluster_0002","HETDEL","HOMDEL",FALSE,"CNA_event_000701","PATBDJ",0.320512820512821,"high_resolution_le_50pct",1,FALSE,"1","1","ENSE00001833804"
"HETDEL_cluster_0002","HETDEL","HOMDEL",FALSE,"CNA_event_000575","PATCML",0.320512820512821,"high_resolution_le_50pct",1,FALSE,"1","1","ENSE00001833804"
"HETDEL_cluster_0002","HETDEL","HETDEL",TRUE,"CNA_event_000943","PATCML",0.67948717948718,"moderate_resolution_50_75pct",2,TRUE,"2;3","2;3","ENSE00003496053;ENSE00003529527"
"HETDEL_cluster_0002","HETDEL","HOMDEL",FALSE,"CNA_event_000625","PATEVL",0.320512820512821,"high_resolution_le_50pct",1,FALSE,"1","1","ENSE00001833804"
"HETDEL_cluster_0002","HETDEL","HETDEL",TRUE,"CNA_event_001022","PATFMG",0.67948717948718,"moderate_resolution_50_75pct",2,TRUE,"2;3","2;3","ENSE00003496053;ENSE00003529527"
"HETDEL_cluster_0002","HETDEL","HOMDEL",FALSE,"CNA_event_000102","PATJBC",0.976495726495726,"very_low_resolution_90_lt_100pct",2,TRUE,"1;2","1;2","ENSE00001833804;ENSE00003496053"
"HETDEL_cluster_0002","HETDEL","HETDEL",TRUE,"CNA_event_000795","PATJBC",0.0235042735042735,"high_resolution_le_50pct",1,FALSE,"3","3","ENSE00003529527"
"HETDEL_cluster_0002","HETDEL","HOMDEL",FALSE,"CNA_event_000379","PATPDA",0.0235042735042735,"high_resolution_le_50pct",1,FALSE,"3","3","ENSE00003529527"
"HETDEL_cluster_0002","HETDEL","HETDEL",TRUE,"CNA_event_000898","PATPDA",0.976495726495726,"very_low_resolution_90_lt_100pct",2,TRUE,"1;2","1;2","ENSE00001833804;ENSE00003496053"
"HETDEL_cluster_0002","HETDEL","HOMDEL",FALSE,"CNA_event_000696","PATRJL",0.67948717948718,"moderate_resolution_50_75pct",2,TRUE,"2;3","2;3","ENSE00003496053;ENSE00003529527"
"HETDEL_cluster_0002","HETDEL","HETDEL",TRUE,"CNA_event_000892","PATVTZ",0.67948717948718,"moderate_resolution_50_75pct",2,TRUE,"2;3","2;3","ENSE00003496053;ENSE00003529527"
"HETDEL_cluster_0002","HETDEL","HOMDEL",FALSE,"CNA_event_000749","PAUGEJ",0.67948717948718,"moderate_resolution_50_75pct",2,TRUE,"2;3","2;3","ENSE00003496053;ENSE00003529527"
"HETDEL_cluster_0002","HETDEL","HOMDEL",FALSE,"CNA_event_000750","PAUGEJ",0.320512820512821,"high_resolution_le_50pct",1,FALSE,"1","1","ENSE00001833804"
"HETDEL_cluster_0002","HETDEL","HOMDEL",FALSE,"CNA_event_000748","PAUGEP",0.235042735042735,"high_resolution_le_50pct",2,TRUE,"2;3","2;3","ENSE00003496053;ENSE00003529527"
"HETDEL_cluster_0002","HETDEL","HOMDEL",FALSE,"CNA_event_000533","PAUJYN",0.67948717948718,"moderate_resolution_50_75pct",2,TRUE,"2;3","2;3","ENSE00003496053;ENSE00003529527"
"HETDEL_cluster_0002","HETDEL","HETDEL",TRUE,"CNA_event_000937","PAUJYN",0.320512820512821,"high_resolution_le_50pct",1,FALSE,"1","1","ENSE00001833804"
"HETDEL_cluster_0002","HETDEL","HOMDEL",FALSE,"CNA_event_000185","PAUPHP",0.320512820512821,"high_resolution_le_50pct",1,FALSE,"1","1","ENSE00001833804"
"HETDEL_cluster_0002","HETDEL","HETDEL",TRUE,"CNA_event_000819","PAUPHP",0.67948717948718,"moderate_resolution_50_75pct",2,TRUE,"2;3","2;3","ENSE00003496053;ENSE00003529527"
"HETDEL_cluster_0002","HETDEL","HOMDEL",FALSE,"CNA_event_000621","PAUPVR",0.320512820512821,"high_resolution_le_50pct",1,FALSE,"1","1","ENSE00001833804"
"HETDEL_cluster_0002","HETDEL","HETDEL",TRUE,"CNA_event_000961","PAUPVR",0.67948717948718,"moderate_resolution_50_75pct",2,TRUE,"2;3","2;3","ENSE00003496053;ENSE00003529527"
"HETDEL_cluster_0002","HETDEL","GAIN",FALSE,"CNA_event_001036","PAUTUL",0.655982905982906,"moderate_resolution_50_75pct",1,FALSE,"2","2","ENSE00003496053"
"HETDEL_cluster_0002","HETDEL","HOMDEL",FALSE,"CNA_event_000727","PAUUXK",0.320512820512821,"high_resolution_le_50pct",1,FALSE,"1","1","ENSE00001833804"
"HETDEL_cluster_0002","HETDEL","HETDEL",TRUE,"CNA_event_001012","PAUUXK",0.67948717948718,"moderate_resolution_50_75pct",2,TRUE,"2;3","2;3","ENSE00003496053;ENSE00003529527"
"HETDEL_cluster_0002","HETDEL","HOMDEL",FALSE,"CNA_event_000687","PAUXYM",0.67948717948718,"moderate_resolution_50_75pct",2,TRUE,"2;3","2;3","ENSE00003496053;ENSE00003529527"
"HETDEL_cluster_0002","HETDEL","HETDEL",TRUE,"CNA_event_000872","PAUYJE",0.0235042735042735,"high_resolution_le_50pct",1,FALSE,"3","3","ENSE00003529527"
"HETDEL_cluster_0002","HETDEL","HETDEL",TRUE,"CNA_event_000765","PAVCEA",0.976495726495726,"very_low_resolution_90_lt_100pct",2,TRUE,"1;2","1;2","ENSE00001833804;ENSE00003496053"
"HETDEL_cluster_0002","HETDEL","HOMDEL",FALSE,"CNA_event_000179","PAVESV",0.320512820512821,"high_resolution_le_50pct",1,FALSE,"1","1","ENSE00001833804"
"HETDEL_cluster_0002","HETDEL","HETDEL",TRUE,"CNA_event_000818","PAVESV",0.67948717948718,"moderate_resolution_50_75pct",2,TRUE,"2;3","2;3","ENSE00003496053;ENSE00003529527"
"HETDEL_cluster_0002","HETDEL","HOMDEL",FALSE,"CNA_event_000510","PAVJWE",0.976495726495726,"very_low_resolution_90_lt_100pct",2,TRUE,"1;2","1;2","ENSE00001833804;ENSE00003496053"
"HETDEL_cluster_0002","HETDEL","GAIN",FALSE,"CNA_event_001035","PAVRYP",0.67948717948718,"moderate_resolution_50_75pct",2,TRUE,"2;3","2;3","ENSE00003496053;ENSE00003529527"
"HETDEL_cluster_0002","HETDEL","HOMDEL",FALSE,"CNA_event_000035","PAVSZJ",0.320512820512821,"high_resolution_le_50pct",1,FALSE,"1","1","ENSE00001833804"
"HETDEL_cluster_0002","HETDEL","HETDEL",TRUE,"CNA_event_000779","PAVSZJ",0.0235042735042735,"high_resolution_le_50pct",1,FALSE,"3","3","ENSE00003529527"
"HETDEL_cluster_0002","HETDEL","HETDEL",TRUE,"CNA_event_000780","PAVSZJ",0.655982905982906,"moderate_resolution_50_75pct",1,FALSE,"2","2","ENSE00003496053"
"HETDEL_cluster_0002","HETDEL","HOMDEL",FALSE,"CNA_event_000288","PAVWUC",0.320512820512821,"high_resolution_le_50pct",1,FALSE,"1","1","ENSE00001833804"
"HETDEL_cluster_0002","HETDEL","HOMDEL",FALSE,"CNA_event_000282","PAVXWR",0.67948717948718,"moderate_resolution_50_75pct",2,TRUE,"2;3","2;3","ENSE00003496053;ENSE00003529527"
"HETDEL_cluster_0002","HETDEL","HOMDEL",FALSE,"CNA_event_000486","PAVZTC",0.320512820512821,"high_resolution_le_50pct",1,FALSE,"1","1","ENSE00001833804"
"HETDEL_cluster_0002","HETDEL","HETDEL",TRUE,"CNA_event_000927","PAVZTC",0.67948717948718,"moderate_resolution_50_75pct",2,TRUE,"2;3","2;3","ENSE00003496053;ENSE00003529527"
"HETDEL_cluster_0002","HETDEL","HOMDEL",FALSE,"CNA_event_000231","PAWAMT",0.67948717948718,"moderate_resolution_50_75pct",2,TRUE,"2;3","2;3","ENSE00003496053;ENSE00003529527"
"HETDEL_cluster_0002","HETDEL","HETDEL",TRUE,"CNA_event_000830","PAWAMT",0.320512820512821,"high_resolution_le_50pct",1,FALSE,"1","1","ENSE00001833804"
"HETDEL_cluster_0002","HETDEL","HOMDEL",FALSE,"CNA_event_000270","PAWGHK",0.67948717948718,"moderate_resolution_50_75pct",2,TRUE,"2;3","2;3","ENSE00003496053;ENSE00003529527"
"HETDEL_cluster_0002","HETDEL","HETDEL",TRUE,"CNA_event_000848","PAWGHK",0.320512820512821,"high_resolution_le_50pct",1,FALSE,"1","1","ENSE00001833804"
"HETDEL_cluster_0002","HETDEL","HOMDEL",FALSE,"CNA_event_000266","PAWGXM",0.976495726495726,"very_low_resolution_90_lt_100pct",2,TRUE,"1;2","1;2","ENSE00001833804;ENSE00003496053"
"HETDEL_cluster_0002","HETDEL","HETDEL",TRUE,"CNA_event_000847","PAWGXM",0.0235042735042735,"high_resolution_le_50pct",1,FALSE,"3","3","ENSE00003529527"
"HETDEL_cluster_0002","HETDEL","HETDEL",TRUE,"CNA_event_000846","PAWHIG",0.320512820512821,"high_resolution_le_50pct",1,FALSE,"1","1","ENSE00001833804"
"HETDEL_cluster_0002","HETDEL","HOMDEL",FALSE,"CNA_event_000258","PAWJKX",0.67948717948718,"moderate_resolution_50_75pct",2,TRUE,"2;3","2;3","ENSE00003496053;ENSE00003529527"
"HETDEL_cluster_0002","HETDEL","HETDEL",TRUE,"CNA_event_000842","PAWJKX",0.320512820512821,"high_resolution_le_50pct",1,FALSE,"1","1","ENSE00001833804"
"HETDEL_cluster_0002","HETDEL","HETDEL",TRUE,"CNA_event_000827","PAWJVJ",0.0235042735042735,"high_resolution_le_50pct",1,FALSE,"3","3","ENSE00003529527"
"HETDEL_cluster_0002","HETDEL","HETDEL",TRUE,"CNA_event_000828","PAWJVJ",0.655982905982906,"moderate_resolution_50_75pct",1,FALSE,"2","2","ENSE00003496053"
"HETDEL_cluster_0002","HETDEL","HOMDEL",FALSE,"CNA_event_000463","PAWLSN",0.320512820512821,"high_resolution_le_50pct",1,FALSE,"1","1","ENSE00001833804"
"HETDEL_cluster_0002","HETDEL","HETDEL",TRUE,"CNA_event_000924","PAWLSN",0.67948717948718,"moderate_resolution_50_75pct",2,TRUE,"2;3","2;3","ENSE00003496053;ENSE00003529527"
"HETDEL_cluster_0002","HETDEL","HOMDEL",FALSE,"CNA_event_000254","PAWLYX",0.320512820512821,"high_resolution_le_50pct",1,FALSE,"1","1","ENSE00001833804"
"HETDEL_cluster_0003","HETDEL","HOMDEL",FALSE,"CNA_event_000157","PARHPU",0.320512820512821,"high_resolution_le_50pct",1,FALSE,"1","1","ENSE00001833804"
"HETDEL_cluster_0003","HETDEL","HOMDEL",FALSE,"CNA_event_000155","PARIYD",0.320512820512821,"high_resolution_le_50pct",1,FALSE,"1","1","ENSE00001833804"
"HETDEL_cluster_0003","HETDEL","HETDEL",TRUE,"CNA_event_000995","PARWID",0.320512820512821,"high_resolution_le_50pct",1,FALSE,"1","1","ENSE00001833804"
"HETDEL_cluster_0003","HETDEL","HOMDEL",FALSE,"CNA_event_000442","PARXPZ",0.320512820512821,"high_resolution_le_50pct",1,FALSE,"1","1","ENSE00001833804"
"HETDEL_cluster_0003","HETDEL","HETDEL",TRUE,"CNA_event_000915","PASGRD",0.320512820512821,"high_resolution_le_50pct",1,FALSE,"1","1","ENSE00001833804"
"HETDEL_cluster_0003","HETDEL","HOMDEL",FALSE,"CNA_event_000662","PASGUH",0.976495726495726,"very_low_resolution_90_lt_100pct",1,FALSE,"1","1","ENSE00001833804"
"HETDEL_cluster_0003","HETDEL","HOMDEL",FALSE,"CNA_event_000133","PASKWG",0.320512820512821,"high_resolution_le_50pct",1,FALSE,"1","1","ENSE00001833804"
"HETDEL_cluster_0003","HETDEL","HOMDEL",FALSE,"CNA_event_000430","PASPDS",0.976495726495726,"very_low_resolution_90_lt_100pct",1,FALSE,"1","1","ENSE00001833804"
"HETDEL_cluster_0003","HETDEL","HETDEL",TRUE,"CNA_event_000910","PASPNW",0.976495726495726,"very_low_resolution_90_lt_100pct",1,FALSE,"1","1","ENSE00001833804"
"HETDEL_cluster_0003","HETDEL","HETDEL",TRUE,"CNA_event_000946","PASRAF",0.320512820512821,"high_resolution_le_50pct",1,FALSE,"1","1","ENSE00001833804"
"HETDEL_cluster_0003","HETDEL","HETDEL",TRUE,"CNA_event_000904","PASWSR",0.320512820512821,"high_resolution_le_50pct",1,FALSE,"1","1","ENSE00001833804"
"HETDEL_cluster_0003","HETDEL","HOMDEL",FALSE,"CNA_event_000714","PASZJW",0.320512820512821,"high_resolution_le_50pct",1,FALSE,"1","1","ENSE00001833804"
"HETDEL_cluster_0003","HETDEL","HETDEL",TRUE,"CNA_event_000959","PATAHP",0.976495726495726,"very_low_resolution_90_lt_100pct",1,FALSE,"1","1","ENSE00001833804"
"HETDEL_cluster_0003","HETDEL","HOMDEL",FALSE,"CNA_event_000701","PATBDJ",0.320512820512821,"high_resolution_le_50pct",1,FALSE,"1","1","ENSE00001833804"
"HETDEL_cluster_0003","HETDEL","HOMDEL",FALSE,"CNA_event_000575","PATCML",0.320512820512821,"high_resolution_le_50pct",1,FALSE,"1","1","ENSE00001833804"
"HETDEL_cluster_0003","HETDEL","HOMDEL",FALSE,"CNA_event_000625","PATEVL",0.320512820512821,"high_resolution_le_50pct",1,FALSE,"1","1","ENSE00001833804"
"HETDEL_cluster_0003","HETDEL","HOMDEL",FALSE,"CNA_event_000102","PATJBC",0.976495726495726,"very_low_resolution_90_lt_100pct",1,FALSE,"1","1","ENSE00001833804"
"HETDEL_cluster_0003","HETDEL","HETDEL",TRUE,"CNA_event_000898","PATPDA",0.976495726495726,"very_low_resolution_90_lt_100pct",1,FALSE,"1","1","ENSE00001833804"
"HETDEL_cluster_0003","HETDEL","HOMDEL",FALSE,"CNA_event_000750","PAUGEJ",0.320512820512821,"high_resolution_le_50pct",1,FALSE,"1","1","ENSE00001833804"
"HETDEL_cluster_0003","HETDEL","HETDEL",TRUE,"CNA_event_000937","PAUJYN",0.320512820512821,"high_resolution_le_50pct",1,FALSE,"1","1","ENSE00001833804"
"HETDEL_cluster_0003","HETDEL","HOMDEL",FALSE,"CNA_event_000185","PAUPHP",0.320512820512821,"high_resolution_le_50pct",1,FALSE,"1","1","ENSE00001833804"
"HETDEL_cluster_0003","HETDEL","HOMDEL",FALSE,"CNA_event_000621","PAUPVR",0.320512820512821,"high_resolution_le_50pct",1,FALSE,"1","1","ENSE00001833804"
"HETDEL_cluster_0003","HETDEL","HOMDEL",FALSE,"CNA_event_000727","PAUUXK",0.320512820512821,"high_resolution_le_50pct",1,FALSE,"1","1","ENSE00001833804"
"HETDEL_cluster_0003","HETDEL","HETDEL",TRUE,"CNA_event_000765","PAVCEA",0.976495726495726,"very_low_resolution_90_lt_100pct",1,FALSE,"1","1","ENSE00001833804"
"HETDEL_cluster_0003","HETDEL","HOMDEL",FALSE,"CNA_event_000179","PAVESV",0.320512820512821,"high_resolution_le_50pct",1,FALSE,"1","1","ENSE00001833804"
"HETDEL_cluster_0003","HETDEL","HOMDEL",FALSE,"CNA_event_000510","PAVJWE",0.976495726495726,"very_low_resolution_90_lt_100pct",1,FALSE,"1","1","ENSE00001833804"
"HETDEL_cluster_0003","HETDEL","HOMDEL",FALSE,"CNA_event_000035","PAVSZJ",0.320512820512821,"high_resolution_le_50pct",1,FALSE,"1","1","ENSE00001833804"
"HETDEL_cluster_0003","HETDEL","HOMDEL",FALSE,"CNA_event_000288","PAVWUC",0.320512820512821,"high_resolution_le_50pct",1,FALSE,"1","1","ENSE00001833804"
"HETDEL_cluster_0003","HETDEL","HOMDEL",FALSE,"CNA_event_000486","PAVZTC",0.320512820512821,"high_resolution_le_50pct",1,FALSE,"1","1","ENSE00001833804"
"HETDEL_cluster_0003","HETDEL","HETDEL",TRUE,"CNA_event_000830","PAWAMT",0.320512820512821,"high_resolution_le_50pct",1,FALSE,"1","1","ENSE00001833804"
"HETDEL_cluster_0003","HETDEL","HETDEL",TRUE,"CNA_event_000848","PAWGHK",0.320512820512821,"high_resolution_le_50pct",1,FALSE,"1","1","ENSE00001833804"
"HETDEL_cluster_0003","HETDEL","HOMDEL",FALSE,"CNA_event_000266","PAWGXM",0.976495726495726,"very_low_resolution_90_lt_100pct",1,FALSE,"1","1","ENSE00001833804"
"HETDEL_cluster_0003","HETDEL","HETDEL",TRUE,"CNA_event_000846","PAWHIG",0.320512820512821,"high_resolution_le_50pct",1,FALSE,"1","1","ENSE00001833804"
"HETDEL_cluster_0003","HETDEL","HETDEL",TRUE,"CNA_event_000842","PAWJKX",0.320512820512821,"high_resolution_le_50pct",1,FALSE,"1","1","ENSE00001833804"
"HETDEL_cluster_0003","HETDEL","HOMDEL",FALSE,"CNA_event_000463","PAWLSN",0.320512820512821,"high_resolution_le_50pct",1,FALSE,"1","1","ENSE00001833804"
"HETDEL_cluster_0003","HETDEL","HOMDEL",FALSE,"CNA_event_000254","PAWLYX",0.320512820512821,"high_resolution_le_50pct",1,FALSE,"1","1","ENSE00001833804"
"HETDEL_cluster_0004","HETDEL","HETDEL",TRUE,"CNA_event_000811","PARHPU",0.67948717948718,"moderate_resolution_50_75pct",1,FALSE,"2","2","ENSE00003496053"
"HETDEL_cluster_0004","HETDEL","HETDEL",TRUE,"CNA_event_000809","PARIYD",0.67948717948718,"moderate_resolution_50_75pct",1,FALSE,"2","2","ENSE00003496053"
"HETDEL_cluster_0004","HETDEL","HOMDEL",FALSE,"CNA_event_000684","PARWID",0.67948717948718,"moderate_resolution_50_75pct",1,FALSE,"2","2","ENSE00003496053"
"HETDEL_cluster_0004","HETDEL","HETDEL",TRUE,"CNA_event_000919","PARXPZ",0.67948717948718,"moderate_resolution_50_75pct",1,FALSE,"2","2","ENSE00003496053"
"HETDEL_cluster_0004","HETDEL","HOMDEL",FALSE,"CNA_event_000662","PASGUH",0.976495726495726,"very_low_resolution_90_lt_100pct",1,FALSE,"2","2","ENSE00003496053"
"HETDEL_cluster_0004","HETDEL","HOMDEL",FALSE,"CNA_event_000430","PASPDS",0.976495726495726,"very_low_resolution_90_lt_100pct",1,FALSE,"2","2","ENSE00003496053"
"HETDEL_cluster_0004","HETDEL","HETDEL",TRUE,"CNA_event_000910","PASPNW",0.976495726495726,"very_low_resolution_90_lt_100pct",1,FALSE,"2","2","ENSE00003496053"
"HETDEL_cluster_0004","HETDEL","HOMDEL",FALSE,"CNA_event_000585","PASRAF",0.67948717948718,"moderate_resolution_50_75pct",1,FALSE,"2","2","ENSE00003496053"
"HETDEL_cluster_0004","HETDEL","HETDEL",TRUE,"CNA_event_001007","PASZJW",0.67948717948718,"moderate_resolution_50_75pct",1,FALSE,"2","2","ENSE00003496053"
"HETDEL_cluster_0004","HETDEL","HETDEL",TRUE,"CNA_event_000959","PATAHP",0.976495726495726,"very_low_resolution_90_lt_100pct",1,FALSE,"2","2","ENSE00003496053"
"HETDEL_cluster_0004","HETDEL","HOMDEL",FALSE,"CNA_event_000700","PATBDJ",0.67948717948718,"moderate_resolution_50_75pct",1,FALSE,"2","2","ENSE00003496053"
"HETDEL_cluster_0004","HETDEL","HETDEL",TRUE,"CNA_event_000943","PATCML",0.67948717948718,"moderate_resolution_50_75pct",1,FALSE,"2","2","ENSE00003496053"
"HETDEL_cluster_0004","HETDEL","HETDEL",TRUE,"CNA_event_001022","PATFMG",0.67948717948718,"moderate_resolution_50_75pct",1,FALSE,"2","2","ENSE00003496053"
"HETDEL_cluster_0004","HETDEL","HOMDEL",FALSE,"CNA_event_000102","PATJBC",0.976495726495726,"very_low_resolution_90_lt_100pct",1,FALSE,"2","2","ENSE00003496053"
"HETDEL_cluster_0004","HETDEL","HETDEL",TRUE,"CNA_event_000898","PATPDA",0.976495726495726,"very_low_resolution_90_lt_100pct",1,FALSE,"2","2","ENSE00003496053"
"HETDEL_cluster_0004","HETDEL","HOMDEL",FALSE,"CNA_event_000696","PATRJL",0.67948717948718,"moderate_resolution_50_75pct",1,FALSE,"2","2","ENSE00003496053"
"HETDEL_cluster_0004","HETDEL","HETDEL",TRUE,"CNA_event_000892","PATVTZ",0.67948717948718,"moderate_resolution_50_75pct",1,FALSE,"2","2","ENSE00003496053"
"HETDEL_cluster_0004","HETDEL","HOMDEL",FALSE,"CNA_event_000749","PAUGEJ",0.67948717948718,"moderate_resolution_50_75pct",1,FALSE,"2","2","ENSE00003496053"
"HETDEL_cluster_0004","HETDEL","HOMDEL",FALSE,"CNA_event_000748","PAUGEP",0.235042735042735,"high_resolution_le_50pct",1,FALSE,"2","2","ENSE00003496053"
"HETDEL_cluster_0004","HETDEL","HOMDEL",FALSE,"CNA_event_000533","PAUJYN",0.67948717948718,"moderate_resolution_50_75pct",1,FALSE,"2","2","ENSE00003496053"
"HETDEL_cluster_0004","HETDEL","HETDEL",TRUE,"CNA_event_000819","PAUPHP",0.67948717948718,"moderate_resolution_50_75pct",1,FALSE,"2","2","ENSE00003496053"
"HETDEL_cluster_0004","HETDEL","HETDEL",TRUE,"CNA_event_000961","PAUPVR",0.67948717948718,"moderate_resolution_50_75pct",1,FALSE,"2","2","ENSE00003496053"
"HETDEL_cluster_0004","HETDEL","GAIN",FALSE,"CNA_event_001036","PAUTUL",0.655982905982906,"moderate_resolution_50_75pct",1,FALSE,"2","2","ENSE00003496053"
"HETDEL_cluster_0004","HETDEL","HETDEL",TRUE,"CNA_event_001012","PAUUXK",0.67948717948718,"moderate_resolution_50_75pct",1,FALSE,"2","2","ENSE00003496053"
"HETDEL_cluster_0004","HETDEL","HOMDEL",FALSE,"CNA_event_000687","PAUXYM",0.67948717948718,"moderate_resolution_50_75pct",1,FALSE,"2","2","ENSE00003496053"
"HETDEL_cluster_0004","HETDEL","HETDEL",TRUE,"CNA_event_000765","PAVCEA",0.976495726495726,"very_low_resolution_90_lt_100pct",1,FALSE,"2","2","ENSE00003496053"
"HETDEL_cluster_0004","HETDEL","HETDEL",TRUE,"CNA_event_000818","PAVESV",0.67948717948718,"moderate_resolution_50_75pct",1,FALSE,"2","2","ENSE00003496053"
"HETDEL_cluster_0004","HETDEL","HOMDEL",FALSE,"CNA_event_000510","PAVJWE",0.976495726495726,"very_low_resolution_90_lt_100pct",1,FALSE,"2","2","ENSE00003496053"
"HETDEL_cluster_0004","HETDEL","GAIN",FALSE,"CNA_event_001035","PAVRYP",0.67948717948718,"moderate_resolution_50_75pct",1,FALSE,"2","2","ENSE00003496053"
"HETDEL_cluster_0004","HETDEL","HETDEL",TRUE,"CNA_event_000780","PAVSZJ",0.655982905982906,"moderate_resolution_50_75pct",1,FALSE,"2","2","ENSE00003496053"
"HETDEL_cluster_0004","HETDEL","HOMDEL",FALSE,"CNA_event_000282","PAVXWR",0.67948717948718,"moderate_resolution_50_75pct",1,FALSE,"2","2","ENSE00003496053"
"HETDEL_cluster_0004","HETDEL","HETDEL",TRUE,"CNA_event_000927","PAVZTC",0.67948717948718,"moderate_resolution_50_75pct",1,FALSE,"2","2","ENSE00003496053"
"HETDEL_cluster_0004","HETDEL","HOMDEL",FALSE,"CNA_event_000231","PAWAMT",0.67948717948718,"moderate_resolution_50_75pct",1,FALSE,"2","2","ENSE00003496053"
"HETDEL_cluster_0004","HETDEL","HOMDEL",FALSE,"CNA_event_000270","PAWGHK",0.67948717948718,"moderate_resolution_50_75pct",1,FALSE,"2","2","ENSE00003496053"
"HETDEL_cluster_0004","HETDEL","HOMDEL",FALSE,"CNA_event_000266","PAWGXM",0.976495726495726,"very_low_resolution_90_lt_100pct",1,FALSE,"2","2","ENSE00003496053"
"HETDEL_cluster_0004","HETDEL","HOMDEL",FALSE,"CNA_event_000258","PAWJKX",0.67948717948718,"moderate_resolution_50_75pct",1,FALSE,"2","2","ENSE00003496053"
"HETDEL_cluster_0004","HETDEL","HETDEL",TRUE,"CNA_event_000828","PAWJVJ",0.655982905982906,"moderate_resolution_50_75pct",1,FALSE,"2","2","ENSE00003496053"
"HETDEL_cluster_0004","HETDEL","HETDEL",TRUE,"CNA_event_000924","PAWLSN",0.67948717948718,"moderate_resolution_50_75pct",1,FALSE,"2","2","ENSE00003496053"
"HETDEL_cluster_0005","HETDEL","HETDEL",TRUE,"CNA_event_000811","PARHPU",0.67948717948718,"moderate_resolution_50_75pct",1,FALSE,"3","3","ENSE00003529527"
"HETDEL_cluster_0005","HETDEL","HETDEL",TRUE,"CNA_event_000809","PARIYD",0.67948717948718,"moderate_resolution_50_75pct",1,FALSE,"3","3","ENSE00003529527"
"HETDEL_cluster_0005","HETDEL","HOMDEL",FALSE,"CNA_event_000684","PARWID",0.67948717948718,"moderate_resolution_50_75pct",1,FALSE,"3","3","ENSE00003529527"
"HETDEL_cluster_0005","HETDEL","HETDEL",TRUE,"CNA_event_000919","PARXPZ",0.67948717948718,"moderate_resolution_50_75pct",1,FALSE,"3","3","ENSE00003529527"
"HETDEL_cluster_0005","HETDEL","HETDEL",TRUE,"CNA_event_000980","PASGUH",0.0235042735042735,"high_resolution_le_50pct",1,FALSE,"3","3","ENSE00003529527"
"HETDEL_cluster_0005","HETDEL","HOMDEL",FALSE,"CNA_event_000585","PASRAF",0.67948717948718,"moderate_resolution_50_75pct",1,FALSE,"3","3","ENSE00003529527"
"HETDEL_cluster_0005","HETDEL","HETDEL",TRUE,"CNA_event_001007","PASZJW",0.67948717948718,"moderate_resolution_50_75pct",1,FALSE,"3","3","ENSE00003529527"
"HETDEL_cluster_0005","HETDEL","HOMDEL",FALSE,"CNA_event_000700","PATBDJ",0.67948717948718,"moderate_resolution_50_75pct",1,FALSE,"3","3","ENSE00003529527"
"HETDEL_cluster_0005","HETDEL","HETDEL",TRUE,"CNA_event_000943","PATCML",0.67948717948718,"moderate_resolution_50_75pct",1,FALSE,"3","3","ENSE00003529527"
"HETDEL_cluster_0005","HETDEL","HETDEL",TRUE,"CNA_event_001022","PATFMG",0.67948717948718,"moderate_resolution_50_75pct",1,FALSE,"3","3","ENSE00003529527"
"HETDEL_cluster_0005","HETDEL","HETDEL",TRUE,"CNA_event_000795","PATJBC",0.0235042735042735,"high_resolution_le_50pct",1,FALSE,"3","3","ENSE00003529527"
"HETDEL_cluster_0005","HETDEL","HOMDEL",FALSE,"CNA_event_000379","PATPDA",0.0235042735042735,"high_resolution_le_50pct",1,FALSE,"3","3","ENSE00003529527"
"HETDEL_cluster_0005","HETDEL","HOMDEL",FALSE,"CNA_event_000696","PATRJL",0.67948717948718,"moderate_resolution_50_75pct",1,FALSE,"3","3","ENSE00003529527"
"HETDEL_cluster_0005","HETDEL","HETDEL",TRUE,"CNA_event_000892","PATVTZ",0.67948717948718,"moderate_resolution_50_75pct",1,FALSE,"3","3","ENSE00003529527"
"HETDEL_cluster_0005","HETDEL","HOMDEL",FALSE,"CNA_event_000749","PAUGEJ",0.67948717948718,"moderate_resolution_50_75pct",1,FALSE,"3","3","ENSE00003529527"
"HETDEL_cluster_0005","HETDEL","HOMDEL",FALSE,"CNA_event_000748","PAUGEP",0.235042735042735,"high_resolution_le_50pct",1,FALSE,"3","3","ENSE00003529527"
"HETDEL_cluster_0005","HETDEL","HOMDEL",FALSE,"CNA_event_000533","PAUJYN",0.67948717948718,"moderate_resolution_50_75pct",1,FALSE,"3","3","ENSE00003529527"
"HETDEL_cluster_0005","HETDEL","HETDEL",TRUE,"CNA_event_000819","PAUPHP",0.67948717948718,"moderate_resolution_50_75pct",1,FALSE,"3","3","ENSE00003529527"
"HETDEL_cluster_0005","HETDEL","HETDEL",TRUE,"CNA_event_000961","PAUPVR",0.67948717948718,"moderate_resolution_50_75pct",1,FALSE,"3","3","ENSE00003529527"
"HETDEL_cluster_0005","HETDEL","HETDEL",TRUE,"CNA_event_001012","PAUUXK",0.67948717948718,"moderate_resolution_50_75pct",1,FALSE,"3","3","ENSE00003529527"
"HETDEL_cluster_0005","HETDEL","HOMDEL",FALSE,"CNA_event_000687","PAUXYM",0.67948717948718,"moderate_resolution_50_75pct",1,FALSE,"3","3","ENSE00003529527"
"HETDEL_cluster_0005","HETDEL","HETDEL",TRUE,"CNA_event_000872","PAUYJE",0.0235042735042735,"high_resolution_le_50pct",1,FALSE,"3","3","ENSE00003529527"
"HETDEL_cluster_0005","HETDEL","HETDEL",TRUE,"CNA_event_000818","PAVESV",0.67948717948718,"moderate_resolution_50_75pct",1,FALSE,"3","3","ENSE00003529527"
"HETDEL_cluster_0005","HETDEL","GAIN",FALSE,"CNA_event_001035","PAVRYP",0.67948717948718,"moderate_resolution_50_75pct",1,FALSE,"3","3","ENSE00003529527"
"HETDEL_cluster_0005","HETDEL","HETDEL",TRUE,"CNA_event_000779","PAVSZJ",0.0235042735042735,"high_resolution_le_50pct",1,FALSE,"3","3","ENSE00003529527"
"HETDEL_cluster_0005","HETDEL","HOMDEL",FALSE,"CNA_event_000282","PAVXWR",0.67948717948718,"moderate_resolution_50_75pct",1,FALSE,"3","3","ENSE00003529527"
"HETDEL_cluster_0005","HETDEL","HETDEL",TRUE,"CNA_event_000927","PAVZTC",0.67948717948718,"moderate_resolution_50_75pct",1,FALSE,"3","3","ENSE00003529527"
"HETDEL_cluster_0005","HETDEL","HOMDEL",FALSE,"CNA_event_000231","PAWAMT",0.67948717948718,"moderate_resolution_50_75pct",1,FALSE,"3","3","ENSE00003529527"
"HETDEL_cluster_0005","HETDEL","HOMDEL",FALSE,"CNA_event_000270","PAWGHK",0.67948717948718,"moderate_resolution_50_75pct",1,FALSE,"3","3","ENSE00003529527"
"HETDEL_cluster_0005","HETDEL","HETDEL",TRUE,"CNA_event_000847","PAWGXM",0.0235042735042735,"high_resolution_le_50pct",1,FALSE,"3","3","ENSE00003529527"
"HETDEL_cluster_0005","HETDEL","HOMDEL",FALSE,"CNA_event_000258","PAWJKX",0.67948717948718,"moderate_resolution_50_75pct",1,FALSE,"3","3","ENSE00003529527"
"HETDEL_cluster_0005","HETDEL","HETDEL",TRUE,"CNA_event_000827","PAWJVJ",0.0235042735042735,"high_resolution_le_50pct",1,FALSE,"3","3","ENSE00003529527"
"HETDEL_cluster_0005","HETDEL","HETDEL",TRUE,"CNA_event_000924","PAWLSN",0.67948717948718,"moderate_resolution_50_75pct",1,FALSE,"3","3","ENSE00003529527"
"GAIN_cluster_0001","GAIN","HETDEL",FALSE,"CNA_event_000811","PARHPU",0.67948717948718,"moderate_resolution_50_75pct",2,TRUE,"2;3","2;3","ENSE00003496053;ENSE00003529527"
"GAIN_cluster_0001","GAIN","HETDEL",FALSE,"CNA_event_000809","PARIYD",0.67948717948718,"moderate_resolution_50_75pct",2,TRUE,"2;3","2;3","ENSE00003496053;ENSE00003529527"
"GAIN_cluster_0001","GAIN","HOMDEL",FALSE,"CNA_event_000684","PARWID",0.67948717948718,"moderate_resolution_50_75pct",2,TRUE,"2;3","2;3","ENSE00003496053;ENSE00003529527"
"GAIN_cluster_0001","GAIN","HETDEL",FALSE,"CNA_event_000919","PARXPZ",0.67948717948718,"moderate_resolution_50_75pct",2,TRUE,"2;3","2;3","ENSE00003496053;ENSE00003529527"
"GAIN_cluster_0001","GAIN","HOMDEL",FALSE,"CNA_event_000662","PASGUH",0.976495726495726,"very_low_resolution_90_lt_100pct",1,FALSE,"2","2","ENSE00003496053"
"GAIN_cluster_0001","GAIN","HETDEL",FALSE,"CNA_event_000980","PASGUH",0.0235042735042735,"high_resolution_le_50pct",1,FALSE,"3","3","ENSE00003529527"
"GAIN_cluster_0001","GAIN","HOMDEL",FALSE,"CNA_event_000430","PASPDS",0.976495726495726,"very_low_resolution_90_lt_100pct",1,FALSE,"2","2","ENSE00003496053"
"GAIN_cluster_0001","GAIN","HETDEL",FALSE,"CNA_event_000910","PASPNW",0.976495726495726,"very_low_resolution_90_lt_100pct",1,FALSE,"2","2","ENSE00003496053"
"GAIN_cluster_0001","GAIN","HOMDEL",FALSE,"CNA_event_000585","PASRAF",0.67948717948718,"moderate_resolution_50_75pct",2,TRUE,"2;3","2;3","ENSE00003496053;ENSE00003529527"
"GAIN_cluster_0001","GAIN","HETDEL",FALSE,"CNA_event_001007","PASZJW",0.67948717948718,"moderate_resolution_50_75pct",2,TRUE,"2;3","2;3","ENSE00003496053;ENSE00003529527"
"GAIN_cluster_0001","GAIN","HETDEL",FALSE,"CNA_event_000959","PATAHP",0.976495726495726,"very_low_resolution_90_lt_100pct",1,FALSE,"2","2","ENSE00003496053"
"GAIN_cluster_0001","GAIN","HOMDEL",FALSE,"CNA_event_000700","PATBDJ",0.67948717948718,"moderate_resolution_50_75pct",2,TRUE,"2;3","2;3","ENSE00003496053;ENSE00003529527"
"GAIN_cluster_0001","GAIN","HETDEL",FALSE,"CNA_event_000943","PATCML",0.67948717948718,"moderate_resolution_50_75pct",2,TRUE,"2;3","2;3","ENSE00003496053;ENSE00003529527"
"GAIN_cluster_0001","GAIN","HETDEL",FALSE,"CNA_event_001022","PATFMG",0.67948717948718,"moderate_resolution_50_75pct",2,TRUE,"2;3","2;3","ENSE00003496053;ENSE00003529527"
"GAIN_cluster_0001","GAIN","HOMDEL",FALSE,"CNA_event_000102","PATJBC",0.976495726495726,"very_low_resolution_90_lt_100pct",1,FALSE,"2","2","ENSE00003496053"
"GAIN_cluster_0001","GAIN","HETDEL",FALSE,"CNA_event_000795","PATJBC",0.0235042735042735,"high_resolution_le_50pct",1,FALSE,"3","3","ENSE00003529527"
"GAIN_cluster_0001","GAIN","HOMDEL",FALSE,"CNA_event_000379","PATPDA",0.0235042735042735,"high_resolution_le_50pct",1,FALSE,"3","3","ENSE00003529527"
"GAIN_cluster_0001","GAIN","HETDEL",FALSE,"CNA_event_000898","PATPDA",0.976495726495726,"very_low_resolution_90_lt_100pct",1,FALSE,"2","2","ENSE00003496053"
"GAIN_cluster_0001","GAIN","HOMDEL",FALSE,"CNA_event_000696","PATRJL",0.67948717948718,"moderate_resolution_50_75pct",2,TRUE,"2;3","2;3","ENSE00003496053;ENSE00003529527"
"GAIN_cluster_0001","GAIN","HETDEL",FALSE,"CNA_event_000892","PATVTZ",0.67948717948718,"moderate_resolution_50_75pct",2,TRUE,"2;3","2;3","ENSE00003496053;ENSE00003529527"
"GAIN_cluster_0001","GAIN","HOMDEL",FALSE,"CNA_event_000749","PAUGEJ",0.67948717948718,"moderate_resolution_50_75pct",2,TRUE,"2;3","2;3","ENSE00003496053;ENSE00003529527"
"GAIN_cluster_0001","GAIN","HOMDEL",FALSE,"CNA_event_000748","PAUGEP",0.235042735042735,"high_resolution_le_50pct",2,TRUE,"2;3","2;3","ENSE00003496053;ENSE00003529527"
"GAIN_cluster_0001","GAIN","HOMDEL",FALSE,"CNA_event_000533","PAUJYN",0.67948717948718,"moderate_resolution_50_75pct",2,TRUE,"2;3","2;3","ENSE00003496053;ENSE00003529527"
"GAIN_cluster_0001","GAIN","HETDEL",FALSE,"CNA_event_000819","PAUPHP",0.67948717948718,"moderate_resolution_50_75pct",2,TRUE,"2;3","2;3","ENSE00003496053;ENSE00003529527"
"GAIN_cluster_0001","GAIN","HETDEL",FALSE,"CNA_event_000961","PAUPVR",0.67948717948718,"moderate_resolution_50_75pct",2,TRUE,"2;3","2;3","ENSE00003496053;ENSE00003529527"
"GAIN_cluster_0001","GAIN","GAIN",TRUE,"CNA_event_001036","PAUTUL",0.655982905982906,"moderate_resolution_50_75pct",1,FALSE,"2","2","ENSE00003496053"
"GAIN_cluster_0001","GAIN","HETDEL",FALSE,"CNA_event_001012","PAUUXK",0.67948717948718,"moderate_resolution_50_75pct",2,TRUE,"2;3","2;3","ENSE00003496053;ENSE00003529527"
"GAIN_cluster_0001","GAIN","HOMDEL",FALSE,"CNA_event_000687","PAUXYM",0.67948717948718,"moderate_resolution_50_75pct",2,TRUE,"2;3","2;3","ENSE00003496053;ENSE00003529527"
"GAIN_cluster_0001","GAIN","HETDEL",FALSE,"CNA_event_000872","PAUYJE",0.0235042735042735,"high_resolution_le_50pct",1,FALSE,"3","3","ENSE00003529527"
"GAIN_cluster_0001","GAIN","HETDEL",FALSE,"CNA_event_000765","PAVCEA",0.976495726495726,"very_low_resolution_90_lt_100pct",1,FALSE,"2","2","ENSE00003496053"
"GAIN_cluster_0001","GAIN","HETDEL",FALSE,"CNA_event_000818","PAVESV",0.67948717948718,"moderate_resolution_50_75pct",2,TRUE,"2;3","2;3","ENSE00003496053;ENSE00003529527"
"GAIN_cluster_0001","GAIN","HOMDEL",FALSE,"CNA_event_000510","PAVJWE",0.976495726495726,"very_low_resolution_90_lt_100pct",1,FALSE,"2","2","ENSE00003496053"
"GAIN_cluster_0001","GAIN","GAIN",TRUE,"CNA_event_001035","PAVRYP",0.67948717948718,"moderate_resolution_50_75pct",2,TRUE,"2;3","2;3","ENSE00003496053;ENSE00003529527"
"GAIN_cluster_0001","GAIN","HETDEL",FALSE,"CNA_event_000779","PAVSZJ",0.0235042735042735,"high_resolution_le_50pct",1,FALSE,"3","3","ENSE00003529527"
"GAIN_cluster_0001","GAIN","HETDEL",FALSE,"CNA_event_000780","PAVSZJ",0.655982905982906,"moderate_resolution_50_75pct",1,FALSE,"2","2","ENSE00003496053"
"GAIN_cluster_0001","GAIN","HOMDEL",FALSE,"CNA_event_000282","PAVXWR",0.67948717948718,"moderate_resolution_50_75pct",2,TRUE,"2;3","2;3","ENSE00003496053;ENSE00003529527"
"GAIN_cluster_0001","GAIN","HETDEL",FALSE,"CNA_event_000927","PAVZTC",0.67948717948718,"moderate_resolution_50_75pct",2,TRUE,"2;3","2;3","ENSE00003496053;ENSE00003529527"
"GAIN_cluster_0001","GAIN","HOMDEL",FALSE,"CNA_event_000231","PAWAMT",0.67948717948718,"moderate_resolution_50_75pct",2,TRUE,"2;3","2;3","ENSE00003496053;ENSE00003529527"
"GAIN_cluster_0001","GAIN","HOMDEL",FALSE,"CNA_event_000270","PAWGHK",0.67948717948718,"moderate_resolution_50_75pct",2,TRUE,"2;3","2;3","ENSE00003496053;ENSE00003529527"
"GAIN_cluster_0001","GAIN","HOMDEL",FALSE,"CNA_event_000266","PAWGXM",0.976495726495726,"very_low_resolution_90_lt_100pct",1,FALSE,"2","2","ENSE00003496053"
"GAIN_cluster_0001","GAIN","HETDEL",FALSE,"CNA_event_000847","PAWGXM",0.0235042735042735,"high_resolution_le_50pct",1,FALSE,"3","3","ENSE00003529527"
"GAIN_cluster_0001","GAIN","HOMDEL",FALSE,"CNA_event_000258","PAWJKX",0.67948717948718,"moderate_resolution_50_75pct",2,TRUE,"2;3","2;3","ENSE00003496053;ENSE00003529527"
"GAIN_cluster_0001","GAIN","HETDEL",FALSE,"CNA_event_000827","PAWJVJ",0.0235042735042735,"high_resolution_le_50pct",1,FALSE,"3","3","ENSE00003529527"
"GAIN_cluster_0001","GAIN","HETDEL",FALSE,"CNA_event_000828","PAWJVJ",0.655982905982906,"moderate_resolution_50_75pct",1,FALSE,"2","2","ENSE00003496053"
"GAIN_cluster_0001","GAIN","HETDEL",FALSE,"CNA_event_000924","PAWLSN",0.67948717948718,"moderate_resolution_50_75pct",2,TRUE,"2;3","2;3","ENSE00003496053;ENSE00003529527"
"GAIN_cluster_0002","GAIN","HETDEL",FALSE,"CNA_event_000811","PARHPU",0.67948717948718,"moderate_resolution_50_75pct",1,FALSE,"2","2","ENSE00003496053"
"GAIN_cluster_0002","GAIN","HETDEL",FALSE,"CNA_event_000809","PARIYD",0.67948717948718,"moderate_resolution_50_75pct",1,FALSE,"2","2","ENSE00003496053"
"GAIN_cluster_0002","GAIN","HOMDEL",FALSE,"CNA_event_000684","PARWID",0.67948717948718,"moderate_resolution_50_75pct",1,FALSE,"2","2","ENSE00003496053"
"GAIN_cluster_0002","GAIN","HETDEL",FALSE,"CNA_event_000919","PARXPZ",0.67948717948718,"moderate_resolution_50_75pct",1,FALSE,"2","2","ENSE00003496053"
"GAIN_cluster_0002","GAIN","HOMDEL",FALSE,"CNA_event_000662","PASGUH",0.976495726495726,"very_low_resolution_90_lt_100pct",1,FALSE,"2","2","ENSE00003496053"
"GAIN_cluster_0002","GAIN","HOMDEL",FALSE,"CNA_event_000430","PASPDS",0.976495726495726,"very_low_resolution_90_lt_100pct",1,FALSE,"2","2","ENSE00003496053"
"GAIN_cluster_0002","GAIN","HETDEL",FALSE,"CNA_event_000910","PASPNW",0.976495726495726,"very_low_resolution_90_lt_100pct",1,FALSE,"2","2","ENSE00003496053"
"GAIN_cluster_0002","GAIN","HOMDEL",FALSE,"CNA_event_000585","PASRAF",0.67948717948718,"moderate_resolution_50_75pct",1,FALSE,"2","2","ENSE00003496053"
"GAIN_cluster_0002","GAIN","HETDEL",FALSE,"CNA_event_001007","PASZJW",0.67948717948718,"moderate_resolution_50_75pct",1,FALSE,"2","2","ENSE00003496053"
"GAIN_cluster_0002","GAIN","HETDEL",FALSE,"CNA_event_000959","PATAHP",0.976495726495726,"very_low_resolution_90_lt_100pct",1,FALSE,"2","2","ENSE00003496053"
"GAIN_cluster_0002","GAIN","HOMDEL",FALSE,"CNA_event_000700","PATBDJ",0.67948717948718,"moderate_resolution_50_75pct",1,FALSE,"2","2","ENSE00003496053"
"GAIN_cluster_0002","GAIN","HETDEL",FALSE,"CNA_event_000943","PATCML",0.67948717948718,"moderate_resolution_50_75pct",1,FALSE,"2","2","ENSE00003496053"
"GAIN_cluster_0002","GAIN","HETDEL",FALSE,"CNA_event_001022","PATFMG",0.67948717948718,"moderate_resolution_50_75pct",1,FALSE,"2","2","ENSE00003496053"
"GAIN_cluster_0002","GAIN","HOMDEL",FALSE,"CNA_event_000102","PATJBC",0.976495726495726,"very_low_resolution_90_lt_100pct",1,FALSE,"2","2","ENSE00003496053"
"GAIN_cluster_0002","GAIN","HETDEL",FALSE,"CNA_event_000898","PATPDA",0.976495726495726,"very_low_resolution_90_lt_100pct",1,FALSE,"2","2","ENSE00003496053"
"GAIN_cluster_0002","GAIN","HOMDEL",FALSE,"CNA_event_000696","PATRJL",0.67948717948718,"moderate_resolution_50_75pct",1,FALSE,"2","2","ENSE00003496053"
"GAIN_cluster_0002","GAIN","HETDEL",FALSE,"CNA_event_000892","PATVTZ",0.67948717948718,"moderate_resolution_50_75pct",1,FALSE,"2","2","ENSE00003496053"
"GAIN_cluster_0002","GAIN","HOMDEL",FALSE,"CNA_event_000749","PAUGEJ",0.67948717948718,"moderate_resolution_50_75pct",1,FALSE,"2","2","ENSE00003496053"
"GAIN_cluster_0002","GAIN","HOMDEL",FALSE,"CNA_event_000748","PAUGEP",0.235042735042735,"high_resolution_le_50pct",1,FALSE,"2","2","ENSE00003496053"
"GAIN_cluster_0002","GAIN","HOMDEL",FALSE,"CNA_event_000533","PAUJYN",0.67948717948718,"moderate_resolution_50_75pct",1,FALSE,"2","2","ENSE00003496053"
"GAIN_cluster_0002","GAIN","HETDEL",FALSE,"CNA_event_000819","PAUPHP",0.67948717948718,"moderate_resolution_50_75pct",1,FALSE,"2","2","ENSE00003496053"
"GAIN_cluster_0002","GAIN","HETDEL",FALSE,"CNA_event_000961","PAUPVR",0.67948717948718,"moderate_resolution_50_75pct",1,FALSE,"2","2","ENSE00003496053"
"GAIN_cluster_0002","GAIN","GAIN",TRUE,"CNA_event_001036","PAUTUL",0.655982905982906,"moderate_resolution_50_75pct",1,FALSE,"2","2","ENSE00003496053"
"GAIN_cluster_0002","GAIN","HETDEL",FALSE,"CNA_event_001012","PAUUXK",0.67948717948718,"moderate_resolution_50_75pct",1,FALSE,"2","2","ENSE00003496053"
"GAIN_cluster_0002","GAIN","HOMDEL",FALSE,"CNA_event_000687","PAUXYM",0.67948717948718,"moderate_resolution_50_75pct",1,FALSE,"2","2","ENSE00003496053"
"GAIN_cluster_0002","GAIN","HETDEL",FALSE,"CNA_event_000765","PAVCEA",0.976495726495726,"very_low_resolution_90_lt_100pct",1,FALSE,"2","2","ENSE00003496053"
"GAIN_cluster_0002","GAIN","HETDEL",FALSE,"CNA_event_000818","PAVESV",0.67948717948718,"moderate_resolution_50_75pct",1,FALSE,"2","2","ENSE00003496053"
"GAIN_cluster_0002","GAIN","HOMDEL",FALSE,"CNA_event_000510","PAVJWE",0.976495726495726,"very_low_resolution_90_lt_100pct",1,FALSE,"2","2","ENSE00003496053"
"GAIN_cluster_0002","GAIN","GAIN",TRUE,"CNA_event_001035","PAVRYP",0.67948717948718,"moderate_resolution_50_75pct",1,FALSE,"2","2","ENSE00003496053"
"GAIN_cluster_0002","GAIN","HETDEL",FALSE,"CNA_event_000780","PAVSZJ",0.655982905982906,"moderate_resolution_50_75pct",1,FALSE,"2","2","ENSE00003496053"
"GAIN_cluster_0002","GAIN","HOMDEL",FALSE,"CNA_event_000282","PAVXWR",0.67948717948718,"moderate_resolution_50_75pct",1,FALSE,"2","2","ENSE00003496053"
"GAIN_cluster_0002","GAIN","HETDEL",FALSE,"CNA_event_000927","PAVZTC",0.67948717948718,"moderate_resolution_50_75pct",1,FALSE,"2","2","ENSE00003496053"
"GAIN_cluster_0002","GAIN","HOMDEL",FALSE,"CNA_event_000231","PAWAMT",0.67948717948718,"moderate_resolution_50_75pct",1,FALSE,"2","2","ENSE00003496053"
"GAIN_cluster_0002","GAIN","HOMDEL",FALSE,"CNA_event_000270","PAWGHK",0.67948717948718,"moderate_resolution_50_75pct",1,FALSE,"2","2","ENSE00003496053"
"GAIN_cluster_0002","GAIN","HOMDEL",FALSE,"CNA_event_000266","PAWGXM",0.976495726495726,"very_low_resolution_90_lt_100pct",1,FALSE,"2","2","ENSE00003496053"
"GAIN_cluster_0002","GAIN","HOMDEL",FALSE,"CNA_event_000258","PAWJKX",0.67948717948718,"moderate_resolution_50_75pct",1,FALSE,"2","2","ENSE00003496053"
"GAIN_cluster_0002","GAIN","HETDEL",FALSE,"CNA_event_000828","PAWJVJ",0.655982905982906,"moderate_resolution_50_75pct",1,FALSE,"2","2","ENSE00003496053"
"GAIN_cluster_0002","GAIN","HETDEL",FALSE,"CNA_event_000924","PAWLSN",0.67948717948718,"moderate_resolution_50_75pct",1,FALSE,"2","2","ENSE00003496053"
"ALL_CNA_cluster_0001","ALL_CNA","HOMDEL",TRUE,"CNA_event_000157","PARHPU",0.320512820512821,"high_resolution_le_50pct",1,FALSE,"1","1","ENSE00001833804"
"ALL_CNA_cluster_0001","ALL_CNA","HETDEL",TRUE,"CNA_event_000811","PARHPU",0.67948717948718,"moderate_resolution_50_75pct",1,FALSE,"2","2","ENSE00003496053"
"ALL_CNA_cluster_0001","ALL_CNA","HOMDEL",TRUE,"CNA_event_000155","PARIYD",0.320512820512821,"high_resolution_le_50pct",1,FALSE,"1","1","ENSE00001833804"
"ALL_CNA_cluster_0001","ALL_CNA","HETDEL",TRUE,"CNA_event_000809","PARIYD",0.67948717948718,"moderate_resolution_50_75pct",1,FALSE,"2","2","ENSE00003496053"
"ALL_CNA_cluster_0001","ALL_CNA","HOMDEL",TRUE,"CNA_event_000684","PARWID",0.67948717948718,"moderate_resolution_50_75pct",1,FALSE,"2","2","ENSE00003496053"
"ALL_CNA_cluster_0001","ALL_CNA","HETDEL",TRUE,"CNA_event_000995","PARWID",0.320512820512821,"high_resolution_le_50pct",1,FALSE,"1","1","ENSE00001833804"
"ALL_CNA_cluster_0001","ALL_CNA","HOMDEL",TRUE,"CNA_event_000442","PARXPZ",0.320512820512821,"high_resolution_le_50pct",1,FALSE,"1","1","ENSE00001833804"
"ALL_CNA_cluster_0001","ALL_CNA","HETDEL",TRUE,"CNA_event_000919","PARXPZ",0.67948717948718,"moderate_resolution_50_75pct",1,FALSE,"2","2","ENSE00003496053"
"ALL_CNA_cluster_0001","ALL_CNA","HETDEL",TRUE,"CNA_event_000915","PASGRD",0.320512820512821,"high_resolution_le_50pct",1,FALSE,"1","1","ENSE00001833804"
"ALL_CNA_cluster_0001","ALL_CNA","HOMDEL",TRUE,"CNA_event_000662","PASGUH",0.976495726495726,"very_low_resolution_90_lt_100pct",2,TRUE,"1;2","1;2","ENSE00001833804;ENSE00003496053"
"ALL_CNA_cluster_0001","ALL_CNA","HOMDEL",TRUE,"CNA_event_000133","PASKWG",0.320512820512821,"high_resolution_le_50pct",1,FALSE,"1","1","ENSE00001833804"
"ALL_CNA_cluster_0001","ALL_CNA","HOMDEL",TRUE,"CNA_event_000430","PASPDS",0.976495726495726,"very_low_resolution_90_lt_100pct",2,TRUE,"1;2","1;2","ENSE00001833804;ENSE00003496053"
"ALL_CNA_cluster_0001","ALL_CNA","HETDEL",TRUE,"CNA_event_000910","PASPNW",0.976495726495726,"very_low_resolution_90_lt_100pct",2,TRUE,"1;2","1;2","ENSE00001833804;ENSE00003496053"
"ALL_CNA_cluster_0001","ALL_CNA","HOMDEL",TRUE,"CNA_event_000585","PASRAF",0.67948717948718,"moderate_resolution_50_75pct",1,FALSE,"2","2","ENSE00003496053"
"ALL_CNA_cluster_0001","ALL_CNA","HETDEL",TRUE,"CNA_event_000946","PASRAF",0.320512820512821,"high_resolution_le_50pct",1,FALSE,"1","1","ENSE00001833804"
"ALL_CNA_cluster_0001","ALL_CNA","HETDEL",TRUE,"CNA_event_000904","PASWSR",0.320512820512821,"high_resolution_le_50pct",1,FALSE,"1","1","ENSE00001833804"
"ALL_CNA_cluster_0001","ALL_CNA","HOMDEL",TRUE,"CNA_event_000714","PASZJW",0.320512820512821,"high_resolution_le_50pct",1,FALSE,"1","1","ENSE00001833804"
"ALL_CNA_cluster_0001","ALL_CNA","HETDEL",TRUE,"CNA_event_001007","PASZJW",0.67948717948718,"moderate_resolution_50_75pct",1,FALSE,"2","2","ENSE00003496053"
"ALL_CNA_cluster_0001","ALL_CNA","HETDEL",TRUE,"CNA_event_000959","PATAHP",0.976495726495726,"very_low_resolution_90_lt_100pct",2,TRUE,"1;2","1;2","ENSE00001833804;ENSE00003496053"
"ALL_CNA_cluster_0001","ALL_CNA","HOMDEL",TRUE,"CNA_event_000700","PATBDJ",0.67948717948718,"moderate_resolution_50_75pct",1,FALSE,"2","2","ENSE00003496053"
"ALL_CNA_cluster_0001","ALL_CNA","HOMDEL",TRUE,"CNA_event_000701","PATBDJ",0.320512820512821,"high_resolution_le_50pct",1,FALSE,"1","1","ENSE00001833804"
"ALL_CNA_cluster_0001","ALL_CNA","HOMDEL",TRUE,"CNA_event_000575","PATCML",0.320512820512821,"high_resolution_le_50pct",1,FALSE,"1","1","ENSE00001833804"
"ALL_CNA_cluster_0001","ALL_CNA","HETDEL",TRUE,"CNA_event_000943","PATCML",0.67948717948718,"moderate_resolution_50_75pct",1,FALSE,"2","2","ENSE00003496053"
"ALL_CNA_cluster_0001","ALL_CNA","HOMDEL",TRUE,"CNA_event_000625","PATEVL",0.320512820512821,"high_resolution_le_50pct",1,FALSE,"1","1","ENSE00001833804"
"ALL_CNA_cluster_0001","ALL_CNA","HETDEL",TRUE,"CNA_event_001022","PATFMG",0.67948717948718,"moderate_resolution_50_75pct",1,FALSE,"2","2","ENSE00003496053"
"ALL_CNA_cluster_0001","ALL_CNA","HOMDEL",TRUE,"CNA_event_000102","PATJBC",0.976495726495726,"very_low_resolution_90_lt_100pct",2,TRUE,"1;2","1;2","ENSE00001833804;ENSE00003496053"
"ALL_CNA_cluster_0001","ALL_CNA","HETDEL",TRUE,"CNA_event_000898","PATPDA",0.976495726495726,"very_low_resolution_90_lt_100pct",2,TRUE,"1;2","1;2","ENSE00001833804;ENSE00003496053"
"ALL_CNA_cluster_0001","ALL_CNA","HOMDEL",TRUE,"CNA_event_000696","PATRJL",0.67948717948718,"moderate_resolution_50_75pct",1,FALSE,"2","2","ENSE00003496053"
"ALL_CNA_cluster_0001","ALL_CNA","HETDEL",TRUE,"CNA_event_000892","PATVTZ",0.67948717948718,"moderate_resolution_50_75pct",1,FALSE,"2","2","ENSE00003496053"
"ALL_CNA_cluster_0001","ALL_CNA","HOMDEL",TRUE,"CNA_event_000749","PAUGEJ",0.67948717948718,"moderate_resolution_50_75pct",1,FALSE,"2","2","ENSE00003496053"
"ALL_CNA_cluster_0001","ALL_CNA","HOMDEL",TRUE,"CNA_event_000750","PAUGEJ",0.320512820512821,"high_resolution_le_50pct",1,FALSE,"1","1","ENSE00001833804"
"ALL_CNA_cluster_0001","ALL_CNA","HOMDEL",TRUE,"CNA_event_000748","PAUGEP",0.235042735042735,"high_resolution_le_50pct",1,FALSE,"2","2","ENSE00003496053"
"ALL_CNA_cluster_0001","ALL_CNA","HOMDEL",TRUE,"CNA_event_000533","PAUJYN",0.67948717948718,"moderate_resolution_50_75pct",1,FALSE,"2","2","ENSE00003496053"
"ALL_CNA_cluster_0001","ALL_CNA","HETDEL",TRUE,"CNA_event_000937","PAUJYN",0.320512820512821,"high_resolution_le_50pct",1,FALSE,"1","1","ENSE00001833804"
"ALL_CNA_cluster_0001","ALL_CNA","HOMDEL",TRUE,"CNA_event_000185","PAUPHP",0.320512820512821,"high_resolution_le_50pct",1,FALSE,"1","1","ENSE00001833804"
"ALL_CNA_cluster_0001","ALL_CNA","HETDEL",TRUE,"CNA_event_000819","PAUPHP",0.67948717948718,"moderate_resolution_50_75pct",1,FALSE,"2","2","ENSE00003496053"
"ALL_CNA_cluster_0001","ALL_CNA","HOMDEL",TRUE,"CNA_event_000621","PAUPVR",0.320512820512821,"high_resolution_le_50pct",1,FALSE,"1","1","ENSE00001833804"
"ALL_CNA_cluster_0001","ALL_CNA","HETDEL",TRUE,"CNA_event_000961","PAUPVR",0.67948717948718,"moderate_resolution_50_75pct",1,FALSE,"2","2","ENSE00003496053"
"ALL_CNA_cluster_0001","ALL_CNA","GAIN",TRUE,"CNA_event_001036","PAUTUL",0.655982905982906,"moderate_resolution_50_75pct",1,FALSE,"2","2","ENSE00003496053"
"ALL_CNA_cluster_0001","ALL_CNA","HOMDEL",TRUE,"CNA_event_000727","PAUUXK",0.320512820512821,"high_resolution_le_50pct",1,FALSE,"1","1","ENSE00001833804"
"ALL_CNA_cluster_0001","ALL_CNA","HETDEL",TRUE,"CNA_event_001012","PAUUXK",0.67948717948718,"moderate_resolution_50_75pct",1,FALSE,"2","2","ENSE00003496053"
"ALL_CNA_cluster_0001","ALL_CNA","HOMDEL",TRUE,"CNA_event_000687","PAUXYM",0.67948717948718,"moderate_resolution_50_75pct",1,FALSE,"2","2","ENSE00003496053"
"ALL_CNA_cluster_0001","ALL_CNA","HETDEL",TRUE,"CNA_event_000765","PAVCEA",0.976495726495726,"very_low_resolution_90_lt_100pct",2,TRUE,"1;2","1;2","ENSE00001833804;ENSE00003496053"
"ALL_CNA_cluster_0001","ALL_CNA","HOMDEL",TRUE,"CNA_event_000179","PAVESV",0.320512820512821,"high_resolution_le_50pct",1,FALSE,"1","1","ENSE00001833804"
"ALL_CNA_cluster_0001","ALL_CNA","HETDEL",TRUE,"CNA_event_000818","PAVESV",0.67948717948718,"moderate_resolution_50_75pct",1,FALSE,"2","2","ENSE00003496053"
"ALL_CNA_cluster_0001","ALL_CNA","HOMDEL",TRUE,"CNA_event_000510","PAVJWE",0.976495726495726,"very_low_resolution_90_lt_100pct",2,TRUE,"1;2","1;2","ENSE00001833804;ENSE00003496053"
"ALL_CNA_cluster_0001","ALL_CNA","GAIN",TRUE,"CNA_event_001035","PAVRYP",0.67948717948718,"moderate_resolution_50_75pct",1,FALSE,"2","2","ENSE00003496053"
"ALL_CNA_cluster_0001","ALL_CNA","HOMDEL",TRUE,"CNA_event_000035","PAVSZJ",0.320512820512821,"high_resolution_le_50pct",1,FALSE,"1","1","ENSE00001833804"
"ALL_CNA_cluster_0001","ALL_CNA","HETDEL",TRUE,"CNA_event_000780","PAVSZJ",0.655982905982906,"moderate_resolution_50_75pct",1,FALSE,"2","2","ENSE00003496053"
"ALL_CNA_cluster_0001","ALL_CNA","HOMDEL",TRUE,"CNA_event_000288","PAVWUC",0.320512820512821,"high_resolution_le_50pct",1,FALSE,"1","1","ENSE00001833804"
"ALL_CNA_cluster_0001","ALL_CNA","HOMDEL",TRUE,"CNA_event_000282","PAVXWR",0.67948717948718,"moderate_resolution_50_75pct",1,FALSE,"2","2","ENSE00003496053"
"ALL_CNA_cluster_0001","ALL_CNA","HOMDEL",TRUE,"CNA_event_000486","PAVZTC",0.320512820512821,"high_resolution_le_50pct",1,FALSE,"1","1","ENSE00001833804"
"ALL_CNA_cluster_0001","ALL_CNA","HETDEL",TRUE,"CNA_event_000927","PAVZTC",0.67948717948718,"moderate_resolution_50_75pct",1,FALSE,"2","2","ENSE00003496053"
"ALL_CNA_cluster_0001","ALL_CNA","HOMDEL",TRUE,"CNA_event_000231","PAWAMT",0.67948717948718,"moderate_resolution_50_75pct",1,FALSE,"2","2","ENSE00003496053"
"ALL_CNA_cluster_0001","ALL_CNA","HETDEL",TRUE,"CNA_event_000830","PAWAMT",0.320512820512821,"high_resolution_le_50pct",1,FALSE,"1","1","ENSE00001833804"
"ALL_CNA_cluster_0001","ALL_CNA","HOMDEL",TRUE,"CNA_event_000270","PAWGHK",0.67948717948718,"moderate_resolution_50_75pct",1,FALSE,"2","2","ENSE00003496053"
"ALL_CNA_cluster_0001","ALL_CNA","HETDEL",TRUE,"CNA_event_000848","PAWGHK",0.320512820512821,"high_resolution_le_50pct",1,FALSE,"1","1","ENSE00001833804"
"ALL_CNA_cluster_0001","ALL_CNA","HOMDEL",TRUE,"CNA_event_000266","PAWGXM",0.976495726495726,"very_low_resolution_90_lt_100pct",2,TRUE,"1;2","1;2","ENSE00001833804;ENSE00003496053"
"ALL_CNA_cluster_0001","ALL_CNA","HETDEL",TRUE,"CNA_event_000846","PAWHIG",0.320512820512821,"high_resolution_le_50pct",1,FALSE,"1","1","ENSE00001833804"
"ALL_CNA_cluster_0001","ALL_CNA","HOMDEL",TRUE,"CNA_event_000258","PAWJKX",0.67948717948718,"moderate_resolution_50_75pct",1,FALSE,"2","2","ENSE00003496053"
"ALL_CNA_cluster_0001","ALL_CNA","HETDEL",TRUE,"CNA_event_000842","PAWJKX",0.320512820512821,"high_resolution_le_50pct",1,FALSE,"1","1","ENSE00001833804"
"ALL_CNA_cluster_0001","ALL_CNA","HETDEL",TRUE,"CNA_event_000828","PAWJVJ",0.655982905982906,"moderate_resolution_50_75pct",1,FALSE,"2","2","ENSE00003496053"
"ALL_CNA_cluster_0001","ALL_CNA","HOMDEL",TRUE,"CNA_event_000463","PAWLSN",0.320512820512821,"high_resolution_le_50pct",1,FALSE,"1","1","ENSE00001833804"
"ALL_CNA_cluster_0001","ALL_CNA","HETDEL",TRUE,"CNA_event_000924","PAWLSN",0.67948717948718,"moderate_resolution_50_75pct",1,FALSE,"2","2","ENSE00003496053"
"ALL_CNA_cluster_0001","ALL_CNA","HOMDEL",TRUE,"CNA_event_000254","PAWLYX",0.320512820512821,"high_resolution_le_50pct",1,FALSE,"1","1","ENSE00001833804"
"ALL_CNA_cluster_0002","ALL_CNA","HOMDEL",TRUE,"CNA_event_000157","PARHPU",0.320512820512821,"high_resolution_le_50pct",1,FALSE,"1","1","ENSE00001833804"
"ALL_CNA_cluster_0002","ALL_CNA","HETDEL",TRUE,"CNA_event_000811","PARHPU",0.67948717948718,"moderate_resolution_50_75pct",2,TRUE,"2;3","2;3","ENSE00003496053;ENSE00003529527"
"ALL_CNA_cluster_0002","ALL_CNA","HOMDEL",TRUE,"CNA_event_000155","PARIYD",0.320512820512821,"high_resolution_le_50pct",1,FALSE,"1","1","ENSE00001833804"
"ALL_CNA_cluster_0002","ALL_CNA","HETDEL",TRUE,"CNA_event_000809","PARIYD",0.67948717948718,"moderate_resolution_50_75pct",2,TRUE,"2;3","2;3","ENSE00003496053;ENSE00003529527"
"ALL_CNA_cluster_0002","ALL_CNA","HOMDEL",TRUE,"CNA_event_000684","PARWID",0.67948717948718,"moderate_resolution_50_75pct",2,TRUE,"2;3","2;3","ENSE00003496053;ENSE00003529527"
"ALL_CNA_cluster_0002","ALL_CNA","HETDEL",TRUE,"CNA_event_000995","PARWID",0.320512820512821,"high_resolution_le_50pct",1,FALSE,"1","1","ENSE00001833804"
"ALL_CNA_cluster_0002","ALL_CNA","HOMDEL",TRUE,"CNA_event_000442","PARXPZ",0.320512820512821,"high_resolution_le_50pct",1,FALSE,"1","1","ENSE00001833804"
"ALL_CNA_cluster_0002","ALL_CNA","HETDEL",TRUE,"CNA_event_000919","PARXPZ",0.67948717948718,"moderate_resolution_50_75pct",2,TRUE,"2;3","2;3","ENSE00003496053;ENSE00003529527"
"ALL_CNA_cluster_0002","ALL_CNA","HETDEL",TRUE,"CNA_event_000915","PASGRD",0.320512820512821,"high_resolution_le_50pct",1,FALSE,"1","1","ENSE00001833804"
"ALL_CNA_cluster_0002","ALL_CNA","HOMDEL",TRUE,"CNA_event_000662","PASGUH",0.976495726495726,"very_low_resolution_90_lt_100pct",2,TRUE,"1;2","1;2","ENSE00001833804;ENSE00003496053"
"ALL_CNA_cluster_0002","ALL_CNA","HETDEL",TRUE,"CNA_event_000980","PASGUH",0.0235042735042735,"high_resolution_le_50pct",1,FALSE,"3","3","ENSE00003529527"
"ALL_CNA_cluster_0002","ALL_CNA","HOMDEL",TRUE,"CNA_event_000133","PASKWG",0.320512820512821,"high_resolution_le_50pct",1,FALSE,"1","1","ENSE00001833804"
"ALL_CNA_cluster_0002","ALL_CNA","HOMDEL",TRUE,"CNA_event_000430","PASPDS",0.976495726495726,"very_low_resolution_90_lt_100pct",2,TRUE,"1;2","1;2","ENSE00001833804;ENSE00003496053"
"ALL_CNA_cluster_0002","ALL_CNA","HETDEL",TRUE,"CNA_event_000910","PASPNW",0.976495726495726,"very_low_resolution_90_lt_100pct",2,TRUE,"1;2","1;2","ENSE00001833804;ENSE00003496053"
"ALL_CNA_cluster_0002","ALL_CNA","HOMDEL",TRUE,"CNA_event_000585","PASRAF",0.67948717948718,"moderate_resolution_50_75pct",2,TRUE,"2;3","2;3","ENSE00003496053;ENSE00003529527"
"ALL_CNA_cluster_0002","ALL_CNA","HETDEL",TRUE,"CNA_event_000946","PASRAF",0.320512820512821,"high_resolution_le_50pct",1,FALSE,"1","1","ENSE00001833804"
"ALL_CNA_cluster_0002","ALL_CNA","HETDEL",TRUE,"CNA_event_000904","PASWSR",0.320512820512821,"high_resolution_le_50pct",1,FALSE,"1","1","ENSE00001833804"
"ALL_CNA_cluster_0002","ALL_CNA","HOMDEL",TRUE,"CNA_event_000714","PASZJW",0.320512820512821,"high_resolution_le_50pct",1,FALSE,"1","1","ENSE00001833804"
"ALL_CNA_cluster_0002","ALL_CNA","HETDEL",TRUE,"CNA_event_001007","PASZJW",0.67948717948718,"moderate_resolution_50_75pct",2,TRUE,"2;3","2;3","ENSE00003496053;ENSE00003529527"
"ALL_CNA_cluster_0002","ALL_CNA","HETDEL",TRUE,"CNA_event_000959","PATAHP",0.976495726495726,"very_low_resolution_90_lt_100pct",2,TRUE,"1;2","1;2","ENSE00001833804;ENSE00003496053"
"ALL_CNA_cluster_0002","ALL_CNA","HOMDEL",TRUE,"CNA_event_000700","PATBDJ",0.67948717948718,"moderate_resolution_50_75pct",2,TRUE,"2;3","2;3","ENSE00003496053;ENSE00003529527"
"ALL_CNA_cluster_0002","ALL_CNA","HOMDEL",TRUE,"CNA_event_000701","PATBDJ",0.320512820512821,"high_resolution_le_50pct",1,FALSE,"1","1","ENSE00001833804"
"ALL_CNA_cluster_0002","ALL_CNA","HOMDEL",TRUE,"CNA_event_000575","PATCML",0.320512820512821,"high_resolution_le_50pct",1,FALSE,"1","1","ENSE00001833804"
"ALL_CNA_cluster_0002","ALL_CNA","HETDEL",TRUE,"CNA_event_000943","PATCML",0.67948717948718,"moderate_resolution_50_75pct",2,TRUE,"2;3","2;3","ENSE00003496053;ENSE00003529527"
"ALL_CNA_cluster_0002","ALL_CNA","HOMDEL",TRUE,"CNA_event_000625","PATEVL",0.320512820512821,"high_resolution_le_50pct",1,FALSE,"1","1","ENSE00001833804"
"ALL_CNA_cluster_0002","ALL_CNA","HETDEL",TRUE,"CNA_event_001022","PATFMG",0.67948717948718,"moderate_resolution_50_75pct",2,TRUE,"2;3","2;3","ENSE00003496053;ENSE00003529527"
"ALL_CNA_cluster_0002","ALL_CNA","HOMDEL",TRUE,"CNA_event_000102","PATJBC",0.976495726495726,"very_low_resolution_90_lt_100pct",2,TRUE,"1;2","1;2","ENSE00001833804;ENSE00003496053"
"ALL_CNA_cluster_0002","ALL_CNA","HETDEL",TRUE,"CNA_event_000795","PATJBC",0.0235042735042735,"high_resolution_le_50pct",1,FALSE,"3","3","ENSE00003529527"
"ALL_CNA_cluster_0002","ALL_CNA","HOMDEL",TRUE,"CNA_event_000379","PATPDA",0.0235042735042735,"high_resolution_le_50pct",1,FALSE,"3","3","ENSE00003529527"
"ALL_CNA_cluster_0002","ALL_CNA","HETDEL",TRUE,"CNA_event_000898","PATPDA",0.976495726495726,"very_low_resolution_90_lt_100pct",2,TRUE,"1;2","1;2","ENSE00001833804;ENSE00003496053"
"ALL_CNA_cluster_0002","ALL_CNA","HOMDEL",TRUE,"CNA_event_000696","PATRJL",0.67948717948718,"moderate_resolution_50_75pct",2,TRUE,"2;3","2;3","ENSE00003496053;ENSE00003529527"
"ALL_CNA_cluster_0002","ALL_CNA","HETDEL",TRUE,"CNA_event_000892","PATVTZ",0.67948717948718,"moderate_resolution_50_75pct",2,TRUE,"2;3","2;3","ENSE00003496053;ENSE00003529527"
"ALL_CNA_cluster_0002","ALL_CNA","HOMDEL",TRUE,"CNA_event_000749","PAUGEJ",0.67948717948718,"moderate_resolution_50_75pct",2,TRUE,"2;3","2;3","ENSE00003496053;ENSE00003529527"
"ALL_CNA_cluster_0002","ALL_CNA","HOMDEL",TRUE,"CNA_event_000750","PAUGEJ",0.320512820512821,"high_resolution_le_50pct",1,FALSE,"1","1","ENSE00001833804"
"ALL_CNA_cluster_0002","ALL_CNA","HOMDEL",TRUE,"CNA_event_000748","PAUGEP",0.235042735042735,"high_resolution_le_50pct",2,TRUE,"2;3","2;3","ENSE00003496053;ENSE00003529527"
"ALL_CNA_cluster_0002","ALL_CNA","HOMDEL",TRUE,"CNA_event_000533","PAUJYN",0.67948717948718,"moderate_resolution_50_75pct",2,TRUE,"2;3","2;3","ENSE00003496053;ENSE00003529527"
"ALL_CNA_cluster_0002","ALL_CNA","HETDEL",TRUE,"CNA_event_000937","PAUJYN",0.320512820512821,"high_resolution_le_50pct",1,FALSE,"1","1","ENSE00001833804"
"ALL_CNA_cluster_0002","ALL_CNA","HOMDEL",TRUE,"CNA_event_000185","PAUPHP",0.320512820512821,"high_resolution_le_50pct",1,FALSE,"1","1","ENSE00001833804"
"ALL_CNA_cluster_0002","ALL_CNA","HETDEL",TRUE,"CNA_event_000819","PAUPHP",0.67948717948718,"moderate_resolution_50_75pct",2,TRUE,"2;3","2;3","ENSE00003496053;ENSE00003529527"
"ALL_CNA_cluster_0002","ALL_CNA","HOMDEL",TRUE,"CNA_event_000621","PAUPVR",0.320512820512821,"high_resolution_le_50pct",1,FALSE,"1","1","ENSE00001833804"
"ALL_CNA_cluster_0002","ALL_CNA","HETDEL",TRUE,"CNA_event_000961","PAUPVR",0.67948717948718,"moderate_resolution_50_75pct",2,TRUE,"2;3","2;3","ENSE00003496053;ENSE00003529527"
"ALL_CNA_cluster_0002","ALL_CNA","GAIN",TRUE,"CNA_event_001036","PAUTUL",0.655982905982906,"moderate_resolution_50_75pct",1,FALSE,"2","2","ENSE00003496053"
"ALL_CNA_cluster_0002","ALL_CNA","HOMDEL",TRUE,"CNA_event_000727","PAUUXK",0.320512820512821,"high_resolution_le_50pct",1,FALSE,"1","1","ENSE00001833804"
"ALL_CNA_cluster_0002","ALL_CNA","HETDEL",TRUE,"CNA_event_001012","PAUUXK",0.67948717948718,"moderate_resolution_50_75pct",2,TRUE,"2;3","2;3","ENSE00003496053;ENSE00003529527"
"ALL_CNA_cluster_0002","ALL_CNA","HOMDEL",TRUE,"CNA_event_000687","PAUXYM",0.67948717948718,"moderate_resolution_50_75pct",2,TRUE,"2;3","2;3","ENSE00003496053;ENSE00003529527"
"ALL_CNA_cluster_0002","ALL_CNA","HETDEL",TRUE,"CNA_event_000872","PAUYJE",0.0235042735042735,"high_resolution_le_50pct",1,FALSE,"3","3","ENSE00003529527"
"ALL_CNA_cluster_0002","ALL_CNA","HETDEL",TRUE,"CNA_event_000765","PAVCEA",0.976495726495726,"very_low_resolution_90_lt_100pct",2,TRUE,"1;2","1;2","ENSE00001833804;ENSE00003496053"
"ALL_CNA_cluster_0002","ALL_CNA","HOMDEL",TRUE,"CNA_event_000179","PAVESV",0.320512820512821,"high_resolution_le_50pct",1,FALSE,"1","1","ENSE00001833804"
"ALL_CNA_cluster_0002","ALL_CNA","HETDEL",TRUE,"CNA_event_000818","PAVESV",0.67948717948718,"moderate_resolution_50_75pct",2,TRUE,"2;3","2;3","ENSE00003496053;ENSE00003529527"
"ALL_CNA_cluster_0002","ALL_CNA","HOMDEL",TRUE,"CNA_event_000510","PAVJWE",0.976495726495726,"very_low_resolution_90_lt_100pct",2,TRUE,"1;2","1;2","ENSE00001833804;ENSE00003496053"
"ALL_CNA_cluster_0002","ALL_CNA","GAIN",TRUE,"CNA_event_001035","PAVRYP",0.67948717948718,"moderate_resolution_50_75pct",2,TRUE,"2;3","2;3","ENSE00003496053;ENSE00003529527"
"ALL_CNA_cluster_0002","ALL_CNA","HOMDEL",TRUE,"CNA_event_000035","PAVSZJ",0.320512820512821,"high_resolution_le_50pct",1,FALSE,"1","1","ENSE00001833804"
"ALL_CNA_cluster_0002","ALL_CNA","HETDEL",TRUE,"CNA_event_000779","PAVSZJ",0.0235042735042735,"high_resolution_le_50pct",1,FALSE,"3","3","ENSE00003529527"
"ALL_CNA_cluster_0002","ALL_CNA","HETDEL",TRUE,"CNA_event_000780","PAVSZJ",0.655982905982906,"moderate_resolution_50_75pct",1,FALSE,"2","2","ENSE00003496053"
"ALL_CNA_cluster_0002","ALL_CNA","HOMDEL",TRUE,"CNA_event_000288","PAVWUC",0.320512820512821,"high_resolution_le_50pct",1,FALSE,"1","1","ENSE00001833804"
"ALL_CNA_cluster_0002","ALL_CNA","HOMDEL",TRUE,"CNA_event_000282","PAVXWR",0.67948717948718,"moderate_resolution_50_75pct",2,TRUE,"2;3","2;3","ENSE00003496053;ENSE00003529527"
"ALL_CNA_cluster_0002","ALL_CNA","HOMDEL",TRUE,"CNA_event_000486","PAVZTC",0.320512820512821,"high_resolution_le_50pct",1,FALSE,"1","1","ENSE00001833804"
"ALL_CNA_cluster_0002","ALL_CNA","HETDEL",TRUE,"CNA_event_000927","PAVZTC",0.67948717948718,"moderate_resolution_50_75pct",2,TRUE,"2;3","2;3","ENSE00003496053;ENSE00003529527"
"ALL_CNA_cluster_0002","ALL_CNA","HOMDEL",TRUE,"CNA_event_000231","PAWAMT",0.67948717948718,"moderate_resolution_50_75pct",2,TRUE,"2;3","2;3","ENSE00003496053;ENSE00003529527"
"ALL_CNA_cluster_0002","ALL_CNA","HETDEL",TRUE,"CNA_event_000830","PAWAMT",0.320512820512821,"high_resolution_le_50pct",1,FALSE,"1","1","ENSE00001833804"
"ALL_CNA_cluster_0002","ALL_CNA","HOMDEL",TRUE,"CNA_event_000270","PAWGHK",0.67948717948718,"moderate_resolution_50_75pct",2,TRUE,"2;3","2;3","ENSE00003496053;ENSE00003529527"
"ALL_CNA_cluster_0002","ALL_CNA","HETDEL",TRUE,"CNA_event_000848","PAWGHK",0.320512820512821,"high_resolution_le_50pct",1,FALSE,"1","1","ENSE00001833804"
"ALL_CNA_cluster_0002","ALL_CNA","HOMDEL",TRUE,"CNA_event_000266","PAWGXM",0.976495726495726,"very_low_resolution_90_lt_100pct",2,TRUE,"1;2","1;2","ENSE00001833804;ENSE00003496053"
"ALL_CNA_cluster_0002","ALL_CNA","HETDEL",TRUE,"CNA_event_000847","PAWGXM",0.0235042735042735,"high_resolution_le_50pct",1,FALSE,"3","3","ENSE00003529527"
"ALL_CNA_cluster_0002","ALL_CNA","HETDEL",TRUE,"CNA_event_000846","PAWHIG",0.320512820512821,"high_resolution_le_50pct",1,FALSE,"1","1","ENSE00001833804"
"ALL_CNA_cluster_0002","ALL_CNA","HOMDEL",TRUE,"CNA_event_000258","PAWJKX",0.67948717948718,"moderate_resolution_50_75pct",2,TRUE,"2;3","2;3","ENSE00003496053;ENSE00003529527"
"ALL_CNA_cluster_0002","ALL_CNA","HETDEL",TRUE,"CNA_event_000842","PAWJKX",0.320512820512821,"high_resolution_le_50pct",1,FALSE,"1","1","ENSE00001833804"
"ALL_CNA_cluster_0002","ALL_CNA","HETDEL",TRUE,"CNA_event_000827","PAWJVJ",0.0235042735042735,"high_resolution_le_50pct",1,FALSE,"3","3","ENSE00003529527"
"ALL_CNA_cluster_0002","ALL_CNA","HETDEL",TRUE,"CNA_event_000828","PAWJVJ",0.655982905982906,"moderate_resolution_50_75pct",1,FALSE,"2","2","ENSE00003496053"
"ALL_CNA_cluster_0002","ALL_CNA","HOMDEL",TRUE,"CNA_event_000463","PAWLSN",0.320512820512821,"high_resolution_le_50pct",1,FALSE,"1","1","ENSE00001833804"
"ALL_CNA_cluster_0002","ALL_CNA","HETDEL",TRUE,"CNA_event_000924","PAWLSN",0.67948717948718,"moderate_resolution_50_75pct",2,TRUE,"2;3","2;3","ENSE00003496053;ENSE00003529527"
"ALL_CNA_cluster_0002","ALL_CNA","HOMDEL",TRUE,"CNA_event_000254","PAWLYX",0.320512820512821,"high_resolution_le_50pct",1,FALSE,"1","1","ENSE00001833804"
"ALL_CNA_cluster_0003","ALL_CNA","HOMDEL",TRUE,"CNA_event_000157","PARHPU",0.320512820512821,"high_resolution_le_50pct",1,FALSE,"1","1","ENSE00001833804"
"ALL_CNA_cluster_0003","ALL_CNA","HOMDEL",TRUE,"CNA_event_000155","PARIYD",0.320512820512821,"high_resolution_le_50pct",1,FALSE,"1","1","ENSE00001833804"
"ALL_CNA_cluster_0003","ALL_CNA","HETDEL",TRUE,"CNA_event_000995","PARWID",0.320512820512821,"high_resolution_le_50pct",1,FALSE,"1","1","ENSE00001833804"
"ALL_CNA_cluster_0003","ALL_CNA","HOMDEL",TRUE,"CNA_event_000442","PARXPZ",0.320512820512821,"high_resolution_le_50pct",1,FALSE,"1","1","ENSE00001833804"
"ALL_CNA_cluster_0003","ALL_CNA","HETDEL",TRUE,"CNA_event_000915","PASGRD",0.320512820512821,"high_resolution_le_50pct",1,FALSE,"1","1","ENSE00001833804"
"ALL_CNA_cluster_0003","ALL_CNA","HOMDEL",TRUE,"CNA_event_000662","PASGUH",0.976495726495726,"very_low_resolution_90_lt_100pct",1,FALSE,"1","1","ENSE00001833804"
"ALL_CNA_cluster_0003","ALL_CNA","HOMDEL",TRUE,"CNA_event_000133","PASKWG",0.320512820512821,"high_resolution_le_50pct",1,FALSE,"1","1","ENSE00001833804"
"ALL_CNA_cluster_0003","ALL_CNA","HOMDEL",TRUE,"CNA_event_000430","PASPDS",0.976495726495726,"very_low_resolution_90_lt_100pct",1,FALSE,"1","1","ENSE00001833804"
"ALL_CNA_cluster_0003","ALL_CNA","HETDEL",TRUE,"CNA_event_000910","PASPNW",0.976495726495726,"very_low_resolution_90_lt_100pct",1,FALSE,"1","1","ENSE00001833804"
"ALL_CNA_cluster_0003","ALL_CNA","HETDEL",TRUE,"CNA_event_000946","PASRAF",0.320512820512821,"high_resolution_le_50pct",1,FALSE,"1","1","ENSE00001833804"
"ALL_CNA_cluster_0003","ALL_CNA","HETDEL",TRUE,"CNA_event_000904","PASWSR",0.320512820512821,"high_resolution_le_50pct",1,FALSE,"1","1","ENSE00001833804"
"ALL_CNA_cluster_0003","ALL_CNA","HOMDEL",TRUE,"CNA_event_000714","PASZJW",0.320512820512821,"high_resolution_le_50pct",1,FALSE,"1","1","ENSE00001833804"
"ALL_CNA_cluster_0003","ALL_CNA","HETDEL",TRUE,"CNA_event_000959","PATAHP",0.976495726495726,"very_low_resolution_90_lt_100pct",1,FALSE,"1","1","ENSE00001833804"
"ALL_CNA_cluster_0003","ALL_CNA","HOMDEL",TRUE,"CNA_event_000701","PATBDJ",0.320512820512821,"high_resolution_le_50pct",1,FALSE,"1","1","ENSE00001833804"
"ALL_CNA_cluster_0003","ALL_CNA","HOMDEL",TRUE,"CNA_event_000575","PATCML",0.320512820512821,"high_resolution_le_50pct",1,FALSE,"1","1","ENSE00001833804"
"ALL_CNA_cluster_0003","ALL_CNA","HOMDEL",TRUE,"CNA_event_000625","PATEVL",0.320512820512821,"high_resolution_le_50pct",1,FALSE,"1","1","ENSE00001833804"
"ALL_CNA_cluster_0003","ALL_CNA","HOMDEL",TRUE,"CNA_event_000102","PATJBC",0.976495726495726,"very_low_resolution_90_lt_100pct",1,FALSE,"1","1","ENSE00001833804"
"ALL_CNA_cluster_0003","ALL_CNA","HETDEL",TRUE,"CNA_event_000898","PATPDA",0.976495726495726,"very_low_resolution_90_lt_100pct",1,FALSE,"1","1","ENSE00001833804"
"ALL_CNA_cluster_0003","ALL_CNA","HOMDEL",TRUE,"CNA_event_000750","PAUGEJ",0.320512820512821,"high_resolution_le_50pct",1,FALSE,"1","1","ENSE00001833804"
"ALL_CNA_cluster_0003","ALL_CNA","HETDEL",TRUE,"CNA_event_000937","PAUJYN",0.320512820512821,"high_resolution_le_50pct",1,FALSE,"1","1","ENSE00001833804"
"ALL_CNA_cluster_0003","ALL_CNA","HOMDEL",TRUE,"CNA_event_000185","PAUPHP",0.320512820512821,"high_resolution_le_50pct",1,FALSE,"1","1","ENSE00001833804"
"ALL_CNA_cluster_0003","ALL_CNA","HOMDEL",TRUE,"CNA_event_000621","PAUPVR",0.320512820512821,"high_resolution_le_50pct",1,FALSE,"1","1","ENSE00001833804"
"ALL_CNA_cluster_0003","ALL_CNA","HOMDEL",TRUE,"CNA_event_000727","PAUUXK",0.320512820512821,"high_resolution_le_50pct",1,FALSE,"1","1","ENSE00001833804"
"ALL_CNA_cluster_0003","ALL_CNA","HETDEL",TRUE,"CNA_event_000765","PAVCEA",0.976495726495726,"very_low_resolution_90_lt_100pct",1,FALSE,"1","1","ENSE00001833804"
"ALL_CNA_cluster_0003","ALL_CNA","HOMDEL",TRUE,"CNA_event_000179","PAVESV",0.320512820512821,"high_resolution_le_50pct",1,FALSE,"1","1","ENSE00001833804"
"ALL_CNA_cluster_0003","ALL_CNA","HOMDEL",TRUE,"CNA_event_000510","PAVJWE",0.976495726495726,"very_low_resolution_90_lt_100pct",1,FALSE,"1","1","ENSE00001833804"
"ALL_CNA_cluster_0003","ALL_CNA","HOMDEL",TRUE,"CNA_event_000035","PAVSZJ",0.320512820512821,"high_resolution_le_50pct",1,FALSE,"1","1","ENSE00001833804"
"ALL_CNA_cluster_0003","ALL_CNA","HOMDEL",TRUE,"CNA_event_000288","PAVWUC",0.320512820512821,"high_resolution_le_50pct",1,FALSE,"1","1","ENSE00001833804"
"ALL_CNA_cluster_0003","ALL_CNA","HOMDEL",TRUE,"CNA_event_000486","PAVZTC",0.320512820512821,"high_resolution_le_50pct",1,FALSE,"1","1","ENSE00001833804"
"ALL_CNA_cluster_0003","ALL_CNA","HETDEL",TRUE,"CNA_event_000830","PAWAMT",0.320512820512821,"high_resolution_le_50pct",1,FALSE,"1","1","ENSE00001833804"
"ALL_CNA_cluster_0003","ALL_CNA","HETDEL",TRUE,"CNA_event_000848","PAWGHK",0.320512820512821,"high_resolution_le_50pct",1,FALSE,"1","1","ENSE00001833804"
"ALL_CNA_cluster_0003","ALL_CNA","HOMDEL",TRUE,"CNA_event_000266","PAWGXM",0.976495726495726,"very_low_resolution_90_lt_100pct",1,FALSE,"1","1","ENSE00001833804"
"ALL_CNA_cluster_0003","ALL_CNA","HETDEL",TRUE,"CNA_event_000846","PAWHIG",0.320512820512821,"high_resolution_le_50pct",1,FALSE,"1","1","ENSE00001833804"
"ALL_CNA_cluster_0003","ALL_CNA","HETDEL",TRUE,"CNA_event_000842","PAWJKX",0.320512820512821,"high_resolution_le_50pct",1,FALSE,"1","1","ENSE00001833804"
"ALL_CNA_cluster_0003","ALL_CNA","HOMDEL",TRUE,"CNA_event_000463","PAWLSN",0.320512820512821,"high_resolution_le_50pct",1,FALSE,"1","1","ENSE00001833804"
"ALL_CNA_cluster_0003","ALL_CNA","HOMDEL",TRUE,"CNA_event_000254","PAWLYX",0.320512820512821,"high_resolution_le_50pct",1,FALSE,"1","1","ENSE00001833804"
"ALL_CNA_cluster_0004","ALL_CNA","HETDEL",TRUE,"CNA_event_000811","PARHPU",0.67948717948718,"moderate_resolution_50_75pct",1,FALSE,"2","2","ENSE00003496053"
"ALL_CNA_cluster_0004","ALL_CNA","HETDEL",TRUE,"CNA_event_000809","PARIYD",0.67948717948718,"moderate_resolution_50_75pct",1,FALSE,"2","2","ENSE00003496053"
"ALL_CNA_cluster_0004","ALL_CNA","HOMDEL",TRUE,"CNA_event_000684","PARWID",0.67948717948718,"moderate_resolution_50_75pct",1,FALSE,"2","2","ENSE00003496053"
"ALL_CNA_cluster_0004","ALL_CNA","HETDEL",TRUE,"CNA_event_000919","PARXPZ",0.67948717948718,"moderate_resolution_50_75pct",1,FALSE,"2","2","ENSE00003496053"
"ALL_CNA_cluster_0004","ALL_CNA","HOMDEL",TRUE,"CNA_event_000662","PASGUH",0.976495726495726,"very_low_resolution_90_lt_100pct",1,FALSE,"2","2","ENSE00003496053"
"ALL_CNA_cluster_0004","ALL_CNA","HOMDEL",TRUE,"CNA_event_000430","PASPDS",0.976495726495726,"very_low_resolution_90_lt_100pct",1,FALSE,"2","2","ENSE00003496053"
"ALL_CNA_cluster_0004","ALL_CNA","HETDEL",TRUE,"CNA_event_000910","PASPNW",0.976495726495726,"very_low_resolution_90_lt_100pct",1,FALSE,"2","2","ENSE00003496053"
"ALL_CNA_cluster_0004","ALL_CNA","HOMDEL",TRUE,"CNA_event_000585","PASRAF",0.67948717948718,"moderate_resolution_50_75pct",1,FALSE,"2","2","ENSE00003496053"
"ALL_CNA_cluster_0004","ALL_CNA","HETDEL",TRUE,"CNA_event_001007","PASZJW",0.67948717948718,"moderate_resolution_50_75pct",1,FALSE,"2","2","ENSE00003496053"
"ALL_CNA_cluster_0004","ALL_CNA","HETDEL",TRUE,"CNA_event_000959","PATAHP",0.976495726495726,"very_low_resolution_90_lt_100pct",1,FALSE,"2","2","ENSE00003496053"
"ALL_CNA_cluster_0004","ALL_CNA","HOMDEL",TRUE,"CNA_event_000700","PATBDJ",0.67948717948718,"moderate_resolution_50_75pct",1,FALSE,"2","2","ENSE00003496053"
"ALL_CNA_cluster_0004","ALL_CNA","HETDEL",TRUE,"CNA_event_000943","PATCML",0.67948717948718,"moderate_resolution_50_75pct",1,FALSE,"2","2","ENSE00003496053"
"ALL_CNA_cluster_0004","ALL_CNA","HETDEL",TRUE,"CNA_event_001022","PATFMG",0.67948717948718,"moderate_resolution_50_75pct",1,FALSE,"2","2","ENSE00003496053"
"ALL_CNA_cluster_0004","ALL_CNA","HOMDEL",TRUE,"CNA_event_000102","PATJBC",0.976495726495726,"very_low_resolution_90_lt_100pct",1,FALSE,"2","2","ENSE00003496053"
"ALL_CNA_cluster_0004","ALL_CNA","HETDEL",TRUE,"CNA_event_000898","PATPDA",0.976495726495726,"very_low_resolution_90_lt_100pct",1,FALSE,"2","2","ENSE00003496053"
"ALL_CNA_cluster_0004","ALL_CNA","HOMDEL",TRUE,"CNA_event_000696","PATRJL",0.67948717948718,"moderate_resolution_50_75pct",1,FALSE,"2","2","ENSE00003496053"
"ALL_CNA_cluster_0004","ALL_CNA","HETDEL",TRUE,"CNA_event_000892","PATVTZ",0.67948717948718,"moderate_resolution_50_75pct",1,FALSE,"2","2","ENSE00003496053"
"ALL_CNA_cluster_0004","ALL_CNA","HOMDEL",TRUE,"CNA_event_000749","PAUGEJ",0.67948717948718,"moderate_resolution_50_75pct",1,FALSE,"2","2","ENSE00003496053"
"ALL_CNA_cluster_0004","ALL_CNA","HOMDEL",TRUE,"CNA_event_000748","PAUGEP",0.235042735042735,"high_resolution_le_50pct",1,FALSE,"2","2","ENSE00003496053"
"ALL_CNA_cluster_0004","ALL_CNA","HOMDEL",TRUE,"CNA_event_000533","PAUJYN",0.67948717948718,"moderate_resolution_50_75pct",1,FALSE,"2","2","ENSE00003496053"
"ALL_CNA_cluster_0004","ALL_CNA","HETDEL",TRUE,"CNA_event_000819","PAUPHP",0.67948717948718,"moderate_resolution_50_75pct",1,FALSE,"2","2","ENSE00003496053"
"ALL_CNA_cluster_0004","ALL_CNA","HETDEL",TRUE,"CNA_event_000961","PAUPVR",0.67948717948718,"moderate_resolution_50_75pct",1,FALSE,"2","2","ENSE00003496053"
"ALL_CNA_cluster_0004","ALL_CNA","GAIN",TRUE,"CNA_event_001036","PAUTUL",0.655982905982906,"moderate_resolution_50_75pct",1,FALSE,"2","2","ENSE00003496053"
"ALL_CNA_cluster_0004","ALL_CNA","HETDEL",TRUE,"CNA_event_001012","PAUUXK",0.67948717948718,"moderate_resolution_50_75pct",1,FALSE,"2","2","ENSE00003496053"
"ALL_CNA_cluster_0004","ALL_CNA","HOMDEL",TRUE,"CNA_event_000687","PAUXYM",0.67948717948718,"moderate_resolution_50_75pct",1,FALSE,"2","2","ENSE00003496053"
"ALL_CNA_cluster_0004","ALL_CNA","HETDEL",TRUE,"CNA_event_000765","PAVCEA",0.976495726495726,"very_low_resolution_90_lt_100pct",1,FALSE,"2","2","ENSE00003496053"
"ALL_CNA_cluster_0004","ALL_CNA","HETDEL",TRUE,"CNA_event_000818","PAVESV",0.67948717948718,"moderate_resolution_50_75pct",1,FALSE,"2","2","ENSE00003496053"
"ALL_CNA_cluster_0004","ALL_CNA","HOMDEL",TRUE,"CNA_event_000510","PAVJWE",0.976495726495726,"very_low_resolution_90_lt_100pct",1,FALSE,"2","2","ENSE00003496053"
"ALL_CNA_cluster_0004","ALL_CNA","GAIN",TRUE,"CNA_event_001035","PAVRYP",0.67948717948718,"moderate_resolution_50_75pct",1,FALSE,"2","2","ENSE00003496053"
"ALL_CNA_cluster_0004","ALL_CNA","HETDEL",TRUE,"CNA_event_000780","PAVSZJ",0.655982905982906,"moderate_resolution_50_75pct",1,FALSE,"2","2","ENSE00003496053"
"ALL_CNA_cluster_0004","ALL_CNA","HOMDEL",TRUE,"CNA_event_000282","PAVXWR",0.67948717948718,"moderate_resolution_50_75pct",1,FALSE,"2","2","ENSE00003496053"
"ALL_CNA_cluster_0004","ALL_CNA","HETDEL",TRUE,"CNA_event_000927","PAVZTC",0.67948717948718,"moderate_resolution_50_75pct",1,FALSE,"2","2","ENSE00003496053"
"ALL_CNA_cluster_0004","ALL_CNA","HOMDEL",TRUE,"CNA_event_000231","PAWAMT",0.67948717948718,"moderate_resolution_50_75pct",1,FALSE,"2","2","ENSE00003496053"
"ALL_CNA_cluster_0004","ALL_CNA","HOMDEL",TRUE,"CNA_event_000270","PAWGHK",0.67948717948718,"moderate_resolution_50_75pct",1,FALSE,"2","2","ENSE00003496053"
"ALL_CNA_cluster_0004","ALL_CNA","HOMDEL",TRUE,"CNA_event_000266","PAWGXM",0.976495726495726,"very_low_resolution_90_lt_100pct",1,FALSE,"2","2","ENSE00003496053"
"ALL_CNA_cluster_0004","ALL_CNA","HOMDEL",TRUE,"CNA_event_000258","PAWJKX",0.67948717948718,"moderate_resolution_50_75pct",1,FALSE,"2","2","ENSE00003496053"
"ALL_CNA_cluster_0004","ALL_CNA","HETDEL",TRUE,"CNA_event_000828","PAWJVJ",0.655982905982906,"moderate_resolution_50_75pct",1,FALSE,"2","2","ENSE00003496053"
"ALL_CNA_cluster_0004","ALL_CNA","HETDEL",TRUE,"CNA_event_000924","PAWLSN",0.67948717948718,"moderate_resolution_50_75pct",1,FALSE,"2","2","ENSE00003496053"
"ALL_CNA_cluster_0005","ALL_CNA","HETDEL",TRUE,"CNA_event_000811","PARHPU",0.67948717948718,"moderate_resolution_50_75pct",1,FALSE,"3","3","ENSE00003529527"
"ALL_CNA_cluster_0005","ALL_CNA","HETDEL",TRUE,"CNA_event_000809","PARIYD",0.67948717948718,"moderate_resolution_50_75pct",1,FALSE,"3","3","ENSE00003529527"
"ALL_CNA_cluster_0005","ALL_CNA","HOMDEL",TRUE,"CNA_event_000684","PARWID",0.67948717948718,"moderate_resolution_50_75pct",1,FALSE,"3","3","ENSE00003529527"
"ALL_CNA_cluster_0005","ALL_CNA","HETDEL",TRUE,"CNA_event_000919","PARXPZ",0.67948717948718,"moderate_resolution_50_75pct",1,FALSE,"3","3","ENSE00003529527"
"ALL_CNA_cluster_0005","ALL_CNA","HETDEL",TRUE,"CNA_event_000980","PASGUH",0.0235042735042735,"high_resolution_le_50pct",1,FALSE,"3","3","ENSE00003529527"
"ALL_CNA_cluster_0005","ALL_CNA","HOMDEL",TRUE,"CNA_event_000585","PASRAF",0.67948717948718,"moderate_resolution_50_75pct",1,FALSE,"3","3","ENSE00003529527"
"ALL_CNA_cluster_0005","ALL_CNA","HETDEL",TRUE,"CNA_event_001007","PASZJW",0.67948717948718,"moderate_resolution_50_75pct",1,FALSE,"3","3","ENSE00003529527"
"ALL_CNA_cluster_0005","ALL_CNA","HOMDEL",TRUE,"CNA_event_000700","PATBDJ",0.67948717948718,"moderate_resolution_50_75pct",1,FALSE,"3","3","ENSE00003529527"
"ALL_CNA_cluster_0005","ALL_CNA","HETDEL",TRUE,"CNA_event_000943","PATCML",0.67948717948718,"moderate_resolution_50_75pct",1,FALSE,"3","3","ENSE00003529527"
"ALL_CNA_cluster_0005","ALL_CNA","HETDEL",TRUE,"CNA_event_001022","PATFMG",0.67948717948718,"moderate_resolution_50_75pct",1,FALSE,"3","3","ENSE00003529527"
"ALL_CNA_cluster_0005","ALL_CNA","HETDEL",TRUE,"CNA_event_000795","PATJBC",0.0235042735042735,"high_resolution_le_50pct",1,FALSE,"3","3","ENSE00003529527"
"ALL_CNA_cluster_0005","ALL_CNA","HOMDEL",TRUE,"CNA_event_000379","PATPDA",0.0235042735042735,"high_resolution_le_50pct",1,FALSE,"3","3","ENSE00003529527"
"ALL_CNA_cluster_0005","ALL_CNA","HOMDEL",TRUE,"CNA_event_000696","PATRJL",0.67948717948718,"moderate_resolution_50_75pct",1,FALSE,"3","3","ENSE00003529527"
"ALL_CNA_cluster_0005","ALL_CNA","HETDEL",TRUE,"CNA_event_000892","PATVTZ",0.67948717948718,"moderate_resolution_50_75pct",1,FALSE,"3","3","ENSE00003529527"
"ALL_CNA_cluster_0005","ALL_CNA","HOMDEL",TRUE,"CNA_event_000749","PAUGEJ",0.67948717948718,"moderate_resolution_50_75pct",1,FALSE,"3","3","ENSE00003529527"
"ALL_CNA_cluster_0005","ALL_CNA","HOMDEL",TRUE,"CNA_event_000748","PAUGEP",0.235042735042735,"high_resolution_le_50pct",1,FALSE,"3","3","ENSE00003529527"
"ALL_CNA_cluster_0005","ALL_CNA","HOMDEL",TRUE,"CNA_event_000533","PAUJYN",0.67948717948718,"moderate_resolution_50_75pct",1,FALSE,"3","3","ENSE00003529527"
"ALL_CNA_cluster_0005","ALL_CNA","HETDEL",TRUE,"CNA_event_000819","PAUPHP",0.67948717948718,"moderate_resolution_50_75pct",1,FALSE,"3","3","ENSE00003529527"
"ALL_CNA_cluster_0005","ALL_CNA","HETDEL",TRUE,"CNA_event_000961","PAUPVR",0.67948717948718,"moderate_resolution_50_75pct",1,FALSE,"3","3","ENSE00003529527"
"ALL_CNA_cluster_0005","ALL_CNA","HETDEL",TRUE,"CNA_event_001012","PAUUXK",0.67948717948718,"moderate_resolution_50_75pct",1,FALSE,"3","3","ENSE00003529527"
"ALL_CNA_cluster_0005","ALL_CNA","HOMDEL",TRUE,"CNA_event_000687","PAUXYM",0.67948717948718,"moderate_resolution_50_75pct",1,FALSE,"3","3","ENSE00003529527"
"ALL_CNA_cluster_0005","ALL_CNA","HETDEL",TRUE,"CNA_event_000872","PAUYJE",0.0235042735042735,"high_resolution_le_50pct",1,FALSE,"3","3","ENSE00003529527"
"ALL_CNA_cluster_0005","ALL_CNA","HETDEL",TRUE,"CNA_event_000818","PAVESV",0.67948717948718,"moderate_resolution_50_75pct",1,FALSE,"3","3","ENSE00003529527"
"ALL_CNA_cluster_0005","ALL_CNA","GAIN",TRUE,"CNA_event_001035","PAVRYP",0.67948717948718,"moderate_resolution_50_75pct",1,FALSE,"3","3","ENSE00003529527"
"ALL_CNA_cluster_0005","ALL_CNA","HETDEL",TRUE,"CNA_event_000779","PAVSZJ",0.0235042735042735,"high_resolution_le_50pct",1,FALSE,"3","3","ENSE00003529527"
"ALL_CNA_cluster_0005","ALL_CNA","HOMDEL",TRUE,"CNA_event_000282","PAVXWR",0.67948717948718,"moderate_resolution_50_75pct",1,FALSE,"3","3","ENSE00003529527"
"ALL_CNA_cluster_0005","ALL_CNA","HETDEL",TRUE,"CNA_event_000927","PAVZTC",0.67948717948718,"moderate_resolution_50_75pct",1,FALSE,"3","3","ENSE00003529527"
"ALL_CNA_cluster_0005","ALL_CNA","HOMDEL",TRUE,"CNA_event_000231","PAWAMT",0.67948717948718,"moderate_resolution_50_75pct",1,FALSE,"3","3","ENSE00003529527"
"ALL_CNA_cluster_0005","ALL_CNA","HOMDEL",TRUE,"CNA_event_000270","PAWGHK",0.67948717948718,"moderate_resolution_50_75pct",1,FALSE,"3","3","ENSE00003529527"
"ALL_CNA_cluster_0005","ALL_CNA","HETDEL",TRUE,"CNA_event_000847","PAWGXM",0.0235042735042735,"high_resolution_le_50pct",1,FALSE,"3","3","ENSE00003529527"
"ALL_CNA_cluster_0005","ALL_CNA","HOMDEL",TRUE,"CNA_event_000258","PAWJKX",0.67948717948718,"moderate_resolution_50_75pct",1,FALSE,"3","3","ENSE00003529527"
"ALL_CNA_cluster_0005","ALL_CNA","HETDEL",TRUE,"CNA_event_000827","PAWJVJ",0.0235042735042735,"high_resolution_le_50pct",1,FALSE,"3","3","ENSE00003529527"
"ALL_CNA_cluster_0005","ALL_CNA","HETDEL",TRUE,"CNA_event_000924","PAWLSN",0.67948717948718,"moderate_resolution_50_75pct",1,FALSE,"3","3","ENSE00003529527"
