"event_id","subject_id","cna_type","chrom","genomic_start","genomic_end","input_row","width_bp","coding_overlap_bp","coding_fraction","n_affected_exons","affected_exon_orders","affected_transcript_exon_ranks","affected_exon_ids","exon_start","exon_end","n_coding_residues","residue_fraction_exon_proxy","complete_structural_mapping","structurally_localizable","localization_class","covers_ge_50pct","covers_ge_75pct","covers_ge_90pct","covers_100pct"
"CNA_event_000001","PAUVPA","HOMDEL","9",21818601,22474300,1,655700,468,1,3,"1;2;3","1;2;3","ENSE00001833804;ENSE00003496053;ENSE00003529527",1,3,156,1,TRUE,FALSE,"whole_coding_sequence",TRUE,TRUE,TRUE,TRUE
"CNA_event_000003","PASRSP","HOMDEL","9",21876601,21981700,3,105100,468,1,3,"1;2;3","1;2;3","ENSE00001833804;ENSE00003496053;ENSE00003529527",1,3,156,1,TRUE,FALSE,"whole_coding_sequence",TRUE,TRUE,TRUE,TRUE
"CNA_event_000004","PAWLCA","HOMDEL","9",21850701,22159700,4,309000,468,1,3,"1;2;3","1;2;3","ENSE00001833804;ENSE00003496053;ENSE00003529527",1,3,156,1,TRUE,FALSE,"whole_coding_sequence",TRUE,TRUE,TRUE,TRUE
"CNA_event_000005","PAWKKY","HOMDEL","9",21961901,22039300,5,77400,468,1,3,"1;2;3","1;2;3","ENSE00001833804;ENSE00003496053;ENSE00003529527",1,3,156,1,TRUE,FALSE,"whole_coding_sequence",TRUE,TRUE,TRUE,TRUE
"CNA_event_000006","PAWKAN","HOMDEL","9",21929801,22089700,6,159900,468,1,3,"1;2;3","1;2;3","ENSE00001833804;ENSE00003496053;ENSE00003529527",1,3,156,1,TRUE,FALSE,"whole_coding_sequence",TRUE,TRUE,TRUE,TRUE
"CNA_event_000007","PAWJWT","HOMDEL","9",21945201,22001400,7,56200,468,1,3,"1;2;3","1;2;3","ENSE00001833804;ENSE00003496053;ENSE00003529527",1,3,156,1,TRUE,FALSE,"whole_coding_sequence",TRUE,TRUE,TRUE,TRUE
"CNA_event_000008","PAWJVB","HOMDEL","9",21825501,21994000,8,168500,468,1,3,"1;2;3","1;2;3","ENSE00001833804;ENSE00003496053;ENSE00003529527",1,3,156,1,TRUE,FALSE,"whole_coding_sequence",TRUE,TRUE,TRUE,TRUE
"CNA_event_000010","PAWJDA","HOMDEL","9",21955401,22234900,10,279500,468,1,3,"1;2;3","1;2;3","ENSE00001833804;ENSE00003496053;ENSE00003529527",1,3,156,1,TRUE,FALSE,"whole_coding_sequence",TRUE,TRUE,TRUE,TRUE
"CNA_event_000011","PAWIPA","HOMDEL","9",21721701,22496600,11,774900,468,1,3,"1;2;3","1;2;3","ENSE00001833804;ENSE00003496053;ENSE00003529527",1,3,156,1,TRUE,FALSE,"whole_coding_sequence",TRUE,TRUE,TRUE,TRUE
"CNA_event_000012","PAWIIZ","HOMDEL","9",21935201,22245300,12,310100,468,1,3,"1;2;3","1;2;3","ENSE00001833804;ENSE00003496053;ENSE00003529527",1,3,156,1,TRUE,FALSE,"whole_coding_sequence",TRUE,TRUE,TRUE,TRUE
"CNA_event_000013","PAWHMI","HOMDEL","9",21471201,22496500,13,1025300,468,1,3,"1;2;3","1;2;3","ENSE00001833804;ENSE00003496053;ENSE00003529527",1,3,156,1,TRUE,FALSE,"whole_coding_sequence",TRUE,TRUE,TRUE,TRUE
"CNA_event_000014","PAWHHV","HOMDEL","9",21832201,21993800,14,161600,468,1,3,"1;2;3","1;2;3","ENSE00001833804;ENSE00003496053;ENSE00003529527",1,3,156,1,TRUE,FALSE,"whole_coding_sequence",TRUE,TRUE,TRUE,TRUE
"CNA_event_000015","PAWHEW","HOMDEL","9",21774201,22332800,15,558600,468,1,3,"1;2;3","1;2;3","ENSE00001833804;ENSE00003496053;ENSE00003529527",1,3,156,1,TRUE,FALSE,"whole_coding_sequence",TRUE,TRUE,TRUE,TRUE
"CNA_event_000016","PAWHDJ","HOMDEL","9",21908001,22032600,16,124600,468,1,3,"1;2;3","1;2;3","ENSE00001833804;ENSE00003496053;ENSE00003529527",1,3,156,1,TRUE,FALSE,"whole_coding_sequence",TRUE,TRUE,TRUE,TRUE
"CNA_event_000017","PAWGXW","HOMDEL","9",20621401,27093000,17,6471600,468,1,3,"1;2;3","1;2;3","ENSE00001833804;ENSE00003496053;ENSE00003529527",1,3,156,1,TRUE,FALSE,"whole_coding_sequence",TRUE,TRUE,TRUE,TRUE
"CNA_event_000018","PAWGRS","HOMDEL","9",21963101,21998300,18,35200,468,1,3,"1;2;3","1;2;3","ENSE00001833804;ENSE00003496053;ENSE00003529527",1,3,156,1,TRUE,FALSE,"whole_coding_sequence",TRUE,TRUE,TRUE,TRUE
"CNA_event_000019","PAWGHS","HOMDEL","9",21966801,22496500,19,529700,468,1,3,"1;2;3","1;2;3","ENSE00001833804;ENSE00003496053;ENSE00003529527",1,3,156,1,TRUE,FALSE,"whole_coding_sequence",TRUE,TRUE,TRUE,TRUE
"CNA_event_000020","PAWFYE","HOMDEL","9",21827701,21978400,20,150700,468,1,3,"1;2;3","1;2;3","ENSE00001833804;ENSE00003496053;ENSE00003529527",1,3,156,1,TRUE,FALSE,"whole_coding_sequence",TRUE,TRUE,TRUE,TRUE
"CNA_event_000021","PAWFRE","HOMDEL","9",21462701,22177100,21,714400,468,1,3,"1;2;3","1;2;3","ENSE00001833804;ENSE00003496053;ENSE00003529527",1,3,156,1,TRUE,FALSE,"whole_coding_sequence",TRUE,TRUE,TRUE,TRUE
"CNA_event_000022","PAWFIM","HOMDEL","9",21545701,22496400,22,950700,468,1,3,"1;2;3","1;2;3","ENSE00001833804;ENSE00003496053;ENSE00003529527",1,3,156,1,TRUE,FALSE,"whole_coding_sequence",TRUE,TRUE,TRUE,TRUE
"CNA_event_000023","PAWAMR","HOMDEL","9",21755801,22496500,23,740700,468,1,3,"1;2;3","1;2;3","ENSE00001833804;ENSE00003496053;ENSE00003529527",1,3,156,1,TRUE,FALSE,"whole_coding_sequence",TRUE,TRUE,TRUE,TRUE
"CNA_event_000024","PAWAIH","HOMDEL","9",21949001,22554600,24,605600,468,1,3,"1;2;3","1;2;3","ENSE00001833804;ENSE00003496053;ENSE00003529527",1,3,156,1,TRUE,FALSE,"whole_coding_sequence",TRUE,TRUE,TRUE,TRUE
"CNA_event_000025","PAVZLS","HOMDEL","9",21616201,22496500,25,880300,468,1,3,"1;2;3","1;2;3","ENSE00001833804;ENSE00003496053;ENSE00003529527",1,3,156,1,TRUE,FALSE,"whole_coding_sequence",TRUE,TRUE,TRUE,TRUE
"CNA_event_000026","PAVZJI","HOMDEL","9",20707501,22496500,26,1789000,468,1,3,"1;2;3","1;2;3","ENSE00001833804;ENSE00003496053;ENSE00003529527",1,3,156,1,TRUE,FALSE,"whole_coding_sequence",TRUE,TRUE,TRUE,TRUE
"CNA_event_000027","PAVZAV","HOMDEL","9",21750001,22007800,27,257800,468,1,3,"1;2;3","1;2;3","ENSE00001833804;ENSE00003496053;ENSE00003529527",1,3,156,1,TRUE,FALSE,"whole_coding_sequence",TRUE,TRUE,TRUE,TRUE
"CNA_event_000028","PAVXIP","HOMDEL","9",21639901,22307800,28,667900,468,1,3,"1;2;3","1;2;3","ENSE00001833804;ENSE00003496053;ENSE00003529527",1,3,156,1,TRUE,FALSE,"whole_coding_sequence",TRUE,TRUE,TRUE,TRUE
"CNA_event_000029","PAVXHH","HOMDEL","9",21937701,21987100,29,49400,468,1,3,"1;2;3","1;2;3","ENSE00001833804;ENSE00003496053;ENSE00003529527",1,3,156,1,TRUE,FALSE,"whole_coding_sequence",TRUE,TRUE,TRUE,TRUE
"CNA_event_000030","PAVWMM","HOMDEL","9",21093601,22671200,30,1577600,468,1,3,"1;2;3","1;2;3","ENSE00001833804;ENSE00003496053;ENSE00003529527",1,3,156,1,TRUE,FALSE,"whole_coding_sequence",TRUE,TRUE,TRUE,TRUE
"CNA_event_000031","PAVVVK","HOMDEL","9",21891701,22074500,31,182800,468,1,3,"1;2;3","1;2;3","ENSE00001833804;ENSE00003496053;ENSE00003529527",1,3,156,1,TRUE,FALSE,"whole_coding_sequence",TRUE,TRUE,TRUE,TRUE
"CNA_event_000032","PAVVEI","HOMDEL","9",21186601,22199000,32,1012400,468,1,3,"1;2;3","1;2;3","ENSE00001833804;ENSE00003496053;ENSE00003529527",1,3,156,1,TRUE,FALSE,"whole_coding_sequence",TRUE,TRUE,TRUE,TRUE
"CNA_event_000033","PAVUUF","HOMDEL","9",21411901,24181000,33,2769100,468,1,3,"1;2;3","1;2;3","ENSE00001833804;ENSE00003496053;ENSE00003529527",1,3,156,1,TRUE,FALSE,"whole_coding_sequence",TRUE,TRUE,TRUE,TRUE
"CNA_event_000034","PAVUFU","HOMDEL","9",21389501,22432400,34,1042900,468,1,3,"1;2;3","1;2;3","ENSE00001833804;ENSE00003496053;ENSE00003529527",1,3,156,1,TRUE,FALSE,"whole_coding_sequence",TRUE,TRUE,TRUE,TRUE
"CNA_event_000035","PAVSZJ","HOMDEL","9",21973601,22003200,35,29600,150,0.320512820512821,1,"1","1","ENSE00001833804",1,1,50,0.320512820512821,TRUE,TRUE,"high_resolution_le_50pct",FALSE,FALSE,FALSE,FALSE
"CNA_event_000036","PAVSXU","HOMDEL","9",21895601,22006900,36,111300,468,1,3,"1;2;3","1;2;3","ENSE00001833804;ENSE00003496053;ENSE00003529527",1,3,156,1,TRUE,FALSE,"whole_coding_sequence",TRUE,TRUE,TRUE,TRUE
"CNA_event_000037","PAVSMR","HOMDEL","9",21727801,22499900,37,772100,468,1,3,"1;2;3","1;2;3","ENSE00001833804;ENSE00003496053;ENSE00003529527",1,3,156,1,TRUE,FALSE,"whole_coding_sequence",TRUE,TRUE,TRUE,TRUE
"CNA_event_000038","PAVSHE","HOMDEL","9",21883301,22274300,38,391000,468,1,3,"1;2;3","1;2;3","ENSE00001833804;ENSE00003496053;ENSE00003529527",1,3,156,1,TRUE,FALSE,"whole_coding_sequence",TRUE,TRUE,TRUE,TRUE
"CNA_event_000039","PAVPYX","HOMDEL","9",21899401,22238500,39,339100,468,1,3,"1;2;3","1;2;3","ENSE00001833804;ENSE00003496053;ENSE00003529527",1,3,156,1,TRUE,FALSE,"whole_coding_sequence",TRUE,TRUE,TRUE,TRUE
"CNA_event_000040","PAVPLN","HOMDEL","9",21891901,22293300,40,401400,468,1,3,"1;2;3","1;2;3","ENSE00001833804;ENSE00003496053;ENSE00003529527",1,3,156,1,TRUE,FALSE,"whole_coding_sequence",TRUE,TRUE,TRUE,TRUE
"CNA_event_000041","PAVNWE","HOMDEL","9",21048201,22168100,41,1119900,468,1,3,"1;2;3","1;2;3","ENSE00001833804;ENSE00003496053;ENSE00003529527",1,3,156,1,TRUE,FALSE,"whole_coding_sequence",TRUE,TRUE,TRUE,TRUE
"CNA_event_000042","PAVNUC","HOMDEL","9",21324401,23223500,42,1899100,468,1,3,"1;2;3","1;2;3","ENSE00001833804;ENSE00003496053;ENSE00003529527",1,3,156,1,TRUE,FALSE,"whole_coding_sequence",TRUE,TRUE,TRUE,TRUE
"CNA_event_000043","PAVMNW","HOMDEL","9",21377801,22392500,43,1014700,468,1,3,"1;2;3","1;2;3","ENSE00001833804;ENSE00003496053;ENSE00003529527",1,3,156,1,TRUE,FALSE,"whole_coding_sequence",TRUE,TRUE,TRUE,TRUE
"CNA_event_000044","PAVKVL","HOMDEL","9",21514001,22665600,44,1151600,468,1,3,"1;2;3","1;2;3","ENSE00001833804;ENSE00003496053;ENSE00003529527",1,3,156,1,TRUE,FALSE,"whole_coding_sequence",TRUE,TRUE,TRUE,TRUE
"CNA_event_000045","PAVJNX","HOMDEL","9",21427501,22496600,45,1069100,468,1,3,"1;2;3","1;2;3","ENSE00001833804;ENSE00003496053;ENSE00003529527",1,3,156,1,TRUE,FALSE,"whole_coding_sequence",TRUE,TRUE,TRUE,TRUE
"CNA_event_000046","PAVJLJ","HOMDEL","9",21726301,22056000,46,329700,468,1,3,"1;2;3","1;2;3","ENSE00001833804;ENSE00003496053;ENSE00003529527",1,3,156,1,TRUE,FALSE,"whole_coding_sequence",TRUE,TRUE,TRUE,TRUE
"CNA_event_000047","PAVFYD","HOMDEL","9",21753401,22055400,47,302000,468,1,3,"1;2;3","1;2;3","ENSE00001833804;ENSE00003496053;ENSE00003529527",1,3,156,1,TRUE,FALSE,"whole_coding_sequence",TRUE,TRUE,TRUE,TRUE
"CNA_event_000048","PAVFRT","HOMDEL","9",21876401,22519900,48,643500,468,1,3,"1;2;3","1;2;3","ENSE00001833804;ENSE00003496053;ENSE00003529527",1,3,156,1,TRUE,FALSE,"whole_coding_sequence",TRUE,TRUE,TRUE,TRUE
"CNA_event_000049","PAVFIU","HOMDEL","9",21923701,22723200,49,799500,468,1,3,"1;2;3","1;2;3","ENSE00001833804;ENSE00003496053;ENSE00003529527",1,3,156,1,TRUE,FALSE,"whole_coding_sequence",TRUE,TRUE,TRUE,TRUE
"CNA_event_000050","PAVFBV","HOMDEL","9",21389901,22398900,50,1009000,468,1,3,"1;2;3","1;2;3","ENSE00001833804;ENSE00003496053;ENSE00003529527",1,3,156,1,TRUE,FALSE,"whole_coding_sequence",TRUE,TRUE,TRUE,TRUE
"CNA_event_000051","PAVFAK","HOMDEL","9",21003701,22496200,51,1492500,468,1,3,"1;2;3","1;2;3","ENSE00001833804;ENSE00003496053;ENSE00003529527",1,3,156,1,TRUE,FALSE,"whole_coding_sequence",TRUE,TRUE,TRUE,TRUE
"CNA_event_000052","PAVDMR","HOMDEL","9",20861901,22565900,52,1704000,468,1,3,"1;2;3","1;2;3","ENSE00001833804;ENSE00003496053;ENSE00003529527",1,3,156,1,TRUE,FALSE,"whole_coding_sequence",TRUE,TRUE,TRUE,TRUE
"CNA_event_000053","PAVDFB","HOMDEL","9",21956601,22318300,53,361700,468,1,3,"1;2;3","1;2;3","ENSE00001833804;ENSE00003496053;ENSE00003529527",1,3,156,1,TRUE,FALSE,"whole_coding_sequence",TRUE,TRUE,TRUE,TRUE
"CNA_event_000054","PAVCPX","HOMDEL","9",21667901,22054700,54,386800,468,1,3,"1;2;3","1;2;3","ENSE00001833804;ENSE00003496053;ENSE00003529527",1,3,156,1,TRUE,FALSE,"whole_coding_sequence",TRUE,TRUE,TRUE,TRUE
"CNA_event_000055","PAVCLF","HOMDEL","9",21875401,22183600,55,308200,468,1,3,"1;2;3","1;2;3","ENSE00001833804;ENSE00003496053;ENSE00003529527",1,3,156,1,TRUE,FALSE,"whole_coding_sequence",TRUE,TRUE,TRUE,TRUE
"CNA_event_000056","PAVCDF","HOMDEL","9",21704201,22651700,56,947500,468,1,3,"1;2;3","1;2;3","ENSE00001833804;ENSE00003496053;ENSE00003529527",1,3,156,1,TRUE,FALSE,"whole_coding_sequence",TRUE,TRUE,TRUE,TRUE
"CNA_event_000057","PAVCDB","HOMDEL","9",21892901,22262500,57,369600,468,1,3,"1;2;3","1;2;3","ENSE00001833804;ENSE00003496053;ENSE00003529527",1,3,156,1,TRUE,FALSE,"whole_coding_sequence",TRUE,TRUE,TRUE,TRUE
"CNA_event_000058","PAVBPR","HOMDEL","9",21766701,22002400,58,235700,468,1,3,"1;2;3","1;2;3","ENSE00001833804;ENSE00003496053;ENSE00003529527",1,3,156,1,TRUE,FALSE,"whole_coding_sequence",TRUE,TRUE,TRUE,TRUE
"CNA_event_000059","PAVBKZ","HOMDEL","9",21948001,22347700,59,399700,468,1,3,"1;2;3","1;2;3","ENSE00001833804;ENSE00003496053;ENSE00003529527",1,3,156,1,TRUE,FALSE,"whole_coding_sequence",TRUE,TRUE,TRUE,TRUE
"CNA_event_000060","PAVBEJ","HOMDEL","9",21534501,22009700,60,475200,468,1,3,"1;2;3","1;2;3","ENSE00001833804;ENSE00003496053;ENSE00003529527",1,3,156,1,TRUE,FALSE,"whole_coding_sequence",TRUE,TRUE,TRUE,TRUE
"CNA_event_000061","PAVAAC","HOMDEL","9",21107501,22019800,61,912300,468,1,3,"1;2;3","1;2;3","ENSE00001833804;ENSE00003496053;ENSE00003529527",1,3,156,1,TRUE,FALSE,"whole_coding_sequence",TRUE,TRUE,TRUE,TRUE
"CNA_event_000062","PAUYWL","HOMDEL","9",21280001,22189300,62,909300,468,1,3,"1;2;3","1;2;3","ENSE00001833804;ENSE00003496053;ENSE00003529527",1,3,156,1,TRUE,FALSE,"whole_coding_sequence",TRUE,TRUE,TRUE,TRUE
"CNA_event_000063","PAUWNU","HOMDEL","9",21372801,22496700,63,1123900,468,1,3,"1;2;3","1;2;3","ENSE00001833804;ENSE00003496053;ENSE00003529527",1,3,156,1,TRUE,FALSE,"whole_coding_sequence",TRUE,TRUE,TRUE,TRUE
"CNA_event_000064","PAUVLV","HOMDEL","9",21846201,22131800,64,285600,468,1,3,"1;2;3","1;2;3","ENSE00001833804;ENSE00003496053;ENSE00003529527",1,3,156,1,TRUE,FALSE,"whole_coding_sequence",TRUE,TRUE,TRUE,TRUE
"CNA_event_000065","PAUTSB","HOMDEL","9",21651801,22149200,65,497400,468,1,3,"1;2;3","1;2;3","ENSE00001833804;ENSE00003496053;ENSE00003529527",1,3,156,1,TRUE,FALSE,"whole_coding_sequence",TRUE,TRUE,TRUE,TRUE
"CNA_event_000066","PAUTBM","HOMDEL","9",21792001,23053900,66,1261900,468,1,3,"1;2;3","1;2;3","ENSE00001833804;ENSE00003496053;ENSE00003529527",1,3,156,1,TRUE,FALSE,"whole_coding_sequence",TRUE,TRUE,TRUE,TRUE
"CNA_event_000068","PAUPKL","HOMDEL","9",21919901,22106100,68,186200,468,1,3,"1;2;3","1;2;3","ENSE00001833804;ENSE00003496053;ENSE00003529527",1,3,156,1,TRUE,FALSE,"whole_coding_sequence",TRUE,TRUE,TRUE,TRUE
"CNA_event_000069","PAUPJB","HOMDEL","9",21346101,22193000,69,846900,468,1,3,"1;2;3","1;2;3","ENSE00001833804;ENSE00003496053;ENSE00003529527",1,3,156,1,TRUE,FALSE,"whole_coding_sequence",TRUE,TRUE,TRUE,TRUE
"CNA_event_000070","PAUMDM","HOMDEL","9",21914501,21987000,70,72500,468,1,3,"1;2;3","1;2;3","ENSE00001833804;ENSE00003496053;ENSE00003529527",1,3,156,1,TRUE,FALSE,"whole_coding_sequence",TRUE,TRUE,TRUE,TRUE
"CNA_event_000071","PAUKIZ","HOMDEL","9",21121401,23452000,71,2330600,468,1,3,"1;2;3","1;2;3","ENSE00001833804;ENSE00003496053;ENSE00003529527",1,3,156,1,TRUE,FALSE,"whole_coding_sequence",TRUE,TRUE,TRUE,TRUE
"CNA_event_000072","PAUJVJ","HOMDEL","9",21782501,22332200,72,549700,468,1,3,"1;2;3","1;2;3","ENSE00001833804;ENSE00003496053;ENSE00003529527",1,3,156,1,TRUE,FALSE,"whole_coding_sequence",TRUE,TRUE,TRUE,TRUE
"CNA_event_000074","PAUJDD","HOMDEL","9",21628001,22149300,74,521300,468,1,3,"1;2;3","1;2;3","ENSE00001833804;ENSE00003496053;ENSE00003529527",1,3,156,1,TRUE,FALSE,"whole_coding_sequence",TRUE,TRUE,TRUE,TRUE
"CNA_event_000075","PAUIXW","HOMDEL","9",21944601,21994400,75,49800,468,1,3,"1;2;3","1;2;3","ENSE00001833804;ENSE00003496053;ENSE00003529527",1,3,156,1,TRUE,FALSE,"whole_coding_sequence",TRUE,TRUE,TRUE,TRUE
"CNA_event_000076","PAUIFR","HOMDEL","9",21271301,22065700,76,794400,468,1,3,"1;2;3","1;2;3","ENSE00001833804;ENSE00003496053;ENSE00003529527",1,3,156,1,TRUE,FALSE,"whole_coding_sequence",TRUE,TRUE,TRUE,TRUE
"CNA_event_000077","PAUEFT","HOMDEL","9",21846401,22220300,77,373900,468,1,3,"1;2;3","1;2;3","ENSE00001833804;ENSE00003496053;ENSE00003529527",1,3,156,1,TRUE,FALSE,"whole_coding_sequence",TRUE,TRUE,TRUE,TRUE
"CNA_event_000078","PAUBLL","HOMDEL","9",21759401,22496800,78,737400,468,1,3,"1;2;3","1;2;3","ENSE00001833804;ENSE00003496053;ENSE00003529527",1,3,156,1,TRUE,FALSE,"whole_coding_sequence",TRUE,TRUE,TRUE,TRUE
"CNA_event_000079","PAUACG","HOMDEL","9",21918601,22204600,79,286000,468,1,3,"1;2;3","1;2;3","ENSE00001833804;ENSE00003496053;ENSE00003529527",1,3,156,1,TRUE,FALSE,"whole_coding_sequence",TRUE,TRUE,TRUE,TRUE
"CNA_event_000080","PATZYE","HOMDEL","9",21227301,22081200,80,853900,468,1,3,"1;2;3","1;2;3","ENSE00001833804;ENSE00003496053;ENSE00003529527",1,3,156,1,TRUE,FALSE,"whole_coding_sequence",TRUE,TRUE,TRUE,TRUE
"CNA_event_000081","PATWJU","HOMDEL","9",21570801,22187700,81,616900,468,1,3,"1;2;3","1;2;3","ENSE00001833804;ENSE00003496053;ENSE00003529527",1,3,156,1,TRUE,FALSE,"whole_coding_sequence",TRUE,TRUE,TRUE,TRUE
"CNA_event_000082","PATWIJ","HOMDEL","9",21867001,22496500,82,629500,468,1,3,"1;2;3","1;2;3","ENSE00001833804;ENSE00003496053;ENSE00003529527",1,3,156,1,TRUE,FALSE,"whole_coding_sequence",TRUE,TRUE,TRUE,TRUE
"CNA_event_000083","PATVNY","HOMDEL","9",21795001,22014200,83,219200,468,1,3,"1;2;3","1;2;3","ENSE00001833804;ENSE00003496053;ENSE00003529527",1,3,156,1,TRUE,FALSE,"whole_coding_sequence",TRUE,TRUE,TRUE,TRUE
"CNA_event_000084","PATTXC","HOMDEL","9",21874301,22125100,84,250800,468,1,3,"1;2;3","1;2;3","ENSE00001833804;ENSE00003496053;ENSE00003529527",1,3,156,1,TRUE,FALSE,"whole_coding_sequence",TRUE,TRUE,TRUE,TRUE
"CNA_event_000085","PATTKX","HOMDEL","9",21594001,22136300,85,542300,468,1,3,"1;2;3","1;2;3","ENSE00001833804;ENSE00003496053;ENSE00003529527",1,3,156,1,TRUE,FALSE,"whole_coding_sequence",TRUE,TRUE,TRUE,TRUE
"CNA_event_000086","PATTHM","HOMDEL","9",21896301,22049800,86,153500,468,1,3,"1;2;3","1;2;3","ENSE00001833804;ENSE00003496053;ENSE00003529527",1,3,156,1,TRUE,FALSE,"whole_coding_sequence",TRUE,TRUE,TRUE,TRUE
"CNA_event_000087","PATSJM","HOMDEL","9",21865901,22097200,87,231300,468,1,3,"1;2;3","1;2;3","ENSE00001833804;ENSE00003496053;ENSE00003529527",1,3,156,1,TRUE,FALSE,"whole_coding_sequence",TRUE,TRUE,TRUE,TRUE
"CNA_event_000088","PATSHF","HOMDEL","9",21849001,22209500,88,360500,468,1,3,"1;2;3","1;2;3","ENSE00001833804;ENSE00003496053;ENSE00003529527",1,3,156,1,TRUE,FALSE,"whole_coding_sequence",TRUE,TRUE,TRUE,TRUE
"CNA_event_000089","PATSEZ","HOMDEL","9",21879401,21998900,89,119500,468,1,3,"1;2;3","1;2;3","ENSE00001833804;ENSE00003496053;ENSE00003529527",1,3,156,1,TRUE,FALSE,"whole_coding_sequence",TRUE,TRUE,TRUE,TRUE
"CNA_event_000091","PATRUN","HOMDEL","9",21875901,22029000,91,153100,468,1,3,"1;2;3","1;2;3","ENSE00001833804;ENSE00003496053;ENSE00003529527",1,3,156,1,TRUE,FALSE,"whole_coding_sequence",TRUE,TRUE,TRUE,TRUE
"CNA_event_000092","PATRTG","HOMDEL","9",21683701,22306600,92,622900,468,1,3,"1;2;3","1;2;3","ENSE00001833804;ENSE00003496053;ENSE00003529527",1,3,156,1,TRUE,FALSE,"whole_coding_sequence",TRUE,TRUE,TRUE,TRUE
"CNA_event_000093","PATRKV","HOMDEL","9",21820601,22496800,93,676200,468,1,3,"1;2;3","1;2;3","ENSE00001833804;ENSE00003496053;ENSE00003529527",1,3,156,1,TRUE,FALSE,"whole_coding_sequence",TRUE,TRUE,TRUE,TRUE
"CNA_event_000094","PATRDL","HOMDEL","9",21893001,22496400,94,603400,468,1,3,"1;2;3","1;2;3","ENSE00001833804;ENSE00003496053;ENSE00003529527",1,3,156,1,TRUE,FALSE,"whole_coding_sequence",TRUE,TRUE,TRUE,TRUE
"CNA_event_000095","PATPXS","HOMDEL","9",21449901,22077600,95,627700,468,1,3,"1;2;3","1;2;3","ENSE00001833804;ENSE00003496053;ENSE00003529527",1,3,156,1,TRUE,FALSE,"whole_coding_sequence",TRUE,TRUE,TRUE,TRUE
"CNA_event_000096","PATLGU","HOMDEL","9",21952001,22774200,96,822200,468,1,3,"1;2;3","1;2;3","ENSE00001833804;ENSE00003496053;ENSE00003529527",1,3,156,1,TRUE,FALSE,"whole_coding_sequence",TRUE,TRUE,TRUE,TRUE
"CNA_event_000097","PATKTY","HOMDEL","9",21967601,22110300,97,142700,468,1,3,"1;2;3","1;2;3","ENSE00001833804;ENSE00003496053;ENSE00003529527",1,3,156,1,TRUE,FALSE,"whole_coding_sequence",TRUE,TRUE,TRUE,TRUE
"CNA_event_000098","PATKRF","HOMDEL","9",21192101,22683300,98,1491200,468,1,3,"1;2;3","1;2;3","ENSE00001833804;ENSE00003496053;ENSE00003529527",1,3,156,1,TRUE,FALSE,"whole_coding_sequence",TRUE,TRUE,TRUE,TRUE
"CNA_event_000099","PATKGP","HOMDEL","9",21095601,22496500,99,1400900,468,1,3,"1;2;3","1;2;3","ENSE00001833804;ENSE00003496053;ENSE00003529527",1,3,156,1,TRUE,FALSE,"whole_coding_sequence",TRUE,TRUE,TRUE,TRUE
"CNA_event_000100","PATJKF","HOMDEL","9",21351801,23526700,100,2174900,468,1,3,"1;2;3","1;2;3","ENSE00001833804;ENSE00003496053;ENSE00003529527",1,3,156,1,TRUE,FALSE,"whole_coding_sequence",TRUE,TRUE,TRUE,TRUE
"CNA_event_000101","PATJJW","HOMDEL","9",21368701,22163000,101,794300,468,1,3,"1;2;3","1;2;3","ENSE00001833804;ENSE00003496053;ENSE00003529527",1,3,156,1,TRUE,FALSE,"whole_coding_sequence",TRUE,TRUE,TRUE,TRUE
"CNA_event_000102","PATJBC","HOMDEL","9",21969901,22033100,102,63200,457,0.976495726495726,2,"1;2","1;2","ENSE00001833804;ENSE00003496053",1,2,153,0.980769230769231,TRUE,TRUE,"very_low_resolution_90_lt_100pct",TRUE,TRUE,TRUE,FALSE
"CNA_event_000103","PATISS","HOMDEL","9",21873201,23202500,103,1329300,468,1,3,"1;2;3","1;2;3","ENSE00001833804;ENSE00003496053;ENSE00003529527",1,3,156,1,TRUE,FALSE,"whole_coding_sequence",TRUE,TRUE,TRUE,TRUE
"CNA_event_000104","PATHWV","HOMDEL","9",21826201,21993400,104,167200,468,1,3,"1;2;3","1;2;3","ENSE00001833804;ENSE00003496053;ENSE00003529527",1,3,156,1,TRUE,FALSE,"whole_coding_sequence",TRUE,TRUE,TRUE,TRUE
"CNA_event_000105","PATHNN","HOMDEL","9",21617801,22806600,105,1188800,468,1,3,"1;2;3","1;2;3","ENSE00001833804;ENSE00003496053;ENSE00003529527",1,3,156,1,TRUE,FALSE,"whole_coding_sequence",TRUE,TRUE,TRUE,TRUE
"CNA_event_000106","PATGMS","HOMDEL","9",21803001,22452800,106,649800,468,1,3,"1;2;3","1;2;3","ENSE00001833804;ENSE00003496053;ENSE00003529527",1,3,156,1,TRUE,FALSE,"whole_coding_sequence",TRUE,TRUE,TRUE,TRUE
"CNA_event_000107","PATGLV","HOMDEL","9",21121801,22676800,107,1555000,468,1,3,"1;2;3","1;2;3","ENSE00001833804;ENSE00003496053;ENSE00003529527",1,3,156,1,TRUE,FALSE,"whole_coding_sequence",TRUE,TRUE,TRUE,TRUE
"CNA_event_000108","PATEVG","HOMDEL","9",21964401,22049900,108,85500,468,1,3,"1;2;3","1;2;3","ENSE00001833804;ENSE00003496053;ENSE00003529527",1,3,156,1,TRUE,FALSE,"whole_coding_sequence",TRUE,TRUE,TRUE,TRUE
"CNA_event_000109","PATELJ","HOMDEL","9",21186601,22328200,109,1141600,468,1,3,"1;2;3","1;2;3","ENSE00001833804;ENSE00003496053;ENSE00003529527",1,3,156,1,TRUE,FALSE,"whole_coding_sequence",TRUE,TRUE,TRUE,TRUE
"CNA_event_000110","PATDMN","HOMDEL","9",21493301,22399400,110,906100,468,1,3,"1;2;3","1;2;3","ENSE00001833804;ENSE00003496053;ENSE00003529527",1,3,156,1,TRUE,FALSE,"whole_coding_sequence",TRUE,TRUE,TRUE,TRUE
"CNA_event_000111","PATCGN","HOMDEL","9",21040701,22521200,111,1480500,468,1,3,"1;2;3","1;2;3","ENSE00001833804;ENSE00003496053;ENSE00003529527",1,3,156,1,TRUE,FALSE,"whole_coding_sequence",TRUE,TRUE,TRUE,TRUE
"CNA_event_000112","PATCDZ","HOMDEL","9",21765701,22207100,112,441400,468,1,3,"1;2;3","1;2;3","ENSE00001833804;ENSE00003496053;ENSE00003529527",1,3,156,1,TRUE,FALSE,"whole_coding_sequence",TRUE,TRUE,TRUE,TRUE
"CNA_event_000113","PATAUZ","HOMDEL","9",21567001,22782100,113,1215100,468,1,3,"1;2;3","1;2;3","ENSE00001833804;ENSE00003496053;ENSE00003529527",1,3,156,1,TRUE,FALSE,"whole_coding_sequence",TRUE,TRUE,TRUE,TRUE
"CNA_event_000114","PATADU","HOMDEL","9",21956501,22139600,114,183100,468,1,3,"1;2;3","1;2;3","ENSE00001833804;ENSE00003496053;ENSE00003529527",1,3,156,1,TRUE,FALSE,"whole_coding_sequence",TRUE,TRUE,TRUE,TRUE
"CNA_event_000115","PASZIY","HOMDEL","9",21745901,22427600,115,681700,468,1,3,"1;2;3","1;2;3","ENSE00001833804;ENSE00003496053;ENSE00003529527",1,3,156,1,TRUE,FALSE,"whole_coding_sequence",TRUE,TRUE,TRUE,TRUE
"CNA_event_000116","PASYKT","HOMDEL","9",21926301,22481700,116,555400,468,1,3,"1;2;3","1;2;3","ENSE00001833804;ENSE00003496053;ENSE00003529527",1,3,156,1,TRUE,FALSE,"whole_coding_sequence",TRUE,TRUE,TRUE,TRUE
"CNA_event_000117","PASYIS","HOMDEL","9",21827701,21993800,117,166100,468,1,3,"1;2;3","1;2;3","ENSE00001833804;ENSE00003496053;ENSE00003529527",1,3,156,1,TRUE,FALSE,"whole_coding_sequence",TRUE,TRUE,TRUE,TRUE
"CNA_event_000118","PASXVR","HOMDEL","9",21814501,22057900,118,243400,468,1,3,"1;2;3","1;2;3","ENSE00001833804;ENSE00003496053;ENSE00003529527",1,3,156,1,TRUE,FALSE,"whole_coding_sequence",TRUE,TRUE,TRUE,TRUE
"CNA_event_000119","PASXPD","HOMDEL","9",21609001,22135100,119,526100,468,1,3,"1;2;3","1;2;3","ENSE00001833804;ENSE00003496053;ENSE00003529527",1,3,156,1,TRUE,FALSE,"whole_coding_sequence",TRUE,TRUE,TRUE,TRUE
"CNA_event_000121","PASWWR","HOMDEL","9",21826201,21988900,121,162700,468,1,3,"1;2;3","1;2;3","ENSE00001833804;ENSE00003496053;ENSE00003529527",1,3,156,1,TRUE,FALSE,"whole_coding_sequence",TRUE,TRUE,TRUE,TRUE
"CNA_event_000122","PASWBV","HOMDEL","9",21877001,22010900,122,133900,468,1,3,"1;2;3","1;2;3","ENSE00001833804;ENSE00003496053;ENSE00003529527",1,3,156,1,TRUE,FALSE,"whole_coding_sequence",TRUE,TRUE,TRUE,TRUE
"CNA_event_000123","PASUGC","HOMDEL","9",21699401,22044700,123,345300,468,1,3,"1;2;3","1;2;3","ENSE00001833804;ENSE00003496053;ENSE00003529527",1,3,156,1,TRUE,FALSE,"whole_coding_sequence",TRUE,TRUE,TRUE,TRUE
"CNA_event_000124","PASUDN","HOMDEL","9",21481701,22496500,124,1014800,468,1,3,"1;2;3","1;2;3","ENSE00001833804;ENSE00003496053;ENSE00003529527",1,3,156,1,TRUE,FALSE,"whole_coding_sequence",TRUE,TRUE,TRUE,TRUE
"CNA_event_000125","PASTZP","HOMDEL","9",21771801,21982100,125,210300,468,1,3,"1;2;3","1;2;3","ENSE00001833804;ENSE00003496053;ENSE00003529527",1,3,156,1,TRUE,FALSE,"whole_coding_sequence",TRUE,TRUE,TRUE,TRUE
"CNA_event_000126","PASTPT","HOMDEL","9",21169401,22496600,126,1327200,468,1,3,"1;2;3","1;2;3","ENSE00001833804;ENSE00003496053;ENSE00003529527",1,3,156,1,TRUE,FALSE,"whole_coding_sequence",TRUE,TRUE,TRUE,TRUE
"CNA_event_000127","PASTHE","HOMDEL","9",21370701,22172800,127,802100,468,1,3,"1;2;3","1;2;3","ENSE00001833804;ENSE00003496053;ENSE00003529527",1,3,156,1,TRUE,FALSE,"whole_coding_sequence",TRUE,TRUE,TRUE,TRUE
"CNA_event_000128","PASTDU","HOMDEL","9",21141501,22496500,128,1355000,468,1,3,"1;2;3","1;2;3","ENSE00001833804;ENSE00003496053;ENSE00003529527",1,3,156,1,TRUE,FALSE,"whole_coding_sequence",TRUE,TRUE,TRUE,TRUE
"CNA_event_000129","PASRTM","HOMDEL","9",20579601,23362800,129,2783200,468,1,3,"1;2;3","1;2;3","ENSE00001833804;ENSE00003496053;ENSE00003529527",1,3,156,1,TRUE,FALSE,"whole_coding_sequence",TRUE,TRUE,TRUE,TRUE
"CNA_event_000130","PASNNJ","HOMDEL","9",21680401,22237100,130,556700,468,1,3,"1;2;3","1;2;3","ENSE00001833804;ENSE00003496053;ENSE00003529527",1,3,156,1,TRUE,FALSE,"whole_coding_sequence",TRUE,TRUE,TRUE,TRUE
"CNA_event_000131","PASLFT","HOMDEL","9",21928201,22481600,131,553400,468,1,3,"1;2;3","1;2;3","ENSE00001833804;ENSE00003496053;ENSE00003529527",1,3,156,1,TRUE,FALSE,"whole_coding_sequence",TRUE,TRUE,TRUE,TRUE
"CNA_event_000132","PASLBB","HOMDEL","9",21931301,22041500,132,110200,468,1,3,"1;2;3","1;2;3","ENSE00001833804;ENSE00003496053;ENSE00003529527",1,3,156,1,TRUE,FALSE,"whole_coding_sequence",TRUE,TRUE,TRUE,TRUE
"CNA_event_000133","PASKWG","HOMDEL","9",21971901,23052700,133,1080800,150,0.320512820512821,1,"1","1","ENSE00001833804",1,1,50,0.320512820512821,TRUE,TRUE,"high_resolution_le_50pct",FALSE,FALSE,FALSE,FALSE
"CNA_event_000135","PASJLN","HOMDEL","9",21825601,21993800,135,168200,468,1,3,"1;2;3","1;2;3","ENSE00001833804;ENSE00003496053;ENSE00003529527",1,3,156,1,TRUE,FALSE,"whole_coding_sequence",TRUE,TRUE,TRUE,TRUE
"CNA_event_000136","PASJJR","HOMDEL","9",21865401,22041700,136,176300,468,1,3,"1;2;3","1;2;3","ENSE00001833804;ENSE00003496053;ENSE00003529527",1,3,156,1,TRUE,FALSE,"whole_coding_sequence",TRUE,TRUE,TRUE,TRUE
"CNA_event_000137","PASJFJ","HOMDEL","9",21168101,22908100,137,1740000,468,1,3,"1;2;3","1;2;3","ENSE00001833804;ENSE00003496053;ENSE00003529527",1,3,156,1,TRUE,FALSE,"whole_coding_sequence",TRUE,TRUE,TRUE,TRUE
"CNA_event_000138","PASIIY","HOMDEL","9",21291801,22487600,138,1195800,468,1,3,"1;2;3","1;2;3","ENSE00001833804;ENSE00003496053;ENSE00003529527",1,3,156,1,TRUE,FALSE,"whole_coding_sequence",TRUE,TRUE,TRUE,TRUE
"CNA_event_000139","PASIIF","HOMDEL","9",21103401,22496500,139,1393100,468,1,3,"1;2;3","1;2;3","ENSE00001833804;ENSE00003496053;ENSE00003529527",1,3,156,1,TRUE,FALSE,"whole_coding_sequence",TRUE,TRUE,TRUE,TRUE
"CNA_event_000140","PASHNK","HOMDEL","9",21951701,21993900,140,42200,468,1,3,"1;2;3","1;2;3","ENSE00001833804;ENSE00003496053;ENSE00003529527",1,3,156,1,TRUE,FALSE,"whole_coding_sequence",TRUE,TRUE,TRUE,TRUE
"CNA_event_000141","PARYMD","HOMDEL","9",21732301,22496500,141,764200,468,1,3,"1;2;3","1;2;3","ENSE00001833804;ENSE00003496053;ENSE00003529527",1,3,156,1,TRUE,FALSE,"whole_coding_sequence",TRUE,TRUE,TRUE,TRUE
"CNA_event_000142","PARXTW","HOMDEL","9",21628101,22149000,142,520900,468,1,3,"1;2;3","1;2;3","ENSE00001833804;ENSE00003496053;ENSE00003529527",1,3,156,1,TRUE,FALSE,"whole_coding_sequence",TRUE,TRUE,TRUE,TRUE
"CNA_event_000143","PARVRF","HOMDEL","9",21219401,22127000,143,907600,468,1,3,"1;2;3","1;2;3","ENSE00001833804;ENSE00003496053;ENSE00003529527",1,3,156,1,TRUE,FALSE,"whole_coding_sequence",TRUE,TRUE,TRUE,TRUE
"CNA_event_000144","PARULB","HOMDEL","9",21903701,22496500,144,592800,468,1,3,"1;2;3","1;2;3","ENSE00001833804;ENSE00003496053;ENSE00003529527",1,3,156,1,TRUE,FALSE,"whole_coding_sequence",TRUE,TRUE,TRUE,TRUE
"CNA_event_000145","PARUEU","HOMDEL","9",21703101,22246500,145,543400,468,1,3,"1;2;3","1;2;3","ENSE00001833804;ENSE00003496053;ENSE00003529527",1,3,156,1,TRUE,FALSE,"whole_coding_sequence",TRUE,TRUE,TRUE,TRUE
"CNA_event_000146","PARTPW","HOMDEL","9",21630301,22496500,146,866200,468,1,3,"1;2;3","1;2;3","ENSE00001833804;ENSE00003496053;ENSE00003529527",1,3,156,1,TRUE,FALSE,"whole_coding_sequence",TRUE,TRUE,TRUE,TRUE
"CNA_event_000147","PARPYJ","HOMDEL","9",21920801,22367900,147,447100,468,1,3,"1;2;3","1;2;3","ENSE00001833804;ENSE00003496053;ENSE00003529527",1,3,156,1,TRUE,FALSE,"whole_coding_sequence",TRUE,TRUE,TRUE,TRUE
"CNA_event_000148","PARNEH","HOMDEL","9",21888901,22613600,148,724700,468,1,3,"1;2;3","1;2;3","ENSE00001833804;ENSE00003496053;ENSE00003529527",1,3,156,1,TRUE,FALSE,"whole_coding_sequence",TRUE,TRUE,TRUE,TRUE
"CNA_event_000149","PARMNL","HOMDEL","9",21967901,22496600,149,528700,468,1,3,"1;2;3","1;2;3","ENSE00001833804;ENSE00003496053;ENSE00003529527",1,3,156,1,TRUE,FALSE,"whole_coding_sequence",TRUE,TRUE,TRUE,TRUE
"CNA_event_000150","PARMGT","HOMDEL","9",21939601,22933300,150,993700,468,1,3,"1;2;3","1;2;3","ENSE00001833804;ENSE00003496053;ENSE00003529527",1,3,156,1,TRUE,FALSE,"whole_coding_sequence",TRUE,TRUE,TRUE,TRUE
"CNA_event_000151","PARLMX","HOMDEL","9",21446601,22201400,151,754800,468,1,3,"1;2;3","1;2;3","ENSE00001833804;ENSE00003496053;ENSE00003529527",1,3,156,1,TRUE,FALSE,"whole_coding_sequence",TRUE,TRUE,TRUE,TRUE
"CNA_event_000152","PARLLD","HOMDEL","9",21962901,22036000,152,73100,468,1,3,"1;2;3","1;2;3","ENSE00001833804;ENSE00003496053;ENSE00003529527",1,3,156,1,TRUE,FALSE,"whole_coding_sequence",TRUE,TRUE,TRUE,TRUE
"CNA_event_000153","PARLJA","HOMDEL","9",21834001,21993800,153,159800,468,1,3,"1;2;3","1;2;3","ENSE00001833804;ENSE00003496053;ENSE00003529527",1,3,156,1,TRUE,FALSE,"whole_coding_sequence",TRUE,TRUE,TRUE,TRUE
"CNA_event_000154","PARJPB","HOMDEL","9",21335901,22496500,154,1160600,468,1,3,"1;2;3","1;2;3","ENSE00001833804;ENSE00003496053;ENSE00003529527",1,3,156,1,TRUE,FALSE,"whole_coding_sequence",TRUE,TRUE,TRUE,TRUE
"CNA_event_000155","PARIYD","HOMDEL","9",21973201,22043400,155,70200,150,0.320512820512821,1,"1","1","ENSE00001833804",1,1,50,0.320512820512821,TRUE,TRUE,"high_resolution_le_50pct",FALSE,FALSE,FALSE,FALSE
"CNA_event_000156","PARIET","HOMDEL","9",21896301,22502800,156,606500,468,1,3,"1;2;3","1;2;3","ENSE00001833804;ENSE00003496053;ENSE00003529527",1,3,156,1,TRUE,FALSE,"whole_coding_sequence",TRUE,TRUE,TRUE,TRUE
"CNA_event_000157","PARHPU","HOMDEL","9",21973701,22007800,157,34100,150,0.320512820512821,1,"1","1","ENSE00001833804",1,1,50,0.320512820512821,TRUE,TRUE,"high_resolution_le_50pct",FALSE,FALSE,FALSE,FALSE
"CNA_event_000158","PARHLS","HOMDEL","9",21811701,22175600,158,363900,468,1,3,"1;2;3","1;2;3","ENSE00001833804;ENSE00003496053;ENSE00003529527",1,3,156,1,TRUE,FALSE,"whole_coding_sequence",TRUE,TRUE,TRUE,TRUE
"CNA_event_000159","PARHES","HOMDEL","9",21859501,22073000,159,213500,468,1,3,"1;2;3","1;2;3","ENSE00001833804;ENSE00003496053;ENSE00003529527",1,3,156,1,TRUE,FALSE,"whole_coding_sequence",TRUE,TRUE,TRUE,TRUE
"CNA_event_000160","PARGFL","HOMDEL","9",21757601,22642800,160,885200,468,1,3,"1;2;3","1;2;3","ENSE00001833804;ENSE00003496053;ENSE00003529527",1,3,156,1,TRUE,FALSE,"whole_coding_sequence",TRUE,TRUE,TRUE,TRUE
"CNA_event_000161","PAWLPU","HOMDEL","9",21276701,21993900,161,717200,468,1,3,"1;2;3","1;2;3","ENSE00001833804;ENSE00003496053;ENSE00003529527",1,3,156,1,TRUE,FALSE,"whole_coding_sequence",TRUE,TRUE,TRUE,TRUE
"CNA_event_000162","PAWLGM","HOMDEL","9",21410601,22298200,162,887600,468,1,3,"1;2;3","1;2;3","ENSE00001833804;ENSE00003496053;ENSE00003529527",1,3,156,1,TRUE,FALSE,"whole_coding_sequence",TRUE,TRUE,TRUE,TRUE
"CNA_event_000163","PAWKUU","HOMDEL","9",21282401,22244100,163,961700,468,1,3,"1;2;3","1;2;3","ENSE00001833804;ENSE00003496053;ENSE00003529527",1,3,156,1,TRUE,FALSE,"whole_coding_sequence",TRUE,TRUE,TRUE,TRUE
"CNA_event_000164","PAWKAP","HOMDEL","9",21269601,22644900,164,1375300,468,1,3,"1;2;3","1;2;3","ENSE00001833804;ENSE00003496053;ENSE00003529527",1,3,156,1,TRUE,FALSE,"whole_coding_sequence",TRUE,TRUE,TRUE,TRUE
"CNA_event_000165","PAWILT","HOMDEL","9",21312001,23272000,165,1960000,468,1,3,"1;2;3","1;2;3","ENSE00001833804;ENSE00003496053;ENSE00003529527",1,3,156,1,TRUE,FALSE,"whole_coding_sequence",TRUE,TRUE,TRUE,TRUE
"CNA_event_000166","PAWHGU","HOMDEL","9",21786201,22364400,166,578200,468,1,3,"1;2;3","1;2;3","ENSE00001833804;ENSE00003496053;ENSE00003529527",1,3,156,1,TRUE,FALSE,"whole_coding_sequence",TRUE,TRUE,TRUE,TRUE
"CNA_event_000167","PAWGXT","HOMDEL","9",21839001,22144600,167,305600,468,1,3,"1;2;3","1;2;3","ENSE00001833804;ENSE00003496053;ENSE00003529527",1,3,156,1,TRUE,FALSE,"whole_coding_sequence",TRUE,TRUE,TRUE,TRUE
"CNA_event_000168","PAWGXI","HOMDEL","9",21541901,22165500,168,623600,468,1,3,"1;2;3","1;2;3","ENSE00001833804;ENSE00003496053;ENSE00003529527",1,3,156,1,TRUE,FALSE,"whole_coding_sequence",TRUE,TRUE,TRUE,TRUE
"CNA_event_000169","PAWEND","HOMDEL","9",21825701,21993800,169,168100,468,1,3,"1;2;3","1;2;3","ENSE00001833804;ENSE00003496053;ENSE00003529527",1,3,156,1,TRUE,FALSE,"whole_coding_sequence",TRUE,TRUE,TRUE,TRUE
"CNA_event_000170","PAWDXJ","HOMDEL","9",21358901,22935900,170,1577000,468,1,3,"1;2;3","1;2;3","ENSE00001833804;ENSE00003496053;ENSE00003529527",1,3,156,1,TRUE,FALSE,"whole_coding_sequence",TRUE,TRUE,TRUE,TRUE
"CNA_event_000171","PAWDXE","HOMDEL","9",21914701,22004800,171,90100,468,1,3,"1;2;3","1;2;3","ENSE00001833804;ENSE00003496053;ENSE00003529527",1,3,156,1,TRUE,FALSE,"whole_coding_sequence",TRUE,TRUE,TRUE,TRUE
"CNA_event_000172","PAVRUD","HOMDEL","9",21942901,22601500,172,658600,468,1,3,"1;2;3","1;2;3","ENSE00001833804;ENSE00003496053;ENSE00003529527",1,3,156,1,TRUE,FALSE,"whole_coding_sequence",TRUE,TRUE,TRUE,TRUE
"CNA_event_000173","PAVRLH","HOMDEL","9",21228301,22032900,173,804600,468,1,3,"1;2;3","1;2;3","ENSE00001833804;ENSE00003496053;ENSE00003529527",1,3,156,1,TRUE,FALSE,"whole_coding_sequence",TRUE,TRUE,TRUE,TRUE
"CNA_event_000174","PAVRHT","HOMDEL","9",21902701,22496500,174,593800,468,1,3,"1;2;3","1;2;3","ENSE00001833804;ENSE00003496053;ENSE00003529527",1,3,156,1,TRUE,FALSE,"whole_coding_sequence",TRUE,TRUE,TRUE,TRUE
"CNA_event_000175","PAVNDL","HOMDEL","9",21943701,22020500,175,76800,468,1,3,"1;2;3","1;2;3","ENSE00001833804;ENSE00003496053;ENSE00003529527",1,3,156,1,TRUE,FALSE,"whole_coding_sequence",TRUE,TRUE,TRUE,TRUE
"CNA_event_000176","PAVMLZ","HOMDEL","9",21441501,22585600,176,1144100,468,1,3,"1;2;3","1;2;3","ENSE00001833804;ENSE00003496053;ENSE00003529527",1,3,156,1,TRUE,FALSE,"whole_coding_sequence",TRUE,TRUE,TRUE,TRUE
"CNA_event_000177","PAVLLL","HOMDEL","9",21798401,22496500,177,698100,468,1,3,"1;2;3","1;2;3","ENSE00001833804;ENSE00003496053;ENSE00003529527",1,3,156,1,TRUE,FALSE,"whole_coding_sequence",TRUE,TRUE,TRUE,TRUE
"CNA_event_000178","PAVFWD","HOMDEL","9",21339401,22495800,178,1156400,468,1,3,"1;2;3","1;2;3","ENSE00001833804;ENSE00003496053;ENSE00003529527",1,3,156,1,TRUE,FALSE,"whole_coding_sequence",TRUE,TRUE,TRUE,TRUE
"CNA_event_000179","PAVESV","HOMDEL","9",21971601,22339100,179,367500,150,0.320512820512821,1,"1","1","ENSE00001833804",1,1,50,0.320512820512821,TRUE,TRUE,"high_resolution_le_50pct",FALSE,FALSE,FALSE,FALSE
"CNA_event_000180","PAUYAB","HOMDEL","9",21867701,22299600,180,431900,468,1,3,"1;2;3","1;2;3","ENSE00001833804;ENSE00003496053;ENSE00003529527",1,3,156,1,TRUE,FALSE,"whole_coding_sequence",TRUE,TRUE,TRUE,TRUE
"CNA_event_000181","PAUXCW","HOMDEL","9",21374901,22496500,181,1121600,468,1,3,"1;2;3","1;2;3","ENSE00001833804;ENSE00003496053;ENSE00003529527",1,3,156,1,TRUE,FALSE,"whole_coding_sequence",TRUE,TRUE,TRUE,TRUE
"CNA_event_000182","PAUVYF","HOMDEL","9",21645701,22496500,182,850800,468,1,3,"1;2;3","1;2;3","ENSE00001833804;ENSE00003496053;ENSE00003529527",1,3,156,1,TRUE,FALSE,"whole_coding_sequence",TRUE,TRUE,TRUE,TRUE
"CNA_event_000183","PAUTBB","HOMDEL","9",21935901,22380700,183,444800,468,1,3,"1;2;3","1;2;3","ENSE00001833804;ENSE00003496053;ENSE00003529527",1,3,156,1,TRUE,FALSE,"whole_coding_sequence",TRUE,TRUE,TRUE,TRUE
"CNA_event_000185","PAUPHP","HOMDEL","9",21974201,22008800,185,34600,150,0.320512820512821,1,"1","1","ENSE00001833804",1,1,50,0.320512820512821,TRUE,TRUE,"high_resolution_le_50pct",FALSE,FALSE,FALSE,FALSE
"CNA_event_000186","PAUNBU","HOMDEL","9",21671201,22468500,186,797300,468,1,3,"1;2;3","1;2;3","ENSE00001833804;ENSE00003496053;ENSE00003529527",1,3,156,1,TRUE,FALSE,"whole_coding_sequence",TRUE,TRUE,TRUE,TRUE
"CNA_event_000187","PAUMAV","HOMDEL","9",21907101,22496500,187,589400,468,1,3,"1;2;3","1;2;3","ENSE00001833804;ENSE00003496053;ENSE00003529527",1,3,156,1,TRUE,FALSE,"whole_coding_sequence",TRUE,TRUE,TRUE,TRUE
"CNA_event_000188","PAUKZU","HOMDEL","9",19438101,22370400,188,2932300,468,1,3,"1;2;3","1;2;3","ENSE00001833804;ENSE00003496053;ENSE00003529527",1,3,156,1,TRUE,FALSE,"whole_coding_sequence",TRUE,TRUE,TRUE,TRUE
"CNA_event_000189","PAUJYG","HOMDEL","9",21792201,22496500,189,704300,468,1,3,"1;2;3","1;2;3","ENSE00001833804;ENSE00003496053;ENSE00003529527",1,3,156,1,TRUE,FALSE,"whole_coding_sequence",TRUE,TRUE,TRUE,TRUE
"CNA_event_000190","PAUIVD","HOMDEL","9",21910201,22604200,190,694000,468,1,3,"1;2;3","1;2;3","ENSE00001833804;ENSE00003496053;ENSE00003529527",1,3,156,1,TRUE,FALSE,"whole_coding_sequence",TRUE,TRUE,TRUE,TRUE
"CNA_event_000191","PAUIGD","HOMDEL","9",21372501,22558300,191,1185800,468,1,3,"1;2;3","1;2;3","ENSE00001833804;ENSE00003496053;ENSE00003529527",1,3,156,1,TRUE,FALSE,"whole_coding_sequence",TRUE,TRUE,TRUE,TRUE
"CNA_event_000192","PAUIAW","HOMDEL","9",21944301,21993800,192,49500,468,1,3,"1;2;3","1;2;3","ENSE00001833804;ENSE00003496053;ENSE00003529527",1,3,156,1,TRUE,FALSE,"whole_coding_sequence",TRUE,TRUE,TRUE,TRUE
"CNA_event_000193","PAUGDT","HOMDEL","9",21900701,22030800,193,130100,468,1,3,"1;2;3","1;2;3","ENSE00001833804;ENSE00003496053;ENSE00003529527",1,3,156,1,TRUE,FALSE,"whole_coding_sequence",TRUE,TRUE,TRUE,TRUE
"CNA_event_000194","PAUEPU","HOMDEL","9",21899301,23212900,194,1313600,468,1,3,"1;2;3","1;2;3","ENSE00001833804;ENSE00003496053;ENSE00003529527",1,3,156,1,TRUE,FALSE,"whole_coding_sequence",TRUE,TRUE,TRUE,TRUE
"CNA_event_000195","PAUCIS","HOMDEL","9",21672201,23334500,195,1662300,468,1,3,"1;2;3","1;2;3","ENSE00001833804;ENSE00003496053;ENSE00003529527",1,3,156,1,TRUE,FALSE,"whole_coding_sequence",TRUE,TRUE,TRUE,TRUE
"CNA_event_000196","PAUCFA","HOMDEL","9",21768201,22484200,196,716000,468,1,3,"1;2;3","1;2;3","ENSE00001833804;ENSE00003496053;ENSE00003529527",1,3,156,1,TRUE,FALSE,"whole_coding_sequence",TRUE,TRUE,TRUE,TRUE
"CNA_event_000197","PAUBCT","HOMDEL","9",21925801,22144800,197,219000,468,1,3,"1;2;3","1;2;3","ENSE00001833804;ENSE00003496053;ENSE00003529527",1,3,156,1,TRUE,FALSE,"whole_coding_sequence",TRUE,TRUE,TRUE,TRUE
"CNA_event_000198","PATXSK","HOMDEL","9",21695301,22114400,198,419100,468,1,3,"1;2;3","1;2;3","ENSE00001833804;ENSE00003496053;ENSE00003529527",1,3,156,1,TRUE,FALSE,"whole_coding_sequence",TRUE,TRUE,TRUE,TRUE
"CNA_event_000199","PATSIZ","HOMDEL","9",21233701,23504100,199,2270400,468,1,3,"1;2;3","1;2;3","ENSE00001833804;ENSE00003496053;ENSE00003529527",1,3,156,1,TRUE,FALSE,"whole_coding_sequence",TRUE,TRUE,TRUE,TRUE
"CNA_event_000200","PATRXL","HOMDEL","9",21895601,21993800,200,98200,468,1,3,"1;2;3","1;2;3","ENSE00001833804;ENSE00003496053;ENSE00003529527",1,3,156,1,TRUE,FALSE,"whole_coding_sequence",TRUE,TRUE,TRUE,TRUE
"CNA_event_000201","PATRHL","HOMDEL","9",21964401,22008000,201,43600,468,1,3,"1;2;3","1;2;3","ENSE00001833804;ENSE00003496053;ENSE00003529527",1,3,156,1,TRUE,FALSE,"whole_coding_sequence",TRUE,TRUE,TRUE,TRUE
"CNA_event_000202","PATPGE","HOMDEL","9",21809401,21999000,202,189600,468,1,3,"1;2;3","1;2;3","ENSE00001833804;ENSE00003496053;ENSE00003529527",1,3,156,1,TRUE,FALSE,"whole_coding_sequence",TRUE,TRUE,TRUE,TRUE
"CNA_event_000203","PATPBW","HOMDEL","9",21962801,22447400,203,484600,468,1,3,"1;2;3","1;2;3","ENSE00001833804;ENSE00003496053;ENSE00003529527",1,3,156,1,TRUE,FALSE,"whole_coding_sequence",TRUE,TRUE,TRUE,TRUE
"CNA_event_000204","PATLRZ","HOMDEL","9",21048901,22080300,204,1031400,468,1,3,"1;2;3","1;2;3","ENSE00001833804;ENSE00003496053;ENSE00003529527",1,3,156,1,TRUE,FALSE,"whole_coding_sequence",TRUE,TRUE,TRUE,TRUE
"CNA_event_000205","PATLHS","HOMDEL","9",21928601,22294500,205,365900,468,1,3,"1;2;3","1;2;3","ENSE00001833804;ENSE00003496053;ENSE00003529527",1,3,156,1,TRUE,FALSE,"whole_coding_sequence",TRUE,TRUE,TRUE,TRUE
"CNA_event_000206","PATKVH","HOMDEL","9",21243501,22496500,206,1253000,468,1,3,"1;2;3","1;2;3","ENSE00001833804;ENSE00003496053;ENSE00003529527",1,3,156,1,TRUE,FALSE,"whole_coding_sequence",TRUE,TRUE,TRUE,TRUE
"CNA_event_000207","PATITY","HOMDEL","9",21794501,23362800,207,1568300,468,1,3,"1;2;3","1;2;3","ENSE00001833804;ENSE00003496053;ENSE00003529527",1,3,156,1,TRUE,FALSE,"whole_coding_sequence",TRUE,TRUE,TRUE,TRUE
"CNA_event_000208","PATHAA","HOMDEL","9",21847901,22516300,208,668400,468,1,3,"1;2;3","1;2;3","ENSE00001833804;ENSE00003496053;ENSE00003529527",1,3,156,1,TRUE,FALSE,"whole_coding_sequence",TRUE,TRUE,TRUE,TRUE
"CNA_event_000209","PATGBY","HOMDEL","9",21783801,22496600,209,712800,468,1,3,"1;2;3","1;2;3","ENSE00001833804;ENSE00003496053;ENSE00003529527",1,3,156,1,TRUE,FALSE,"whole_coding_sequence",TRUE,TRUE,TRUE,TRUE
"CNA_event_000210","PATFYZ","HOMDEL","9",21903501,22866600,210,963100,468,1,3,"1;2;3","1;2;3","ENSE00001833804;ENSE00003496053;ENSE00003529527",1,3,156,1,TRUE,FALSE,"whole_coding_sequence",TRUE,TRUE,TRUE,TRUE
"CNA_event_000211","PATFXN","HOMDEL","9",20991801,22118700,211,1126900,468,1,3,"1;2;3","1;2;3","ENSE00001833804;ENSE00003496053;ENSE00003529527",1,3,156,1,TRUE,FALSE,"whole_coding_sequence",TRUE,TRUE,TRUE,TRUE
"CNA_event_000212","PATFVG","HOMDEL","9",21815401,22045300,212,229900,468,1,3,"1;2;3","1;2;3","ENSE00001833804;ENSE00003496053;ENSE00003529527",1,3,156,1,TRUE,FALSE,"whole_coding_sequence",TRUE,TRUE,TRUE,TRUE
"CNA_event_000213","PATFJD","HOMDEL","9",21885101,21990600,213,105500,468,1,3,"1;2;3","1;2;3","ENSE00001833804;ENSE00003496053;ENSE00003529527",1,3,156,1,TRUE,FALSE,"whole_coding_sequence",TRUE,TRUE,TRUE,TRUE
"CNA_event_000214","PATDLG","HOMDEL","9",21793001,22028700,214,235700,468,1,3,"1;2;3","1;2;3","ENSE00001833804;ENSE00003496053;ENSE00003529527",1,3,156,1,TRUE,FALSE,"whole_coding_sequence",TRUE,TRUE,TRUE,TRUE
"CNA_event_000215","PATBYK","HOMDEL","9",21925201,22846800,215,921600,468,1,3,"1;2;3","1;2;3","ENSE00001833804;ENSE00003496053;ENSE00003529527",1,3,156,1,TRUE,FALSE,"whole_coding_sequence",TRUE,TRUE,TRUE,TRUE
"CNA_event_000216","PASZPP","HOMDEL","9",21300801,22190800,216,890000,468,1,3,"1;2;3","1;2;3","ENSE00001833804;ENSE00003496053;ENSE00003529527",1,3,156,1,TRUE,FALSE,"whole_coding_sequence",TRUE,TRUE,TRUE,TRUE
"CNA_event_000217","PASZEW","HOMDEL","9",21643501,22458100,217,814600,468,1,3,"1;2;3","1;2;3","ENSE00001833804;ENSE00003496053;ENSE00003529527",1,3,156,1,TRUE,FALSE,"whole_coding_sequence",TRUE,TRUE,TRUE,TRUE
"CNA_event_000218","PASZAZ","HOMDEL","9",21883201,22480000,218,596800,468,1,3,"1;2;3","1;2;3","ENSE00001833804;ENSE00003496053;ENSE00003529527",1,3,156,1,TRUE,FALSE,"whole_coding_sequence",TRUE,TRUE,TRUE,TRUE
"CNA_event_000219","PASXLZ","HOMDEL","9",21184801,22496500,219,1311700,468,1,3,"1;2;3","1;2;3","ENSE00001833804;ENSE00003496053;ENSE00003529527",1,3,156,1,TRUE,FALSE,"whole_coding_sequence",TRUE,TRUE,TRUE,TRUE
"CNA_event_000220","PASTLR","HOMDEL","9",20949901,22170800,220,1220900,468,1,3,"1;2;3","1;2;3","ENSE00001833804;ENSE00003496053;ENSE00003529527",1,3,156,1,TRUE,FALSE,"whole_coding_sequence",TRUE,TRUE,TRUE,TRUE
"CNA_event_000221","PASSHC","HOMDEL","9",20607801,22077000,221,1469200,468,1,3,"1;2;3","1;2;3","ENSE00001833804;ENSE00003496053;ENSE00003529527",1,3,156,1,TRUE,FALSE,"whole_coding_sequence",TRUE,TRUE,TRUE,TRUE
"CNA_event_000222","PASKCL","HOMDEL","9",21423501,22150200,222,726700,468,1,3,"1;2;3","1;2;3","ENSE00001833804;ENSE00003496053;ENSE00003529527",1,3,156,1,TRUE,FALSE,"whole_coding_sequence",TRUE,TRUE,TRUE,TRUE
"CNA_event_000223","PARXMV","HOMDEL","9",21929401,21993800,223,64400,468,1,3,"1;2;3","1;2;3","ENSE00001833804;ENSE00003496053;ENSE00003529527",1,3,156,1,TRUE,FALSE,"whole_coding_sequence",TRUE,TRUE,TRUE,TRUE
"CNA_event_000224","PARTBP","HOMDEL","9",21116501,22226300,224,1109800,468,1,3,"1;2;3","1;2;3","ENSE00001833804;ENSE00003496053;ENSE00003529527",1,3,156,1,TRUE,FALSE,"whole_coding_sequence",TRUE,TRUE,TRUE,TRUE
"CNA_event_000225","PARLDJ","HOMDEL","9",21899401,22185200,225,285800,468,1,3,"1;2;3","1;2;3","ENSE00001833804;ENSE00003496053;ENSE00003529527",1,3,156,1,TRUE,FALSE,"whole_coding_sequence",TRUE,TRUE,TRUE,TRUE
"CNA_event_000226","PARJFH","HOMDEL","9",21827201,21993800,226,166600,468,1,3,"1;2;3","1;2;3","ENSE00001833804;ENSE00003496053;ENSE00003529527",1,3,156,1,TRUE,FALSE,"whole_coding_sequence",TRUE,TRUE,TRUE,TRUE
"CNA_event_000227","PARFIH","HOMDEL","9",21793201,21993800,227,200600,468,1,3,"1;2;3","1;2;3","ENSE00001833804;ENSE00003496053;ENSE00003529527",1,3,156,1,TRUE,FALSE,"whole_coding_sequence",TRUE,TRUE,TRUE,TRUE
"CNA_event_000228","PAWKYL","HOMDEL","9",21803001,21993800,228,190800,468,1,3,"1;2;3","1;2;3","ENSE00001833804;ENSE00003496053;ENSE00003529527",1,3,156,1,TRUE,FALSE,"whole_coding_sequence",TRUE,TRUE,TRUE,TRUE
"CNA_event_000229","PAWKLD","HOMDEL","9",21951001,21983900,229,32900,468,1,3,"1;2;3","1;2;3","ENSE00001833804;ENSE00003496053;ENSE00003529527",1,3,156,1,TRUE,FALSE,"whole_coding_sequence",TRUE,TRUE,TRUE,TRUE
"CNA_event_000230","PAWEYS","HOMDEL","9",21802801,21993800,230,191000,468,1,3,"1;2;3","1;2;3","ENSE00001833804;ENSE00003496053;ENSE00003529527",1,3,156,1,TRUE,FALSE,"whole_coding_sequence",TRUE,TRUE,TRUE,TRUE
"CNA_event_000231","PAWAMT","HOMDEL","9",21851801,21973100,231,121300,318,0.67948717948718,2,"2;3","2;3","ENSE00003496053;ENSE00003529527",2,3,106,0.67948717948718,TRUE,TRUE,"moderate_resolution_50_75pct",TRUE,FALSE,FALSE,FALSE
"CNA_event_000232","PAVPTM","HOMDEL","9",20898201,22496500,232,1598300,468,1,3,"1;2;3","1;2;3","ENSE00001833804;ENSE00003496053;ENSE00003529527",1,3,156,1,TRUE,FALSE,"whole_coding_sequence",TRUE,TRUE,TRUE,TRUE
"CNA_event_000233","PAVPCZ","HOMDEL","9",21829201,21993800,233,164600,468,1,3,"1;2;3","1;2;3","ENSE00001833804;ENSE00003496053;ENSE00003529527",1,3,156,1,TRUE,FALSE,"whole_coding_sequence",TRUE,TRUE,TRUE,TRUE
"CNA_event_000234","PAVLMX","HOMDEL","9",21837901,22249900,234,412000,468,1,3,"1;2;3","1;2;3","ENSE00001833804;ENSE00003496053;ENSE00003529527",1,3,156,1,TRUE,FALSE,"whole_coding_sequence",TRUE,TRUE,TRUE,TRUE
"CNA_event_000235","PAVJFA","HOMDEL","9",21824001,22028100,235,204100,468,1,3,"1;2;3","1;2;3","ENSE00001833804;ENSE00003496053;ENSE00003529527",1,3,156,1,TRUE,FALSE,"whole_coding_sequence",TRUE,TRUE,TRUE,TRUE
"CNA_event_000236","PAVHAA","HOMDEL","9",21872701,21992800,236,120100,468,1,3,"1;2;3","1;2;3","ENSE00001833804;ENSE00003496053;ENSE00003529527",1,3,156,1,TRUE,FALSE,"whole_coding_sequence",TRUE,TRUE,TRUE,TRUE
"CNA_event_000238","PAVAPE","HOMDEL","9",21960501,22001100,238,40600,468,1,3,"1;2;3","1;2;3","ENSE00001833804;ENSE00003496053;ENSE00003529527",1,3,156,1,TRUE,FALSE,"whole_coding_sequence",TRUE,TRUE,TRUE,TRUE
"CNA_event_000239","PAUYJF","HOMDEL","9",21949801,22416300,239,466500,468,1,3,"1;2;3","1;2;3","ENSE00001833804;ENSE00003496053;ENSE00003529527",1,3,156,1,TRUE,FALSE,"whole_coding_sequence",TRUE,TRUE,TRUE,TRUE
"CNA_event_000240","PAUTLJ","HOMDEL","9",20135401,22177100,240,2041700,468,1,3,"1;2;3","1;2;3","ENSE00001833804;ENSE00003496053;ENSE00003529527",1,3,156,1,TRUE,FALSE,"whole_coding_sequence",TRUE,TRUE,TRUE,TRUE
"CNA_event_000241","PAUTEF","HOMDEL","9",21886601,22496300,241,609700,468,1,3,"1;2;3","1;2;3","ENSE00001833804;ENSE00003496053;ENSE00003529527",1,3,156,1,TRUE,FALSE,"whole_coding_sequence",TRUE,TRUE,TRUE,TRUE
"CNA_event_000242","PAUSEY","HOMDEL","9",21832201,21993800,242,161600,468,1,3,"1;2;3","1;2;3","ENSE00001833804;ENSE00003496053;ENSE00003529527",1,3,156,1,TRUE,FALSE,"whole_coding_sequence",TRUE,TRUE,TRUE,TRUE
"CNA_event_000243","PAUPUW","HOMDEL","9",19887401,22496500,243,2609100,468,1,3,"1;2;3","1;2;3","ENSE00001833804;ENSE00003496053;ENSE00003529527",1,3,156,1,TRUE,FALSE,"whole_coding_sequence",TRUE,TRUE,TRUE,TRUE
"CNA_event_000244","PAUFBJ","HOMDEL","9",21088001,23177600,244,2089600,468,1,3,"1;2;3","1;2;3","ENSE00001833804;ENSE00003496053;ENSE00003529527",1,3,156,1,TRUE,FALSE,"whole_coding_sequence",TRUE,TRUE,TRUE,TRUE
"CNA_event_000245","PATYCH","HOMDEL","9",21825401,21993400,245,168000,468,1,3,"1;2;3","1;2;3","ENSE00001833804;ENSE00003496053;ENSE00003529527",1,3,156,1,TRUE,FALSE,"whole_coding_sequence",TRUE,TRUE,TRUE,TRUE
"CNA_event_000246","PATKNX","HOMDEL","9",19858601,22336300,246,2477700,468,1,3,"1;2;3","1;2;3","ENSE00001833804;ENSE00003496053;ENSE00003529527",1,3,156,1,TRUE,FALSE,"whole_coding_sequence",TRUE,TRUE,TRUE,TRUE
"CNA_event_000248","PATBDK","HOMDEL","9",20484001,21997100,248,1513100,468,1,3,"1;2;3","1;2;3","ENSE00001833804;ENSE00003496053;ENSE00003529527",1,3,156,1,TRUE,FALSE,"whole_coding_sequence",TRUE,TRUE,TRUE,TRUE
"CNA_event_000249","PASWXB","HOMDEL","9",21914501,22008300,249,93800,468,1,3,"1;2;3","1;2;3","ENSE00001833804;ENSE00003496053;ENSE00003529527",1,3,156,1,TRUE,FALSE,"whole_coding_sequence",TRUE,TRUE,TRUE,TRUE
"CNA_event_000250","PASVIN","HOMDEL","9",21910401,22007600,250,97200,468,1,3,"1;2;3","1;2;3","ENSE00001833804;ENSE00003496053;ENSE00003529527",1,3,156,1,TRUE,FALSE,"whole_coding_sequence",TRUE,TRUE,TRUE,TRUE
"CNA_event_000251","PARVMR","HOMDEL","9",21029501,23362800,251,2333300,468,1,3,"1;2;3","1;2;3","ENSE00001833804;ENSE00003496053;ENSE00003529527",1,3,156,1,TRUE,FALSE,"whole_coding_sequence",TRUE,TRUE,TRUE,TRUE
"CNA_event_000252","PARPUL","HOMDEL","9",21931901,22281900,252,350000,468,1,3,"1;2;3","1;2;3","ENSE00001833804;ENSE00003496053;ENSE00003529527",1,3,156,1,TRUE,FALSE,"whole_coding_sequence",TRUE,TRUE,TRUE,TRUE
"CNA_event_000253","PARLIB","HOMDEL","9",21783201,22496500,253,713300,468,1,3,"1;2;3","1;2;3","ENSE00001833804;ENSE00003496053;ENSE00003529527",1,3,156,1,TRUE,FALSE,"whole_coding_sequence",TRUE,TRUE,TRUE,TRUE
"CNA_event_000254","PAWLYX","HOMDEL","9",21974401,22027000,254,52600,150,0.320512820512821,1,"1","1","ENSE00001833804",1,1,50,0.320512820512821,TRUE,TRUE,"high_resolution_le_50pct",FALSE,FALSE,FALSE,FALSE
"CNA_event_000255","PAWLMP","HOMDEL","9",21955101,21993400,255,38300,468,1,3,"1;2;3","1;2;3","ENSE00001833804;ENSE00003496053;ENSE00003529527",1,3,156,1,TRUE,FALSE,"whole_coding_sequence",TRUE,TRUE,TRUE,TRUE
"CNA_event_000256","PAWLAE","HOMDEL","9",21827601,22008600,256,181000,468,1,3,"1;2;3","1;2;3","ENSE00001833804;ENSE00003496053;ENSE00003529527",1,3,156,1,TRUE,FALSE,"whole_coding_sequence",TRUE,TRUE,TRUE,TRUE
"CNA_event_000257","PAWJUJ","HOMDEL","9",21924501,22089800,257,165300,468,1,3,"1;2;3","1;2;3","ENSE00001833804;ENSE00003496053;ENSE00003529527",1,3,156,1,TRUE,FALSE,"whole_coding_sequence",TRUE,TRUE,TRUE,TRUE
"CNA_event_000258","PAWJKX","HOMDEL","9",21947401,21973400,258,26000,318,0.67948717948718,2,"2;3","2;3","ENSE00003496053;ENSE00003529527",2,3,106,0.67948717948718,TRUE,TRUE,"moderate_resolution_50_75pct",TRUE,FALSE,FALSE,FALSE
"CNA_event_000260","PAWISF","HOMDEL","9",21845301,23362800,260,1517500,468,1,3,"1;2;3","1;2;3","ENSE00001833804;ENSE00003496053;ENSE00003529527",1,3,156,1,TRUE,FALSE,"whole_coding_sequence",TRUE,TRUE,TRUE,TRUE
"CNA_event_000261","PAWIRR","HOMDEL","9",21937801,21993800,261,56000,468,1,3,"1;2;3","1;2;3","ENSE00001833804;ENSE00003496053;ENSE00003529527",1,3,156,1,TRUE,FALSE,"whole_coding_sequence",TRUE,TRUE,TRUE,TRUE
"CNA_event_000262","PAWIPN","HOMDEL","9",21563001,23362800,262,1799800,468,1,3,"1;2;3","1;2;3","ENSE00001833804;ENSE00003496053;ENSE00003529527",1,3,156,1,TRUE,FALSE,"whole_coding_sequence",TRUE,TRUE,TRUE,TRUE
"CNA_event_000263","PAWHRW","HOMDEL","9",21305201,22258400,263,953200,468,1,3,"1;2;3","1;2;3","ENSE00001833804;ENSE00003496053;ENSE00003529527",1,3,156,1,TRUE,FALSE,"whole_coding_sequence",TRUE,TRUE,TRUE,TRUE
"CNA_event_000264","PAWHHG","HOMDEL","9",19450001,22996800,264,3546800,468,1,3,"1;2;3","1;2;3","ENSE00001833804;ENSE00003496053;ENSE00003529527",1,3,156,1,TRUE,FALSE,"whole_coding_sequence",TRUE,TRUE,TRUE,TRUE
"CNA_event_000265","PAWGYX","HOMDEL","9",21325801,23827300,265,2501500,468,1,3,"1;2;3","1;2;3","ENSE00001833804;ENSE00003496053;ENSE00003529527",1,3,156,1,TRUE,FALSE,"whole_coding_sequence",TRUE,TRUE,TRUE,TRUE
"CNA_event_000266","PAWGXM","HOMDEL","9",21968901,22205700,266,236800,457,0.976495726495726,2,"1;2","1;2","ENSE00001833804;ENSE00003496053",1,2,153,0.980769230769231,TRUE,TRUE,"very_low_resolution_90_lt_100pct",TRUE,TRUE,TRUE,FALSE
"CNA_event_000267","PAWGWC","HOMDEL","9",21144601,22165600,267,1021000,468,1,3,"1;2;3","1;2;3","ENSE00001833804;ENSE00003496053;ENSE00003529527",1,3,156,1,TRUE,FALSE,"whole_coding_sequence",TRUE,TRUE,TRUE,TRUE
"CNA_event_000268","PAWGIT","HOMDEL","9",21918401,21993500,268,75100,468,1,3,"1;2;3","1;2;3","ENSE00001833804;ENSE00003496053;ENSE00003529527",1,3,156,1,TRUE,FALSE,"whole_coding_sequence",TRUE,TRUE,TRUE,TRUE
"CNA_event_000270","PAWGHK","HOMDEL","9",21919401,21972200,270,52800,318,0.67948717948718,2,"2;3","2;3","ENSE00003496053;ENSE00003529527",2,3,106,0.67948717948718,TRUE,TRUE,"moderate_resolution_50_75pct",TRUE,FALSE,FALSE,FALSE
"CNA_event_000271","PAWFNJ","HOMDEL","9",21937901,21993800,271,55900,468,1,3,"1;2;3","1;2;3","ENSE00001833804;ENSE00003496053;ENSE00003529527",1,3,156,1,TRUE,FALSE,"whole_coding_sequence",TRUE,TRUE,TRUE,TRUE
"CNA_event_000272","PAWETD","HOMDEL","9",21129301,22496500,272,1367200,468,1,3,"1;2;3","1;2;3","ENSE00001833804;ENSE00003496053;ENSE00003529527",1,3,156,1,TRUE,FALSE,"whole_coding_sequence",TRUE,TRUE,TRUE,TRUE
"CNA_event_000273","PAWEGE","HOMDEL","9",21951001,23168400,273,1217400,468,1,3,"1;2;3","1;2;3","ENSE00001833804;ENSE00003496053;ENSE00003529527",1,3,156,1,TRUE,FALSE,"whole_coding_sequence",TRUE,TRUE,TRUE,TRUE
"CNA_event_000274","PAWDWJ","HOMDEL","9",21893301,22008300,274,115000,468,1,3,"1;2;3","1;2;3","ENSE00001833804;ENSE00003496053;ENSE00003529527",1,3,156,1,TRUE,FALSE,"whole_coding_sequence",TRUE,TRUE,TRUE,TRUE
"CNA_event_000275","PAWDSJ","HOMDEL","9",21828401,21993900,275,165500,468,1,3,"1;2;3","1;2;3","ENSE00001833804;ENSE00003496053;ENSE00003529527",1,3,156,1,TRUE,FALSE,"whole_coding_sequence",TRUE,TRUE,TRUE,TRUE
"CNA_event_000276","PAWDMI","HOMDEL","9",21832201,21993800,276,161600,468,1,3,"1;2;3","1;2;3","ENSE00001833804;ENSE00003496053;ENSE00003529527",1,3,156,1,TRUE,FALSE,"whole_coding_sequence",TRUE,TRUE,TRUE,TRUE
"CNA_event_000277","PAWBTV","HOMDEL","9",21894301,21993800,277,99500,468,1,3,"1;2;3","1;2;3","ENSE00001833804;ENSE00003496053;ENSE00003529527",1,3,156,1,TRUE,FALSE,"whole_coding_sequence",TRUE,TRUE,TRUE,TRUE
"CNA_event_000278","PAWAKA","HOMDEL","9",21806301,22009800,278,203500,468,1,3,"1;2;3","1;2;3","ENSE00001833804;ENSE00003496053;ENSE00003529527",1,3,156,1,TRUE,FALSE,"whole_coding_sequence",TRUE,TRUE,TRUE,TRUE
"CNA_event_000279","PAWAII","HOMDEL","9",21803101,22008300,279,205200,468,1,3,"1;2;3","1;2;3","ENSE00001833804;ENSE00003496053;ENSE00003529527",1,3,156,1,TRUE,FALSE,"whole_coding_sequence",TRUE,TRUE,TRUE,TRUE
"CNA_event_000280","PAVZCF","HOMDEL","9",21827701,22008500,280,180800,468,1,3,"1;2;3","1;2;3","ENSE00001833804;ENSE00003496053;ENSE00003529527",1,3,156,1,TRUE,FALSE,"whole_coding_sequence",TRUE,TRUE,TRUE,TRUE
"CNA_event_000281","PAVYAZ","HOMDEL","9",21218201,22593900,281,1375700,468,1,3,"1;2;3","1;2;3","ENSE00001833804;ENSE00003496053;ENSE00003529527",1,3,156,1,TRUE,FALSE,"whole_coding_sequence",TRUE,TRUE,TRUE,TRUE
"CNA_event_000282","PAVXWR","HOMDEL","9",21957501,21974400,282,16900,318,0.67948717948718,2,"2;3","2;3","ENSE00003496053;ENSE00003529527",2,3,106,0.67948717948718,TRUE,TRUE,"moderate_resolution_50_75pct",TRUE,FALSE,FALSE,FALSE
"CNA_event_000283","PAVXTB","HOMDEL","9",21825601,21994200,283,168600,468,1,3,"1;2;3","1;2;3","ENSE00001833804;ENSE00003496053;ENSE00003529527",1,3,156,1,TRUE,FALSE,"whole_coding_sequence",TRUE,TRUE,TRUE,TRUE
"CNA_event_000284","PAVXPT","HOMDEL","9",21716601,22496000,284,779400,468,1,3,"1;2;3","1;2;3","ENSE00001833804;ENSE00003496053;ENSE00003529527",1,3,156,1,TRUE,FALSE,"whole_coding_sequence",TRUE,TRUE,TRUE,TRUE
"CNA_event_000286","PAVWWF","HOMDEL","9",21955101,21993600,286,38500,468,1,3,"1;2;3","1;2;3","ENSE00001833804;ENSE00003496053;ENSE00003529527",1,3,156,1,TRUE,FALSE,"whole_coding_sequence",TRUE,TRUE,TRUE,TRUE
"CNA_event_000288","PAVWUC","HOMDEL","9",21971401,22011000,288,39600,150,0.320512820512821,1,"1","1","ENSE00001833804",1,1,50,0.320512820512821,TRUE,TRUE,"high_resolution_le_50pct",FALSE,FALSE,FALSE,FALSE
"CNA_event_000289","PAVWDF","HOMDEL","9",21792901,22007300,289,214400,468,1,3,"1;2;3","1;2;3","ENSE00001833804;ENSE00003496053;ENSE00003529527",1,3,156,1,TRUE,FALSE,"whole_coding_sequence",TRUE,TRUE,TRUE,TRUE
"CNA_event_000290","PAVWDA","HOMDEL","9",21697601,22133000,290,435400,468,1,3,"1;2;3","1;2;3","ENSE00001833804;ENSE00003496053;ENSE00003529527",1,3,156,1,TRUE,FALSE,"whole_coding_sequence",TRUE,TRUE,TRUE,TRUE
"CNA_event_000291","PAVUVZ","HOMDEL","9",21042901,22496500,291,1453600,468,1,3,"1;2;3","1;2;3","ENSE00001833804;ENSE00003496053;ENSE00003529527",1,3,156,1,TRUE,FALSE,"whole_coding_sequence",TRUE,TRUE,TRUE,TRUE
"CNA_event_000292","PAVUSY","HOMDEL","9",21900201,22011200,292,111000,468,1,3,"1;2;3","1;2;3","ENSE00001833804;ENSE00003496053;ENSE00003529527",1,3,156,1,TRUE,FALSE,"whole_coding_sequence",TRUE,TRUE,TRUE,TRUE
"CNA_event_000293","PAVTCA","HOMDEL","9",21778901,22168200,293,389300,468,1,3,"1;2;3","1;2;3","ENSE00001833804;ENSE00003496053;ENSE00003529527",1,3,156,1,TRUE,FALSE,"whole_coding_sequence",TRUE,TRUE,TRUE,TRUE
"CNA_event_000294","PAVRXK","HOMDEL","9",21707801,22496600,294,788800,468,1,3,"1;2;3","1;2;3","ENSE00001833804;ENSE00003496053;ENSE00003529527",1,3,156,1,TRUE,FALSE,"whole_coding_sequence",TRUE,TRUE,TRUE,TRUE
"CNA_event_000295","PAVRAP","HOMDEL","9",21493801,23360200,295,1866400,468,1,3,"1;2;3","1;2;3","ENSE00001833804;ENSE00003496053;ENSE00003529527",1,3,156,1,TRUE,FALSE,"whole_coding_sequence",TRUE,TRUE,TRUE,TRUE
"CNA_event_000296","PAVPLJ","HOMDEL","9",21818101,24318400,296,2500300,468,1,3,"1;2;3","1;2;3","ENSE00001833804;ENSE00003496053;ENSE00003529527",1,3,156,1,TRUE,FALSE,"whole_coding_sequence",TRUE,TRUE,TRUE,TRUE
"CNA_event_000297","PAVPGA","HOMDEL","9",21931901,21993800,297,61900,468,1,3,"1;2;3","1;2;3","ENSE00001833804;ENSE00003496053;ENSE00003529527",1,3,156,1,TRUE,FALSE,"whole_coding_sequence",TRUE,TRUE,TRUE,TRUE
"CNA_event_000298","PAVNKZ","HOMDEL","9",21876501,22820700,298,944200,468,1,3,"1;2;3","1;2;3","ENSE00001833804;ENSE00003496053;ENSE00003529527",1,3,156,1,TRUE,FALSE,"whole_coding_sequence",TRUE,TRUE,TRUE,TRUE
"CNA_event_000299","PAVMZJ","HOMDEL","9",21893301,21975100,299,81800,468,1,3,"1;2;3","1;2;3","ENSE00001833804;ENSE00003496053;ENSE00003529527",1,3,156,1,TRUE,FALSE,"whole_coding_sequence",TRUE,TRUE,TRUE,TRUE
"CNA_event_000300","PAVMPB","HOMDEL","9",21774601,22103000,300,328400,468,1,3,"1;2;3","1;2;3","ENSE00001833804;ENSE00003496053;ENSE00003529527",1,3,156,1,TRUE,FALSE,"whole_coding_sequence",TRUE,TRUE,TRUE,TRUE
"CNA_event_000301","PAVLMY","HOMDEL","9",21883501,21993800,301,110300,468,1,3,"1;2;3","1;2;3","ENSE00001833804;ENSE00003496053;ENSE00003529527",1,3,156,1,TRUE,FALSE,"whole_coding_sequence",TRUE,TRUE,TRUE,TRUE
"CNA_event_000303","PAVKWV","HOMDEL","9",21579001,21994200,303,415200,468,1,3,"1;2;3","1;2;3","ENSE00001833804;ENSE00003496053;ENSE00003529527",1,3,156,1,TRUE,FALSE,"whole_coding_sequence",TRUE,TRUE,TRUE,TRUE
"CNA_event_000304","PAVKJU","HOMDEL","9",21958401,23199300,304,1240900,468,1,3,"1;2;3","1;2;3","ENSE00001833804;ENSE00003496053;ENSE00003529527",1,3,156,1,TRUE,FALSE,"whole_coding_sequence",TRUE,TRUE,TRUE,TRUE
"CNA_event_000305","PAVKCV","HOMDEL","9",21825601,21993800,305,168200,468,1,3,"1;2;3","1;2;3","ENSE00001833804;ENSE00003496053;ENSE00003529527",1,3,156,1,TRUE,FALSE,"whole_coding_sequence",TRUE,TRUE,TRUE,TRUE
"CNA_event_000306","PAVJBF","HOMDEL","9",21637801,25524000,306,3886200,468,1,3,"1;2;3","1;2;3","ENSE00001833804;ENSE00003496053;ENSE00003529527",1,3,156,1,TRUE,FALSE,"whole_coding_sequence",TRUE,TRUE,TRUE,TRUE
"CNA_event_000307","PAVIDN","HOMDEL","9",21840401,21987500,307,147100,468,1,3,"1;2;3","1;2;3","ENSE00001833804;ENSE00003496053;ENSE00003529527",1,3,156,1,TRUE,FALSE,"whole_coding_sequence",TRUE,TRUE,TRUE,TRUE
"CNA_event_000308","PAVHBL","HOMDEL","9",21759801,21980600,308,220800,468,1,3,"1;2;3","1;2;3","ENSE00001833804;ENSE00003496053;ENSE00003529527",1,3,156,1,TRUE,FALSE,"whole_coding_sequence",TRUE,TRUE,TRUE,TRUE
"CNA_event_000309","PAVHBC","HOMDEL","9",21953001,22066600,309,113600,468,1,3,"1;2;3","1;2;3","ENSE00001833804;ENSE00003496053;ENSE00003529527",1,3,156,1,TRUE,FALSE,"whole_coding_sequence",TRUE,TRUE,TRUE,TRUE
"CNA_event_000310","PAVGMF","HOMDEL","9",21793401,21993800,310,200400,468,1,3,"1;2;3","1;2;3","ENSE00001833804;ENSE00003496053;ENSE00003529527",1,3,156,1,TRUE,FALSE,"whole_coding_sequence",TRUE,TRUE,TRUE,TRUE
"CNA_event_000311","PAVESF","HOMDEL","9",21914501,21991500,311,77000,468,1,3,"1;2;3","1;2;3","ENSE00001833804;ENSE00003496053;ENSE00003529527",1,3,156,1,TRUE,FALSE,"whole_coding_sequence",TRUE,TRUE,TRUE,TRUE
"CNA_event_000312","PAVDJU","HOMDEL","9",21728601,22305100,312,576500,468,1,3,"1;2;3","1;2;3","ENSE00001833804;ENSE00003496053;ENSE00003529527",1,3,156,1,TRUE,FALSE,"whole_coding_sequence",TRUE,TRUE,TRUE,TRUE
"CNA_event_000313","PAVDEB","HOMDEL","9",21802301,21988800,313,186500,468,1,3,"1;2;3","1;2;3","ENSE00001833804;ENSE00003496053;ENSE00003529527",1,3,156,1,TRUE,FALSE,"whole_coding_sequence",TRUE,TRUE,TRUE,TRUE
"CNA_event_000314","PAVCYV","HOMDEL","9",21858601,22003500,314,144900,468,1,3,"1;2;3","1;2;3","ENSE00001833804;ENSE00003496053;ENSE00003529527",1,3,156,1,TRUE,FALSE,"whole_coding_sequence",TRUE,TRUE,TRUE,TRUE
"CNA_event_000315","PAVCRK","HOMDEL","9",19862501,23691000,315,3828500,468,1,3,"1;2;3","1;2;3","ENSE00001833804;ENSE00003496053;ENSE00003529527",1,3,156,1,TRUE,FALSE,"whole_coding_sequence",TRUE,TRUE,TRUE,TRUE
"CNA_event_000316","PAVBFC","HOMDEL","9",21767301,22028600,316,261300,468,1,3,"1;2;3","1;2;3","ENSE00001833804;ENSE00003496053;ENSE00003529527",1,3,156,1,TRUE,FALSE,"whole_coding_sequence",TRUE,TRUE,TRUE,TRUE
"CNA_event_000317","PAVAIR","HOMDEL","9",21809801,22058800,317,249000,468,1,3,"1;2;3","1;2;3","ENSE00001833804;ENSE00003496053;ENSE00003529527",1,3,156,1,TRUE,FALSE,"whole_coding_sequence",TRUE,TRUE,TRUE,TRUE
"CNA_event_000319","PAUZHK","HOMDEL","9",21415201,21983200,319,568000,468,1,3,"1;2;3","1;2;3","ENSE00001833804;ENSE00003496053;ENSE00003529527",1,3,156,1,TRUE,FALSE,"whole_coding_sequence",TRUE,TRUE,TRUE,TRUE
"CNA_event_000320","PAUYSV","HOMDEL","9",21943901,21993800,320,49900,468,1,3,"1;2;3","1;2;3","ENSE00001833804;ENSE00003496053;ENSE00003529527",1,3,156,1,TRUE,FALSE,"whole_coding_sequence",TRUE,TRUE,TRUE,TRUE
"CNA_event_000321","PAUXZN","HOMDEL","9",21870001,22014600,321,144600,468,1,3,"1;2;3","1;2;3","ENSE00001833804;ENSE00003496053;ENSE00003529527",1,3,156,1,TRUE,FALSE,"whole_coding_sequence",TRUE,TRUE,TRUE,TRUE
"CNA_event_000322","PAUXRM","HOMDEL","9",21903101,22021700,322,118600,468,1,3,"1;2;3","1;2;3","ENSE00001833804;ENSE00003496053;ENSE00003529527",1,3,156,1,TRUE,FALSE,"whole_coding_sequence",TRUE,TRUE,TRUE,TRUE
"CNA_event_000323","PAUXKE","HOMDEL","9",21828301,21993800,323,165500,468,1,3,"1;2;3","1;2;3","ENSE00001833804;ENSE00003496053;ENSE00003529527",1,3,156,1,TRUE,FALSE,"whole_coding_sequence",TRUE,TRUE,TRUE,TRUE
"CNA_event_000324","PAUXAI","HOMDEL","9",21793201,21993800,324,200600,468,1,3,"1;2;3","1;2;3","ENSE00001833804;ENSE00003496053;ENSE00003529527",1,3,156,1,TRUE,FALSE,"whole_coding_sequence",TRUE,TRUE,TRUE,TRUE
"CNA_event_000325","PAUWXI","HOMDEL","9",21045801,23583000,325,2537200,468,1,3,"1;2;3","1;2;3","ENSE00001833804;ENSE00003496053;ENSE00003529527",1,3,156,1,TRUE,FALSE,"whole_coding_sequence",TRUE,TRUE,TRUE,TRUE
"CNA_event_000326","PAUWUY","HOMDEL","9",21902501,24778700,326,2876200,468,1,3,"1;2;3","1;2;3","ENSE00001833804;ENSE00003496053;ENSE00003529527",1,3,156,1,TRUE,FALSE,"whole_coding_sequence",TRUE,TRUE,TRUE,TRUE
"CNA_event_000327","PAUWMZ","HOMDEL","9",20327101,22238900,327,1911800,468,1,3,"1;2;3","1;2;3","ENSE00001833804;ENSE00003496053;ENSE00003529527",1,3,156,1,TRUE,FALSE,"whole_coding_sequence",TRUE,TRUE,TRUE,TRUE
"CNA_event_000328","PAUVTP","HOMDEL","9",21966101,21979200,328,13100,468,1,3,"1;2;3","1;2;3","ENSE00001833804;ENSE00003496053;ENSE00003529527",1,3,156,1,TRUE,FALSE,"whole_coding_sequence",TRUE,TRUE,TRUE,TRUE
"CNA_event_000329","PAUVSC","HOMDEL","9",20652801,23250300,329,2597500,468,1,3,"1;2;3","1;2;3","ENSE00001833804;ENSE00003496053;ENSE00003529527",1,3,156,1,TRUE,FALSE,"whole_coding_sequence",TRUE,TRUE,TRUE,TRUE
"CNA_event_000330","PAUVAJ","HOMDEL","9",21085501,22216200,330,1130700,468,1,3,"1;2;3","1;2;3","ENSE00001833804;ENSE00003496053;ENSE00003529527",1,3,156,1,TRUE,FALSE,"whole_coding_sequence",TRUE,TRUE,TRUE,TRUE
"CNA_event_000331","PAUUAL","HOMDEL","9",20834401,22496400,331,1662000,468,1,3,"1;2;3","1;2;3","ENSE00001833804;ENSE00003496053;ENSE00003529527",1,3,156,1,TRUE,FALSE,"whole_coding_sequence",TRUE,TRUE,TRUE,TRUE
"CNA_event_000333","PAUTBD","HOMDEL","9",21825501,21994000,333,168500,468,1,3,"1;2;3","1;2;3","ENSE00001833804;ENSE00003496053;ENSE00003529527",1,3,156,1,TRUE,FALSE,"whole_coding_sequence",TRUE,TRUE,TRUE,TRUE
"CNA_event_000334","PAUSPZ","HOMDEL","9",21949001,21993400,334,44400,468,1,3,"1;2;3","1;2;3","ENSE00001833804;ENSE00003496053;ENSE00003529527",1,3,156,1,TRUE,FALSE,"whole_coding_sequence",TRUE,TRUE,TRUE,TRUE
"CNA_event_000335","PAUSIS","HOMDEL","9",21966601,21991500,335,24900,468,1,3,"1;2;3","1;2;3","ENSE00001833804;ENSE00003496053;ENSE00003529527",1,3,156,1,TRUE,FALSE,"whole_coding_sequence",TRUE,TRUE,TRUE,TRUE
"CNA_event_000336","PAURSX","HOMDEL","9",21793001,21993800,336,200800,468,1,3,"1;2;3","1;2;3","ENSE00001833804;ENSE00003496053;ENSE00003529527",1,3,156,1,TRUE,FALSE,"whole_coding_sequence",TRUE,TRUE,TRUE,TRUE
"CNA_event_000337","PAURLU","HOMDEL","9",21833901,21993800,337,159900,468,1,3,"1;2;3","1;2;3","ENSE00001833804;ENSE00003496053;ENSE00003529527",1,3,156,1,TRUE,FALSE,"whole_coding_sequence",TRUE,TRUE,TRUE,TRUE
"CNA_event_000338","PAUMKL","HOMDEL","9",21736201,22496500,338,760300,468,1,3,"1;2;3","1;2;3","ENSE00001833804;ENSE00003496053;ENSE00003529527",1,3,156,1,TRUE,FALSE,"whole_coding_sequence",TRUE,TRUE,TRUE,TRUE
"CNA_event_000339","PAULZF","HOMDEL","9",21914501,22008300,339,93800,468,1,3,"1;2;3","1;2;3","ENSE00001833804;ENSE00003496053;ENSE00003529527",1,3,156,1,TRUE,FALSE,"whole_coding_sequence",TRUE,TRUE,TRUE,TRUE
"CNA_event_000340","PAULGX","HOMDEL","9",21825701,21990200,340,164500,468,1,3,"1;2;3","1;2;3","ENSE00001833804;ENSE00003496053;ENSE00003529527",1,3,156,1,TRUE,FALSE,"whole_coding_sequence",TRUE,TRUE,TRUE,TRUE
"CNA_event_000342","PAULGR","HOMDEL","9",21825601,21993800,342,168200,468,1,3,"1;2;3","1;2;3","ENSE00001833804;ENSE00003496053;ENSE00003529527",1,3,156,1,TRUE,FALSE,"whole_coding_sequence",TRUE,TRUE,TRUE,TRUE
"CNA_event_000343","PAUJXZ","HOMDEL","9",21955201,21993800,343,38600,468,1,3,"1;2;3","1;2;3","ENSE00001833804;ENSE00003496053;ENSE00003529527",1,3,156,1,TRUE,FALSE,"whole_coding_sequence",TRUE,TRUE,TRUE,TRUE
"CNA_event_000344","PAUIMK","HOMDEL","9",21829201,21993800,344,164600,468,1,3,"1;2;3","1;2;3","ENSE00001833804;ENSE00003496053;ENSE00003529527",1,3,156,1,TRUE,FALSE,"whole_coding_sequence",TRUE,TRUE,TRUE,TRUE
"CNA_event_000345","PAUIFA","HOMDEL","9",21962101,21988000,345,25900,468,1,3,"1;2;3","1;2;3","ENSE00001833804;ENSE00003496053;ENSE00003529527",1,3,156,1,TRUE,FALSE,"whole_coding_sequence",TRUE,TRUE,TRUE,TRUE
"CNA_event_000346","PAUIEM","HOMDEL","9",21944001,21993800,346,49800,468,1,3,"1;2;3","1;2;3","ENSE00001833804;ENSE00003496053;ENSE00003529527",1,3,156,1,TRUE,FALSE,"whole_coding_sequence",TRUE,TRUE,TRUE,TRUE
"CNA_event_000347","PAUHYI","HOMDEL","9",21334601,22129000,347,794400,468,1,3,"1;2;3","1;2;3","ENSE00001833804;ENSE00003496053;ENSE00003529527",1,3,156,1,TRUE,FALSE,"whole_coding_sequence",TRUE,TRUE,TRUE,TRUE
"CNA_event_000348","PAUHPC","HOMDEL","9",21803001,22008300,348,205300,468,1,3,"1;2;3","1;2;3","ENSE00001833804;ENSE00003496053;ENSE00003529527",1,3,156,1,TRUE,FALSE,"whole_coding_sequence",TRUE,TRUE,TRUE,TRUE
"CNA_event_000350","PAUGTY","HOMDEL","9",21848401,23362800,350,1514400,468,1,3,"1;2;3","1;2;3","ENSE00001833804;ENSE00003496053;ENSE00003529527",1,3,156,1,TRUE,FALSE,"whole_coding_sequence",TRUE,TRUE,TRUE,TRUE
"CNA_event_000351","PAUGPY","HOMDEL","9",21663601,22495800,351,832200,468,1,3,"1;2;3","1;2;3","ENSE00001833804;ENSE00003496053;ENSE00003529527",1,3,156,1,TRUE,FALSE,"whole_coding_sequence",TRUE,TRUE,TRUE,TRUE
"CNA_event_000352","PAUGLY","HOMDEL","9",21835201,22056000,352,220800,468,1,3,"1;2;3","1;2;3","ENSE00001833804;ENSE00003496053;ENSE00003529527",1,3,156,1,TRUE,FALSE,"whole_coding_sequence",TRUE,TRUE,TRUE,TRUE
"CNA_event_000353","PAUGLK","HOMDEL","9",21824001,22049300,353,225300,468,1,3,"1;2;3","1;2;3","ENSE00001833804;ENSE00003496053;ENSE00003529527",1,3,156,1,TRUE,FALSE,"whole_coding_sequence",TRUE,TRUE,TRUE,TRUE
"CNA_event_000354","PAUGDZ","HOMDEL","9",21966601,21991600,354,25000,468,1,3,"1;2;3","1;2;3","ENSE00001833804;ENSE00003496053;ENSE00003529527",1,3,156,1,TRUE,FALSE,"whole_coding_sequence",TRUE,TRUE,TRUE,TRUE
"CNA_event_000355","PAUGAP","HOMDEL","9",21849601,22377500,355,527900,468,1,3,"1;2;3","1;2;3","ENSE00001833804;ENSE00003496053;ENSE00003529527",1,3,156,1,TRUE,FALSE,"whole_coding_sequence",TRUE,TRUE,TRUE,TRUE
"CNA_event_000356","PAUFFN","HOMDEL","9",21954901,21993000,356,38100,468,1,3,"1;2;3","1;2;3","ENSE00001833804;ENSE00003496053;ENSE00003529527",1,3,156,1,TRUE,FALSE,"whole_coding_sequence",TRUE,TRUE,TRUE,TRUE
"CNA_event_000357","PAUEUC","HOMDEL","9",21834501,22100000,357,265500,468,1,3,"1;2;3","1;2;3","ENSE00001833804;ENSE00003496053;ENSE00003529527",1,3,156,1,TRUE,FALSE,"whole_coding_sequence",TRUE,TRUE,TRUE,TRUE
"CNA_event_000358","PAUETF","HOMDEL","9",21872801,22496600,358,623800,468,1,3,"1;2;3","1;2;3","ENSE00001833804;ENSE00003496053;ENSE00003529527",1,3,156,1,TRUE,FALSE,"whole_coding_sequence",TRUE,TRUE,TRUE,TRUE
"CNA_event_000359","PAUEJV","HOMDEL","9",21960801,21993800,359,33000,468,1,3,"1;2;3","1;2;3","ENSE00001833804;ENSE00003496053;ENSE00003529527",1,3,156,1,TRUE,FALSE,"whole_coding_sequence",TRUE,TRUE,TRUE,TRUE
"CNA_event_000360","PAUDPH","HOMDEL","9",21885901,22058500,360,172600,468,1,3,"1;2;3","1;2;3","ENSE00001833804;ENSE00003496053;ENSE00003529527",1,3,156,1,TRUE,FALSE,"whole_coding_sequence",TRUE,TRUE,TRUE,TRUE
"CNA_event_000361","PAUCRG","HOMDEL","9",21966501,22046400,361,79900,468,1,3,"1;2;3","1;2;3","ENSE00001833804;ENSE00003496053;ENSE00003529527",1,3,156,1,TRUE,FALSE,"whole_coding_sequence",TRUE,TRUE,TRUE,TRUE
"CNA_event_000363","PAUBCB","HOMDEL","9",21955201,21993800,363,38600,468,1,3,"1;2;3","1;2;3","ENSE00001833804;ENSE00003496053;ENSE00003529527",1,3,156,1,TRUE,FALSE,"whole_coding_sequence",TRUE,TRUE,TRUE,TRUE
"CNA_event_000364","PAUBBJ","HOMDEL","9",21214501,23362800,364,2148300,468,1,3,"1;2;3","1;2;3","ENSE00001833804;ENSE00003496053;ENSE00003529527",1,3,156,1,TRUE,FALSE,"whole_coding_sequence",TRUE,TRUE,TRUE,TRUE
"CNA_event_000365","PAUAZV","HOMDEL","9",21828301,21993800,365,165500,468,1,3,"1;2;3","1;2;3","ENSE00001833804;ENSE00003496053;ENSE00003529527",1,3,156,1,TRUE,FALSE,"whole_coding_sequence",TRUE,TRUE,TRUE,TRUE
"CNA_event_000366","PAUAIZ","HOMDEL","9",21888101,22006700,366,118600,468,1,3,"1;2;3","1;2;3","ENSE00001833804;ENSE00003496053;ENSE00003529527",1,3,156,1,TRUE,FALSE,"whole_coding_sequence",TRUE,TRUE,TRUE,TRUE
"CNA_event_000367","PAUAFN","HOMDEL","9",21169201,22496400,367,1327200,468,1,3,"1;2;3","1;2;3","ENSE00001833804;ENSE00003496053;ENSE00003529527",1,3,156,1,TRUE,FALSE,"whole_coding_sequence",TRUE,TRUE,TRUE,TRUE
"CNA_event_000369","PATZST","HOMDEL","9",19970701,22426600,369,2455900,468,1,3,"1;2;3","1;2;3","ENSE00001833804;ENSE00003496053;ENSE00003529527",1,3,156,1,TRUE,FALSE,"whole_coding_sequence",TRUE,TRUE,TRUE,TRUE
"CNA_event_000370","PATZSL","HOMDEL","9",21826801,21994400,370,167600,468,1,3,"1;2;3","1;2;3","ENSE00001833804;ENSE00003496053;ENSE00003529527",1,3,156,1,TRUE,FALSE,"whole_coding_sequence",TRUE,TRUE,TRUE,TRUE
"CNA_event_000371","PATYMP","HOMDEL","9",21878301,22196600,371,318300,468,1,3,"1;2;3","1;2;3","ENSE00001833804;ENSE00003496053;ENSE00003529527",1,3,156,1,TRUE,FALSE,"whole_coding_sequence",TRUE,TRUE,TRUE,TRUE
"CNA_event_000372","PATWXC","HOMDEL","9",21793101,21993800,372,200700,468,1,3,"1;2;3","1;2;3","ENSE00001833804;ENSE00003496053;ENSE00003529527",1,3,156,1,TRUE,FALSE,"whole_coding_sequence",TRUE,TRUE,TRUE,TRUE
"CNA_event_000373","PATVDU","HOMDEL","9",21892301,21993800,373,101500,468,1,3,"1;2;3","1;2;3","ENSE00001833804;ENSE00003496053;ENSE00003529527",1,3,156,1,TRUE,FALSE,"whole_coding_sequence",TRUE,TRUE,TRUE,TRUE
"CNA_event_000374","PATUDM","HOMDEL","9",21825601,21994100,374,168500,468,1,3,"1;2;3","1;2;3","ENSE00001833804;ENSE00003496053;ENSE00003529527",1,3,156,1,TRUE,FALSE,"whole_coding_sequence",TRUE,TRUE,TRUE,TRUE
"CNA_event_000375","PATSPG","HOMDEL","9",21630901,23362800,375,1731900,468,1,3,"1;2;3","1;2;3","ENSE00001833804;ENSE00003496053;ENSE00003529527",1,3,156,1,TRUE,FALSE,"whole_coding_sequence",TRUE,TRUE,TRUE,TRUE
"CNA_event_000376","PATSDS","HOMDEL","9",21825601,21993800,376,168200,468,1,3,"1;2;3","1;2;3","ENSE00001833804;ENSE00003496053;ENSE00003529527",1,3,156,1,TRUE,FALSE,"whole_coding_sequence",TRUE,TRUE,TRUE,TRUE
"CNA_event_000377","PATRNA","HOMDEL","9",21895601,22014100,377,118500,468,1,3,"1;2;3","1;2;3","ENSE00001833804;ENSE00003496053;ENSE00003529527",1,3,156,1,TRUE,FALSE,"whole_coding_sequence",TRUE,TRUE,TRUE,TRUE
"CNA_event_000378","PATRGV","HOMDEL","9",21384901,22217100,378,832200,468,1,3,"1;2;3","1;2;3","ENSE00001833804;ENSE00003496053;ENSE00003529527",1,3,156,1,TRUE,FALSE,"whole_coding_sequence",TRUE,TRUE,TRUE,TRUE
"CNA_event_000379","PATPDA","HOMDEL","9",21950701,21969700,379,19000,11,0.0235042735042735,1,"3","3","ENSE00003529527",3,3,4,0.0256410256410256,TRUE,TRUE,"high_resolution_le_50pct",FALSE,FALSE,FALSE,FALSE
"CNA_event_000380","PATMVH","HOMDEL","9",21951601,22448100,380,496500,468,1,3,"1;2;3","1;2;3","ENSE00001833804;ENSE00003496053;ENSE00003529527",1,3,156,1,TRUE,FALSE,"whole_coding_sequence",TRUE,TRUE,TRUE,TRUE
"CNA_event_000381","PATMCX","HOMDEL","9",21648901,23057800,381,1408900,468,1,3,"1;2;3","1;2;3","ENSE00001833804;ENSE00003496053;ENSE00003529527",1,3,156,1,TRUE,FALSE,"whole_coding_sequence",TRUE,TRUE,TRUE,TRUE
"CNA_event_000382","PATLRW","HOMDEL","9",21825501,21993800,382,168300,468,1,3,"1;2;3","1;2;3","ENSE00001833804;ENSE00003496053;ENSE00003529527",1,3,156,1,TRUE,FALSE,"whole_coding_sequence",TRUE,TRUE,TRUE,TRUE
"CNA_event_000383","PATLPN","HOMDEL","9",21946601,21992800,383,46200,468,1,3,"1;2;3","1;2;3","ENSE00001833804;ENSE00003496053;ENSE00003529527",1,3,156,1,TRUE,FALSE,"whole_coding_sequence",TRUE,TRUE,TRUE,TRUE
"CNA_event_000384","PATLLH","HOMDEL","9",21711401,22956500,384,1245100,468,1,3,"1;2;3","1;2;3","ENSE00001833804;ENSE00003496053;ENSE00003529527",1,3,156,1,TRUE,FALSE,"whole_coding_sequence",TRUE,TRUE,TRUE,TRUE
"CNA_event_000385","PATKVD","HOMDEL","9",21937901,21993400,385,55500,468,1,3,"1;2;3","1;2;3","ENSE00001833804;ENSE00003496053;ENSE00003529527",1,3,156,1,TRUE,FALSE,"whole_coding_sequence",TRUE,TRUE,TRUE,TRUE
"CNA_event_000386","PATJLY","HOMDEL","9",21855401,22033300,386,177900,468,1,3,"1;2;3","1;2;3","ENSE00001833804;ENSE00003496053;ENSE00003529527",1,3,156,1,TRUE,FALSE,"whole_coding_sequence",TRUE,TRUE,TRUE,TRUE
"CNA_event_000387","PATIHV","HOMDEL","9",21827701,21993800,387,166100,468,1,3,"1;2;3","1;2;3","ENSE00001833804;ENSE00003496053;ENSE00003529527",1,3,156,1,TRUE,FALSE,"whole_coding_sequence",TRUE,TRUE,TRUE,TRUE
"CNA_event_000388","PATHRF","HOMDEL","9",20956201,22036800,388,1080600,468,1,3,"1;2;3","1;2;3","ENSE00001833804;ENSE00003496053;ENSE00003529527",1,3,156,1,TRUE,FALSE,"whole_coding_sequence",TRUE,TRUE,TRUE,TRUE
"CNA_event_000389","PATGMP","HOMDEL","9",21885201,22002100,389,116900,468,1,3,"1;2;3","1;2;3","ENSE00001833804;ENSE00003496053;ENSE00003529527",1,3,156,1,TRUE,FALSE,"whole_coding_sequence",TRUE,TRUE,TRUE,TRUE
"CNA_event_000390","PATGKE","HOMDEL","9",21896301,22496300,390,600000,468,1,3,"1;2;3","1;2;3","ENSE00001833804;ENSE00003496053;ENSE00003529527",1,3,156,1,TRUE,FALSE,"whole_coding_sequence",TRUE,TRUE,TRUE,TRUE
"CNA_event_000391","PATFPU","HOMDEL","9",21857301,21993800,391,136500,468,1,3,"1;2;3","1;2;3","ENSE00001833804;ENSE00003496053;ENSE00003529527",1,3,156,1,TRUE,FALSE,"whole_coding_sequence",TRUE,TRUE,TRUE,TRUE
"CNA_event_000392","PATFJP","HOMDEL","9",21866101,22150100,392,284000,468,1,3,"1;2;3","1;2;3","ENSE00001833804;ENSE00003496053;ENSE00003529527",1,3,156,1,TRUE,FALSE,"whole_coding_sequence",TRUE,TRUE,TRUE,TRUE
"CNA_event_000393","PATEFF","HOMDEL","9",19542201,22496500,393,2954300,468,1,3,"1;2;3","1;2;3","ENSE00001833804;ENSE00003496053;ENSE00003529527",1,3,156,1,TRUE,FALSE,"whole_coding_sequence",TRUE,TRUE,TRUE,TRUE
"CNA_event_000394","PATEAK","HOMDEL","9",21941401,21996100,394,54700,468,1,3,"1;2;3","1;2;3","ENSE00001833804;ENSE00003496053;ENSE00003529527",1,3,156,1,TRUE,FALSE,"whole_coding_sequence",TRUE,TRUE,TRUE,TRUE
"CNA_event_000395","PATDTN","HOMDEL","9",21850201,22190800,395,340600,468,1,3,"1;2;3","1;2;3","ENSE00001833804;ENSE00003496053;ENSE00003529527",1,3,156,1,TRUE,FALSE,"whole_coding_sequence",TRUE,TRUE,TRUE,TRUE
"CNA_event_000396","PATDDZ","HOMDEL","9",21948901,21989400,396,40500,468,1,3,"1;2;3","1;2;3","ENSE00001833804;ENSE00003496053;ENSE00003529527",1,3,156,1,TRUE,FALSE,"whole_coding_sequence",TRUE,TRUE,TRUE,TRUE
"CNA_event_000398","PATDBC","HOMDEL","9",21909001,22081000,398,172000,468,1,3,"1;2;3","1;2;3","ENSE00001833804;ENSE00003496053;ENSE00003529527",1,3,156,1,TRUE,FALSE,"whole_coding_sequence",TRUE,TRUE,TRUE,TRUE
"CNA_event_000399","PATCZN","HOMDEL","9",21890301,22022700,399,132400,468,1,3,"1;2;3","1;2;3","ENSE00001833804;ENSE00003496053;ENSE00003529527",1,3,156,1,TRUE,FALSE,"whole_coding_sequence",TRUE,TRUE,TRUE,TRUE
"CNA_event_000400","PATCTR","HOMDEL","9",21109801,22402600,400,1292800,468,1,3,"1;2;3","1;2;3","ENSE00001833804;ENSE00003496053;ENSE00003529527",1,3,156,1,TRUE,FALSE,"whole_coding_sequence",TRUE,TRUE,TRUE,TRUE
"CNA_event_000401","PATBTX","HOMDEL","9",21825401,21993800,401,168400,468,1,3,"1;2;3","1;2;3","ENSE00001833804;ENSE00003496053;ENSE00003529527",1,3,156,1,TRUE,FALSE,"whole_coding_sequence",TRUE,TRUE,TRUE,TRUE
"CNA_event_000402","PATBPY","HOMDEL","9",21938401,22007900,402,69500,468,1,3,"1;2;3","1;2;3","ENSE00001833804;ENSE00003496053;ENSE00003529527",1,3,156,1,TRUE,FALSE,"whole_coding_sequence",TRUE,TRUE,TRUE,TRUE
"CNA_event_000403","PATBGH","HOMDEL","9",21762301,23193500,403,1431200,468,1,3,"1;2;3","1;2;3","ENSE00001833804;ENSE00003496053;ENSE00003529527",1,3,156,1,TRUE,FALSE,"whole_coding_sequence",TRUE,TRUE,TRUE,TRUE
"CNA_event_000404","PATATZ","HOMDEL","9",21676501,22496500,404,820000,468,1,3,"1;2;3","1;2;3","ENSE00001833804;ENSE00003496053;ENSE00003529527",1,3,156,1,TRUE,FALSE,"whole_coding_sequence",TRUE,TRUE,TRUE,TRUE
"CNA_event_000405","PASZTU","HOMDEL","9",21824001,22110900,405,286900,468,1,3,"1;2;3","1;2;3","ENSE00001833804;ENSE00003496053;ENSE00003529527",1,3,156,1,TRUE,FALSE,"whole_coding_sequence",TRUE,TRUE,TRUE,TRUE
"CNA_event_000406","PASZAY","HOMDEL","9",21793201,21993800,406,200600,468,1,3,"1;2;3","1;2;3","ENSE00001833804;ENSE00003496053;ENSE00003529527",1,3,156,1,TRUE,FALSE,"whole_coding_sequence",TRUE,TRUE,TRUE,TRUE
"CNA_event_000407","PASYWF","HOMDEL","9",21885801,22062700,407,176900,468,1,3,"1;2;3","1;2;3","ENSE00001833804;ENSE00003496053;ENSE00003529527",1,3,156,1,TRUE,FALSE,"whole_coding_sequence",TRUE,TRUE,TRUE,TRUE
"CNA_event_000408","PASYVU","HOMDEL","9",21893201,21993900,408,100700,468,1,3,"1;2;3","1;2;3","ENSE00001833804;ENSE00003496053;ENSE00003529527",1,3,156,1,TRUE,FALSE,"whole_coding_sequence",TRUE,TRUE,TRUE,TRUE
"CNA_event_000410","PASXUC","HOMDEL","9",21955401,22045200,410,89800,468,1,3,"1;2;3","1;2;3","ENSE00001833804;ENSE00003496053;ENSE00003529527",1,3,156,1,TRUE,FALSE,"whole_coding_sequence",TRUE,TRUE,TRUE,TRUE
"CNA_event_000411","PASXSI","HOMDEL","9",21943301,21976200,411,32900,468,1,3,"1;2;3","1;2;3","ENSE00001833804;ENSE00003496053;ENSE00003529527",1,3,156,1,TRUE,FALSE,"whole_coding_sequence",TRUE,TRUE,TRUE,TRUE
"CNA_event_000412","PASXMF","HOMDEL","9",21906101,22035500,412,129400,468,1,3,"1;2;3","1;2;3","ENSE00001833804;ENSE00003496053;ENSE00003529527",1,3,156,1,TRUE,FALSE,"whole_coding_sequence",TRUE,TRUE,TRUE,TRUE
"CNA_event_000413","PASWYU","HOMDEL","9",21877401,22023000,413,145600,468,1,3,"1;2;3","1;2;3","ENSE00001833804;ENSE00003496053;ENSE00003529527",1,3,156,1,TRUE,FALSE,"whole_coding_sequence",TRUE,TRUE,TRUE,TRUE
"CNA_event_000414","PASWED","HOMDEL","9",21922501,21993800,414,71300,468,1,3,"1;2;3","1;2;3","ENSE00001833804;ENSE00003496053;ENSE00003529527",1,3,156,1,TRUE,FALSE,"whole_coding_sequence",TRUE,TRUE,TRUE,TRUE
"CNA_event_000415","PASWBJ","HOMDEL","9",21806101,22176700,415,370600,468,1,3,"1;2;3","1;2;3","ENSE00001833804;ENSE00003496053;ENSE00003529527",1,3,156,1,TRUE,FALSE,"whole_coding_sequence",TRUE,TRUE,TRUE,TRUE
"CNA_event_000416","PASVWH","HOMDEL","9",21828001,22001100,416,173100,468,1,3,"1;2;3","1;2;3","ENSE00001833804;ENSE00003496053;ENSE00003529527",1,3,156,1,TRUE,FALSE,"whole_coding_sequence",TRUE,TRUE,TRUE,TRUE
"CNA_event_000417","PASVRC","HOMDEL","9",20976501,23362800,417,2386300,468,1,3,"1;2;3","1;2;3","ENSE00001833804;ENSE00003496053;ENSE00003529527",1,3,156,1,TRUE,FALSE,"whole_coding_sequence",TRUE,TRUE,TRUE,TRUE
"CNA_event_000418","PASUSV","HOMDEL","9",21899501,22038200,418,138700,468,1,3,"1;2;3","1;2;3","ENSE00001833804;ENSE00003496053;ENSE00003529527",1,3,156,1,TRUE,FALSE,"whole_coding_sequence",TRUE,TRUE,TRUE,TRUE
"CNA_event_000419","PASUNM","HOMDEL","9",21737501,22496300,419,758800,468,1,3,"1;2;3","1;2;3","ENSE00001833804;ENSE00003496053;ENSE00003529527",1,3,156,1,TRUE,FALSE,"whole_coding_sequence",TRUE,TRUE,TRUE,TRUE
"CNA_event_000420","PASUHS","HOMDEL","9",21793901,22161100,420,367200,468,1,3,"1;2;3","1;2;3","ENSE00001833804;ENSE00003496053;ENSE00003529527",1,3,156,1,TRUE,FALSE,"whole_coding_sequence",TRUE,TRUE,TRUE,TRUE
"CNA_event_000421","PASTLI","HOMDEL","9",21856701,22124000,421,267300,468,1,3,"1;2;3","1;2;3","ENSE00001833804;ENSE00003496053;ENSE00003529527",1,3,156,1,TRUE,FALSE,"whole_coding_sequence",TRUE,TRUE,TRUE,TRUE
"CNA_event_000422","PASTJN","HOMDEL","9",21955601,21992200,422,36600,468,1,3,"1;2;3","1;2;3","ENSE00001833804;ENSE00003496053;ENSE00003529527",1,3,156,1,TRUE,FALSE,"whole_coding_sequence",TRUE,TRUE,TRUE,TRUE
"CNA_event_000425","PASSSR","HOMDEL","9",21369301,23246900,425,1877600,468,1,3,"1;2;3","1;2;3","ENSE00001833804;ENSE00003496053;ENSE00003529527",1,3,156,1,TRUE,FALSE,"whole_coding_sequence",TRUE,TRUE,TRUE,TRUE
"CNA_event_000426","PASSEF","HOMDEL","9",21926301,22179800,426,253500,468,1,3,"1;2;3","1;2;3","ENSE00001833804;ENSE00003496053;ENSE00003529527",1,3,156,1,TRUE,FALSE,"whole_coding_sequence",TRUE,TRUE,TRUE,TRUE
"CNA_event_000427","PASPNI","HOMDEL","9",21750601,22495200,427,744600,468,1,3,"1;2;3","1;2;3","ENSE00001833804;ENSE00003496053;ENSE00003529527",1,3,156,1,TRUE,FALSE,"whole_coding_sequence",TRUE,TRUE,TRUE,TRUE
"CNA_event_000428","PASPLW","HOMDEL","9",21857301,21993800,428,136500,468,1,3,"1;2;3","1;2;3","ENSE00001833804;ENSE00003496053;ENSE00003529527",1,3,156,1,TRUE,FALSE,"whole_coding_sequence",TRUE,TRUE,TRUE,TRUE
"CNA_event_000429","PASPLG","HOMDEL","9",21827701,22008300,429,180600,468,1,3,"1;2;3","1;2;3","ENSE00001833804;ENSE00003496053;ENSE00003529527",1,3,156,1,TRUE,FALSE,"whole_coding_sequence",TRUE,TRUE,TRUE,TRUE
"CNA_event_000430","PASPDS","HOMDEL","9",21968401,22087200,430,118800,457,0.976495726495726,2,"1;2","1;2","ENSE00001833804;ENSE00003496053",1,2,153,0.980769230769231,TRUE,TRUE,"very_low_resolution_90_lt_100pct",TRUE,TRUE,TRUE,FALSE
"CNA_event_000431","PASPBU","HOMDEL","9",21956801,21982000,431,25200,468,1,3,"1;2;3","1;2;3","ENSE00001833804;ENSE00003496053;ENSE00003529527",1,3,156,1,TRUE,FALSE,"whole_coding_sequence",TRUE,TRUE,TRUE,TRUE
"CNA_event_000432","PASMNV","HOMDEL","9",21916501,21999400,432,82900,468,1,3,"1;2;3","1;2;3","ENSE00001833804;ENSE00003496053;ENSE00003529527",1,3,156,1,TRUE,FALSE,"whole_coding_sequence",TRUE,TRUE,TRUE,TRUE
"CNA_event_000433","PASLPH","HOMDEL","9",21498201,22774300,433,1276100,468,1,3,"1;2;3","1;2;3","ENSE00001833804;ENSE00003496053;ENSE00003529527",1,3,156,1,TRUE,FALSE,"whole_coding_sequence",TRUE,TRUE,TRUE,TRUE
"CNA_event_000434","PASKXA","HOMDEL","9",21841401,22063900,434,222500,468,1,3,"1;2;3","1;2;3","ENSE00001833804;ENSE00003496053;ENSE00003529527",1,3,156,1,TRUE,FALSE,"whole_coding_sequence",TRUE,TRUE,TRUE,TRUE
"CNA_event_000435","PASKLU","HOMDEL","9",21759301,22089800,435,330500,468,1,3,"1;2;3","1;2;3","ENSE00001833804;ENSE00003496053;ENSE00003529527",1,3,156,1,TRUE,FALSE,"whole_coding_sequence",TRUE,TRUE,TRUE,TRUE
"CNA_event_000436","PASKAD","HOMDEL","9",21871501,22030600,436,159100,468,1,3,"1;2;3","1;2;3","ENSE00001833804;ENSE00003496053;ENSE00003529527",1,3,156,1,TRUE,FALSE,"whole_coding_sequence",TRUE,TRUE,TRUE,TRUE
"CNA_event_000438","PASINX","HOMDEL","9",21827701,21991500,438,163800,468,1,3,"1;2;3","1;2;3","ENSE00001833804;ENSE00003496053;ENSE00003529527",1,3,156,1,TRUE,FALSE,"whole_coding_sequence",TRUE,TRUE,TRUE,TRUE
"CNA_event_000439","PASGUX","HOMDEL","9",21834001,21993800,439,159800,468,1,3,"1;2;3","1;2;3","ENSE00001833804;ENSE00003496053;ENSE00003529527",1,3,156,1,TRUE,FALSE,"whole_coding_sequence",TRUE,TRUE,TRUE,TRUE
"CNA_event_000440","PASFKA","HOMDEL","9",21943901,21993800,440,49900,468,1,3,"1;2;3","1;2;3","ENSE00001833804;ENSE00003496053;ENSE00003529527",1,3,156,1,TRUE,FALSE,"whole_coding_sequence",TRUE,TRUE,TRUE,TRUE
"CNA_event_000441","PARYHC","HOMDEL","9",21827401,22008300,441,180900,468,1,3,"1;2;3","1;2;3","ENSE00001833804;ENSE00003496053;ENSE00003529527",1,3,156,1,TRUE,FALSE,"whole_coding_sequence",TRUE,TRUE,TRUE,TRUE
"CNA_event_000442","PARXPZ","HOMDEL","9",21972801,22004700,442,31900,150,0.320512820512821,1,"1","1","ENSE00001833804",1,1,50,0.320512820512821,TRUE,TRUE,"high_resolution_le_50pct",FALSE,FALSE,FALSE,FALSE
"CNA_event_000443","PARXNI","HOMDEL","9",21825501,21993800,443,168300,468,1,3,"1;2;3","1;2;3","ENSE00001833804;ENSE00003496053;ENSE00003529527",1,3,156,1,TRUE,FALSE,"whole_coding_sequence",TRUE,TRUE,TRUE,TRUE
"CNA_event_000444","PARXFY","HOMDEL","9",21825501,21993800,444,168300,468,1,3,"1;2;3","1;2;3","ENSE00001833804;ENSE00003496053;ENSE00003529527",1,3,156,1,TRUE,FALSE,"whole_coding_sequence",TRUE,TRUE,TRUE,TRUE
"CNA_event_000445","PARUCV","HOMDEL","9",21865601,22001200,445,135600,468,1,3,"1;2;3","1;2;3","ENSE00001833804;ENSE00003496053;ENSE00003529527",1,3,156,1,TRUE,FALSE,"whole_coding_sequence",TRUE,TRUE,TRUE,TRUE
"CNA_event_000446","PARSUU","HOMDEL","9",21953401,22707600,446,754200,468,1,3,"1;2;3","1;2;3","ENSE00001833804;ENSE00003496053;ENSE00003529527",1,3,156,1,TRUE,FALSE,"whole_coding_sequence",TRUE,TRUE,TRUE,TRUE
"CNA_event_000447","PARSNX","HOMDEL","9",21828301,21993800,447,165500,468,1,3,"1;2;3","1;2;3","ENSE00001833804;ENSE00003496053;ENSE00003529527",1,3,156,1,TRUE,FALSE,"whole_coding_sequence",TRUE,TRUE,TRUE,TRUE
"CNA_event_000448","PARSLA","HOMDEL","9",21842501,22496500,448,654000,468,1,3,"1;2;3","1;2;3","ENSE00001833804;ENSE00003496053;ENSE00003529527",1,3,156,1,TRUE,FALSE,"whole_coding_sequence",TRUE,TRUE,TRUE,TRUE
"CNA_event_000449","PARPCK","HOMDEL","9",20083201,22100700,449,2017500,468,1,3,"1;2;3","1;2;3","ENSE00001833804;ENSE00003496053;ENSE00003529527",1,3,156,1,TRUE,FALSE,"whole_coding_sequence",TRUE,TRUE,TRUE,TRUE
"CNA_event_000450","PARMUC","HOMDEL","9",21915301,22107100,450,191800,468,1,3,"1;2;3","1;2;3","ENSE00001833804;ENSE00003496053;ENSE00003529527",1,3,156,1,TRUE,FALSE,"whole_coding_sequence",TRUE,TRUE,TRUE,TRUE
"CNA_event_000451","PARMMV","HOMDEL","9",21827701,21993800,451,166100,468,1,3,"1;2;3","1;2;3","ENSE00001833804;ENSE00003496053;ENSE00003529527",1,3,156,1,TRUE,FALSE,"whole_coding_sequence",TRUE,TRUE,TRUE,TRUE
"CNA_event_000453","PARMIA","HOMDEL","9",21824701,21985500,453,160800,468,1,3,"1;2;3","1;2;3","ENSE00001833804;ENSE00003496053;ENSE00003529527",1,3,156,1,TRUE,FALSE,"whole_coding_sequence",TRUE,TRUE,TRUE,TRUE
"CNA_event_000456","PARLHD","HOMDEL","9",21923501,21995100,456,71600,468,1,3,"1;2;3","1;2;3","ENSE00001833804;ENSE00003496053;ENSE00003529527",1,3,156,1,TRUE,FALSE,"whole_coding_sequence",TRUE,TRUE,TRUE,TRUE
"CNA_event_000457","PARJXW","HOMDEL","9",21919501,23362600,457,1443100,468,1,3,"1;2;3","1;2;3","ENSE00001833804;ENSE00003496053;ENSE00003529527",1,3,156,1,TRUE,FALSE,"whole_coding_sequence",TRUE,TRUE,TRUE,TRUE
"CNA_event_000458","PARJPL","HOMDEL","9",21536001,22022200,458,486200,468,1,3,"1;2;3","1;2;3","ENSE00001833804;ENSE00003496053;ENSE00003529527",1,3,156,1,TRUE,FALSE,"whole_coding_sequence",TRUE,TRUE,TRUE,TRUE
"CNA_event_000459","PARJNX","HOMDEL","9",21705801,22498800,459,793000,468,1,3,"1;2;3","1;2;3","ENSE00001833804;ENSE00003496053;ENSE00003529527",1,3,156,1,TRUE,FALSE,"whole_coding_sequence",TRUE,TRUE,TRUE,TRUE
"CNA_event_000460","PARJAY","HOMDEL","9",20022201,22196000,460,2173800,468,1,3,"1;2;3","1;2;3","ENSE00001833804;ENSE00003496053;ENSE00003529527",1,3,156,1,TRUE,FALSE,"whole_coding_sequence",TRUE,TRUE,TRUE,TRUE
"CNA_event_000461","PARIFC","HOMDEL","9",21933901,22145500,461,211600,468,1,3,"1;2;3","1;2;3","ENSE00001833804;ENSE00003496053;ENSE00003529527",1,3,156,1,TRUE,FALSE,"whole_coding_sequence",TRUE,TRUE,TRUE,TRUE
"CNA_event_000462","PARHBT","HOMDEL","9",21798201,22065100,462,266900,468,1,3,"1;2;3","1;2;3","ENSE00001833804;ENSE00003496053;ENSE00003529527",1,3,156,1,TRUE,FALSE,"whole_coding_sequence",TRUE,TRUE,TRUE,TRUE
"CNA_event_000463","PAWLSN","HOMDEL","9",21974401,22038700,463,64300,150,0.320512820512821,1,"1","1","ENSE00001833804",1,1,50,0.320512820512821,TRUE,TRUE,"high_resolution_le_50pct",FALSE,FALSE,FALSE,FALSE
"CNA_event_000464","PAWKZN","HOMDEL","9",21507501,22987000,464,1479500,468,1,3,"1;2;3","1;2;3","ENSE00001833804;ENSE00003496053;ENSE00003529527",1,3,156,1,TRUE,FALSE,"whole_coding_sequence",TRUE,TRUE,TRUE,TRUE
"CNA_event_000465","PAWKSC","HOMDEL","9",21957401,21988900,465,31500,468,1,3,"1;2;3","1;2;3","ENSE00001833804;ENSE00003496053;ENSE00003529527",1,3,156,1,TRUE,FALSE,"whole_coding_sequence",TRUE,TRUE,TRUE,TRUE
"CNA_event_000466","PAWKIT","HOMDEL","9",21279901,22064900,466,785000,468,1,3,"1;2;3","1;2;3","ENSE00001833804;ENSE00003496053;ENSE00003529527",1,3,156,1,TRUE,FALSE,"whole_coding_sequence",TRUE,TRUE,TRUE,TRUE
"CNA_event_000467","PAWJYN","HOMDEL","9",21825601,21993800,467,168200,468,1,3,"1;2;3","1;2;3","ENSE00001833804;ENSE00003496053;ENSE00003529527",1,3,156,1,TRUE,FALSE,"whole_coding_sequence",TRUE,TRUE,TRUE,TRUE
"CNA_event_000468","PAWJKM","HOMDEL","9",20614801,25898500,468,5283700,468,1,3,"1;2;3","1;2;3","ENSE00001833804;ENSE00003496053;ENSE00003529527",1,3,156,1,TRUE,FALSE,"whole_coding_sequence",TRUE,TRUE,TRUE,TRUE
"CNA_event_000469","PAWJDS","HOMDEL","9",20236701,23362800,469,3126100,468,1,3,"1;2;3","1;2;3","ENSE00001833804;ENSE00003496053;ENSE00003529527",1,3,156,1,TRUE,FALSE,"whole_coding_sequence",TRUE,TRUE,TRUE,TRUE
"CNA_event_000470","PAWIWS","HOMDEL","9",21826401,22699600,470,873200,468,1,3,"1;2;3","1;2;3","ENSE00001833804;ENSE00003496053;ENSE00003529527",1,3,156,1,TRUE,FALSE,"whole_coding_sequence",TRUE,TRUE,TRUE,TRUE
"CNA_event_000471","PAWIRN","HOMDEL","9",21834001,21993800,471,159800,468,1,3,"1;2;3","1;2;3","ENSE00001833804;ENSE00003496053;ENSE00003529527",1,3,156,1,TRUE,FALSE,"whole_coding_sequence",TRUE,TRUE,TRUE,TRUE
"CNA_event_000472","PAWIRJ","HOMDEL","9",20749601,22371100,472,1621500,468,1,3,"1;2;3","1;2;3","ENSE00001833804;ENSE00003496053;ENSE00003529527",1,3,156,1,TRUE,FALSE,"whole_coding_sequence",TRUE,TRUE,TRUE,TRUE
"CNA_event_000473","PAWIIR","HOMDEL","9",21820601,22008500,473,187900,468,1,3,"1;2;3","1;2;3","ENSE00001833804;ENSE00003496053;ENSE00003529527",1,3,156,1,TRUE,FALSE,"whole_coding_sequence",TRUE,TRUE,TRUE,TRUE
"CNA_event_000474","PAWGYW","HOMDEL","9",21602701,22496500,474,893800,468,1,3,"1;2;3","1;2;3","ENSE00001833804;ENSE00003496053;ENSE00003529527",1,3,156,1,TRUE,FALSE,"whole_coding_sequence",TRUE,TRUE,TRUE,TRUE
"CNA_event_000475","PAWGDG","HOMDEL","9",21701701,23079900,475,1378200,468,1,3,"1;2;3","1;2;3","ENSE00001833804;ENSE00003496053;ENSE00003529527",1,3,156,1,TRUE,FALSE,"whole_coding_sequence",TRUE,TRUE,TRUE,TRUE
"CNA_event_000476","PAWGCK","HOMDEL","9",21873001,22211300,476,338300,468,1,3,"1;2;3","1;2;3","ENSE00001833804;ENSE00003496053;ENSE00003529527",1,3,156,1,TRUE,FALSE,"whole_coding_sequence",TRUE,TRUE,TRUE,TRUE
"CNA_event_000477","PAWESJ","HOMDEL","9",21827301,21993000,477,165700,468,1,3,"1;2;3","1;2;3","ENSE00001833804;ENSE00003496053;ENSE00003529527",1,3,156,1,TRUE,FALSE,"whole_coding_sequence",TRUE,TRUE,TRUE,TRUE
"CNA_event_000478","PAWDEK","HOMDEL","9",21102601,22479300,478,1376700,468,1,3,"1;2;3","1;2;3","ENSE00001833804;ENSE00003496053;ENSE00003529527",1,3,156,1,TRUE,FALSE,"whole_coding_sequence",TRUE,TRUE,TRUE,TRUE
"CNA_event_000479","PAWCWL","HOMDEL","9",21825501,21993800,479,168300,468,1,3,"1;2;3","1;2;3","ENSE00001833804;ENSE00003496053;ENSE00003529527",1,3,156,1,TRUE,FALSE,"whole_coding_sequence",TRUE,TRUE,TRUE,TRUE
"CNA_event_000480","PAWBMY","HOMDEL","9",20428901,23523200,480,3094300,468,1,3,"1;2;3","1;2;3","ENSE00001833804;ENSE00003496053;ENSE00003529527",1,3,156,1,TRUE,FALSE,"whole_coding_sequence",TRUE,TRUE,TRUE,TRUE
"CNA_event_000481","PAWBGD","HOMDEL","9",21782101,22115900,481,333800,468,1,3,"1;2;3","1;2;3","ENSE00001833804;ENSE00003496053;ENSE00003529527",1,3,156,1,TRUE,FALSE,"whole_coding_sequence",TRUE,TRUE,TRUE,TRUE
"CNA_event_000482","PAWAYT","HOMDEL","9",21893201,21975100,482,81900,468,1,3,"1;2;3","1;2;3","ENSE00001833804;ENSE00003496053;ENSE00003529527",1,3,156,1,TRUE,FALSE,"whole_coding_sequence",TRUE,TRUE,TRUE,TRUE
"CNA_event_000483","PAWAIN","HOMDEL","9",21825601,21993800,483,168200,468,1,3,"1;2;3","1;2;3","ENSE00001833804;ENSE00003496053;ENSE00003529527",1,3,156,1,TRUE,FALSE,"whole_coding_sequence",TRUE,TRUE,TRUE,TRUE
"CNA_event_000484","PAWAIM","HOMDEL","9",21827901,21993800,484,165900,468,1,3,"1;2;3","1;2;3","ENSE00001833804;ENSE00003496053;ENSE00003529527",1,3,156,1,TRUE,FALSE,"whole_coding_sequence",TRUE,TRUE,TRUE,TRUE
"CNA_event_000485","PAWABB","HOMDEL","9",21962501,22042600,485,80100,468,1,3,"1;2;3","1;2;3","ENSE00001833804;ENSE00003496053;ENSE00003529527",1,3,156,1,TRUE,FALSE,"whole_coding_sequence",TRUE,TRUE,TRUE,TRUE
"CNA_event_000486","PAVZTC","HOMDEL","9",21972101,22034100,486,62000,150,0.320512820512821,1,"1","1","ENSE00001833804",1,1,50,0.320512820512821,TRUE,TRUE,"high_resolution_le_50pct",FALSE,FALSE,FALSE,FALSE
"CNA_event_000488","PAVYSR","HOMDEL","9",21966501,21991600,488,25100,468,1,3,"1;2;3","1;2;3","ENSE00001833804;ENSE00003496053;ENSE00003529527",1,3,156,1,TRUE,FALSE,"whole_coding_sequence",TRUE,TRUE,TRUE,TRUE
"CNA_event_000489","PAVXYS","HOMDEL","9",21879501,22076700,489,197200,468,1,3,"1;2;3","1;2;3","ENSE00001833804;ENSE00003496053;ENSE00003529527",1,3,156,1,TRUE,FALSE,"whole_coding_sequence",TRUE,TRUE,TRUE,TRUE
"CNA_event_000490","PAVXUW","HOMDEL","9",21907701,22103700,490,196000,468,1,3,"1;2;3","1;2;3","ENSE00001833804;ENSE00003496053;ENSE00003529527",1,3,156,1,TRUE,FALSE,"whole_coding_sequence",TRUE,TRUE,TRUE,TRUE
"CNA_event_000491","PAVXPD","HOMDEL","9",21789801,22118200,491,328400,468,1,3,"1;2;3","1;2;3","ENSE00001833804;ENSE00003496053;ENSE00003529527",1,3,156,1,TRUE,FALSE,"whole_coding_sequence",TRUE,TRUE,TRUE,TRUE
"CNA_event_000492","PAVWNL","HOMDEL","9",21947001,22067600,492,120600,468,1,3,"1;2;3","1;2;3","ENSE00001833804;ENSE00003496053;ENSE00003529527",1,3,156,1,TRUE,FALSE,"whole_coding_sequence",TRUE,TRUE,TRUE,TRUE
"CNA_event_000493","PAVWLX","HOMDEL","9",21826801,22496500,493,669700,468,1,3,"1;2;3","1;2;3","ENSE00001833804;ENSE00003496053;ENSE00003529527",1,3,156,1,TRUE,FALSE,"whole_coding_sequence",TRUE,TRUE,TRUE,TRUE
"CNA_event_000494","PAVWJL","HOMDEL","9",21837101,21993800,494,156700,468,1,3,"1;2;3","1;2;3","ENSE00001833804;ENSE00003496053;ENSE00003529527",1,3,156,1,TRUE,FALSE,"whole_coding_sequence",TRUE,TRUE,TRUE,TRUE
"CNA_event_000495","PAVVHL","HOMDEL","9",21827701,21975100,495,147400,468,1,3,"1;2;3","1;2;3","ENSE00001833804;ENSE00003496053;ENSE00003529527",1,3,156,1,TRUE,FALSE,"whole_coding_sequence",TRUE,TRUE,TRUE,TRUE
"CNA_event_000496","PAVUKV","HOMDEL","9",21849401,22393600,496,544200,468,1,3,"1;2;3","1;2;3","ENSE00001833804;ENSE00003496053;ENSE00003529527",1,3,156,1,TRUE,FALSE,"whole_coding_sequence",TRUE,TRUE,TRUE,TRUE
"CNA_event_000497","PAVUCS","HOMDEL","9",21827301,21994500,497,167200,468,1,3,"1;2;3","1;2;3","ENSE00001833804;ENSE00003496053;ENSE00003529527",1,3,156,1,TRUE,FALSE,"whole_coding_sequence",TRUE,TRUE,TRUE,TRUE
"CNA_event_000499","PAVTAT","HOMDEL","9",21910501,22496500,499,586000,468,1,3,"1;2;3","1;2;3","ENSE00001833804;ENSE00003496053;ENSE00003529527",1,3,156,1,TRUE,FALSE,"whole_coding_sequence",TRUE,TRUE,TRUE,TRUE
"CNA_event_000500","PAVRUJ","HOMDEL","9",21803001,21978500,500,175500,468,1,3,"1;2;3","1;2;3","ENSE00001833804;ENSE00003496053;ENSE00003529527",1,3,156,1,TRUE,FALSE,"whole_coding_sequence",TRUE,TRUE,TRUE,TRUE
"CNA_event_000501","PAVPEN","HOMDEL","9",21967301,21978300,501,11000,468,1,3,"1;2;3","1;2;3","ENSE00001833804;ENSE00003496053;ENSE00003529527",1,3,156,1,TRUE,FALSE,"whole_coding_sequence",TRUE,TRUE,TRUE,TRUE
"CNA_event_000502","PAVPCU","HOMDEL","9",21743801,23297800,502,1554000,468,1,3,"1;2;3","1;2;3","ENSE00001833804;ENSE00003496053;ENSE00003529527",1,3,156,1,TRUE,FALSE,"whole_coding_sequence",TRUE,TRUE,TRUE,TRUE
"CNA_event_000503","PAVNRN","HOMDEL","9",21836101,21993800,503,157700,468,1,3,"1;2;3","1;2;3","ENSE00001833804;ENSE00003496053;ENSE00003529527",1,3,156,1,TRUE,FALSE,"whole_coding_sequence",TRUE,TRUE,TRUE,TRUE
"CNA_event_000504","PAVNHX","HOMDEL","9",21503201,22374500,504,871300,468,1,3,"1;2;3","1;2;3","ENSE00001833804;ENSE00003496053;ENSE00003529527",1,3,156,1,TRUE,FALSE,"whole_coding_sequence",TRUE,TRUE,TRUE,TRUE
"CNA_event_000505","PAVMLG","HOMDEL","9",21256501,21982900,505,726400,468,1,3,"1;2;3","1;2;3","ENSE00001833804;ENSE00003496053;ENSE00003529527",1,3,156,1,TRUE,FALSE,"whole_coding_sequence",TRUE,TRUE,TRUE,TRUE
"CNA_event_000506","PAVMGW","HOMDEL","9",21519501,22203700,506,684200,468,1,3,"1;2;3","1;2;3","ENSE00001833804;ENSE00003496053;ENSE00003529527",1,3,156,1,TRUE,FALSE,"whole_coding_sequence",TRUE,TRUE,TRUE,TRUE
"CNA_event_000507","PAVLWU","HOMDEL","9",21812601,22006000,507,193400,468,1,3,"1;2;3","1;2;3","ENSE00001833804;ENSE00003496053;ENSE00003529527",1,3,156,1,TRUE,FALSE,"whole_coding_sequence",TRUE,TRUE,TRUE,TRUE
"CNA_event_000508","PAVKUU","HOMDEL","9",21728401,23362800,508,1634400,468,1,3,"1;2;3","1;2;3","ENSE00001833804;ENSE00003496053;ENSE00003529527",1,3,156,1,TRUE,FALSE,"whole_coding_sequence",TRUE,TRUE,TRUE,TRUE
"CNA_event_000509","PAVKPV","HOMDEL","9",21904801,22496500,509,591700,468,1,3,"1;2;3","1;2;3","ENSE00001833804;ENSE00003496053;ENSE00003529527",1,3,156,1,TRUE,FALSE,"whole_coding_sequence",TRUE,TRUE,TRUE,TRUE
"CNA_event_000510","PAVJWE","HOMDEL","9",21970601,22964500,510,993900,457,0.976495726495726,2,"1;2","1;2","ENSE00001833804;ENSE00003496053",1,2,153,0.980769230769231,TRUE,TRUE,"very_low_resolution_90_lt_100pct",TRUE,TRUE,TRUE,FALSE
"CNA_event_000511","PAVJRI","HOMDEL","9",19882801,22496500,511,2613700,468,1,3,"1;2;3","1;2;3","ENSE00001833804;ENSE00003496053;ENSE00003529527",1,3,156,1,TRUE,FALSE,"whole_coding_sequence",TRUE,TRUE,TRUE,TRUE
"CNA_event_000512","PAVHVN","HOMDEL","9",21875401,21983300,512,107900,468,1,3,"1;2;3","1;2;3","ENSE00001833804;ENSE00003496053;ENSE00003529527",1,3,156,1,TRUE,FALSE,"whole_coding_sequence",TRUE,TRUE,TRUE,TRUE
"CNA_event_000513","PAVFIF","HOMDEL","9",21809701,21979500,513,169800,468,1,3,"1;2;3","1;2;3","ENSE00001833804;ENSE00003496053;ENSE00003529527",1,3,156,1,TRUE,FALSE,"whole_coding_sequence",TRUE,TRUE,TRUE,TRUE
"CNA_event_000514","PAVFAX","HOMDEL","9",21892301,22089800,514,197500,468,1,3,"1;2;3","1;2;3","ENSE00001833804;ENSE00003496053;ENSE00003529527",1,3,156,1,TRUE,FALSE,"whole_coding_sequence",TRUE,TRUE,TRUE,TRUE
"CNA_event_000515","PAVDSJ","HOMDEL","9",21942901,21996500,515,53600,468,1,3,"1;2;3","1;2;3","ENSE00001833804;ENSE00003496053;ENSE00003529527",1,3,156,1,TRUE,FALSE,"whole_coding_sequence",TRUE,TRUE,TRUE,TRUE
"CNA_event_000516","PAVDHU","HOMDEL","9",21793201,21993800,516,200600,468,1,3,"1;2;3","1;2;3","ENSE00001833804;ENSE00003496053;ENSE00003529527",1,3,156,1,TRUE,FALSE,"whole_coding_sequence",TRUE,TRUE,TRUE,TRUE
"CNA_event_000517","PAVCHZ","HOMDEL","9",21924101,22054400,517,130300,468,1,3,"1;2;3","1;2;3","ENSE00001833804;ENSE00003496053;ENSE00003529527",1,3,156,1,TRUE,FALSE,"whole_coding_sequence",TRUE,TRUE,TRUE,TRUE
"CNA_event_000518","PAVBDL","HOMDEL","9",21920301,22042500,518,122200,468,1,3,"1;2;3","1;2;3","ENSE00001833804;ENSE00003496053;ENSE00003529527",1,3,156,1,TRUE,FALSE,"whole_coding_sequence",TRUE,TRUE,TRUE,TRUE
"CNA_event_000519","PAVBCW","HOMDEL","9",21893301,21993800,519,100500,468,1,3,"1;2;3","1;2;3","ENSE00001833804;ENSE00003496053;ENSE00003529527",1,3,156,1,TRUE,FALSE,"whole_coding_sequence",TRUE,TRUE,TRUE,TRUE
"CNA_event_000520","PAVAJG","HOMDEL","9",21824001,22081500,520,257500,468,1,3,"1;2;3","1;2;3","ENSE00001833804;ENSE00003496053;ENSE00003529527",1,3,156,1,TRUE,FALSE,"whole_coding_sequence",TRUE,TRUE,TRUE,TRUE
"CNA_event_000522","PAUYIK","HOMDEL","9",21947601,22476200,522,528600,468,1,3,"1;2;3","1;2;3","ENSE00001833804;ENSE00003496053;ENSE00003529527",1,3,156,1,TRUE,FALSE,"whole_coding_sequence",TRUE,TRUE,TRUE,TRUE
"CNA_event_000523","PAUYGT","HOMDEL","9",21805001,22449300,523,644300,468,1,3,"1;2;3","1;2;3","ENSE00001833804;ENSE00003496053;ENSE00003529527",1,3,156,1,TRUE,FALSE,"whole_coding_sequence",TRUE,TRUE,TRUE,TRUE
"CNA_event_000524","PAUYCZ","HOMDEL","9",20647201,22496500,524,1849300,468,1,3,"1;2;3","1;2;3","ENSE00001833804;ENSE00003496053;ENSE00003529527",1,3,156,1,TRUE,FALSE,"whole_coding_sequence",TRUE,TRUE,TRUE,TRUE
"CNA_event_000525","PAUYBP","HOMDEL","9",21567701,22496500,525,928800,468,1,3,"1;2;3","1;2;3","ENSE00001833804;ENSE00003496053;ENSE00003529527",1,3,156,1,TRUE,FALSE,"whole_coding_sequence",TRUE,TRUE,TRUE,TRUE
"CNA_event_000526","PAUXYI","HOMDEL","9",21964401,21980600,526,16200,468,1,3,"1;2;3","1;2;3","ENSE00001833804;ENSE00003496053;ENSE00003529527",1,3,156,1,TRUE,FALSE,"whole_coding_sequence",TRUE,TRUE,TRUE,TRUE
"CNA_event_000527","PAUWLB","HOMDEL","9",21957001,21984700,527,27700,468,1,3,"1;2;3","1;2;3","ENSE00001833804;ENSE00003496053;ENSE00003529527",1,3,156,1,TRUE,FALSE,"whole_coding_sequence",TRUE,TRUE,TRUE,TRUE
"CNA_event_000528","PAUUXR","HOMDEL","9",21228301,23362800,528,2134500,468,1,3,"1;2;3","1;2;3","ENSE00001833804;ENSE00003496053;ENSE00003529527",1,3,156,1,TRUE,FALSE,"whole_coding_sequence",TRUE,TRUE,TRUE,TRUE
"CNA_event_000529","PAUUSY","HOMDEL","9",20990501,22458600,529,1468100,468,1,3,"1;2;3","1;2;3","ENSE00001833804;ENSE00003496053;ENSE00003529527",1,3,156,1,TRUE,FALSE,"whole_coding_sequence",TRUE,TRUE,TRUE,TRUE
"CNA_event_000530","PAUMXB","HOMDEL","9",21869201,22032500,530,163300,468,1,3,"1;2;3","1;2;3","ENSE00001833804;ENSE00003496053;ENSE00003529527",1,3,156,1,TRUE,FALSE,"whole_coding_sequence",TRUE,TRUE,TRUE,TRUE
"CNA_event_000531","PAUMKW","HOMDEL","9",21825801,21993800,531,168000,468,1,3,"1;2;3","1;2;3","ENSE00001833804;ENSE00003496053;ENSE00003529527",1,3,156,1,TRUE,FALSE,"whole_coding_sequence",TRUE,TRUE,TRUE,TRUE
"CNA_event_000532","PAUKWJ","HOMDEL","9",21377701,22136200,532,758500,468,1,3,"1;2;3","1;2;3","ENSE00001833804;ENSE00003496053;ENSE00003529527",1,3,156,1,TRUE,FALSE,"whole_coding_sequence",TRUE,TRUE,TRUE,TRUE
"CNA_event_000533","PAUJYN","HOMDEL","9",21948101,21971900,533,23800,318,0.67948717948718,2,"2;3","2;3","ENSE00003496053;ENSE00003529527",2,3,106,0.67948717948718,TRUE,TRUE,"moderate_resolution_50_75pct",TRUE,FALSE,FALSE,FALSE
"CNA_event_000534","PAUJSH","HOMDEL","9",21827701,21993700,534,166000,468,1,3,"1;2;3","1;2;3","ENSE00001833804;ENSE00003496053;ENSE00003529527",1,3,156,1,TRUE,FALSE,"whole_coding_sequence",TRUE,TRUE,TRUE,TRUE
"CNA_event_000535","PAUJRU","HOMDEL","9",21286801,22011100,535,724300,468,1,3,"1;2;3","1;2;3","ENSE00001833804;ENSE00003496053;ENSE00003529527",1,3,156,1,TRUE,FALSE,"whole_coding_sequence",TRUE,TRUE,TRUE,TRUE
"CNA_event_000536","PAUIRF","HOMDEL","9",21861301,21991700,536,130400,468,1,3,"1;2;3","1;2;3","ENSE00001833804;ENSE00003496053;ENSE00003529527",1,3,156,1,TRUE,FALSE,"whole_coding_sequence",TRUE,TRUE,TRUE,TRUE
"CNA_event_000537","PAUHTB","HOMDEL","9",21766901,22662100,537,895200,468,1,3,"1;2;3","1;2;3","ENSE00001833804;ENSE00003496053;ENSE00003529527",1,3,156,1,TRUE,FALSE,"whole_coding_sequence",TRUE,TRUE,TRUE,TRUE
"CNA_event_000538","PAUGXW","HOMDEL","9",21936601,22033200,538,96600,468,1,3,"1;2;3","1;2;3","ENSE00001833804;ENSE00003496053;ENSE00003529527",1,3,156,1,TRUE,FALSE,"whole_coding_sequence",TRUE,TRUE,TRUE,TRUE
"CNA_event_000539","PAUGBG","HOMDEL","9",20332201,22253000,539,1920800,468,1,3,"1;2;3","1;2;3","ENSE00001833804;ENSE00003496053;ENSE00003529527",1,3,156,1,TRUE,FALSE,"whole_coding_sequence",TRUE,TRUE,TRUE,TRUE
"CNA_event_000540","PAUGAA","HOMDEL","9",21428801,25699400,540,4270600,468,1,3,"1;2;3","1;2;3","ENSE00001833804;ENSE00003496053;ENSE00003529527",1,3,156,1,TRUE,FALSE,"whole_coding_sequence",TRUE,TRUE,TRUE,TRUE
"CNA_event_000541","PAUEGI","HOMDEL","9",21949801,21993800,541,44000,468,1,3,"1;2;3","1;2;3","ENSE00001833804;ENSE00003496053;ENSE00003529527",1,3,156,1,TRUE,FALSE,"whole_coding_sequence",TRUE,TRUE,TRUE,TRUE
"CNA_event_000542","PAUCIZ","HOMDEL","9",21965201,21991500,542,26300,468,1,3,"1;2;3","1;2;3","ENSE00001833804;ENSE00003496053;ENSE00003529527",1,3,156,1,TRUE,FALSE,"whole_coding_sequence",TRUE,TRUE,TRUE,TRUE
"CNA_event_000543","PAUBXP","HOMDEL","9",21870101,22050600,543,180500,468,1,3,"1;2;3","1;2;3","ENSE00001833804;ENSE00003496053;ENSE00003529527",1,3,156,1,TRUE,FALSE,"whole_coding_sequence",TRUE,TRUE,TRUE,TRUE
"CNA_event_000544","PAUBRD","HOMDEL","9",21926101,22013400,544,87300,468,1,3,"1;2;3","1;2;3","ENSE00001833804;ENSE00003496053;ENSE00003529527",1,3,156,1,TRUE,FALSE,"whole_coding_sequence",TRUE,TRUE,TRUE,TRUE
"CNA_event_000545","PAUADY","HOMDEL","9",21738401,22220300,545,481900,468,1,3,"1;2;3","1;2;3","ENSE00001833804;ENSE00003496053;ENSE00003529527",1,3,156,1,TRUE,FALSE,"whole_coding_sequence",TRUE,TRUE,TRUE,TRUE
"CNA_event_000546","PATYWV","HOMDEL","9",21614901,22208800,546,593900,468,1,3,"1;2;3","1;2;3","ENSE00001833804;ENSE00003496053;ENSE00003529527",1,3,156,1,TRUE,FALSE,"whole_coding_sequence",TRUE,TRUE,TRUE,TRUE
"CNA_event_000547","PATXNK","HOMDEL","9",21909001,22280800,547,371800,468,1,3,"1;2;3","1;2;3","ENSE00001833804;ENSE00003496053;ENSE00003529527",1,3,156,1,TRUE,FALSE,"whole_coding_sequence",TRUE,TRUE,TRUE,TRUE
"CNA_event_000548","PATWYL","HOMDEL","9",21940401,22199400,548,259000,468,1,3,"1;2;3","1;2;3","ENSE00001833804;ENSE00003496053;ENSE00003529527",1,3,156,1,TRUE,FALSE,"whole_coding_sequence",TRUE,TRUE,TRUE,TRUE
"CNA_event_000549","PATTAC","HOMDEL","9",21968201,21984500,549,16300,468,1,3,"1;2;3","1;2;3","ENSE00001833804;ENSE00003496053;ENSE00003529527",1,3,156,1,TRUE,FALSE,"whole_coding_sequence",TRUE,TRUE,TRUE,TRUE
"CNA_event_000550","PATSPK","HOMDEL","9",21713201,25341200,550,3628000,468,1,3,"1;2;3","1;2;3","ENSE00001833804;ENSE00003496053;ENSE00003529527",1,3,156,1,TRUE,FALSE,"whole_coding_sequence",TRUE,TRUE,TRUE,TRUE
"CNA_event_000551","PATSIL","HOMDEL","9",21961301,23362800,551,1401500,468,1,3,"1;2;3","1;2;3","ENSE00001833804;ENSE00003496053;ENSE00003529527",1,3,156,1,TRUE,FALSE,"whole_coding_sequence",TRUE,TRUE,TRUE,TRUE
"CNA_event_000552","PATRFD","HOMDEL","9",21924701,22087400,552,162700,468,1,3,"1;2;3","1;2;3","ENSE00001833804;ENSE00003496053;ENSE00003529527",1,3,156,1,TRUE,FALSE,"whole_coding_sequence",TRUE,TRUE,TRUE,TRUE
"CNA_event_000553","PATPWF","HOMDEL","9",21834001,21992900,553,158900,468,1,3,"1;2;3","1;2;3","ENSE00001833804;ENSE00003496053;ENSE00003529527",1,3,156,1,TRUE,FALSE,"whole_coding_sequence",TRUE,TRUE,TRUE,TRUE
"CNA_event_000554","PATNYN","HOMDEL","9",20293101,22590300,554,2297200,468,1,3,"1;2;3","1;2;3","ENSE00001833804;ENSE00003496053;ENSE00003529527",1,3,156,1,TRUE,FALSE,"whole_coding_sequence",TRUE,TRUE,TRUE,TRUE
"CNA_event_000555","PATNAM","HOMDEL","9",21803001,21978400,555,175400,468,1,3,"1;2;3","1;2;3","ENSE00001833804;ENSE00003496053;ENSE00003529527",1,3,156,1,TRUE,FALSE,"whole_coding_sequence",TRUE,TRUE,TRUE,TRUE
"CNA_event_000556","PATKPW","HOMDEL","9",21916501,23362600,556,1446100,468,1,3,"1;2;3","1;2;3","ENSE00001833804;ENSE00003496053;ENSE00003529527",1,3,156,1,TRUE,FALSE,"whole_coding_sequence",TRUE,TRUE,TRUE,TRUE
"CNA_event_000557","PATKKV","HOMDEL","9",21803101,21978400,557,175300,468,1,3,"1;2;3","1;2;3","ENSE00001833804;ENSE00003496053;ENSE00003529527",1,3,156,1,TRUE,FALSE,"whole_coding_sequence",TRUE,TRUE,TRUE,TRUE
"CNA_event_000558","PATKIH","HOMDEL","9",21347201,23951500,558,2604300,468,1,3,"1;2;3","1;2;3","ENSE00001833804;ENSE00003496053;ENSE00003529527",1,3,156,1,TRUE,FALSE,"whole_coding_sequence",TRUE,TRUE,TRUE,TRUE
"CNA_event_000559","PATJXW","HOMDEL","9",21875801,21976600,559,100800,468,1,3,"1;2;3","1;2;3","ENSE00001833804;ENSE00003496053;ENSE00003529527",1,3,156,1,TRUE,FALSE,"whole_coding_sequence",TRUE,TRUE,TRUE,TRUE
"CNA_event_000561","PATJLT","HOMDEL","9",21956901,21993800,561,36900,468,1,3,"1;2;3","1;2;3","ENSE00001833804;ENSE00003496053;ENSE00003529527",1,3,156,1,TRUE,FALSE,"whole_coding_sequence",TRUE,TRUE,TRUE,TRUE
"CNA_event_000562","PATIWP","HOMDEL","9",21877701,22773400,562,895700,468,1,3,"1;2;3","1;2;3","ENSE00001833804;ENSE00003496053;ENSE00003529527",1,3,156,1,TRUE,FALSE,"whole_coding_sequence",TRUE,TRUE,TRUE,TRUE
"CNA_event_000564","PATHSL","HOMDEL","9",21967801,21993400,564,25600,468,1,3,"1;2;3","1;2;3","ENSE00001833804;ENSE00003496053;ENSE00003529527",1,3,156,1,TRUE,FALSE,"whole_coding_sequence",TRUE,TRUE,TRUE,TRUE
"CNA_event_000565","PATGVD","HOMDEL","9",21922301,22014400,565,92100,468,1,3,"1;2;3","1;2;3","ENSE00001833804;ENSE00003496053;ENSE00003529527",1,3,156,1,TRUE,FALSE,"whole_coding_sequence",TRUE,TRUE,TRUE,TRUE
"CNA_event_000566","PATFJG","HOMDEL","9",21828301,21993900,566,165600,468,1,3,"1;2;3","1;2;3","ENSE00001833804;ENSE00003496053;ENSE00003529527",1,3,156,1,TRUE,FALSE,"whole_coding_sequence",TRUE,TRUE,TRUE,TRUE
"CNA_event_000567","PATFAD","HOMDEL","9",21825601,21993800,567,168200,468,1,3,"1;2;3","1;2;3","ENSE00001833804;ENSE00003496053;ENSE00003529527",1,3,156,1,TRUE,FALSE,"whole_coding_sequence",TRUE,TRUE,TRUE,TRUE
"CNA_event_000568","PATEYS","HOMDEL","9",21921701,22017000,568,95300,468,1,3,"1;2;3","1;2;3","ENSE00001833804;ENSE00003496053;ENSE00003529527",1,3,156,1,TRUE,FALSE,"whole_coding_sequence",TRUE,TRUE,TRUE,TRUE
"CNA_event_000569","PATENL","HOMDEL","9",21892301,21991500,569,99200,468,1,3,"1;2;3","1;2;3","ENSE00001833804;ENSE00003496053;ENSE00003529527",1,3,156,1,TRUE,FALSE,"whole_coding_sequence",TRUE,TRUE,TRUE,TRUE
"CNA_event_000571","PATEHZ","HOMDEL","9",21938201,23362800,571,1424600,468,1,3,"1;2;3","1;2;3","ENSE00001833804;ENSE00003496053;ENSE00003529527",1,3,156,1,TRUE,FALSE,"whole_coding_sequence",TRUE,TRUE,TRUE,TRUE
"CNA_event_000572","PATDEK","HOMDEL","9",21892601,21993800,572,101200,468,1,3,"1;2;3","1;2;3","ENSE00001833804;ENSE00003496053;ENSE00003529527",1,3,156,1,TRUE,FALSE,"whole_coding_sequence",TRUE,TRUE,TRUE,TRUE
"CNA_event_000573","PATDBU","HOMDEL","9",21846601,22139300,573,292700,468,1,3,"1;2;3","1;2;3","ENSE00001833804;ENSE00003496053;ENSE00003529527",1,3,156,1,TRUE,FALSE,"whole_coding_sequence",TRUE,TRUE,TRUE,TRUE
"CNA_event_000574","PATCWW","HOMDEL","9",21774501,23362800,574,1588300,468,1,3,"1;2;3","1;2;3","ENSE00001833804;ENSE00003496053;ENSE00003529527",1,3,156,1,TRUE,FALSE,"whole_coding_sequence",TRUE,TRUE,TRUE,TRUE
"CNA_event_000575","PATCML","HOMDEL","9",21973001,22496500,575,523500,150,0.320512820512821,1,"1","1","ENSE00001833804",1,1,50,0.320512820512821,TRUE,TRUE,"high_resolution_le_50pct",FALSE,FALSE,FALSE,FALSE
"CNA_event_000576","PATBVS","HOMDEL","9",20787101,22020800,576,1233700,468,1,3,"1;2;3","1;2;3","ENSE00001833804;ENSE00003496053;ENSE00003529527",1,3,156,1,TRUE,FALSE,"whole_coding_sequence",TRUE,TRUE,TRUE,TRUE
"CNA_event_000577","PASYHN","HOMDEL","9",21825601,21993800,577,168200,468,1,3,"1;2;3","1;2;3","ENSE00001833804;ENSE00003496053;ENSE00003529527",1,3,156,1,TRUE,FALSE,"whole_coding_sequence",TRUE,TRUE,TRUE,TRUE
"CNA_event_000578","PASYAJ","HOMDEL","9",21188801,22496500,578,1307700,468,1,3,"1;2;3","1;2;3","ENSE00001833804;ENSE00003496053;ENSE00003529527",1,3,156,1,TRUE,FALSE,"whole_coding_sequence",TRUE,TRUE,TRUE,TRUE
"CNA_event_000579","PASXUU","HOMDEL","9",21148001,22300500,579,1152500,468,1,3,"1;2;3","1;2;3","ENSE00001833804;ENSE00003496053;ENSE00003529527",1,3,156,1,TRUE,FALSE,"whole_coding_sequence",TRUE,TRUE,TRUE,TRUE
"CNA_event_000580","PASXAY","HOMDEL","9",21386301,22473800,580,1087500,468,1,3,"1;2;3","1;2;3","ENSE00001833804;ENSE00003496053;ENSE00003529527",1,3,156,1,TRUE,FALSE,"whole_coding_sequence",TRUE,TRUE,TRUE,TRUE
"CNA_event_000581","PASVZJ","HOMDEL","9",20862001,22801500,581,1939500,468,1,3,"1;2;3","1;2;3","ENSE00001833804;ENSE00003496053;ENSE00003529527",1,3,156,1,TRUE,FALSE,"whole_coding_sequence",TRUE,TRUE,TRUE,TRUE
"CNA_event_000582","PASVKC","HOMDEL","9",21334001,22328100,582,994100,468,1,3,"1;2;3","1;2;3","ENSE00001833804;ENSE00003496053;ENSE00003529527",1,3,156,1,TRUE,FALSE,"whole_coding_sequence",TRUE,TRUE,TRUE,TRUE
"CNA_event_000584","PASSRP","HOMDEL","9",21893301,21993800,584,100500,468,1,3,"1;2;3","1;2;3","ENSE00001833804;ENSE00003496053;ENSE00003529527",1,3,156,1,TRUE,FALSE,"whole_coding_sequence",TRUE,TRUE,TRUE,TRUE
"CNA_event_000585","PASRAF","HOMDEL","9",21914501,21971900,585,57400,318,0.67948717948718,2,"2;3","2;3","ENSE00003496053;ENSE00003529527",2,3,106,0.67948717948718,TRUE,TRUE,"moderate_resolution_50_75pct",TRUE,FALSE,FALSE,FALSE
"CNA_event_000586","PASPDL","HOMDEL","9",21934601,22257700,586,323100,468,1,3,"1;2;3","1;2;3","ENSE00001833804;ENSE00003496053;ENSE00003529527",1,3,156,1,TRUE,FALSE,"whole_coding_sequence",TRUE,TRUE,TRUE,TRUE
"CNA_event_000587","PASNEH","HOMDEL","9",21323901,22624900,587,1301000,468,1,3,"1;2;3","1;2;3","ENSE00001833804;ENSE00003496053;ENSE00003529527",1,3,156,1,TRUE,FALSE,"whole_coding_sequence",TRUE,TRUE,TRUE,TRUE
"CNA_event_000588","PASMIC","HOMDEL","9",21825501,21993800,588,168300,468,1,3,"1;2;3","1;2;3","ENSE00001833804;ENSE00003496053;ENSE00003529527",1,3,156,1,TRUE,FALSE,"whole_coding_sequence",TRUE,TRUE,TRUE,TRUE
"CNA_event_000589","PASLAB","HOMDEL","9",21832301,21993800,589,161500,468,1,3,"1;2;3","1;2;3","ENSE00001833804;ENSE00003496053;ENSE00003529527",1,3,156,1,TRUE,FALSE,"whole_coding_sequence",TRUE,TRUE,TRUE,TRUE
"CNA_event_000590","PASKZU","HOMDEL","9",19909801,23362800,590,3453000,468,1,3,"1;2;3","1;2;3","ENSE00001833804;ENSE00003496053;ENSE00003529527",1,3,156,1,TRUE,FALSE,"whole_coding_sequence",TRUE,TRUE,TRUE,TRUE
"CNA_event_000591","PASKTG","HOMDEL","9",21825601,21993800,591,168200,468,1,3,"1;2;3","1;2;3","ENSE00001833804;ENSE00003496053;ENSE00003529527",1,3,156,1,TRUE,FALSE,"whole_coding_sequence",TRUE,TRUE,TRUE,TRUE
"CNA_event_000592","PASKIC","HOMDEL","9",21825601,21994200,592,168600,468,1,3,"1;2;3","1;2;3","ENSE00001833804;ENSE00003496053;ENSE00003529527",1,3,156,1,TRUE,FALSE,"whole_coding_sequence",TRUE,TRUE,TRUE,TRUE
"CNA_event_000593","PASKGG","HOMDEL","9",21827701,21993800,593,166100,468,1,3,"1;2;3","1;2;3","ENSE00001833804;ENSE00003496053;ENSE00003529527",1,3,156,1,TRUE,FALSE,"whole_coding_sequence",TRUE,TRUE,TRUE,TRUE
"CNA_event_000594","PASIJX","HOMDEL","9",19476601,22358700,594,2882100,468,1,3,"1;2;3","1;2;3","ENSE00001833804;ENSE00003496053;ENSE00003529527",1,3,156,1,TRUE,FALSE,"whole_coding_sequence",TRUE,TRUE,TRUE,TRUE
"CNA_event_000595","PASHZK","HOMDEL","9",21827101,21993800,595,166700,468,1,3,"1;2;3","1;2;3","ENSE00001833804;ENSE00003496053;ENSE00003529527",1,3,156,1,TRUE,FALSE,"whole_coding_sequence",TRUE,TRUE,TRUE,TRUE
"CNA_event_000596","PASGKL","HOMDEL","9",21141701,22556400,596,1414700,468,1,3,"1;2;3","1;2;3","ENSE00001833804;ENSE00003496053;ENSE00003529527",1,3,156,1,TRUE,FALSE,"whole_coding_sequence",TRUE,TRUE,TRUE,TRUE
"CNA_event_000597","PARXHT","HOMDEL","9",21293101,22007800,597,714700,468,1,3,"1;2;3","1;2;3","ENSE00001833804;ENSE00003496053;ENSE00003529527",1,3,156,1,TRUE,FALSE,"whole_coding_sequence",TRUE,TRUE,TRUE,TRUE
"CNA_event_000598","PARXBJ","HOMDEL","9",21914501,21991600,598,77100,468,1,3,"1;2;3","1;2;3","ENSE00001833804;ENSE00003496053;ENSE00003529527",1,3,156,1,TRUE,FALSE,"whole_coding_sequence",TRUE,TRUE,TRUE,TRUE
"CNA_event_000599","PARWLP","HOMDEL","9",21877701,22023700,599,146000,468,1,3,"1;2;3","1;2;3","ENSE00001833804;ENSE00003496053;ENSE00003529527",1,3,156,1,TRUE,FALSE,"whole_coding_sequence",TRUE,TRUE,TRUE,TRUE
"CNA_event_000600","PARWDM","HOMDEL","9",21827101,22073600,600,246500,468,1,3,"1;2;3","1;2;3","ENSE00001833804;ENSE00003496053;ENSE00003529527",1,3,156,1,TRUE,FALSE,"whole_coding_sequence",TRUE,TRUE,TRUE,TRUE
"CNA_event_000601","PARRKK","HOMDEL","9",21955201,21993800,601,38600,468,1,3,"1;2;3","1;2;3","ENSE00001833804;ENSE00003496053;ENSE00003529527",1,3,156,1,TRUE,FALSE,"whole_coding_sequence",TRUE,TRUE,TRUE,TRUE
"CNA_event_000602","PARNXJ","HOMDEL","9",21830001,22030600,602,200600,468,1,3,"1;2;3","1;2;3","ENSE00001833804;ENSE00003496053;ENSE00003529527",1,3,156,1,TRUE,FALSE,"whole_coding_sequence",TRUE,TRUE,TRUE,TRUE
"CNA_event_000603","PARMRF","HOMDEL","9",21707601,22038100,603,330500,468,1,3,"1;2;3","1;2;3","ENSE00001833804;ENSE00003496053;ENSE00003529527",1,3,156,1,TRUE,FALSE,"whole_coding_sequence",TRUE,TRUE,TRUE,TRUE
"CNA_event_000604","PARMKM","HOMDEL","9",21937901,21993600,604,55700,468,1,3,"1;2;3","1;2;3","ENSE00001833804;ENSE00003496053;ENSE00003529527",1,3,156,1,TRUE,FALSE,"whole_coding_sequence",TRUE,TRUE,TRUE,TRUE
"CNA_event_000605","PARMKK","HOMDEL","9",21935901,22086400,605,150500,468,1,3,"1;2;3","1;2;3","ENSE00001833804;ENSE00003496053;ENSE00003529527",1,3,156,1,TRUE,FALSE,"whole_coding_sequence",TRUE,TRUE,TRUE,TRUE
"CNA_event_000606","PARMJA","HOMDEL","9",21825601,21993800,606,168200,468,1,3,"1;2;3","1;2;3","ENSE00001833804;ENSE00003496053;ENSE00003529527",1,3,156,1,TRUE,FALSE,"whole_coding_sequence",TRUE,TRUE,TRUE,TRUE
"CNA_event_000607","PARKRJ","HOMDEL","9",20621401,22000600,607,1379200,468,1,3,"1;2;3","1;2;3","ENSE00001833804;ENSE00003496053;ENSE00003529527",1,3,156,1,TRUE,FALSE,"whole_coding_sequence",TRUE,TRUE,TRUE,TRUE
"CNA_event_000608","PARJMS","HOMDEL","9",21944001,21993900,608,49900,468,1,3,"1;2;3","1;2;3","ENSE00001833804;ENSE00003496053;ENSE00003529527",1,3,156,1,TRUE,FALSE,"whole_coding_sequence",TRUE,TRUE,TRUE,TRUE
"CNA_event_000609","PARGHJ","HOMDEL","9",21940001,22050100,609,110100,468,1,3,"1;2;3","1;2;3","ENSE00001833804;ENSE00003496053;ENSE00003529527",1,3,156,1,TRUE,FALSE,"whole_coding_sequence",TRUE,TRUE,TRUE,TRUE
"CNA_event_000610","PARBTF","HOMDEL","9",21200301,24223200,610,3022900,468,1,3,"1;2;3","1;2;3","ENSE00001833804;ENSE00003496053;ENSE00003529527",1,3,156,1,TRUE,FALSE,"whole_coding_sequence",TRUE,TRUE,TRUE,TRUE
"CNA_event_000611","PAUIFC","HOMDEL","9",20268701,22675500,611,2406800,468,1,3,"1;2;3","1;2;3","ENSE00001833804;ENSE00003496053;ENSE00003529527",1,3,156,1,TRUE,FALSE,"whole_coding_sequence",TRUE,TRUE,TRUE,TRUE
"CNA_event_000612","PARVEI","HOMDEL","9",21487701,22496500,612,1008800,468,1,3,"1;2;3","1;2;3","ENSE00001833804;ENSE00003496053;ENSE00003529527",1,3,156,1,TRUE,FALSE,"whole_coding_sequence",TRUE,TRUE,TRUE,TRUE
"CNA_event_000613","PAWAWJ","HOMDEL","9",21827701,21993800,613,166100,468,1,3,"1;2;3","1;2;3","ENSE00001833804;ENSE00003496053;ENSE00003529527",1,3,156,1,TRUE,FALSE,"whole_coding_sequence",TRUE,TRUE,TRUE,TRUE
"CNA_event_000614","PAVSZX","HOMDEL","9",21705601,22075500,614,369900,468,1,3,"1;2;3","1;2;3","ENSE00001833804;ENSE00003496053;ENSE00003529527",1,3,156,1,TRUE,FALSE,"whole_coding_sequence",TRUE,TRUE,TRUE,TRUE
"CNA_event_000616","PAVMUJ","HOMDEL","9",21964101,23362800,616,1398700,468,1,3,"1;2;3","1;2;3","ENSE00001833804;ENSE00003496053;ENSE00003529527",1,3,156,1,TRUE,FALSE,"whole_coding_sequence",TRUE,TRUE,TRUE,TRUE
"CNA_event_000617","PAVEUT","HOMDEL","9",21656401,22889700,617,1233300,468,1,3,"1;2;3","1;2;3","ENSE00001833804;ENSE00003496053;ENSE00003529527",1,3,156,1,TRUE,FALSE,"whole_coding_sequence",TRUE,TRUE,TRUE,TRUE
"CNA_event_000618","PAVAGE","HOMDEL","9",21712301,22454100,618,741800,468,1,3,"1;2;3","1;2;3","ENSE00001833804;ENSE00003496053;ENSE00003529527",1,3,156,1,TRUE,FALSE,"whole_coding_sequence",TRUE,TRUE,TRUE,TRUE
"CNA_event_000619","PAUXPP","HOMDEL","9",21798801,22521100,619,722300,468,1,3,"1;2;3","1;2;3","ENSE00001833804;ENSE00003496053;ENSE00003529527",1,3,156,1,TRUE,FALSE,"whole_coding_sequence",TRUE,TRUE,TRUE,TRUE
"CNA_event_000621","PAUPVR","HOMDEL","9",21974201,21993800,621,19600,150,0.320512820512821,1,"1","1","ENSE00001833804",1,1,50,0.320512820512821,TRUE,TRUE,"high_resolution_le_50pct",FALSE,FALSE,FALSE,FALSE
"CNA_event_000622","PAUEGE","HOMDEL","9",21893901,21992800,622,98900,468,1,3,"1;2;3","1;2;3","ENSE00001833804;ENSE00003496053;ENSE00003529527",1,3,156,1,TRUE,FALSE,"whole_coding_sequence",TRUE,TRUE,TRUE,TRUE
"CNA_event_000623","PAUEFL","HOMDEL","9",21873101,22177000,623,303900,468,1,3,"1;2;3","1;2;3","ENSE00001833804;ENSE00003496053;ENSE00003529527",1,3,156,1,TRUE,FALSE,"whole_coding_sequence",TRUE,TRUE,TRUE,TRUE
"CNA_event_000624","PAUASK","HOMDEL","9",21944001,21993900,624,49900,468,1,3,"1;2;3","1;2;3","ENSE00001833804;ENSE00003496053;ENSE00003529527",1,3,156,1,TRUE,FALSE,"whole_coding_sequence",TRUE,TRUE,TRUE,TRUE
"CNA_event_000625","PATEVL","HOMDEL","9",21974201,22008300,625,34100,150,0.320512820512821,1,"1","1","ENSE00001833804",1,1,50,0.320512820512821,TRUE,TRUE,"high_resolution_le_50pct",FALSE,FALSE,FALSE,FALSE
"CNA_event_000626","PAWKPT","HOMDEL","9",21071001,22496500,626,1425500,468,1,3,"1;2;3","1;2;3","ENSE00001833804;ENSE00003496053;ENSE00003529527",1,3,156,1,TRUE,FALSE,"whole_coding_sequence",TRUE,TRUE,TRUE,TRUE
"CNA_event_000627","PAWKBK","HOMDEL","9",21825601,21993900,627,168300,468,1,3,"1;2;3","1;2;3","ENSE00001833804;ENSE00003496053;ENSE00003529527",1,3,156,1,TRUE,FALSE,"whole_coding_sequence",TRUE,TRUE,TRUE,TRUE
"CNA_event_000628","PAWGZM","HOMDEL","9",21251301,22364900,628,1113600,468,1,3,"1;2;3","1;2;3","ENSE00001833804;ENSE00003496053;ENSE00003529527",1,3,156,1,TRUE,FALSE,"whole_coding_sequence",TRUE,TRUE,TRUE,TRUE
"CNA_event_000629","PAWGWJ","HOMDEL","9",21796201,23362800,629,1566600,468,1,3,"1;2;3","1;2;3","ENSE00001833804;ENSE00003496053;ENSE00003529527",1,3,156,1,TRUE,FALSE,"whole_coding_sequence",TRUE,TRUE,TRUE,TRUE
"CNA_event_000630","PAWFWF","HOMDEL","9",21901901,21993700,630,91800,468,1,3,"1;2;3","1;2;3","ENSE00001833804;ENSE00003496053;ENSE00003529527",1,3,156,1,TRUE,FALSE,"whole_coding_sequence",TRUE,TRUE,TRUE,TRUE
"CNA_event_000631","PAWEEX","HOMDEL","9",21958601,22245700,631,287100,468,1,3,"1;2;3","1;2;3","ENSE00001833804;ENSE00003496053;ENSE00003529527",1,3,156,1,TRUE,FALSE,"whole_coding_sequence",TRUE,TRUE,TRUE,TRUE
"CNA_event_000634","PAVYFZ","HOMDEL","9",21437601,22862300,634,1424700,468,1,3,"1;2;3","1;2;3","ENSE00001833804;ENSE00003496053;ENSE00003529527",1,3,156,1,TRUE,FALSE,"whole_coding_sequence",TRUE,TRUE,TRUE,TRUE
"CNA_event_000635","PAVVDS","HOMDEL","9",21803001,21978400,635,175400,468,1,3,"1;2;3","1;2;3","ENSE00001833804;ENSE00003496053;ENSE00003529527",1,3,156,1,TRUE,FALSE,"whole_coding_sequence",TRUE,TRUE,TRUE,TRUE
"CNA_event_000636","PAVRDC","HOMDEL","9",21954201,22440100,636,485900,468,1,3,"1;2;3","1;2;3","ENSE00001833804;ENSE00003496053;ENSE00003529527",1,3,156,1,TRUE,FALSE,"whole_coding_sequence",TRUE,TRUE,TRUE,TRUE
"CNA_event_000637","PAVNGZ","HOMDEL","9",21899401,21998600,637,99200,468,1,3,"1;2;3","1;2;3","ENSE00001833804;ENSE00003496053;ENSE00003529527",1,3,156,1,TRUE,FALSE,"whole_coding_sequence",TRUE,TRUE,TRUE,TRUE
"CNA_event_000638","PAVMKN","HOMDEL","9",21883501,21993800,638,110300,468,1,3,"1;2;3","1;2;3","ENSE00001833804;ENSE00003496053;ENSE00003529527",1,3,156,1,TRUE,FALSE,"whole_coding_sequence",TRUE,TRUE,TRUE,TRUE
"CNA_event_000639","PAVLLU","HOMDEL","9",21829401,21993800,639,164400,468,1,3,"1;2;3","1;2;3","ENSE00001833804;ENSE00003496053;ENSE00003529527",1,3,156,1,TRUE,FALSE,"whole_coding_sequence",TRUE,TRUE,TRUE,TRUE
"CNA_event_000640","PAVLFA","HOMDEL","9",21832601,21987900,640,155300,468,1,3,"1;2;3","1;2;3","ENSE00001833804;ENSE00003496053;ENSE00003529527",1,3,156,1,TRUE,FALSE,"whole_coding_sequence",TRUE,TRUE,TRUE,TRUE
"CNA_event_000641","PAUUIK","HOMDEL","9",21833601,21993800,641,160200,468,1,3,"1;2;3","1;2;3","ENSE00001833804;ENSE00003496053;ENSE00003529527",1,3,156,1,TRUE,FALSE,"whole_coding_sequence",TRUE,TRUE,TRUE,TRUE
"CNA_event_000642","PAUUBG","HOMDEL","9",21914701,21993800,642,79100,468,1,3,"1;2;3","1;2;3","ENSE00001833804;ENSE00003496053;ENSE00003529527",1,3,156,1,TRUE,FALSE,"whole_coding_sequence",TRUE,TRUE,TRUE,TRUE
"CNA_event_000643","PAUUAV","HOMDEL","9",21836501,22105600,643,269100,468,1,3,"1;2;3","1;2;3","ENSE00001833804;ENSE00003496053;ENSE00003529527",1,3,156,1,TRUE,FALSE,"whole_coding_sequence",TRUE,TRUE,TRUE,TRUE
"CNA_event_000644","PAURTD","HOMDEL","9",21850001,22077000,644,227000,468,1,3,"1;2;3","1;2;3","ENSE00001833804;ENSE00003496053;ENSE00003529527",1,3,156,1,TRUE,FALSE,"whole_coding_sequence",TRUE,TRUE,TRUE,TRUE
"CNA_event_000645","PAUMIB","HOMDEL","9",21739301,22496400,645,757100,468,1,3,"1;2;3","1;2;3","ENSE00001833804;ENSE00003496053;ENSE00003529527",1,3,156,1,TRUE,FALSE,"whole_coding_sequence",TRUE,TRUE,TRUE,TRUE
"CNA_event_000647","PAUCCG","HOMDEL","9",21717101,22496500,647,779400,468,1,3,"1;2;3","1;2;3","ENSE00001833804;ENSE00003496053;ENSE00003529527",1,3,156,1,TRUE,FALSE,"whole_coding_sequence",TRUE,TRUE,TRUE,TRUE
"CNA_event_000648","PAUAKN","HOMDEL","9",21966601,21991600,648,25000,468,1,3,"1;2;3","1;2;3","ENSE00001833804;ENSE00003496053;ENSE00003529527",1,3,156,1,TRUE,FALSE,"whole_coding_sequence",TRUE,TRUE,TRUE,TRUE
"CNA_event_000649","PATZYR","HOMDEL","9",21846201,22042500,649,196300,468,1,3,"1;2;3","1;2;3","ENSE00001833804;ENSE00003496053;ENSE00003529527",1,3,156,1,TRUE,FALSE,"whole_coding_sequence",TRUE,TRUE,TRUE,TRUE
"CNA_event_000650","PATZFF","HOMDEL","9",21847401,22204000,650,356600,468,1,3,"1;2;3","1;2;3","ENSE00001833804;ENSE00003496053;ENSE00003529527",1,3,156,1,TRUE,FALSE,"whole_coding_sequence",TRUE,TRUE,TRUE,TRUE
"CNA_event_000651","PATXSD","HOMDEL","9",21833901,21993900,651,160000,468,1,3,"1;2;3","1;2;3","ENSE00001833804;ENSE00003496053;ENSE00003529527",1,3,156,1,TRUE,FALSE,"whole_coding_sequence",TRUE,TRUE,TRUE,TRUE
"CNA_event_000652","PATWYZ","HOMDEL","9",21941901,21980600,652,38700,468,1,3,"1;2;3","1;2;3","ENSE00001833804;ENSE00003496053;ENSE00003529527",1,3,156,1,TRUE,FALSE,"whole_coding_sequence",TRUE,TRUE,TRUE,TRUE
"CNA_event_000653","PATSLH","HOMDEL","9",21886501,21993300,653,106800,468,1,3,"1;2;3","1;2;3","ENSE00001833804;ENSE00003496053;ENSE00003529527",1,3,156,1,TRUE,FALSE,"whole_coding_sequence",TRUE,TRUE,TRUE,TRUE
"CNA_event_000654","PATHSV","HOMDEL","9",21916701,21993800,654,77100,468,1,3,"1;2;3","1;2;3","ENSE00001833804;ENSE00003496053;ENSE00003529527",1,3,156,1,TRUE,FALSE,"whole_coding_sequence",TRUE,TRUE,TRUE,TRUE
"CNA_event_000655","PATCTL","HOMDEL","9",21845001,22057900,655,212900,468,1,3,"1;2;3","1;2;3","ENSE00001833804;ENSE00003496053;ENSE00003529527",1,3,156,1,TRUE,FALSE,"whole_coding_sequence",TRUE,TRUE,TRUE,TRUE
"CNA_event_000656","PASYNX","HOMDEL","9",21914701,21993800,656,79100,468,1,3,"1;2;3","1;2;3","ENSE00001833804;ENSE00003496053;ENSE00003529527",1,3,156,1,TRUE,FALSE,"whole_coding_sequence",TRUE,TRUE,TRUE,TRUE
"CNA_event_000657","PASUIN","HOMDEL","9",21945401,22089800,657,144400,468,1,3,"1;2;3","1;2;3","ENSE00001833804;ENSE00003496053;ENSE00003529527",1,3,156,1,TRUE,FALSE,"whole_coding_sequence",TRUE,TRUE,TRUE,TRUE
"CNA_event_000658","PASRPV","HOMDEL","9",21547301,22496700,658,949400,468,1,3,"1;2;3","1;2;3","ENSE00001833804;ENSE00003496053;ENSE00003529527",1,3,156,1,TRUE,FALSE,"whole_coding_sequence",TRUE,TRUE,TRUE,TRUE
"CNA_event_000659","PASRMM","HOMDEL","9",21825601,21993600,659,168000,468,1,3,"1;2;3","1;2;3","ENSE00001833804;ENSE00003496053;ENSE00003529527",1,3,156,1,TRUE,FALSE,"whole_coding_sequence",TRUE,TRUE,TRUE,TRUE
"CNA_event_000660","PASLXY","HOMDEL","9",21407201,22402600,660,995400,468,1,3,"1;2;3","1;2;3","ENSE00001833804;ENSE00003496053;ENSE00003529527",1,3,156,1,TRUE,FALSE,"whole_coding_sequence",TRUE,TRUE,TRUE,TRUE
"CNA_event_000661","PASIPN","HOMDEL","9",21908601,22005400,661,96800,468,1,3,"1;2;3","1;2;3","ENSE00001833804;ENSE00003496053;ENSE00003529527",1,3,156,1,TRUE,FALSE,"whole_coding_sequence",TRUE,TRUE,TRUE,TRUE
"CNA_event_000662","PASGUH","HOMDEL","9",21970901,23362800,662,1391900,457,0.976495726495726,2,"1;2","1;2","ENSE00001833804;ENSE00003496053",1,2,153,0.980769230769231,TRUE,TRUE,"very_low_resolution_90_lt_100pct",TRUE,TRUE,TRUE,FALSE
"CNA_event_000663","PASGEC","HOMDEL","9",21922501,21977100,663,54600,468,1,3,"1;2;3","1;2;3","ENSE00001833804;ENSE00003496053;ENSE00003529527",1,3,156,1,TRUE,FALSE,"whole_coding_sequence",TRUE,TRUE,TRUE,TRUE
"CNA_event_000664","PARYGJ","HOMDEL","9",21870401,22237700,664,367300,468,1,3,"1;2;3","1;2;3","ENSE00001833804;ENSE00003496053;ENSE00003529527",1,3,156,1,TRUE,FALSE,"whole_coding_sequence",TRUE,TRUE,TRUE,TRUE
"CNA_event_000665","PARXDJ","HOMDEL","9",21828801,21993800,665,165000,468,1,3,"1;2;3","1;2;3","ENSE00001833804;ENSE00003496053;ENSE00003529527",1,3,156,1,TRUE,FALSE,"whole_coding_sequence",TRUE,TRUE,TRUE,TRUE
"CNA_event_000666","PARPET","HOMDEL","9",21825501,21993800,666,168300,468,1,3,"1;2;3","1;2;3","ENSE00001833804;ENSE00003496053;ENSE00003529527",1,3,156,1,TRUE,FALSE,"whole_coding_sequence",TRUE,TRUE,TRUE,TRUE
"CNA_event_000667","PARNSP","HOMDEL","9",21643201,22334100,667,690900,468,1,3,"1;2;3","1;2;3","ENSE00001833804;ENSE00003496053;ENSE00003529527",1,3,156,1,TRUE,FALSE,"whole_coding_sequence",TRUE,TRUE,TRUE,TRUE
"CNA_event_000668","PARFLD","HOMDEL","9",21579801,22188600,668,608800,468,1,3,"1;2;3","1;2;3","ENSE00001833804;ENSE00003496053;ENSE00003529527",1,3,156,1,TRUE,FALSE,"whole_coding_sequence",TRUE,TRUE,TRUE,TRUE
"CNA_event_000669","PAWCUT","HOMDEL","9",19993801,22402900,669,2409100,468,1,3,"1;2;3","1;2;3","ENSE00001833804;ENSE00003496053;ENSE00003529527",1,3,156,1,TRUE,FALSE,"whole_coding_sequence",TRUE,TRUE,TRUE,TRUE
"CNA_event_000670","PAVZKL","HOMDEL","9",21916001,22013600,670,97600,468,1,3,"1;2;3","1;2;3","ENSE00001833804;ENSE00003496053;ENSE00003529527",1,3,156,1,TRUE,FALSE,"whole_coding_sequence",TRUE,TRUE,TRUE,TRUE
"CNA_event_000671","PAVLUP","HOMDEL","9",21961401,22179800,671,218400,468,1,3,"1;2;3","1;2;3","ENSE00001833804;ENSE00003496053;ENSE00003529527",1,3,156,1,TRUE,FALSE,"whole_coding_sequence",TRUE,TRUE,TRUE,TRUE
"CNA_event_000672","PAVJHG","HOMDEL","9",21937501,22020700,672,83200,468,1,3,"1;2;3","1;2;3","ENSE00001833804;ENSE00003496053;ENSE00003529527",1,3,156,1,TRUE,FALSE,"whole_coding_sequence",TRUE,TRUE,TRUE,TRUE
"CNA_event_000673","PAUZGD","HOMDEL","9",21877201,22117300,673,240100,468,1,3,"1;2;3","1;2;3","ENSE00001833804;ENSE00003496053;ENSE00003529527",1,3,156,1,TRUE,FALSE,"whole_coding_sequence",TRUE,TRUE,TRUE,TRUE
"CNA_event_000674","PAUXSD","HOMDEL","9",21922101,22083200,674,161100,468,1,3,"1;2;3","1;2;3","ENSE00001833804;ENSE00003496053;ENSE00003529527",1,3,156,1,TRUE,FALSE,"whole_coding_sequence",TRUE,TRUE,TRUE,TRUE
"CNA_event_000675","PAURFC","HOMDEL","9",21871801,22064200,675,192400,468,1,3,"1;2;3","1;2;3","ENSE00001833804;ENSE00003496053;ENSE00003529527",1,3,156,1,TRUE,FALSE,"whole_coding_sequence",TRUE,TRUE,TRUE,TRUE
"CNA_event_000676","PAURCM","HOMDEL","9",21748501,22086500,676,338000,468,1,3,"1;2;3","1;2;3","ENSE00001833804;ENSE00003496053;ENSE00003529527",1,3,156,1,TRUE,FALSE,"whole_coding_sequence",TRUE,TRUE,TRUE,TRUE
"CNA_event_000677","PAUMLV","HOMDEL","9",21811401,23362800,677,1551400,468,1,3,"1;2;3","1;2;3","ENSE00001833804;ENSE00003496053;ENSE00003529527",1,3,156,1,TRUE,FALSE,"whole_coding_sequence",TRUE,TRUE,TRUE,TRUE
"CNA_event_000678","PAULIU","HOMDEL","9",21902201,21977500,678,75300,468,1,3,"1;2;3","1;2;3","ENSE00001833804;ENSE00003496053;ENSE00003529527",1,3,156,1,TRUE,FALSE,"whole_coding_sequence",TRUE,TRUE,TRUE,TRUE
"CNA_event_000679","PAUHRP","HOMDEL","9",21386201,26319800,679,4933600,468,1,3,"1;2;3","1;2;3","ENSE00001833804;ENSE00003496053;ENSE00003529527",1,3,156,1,TRUE,FALSE,"whole_coding_sequence",TRUE,TRUE,TRUE,TRUE
"CNA_event_000680","PATZYC","HOMDEL","9",21818701,22373600,680,554900,468,1,3,"1;2;3","1;2;3","ENSE00001833804;ENSE00003496053;ENSE00003529527",1,3,156,1,TRUE,FALSE,"whole_coding_sequence",TRUE,TRUE,TRUE,TRUE
"CNA_event_000681","PATCGT","HOMDEL","9",21879801,21983800,681,104000,468,1,3,"1;2;3","1;2;3","ENSE00001833804;ENSE00003496053;ENSE00003529527",1,3,156,1,TRUE,FALSE,"whole_coding_sequence",TRUE,TRUE,TRUE,TRUE
"CNA_event_000682","PATBCV","HOMDEL","9",21931501,22021300,682,89800,468,1,3,"1;2;3","1;2;3","ENSE00001833804;ENSE00003496053;ENSE00003529527",1,3,156,1,TRUE,FALSE,"whole_coding_sequence",TRUE,TRUE,TRUE,TRUE
"CNA_event_000683","PARWTI","HOMDEL","9",21910501,22000600,683,90100,468,1,3,"1;2;3","1;2;3","ENSE00001833804;ENSE00003496053;ENSE00003529527",1,3,156,1,TRUE,FALSE,"whole_coding_sequence",TRUE,TRUE,TRUE,TRUE
"CNA_event_000684","PARWID","HOMDEL","9",21904901,21971900,684,67000,318,0.67948717948718,2,"2;3","2;3","ENSE00003496053;ENSE00003529527",2,3,106,0.67948717948718,TRUE,TRUE,"moderate_resolution_50_75pct",TRUE,FALSE,FALSE,FALSE
"CNA_event_000685","PARMKR","HOMDEL","9",21883801,22040500,685,156700,468,1,3,"1;2;3","1;2;3","ENSE00001833804;ENSE00003496053;ENSE00003529527",1,3,156,1,TRUE,FALSE,"whole_coding_sequence",TRUE,TRUE,TRUE,TRUE
"CNA_event_000686","PARIZN","HOMDEL","9",20200501,24501900,686,4301400,468,1,3,"1;2;3","1;2;3","ENSE00001833804;ENSE00003496053;ENSE00003529527",1,3,156,1,TRUE,FALSE,"whole_coding_sequence",TRUE,TRUE,TRUE,TRUE
"CNA_event_000687","PAUXYM","HOMDEL","9",21833201,21973100,687,139900,318,0.67948717948718,2,"2;3","2;3","ENSE00003496053;ENSE00003529527",2,3,106,0.67948717948718,TRUE,TRUE,"moderate_resolution_50_75pct",TRUE,FALSE,FALSE,FALSE
"CNA_event_000688","PATTTE","HOMDEL","9",21172501,22496300,688,1323800,468,1,3,"1;2;3","1;2;3","ENSE00001833804;ENSE00003496053;ENSE00003529527",1,3,156,1,TRUE,FALSE,"whole_coding_sequence",TRUE,TRUE,TRUE,TRUE
"CNA_event_000689","PASWLV","HOMDEL","9",21808401,22237500,689,429100,468,1,3,"1;2;3","1;2;3","ENSE00001833804;ENSE00003496053;ENSE00003529527",1,3,156,1,TRUE,FALSE,"whole_coding_sequence",TRUE,TRUE,TRUE,TRUE
"CNA_event_000690","PAWJJL","HOMDEL","9",21878401,21979200,690,100800,468,1,3,"1;2;3","1;2;3","ENSE00001833804;ENSE00003496053;ENSE00003529527",1,3,156,1,TRUE,FALSE,"whole_coding_sequence",TRUE,TRUE,TRUE,TRUE
"CNA_event_000691","PAWIPY","HOMDEL","9",21950901,22004800,691,53900,468,1,3,"1;2;3","1;2;3","ENSE00001833804;ENSE00003496053;ENSE00003529527",1,3,156,1,TRUE,FALSE,"whole_coding_sequence",TRUE,TRUE,TRUE,TRUE
"CNA_event_000692","PAWGTW","HOMDEL","9",21887701,22008900,692,121200,468,1,3,"1;2;3","1;2;3","ENSE00001833804;ENSE00003496053;ENSE00003529527",1,3,156,1,TRUE,FALSE,"whole_coding_sequence",TRUE,TRUE,TRUE,TRUE
"CNA_event_000693","PAVIHA","HOMDEL","9",21961201,22089800,693,128600,468,1,3,"1;2;3","1;2;3","ENSE00001833804;ENSE00003496053;ENSE00003529527",1,3,156,1,TRUE,FALSE,"whole_coding_sequence",TRUE,TRUE,TRUE,TRUE
"CNA_event_000694","PATZXL","HOMDEL","9",21961301,21976700,694,15400,468,1,3,"1;2;3","1;2;3","ENSE00001833804;ENSE00003496053;ENSE00003529527",1,3,156,1,TRUE,FALSE,"whole_coding_sequence",TRUE,TRUE,TRUE,TRUE
"CNA_event_000695","PATYYJ","HOMDEL","9",21951501,21975400,695,23900,468,1,3,"1;2;3","1;2;3","ENSE00001833804;ENSE00003496053;ENSE00003529527",1,3,156,1,TRUE,FALSE,"whole_coding_sequence",TRUE,TRUE,TRUE,TRUE
"CNA_event_000696","PATRJL","HOMDEL","9",21966801,21974400,696,7600,318,0.67948717948718,2,"2;3","2;3","ENSE00003496053;ENSE00003529527",2,3,106,0.67948717948718,TRUE,TRUE,"moderate_resolution_50_75pct",TRUE,FALSE,FALSE,FALSE
"CNA_event_000697","PATMTV","HOMDEL","9",21963401,21996900,697,33500,468,1,3,"1;2;3","1;2;3","ENSE00001833804;ENSE00003496053;ENSE00003529527",1,3,156,1,TRUE,FALSE,"whole_coding_sequence",TRUE,TRUE,TRUE,TRUE
"CNA_event_000698","PATFCV","HOMDEL","9",21827201,22098000,698,270800,468,1,3,"1;2;3","1;2;3","ENSE00001833804;ENSE00003496053;ENSE00003529527",1,3,156,1,TRUE,FALSE,"whole_coding_sequence",TRUE,TRUE,TRUE,TRUE
"CNA_event_000699","PATBNT","HOMDEL","9",21217701,22433900,699,1216200,468,1,3,"1;2;3","1;2;3","ENSE00001833804;ENSE00003496053;ENSE00003529527",1,3,156,1,TRUE,FALSE,"whole_coding_sequence",TRUE,TRUE,TRUE,TRUE
"CNA_event_000700","PATBDJ","HOMDEL","9",21899301,21972900,700,73600,318,0.67948717948718,2,"2;3","2;3","ENSE00003496053;ENSE00003529527",2,3,106,0.67948717948718,TRUE,TRUE,"moderate_resolution_50_75pct",TRUE,FALSE,FALSE,FALSE
"CNA_event_000701","PATBDJ","HOMDEL","9",21972901,22077700,701,104800,150,0.320512820512821,1,"1","1","ENSE00001833804",1,1,50,0.320512820512821,TRUE,TRUE,"high_resolution_le_50pct",FALSE,FALSE,FALSE,FALSE
"CNA_event_000702","PASKBB","HOMDEL","9",21865601,22009200,702,143600,468,1,3,"1;2;3","1;2;3","ENSE00001833804;ENSE00003496053;ENSE00003529527",1,3,156,1,TRUE,FALSE,"whole_coding_sequence",TRUE,TRUE,TRUE,TRUE
"CNA_event_000703","PARGDC","HOMDEL","9",21889801,22008400,703,118600,468,1,3,"1;2;3","1;2;3","ENSE00001833804;ENSE00003496053;ENSE00003529527",1,3,156,1,TRUE,FALSE,"whole_coding_sequence",TRUE,TRUE,TRUE,TRUE
"CNA_event_000704","PAWIMC","HOMDEL","9",21848101,22014600,704,166500,468,1,3,"1;2;3","1;2;3","ENSE00001833804;ENSE00003496053;ENSE00003529527",1,3,156,1,TRUE,FALSE,"whole_coding_sequence",TRUE,TRUE,TRUE,TRUE
"CNA_event_000705","PAUZHX","HOMDEL","9",21890701,22028200,705,137500,468,1,3,"1;2;3","1;2;3","ENSE00001833804;ENSE00003496053;ENSE00003529527",1,3,156,1,TRUE,FALSE,"whole_coding_sequence",TRUE,TRUE,TRUE,TRUE
"CNA_event_000706","PAUKMA","HOMDEL","9",21401501,27762300,706,6360800,468,1,3,"1;2;3","1;2;3","ENSE00001833804;ENSE00003496053;ENSE00003529527",1,3,156,1,TRUE,FALSE,"whole_coding_sequence",TRUE,TRUE,TRUE,TRUE
"CNA_event_000707","PAUKBE","HOMDEL","9",21884601,22020000,707,135400,468,1,3,"1;2;3","1;2;3","ENSE00001833804;ENSE00003496053;ENSE00003529527",1,3,156,1,TRUE,FALSE,"whole_coding_sequence",TRUE,TRUE,TRUE,TRUE
"CNA_event_000708","PAUFZC","HOMDEL","9",20067001,22112700,708,2045700,468,1,3,"1;2;3","1;2;3","ENSE00001833804;ENSE00003496053;ENSE00003529527",1,3,156,1,TRUE,FALSE,"whole_coding_sequence",TRUE,TRUE,TRUE,TRUE
"CNA_event_000709","PATXNG","HOMDEL","9",21708001,23362800,709,1654800,468,1,3,"1;2;3","1;2;3","ENSE00001833804;ENSE00003496053;ENSE00003529527",1,3,156,1,TRUE,FALSE,"whole_coding_sequence",TRUE,TRUE,TRUE,TRUE
"CNA_event_000710","PATLHH","HOMDEL","9",21874301,22082300,710,208000,468,1,3,"1;2;3","1;2;3","ENSE00001833804;ENSE00003496053;ENSE00003529527",1,3,156,1,TRUE,FALSE,"whole_coding_sequence",TRUE,TRUE,TRUE,TRUE
"CNA_event_000711","PATIBE","HOMDEL","9",21332601,26884900,711,5552300,468,1,3,"1;2;3","1;2;3","ENSE00001833804;ENSE00003496053;ENSE00003529527",1,3,156,1,TRUE,FALSE,"whole_coding_sequence",TRUE,TRUE,TRUE,TRUE
"CNA_event_000712","PATDKT","HOMDEL","9",21965201,21989600,712,24400,468,1,3,"1;2;3","1;2;3","ENSE00001833804;ENSE00003496053;ENSE00003529527",1,3,156,1,TRUE,FALSE,"whole_coding_sequence",TRUE,TRUE,TRUE,TRUE
"CNA_event_000713","PATAIE","HOMDEL","9",21775401,22019900,713,244500,468,1,3,"1;2;3","1;2;3","ENSE00001833804;ENSE00003496053;ENSE00003529527",1,3,156,1,TRUE,FALSE,"whole_coding_sequence",TRUE,TRUE,TRUE,TRUE
"CNA_event_000714","PASZJW","HOMDEL","9",21971801,22003600,714,31800,150,0.320512820512821,1,"1","1","ENSE00001833804",1,1,50,0.320512820512821,TRUE,TRUE,"high_resolution_le_50pct",FALSE,FALSE,FALSE,FALSE
"CNA_event_000715","PAWCWY","HOMDEL","9",21965401,22017500,715,52100,468,1,3,"1;2;3","1;2;3","ENSE00001833804;ENSE00003496053;ENSE00003529527",1,3,156,1,TRUE,FALSE,"whole_coding_sequence",TRUE,TRUE,TRUE,TRUE
"CNA_event_000716","PAWBKA","HOMDEL","9",21429301,22496500,716,1067200,468,1,3,"1;2;3","1;2;3","ENSE00001833804;ENSE00003496053;ENSE00003529527",1,3,156,1,TRUE,FALSE,"whole_coding_sequence",TRUE,TRUE,TRUE,TRUE
"CNA_event_000717","PAWAMV","HOMDEL","9",21857801,22916200,717,1058400,468,1,3,"1;2;3","1;2;3","ENSE00001833804;ENSE00003496053;ENSE00003529527",1,3,156,1,TRUE,FALSE,"whole_coding_sequence",TRUE,TRUE,TRUE,TRUE
"CNA_event_000718","PAVZCZ","HOMDEL","9",21043401,22386300,718,1342900,468,1,3,"1;2;3","1;2;3","ENSE00001833804;ENSE00003496053;ENSE00003529527",1,3,156,1,TRUE,FALSE,"whole_coding_sequence",TRUE,TRUE,TRUE,TRUE
"CNA_event_000719","PAVTXY","HOMDEL","9",21216801,21984800,719,768000,468,1,3,"1;2;3","1;2;3","ENSE00001833804;ENSE00003496053;ENSE00003529527",1,3,156,1,TRUE,FALSE,"whole_coding_sequence",TRUE,TRUE,TRUE,TRUE
"CNA_event_000720","PAVRYM","HOMDEL","9",21814101,22099100,720,285000,468,1,3,"1;2;3","1;2;3","ENSE00001833804;ENSE00003496053;ENSE00003529527",1,3,156,1,TRUE,FALSE,"whole_coding_sequence",TRUE,TRUE,TRUE,TRUE
"CNA_event_000721","PAVRTX","HOMDEL","9",21089901,24066700,721,2976800,468,1,3,"1;2;3","1;2;3","ENSE00001833804;ENSE00003496053;ENSE00003529527",1,3,156,1,TRUE,FALSE,"whole_coding_sequence",TRUE,TRUE,TRUE,TRUE
"CNA_event_000722","PAVRAW","HOMDEL","9",20225601,22496500,722,2270900,468,1,3,"1;2;3","1;2;3","ENSE00001833804;ENSE00003496053;ENSE00003529527",1,3,156,1,TRUE,FALSE,"whole_coding_sequence",TRUE,TRUE,TRUE,TRUE
"CNA_event_000723","PAVJFH","HOMDEL","9",21751001,22050200,723,299200,468,1,3,"1;2;3","1;2;3","ENSE00001833804;ENSE00003496053;ENSE00003529527",1,3,156,1,TRUE,FALSE,"whole_coding_sequence",TRUE,TRUE,TRUE,TRUE
"CNA_event_000724","PAVCRF","HOMDEL","9",21933901,21993700,724,59800,468,1,3,"1;2;3","1;2;3","ENSE00001833804;ENSE00003496053;ENSE00003529527",1,3,156,1,TRUE,FALSE,"whole_coding_sequence",TRUE,TRUE,TRUE,TRUE
"CNA_event_000725","PAVAXI","HOMDEL","9",19909401,22496500,725,2587100,468,1,3,"1;2;3","1;2;3","ENSE00001833804;ENSE00003496053;ENSE00003529527",1,3,156,1,TRUE,FALSE,"whole_coding_sequence",TRUE,TRUE,TRUE,TRUE
"CNA_event_000726","PAVAVU","HOMDEL","9",21803601,23018000,726,1214400,468,1,3,"1;2;3","1;2;3","ENSE00001833804;ENSE00003496053;ENSE00003529527",1,3,156,1,TRUE,FALSE,"whole_coding_sequence",TRUE,TRUE,TRUE,TRUE
"CNA_event_000727","PAUUXK","HOMDEL","9",21972601,22496200,727,523600,150,0.320512820512821,1,"1","1","ENSE00001833804",1,1,50,0.320512820512821,TRUE,TRUE,"high_resolution_le_50pct",FALSE,FALSE,FALSE,FALSE
"CNA_event_000728","PAUSNW","HOMDEL","9",21313101,22473000,728,1159900,468,1,3,"1;2;3","1;2;3","ENSE00001833804;ENSE00003496053;ENSE00003529527",1,3,156,1,TRUE,FALSE,"whole_coding_sequence",TRUE,TRUE,TRUE,TRUE
"CNA_event_000729","PAUEYF","HOMDEL","9",21923501,21988200,729,64700,468,1,3,"1;2;3","1;2;3","ENSE00001833804;ENSE00003496053;ENSE00003529527",1,3,156,1,TRUE,FALSE,"whole_coding_sequence",TRUE,TRUE,TRUE,TRUE
"CNA_event_000730","PATTHR","HOMDEL","9",19849601,22936500,730,3086900,468,1,3,"1;2;3","1;2;3","ENSE00001833804;ENSE00003496053;ENSE00003529527",1,3,156,1,TRUE,FALSE,"whole_coding_sequence",TRUE,TRUE,TRUE,TRUE
"CNA_event_000731","PATRNH","HOMDEL","9",21340101,22220300,731,880200,468,1,3,"1;2;3","1;2;3","ENSE00001833804;ENSE00003496053;ENSE00003529527",1,3,156,1,TRUE,FALSE,"whole_coding_sequence",TRUE,TRUE,TRUE,TRUE
"CNA_event_000732","PATMXN","HOMDEL","9",21203601,22139800,732,936200,468,1,3,"1;2;3","1;2;3","ENSE00001833804;ENSE00003496053;ENSE00003529527",1,3,156,1,TRUE,FALSE,"whole_coding_sequence",TRUE,TRUE,TRUE,TRUE
"CNA_event_000733","PATBVE","HOMDEL","9",20097101,22400500,733,2303400,468,1,3,"1;2;3","1;2;3","ENSE00001833804;ENSE00003496053;ENSE00003529527",1,3,156,1,TRUE,FALSE,"whole_coding_sequence",TRUE,TRUE,TRUE,TRUE
"CNA_event_000734","PASXLM","HOMDEL","9",21784101,22031200,734,247100,468,1,3,"1;2;3","1;2;3","ENSE00001833804;ENSE00003496053;ENSE00003529527",1,3,156,1,TRUE,FALSE,"whole_coding_sequence",TRUE,TRUE,TRUE,TRUE
"CNA_event_000735","PASRSE","HOMDEL","9",21885601,21994300,735,108700,468,1,3,"1;2;3","1;2;3","ENSE00001833804;ENSE00003496053;ENSE00003529527",1,3,156,1,TRUE,FALSE,"whole_coding_sequence",TRUE,TRUE,TRUE,TRUE
"CNA_event_000736","PASFLK","HOMDEL","9",21200101,22496500,736,1296400,468,1,3,"1;2;3","1;2;3","ENSE00001833804;ENSE00003496053;ENSE00003529527",1,3,156,1,TRUE,FALSE,"whole_coding_sequence",TRUE,TRUE,TRUE,TRUE
"CNA_event_000737","PARWMF","HOMDEL","9",20793201,22175400,737,1382200,468,1,3,"1;2;3","1;2;3","ENSE00001833804;ENSE00003496053;ENSE00003529527",1,3,156,1,TRUE,FALSE,"whole_coding_sequence",TRUE,TRUE,TRUE,TRUE
"CNA_event_000738","PAWJJC","HOMDEL","9",21787901,23288300,738,1500400,468,1,3,"1;2;3","1;2;3","ENSE00001833804;ENSE00003496053;ENSE00003529527",1,3,156,1,TRUE,FALSE,"whole_coding_sequence",TRUE,TRUE,TRUE,TRUE
"CNA_event_000740","PAVWHF","HOMDEL","9",21967001,22046700,740,79700,468,1,3,"1;2;3","1;2;3","ENSE00001833804;ENSE00003496053;ENSE00003529527",1,3,156,1,TRUE,FALSE,"whole_coding_sequence",TRUE,TRUE,TRUE,TRUE
"CNA_event_000741","PAVUGS","HOMDEL","9",21842601,22369300,741,526700,468,1,3,"1;2;3","1;2;3","ENSE00001833804;ENSE00003496053;ENSE00003529527",1,3,156,1,TRUE,FALSE,"whole_coding_sequence",TRUE,TRUE,TRUE,TRUE
"CNA_event_000743","PAVFLN","HOMDEL","9",21827701,22008200,743,180500,468,1,3,"1;2;3","1;2;3","ENSE00001833804;ENSE00003496053;ENSE00003529527",1,3,156,1,TRUE,FALSE,"whole_coding_sequence",TRUE,TRUE,TRUE,TRUE
"CNA_event_000744","PAVCMP","HOMDEL","9",21827701,21978500,744,150800,468,1,3,"1;2;3","1;2;3","ENSE00001833804;ENSE00003496053;ENSE00003529527",1,3,156,1,TRUE,FALSE,"whole_coding_sequence",TRUE,TRUE,TRUE,TRUE
"CNA_event_000745","PAUYPM","HOMDEL","9",21749201,22496500,745,747300,468,1,3,"1;2;3","1;2;3","ENSE00001833804;ENSE00003496053;ENSE00003529527",1,3,156,1,TRUE,FALSE,"whole_coding_sequence",TRUE,TRUE,TRUE,TRUE
"CNA_event_000746","PAULMW","HOMDEL","9",21829901,22046500,746,216600,468,1,3,"1;2;3","1;2;3","ENSE00001833804;ENSE00003496053;ENSE00003529527",1,3,156,1,TRUE,FALSE,"whole_coding_sequence",TRUE,TRUE,TRUE,TRUE
"CNA_event_000747","PAUKTD","HOMDEL","9",21889601,22047500,747,157900,468,1,3,"1;2;3","1;2;3","ENSE00001833804;ENSE00003496053;ENSE00003529527",1,3,156,1,TRUE,FALSE,"whole_coding_sequence",TRUE,TRUE,TRUE,TRUE
"CNA_event_000748","PAUGEP","HOMDEL","9",21968001,21971000,748,3000,110,0.235042735042735,2,"2;3","2;3","ENSE00003496053;ENSE00003529527",2,3,106,0.67948717948718,TRUE,TRUE,"high_resolution_le_50pct",FALSE,FALSE,FALSE,FALSE
"CNA_event_000749","PAUGEJ","HOMDEL","9",21937901,21971700,749,33800,318,0.67948717948718,2,"2;3","2;3","ENSE00003496053;ENSE00003529527",2,3,106,0.67948717948718,TRUE,TRUE,"moderate_resolution_50_75pct",TRUE,FALSE,FALSE,FALSE
"CNA_event_000750","PAUGEJ","HOMDEL","9",21972301,21993400,750,21100,150,0.320512820512821,1,"1","1","ENSE00001833804",1,1,50,0.320512820512821,TRUE,TRUE,"high_resolution_le_50pct",FALSE,FALSE,FALSE,FALSE
"CNA_event_000751","PATZWA","HOMDEL","9",21960901,22004600,751,43700,468,1,3,"1;2;3","1;2;3","ENSE00001833804;ENSE00003496053;ENSE00003529527",1,3,156,1,TRUE,FALSE,"whole_coding_sequence",TRUE,TRUE,TRUE,TRUE
"CNA_event_000752","PAWIGC","HOMDEL","9",21861701,22084600,752,222900,468,1,3,"1;2;3","1;2;3","ENSE00001833804;ENSE00003496053;ENSE00003529527",1,3,156,1,TRUE,FALSE,"whole_coding_sequence",TRUE,TRUE,TRUE,TRUE
"CNA_event_000753","PAVPCB","HOMDEL","9",21949201,22431600,753,482400,468,1,3,"1;2;3","1;2;3","ENSE00001833804;ENSE00003496053;ENSE00003529527",1,3,156,1,TRUE,FALSE,"whole_coding_sequence",TRUE,TRUE,TRUE,TRUE
"CNA_event_000754","PAUSLR","HOMDEL","9",21812401,22131500,754,319100,468,1,3,"1;2;3","1;2;3","ENSE00001833804;ENSE00003496053;ENSE00003529527",1,3,156,1,TRUE,FALSE,"whole_coding_sequence",TRUE,TRUE,TRUE,TRUE
"CNA_event_000755","PAUMLX","HOMDEL","9",21825501,21993800,755,168300,468,1,3,"1;2;3","1;2;3","ENSE00001833804;ENSE00003496053;ENSE00003529527",1,3,156,1,TRUE,FALSE,"whole_coding_sequence",TRUE,TRUE,TRUE,TRUE
"CNA_event_000756","PASZGL","HOMDEL","9",21454801,22200000,756,745200,468,1,3,"1;2;3","1;2;3","ENSE00001833804;ENSE00003496053;ENSE00003529527",1,3,156,1,TRUE,FALSE,"whole_coding_sequence",TRUE,TRUE,TRUE,TRUE
"CNA_event_000757","PASKMG","HOMDEL","9",21884201,22070700,757,186500,468,1,3,"1;2;3","1;2;3","ENSE00001833804;ENSE00003496053;ENSE00003529527",1,3,156,1,TRUE,FALSE,"whole_coding_sequence",TRUE,TRUE,TRUE,TRUE
"CNA_event_000758","PARXYI","HOMDEL","9",20253901,22849600,758,2595700,468,1,3,"1;2;3","1;2;3","ENSE00001833804;ENSE00003496053;ENSE00003529527",1,3,156,1,TRUE,FALSE,"whole_coding_sequence",TRUE,TRUE,TRUE,TRUE
"CNA_event_000759","PARXPK","HOMDEL","9",20957801,22343800,759,1386000,468,1,3,"1;2;3","1;2;3","ENSE00001833804;ENSE00003496053;ENSE00003529527",1,3,156,1,TRUE,FALSE,"whole_coding_sequence",TRUE,TRUE,TRUE,TRUE
"CNA_event_000760","PARSJG","HOMDEL","9",21937901,21994200,760,56300,468,1,3,"1;2;3","1;2;3","ENSE00001833804;ENSE00003496053;ENSE00003529527",1,3,156,1,TRUE,FALSE,"whole_coding_sequence",TRUE,TRUE,TRUE,TRUE
"CNA_event_000761","PARFME","HOMDEL","9",21893901,21992800,761,98900,468,1,3,"1;2;3","1;2;3","ENSE00001833804;ENSE00003496053;ENSE00003529527",1,3,156,1,TRUE,FALSE,"whole_coding_sequence",TRUE,TRUE,TRUE,TRUE
"CNA_event_000762","PAWKZT","HETDEL","9",21882036,22370720,762,488685,468,1,3,"1;2;3","1;2;3","ENSE00001833804;ENSE00003496053;ENSE00003529527",1,3,156,1,TRUE,FALSE,"whole_coding_sequence",TRUE,TRUE,TRUE,TRUE
"CNA_event_000763","PAVNTB","HETDEL","9",21892701,21993200,763,100500,468,1,3,"1;2;3","1;2;3","ENSE00001833804;ENSE00003496053;ENSE00003529527",1,3,156,1,TRUE,FALSE,"whole_coding_sequence",TRUE,TRUE,TRUE,TRUE
"CNA_event_000764","PAVCWG","HETDEL","9",10101,42394900,764,42384800,468,1,3,"1;2;3","1;2;3","ENSE00001833804;ENSE00003496053;ENSE00003529527",1,3,156,1,TRUE,FALSE,"whole_coding_sequence",TRUE,TRUE,TRUE,TRUE
"CNA_event_000765","PAVCEA","HETDEL","9",21968311,22124599,765,156289,457,0.976495726495726,2,"1;2","1;2","ENSE00001833804;ENSE00003496053",1,2,153,0.980769230769231,TRUE,TRUE,"very_low_resolution_90_lt_100pct",TRUE,TRUE,TRUE,FALSE
"CNA_event_000768","PASRKS","HETDEL","9",21907301,22146600,768,239300,468,1,3,"1;2;3","1;2;3","ENSE00001833804;ENSE00003496053;ENSE00003529527",1,3,156,1,TRUE,FALSE,"whole_coding_sequence",TRUE,TRUE,TRUE,TRUE
"CNA_event_000772","PAWEUB","HETDEL","9",21715101,22097700,772,382600,468,1,3,"1;2;3","1;2;3","ENSE00001833804;ENSE00003496053;ENSE00003529527",1,3,156,1,TRUE,FALSE,"whole_coding_sequence",TRUE,TRUE,TRUE,TRUE
"CNA_event_000773","PAWEKT","HETDEL","9",21958501,22388100,773,429600,468,1,3,"1;2;3","1;2;3","ENSE00001833804;ENSE00003496053;ENSE00003529527",1,3,156,1,TRUE,FALSE,"whole_coding_sequence",TRUE,TRUE,TRUE,TRUE
"CNA_event_000774","PAWEKR","HETDEL","9",21676701,23264700,774,1588000,468,1,3,"1;2;3","1;2;3","ENSE00001833804;ENSE00003496053;ENSE00003529527",1,3,156,1,TRUE,FALSE,"whole_coding_sequence",TRUE,TRUE,TRUE,TRUE
"CNA_event_000775","PAWEIP","HETDEL","9",21704001,22298100,775,594100,468,1,3,"1;2;3","1;2;3","ENSE00001833804;ENSE00003496053;ENSE00003529527",1,3,156,1,TRUE,FALSE,"whole_coding_sequence",TRUE,TRUE,TRUE,TRUE
"CNA_event_000776","PAWAFV","HETDEL","9",21929001,22394700,776,465700,468,1,3,"1;2;3","1;2;3","ENSE00001833804;ENSE00003496053;ENSE00003529527",1,3,156,1,TRUE,FALSE,"whole_coding_sequence",TRUE,TRUE,TRUE,TRUE
"CNA_event_000778","PAVUTN","HETDEL","9",21954301,22575700,778,621400,468,1,3,"1;2;3","1;2;3","ENSE00001833804;ENSE00003496053;ENSE00003529527",1,3,156,1,TRUE,FALSE,"whole_coding_sequence",TRUE,TRUE,TRUE,TRUE
"CNA_event_000779","PAVSZJ","HETDEL","9",21872101,21969800,779,97700,11,0.0235042735042735,1,"3","3","ENSE00003529527",3,3,4,0.0256410256410256,TRUE,TRUE,"high_resolution_le_50pct",FALSE,FALSE,FALSE,FALSE
"CNA_event_000780","PAVSZJ","HETDEL","9",21969801,21973600,780,3800,307,0.655982905982906,1,"2","2","ENSE00003496053",2,2,103,0.66025641025641,TRUE,TRUE,"moderate_resolution_50_75pct",TRUE,FALSE,FALSE,FALSE
"CNA_event_000781","PAURVF","HETDEL","9",20348701,21979400,781,1630700,468,1,3,"1;2;3","1;2;3","ENSE00001833804;ENSE00003496053;ENSE00003529527",1,3,156,1,TRUE,FALSE,"whole_coding_sequence",TRUE,TRUE,TRUE,TRUE
"CNA_event_000782","PAURPE","HETDEL","9",21825001,22496500,782,671500,468,1,3,"1;2;3","1;2;3","ENSE00001833804;ENSE00003496053;ENSE00003529527",1,3,156,1,TRUE,FALSE,"whole_coding_sequence",TRUE,TRUE,TRUE,TRUE
"CNA_event_000783","PAURLR","HETDEL","9",21479301,22669700,783,1190400,468,1,3,"1;2;3","1;2;3","ENSE00001833804;ENSE00003496053;ENSE00003529527",1,3,156,1,TRUE,FALSE,"whole_coding_sequence",TRUE,TRUE,TRUE,TRUE
"CNA_event_000784","PAUPEZ","HETDEL","9",21709001,23249500,784,1540500,468,1,3,"1;2;3","1;2;3","ENSE00001833804;ENSE00003496053;ENSE00003529527",1,3,156,1,TRUE,FALSE,"whole_coding_sequence",TRUE,TRUE,TRUE,TRUE
"CNA_event_000785","PAUJNY","HETDEL","9",21880601,21989000,785,108400,468,1,3,"1;2;3","1;2;3","ENSE00001833804;ENSE00003496053;ENSE00003529527",1,3,156,1,TRUE,FALSE,"whole_coding_sequence",TRUE,TRUE,TRUE,TRUE
"CNA_event_000787","PAUDUS","HETDEL","9",21771901,22332500,787,560600,468,1,3,"1;2;3","1;2;3","ENSE00001833804;ENSE00003496053;ENSE00003529527",1,3,156,1,TRUE,FALSE,"whole_coding_sequence",TRUE,TRUE,TRUE,TRUE
"CNA_event_000788","PAUDBF","HETDEL","9",20972501,22496500,788,1524000,468,1,3,"1;2;3","1;2;3","ENSE00001833804;ENSE00003496053;ENSE00003529527",1,3,156,1,TRUE,FALSE,"whole_coding_sequence",TRUE,TRUE,TRUE,TRUE
"CNA_event_000789","PAUBBN","HETDEL","9",21940201,22007400,789,67200,468,1,3,"1;2;3","1;2;3","ENSE00001833804;ENSE00003496053;ENSE00003529527",1,3,156,1,TRUE,FALSE,"whole_coding_sequence",TRUE,TRUE,TRUE,TRUE
"CNA_event_000790","PATXTA","HETDEL","9",21216001,22239900,790,1023900,468,1,3,"1;2;3","1;2;3","ENSE00001833804;ENSE00003496053;ENSE00003529527",1,3,156,1,TRUE,FALSE,"whole_coding_sequence",TRUE,TRUE,TRUE,TRUE
"CNA_event_000791","PATWIE","HETDEL","9",21946701,22285400,791,338700,468,1,3,"1;2;3","1;2;3","ENSE00001833804;ENSE00003496053;ENSE00003529527",1,3,156,1,TRUE,FALSE,"whole_coding_sequence",TRUE,TRUE,TRUE,TRUE
"CNA_event_000792","PATTJY","HETDEL","9",19441501,22495900,792,3054400,468,1,3,"1;2;3","1;2;3","ENSE00001833804;ENSE00003496053;ENSE00003529527",1,3,156,1,TRUE,FALSE,"whole_coding_sequence",TRUE,TRUE,TRUE,TRUE
"CNA_event_000793","PATSCP","HETDEL","9",20572501,21985000,793,1412500,468,1,3,"1;2;3","1;2;3","ENSE00001833804;ENSE00003496053;ENSE00003529527",1,3,156,1,TRUE,FALSE,"whole_coding_sequence",TRUE,TRUE,TRUE,TRUE
"CNA_event_000795","PATJBC","HETDEL","9",21800301,21969900,795,169600,11,0.0235042735042735,1,"3","3","ENSE00003529527",3,3,4,0.0256410256410256,TRUE,TRUE,"high_resolution_le_50pct",FALSE,FALSE,FALSE,FALSE
"CNA_event_000796","PATHSJ","HETDEL","9",21413201,24477600,796,3064400,468,1,3,"1;2;3","1;2;3","ENSE00001833804;ENSE00003496053;ENSE00003529527",1,3,156,1,TRUE,FALSE,"whole_coding_sequence",TRUE,TRUE,TRUE,TRUE
"CNA_event_000797","PATGVX","HETDEL","9",21926901,21982900,797,56000,468,1,3,"1;2;3","1;2;3","ENSE00001833804;ENSE00003496053;ENSE00003529527",1,3,156,1,TRUE,FALSE,"whole_coding_sequence",TRUE,TRUE,TRUE,TRUE
"CNA_event_000799","PASXLT","HETDEL","9",21672701,21984900,799,312200,468,1,3,"1;2;3","1;2;3","ENSE00001833804;ENSE00003496053;ENSE00003529527",1,3,156,1,TRUE,FALSE,"whole_coding_sequence",TRUE,TRUE,TRUE,TRUE
"CNA_event_000800","PASXFB","HETDEL","9",21958701,21993100,800,34400,468,1,3,"1;2;3","1;2;3","ENSE00001833804;ENSE00003496053;ENSE00003529527",1,3,156,1,TRUE,FALSE,"whole_coding_sequence",TRUE,TRUE,TRUE,TRUE
"CNA_event_000803","PASSGL","HETDEL","9",21910301,21992800,803,82500,468,1,3,"1;2;3","1;2;3","ENSE00001833804;ENSE00003496053;ENSE00003529527",1,3,156,1,TRUE,FALSE,"whole_coding_sequence",TRUE,TRUE,TRUE,TRUE
"CNA_event_000804","PASPPN","HETDEL","9",21049701,22496600,804,1446900,468,1,3,"1;2;3","1;2;3","ENSE00001833804;ENSE00003496053;ENSE00003529527",1,3,156,1,TRUE,FALSE,"whole_coding_sequence",TRUE,TRUE,TRUE,TRUE
"CNA_event_000806","PASGSR","HETDEL","9",21860801,22261100,806,400300,468,1,3,"1;2;3","1;2;3","ENSE00001833804;ENSE00003496053;ENSE00003529527",1,3,156,1,TRUE,FALSE,"whole_coding_sequence",TRUE,TRUE,TRUE,TRUE
"CNA_event_000807","PARPYK","HETDEL","9",21850701,22751700,807,901000,468,1,3,"1;2;3","1;2;3","ENSE00001833804;ENSE00003496053;ENSE00003529527",1,3,156,1,TRUE,FALSE,"whole_coding_sequence",TRUE,TRUE,TRUE,TRUE
"CNA_event_000809","PARIYD","HETDEL","9",21073701,21973000,809,899300,318,0.67948717948718,2,"2;3","2;3","ENSE00003496053;ENSE00003529527",2,3,106,0.67948717948718,TRUE,TRUE,"moderate_resolution_50_75pct",TRUE,FALSE,FALSE,FALSE
"CNA_event_000810","PARIHY","HETDEL","9",21668201,22312900,810,644700,468,1,3,"1;2;3","1;2;3","ENSE00001833804;ENSE00003496053;ENSE00003529527",1,3,156,1,TRUE,FALSE,"whole_coding_sequence",TRUE,TRUE,TRUE,TRUE
"CNA_event_000811","PARHPU","HETDEL","9",20718301,21973600,811,1255300,318,0.67948717948718,2,"2;3","2;3","ENSE00003496053;ENSE00003529527",2,3,106,0.67948717948718,TRUE,TRUE,"moderate_resolution_50_75pct",TRUE,FALSE,FALSE,FALSE
"CNA_event_000812","PARGPS","HETDEL","9",21904601,22657700,812,753100,468,1,3,"1;2;3","1;2;3","ENSE00001833804;ENSE00003496053;ENSE00003529527",1,3,156,1,TRUE,FALSE,"whole_coding_sequence",TRUE,TRUE,TRUE,TRUE
"CNA_event_000815","PAWEEC","HETDEL","9",21773401,22218500,815,445100,468,1,3,"1;2;3","1;2;3","ENSE00001833804;ENSE00003496053;ENSE00003529527",1,3,156,1,TRUE,FALSE,"whole_coding_sequence",TRUE,TRUE,TRUE,TRUE
"CNA_event_000816","PAVXGM","HETDEL","9",21687501,22134000,816,446500,468,1,3,"1;2;3","1;2;3","ENSE00001833804;ENSE00003496053;ENSE00003529527",1,3,156,1,TRUE,FALSE,"whole_coding_sequence",TRUE,TRUE,TRUE,TRUE
"CNA_event_000817","PAVWUJ","HETDEL","9",21909801,22020800,817,111000,468,1,3,"1;2;3","1;2;3","ENSE00001833804;ENSE00003496053;ENSE00003529527",1,3,156,1,TRUE,FALSE,"whole_coding_sequence",TRUE,TRUE,TRUE,TRUE
"CNA_event_000818","PAVESV","HETDEL","9",21647701,21971600,818,323900,318,0.67948717948718,2,"2;3","2;3","ENSE00003496053;ENSE00003529527",2,3,106,0.67948717948718,TRUE,TRUE,"moderate_resolution_50_75pct",TRUE,FALSE,FALSE,FALSE
"CNA_event_000819","PAUPHP","HETDEL","9",17407001,21973600,819,4566600,318,0.67948717948718,2,"2;3","2;3","ENSE00003496053;ENSE00003529527",2,3,106,0.67948717948718,TRUE,TRUE,"moderate_resolution_50_75pct",TRUE,FALSE,FALSE,FALSE
"CNA_event_000820","PATZVD","HETDEL","9",21341001,22347100,820,1006100,468,1,3,"1;2;3","1;2;3","ENSE00001833804;ENSE00003496053;ENSE00003529527",1,3,156,1,TRUE,FALSE,"whole_coding_sequence",TRUE,TRUE,TRUE,TRUE
"CNA_event_000824","PAWKZZ","HETDEL","9",21336801,27558100,824,6221300,468,1,3,"1;2;3","1;2;3","ENSE00001833804;ENSE00003496053;ENSE00003529527",1,3,156,1,TRUE,FALSE,"whole_coding_sequence",TRUE,TRUE,TRUE,TRUE
"CNA_event_000827","PAWJVJ","HETDEL","9",21960901,21970400,827,9500,11,0.0235042735042735,1,"3","3","ENSE00003529527",3,3,4,0.0256410256410256,TRUE,TRUE,"high_resolution_le_50pct",FALSE,FALSE,FALSE,FALSE
"CNA_event_000828","PAWJVJ","HETDEL","9",21970401,21971500,828,1100,307,0.655982905982906,1,"2","2","ENSE00003496053",2,2,103,0.66025641025641,TRUE,TRUE,"moderate_resolution_50_75pct",TRUE,FALSE,FALSE,FALSE
"CNA_event_000830","PAWAMT","HETDEL","9",21973101,22496500,830,523400,150,0.320512820512821,1,"1","1","ENSE00001833804",1,1,50,0.320512820512821,TRUE,TRUE,"high_resolution_le_50pct",FALSE,FALSE,FALSE,FALSE
"CNA_event_000833","PAVFDF","HETDEL","9",10101,21994900,833,21984800,468,1,3,"1;2;3","1;2;3","ENSE00001833804;ENSE00003496053;ENSE00003529527",1,3,156,1,TRUE,FALSE,"whole_coding_sequence",TRUE,TRUE,TRUE,TRUE
"CNA_event_000834","PAUYMH","HETDEL","9",20540701,22529200,834,1988500,468,1,3,"1;2;3","1;2;3","ENSE00001833804;ENSE00003496053;ENSE00003529527",1,3,156,1,TRUE,FALSE,"whole_coding_sequence",TRUE,TRUE,TRUE,TRUE
"CNA_event_000836","PASKRN","HETDEL","9",21497301,24855200,836,3357900,468,1,3,"1;2;3","1;2;3","ENSE00001833804;ENSE00003496053;ENSE00003529527",1,3,156,1,TRUE,FALSE,"whole_coding_sequence",TRUE,TRUE,TRUE,TRUE
"CNA_event_000837","PASKLK","HETDEL","9",21947401,22030300,837,82900,468,1,3,"1;2;3","1;2;3","ENSE00001833804;ENSE00003496053;ENSE00003529527",1,3,156,1,TRUE,FALSE,"whole_coding_sequence",TRUE,TRUE,TRUE,TRUE
"CNA_event_000838","PARMFF","HETDEL","9",21256501,22133900,838,877400,468,1,3,"1;2;3","1;2;3","ENSE00001833804;ENSE00003496053;ENSE00003529527",1,3,156,1,TRUE,FALSE,"whole_coding_sequence",TRUE,TRUE,TRUE,TRUE
"CNA_event_000839","PARDAU","HETDEL","9",21687501,22333000,839,645500,468,1,3,"1;2;3","1;2;3","ENSE00001833804;ENSE00003496053;ENSE00003529527",1,3,156,1,TRUE,FALSE,"whole_coding_sequence",TRUE,TRUE,TRUE,TRUE
"CNA_event_000840","PAWKXN","HETDEL","9",21783801,25292300,840,3508500,468,1,3,"1;2;3","1;2;3","ENSE00001833804;ENSE00003496053;ENSE00003529527",1,3,156,1,TRUE,FALSE,"whole_coding_sequence",TRUE,TRUE,TRUE,TRUE
"CNA_event_000841","PAWKKF","HETDEL","9",21945201,21993800,841,48600,468,1,3,"1;2;3","1;2;3","ENSE00001833804;ENSE00003496053;ENSE00003529527",1,3,156,1,TRUE,FALSE,"whole_coding_sequence",TRUE,TRUE,TRUE,TRUE
"CNA_event_000842","PAWJKX","HETDEL","9",21973401,22403900,842,430500,150,0.320512820512821,1,"1","1","ENSE00001833804",1,1,50,0.320512820512821,TRUE,TRUE,"high_resolution_le_50pct",FALSE,FALSE,FALSE,FALSE
"CNA_event_000843","PAWJKL","HETDEL","9",21899501,21984700,843,85200,468,1,3,"1;2;3","1;2;3","ENSE00001833804;ENSE00003496053;ENSE00003529527",1,3,156,1,TRUE,FALSE,"whole_coding_sequence",TRUE,TRUE,TRUE,TRUE
"CNA_event_000844","PAWIXS","HETDEL","9",20630301,22534300,844,1904000,468,1,3,"1;2;3","1;2;3","ENSE00001833804;ENSE00003496053;ENSE00003529527",1,3,156,1,TRUE,FALSE,"whole_coding_sequence",TRUE,TRUE,TRUE,TRUE
"CNA_event_000845","PAWHPE","HETDEL","9",21865515,22010162,845,144648,468,1,3,"1;2;3","1;2;3","ENSE00001833804;ENSE00003496053;ENSE00003529527",1,3,156,1,TRUE,FALSE,"whole_coding_sequence",TRUE,TRUE,TRUE,TRUE
"CNA_event_000846","PAWHIG","HETDEL","9",21973201,22049500,846,76300,150,0.320512820512821,1,"1","1","ENSE00001833804",1,1,50,0.320512820512821,TRUE,TRUE,"high_resolution_le_50pct",FALSE,FALSE,FALSE,FALSE
"CNA_event_000847","PAWGXM","HETDEL","9",10101,21968900,847,21958800,11,0.0235042735042735,1,"3","3","ENSE00003529527",3,3,4,0.0256410256410256,TRUE,TRUE,"high_resolution_le_50pct",FALSE,FALSE,FALSE,FALSE
"CNA_event_000848","PAWGHK","HETDEL","9",21972201,22003100,848,30900,150,0.320512820512821,1,"1","1","ENSE00001833804",1,1,50,0.320512820512821,TRUE,TRUE,"high_resolution_le_50pct",FALSE,FALSE,FALSE,FALSE
"CNA_event_000849","PAWFST","HETDEL","9",21433501,22496400,849,1062900,468,1,3,"1;2;3","1;2;3","ENSE00001833804;ENSE00003496053;ENSE00003529527",1,3,156,1,TRUE,FALSE,"whole_coding_sequence",TRUE,TRUE,TRUE,TRUE
"CNA_event_000852","PAWARP","HETDEL","9",21893301,21993800,852,100500,468,1,3,"1;2;3","1;2;3","ENSE00001833804;ENSE00003496053;ENSE00003529527",1,3,156,1,TRUE,FALSE,"whole_coding_sequence",TRUE,TRUE,TRUE,TRUE
"CNA_event_000853","PAVZHD","HETDEL","9",21869501,22311200,853,441700,468,1,3,"1;2;3","1;2;3","ENSE00001833804;ENSE00003496053;ENSE00003529527",1,3,156,1,TRUE,FALSE,"whole_coding_sequence",TRUE,TRUE,TRUE,TRUE
"CNA_event_000854","PAVYML","HETDEL","9",21948901,22819200,854,870300,468,1,3,"1;2;3","1;2;3","ENSE00001833804;ENSE00003496053;ENSE00003529527",1,3,156,1,TRUE,FALSE,"whole_coding_sequence",TRUE,TRUE,TRUE,TRUE
"CNA_event_000855","PAVYGR","HETDEL","9",21944901,21978300,855,33400,468,1,3,"1;2;3","1;2;3","ENSE00001833804;ENSE00003496053;ENSE00003529527",1,3,156,1,TRUE,FALSE,"whole_coding_sequence",TRUE,TRUE,TRUE,TRUE
"CNA_event_000857","PAVXSB","HETDEL","9",21836093,21993801,857,157709,468,1,3,"1;2;3","1;2;3","ENSE00001833804;ENSE00003496053;ENSE00003529527",1,3,156,1,TRUE,FALSE,"whole_coding_sequence",TRUE,TRUE,TRUE,TRUE
"CNA_event_000858","PAVXMK","HETDEL","9",21477401,22496400,858,1019000,468,1,3,"1;2;3","1;2;3","ENSE00001833804;ENSE00003496053;ENSE00003529527",1,3,156,1,TRUE,FALSE,"whole_coding_sequence",TRUE,TRUE,TRUE,TRUE
"CNA_event_000859","PAVWJA","HETDEL","9",21955001,22063300,859,108300,468,1,3,"1;2;3","1;2;3","ENSE00001833804;ENSE00003496053;ENSE00003529527",1,3,156,1,TRUE,FALSE,"whole_coding_sequence",TRUE,TRUE,TRUE,TRUE
"CNA_event_000860","PAVNSM","HETDEL","9",21101701,23135800,860,2034100,468,1,3,"1;2;3","1;2;3","ENSE00001833804;ENSE00003496053;ENSE00003529527",1,3,156,1,TRUE,FALSE,"whole_coding_sequence",TRUE,TRUE,TRUE,TRUE
"CNA_event_000862","PAVMPT","HETDEL","9",21833401,22010800,862,177400,468,1,3,"1;2;3","1;2;3","ENSE00001833804;ENSE00003496053;ENSE00003529527",1,3,156,1,TRUE,FALSE,"whole_coding_sequence",TRUE,TRUE,TRUE,TRUE
"CNA_event_000863","PAVKYJ","HETDEL","9",20739501,22496600,863,1757100,468,1,3,"1;2;3","1;2;3","ENSE00001833804;ENSE00003496053;ENSE00003529527",1,3,156,1,TRUE,FALSE,"whole_coding_sequence",TRUE,TRUE,TRUE,TRUE
"CNA_event_000864","PAVHJW","HETDEL","9",21828301,21993800,864,165500,468,1,3,"1;2;3","1;2;3","ENSE00001833804;ENSE00003496053;ENSE00003529527",1,3,156,1,TRUE,FALSE,"whole_coding_sequence",TRUE,TRUE,TRUE,TRUE
"CNA_event_000865","PAVEUZ","HETDEL","9",21895501,22012100,865,116600,468,1,3,"1;2;3","1;2;3","ENSE00001833804;ENSE00003496053;ENSE00003529527",1,3,156,1,TRUE,FALSE,"whole_coding_sequence",TRUE,TRUE,TRUE,TRUE
"CNA_event_000867","PAVCYC","HETDEL","9",21825301,21993400,867,168100,468,1,3,"1;2;3","1;2;3","ENSE00001833804;ENSE00003496053;ENSE00003529527",1,3,156,1,TRUE,FALSE,"whole_coding_sequence",TRUE,TRUE,TRUE,TRUE
"CNA_event_000868","PAVBUB","HETDEL","9",21854301,22078600,868,224300,468,1,3,"1;2;3","1;2;3","ENSE00001833804;ENSE00003496053;ENSE00003529527",1,3,156,1,TRUE,FALSE,"whole_coding_sequence",TRUE,TRUE,TRUE,TRUE
"CNA_event_000869","PAVAWP","HETDEL","9",21955701,21993800,869,38100,468,1,3,"1;2;3","1;2;3","ENSE00001833804;ENSE00003496053;ENSE00003529527",1,3,156,1,TRUE,FALSE,"whole_coding_sequence",TRUE,TRUE,TRUE,TRUE
"CNA_event_000870","PAUZZA","HETDEL","9",21483001,21975700,870,492700,468,1,3,"1;2;3","1;2;3","ENSE00001833804;ENSE00003496053;ENSE00003529527",1,3,156,1,TRUE,FALSE,"whole_coding_sequence",TRUE,TRUE,TRUE,TRUE
"CNA_event_000871","PAUZBJ","HETDEL","9",21947901,21994100,871,46200,468,1,3,"1;2;3","1;2;3","ENSE00001833804;ENSE00003496053;ENSE00003529527",1,3,156,1,TRUE,FALSE,"whole_coding_sequence",TRUE,TRUE,TRUE,TRUE
"CNA_event_000872","PAUYJE","HETDEL","9",21825201,21970900,872,145700,11,0.0235042735042735,1,"3","3","ENSE00003529527",3,3,4,0.0256410256410256,TRUE,TRUE,"high_resolution_le_50pct",FALSE,FALSE,FALSE,FALSE
"CNA_event_000873","PAUYID","HETDEL","9",21877901,22034700,873,156800,468,1,3,"1;2;3","1;2;3","ENSE00001833804;ENSE00003496053;ENSE00003529527",1,3,156,1,TRUE,FALSE,"whole_coding_sequence",TRUE,TRUE,TRUE,TRUE
"CNA_event_000875","PAUVFE","HETDEL","9",21827201,21993600,875,166400,468,1,3,"1;2;3","1;2;3","ENSE00001833804;ENSE00003496053;ENSE00003529527",1,3,156,1,TRUE,FALSE,"whole_coding_sequence",TRUE,TRUE,TRUE,TRUE
"CNA_event_000876","PAUTWN","HETDEL","9",21852001,21975300,876,123300,468,1,3,"1;2;3","1;2;3","ENSE00001833804;ENSE00003496053;ENSE00003529527",1,3,156,1,TRUE,FALSE,"whole_coding_sequence",TRUE,TRUE,TRUE,TRUE
"CNA_event_000877","PAURGS","HETDEL","9",21845101,21985600,877,140500,468,1,3,"1;2;3","1;2;3","ENSE00001833804;ENSE00003496053;ENSE00003529527",1,3,156,1,TRUE,FALSE,"whole_coding_sequence",TRUE,TRUE,TRUE,TRUE
"CNA_event_000879","PAUPFF","HETDEL","9",21796801,22052700,879,255900,468,1,3,"1;2;3","1;2;3","ENSE00001833804;ENSE00003496053;ENSE00003529527",1,3,156,1,TRUE,FALSE,"whole_coding_sequence",TRUE,TRUE,TRUE,TRUE
"CNA_event_000880","PAUMNE","HETDEL","9",19192201,24696800,880,5504600,468,1,3,"1;2;3","1;2;3","ENSE00001833804;ENSE00003496053;ENSE00003529527",1,3,156,1,TRUE,FALSE,"whole_coding_sequence",TRUE,TRUE,TRUE,TRUE
"CNA_event_000881","PAUMHZ","HETDEL","9",21962401,22008400,881,46000,468,1,3,"1;2;3","1;2;3","ENSE00001833804;ENSE00003496053;ENSE00003529527",1,3,156,1,TRUE,FALSE,"whole_coding_sequence",TRUE,TRUE,TRUE,TRUE
"CNA_event_000886","PAUBGA","HETDEL","9",21214801,22132100,886,917300,468,1,3,"1;2;3","1;2;3","ENSE00001833804;ENSE00003496053;ENSE00003529527",1,3,156,1,TRUE,FALSE,"whole_coding_sequence",TRUE,TRUE,TRUE,TRUE
"CNA_event_000887","PAUAVW","HETDEL","9",20668601,23362700,887,2694100,468,1,3,"1;2;3","1;2;3","ENSE00001833804;ENSE00003496053;ENSE00003529527",1,3,156,1,TRUE,FALSE,"whole_coding_sequence",TRUE,TRUE,TRUE,TRUE
"CNA_event_000888","PAUANG","HETDEL","9",21944301,21977700,888,33400,468,1,3,"1;2;3","1;2;3","ENSE00001833804;ENSE00003496053;ENSE00003529527",1,3,156,1,TRUE,FALSE,"whole_coding_sequence",TRUE,TRUE,TRUE,TRUE
"CNA_event_000889","PAUAMR","HETDEL","9",21914501,21993800,889,79300,468,1,3,"1;2;3","1;2;3","ENSE00001833804;ENSE00003496053;ENSE00003529527",1,3,156,1,TRUE,FALSE,"whole_coding_sequence",TRUE,TRUE,TRUE,TRUE
"CNA_event_000891","PATXTC","HETDEL","9",21459401,22440100,891,980700,468,1,3,"1;2;3","1;2;3","ENSE00001833804;ENSE00003496053;ENSE00003529527",1,3,156,1,TRUE,FALSE,"whole_coding_sequence",TRUE,TRUE,TRUE,TRUE
"CNA_event_000892","PATVTZ","HETDEL","9",21917801,21971700,892,53900,318,0.67948717948718,2,"2;3","2;3","ENSE00003496053;ENSE00003529527",2,3,106,0.67948717948718,TRUE,TRUE,"moderate_resolution_50_75pct",TRUE,FALSE,FALSE,FALSE
"CNA_event_000895","PATSJU","HETDEL","9",20621301,22243700,895,1622400,468,1,3,"1;2;3","1;2;3","ENSE00001833804;ENSE00003496053;ENSE00003529527",1,3,156,1,TRUE,FALSE,"whole_coding_sequence",TRUE,TRUE,TRUE,TRUE
"CNA_event_000897","PATRAB","HETDEL","9",20986801,22279600,897,1292800,468,1,3,"1;2;3","1;2;3","ENSE00001833804;ENSE00003496053;ENSE00003529527",1,3,156,1,TRUE,FALSE,"whole_coding_sequence",TRUE,TRUE,TRUE,TRUE
"CNA_event_000898","PATPDA","HETDEL","9",21969701,21980600,898,10900,457,0.976495726495726,2,"1;2","1;2","ENSE00001833804;ENSE00003496053",1,2,153,0.980769230769231,TRUE,TRUE,"very_low_resolution_90_lt_100pct",TRUE,TRUE,TRUE,FALSE
"CNA_event_000900","PATKZH","HETDEL","9",20624501,27546000,900,6921500,468,1,3,"1;2;3","1;2;3","ENSE00001833804;ENSE00003496053;ENSE00003529527",1,3,156,1,TRUE,FALSE,"whole_coding_sequence",TRUE,TRUE,TRUE,TRUE
"CNA_event_000901","PATJCZ","HETDEL","9",20515701,22311100,901,1795400,468,1,3,"1;2;3","1;2;3","ENSE00001833804;ENSE00003496053;ENSE00003529527",1,3,156,1,TRUE,FALSE,"whole_coding_sequence",TRUE,TRUE,TRUE,TRUE
"CNA_event_000902","PATAUC","HETDEL","9",21881601,21980600,902,99000,468,1,3,"1;2;3","1;2;3","ENSE00001833804;ENSE00003496053;ENSE00003529527",1,3,156,1,TRUE,FALSE,"whole_coding_sequence",TRUE,TRUE,TRUE,TRUE
"CNA_event_000903","PATALF","HETDEL","9",21955201,21993400,903,38200,468,1,3,"1;2;3","1;2;3","ENSE00001833804;ENSE00003496053;ENSE00003529527",1,3,156,1,TRUE,FALSE,"whole_coding_sequence",TRUE,TRUE,TRUE,TRUE
"CNA_event_000904","PASWSR","HETDEL","9",21973601,22008700,904,35100,150,0.320512820512821,1,"1","1","ENSE00001833804",1,1,50,0.320512820512821,TRUE,TRUE,"high_resolution_le_50pct",FALSE,FALSE,FALSE,FALSE
"CNA_event_000906","PASVYP","HETDEL","9",21900001,22064600,906,164600,468,1,3,"1;2;3","1;2;3","ENSE00001833804;ENSE00003496053;ENSE00003529527",1,3,156,1,TRUE,FALSE,"whole_coding_sequence",TRUE,TRUE,TRUE,TRUE
"CNA_event_000907","PASVLD","HETDEL","9",21054201,24720600,907,3666400,468,1,3,"1;2;3","1;2;3","ENSE00001833804;ENSE00003496053;ENSE00003529527",1,3,156,1,TRUE,FALSE,"whole_coding_sequence",TRUE,TRUE,TRUE,TRUE
"CNA_event_000908","PASSZA","HETDEL","9",21803001,22010100,908,207100,468,1,3,"1;2;3","1;2;3","ENSE00001833804;ENSE00003496053;ENSE00003529527",1,3,156,1,TRUE,FALSE,"whole_coding_sequence",TRUE,TRUE,TRUE,TRUE
"CNA_event_000909","PASRUK","HETDEL","9",20979101,37143800,909,16164700,468,1,3,"1;2;3","1;2;3","ENSE00001833804;ENSE00003496053;ENSE00003529527",1,3,156,1,TRUE,FALSE,"whole_coding_sequence",TRUE,TRUE,TRUE,TRUE
"CNA_event_000910","PASPNW","HETDEL","9",21968501,21994100,910,25600,457,0.976495726495726,2,"1;2","1;2","ENSE00001833804;ENSE00003496053",1,2,153,0.980769230769231,TRUE,TRUE,"very_low_resolution_90_lt_100pct",TRUE,TRUE,TRUE,FALSE
"CNA_event_000911","PASPJU","HETDEL","9",21300801,22085200,911,784400,468,1,3,"1;2;3","1;2;3","ENSE00001833804;ENSE00003496053;ENSE00003529527",1,3,156,1,TRUE,FALSE,"whole_coding_sequence",TRUE,TRUE,TRUE,TRUE
"CNA_event_000912","PASPJR","HETDEL","9",21832801,22908700,912,1075900,468,1,3,"1;2;3","1;2;3","ENSE00001833804;ENSE00003496053;ENSE00003529527",1,3,156,1,TRUE,FALSE,"whole_coding_sequence",TRUE,TRUE,TRUE,TRUE
"CNA_event_000914","PASILW","HETDEL","9",21827701,22008300,914,180600,468,1,3,"1;2;3","1;2;3","ENSE00001833804;ENSE00003496053;ENSE00003529527",1,3,156,1,TRUE,FALSE,"whole_coding_sequence",TRUE,TRUE,TRUE,TRUE
"CNA_event_000915","PASGRD","HETDEL","9",21972601,22044500,915,71900,150,0.320512820512821,1,"1","1","ENSE00001833804",1,1,50,0.320512820512821,TRUE,TRUE,"high_resolution_le_50pct",FALSE,FALSE,FALSE,FALSE
"CNA_event_000916","PASGMR","HETDEL","9",21880501,22024800,916,144300,468,1,3,"1;2;3","1;2;3","ENSE00001833804;ENSE00003496053;ENSE00003529527",1,3,156,1,TRUE,FALSE,"whole_coding_sequence",TRUE,TRUE,TRUE,TRUE
"CNA_event_000919","PARXPZ","HETDEL","9",20685601,21972800,919,1287200,318,0.67948717948718,2,"2;3","2;3","ENSE00003496053;ENSE00003529527",2,3,106,0.67948717948718,TRUE,TRUE,"moderate_resolution_50_75pct",TRUE,FALSE,FALSE,FALSE
"CNA_event_000920","PARWNW","HETDEL","9",21825601,22496600,920,671000,468,1,3,"1;2;3","1;2;3","ENSE00001833804;ENSE00003496053;ENSE00003529527",1,3,156,1,TRUE,FALSE,"whole_coding_sequence",TRUE,TRUE,TRUE,TRUE
"CNA_event_000921","PARVDS","HETDEL","9",21836101,21993800,921,157700,468,1,3,"1;2;3","1;2;3","ENSE00001833804;ENSE00003496053;ENSE00003529527",1,3,156,1,TRUE,FALSE,"whole_coding_sequence",TRUE,TRUE,TRUE,TRUE
"CNA_event_000923","PARKLK","HETDEL","9",21833901,21993900,923,160000,468,1,3,"1;2;3","1;2;3","ENSE00001833804;ENSE00003496053;ENSE00003529527",1,3,156,1,TRUE,FALSE,"whole_coding_sequence",TRUE,TRUE,TRUE,TRUE
"CNA_event_000924","PAWLSN","HETDEL","9",21666801,21973900,924,307100,318,0.67948717948718,2,"2;3","2;3","ENSE00003496053;ENSE00003529527",2,3,106,0.67948717948718,TRUE,TRUE,"moderate_resolution_50_75pct",TRUE,FALSE,FALSE,FALSE
"CNA_event_000927","PAVZTC","HETDEL","9",10101,21972100,927,21962000,318,0.67948717948718,2,"2;3","2;3","ENSE00003496053;ENSE00003529527",2,3,106,0.67948717948718,TRUE,TRUE,"moderate_resolution_50_75pct",TRUE,FALSE,FALSE,FALSE
"CNA_event_000928","PAVYTZ","HETDEL","9",21967101,21975800,928,8700,468,1,3,"1;2;3","1;2;3","ENSE00001833804;ENSE00003496053;ENSE00003529527",1,3,156,1,TRUE,FALSE,"whole_coding_sequence",TRUE,TRUE,TRUE,TRUE
"CNA_event_000929","PAVXVA","HETDEL","9",21817801,22496500,929,678700,468,1,3,"1;2;3","1;2;3","ENSE00001833804;ENSE00003496053;ENSE00003529527",1,3,156,1,TRUE,FALSE,"whole_coding_sequence",TRUE,TRUE,TRUE,TRUE
"CNA_event_000933","PAUWRG","HETDEL","9",21809001,22213100,933,404100,468,1,3,"1;2;3","1;2;3","ENSE00001833804;ENSE00003496053;ENSE00003529527",1,3,156,1,TRUE,FALSE,"whole_coding_sequence",TRUE,TRUE,TRUE,TRUE
"CNA_event_000935","PAUUCY","HETDEL","9",21954401,22008800,935,54400,468,1,3,"1;2;3","1;2;3","ENSE00001833804;ENSE00003496053;ENSE00003529527",1,3,156,1,TRUE,FALSE,"whole_coding_sequence",TRUE,TRUE,TRUE,TRUE
"CNA_event_000936","PAUTZD","HETDEL","9",21948401,22064400,936,116000,468,1,3,"1;2;3","1;2;3","ENSE00001833804;ENSE00003496053;ENSE00003529527",1,3,156,1,TRUE,FALSE,"whole_coding_sequence",TRUE,TRUE,TRUE,TRUE
"CNA_event_000937","PAUJYN","HETDEL","9",21971901,22347700,937,375800,150,0.320512820512821,1,"1","1","ENSE00001833804",1,1,50,0.320512820512821,TRUE,TRUE,"high_resolution_le_50pct",FALSE,FALSE,FALSE,FALSE
"CNA_event_000939","PATSRU","HETDEL","9",21834501,21993200,939,158700,468,1,3,"1;2;3","1;2;3","ENSE00001833804;ENSE00003496053;ENSE00003529527",1,3,156,1,TRUE,FALSE,"whole_coding_sequence",TRUE,TRUE,TRUE,TRUE
"CNA_event_000943","PATCML","HETDEL","9",10101,21973000,943,21962900,318,0.67948717948718,2,"2;3","2;3","ENSE00003496053;ENSE00003529527",2,3,106,0.67948717948718,TRUE,TRUE,"moderate_resolution_50_75pct",TRUE,FALSE,FALSE,FALSE
"CNA_event_000944","PASYSM","HETDEL","9",21931301,21993300,944,62000,468,1,3,"1;2;3","1;2;3","ENSE00001833804;ENSE00003496053;ENSE00003529527",1,3,156,1,TRUE,FALSE,"whole_coding_sequence",TRUE,TRUE,TRUE,TRUE
"CNA_event_000945","PASVJM","HETDEL","9",12130601,21975300,945,9844700,468,1,3,"1;2;3","1;2;3","ENSE00001833804;ENSE00003496053;ENSE00003529527",1,3,156,1,TRUE,FALSE,"whole_coding_sequence",TRUE,TRUE,TRUE,TRUE
"CNA_event_000946","PASRAF","HETDEL","9",21971901,22496500,946,524600,150,0.320512820512821,1,"1","1","ENSE00001833804",1,1,50,0.320512820512821,TRUE,TRUE,"high_resolution_le_50pct",FALSE,FALSE,FALSE,FALSE
"CNA_event_000950","PASFSI","HETDEL","9",20917501,23362800,950,2445300,468,1,3,"1;2;3","1;2;3","ENSE00001833804;ENSE00003496053;ENSE00003529527",1,3,156,1,TRUE,FALSE,"whole_coding_sequence",TRUE,TRUE,TRUE,TRUE
"CNA_event_000951","PARXVS","HETDEL","9",21665601,23174900,951,1509300,468,1,3,"1;2;3","1;2;3","ENSE00001833804;ENSE00003496053;ENSE00003529527",1,3,156,1,TRUE,FALSE,"whole_coding_sequence",TRUE,TRUE,TRUE,TRUE
"CNA_event_000952","PARPHB","HETDEL","9",21794301,22076700,952,282400,468,1,3,"1;2;3","1;2;3","ENSE00001833804;ENSE00003496053;ENSE00003529527",1,3,156,1,TRUE,FALSE,"whole_coding_sequence",TRUE,TRUE,TRUE,TRUE
"CNA_event_000954","PAVZVG","HETDEL","9",21862601,22991200,954,1128600,468,1,3,"1;2;3","1;2;3","ENSE00001833804;ENSE00003496053;ENSE00003529527",1,3,156,1,TRUE,FALSE,"whole_coding_sequence",TRUE,TRUE,TRUE,TRUE
"CNA_event_000955","PARLGK","HETDEL","9",21755401,23470600,955,1715200,468,1,3,"1;2;3","1;2;3","ENSE00001833804;ENSE00003496053;ENSE00003529527",1,3,156,1,TRUE,FALSE,"whole_coding_sequence",TRUE,TRUE,TRUE,TRUE
"CNA_event_000956","PAVPUV","HETDEL","9",21885301,23036700,956,1151400,468,1,3,"1;2;3","1;2;3","ENSE00001833804;ENSE00003496053;ENSE00003529527",1,3,156,1,TRUE,FALSE,"whole_coding_sequence",TRUE,TRUE,TRUE,TRUE
"CNA_event_000957","PAVMYX","HETDEL","9",21541901,21990600,957,448700,468,1,3,"1;2;3","1;2;3","ENSE00001833804;ENSE00003496053;ENSE00003529527",1,3,156,1,TRUE,FALSE,"whole_coding_sequence",TRUE,TRUE,TRUE,TRUE
"CNA_event_000958","PAUGVW","HETDEL","9",20622701,21980100,958,1357400,468,1,3,"1;2;3","1;2;3","ENSE00001833804;ENSE00003496053;ENSE00003529527",1,3,156,1,TRUE,FALSE,"whole_coding_sequence",TRUE,TRUE,TRUE,TRUE
"CNA_event_000959","PATAHP","HETDEL","9",21970201,22323700,959,353500,457,0.976495726495726,2,"1;2","1;2","ENSE00001833804;ENSE00003496053",1,2,153,0.980769230769231,TRUE,TRUE,"very_low_resolution_90_lt_100pct",TRUE,TRUE,TRUE,FALSE
"CNA_event_000960","PAVGSF","HETDEL","9",20658701,22281700,960,1623000,468,1,3,"1;2;3","1;2;3","ENSE00001833804;ENSE00003496053;ENSE00003529527",1,3,156,1,TRUE,FALSE,"whole_coding_sequence",TRUE,TRUE,TRUE,TRUE
"CNA_event_000961","PAUPVR","HETDEL","9",21966701,21974200,961,7500,318,0.67948717948718,2,"2;3","2;3","ENSE00003496053;ENSE00003529527",2,3,106,0.67948717948718,TRUE,TRUE,"moderate_resolution_50_75pct",TRUE,FALSE,FALSE,FALSE
"CNA_event_000964","PAREWU","HETDEL","9",21966901,21991600,964,24700,468,1,3,"1;2;3","1;2;3","ENSE00001833804;ENSE00003496053;ENSE00003529527",1,3,156,1,TRUE,FALSE,"whole_coding_sequence",TRUE,TRUE,TRUE,TRUE
"CNA_event_000966","PAWBPD","HETDEL","9",15823101,21983900,966,6160800,468,1,3,"1;2;3","1;2;3","ENSE00001833804;ENSE00003496053;ENSE00003529527",1,3,156,1,TRUE,FALSE,"whole_coding_sequence",TRUE,TRUE,TRUE,TRUE
"CNA_event_000968","PAVRLT","HETDEL","9",17914801,28202800,968,10288000,468,1,3,"1;2;3","1;2;3","ENSE00001833804;ENSE00003496053;ENSE00003529527",1,3,156,1,TRUE,FALSE,"whole_coding_sequence",TRUE,TRUE,TRUE,TRUE
"CNA_event_000969","PAVNFU","HETDEL","9",21828401,21993800,969,165400,468,1,3,"1;2;3","1;2;3","ENSE00001833804;ENSE00003496053;ENSE00003529527",1,3,156,1,TRUE,FALSE,"whole_coding_sequence",TRUE,TRUE,TRUE,TRUE
"CNA_event_000973","PAULCK","HETDEL","9",21931601,21987300,973,55700,468,1,3,"1;2;3","1;2;3","ENSE00001833804;ENSE00003496053;ENSE00003529527",1,3,156,1,TRUE,FALSE,"whole_coding_sequence",TRUE,TRUE,TRUE,TRUE
"CNA_event_000974","PAUKYJ","HETDEL","9",21918401,22496200,974,577800,468,1,3,"1;2;3","1;2;3","ENSE00001833804;ENSE00003496053;ENSE00003529527",1,3,156,1,TRUE,FALSE,"whole_coding_sequence",TRUE,TRUE,TRUE,TRUE
"CNA_event_000977","PATHFE","HETDEL","9",6812201,40907300,977,34095100,468,1,3,"1;2;3","1;2;3","ENSE00001833804;ENSE00003496053;ENSE00003529527",1,3,156,1,TRUE,FALSE,"whole_coding_sequence",TRUE,TRUE,TRUE,TRUE
"CNA_event_000978","PATDGZ","HETDEL","9",15823101,22496500,978,6673400,468,1,3,"1;2;3","1;2;3","ENSE00001833804;ENSE00003496053;ENSE00003529527",1,3,156,1,TRUE,FALSE,"whole_coding_sequence",TRUE,TRUE,TRUE,TRUE
"CNA_event_000980","PASGUH","HETDEL","9",10101,21970900,980,21960800,11,0.0235042735042735,1,"3","3","ENSE00003529527",3,3,4,0.0256410256410256,TRUE,TRUE,"high_resolution_le_50pct",FALSE,FALSE,FALSE,FALSE
"CNA_event_000981","PASGDZ","HETDEL","9",21829701,21993800,981,164100,468,1,3,"1;2;3","1;2;3","ENSE00001833804;ENSE00003496053;ENSE00003529527",1,3,156,1,TRUE,FALSE,"whole_coding_sequence",TRUE,TRUE,TRUE,TRUE
"CNA_event_000982","PARVSC","HETDEL","9",21408201,22119400,982,711200,468,1,3,"1;2;3","1;2;3","ENSE00001833804;ENSE00003496053;ENSE00003529527",1,3,156,1,TRUE,FALSE,"whole_coding_sequence",TRUE,TRUE,TRUE,TRUE
"CNA_event_000983","PAVYDR","HETDEL","9",10101,39839100,983,39829000,468,1,3,"1;2;3","1;2;3","ENSE00001833804;ENSE00003496053;ENSE00003529527",1,3,156,1,TRUE,FALSE,"whole_coding_sequence",TRUE,TRUE,TRUE,TRUE
"CNA_event_000985","PAUWNK","HETDEL","9",10101,30736100,985,30726000,468,1,3,"1;2;3","1;2;3","ENSE00001833804;ENSE00003496053;ENSE00003529527",1,3,156,1,TRUE,FALSE,"whole_coding_sequence",TRUE,TRUE,TRUE,TRUE
"CNA_event_000986","PAUTRX","HETDEL","9",19395601,22295300,986,2899700,468,1,3,"1;2;3","1;2;3","ENSE00001833804;ENSE00003496053;ENSE00003529527",1,3,156,1,TRUE,FALSE,"whole_coding_sequence",TRUE,TRUE,TRUE,TRUE
"CNA_event_000988","PATLMA","HETDEL","9",21191901,22972000,988,1780100,468,1,3,"1;2;3","1;2;3","ENSE00001833804;ENSE00003496053;ENSE00003529527",1,3,156,1,TRUE,FALSE,"whole_coding_sequence",TRUE,TRUE,TRUE,TRUE
"CNA_event_000990","PATBRV","HETDEL","9",21946301,22041200,990,94900,468,1,3,"1;2;3","1;2;3","ENSE00001833804;ENSE00003496053;ENSE00003529527",1,3,156,1,TRUE,FALSE,"whole_coding_sequence",TRUE,TRUE,TRUE,TRUE
"CNA_event_000991","PATAYT","HETDEL","9",10101,23362800,991,23352700,468,1,3,"1;2;3","1;2;3","ENSE00001833804;ENSE00003496053;ENSE00003529527",1,3,156,1,TRUE,FALSE,"whole_coding_sequence",TRUE,TRUE,TRUE,TRUE
"CNA_event_000992","PASWNU","HETDEL","9",10101,23362600,992,23352500,468,1,3,"1;2;3","1;2;3","ENSE00001833804;ENSE00003496053;ENSE00003529527",1,3,156,1,TRUE,FALSE,"whole_coding_sequence",TRUE,TRUE,TRUE,TRUE
"CNA_event_000993","PASRNF","HETDEL","9",21825501,21994200,993,168700,468,1,3,"1;2;3","1;2;3","ENSE00001833804;ENSE00003496053;ENSE00003529527",1,3,156,1,TRUE,FALSE,"whole_coding_sequence",TRUE,TRUE,TRUE,TRUE
"CNA_event_000995","PARWID","HETDEL","9",21972001,33140600,995,11168600,150,0.320512820512821,1,"1","1","ENSE00001833804",1,1,50,0.320512820512821,TRUE,TRUE,"high_resolution_le_50pct",FALSE,FALSE,FALSE,FALSE
"CNA_event_000996","PAVARZ","HETDEL","9",21616401,23362800,996,1746400,468,1,3,"1;2;3","1;2;3","ENSE00001833804;ENSE00003496053;ENSE00003529527",1,3,156,1,TRUE,FALSE,"whole_coding_sequence",TRUE,TRUE,TRUE,TRUE
"CNA_event_000998","PAWFLB","HETDEL","9",17407001,23362600,998,5955600,468,1,3,"1;2;3","1;2;3","ENSE00001833804;ENSE00003496053;ENSE00003529527",1,3,156,1,TRUE,FALSE,"whole_coding_sequence",TRUE,TRUE,TRUE,TRUE
"CNA_event_000999","PAVLKA","HETDEL","9",21864201,21994900,999,130700,468,1,3,"1;2;3","1;2;3","ENSE00001833804;ENSE00003496053;ENSE00003529527",1,3,156,1,TRUE,FALSE,"whole_coding_sequence",TRUE,TRUE,TRUE,TRUE
"CNA_event_001002","PATLWX","HETDEL","9",21891801,22172600,1002,280800,468,1,3,"1;2;3","1;2;3","ENSE00001833804;ENSE00003496053;ENSE00003529527",1,3,156,1,TRUE,FALSE,"whole_coding_sequence",TRUE,TRUE,TRUE,TRUE
"CNA_event_001003","PAWHJR","HETDEL","9",8721601,23362800,1003,14641200,468,1,3,"1;2;3","1;2;3","ENSE00001833804;ENSE00003496053;ENSE00003529527",1,3,156,1,TRUE,FALSE,"whole_coding_sequence",TRUE,TRUE,TRUE,TRUE
"CNA_event_001004","PAUSNZ","HETDEL","9",21305801,22556400,1004,1250600,468,1,3,"1;2;3","1;2;3","ENSE00001833804;ENSE00003496053;ENSE00003529527",1,3,156,1,TRUE,FALSE,"whole_coding_sequence",TRUE,TRUE,TRUE,TRUE
"CNA_event_001005","PATIYA","HETDEL","9",21830201,22011400,1005,181200,468,1,3,"1;2;3","1;2;3","ENSE00001833804;ENSE00003496053;ENSE00003529527",1,3,156,1,TRUE,FALSE,"whole_coding_sequence",TRUE,TRUE,TRUE,TRUE
"CNA_event_001007","PASZJW","HETDEL","9",21836001,21971800,1007,135800,318,0.67948717948718,2,"2;3","2;3","ENSE00003496053;ENSE00003529527",2,3,106,0.67948717948718,TRUE,TRUE,"moderate_resolution_50_75pct",TRUE,FALSE,FALSE,FALSE
"CNA_event_001008","PAVLUN","HETDEL","9",21825901,22169200,1008,343300,468,1,3,"1;2;3","1;2;3","ENSE00001833804;ENSE00003496053;ENSE00003529527",1,3,156,1,TRUE,FALSE,"whole_coding_sequence",TRUE,TRUE,TRUE,TRUE
"CNA_event_001009","PAVFKN","HETDEL","9",21967001,22146500,1009,179500,468,1,3,"1;2;3","1;2;3","ENSE00001833804;ENSE00003496053;ENSE00003529527",1,3,156,1,TRUE,FALSE,"whole_coding_sequence",TRUE,TRUE,TRUE,TRUE
"CNA_event_001011","PAUUZY","HETDEL","9",10101,32205200,1011,32195100,468,1,3,"1;2;3","1;2;3","ENSE00001833804;ENSE00003496053;ENSE00003529527",1,3,156,1,TRUE,FALSE,"whole_coding_sequence",TRUE,TRUE,TRUE,TRUE
"CNA_event_001012","PAUUXK","HETDEL","9",12163001,21972600,1012,9809600,318,0.67948717948718,2,"2;3","2;3","ENSE00003496053;ENSE00003529527",2,3,106,0.67948717948718,TRUE,TRUE,"moderate_resolution_50_75pct",TRUE,FALSE,FALSE,FALSE
"CNA_event_001014","PAUELB","HETDEL","9",10101,28570100,1014,28560000,468,1,3,"1;2;3","1;2;3","ENSE00001833804;ENSE00003496053;ENSE00003529527",1,3,156,1,TRUE,FALSE,"whole_coding_sequence",TRUE,TRUE,TRUE,TRUE
"CNA_event_001015","PATXAL","HETDEL","9",15821901,23362700,1015,7540800,468,1,3,"1;2;3","1;2;3","ENSE00001833804;ENSE00003496053;ENSE00003529527",1,3,156,1,TRUE,FALSE,"whole_coding_sequence",TRUE,TRUE,TRUE,TRUE
"CNA_event_001016","PATCNG","HETDEL","9",528001,36139600,1016,35611600,468,1,3,"1;2;3","1;2;3","ENSE00001833804;ENSE00003496053;ENSE00003529527",1,3,156,1,TRUE,FALSE,"whole_coding_sequence",TRUE,TRUE,TRUE,TRUE
"CNA_event_001018","PARICC","HETDEL","9",21635401,22496600,1018,861200,468,1,3,"1;2;3","1;2;3","ENSE00001833804;ENSE00003496053;ENSE00003529527",1,3,156,1,TRUE,FALSE,"whole_coding_sequence",TRUE,TRUE,TRUE,TRUE
"CNA_event_001019","PARGIR","HETDEL","9",10101,23362800,1019,23352700,468,1,3,"1;2;3","1;2;3","ENSE00001833804;ENSE00003496053;ENSE00003529527",1,3,156,1,TRUE,FALSE,"whole_coding_sequence",TRUE,TRUE,TRUE,TRUE
"CNA_event_001020","PARDFP","HETDEL","9",21455001,22425700,1020,970700,468,1,3,"1;2;3","1;2;3","ENSE00001833804;ENSE00003496053;ENSE00003529527",1,3,156,1,TRUE,FALSE,"whole_coding_sequence",TRUE,TRUE,TRUE,TRUE
"CNA_event_001022","PATFMG","HETDEL","9",21868101,21971800,1022,103700,318,0.67948717948718,2,"2;3","2;3","ENSE00003496053;ENSE00003529527",2,3,106,0.67948717948718,TRUE,TRUE,"moderate_resolution_50_75pct",TRUE,FALSE,FALSE,FALSE
"CNA_event_001023","PARJSM","HETDEL","9",21901601,22033800,1023,132200,468,1,3,"1;2;3","1;2;3","ENSE00001833804;ENSE00003496053;ENSE00003529527",1,3,156,1,TRUE,FALSE,"whole_coding_sequence",TRUE,TRUE,TRUE,TRUE
"CNA_event_001024","PARFXJ","HETDEL","9",15509301,39589000,1024,24079700,468,1,3,"1;2;3","1;2;3","ENSE00001833804;ENSE00003496053;ENSE00003529527",1,3,156,1,TRUE,FALSE,"whole_coding_sequence",TRUE,TRUE,TRUE,TRUE
"CNA_event_001025","PAWGYN","HETDEL","9",21253801,22496500,1025,1242700,468,1,3,"1;2;3","1;2;3","ENSE00001833804;ENSE00003496053;ENSE00003529527",1,3,156,1,TRUE,FALSE,"whole_coding_sequence",TRUE,TRUE,TRUE,TRUE
"CNA_event_001026","PAWFBC","HETDEL","9",5339601,22496500,1026,17156900,468,1,3,"1;2;3","1;2;3","ENSE00001833804;ENSE00003496053;ENSE00003529527",1,3,156,1,TRUE,FALSE,"whole_coding_sequence",TRUE,TRUE,TRUE,TRUE
"CNA_event_001027","PAVHBN","HETDEL","9",21955101,22021300,1027,66200,468,1,3,"1;2;3","1;2;3","ENSE00001833804;ENSE00003496053;ENSE00003529527",1,3,156,1,TRUE,FALSE,"whole_coding_sequence",TRUE,TRUE,TRUE,TRUE
"CNA_event_001028","PAVHAV","HETDEL","9",21866201,21994200,1028,128000,468,1,3,"1;2;3","1;2;3","ENSE00001833804;ENSE00003496053;ENSE00003529527",1,3,156,1,TRUE,FALSE,"whole_coding_sequence",TRUE,TRUE,TRUE,TRUE
"CNA_event_001030","PAUKDP","HETDEL","9",19806801,22496500,1030,2689700,468,1,3,"1;2;3","1;2;3","ENSE00001833804;ENSE00003496053;ENSE00003529527",1,3,156,1,TRUE,FALSE,"whole_coding_sequence",TRUE,TRUE,TRUE,TRUE
"CNA_event_001031","PAUDVG","HETDEL","9",15963801,24614000,1031,8650200,468,1,3,"1;2;3","1;2;3","ENSE00001833804;ENSE00003496053;ENSE00003529527",1,3,156,1,TRUE,FALSE,"whole_coding_sequence",TRUE,TRUE,TRUE,TRUE
"CNA_event_001032","PAUBGT","HETDEL","9",10101,22496300,1032,22486200,468,1,3,"1;2;3","1;2;3","ENSE00001833804;ENSE00003496053;ENSE00003529527",1,3,156,1,TRUE,FALSE,"whole_coding_sequence",TRUE,TRUE,TRUE,TRUE
"CNA_event_001033","PATJHK","HETDEL","9",11569501,23362800,1033,11793300,468,1,3,"1;2;3","1;2;3","ENSE00001833804;ENSE00003496053;ENSE00003529527",1,3,156,1,TRUE,FALSE,"whole_coding_sequence",TRUE,TRUE,TRUE,TRUE
"CNA_event_001034","PASJMC","HETDEL","9",21833401,23077900,1034,1244500,468,1,3,"1;2;3","1;2;3","ENSE00001833804;ENSE00003496053;ENSE00003529527",1,3,156,1,TRUE,FALSE,"whole_coding_sequence",TRUE,TRUE,TRUE,TRUE
"CNA_event_001035","PAVRYP","GAIN","9",21968183,21974217,1035,6035,318,0.67948717948718,2,"2;3","2;3","ENSE00003496053;ENSE00003529527",2,3,106,0.67948717948718,TRUE,TRUE,"moderate_resolution_50_75pct",TRUE,FALSE,FALSE,FALSE
"CNA_event_001036","PAUTUL","GAIN","9",21970758,21973944,1036,3187,307,0.655982905982906,1,"2","2","ENSE00003496053",2,2,103,0.66025641025641,TRUE,TRUE,"moderate_resolution_50_75pct",TRUE,FALSE,FALSE,FALSE
