"cluster_id","alteration_type","event_id","subject_id","event_type","detail","coding_fraction"
"SNV_cluster_0001","SNV","18","PARLIB","SNV","residue 423",NA
"SNV_cluster_0001","SNV","42","PASHNK","SNV","residue 423",NA
"SNV_cluster_0001","SNV","82","PATALJ","SNV","residue 423",NA
"SNV_cluster_0001","SNV","88","PATCZN","SNV","residue 423",NA
"SNV_cluster_0001","SNV","147","PAUEZV","SNV","residue 423",NA
"SNV_cluster_0001","SNV","157","PAUIXW","SNV","residue 423",NA
"SNV_cluster_0001","SNV","184","PAUTSB","SNV","residue 423",NA
"SNV_cluster_0001","SNV","241","PAVUFK","SNV","residue 423",NA
"SNV_cluster_0001","SNV","2","PAVYDR","SNV","residue 423",NA
"SNV_cluster_0001","SNV","261","PAWAMT","SNV","residue 423",NA
"SNV_cluster_0001","SNV","270","PAWGXI","SNV","residue 423",NA
"SNV_cluster_0001","SNV","292","PAWLYX","SNV","residue 423",NA
"SNV_cluster_0002","SNV","293","PAREDN","SNV","residue 465",NA
"SNV_cluster_0002","SNV","6","PARGFL","SNV","residue 465",NA
"SNV_cluster_0002","SNV","9","PARHLS","SNV","residue 465",NA
"SNV_cluster_0002","SNV","12","PARJNX","SNV","residue 465",NA
"SNV_cluster_0002","SNV","13","PARJSM","SNV","residue 465",NA
"SNV_cluster_0002","SNV","15","PARJXW","SNV","residue 465",NA
"SNV_cluster_0002","SNV","17","PARLGK","SNV","residue 465",NA
"SNV_cluster_0002","SNV","22","PARMIA","SNV","residue 465",NA
"SNV_cluster_0002","SNV","27","PARPUL","SNV","residue 465",NA
"SNV_cluster_0002","SNV","296","PARPYK","SNV","residue 465",NA
"SNV_cluster_0002","SNV","32","PARWMF","SNV","residue 465",NA
"SNV_cluster_0002","SNV","34","PARXFY","SNV","residue 465",NA
"SNV_cluster_0002","SNV","35","PARXVS","SNV","residue 465",NA
"SNV_cluster_0002","SNV","40","PASGUH","SNV","residue 465",NA
"SNV_cluster_0002","SNV","43","PASHXL","SNV","residue 465",NA
"SNV_cluster_0002","SNV","300","PASHYJ","SNV","residue 465",NA
"SNV_cluster_0002","SNV","45","PASJFJ","SNV","residue 465",NA
"SNV_cluster_0002","SNV","48","PASKRN","SNV","residue 465",NA
"SNV_cluster_0002","SNV","49","PASKVH","SNV","residue 465",NA
"SNV_cluster_0002","SNV","50","PASKVH","SNV","residue 465",NA
"SNV_cluster_0002","SNV","54","PASLPH","SNV","residue 465",NA
"SNV_cluster_0002","SNV","55","PASNNM","SNV","residue 465",NA
"SNV_cluster_0002","SNV","56","PASPBU","SNV","residue 465",NA
"SNV_cluster_0002","SNV","57","PASPBU","SNV","residue 465",NA
"SNV_cluster_0002","SNV","61","PASRUK","SNV","residue 465",NA
"SNV_cluster_0002","SNV","62","PASSEF","SNV","residue 465",NA
"SNV_cluster_0002","SNV","64","PASTLI","SNV","residue 465",NA
"SNV_cluster_0002","SNV","65","PASTPT","SNV","residue 465",NA
"SNV_cluster_0002","SNV","66","PASTPT","SNV","residue 465",NA
"SNV_cluster_0002","SNV","68","PASVIN","SNV","residue 465",NA
"SNV_cluster_0002","SNV","69","PASVRC","SNV","residue 465",NA
"SNV_cluster_0002","SNV","70","PASVYP","SNV","residue 465",NA
"SNV_cluster_0002","SNV","71","PASVZJ","SNV","residue 465",NA
"SNV_cluster_0002","SNV","302","PASXFB","SNV","residue 465",NA
"SNV_cluster_0002","SNV","78","PASXSI","SNV","residue 465",NA
"SNV_cluster_0002","SNV","83","PATAUC","SNV","residue 465",NA
"SNV_cluster_0002","SNV","84","PATAUZ","SNV","residue 465",NA
"SNV_cluster_0002","SNV","85","PATBPY","SNV","residue 465",NA
"SNV_cluster_0002","SNV","91","PATDBU","SNV","residue 465",NA
"SNV_cluster_0002","SNV","92","PATDBU","SNV","residue 465",NA
"SNV_cluster_0002","SNV","97","PATEAK","SNV","residue 465",NA
"SNV_cluster_0002","SNV","98","PATEBX","SNV","residue 465",NA
"SNV_cluster_0002","SNV","99","PATFVG","SNV","residue 465",NA
"SNV_cluster_0002","SNV","107","PATJBC","SNV","residue 465",NA
"SNV_cluster_0002","SNV","109","PATJRX","SNV","residue 465",NA
"SNV_cluster_0002","SNV","110","PATJZK","SNV","residue 465",NA
"SNV_cluster_0002","SNV","112","PATKGP","SNV","residue 465",NA
"SNV_cluster_0002","SNV","116","PATKRF","SNV","residue 465",NA
"SNV_cluster_0002","SNV","117","PATLGU","SNV","residue 465",NA
"SNV_cluster_0002","SNV","118","PATLNS","SNV","residue 465",NA
"SNV_cluster_0002","SNV","119","PATMPM","SNV","residue 465",NA
"SNV_cluster_0002","SNV","120","PATMVH","SNV","residue 465",NA
"SNV_cluster_0002","SNV","121","PATRFD","SNV","residue 465",NA
"SNV_cluster_0002","SNV","124","PATRNH","SNV","residue 465",NA
"SNV_cluster_0002","SNV","125","PATSEZ","SNV","residue 465",NA
"SNV_cluster_0002","SNV","128","PATUDM","SNV","residue 465",NA
"SNV_cluster_0002","SNV","129","PATUDM","SNV","residue 465",NA
"SNV_cluster_0002","SNV","135","PATYMP","SNV","residue 465",NA
"SNV_cluster_0002","SNV","136","PATZSL","SNV","residue 465",NA
"SNV_cluster_0002","SNV","138","PATZYE","SNV","residue 465",NA
"SNV_cluster_0002","SNV","139","PAUAMR","SNV","residue 465",NA
"SNV_cluster_0002","SNV","140","PAUAVW","SNV","residue 465",NA
"SNV_cluster_0002","SNV","308","PAUBGA","SNV","residue 465",NA
"SNV_cluster_0002","SNV","143","PAUBLL","SNV","residue 465",NA
"SNV_cluster_0002","SNV","144","PAUCWP","SNV","residue 465",NA
"SNV_cluster_0002","SNV","146","PAUEUC","SNV","residue 465",NA
"SNV_cluster_0002","SNV","148","PAUGAP","SNV","residue 465",NA
"SNV_cluster_0002","SNV","151","PAUGLK","SNV","residue 465",NA
"SNV_cluster_0002","SNV","152","PAUHDN","SNV","residue 465",NA
"SNV_cluster_0002","SNV","153","PAUHHF","SNV","residue 465",NA
"SNV_cluster_0002","SNV","5","PAUHTB","SNV","residue 465",NA
"SNV_cluster_0002","SNV","321","PAUIFC","SNV","residue 465",NA
"SNV_cluster_0002","SNV","154","PAUIGD","SNV","residue 465",NA
"SNV_cluster_0002","SNV","155","PAUIMK","SNV","residue 465",NA
"SNV_cluster_0002","SNV","314","PAUISV","SNV","residue 465",NA
"SNV_cluster_0002","SNV","156","PAUIXW","SNV","residue 465",NA
"SNV_cluster_0002","SNV","159","PAUJVL","SNV","residue 465",NA
"SNV_cluster_0002","SNV","163","PAULGR","SNV","residue 465",NA
"SNV_cluster_0002","SNV","164","PAULGX","SNV","residue 465",NA
"SNV_cluster_0002","SNV","165","PAULIU","SNV","residue 465",NA
"SNV_cluster_0002","SNV","176","PAURTD","SNV","residue 465",NA
"SNV_cluster_0002","SNV","178","PAUSIS","SNV","residue 465",NA
"SNV_cluster_0002","SNV","179","PAUTBM","SNV","residue 465",NA
"SNV_cluster_0002","SNV","180","PAUTLJ","SNV","residue 465",NA
"SNV_cluster_0002","SNV","187","PAUTWN","SNV","residue 465",NA
"SNV_cluster_0002","SNV","189","PAUVTP","SNV","residue 465",NA
"SNV_cluster_0002","SNV","190","PAUVZI","SNV","residue 465",NA
"SNV_cluster_0002","SNV","320","PAUWNU","SNV","residue 465",NA
"SNV_cluster_0002","SNV","191","PAUXKE","SNV","residue 465",NA
"SNV_cluster_0002","SNV","192","PAUXRV","SNV","residue 465",NA
"SNV_cluster_0002","SNV","196","PAUYMH","SNV","residue 465",NA
"SNV_cluster_0002","SNV","197","PAUZHK","SNV","residue 465",NA
"SNV_cluster_0002","SNV","198","PAUZZA","SNV","residue 465",NA
"SNV_cluster_0002","SNV","200","PAVBAW","SNV","residue 465",NA
"SNV_cluster_0002","SNV","201","PAVBPR","SNV","residue 465",NA
"SNV_cluster_0002","SNV","203","PAVCRK","SNV","residue 465",NA
"SNV_cluster_0002","SNV","205","PAVCYV","SNV","residue 465",NA
"SNV_cluster_0002","SNV","211","PAVFXU","SNV","residue 465",NA
"SNV_cluster_0002","SNV","213","PAVJHG","SNV","residue 465",NA
"SNV_cluster_0002","SNV","214","PAVJJK","SNV","residue 465",NA
"SNV_cluster_0002","SNV","215","PAVJJU","SNV","residue 465",NA
"SNV_cluster_0002","SNV","221","PAVKWV","SNV","residue 465",NA
"SNV_cluster_0002","SNV","223","PAVLMX","SNV","residue 465",NA
"SNV_cluster_0002","SNV","226","PAVMPB","SNV","residue 465",NA
"SNV_cluster_0002","SNV","228","PAVNDL","SNV","residue 465",NA
"SNV_cluster_0002","SNV","315","PAVNSM","SNV","residue 465",NA
"SNV_cluster_0002","SNV","230","PAVPCZ","SNV","residue 465",NA
"SNV_cluster_0002","SNV","240","PAVSHE","SNV","residue 465",NA
"SNV_cluster_0002","SNV","243","PAVUVZ","SNV","residue 465",NA
"SNV_cluster_0002","SNV","245","PAVVEI","SNV","residue 465",NA
"SNV_cluster_0002","SNV","246","PAVVHL","SNV","residue 465",NA
"SNV_cluster_0002","SNV","248","PAVWDF","SNV","residue 465",NA
"SNV_cluster_0002","SNV","250","PAVXBS","SNV","residue 465",NA
"SNV_cluster_0002","SNV","251","PAVXPD","SNV","residue 465",NA
"SNV_cluster_0002","SNV","252","PAVXYS","SNV","residue 465",NA
"SNV_cluster_0002","SNV","253","PAVXYS","SNV","residue 465",NA
"SNV_cluster_0002","SNV","254","PAVYTZ","SNV","residue 465",NA
"SNV_cluster_0002","SNV","255","PAVZJI","SNV","residue 465",NA
"SNV_cluster_0002","SNV","258","PAWAIH","SNV","residue 465",NA
"SNV_cluster_0002","SNV","259","PAWAMR","SNV","residue 465",NA
"SNV_cluster_0002","SNV","260","PAWAMT","SNV","residue 465",NA
"SNV_cluster_0002","SNV","263","PAWDMI","SNV","residue 465",NA
"SNV_cluster_0002","SNV","267","PAWGHS","SNV","residue 465",NA
"SNV_cluster_0002","SNV","268","PAWGPI","SNV","residue 465",NA
"SNV_cluster_0002","SNV","271","PAWGXW","SNV","residue 465",NA
"SNV_cluster_0002","SNV","272","PAWGYU","SNV","residue 465",NA
"SNV_cluster_0002","SNV","273","PAWHGU","SNV","residue 465",NA
"SNV_cluster_0002","SNV","275","PAWHIG","SNV","residue 465",NA
"SNV_cluster_0002","SNV","277","PAWIPA","SNV","residue 465",NA
"SNV_cluster_0002","SNV","279","PAWIWN","SNV","residue 465",NA
"SNV_cluster_0002","SNV","284","PAWJVB","SNV","residue 465",NA
"SNV_cluster_0002","SNV","285","PAWKAN","SNV","residue 465",NA
"SNV_cluster_0002","SNV","287","PAWKSC","SNV","residue 465",NA
"SNV_cluster_0002","SNV","290","PAWKZZ","SNV","residue 465",NA
"SNV_cluster_0002","SNV","291","PAWLFC","SNV","residue 465",NA
"SNV_cluster_0003","SNV","11","PARJAY","SNV","residue 479",NA
"SNV_cluster_0003","SNV","16","PARKLK","SNV","residue 479",NA
"SNV_cluster_0003","SNV","294","PARMED","SNV","residue 479",NA
"SNV_cluster_0003","SNV","19","PARMFF","SNV","residue 479",NA
"SNV_cluster_0003","SNV","21","PARMIA","SNV","residue 479",NA
"SNV_cluster_0003","SNV","1","PARMJA","SNV","residue 479",NA
"SNV_cluster_0003","SNV","24","PARMMV","SNV","residue 479",NA
"SNV_cluster_0003","SNV","297","PARRJR","SNV","residue 479",NA
"SNV_cluster_0003","SNV","37","PASFKA","SNV","residue 479",NA
"SNV_cluster_0003","SNV","47","PASKIC","SNV","residue 479",NA
"SNV_cluster_0003","SNV","326","PASKMG","SNV","residue 479",NA
"SNV_cluster_0003","SNV","53","PASKXA","SNV","residue 479",NA
"SNV_cluster_0003","SNV","58","PASPNW","SNV","residue 479",NA
"SNV_cluster_0003","SNV","59","PASPPN","SNV","residue 479",NA
"SNV_cluster_0003","SNV","67","PASUSV","SNV","residue 479",NA
"SNV_cluster_0003","SNV","76","PASWSR","SNV","residue 479",NA
"SNV_cluster_0003","SNV","77","PASXIL","SNV","residue 479",NA
"SNV_cluster_0003","SNV","79","PASYHN","SNV","residue 479",NA
"SNV_cluster_0003","SNV","80","PASZAY","SNV","residue 479",NA
"SNV_cluster_0003","SNV","81","PATADU","SNV","residue 479",NA
"SNV_cluster_0003","SNV","86","PATCDZ","SNV","residue 479",NA
"SNV_cluster_0003","SNV","89","PATDBC","SNV","residue 479",NA
"SNV_cluster_0003","SNV","100","PATGMP","SNV","residue 479",NA
"SNV_cluster_0003","SNV","101","PATGVX","SNV","residue 479",NA
"SNV_cluster_0003","SNV","325","PATHAA","SNV","residue 479",NA
"SNV_cluster_0003","SNV","102","PATHFE","SNV","residue 479",NA
"SNV_cluster_0003","SNV","104","PATIHV","SNV","residue 479",NA
"SNV_cluster_0003","SNV","106","PATITY","SNV","residue 479",NA
"SNV_cluster_0003","SNV","304","PATJCZ","SNV","residue 479",NA
"SNV_cluster_0003","SNV","108","PATJRX","SNV","residue 479",NA
"SNV_cluster_0003","SNV","114","PATKHZ","SNV","residue 479",NA
"SNV_cluster_0003","SNV","127","PATUDM","SNV","residue 479",NA
"SNV_cluster_0003","SNV","131","PATWIJ","SNV","residue 479",NA
"SNV_cluster_0003","SNV","132","PATXAL","SNV","residue 479",NA
"SNV_cluster_0003","SNV","134","PATYMP","SNV","residue 479",NA
"SNV_cluster_0003","SNV","323","PAUAZV","SNV","residue 479",NA
"SNV_cluster_0003","SNV","311","PAUCIB","SNV","residue 479",NA
"SNV_cluster_0003","SNV","145","PAUEFT","SNV","residue 479",NA
"SNV_cluster_0003","SNV","313","PAUIEM","SNV","residue 479",NA
"SNV_cluster_0003","SNV","158","PAUJRU","SNV","residue 479",NA
"SNV_cluster_0003","SNV","167","PAUMNE","SNV","residue 479",NA
"SNV_cluster_0003","SNV","169","PAUMVW","SNV","residue 479",NA
"SNV_cluster_0003","SNV","173","PAURGS","SNV","residue 479",NA
"SNV_cluster_0003","SNV","177","PAUSIS","SNV","residue 479",NA
"SNV_cluster_0003","SNV","193","PAUXSD","SNV","residue 479",NA
"SNV_cluster_0003","SNV","195","PAUYJF","SNV","residue 479",NA
"SNV_cluster_0003","SNV","204","PAVCYV","SNV","residue 479",NA
"SNV_cluster_0003","SNV","210","PAVFWF","SNV","residue 479",NA
"SNV_cluster_0003","SNV","222","PAVLCX","SNV","residue 479",NA
"SNV_cluster_0003","SNV","229","PAVNWE","SNV","residue 479",NA
"SNV_cluster_0003","SNV","231","PAVPLD","SNV","residue 479",NA
"SNV_cluster_0003","SNV","233","PAVRAP","SNV","residue 479",NA
"SNV_cluster_0003","SNV","234","PAVRDC","SNV","residue 479",NA
"SNV_cluster_0003","SNV","235","PAVRLH","SNV","residue 479",NA
"SNV_cluster_0003","SNV","239","PAVRWC","SNV","residue 479",NA
"SNV_cluster_0003","SNV","249","PAVWWF","SNV","residue 479",NA
"SNV_cluster_0003","SNV","269","PAWGWC","SNV","residue 479",NA
"SNV_cluster_0003","SNV","322","PAWIGC","SNV","residue 479",NA
"SNV_cluster_0003","SNV","281","PAWJJC","SNV","residue 479",NA
"SNV_cluster_0003","SNV","283","PAWJKX","SNV","residue 479",NA
"SNV_cluster_0003","SNV","288","PAWKYL","SNV","residue 479",NA
"SNV_cluster_0003","SNV","318","PAWLSM","SNV","residue 479",NA
"SNV_cluster_0004","SNV","7","PARHBI","SNV","residue 505",NA
"SNV_cluster_0004","SNV","23","PARMMV","SNV","residue 505",NA
"SNV_cluster_0004","SNV","26","PARPUL","SNV","residue 505",NA
"SNV_cluster_0004","SNV","28","PARSNX","SNV","residue 505",NA
"SNV_cluster_0004","SNV","29","PARVMR","SNV","residue 505",NA
"SNV_cluster_0004","SNV","30","PARVSC","SNV","residue 505",NA
"SNV_cluster_0004","SNV","31","PARWMF","SNV","residue 505",NA
"SNV_cluster_0004","SNV","36","PARYHC","SNV","residue 505",NA
"SNV_cluster_0004","SNV","41","PASGUX","SNV","residue 505",NA
"SNV_cluster_0004","SNV","52","PASKWG","SNV","residue 505",NA
"SNV_cluster_0004","SNV","301","PASVVA","SNV","residue 505",NA
"SNV_cluster_0004","SNV","74","PASWNU","SNV","residue 505",NA
"SNV_cluster_0004","SNV","87","PATCTL","SNV","residue 505",NA
"SNV_cluster_0004","SNV","93","PATDDZ","SNV","residue 505",NA
"SNV_cluster_0004","SNV","94","PATDFE","SNV","residue 505",NA
"SNV_cluster_0004","SNV","303","PATDTL","SNV","residue 505",NA
"SNV_cluster_0004","SNV","115","PATKNX","SNV","residue 505",NA
"SNV_cluster_0004","SNV","123","PATRGV","SNV","residue 505",NA
"SNV_cluster_0004","SNV","133","PATXTC","SNV","residue 505",NA
"SNV_cluster_0004","SNV","306","PATXTY","SNV","residue 505",NA
"SNV_cluster_0004","SNV","319","PAUAZV","SNV","residue 505",NA
"SNV_cluster_0004","SNV","307","PAUBBJ","SNV","residue 505",NA
"SNV_cluster_0004","SNV","141","PAUBGT","SNV","residue 505",NA
"SNV_cluster_0004","SNV","142","PAUBGT","SNV","residue 505",NA
"SNV_cluster_0004","SNV","310","PAUCIB","SNV","residue 505",NA
"SNV_cluster_0004","SNV","172","PAURGS","SNV","residue 505",NA
"SNV_cluster_0004","SNV","175","PAURSX","SNV","residue 505",NA
"SNV_cluster_0004","SNV","181","PAUTRX","SNV","residue 505",NA
"SNV_cluster_0004","SNV","202","PAVCRK","SNV","residue 505",NA
"SNV_cluster_0004","SNV","208","PAVEUZ","SNV","residue 505",NA
"SNV_cluster_0004","SNV","209","PAVFHF","SNV","residue 505",NA
"SNV_cluster_0004","SNV","212","PAVJBF","SNV","residue 505",NA
"SNV_cluster_0004","SNV","217","PAVJLJ","SNV","residue 505",NA
"SNV_cluster_0004","SNV","220","PAVJNX","SNV","residue 505",NA
"SNV_cluster_0004","SNV","224","PAVLMY","SNV","residue 505",NA
"SNV_cluster_0004","SNV","232","PAVPLN","SNV","residue 505",NA
"SNV_cluster_0004","SNV","238","PAVRTX","SNV","residue 505",NA
"SNV_cluster_0004","SNV","247","PAVVVF","SNV","residue 505",NA
"SNV_cluster_0004","SNV","4","PAVXTB","SNV","residue 505",NA
"SNV_cluster_0004","SNV","264","PAWETD","SNV","residue 505",NA
"SNV_cluster_0004","SNV","276","PAWHRW","SNV","residue 505",NA
"SNV_cluster_0004","SNV","278","PAWIWN","SNV","residue 505",NA
"SNV_cluster_0004","SNV","280","PAWIXS","SNV","residue 505",NA
"SNV_cluster_0004","SNV","317","PAWKXN","SNV","residue 505",NA
"SNV_cluster_0004","SNV","289","PAWKZX","SNV","residue 505",NA
"SNV_cluster_0005","SNV","10","PARIZN","SNV","residue 689",NA
"SNV_cluster_0005","SNV","14","PARJXW","SNV","residue 689",NA
"SNV_cluster_0005","SNV","298","PARTFR","SNV","residue 689",NA
"SNV_cluster_0005","SNV","324","PARTUK","SNV","residue 689",NA
"SNV_cluster_0005","SNV","33","PARWTI","SNV","residue 689",NA
"SNV_cluster_0005","SNV","39","PASGUH","SNV","residue 689",NA
"SNV_cluster_0005","SNV","44","PASIIY","SNV","residue 689",NA
"SNV_cluster_0005","SNV","46","PASJLN","SNV","residue 689",NA
"SNV_cluster_0005","SNV","95","PATEAK","SNV","residue 689",NA
"SNV_cluster_0005","SNV","96","PATEAK","SNV","residue 689",NA
"SNV_cluster_0005","SNV","113","PATKHZ","SNV","residue 689",NA
"SNV_cluster_0005","SNV","137","PATZYE","SNV","residue 689",NA
"SNV_cluster_0005","SNV","309","PAUCIB","SNV","residue 689",NA
"SNV_cluster_0005","SNV","150","PAUGEJ","SNV","residue 689",NA
"SNV_cluster_0005","SNV","160","PAUKIF","SNV","residue 689",NA
"SNV_cluster_0005","SNV","162","PAUKTD","SNV","residue 689",NA
"SNV_cluster_0005","SNV","170","PAUPFF","SNV","residue 689",NA
"SNV_cluster_0005","SNV","171","PAURCM","SNV","residue 689",NA
"SNV_cluster_0005","SNV","188","PAUVTP","SNV","residue 689",NA
"SNV_cluster_0005","SNV","199","PAVAWP","SNV","residue 689",NA
"SNV_cluster_0005","SNV","207","PAVEUZ","SNV","residue 689",NA
"SNV_cluster_0005","SNV","242","PAVUTN","SNV","residue 689",NA
"SNV_cluster_0005","SNV","244","PAVVDS","SNV","residue 689",NA
"SNV_cluster_0005","SNV","256","PAVZKL","SNV","residue 689",NA
"SNV_cluster_0005","SNV","257","PAVZLS","SNV","residue 689",NA
"SNV_cluster_0006","SNV","18","PARLIB","SNV","residue 423",NA
"SNV_cluster_0006","SNV","42","PASHNK","SNV","residue 423",NA
"SNV_cluster_0006","SNV","82","PATALJ","SNV","residue 423",NA
"SNV_cluster_0006","SNV","88","PATCZN","SNV","residue 423",NA
"SNV_cluster_0006","SNV","147","PAUEZV","SNV","residue 423",NA
"SNV_cluster_0006","SNV","157","PAUIXW","SNV","residue 423",NA
"SNV_cluster_0006","SNV","182","PAUTRX","SNV","residue 422",NA
"SNV_cluster_0006","SNV","184","PAUTSB","SNV","residue 423",NA
"SNV_cluster_0006","SNV","241","PAVUFK","SNV","residue 423",NA
"SNV_cluster_0006","SNV","2","PAVYDR","SNV","residue 423",NA
"SNV_cluster_0006","SNV","261","PAWAMT","SNV","residue 423",NA
"SNV_cluster_0006","SNV","262","PAWAMT","SNV","residue 422",NA
"SNV_cluster_0006","SNV","270","PAWGXI","SNV","residue 423",NA
"SNV_cluster_0006","SNV","292","PAWLYX","SNV","residue 423",NA
"SNV_cluster_0007","SNV","11","PARJAY","SNV","residue 479",NA
"SNV_cluster_0007","SNV","16","PARKLK","SNV","residue 479",NA
"SNV_cluster_0007","SNV","294","PARMED","SNV","residue 479",NA
"SNV_cluster_0007","SNV","19","PARMFF","SNV","residue 479",NA
"SNV_cluster_0007","SNV","21","PARMIA","SNV","residue 479",NA
"SNV_cluster_0007","SNV","1","PARMJA","SNV","residue 479",NA
"SNV_cluster_0007","SNV","24","PARMMV","SNV","residue 479",NA
"SNV_cluster_0007","SNV","297","PARRJR","SNV","residue 479",NA
"SNV_cluster_0007","SNV","37","PASFKA","SNV","residue 479",NA
"SNV_cluster_0007","SNV","47","PASKIC","SNV","residue 479",NA
"SNV_cluster_0007","SNV","326","PASKMG","SNV","residue 479",NA
"SNV_cluster_0007","SNV","53","PASKXA","SNV","residue 479",NA
"SNV_cluster_0007","SNV","58","PASPNW","SNV","residue 479",NA
"SNV_cluster_0007","SNV","59","PASPPN","SNV","residue 479",NA
"SNV_cluster_0007","SNV","67","PASUSV","SNV","residue 479",NA
"SNV_cluster_0007","SNV","76","PASWSR","SNV","residue 479",NA
"SNV_cluster_0007","SNV","77","PASXIL","SNV","residue 479",NA
"SNV_cluster_0007","SNV","79","PASYHN","SNV","residue 479",NA
"SNV_cluster_0007","SNV","80","PASZAY","SNV","residue 479",NA
"SNV_cluster_0007","SNV","81","PATADU","SNV","residue 479",NA
"SNV_cluster_0007","SNV","86","PATCDZ","SNV","residue 479",NA
"SNV_cluster_0007","SNV","89","PATDBC","SNV","residue 479",NA
"SNV_cluster_0007","SNV","100","PATGMP","SNV","residue 479",NA
"SNV_cluster_0007","SNV","101","PATGVX","SNV","residue 479",NA
"SNV_cluster_0007","SNV","325","PATHAA","SNV","residue 479",NA
"SNV_cluster_0007","SNV","102","PATHFE","SNV","residue 479",NA
"SNV_cluster_0007","SNV","104","PATIHV","SNV","residue 479",NA
"SNV_cluster_0007","SNV","106","PATITY","SNV","residue 479",NA
"SNV_cluster_0007","SNV","304","PATJCZ","SNV","residue 479",NA
"SNV_cluster_0007","SNV","108","PATJRX","SNV","residue 479",NA
"SNV_cluster_0007","SNV","111","PATKGP","SNV","residue 480",NA
"SNV_cluster_0007","SNV","114","PATKHZ","SNV","residue 479",NA
"SNV_cluster_0007","SNV","127","PATUDM","SNV","residue 479",NA
"SNV_cluster_0007","SNV","131","PATWIJ","SNV","residue 479",NA
"SNV_cluster_0007","SNV","132","PATXAL","SNV","residue 479",NA
"SNV_cluster_0007","SNV","134","PATYMP","SNV","residue 479",NA
"SNV_cluster_0007","SNV","323","PAUAZV","SNV","residue 479",NA
"SNV_cluster_0007","SNV","311","PAUCIB","SNV","residue 479",NA
"SNV_cluster_0007","SNV","145","PAUEFT","SNV","residue 479",NA
"SNV_cluster_0007","SNV","313","PAUIEM","SNV","residue 479",NA
"SNV_cluster_0007","SNV","158","PAUJRU","SNV","residue 479",NA
"SNV_cluster_0007","SNV","167","PAUMNE","SNV","residue 479",NA
"SNV_cluster_0007","SNV","169","PAUMVW","SNV","residue 479",NA
"SNV_cluster_0007","SNV","173","PAURGS","SNV","residue 479",NA
"SNV_cluster_0007","SNV","177","PAUSIS","SNV","residue 479",NA
"SNV_cluster_0007","SNV","193","PAUXSD","SNV","residue 479",NA
"SNV_cluster_0007","SNV","195","PAUYJF","SNV","residue 479",NA
"SNV_cluster_0007","SNV","204","PAVCYV","SNV","residue 479",NA
"SNV_cluster_0007","SNV","210","PAVFWF","SNV","residue 479",NA
"SNV_cluster_0007","SNV","222","PAVLCX","SNV","residue 479",NA
"SNV_cluster_0007","SNV","229","PAVNWE","SNV","residue 479",NA
"SNV_cluster_0007","SNV","231","PAVPLD","SNV","residue 479",NA
"SNV_cluster_0007","SNV","233","PAVRAP","SNV","residue 479",NA
"SNV_cluster_0007","SNV","234","PAVRDC","SNV","residue 479",NA
"SNV_cluster_0007","SNV","235","PAVRLH","SNV","residue 479",NA
"SNV_cluster_0007","SNV","239","PAVRWC","SNV","residue 479",NA
"SNV_cluster_0007","SNV","249","PAVWWF","SNV","residue 479",NA
"SNV_cluster_0007","SNV","269","PAWGWC","SNV","residue 479",NA
"SNV_cluster_0007","SNV","322","PAWIGC","SNV","residue 479",NA
"SNV_cluster_0007","SNV","281","PAWJJC","SNV","residue 479",NA
"SNV_cluster_0007","SNV","283","PAWJKX","SNV","residue 479",NA
"SNV_cluster_0007","SNV","288","PAWKYL","SNV","residue 479",NA
"SNV_cluster_0007","SNV","318","PAWLSM","SNV","residue 479",NA
"SNV_cluster_0008","SNV","293","PAREDN","SNV","residue 465",NA
"SNV_cluster_0008","SNV","6","PARGFL","SNV","residue 465",NA
"SNV_cluster_0008","SNV","9","PARHLS","SNV","residue 465",NA
"SNV_cluster_0008","SNV","12","PARJNX","SNV","residue 465",NA
"SNV_cluster_0008","SNV","13","PARJSM","SNV","residue 465",NA
"SNV_cluster_0008","SNV","15","PARJXW","SNV","residue 465",NA
"SNV_cluster_0008","SNV","17","PARLGK","SNV","residue 465",NA
"SNV_cluster_0008","SNV","22","PARMIA","SNV","residue 465",NA
"SNV_cluster_0008","SNV","27","PARPUL","SNV","residue 465",NA
"SNV_cluster_0008","SNV","296","PARPYK","SNV","residue 465",NA
"SNV_cluster_0008","SNV","32","PARWMF","SNV","residue 465",NA
"SNV_cluster_0008","SNV","34","PARXFY","SNV","residue 465",NA
"SNV_cluster_0008","SNV","35","PARXVS","SNV","residue 465",NA
"SNV_cluster_0008","SNV","40","PASGUH","SNV","residue 465",NA
"SNV_cluster_0008","SNV","43","PASHXL","SNV","residue 465",NA
"SNV_cluster_0008","SNV","300","PASHYJ","SNV","residue 465",NA
"SNV_cluster_0008","SNV","45","PASJFJ","SNV","residue 465",NA
"SNV_cluster_0008","SNV","48","PASKRN","SNV","residue 465",NA
"SNV_cluster_0008","SNV","49","PASKVH","SNV","residue 465",NA
"SNV_cluster_0008","SNV","50","PASKVH","SNV","residue 465",NA
"SNV_cluster_0008","SNV","54","PASLPH","SNV","residue 465",NA
"SNV_cluster_0008","SNV","55","PASNNM","SNV","residue 465",NA
"SNV_cluster_0008","SNV","56","PASPBU","SNV","residue 465",NA
"SNV_cluster_0008","SNV","57","PASPBU","SNV","residue 465",NA
"SNV_cluster_0008","SNV","61","PASRUK","SNV","residue 465",NA
"SNV_cluster_0008","SNV","62","PASSEF","SNV","residue 465",NA
"SNV_cluster_0008","SNV","64","PASTLI","SNV","residue 465",NA
"SNV_cluster_0008","SNV","65","PASTPT","SNV","residue 465",NA
"SNV_cluster_0008","SNV","66","PASTPT","SNV","residue 465",NA
"SNV_cluster_0008","SNV","68","PASVIN","SNV","residue 465",NA
"SNV_cluster_0008","SNV","69","PASVRC","SNV","residue 465",NA
"SNV_cluster_0008","SNV","70","PASVYP","SNV","residue 465",NA
"SNV_cluster_0008","SNV","71","PASVZJ","SNV","residue 465",NA
"SNV_cluster_0008","SNV","302","PASXFB","SNV","residue 465",NA
"SNV_cluster_0008","SNV","78","PASXSI","SNV","residue 465",NA
"SNV_cluster_0008","SNV","83","PATAUC","SNV","residue 465",NA
"SNV_cluster_0008","SNV","84","PATAUZ","SNV","residue 465",NA
"SNV_cluster_0008","SNV","85","PATBPY","SNV","residue 465",NA
"SNV_cluster_0008","SNV","91","PATDBU","SNV","residue 465",NA
"SNV_cluster_0008","SNV","92","PATDBU","SNV","residue 465",NA
"SNV_cluster_0008","SNV","97","PATEAK","SNV","residue 465",NA
"SNV_cluster_0008","SNV","98","PATEBX","SNV","residue 465",NA
"SNV_cluster_0008","SNV","99","PATFVG","SNV","residue 465",NA
"SNV_cluster_0008","SNV","107","PATJBC","SNV","residue 465",NA
"SNV_cluster_0008","SNV","109","PATJRX","SNV","residue 465",NA
"SNV_cluster_0008","SNV","110","PATJZK","SNV","residue 465",NA
"SNV_cluster_0008","SNV","112","PATKGP","SNV","residue 465",NA
"SNV_cluster_0008","SNV","116","PATKRF","SNV","residue 465",NA
"SNV_cluster_0008","SNV","117","PATLGU","SNV","residue 465",NA
"SNV_cluster_0008","SNV","118","PATLNS","SNV","residue 465",NA
"SNV_cluster_0008","SNV","119","PATMPM","SNV","residue 465",NA
"SNV_cluster_0008","SNV","120","PATMVH","SNV","residue 465",NA
"SNV_cluster_0008","SNV","121","PATRFD","SNV","residue 465",NA
"SNV_cluster_0008","SNV","124","PATRNH","SNV","residue 465",NA
"SNV_cluster_0008","SNV","125","PATSEZ","SNV","residue 465",NA
"SNV_cluster_0008","SNV","128","PATUDM","SNV","residue 465",NA
"SNV_cluster_0008","SNV","129","PATUDM","SNV","residue 465",NA
"SNV_cluster_0008","SNV","135","PATYMP","SNV","residue 465",NA
"SNV_cluster_0008","SNV","136","PATZSL","SNV","residue 465",NA
"SNV_cluster_0008","SNV","138","PATZYE","SNV","residue 465",NA
"SNV_cluster_0008","SNV","139","PAUAMR","SNV","residue 465",NA
"SNV_cluster_0008","SNV","140","PAUAVW","SNV","residue 465",NA
"SNV_cluster_0008","SNV","308","PAUBGA","SNV","residue 465",NA
"SNV_cluster_0008","SNV","143","PAUBLL","SNV","residue 465",NA
"SNV_cluster_0008","SNV","144","PAUCWP","SNV","residue 465",NA
"SNV_cluster_0008","SNV","146","PAUEUC","SNV","residue 465",NA
"SNV_cluster_0008","SNV","148","PAUGAP","SNV","residue 465",NA
"SNV_cluster_0008","SNV","151","PAUGLK","SNV","residue 465",NA
"SNV_cluster_0008","SNV","152","PAUHDN","SNV","residue 465",NA
"SNV_cluster_0008","SNV","153","PAUHHF","SNV","residue 465",NA
"SNV_cluster_0008","SNV","5","PAUHTB","SNV","residue 465",NA
"SNV_cluster_0008","SNV","321","PAUIFC","SNV","residue 465",NA
"SNV_cluster_0008","SNV","154","PAUIGD","SNV","residue 465",NA
"SNV_cluster_0008","SNV","155","PAUIMK","SNV","residue 465",NA
"SNV_cluster_0008","SNV","314","PAUISV","SNV","residue 465",NA
"SNV_cluster_0008","SNV","156","PAUIXW","SNV","residue 465",NA
"SNV_cluster_0008","SNV","159","PAUJVL","SNV","residue 465",NA
"SNV_cluster_0008","SNV","163","PAULGR","SNV","residue 465",NA
"SNV_cluster_0008","SNV","164","PAULGX","SNV","residue 465",NA
"SNV_cluster_0008","SNV","165","PAULIU","SNV","residue 465",NA
"SNV_cluster_0008","SNV","176","PAURTD","SNV","residue 465",NA
"SNV_cluster_0008","SNV","178","PAUSIS","SNV","residue 465",NA
"SNV_cluster_0008","SNV","179","PAUTBM","SNV","residue 465",NA
"SNV_cluster_0008","SNV","180","PAUTLJ","SNV","residue 465",NA
"SNV_cluster_0008","SNV","187","PAUTWN","SNV","residue 465",NA
"SNV_cluster_0008","SNV","189","PAUVTP","SNV","residue 465",NA
"SNV_cluster_0008","SNV","190","PAUVZI","SNV","residue 465",NA
"SNV_cluster_0008","SNV","320","PAUWNU","SNV","residue 465",NA
"SNV_cluster_0008","SNV","191","PAUXKE","SNV","residue 465",NA
"SNV_cluster_0008","SNV","192","PAUXRV","SNV","residue 465",NA
"SNV_cluster_0008","SNV","196","PAUYMH","SNV","residue 465",NA
"SNV_cluster_0008","SNV","197","PAUZHK","SNV","residue 465",NA
"SNV_cluster_0008","SNV","198","PAUZZA","SNV","residue 465",NA
"SNV_cluster_0008","SNV","200","PAVBAW","SNV","residue 465",NA
"SNV_cluster_0008","SNV","201","PAVBPR","SNV","residue 465",NA
"SNV_cluster_0008","SNV","203","PAVCRK","SNV","residue 465",NA
"SNV_cluster_0008","SNV","205","PAVCYV","SNV","residue 465",NA
"SNV_cluster_0008","SNV","211","PAVFXU","SNV","residue 465",NA
"SNV_cluster_0008","SNV","213","PAVJHG","SNV","residue 465",NA
"SNV_cluster_0008","SNV","214","PAVJJK","SNV","residue 465",NA
"SNV_cluster_0008","SNV","215","PAVJJU","SNV","residue 465",NA
"SNV_cluster_0008","SNV","221","PAVKWV","SNV","residue 465",NA
"SNV_cluster_0008","SNV","223","PAVLMX","SNV","residue 465",NA
"SNV_cluster_0008","SNV","226","PAVMPB","SNV","residue 465",NA
"SNV_cluster_0008","SNV","228","PAVNDL","SNV","residue 465",NA
"SNV_cluster_0008","SNV","315","PAVNSM","SNV","residue 465",NA
"SNV_cluster_0008","SNV","230","PAVPCZ","SNV","residue 465",NA
"SNV_cluster_0008","SNV","236","PAVRLN","SNV","residue 463",NA
"SNV_cluster_0008","SNV","240","PAVSHE","SNV","residue 465",NA
"SNV_cluster_0008","SNV","243","PAVUVZ","SNV","residue 465",NA
"SNV_cluster_0008","SNV","245","PAVVEI","SNV","residue 465",NA
"SNV_cluster_0008","SNV","246","PAVVHL","SNV","residue 465",NA
"SNV_cluster_0008","SNV","248","PAVWDF","SNV","residue 465",NA
"SNV_cluster_0008","SNV","250","PAVXBS","SNV","residue 465",NA
"SNV_cluster_0008","SNV","251","PAVXPD","SNV","residue 465",NA
"SNV_cluster_0008","SNV","252","PAVXYS","SNV","residue 465",NA
"SNV_cluster_0008","SNV","253","PAVXYS","SNV","residue 465",NA
"SNV_cluster_0008","SNV","254","PAVYTZ","SNV","residue 465",NA
"SNV_cluster_0008","SNV","255","PAVZJI","SNV","residue 465",NA
"SNV_cluster_0008","SNV","258","PAWAIH","SNV","residue 465",NA
"SNV_cluster_0008","SNV","259","PAWAMR","SNV","residue 465",NA
"SNV_cluster_0008","SNV","260","PAWAMT","SNV","residue 465",NA
"SNV_cluster_0008","SNV","263","PAWDMI","SNV","residue 465",NA
"SNV_cluster_0008","SNV","267","PAWGHS","SNV","residue 465",NA
"SNV_cluster_0008","SNV","268","PAWGPI","SNV","residue 465",NA
"SNV_cluster_0008","SNV","271","PAWGXW","SNV","residue 465",NA
"SNV_cluster_0008","SNV","272","PAWGYU","SNV","residue 465",NA
"SNV_cluster_0008","SNV","273","PAWHGU","SNV","residue 465",NA
"SNV_cluster_0008","SNV","275","PAWHIG","SNV","residue 465",NA
"SNV_cluster_0008","SNV","277","PAWIPA","SNV","residue 465",NA
"SNV_cluster_0008","SNV","279","PAWIWN","SNV","residue 465",NA
"SNV_cluster_0008","SNV","284","PAWJVB","SNV","residue 465",NA
"SNV_cluster_0008","SNV","285","PAWKAN","SNV","residue 465",NA
"SNV_cluster_0008","SNV","287","PAWKSC","SNV","residue 465",NA
"SNV_cluster_0008","SNV","290","PAWKZZ","SNV","residue 465",NA
"SNV_cluster_0008","SNV","291","PAWLFC","SNV","residue 465",NA
"SNV_cluster_0009","SNV","11","PARJAY","SNV","residue 479",NA
"SNV_cluster_0009","SNV","16","PARKLK","SNV","residue 479",NA
"SNV_cluster_0009","SNV","294","PARMED","SNV","residue 479",NA
"SNV_cluster_0009","SNV","19","PARMFF","SNV","residue 479",NA
"SNV_cluster_0009","SNV","21","PARMIA","SNV","residue 479",NA
"SNV_cluster_0009","SNV","1","PARMJA","SNV","residue 479",NA
"SNV_cluster_0009","SNV","24","PARMMV","SNV","residue 479",NA
"SNV_cluster_0009","SNV","297","PARRJR","SNV","residue 479",NA
"SNV_cluster_0009","SNV","37","PASFKA","SNV","residue 479",NA
"SNV_cluster_0009","SNV","47","PASKIC","SNV","residue 479",NA
"SNV_cluster_0009","SNV","326","PASKMG","SNV","residue 479",NA
"SNV_cluster_0009","SNV","53","PASKXA","SNV","residue 479",NA
"SNV_cluster_0009","SNV","58","PASPNW","SNV","residue 479",NA
"SNV_cluster_0009","SNV","59","PASPPN","SNV","residue 479",NA
"SNV_cluster_0009","SNV","67","PASUSV","SNV","residue 479",NA
"SNV_cluster_0009","SNV","76","PASWSR","SNV","residue 479",NA
"SNV_cluster_0009","SNV","77","PASXIL","SNV","residue 479",NA
"SNV_cluster_0009","SNV","79","PASYHN","SNV","residue 479",NA
"SNV_cluster_0009","SNV","80","PASZAY","SNV","residue 479",NA
"SNV_cluster_0009","SNV","81","PATADU","SNV","residue 479",NA
"SNV_cluster_0009","SNV","86","PATCDZ","SNV","residue 479",NA
"SNV_cluster_0009","SNV","89","PATDBC","SNV","residue 479",NA
"SNV_cluster_0009","SNV","100","PATGMP","SNV","residue 479",NA
"SNV_cluster_0009","SNV","101","PATGVX","SNV","residue 479",NA
"SNV_cluster_0009","SNV","325","PATHAA","SNV","residue 479",NA
"SNV_cluster_0009","SNV","102","PATHFE","SNV","residue 479",NA
"SNV_cluster_0009","SNV","104","PATIHV","SNV","residue 479",NA
"SNV_cluster_0009","SNV","106","PATITY","SNV","residue 479",NA
"SNV_cluster_0009","SNV","304","PATJCZ","SNV","residue 479",NA
"SNV_cluster_0009","SNV","108","PATJRX","SNV","residue 479",NA
"SNV_cluster_0009","SNV","111","PATKGP","SNV","residue 480",NA
"SNV_cluster_0009","SNV","114","PATKHZ","SNV","residue 479",NA
"SNV_cluster_0009","SNV","127","PATUDM","SNV","residue 479",NA
"SNV_cluster_0009","SNV","130","PATVTZ","SNV","residue 503",NA
"SNV_cluster_0009","SNV","131","PATWIJ","SNV","residue 479",NA
"SNV_cluster_0009","SNV","132","PATXAL","SNV","residue 479",NA
"SNV_cluster_0009","SNV","134","PATYMP","SNV","residue 479",NA
"SNV_cluster_0009","SNV","323","PAUAZV","SNV","residue 479",NA
"SNV_cluster_0009","SNV","311","PAUCIB","SNV","residue 479",NA
"SNV_cluster_0009","SNV","145","PAUEFT","SNV","residue 479",NA
"SNV_cluster_0009","SNV","313","PAUIEM","SNV","residue 479",NA
"SNV_cluster_0009","SNV","158","PAUJRU","SNV","residue 479",NA
"SNV_cluster_0009","SNV","167","PAUMNE","SNV","residue 479",NA
"SNV_cluster_0009","SNV","169","PAUMVW","SNV","residue 479",NA
"SNV_cluster_0009","SNV","173","PAURGS","SNV","residue 479",NA
"SNV_cluster_0009","SNV","177","PAUSIS","SNV","residue 479",NA
"SNV_cluster_0009","SNV","193","PAUXSD","SNV","residue 479",NA
"SNV_cluster_0009","SNV","195","PAUYJF","SNV","residue 479",NA
"SNV_cluster_0009","SNV","204","PAVCYV","SNV","residue 479",NA
"SNV_cluster_0009","SNV","210","PAVFWF","SNV","residue 479",NA
"SNV_cluster_0009","SNV","222","PAVLCX","SNV","residue 479",NA
"SNV_cluster_0009","SNV","229","PAVNWE","SNV","residue 479",NA
"SNV_cluster_0009","SNV","231","PAVPLD","SNV","residue 479",NA
"SNV_cluster_0009","SNV","233","PAVRAP","SNV","residue 479",NA
"SNV_cluster_0009","SNV","234","PAVRDC","SNV","residue 479",NA
"SNV_cluster_0009","SNV","235","PAVRLH","SNV","residue 479",NA
"SNV_cluster_0009","SNV","239","PAVRWC","SNV","residue 479",NA
"SNV_cluster_0009","SNV","249","PAVWWF","SNV","residue 479",NA
"SNV_cluster_0009","SNV","269","PAWGWC","SNV","residue 479",NA
"SNV_cluster_0009","SNV","322","PAWIGC","SNV","residue 479",NA
"SNV_cluster_0009","SNV","281","PAWJJC","SNV","residue 479",NA
"SNV_cluster_0009","SNV","283","PAWJKX","SNV","residue 479",NA
"SNV_cluster_0009","SNV","288","PAWKYL","SNV","residue 479",NA
"SNV_cluster_0009","SNV","318","PAWLSM","SNV","residue 479",NA
"SNV_cluster_0010","SNV","293","PAREDN","SNV","residue 465",NA
"SNV_cluster_0010","SNV","6","PARGFL","SNV","residue 465",NA
"SNV_cluster_0010","SNV","9","PARHLS","SNV","residue 465",NA
"SNV_cluster_0010","SNV","12","PARJNX","SNV","residue 465",NA
"SNV_cluster_0010","SNV","13","PARJSM","SNV","residue 465",NA
"SNV_cluster_0010","SNV","15","PARJXW","SNV","residue 465",NA
"SNV_cluster_0010","SNV","17","PARLGK","SNV","residue 465",NA
"SNV_cluster_0010","SNV","22","PARMIA","SNV","residue 465",NA
"SNV_cluster_0010","SNV","27","PARPUL","SNV","residue 465",NA
"SNV_cluster_0010","SNV","296","PARPYK","SNV","residue 465",NA
"SNV_cluster_0010","SNV","32","PARWMF","SNV","residue 465",NA
"SNV_cluster_0010","SNV","34","PARXFY","SNV","residue 465",NA
"SNV_cluster_0010","SNV","35","PARXVS","SNV","residue 465",NA
"SNV_cluster_0010","SNV","40","PASGUH","SNV","residue 465",NA
"SNV_cluster_0010","SNV","43","PASHXL","SNV","residue 465",NA
"SNV_cluster_0010","SNV","300","PASHYJ","SNV","residue 465",NA
"SNV_cluster_0010","SNV","45","PASJFJ","SNV","residue 465",NA
"SNV_cluster_0010","SNV","48","PASKRN","SNV","residue 465",NA
"SNV_cluster_0010","SNV","49","PASKVH","SNV","residue 465",NA
"SNV_cluster_0010","SNV","50","PASKVH","SNV","residue 465",NA
"SNV_cluster_0010","SNV","54","PASLPH","SNV","residue 465",NA
"SNV_cluster_0010","SNV","55","PASNNM","SNV","residue 465",NA
"SNV_cluster_0010","SNV","56","PASPBU","SNV","residue 465",NA
"SNV_cluster_0010","SNV","57","PASPBU","SNV","residue 465",NA
"SNV_cluster_0010","SNV","61","PASRUK","SNV","residue 465",NA
"SNV_cluster_0010","SNV","62","PASSEF","SNV","residue 465",NA
"SNV_cluster_0010","SNV","64","PASTLI","SNV","residue 465",NA
"SNV_cluster_0010","SNV","65","PASTPT","SNV","residue 465",NA
"SNV_cluster_0010","SNV","66","PASTPT","SNV","residue 465",NA
"SNV_cluster_0010","SNV","68","PASVIN","SNV","residue 465",NA
"SNV_cluster_0010","SNV","69","PASVRC","SNV","residue 465",NA
"SNV_cluster_0010","SNV","70","PASVYP","SNV","residue 465",NA
"SNV_cluster_0010","SNV","71","PASVZJ","SNV","residue 465",NA
"SNV_cluster_0010","SNV","302","PASXFB","SNV","residue 465",NA
"SNV_cluster_0010","SNV","78","PASXSI","SNV","residue 465",NA
"SNV_cluster_0010","SNV","83","PATAUC","SNV","residue 465",NA
"SNV_cluster_0010","SNV","84","PATAUZ","SNV","residue 465",NA
"SNV_cluster_0010","SNV","85","PATBPY","SNV","residue 465",NA
"SNV_cluster_0010","SNV","91","PATDBU","SNV","residue 465",NA
"SNV_cluster_0010","SNV","92","PATDBU","SNV","residue 465",NA
"SNV_cluster_0010","SNV","97","PATEAK","SNV","residue 465",NA
"SNV_cluster_0010","SNV","98","PATEBX","SNV","residue 465",NA
"SNV_cluster_0010","SNV","99","PATFVG","SNV","residue 465",NA
"SNV_cluster_0010","SNV","107","PATJBC","SNV","residue 465",NA
"SNV_cluster_0010","SNV","109","PATJRX","SNV","residue 465",NA
"SNV_cluster_0010","SNV","110","PATJZK","SNV","residue 465",NA
"SNV_cluster_0010","SNV","112","PATKGP","SNV","residue 465",NA
"SNV_cluster_0010","SNV","116","PATKRF","SNV","residue 465",NA
"SNV_cluster_0010","SNV","117","PATLGU","SNV","residue 465",NA
"SNV_cluster_0010","SNV","118","PATLNS","SNV","residue 465",NA
"SNV_cluster_0010","SNV","119","PATMPM","SNV","residue 465",NA
"SNV_cluster_0010","SNV","120","PATMVH","SNV","residue 465",NA
"SNV_cluster_0010","SNV","121","PATRFD","SNV","residue 465",NA
"SNV_cluster_0010","SNV","124","PATRNH","SNV","residue 465",NA
"SNV_cluster_0010","SNV","125","PATSEZ","SNV","residue 465",NA
"SNV_cluster_0010","SNV","128","PATUDM","SNV","residue 465",NA
"SNV_cluster_0010","SNV","129","PATUDM","SNV","residue 465",NA
"SNV_cluster_0010","SNV","135","PATYMP","SNV","residue 465",NA
"SNV_cluster_0010","SNV","136","PATZSL","SNV","residue 465",NA
"SNV_cluster_0010","SNV","138","PATZYE","SNV","residue 465",NA
"SNV_cluster_0010","SNV","139","PAUAMR","SNV","residue 465",NA
"SNV_cluster_0010","SNV","140","PAUAVW","SNV","residue 465",NA
"SNV_cluster_0010","SNV","308","PAUBGA","SNV","residue 465",NA
"SNV_cluster_0010","SNV","143","PAUBLL","SNV","residue 465",NA
"SNV_cluster_0010","SNV","144","PAUCWP","SNV","residue 465",NA
"SNV_cluster_0010","SNV","146","PAUEUC","SNV","residue 465",NA
"SNV_cluster_0010","SNV","148","PAUGAP","SNV","residue 465",NA
"SNV_cluster_0010","SNV","151","PAUGLK","SNV","residue 465",NA
"SNV_cluster_0010","SNV","152","PAUHDN","SNV","residue 465",NA
"SNV_cluster_0010","SNV","153","PAUHHF","SNV","residue 465",NA
"SNV_cluster_0010","SNV","5","PAUHTB","SNV","residue 465",NA
"SNV_cluster_0010","SNV","321","PAUIFC","SNV","residue 465",NA
"SNV_cluster_0010","SNV","154","PAUIGD","SNV","residue 465",NA
"SNV_cluster_0010","SNV","155","PAUIMK","SNV","residue 465",NA
"SNV_cluster_0010","SNV","314","PAUISV","SNV","residue 465",NA
"SNV_cluster_0010","SNV","156","PAUIXW","SNV","residue 465",NA
"SNV_cluster_0010","SNV","159","PAUJVL","SNV","residue 465",NA
"SNV_cluster_0010","SNV","163","PAULGR","SNV","residue 465",NA
"SNV_cluster_0010","SNV","164","PAULGX","SNV","residue 465",NA
"SNV_cluster_0010","SNV","165","PAULIU","SNV","residue 465",NA
"SNV_cluster_0010","SNV","176","PAURTD","SNV","residue 465",NA
"SNV_cluster_0010","SNV","178","PAUSIS","SNV","residue 465",NA
"SNV_cluster_0010","SNV","179","PAUTBM","SNV","residue 465",NA
"SNV_cluster_0010","SNV","180","PAUTLJ","SNV","residue 465",NA
"SNV_cluster_0010","SNV","187","PAUTWN","SNV","residue 465",NA
"SNV_cluster_0010","SNV","189","PAUVTP","SNV","residue 465",NA
"SNV_cluster_0010","SNV","190","PAUVZI","SNV","residue 465",NA
"SNV_cluster_0010","SNV","320","PAUWNU","SNV","residue 465",NA
"SNV_cluster_0010","SNV","191","PAUXKE","SNV","residue 465",NA
"SNV_cluster_0010","SNV","192","PAUXRV","SNV","residue 465",NA
"SNV_cluster_0010","SNV","196","PAUYMH","SNV","residue 465",NA
"SNV_cluster_0010","SNV","197","PAUZHK","SNV","residue 465",NA
"SNV_cluster_0010","SNV","198","PAUZZA","SNV","residue 465",NA
"SNV_cluster_0010","SNV","200","PAVBAW","SNV","residue 465",NA
"SNV_cluster_0010","SNV","201","PAVBPR","SNV","residue 465",NA
"SNV_cluster_0010","SNV","203","PAVCRK","SNV","residue 465",NA
"SNV_cluster_0010","SNV","205","PAVCYV","SNV","residue 465",NA
"SNV_cluster_0010","SNV","211","PAVFXU","SNV","residue 465",NA
"SNV_cluster_0010","SNV","213","PAVJHG","SNV","residue 465",NA
"SNV_cluster_0010","SNV","214","PAVJJK","SNV","residue 465",NA
"SNV_cluster_0010","SNV","215","PAVJJU","SNV","residue 465",NA
"SNV_cluster_0010","SNV","221","PAVKWV","SNV","residue 465",NA
"SNV_cluster_0010","SNV","223","PAVLMX","SNV","residue 465",NA
"SNV_cluster_0010","SNV","226","PAVMPB","SNV","residue 465",NA
"SNV_cluster_0010","SNV","228","PAVNDL","SNV","residue 465",NA
"SNV_cluster_0010","SNV","315","PAVNSM","SNV","residue 465",NA
"SNV_cluster_0010","SNV","230","PAVPCZ","SNV","residue 465",NA
"SNV_cluster_0010","SNV","240","PAVSHE","SNV","residue 465",NA
"SNV_cluster_0010","SNV","243","PAVUVZ","SNV","residue 465",NA
"SNV_cluster_0010","SNV","245","PAVVEI","SNV","residue 465",NA
"SNV_cluster_0010","SNV","246","PAVVHL","SNV","residue 465",NA
"SNV_cluster_0010","SNV","248","PAVWDF","SNV","residue 465",NA
"SNV_cluster_0010","SNV","250","PAVXBS","SNV","residue 465",NA
"SNV_cluster_0010","SNV","251","PAVXPD","SNV","residue 465",NA
"SNV_cluster_0010","SNV","252","PAVXYS","SNV","residue 465",NA
"SNV_cluster_0010","SNV","253","PAVXYS","SNV","residue 465",NA
"SNV_cluster_0010","SNV","254","PAVYTZ","SNV","residue 465",NA
"SNV_cluster_0010","SNV","255","PAVZJI","SNV","residue 465",NA
"SNV_cluster_0010","SNV","258","PAWAIH","SNV","residue 465",NA
"SNV_cluster_0010","SNV","259","PAWAMR","SNV","residue 465",NA
"SNV_cluster_0010","SNV","260","PAWAMT","SNV","residue 465",NA
"SNV_cluster_0010","SNV","263","PAWDMI","SNV","residue 465",NA
"SNV_cluster_0010","SNV","267","PAWGHS","SNV","residue 465",NA
"SNV_cluster_0010","SNV","268","PAWGPI","SNV","residue 465",NA
"SNV_cluster_0010","SNV","271","PAWGXW","SNV","residue 465",NA
"SNV_cluster_0010","SNV","272","PAWGYU","SNV","residue 465",NA
"SNV_cluster_0010","SNV","273","PAWHGU","SNV","residue 465",NA
"SNV_cluster_0010","SNV","274","PAWHIG","SNV","residue 477",NA
"SNV_cluster_0010","SNV","275","PAWHIG","SNV","residue 465",NA
"SNV_cluster_0010","SNV","277","PAWIPA","SNV","residue 465",NA
"SNV_cluster_0010","SNV","279","PAWIWN","SNV","residue 465",NA
"SNV_cluster_0010","SNV","282","PAWJKL","SNV","residue 477",NA
"SNV_cluster_0010","SNV","284","PAWJVB","SNV","residue 465",NA
"SNV_cluster_0010","SNV","285","PAWKAN","SNV","residue 465",NA
"SNV_cluster_0010","SNV","287","PAWKSC","SNV","residue 465",NA
"SNV_cluster_0010","SNV","290","PAWKZZ","SNV","residue 465",NA
"SNV_cluster_0010","SNV","291","PAWLFC","SNV","residue 465",NA
"SNV_cluster_0011","SNV","7","PARHBI","SNV","residue 505",NA
"SNV_cluster_0011","SNV","23","PARMMV","SNV","residue 505",NA
"SNV_cluster_0011","SNV","26","PARPUL","SNV","residue 505",NA
"SNV_cluster_0011","SNV","28","PARSNX","SNV","residue 505",NA
"SNV_cluster_0011","SNV","29","PARVMR","SNV","residue 505",NA
"SNV_cluster_0011","SNV","30","PARVSC","SNV","residue 505",NA
"SNV_cluster_0011","SNV","31","PARWMF","SNV","residue 505",NA
"SNV_cluster_0011","SNV","36","PARYHC","SNV","residue 505",NA
"SNV_cluster_0011","SNV","41","PASGUX","SNV","residue 505",NA
"SNV_cluster_0011","SNV","52","PASKWG","SNV","residue 505",NA
"SNV_cluster_0011","SNV","301","PASVVA","SNV","residue 505",NA
"SNV_cluster_0011","SNV","74","PASWNU","SNV","residue 505",NA
"SNV_cluster_0011","SNV","87","PATCTL","SNV","residue 505",NA
"SNV_cluster_0011","SNV","93","PATDDZ","SNV","residue 505",NA
"SNV_cluster_0011","SNV","94","PATDFE","SNV","residue 505",NA
"SNV_cluster_0011","SNV","303","PATDTL","SNV","residue 505",NA
"SNV_cluster_0011","SNV","115","PATKNX","SNV","residue 505",NA
"SNV_cluster_0011","SNV","123","PATRGV","SNV","residue 505",NA
"SNV_cluster_0011","SNV","130","PATVTZ","SNV","residue 503",NA
"SNV_cluster_0011","SNV","133","PATXTC","SNV","residue 505",NA
"SNV_cluster_0011","SNV","306","PATXTY","SNV","residue 505",NA
"SNV_cluster_0011","SNV","319","PAUAZV","SNV","residue 505",NA
"SNV_cluster_0011","SNV","307","PAUBBJ","SNV","residue 505",NA
"SNV_cluster_0011","SNV","141","PAUBGT","SNV","residue 505",NA
"SNV_cluster_0011","SNV","142","PAUBGT","SNV","residue 505",NA
"SNV_cluster_0011","SNV","310","PAUCIB","SNV","residue 505",NA
"SNV_cluster_0011","SNV","172","PAURGS","SNV","residue 505",NA
"SNV_cluster_0011","SNV","175","PAURSX","SNV","residue 505",NA
"SNV_cluster_0011","SNV","181","PAUTRX","SNV","residue 505",NA
"SNV_cluster_0011","SNV","202","PAVCRK","SNV","residue 505",NA
"SNV_cluster_0011","SNV","208","PAVEUZ","SNV","residue 505",NA
"SNV_cluster_0011","SNV","209","PAVFHF","SNV","residue 505",NA
"SNV_cluster_0011","SNV","212","PAVJBF","SNV","residue 505",NA
"SNV_cluster_0011","SNV","217","PAVJLJ","SNV","residue 505",NA
"SNV_cluster_0011","SNV","220","PAVJNX","SNV","residue 505",NA
"SNV_cluster_0011","SNV","224","PAVLMY","SNV","residue 505",NA
"SNV_cluster_0011","SNV","232","PAVPLN","SNV","residue 505",NA
"SNV_cluster_0011","SNV","238","PAVRTX","SNV","residue 505",NA
"SNV_cluster_0011","SNV","247","PAVVVF","SNV","residue 505",NA
"SNV_cluster_0011","SNV","4","PAVXTB","SNV","residue 505",NA
"SNV_cluster_0011","SNV","264","PAWETD","SNV","residue 505",NA
"SNV_cluster_0011","SNV","276","PAWHRW","SNV","residue 505",NA
"SNV_cluster_0011","SNV","278","PAWIWN","SNV","residue 505",NA
"SNV_cluster_0011","SNV","280","PAWIXS","SNV","residue 505",NA
"SNV_cluster_0011","SNV","317","PAWKXN","SNV","residue 505",NA
"SNV_cluster_0011","SNV","289","PAWKZX","SNV","residue 505",NA
"SNV_cluster_0012","SNV","293","PAREDN","SNV","residue 465",NA
"SNV_cluster_0012","SNV","6","PARGFL","SNV","residue 465",NA
"SNV_cluster_0012","SNV","7","PARHBI","SNV","residue 505",NA
"SNV_cluster_0012","SNV","9","PARHLS","SNV","residue 465",NA
"SNV_cluster_0012","SNV","12","PARJNX","SNV","residue 465",NA
"SNV_cluster_0012","SNV","13","PARJSM","SNV","residue 465",NA
"SNV_cluster_0012","SNV","15","PARJXW","SNV","residue 465",NA
"SNV_cluster_0012","SNV","17","PARLGK","SNV","residue 465",NA
"SNV_cluster_0012","SNV","22","PARMIA","SNV","residue 465",NA
"SNV_cluster_0012","SNV","23","PARMMV","SNV","residue 505",NA
"SNV_cluster_0012","SNV","26","PARPUL","SNV","residue 505",NA
"SNV_cluster_0012","SNV","27","PARPUL","SNV","residue 465",NA
"SNV_cluster_0012","SNV","296","PARPYK","SNV","residue 465",NA
"SNV_cluster_0012","SNV","28","PARSNX","SNV","residue 505",NA
"SNV_cluster_0012","SNV","29","PARVMR","SNV","residue 505",NA
"SNV_cluster_0012","SNV","30","PARVSC","SNV","residue 505",NA
"SNV_cluster_0012","SNV","31","PARWMF","SNV","residue 505",NA
"SNV_cluster_0012","SNV","32","PARWMF","SNV","residue 465",NA
"SNV_cluster_0012","SNV","34","PARXFY","SNV","residue 465",NA
"SNV_cluster_0012","SNV","35","PARXVS","SNV","residue 465",NA
"SNV_cluster_0012","SNV","36","PARYHC","SNV","residue 505",NA
"SNV_cluster_0012","SNV","40","PASGUH","SNV","residue 465",NA
"SNV_cluster_0012","SNV","41","PASGUX","SNV","residue 505",NA
"SNV_cluster_0012","SNV","43","PASHXL","SNV","residue 465",NA
"SNV_cluster_0012","SNV","300","PASHYJ","SNV","residue 465",NA
"SNV_cluster_0012","SNV","45","PASJFJ","SNV","residue 465",NA
"SNV_cluster_0012","SNV","48","PASKRN","SNV","residue 465",NA
"SNV_cluster_0012","SNV","49","PASKVH","SNV","residue 465",NA
"SNV_cluster_0012","SNV","50","PASKVH","SNV","residue 465",NA
"SNV_cluster_0012","SNV","52","PASKWG","SNV","residue 505",NA
"SNV_cluster_0012","SNV","54","PASLPH","SNV","residue 465",NA
"SNV_cluster_0012","SNV","55","PASNNM","SNV","residue 465",NA
"SNV_cluster_0012","SNV","56","PASPBU","SNV","residue 465",NA
"SNV_cluster_0012","SNV","57","PASPBU","SNV","residue 465",NA
"SNV_cluster_0012","SNV","61","PASRUK","SNV","residue 465",NA
"SNV_cluster_0012","SNV","62","PASSEF","SNV","residue 465",NA
"SNV_cluster_0012","SNV","64","PASTLI","SNV","residue 465",NA
"SNV_cluster_0012","SNV","65","PASTPT","SNV","residue 465",NA
"SNV_cluster_0012","SNV","66","PASTPT","SNV","residue 465",NA
"SNV_cluster_0012","SNV","68","PASVIN","SNV","residue 465",NA
"SNV_cluster_0012","SNV","69","PASVRC","SNV","residue 465",NA
"SNV_cluster_0012","SNV","301","PASVVA","SNV","residue 505",NA
"SNV_cluster_0012","SNV","70","PASVYP","SNV","residue 465",NA
"SNV_cluster_0012","SNV","71","PASVZJ","SNV","residue 465",NA
"SNV_cluster_0012","SNV","74","PASWNU","SNV","residue 505",NA
"SNV_cluster_0012","SNV","302","PASXFB","SNV","residue 465",NA
"SNV_cluster_0012","SNV","78","PASXSI","SNV","residue 465",NA
"SNV_cluster_0012","SNV","83","PATAUC","SNV","residue 465",NA
"SNV_cluster_0012","SNV","84","PATAUZ","SNV","residue 465",NA
"SNV_cluster_0012","SNV","85","PATBPY","SNV","residue 465",NA
"SNV_cluster_0012","SNV","87","PATCTL","SNV","residue 505",NA
"SNV_cluster_0012","SNV","91","PATDBU","SNV","residue 465",NA
"SNV_cluster_0012","SNV","92","PATDBU","SNV","residue 465",NA
"SNV_cluster_0012","SNV","93","PATDDZ","SNV","residue 505",NA
"SNV_cluster_0012","SNV","94","PATDFE","SNV","residue 505",NA
"SNV_cluster_0012","SNV","303","PATDTL","SNV","residue 505",NA
"SNV_cluster_0012","SNV","97","PATEAK","SNV","residue 465",NA
"SNV_cluster_0012","SNV","98","PATEBX","SNV","residue 465",NA
"SNV_cluster_0012","SNV","99","PATFVG","SNV","residue 465",NA
"SNV_cluster_0012","SNV","107","PATJBC","SNV","residue 465",NA
"SNV_cluster_0012","SNV","109","PATJRX","SNV","residue 465",NA
"SNV_cluster_0012","SNV","110","PATJZK","SNV","residue 465",NA
"SNV_cluster_0012","SNV","112","PATKGP","SNV","residue 465",NA
"SNV_cluster_0012","SNV","115","PATKNX","SNV","residue 505",NA
"SNV_cluster_0012","SNV","116","PATKRF","SNV","residue 465",NA
"SNV_cluster_0012","SNV","117","PATLGU","SNV","residue 465",NA
"SNV_cluster_0012","SNV","118","PATLNS","SNV","residue 465",NA
"SNV_cluster_0012","SNV","119","PATMPM","SNV","residue 465",NA
"SNV_cluster_0012","SNV","120","PATMVH","SNV","residue 465",NA
"SNV_cluster_0012","SNV","121","PATRFD","SNV","residue 465",NA
"SNV_cluster_0012","SNV","123","PATRGV","SNV","residue 505",NA
"SNV_cluster_0012","SNV","124","PATRNH","SNV","residue 465",NA
"SNV_cluster_0012","SNV","125","PATSEZ","SNV","residue 465",NA
"SNV_cluster_0012","SNV","128","PATUDM","SNV","residue 465",NA
"SNV_cluster_0012","SNV","129","PATUDM","SNV","residue 465",NA
"SNV_cluster_0012","SNV","133","PATXTC","SNV","residue 505",NA
"SNV_cluster_0012","SNV","306","PATXTY","SNV","residue 505",NA
"SNV_cluster_0012","SNV","135","PATYMP","SNV","residue 465",NA
"SNV_cluster_0012","SNV","136","PATZSL","SNV","residue 465",NA
"SNV_cluster_0012","SNV","138","PATZYE","SNV","residue 465",NA
"SNV_cluster_0012","SNV","139","PAUAMR","SNV","residue 465",NA
"SNV_cluster_0012","SNV","140","PAUAVW","SNV","residue 465",NA
"SNV_cluster_0012","SNV","319","PAUAZV","SNV","residue 505",NA
"SNV_cluster_0012","SNV","307","PAUBBJ","SNV","residue 505",NA
"SNV_cluster_0012","SNV","308","PAUBGA","SNV","residue 465",NA
"SNV_cluster_0012","SNV","141","PAUBGT","SNV","residue 505",NA
"SNV_cluster_0012","SNV","142","PAUBGT","SNV","residue 505",NA
"SNV_cluster_0012","SNV","143","PAUBLL","SNV","residue 465",NA
"SNV_cluster_0012","SNV","310","PAUCIB","SNV","residue 505",NA
"SNV_cluster_0012","SNV","144","PAUCWP","SNV","residue 465",NA
"SNV_cluster_0012","SNV","146","PAUEUC","SNV","residue 465",NA
"SNV_cluster_0012","SNV","148","PAUGAP","SNV","residue 465",NA
"SNV_cluster_0012","SNV","151","PAUGLK","SNV","residue 465",NA
"SNV_cluster_0012","SNV","152","PAUHDN","SNV","residue 465",NA
"SNV_cluster_0012","SNV","153","PAUHHF","SNV","residue 465",NA
"SNV_cluster_0012","SNV","5","PAUHTB","SNV","residue 465",NA
"SNV_cluster_0012","SNV","321","PAUIFC","SNV","residue 465",NA
"SNV_cluster_0012","SNV","154","PAUIGD","SNV","residue 465",NA
"SNV_cluster_0012","SNV","155","PAUIMK","SNV","residue 465",NA
"SNV_cluster_0012","SNV","314","PAUISV","SNV","residue 465",NA
"SNV_cluster_0012","SNV","156","PAUIXW","SNV","residue 465",NA
"SNV_cluster_0012","SNV","159","PAUJVL","SNV","residue 465",NA
"SNV_cluster_0012","SNV","163","PAULGR","SNV","residue 465",NA
"SNV_cluster_0012","SNV","164","PAULGX","SNV","residue 465",NA
"SNV_cluster_0012","SNV","165","PAULIU","SNV","residue 465",NA
"SNV_cluster_0012","SNV","172","PAURGS","SNV","residue 505",NA
"SNV_cluster_0012","SNV","175","PAURSX","SNV","residue 505",NA
"SNV_cluster_0012","SNV","176","PAURTD","SNV","residue 465",NA
"SNV_cluster_0012","SNV","178","PAUSIS","SNV","residue 465",NA
"SNV_cluster_0012","SNV","179","PAUTBM","SNV","residue 465",NA
"SNV_cluster_0012","SNV","180","PAUTLJ","SNV","residue 465",NA
"SNV_cluster_0012","SNV","181","PAUTRX","SNV","residue 505",NA
"SNV_cluster_0012","SNV","187","PAUTWN","SNV","residue 465",NA
"SNV_cluster_0012","SNV","189","PAUVTP","SNV","residue 465",NA
"SNV_cluster_0012","SNV","190","PAUVZI","SNV","residue 465",NA
"SNV_cluster_0012","SNV","320","PAUWNU","SNV","residue 465",NA
"SNV_cluster_0012","SNV","191","PAUXKE","SNV","residue 465",NA
"SNV_cluster_0012","SNV","192","PAUXRV","SNV","residue 465",NA
"SNV_cluster_0012","SNV","196","PAUYMH","SNV","residue 465",NA
"SNV_cluster_0012","SNV","197","PAUZHK","SNV","residue 465",NA
"SNV_cluster_0012","SNV","198","PAUZZA","SNV","residue 465",NA
"SNV_cluster_0012","SNV","200","PAVBAW","SNV","residue 465",NA
"SNV_cluster_0012","SNV","201","PAVBPR","SNV","residue 465",NA
"SNV_cluster_0012","SNV","202","PAVCRK","SNV","residue 505",NA
"SNV_cluster_0012","SNV","203","PAVCRK","SNV","residue 465",NA
"SNV_cluster_0012","SNV","205","PAVCYV","SNV","residue 465",NA
"SNV_cluster_0012","SNV","208","PAVEUZ","SNV","residue 505",NA
"SNV_cluster_0012","SNV","209","PAVFHF","SNV","residue 505",NA
"SNV_cluster_0012","SNV","211","PAVFXU","SNV","residue 465",NA
"SNV_cluster_0012","SNV","212","PAVJBF","SNV","residue 505",NA
"SNV_cluster_0012","SNV","213","PAVJHG","SNV","residue 465",NA
"SNV_cluster_0012","SNV","214","PAVJJK","SNV","residue 465",NA
"SNV_cluster_0012","SNV","215","PAVJJU","SNV","residue 465",NA
"SNV_cluster_0012","SNV","217","PAVJLJ","SNV","residue 505",NA
"SNV_cluster_0012","SNV","220","PAVJNX","SNV","residue 505",NA
"SNV_cluster_0012","SNV","221","PAVKWV","SNV","residue 465",NA
"SNV_cluster_0012","SNV","223","PAVLMX","SNV","residue 465",NA
"SNV_cluster_0012","SNV","224","PAVLMY","SNV","residue 505",NA
"SNV_cluster_0012","SNV","226","PAVMPB","SNV","residue 465",NA
"SNV_cluster_0012","SNV","228","PAVNDL","SNV","residue 465",NA
"SNV_cluster_0012","SNV","315","PAVNSM","SNV","residue 465",NA
"SNV_cluster_0012","SNV","230","PAVPCZ","SNV","residue 465",NA
"SNV_cluster_0012","SNV","232","PAVPLN","SNV","residue 505",NA
"SNV_cluster_0012","SNV","238","PAVRTX","SNV","residue 505",NA
"SNV_cluster_0012","SNV","240","PAVSHE","SNV","residue 465",NA
"SNV_cluster_0012","SNV","243","PAVUVZ","SNV","residue 465",NA
"SNV_cluster_0012","SNV","245","PAVVEI","SNV","residue 465",NA
"SNV_cluster_0012","SNV","246","PAVVHL","SNV","residue 465",NA
"SNV_cluster_0012","SNV","247","PAVVVF","SNV","residue 505",NA
"SNV_cluster_0012","SNV","248","PAVWDF","SNV","residue 465",NA
"SNV_cluster_0012","SNV","250","PAVXBS","SNV","residue 465",NA
"SNV_cluster_0012","SNV","251","PAVXPD","SNV","residue 465",NA
"SNV_cluster_0012","SNV","4","PAVXTB","SNV","residue 505",NA
"SNV_cluster_0012","SNV","252","PAVXYS","SNV","residue 465",NA
"SNV_cluster_0012","SNV","253","PAVXYS","SNV","residue 465",NA
"SNV_cluster_0012","SNV","254","PAVYTZ","SNV","residue 465",NA
"SNV_cluster_0012","SNV","255","PAVZJI","SNV","residue 465",NA
"SNV_cluster_0012","SNV","258","PAWAIH","SNV","residue 465",NA
"SNV_cluster_0012","SNV","259","PAWAMR","SNV","residue 465",NA
"SNV_cluster_0012","SNV","260","PAWAMT","SNV","residue 465",NA
"SNV_cluster_0012","SNV","263","PAWDMI","SNV","residue 465",NA
"SNV_cluster_0012","SNV","264","PAWETD","SNV","residue 505",NA
"SNV_cluster_0012","SNV","267","PAWGHS","SNV","residue 465",NA
"SNV_cluster_0012","SNV","268","PAWGPI","SNV","residue 465",NA
"SNV_cluster_0012","SNV","271","PAWGXW","SNV","residue 465",NA
"SNV_cluster_0012","SNV","272","PAWGYU","SNV","residue 465",NA
"SNV_cluster_0012","SNV","273","PAWHGU","SNV","residue 465",NA
"SNV_cluster_0012","SNV","274","PAWHIG","SNV","residue 477",NA
"SNV_cluster_0012","SNV","275","PAWHIG","SNV","residue 465",NA
"SNV_cluster_0012","SNV","276","PAWHRW","SNV","residue 505",NA
"SNV_cluster_0012","SNV","277","PAWIPA","SNV","residue 465",NA
"SNV_cluster_0012","SNV","278","PAWIWN","SNV","residue 505",NA
"SNV_cluster_0012","SNV","279","PAWIWN","SNV","residue 465",NA
"SNV_cluster_0012","SNV","280","PAWIXS","SNV","residue 505",NA
"SNV_cluster_0012","SNV","282","PAWJKL","SNV","residue 477",NA
"SNV_cluster_0012","SNV","284","PAWJVB","SNV","residue 465",NA
"SNV_cluster_0012","SNV","285","PAWKAN","SNV","residue 465",NA
"SNV_cluster_0012","SNV","287","PAWKSC","SNV","residue 465",NA
"SNV_cluster_0012","SNV","317","PAWKXN","SNV","residue 505",NA
"SNV_cluster_0012","SNV","289","PAWKZX","SNV","residue 505",NA
"SNV_cluster_0012","SNV","290","PAWKZZ","SNV","residue 465",NA
"SNV_cluster_0012","SNV","291","PAWLFC","SNV","residue 465",NA
"SNV_cluster_0013","SNV","11","PARJAY","SNV","residue 479",NA
"SNV_cluster_0013","SNV","16","PARKLK","SNV","residue 479",NA
"SNV_cluster_0013","SNV","294","PARMED","SNV","residue 479",NA
"SNV_cluster_0013","SNV","19","PARMFF","SNV","residue 479",NA
"SNV_cluster_0013","SNV","21","PARMIA","SNV","residue 479",NA
"SNV_cluster_0013","SNV","1","PARMJA","SNV","residue 479",NA
"SNV_cluster_0013","SNV","24","PARMMV","SNV","residue 479",NA
"SNV_cluster_0013","SNV","297","PARRJR","SNV","residue 479",NA
"SNV_cluster_0013","SNV","37","PASFKA","SNV","residue 479",NA
"SNV_cluster_0013","SNV","47","PASKIC","SNV","residue 479",NA
"SNV_cluster_0013","SNV","326","PASKMG","SNV","residue 479",NA
"SNV_cluster_0013","SNV","53","PASKXA","SNV","residue 479",NA
"SNV_cluster_0013","SNV","58","PASPNW","SNV","residue 479",NA
"SNV_cluster_0013","SNV","59","PASPPN","SNV","residue 479",NA
"SNV_cluster_0013","SNV","67","PASUSV","SNV","residue 479",NA
"SNV_cluster_0013","SNV","76","PASWSR","SNV","residue 479",NA
"SNV_cluster_0013","SNV","77","PASXIL","SNV","residue 479",NA
"SNV_cluster_0013","SNV","79","PASYHN","SNV","residue 479",NA
"SNV_cluster_0013","SNV","80","PASZAY","SNV","residue 479",NA
"SNV_cluster_0013","SNV","81","PATADU","SNV","residue 479",NA
"SNV_cluster_0013","SNV","86","PATCDZ","SNV","residue 479",NA
"SNV_cluster_0013","SNV","89","PATDBC","SNV","residue 479",NA
"SNV_cluster_0013","SNV","100","PATGMP","SNV","residue 479",NA
"SNV_cluster_0013","SNV","101","PATGVX","SNV","residue 479",NA
"SNV_cluster_0013","SNV","325","PATHAA","SNV","residue 479",NA
"SNV_cluster_0013","SNV","102","PATHFE","SNV","residue 479",NA
"SNV_cluster_0013","SNV","104","PATIHV","SNV","residue 479",NA
"SNV_cluster_0013","SNV","106","PATITY","SNV","residue 479",NA
"SNV_cluster_0013","SNV","304","PATJCZ","SNV","residue 479",NA
"SNV_cluster_0013","SNV","108","PATJRX","SNV","residue 479",NA
"SNV_cluster_0013","SNV","111","PATKGP","SNV","residue 480",NA
"SNV_cluster_0013","SNV","114","PATKHZ","SNV","residue 479",NA
"SNV_cluster_0013","SNV","127","PATUDM","SNV","residue 479",NA
"SNV_cluster_0013","SNV","131","PATWIJ","SNV","residue 479",NA
"SNV_cluster_0013","SNV","132","PATXAL","SNV","residue 479",NA
"SNV_cluster_0013","SNV","134","PATYMP","SNV","residue 479",NA
"SNV_cluster_0013","SNV","323","PAUAZV","SNV","residue 479",NA
"SNV_cluster_0013","SNV","311","PAUCIB","SNV","residue 479",NA
"SNV_cluster_0013","SNV","145","PAUEFT","SNV","residue 479",NA
"SNV_cluster_0013","SNV","313","PAUIEM","SNV","residue 479",NA
"SNV_cluster_0013","SNV","158","PAUJRU","SNV","residue 479",NA
"SNV_cluster_0013","SNV","167","PAUMNE","SNV","residue 479",NA
"SNV_cluster_0013","SNV","169","PAUMVW","SNV","residue 479",NA
"SNV_cluster_0013","SNV","173","PAURGS","SNV","residue 479",NA
"SNV_cluster_0013","SNV","177","PAUSIS","SNV","residue 479",NA
"SNV_cluster_0013","SNV","193","PAUXSD","SNV","residue 479",NA
"SNV_cluster_0013","SNV","195","PAUYJF","SNV","residue 479",NA
"SNV_cluster_0013","SNV","204","PAVCYV","SNV","residue 479",NA
"SNV_cluster_0013","SNV","210","PAVFWF","SNV","residue 479",NA
"SNV_cluster_0013","SNV","222","PAVLCX","SNV","residue 479",NA
"SNV_cluster_0013","SNV","229","PAVNWE","SNV","residue 479",NA
"SNV_cluster_0013","SNV","231","PAVPLD","SNV","residue 479",NA
"SNV_cluster_0013","SNV","233","PAVRAP","SNV","residue 479",NA
"SNV_cluster_0013","SNV","234","PAVRDC","SNV","residue 479",NA
"SNV_cluster_0013","SNV","235","PAVRLH","SNV","residue 479",NA
"SNV_cluster_0013","SNV","239","PAVRWC","SNV","residue 479",NA
"SNV_cluster_0013","SNV","249","PAVWWF","SNV","residue 479",NA
"SNV_cluster_0013","SNV","269","PAWGWC","SNV","residue 479",NA
"SNV_cluster_0013","SNV","274","PAWHIG","SNV","residue 477",NA
"SNV_cluster_0013","SNV","322","PAWIGC","SNV","residue 479",NA
"SNV_cluster_0013","SNV","281","PAWJJC","SNV","residue 479",NA
"SNV_cluster_0013","SNV","282","PAWJKL","SNV","residue 477",NA
"SNV_cluster_0013","SNV","283","PAWJKX","SNV","residue 479",NA
"SNV_cluster_0013","SNV","288","PAWKYL","SNV","residue 479",NA
"SNV_cluster_0013","SNV","318","PAWLSM","SNV","residue 479",NA
"SNV_cluster_0014","SNV","293","PAREDN","SNV","residue 465",NA
"SNV_cluster_0014","SNV","6","PARGFL","SNV","residue 465",NA
"SNV_cluster_0014","SNV","9","PARHLS","SNV","residue 465",NA
"SNV_cluster_0014","SNV","11","PARJAY","SNV","residue 479",NA
"SNV_cluster_0014","SNV","12","PARJNX","SNV","residue 465",NA
"SNV_cluster_0014","SNV","13","PARJSM","SNV","residue 465",NA
"SNV_cluster_0014","SNV","15","PARJXW","SNV","residue 465",NA
"SNV_cluster_0014","SNV","16","PARKLK","SNV","residue 479",NA
"SNV_cluster_0014","SNV","17","PARLGK","SNV","residue 465",NA
"SNV_cluster_0014","SNV","294","PARMED","SNV","residue 479",NA
"SNV_cluster_0014","SNV","19","PARMFF","SNV","residue 479",NA
"SNV_cluster_0014","SNV","21","PARMIA","SNV","residue 479",NA
"SNV_cluster_0014","SNV","22","PARMIA","SNV","residue 465",NA
"SNV_cluster_0014","SNV","1","PARMJA","SNV","residue 479",NA
"SNV_cluster_0014","SNV","24","PARMMV","SNV","residue 479",NA
"SNV_cluster_0014","SNV","27","PARPUL","SNV","residue 465",NA
"SNV_cluster_0014","SNV","296","PARPYK","SNV","residue 465",NA
"SNV_cluster_0014","SNV","297","PARRJR","SNV","residue 479",NA
"SNV_cluster_0014","SNV","32","PARWMF","SNV","residue 465",NA
"SNV_cluster_0014","SNV","34","PARXFY","SNV","residue 465",NA
"SNV_cluster_0014","SNV","35","PARXVS","SNV","residue 465",NA
"SNV_cluster_0014","SNV","37","PASFKA","SNV","residue 479",NA
"SNV_cluster_0014","SNV","40","PASGUH","SNV","residue 465",NA
"SNV_cluster_0014","SNV","43","PASHXL","SNV","residue 465",NA
"SNV_cluster_0014","SNV","300","PASHYJ","SNV","residue 465",NA
"SNV_cluster_0014","SNV","45","PASJFJ","SNV","residue 465",NA
"SNV_cluster_0014","SNV","47","PASKIC","SNV","residue 479",NA
"SNV_cluster_0014","SNV","326","PASKMG","SNV","residue 479",NA
"SNV_cluster_0014","SNV","48","PASKRN","SNV","residue 465",NA
"SNV_cluster_0014","SNV","49","PASKVH","SNV","residue 465",NA
"SNV_cluster_0014","SNV","50","PASKVH","SNV","residue 465",NA
"SNV_cluster_0014","SNV","53","PASKXA","SNV","residue 479",NA
"SNV_cluster_0014","SNV","54","PASLPH","SNV","residue 465",NA
"SNV_cluster_0014","SNV","55","PASNNM","SNV","residue 465",NA
"SNV_cluster_0014","SNV","56","PASPBU","SNV","residue 465",NA
"SNV_cluster_0014","SNV","57","PASPBU","SNV","residue 465",NA
"SNV_cluster_0014","SNV","58","PASPNW","SNV","residue 479",NA
"SNV_cluster_0014","SNV","59","PASPPN","SNV","residue 479",NA
"SNV_cluster_0014","SNV","61","PASRUK","SNV","residue 465",NA
"SNV_cluster_0014","SNV","62","PASSEF","SNV","residue 465",NA
"SNV_cluster_0014","SNV","64","PASTLI","SNV","residue 465",NA
"SNV_cluster_0014","SNV","65","PASTPT","SNV","residue 465",NA
"SNV_cluster_0014","SNV","66","PASTPT","SNV","residue 465",NA
"SNV_cluster_0014","SNV","67","PASUSV","SNV","residue 479",NA
"SNV_cluster_0014","SNV","68","PASVIN","SNV","residue 465",NA
"SNV_cluster_0014","SNV","69","PASVRC","SNV","residue 465",NA
"SNV_cluster_0014","SNV","70","PASVYP","SNV","residue 465",NA
"SNV_cluster_0014","SNV","71","PASVZJ","SNV","residue 465",NA
"SNV_cluster_0014","SNV","76","PASWSR","SNV","residue 479",NA
"SNV_cluster_0014","SNV","302","PASXFB","SNV","residue 465",NA
"SNV_cluster_0014","SNV","77","PASXIL","SNV","residue 479",NA
"SNV_cluster_0014","SNV","78","PASXSI","SNV","residue 465",NA
"SNV_cluster_0014","SNV","79","PASYHN","SNV","residue 479",NA
"SNV_cluster_0014","SNV","80","PASZAY","SNV","residue 479",NA
"SNV_cluster_0014","SNV","81","PATADU","SNV","residue 479",NA
"SNV_cluster_0014","SNV","83","PATAUC","SNV","residue 465",NA
"SNV_cluster_0014","SNV","84","PATAUZ","SNV","residue 465",NA
"SNV_cluster_0014","SNV","85","PATBPY","SNV","residue 465",NA
"SNV_cluster_0014","SNV","86","PATCDZ","SNV","residue 479",NA
"SNV_cluster_0014","SNV","89","PATDBC","SNV","residue 479",NA
"SNV_cluster_0014","SNV","91","PATDBU","SNV","residue 465",NA
"SNV_cluster_0014","SNV","92","PATDBU","SNV","residue 465",NA
"SNV_cluster_0014","SNV","97","PATEAK","SNV","residue 465",NA
"SNV_cluster_0014","SNV","98","PATEBX","SNV","residue 465",NA
"SNV_cluster_0014","SNV","99","PATFVG","SNV","residue 465",NA
"SNV_cluster_0014","SNV","100","PATGMP","SNV","residue 479",NA
"SNV_cluster_0014","SNV","101","PATGVX","SNV","residue 479",NA
"SNV_cluster_0014","SNV","325","PATHAA","SNV","residue 479",NA
"SNV_cluster_0014","SNV","102","PATHFE","SNV","residue 479",NA
"SNV_cluster_0014","SNV","104","PATIHV","SNV","residue 479",NA
"SNV_cluster_0014","SNV","106","PATITY","SNV","residue 479",NA
"SNV_cluster_0014","SNV","107","PATJBC","SNV","residue 465",NA
"SNV_cluster_0014","SNV","304","PATJCZ","SNV","residue 479",NA
"SNV_cluster_0014","SNV","108","PATJRX","SNV","residue 479",NA
"SNV_cluster_0014","SNV","109","PATJRX","SNV","residue 465",NA
"SNV_cluster_0014","SNV","110","PATJZK","SNV","residue 465",NA
"SNV_cluster_0014","SNV","111","PATKGP","SNV","residue 480",NA
"SNV_cluster_0014","SNV","112","PATKGP","SNV","residue 465",NA
"SNV_cluster_0014","SNV","114","PATKHZ","SNV","residue 479",NA
"SNV_cluster_0014","SNV","116","PATKRF","SNV","residue 465",NA
"SNV_cluster_0014","SNV","117","PATLGU","SNV","residue 465",NA
"SNV_cluster_0014","SNV","118","PATLNS","SNV","residue 465",NA
"SNV_cluster_0014","SNV","119","PATMPM","SNV","residue 465",NA
"SNV_cluster_0014","SNV","120","PATMVH","SNV","residue 465",NA
"SNV_cluster_0014","SNV","121","PATRFD","SNV","residue 465",NA
"SNV_cluster_0014","SNV","124","PATRNH","SNV","residue 465",NA
"SNV_cluster_0014","SNV","125","PATSEZ","SNV","residue 465",NA
"SNV_cluster_0014","SNV","127","PATUDM","SNV","residue 479",NA
"SNV_cluster_0014","SNV","128","PATUDM","SNV","residue 465",NA
"SNV_cluster_0014","SNV","129","PATUDM","SNV","residue 465",NA
"SNV_cluster_0014","SNV","131","PATWIJ","SNV","residue 479",NA
"SNV_cluster_0014","SNV","132","PATXAL","SNV","residue 479",NA
"SNV_cluster_0014","SNV","134","PATYMP","SNV","residue 479",NA
"SNV_cluster_0014","SNV","135","PATYMP","SNV","residue 465",NA
"SNV_cluster_0014","SNV","136","PATZSL","SNV","residue 465",NA
"SNV_cluster_0014","SNV","138","PATZYE","SNV","residue 465",NA
"SNV_cluster_0014","SNV","139","PAUAMR","SNV","residue 465",NA
"SNV_cluster_0014","SNV","140","PAUAVW","SNV","residue 465",NA
"SNV_cluster_0014","SNV","323","PAUAZV","SNV","residue 479",NA
"SNV_cluster_0014","SNV","308","PAUBGA","SNV","residue 465",NA
"SNV_cluster_0014","SNV","143","PAUBLL","SNV","residue 465",NA
"SNV_cluster_0014","SNV","311","PAUCIB","SNV","residue 479",NA
"SNV_cluster_0014","SNV","144","PAUCWP","SNV","residue 465",NA
"SNV_cluster_0014","SNV","145","PAUEFT","SNV","residue 479",NA
"SNV_cluster_0014","SNV","146","PAUEUC","SNV","residue 465",NA
"SNV_cluster_0014","SNV","148","PAUGAP","SNV","residue 465",NA
"SNV_cluster_0014","SNV","151","PAUGLK","SNV","residue 465",NA
"SNV_cluster_0014","SNV","152","PAUHDN","SNV","residue 465",NA
"SNV_cluster_0014","SNV","153","PAUHHF","SNV","residue 465",NA
"SNV_cluster_0014","SNV","5","PAUHTB","SNV","residue 465",NA
"SNV_cluster_0014","SNV","313","PAUIEM","SNV","residue 479",NA
"SNV_cluster_0014","SNV","321","PAUIFC","SNV","residue 465",NA
"SNV_cluster_0014","SNV","154","PAUIGD","SNV","residue 465",NA
"SNV_cluster_0014","SNV","155","PAUIMK","SNV","residue 465",NA
"SNV_cluster_0014","SNV","314","PAUISV","SNV","residue 465",NA
"SNV_cluster_0014","SNV","156","PAUIXW","SNV","residue 465",NA
"SNV_cluster_0014","SNV","158","PAUJRU","SNV","residue 479",NA
"SNV_cluster_0014","SNV","159","PAUJVL","SNV","residue 465",NA
"SNV_cluster_0014","SNV","163","PAULGR","SNV","residue 465",NA
"SNV_cluster_0014","SNV","164","PAULGX","SNV","residue 465",NA
"SNV_cluster_0014","SNV","165","PAULIU","SNV","residue 465",NA
"SNV_cluster_0014","SNV","167","PAUMNE","SNV","residue 479",NA
"SNV_cluster_0014","SNV","169","PAUMVW","SNV","residue 479",NA
"SNV_cluster_0014","SNV","173","PAURGS","SNV","residue 479",NA
"SNV_cluster_0014","SNV","176","PAURTD","SNV","residue 465",NA
"SNV_cluster_0014","SNV","177","PAUSIS","SNV","residue 479",NA
"SNV_cluster_0014","SNV","178","PAUSIS","SNV","residue 465",NA
"SNV_cluster_0014","SNV","179","PAUTBM","SNV","residue 465",NA
"SNV_cluster_0014","SNV","180","PAUTLJ","SNV","residue 465",NA
"SNV_cluster_0014","SNV","187","PAUTWN","SNV","residue 465",NA
"SNV_cluster_0014","SNV","189","PAUVTP","SNV","residue 465",NA
"SNV_cluster_0014","SNV","190","PAUVZI","SNV","residue 465",NA
"SNV_cluster_0014","SNV","320","PAUWNU","SNV","residue 465",NA
"SNV_cluster_0014","SNV","191","PAUXKE","SNV","residue 465",NA
"SNV_cluster_0014","SNV","192","PAUXRV","SNV","residue 465",NA
"SNV_cluster_0014","SNV","193","PAUXSD","SNV","residue 479",NA
"SNV_cluster_0014","SNV","195","PAUYJF","SNV","residue 479",NA
"SNV_cluster_0014","SNV","196","PAUYMH","SNV","residue 465",NA
"SNV_cluster_0014","SNV","197","PAUZHK","SNV","residue 465",NA
"SNV_cluster_0014","SNV","198","PAUZZA","SNV","residue 465",NA
"SNV_cluster_0014","SNV","200","PAVBAW","SNV","residue 465",NA
"SNV_cluster_0014","SNV","201","PAVBPR","SNV","residue 465",NA
"SNV_cluster_0014","SNV","203","PAVCRK","SNV","residue 465",NA
"SNV_cluster_0014","SNV","204","PAVCYV","SNV","residue 479",NA
"SNV_cluster_0014","SNV","205","PAVCYV","SNV","residue 465",NA
"SNV_cluster_0014","SNV","210","PAVFWF","SNV","residue 479",NA
"SNV_cluster_0014","SNV","211","PAVFXU","SNV","residue 465",NA
"SNV_cluster_0014","SNV","213","PAVJHG","SNV","residue 465",NA
"SNV_cluster_0014","SNV","214","PAVJJK","SNV","residue 465",NA
"SNV_cluster_0014","SNV","215","PAVJJU","SNV","residue 465",NA
"SNV_cluster_0014","SNV","221","PAVKWV","SNV","residue 465",NA
"SNV_cluster_0014","SNV","222","PAVLCX","SNV","residue 479",NA
"SNV_cluster_0014","SNV","223","PAVLMX","SNV","residue 465",NA
"SNV_cluster_0014","SNV","226","PAVMPB","SNV","residue 465",NA
"SNV_cluster_0014","SNV","228","PAVNDL","SNV","residue 465",NA
"SNV_cluster_0014","SNV","315","PAVNSM","SNV","residue 465",NA
"SNV_cluster_0014","SNV","229","PAVNWE","SNV","residue 479",NA
"SNV_cluster_0014","SNV","230","PAVPCZ","SNV","residue 465",NA
"SNV_cluster_0014","SNV","231","PAVPLD","SNV","residue 479",NA
"SNV_cluster_0014","SNV","233","PAVRAP","SNV","residue 479",NA
"SNV_cluster_0014","SNV","234","PAVRDC","SNV","residue 479",NA
"SNV_cluster_0014","SNV","235","PAVRLH","SNV","residue 479",NA
"SNV_cluster_0014","SNV","236","PAVRLN","SNV","residue 463",NA
"SNV_cluster_0014","SNV","239","PAVRWC","SNV","residue 479",NA
"SNV_cluster_0014","SNV","240","PAVSHE","SNV","residue 465",NA
"SNV_cluster_0014","SNV","243","PAVUVZ","SNV","residue 465",NA
"SNV_cluster_0014","SNV","245","PAVVEI","SNV","residue 465",NA
"SNV_cluster_0014","SNV","246","PAVVHL","SNV","residue 465",NA
"SNV_cluster_0014","SNV","248","PAVWDF","SNV","residue 465",NA
"SNV_cluster_0014","SNV","249","PAVWWF","SNV","residue 479",NA
"SNV_cluster_0014","SNV","250","PAVXBS","SNV","residue 465",NA
"SNV_cluster_0014","SNV","251","PAVXPD","SNV","residue 465",NA
"SNV_cluster_0014","SNV","252","PAVXYS","SNV","residue 465",NA
"SNV_cluster_0014","SNV","253","PAVXYS","SNV","residue 465",NA
"SNV_cluster_0014","SNV","254","PAVYTZ","SNV","residue 465",NA
"SNV_cluster_0014","SNV","255","PAVZJI","SNV","residue 465",NA
"SNV_cluster_0014","SNV","258","PAWAIH","SNV","residue 465",NA
"SNV_cluster_0014","SNV","259","PAWAMR","SNV","residue 465",NA
"SNV_cluster_0014","SNV","260","PAWAMT","SNV","residue 465",NA
"SNV_cluster_0014","SNV","263","PAWDMI","SNV","residue 465",NA
"SNV_cluster_0014","SNV","267","PAWGHS","SNV","residue 465",NA
"SNV_cluster_0014","SNV","268","PAWGPI","SNV","residue 465",NA
"SNV_cluster_0014","SNV","269","PAWGWC","SNV","residue 479",NA
"SNV_cluster_0014","SNV","271","PAWGXW","SNV","residue 465",NA
"SNV_cluster_0014","SNV","272","PAWGYU","SNV","residue 465",NA
"SNV_cluster_0014","SNV","273","PAWHGU","SNV","residue 465",NA
"SNV_cluster_0014","SNV","274","PAWHIG","SNV","residue 477",NA
"SNV_cluster_0014","SNV","275","PAWHIG","SNV","residue 465",NA
"SNV_cluster_0014","SNV","322","PAWIGC","SNV","residue 479",NA
"SNV_cluster_0014","SNV","277","PAWIPA","SNV","residue 465",NA
"SNV_cluster_0014","SNV","279","PAWIWN","SNV","residue 465",NA
"SNV_cluster_0014","SNV","281","PAWJJC","SNV","residue 479",NA
"SNV_cluster_0014","SNV","282","PAWJKL","SNV","residue 477",NA
"SNV_cluster_0014","SNV","283","PAWJKX","SNV","residue 479",NA
"SNV_cluster_0014","SNV","284","PAWJVB","SNV","residue 465",NA
"SNV_cluster_0014","SNV","285","PAWKAN","SNV","residue 465",NA
"SNV_cluster_0014","SNV","287","PAWKSC","SNV","residue 465",NA
"SNV_cluster_0014","SNV","288","PAWKYL","SNV","residue 479",NA
"SNV_cluster_0014","SNV","290","PAWKZZ","SNV","residue 465",NA
"SNV_cluster_0014","SNV","291","PAWLFC","SNV","residue 465",NA
"SNV_cluster_0014","SNV","318","PAWLSM","SNV","residue 479",NA
"SNV_cluster_0015","SNV","293","PAREDN","SNV","residue 465",NA
"SNV_cluster_0015","SNV","6","PARGFL","SNV","residue 465",NA
"SNV_cluster_0015","SNV","7","PARHBI","SNV","residue 505",NA
"SNV_cluster_0015","SNV","9","PARHLS","SNV","residue 465",NA
"SNV_cluster_0015","SNV","11","PARJAY","SNV","residue 479",NA
"SNV_cluster_0015","SNV","12","PARJNX","SNV","residue 465",NA
"SNV_cluster_0015","SNV","13","PARJSM","SNV","residue 465",NA
"SNV_cluster_0015","SNV","15","PARJXW","SNV","residue 465",NA
"SNV_cluster_0015","SNV","16","PARKLK","SNV","residue 479",NA
"SNV_cluster_0015","SNV","17","PARLGK","SNV","residue 465",NA
"SNV_cluster_0015","SNV","294","PARMED","SNV","residue 479",NA
"SNV_cluster_0015","SNV","19","PARMFF","SNV","residue 479",NA
"SNV_cluster_0015","SNV","21","PARMIA","SNV","residue 479",NA
"SNV_cluster_0015","SNV","22","PARMIA","SNV","residue 465",NA
"SNV_cluster_0015","SNV","1","PARMJA","SNV","residue 479",NA
"SNV_cluster_0015","SNV","23","PARMMV","SNV","residue 505",NA
"SNV_cluster_0015","SNV","24","PARMMV","SNV","residue 479",NA
"SNV_cluster_0015","SNV","26","PARPUL","SNV","residue 505",NA
"SNV_cluster_0015","SNV","27","PARPUL","SNV","residue 465",NA
"SNV_cluster_0015","SNV","296","PARPYK","SNV","residue 465",NA
"SNV_cluster_0015","SNV","297","PARRJR","SNV","residue 479",NA
"SNV_cluster_0015","SNV","28","PARSNX","SNV","residue 505",NA
"SNV_cluster_0015","SNV","29","PARVMR","SNV","residue 505",NA
"SNV_cluster_0015","SNV","30","PARVSC","SNV","residue 505",NA
"SNV_cluster_0015","SNV","31","PARWMF","SNV","residue 505",NA
"SNV_cluster_0015","SNV","32","PARWMF","SNV","residue 465",NA
"SNV_cluster_0015","SNV","34","PARXFY","SNV","residue 465",NA
"SNV_cluster_0015","SNV","35","PARXVS","SNV","residue 465",NA
"SNV_cluster_0015","SNV","36","PARYHC","SNV","residue 505",NA
"SNV_cluster_0015","SNV","37","PASFKA","SNV","residue 479",NA
"SNV_cluster_0015","SNV","40","PASGUH","SNV","residue 465",NA
"SNV_cluster_0015","SNV","41","PASGUX","SNV","residue 505",NA
"SNV_cluster_0015","SNV","43","PASHXL","SNV","residue 465",NA
"SNV_cluster_0015","SNV","300","PASHYJ","SNV","residue 465",NA
"SNV_cluster_0015","SNV","45","PASJFJ","SNV","residue 465",NA
"SNV_cluster_0015","SNV","47","PASKIC","SNV","residue 479",NA
"SNV_cluster_0015","SNV","326","PASKMG","SNV","residue 479",NA
"SNV_cluster_0015","SNV","48","PASKRN","SNV","residue 465",NA
"SNV_cluster_0015","SNV","49","PASKVH","SNV","residue 465",NA
"SNV_cluster_0015","SNV","50","PASKVH","SNV","residue 465",NA
"SNV_cluster_0015","SNV","52","PASKWG","SNV","residue 505",NA
"SNV_cluster_0015","SNV","53","PASKXA","SNV","residue 479",NA
"SNV_cluster_0015","SNV","54","PASLPH","SNV","residue 465",NA
"SNV_cluster_0015","SNV","55","PASNNM","SNV","residue 465",NA
"SNV_cluster_0015","SNV","56","PASPBU","SNV","residue 465",NA
"SNV_cluster_0015","SNV","57","PASPBU","SNV","residue 465",NA
"SNV_cluster_0015","SNV","58","PASPNW","SNV","residue 479",NA
"SNV_cluster_0015","SNV","59","PASPPN","SNV","residue 479",NA
"SNV_cluster_0015","SNV","61","PASRUK","SNV","residue 465",NA
"SNV_cluster_0015","SNV","62","PASSEF","SNV","residue 465",NA
"SNV_cluster_0015","SNV","64","PASTLI","SNV","residue 465",NA
"SNV_cluster_0015","SNV","65","PASTPT","SNV","residue 465",NA
"SNV_cluster_0015","SNV","66","PASTPT","SNV","residue 465",NA
"SNV_cluster_0015","SNV","67","PASUSV","SNV","residue 479",NA
"SNV_cluster_0015","SNV","68","PASVIN","SNV","residue 465",NA
"SNV_cluster_0015","SNV","69","PASVRC","SNV","residue 465",NA
"SNV_cluster_0015","SNV","301","PASVVA","SNV","residue 505",NA
"SNV_cluster_0015","SNV","70","PASVYP","SNV","residue 465",NA
"SNV_cluster_0015","SNV","71","PASVZJ","SNV","residue 465",NA
"SNV_cluster_0015","SNV","74","PASWNU","SNV","residue 505",NA
"SNV_cluster_0015","SNV","76","PASWSR","SNV","residue 479",NA
"SNV_cluster_0015","SNV","302","PASXFB","SNV","residue 465",NA
"SNV_cluster_0015","SNV","77","PASXIL","SNV","residue 479",NA
"SNV_cluster_0015","SNV","78","PASXSI","SNV","residue 465",NA
"SNV_cluster_0015","SNV","79","PASYHN","SNV","residue 479",NA
"SNV_cluster_0015","SNV","80","PASZAY","SNV","residue 479",NA
"SNV_cluster_0015","SNV","81","PATADU","SNV","residue 479",NA
"SNV_cluster_0015","SNV","83","PATAUC","SNV","residue 465",NA
"SNV_cluster_0015","SNV","84","PATAUZ","SNV","residue 465",NA
"SNV_cluster_0015","SNV","85","PATBPY","SNV","residue 465",NA
"SNV_cluster_0015","SNV","86","PATCDZ","SNV","residue 479",NA
"SNV_cluster_0015","SNV","87","PATCTL","SNV","residue 505",NA
"SNV_cluster_0015","SNV","89","PATDBC","SNV","residue 479",NA
"SNV_cluster_0015","SNV","91","PATDBU","SNV","residue 465",NA
"SNV_cluster_0015","SNV","92","PATDBU","SNV","residue 465",NA
"SNV_cluster_0015","SNV","93","PATDDZ","SNV","residue 505",NA
"SNV_cluster_0015","SNV","94","PATDFE","SNV","residue 505",NA
"SNV_cluster_0015","SNV","303","PATDTL","SNV","residue 505",NA
"SNV_cluster_0015","SNV","97","PATEAK","SNV","residue 465",NA
"SNV_cluster_0015","SNV","98","PATEBX","SNV","residue 465",NA
"SNV_cluster_0015","SNV","99","PATFVG","SNV","residue 465",NA
"SNV_cluster_0015","SNV","100","PATGMP","SNV","residue 479",NA
"SNV_cluster_0015","SNV","101","PATGVX","SNV","residue 479",NA
"SNV_cluster_0015","SNV","325","PATHAA","SNV","residue 479",NA
"SNV_cluster_0015","SNV","102","PATHFE","SNV","residue 479",NA
"SNV_cluster_0015","SNV","104","PATIHV","SNV","residue 479",NA
"SNV_cluster_0015","SNV","106","PATITY","SNV","residue 479",NA
"SNV_cluster_0015","SNV","107","PATJBC","SNV","residue 465",NA
"SNV_cluster_0015","SNV","304","PATJCZ","SNV","residue 479",NA
"SNV_cluster_0015","SNV","108","PATJRX","SNV","residue 479",NA
"SNV_cluster_0015","SNV","109","PATJRX","SNV","residue 465",NA
"SNV_cluster_0015","SNV","110","PATJZK","SNV","residue 465",NA
"SNV_cluster_0015","SNV","111","PATKGP","SNV","residue 480",NA
"SNV_cluster_0015","SNV","112","PATKGP","SNV","residue 465",NA
"SNV_cluster_0015","SNV","114","PATKHZ","SNV","residue 479",NA
"SNV_cluster_0015","SNV","115","PATKNX","SNV","residue 505",NA
"SNV_cluster_0015","SNV","116","PATKRF","SNV","residue 465",NA
"SNV_cluster_0015","SNV","117","PATLGU","SNV","residue 465",NA
"SNV_cluster_0015","SNV","118","PATLNS","SNV","residue 465",NA
"SNV_cluster_0015","SNV","119","PATMPM","SNV","residue 465",NA
"SNV_cluster_0015","SNV","120","PATMVH","SNV","residue 465",NA
"SNV_cluster_0015","SNV","121","PATRFD","SNV","residue 465",NA
"SNV_cluster_0015","SNV","123","PATRGV","SNV","residue 505",NA
"SNV_cluster_0015","SNV","124","PATRNH","SNV","residue 465",NA
"SNV_cluster_0015","SNV","125","PATSEZ","SNV","residue 465",NA
"SNV_cluster_0015","SNV","127","PATUDM","SNV","residue 479",NA
"SNV_cluster_0015","SNV","128","PATUDM","SNV","residue 465",NA
"SNV_cluster_0015","SNV","129","PATUDM","SNV","residue 465",NA
"SNV_cluster_0015","SNV","130","PATVTZ","SNV","residue 503",NA
"SNV_cluster_0015","SNV","131","PATWIJ","SNV","residue 479",NA
"SNV_cluster_0015","SNV","132","PATXAL","SNV","residue 479",NA
"SNV_cluster_0015","SNV","133","PATXTC","SNV","residue 505",NA
"SNV_cluster_0015","SNV","306","PATXTY","SNV","residue 505",NA
"SNV_cluster_0015","SNV","134","PATYMP","SNV","residue 479",NA
"SNV_cluster_0015","SNV","135","PATYMP","SNV","residue 465",NA
"SNV_cluster_0015","SNV","136","PATZSL","SNV","residue 465",NA
"SNV_cluster_0015","SNV","138","PATZYE","SNV","residue 465",NA
"SNV_cluster_0015","SNV","139","PAUAMR","SNV","residue 465",NA
"SNV_cluster_0015","SNV","140","PAUAVW","SNV","residue 465",NA
"SNV_cluster_0015","SNV","319","PAUAZV","SNV","residue 505",NA
"SNV_cluster_0015","SNV","323","PAUAZV","SNV","residue 479",NA
"SNV_cluster_0015","SNV","307","PAUBBJ","SNV","residue 505",NA
"SNV_cluster_0015","SNV","308","PAUBGA","SNV","residue 465",NA
"SNV_cluster_0015","SNV","141","PAUBGT","SNV","residue 505",NA
"SNV_cluster_0015","SNV","142","PAUBGT","SNV","residue 505",NA
"SNV_cluster_0015","SNV","143","PAUBLL","SNV","residue 465",NA
"SNV_cluster_0015","SNV","310","PAUCIB","SNV","residue 505",NA
"SNV_cluster_0015","SNV","311","PAUCIB","SNV","residue 479",NA
"SNV_cluster_0015","SNV","144","PAUCWP","SNV","residue 465",NA
"SNV_cluster_0015","SNV","145","PAUEFT","SNV","residue 479",NA
"SNV_cluster_0015","SNV","146","PAUEUC","SNV","residue 465",NA
"SNV_cluster_0015","SNV","148","PAUGAP","SNV","residue 465",NA
"SNV_cluster_0015","SNV","151","PAUGLK","SNV","residue 465",NA
"SNV_cluster_0015","SNV","152","PAUHDN","SNV","residue 465",NA
"SNV_cluster_0015","SNV","153","PAUHHF","SNV","residue 465",NA
"SNV_cluster_0015","SNV","5","PAUHTB","SNV","residue 465",NA
"SNV_cluster_0015","SNV","313","PAUIEM","SNV","residue 479",NA
"SNV_cluster_0015","SNV","321","PAUIFC","SNV","residue 465",NA
"SNV_cluster_0015","SNV","154","PAUIGD","SNV","residue 465",NA
"SNV_cluster_0015","SNV","155","PAUIMK","SNV","residue 465",NA
"SNV_cluster_0015","SNV","314","PAUISV","SNV","residue 465",NA
"SNV_cluster_0015","SNV","156","PAUIXW","SNV","residue 465",NA
"SNV_cluster_0015","SNV","158","PAUJRU","SNV","residue 479",NA
"SNV_cluster_0015","SNV","159","PAUJVL","SNV","residue 465",NA
"SNV_cluster_0015","SNV","163","PAULGR","SNV","residue 465",NA
"SNV_cluster_0015","SNV","164","PAULGX","SNV","residue 465",NA
"SNV_cluster_0015","SNV","165","PAULIU","SNV","residue 465",NA
"SNV_cluster_0015","SNV","167","PAUMNE","SNV","residue 479",NA
"SNV_cluster_0015","SNV","169","PAUMVW","SNV","residue 479",NA
"SNV_cluster_0015","SNV","172","PAURGS","SNV","residue 505",NA
"SNV_cluster_0015","SNV","173","PAURGS","SNV","residue 479",NA
"SNV_cluster_0015","SNV","175","PAURSX","SNV","residue 505",NA
"SNV_cluster_0015","SNV","176","PAURTD","SNV","residue 465",NA
"SNV_cluster_0015","SNV","177","PAUSIS","SNV","residue 479",NA
"SNV_cluster_0015","SNV","178","PAUSIS","SNV","residue 465",NA
"SNV_cluster_0015","SNV","179","PAUTBM","SNV","residue 465",NA
"SNV_cluster_0015","SNV","180","PAUTLJ","SNV","residue 465",NA
"SNV_cluster_0015","SNV","181","PAUTRX","SNV","residue 505",NA
"SNV_cluster_0015","SNV","187","PAUTWN","SNV","residue 465",NA
"SNV_cluster_0015","SNV","189","PAUVTP","SNV","residue 465",NA
"SNV_cluster_0015","SNV","190","PAUVZI","SNV","residue 465",NA
"SNV_cluster_0015","SNV","320","PAUWNU","SNV","residue 465",NA
"SNV_cluster_0015","SNV","191","PAUXKE","SNV","residue 465",NA
"SNV_cluster_0015","SNV","192","PAUXRV","SNV","residue 465",NA
"SNV_cluster_0015","SNV","193","PAUXSD","SNV","residue 479",NA
"SNV_cluster_0015","SNV","195","PAUYJF","SNV","residue 479",NA
"SNV_cluster_0015","SNV","196","PAUYMH","SNV","residue 465",NA
"SNV_cluster_0015","SNV","197","PAUZHK","SNV","residue 465",NA
"SNV_cluster_0015","SNV","198","PAUZZA","SNV","residue 465",NA
"SNV_cluster_0015","SNV","200","PAVBAW","SNV","residue 465",NA
"SNV_cluster_0015","SNV","201","PAVBPR","SNV","residue 465",NA
"SNV_cluster_0015","SNV","202","PAVCRK","SNV","residue 505",NA
"SNV_cluster_0015","SNV","203","PAVCRK","SNV","residue 465",NA
"SNV_cluster_0015","SNV","204","PAVCYV","SNV","residue 479",NA
"SNV_cluster_0015","SNV","205","PAVCYV","SNV","residue 465",NA
"SNV_cluster_0015","SNV","208","PAVEUZ","SNV","residue 505",NA
"SNV_cluster_0015","SNV","209","PAVFHF","SNV","residue 505",NA
"SNV_cluster_0015","SNV","210","PAVFWF","SNV","residue 479",NA
"SNV_cluster_0015","SNV","211","PAVFXU","SNV","residue 465",NA
"SNV_cluster_0015","SNV","212","PAVJBF","SNV","residue 505",NA
"SNV_cluster_0015","SNV","213","PAVJHG","SNV","residue 465",NA
"SNV_cluster_0015","SNV","214","PAVJJK","SNV","residue 465",NA
"SNV_cluster_0015","SNV","215","PAVJJU","SNV","residue 465",NA
"SNV_cluster_0015","SNV","217","PAVJLJ","SNV","residue 505",NA
"SNV_cluster_0015","SNV","220","PAVJNX","SNV","residue 505",NA
"SNV_cluster_0015","SNV","221","PAVKWV","SNV","residue 465",NA
"SNV_cluster_0015","SNV","222","PAVLCX","SNV","residue 479",NA
"SNV_cluster_0015","SNV","223","PAVLMX","SNV","residue 465",NA
"SNV_cluster_0015","SNV","224","PAVLMY","SNV","residue 505",NA
"SNV_cluster_0015","SNV","226","PAVMPB","SNV","residue 465",NA
"SNV_cluster_0015","SNV","228","PAVNDL","SNV","residue 465",NA
"SNV_cluster_0015","SNV","315","PAVNSM","SNV","residue 465",NA
"SNV_cluster_0015","SNV","229","PAVNWE","SNV","residue 479",NA
"SNV_cluster_0015","SNV","230","PAVPCZ","SNV","residue 465",NA
"SNV_cluster_0015","SNV","231","PAVPLD","SNV","residue 479",NA
"SNV_cluster_0015","SNV","232","PAVPLN","SNV","residue 505",NA
"SNV_cluster_0015","SNV","233","PAVRAP","SNV","residue 479",NA
"SNV_cluster_0015","SNV","234","PAVRDC","SNV","residue 479",NA
"SNV_cluster_0015","SNV","235","PAVRLH","SNV","residue 479",NA
"SNV_cluster_0015","SNV","236","PAVRLN","SNV","residue 463",NA
"SNV_cluster_0015","SNV","238","PAVRTX","SNV","residue 505",NA
"SNV_cluster_0015","SNV","239","PAVRWC","SNV","residue 479",NA
"SNV_cluster_0015","SNV","240","PAVSHE","SNV","residue 465",NA
"SNV_cluster_0015","SNV","243","PAVUVZ","SNV","residue 465",NA
"SNV_cluster_0015","SNV","245","PAVVEI","SNV","residue 465",NA
"SNV_cluster_0015","SNV","246","PAVVHL","SNV","residue 465",NA
"SNV_cluster_0015","SNV","247","PAVVVF","SNV","residue 505",NA
"SNV_cluster_0015","SNV","248","PAVWDF","SNV","residue 465",NA
"SNV_cluster_0015","SNV","249","PAVWWF","SNV","residue 479",NA
"SNV_cluster_0015","SNV","250","PAVXBS","SNV","residue 465",NA
"SNV_cluster_0015","SNV","251","PAVXPD","SNV","residue 465",NA
"SNV_cluster_0015","SNV","4","PAVXTB","SNV","residue 505",NA
"SNV_cluster_0015","SNV","252","PAVXYS","SNV","residue 465",NA
"SNV_cluster_0015","SNV","253","PAVXYS","SNV","residue 465",NA
"SNV_cluster_0015","SNV","254","PAVYTZ","SNV","residue 465",NA
"SNV_cluster_0015","SNV","255","PAVZJI","SNV","residue 465",NA
"SNV_cluster_0015","SNV","258","PAWAIH","SNV","residue 465",NA
"SNV_cluster_0015","SNV","259","PAWAMR","SNV","residue 465",NA
"SNV_cluster_0015","SNV","260","PAWAMT","SNV","residue 465",NA
"SNV_cluster_0015","SNV","263","PAWDMI","SNV","residue 465",NA
"SNV_cluster_0015","SNV","264","PAWETD","SNV","residue 505",NA
"SNV_cluster_0015","SNV","267","PAWGHS","SNV","residue 465",NA
"SNV_cluster_0015","SNV","268","PAWGPI","SNV","residue 465",NA
"SNV_cluster_0015","SNV","269","PAWGWC","SNV","residue 479",NA
"SNV_cluster_0015","SNV","271","PAWGXW","SNV","residue 465",NA
"SNV_cluster_0015","SNV","272","PAWGYU","SNV","residue 465",NA
"SNV_cluster_0015","SNV","273","PAWHGU","SNV","residue 465",NA
"SNV_cluster_0015","SNV","274","PAWHIG","SNV","residue 477",NA
"SNV_cluster_0015","SNV","275","PAWHIG","SNV","residue 465",NA
"SNV_cluster_0015","SNV","276","PAWHRW","SNV","residue 505",NA
"SNV_cluster_0015","SNV","322","PAWIGC","SNV","residue 479",NA
"SNV_cluster_0015","SNV","277","PAWIPA","SNV","residue 465",NA
"SNV_cluster_0015","SNV","278","PAWIWN","SNV","residue 505",NA
"SNV_cluster_0015","SNV","279","PAWIWN","SNV","residue 465",NA
"SNV_cluster_0015","SNV","280","PAWIXS","SNV","residue 505",NA
"SNV_cluster_0015","SNV","281","PAWJJC","SNV","residue 479",NA
"SNV_cluster_0015","SNV","282","PAWJKL","SNV","residue 477",NA
"SNV_cluster_0015","SNV","283","PAWJKX","SNV","residue 479",NA
"SNV_cluster_0015","SNV","284","PAWJVB","SNV","residue 465",NA
"SNV_cluster_0015","SNV","285","PAWKAN","SNV","residue 465",NA
"SNV_cluster_0015","SNV","287","PAWKSC","SNV","residue 465",NA
"SNV_cluster_0015","SNV","317","PAWKXN","SNV","residue 505",NA
"SNV_cluster_0015","SNV","288","PAWKYL","SNV","residue 479",NA
"SNV_cluster_0015","SNV","289","PAWKZX","SNV","residue 505",NA
"SNV_cluster_0015","SNV","290","PAWKZZ","SNV","residue 465",NA
"SNV_cluster_0015","SNV","291","PAWLFC","SNV","residue 465",NA
"SNV_cluster_0015","SNV","318","PAWLSM","SNV","residue 479",NA
"SNV_cluster_0016","SNV","293","PAREDN","SNV","residue 465",NA
"SNV_cluster_0016","SNV","6","PARGFL","SNV","residue 465",NA
"SNV_cluster_0016","SNV","7","PARHBI","SNV","residue 505",NA
"SNV_cluster_0016","SNV","9","PARHLS","SNV","residue 465",NA
"SNV_cluster_0016","SNV","11","PARJAY","SNV","residue 479",NA
"SNV_cluster_0016","SNV","12","PARJNX","SNV","residue 465",NA
"SNV_cluster_0016","SNV","13","PARJSM","SNV","residue 465",NA
"SNV_cluster_0016","SNV","15","PARJXW","SNV","residue 465",NA
"SNV_cluster_0016","SNV","16","PARKLK","SNV","residue 479",NA
"SNV_cluster_0016","SNV","17","PARLGK","SNV","residue 465",NA
"SNV_cluster_0016","SNV","294","PARMED","SNV","residue 479",NA
"SNV_cluster_0016","SNV","19","PARMFF","SNV","residue 479",NA
"SNV_cluster_0016","SNV","21","PARMIA","SNV","residue 479",NA
"SNV_cluster_0016","SNV","22","PARMIA","SNV","residue 465",NA
"SNV_cluster_0016","SNV","1","PARMJA","SNV","residue 479",NA
"SNV_cluster_0016","SNV","23","PARMMV","SNV","residue 505",NA
"SNV_cluster_0016","SNV","24","PARMMV","SNV","residue 479",NA
"SNV_cluster_0016","SNV","26","PARPUL","SNV","residue 505",NA
"SNV_cluster_0016","SNV","27","PARPUL","SNV","residue 465",NA
"SNV_cluster_0016","SNV","296","PARPYK","SNV","residue 465",NA
"SNV_cluster_0016","SNV","297","PARRJR","SNV","residue 479",NA
"SNV_cluster_0016","SNV","28","PARSNX","SNV","residue 505",NA
"SNV_cluster_0016","SNV","29","PARVMR","SNV","residue 505",NA
"SNV_cluster_0016","SNV","30","PARVSC","SNV","residue 505",NA
"SNV_cluster_0016","SNV","31","PARWMF","SNV","residue 505",NA
"SNV_cluster_0016","SNV","32","PARWMF","SNV","residue 465",NA
"SNV_cluster_0016","SNV","34","PARXFY","SNV","residue 465",NA
"SNV_cluster_0016","SNV","35","PARXVS","SNV","residue 465",NA
"SNV_cluster_0016","SNV","36","PARYHC","SNV","residue 505",NA
"SNV_cluster_0016","SNV","37","PASFKA","SNV","residue 479",NA
"SNV_cluster_0016","SNV","40","PASGUH","SNV","residue 465",NA
"SNV_cluster_0016","SNV","41","PASGUX","SNV","residue 505",NA
"SNV_cluster_0016","SNV","43","PASHXL","SNV","residue 465",NA
"SNV_cluster_0016","SNV","300","PASHYJ","SNV","residue 465",NA
"SNV_cluster_0016","SNV","45","PASJFJ","SNV","residue 465",NA
"SNV_cluster_0016","SNV","47","PASKIC","SNV","residue 479",NA
"SNV_cluster_0016","SNV","326","PASKMG","SNV","residue 479",NA
"SNV_cluster_0016","SNV","48","PASKRN","SNV","residue 465",NA
"SNV_cluster_0016","SNV","49","PASKVH","SNV","residue 465",NA
"SNV_cluster_0016","SNV","50","PASKVH","SNV","residue 465",NA
"SNV_cluster_0016","SNV","52","PASKWG","SNV","residue 505",NA
"SNV_cluster_0016","SNV","53","PASKXA","SNV","residue 479",NA
"SNV_cluster_0016","SNV","54","PASLPH","SNV","residue 465",NA
"SNV_cluster_0016","SNV","55","PASNNM","SNV","residue 465",NA
"SNV_cluster_0016","SNV","56","PASPBU","SNV","residue 465",NA
"SNV_cluster_0016","SNV","57","PASPBU","SNV","residue 465",NA
"SNV_cluster_0016","SNV","58","PASPNW","SNV","residue 479",NA
"SNV_cluster_0016","SNV","59","PASPPN","SNV","residue 479",NA
"SNV_cluster_0016","SNV","61","PASRUK","SNV","residue 465",NA
"SNV_cluster_0016","SNV","62","PASSEF","SNV","residue 465",NA
"SNV_cluster_0016","SNV","64","PASTLI","SNV","residue 465",NA
"SNV_cluster_0016","SNV","65","PASTPT","SNV","residue 465",NA
"SNV_cluster_0016","SNV","66","PASTPT","SNV","residue 465",NA
"SNV_cluster_0016","SNV","67","PASUSV","SNV","residue 479",NA
"SNV_cluster_0016","SNV","68","PASVIN","SNV","residue 465",NA
"SNV_cluster_0016","SNV","69","PASVRC","SNV","residue 465",NA
"SNV_cluster_0016","SNV","301","PASVVA","SNV","residue 505",NA
"SNV_cluster_0016","SNV","70","PASVYP","SNV","residue 465",NA
"SNV_cluster_0016","SNV","71","PASVZJ","SNV","residue 465",NA
"SNV_cluster_0016","SNV","74","PASWNU","SNV","residue 505",NA
"SNV_cluster_0016","SNV","76","PASWSR","SNV","residue 479",NA
"SNV_cluster_0016","SNV","302","PASXFB","SNV","residue 465",NA
"SNV_cluster_0016","SNV","77","PASXIL","SNV","residue 479",NA
"SNV_cluster_0016","SNV","78","PASXSI","SNV","residue 465",NA
"SNV_cluster_0016","SNV","79","PASYHN","SNV","residue 479",NA
"SNV_cluster_0016","SNV","80","PASZAY","SNV","residue 479",NA
"SNV_cluster_0016","SNV","81","PATADU","SNV","residue 479",NA
"SNV_cluster_0016","SNV","83","PATAUC","SNV","residue 465",NA
"SNV_cluster_0016","SNV","84","PATAUZ","SNV","residue 465",NA
"SNV_cluster_0016","SNV","85","PATBPY","SNV","residue 465",NA
"SNV_cluster_0016","SNV","86","PATCDZ","SNV","residue 479",NA
"SNV_cluster_0016","SNV","87","PATCTL","SNV","residue 505",NA
"SNV_cluster_0016","SNV","89","PATDBC","SNV","residue 479",NA
"SNV_cluster_0016","SNV","91","PATDBU","SNV","residue 465",NA
"SNV_cluster_0016","SNV","92","PATDBU","SNV","residue 465",NA
"SNV_cluster_0016","SNV","93","PATDDZ","SNV","residue 505",NA
"SNV_cluster_0016","SNV","94","PATDFE","SNV","residue 505",NA
"SNV_cluster_0016","SNV","303","PATDTL","SNV","residue 505",NA
"SNV_cluster_0016","SNV","97","PATEAK","SNV","residue 465",NA
"SNV_cluster_0016","SNV","98","PATEBX","SNV","residue 465",NA
"SNV_cluster_0016","SNV","99","PATFVG","SNV","residue 465",NA
"SNV_cluster_0016","SNV","100","PATGMP","SNV","residue 479",NA
"SNV_cluster_0016","SNV","101","PATGVX","SNV","residue 479",NA
"SNV_cluster_0016","SNV","325","PATHAA","SNV","residue 479",NA
"SNV_cluster_0016","SNV","102","PATHFE","SNV","residue 479",NA
"SNV_cluster_0016","SNV","104","PATIHV","SNV","residue 479",NA
"SNV_cluster_0016","SNV","106","PATITY","SNV","residue 479",NA
"SNV_cluster_0016","SNV","107","PATJBC","SNV","residue 465",NA
"SNV_cluster_0016","SNV","304","PATJCZ","SNV","residue 479",NA
"SNV_cluster_0016","SNV","108","PATJRX","SNV","residue 479",NA
"SNV_cluster_0016","SNV","109","PATJRX","SNV","residue 465",NA
"SNV_cluster_0016","SNV","110","PATJZK","SNV","residue 465",NA
"SNV_cluster_0016","SNV","111","PATKGP","SNV","residue 480",NA
"SNV_cluster_0016","SNV","112","PATKGP","SNV","residue 465",NA
"SNV_cluster_0016","SNV","114","PATKHZ","SNV","residue 479",NA
"SNV_cluster_0016","SNV","115","PATKNX","SNV","residue 505",NA
"SNV_cluster_0016","SNV","116","PATKRF","SNV","residue 465",NA
"SNV_cluster_0016","SNV","117","PATLGU","SNV","residue 465",NA
"SNV_cluster_0016","SNV","118","PATLNS","SNV","residue 465",NA
"SNV_cluster_0016","SNV","119","PATMPM","SNV","residue 465",NA
"SNV_cluster_0016","SNV","120","PATMVH","SNV","residue 465",NA
"SNV_cluster_0016","SNV","121","PATRFD","SNV","residue 465",NA
"SNV_cluster_0016","SNV","123","PATRGV","SNV","residue 505",NA
"SNV_cluster_0016","SNV","124","PATRNH","SNV","residue 465",NA
"SNV_cluster_0016","SNV","125","PATSEZ","SNV","residue 465",NA
"SNV_cluster_0016","SNV","127","PATUDM","SNV","residue 479",NA
"SNV_cluster_0016","SNV","128","PATUDM","SNV","residue 465",NA
"SNV_cluster_0016","SNV","129","PATUDM","SNV","residue 465",NA
"SNV_cluster_0016","SNV","130","PATVTZ","SNV","residue 503",NA
"SNV_cluster_0016","SNV","131","PATWIJ","SNV","residue 479",NA
"SNV_cluster_0016","SNV","132","PATXAL","SNV","residue 479",NA
"SNV_cluster_0016","SNV","133","PATXTC","SNV","residue 505",NA
"SNV_cluster_0016","SNV","306","PATXTY","SNV","residue 505",NA
"SNV_cluster_0016","SNV","134","PATYMP","SNV","residue 479",NA
"SNV_cluster_0016","SNV","135","PATYMP","SNV","residue 465",NA
"SNV_cluster_0016","SNV","136","PATZSL","SNV","residue 465",NA
"SNV_cluster_0016","SNV","138","PATZYE","SNV","residue 465",NA
"SNV_cluster_0016","SNV","139","PAUAMR","SNV","residue 465",NA
"SNV_cluster_0016","SNV","140","PAUAVW","SNV","residue 465",NA
"SNV_cluster_0016","SNV","319","PAUAZV","SNV","residue 505",NA
"SNV_cluster_0016","SNV","323","PAUAZV","SNV","residue 479",NA
"SNV_cluster_0016","SNV","307","PAUBBJ","SNV","residue 505",NA
"SNV_cluster_0016","SNV","308","PAUBGA","SNV","residue 465",NA
"SNV_cluster_0016","SNV","141","PAUBGT","SNV","residue 505",NA
"SNV_cluster_0016","SNV","142","PAUBGT","SNV","residue 505",NA
"SNV_cluster_0016","SNV","143","PAUBLL","SNV","residue 465",NA
"SNV_cluster_0016","SNV","310","PAUCIB","SNV","residue 505",NA
"SNV_cluster_0016","SNV","311","PAUCIB","SNV","residue 479",NA
"SNV_cluster_0016","SNV","144","PAUCWP","SNV","residue 465",NA
"SNV_cluster_0016","SNV","145","PAUEFT","SNV","residue 479",NA
"SNV_cluster_0016","SNV","146","PAUEUC","SNV","residue 465",NA
"SNV_cluster_0016","SNV","148","PAUGAP","SNV","residue 465",NA
"SNV_cluster_0016","SNV","151","PAUGLK","SNV","residue 465",NA
"SNV_cluster_0016","SNV","152","PAUHDN","SNV","residue 465",NA
"SNV_cluster_0016","SNV","153","PAUHHF","SNV","residue 465",NA
"SNV_cluster_0016","SNV","5","PAUHTB","SNV","residue 465",NA
"SNV_cluster_0016","SNV","313","PAUIEM","SNV","residue 479",NA
"SNV_cluster_0016","SNV","321","PAUIFC","SNV","residue 465",NA
"SNV_cluster_0016","SNV","154","PAUIGD","SNV","residue 465",NA
"SNV_cluster_0016","SNV","155","PAUIMK","SNV","residue 465",NA
"SNV_cluster_0016","SNV","314","PAUISV","SNV","residue 465",NA
"SNV_cluster_0016","SNV","156","PAUIXW","SNV","residue 465",NA
"SNV_cluster_0016","SNV","158","PAUJRU","SNV","residue 479",NA
"SNV_cluster_0016","SNV","159","PAUJVL","SNV","residue 465",NA
"SNV_cluster_0016","SNV","163","PAULGR","SNV","residue 465",NA
"SNV_cluster_0016","SNV","164","PAULGX","SNV","residue 465",NA
"SNV_cluster_0016","SNV","165","PAULIU","SNV","residue 465",NA
"SNV_cluster_0016","SNV","167","PAUMNE","SNV","residue 479",NA
"SNV_cluster_0016","SNV","169","PAUMVW","SNV","residue 479",NA
"SNV_cluster_0016","SNV","172","PAURGS","SNV","residue 505",NA
"SNV_cluster_0016","SNV","173","PAURGS","SNV","residue 479",NA
"SNV_cluster_0016","SNV","175","PAURSX","SNV","residue 505",NA
"SNV_cluster_0016","SNV","176","PAURTD","SNV","residue 465",NA
"SNV_cluster_0016","SNV","177","PAUSIS","SNV","residue 479",NA
"SNV_cluster_0016","SNV","178","PAUSIS","SNV","residue 465",NA
"SNV_cluster_0016","SNV","179","PAUTBM","SNV","residue 465",NA
"SNV_cluster_0016","SNV","180","PAUTLJ","SNV","residue 465",NA
"SNV_cluster_0016","SNV","181","PAUTRX","SNV","residue 505",NA
"SNV_cluster_0016","SNV","187","PAUTWN","SNV","residue 465",NA
"SNV_cluster_0016","SNV","189","PAUVTP","SNV","residue 465",NA
"SNV_cluster_0016","SNV","190","PAUVZI","SNV","residue 465",NA
"SNV_cluster_0016","SNV","320","PAUWNU","SNV","residue 465",NA
"SNV_cluster_0016","SNV","191","PAUXKE","SNV","residue 465",NA
"SNV_cluster_0016","SNV","192","PAUXRV","SNV","residue 465",NA
"SNV_cluster_0016","SNV","193","PAUXSD","SNV","residue 479",NA
"SNV_cluster_0016","SNV","195","PAUYJF","SNV","residue 479",NA
"SNV_cluster_0016","SNV","196","PAUYMH","SNV","residue 465",NA
"SNV_cluster_0016","SNV","197","PAUZHK","SNV","residue 465",NA
"SNV_cluster_0016","SNV","198","PAUZZA","SNV","residue 465",NA
"SNV_cluster_0016","SNV","200","PAVBAW","SNV","residue 465",NA
"SNV_cluster_0016","SNV","201","PAVBPR","SNV","residue 465",NA
"SNV_cluster_0016","SNV","202","PAVCRK","SNV","residue 505",NA
"SNV_cluster_0016","SNV","203","PAVCRK","SNV","residue 465",NA
"SNV_cluster_0016","SNV","204","PAVCYV","SNV","residue 479",NA
"SNV_cluster_0016","SNV","205","PAVCYV","SNV","residue 465",NA
"SNV_cluster_0016","SNV","208","PAVEUZ","SNV","residue 505",NA
"SNV_cluster_0016","SNV","209","PAVFHF","SNV","residue 505",NA
"SNV_cluster_0016","SNV","210","PAVFWF","SNV","residue 479",NA
"SNV_cluster_0016","SNV","211","PAVFXU","SNV","residue 465",NA
"SNV_cluster_0016","SNV","212","PAVJBF","SNV","residue 505",NA
"SNV_cluster_0016","SNV","213","PAVJHG","SNV","residue 465",NA
"SNV_cluster_0016","SNV","214","PAVJJK","SNV","residue 465",NA
"SNV_cluster_0016","SNV","215","PAVJJU","SNV","residue 465",NA
"SNV_cluster_0016","SNV","217","PAVJLJ","SNV","residue 505",NA
"SNV_cluster_0016","SNV","220","PAVJNX","SNV","residue 505",NA
"SNV_cluster_0016","SNV","221","PAVKWV","SNV","residue 465",NA
"SNV_cluster_0016","SNV","222","PAVLCX","SNV","residue 479",NA
"SNV_cluster_0016","SNV","223","PAVLMX","SNV","residue 465",NA
"SNV_cluster_0016","SNV","224","PAVLMY","SNV","residue 505",NA
"SNV_cluster_0016","SNV","226","PAVMPB","SNV","residue 465",NA
"SNV_cluster_0016","SNV","228","PAVNDL","SNV","residue 465",NA
"SNV_cluster_0016","SNV","315","PAVNSM","SNV","residue 465",NA
"SNV_cluster_0016","SNV","229","PAVNWE","SNV","residue 479",NA
"SNV_cluster_0016","SNV","230","PAVPCZ","SNV","residue 465",NA
"SNV_cluster_0016","SNV","231","PAVPLD","SNV","residue 479",NA
"SNV_cluster_0016","SNV","232","PAVPLN","SNV","residue 505",NA
"SNV_cluster_0016","SNV","233","PAVRAP","SNV","residue 479",NA
"SNV_cluster_0016","SNV","234","PAVRDC","SNV","residue 479",NA
"SNV_cluster_0016","SNV","235","PAVRLH","SNV","residue 479",NA
"SNV_cluster_0016","SNV","238","PAVRTX","SNV","residue 505",NA
"SNV_cluster_0016","SNV","239","PAVRWC","SNV","residue 479",NA
"SNV_cluster_0016","SNV","240","PAVSHE","SNV","residue 465",NA
"SNV_cluster_0016","SNV","243","PAVUVZ","SNV","residue 465",NA
"SNV_cluster_0016","SNV","245","PAVVEI","SNV","residue 465",NA
"SNV_cluster_0016","SNV","246","PAVVHL","SNV","residue 465",NA
"SNV_cluster_0016","SNV","247","PAVVVF","SNV","residue 505",NA
"SNV_cluster_0016","SNV","248","PAVWDF","SNV","residue 465",NA
"SNV_cluster_0016","SNV","249","PAVWWF","SNV","residue 479",NA
"SNV_cluster_0016","SNV","250","PAVXBS","SNV","residue 465",NA
"SNV_cluster_0016","SNV","251","PAVXPD","SNV","residue 465",NA
"SNV_cluster_0016","SNV","4","PAVXTB","SNV","residue 505",NA
"SNV_cluster_0016","SNV","252","PAVXYS","SNV","residue 465",NA
"SNV_cluster_0016","SNV","253","PAVXYS","SNV","residue 465",NA
"SNV_cluster_0016","SNV","254","PAVYTZ","SNV","residue 465",NA
"SNV_cluster_0016","SNV","255","PAVZJI","SNV","residue 465",NA
"SNV_cluster_0016","SNV","258","PAWAIH","SNV","residue 465",NA
"SNV_cluster_0016","SNV","259","PAWAMR","SNV","residue 465",NA
"SNV_cluster_0016","SNV","260","PAWAMT","SNV","residue 465",NA
"SNV_cluster_0016","SNV","263","PAWDMI","SNV","residue 465",NA
"SNV_cluster_0016","SNV","264","PAWETD","SNV","residue 505",NA
"SNV_cluster_0016","SNV","267","PAWGHS","SNV","residue 465",NA
"SNV_cluster_0016","SNV","268","PAWGPI","SNV","residue 465",NA
"SNV_cluster_0016","SNV","269","PAWGWC","SNV","residue 479",NA
"SNV_cluster_0016","SNV","271","PAWGXW","SNV","residue 465",NA
"SNV_cluster_0016","SNV","272","PAWGYU","SNV","residue 465",NA
"SNV_cluster_0016","SNV","273","PAWHGU","SNV","residue 465",NA
"SNV_cluster_0016","SNV","274","PAWHIG","SNV","residue 477",NA
"SNV_cluster_0016","SNV","275","PAWHIG","SNV","residue 465",NA
"SNV_cluster_0016","SNV","276","PAWHRW","SNV","residue 505",NA
"SNV_cluster_0016","SNV","322","PAWIGC","SNV","residue 479",NA
"SNV_cluster_0016","SNV","277","PAWIPA","SNV","residue 465",NA
"SNV_cluster_0016","SNV","278","PAWIWN","SNV","residue 505",NA
"SNV_cluster_0016","SNV","279","PAWIWN","SNV","residue 465",NA
"SNV_cluster_0016","SNV","280","PAWIXS","SNV","residue 505",NA
"SNV_cluster_0016","SNV","281","PAWJJC","SNV","residue 479",NA
"SNV_cluster_0016","SNV","282","PAWJKL","SNV","residue 477",NA
"SNV_cluster_0016","SNV","283","PAWJKX","SNV","residue 479",NA
"SNV_cluster_0016","SNV","284","PAWJVB","SNV","residue 465",NA
"SNV_cluster_0016","SNV","285","PAWKAN","SNV","residue 465",NA
"SNV_cluster_0016","SNV","287","PAWKSC","SNV","residue 465",NA
"SNV_cluster_0016","SNV","317","PAWKXN","SNV","residue 505",NA
"SNV_cluster_0016","SNV","288","PAWKYL","SNV","residue 479",NA
"SNV_cluster_0016","SNV","289","PAWKZX","SNV","residue 505",NA
"SNV_cluster_0016","SNV","290","PAWKZZ","SNV","residue 465",NA
"SNV_cluster_0016","SNV","291","PAWLFC","SNV","residue 465",NA
"SNV_cluster_0016","SNV","318","PAWLSM","SNV","residue 479",NA
"SNV_cluster_0017","SNV","293","PAREDN","SNV","residue 465",NA
"SNV_cluster_0017","SNV","6","PARGFL","SNV","residue 465",NA
"SNV_cluster_0017","SNV","7","PARHBI","SNV","residue 505",NA
"SNV_cluster_0017","SNV","8","PARHES","SNV","residue 425",NA
"SNV_cluster_0017","SNV","9","PARHLS","SNV","residue 465",NA
"SNV_cluster_0017","SNV","11","PARJAY","SNV","residue 479",NA
"SNV_cluster_0017","SNV","12","PARJNX","SNV","residue 465",NA
"SNV_cluster_0017","SNV","13","PARJSM","SNV","residue 465",NA
"SNV_cluster_0017","SNV","15","PARJXW","SNV","residue 465",NA
"SNV_cluster_0017","SNV","16","PARKLK","SNV","residue 479",NA
"SNV_cluster_0017","SNV","17","PARLGK","SNV","residue 465",NA
"SNV_cluster_0017","SNV","18","PARLIB","SNV","residue 423",NA
"SNV_cluster_0017","SNV","294","PARMED","SNV","residue 479",NA
"SNV_cluster_0017","SNV","295","PARMED","SNV","residue 444",NA
"SNV_cluster_0017","SNV","19","PARMFF","SNV","residue 479",NA
"SNV_cluster_0017","SNV","21","PARMIA","SNV","residue 479",NA
"SNV_cluster_0017","SNV","22","PARMIA","SNV","residue 465",NA
"SNV_cluster_0017","SNV","1","PARMJA","SNV","residue 479",NA
"SNV_cluster_0017","SNV","23","PARMMV","SNV","residue 505",NA
"SNV_cluster_0017","SNV","24","PARMMV","SNV","residue 479",NA
"SNV_cluster_0017","SNV","25","PARMRF","SNV","residue 441",NA
"SNV_cluster_0017","SNV","26","PARPUL","SNV","residue 505",NA
"SNV_cluster_0017","SNV","27","PARPUL","SNV","residue 465",NA
"SNV_cluster_0017","SNV","296","PARPYK","SNV","residue 465",NA
"SNV_cluster_0017","SNV","297","PARRJR","SNV","residue 479",NA
"SNV_cluster_0017","SNV","28","PARSNX","SNV","residue 505",NA
"SNV_cluster_0017","SNV","29","PARVMR","SNV","residue 505",NA
"SNV_cluster_0017","SNV","30","PARVSC","SNV","residue 505",NA
"SNV_cluster_0017","SNV","31","PARWMF","SNV","residue 505",NA
"SNV_cluster_0017","SNV","32","PARWMF","SNV","residue 465",NA
"SNV_cluster_0017","SNV","34","PARXFY","SNV","residue 465",NA
"SNV_cluster_0017","SNV","35","PARXVS","SNV","residue 465",NA
"SNV_cluster_0017","SNV","36","PARYHC","SNV","residue 505",NA
"SNV_cluster_0017","SNV","37","PASFKA","SNV","residue 479",NA
"SNV_cluster_0017","SNV","38","PASGKL","SNV","residue 437",NA
"SNV_cluster_0017","SNV","299","PASGMR","SNV","residue 426",NA
"SNV_cluster_0017","SNV","40","PASGUH","SNV","residue 465",NA
"SNV_cluster_0017","SNV","41","PASGUX","SNV","residue 505",NA
"SNV_cluster_0017","SNV","42","PASHNK","SNV","residue 423",NA
"SNV_cluster_0017","SNV","43","PASHXL","SNV","residue 465",NA
"SNV_cluster_0017","SNV","300","PASHYJ","SNV","residue 465",NA
"SNV_cluster_0017","SNV","45","PASJFJ","SNV","residue 465",NA
"SNV_cluster_0017","SNV","47","PASKIC","SNV","residue 479",NA
"SNV_cluster_0017","SNV","326","PASKMG","SNV","residue 479",NA
"SNV_cluster_0017","SNV","48","PASKRN","SNV","residue 465",NA
"SNV_cluster_0017","SNV","49","PASKVH","SNV","residue 465",NA
"SNV_cluster_0017","SNV","50","PASKVH","SNV","residue 465",NA
"SNV_cluster_0017","SNV","52","PASKWG","SNV","residue 505",NA
"SNV_cluster_0017","SNV","53","PASKXA","SNV","residue 479",NA
"SNV_cluster_0017","SNV","54","PASLPH","SNV","residue 465",NA
"SNV_cluster_0017","SNV","55","PASNNM","SNV","residue 465",NA
"SNV_cluster_0017","SNV","56","PASPBU","SNV","residue 465",NA
"SNV_cluster_0017","SNV","57","PASPBU","SNV","residue 465",NA
"SNV_cluster_0017","SNV","58","PASPNW","SNV","residue 479",NA
"SNV_cluster_0017","SNV","59","PASPPN","SNV","residue 479",NA
"SNV_cluster_0017","SNV","61","PASRUK","SNV","residue 465",NA
"SNV_cluster_0017","SNV","62","PASSEF","SNV","residue 465",NA
"SNV_cluster_0017","SNV","64","PASTLI","SNV","residue 465",NA
"SNV_cluster_0017","SNV","65","PASTPT","SNV","residue 465",NA
"SNV_cluster_0017","SNV","66","PASTPT","SNV","residue 465",NA
"SNV_cluster_0017","SNV","67","PASUSV","SNV","residue 479",NA
"SNV_cluster_0017","SNV","68","PASVIN","SNV","residue 465",NA
"SNV_cluster_0017","SNV","69","PASVRC","SNV","residue 465",NA
"SNV_cluster_0017","SNV","301","PASVVA","SNV","residue 505",NA
"SNV_cluster_0017","SNV","70","PASVYP","SNV","residue 465",NA
"SNV_cluster_0017","SNV","71","PASVZJ","SNV","residue 465",NA
"SNV_cluster_0017","SNV","74","PASWNU","SNV","residue 505",NA
"SNV_cluster_0017","SNV","76","PASWSR","SNV","residue 479",NA
"SNV_cluster_0017","SNV","302","PASXFB","SNV","residue 465",NA
"SNV_cluster_0017","SNV","77","PASXIL","SNV","residue 479",NA
"SNV_cluster_0017","SNV","78","PASXSI","SNV","residue 465",NA
"SNV_cluster_0017","SNV","79","PASYHN","SNV","residue 479",NA
"SNV_cluster_0017","SNV","80","PASZAY","SNV","residue 479",NA
"SNV_cluster_0017","SNV","81","PATADU","SNV","residue 479",NA
"SNV_cluster_0017","SNV","82","PATALJ","SNV","residue 423",NA
"SNV_cluster_0017","SNV","83","PATAUC","SNV","residue 465",NA
"SNV_cluster_0017","SNV","84","PATAUZ","SNV","residue 465",NA
"SNV_cluster_0017","SNV","85","PATBPY","SNV","residue 465",NA
"SNV_cluster_0017","SNV","86","PATCDZ","SNV","residue 479",NA
"SNV_cluster_0017","SNV","87","PATCTL","SNV","residue 505",NA
"SNV_cluster_0017","SNV","88","PATCZN","SNV","residue 423",NA
"SNV_cluster_0017","SNV","89","PATDBC","SNV","residue 479",NA
"SNV_cluster_0017","SNV","91","PATDBU","SNV","residue 465",NA
"SNV_cluster_0017","SNV","92","PATDBU","SNV","residue 465",NA
"SNV_cluster_0017","SNV","93","PATDDZ","SNV","residue 505",NA
"SNV_cluster_0017","SNV","94","PATDFE","SNV","residue 505",NA
"SNV_cluster_0017","SNV","303","PATDTL","SNV","residue 505",NA
"SNV_cluster_0017","SNV","97","PATEAK","SNV","residue 465",NA
"SNV_cluster_0017","SNV","98","PATEBX","SNV","residue 465",NA
"SNV_cluster_0017","SNV","99","PATFVG","SNV","residue 465",NA
"SNV_cluster_0017","SNV","100","PATGMP","SNV","residue 479",NA
"SNV_cluster_0017","SNV","101","PATGVX","SNV","residue 479",NA
"SNV_cluster_0017","SNV","325","PATHAA","SNV","residue 479",NA
"SNV_cluster_0017","SNV","102","PATHFE","SNV","residue 479",NA
"SNV_cluster_0017","SNV","104","PATIHV","SNV","residue 479",NA
"SNV_cluster_0017","SNV","105","PATISS","SNV","residue 441",NA
"SNV_cluster_0017","SNV","106","PATITY","SNV","residue 479",NA
"SNV_cluster_0017","SNV","107","PATJBC","SNV","residue 465",NA
"SNV_cluster_0017","SNV","304","PATJCZ","SNV","residue 479",NA
"SNV_cluster_0017","SNV","108","PATJRX","SNV","residue 479",NA
"SNV_cluster_0017","SNV","109","PATJRX","SNV","residue 465",NA
"SNV_cluster_0017","SNV","110","PATJZK","SNV","residue 465",NA
"SNV_cluster_0017","SNV","111","PATKGP","SNV","residue 480",NA
"SNV_cluster_0017","SNV","112","PATKGP","SNV","residue 465",NA
"SNV_cluster_0017","SNV","114","PATKHZ","SNV","residue 479",NA
"SNV_cluster_0017","SNV","115","PATKNX","SNV","residue 505",NA
"SNV_cluster_0017","SNV","116","PATKRF","SNV","residue 465",NA
"SNV_cluster_0017","SNV","117","PATLGU","SNV","residue 465",NA
"SNV_cluster_0017","SNV","118","PATLNS","SNV","residue 465",NA
"SNV_cluster_0017","SNV","119","PATMPM","SNV","residue 465",NA
"SNV_cluster_0017","SNV","120","PATMVH","SNV","residue 465",NA
"SNV_cluster_0017","SNV","121","PATRFD","SNV","residue 465",NA
"SNV_cluster_0017","SNV","123","PATRGV","SNV","residue 505",NA
"SNV_cluster_0017","SNV","124","PATRNH","SNV","residue 465",NA
"SNV_cluster_0017","SNV","125","PATSEZ","SNV","residue 465",NA
"SNV_cluster_0017","SNV","127","PATUDM","SNV","residue 479",NA
"SNV_cluster_0017","SNV","128","PATUDM","SNV","residue 465",NA
"SNV_cluster_0017","SNV","129","PATUDM","SNV","residue 465",NA
"SNV_cluster_0017","SNV","130","PATVTZ","SNV","residue 503",NA
"SNV_cluster_0017","SNV","131","PATWIJ","SNV","residue 479",NA
"SNV_cluster_0017","SNV","132","PATXAL","SNV","residue 479",NA
"SNV_cluster_0017","SNV","305","PATXTA","SNV","residue 419",NA
"SNV_cluster_0017","SNV","133","PATXTC","SNV","residue 505",NA
"SNV_cluster_0017","SNV","306","PATXTY","SNV","residue 505",NA
"SNV_cluster_0017","SNV","134","PATYMP","SNV","residue 479",NA
"SNV_cluster_0017","SNV","135","PATYMP","SNV","residue 465",NA
"SNV_cluster_0017","SNV","136","PATZSL","SNV","residue 465",NA
"SNV_cluster_0017","SNV","138","PATZYE","SNV","residue 465",NA
"SNV_cluster_0017","SNV","139","PAUAMR","SNV","residue 465",NA
"SNV_cluster_0017","SNV","140","PAUAVW","SNV","residue 465",NA
"SNV_cluster_0017","SNV","319","PAUAZV","SNV","residue 505",NA
"SNV_cluster_0017","SNV","323","PAUAZV","SNV","residue 479",NA
"SNV_cluster_0017","SNV","307","PAUBBJ","SNV","residue 505",NA
"SNV_cluster_0017","SNV","308","PAUBGA","SNV","residue 465",NA
"SNV_cluster_0017","SNV","141","PAUBGT","SNV","residue 505",NA
"SNV_cluster_0017","SNV","142","PAUBGT","SNV","residue 505",NA
"SNV_cluster_0017","SNV","143","PAUBLL","SNV","residue 465",NA
"SNV_cluster_0017","SNV","310","PAUCIB","SNV","residue 505",NA
"SNV_cluster_0017","SNV","311","PAUCIB","SNV","residue 479",NA
"SNV_cluster_0017","SNV","144","PAUCWP","SNV","residue 465",NA
"SNV_cluster_0017","SNV","145","PAUEFT","SNV","residue 479",NA
"SNV_cluster_0017","SNV","146","PAUEUC","SNV","residue 465",NA
"SNV_cluster_0017","SNV","147","PAUEZV","SNV","residue 423",NA
"SNV_cluster_0017","SNV","148","PAUGAP","SNV","residue 465",NA
"SNV_cluster_0017","SNV","151","PAUGLK","SNV","residue 465",NA
"SNV_cluster_0017","SNV","152","PAUHDN","SNV","residue 465",NA
"SNV_cluster_0017","SNV","153","PAUHHF","SNV","residue 465",NA
"SNV_cluster_0017","SNV","5","PAUHTB","SNV","residue 465",NA
"SNV_cluster_0017","SNV","313","PAUIEM","SNV","residue 479",NA
"SNV_cluster_0017","SNV","321","PAUIFC","SNV","residue 465",NA
"SNV_cluster_0017","SNV","154","PAUIGD","SNV","residue 465",NA
"SNV_cluster_0017","SNV","155","PAUIMK","SNV","residue 465",NA
"SNV_cluster_0017","SNV","314","PAUISV","SNV","residue 465",NA
"SNV_cluster_0017","SNV","156","PAUIXW","SNV","residue 465",NA
"SNV_cluster_0017","SNV","157","PAUIXW","SNV","residue 423",NA
"SNV_cluster_0017","SNV","158","PAUJRU","SNV","residue 479",NA
"SNV_cluster_0017","SNV","159","PAUJVL","SNV","residue 465",NA
"SNV_cluster_0017","SNV","163","PAULGR","SNV","residue 465",NA
"SNV_cluster_0017","SNV","164","PAULGX","SNV","residue 465",NA
"SNV_cluster_0017","SNV","165","PAULIU","SNV","residue 465",NA
"SNV_cluster_0017","SNV","167","PAUMNE","SNV","residue 479",NA
"SNV_cluster_0017","SNV","169","PAUMVW","SNV","residue 479",NA
"SNV_cluster_0017","SNV","172","PAURGS","SNV","residue 505",NA
"SNV_cluster_0017","SNV","173","PAURGS","SNV","residue 479",NA
"SNV_cluster_0017","SNV","175","PAURSX","SNV","residue 505",NA
"SNV_cluster_0017","SNV","176","PAURTD","SNV","residue 465",NA
"SNV_cluster_0017","SNV","177","PAUSIS","SNV","residue 479",NA
"SNV_cluster_0017","SNV","178","PAUSIS","SNV","residue 465",NA
"SNV_cluster_0017","SNV","179","PAUTBM","SNV","residue 465",NA
"SNV_cluster_0017","SNV","180","PAUTLJ","SNV","residue 465",NA
"SNV_cluster_0017","SNV","181","PAUTRX","SNV","residue 505",NA
"SNV_cluster_0017","SNV","182","PAUTRX","SNV","residue 422",NA
"SNV_cluster_0017","SNV","184","PAUTSB","SNV","residue 423",NA
"SNV_cluster_0017","SNV","187","PAUTWN","SNV","residue 465",NA
"SNV_cluster_0017","SNV","189","PAUVTP","SNV","residue 465",NA
"SNV_cluster_0017","SNV","190","PAUVZI","SNV","residue 465",NA
"SNV_cluster_0017","SNV","320","PAUWNU","SNV","residue 465",NA
"SNV_cluster_0017","SNV","191","PAUXKE","SNV","residue 465",NA
"SNV_cluster_0017","SNV","192","PAUXRV","SNV","residue 465",NA
"SNV_cluster_0017","SNV","193","PAUXSD","SNV","residue 479",NA
"SNV_cluster_0017","SNV","195","PAUYJF","SNV","residue 479",NA
"SNV_cluster_0017","SNV","196","PAUYMH","SNV","residue 465",NA
"SNV_cluster_0017","SNV","197","PAUZHK","SNV","residue 465",NA
"SNV_cluster_0017","SNV","198","PAUZZA","SNV","residue 465",NA
"SNV_cluster_0017","SNV","200","PAVBAW","SNV","residue 465",NA
"SNV_cluster_0017","SNV","201","PAVBPR","SNV","residue 465",NA
"SNV_cluster_0017","SNV","202","PAVCRK","SNV","residue 505",NA
"SNV_cluster_0017","SNV","203","PAVCRK","SNV","residue 465",NA
"SNV_cluster_0017","SNV","204","PAVCYV","SNV","residue 479",NA
"SNV_cluster_0017","SNV","205","PAVCYV","SNV","residue 465",NA
"SNV_cluster_0017","SNV","208","PAVEUZ","SNV","residue 505",NA
"SNV_cluster_0017","SNV","209","PAVFHF","SNV","residue 505",NA
"SNV_cluster_0017","SNV","210","PAVFWF","SNV","residue 479",NA
"SNV_cluster_0017","SNV","211","PAVFXU","SNV","residue 465",NA
"SNV_cluster_0017","SNV","212","PAVJBF","SNV","residue 505",NA
"SNV_cluster_0017","SNV","213","PAVJHG","SNV","residue 465",NA
"SNV_cluster_0017","SNV","214","PAVJJK","SNV","residue 465",NA
"SNV_cluster_0017","SNV","215","PAVJJU","SNV","residue 465",NA
"SNV_cluster_0017","SNV","217","PAVJLJ","SNV","residue 505",NA
"SNV_cluster_0017","SNV","218","PAVJLJ","SNV","residue 437",NA
"SNV_cluster_0017","SNV","220","PAVJNX","SNV","residue 505",NA
"SNV_cluster_0017","SNV","221","PAVKWV","SNV","residue 465",NA
"SNV_cluster_0017","SNV","222","PAVLCX","SNV","residue 479",NA
"SNV_cluster_0017","SNV","223","PAVLMX","SNV","residue 465",NA
"SNV_cluster_0017","SNV","224","PAVLMY","SNV","residue 505",NA
"SNV_cluster_0017","SNV","226","PAVMPB","SNV","residue 465",NA
"SNV_cluster_0017","SNV","227","PAVMZJ","SNV","residue 425",NA
"SNV_cluster_0017","SNV","228","PAVNDL","SNV","residue 465",NA
"SNV_cluster_0017","SNV","315","PAVNSM","SNV","residue 465",NA
"SNV_cluster_0017","SNV","229","PAVNWE","SNV","residue 479",NA
"SNV_cluster_0017","SNV","230","PAVPCZ","SNV","residue 465",NA
"SNV_cluster_0017","SNV","231","PAVPLD","SNV","residue 479",NA
"SNV_cluster_0017","SNV","232","PAVPLN","SNV","residue 505",NA
"SNV_cluster_0017","SNV","233","PAVRAP","SNV","residue 479",NA
"SNV_cluster_0017","SNV","234","PAVRDC","SNV","residue 479",NA
"SNV_cluster_0017","SNV","235","PAVRLH","SNV","residue 479",NA
"SNV_cluster_0017","SNV","236","PAVRLN","SNV","residue 463",NA
"SNV_cluster_0017","SNV","237","PAVRLN","SNV","residue 441",NA
"SNV_cluster_0017","SNV","238","PAVRTX","SNV","residue 505",NA
"SNV_cluster_0017","SNV","239","PAVRWC","SNV","residue 479",NA
"SNV_cluster_0017","SNV","240","PAVSHE","SNV","residue 465",NA
"SNV_cluster_0017","SNV","241","PAVUFK","SNV","residue 423",NA
"SNV_cluster_0017","SNV","243","PAVUVZ","SNV","residue 465",NA
"SNV_cluster_0017","SNV","245","PAVVEI","SNV","residue 465",NA
"SNV_cluster_0017","SNV","246","PAVVHL","SNV","residue 465",NA
"SNV_cluster_0017","SNV","247","PAVVVF","SNV","residue 505",NA
"SNV_cluster_0017","SNV","248","PAVWDF","SNV","residue 465",NA
"SNV_cluster_0017","SNV","249","PAVWWF","SNV","residue 479",NA
"SNV_cluster_0017","SNV","250","PAVXBS","SNV","residue 465",NA
"SNV_cluster_0017","SNV","251","PAVXPD","SNV","residue 465",NA
"SNV_cluster_0017","SNV","4","PAVXTB","SNV","residue 505",NA
"SNV_cluster_0017","SNV","252","PAVXYS","SNV","residue 465",NA
"SNV_cluster_0017","SNV","253","PAVXYS","SNV","residue 465",NA
"SNV_cluster_0017","SNV","2","PAVYDR","SNV","residue 423",NA
"SNV_cluster_0017","SNV","254","PAVYTZ","SNV","residue 465",NA
"SNV_cluster_0017","SNV","255","PAVZJI","SNV","residue 465",NA
"SNV_cluster_0017","SNV","258","PAWAIH","SNV","residue 465",NA
"SNV_cluster_0017","SNV","259","PAWAMR","SNV","residue 465",NA
"SNV_cluster_0017","SNV","260","PAWAMT","SNV","residue 465",NA
"SNV_cluster_0017","SNV","261","PAWAMT","SNV","residue 423",NA
"SNV_cluster_0017","SNV","262","PAWAMT","SNV","residue 422",NA
"SNV_cluster_0017","SNV","263","PAWDMI","SNV","residue 465",NA
"SNV_cluster_0017","SNV","264","PAWETD","SNV","residue 505",NA
"SNV_cluster_0017","SNV","266","PAWFYE","SNV","residue 441",NA
"SNV_cluster_0017","SNV","267","PAWGHS","SNV","residue 465",NA
"SNV_cluster_0017","SNV","268","PAWGPI","SNV","residue 465",NA
"SNV_cluster_0017","SNV","269","PAWGWC","SNV","residue 479",NA
"SNV_cluster_0017","SNV","270","PAWGXI","SNV","residue 423",NA
"SNV_cluster_0017","SNV","271","PAWGXW","SNV","residue 465",NA
"SNV_cluster_0017","SNV","272","PAWGYU","SNV","residue 465",NA
"SNV_cluster_0017","SNV","273","PAWHGU","SNV","residue 465",NA
"SNV_cluster_0017","SNV","274","PAWHIG","SNV","residue 477",NA
"SNV_cluster_0017","SNV","275","PAWHIG","SNV","residue 465",NA
"SNV_cluster_0017","SNV","276","PAWHRW","SNV","residue 505",NA
"SNV_cluster_0017","SNV","322","PAWIGC","SNV","residue 479",NA
"SNV_cluster_0017","SNV","277","PAWIPA","SNV","residue 465",NA
"SNV_cluster_0017","SNV","278","PAWIWN","SNV","residue 505",NA
"SNV_cluster_0017","SNV","279","PAWIWN","SNV","residue 465",NA
"SNV_cluster_0017","SNV","280","PAWIXS","SNV","residue 505",NA
"SNV_cluster_0017","SNV","281","PAWJJC","SNV","residue 479",NA
"SNV_cluster_0017","SNV","282","PAWJKL","SNV","residue 477",NA
"SNV_cluster_0017","SNV","283","PAWJKX","SNV","residue 479",NA
"SNV_cluster_0017","SNV","284","PAWJVB","SNV","residue 465",NA
"SNV_cluster_0017","SNV","285","PAWKAN","SNV","residue 465",NA
"SNV_cluster_0017","SNV","286","PAWKKF","SNV","residue 425",NA
"SNV_cluster_0017","SNV","287","PAWKSC","SNV","residue 465",NA
"SNV_cluster_0017","SNV","317","PAWKXN","SNV","residue 505",NA
"SNV_cluster_0017","SNV","288","PAWKYL","SNV","residue 479",NA
"SNV_cluster_0017","SNV","289","PAWKZX","SNV","residue 505",NA
"SNV_cluster_0017","SNV","290","PAWKZZ","SNV","residue 465",NA
"SNV_cluster_0017","SNV","291","PAWLFC","SNV","residue 465",NA
"SNV_cluster_0017","SNV","318","PAWLSM","SNV","residue 479",NA
"SNV_cluster_0017","SNV","292","PAWLYX","SNV","residue 423",NA
"SNV_cluster_0018","SNV","293","PAREDN","SNV","residue 465",NA
"SNV_cluster_0018","SNV","6","PARGFL","SNV","residue 465",NA
"SNV_cluster_0018","SNV","7","PARHBI","SNV","residue 505",NA
"SNV_cluster_0018","SNV","9","PARHLS","SNV","residue 465",NA
"SNV_cluster_0018","SNV","11","PARJAY","SNV","residue 479",NA
"SNV_cluster_0018","SNV","12","PARJNX","SNV","residue 465",NA
"SNV_cluster_0018","SNV","13","PARJSM","SNV","residue 465",NA
"SNV_cluster_0018","SNV","15","PARJXW","SNV","residue 465",NA
"SNV_cluster_0018","SNV","16","PARKLK","SNV","residue 479",NA
"SNV_cluster_0018","SNV","17","PARLGK","SNV","residue 465",NA
"SNV_cluster_0018","SNV","294","PARMED","SNV","residue 479",NA
"SNV_cluster_0018","SNV","19","PARMFF","SNV","residue 479",NA
"SNV_cluster_0018","SNV","21","PARMIA","SNV","residue 479",NA
"SNV_cluster_0018","SNV","22","PARMIA","SNV","residue 465",NA
"SNV_cluster_0018","SNV","1","PARMJA","SNV","residue 479",NA
"SNV_cluster_0018","SNV","23","PARMMV","SNV","residue 505",NA
"SNV_cluster_0018","SNV","24","PARMMV","SNV","residue 479",NA
"SNV_cluster_0018","SNV","26","PARPUL","SNV","residue 505",NA
"SNV_cluster_0018","SNV","27","PARPUL","SNV","residue 465",NA
"SNV_cluster_0018","SNV","296","PARPYK","SNV","residue 465",NA
"SNV_cluster_0018","SNV","297","PARRJR","SNV","residue 479",NA
"SNV_cluster_0018","SNV","28","PARSNX","SNV","residue 505",NA
"SNV_cluster_0018","SNV","29","PARVMR","SNV","residue 505",NA
"SNV_cluster_0018","SNV","30","PARVSC","SNV","residue 505",NA
"SNV_cluster_0018","SNV","31","PARWMF","SNV","residue 505",NA
"SNV_cluster_0018","SNV","32","PARWMF","SNV","residue 465",NA
"SNV_cluster_0018","SNV","34","PARXFY","SNV","residue 465",NA
"SNV_cluster_0018","SNV","35","PARXVS","SNV","residue 465",NA
"SNV_cluster_0018","SNV","36","PARYHC","SNV","residue 505",NA
"SNV_cluster_0018","SNV","37","PASFKA","SNV","residue 479",NA
"SNV_cluster_0018","SNV","40","PASGUH","SNV","residue 465",NA
"SNV_cluster_0018","SNV","41","PASGUX","SNV","residue 505",NA
"SNV_cluster_0018","SNV","43","PASHXL","SNV","residue 465",NA
"SNV_cluster_0018","SNV","300","PASHYJ","SNV","residue 465",NA
"SNV_cluster_0018","SNV","45","PASJFJ","SNV","residue 465",NA
"SNV_cluster_0018","SNV","47","PASKIC","SNV","residue 479",NA
"SNV_cluster_0018","SNV","326","PASKMG","SNV","residue 479",NA
"SNV_cluster_0018","SNV","48","PASKRN","SNV","residue 465",NA
"SNV_cluster_0018","SNV","49","PASKVH","SNV","residue 465",NA
"SNV_cluster_0018","SNV","50","PASKVH","SNV","residue 465",NA
"SNV_cluster_0018","SNV","51","PASKWG","SNV","residue 564",NA
"SNV_cluster_0018","SNV","52","PASKWG","SNV","residue 505",NA
"SNV_cluster_0018","SNV","53","PASKXA","SNV","residue 479",NA
"SNV_cluster_0018","SNV","54","PASLPH","SNV","residue 465",NA
"SNV_cluster_0018","SNV","55","PASNNM","SNV","residue 465",NA
"SNV_cluster_0018","SNV","56","PASPBU","SNV","residue 465",NA
"SNV_cluster_0018","SNV","57","PASPBU","SNV","residue 465",NA
"SNV_cluster_0018","SNV","58","PASPNW","SNV","residue 479",NA
"SNV_cluster_0018","SNV","59","PASPPN","SNV","residue 479",NA
"SNV_cluster_0018","SNV","61","PASRUK","SNV","residue 465",NA
"SNV_cluster_0018","SNV","62","PASSEF","SNV","residue 465",NA
"SNV_cluster_0018","SNV","64","PASTLI","SNV","residue 465",NA
"SNV_cluster_0018","SNV","65","PASTPT","SNV","residue 465",NA
"SNV_cluster_0018","SNV","66","PASTPT","SNV","residue 465",NA
"SNV_cluster_0018","SNV","67","PASUSV","SNV","residue 479",NA
"SNV_cluster_0018","SNV","68","PASVIN","SNV","residue 465",NA
"SNV_cluster_0018","SNV","69","PASVRC","SNV","residue 465",NA
"SNV_cluster_0018","SNV","301","PASVVA","SNV","residue 505",NA
"SNV_cluster_0018","SNV","70","PASVYP","SNV","residue 465",NA
"SNV_cluster_0018","SNV","71","PASVZJ","SNV","residue 465",NA
"SNV_cluster_0018","SNV","74","PASWNU","SNV","residue 505",NA
"SNV_cluster_0018","SNV","76","PASWSR","SNV","residue 479",NA
"SNV_cluster_0018","SNV","302","PASXFB","SNV","residue 465",NA
"SNV_cluster_0018","SNV","77","PASXIL","SNV","residue 479",NA
"SNV_cluster_0018","SNV","78","PASXSI","SNV","residue 465",NA
"SNV_cluster_0018","SNV","79","PASYHN","SNV","residue 479",NA
"SNV_cluster_0018","SNV","80","PASZAY","SNV","residue 479",NA
"SNV_cluster_0018","SNV","81","PATADU","SNV","residue 479",NA
"SNV_cluster_0018","SNV","83","PATAUC","SNV","residue 465",NA
"SNV_cluster_0018","SNV","84","PATAUZ","SNV","residue 465",NA
"SNV_cluster_0018","SNV","85","PATBPY","SNV","residue 465",NA
"SNV_cluster_0018","SNV","86","PATCDZ","SNV","residue 479",NA
"SNV_cluster_0018","SNV","87","PATCTL","SNV","residue 505",NA
"SNV_cluster_0018","SNV","89","PATDBC","SNV","residue 479",NA
"SNV_cluster_0018","SNV","91","PATDBU","SNV","residue 465",NA
"SNV_cluster_0018","SNV","92","PATDBU","SNV","residue 465",NA
"SNV_cluster_0018","SNV","93","PATDDZ","SNV","residue 505",NA
"SNV_cluster_0018","SNV","94","PATDFE","SNV","residue 505",NA
"SNV_cluster_0018","SNV","303","PATDTL","SNV","residue 505",NA
"SNV_cluster_0018","SNV","97","PATEAK","SNV","residue 465",NA
"SNV_cluster_0018","SNV","98","PATEBX","SNV","residue 465",NA
"SNV_cluster_0018","SNV","99","PATFVG","SNV","residue 465",NA
"SNV_cluster_0018","SNV","100","PATGMP","SNV","residue 479",NA
"SNV_cluster_0018","SNV","101","PATGVX","SNV","residue 479",NA
"SNV_cluster_0018","SNV","325","PATHAA","SNV","residue 479",NA
"SNV_cluster_0018","SNV","102","PATHFE","SNV","residue 479",NA
"SNV_cluster_0018","SNV","104","PATIHV","SNV","residue 479",NA
"SNV_cluster_0018","SNV","106","PATITY","SNV","residue 479",NA
"SNV_cluster_0018","SNV","107","PATJBC","SNV","residue 465",NA
"SNV_cluster_0018","SNV","304","PATJCZ","SNV","residue 479",NA
"SNV_cluster_0018","SNV","108","PATJRX","SNV","residue 479",NA
"SNV_cluster_0018","SNV","109","PATJRX","SNV","residue 465",NA
"SNV_cluster_0018","SNV","110","PATJZK","SNV","residue 465",NA
"SNV_cluster_0018","SNV","111","PATKGP","SNV","residue 480",NA
"SNV_cluster_0018","SNV","112","PATKGP","SNV","residue 465",NA
"SNV_cluster_0018","SNV","114","PATKHZ","SNV","residue 479",NA
"SNV_cluster_0018","SNV","115","PATKNX","SNV","residue 505",NA
"SNV_cluster_0018","SNV","116","PATKRF","SNV","residue 465",NA
"SNV_cluster_0018","SNV","117","PATLGU","SNV","residue 465",NA
"SNV_cluster_0018","SNV","118","PATLNS","SNV","residue 465",NA
"SNV_cluster_0018","SNV","119","PATMPM","SNV","residue 465",NA
"SNV_cluster_0018","SNV","120","PATMVH","SNV","residue 465",NA
"SNV_cluster_0018","SNV","121","PATRFD","SNV","residue 465",NA
"SNV_cluster_0018","SNV","122","PATRGV","SNV","residue 526",NA
"SNV_cluster_0018","SNV","123","PATRGV","SNV","residue 505",NA
"SNV_cluster_0018","SNV","124","PATRNH","SNV","residue 465",NA
"SNV_cluster_0018","SNV","125","PATSEZ","SNV","residue 465",NA
"SNV_cluster_0018","SNV","126","PATTHM","SNV","residue 564",NA
"SNV_cluster_0018","SNV","127","PATUDM","SNV","residue 479",NA
"SNV_cluster_0018","SNV","128","PATUDM","SNV","residue 465",NA
"SNV_cluster_0018","SNV","129","PATUDM","SNV","residue 465",NA
"SNV_cluster_0018","SNV","130","PATVTZ","SNV","residue 503",NA
"SNV_cluster_0018","SNV","131","PATWIJ","SNV","residue 479",NA
"SNV_cluster_0018","SNV","132","PATXAL","SNV","residue 479",NA
"SNV_cluster_0018","SNV","133","PATXTC","SNV","residue 505",NA
"SNV_cluster_0018","SNV","306","PATXTY","SNV","residue 505",NA
"SNV_cluster_0018","SNV","134","PATYMP","SNV","residue 479",NA
"SNV_cluster_0018","SNV","135","PATYMP","SNV","residue 465",NA
"SNV_cluster_0018","SNV","136","PATZSL","SNV","residue 465",NA
"SNV_cluster_0018","SNV","138","PATZYE","SNV","residue 465",NA
"SNV_cluster_0018","SNV","139","PAUAMR","SNV","residue 465",NA
"SNV_cluster_0018","SNV","140","PAUAVW","SNV","residue 465",NA
"SNV_cluster_0018","SNV","319","PAUAZV","SNV","residue 505",NA
"SNV_cluster_0018","SNV","323","PAUAZV","SNV","residue 479",NA
"SNV_cluster_0018","SNV","307","PAUBBJ","SNV","residue 505",NA
"SNV_cluster_0018","SNV","308","PAUBGA","SNV","residue 465",NA
"SNV_cluster_0018","SNV","141","PAUBGT","SNV","residue 505",NA
"SNV_cluster_0018","SNV","142","PAUBGT","SNV","residue 505",NA
"SNV_cluster_0018","SNV","143","PAUBLL","SNV","residue 465",NA
"SNV_cluster_0018","SNV","310","PAUCIB","SNV","residue 505",NA
"SNV_cluster_0018","SNV","311","PAUCIB","SNV","residue 479",NA
"SNV_cluster_0018","SNV","144","PAUCWP","SNV","residue 465",NA
"SNV_cluster_0018","SNV","145","PAUEFT","SNV","residue 479",NA
"SNV_cluster_0018","SNV","146","PAUEUC","SNV","residue 465",NA
"SNV_cluster_0018","SNV","148","PAUGAP","SNV","residue 465",NA
"SNV_cluster_0018","SNV","151","PAUGLK","SNV","residue 465",NA
"SNV_cluster_0018","SNV","152","PAUHDN","SNV","residue 465",NA
"SNV_cluster_0018","SNV","153","PAUHHF","SNV","residue 465",NA
"SNV_cluster_0018","SNV","5","PAUHTB","SNV","residue 465",NA
"SNV_cluster_0018","SNV","313","PAUIEM","SNV","residue 479",NA
"SNV_cluster_0018","SNV","321","PAUIFC","SNV","residue 465",NA
"SNV_cluster_0018","SNV","154","PAUIGD","SNV","residue 465",NA
"SNV_cluster_0018","SNV","155","PAUIMK","SNV","residue 465",NA
"SNV_cluster_0018","SNV","314","PAUISV","SNV","residue 465",NA
"SNV_cluster_0018","SNV","156","PAUIXW","SNV","residue 465",NA
"SNV_cluster_0018","SNV","158","PAUJRU","SNV","residue 479",NA
"SNV_cluster_0018","SNV","159","PAUJVL","SNV","residue 465",NA
"SNV_cluster_0018","SNV","163","PAULGR","SNV","residue 465",NA
"SNV_cluster_0018","SNV","164","PAULGX","SNV","residue 465",NA
"SNV_cluster_0018","SNV","165","PAULIU","SNV","residue 465",NA
"SNV_cluster_0018","SNV","167","PAUMNE","SNV","residue 479",NA
"SNV_cluster_0018","SNV","169","PAUMVW","SNV","residue 479",NA
"SNV_cluster_0018","SNV","172","PAURGS","SNV","residue 505",NA
"SNV_cluster_0018","SNV","173","PAURGS","SNV","residue 479",NA
"SNV_cluster_0018","SNV","174","PAURSX","SNV","residue 544",NA
"SNV_cluster_0018","SNV","175","PAURSX","SNV","residue 505",NA
"SNV_cluster_0018","SNV","176","PAURTD","SNV","residue 465",NA
"SNV_cluster_0018","SNV","177","PAUSIS","SNV","residue 479",NA
"SNV_cluster_0018","SNV","178","PAUSIS","SNV","residue 465",NA
"SNV_cluster_0018","SNV","179","PAUTBM","SNV","residue 465",NA
"SNV_cluster_0018","SNV","180","PAUTLJ","SNV","residue 465",NA
"SNV_cluster_0018","SNV","181","PAUTRX","SNV","residue 505",NA
"SNV_cluster_0018","SNV","186","PAUTWN","SNV","residue 564",NA
"SNV_cluster_0018","SNV","187","PAUTWN","SNV","residue 465",NA
"SNV_cluster_0018","SNV","189","PAUVTP","SNV","residue 465",NA
"SNV_cluster_0018","SNV","190","PAUVZI","SNV","residue 465",NA
"SNV_cluster_0018","SNV","320","PAUWNU","SNV","residue 465",NA
"SNV_cluster_0018","SNV","191","PAUXKE","SNV","residue 465",NA
"SNV_cluster_0018","SNV","192","PAUXRV","SNV","residue 465",NA
"SNV_cluster_0018","SNV","193","PAUXSD","SNV","residue 479",NA
"SNV_cluster_0018","SNV","195","PAUYJF","SNV","residue 479",NA
"SNV_cluster_0018","SNV","196","PAUYMH","SNV","residue 465",NA
"SNV_cluster_0018","SNV","197","PAUZHK","SNV","residue 465",NA
"SNV_cluster_0018","SNV","198","PAUZZA","SNV","residue 465",NA
"SNV_cluster_0018","SNV","200","PAVBAW","SNV","residue 465",NA
"SNV_cluster_0018","SNV","201","PAVBPR","SNV","residue 465",NA
"SNV_cluster_0018","SNV","202","PAVCRK","SNV","residue 505",NA
"SNV_cluster_0018","SNV","203","PAVCRK","SNV","residue 465",NA
"SNV_cluster_0018","SNV","204","PAVCYV","SNV","residue 479",NA
"SNV_cluster_0018","SNV","205","PAVCYV","SNV","residue 465",NA
"SNV_cluster_0018","SNV","208","PAVEUZ","SNV","residue 505",NA
"SNV_cluster_0018","SNV","209","PAVFHF","SNV","residue 505",NA
"SNV_cluster_0018","SNV","210","PAVFWF","SNV","residue 479",NA
"SNV_cluster_0018","SNV","211","PAVFXU","SNV","residue 465",NA
"SNV_cluster_0018","SNV","212","PAVJBF","SNV","residue 505",NA
"SNV_cluster_0018","SNV","213","PAVJHG","SNV","residue 465",NA
"SNV_cluster_0018","SNV","214","PAVJJK","SNV","residue 465",NA
"SNV_cluster_0018","SNV","215","PAVJJU","SNV","residue 465",NA
"SNV_cluster_0018","SNV","217","PAVJLJ","SNV","residue 505",NA
"SNV_cluster_0018","SNV","220","PAVJNX","SNV","residue 505",NA
"SNV_cluster_0018","SNV","221","PAVKWV","SNV","residue 465",NA
"SNV_cluster_0018","SNV","222","PAVLCX","SNV","residue 479",NA
"SNV_cluster_0018","SNV","223","PAVLMX","SNV","residue 465",NA
"SNV_cluster_0018","SNV","224","PAVLMY","SNV","residue 505",NA
"SNV_cluster_0018","SNV","226","PAVMPB","SNV","residue 465",NA
"SNV_cluster_0018","SNV","228","PAVNDL","SNV","residue 465",NA
"SNV_cluster_0018","SNV","315","PAVNSM","SNV","residue 465",NA
"SNV_cluster_0018","SNV","229","PAVNWE","SNV","residue 479",NA
"SNV_cluster_0018","SNV","230","PAVPCZ","SNV","residue 465",NA
"SNV_cluster_0018","SNV","231","PAVPLD","SNV","residue 479",NA
"SNV_cluster_0018","SNV","232","PAVPLN","SNV","residue 505",NA
"SNV_cluster_0018","SNV","233","PAVRAP","SNV","residue 479",NA
"SNV_cluster_0018","SNV","234","PAVRDC","SNV","residue 479",NA
"SNV_cluster_0018","SNV","235","PAVRLH","SNV","residue 479",NA
"SNV_cluster_0018","SNV","236","PAVRLN","SNV","residue 463",NA
"SNV_cluster_0018","SNV","238","PAVRTX","SNV","residue 505",NA
"SNV_cluster_0018","SNV","239","PAVRWC","SNV","residue 479",NA
"SNV_cluster_0018","SNV","240","PAVSHE","SNV","residue 465",NA
"SNV_cluster_0018","SNV","243","PAVUVZ","SNV","residue 465",NA
"SNV_cluster_0018","SNV","245","PAVVEI","SNV","residue 465",NA
"SNV_cluster_0018","SNV","246","PAVVHL","SNV","residue 465",NA
"SNV_cluster_0018","SNV","247","PAVVVF","SNV","residue 505",NA
"SNV_cluster_0018","SNV","248","PAVWDF","SNV","residue 465",NA
"SNV_cluster_0018","SNV","249","PAVWWF","SNV","residue 479",NA
"SNV_cluster_0018","SNV","250","PAVXBS","SNV","residue 465",NA
"SNV_cluster_0018","SNV","251","PAVXPD","SNV","residue 465",NA
"SNV_cluster_0018","SNV","4","PAVXTB","SNV","residue 505",NA
"SNV_cluster_0018","SNV","252","PAVXYS","SNV","residue 465",NA
"SNV_cluster_0018","SNV","253","PAVXYS","SNV","residue 465",NA
"SNV_cluster_0018","SNV","254","PAVYTZ","SNV","residue 465",NA
"SNV_cluster_0018","SNV","255","PAVZJI","SNV","residue 465",NA
"SNV_cluster_0018","SNV","258","PAWAIH","SNV","residue 465",NA
"SNV_cluster_0018","SNV","259","PAWAMR","SNV","residue 465",NA
"SNV_cluster_0018","SNV","260","PAWAMT","SNV","residue 465",NA
"SNV_cluster_0018","SNV","263","PAWDMI","SNV","residue 465",NA
"SNV_cluster_0018","SNV","264","PAWETD","SNV","residue 505",NA
"SNV_cluster_0018","SNV","265","PAWFRE","SNV","residue 556",NA
"SNV_cluster_0018","SNV","267","PAWGHS","SNV","residue 465",NA
"SNV_cluster_0018","SNV","268","PAWGPI","SNV","residue 465",NA
"SNV_cluster_0018","SNV","269","PAWGWC","SNV","residue 479",NA
"SNV_cluster_0018","SNV","271","PAWGXW","SNV","residue 465",NA
"SNV_cluster_0018","SNV","272","PAWGYU","SNV","residue 465",NA
"SNV_cluster_0018","SNV","273","PAWHGU","SNV","residue 465",NA
"SNV_cluster_0018","SNV","274","PAWHIG","SNV","residue 477",NA
"SNV_cluster_0018","SNV","275","PAWHIG","SNV","residue 465",NA
"SNV_cluster_0018","SNV","276","PAWHRW","SNV","residue 505",NA
"SNV_cluster_0018","SNV","322","PAWIGC","SNV","residue 479",NA
"SNV_cluster_0018","SNV","277","PAWIPA","SNV","residue 465",NA
"SNV_cluster_0018","SNV","278","PAWIWN","SNV","residue 505",NA
"SNV_cluster_0018","SNV","279","PAWIWN","SNV","residue 465",NA
"SNV_cluster_0018","SNV","280","PAWIXS","SNV","residue 505",NA
"SNV_cluster_0018","SNV","281","PAWJJC","SNV","residue 479",NA
"SNV_cluster_0018","SNV","282","PAWJKL","SNV","residue 477",NA
"SNV_cluster_0018","SNV","283","PAWJKX","SNV","residue 479",NA
"SNV_cluster_0018","SNV","284","PAWJVB","SNV","residue 465",NA
"SNV_cluster_0018","SNV","285","PAWKAN","SNV","residue 465",NA
"SNV_cluster_0018","SNV","287","PAWKSC","SNV","residue 465",NA
"SNV_cluster_0018","SNV","317","PAWKXN","SNV","residue 505",NA
"SNV_cluster_0018","SNV","288","PAWKYL","SNV","residue 479",NA
"SNV_cluster_0018","SNV","289","PAWKZX","SNV","residue 505",NA
"SNV_cluster_0018","SNV","290","PAWKZZ","SNV","residue 465",NA
"SNV_cluster_0018","SNV","291","PAWLFC","SNV","residue 465",NA
"SNV_cluster_0018","SNV","318","PAWLSM","SNV","residue 479",NA
"SNV_cluster_0019","SNV","293","PAREDN","SNV","residue 465",NA
"SNV_cluster_0019","SNV","6","PARGFL","SNV","residue 465",NA
"SNV_cluster_0019","SNV","7","PARHBI","SNV","residue 505",NA
"SNV_cluster_0019","SNV","8","PARHES","SNV","residue 425",NA
"SNV_cluster_0019","SNV","9","PARHLS","SNV","residue 465",NA
"SNV_cluster_0019","SNV","11","PARJAY","SNV","residue 479",NA
"SNV_cluster_0019","SNV","12","PARJNX","SNV","residue 465",NA
"SNV_cluster_0019","SNV","13","PARJSM","SNV","residue 465",NA
"SNV_cluster_0019","SNV","15","PARJXW","SNV","residue 465",NA
"SNV_cluster_0019","SNV","16","PARKLK","SNV","residue 479",NA
"SNV_cluster_0019","SNV","17","PARLGK","SNV","residue 465",NA
"SNV_cluster_0019","SNV","18","PARLIB","SNV","residue 423",NA
"SNV_cluster_0019","SNV","294","PARMED","SNV","residue 479",NA
"SNV_cluster_0019","SNV","295","PARMED","SNV","residue 444",NA
"SNV_cluster_0019","SNV","19","PARMFF","SNV","residue 479",NA
"SNV_cluster_0019","SNV","21","PARMIA","SNV","residue 479",NA
"SNV_cluster_0019","SNV","22","PARMIA","SNV","residue 465",NA
"SNV_cluster_0019","SNV","1","PARMJA","SNV","residue 479",NA
"SNV_cluster_0019","SNV","23","PARMMV","SNV","residue 505",NA
"SNV_cluster_0019","SNV","24","PARMMV","SNV","residue 479",NA
"SNV_cluster_0019","SNV","25","PARMRF","SNV","residue 441",NA
"SNV_cluster_0019","SNV","26","PARPUL","SNV","residue 505",NA
"SNV_cluster_0019","SNV","27","PARPUL","SNV","residue 465",NA
"SNV_cluster_0019","SNV","296","PARPYK","SNV","residue 465",NA
"SNV_cluster_0019","SNV","297","PARRJR","SNV","residue 479",NA
"SNV_cluster_0019","SNV","28","PARSNX","SNV","residue 505",NA
"SNV_cluster_0019","SNV","29","PARVMR","SNV","residue 505",NA
"SNV_cluster_0019","SNV","30","PARVSC","SNV","residue 505",NA
"SNV_cluster_0019","SNV","31","PARWMF","SNV","residue 505",NA
"SNV_cluster_0019","SNV","32","PARWMF","SNV","residue 465",NA
"SNV_cluster_0019","SNV","34","PARXFY","SNV","residue 465",NA
"SNV_cluster_0019","SNV","35","PARXVS","SNV","residue 465",NA
"SNV_cluster_0019","SNV","36","PARYHC","SNV","residue 505",NA
"SNV_cluster_0019","SNV","37","PASFKA","SNV","residue 479",NA
"SNV_cluster_0019","SNV","38","PASGKL","SNV","residue 437",NA
"SNV_cluster_0019","SNV","299","PASGMR","SNV","residue 426",NA
"SNV_cluster_0019","SNV","40","PASGUH","SNV","residue 465",NA
"SNV_cluster_0019","SNV","41","PASGUX","SNV","residue 505",NA
"SNV_cluster_0019","SNV","42","PASHNK","SNV","residue 423",NA
"SNV_cluster_0019","SNV","43","PASHXL","SNV","residue 465",NA
"SNV_cluster_0019","SNV","300","PASHYJ","SNV","residue 465",NA
"SNV_cluster_0019","SNV","45","PASJFJ","SNV","residue 465",NA
"SNV_cluster_0019","SNV","47","PASKIC","SNV","residue 479",NA
"SNV_cluster_0019","SNV","326","PASKMG","SNV","residue 479",NA
"SNV_cluster_0019","SNV","48","PASKRN","SNV","residue 465",NA
"SNV_cluster_0019","SNV","49","PASKVH","SNV","residue 465",NA
"SNV_cluster_0019","SNV","50","PASKVH","SNV","residue 465",NA
"SNV_cluster_0019","SNV","51","PASKWG","SNV","residue 564",NA
"SNV_cluster_0019","SNV","52","PASKWG","SNV","residue 505",NA
"SNV_cluster_0019","SNV","53","PASKXA","SNV","residue 479",NA
"SNV_cluster_0019","SNV","54","PASLPH","SNV","residue 465",NA
"SNV_cluster_0019","SNV","55","PASNNM","SNV","residue 465",NA
"SNV_cluster_0019","SNV","56","PASPBU","SNV","residue 465",NA
"SNV_cluster_0019","SNV","57","PASPBU","SNV","residue 465",NA
"SNV_cluster_0019","SNV","58","PASPNW","SNV","residue 479",NA
"SNV_cluster_0019","SNV","59","PASPPN","SNV","residue 479",NA
"SNV_cluster_0019","SNV","60","PASRTM","SNV","residue 385",NA
"SNV_cluster_0019","SNV","61","PASRUK","SNV","residue 465",NA
"SNV_cluster_0019","SNV","62","PASSEF","SNV","residue 465",NA
"SNV_cluster_0019","SNV","64","PASTLI","SNV","residue 465",NA
"SNV_cluster_0019","SNV","65","PASTPT","SNV","residue 465",NA
"SNV_cluster_0019","SNV","66","PASTPT","SNV","residue 465",NA
"SNV_cluster_0019","SNV","67","PASUSV","SNV","residue 479",NA
"SNV_cluster_0019","SNV","68","PASVIN","SNV","residue 465",NA
"SNV_cluster_0019","SNV","69","PASVRC","SNV","residue 465",NA
"SNV_cluster_0019","SNV","301","PASVVA","SNV","residue 505",NA
"SNV_cluster_0019","SNV","70","PASVYP","SNV","residue 465",NA
"SNV_cluster_0019","SNV","71","PASVZJ","SNV","residue 465",NA
"SNV_cluster_0019","SNV","74","PASWNU","SNV","residue 505",NA
"SNV_cluster_0019","SNV","76","PASWSR","SNV","residue 479",NA
"SNV_cluster_0019","SNV","302","PASXFB","SNV","residue 465",NA
"SNV_cluster_0019","SNV","77","PASXIL","SNV","residue 479",NA
"SNV_cluster_0019","SNV","78","PASXSI","SNV","residue 465",NA
"SNV_cluster_0019","SNV","79","PASYHN","SNV","residue 479",NA
"SNV_cluster_0019","SNV","80","PASZAY","SNV","residue 479",NA
"SNV_cluster_0019","SNV","81","PATADU","SNV","residue 479",NA
"SNV_cluster_0019","SNV","82","PATALJ","SNV","residue 423",NA
"SNV_cluster_0019","SNV","83","PATAUC","SNV","residue 465",NA
"SNV_cluster_0019","SNV","84","PATAUZ","SNV","residue 465",NA
"SNV_cluster_0019","SNV","85","PATBPY","SNV","residue 465",NA
"SNV_cluster_0019","SNV","86","PATCDZ","SNV","residue 479",NA
"SNV_cluster_0019","SNV","87","PATCTL","SNV","residue 505",NA
"SNV_cluster_0019","SNV","88","PATCZN","SNV","residue 423",NA
"SNV_cluster_0019","SNV","89","PATDBC","SNV","residue 479",NA
"SNV_cluster_0019","SNV","90","PATDBC","SNV","residue 393",NA
"SNV_cluster_0019","SNV","91","PATDBU","SNV","residue 465",NA
"SNV_cluster_0019","SNV","92","PATDBU","SNV","residue 465",NA
"SNV_cluster_0019","SNV","93","PATDDZ","SNV","residue 505",NA
"SNV_cluster_0019","SNV","94","PATDFE","SNV","residue 505",NA
"SNV_cluster_0019","SNV","303","PATDTL","SNV","residue 505",NA
"SNV_cluster_0019","SNV","97","PATEAK","SNV","residue 465",NA
"SNV_cluster_0019","SNV","98","PATEBX","SNV","residue 465",NA
"SNV_cluster_0019","SNV","99","PATFVG","SNV","residue 465",NA
"SNV_cluster_0019","SNV","100","PATGMP","SNV","residue 479",NA
"SNV_cluster_0019","SNV","101","PATGVX","SNV","residue 479",NA
"SNV_cluster_0019","SNV","325","PATHAA","SNV","residue 479",NA
"SNV_cluster_0019","SNV","102","PATHFE","SNV","residue 479",NA
"SNV_cluster_0019","SNV","104","PATIHV","SNV","residue 479",NA
"SNV_cluster_0019","SNV","105","PATISS","SNV","residue 441",NA
"SNV_cluster_0019","SNV","106","PATITY","SNV","residue 479",NA
"SNV_cluster_0019","SNV","107","PATJBC","SNV","residue 465",NA
"SNV_cluster_0019","SNV","304","PATJCZ","SNV","residue 479",NA
"SNV_cluster_0019","SNV","108","PATJRX","SNV","residue 479",NA
"SNV_cluster_0019","SNV","109","PATJRX","SNV","residue 465",NA
"SNV_cluster_0019","SNV","110","PATJZK","SNV","residue 465",NA
"SNV_cluster_0019","SNV","111","PATKGP","SNV","residue 480",NA
"SNV_cluster_0019","SNV","112","PATKGP","SNV","residue 465",NA
"SNV_cluster_0019","SNV","114","PATKHZ","SNV","residue 479",NA
"SNV_cluster_0019","SNV","115","PATKNX","SNV","residue 505",NA
"SNV_cluster_0019","SNV","116","PATKRF","SNV","residue 465",NA
"SNV_cluster_0019","SNV","117","PATLGU","SNV","residue 465",NA
"SNV_cluster_0019","SNV","118","PATLNS","SNV","residue 465",NA
"SNV_cluster_0019","SNV","119","PATMPM","SNV","residue 465",NA
"SNV_cluster_0019","SNV","120","PATMVH","SNV","residue 465",NA
"SNV_cluster_0019","SNV","121","PATRFD","SNV","residue 465",NA
"SNV_cluster_0019","SNV","122","PATRGV","SNV","residue 526",NA
"SNV_cluster_0019","SNV","123","PATRGV","SNV","residue 505",NA
"SNV_cluster_0019","SNV","124","PATRNH","SNV","residue 465",NA
"SNV_cluster_0019","SNV","125","PATSEZ","SNV","residue 465",NA
"SNV_cluster_0019","SNV","126","PATTHM","SNV","residue 564",NA
"SNV_cluster_0019","SNV","127","PATUDM","SNV","residue 479",NA
"SNV_cluster_0019","SNV","128","PATUDM","SNV","residue 465",NA
"SNV_cluster_0019","SNV","129","PATUDM","SNV","residue 465",NA
"SNV_cluster_0019","SNV","130","PATVTZ","SNV","residue 503",NA
"SNV_cluster_0019","SNV","131","PATWIJ","SNV","residue 479",NA
"SNV_cluster_0019","SNV","132","PATXAL","SNV","residue 479",NA
"SNV_cluster_0019","SNV","305","PATXTA","SNV","residue 419",NA
"SNV_cluster_0019","SNV","133","PATXTC","SNV","residue 505",NA
"SNV_cluster_0019","SNV","306","PATXTY","SNV","residue 505",NA
"SNV_cluster_0019","SNV","134","PATYMP","SNV","residue 479",NA
"SNV_cluster_0019","SNV","135","PATYMP","SNV","residue 465",NA
"SNV_cluster_0019","SNV","136","PATZSL","SNV","residue 465",NA
"SNV_cluster_0019","SNV","138","PATZYE","SNV","residue 465",NA
"SNV_cluster_0019","SNV","139","PAUAMR","SNV","residue 465",NA
"SNV_cluster_0019","SNV","140","PAUAVW","SNV","residue 465",NA
"SNV_cluster_0019","SNV","319","PAUAZV","SNV","residue 505",NA
"SNV_cluster_0019","SNV","323","PAUAZV","SNV","residue 479",NA
"SNV_cluster_0019","SNV","307","PAUBBJ","SNV","residue 505",NA
"SNV_cluster_0019","SNV","308","PAUBGA","SNV","residue 465",NA
"SNV_cluster_0019","SNV","141","PAUBGT","SNV","residue 505",NA
"SNV_cluster_0019","SNV","142","PAUBGT","SNV","residue 505",NA
"SNV_cluster_0019","SNV","143","PAUBLL","SNV","residue 465",NA
"SNV_cluster_0019","SNV","310","PAUCIB","SNV","residue 505",NA
"SNV_cluster_0019","SNV","311","PAUCIB","SNV","residue 479",NA
"SNV_cluster_0019","SNV","144","PAUCWP","SNV","residue 465",NA
"SNV_cluster_0019","SNV","145","PAUEFT","SNV","residue 479",NA
"SNV_cluster_0019","SNV","146","PAUEUC","SNV","residue 465",NA
"SNV_cluster_0019","SNV","147","PAUEZV","SNV","residue 423",NA
"SNV_cluster_0019","SNV","148","PAUGAP","SNV","residue 465",NA
"SNV_cluster_0019","SNV","151","PAUGLK","SNV","residue 465",NA
"SNV_cluster_0019","SNV","152","PAUHDN","SNV","residue 465",NA
"SNV_cluster_0019","SNV","153","PAUHHF","SNV","residue 465",NA
"SNV_cluster_0019","SNV","5","PAUHTB","SNV","residue 465",NA
"SNV_cluster_0019","SNV","313","PAUIEM","SNV","residue 479",NA
"SNV_cluster_0019","SNV","321","PAUIFC","SNV","residue 465",NA
"SNV_cluster_0019","SNV","154","PAUIGD","SNV","residue 465",NA
"SNV_cluster_0019","SNV","155","PAUIMK","SNV","residue 465",NA
"SNV_cluster_0019","SNV","314","PAUISV","SNV","residue 465",NA
"SNV_cluster_0019","SNV","156","PAUIXW","SNV","residue 465",NA
"SNV_cluster_0019","SNV","157","PAUIXW","SNV","residue 423",NA
"SNV_cluster_0019","SNV","158","PAUJRU","SNV","residue 479",NA
"SNV_cluster_0019","SNV","159","PAUJVL","SNV","residue 465",NA
"SNV_cluster_0019","SNV","161","PAUKMA","SNV","residue 385",NA
"SNV_cluster_0019","SNV","163","PAULGR","SNV","residue 465",NA
"SNV_cluster_0019","SNV","164","PAULGX","SNV","residue 465",NA
"SNV_cluster_0019","SNV","165","PAULIU","SNV","residue 465",NA
"SNV_cluster_0019","SNV","167","PAUMNE","SNV","residue 479",NA
"SNV_cluster_0019","SNV","169","PAUMVW","SNV","residue 479",NA
"SNV_cluster_0019","SNV","172","PAURGS","SNV","residue 505",NA
"SNV_cluster_0019","SNV","173","PAURGS","SNV","residue 479",NA
"SNV_cluster_0019","SNV","174","PAURSX","SNV","residue 544",NA
"SNV_cluster_0019","SNV","175","PAURSX","SNV","residue 505",NA
"SNV_cluster_0019","SNV","176","PAURTD","SNV","residue 465",NA
"SNV_cluster_0019","SNV","177","PAUSIS","SNV","residue 479",NA
"SNV_cluster_0019","SNV","178","PAUSIS","SNV","residue 465",NA
"SNV_cluster_0019","SNV","179","PAUTBM","SNV","residue 465",NA
"SNV_cluster_0019","SNV","180","PAUTLJ","SNV","residue 465",NA
"SNV_cluster_0019","SNV","181","PAUTRX","SNV","residue 505",NA
"SNV_cluster_0019","SNV","182","PAUTRX","SNV","residue 422",NA
"SNV_cluster_0019","SNV","184","PAUTSB","SNV","residue 423",NA
"SNV_cluster_0019","SNV","186","PAUTWN","SNV","residue 564",NA
"SNV_cluster_0019","SNV","187","PAUTWN","SNV","residue 465",NA
"SNV_cluster_0019","SNV","189","PAUVTP","SNV","residue 465",NA
"SNV_cluster_0019","SNV","190","PAUVZI","SNV","residue 465",NA
"SNV_cluster_0019","SNV","320","PAUWNU","SNV","residue 465",NA
"SNV_cluster_0019","SNV","191","PAUXKE","SNV","residue 465",NA
"SNV_cluster_0019","SNV","192","PAUXRV","SNV","residue 465",NA
"SNV_cluster_0019","SNV","193","PAUXSD","SNV","residue 479",NA
"SNV_cluster_0019","SNV","195","PAUYJF","SNV","residue 479",NA
"SNV_cluster_0019","SNV","196","PAUYMH","SNV","residue 465",NA
"SNV_cluster_0019","SNV","197","PAUZHK","SNV","residue 465",NA
"SNV_cluster_0019","SNV","198","PAUZZA","SNV","residue 465",NA
"SNV_cluster_0019","SNV","200","PAVBAW","SNV","residue 465",NA
"SNV_cluster_0019","SNV","201","PAVBPR","SNV","residue 465",NA
"SNV_cluster_0019","SNV","202","PAVCRK","SNV","residue 505",NA
"SNV_cluster_0019","SNV","203","PAVCRK","SNV","residue 465",NA
"SNV_cluster_0019","SNV","204","PAVCYV","SNV","residue 479",NA
"SNV_cluster_0019","SNV","205","PAVCYV","SNV","residue 465",NA
"SNV_cluster_0019","SNV","208","PAVEUZ","SNV","residue 505",NA
"SNV_cluster_0019","SNV","209","PAVFHF","SNV","residue 505",NA
"SNV_cluster_0019","SNV","210","PAVFWF","SNV","residue 479",NA
"SNV_cluster_0019","SNV","211","PAVFXU","SNV","residue 465",NA
"SNV_cluster_0019","SNV","212","PAVJBF","SNV","residue 505",NA
"SNV_cluster_0019","SNV","213","PAVJHG","SNV","residue 465",NA
"SNV_cluster_0019","SNV","214","PAVJJK","SNV","residue 465",NA
"SNV_cluster_0019","SNV","215","PAVJJU","SNV","residue 465",NA
"SNV_cluster_0019","SNV","217","PAVJLJ","SNV","residue 505",NA
"SNV_cluster_0019","SNV","218","PAVJLJ","SNV","residue 437",NA
"SNV_cluster_0019","SNV","220","PAVJNX","SNV","residue 505",NA
"SNV_cluster_0019","SNV","221","PAVKWV","SNV","residue 465",NA
"SNV_cluster_0019","SNV","222","PAVLCX","SNV","residue 479",NA
"SNV_cluster_0019","SNV","223","PAVLMX","SNV","residue 465",NA
"SNV_cluster_0019","SNV","224","PAVLMY","SNV","residue 505",NA
"SNV_cluster_0019","SNV","226","PAVMPB","SNV","residue 465",NA
"SNV_cluster_0019","SNV","227","PAVMZJ","SNV","residue 425",NA
"SNV_cluster_0019","SNV","228","PAVNDL","SNV","residue 465",NA
"SNV_cluster_0019","SNV","315","PAVNSM","SNV","residue 465",NA
"SNV_cluster_0019","SNV","229","PAVNWE","SNV","residue 479",NA
"SNV_cluster_0019","SNV","230","PAVPCZ","SNV","residue 465",NA
"SNV_cluster_0019","SNV","231","PAVPLD","SNV","residue 479",NA
"SNV_cluster_0019","SNV","232","PAVPLN","SNV","residue 505",NA
"SNV_cluster_0019","SNV","233","PAVRAP","SNV","residue 479",NA
"SNV_cluster_0019","SNV","234","PAVRDC","SNV","residue 479",NA
"SNV_cluster_0019","SNV","235","PAVRLH","SNV","residue 479",NA
"SNV_cluster_0019","SNV","236","PAVRLN","SNV","residue 463",NA
"SNV_cluster_0019","SNV","237","PAVRLN","SNV","residue 441",NA
"SNV_cluster_0019","SNV","238","PAVRTX","SNV","residue 505",NA
"SNV_cluster_0019","SNV","239","PAVRWC","SNV","residue 479",NA
"SNV_cluster_0019","SNV","240","PAVSHE","SNV","residue 465",NA
"SNV_cluster_0019","SNV","241","PAVUFK","SNV","residue 423",NA
"SNV_cluster_0019","SNV","243","PAVUVZ","SNV","residue 465",NA
"SNV_cluster_0019","SNV","245","PAVVEI","SNV","residue 465",NA
"SNV_cluster_0019","SNV","246","PAVVHL","SNV","residue 465",NA
"SNV_cluster_0019","SNV","247","PAVVVF","SNV","residue 505",NA
"SNV_cluster_0019","SNV","248","PAVWDF","SNV","residue 465",NA
"SNV_cluster_0019","SNV","249","PAVWWF","SNV","residue 479",NA
"SNV_cluster_0019","SNV","250","PAVXBS","SNV","residue 465",NA
"SNV_cluster_0019","SNV","251","PAVXPD","SNV","residue 465",NA
"SNV_cluster_0019","SNV","4","PAVXTB","SNV","residue 505",NA
"SNV_cluster_0019","SNV","252","PAVXYS","SNV","residue 465",NA
"SNV_cluster_0019","SNV","253","PAVXYS","SNV","residue 465",NA
"SNV_cluster_0019","SNV","2","PAVYDR","SNV","residue 423",NA
"SNV_cluster_0019","SNV","254","PAVYTZ","SNV","residue 465",NA
"SNV_cluster_0019","SNV","255","PAVZJI","SNV","residue 465",NA
"SNV_cluster_0019","SNV","258","PAWAIH","SNV","residue 465",NA
"SNV_cluster_0019","SNV","259","PAWAMR","SNV","residue 465",NA
"SNV_cluster_0019","SNV","260","PAWAMT","SNV","residue 465",NA
"SNV_cluster_0019","SNV","261","PAWAMT","SNV","residue 423",NA
"SNV_cluster_0019","SNV","262","PAWAMT","SNV","residue 422",NA
"SNV_cluster_0019","SNV","263","PAWDMI","SNV","residue 465",NA
"SNV_cluster_0019","SNV","264","PAWETD","SNV","residue 505",NA
"SNV_cluster_0019","SNV","265","PAWFRE","SNV","residue 556",NA
"SNV_cluster_0019","SNV","266","PAWFYE","SNV","residue 441",NA
"SNV_cluster_0019","SNV","267","PAWGHS","SNV","residue 465",NA
"SNV_cluster_0019","SNV","268","PAWGPI","SNV","residue 465",NA
"SNV_cluster_0019","SNV","269","PAWGWC","SNV","residue 479",NA
"SNV_cluster_0019","SNV","270","PAWGXI","SNV","residue 423",NA
"SNV_cluster_0019","SNV","271","PAWGXW","SNV","residue 465",NA
"SNV_cluster_0019","SNV","272","PAWGYU","SNV","residue 465",NA
"SNV_cluster_0019","SNV","273","PAWHGU","SNV","residue 465",NA
"SNV_cluster_0019","SNV","274","PAWHIG","SNV","residue 477",NA
"SNV_cluster_0019","SNV","275","PAWHIG","SNV","residue 465",NA
"SNV_cluster_0019","SNV","276","PAWHRW","SNV","residue 505",NA
"SNV_cluster_0019","SNV","322","PAWIGC","SNV","residue 479",NA
"SNV_cluster_0019","SNV","277","PAWIPA","SNV","residue 465",NA
"SNV_cluster_0019","SNV","278","PAWIWN","SNV","residue 505",NA
"SNV_cluster_0019","SNV","279","PAWIWN","SNV","residue 465",NA
"SNV_cluster_0019","SNV","280","PAWIXS","SNV","residue 505",NA
"SNV_cluster_0019","SNV","281","PAWJJC","SNV","residue 479",NA
"SNV_cluster_0019","SNV","282","PAWJKL","SNV","residue 477",NA
"SNV_cluster_0019","SNV","283","PAWJKX","SNV","residue 479",NA
"SNV_cluster_0019","SNV","284","PAWJVB","SNV","residue 465",NA
"SNV_cluster_0019","SNV","285","PAWKAN","SNV","residue 465",NA
"SNV_cluster_0019","SNV","286","PAWKKF","SNV","residue 425",NA
"SNV_cluster_0019","SNV","287","PAWKSC","SNV","residue 465",NA
"SNV_cluster_0019","SNV","317","PAWKXN","SNV","residue 505",NA
"SNV_cluster_0019","SNV","288","PAWKYL","SNV","residue 479",NA
"SNV_cluster_0019","SNV","289","PAWKZX","SNV","residue 505",NA
"SNV_cluster_0019","SNV","290","PAWKZZ","SNV","residue 465",NA
"SNV_cluster_0019","SNV","291","PAWLFC","SNV","residue 465",NA
"SNV_cluster_0019","SNV","318","PAWLSM","SNV","residue 479",NA
"SNV_cluster_0019","SNV","292","PAWLYX","SNV","residue 423",NA
"SNV_cluster_0020","SNV","293","PAREDN","SNV","residue 465",NA
"SNV_cluster_0020","SNV","6","PARGFL","SNV","residue 465",NA
"SNV_cluster_0020","SNV","7","PARHBI","SNV","residue 505",NA
"SNV_cluster_0020","SNV","8","PARHES","SNV","residue 425",NA
"SNV_cluster_0020","SNV","9","PARHLS","SNV","residue 465",NA
"SNV_cluster_0020","SNV","10","PARIZN","SNV","residue 689",NA
"SNV_cluster_0020","SNV","11","PARJAY","SNV","residue 479",NA
"SNV_cluster_0020","SNV","12","PARJNX","SNV","residue 465",NA
"SNV_cluster_0020","SNV","13","PARJSM","SNV","residue 465",NA
"SNV_cluster_0020","SNV","14","PARJXW","SNV","residue 689",NA
"SNV_cluster_0020","SNV","15","PARJXW","SNV","residue 465",NA
"SNV_cluster_0020","SNV","16","PARKLK","SNV","residue 479",NA
"SNV_cluster_0020","SNV","17","PARLGK","SNV","residue 465",NA
"SNV_cluster_0020","SNV","18","PARLIB","SNV","residue 423",NA
"SNV_cluster_0020","SNV","294","PARMED","SNV","residue 479",NA
"SNV_cluster_0020","SNV","295","PARMED","SNV","residue 444",NA
"SNV_cluster_0020","SNV","19","PARMFF","SNV","residue 479",NA
"SNV_cluster_0020","SNV","21","PARMIA","SNV","residue 479",NA
"SNV_cluster_0020","SNV","22","PARMIA","SNV","residue 465",NA
"SNV_cluster_0020","SNV","1","PARMJA","SNV","residue 479",NA
"SNV_cluster_0020","SNV","23","PARMMV","SNV","residue 505",NA
"SNV_cluster_0020","SNV","24","PARMMV","SNV","residue 479",NA
"SNV_cluster_0020","SNV","25","PARMRF","SNV","residue 441",NA
"SNV_cluster_0020","SNV","26","PARPUL","SNV","residue 505",NA
"SNV_cluster_0020","SNV","27","PARPUL","SNV","residue 465",NA
"SNV_cluster_0020","SNV","296","PARPYK","SNV","residue 465",NA
"SNV_cluster_0020","SNV","297","PARRJR","SNV","residue 479",NA
"SNV_cluster_0020","SNV","28","PARSNX","SNV","residue 505",NA
"SNV_cluster_0020","SNV","298","PARTFR","SNV","residue 689",NA
"SNV_cluster_0020","SNV","324","PARTUK","SNV","residue 689",NA
"SNV_cluster_0020","SNV","29","PARVMR","SNV","residue 505",NA
"SNV_cluster_0020","SNV","30","PARVSC","SNV","residue 505",NA
"SNV_cluster_0020","SNV","31","PARWMF","SNV","residue 505",NA
"SNV_cluster_0020","SNV","32","PARWMF","SNV","residue 465",NA
"SNV_cluster_0020","SNV","33","PARWTI","SNV","residue 689",NA
"SNV_cluster_0020","SNV","34","PARXFY","SNV","residue 465",NA
"SNV_cluster_0020","SNV","35","PARXVS","SNV","residue 465",NA
"SNV_cluster_0020","SNV","36","PARYHC","SNV","residue 505",NA
"SNV_cluster_0020","SNV","37","PASFKA","SNV","residue 479",NA
"SNV_cluster_0020","SNV","38","PASGKL","SNV","residue 437",NA
"SNV_cluster_0020","SNV","299","PASGMR","SNV","residue 426",NA
"SNV_cluster_0020","SNV","39","PASGUH","SNV","residue 689",NA
"SNV_cluster_0020","SNV","40","PASGUH","SNV","residue 465",NA
"SNV_cluster_0020","SNV","41","PASGUX","SNV","residue 505",NA
"SNV_cluster_0020","SNV","42","PASHNK","SNV","residue 423",NA
"SNV_cluster_0020","SNV","43","PASHXL","SNV","residue 465",NA
"SNV_cluster_0020","SNV","300","PASHYJ","SNV","residue 465",NA
"SNV_cluster_0020","SNV","44","PASIIY","SNV","residue 689",NA
"SNV_cluster_0020","SNV","45","PASJFJ","SNV","residue 465",NA
"SNV_cluster_0020","SNV","46","PASJLN","SNV","residue 689",NA
"SNV_cluster_0020","SNV","47","PASKIC","SNV","residue 479",NA
"SNV_cluster_0020","SNV","326","PASKMG","SNV","residue 479",NA
"SNV_cluster_0020","SNV","48","PASKRN","SNV","residue 465",NA
"SNV_cluster_0020","SNV","49","PASKVH","SNV","residue 465",NA
"SNV_cluster_0020","SNV","50","PASKVH","SNV","residue 465",NA
"SNV_cluster_0020","SNV","51","PASKWG","SNV","residue 564",NA
"SNV_cluster_0020","SNV","52","PASKWG","SNV","residue 505",NA
"SNV_cluster_0020","SNV","53","PASKXA","SNV","residue 479",NA
"SNV_cluster_0020","SNV","54","PASLPH","SNV","residue 465",NA
"SNV_cluster_0020","SNV","55","PASNNM","SNV","residue 465",NA
"SNV_cluster_0020","SNV","56","PASPBU","SNV","residue 465",NA
"SNV_cluster_0020","SNV","57","PASPBU","SNV","residue 465",NA
"SNV_cluster_0020","SNV","58","PASPNW","SNV","residue 479",NA
"SNV_cluster_0020","SNV","59","PASPPN","SNV","residue 479",NA
"SNV_cluster_0020","SNV","60","PASRTM","SNV","residue 385",NA
"SNV_cluster_0020","SNV","61","PASRUK","SNV","residue 465",NA
"SNV_cluster_0020","SNV","62","PASSEF","SNV","residue 465",NA
"SNV_cluster_0020","SNV","64","PASTLI","SNV","residue 465",NA
"SNV_cluster_0020","SNV","65","PASTPT","SNV","residue 465",NA
"SNV_cluster_0020","SNV","66","PASTPT","SNV","residue 465",NA
"SNV_cluster_0020","SNV","67","PASUSV","SNV","residue 479",NA
"SNV_cluster_0020","SNV","68","PASVIN","SNV","residue 465",NA
"SNV_cluster_0020","SNV","69","PASVRC","SNV","residue 465",NA
"SNV_cluster_0020","SNV","301","PASVVA","SNV","residue 505",NA
"SNV_cluster_0020","SNV","70","PASVYP","SNV","residue 465",NA
"SNV_cluster_0020","SNV","71","PASVZJ","SNV","residue 465",NA
"SNV_cluster_0020","SNV","72","PASWBJ","SNV","residue 611",NA
"SNV_cluster_0020","SNV","73","PASWNU","SNV","residue 670",NA
"SNV_cluster_0020","SNV","74","PASWNU","SNV","residue 505",NA
"SNV_cluster_0020","SNV","76","PASWSR","SNV","residue 479",NA
"SNV_cluster_0020","SNV","302","PASXFB","SNV","residue 465",NA
"SNV_cluster_0020","SNV","77","PASXIL","SNV","residue 479",NA
"SNV_cluster_0020","SNV","78","PASXSI","SNV","residue 465",NA
"SNV_cluster_0020","SNV","79","PASYHN","SNV","residue 479",NA
"SNV_cluster_0020","SNV","80","PASZAY","SNV","residue 479",NA
"SNV_cluster_0020","SNV","81","PATADU","SNV","residue 479",NA
"SNV_cluster_0020","SNV","82","PATALJ","SNV","residue 423",NA
"SNV_cluster_0020","SNV","83","PATAUC","SNV","residue 465",NA
"SNV_cluster_0020","SNV","84","PATAUZ","SNV","residue 465",NA
"SNV_cluster_0020","SNV","85","PATBPY","SNV","residue 465",NA
"SNV_cluster_0020","SNV","86","PATCDZ","SNV","residue 479",NA
"SNV_cluster_0020","SNV","87","PATCTL","SNV","residue 505",NA
"SNV_cluster_0020","SNV","88","PATCZN","SNV","residue 423",NA
"SNV_cluster_0020","SNV","89","PATDBC","SNV","residue 479",NA
"SNV_cluster_0020","SNV","90","PATDBC","SNV","residue 393",NA
"SNV_cluster_0020","SNV","91","PATDBU","SNV","residue 465",NA
"SNV_cluster_0020","SNV","92","PATDBU","SNV","residue 465",NA
"SNV_cluster_0020","SNV","93","PATDDZ","SNV","residue 505",NA
"SNV_cluster_0020","SNV","94","PATDFE","SNV","residue 505",NA
"SNV_cluster_0020","SNV","303","PATDTL","SNV","residue 505",NA
"SNV_cluster_0020","SNV","95","PATEAK","SNV","residue 689",NA
"SNV_cluster_0020","SNV","96","PATEAK","SNV","residue 689",NA
"SNV_cluster_0020","SNV","97","PATEAK","SNV","residue 465",NA
"SNV_cluster_0020","SNV","98","PATEBX","SNV","residue 465",NA
"SNV_cluster_0020","SNV","99","PATFVG","SNV","residue 465",NA
"SNV_cluster_0020","SNV","100","PATGMP","SNV","residue 479",NA
"SNV_cluster_0020","SNV","101","PATGVX","SNV","residue 479",NA
"SNV_cluster_0020","SNV","325","PATHAA","SNV","residue 479",NA
"SNV_cluster_0020","SNV","102","PATHFE","SNV","residue 479",NA
"SNV_cluster_0020","SNV","104","PATIHV","SNV","residue 479",NA
"SNV_cluster_0020","SNV","105","PATISS","SNV","residue 441",NA
"SNV_cluster_0020","SNV","106","PATITY","SNV","residue 479",NA
"SNV_cluster_0020","SNV","107","PATJBC","SNV","residue 465",NA
"SNV_cluster_0020","SNV","304","PATJCZ","SNV","residue 479",NA
"SNV_cluster_0020","SNV","108","PATJRX","SNV","residue 479",NA
"SNV_cluster_0020","SNV","109","PATJRX","SNV","residue 465",NA
"SNV_cluster_0020","SNV","110","PATJZK","SNV","residue 465",NA
"SNV_cluster_0020","SNV","111","PATKGP","SNV","residue 480",NA
"SNV_cluster_0020","SNV","112","PATKGP","SNV","residue 465",NA
"SNV_cluster_0020","SNV","113","PATKHZ","SNV","residue 689",NA
"SNV_cluster_0020","SNV","114","PATKHZ","SNV","residue 479",NA
"SNV_cluster_0020","SNV","115","PATKNX","SNV","residue 505",NA
"SNV_cluster_0020","SNV","116","PATKRF","SNV","residue 465",NA
"SNV_cluster_0020","SNV","117","PATLGU","SNV","residue 465",NA
"SNV_cluster_0020","SNV","118","PATLNS","SNV","residue 465",NA
"SNV_cluster_0020","SNV","119","PATMPM","SNV","residue 465",NA
"SNV_cluster_0020","SNV","120","PATMVH","SNV","residue 465",NA
"SNV_cluster_0020","SNV","121","PATRFD","SNV","residue 465",NA
"SNV_cluster_0020","SNV","122","PATRGV","SNV","residue 526",NA
"SNV_cluster_0020","SNV","123","PATRGV","SNV","residue 505",NA
"SNV_cluster_0020","SNV","124","PATRNH","SNV","residue 465",NA
"SNV_cluster_0020","SNV","125","PATSEZ","SNV","residue 465",NA
"SNV_cluster_0020","SNV","126","PATTHM","SNV","residue 564",NA
"SNV_cluster_0020","SNV","127","PATUDM","SNV","residue 479",NA
"SNV_cluster_0020","SNV","128","PATUDM","SNV","residue 465",NA
"SNV_cluster_0020","SNV","129","PATUDM","SNV","residue 465",NA
"SNV_cluster_0020","SNV","130","PATVTZ","SNV","residue 503",NA
"SNV_cluster_0020","SNV","131","PATWIJ","SNV","residue 479",NA
"SNV_cluster_0020","SNV","132","PATXAL","SNV","residue 479",NA
"SNV_cluster_0020","SNV","305","PATXTA","SNV","residue 419",NA
"SNV_cluster_0020","SNV","133","PATXTC","SNV","residue 505",NA
"SNV_cluster_0020","SNV","306","PATXTY","SNV","residue 505",NA
"SNV_cluster_0020","SNV","134","PATYMP","SNV","residue 479",NA
"SNV_cluster_0020","SNV","135","PATYMP","SNV","residue 465",NA
"SNV_cluster_0020","SNV","136","PATZSL","SNV","residue 465",NA
"SNV_cluster_0020","SNV","137","PATZYE","SNV","residue 689",NA
"SNV_cluster_0020","SNV","138","PATZYE","SNV","residue 465",NA
"SNV_cluster_0020","SNV","139","PAUAMR","SNV","residue 465",NA
"SNV_cluster_0020","SNV","140","PAUAVW","SNV","residue 465",NA
"SNV_cluster_0020","SNV","319","PAUAZV","SNV","residue 505",NA
"SNV_cluster_0020","SNV","323","PAUAZV","SNV","residue 479",NA
"SNV_cluster_0020","SNV","307","PAUBBJ","SNV","residue 505",NA
"SNV_cluster_0020","SNV","308","PAUBGA","SNV","residue 465",NA
"SNV_cluster_0020","SNV","141","PAUBGT","SNV","residue 505",NA
"SNV_cluster_0020","SNV","142","PAUBGT","SNV","residue 505",NA
"SNV_cluster_0020","SNV","143","PAUBLL","SNV","residue 465",NA
"SNV_cluster_0020","SNV","309","PAUCIB","SNV","residue 689",NA
"SNV_cluster_0020","SNV","310","PAUCIB","SNV","residue 505",NA
"SNV_cluster_0020","SNV","311","PAUCIB","SNV","residue 479",NA
"SNV_cluster_0020","SNV","144","PAUCWP","SNV","residue 465",NA
"SNV_cluster_0020","SNV","145","PAUEFT","SNV","residue 479",NA
"SNV_cluster_0020","SNV","146","PAUEUC","SNV","residue 465",NA
"SNV_cluster_0020","SNV","147","PAUEZV","SNV","residue 423",NA
"SNV_cluster_0020","SNV","312","PAUFGV","SNV","residue 670",NA
"SNV_cluster_0020","SNV","148","PAUGAP","SNV","residue 465",NA
"SNV_cluster_0020","SNV","149","PAUGDZ","SNV","residue 673",NA
"SNV_cluster_0020","SNV","150","PAUGEJ","SNV","residue 689",NA
"SNV_cluster_0020","SNV","151","PAUGLK","SNV","residue 465",NA
"SNV_cluster_0020","SNV","152","PAUHDN","SNV","residue 465",NA
"SNV_cluster_0020","SNV","153","PAUHHF","SNV","residue 465",NA
"SNV_cluster_0020","SNV","5","PAUHTB","SNV","residue 465",NA
"SNV_cluster_0020","SNV","313","PAUIEM","SNV","residue 479",NA
"SNV_cluster_0020","SNV","321","PAUIFC","SNV","residue 465",NA
"SNV_cluster_0020","SNV","154","PAUIGD","SNV","residue 465",NA
"SNV_cluster_0020","SNV","155","PAUIMK","SNV","residue 465",NA
"SNV_cluster_0020","SNV","314","PAUISV","SNV","residue 465",NA
"SNV_cluster_0020","SNV","156","PAUIXW","SNV","residue 465",NA
"SNV_cluster_0020","SNV","157","PAUIXW","SNV","residue 423",NA
"SNV_cluster_0020","SNV","158","PAUJRU","SNV","residue 479",NA
"SNV_cluster_0020","SNV","159","PAUJVL","SNV","residue 465",NA
"SNV_cluster_0020","SNV","160","PAUKIF","SNV","residue 689",NA
"SNV_cluster_0020","SNV","161","PAUKMA","SNV","residue 385",NA
"SNV_cluster_0020","SNV","162","PAUKTD","SNV","residue 689",NA
"SNV_cluster_0020","SNV","163","PAULGR","SNV","residue 465",NA
"SNV_cluster_0020","SNV","164","PAULGX","SNV","residue 465",NA
"SNV_cluster_0020","SNV","165","PAULIU","SNV","residue 465",NA
"SNV_cluster_0020","SNV","167","PAUMNE","SNV","residue 479",NA
"SNV_cluster_0020","SNV","169","PAUMVW","SNV","residue 479",NA
"SNV_cluster_0020","SNV","170","PAUPFF","SNV","residue 689",NA
"SNV_cluster_0020","SNV","171","PAURCM","SNV","residue 689",NA
"SNV_cluster_0020","SNV","172","PAURGS","SNV","residue 505",NA
"SNV_cluster_0020","SNV","173","PAURGS","SNV","residue 479",NA
"SNV_cluster_0020","SNV","174","PAURSX","SNV","residue 544",NA
"SNV_cluster_0020","SNV","175","PAURSX","SNV","residue 505",NA
"SNV_cluster_0020","SNV","176","PAURTD","SNV","residue 465",NA
"SNV_cluster_0020","SNV","177","PAUSIS","SNV","residue 479",NA
"SNV_cluster_0020","SNV","178","PAUSIS","SNV","residue 465",NA
"SNV_cluster_0020","SNV","179","PAUTBM","SNV","residue 465",NA
"SNV_cluster_0020","SNV","180","PAUTLJ","SNV","residue 465",NA
"SNV_cluster_0020","SNV","181","PAUTRX","SNV","residue 505",NA
"SNV_cluster_0020","SNV","182","PAUTRX","SNV","residue 422",NA
"SNV_cluster_0020","SNV","183","PAUTSB","SNV","residue 611",NA
"SNV_cluster_0020","SNV","184","PAUTSB","SNV","residue 423",NA
"SNV_cluster_0020","SNV","186","PAUTWN","SNV","residue 564",NA
"SNV_cluster_0020","SNV","187","PAUTWN","SNV","residue 465",NA
"SNV_cluster_0020","SNV","188","PAUVTP","SNV","residue 689",NA
"SNV_cluster_0020","SNV","189","PAUVTP","SNV","residue 465",NA
"SNV_cluster_0020","SNV","190","PAUVZI","SNV","residue 465",NA
"SNV_cluster_0020","SNV","320","PAUWNU","SNV","residue 465",NA
"SNV_cluster_0020","SNV","191","PAUXKE","SNV","residue 465",NA
"SNV_cluster_0020","SNV","192","PAUXRV","SNV","residue 465",NA
"SNV_cluster_0020","SNV","193","PAUXSD","SNV","residue 479",NA
"SNV_cluster_0020","SNV","195","PAUYJF","SNV","residue 479",NA
"SNV_cluster_0020","SNV","196","PAUYMH","SNV","residue 465",NA
"SNV_cluster_0020","SNV","197","PAUZHK","SNV","residue 465",NA
"SNV_cluster_0020","SNV","198","PAUZZA","SNV","residue 465",NA
"SNV_cluster_0020","SNV","199","PAVAWP","SNV","residue 689",NA
"SNV_cluster_0020","SNV","200","PAVBAW","SNV","residue 465",NA
"SNV_cluster_0020","SNV","201","PAVBPR","SNV","residue 465",NA
"SNV_cluster_0020","SNV","202","PAVCRK","SNV","residue 505",NA
"SNV_cluster_0020","SNV","203","PAVCRK","SNV","residue 465",NA
"SNV_cluster_0020","SNV","204","PAVCYV","SNV","residue 479",NA
"SNV_cluster_0020","SNV","205","PAVCYV","SNV","residue 465",NA
"SNV_cluster_0020","SNV","207","PAVEUZ","SNV","residue 689",NA
"SNV_cluster_0020","SNV","208","PAVEUZ","SNV","residue 505",NA
"SNV_cluster_0020","SNV","209","PAVFHF","SNV","residue 505",NA
"SNV_cluster_0020","SNV","210","PAVFWF","SNV","residue 479",NA
"SNV_cluster_0020","SNV","211","PAVFXU","SNV","residue 465",NA
"SNV_cluster_0020","SNV","212","PAVJBF","SNV","residue 505",NA
"SNV_cluster_0020","SNV","213","PAVJHG","SNV","residue 465",NA
"SNV_cluster_0020","SNV","214","PAVJJK","SNV","residue 465",NA
"SNV_cluster_0020","SNV","215","PAVJJU","SNV","residue 465",NA
"SNV_cluster_0020","SNV","216","PAVJLJ","SNV","residue 658",NA
"SNV_cluster_0020","SNV","217","PAVJLJ","SNV","residue 505",NA
"SNV_cluster_0020","SNV","218","PAVJLJ","SNV","residue 437",NA
"SNV_cluster_0020","SNV","220","PAVJNX","SNV","residue 505",NA
"SNV_cluster_0020","SNV","221","PAVKWV","SNV","residue 465",NA
"SNV_cluster_0020","SNV","222","PAVLCX","SNV","residue 479",NA
"SNV_cluster_0020","SNV","223","PAVLMX","SNV","residue 465",NA
"SNV_cluster_0020","SNV","224","PAVLMY","SNV","residue 505",NA
"SNV_cluster_0020","SNV","226","PAVMPB","SNV","residue 465",NA
"SNV_cluster_0020","SNV","227","PAVMZJ","SNV","residue 425",NA
"SNV_cluster_0020","SNV","228","PAVNDL","SNV","residue 465",NA
"SNV_cluster_0020","SNV","315","PAVNSM","SNV","residue 465",NA
"SNV_cluster_0020","SNV","229","PAVNWE","SNV","residue 479",NA
"SNV_cluster_0020","SNV","230","PAVPCZ","SNV","residue 465",NA
"SNV_cluster_0020","SNV","231","PAVPLD","SNV","residue 479",NA
"SNV_cluster_0020","SNV","232","PAVPLN","SNV","residue 505",NA
"SNV_cluster_0020","SNV","233","PAVRAP","SNV","residue 479",NA
"SNV_cluster_0020","SNV","234","PAVRDC","SNV","residue 479",NA
"SNV_cluster_0020","SNV","235","PAVRLH","SNV","residue 479",NA
"SNV_cluster_0020","SNV","236","PAVRLN","SNV","residue 463",NA
"SNV_cluster_0020","SNV","237","PAVRLN","SNV","residue 441",NA
"SNV_cluster_0020","SNV","238","PAVRTX","SNV","residue 505",NA
"SNV_cluster_0020","SNV","239","PAVRWC","SNV","residue 479",NA
"SNV_cluster_0020","SNV","240","PAVSHE","SNV","residue 465",NA
"SNV_cluster_0020","SNV","241","PAVUFK","SNV","residue 423",NA
"SNV_cluster_0020","SNV","242","PAVUTN","SNV","residue 689",NA
"SNV_cluster_0020","SNV","243","PAVUVZ","SNV","residue 465",NA
"SNV_cluster_0020","SNV","244","PAVVDS","SNV","residue 689",NA
"SNV_cluster_0020","SNV","245","PAVVEI","SNV","residue 465",NA
"SNV_cluster_0020","SNV","246","PAVVHL","SNV","residue 465",NA
"SNV_cluster_0020","SNV","247","PAVVVF","SNV","residue 505",NA
"SNV_cluster_0020","SNV","248","PAVWDF","SNV","residue 465",NA
"SNV_cluster_0020","SNV","249","PAVWWF","SNV","residue 479",NA
"SNV_cluster_0020","SNV","250","PAVXBS","SNV","residue 465",NA
"SNV_cluster_0020","SNV","251","PAVXPD","SNV","residue 465",NA
"SNV_cluster_0020","SNV","4","PAVXTB","SNV","residue 505",NA
"SNV_cluster_0020","SNV","252","PAVXYS","SNV","residue 465",NA
"SNV_cluster_0020","SNV","253","PAVXYS","SNV","residue 465",NA
"SNV_cluster_0020","SNV","2","PAVYDR","SNV","residue 423",NA
"SNV_cluster_0020","SNV","254","PAVYTZ","SNV","residue 465",NA
"SNV_cluster_0020","SNV","255","PAVZJI","SNV","residue 465",NA
"SNV_cluster_0020","SNV","256","PAVZKL","SNV","residue 689",NA
"SNV_cluster_0020","SNV","257","PAVZLS","SNV","residue 689",NA
"SNV_cluster_0020","SNV","258","PAWAIH","SNV","residue 465",NA
"SNV_cluster_0020","SNV","259","PAWAMR","SNV","residue 465",NA
"SNV_cluster_0020","SNV","260","PAWAMT","SNV","residue 465",NA
"SNV_cluster_0020","SNV","261","PAWAMT","SNV","residue 423",NA
"SNV_cluster_0020","SNV","262","PAWAMT","SNV","residue 422",NA
"SNV_cluster_0020","SNV","263","PAWDMI","SNV","residue 465",NA
"SNV_cluster_0020","SNV","264","PAWETD","SNV","residue 505",NA
"SNV_cluster_0020","SNV","265","PAWFRE","SNV","residue 556",NA
"SNV_cluster_0020","SNV","266","PAWFYE","SNV","residue 441",NA
"SNV_cluster_0020","SNV","267","PAWGHS","SNV","residue 465",NA
"SNV_cluster_0020","SNV","268","PAWGPI","SNV","residue 465",NA
"SNV_cluster_0020","SNV","269","PAWGWC","SNV","residue 479",NA
"SNV_cluster_0020","SNV","270","PAWGXI","SNV","residue 423",NA
"SNV_cluster_0020","SNV","271","PAWGXW","SNV","residue 465",NA
"SNV_cluster_0020","SNV","272","PAWGYU","SNV","residue 465",NA
"SNV_cluster_0020","SNV","273","PAWHGU","SNV","residue 465",NA
"SNV_cluster_0020","SNV","274","PAWHIG","SNV","residue 477",NA
"SNV_cluster_0020","SNV","275","PAWHIG","SNV","residue 465",NA
"SNV_cluster_0020","SNV","276","PAWHRW","SNV","residue 505",NA
"SNV_cluster_0020","SNV","322","PAWIGC","SNV","residue 479",NA
"SNV_cluster_0020","SNV","277","PAWIPA","SNV","residue 465",NA
"SNV_cluster_0020","SNV","278","PAWIWN","SNV","residue 505",NA
"SNV_cluster_0020","SNV","279","PAWIWN","SNV","residue 465",NA
"SNV_cluster_0020","SNV","280","PAWIXS","SNV","residue 505",NA
"SNV_cluster_0020","SNV","281","PAWJJC","SNV","residue 479",NA
"SNV_cluster_0020","SNV","282","PAWJKL","SNV","residue 477",NA
"SNV_cluster_0020","SNV","283","PAWJKX","SNV","residue 479",NA
"SNV_cluster_0020","SNV","284","PAWJVB","SNV","residue 465",NA
"SNV_cluster_0020","SNV","285","PAWKAN","SNV","residue 465",NA
"SNV_cluster_0020","SNV","286","PAWKKF","SNV","residue 425",NA
"SNV_cluster_0020","SNV","287","PAWKSC","SNV","residue 465",NA
"SNV_cluster_0020","SNV","317","PAWKXN","SNV","residue 505",NA
"SNV_cluster_0020","SNV","288","PAWKYL","SNV","residue 479",NA
"SNV_cluster_0020","SNV","289","PAWKZX","SNV","residue 505",NA
"SNV_cluster_0020","SNV","290","PAWKZZ","SNV","residue 465",NA
"SNV_cluster_0020","SNV","291","PAWLFC","SNV","residue 465",NA
"SNV_cluster_0020","SNV","318","PAWLSM","SNV","residue 479",NA
"SNV_cluster_0020","SNV","292","PAWLYX","SNV","residue 423",NA
"SNV_cluster_0021","SNV","293","PAREDN","SNV","residue 465",NA
"SNV_cluster_0021","SNV","6","PARGFL","SNV","residue 465",NA
"SNV_cluster_0021","SNV","7","PARHBI","SNV","residue 505",NA
"SNV_cluster_0021","SNV","8","PARHES","SNV","residue 425",NA
"SNV_cluster_0021","SNV","9","PARHLS","SNV","residue 465",NA
"SNV_cluster_0021","SNV","10","PARIZN","SNV","residue 689",NA
"SNV_cluster_0021","SNV","11","PARJAY","SNV","residue 479",NA
"SNV_cluster_0021","SNV","12","PARJNX","SNV","residue 465",NA
"SNV_cluster_0021","SNV","13","PARJSM","SNV","residue 465",NA
"SNV_cluster_0021","SNV","14","PARJXW","SNV","residue 689",NA
"SNV_cluster_0021","SNV","15","PARJXW","SNV","residue 465",NA
"SNV_cluster_0021","SNV","16","PARKLK","SNV","residue 479",NA
"SNV_cluster_0021","SNV","17","PARLGK","SNV","residue 465",NA
"SNV_cluster_0021","SNV","18","PARLIB","SNV","residue 423",NA
"SNV_cluster_0021","SNV","294","PARMED","SNV","residue 479",NA
"SNV_cluster_0021","SNV","295","PARMED","SNV","residue 444",NA
"SNV_cluster_0021","SNV","19","PARMFF","SNV","residue 479",NA
"SNV_cluster_0021","SNV","21","PARMIA","SNV","residue 479",NA
"SNV_cluster_0021","SNV","22","PARMIA","SNV","residue 465",NA
"SNV_cluster_0021","SNV","1","PARMJA","SNV","residue 479",NA
"SNV_cluster_0021","SNV","23","PARMMV","SNV","residue 505",NA
"SNV_cluster_0021","SNV","24","PARMMV","SNV","residue 479",NA
"SNV_cluster_0021","SNV","25","PARMRF","SNV","residue 441",NA
"SNV_cluster_0021","SNV","26","PARPUL","SNV","residue 505",NA
"SNV_cluster_0021","SNV","27","PARPUL","SNV","residue 465",NA
"SNV_cluster_0021","SNV","296","PARPYK","SNV","residue 465",NA
"SNV_cluster_0021","SNV","297","PARRJR","SNV","residue 479",NA
"SNV_cluster_0021","SNV","28","PARSNX","SNV","residue 505",NA
"SNV_cluster_0021","SNV","298","PARTFR","SNV","residue 689",NA
"SNV_cluster_0021","SNV","324","PARTUK","SNV","residue 689",NA
"SNV_cluster_0021","SNV","29","PARVMR","SNV","residue 505",NA
"SNV_cluster_0021","SNV","30","PARVSC","SNV","residue 505",NA
"SNV_cluster_0021","SNV","31","PARWMF","SNV","residue 505",NA
"SNV_cluster_0021","SNV","32","PARWMF","SNV","residue 465",NA
"SNV_cluster_0021","SNV","33","PARWTI","SNV","residue 689",NA
"SNV_cluster_0021","SNV","34","PARXFY","SNV","residue 465",NA
"SNV_cluster_0021","SNV","35","PARXVS","SNV","residue 465",NA
"SNV_cluster_0021","SNV","36","PARYHC","SNV","residue 505",NA
"SNV_cluster_0021","SNV","37","PASFKA","SNV","residue 479",NA
"SNV_cluster_0021","SNV","38","PASGKL","SNV","residue 437",NA
"SNV_cluster_0021","SNV","299","PASGMR","SNV","residue 426",NA
"SNV_cluster_0021","SNV","39","PASGUH","SNV","residue 689",NA
"SNV_cluster_0021","SNV","40","PASGUH","SNV","residue 465",NA
"SNV_cluster_0021","SNV","41","PASGUX","SNV","residue 505",NA
"SNV_cluster_0021","SNV","42","PASHNK","SNV","residue 423",NA
"SNV_cluster_0021","SNV","43","PASHXL","SNV","residue 465",NA
"SNV_cluster_0021","SNV","300","PASHYJ","SNV","residue 465",NA
"SNV_cluster_0021","SNV","44","PASIIY","SNV","residue 689",NA
"SNV_cluster_0021","SNV","45","PASJFJ","SNV","residue 465",NA
"SNV_cluster_0021","SNV","46","PASJLN","SNV","residue 689",NA
"SNV_cluster_0021","SNV","47","PASKIC","SNV","residue 479",NA
"SNV_cluster_0021","SNV","326","PASKMG","SNV","residue 479",NA
"SNV_cluster_0021","SNV","48","PASKRN","SNV","residue 465",NA
"SNV_cluster_0021","SNV","49","PASKVH","SNV","residue 465",NA
"SNV_cluster_0021","SNV","50","PASKVH","SNV","residue 465",NA
"SNV_cluster_0021","SNV","51","PASKWG","SNV","residue 564",NA
"SNV_cluster_0021","SNV","52","PASKWG","SNV","residue 505",NA
"SNV_cluster_0021","SNV","53","PASKXA","SNV","residue 479",NA
"SNV_cluster_0021","SNV","54","PASLPH","SNV","residue 465",NA
"SNV_cluster_0021","SNV","55","PASNNM","SNV","residue 465",NA
"SNV_cluster_0021","SNV","56","PASPBU","SNV","residue 465",NA
"SNV_cluster_0021","SNV","57","PASPBU","SNV","residue 465",NA
"SNV_cluster_0021","SNV","58","PASPNW","SNV","residue 479",NA
"SNV_cluster_0021","SNV","59","PASPPN","SNV","residue 479",NA
"SNV_cluster_0021","SNV","60","PASRTM","SNV","residue 385",NA
"SNV_cluster_0021","SNV","61","PASRUK","SNV","residue 465",NA
"SNV_cluster_0021","SNV","62","PASSEF","SNV","residue 465",NA
"SNV_cluster_0021","SNV","64","PASTLI","SNV","residue 465",NA
"SNV_cluster_0021","SNV","65","PASTPT","SNV","residue 465",NA
"SNV_cluster_0021","SNV","66","PASTPT","SNV","residue 465",NA
"SNV_cluster_0021","SNV","67","PASUSV","SNV","residue 479",NA
"SNV_cluster_0021","SNV","68","PASVIN","SNV","residue 465",NA
"SNV_cluster_0021","SNV","69","PASVRC","SNV","residue 465",NA
"SNV_cluster_0021","SNV","301","PASVVA","SNV","residue 505",NA
"SNV_cluster_0021","SNV","70","PASVYP","SNV","residue 465",NA
"SNV_cluster_0021","SNV","71","PASVZJ","SNV","residue 465",NA
"SNV_cluster_0021","SNV","72","PASWBJ","SNV","residue 611",NA
"SNV_cluster_0021","SNV","73","PASWNU","SNV","residue 670",NA
"SNV_cluster_0021","SNV","74","PASWNU","SNV","residue 505",NA
"SNV_cluster_0021","SNV","75","PASWNU","SNV","residue 278",NA
"SNV_cluster_0021","SNV","76","PASWSR","SNV","residue 479",NA
"SNV_cluster_0021","SNV","302","PASXFB","SNV","residue 465",NA
"SNV_cluster_0021","SNV","77","PASXIL","SNV","residue 479",NA
"SNV_cluster_0021","SNV","78","PASXSI","SNV","residue 465",NA
"SNV_cluster_0021","SNV","79","PASYHN","SNV","residue 479",NA
"SNV_cluster_0021","SNV","80","PASZAY","SNV","residue 479",NA
"SNV_cluster_0021","SNV","81","PATADU","SNV","residue 479",NA
"SNV_cluster_0021","SNV","82","PATALJ","SNV","residue 423",NA
"SNV_cluster_0021","SNV","83","PATAUC","SNV","residue 465",NA
"SNV_cluster_0021","SNV","84","PATAUZ","SNV","residue 465",NA
"SNV_cluster_0021","SNV","85","PATBPY","SNV","residue 465",NA
"SNV_cluster_0021","SNV","86","PATCDZ","SNV","residue 479",NA
"SNV_cluster_0021","SNV","87","PATCTL","SNV","residue 505",NA
"SNV_cluster_0021","SNV","88","PATCZN","SNV","residue 423",NA
"SNV_cluster_0021","SNV","89","PATDBC","SNV","residue 479",NA
"SNV_cluster_0021","SNV","90","PATDBC","SNV","residue 393",NA
"SNV_cluster_0021","SNV","91","PATDBU","SNV","residue 465",NA
"SNV_cluster_0021","SNV","92","PATDBU","SNV","residue 465",NA
"SNV_cluster_0021","SNV","93","PATDDZ","SNV","residue 505",NA
"SNV_cluster_0021","SNV","94","PATDFE","SNV","residue 505",NA
"SNV_cluster_0021","SNV","303","PATDTL","SNV","residue 505",NA
"SNV_cluster_0021","SNV","95","PATEAK","SNV","residue 689",NA
"SNV_cluster_0021","SNV","96","PATEAK","SNV","residue 689",NA
"SNV_cluster_0021","SNV","97","PATEAK","SNV","residue 465",NA
"SNV_cluster_0021","SNV","98","PATEBX","SNV","residue 465",NA
"SNV_cluster_0021","SNV","99","PATFVG","SNV","residue 465",NA
"SNV_cluster_0021","SNV","100","PATGMP","SNV","residue 479",NA
"SNV_cluster_0021","SNV","101","PATGVX","SNV","residue 479",NA
"SNV_cluster_0021","SNV","325","PATHAA","SNV","residue 479",NA
"SNV_cluster_0021","SNV","102","PATHFE","SNV","residue 479",NA
"SNV_cluster_0021","SNV","103","PATHSL","SNV","residue 278",NA
"SNV_cluster_0021","SNV","104","PATIHV","SNV","residue 479",NA
"SNV_cluster_0021","SNV","105","PATISS","SNV","residue 441",NA
"SNV_cluster_0021","SNV","106","PATITY","SNV","residue 479",NA
"SNV_cluster_0021","SNV","107","PATJBC","SNV","residue 465",NA
"SNV_cluster_0021","SNV","304","PATJCZ","SNV","residue 479",NA
"SNV_cluster_0021","SNV","108","PATJRX","SNV","residue 479",NA
"SNV_cluster_0021","SNV","109","PATJRX","SNV","residue 465",NA
"SNV_cluster_0021","SNV","110","PATJZK","SNV","residue 465",NA
"SNV_cluster_0021","SNV","111","PATKGP","SNV","residue 480",NA
"SNV_cluster_0021","SNV","112","PATKGP","SNV","residue 465",NA
"SNV_cluster_0021","SNV","113","PATKHZ","SNV","residue 689",NA
"SNV_cluster_0021","SNV","114","PATKHZ","SNV","residue 479",NA
"SNV_cluster_0021","SNV","115","PATKNX","SNV","residue 505",NA
"SNV_cluster_0021","SNV","116","PATKRF","SNV","residue 465",NA
"SNV_cluster_0021","SNV","117","PATLGU","SNV","residue 465",NA
"SNV_cluster_0021","SNV","118","PATLNS","SNV","residue 465",NA
"SNV_cluster_0021","SNV","119","PATMPM","SNV","residue 465",NA
"SNV_cluster_0021","SNV","120","PATMVH","SNV","residue 465",NA
"SNV_cluster_0021","SNV","121","PATRFD","SNV","residue 465",NA
"SNV_cluster_0021","SNV","122","PATRGV","SNV","residue 526",NA
"SNV_cluster_0021","SNV","123","PATRGV","SNV","residue 505",NA
"SNV_cluster_0021","SNV","124","PATRNH","SNV","residue 465",NA
"SNV_cluster_0021","SNV","125","PATSEZ","SNV","residue 465",NA
"SNV_cluster_0021","SNV","126","PATTHM","SNV","residue 564",NA
"SNV_cluster_0021","SNV","127","PATUDM","SNV","residue 479",NA
"SNV_cluster_0021","SNV","128","PATUDM","SNV","residue 465",NA
"SNV_cluster_0021","SNV","129","PATUDM","SNV","residue 465",NA
"SNV_cluster_0021","SNV","130","PATVTZ","SNV","residue 503",NA
"SNV_cluster_0021","SNV","131","PATWIJ","SNV","residue 479",NA
"SNV_cluster_0021","SNV","132","PATXAL","SNV","residue 479",NA
"SNV_cluster_0021","SNV","305","PATXTA","SNV","residue 419",NA
"SNV_cluster_0021","SNV","133","PATXTC","SNV","residue 505",NA
"SNV_cluster_0021","SNV","306","PATXTY","SNV","residue 505",NA
"SNV_cluster_0021","SNV","134","PATYMP","SNV","residue 479",NA
"SNV_cluster_0021","SNV","135","PATYMP","SNV","residue 465",NA
"SNV_cluster_0021","SNV","136","PATZSL","SNV","residue 465",NA
"SNV_cluster_0021","SNV","137","PATZYE","SNV","residue 689",NA
"SNV_cluster_0021","SNV","138","PATZYE","SNV","residue 465",NA
"SNV_cluster_0021","SNV","139","PAUAMR","SNV","residue 465",NA
"SNV_cluster_0021","SNV","140","PAUAVW","SNV","residue 465",NA
"SNV_cluster_0021","SNV","319","PAUAZV","SNV","residue 505",NA
"SNV_cluster_0021","SNV","323","PAUAZV","SNV","residue 479",NA
"SNV_cluster_0021","SNV","307","PAUBBJ","SNV","residue 505",NA
"SNV_cluster_0021","SNV","308","PAUBGA","SNV","residue 465",NA
"SNV_cluster_0021","SNV","141","PAUBGT","SNV","residue 505",NA
"SNV_cluster_0021","SNV","142","PAUBGT","SNV","residue 505",NA
"SNV_cluster_0021","SNV","143","PAUBLL","SNV","residue 465",NA
"SNV_cluster_0021","SNV","309","PAUCIB","SNV","residue 689",NA
"SNV_cluster_0021","SNV","310","PAUCIB","SNV","residue 505",NA
"SNV_cluster_0021","SNV","311","PAUCIB","SNV","residue 479",NA
"SNV_cluster_0021","SNV","144","PAUCWP","SNV","residue 465",NA
"SNV_cluster_0021","SNV","145","PAUEFT","SNV","residue 479",NA
"SNV_cluster_0021","SNV","146","PAUEUC","SNV","residue 465",NA
"SNV_cluster_0021","SNV","147","PAUEZV","SNV","residue 423",NA
"SNV_cluster_0021","SNV","312","PAUFGV","SNV","residue 670",NA
"SNV_cluster_0021","SNV","148","PAUGAP","SNV","residue 465",NA
"SNV_cluster_0021","SNV","149","PAUGDZ","SNV","residue 673",NA
"SNV_cluster_0021","SNV","150","PAUGEJ","SNV","residue 689",NA
"SNV_cluster_0021","SNV","151","PAUGLK","SNV","residue 465",NA
"SNV_cluster_0021","SNV","152","PAUHDN","SNV","residue 465",NA
"SNV_cluster_0021","SNV","153","PAUHHF","SNV","residue 465",NA
"SNV_cluster_0021","SNV","5","PAUHTB","SNV","residue 465",NA
"SNV_cluster_0021","SNV","313","PAUIEM","SNV","residue 479",NA
"SNV_cluster_0021","SNV","321","PAUIFC","SNV","residue 465",NA
"SNV_cluster_0021","SNV","154","PAUIGD","SNV","residue 465",NA
"SNV_cluster_0021","SNV","155","PAUIMK","SNV","residue 465",NA
"SNV_cluster_0021","SNV","314","PAUISV","SNV","residue 465",NA
"SNV_cluster_0021","SNV","156","PAUIXW","SNV","residue 465",NA
"SNV_cluster_0021","SNV","157","PAUIXW","SNV","residue 423",NA
"SNV_cluster_0021","SNV","158","PAUJRU","SNV","residue 479",NA
"SNV_cluster_0021","SNV","159","PAUJVL","SNV","residue 465",NA
"SNV_cluster_0021","SNV","160","PAUKIF","SNV","residue 689",NA
"SNV_cluster_0021","SNV","161","PAUKMA","SNV","residue 385",NA
"SNV_cluster_0021","SNV","162","PAUKTD","SNV","residue 689",NA
"SNV_cluster_0021","SNV","163","PAULGR","SNV","residue 465",NA
"SNV_cluster_0021","SNV","164","PAULGX","SNV","residue 465",NA
"SNV_cluster_0021","SNV","165","PAULIU","SNV","residue 465",NA
"SNV_cluster_0021","SNV","166","PAUMKW","SNV","residue 321",NA
"SNV_cluster_0021","SNV","167","PAUMNE","SNV","residue 479",NA
"SNV_cluster_0021","SNV","169","PAUMVW","SNV","residue 479",NA
"SNV_cluster_0021","SNV","170","PAUPFF","SNV","residue 689",NA
"SNV_cluster_0021","SNV","171","PAURCM","SNV","residue 689",NA
"SNV_cluster_0021","SNV","172","PAURGS","SNV","residue 505",NA
"SNV_cluster_0021","SNV","173","PAURGS","SNV","residue 479",NA
"SNV_cluster_0021","SNV","174","PAURSX","SNV","residue 544",NA
"SNV_cluster_0021","SNV","175","PAURSX","SNV","residue 505",NA
"SNV_cluster_0021","SNV","176","PAURTD","SNV","residue 465",NA
"SNV_cluster_0021","SNV","177","PAUSIS","SNV","residue 479",NA
"SNV_cluster_0021","SNV","178","PAUSIS","SNV","residue 465",NA
"SNV_cluster_0021","SNV","179","PAUTBM","SNV","residue 465",NA
"SNV_cluster_0021","SNV","180","PAUTLJ","SNV","residue 465",NA
"SNV_cluster_0021","SNV","181","PAUTRX","SNV","residue 505",NA
"SNV_cluster_0021","SNV","182","PAUTRX","SNV","residue 422",NA
"SNV_cluster_0021","SNV","183","PAUTSB","SNV","residue 611",NA
"SNV_cluster_0021","SNV","184","PAUTSB","SNV","residue 423",NA
"SNV_cluster_0021","SNV","186","PAUTWN","SNV","residue 564",NA
"SNV_cluster_0021","SNV","187","PAUTWN","SNV","residue 465",NA
"SNV_cluster_0021","SNV","188","PAUVTP","SNV","residue 689",NA
"SNV_cluster_0021","SNV","189","PAUVTP","SNV","residue 465",NA
"SNV_cluster_0021","SNV","190","PAUVZI","SNV","residue 465",NA
"SNV_cluster_0021","SNV","320","PAUWNU","SNV","residue 465",NA
"SNV_cluster_0021","SNV","3","PAUXAB","SNV","residue 268",NA
"SNV_cluster_0021","SNV","191","PAUXKE","SNV","residue 465",NA
"SNV_cluster_0021","SNV","192","PAUXRV","SNV","residue 465",NA
"SNV_cluster_0021","SNV","193","PAUXSD","SNV","residue 479",NA
"SNV_cluster_0021","SNV","195","PAUYJF","SNV","residue 479",NA
"SNV_cluster_0021","SNV","196","PAUYMH","SNV","residue 465",NA
"SNV_cluster_0021","SNV","197","PAUZHK","SNV","residue 465",NA
"SNV_cluster_0021","SNV","198","PAUZZA","SNV","residue 465",NA
"SNV_cluster_0021","SNV","199","PAVAWP","SNV","residue 689",NA
"SNV_cluster_0021","SNV","200","PAVBAW","SNV","residue 465",NA
"SNV_cluster_0021","SNV","201","PAVBPR","SNV","residue 465",NA
"SNV_cluster_0021","SNV","202","PAVCRK","SNV","residue 505",NA
"SNV_cluster_0021","SNV","203","PAVCRK","SNV","residue 465",NA
"SNV_cluster_0021","SNV","204","PAVCYV","SNV","residue 479",NA
"SNV_cluster_0021","SNV","205","PAVCYV","SNV","residue 465",NA
"SNV_cluster_0021","SNV","207","PAVEUZ","SNV","residue 689",NA
"SNV_cluster_0021","SNV","208","PAVEUZ","SNV","residue 505",NA
"SNV_cluster_0021","SNV","209","PAVFHF","SNV","residue 505",NA
"SNV_cluster_0021","SNV","210","PAVFWF","SNV","residue 479",NA
"SNV_cluster_0021","SNV","211","PAVFXU","SNV","residue 465",NA
"SNV_cluster_0021","SNV","212","PAVJBF","SNV","residue 505",NA
"SNV_cluster_0021","SNV","213","PAVJHG","SNV","residue 465",NA
"SNV_cluster_0021","SNV","214","PAVJJK","SNV","residue 465",NA
"SNV_cluster_0021","SNV","215","PAVJJU","SNV","residue 465",NA
"SNV_cluster_0021","SNV","216","PAVJLJ","SNV","residue 658",NA
"SNV_cluster_0021","SNV","217","PAVJLJ","SNV","residue 505",NA
"SNV_cluster_0021","SNV","218","PAVJLJ","SNV","residue 437",NA
"SNV_cluster_0021","SNV","219","PAVJLJ","SNV","residue 242",NA
"SNV_cluster_0021","SNV","220","PAVJNX","SNV","residue 505",NA
"SNV_cluster_0021","SNV","221","PAVKWV","SNV","residue 465",NA
"SNV_cluster_0021","SNV","222","PAVLCX","SNV","residue 479",NA
"SNV_cluster_0021","SNV","223","PAVLMX","SNV","residue 465",NA
"SNV_cluster_0021","SNV","224","PAVLMY","SNV","residue 505",NA
"SNV_cluster_0021","SNV","225","PAVLMY","SNV","residue 317",NA
"SNV_cluster_0021","SNV","226","PAVMPB","SNV","residue 465",NA
"SNV_cluster_0021","SNV","227","PAVMZJ","SNV","residue 425",NA
"SNV_cluster_0021","SNV","228","PAVNDL","SNV","residue 465",NA
"SNV_cluster_0021","SNV","315","PAVNSM","SNV","residue 465",NA
"SNV_cluster_0021","SNV","229","PAVNWE","SNV","residue 479",NA
"SNV_cluster_0021","SNV","230","PAVPCZ","SNV","residue 465",NA
"SNV_cluster_0021","SNV","231","PAVPLD","SNV","residue 479",NA
"SNV_cluster_0021","SNV","232","PAVPLN","SNV","residue 505",NA
"SNV_cluster_0021","SNV","233","PAVRAP","SNV","residue 479",NA
"SNV_cluster_0021","SNV","234","PAVRDC","SNV","residue 479",NA
"SNV_cluster_0021","SNV","235","PAVRLH","SNV","residue 479",NA
"SNV_cluster_0021","SNV","236","PAVRLN","SNV","residue 463",NA
"SNV_cluster_0021","SNV","237","PAVRLN","SNV","residue 441",NA
"SNV_cluster_0021","SNV","238","PAVRTX","SNV","residue 505",NA
"SNV_cluster_0021","SNV","239","PAVRWC","SNV","residue 479",NA
"SNV_cluster_0021","SNV","240","PAVSHE","SNV","residue 465",NA
"SNV_cluster_0021","SNV","241","PAVUFK","SNV","residue 423",NA
"SNV_cluster_0021","SNV","242","PAVUTN","SNV","residue 689",NA
"SNV_cluster_0021","SNV","243","PAVUVZ","SNV","residue 465",NA
"SNV_cluster_0021","SNV","244","PAVVDS","SNV","residue 689",NA
"SNV_cluster_0021","SNV","245","PAVVEI","SNV","residue 465",NA
"SNV_cluster_0021","SNV","246","PAVVHL","SNV","residue 465",NA
"SNV_cluster_0021","SNV","247","PAVVVF","SNV","residue 505",NA
"SNV_cluster_0021","SNV","248","PAVWDF","SNV","residue 465",NA
"SNV_cluster_0021","SNV","249","PAVWWF","SNV","residue 479",NA
"SNV_cluster_0021","SNV","250","PAVXBS","SNV","residue 465",NA
"SNV_cluster_0021","SNV","251","PAVXPD","SNV","residue 465",NA
"SNV_cluster_0021","SNV","4","PAVXTB","SNV","residue 505",NA
"SNV_cluster_0021","SNV","252","PAVXYS","SNV","residue 465",NA
"SNV_cluster_0021","SNV","253","PAVXYS","SNV","residue 465",NA
"SNV_cluster_0021","SNV","2","PAVYDR","SNV","residue 423",NA
"SNV_cluster_0021","SNV","254","PAVYTZ","SNV","residue 465",NA
"SNV_cluster_0021","SNV","255","PAVZJI","SNV","residue 465",NA
"SNV_cluster_0021","SNV","256","PAVZKL","SNV","residue 689",NA
"SNV_cluster_0021","SNV","257","PAVZLS","SNV","residue 689",NA
"SNV_cluster_0021","SNV","258","PAWAIH","SNV","residue 465",NA
"SNV_cluster_0021","SNV","259","PAWAMR","SNV","residue 465",NA
"SNV_cluster_0021","SNV","260","PAWAMT","SNV","residue 465",NA
"SNV_cluster_0021","SNV","261","PAWAMT","SNV","residue 423",NA
"SNV_cluster_0021","SNV","262","PAWAMT","SNV","residue 422",NA
"SNV_cluster_0021","SNV","263","PAWDMI","SNV","residue 465",NA
"SNV_cluster_0021","SNV","264","PAWETD","SNV","residue 505",NA
"SNV_cluster_0021","SNV","316","PAWEUB","SNV","residue 278",NA
"SNV_cluster_0021","SNV","265","PAWFRE","SNV","residue 556",NA
"SNV_cluster_0021","SNV","266","PAWFYE","SNV","residue 441",NA
"SNV_cluster_0021","SNV","267","PAWGHS","SNV","residue 465",NA
"SNV_cluster_0021","SNV","268","PAWGPI","SNV","residue 465",NA
"SNV_cluster_0021","SNV","269","PAWGWC","SNV","residue 479",NA
"SNV_cluster_0021","SNV","270","PAWGXI","SNV","residue 423",NA
"SNV_cluster_0021","SNV","271","PAWGXW","SNV","residue 465",NA
"SNV_cluster_0021","SNV","272","PAWGYU","SNV","residue 465",NA
"SNV_cluster_0021","SNV","273","PAWHGU","SNV","residue 465",NA
"SNV_cluster_0021","SNV","274","PAWHIG","SNV","residue 477",NA
"SNV_cluster_0021","SNV","275","PAWHIG","SNV","residue 465",NA
"SNV_cluster_0021","SNV","276","PAWHRW","SNV","residue 505",NA
"SNV_cluster_0021","SNV","322","PAWIGC","SNV","residue 479",NA
"SNV_cluster_0021","SNV","277","PAWIPA","SNV","residue 465",NA
"SNV_cluster_0021","SNV","278","PAWIWN","SNV","residue 505",NA
"SNV_cluster_0021","SNV","279","PAWIWN","SNV","residue 465",NA
"SNV_cluster_0021","SNV","280","PAWIXS","SNV","residue 505",NA
"SNV_cluster_0021","SNV","281","PAWJJC","SNV","residue 479",NA
"SNV_cluster_0021","SNV","282","PAWJKL","SNV","residue 477",NA
"SNV_cluster_0021","SNV","283","PAWJKX","SNV","residue 479",NA
"SNV_cluster_0021","SNV","284","PAWJVB","SNV","residue 465",NA
"SNV_cluster_0021","SNV","285","PAWKAN","SNV","residue 465",NA
"SNV_cluster_0021","SNV","286","PAWKKF","SNV","residue 425",NA
"SNV_cluster_0021","SNV","287","PAWKSC","SNV","residue 465",NA
"SNV_cluster_0021","SNV","317","PAWKXN","SNV","residue 505",NA
"SNV_cluster_0021","SNV","288","PAWKYL","SNV","residue 479",NA
"SNV_cluster_0021","SNV","289","PAWKZX","SNV","residue 505",NA
"SNV_cluster_0021","SNV","290","PAWKZZ","SNV","residue 465",NA
"SNV_cluster_0021","SNV","291","PAWLFC","SNV","residue 465",NA
"SNV_cluster_0021","SNV","318","PAWLSM","SNV","residue 479",NA
"SNV_cluster_0021","SNV","292","PAWLYX","SNV","residue 423",NA
"SNV_cluster_0022","SNV","10","PARIZN","SNV","residue 689",NA
"SNV_cluster_0022","SNV","14","PARJXW","SNV","residue 689",NA
"SNV_cluster_0022","SNV","298","PARTFR","SNV","residue 689",NA
"SNV_cluster_0022","SNV","324","PARTUK","SNV","residue 689",NA
"SNV_cluster_0022","SNV","33","PARWTI","SNV","residue 689",NA
"SNV_cluster_0022","SNV","39","PASGUH","SNV","residue 689",NA
"SNV_cluster_0022","SNV","44","PASIIY","SNV","residue 689",NA
"SNV_cluster_0022","SNV","46","PASJLN","SNV","residue 689",NA
"SNV_cluster_0022","SNV","73","PASWNU","SNV","residue 670",NA
"SNV_cluster_0022","SNV","95","PATEAK","SNV","residue 689",NA
"SNV_cluster_0022","SNV","96","PATEAK","SNV","residue 689",NA
"SNV_cluster_0022","SNV","113","PATKHZ","SNV","residue 689",NA
"SNV_cluster_0022","SNV","137","PATZYE","SNV","residue 689",NA
"SNV_cluster_0022","SNV","309","PAUCIB","SNV","residue 689",NA
"SNV_cluster_0022","SNV","312","PAUFGV","SNV","residue 670",NA
"SNV_cluster_0022","SNV","150","PAUGEJ","SNV","residue 689",NA
"SNV_cluster_0022","SNV","160","PAUKIF","SNV","residue 689",NA
"SNV_cluster_0022","SNV","162","PAUKTD","SNV","residue 689",NA
"SNV_cluster_0022","SNV","170","PAUPFF","SNV","residue 689",NA
"SNV_cluster_0022","SNV","171","PAURCM","SNV","residue 689",NA
"SNV_cluster_0022","SNV","188","PAUVTP","SNV","residue 689",NA
"SNV_cluster_0022","SNV","199","PAVAWP","SNV","residue 689",NA
"SNV_cluster_0022","SNV","207","PAVEUZ","SNV","residue 689",NA
"SNV_cluster_0022","SNV","242","PAVUTN","SNV","residue 689",NA
"SNV_cluster_0022","SNV","244","PAVVDS","SNV","residue 689",NA
"SNV_cluster_0022","SNV","256","PAVZKL","SNV","residue 689",NA
"SNV_cluster_0022","SNV","257","PAVZLS","SNV","residue 689",NA
"SNV_cluster_0023","SNV","8","PARHES","SNV","residue 425",NA
"SNV_cluster_0023","SNV","18","PARLIB","SNV","residue 423",NA
"SNV_cluster_0023","SNV","25","PARMRF","SNV","residue 441",NA
"SNV_cluster_0023","SNV","38","PASGKL","SNV","residue 437",NA
"SNV_cluster_0023","SNV","299","PASGMR","SNV","residue 426",NA
"SNV_cluster_0023","SNV","42","PASHNK","SNV","residue 423",NA
"SNV_cluster_0023","SNV","82","PATALJ","SNV","residue 423",NA
"SNV_cluster_0023","SNV","88","PATCZN","SNV","residue 423",NA
"SNV_cluster_0023","SNV","105","PATISS","SNV","residue 441",NA
"SNV_cluster_0023","SNV","147","PAUEZV","SNV","residue 423",NA
"SNV_cluster_0023","SNV","157","PAUIXW","SNV","residue 423",NA
"SNV_cluster_0023","SNV","182","PAUTRX","SNV","residue 422",NA
"SNV_cluster_0023","SNV","184","PAUTSB","SNV","residue 423",NA
"SNV_cluster_0023","SNV","218","PAVJLJ","SNV","residue 437",NA
"SNV_cluster_0023","SNV","227","PAVMZJ","SNV","residue 425",NA
"SNV_cluster_0023","SNV","236","PAVRLN","SNV","residue 463",NA
"SNV_cluster_0023","SNV","237","PAVRLN","SNV","residue 441",NA
"SNV_cluster_0023","SNV","241","PAVUFK","SNV","residue 423",NA
"SNV_cluster_0023","SNV","2","PAVYDR","SNV","residue 423",NA
"SNV_cluster_0023","SNV","261","PAWAMT","SNV","residue 423",NA
"SNV_cluster_0023","SNV","262","PAWAMT","SNV","residue 422",NA
"SNV_cluster_0023","SNV","266","PAWFYE","SNV","residue 441",NA
"SNV_cluster_0023","SNV","270","PAWGXI","SNV","residue 423",NA
"SNV_cluster_0023","SNV","286","PAWKKF","SNV","residue 425",NA
"SNV_cluster_0023","SNV","292","PAWLYX","SNV","residue 423",NA
"SNV_cluster_0024","SNV","10","PARIZN","SNV","residue 689",NA
"SNV_cluster_0024","SNV","14","PARJXW","SNV","residue 689",NA
"SNV_cluster_0024","SNV","298","PARTFR","SNV","residue 689",NA
"SNV_cluster_0024","SNV","324","PARTUK","SNV","residue 689",NA
"SNV_cluster_0024","SNV","33","PARWTI","SNV","residue 689",NA
"SNV_cluster_0024","SNV","39","PASGUH","SNV","residue 689",NA
"SNV_cluster_0024","SNV","44","PASIIY","SNV","residue 689",NA
"SNV_cluster_0024","SNV","46","PASJLN","SNV","residue 689",NA
"SNV_cluster_0024","SNV","60","PASRTM","SNV","residue 385",NA
"SNV_cluster_0024","SNV","73","PASWNU","SNV","residue 670",NA
"SNV_cluster_0024","SNV","95","PATEAK","SNV","residue 689",NA
"SNV_cluster_0024","SNV","96","PATEAK","SNV","residue 689",NA
"SNV_cluster_0024","SNV","113","PATKHZ","SNV","residue 689",NA
"SNV_cluster_0024","SNV","137","PATZYE","SNV","residue 689",NA
"SNV_cluster_0024","SNV","309","PAUCIB","SNV","residue 689",NA
"SNV_cluster_0024","SNV","312","PAUFGV","SNV","residue 670",NA
"SNV_cluster_0024","SNV","149","PAUGDZ","SNV","residue 673",NA
"SNV_cluster_0024","SNV","150","PAUGEJ","SNV","residue 689",NA
"SNV_cluster_0024","SNV","160","PAUKIF","SNV","residue 689",NA
"SNV_cluster_0024","SNV","161","PAUKMA","SNV","residue 385",NA
"SNV_cluster_0024","SNV","162","PAUKTD","SNV","residue 689",NA
"SNV_cluster_0024","SNV","170","PAUPFF","SNV","residue 689",NA
"SNV_cluster_0024","SNV","171","PAURCM","SNV","residue 689",NA
"SNV_cluster_0024","SNV","188","PAUVTP","SNV","residue 689",NA
"SNV_cluster_0024","SNV","199","PAVAWP","SNV","residue 689",NA
"SNV_cluster_0024","SNV","207","PAVEUZ","SNV","residue 689",NA
"SNV_cluster_0024","SNV","242","PAVUTN","SNV","residue 689",NA
"SNV_cluster_0024","SNV","244","PAVVDS","SNV","residue 689",NA
"SNV_cluster_0024","SNV","256","PAVZKL","SNV","residue 689",NA
"SNV_cluster_0024","SNV","257","PAVZLS","SNV","residue 689",NA
"SNV_cluster_0025","SNV","8","PARHES","SNV","residue 425",NA
"SNV_cluster_0025","SNV","18","PARLIB","SNV","residue 423",NA
"SNV_cluster_0025","SNV","299","PASGMR","SNV","residue 426",NA
"SNV_cluster_0025","SNV","42","PASHNK","SNV","residue 423",NA
"SNV_cluster_0025","SNV","82","PATALJ","SNV","residue 423",NA
"SNV_cluster_0025","SNV","88","PATCZN","SNV","residue 423",NA
"SNV_cluster_0025","SNV","305","PATXTA","SNV","residue 419",NA
"SNV_cluster_0025","SNV","147","PAUEZV","SNV","residue 423",NA
"SNV_cluster_0025","SNV","157","PAUIXW","SNV","residue 423",NA
"SNV_cluster_0025","SNV","182","PAUTRX","SNV","residue 422",NA
"SNV_cluster_0025","SNV","184","PAUTSB","SNV","residue 423",NA
"SNV_cluster_0025","SNV","227","PAVMZJ","SNV","residue 425",NA
"SNV_cluster_0025","SNV","241","PAVUFK","SNV","residue 423",NA
"SNV_cluster_0025","SNV","2","PAVYDR","SNV","residue 423",NA
"SNV_cluster_0025","SNV","261","PAWAMT","SNV","residue 423",NA
"SNV_cluster_0025","SNV","262","PAWAMT","SNV","residue 422",NA
"SNV_cluster_0025","SNV","270","PAWGXI","SNV","residue 423",NA
"SNV_cluster_0025","SNV","286","PAWKKF","SNV","residue 425",NA
"SNV_cluster_0025","SNV","292","PAWLYX","SNV","residue 423",NA
"SNV_cluster_0026","SNV","18","PARLIB","SNV","residue 423",NA
"SNV_cluster_0026","SNV","25","PARMRF","SNV","residue 441",NA
"SNV_cluster_0026","SNV","42","PASHNK","SNV","residue 423",NA
"SNV_cluster_0026","SNV","82","PATALJ","SNV","residue 423",NA
"SNV_cluster_0026","SNV","88","PATCZN","SNV","residue 423",NA
"SNV_cluster_0026","SNV","105","PATISS","SNV","residue 441",NA
"SNV_cluster_0026","SNV","147","PAUEZV","SNV","residue 423",NA
"SNV_cluster_0026","SNV","157","PAUIXW","SNV","residue 423",NA
"SNV_cluster_0026","SNV","182","PAUTRX","SNV","residue 422",NA
"SNV_cluster_0026","SNV","184","PAUTSB","SNV","residue 423",NA
"SNV_cluster_0026","SNV","236","PAVRLN","SNV","residue 463",NA
"SNV_cluster_0026","SNV","237","PAVRLN","SNV","residue 441",NA
"SNV_cluster_0026","SNV","241","PAVUFK","SNV","residue 423",NA
"SNV_cluster_0026","SNV","2","PAVYDR","SNV","residue 423",NA
"SNV_cluster_0026","SNV","261","PAWAMT","SNV","residue 423",NA
"SNV_cluster_0026","SNV","262","PAWAMT","SNV","residue 422",NA
"SNV_cluster_0026","SNV","266","PAWFYE","SNV","residue 441",NA
"SNV_cluster_0026","SNV","270","PAWGXI","SNV","residue 423",NA
"SNV_cluster_0026","SNV","292","PAWLYX","SNV","residue 423",NA
"SNV_cluster_0027","SNV","8","PARHES","SNV","residue 425",NA
"SNV_cluster_0027","SNV","18","PARLIB","SNV","residue 423",NA
"SNV_cluster_0027","SNV","295","PARMED","SNV","residue 444",NA
"SNV_cluster_0027","SNV","25","PARMRF","SNV","residue 441",NA
"SNV_cluster_0027","SNV","38","PASGKL","SNV","residue 437",NA
"SNV_cluster_0027","SNV","299","PASGMR","SNV","residue 426",NA
"SNV_cluster_0027","SNV","42","PASHNK","SNV","residue 423",NA
"SNV_cluster_0027","SNV","82","PATALJ","SNV","residue 423",NA
"SNV_cluster_0027","SNV","88","PATCZN","SNV","residue 423",NA
"SNV_cluster_0027","SNV","105","PATISS","SNV","residue 441",NA
"SNV_cluster_0027","SNV","305","PATXTA","SNV","residue 419",NA
"SNV_cluster_0027","SNV","147","PAUEZV","SNV","residue 423",NA
"SNV_cluster_0027","SNV","157","PAUIXW","SNV","residue 423",NA
"SNV_cluster_0027","SNV","182","PAUTRX","SNV","residue 422",NA
"SNV_cluster_0027","SNV","184","PAUTSB","SNV","residue 423",NA
"SNV_cluster_0027","SNV","218","PAVJLJ","SNV","residue 437",NA
"SNV_cluster_0027","SNV","227","PAVMZJ","SNV","residue 425",NA
"SNV_cluster_0027","SNV","237","PAVRLN","SNV","residue 441",NA
"SNV_cluster_0027","SNV","241","PAVUFK","SNV","residue 423",NA
"SNV_cluster_0027","SNV","2","PAVYDR","SNV","residue 423",NA
"SNV_cluster_0027","SNV","261","PAWAMT","SNV","residue 423",NA
"SNV_cluster_0027","SNV","262","PAWAMT","SNV","residue 422",NA
"SNV_cluster_0027","SNV","266","PAWFYE","SNV","residue 441",NA
"SNV_cluster_0027","SNV","270","PAWGXI","SNV","residue 423",NA
"SNV_cluster_0027","SNV","286","PAWKKF","SNV","residue 425",NA
"SNV_cluster_0027","SNV","292","PAWLYX","SNV","residue 423",NA
"SNV_cluster_0028","SNV","18","PARLIB","SNV","residue 423",NA
"SNV_cluster_0028","SNV","42","PASHNK","SNV","residue 423",NA
"SNV_cluster_0028","SNV","82","PATALJ","SNV","residue 423",NA
"SNV_cluster_0028","SNV","88","PATCZN","SNV","residue 423",NA
"SNV_cluster_0028","SNV","305","PATXTA","SNV","residue 419",NA
"SNV_cluster_0028","SNV","147","PAUEZV","SNV","residue 423",NA
"SNV_cluster_0028","SNV","157","PAUIXW","SNV","residue 423",NA
"SNV_cluster_0028","SNV","182","PAUTRX","SNV","residue 422",NA
"SNV_cluster_0028","SNV","184","PAUTSB","SNV","residue 423",NA
"SNV_cluster_0028","SNV","241","PAVUFK","SNV","residue 423",NA
"SNV_cluster_0028","SNV","2","PAVYDR","SNV","residue 423",NA
"SNV_cluster_0028","SNV","261","PAWAMT","SNV","residue 423",NA
"SNV_cluster_0028","SNV","262","PAWAMT","SNV","residue 422",NA
"SNV_cluster_0028","SNV","270","PAWGXI","SNV","residue 423",NA
"SNV_cluster_0028","SNV","292","PAWLYX","SNV","residue 423",NA
"SNV_cluster_0029","SNV","8","PARHES","SNV","residue 425",NA
"SNV_cluster_0029","SNV","18","PARLIB","SNV","residue 423",NA
"SNV_cluster_0029","SNV","295","PARMED","SNV","residue 444",NA
"SNV_cluster_0029","SNV","25","PARMRF","SNV","residue 441",NA
"SNV_cluster_0029","SNV","38","PASGKL","SNV","residue 437",NA
"SNV_cluster_0029","SNV","299","PASGMR","SNV","residue 426",NA
"SNV_cluster_0029","SNV","42","PASHNK","SNV","residue 423",NA
"SNV_cluster_0029","SNV","82","PATALJ","SNV","residue 423",NA
"SNV_cluster_0029","SNV","88","PATCZN","SNV","residue 423",NA
"SNV_cluster_0029","SNV","105","PATISS","SNV","residue 441",NA
"SNV_cluster_0029","SNV","305","PATXTA","SNV","residue 419",NA
"SNV_cluster_0029","SNV","147","PAUEZV","SNV","residue 423",NA
"SNV_cluster_0029","SNV","157","PAUIXW","SNV","residue 423",NA
"SNV_cluster_0029","SNV","182","PAUTRX","SNV","residue 422",NA
"SNV_cluster_0029","SNV","184","PAUTSB","SNV","residue 423",NA
"SNV_cluster_0029","SNV","218","PAVJLJ","SNV","residue 437",NA
"SNV_cluster_0029","SNV","227","PAVMZJ","SNV","residue 425",NA
"SNV_cluster_0029","SNV","236","PAVRLN","SNV","residue 463",NA
"SNV_cluster_0029","SNV","237","PAVRLN","SNV","residue 441",NA
"SNV_cluster_0029","SNV","241","PAVUFK","SNV","residue 423",NA
"SNV_cluster_0029","SNV","2","PAVYDR","SNV","residue 423",NA
"SNV_cluster_0029","SNV","261","PAWAMT","SNV","residue 423",NA
"SNV_cluster_0029","SNV","262","PAWAMT","SNV","residue 422",NA
"SNV_cluster_0029","SNV","266","PAWFYE","SNV","residue 441",NA
"SNV_cluster_0029","SNV","270","PAWGXI","SNV","residue 423",NA
"SNV_cluster_0029","SNV","286","PAWKKF","SNV","residue 425",NA
"SNV_cluster_0029","SNV","292","PAWLYX","SNV","residue 423",NA
"SNV_cluster_0030","SNV","10","PARIZN","SNV","residue 689",NA
"SNV_cluster_0030","SNV","14","PARJXW","SNV","residue 689",NA
"SNV_cluster_0030","SNV","298","PARTFR","SNV","residue 689",NA
"SNV_cluster_0030","SNV","324","PARTUK","SNV","residue 689",NA
"SNV_cluster_0030","SNV","33","PARWTI","SNV","residue 689",NA
"SNV_cluster_0030","SNV","39","PASGUH","SNV","residue 689",NA
"SNV_cluster_0030","SNV","44","PASIIY","SNV","residue 689",NA
"SNV_cluster_0030","SNV","46","PASJLN","SNV","residue 689",NA
"SNV_cluster_0030","SNV","73","PASWNU","SNV","residue 670",NA
"SNV_cluster_0030","SNV","95","PATEAK","SNV","residue 689",NA
"SNV_cluster_0030","SNV","96","PATEAK","SNV","residue 689",NA
"SNV_cluster_0030","SNV","113","PATKHZ","SNV","residue 689",NA
"SNV_cluster_0030","SNV","137","PATZYE","SNV","residue 689",NA
"SNV_cluster_0030","SNV","309","PAUCIB","SNV","residue 689",NA
"SNV_cluster_0030","SNV","312","PAUFGV","SNV","residue 670",NA
"SNV_cluster_0030","SNV","149","PAUGDZ","SNV","residue 673",NA
"SNV_cluster_0030","SNV","150","PAUGEJ","SNV","residue 689",NA
"SNV_cluster_0030","SNV","160","PAUKIF","SNV","residue 689",NA
"SNV_cluster_0030","SNV","162","PAUKTD","SNV","residue 689",NA
"SNV_cluster_0030","SNV","170","PAUPFF","SNV","residue 689",NA
"SNV_cluster_0030","SNV","171","PAURCM","SNV","residue 689",NA
"SNV_cluster_0030","SNV","188","PAUVTP","SNV","residue 689",NA
"SNV_cluster_0030","SNV","199","PAVAWP","SNV","residue 689",NA
"SNV_cluster_0030","SNV","207","PAVEUZ","SNV","residue 689",NA
"SNV_cluster_0030","SNV","216","PAVJLJ","SNV","residue 658",NA
"SNV_cluster_0030","SNV","242","PAVUTN","SNV","residue 689",NA
"SNV_cluster_0030","SNV","244","PAVVDS","SNV","residue 689",NA
"SNV_cluster_0030","SNV","256","PAVZKL","SNV","residue 689",NA
"SNV_cluster_0030","SNV","257","PAVZLS","SNV","residue 689",NA
"SNV_cluster_0031","SNV","75","PASWNU","SNV","residue 278",NA
"SNV_cluster_0031","SNV","103","PATHSL","SNV","residue 278",NA
"SNV_cluster_0031","SNV","316","PAWEUB","SNV","residue 278",NA
"SNV_cluster_0032","SNV","60","PASRTM","SNV","residue 385",NA
"SNV_cluster_0032","SNV","161","PAUKMA","SNV","residue 385",NA
"SNV_cluster_0033","SNV","182","PAUTRX","SNV","residue 422",NA
"SNV_cluster_0033","SNV","262","PAWAMT","SNV","residue 422",NA
"SNV_cluster_0034","SNV","8","PARHES","SNV","residue 425",NA
"SNV_cluster_0034","SNV","227","PAVMZJ","SNV","residue 425",NA
"SNV_cluster_0034","SNV","286","PAWKKF","SNV","residue 425",NA
"SNV_cluster_0035","SNV","38","PASGKL","SNV","residue 437",NA
"SNV_cluster_0035","SNV","218","PAVJLJ","SNV","residue 437",NA
"SNV_cluster_0036","SNV","25","PARMRF","SNV","residue 441",NA
"SNV_cluster_0036","SNV","105","PATISS","SNV","residue 441",NA
"SNV_cluster_0036","SNV","237","PAVRLN","SNV","residue 441",NA
"SNV_cluster_0036","SNV","266","PAWFYE","SNV","residue 441",NA
"SNV_cluster_0037","SNV","274","PAWHIG","SNV","residue 477",NA
"SNV_cluster_0037","SNV","282","PAWJKL","SNV","residue 477",NA
"SNV_cluster_0038","SNV","51","PASKWG","SNV","residue 564",NA
"SNV_cluster_0038","SNV","126","PATTHM","SNV","residue 564",NA
"SNV_cluster_0038","SNV","186","PAUTWN","SNV","residue 564",NA
"SNV_cluster_0039","SNV","72","PASWBJ","SNV","residue 611",NA
"SNV_cluster_0039","SNV","183","PAUTSB","SNV","residue 611",NA
"SNV_cluster_0040","SNV","73","PASWNU","SNV","residue 670",NA
"SNV_cluster_0040","SNV","312","PAUFGV","SNV","residue 670",NA
"SNV_cluster_0041","SNV","8","PARHES","SNV","residue 425",NA
"SNV_cluster_0041","SNV","299","PASGMR","SNV","residue 426",NA
"SNV_cluster_0041","SNV","227","PAVMZJ","SNV","residue 425",NA
"SNV_cluster_0041","SNV","286","PAWKKF","SNV","residue 425",NA
"SNV_cluster_0042","SNV","25","PARMRF","SNV","residue 441",NA
"SNV_cluster_0042","SNV","105","PATISS","SNV","residue 441",NA
"SNV_cluster_0042","SNV","236","PAVRLN","SNV","residue 463",NA
"SNV_cluster_0042","SNV","237","PAVRLN","SNV","residue 441",NA
"SNV_cluster_0042","SNV","266","PAWFYE","SNV","residue 441",NA
"SNV_cluster_0043","SNV","51","PASKWG","SNV","residue 564",NA
"SNV_cluster_0043","SNV","126","PATTHM","SNV","residue 564",NA
"SNV_cluster_0043","SNV","186","PAUTWN","SNV","residue 564",NA
"SNV_cluster_0043","SNV","265","PAWFRE","SNV","residue 556",NA
"SNV_cluster_0044","SNV","8","PARHES","SNV","residue 425",NA
"SNV_cluster_0044","SNV","38","PASGKL","SNV","residue 437",NA
"SNV_cluster_0044","SNV","299","PASGMR","SNV","residue 426",NA
"SNV_cluster_0044","SNV","218","PAVJLJ","SNV","residue 437",NA
"SNV_cluster_0044","SNV","227","PAVMZJ","SNV","residue 425",NA
"SNV_cluster_0044","SNV","286","PAWKKF","SNV","residue 425",NA
"SNV_cluster_0045","SNV","166","PAUMKW","SNV","residue 321",NA
"SNV_cluster_0045","SNV","225","PAVLMY","SNV","residue 317",NA
"SNV_cluster_0046","SNV","60","PASRTM","SNV","residue 385",NA
"SNV_cluster_0046","SNV","149","PAUGDZ","SNV","residue 673",NA
"SNV_cluster_0046","SNV","161","PAUKMA","SNV","residue 385",NA
"SNV_cluster_0047","SNV","295","PARMED","SNV","residue 444",NA
"SNV_cluster_0047","SNV","305","PATXTA","SNV","residue 419",NA
"SNV_cluster_0048","SNV","73","PASWNU","SNV","residue 670",NA
"SNV_cluster_0048","SNV","312","PAUFGV","SNV","residue 670",NA
"SNV_cluster_0048","SNV","149","PAUGDZ","SNV","residue 673",NA
"SNV_cluster_0049","SNV","295","PARMED","SNV","residue 444",NA
"SNV_cluster_0049","SNV","25","PARMRF","SNV","residue 441",NA
"SNV_cluster_0049","SNV","38","PASGKL","SNV","residue 437",NA
"SNV_cluster_0049","SNV","105","PATISS","SNV","residue 441",NA
"SNV_cluster_0049","SNV","218","PAVJLJ","SNV","residue 437",NA
"SNV_cluster_0049","SNV","237","PAVRLN","SNV","residue 441",NA
"SNV_cluster_0049","SNV","266","PAWFYE","SNV","residue 441",NA
"SNV_cluster_0050","SNV","295","PARMED","SNV","residue 444",NA
"SNV_cluster_0050","SNV","25","PARMRF","SNV","residue 441",NA
"SNV_cluster_0050","SNV","105","PATISS","SNV","residue 441",NA
"SNV_cluster_0050","SNV","237","PAVRLN","SNV","residue 441",NA
"SNV_cluster_0050","SNV","266","PAWFYE","SNV","residue 441",NA
"SNV_cluster_0051","SNV","51","PASKWG","SNV","residue 564",NA
"SNV_cluster_0051","SNV","126","PATTHM","SNV","residue 564",NA
"SNV_cluster_0051","SNV","174","PAURSX","SNV","residue 544",NA
"SNV_cluster_0051","SNV","186","PAUTWN","SNV","residue 564",NA
"SNV_cluster_0051","SNV","265","PAWFRE","SNV","residue 556",NA
"SNV_cluster_0052","SNV","122","PATRGV","SNV","residue 526",NA
"SNV_cluster_0052","SNV","174","PAURSX","SNV","residue 544",NA
"SNV_cluster_0053","SNV","75","PASWNU","SNV","residue 278",NA
"SNV_cluster_0053","SNV","103","PATHSL","SNV","residue 278",NA
"SNV_cluster_0053","SNV","3","PAUXAB","SNV","residue 268",NA
"SNV_cluster_0053","SNV","316","PAWEUB","SNV","residue 278",NA
"SNV_cluster_0054","SNV","60","PASRTM","SNV","residue 385",NA
"SNV_cluster_0054","SNV","90","PATDBC","SNV","residue 393",NA
"SNV_cluster_0054","SNV","161","PAUKMA","SNV","residue 385",NA
"SNV_cluster_0055","SNV","51","PASKWG","SNV","residue 564",NA
"SNV_cluster_0055","SNV","122","PATRGV","SNV","residue 526",NA
"SNV_cluster_0055","SNV","126","PATTHM","SNV","residue 564",NA
"SNV_cluster_0055","SNV","174","PAURSX","SNV","residue 544",NA
"SNV_cluster_0055","SNV","186","PAUTWN","SNV","residue 564",NA
"SNV_cluster_0055","SNV","265","PAWFRE","SNV","residue 556",NA
"SNV_cluster_0056","SNV","73","PASWNU","SNV","residue 670",NA
"SNV_cluster_0056","SNV","312","PAUFGV","SNV","residue 670",NA
"SNV_cluster_0056","SNV","149","PAUGDZ","SNV","residue 673",NA
"SNV_cluster_0056","SNV","216","PAVJLJ","SNV","residue 658",NA
"SNV_cluster_0057","SNV","75","PASWNU","SNV","residue 278",NA
"SNV_cluster_0057","SNV","103","PATHSL","SNV","residue 278",NA
"SNV_cluster_0057","SNV","3","PAUXAB","SNV","residue 268",NA
"SNV_cluster_0057","SNV","219","PAVJLJ","SNV","residue 242",NA
"SNV_cluster_0057","SNV","316","PAWEUB","SNV","residue 278",NA
"SNV_cluster_0058","SNV","51","PASKWG","SNV","residue 564",NA
"SNV_cluster_0058","SNV","72","PASWBJ","SNV","residue 611",NA
"SNV_cluster_0058","SNV","122","PATRGV","SNV","residue 526",NA
"SNV_cluster_0058","SNV","126","PATTHM","SNV","residue 564",NA
"SNV_cluster_0058","SNV","174","PAURSX","SNV","residue 544",NA
"SNV_cluster_0058","SNV","183","PAUTSB","SNV","residue 611",NA
"SNV_cluster_0058","SNV","186","PAUTWN","SNV","residue 564",NA
"SNV_cluster_0058","SNV","265","PAWFRE","SNV","residue 556",NA
"SNV_cluster_0059","SNV","8","PARHES","SNV","residue 425",NA
"SNV_cluster_0059","SNV","18","PARLIB","SNV","residue 423",NA
"SNV_cluster_0059","SNV","295","PARMED","SNV","residue 444",NA
"SNV_cluster_0059","SNV","25","PARMRF","SNV","residue 441",NA
"SNV_cluster_0059","SNV","38","PASGKL","SNV","residue 437",NA
"SNV_cluster_0059","SNV","299","PASGMR","SNV","residue 426",NA
"SNV_cluster_0059","SNV","42","PASHNK","SNV","residue 423",NA
"SNV_cluster_0059","SNV","60","PASRTM","SNV","residue 385",NA
"SNV_cluster_0059","SNV","82","PATALJ","SNV","residue 423",NA
"SNV_cluster_0059","SNV","88","PATCZN","SNV","residue 423",NA
"SNV_cluster_0059","SNV","90","PATDBC","SNV","residue 393",NA
"SNV_cluster_0059","SNV","105","PATISS","SNV","residue 441",NA
"SNV_cluster_0059","SNV","305","PATXTA","SNV","residue 419",NA
"SNV_cluster_0059","SNV","147","PAUEZV","SNV","residue 423",NA
"SNV_cluster_0059","SNV","157","PAUIXW","SNV","residue 423",NA
"SNV_cluster_0059","SNV","161","PAUKMA","SNV","residue 385",NA
"SNV_cluster_0059","SNV","182","PAUTRX","SNV","residue 422",NA
"SNV_cluster_0059","SNV","184","PAUTSB","SNV","residue 423",NA
"SNV_cluster_0059","SNV","218","PAVJLJ","SNV","residue 437",NA
"SNV_cluster_0059","SNV","227","PAVMZJ","SNV","residue 425",NA
"SNV_cluster_0059","SNV","237","PAVRLN","SNV","residue 441",NA
"SNV_cluster_0059","SNV","241","PAVUFK","SNV","residue 423",NA
"SNV_cluster_0059","SNV","2","PAVYDR","SNV","residue 423",NA
"SNV_cluster_0059","SNV","261","PAWAMT","SNV","residue 423",NA
"SNV_cluster_0059","SNV","262","PAWAMT","SNV","residue 422",NA
"SNV_cluster_0059","SNV","266","PAWFYE","SNV","residue 441",NA
"SNV_cluster_0059","SNV","270","PAWGXI","SNV","residue 423",NA
"SNV_cluster_0059","SNV","286","PAWKKF","SNV","residue 425",NA
"SNV_cluster_0059","SNV","292","PAWLYX","SNV","residue 423",NA
"SNV_cluster_0060","SNV","10","PARIZN","SNV","residue 689",NA
"SNV_cluster_0060","SNV","14","PARJXW","SNV","residue 689",NA
"SNV_cluster_0060","SNV","298","PARTFR","SNV","residue 689",NA
"SNV_cluster_0060","SNV","324","PARTUK","SNV","residue 689",NA
"SNV_cluster_0060","SNV","33","PARWTI","SNV","residue 689",NA
"SNV_cluster_0060","SNV","39","PASGUH","SNV","residue 689",NA
"SNV_cluster_0060","SNV","44","PASIIY","SNV","residue 689",NA
"SNV_cluster_0060","SNV","46","PASJLN","SNV","residue 689",NA
"SNV_cluster_0060","SNV","60","PASRTM","SNV","residue 385",NA
"SNV_cluster_0060","SNV","73","PASWNU","SNV","residue 670",NA
"SNV_cluster_0060","SNV","95","PATEAK","SNV","residue 689",NA
"SNV_cluster_0060","SNV","96","PATEAK","SNV","residue 689",NA
"SNV_cluster_0060","SNV","113","PATKHZ","SNV","residue 689",NA
"SNV_cluster_0060","SNV","137","PATZYE","SNV","residue 689",NA
"SNV_cluster_0060","SNV","309","PAUCIB","SNV","residue 689",NA
"SNV_cluster_0060","SNV","312","PAUFGV","SNV","residue 670",NA
"SNV_cluster_0060","SNV","149","PAUGDZ","SNV","residue 673",NA
"SNV_cluster_0060","SNV","150","PAUGEJ","SNV","residue 689",NA
"SNV_cluster_0060","SNV","160","PAUKIF","SNV","residue 689",NA
"SNV_cluster_0060","SNV","161","PAUKMA","SNV","residue 385",NA
"SNV_cluster_0060","SNV","162","PAUKTD","SNV","residue 689",NA
"SNV_cluster_0060","SNV","170","PAUPFF","SNV","residue 689",NA
"SNV_cluster_0060","SNV","171","PAURCM","SNV","residue 689",NA
"SNV_cluster_0060","SNV","188","PAUVTP","SNV","residue 689",NA
"SNV_cluster_0060","SNV","199","PAVAWP","SNV","residue 689",NA
"SNV_cluster_0060","SNV","207","PAVEUZ","SNV","residue 689",NA
"SNV_cluster_0060","SNV","216","PAVJLJ","SNV","residue 658",NA
"SNV_cluster_0060","SNV","242","PAVUTN","SNV","residue 689",NA
"SNV_cluster_0060","SNV","244","PAVVDS","SNV","residue 689",NA
"SNV_cluster_0060","SNV","256","PAVZKL","SNV","residue 689",NA
"SNV_cluster_0060","SNV","257","PAVZLS","SNV","residue 689",NA
"SNV_cluster_0061","SNV","10","PARIZN","SNV","residue 689",NA
"SNV_cluster_0061","SNV","14","PARJXW","SNV","residue 689",NA
"SNV_cluster_0061","SNV","298","PARTFR","SNV","residue 689",NA
"SNV_cluster_0061","SNV","324","PARTUK","SNV","residue 689",NA
"SNV_cluster_0061","SNV","33","PARWTI","SNV","residue 689",NA
"SNV_cluster_0061","SNV","39","PASGUH","SNV","residue 689",NA
"SNV_cluster_0061","SNV","44","PASIIY","SNV","residue 689",NA
"SNV_cluster_0061","SNV","46","PASJLN","SNV","residue 689",NA
"SNV_cluster_0061","SNV","60","PASRTM","SNV","residue 385",NA
"SNV_cluster_0061","SNV","73","PASWNU","SNV","residue 670",NA
"SNV_cluster_0061","SNV","90","PATDBC","SNV","residue 393",NA
"SNV_cluster_0061","SNV","95","PATEAK","SNV","residue 689",NA
"SNV_cluster_0061","SNV","96","PATEAK","SNV","residue 689",NA
"SNV_cluster_0061","SNV","113","PATKHZ","SNV","residue 689",NA
"SNV_cluster_0061","SNV","137","PATZYE","SNV","residue 689",NA
"SNV_cluster_0061","SNV","309","PAUCIB","SNV","residue 689",NA
"SNV_cluster_0061","SNV","312","PAUFGV","SNV","residue 670",NA
"SNV_cluster_0061","SNV","149","PAUGDZ","SNV","residue 673",NA
"SNV_cluster_0061","SNV","150","PAUGEJ","SNV","residue 689",NA
"SNV_cluster_0061","SNV","160","PAUKIF","SNV","residue 689",NA
"SNV_cluster_0061","SNV","161","PAUKMA","SNV","residue 385",NA
"SNV_cluster_0061","SNV","162","PAUKTD","SNV","residue 689",NA
"SNV_cluster_0061","SNV","170","PAUPFF","SNV","residue 689",NA
"SNV_cluster_0061","SNV","171","PAURCM","SNV","residue 689",NA
"SNV_cluster_0061","SNV","188","PAUVTP","SNV","residue 689",NA
"SNV_cluster_0061","SNV","199","PAVAWP","SNV","residue 689",NA
"SNV_cluster_0061","SNV","207","PAVEUZ","SNV","residue 689",NA
"SNV_cluster_0061","SNV","216","PAVJLJ","SNV","residue 658",NA
"SNV_cluster_0061","SNV","242","PAVUTN","SNV","residue 689",NA
"SNV_cluster_0061","SNV","244","PAVVDS","SNV","residue 689",NA
"SNV_cluster_0061","SNV","256","PAVZKL","SNV","residue 689",NA
"SNV_cluster_0061","SNV","257","PAVZLS","SNV","residue 689",NA
"SNV_cluster_0062","SNV","10","PARIZN","SNV","residue 689",NA
"SNV_cluster_0062","SNV","14","PARJXW","SNV","residue 689",NA
"SNV_cluster_0062","SNV","298","PARTFR","SNV","residue 689",NA
"SNV_cluster_0062","SNV","324","PARTUK","SNV","residue 689",NA
"SNV_cluster_0062","SNV","33","PARWTI","SNV","residue 689",NA
"SNV_cluster_0062","SNV","39","PASGUH","SNV","residue 689",NA
"SNV_cluster_0062","SNV","44","PASIIY","SNV","residue 689",NA
"SNV_cluster_0062","SNV","46","PASJLN","SNV","residue 689",NA
"SNV_cluster_0062","SNV","72","PASWBJ","SNV","residue 611",NA
"SNV_cluster_0062","SNV","73","PASWNU","SNV","residue 670",NA
"SNV_cluster_0062","SNV","95","PATEAK","SNV","residue 689",NA
"SNV_cluster_0062","SNV","96","PATEAK","SNV","residue 689",NA
"SNV_cluster_0062","SNV","113","PATKHZ","SNV","residue 689",NA
"SNV_cluster_0062","SNV","137","PATZYE","SNV","residue 689",NA
"SNV_cluster_0062","SNV","309","PAUCIB","SNV","residue 689",NA
"SNV_cluster_0062","SNV","312","PAUFGV","SNV","residue 670",NA
"SNV_cluster_0062","SNV","149","PAUGDZ","SNV","residue 673",NA
"SNV_cluster_0062","SNV","150","PAUGEJ","SNV","residue 689",NA
"SNV_cluster_0062","SNV","160","PAUKIF","SNV","residue 689",NA
"SNV_cluster_0062","SNV","162","PAUKTD","SNV","residue 689",NA
"SNV_cluster_0062","SNV","170","PAUPFF","SNV","residue 689",NA
"SNV_cluster_0062","SNV","171","PAURCM","SNV","residue 689",NA
"SNV_cluster_0062","SNV","183","PAUTSB","SNV","residue 611",NA
"SNV_cluster_0062","SNV","188","PAUVTP","SNV","residue 689",NA
"SNV_cluster_0062","SNV","199","PAVAWP","SNV","residue 689",NA
"SNV_cluster_0062","SNV","207","PAVEUZ","SNV","residue 689",NA
"SNV_cluster_0062","SNV","216","PAVJLJ","SNV","residue 658",NA
"SNV_cluster_0062","SNV","242","PAVUTN","SNV","residue 689",NA
"SNV_cluster_0062","SNV","244","PAVVDS","SNV","residue 689",NA
"SNV_cluster_0062","SNV","256","PAVZKL","SNV","residue 689",NA
"SNV_cluster_0062","SNV","257","PAVZLS","SNV","residue 689",NA
"SNV_cluster_0063","SNV","10","PARIZN","SNV","residue 689",NA
"SNV_cluster_0063","SNV","14","PARJXW","SNV","residue 689",NA
"SNV_cluster_0063","SNV","298","PARTFR","SNV","residue 689",NA
"SNV_cluster_0063","SNV","324","PARTUK","SNV","residue 689",NA
"SNV_cluster_0063","SNV","33","PARWTI","SNV","residue 689",NA
"SNV_cluster_0063","SNV","39","PASGUH","SNV","residue 689",NA
"SNV_cluster_0063","SNV","44","PASIIY","SNV","residue 689",NA
"SNV_cluster_0063","SNV","46","PASJLN","SNV","residue 689",NA
"SNV_cluster_0063","SNV","51","PASKWG","SNV","residue 564",NA
"SNV_cluster_0063","SNV","60","PASRTM","SNV","residue 385",NA
"SNV_cluster_0063","SNV","72","PASWBJ","SNV","residue 611",NA
"SNV_cluster_0063","SNV","73","PASWNU","SNV","residue 670",NA
"SNV_cluster_0063","SNV","90","PATDBC","SNV","residue 393",NA
"SNV_cluster_0063","SNV","95","PATEAK","SNV","residue 689",NA
"SNV_cluster_0063","SNV","96","PATEAK","SNV","residue 689",NA
"SNV_cluster_0063","SNV","113","PATKHZ","SNV","residue 689",NA
"SNV_cluster_0063","SNV","122","PATRGV","SNV","residue 526",NA
"SNV_cluster_0063","SNV","126","PATTHM","SNV","residue 564",NA
"SNV_cluster_0063","SNV","137","PATZYE","SNV","residue 689",NA
"SNV_cluster_0063","SNV","309","PAUCIB","SNV","residue 689",NA
"SNV_cluster_0063","SNV","312","PAUFGV","SNV","residue 670",NA
"SNV_cluster_0063","SNV","149","PAUGDZ","SNV","residue 673",NA
"SNV_cluster_0063","SNV","150","PAUGEJ","SNV","residue 689",NA
"SNV_cluster_0063","SNV","160","PAUKIF","SNV","residue 689",NA
"SNV_cluster_0063","SNV","161","PAUKMA","SNV","residue 385",NA
"SNV_cluster_0063","SNV","162","PAUKTD","SNV","residue 689",NA
"SNV_cluster_0063","SNV","170","PAUPFF","SNV","residue 689",NA
"SNV_cluster_0063","SNV","171","PAURCM","SNV","residue 689",NA
"SNV_cluster_0063","SNV","174","PAURSX","SNV","residue 544",NA
"SNV_cluster_0063","SNV","183","PAUTSB","SNV","residue 611",NA
"SNV_cluster_0063","SNV","186","PAUTWN","SNV","residue 564",NA
"SNV_cluster_0063","SNV","188","PAUVTP","SNV","residue 689",NA
"SNV_cluster_0063","SNV","199","PAVAWP","SNV","residue 689",NA
"SNV_cluster_0063","SNV","207","PAVEUZ","SNV","residue 689",NA
"SNV_cluster_0063","SNV","216","PAVJLJ","SNV","residue 658",NA
"SNV_cluster_0063","SNV","242","PAVUTN","SNV","residue 689",NA
"SNV_cluster_0063","SNV","244","PAVVDS","SNV","residue 689",NA
"SNV_cluster_0063","SNV","256","PAVZKL","SNV","residue 689",NA
"SNV_cluster_0063","SNV","257","PAVZLS","SNV","residue 689",NA
"SNV_cluster_0063","SNV","265","PAWFRE","SNV","residue 556",NA
"SNV_cluster_0064","SNV","75","PASWNU","SNV","residue 278",NA
"SNV_cluster_0064","SNV","103","PATHSL","SNV","residue 278",NA
"SNV_cluster_0064","SNV","166","PAUMKW","SNV","residue 321",NA
"SNV_cluster_0064","SNV","3","PAUXAB","SNV","residue 268",NA
"SNV_cluster_0064","SNV","219","PAVJLJ","SNV","residue 242",NA
"SNV_cluster_0064","SNV","225","PAVLMY","SNV","residue 317",NA
"SNV_cluster_0064","SNV","316","PAWEUB","SNV","residue 278",NA
"INDEL_cluster_0001","INDEL","3","PARWMF","INDEL","residue 463",NA
"INDEL_cluster_0001","INDEL","4","PASKXA","INDEL","residue 690",NA
"INDEL_cluster_0001","INDEL","5","PASSEF","INDEL","residue 494",NA
"INDEL_cluster_0001","INDEL","6","PASZIY","INDEL","residue 657",NA
"INDEL_cluster_0001","INDEL","7","PASZIY","INDEL","residue 656",NA
"INDEL_cluster_0001","INDEL","8","PATDMN","INDEL","residue 400",NA
"INDEL_cluster_0001","INDEL","9","PATGXS","INDEL","residue 403",NA
"INDEL_cluster_0001","INDEL","10","PATKNX","INDEL","residue 366",NA
"INDEL_cluster_0001","INDEL","11","PATKNX","INDEL","residue 365",NA
"INDEL_cluster_0001","INDEL","12","PATKNX","INDEL","residue 363",NA
"INDEL_cluster_0001","INDEL","13","PATKNX","INDEL","residue 360",NA
"INDEL_cluster_0001","INDEL","14","PATRNH","INDEL","residue 660",NA
"INDEL_cluster_0001","INDEL","15","PATXAL","INDEL","residue 668",NA
"INDEL_cluster_0001","INDEL","16","PAURCM","INDEL","residue 396",NA
"INDEL_cluster_0001","INDEL","19","PAUWNU","INDEL","residue 465",NA
"INDEL_cluster_0001","INDEL","20","PAUWNU","INDEL","residue 465",NA
"INDEL_cluster_0001","INDEL","21","PAUWNU","INDEL","residue 465",NA
"INDEL_cluster_0001","INDEL","1","PAUXAB","INDEL","residue 654",NA
"INDEL_cluster_0002","INDEL","6","PASZIY","INDEL","residue 657",NA
"INDEL_cluster_0002","INDEL","7","PASZIY","INDEL","residue 656",NA
"INDEL_cluster_0002","INDEL","14","PATRNH","INDEL","residue 660",NA
"INDEL_cluster_0002","INDEL","15","PATXAL","INDEL","residue 668",NA
"INDEL_cluster_0002","INDEL","1","PAUXAB","INDEL","residue 654",NA
"INDEL_cluster_0003","INDEL","3","PARWMF","INDEL","residue 463",NA
"INDEL_cluster_0003","INDEL","8","PATDMN","INDEL","residue 400",NA
"INDEL_cluster_0003","INDEL","9","PATGXS","INDEL","residue 403",NA
"INDEL_cluster_0003","INDEL","16","PAURCM","INDEL","residue 396",NA
"INDEL_cluster_0003","INDEL","19","PAUWNU","INDEL","residue 465",NA
"INDEL_cluster_0003","INDEL","20","PAUWNU","INDEL","residue 465",NA
"INDEL_cluster_0003","INDEL","21","PAUWNU","INDEL","residue 465",NA
"INDEL_cluster_0004","INDEL","4","PASKXA","INDEL","residue 690",NA
"INDEL_cluster_0004","INDEL","6","PASZIY","INDEL","residue 657",NA
"INDEL_cluster_0004","INDEL","7","PASZIY","INDEL","residue 656",NA
"INDEL_cluster_0004","INDEL","14","PATRNH","INDEL","residue 660",NA
"INDEL_cluster_0004","INDEL","15","PATXAL","INDEL","residue 668",NA
"INDEL_cluster_0004","INDEL","1","PAUXAB","INDEL","residue 654",NA
"INDEL_cluster_0005","INDEL","6","PASZIY","INDEL","residue 657",NA
"INDEL_cluster_0005","INDEL","7","PASZIY","INDEL","residue 656",NA
"INDEL_cluster_0005","INDEL","14","PATRNH","INDEL","residue 660",NA
"INDEL_cluster_0005","INDEL","1","PAUXAB","INDEL","residue 654",NA
"INDEL_cluster_0006","INDEL","3","PARWMF","INDEL","residue 463",NA
"INDEL_cluster_0006","INDEL","4","PASKXA","INDEL","residue 690",NA
"INDEL_cluster_0006","INDEL","5","PASSEF","INDEL","residue 494",NA
"INDEL_cluster_0006","INDEL","6","PASZIY","INDEL","residue 657",NA
"INDEL_cluster_0006","INDEL","7","PASZIY","INDEL","residue 656",NA
"INDEL_cluster_0006","INDEL","8","PATDMN","INDEL","residue 400",NA
"INDEL_cluster_0006","INDEL","9","PATGXS","INDEL","residue 403",NA
"INDEL_cluster_0006","INDEL","10","PATKNX","INDEL","residue 366",NA
"INDEL_cluster_0006","INDEL","11","PATKNX","INDEL","residue 365",NA
"INDEL_cluster_0006","INDEL","12","PATKNX","INDEL","residue 363",NA
"INDEL_cluster_0006","INDEL","13","PATKNX","INDEL","residue 360",NA
"INDEL_cluster_0006","INDEL","14","PATRNH","INDEL","residue 660",NA
"INDEL_cluster_0006","INDEL","15","PATXAL","INDEL","residue 668",NA
"INDEL_cluster_0006","INDEL","16","PAURCM","INDEL","residue 396",NA
"INDEL_cluster_0006","INDEL","19","PAUWNU","INDEL","residue 465",NA
"INDEL_cluster_0006","INDEL","20","PAUWNU","INDEL","residue 465",NA
"INDEL_cluster_0006","INDEL","21","PAUWNU","INDEL","residue 465",NA
"INDEL_cluster_0006","INDEL","1","PAUXAB","INDEL","residue 654",NA
"INDEL_cluster_0006","INDEL","2","PAUXAB","INDEL","residue 268",NA
"INDEL_cluster_0007","INDEL","8","PATDMN","INDEL","residue 400",NA
"INDEL_cluster_0007","INDEL","9","PATGXS","INDEL","residue 403",NA
"INDEL_cluster_0007","INDEL","16","PAURCM","INDEL","residue 396",NA
"INDEL_cluster_0008","INDEL","3","PARWMF","INDEL","residue 463",NA
"INDEL_cluster_0008","INDEL","5","PASSEF","INDEL","residue 494",NA
"INDEL_cluster_0008","INDEL","8","PATDMN","INDEL","residue 400",NA
"INDEL_cluster_0008","INDEL","9","PATGXS","INDEL","residue 403",NA
"INDEL_cluster_0008","INDEL","10","PATKNX","INDEL","residue 366",NA
"INDEL_cluster_0008","INDEL","11","PATKNX","INDEL","residue 365",NA
"INDEL_cluster_0008","INDEL","12","PATKNX","INDEL","residue 363",NA
"INDEL_cluster_0008","INDEL","13","PATKNX","INDEL","residue 360",NA
"INDEL_cluster_0008","INDEL","16","PAURCM","INDEL","residue 396",NA
"INDEL_cluster_0008","INDEL","19","PAUWNU","INDEL","residue 465",NA
"INDEL_cluster_0008","INDEL","20","PAUWNU","INDEL","residue 465",NA
"INDEL_cluster_0008","INDEL","21","PAUWNU","INDEL","residue 465",NA
"INDEL_cluster_0009","INDEL","3","PARWMF","INDEL","residue 463",NA
"INDEL_cluster_0009","INDEL","5","PASSEF","INDEL","residue 494",NA
"INDEL_cluster_0009","INDEL","8","PATDMN","INDEL","residue 400",NA
"INDEL_cluster_0009","INDEL","9","PATGXS","INDEL","residue 403",NA
"INDEL_cluster_0009","INDEL","16","PAURCM","INDEL","residue 396",NA
"INDEL_cluster_0009","INDEL","19","PAUWNU","INDEL","residue 465",NA
"INDEL_cluster_0009","INDEL","20","PAUWNU","INDEL","residue 465",NA
"INDEL_cluster_0009","INDEL","21","PAUWNU","INDEL","residue 465",NA
"INDEL_cluster_0010","INDEL","3","PARWMF","INDEL","residue 463",NA
"INDEL_cluster_0010","INDEL","5","PASSEF","INDEL","residue 494",NA
"INDEL_cluster_0010","INDEL","8","PATDMN","INDEL","residue 400",NA
"INDEL_cluster_0010","INDEL","9","PATGXS","INDEL","residue 403",NA
"INDEL_cluster_0010","INDEL","10","PATKNX","INDEL","residue 366",NA
"INDEL_cluster_0010","INDEL","11","PATKNX","INDEL","residue 365",NA
"INDEL_cluster_0010","INDEL","12","PATKNX","INDEL","residue 363",NA
"INDEL_cluster_0010","INDEL","13","PATKNX","INDEL","residue 360",NA
"INDEL_cluster_0010","INDEL","16","PAURCM","INDEL","residue 396",NA
"INDEL_cluster_0010","INDEL","19","PAUWNU","INDEL","residue 465",NA
"INDEL_cluster_0010","INDEL","20","PAUWNU","INDEL","residue 465",NA
"INDEL_cluster_0010","INDEL","21","PAUWNU","INDEL","residue 465",NA
"INDEL_cluster_0010","INDEL","2","PAUXAB","INDEL","residue 268",NA
"INDEL_cluster_0011","INDEL","6","PASZIY","INDEL","residue 657",NA
"INDEL_cluster_0011","INDEL","7","PASZIY","INDEL","residue 656",NA
"INDEL_cluster_0011","INDEL","10","PATKNX","INDEL","residue 366",NA
"INDEL_cluster_0011","INDEL","11","PATKNX","INDEL","residue 365",NA
"INDEL_cluster_0011","INDEL","14","PATRNH","INDEL","residue 660",NA
"INDEL_cluster_0011","INDEL","1","PAUXAB","INDEL","residue 654",NA
"INDEL_cluster_0012","INDEL","9","PATGXS","INDEL","residue 403",NA
"INDEL_cluster_0012","INDEL","16","PAURCM","INDEL","residue 396",NA
"INDEL_cluster_0013","INDEL","3","PARWMF","INDEL","residue 463",NA
"INDEL_cluster_0013","INDEL","19","PAUWNU","INDEL","residue 465",NA
"INDEL_cluster_0013","INDEL","20","PAUWNU","INDEL","residue 465",NA
"INDEL_cluster_0013","INDEL","21","PAUWNU","INDEL","residue 465",NA
"INDEL_cluster_0014","INDEL","8","PATDMN","INDEL","residue 400",NA
"INDEL_cluster_0014","INDEL","9","PATGXS","INDEL","residue 403",NA
"INDEL_cluster_0015","INDEL","4","PASKXA","INDEL","residue 690",NA
"INDEL_cluster_0015","INDEL","15","PATXAL","INDEL","residue 668",NA
"INDEL_cluster_0016","INDEL","6","PASZIY","INDEL","residue 657",NA
"INDEL_cluster_0016","INDEL","7","PASZIY","INDEL","residue 656",NA
"INDEL_cluster_0016","INDEL","1","PAUXAB","INDEL","residue 654",NA
"INDEL_cluster_0017","INDEL","10","PATKNX","INDEL","residue 366",NA
"INDEL_cluster_0017","INDEL","11","PATKNX","INDEL","residue 365",NA
"INDEL_cluster_0017","INDEL","14","PATRNH","INDEL","residue 660",NA
"INDEL_cluster_0018","INDEL","3","PARWMF","INDEL","residue 463",NA
"INDEL_cluster_0018","INDEL","5","PASSEF","INDEL","residue 494",NA
"INDEL_cluster_0018","INDEL","19","PAUWNU","INDEL","residue 465",NA
"INDEL_cluster_0018","INDEL","20","PAUWNU","INDEL","residue 465",NA
"INDEL_cluster_0018","INDEL","21","PAUWNU","INDEL","residue 465",NA
"INDEL_cluster_0019","INDEL","6","PASZIY","INDEL","residue 657",NA
"INDEL_cluster_0019","INDEL","7","PASZIY","INDEL","residue 656",NA
"INDEL_cluster_0019","INDEL","10","PATKNX","INDEL","residue 366",NA
"INDEL_cluster_0019","INDEL","11","PATKNX","INDEL","residue 365",NA
"INDEL_cluster_0019","INDEL","12","PATKNX","INDEL","residue 363",NA
"INDEL_cluster_0019","INDEL","13","PATKNX","INDEL","residue 360",NA
"INDEL_cluster_0019","INDEL","14","PATRNH","INDEL","residue 660",NA
"INDEL_cluster_0019","INDEL","1","PAUXAB","INDEL","residue 654",NA
"INDEL_cluster_0020","INDEL","8","PATDMN","INDEL","residue 400",NA
"INDEL_cluster_0020","INDEL","9","PATGXS","INDEL","residue 403",NA
"INDEL_cluster_0020","INDEL","10","PATKNX","INDEL","residue 366",NA
"INDEL_cluster_0020","INDEL","11","PATKNX","INDEL","residue 365",NA
"INDEL_cluster_0020","INDEL","12","PATKNX","INDEL","residue 363",NA
"INDEL_cluster_0020","INDEL","13","PATKNX","INDEL","residue 360",NA
"INDEL_cluster_0020","INDEL","16","PAURCM","INDEL","residue 396",NA
"INDEL_cluster_0021","INDEL","4","PASKXA","INDEL","residue 690",NA
"INDEL_cluster_0021","INDEL","6","PASZIY","INDEL","residue 657",NA
"INDEL_cluster_0021","INDEL","7","PASZIY","INDEL","residue 656",NA
"INDEL_cluster_0021","INDEL","10","PATKNX","INDEL","residue 366",NA
"INDEL_cluster_0021","INDEL","11","PATKNX","INDEL","residue 365",NA
"INDEL_cluster_0021","INDEL","12","PATKNX","INDEL","residue 363",NA
"INDEL_cluster_0021","INDEL","13","PATKNX","INDEL","residue 360",NA
"INDEL_cluster_0021","INDEL","14","PATRNH","INDEL","residue 660",NA
"INDEL_cluster_0021","INDEL","15","PATXAL","INDEL","residue 668",NA
"INDEL_cluster_0021","INDEL","1","PAUXAB","INDEL","residue 654",NA
