"cluster_id","alteration_type","event_id","subject_id","event_type","detail","coding_fraction"
"SNV_cluster_0001","SNV","1","PARNSP","SNV","residue 318",NA
"SNV_cluster_0001","SNV","3","PASJMC","SNV","residue 318",NA
"SNV_cluster_0001","SNV","7","PASYNX","SNV","residue 318",NA
"SNV_cluster_0001","SNV","8","PATCTL","SNV","residue 315",NA
"SNV_cluster_0001","SNV","11","PATJLY","SNV","residue 316",NA
"SNV_cluster_0001","SNV","18","PAUBGA","SNV","residue 317",NA
"SNV_cluster_0001","SNV","13","PAVBUB","SNV","residue 314",NA
"SNV_cluster_0002","SNV","1","PARNSP","SNV","residue 318",NA
"SNV_cluster_0002","SNV","3","PASJMC","SNV","residue 318",NA
"SNV_cluster_0002","SNV","7","PASYNX","SNV","residue 318",NA
"SNV_cluster_0002","SNV","11","PATJLY","SNV","residue 316",NA
"SNV_cluster_0002","SNV","18","PAUBGA","SNV","residue 317",NA
"SNV_cluster_0003","SNV","1","PARNSP","SNV","residue 318",NA
"SNV_cluster_0003","SNV","2","PARSJG","SNV","residue 331",NA
"SNV_cluster_0003","SNV","3","PASJMC","SNV","residue 318",NA
"SNV_cluster_0003","SNV","6","PASKXA","SNV","residue 307",NA
"SNV_cluster_0003","SNV","7","PASYNX","SNV","residue 318",NA
"SNV_cluster_0003","SNV","8","PATCTL","SNV","residue 315",NA
"SNV_cluster_0003","SNV","11","PATJLY","SNV","residue 316",NA
"SNV_cluster_0003","SNV","18","PAUBGA","SNV","residue 317",NA
"SNV_cluster_0003","SNV","13","PAVBUB","SNV","residue 314",NA
"SNV_cluster_0003","SNV","14","PAVHBL","SNV","residue 310",NA
"SNV_cluster_0004","SNV","1","PARNSP","SNV","residue 318",NA
"SNV_cluster_0004","SNV","3","PASJMC","SNV","residue 318",NA
"SNV_cluster_0004","SNV","6","PASKXA","SNV","residue 307",NA
"SNV_cluster_0004","SNV","7","PASYNX","SNV","residue 318",NA
"SNV_cluster_0004","SNV","8","PATCTL","SNV","residue 315",NA
"SNV_cluster_0004","SNV","11","PATJLY","SNV","residue 316",NA
"SNV_cluster_0004","SNV","18","PAUBGA","SNV","residue 317",NA
"SNV_cluster_0004","SNV","13","PAVBUB","SNV","residue 314",NA
"SNV_cluster_0004","SNV","14","PAVHBL","SNV","residue 310",NA
"SNV_cluster_0005","SNV","1","PARNSP","SNV","residue 318",NA
"SNV_cluster_0005","SNV","2","PARSJG","SNV","residue 331",NA
"SNV_cluster_0005","SNV","3","PASJMC","SNV","residue 318",NA
"SNV_cluster_0005","SNV","5","PASKRN","SNV","residue 353",NA
"SNV_cluster_0005","SNV","6","PASKXA","SNV","residue 307",NA
"SNV_cluster_0005","SNV","7","PASYNX","SNV","residue 318",NA
"SNV_cluster_0005","SNV","8","PATCTL","SNV","residue 315",NA
"SNV_cluster_0005","SNV","9","PATDTN","SNV","residue 342",NA
"SNV_cluster_0005","SNV","10","PATFPU","SNV","residue 348",NA
"SNV_cluster_0005","SNV","11","PATJLY","SNV","residue 316",NA
"SNV_cluster_0005","SNV","18","PAUBGA","SNV","residue 317",NA
"SNV_cluster_0005","SNV","13","PAVBUB","SNV","residue 314",NA
"SNV_cluster_0005","SNV","14","PAVHBL","SNV","residue 310",NA
"SNV_cluster_0006","SNV","1","PARNSP","SNV","residue 318",NA
"SNV_cluster_0006","SNV","3","PASJMC","SNV","residue 318",NA
"SNV_cluster_0006","SNV","7","PASYNX","SNV","residue 318",NA
"SNV_cluster_0007","SNV","8","PATCTL","SNV","residue 315",NA
"SNV_cluster_0007","SNV","13","PAVBUB","SNV","residue 314",NA
"SNV_cluster_0008","SNV","11","PATJLY","SNV","residue 316",NA
"SNV_cluster_0008","SNV","18","PAUBGA","SNV","residue 317",NA
"SNV_cluster_0009","SNV","6","PASKXA","SNV","residue 307",NA
"SNV_cluster_0009","SNV","14","PAVHBL","SNV","residue 310",NA
"SNV_cluster_0010","SNV","5","PASKRN","SNV","residue 353",NA
"SNV_cluster_0010","SNV","10","PATFPU","SNV","residue 348",NA
"SNV_cluster_0011","SNV","2","PARSJG","SNV","residue 331",NA
"SNV_cluster_0011","SNV","6","PASKXA","SNV","residue 307",NA
"SNV_cluster_0011","SNV","14","PAVHBL","SNV","residue 310",NA
"SNV_cluster_0012","SNV","5","PASKRN","SNV","residue 353",NA
"SNV_cluster_0012","SNV","9","PATDTN","SNV","residue 342",NA
"SNV_cluster_0012","SNV","10","PATFPU","SNV","residue 348",NA
"SNV_cluster_0013","SNV","2","PARSJG","SNV","residue 331",NA
"SNV_cluster_0013","SNV","9","PATDTN","SNV","residue 342",NA
"SNV_cluster_0014","SNV","2","PARSJG","SNV","residue 331",NA
"SNV_cluster_0014","SNV","5","PASKRN","SNV","residue 353",NA
"SNV_cluster_0014","SNV","9","PATDTN","SNV","residue 342",NA
"SNV_cluster_0014","SNV","10","PATFPU","SNV","residue 348",NA
"INDEL_cluster_0001","INDEL","2","PARNSP","INDEL","residue 318",NA
"INDEL_cluster_0001","INDEL","7","PASJMC","INDEL","residue 319",NA
"INDEL_cluster_0001","INDEL","9","PASYNX","INDEL","residue 318",NA
"INDEL_cluster_0001","INDEL","11","PATCTL","INDEL","residue 315",NA
"INDEL_cluster_0001","INDEL","14","PATJLY","INDEL","residue 316",NA
"INDEL_cluster_0001","INDEL","21","PAUTWN","INDEL","residue 318",NA
"INDEL_cluster_0001","INDEL","28","PAWAKA","INDEL","residue 316",NA
"INDEL_cluster_0001","INDEL","32","PAWKXN","INDEL","residue 315",NA
"INDEL_cluster_0002","INDEL","2","PARNSP","INDEL","residue 318",NA
"INDEL_cluster_0002","INDEL","7","PASJMC","INDEL","residue 319",NA
"INDEL_cluster_0002","INDEL","9","PASYNX","INDEL","residue 318",NA
"INDEL_cluster_0002","INDEL","11","PATCTL","INDEL","residue 315",NA
"INDEL_cluster_0002","INDEL","14","PATJLY","INDEL","residue 316",NA
"INDEL_cluster_0002","INDEL","21","PAUTWN","INDEL","residue 318",NA
"INDEL_cluster_0002","INDEL","22","PAVAIR","INDEL","residue 326",NA
"INDEL_cluster_0002","INDEL","25","PAVLMX","INDEL","residue 332",NA
"INDEL_cluster_0002","INDEL","28","PAWAKA","INDEL","residue 316",NA
"INDEL_cluster_0002","INDEL","32","PAWKXN","INDEL","residue 315",NA
"INDEL_cluster_0003","INDEL","2","PARNSP","INDEL","residue 318",NA
"INDEL_cluster_0003","INDEL","7","PASJMC","INDEL","residue 319",NA
"INDEL_cluster_0003","INDEL","9","PASYNX","INDEL","residue 318",NA
"INDEL_cluster_0003","INDEL","11","PATCTL","INDEL","residue 315",NA
"INDEL_cluster_0003","INDEL","14","PATJLY","INDEL","residue 316",NA
"INDEL_cluster_0003","INDEL","1","PAUCIZ","INDEL","residue 341",NA
"INDEL_cluster_0003","INDEL","21","PAUTWN","INDEL","residue 318",NA
"INDEL_cluster_0003","INDEL","22","PAVAIR","INDEL","residue 326",NA
"INDEL_cluster_0003","INDEL","25","PAVLMX","INDEL","residue 332",NA
"INDEL_cluster_0003","INDEL","28","PAWAKA","INDEL","residue 316",NA
"INDEL_cluster_0003","INDEL","32","PAWKXN","INDEL","residue 315",NA
"INDEL_cluster_0004","INDEL","2","PARNSP","INDEL","residue 318",NA
"INDEL_cluster_0004","INDEL","6","PASFSI","INDEL","residue 300",NA
"INDEL_cluster_0004","INDEL","7","PASJMC","INDEL","residue 319",NA
"INDEL_cluster_0004","INDEL","9","PASYNX","INDEL","residue 318",NA
"INDEL_cluster_0004","INDEL","11","PATCTL","INDEL","residue 315",NA
"INDEL_cluster_0004","INDEL","14","PATJLY","INDEL","residue 316",NA
"INDEL_cluster_0004","INDEL","21","PAUTWN","INDEL","residue 318",NA
"INDEL_cluster_0004","INDEL","23","PAVIIW","INDEL","residue 297",NA
"INDEL_cluster_0004","INDEL","24","PAVKJU","INDEL","residue 299",NA
"INDEL_cluster_0004","INDEL","28","PAWAKA","INDEL","residue 316",NA
"INDEL_cluster_0004","INDEL","32","PAWKXN","INDEL","residue 315",NA
"INDEL_cluster_0005","INDEL","2","PARNSP","INDEL","residue 318",NA
"INDEL_cluster_0005","INDEL","6","PASFSI","INDEL","residue 300",NA
"INDEL_cluster_0005","INDEL","7","PASJMC","INDEL","residue 319",NA
"INDEL_cluster_0005","INDEL","9","PASYNX","INDEL","residue 318",NA
"INDEL_cluster_0005","INDEL","11","PATCTL","INDEL","residue 315",NA
"INDEL_cluster_0005","INDEL","14","PATJLY","INDEL","residue 316",NA
"INDEL_cluster_0005","INDEL","1","PAUCIZ","INDEL","residue 341",NA
"INDEL_cluster_0005","INDEL","21","PAUTWN","INDEL","residue 318",NA
"INDEL_cluster_0005","INDEL","22","PAVAIR","INDEL","residue 326",NA
"INDEL_cluster_0005","INDEL","23","PAVIIW","INDEL","residue 297",NA
"INDEL_cluster_0005","INDEL","24","PAVKJU","INDEL","residue 299",NA
"INDEL_cluster_0005","INDEL","25","PAVLMX","INDEL","residue 332",NA
"INDEL_cluster_0005","INDEL","28","PAWAKA","INDEL","residue 316",NA
"INDEL_cluster_0005","INDEL","32","PAWKXN","INDEL","residue 315",NA
"INDEL_cluster_0006","INDEL","11","PATCTL","INDEL","residue 315",NA
"INDEL_cluster_0006","INDEL","14","PATJLY","INDEL","residue 316",NA
"INDEL_cluster_0006","INDEL","28","PAWAKA","INDEL","residue 316",NA
"INDEL_cluster_0006","INDEL","32","PAWKXN","INDEL","residue 315",NA
"INDEL_cluster_0007","INDEL","2","PARNSP","INDEL","residue 318",NA
"INDEL_cluster_0007","INDEL","7","PASJMC","INDEL","residue 319",NA
"INDEL_cluster_0007","INDEL","9","PASYNX","INDEL","residue 318",NA
"INDEL_cluster_0007","INDEL","21","PAUTWN","INDEL","residue 318",NA
"INDEL_cluster_0008","INDEL","2","PARNSP","INDEL","residue 318",NA
"INDEL_cluster_0008","INDEL","9","PASYNX","INDEL","residue 318",NA
"INDEL_cluster_0008","INDEL","21","PAUTWN","INDEL","residue 318",NA
"INDEL_cluster_0009","INDEL","11","PATCTL","INDEL","residue 315",NA
"INDEL_cluster_0009","INDEL","32","PAWKXN","INDEL","residue 315",NA
"INDEL_cluster_0010","INDEL","14","PATJLY","INDEL","residue 316",NA
"INDEL_cluster_0010","INDEL","28","PAWAKA","INDEL","residue 316",NA
"INDEL_cluster_0011","INDEL","6","PASFSI","INDEL","residue 300",NA
"INDEL_cluster_0011","INDEL","23","PAVIIW","INDEL","residue 297",NA
"INDEL_cluster_0011","INDEL","24","PAVKJU","INDEL","residue 299",NA
"INDEL_cluster_0012","INDEL","6","PASFSI","INDEL","residue 300",NA
"INDEL_cluster_0012","INDEL","24","PAVKJU","INDEL","residue 299",NA
"INDEL_cluster_0013","INDEL","22","PAVAIR","INDEL","residue 326",NA
"INDEL_cluster_0013","INDEL","25","PAVLMX","INDEL","residue 332",NA
"INDEL_cluster_0014","INDEL","1","PAUCIZ","INDEL","residue 341",NA
"INDEL_cluster_0014","INDEL","22","PAVAIR","INDEL","residue 326",NA
"INDEL_cluster_0014","INDEL","25","PAVLMX","INDEL","residue 332",NA
"HETDEL_cluster_0001","HETDEL","CNA_event_000001","PARFLD","HETDEL","exons 3",0.168
"HETDEL_cluster_0001","HETDEL","CNA_event_000002","PARJAY","HETDEL","exons 3",0.168
"HETDEL_cluster_0001","HETDEL","CNA_event_000003","PARJPL","HETDEL","exons 3",0.168
"HETDEL_cluster_0001","HETDEL","CNA_event_000004","PARNXJ","HETDEL","exons 3;7",0.822
"HETDEL_cluster_0001","HETDEL","CNA_event_000005","PARPET","HETDEL","exons 3",0.168
"HETDEL_cluster_0001","HETDEL","CNA_event_000007","PARSNX","HETDEL","exons 3",0.29
"HETDEL_cluster_0001","HETDEL","CNA_event_000008","PARWNW","HETDEL","exons 7",0.654
"HETDEL_cluster_0001","HETDEL","CNA_event_000009","PARXDJ","HETDEL","exons 3",0.168
"HETDEL_cluster_0001","HETDEL","CNA_event_000010","PARXPZ","HETDEL","exons 3;7",0.822
"HETDEL_cluster_0001","HETDEL","CNA_event_000011","PASGDZ","HETDEL","exons 3",0.168
"HETDEL_cluster_0001","HETDEL","CNA_event_000012","PASGUH","HETDEL","exons 3",0.168
"HETDEL_cluster_0001","HETDEL","CNA_event_000015","PASINX","HETDEL","exons 3",0.346
"HETDEL_cluster_0001","HETDEL","CNA_event_000016","PASIPN","HETDEL","exons 3",0.112
"HETDEL_cluster_0001","HETDEL","CNA_event_000018","PASJGV","HETDEL","exons 3",0.168
"HETDEL_cluster_0001","HETDEL","CNA_event_000019","PASKAD","HETDEL","exons 7",0.654
"HETDEL_cluster_0001","HETDEL","CNA_event_000021","PASKWG","HETDEL","exons 7",0.654
"HETDEL_cluster_0001","HETDEL","CNA_event_000022","PASKXA","HETDEL","exons 3",0.168
"HETDEL_cluster_0001","HETDEL","CNA_event_000023","PASLXY","HETDEL","exons 3",0.346
"HETDEL_cluster_0001","HETDEL","CNA_event_000024","PASPDS","HETDEL","exons 3",0.355
"HETDEL_cluster_0001","HETDEL","CNA_event_000025","PASPLG","HETDEL","exons 3",0.425
"HETDEL_cluster_0001","HETDEL","CNA_event_000026","PASPNW","HETDEL","exons 3;7",0.822
"HETDEL_cluster_0001","HETDEL","CNA_event_000027","PASRAF","HETDEL","exons 3",0.168
"HETDEL_cluster_0001","HETDEL","CNA_event_000028","PASRMM","HETDEL","exons 3",0.346
"HETDEL_cluster_0001","HETDEL","CNA_event_000030","PASRSE","HETDEL","exons 3",0.168
"HETDEL_cluster_0001","HETDEL","CNA_event_000031","PASRUK","HETDEL","exons 3",0.168
"HETDEL_cluster_0001","HETDEL","CNA_event_000032","PASTCH","HETDEL","exons 3",0.457
"HETDEL_cluster_0001","HETDEL","CNA_event_000033","PASTHE","HETDEL","exons 3",0.425
"HETDEL_cluster_0001","HETDEL","CNA_event_000034","PASUSV","HETDEL","exons 3;7",0.822
"HETDEL_cluster_0001","HETDEL","CNA_event_000035","PASVWH","HETDEL","exons 3",0.168
"HETDEL_cluster_0001","HETDEL","CNA_event_000036","PASVZJ","HETDEL","exons 3",0.168
"HETDEL_cluster_0001","HETDEL","CNA_event_000037","PASWXB","HETDEL","exons 3",0.168
"HETDEL_cluster_0001","HETDEL","CNA_event_000038","PASWYU","HETDEL","exons 7",0.586
"HETDEL_cluster_0001","HETDEL","CNA_event_000039","PASYNX","HETDEL","exons 7",0.36
"HETDEL_cluster_0001","HETDEL","CNA_event_000040","PASYSJ","HETDEL","exons 3",0.168
"HETDEL_cluster_0001","HETDEL","CNA_event_000041","PASYVU","HETDEL","exons 3",0.168
"HETDEL_cluster_0001","HETDEL","CNA_event_000042","PASYWF","HETDEL","exons 7",0.654
"HETDEL_cluster_0001","HETDEL","CNA_event_000043","PASZAY","HETDEL","exons 3",0.168
"HETDEL_cluster_0001","HETDEL","CNA_event_000044","PATALF","HETDEL","exons 3",0.425
"HETDEL_cluster_0001","HETDEL","CNA_event_000045","PATBTX","HETDEL","exons 3",0.168
"HETDEL_cluster_0001","HETDEL","CNA_event_000047","PATDTN","HETDEL","exons 3",0.168
"HETDEL_cluster_0001","HETDEL","CNA_event_000048","PATFPU","HETDEL","exons 3",0.168
"HETDEL_cluster_0001","HETDEL","CNA_event_000050","PATHFE","HETDEL","exons 3;7",0.822
"HETDEL_cluster_0001","HETDEL","CNA_event_000052","PATJLY","HETDEL","exons 3",0.355
"HETDEL_cluster_0001","HETDEL","CNA_event_000054","PATKZH","HETDEL","exons 3",0.346
"HETDEL_cluster_0001","HETDEL","CNA_event_000055","PATLLH","HETDEL","exons 3",0.425
"HETDEL_cluster_0001","HETDEL","CNA_event_000057","PATPDA","HETDEL","exons 3;7",0.664
"HETDEL_cluster_0001","HETDEL","CNA_event_000058","PATRAB","HETDEL","exons 3",0.168
"HETDEL_cluster_0001","HETDEL","CNA_event_000059","PATRKV","HETDEL","exons 3",0.223
"HETDEL_cluster_0001","HETDEL","CNA_event_000060","PATSPG","HETDEL","exons 3",0.346
"HETDEL_cluster_0001","HETDEL","CNA_event_000061","PATWJU","HETDEL","exons 3",0.168
"HETDEL_cluster_0001","HETDEL","CNA_event_000063","PATZST","HETDEL","exons 3",0.168
"HETDEL_cluster_0001","HETDEL","CNA_event_000064","PATZYR","HETDEL","exons 3",0.168
"HETDEL_cluster_0001","HETDEL","CNA_event_000065","PAUAKN","HETDEL","exons 3",0.168
"HETDEL_cluster_0001","HETDEL","CNA_event_000066","PAUAZV","HETDEL","exons 3",0.168
"HETDEL_cluster_0001","HETDEL","CNA_event_000067","PAUBCT","HETDEL","exons 3",0.168
"HETDEL_cluster_0001","HETDEL","CNA_event_000070","PAUCDC","HETDEL","exons 3;7",0.822
"HETDEL_cluster_0001","HETDEL","CNA_event_000071","PAUEDT","HETDEL","exons 3",0.168
"HETDEL_cluster_0001","HETDEL","CNA_event_000074","PAUEVJ","HETDEL","exons 3",0.168
"HETDEL_cluster_0001","HETDEL","CNA_event_000075","PAUEXN","HETDEL","exons 3",0.206
"HETDEL_cluster_0001","HETDEL","CNA_event_000077","PAUGDT","HETDEL","exons 3",0.168
"HETDEL_cluster_0001","HETDEL","CNA_event_000078","PAUGLY","HETDEL","exons 3",0.346
"HETDEL_cluster_0001","HETDEL","CNA_event_000079","PAUIEM","HETDEL","exons 7",0.654
"HETDEL_cluster_0001","HETDEL","CNA_event_000080","PAUIFA","HETDEL","exons 3",0.168
"HETDEL_cluster_0001","HETDEL","CNA_event_000081","PAUJVL","HETDEL","exons 3",0.346
"HETDEL_cluster_0001","HETDEL","CNA_event_000083","PAUKZJ","HETDEL","exons 3;7",0.608
"HETDEL_cluster_0001","HETDEL","CNA_event_000084","PAULCK","HETDEL","exons 3",0.168
"HETDEL_cluster_0001","HETDEL","CNA_event_000085","PAULGX","HETDEL","exons 7",0.239
"HETDEL_cluster_0001","HETDEL","CNA_event_000087","PAUMLX","HETDEL","exons 3",0.346
"HETDEL_cluster_0001","HETDEL","CNA_event_000088","PAUMXB","HETDEL","exons 3",0.346
"HETDEL_cluster_0001","HETDEL","CNA_event_000089","PAUPUW","HETDEL","exons 3",0.168
"HETDEL_cluster_0001","HETDEL","CNA_event_000090","PAURLU","HETDEL","exons 3",0.168
"HETDEL_cluster_0001","HETDEL","CNA_event_000091","PAUSIS","HETDEL","exons 3;7",0.822
"HETDEL_cluster_0001","HETDEL","CNA_event_000092","PAUTBB","HETDEL","exons 3",0.168
"HETDEL_cluster_0001","HETDEL","CNA_event_000093","PAUTUL","HETDEL","exons 3;7",0.664
"HETDEL_cluster_0001","HETDEL","CNA_event_000094","PAUUAL","HETDEL","exons 3",0.168
"HETDEL_cluster_0001","HETDEL","CNA_event_000095","PAUUIK","HETDEL","exons 3",0.168
"HETDEL_cluster_0001","HETDEL","CNA_event_000096","PAUWMZ","HETDEL","exons 3",0.168
"HETDEL_cluster_0001","HETDEL","CNA_event_000097","PAUWXI","HETDEL","exons 3;7",0.822
"HETDEL_cluster_0001","HETDEL","CNA_event_000098","PAUXCW","HETDEL","exons 3",0.168
"HETDEL_cluster_0001","HETDEL","CNA_event_000099","PAUXKE","HETDEL","exons 3",0.168
"HETDEL_cluster_0001","HETDEL","CNA_event_000100","PAUXRM","HETDEL","exons 3",0.279
"HETDEL_cluster_0001","HETDEL","CNA_event_000101","PAUXYI","HETDEL","exons 3",0.355
"HETDEL_cluster_0001","HETDEL","CNA_event_000102","PAUYJF","HETDEL","exons 3",0.425
"HETDEL_cluster_0001","HETDEL","CNA_event_000104","PAVCRK","HETDEL","exons 3",0.168
"HETDEL_cluster_0001","HETDEL","CNA_event_000105","PAVFAX","HETDEL","exons 3",0.168
"HETDEL_cluster_0001","HETDEL","CNA_event_000106","PAVHAA","HETDEL","exons 3",0.168
"HETDEL_cluster_0001","HETDEL","CNA_event_000107","PAVHBL","HETDEL","exons 3",0.168
"HETDEL_cluster_0001","HETDEL","CNA_event_000108","PAVHGX","HETDEL","exons 3",0.168
"HETDEL_cluster_0001","HETDEL","CNA_event_000112","PAVKPV","HETDEL","exons 3",0.168
"HETDEL_cluster_0001","HETDEL","CNA_event_000114","PAVLLU","HETDEL","exons 3",0.168
"HETDEL_cluster_0001","HETDEL","CNA_event_000115","PAVMKN","HETDEL","exons 3",0.168
"HETDEL_cluster_0001","HETDEL","CNA_event_000116","PAVMPT","HETDEL","exons 3",0.279
"HETDEL_cluster_0001","HETDEL","CNA_event_000117","PAVNGZ","HETDEL","exons 3",0.168
"HETDEL_cluster_0001","HETDEL","CNA_event_000119","PAVNTB","HETDEL","exons 3",0.168
"HETDEL_cluster_0001","HETDEL","CNA_event_000120","PAVPCB","HETDEL","exons 3",0.206
"HETDEL_cluster_0001","HETDEL","CNA_event_000121","PAVRXK","HETDEL","exons 3;7",0.932
"HETDEL_cluster_0001","HETDEL","CNA_event_000124","PAVWDF","HETDEL","exons 3",0.168
"HETDEL_cluster_0001","HETDEL","CNA_event_000125","PAVWNL","HETDEL","exons 3",0.346
"HETDEL_cluster_0001","HETDEL","CNA_event_000129","PAVYTZ","HETDEL","exons 3",0.168
"HETDEL_cluster_0001","HETDEL","CNA_event_000130","PAVZCF","HETDEL","exons 3",0.425
"HETDEL_cluster_0001","HETDEL","CNA_event_000131","PAWAIM","HETDEL","exons 3",0.168
"HETDEL_cluster_0001","HETDEL","CNA_event_000132","PAWAIN","HETDEL","exons 3",0.168
"HETDEL_cluster_0001","HETDEL","CNA_event_000133","PAWAKA","HETDEL","exons 3",0.168
"HETDEL_cluster_0001","HETDEL","CNA_event_000134","PAWDEK","HETDEL","exons 3",0.168
"HETDEL_cluster_0001","HETDEL","CNA_event_000135","PAWDMI","HETDEL","exons 3",0.168
"HETDEL_cluster_0001","HETDEL","CNA_event_000136","PAWDWJ","HETDEL","exons 3;7",0.822
"HETDEL_cluster_0001","HETDEL","CNA_event_000137","PAWEEC","HETDEL","exons 3",0.168
"HETDEL_cluster_0001","HETDEL","CNA_event_000138","PAWEEX","HETDEL","exons 3",0.112
"HETDEL_cluster_0001","HETDEL","CNA_event_000139","PAWESJ","HETDEL","exons 3",0.346
"HETDEL_cluster_0001","HETDEL","CNA_event_000140","PAWETD","HETDEL","exons 3;7",0.822
"HETDEL_cluster_0001","HETDEL","CNA_event_000141","PAWFNJ","HETDEL","exons 3",0.346
"HETDEL_cluster_0001","HETDEL","CNA_event_000142","PAWFWF","HETDEL","exons 3",0.346
"HETDEL_cluster_0001","HETDEL","CNA_event_000143","PAWGCK","HETDEL","exons 3",0.168
"HETDEL_cluster_0001","HETDEL","CNA_event_000144","PAWGIT","HETDEL","exons 3",0.168
"HETDEL_cluster_0001","HETDEL","CNA_event_000145","PAWGXM","HETDEL","exons 7",0.496
"HETDEL_cluster_0001","HETDEL","CNA_event_000146","PAWGZM","HETDEL","exons 3",0.168
"HETDEL_cluster_0001","HETDEL","CNA_event_000147","PAWIWS","HETDEL","exons 3",0.355
"HETDEL_cluster_0001","HETDEL","CNA_event_000148","PAWJKX","HETDEL","exons 3",0.168
"HETDEL_cluster_0001","HETDEL","CNA_event_000149","PAWJYN","HETDEL","exons 3",0.346
"HETDEL_cluster_0002","HETDEL","CNA_event_000001","PARFLD","HETDEL","exons 2",0.168
"HETDEL_cluster_0002","HETDEL","CNA_event_000002","PARJAY","HETDEL","exons 2",0.168
"HETDEL_cluster_0002","HETDEL","CNA_event_000003","PARJPL","HETDEL","exons 2",0.168
"HETDEL_cluster_0002","HETDEL","CNA_event_000004","PARNXJ","HETDEL","exons 2",0.822
"HETDEL_cluster_0002","HETDEL","CNA_event_000005","PARPET","HETDEL","exons 2",0.168
"HETDEL_cluster_0002","HETDEL","CNA_event_000007","PARSNX","HETDEL","exons 1;2",0.29
"HETDEL_cluster_0002","HETDEL","CNA_event_000009","PARXDJ","HETDEL","exons 2",0.168
"HETDEL_cluster_0002","HETDEL","CNA_event_000010","PARXPZ","HETDEL","exons 2",0.822
"HETDEL_cluster_0002","HETDEL","CNA_event_000011","PASGDZ","HETDEL","exons 2",0.168
"HETDEL_cluster_0002","HETDEL","CNA_event_000012","PASGUH","HETDEL","exons 2",0.168
"HETDEL_cluster_0002","HETDEL","CNA_event_000013","PASILW","HETDEL","exons 1",0.178
"HETDEL_cluster_0002","HETDEL","CNA_event_000015","PASINX","HETDEL","exons 1;2",0.346
"HETDEL_cluster_0002","HETDEL","CNA_event_000017","PASIPN","HETDEL","exons 2",0.056
"HETDEL_cluster_0002","HETDEL","CNA_event_000018","PASJGV","HETDEL","exons 2",0.168
"HETDEL_cluster_0002","HETDEL","CNA_event_000022","PASKXA","HETDEL","exons 2",0.168
"HETDEL_cluster_0002","HETDEL","CNA_event_000023","PASLXY","HETDEL","exons 1;2",0.346
"HETDEL_cluster_0002","HETDEL","CNA_event_000024","PASPDS","HETDEL","exons 2",0.355
"HETDEL_cluster_0002","HETDEL","CNA_event_000025","PASPLG","HETDEL","exons 2",0.425
"HETDEL_cluster_0002","HETDEL","CNA_event_000026","PASPNW","HETDEL","exons 2",0.822
"HETDEL_cluster_0002","HETDEL","CNA_event_000027","PASRAF","HETDEL","exons 2",0.168
"HETDEL_cluster_0002","HETDEL","CNA_event_000028","PASRMM","HETDEL","exons 1;2",0.346
"HETDEL_cluster_0002","HETDEL","CNA_event_000030","PASRSE","HETDEL","exons 2",0.168
"HETDEL_cluster_0002","HETDEL","CNA_event_000031","PASRUK","HETDEL","exons 2",0.168
"HETDEL_cluster_0002","HETDEL","CNA_event_000032","PASTCH","HETDEL","exons 1;2",0.457
"HETDEL_cluster_0002","HETDEL","CNA_event_000033","PASTHE","HETDEL","exons 2",0.425
"HETDEL_cluster_0002","HETDEL","CNA_event_000034","PASUSV","HETDEL","exons 2",0.822
"HETDEL_cluster_0002","HETDEL","CNA_event_000035","PASVWH","HETDEL","exons 2",0.168
"HETDEL_cluster_0002","HETDEL","CNA_event_000036","PASVZJ","HETDEL","exons 2",0.168
"HETDEL_cluster_0002","HETDEL","CNA_event_000037","PASWXB","HETDEL","exons 2",0.168
"HETDEL_cluster_0002","HETDEL","CNA_event_000040","PASYSJ","HETDEL","exons 2",0.168
"HETDEL_cluster_0002","HETDEL","CNA_event_000041","PASYVU","HETDEL","exons 2",0.168
"HETDEL_cluster_0002","HETDEL","CNA_event_000043","PASZAY","HETDEL","exons 2",0.168
"HETDEL_cluster_0002","HETDEL","CNA_event_000044","PATALF","HETDEL","exons 2",0.425
"HETDEL_cluster_0002","HETDEL","CNA_event_000045","PATBTX","HETDEL","exons 2",0.168
"HETDEL_cluster_0002","HETDEL","CNA_event_000047","PATDTN","HETDEL","exons 2",0.168
"HETDEL_cluster_0002","HETDEL","CNA_event_000048","PATFPU","HETDEL","exons 2",0.168
"HETDEL_cluster_0002","HETDEL","CNA_event_000050","PATHFE","HETDEL","exons 2",0.822
"HETDEL_cluster_0002","HETDEL","CNA_event_000052","PATJLY","HETDEL","exons 2",0.355
"HETDEL_cluster_0002","HETDEL","CNA_event_000054","PATKZH","HETDEL","exons 1;2",0.346
"HETDEL_cluster_0002","HETDEL","CNA_event_000055","PATLLH","HETDEL","exons 2",0.425
"HETDEL_cluster_0002","HETDEL","CNA_event_000056","PATNAM","HETDEL","exons 1;2",0.234
"HETDEL_cluster_0002","HETDEL","CNA_event_000057","PATPDA","HETDEL","exons 2",0.664
"HETDEL_cluster_0002","HETDEL","CNA_event_000058","PATRAB","HETDEL","exons 2",0.168
"HETDEL_cluster_0002","HETDEL","CNA_event_000060","PATSPG","HETDEL","exons 1;2",0.346
"HETDEL_cluster_0002","HETDEL","CNA_event_000061","PATWJU","HETDEL","exons 2",0.168
"HETDEL_cluster_0002","HETDEL","CNA_event_000063","PATZST","HETDEL","exons 2",0.168
"HETDEL_cluster_0002","HETDEL","CNA_event_000064","PATZYR","HETDEL","exons 2",0.168
"HETDEL_cluster_0002","HETDEL","CNA_event_000065","PAUAKN","HETDEL","exons 2",0.168
"HETDEL_cluster_0002","HETDEL","CNA_event_000066","PAUAZV","HETDEL","exons 2",0.168
"HETDEL_cluster_0002","HETDEL","CNA_event_000067","PAUBCT","HETDEL","exons 2",0.168
"HETDEL_cluster_0002","HETDEL","CNA_event_000070","PAUCDC","HETDEL","exons 2",0.822
"HETDEL_cluster_0002","HETDEL","CNA_event_000071","PAUEDT","HETDEL","exons 2",0.168
"HETDEL_cluster_0002","HETDEL","CNA_event_000072","PAUEUC","HETDEL","exons 1",0.178
"HETDEL_cluster_0002","HETDEL","CNA_event_000074","PAUEVJ","HETDEL","exons 2",0.168
"HETDEL_cluster_0002","HETDEL","CNA_event_000075","PAUEXN","HETDEL","exons 1;2",0.206
"HETDEL_cluster_0002","HETDEL","CNA_event_000077","PAUGDT","HETDEL","exons 2",0.168
"HETDEL_cluster_0002","HETDEL","CNA_event_000078","PAUGLY","HETDEL","exons 1;2",0.346
"HETDEL_cluster_0002","HETDEL","CNA_event_000080","PAUIFA","HETDEL","exons 2",0.168
"HETDEL_cluster_0002","HETDEL","CNA_event_000081","PAUJVL","HETDEL","exons 1;2",0.346
"HETDEL_cluster_0002","HETDEL","CNA_event_000084","PAULCK","HETDEL","exons 2",0.168
"HETDEL_cluster_0002","HETDEL","CNA_event_000087","PAUMLX","HETDEL","exons 1;2",0.346
"HETDEL_cluster_0002","HETDEL","CNA_event_000088","PAUMXB","HETDEL","exons 1;2",0.346
"HETDEL_cluster_0002","HETDEL","CNA_event_000089","PAUPUW","HETDEL","exons 2",0.168
"HETDEL_cluster_0002","HETDEL","CNA_event_000090","PAURLU","HETDEL","exons 2",0.168
"HETDEL_cluster_0002","HETDEL","CNA_event_000091","PAUSIS","HETDEL","exons 2",0.822
"HETDEL_cluster_0002","HETDEL","CNA_event_000092","PAUTBB","HETDEL","exons 2",0.168
"HETDEL_cluster_0002","HETDEL","CNA_event_000093","PAUTUL","HETDEL","exons 2",0.664
"HETDEL_cluster_0002","HETDEL","CNA_event_000094","PAUUAL","HETDEL","exons 2",0.168
"HETDEL_cluster_0002","HETDEL","CNA_event_000095","PAUUIK","HETDEL","exons 2",0.168
"HETDEL_cluster_0002","HETDEL","CNA_event_000096","PAUWMZ","HETDEL","exons 2",0.168
"HETDEL_cluster_0002","HETDEL","CNA_event_000097","PAUWXI","HETDEL","exons 2",0.822
"HETDEL_cluster_0002","HETDEL","CNA_event_000098","PAUXCW","HETDEL","exons 2",0.168
"HETDEL_cluster_0002","HETDEL","CNA_event_000099","PAUXKE","HETDEL","exons 2",0.168
"HETDEL_cluster_0002","HETDEL","CNA_event_000100","PAUXRM","HETDEL","exons 2",0.279
"HETDEL_cluster_0002","HETDEL","CNA_event_000101","PAUXYI","HETDEL","exons 2",0.355
"HETDEL_cluster_0002","HETDEL","CNA_event_000102","PAUYJF","HETDEL","exons 2",0.425
"HETDEL_cluster_0002","HETDEL","CNA_event_000104","PAVCRK","HETDEL","exons 2",0.168
"HETDEL_cluster_0002","HETDEL","CNA_event_000105","PAVFAX","HETDEL","exons 2",0.168
"HETDEL_cluster_0002","HETDEL","CNA_event_000106","PAVHAA","HETDEL","exons 2",0.168
"HETDEL_cluster_0002","HETDEL","CNA_event_000107","PAVHBL","HETDEL","exons 2",0.168
"HETDEL_cluster_0002","HETDEL","CNA_event_000108","PAVHGX","HETDEL","exons 2",0.168
"HETDEL_cluster_0002","HETDEL","CNA_event_000110","PAVKCV","HETDEL","exons 1",0.178
"HETDEL_cluster_0002","HETDEL","CNA_event_000112","PAVKPV","HETDEL","exons 2",0.168
"HETDEL_cluster_0002","HETDEL","CNA_event_000114","PAVLLU","HETDEL","exons 2",0.168
"HETDEL_cluster_0002","HETDEL","CNA_event_000115","PAVMKN","HETDEL","exons 2",0.168
"HETDEL_cluster_0002","HETDEL","CNA_event_000116","PAVMPT","HETDEL","exons 2",0.279
"HETDEL_cluster_0002","HETDEL","CNA_event_000117","PAVNGZ","HETDEL","exons 2",0.168
"HETDEL_cluster_0002","HETDEL","CNA_event_000119","PAVNTB","HETDEL","exons 2",0.168
"HETDEL_cluster_0002","HETDEL","CNA_event_000120","PAVPCB","HETDEL","exons 1;2",0.206
"HETDEL_cluster_0002","HETDEL","CNA_event_000121","PAVRXK","HETDEL","exons 1;2",0.932
"HETDEL_cluster_0002","HETDEL","CNA_event_000122","PAVVBE","HETDEL","exons 1",0.178
"HETDEL_cluster_0002","HETDEL","CNA_event_000124","PAVWDF","HETDEL","exons 2",0.168
"HETDEL_cluster_0002","HETDEL","CNA_event_000125","PAVWNL","HETDEL","exons 1;2",0.346
"HETDEL_cluster_0002","HETDEL","CNA_event_000126","PAVYAZ","HETDEL","exons 1",0.178
"HETDEL_cluster_0002","HETDEL","CNA_event_000129","PAVYTZ","HETDEL","exons 2",0.168
"HETDEL_cluster_0002","HETDEL","CNA_event_000130","PAVZCF","HETDEL","exons 2",0.425
"HETDEL_cluster_0002","HETDEL","CNA_event_000131","PAWAIM","HETDEL","exons 2",0.168
"HETDEL_cluster_0002","HETDEL","CNA_event_000132","PAWAIN","HETDEL","exons 2",0.168
"HETDEL_cluster_0002","HETDEL","CNA_event_000133","PAWAKA","HETDEL","exons 2",0.168
"HETDEL_cluster_0002","HETDEL","CNA_event_000134","PAWDEK","HETDEL","exons 2",0.168
"HETDEL_cluster_0002","HETDEL","CNA_event_000135","PAWDMI","HETDEL","exons 2",0.168
"HETDEL_cluster_0002","HETDEL","CNA_event_000136","PAWDWJ","HETDEL","exons 2",0.822
"HETDEL_cluster_0002","HETDEL","CNA_event_000137","PAWEEC","HETDEL","exons 2",0.168
"HETDEL_cluster_0002","HETDEL","CNA_event_000139","PAWESJ","HETDEL","exons 1;2",0.346
"HETDEL_cluster_0002","HETDEL","CNA_event_000140","PAWETD","HETDEL","exons 2",0.822
"HETDEL_cluster_0002","HETDEL","CNA_event_000141","PAWFNJ","HETDEL","exons 1;2",0.346
"HETDEL_cluster_0002","HETDEL","CNA_event_000142","PAWFWF","HETDEL","exons 1;2",0.346
"HETDEL_cluster_0002","HETDEL","CNA_event_000143","PAWGCK","HETDEL","exons 2",0.168
"HETDEL_cluster_0002","HETDEL","CNA_event_000144","PAWGIT","HETDEL","exons 2",0.168
"HETDEL_cluster_0002","HETDEL","CNA_event_000146","PAWGZM","HETDEL","exons 2",0.168
"HETDEL_cluster_0002","HETDEL","CNA_event_000147","PAWIWS","HETDEL","exons 2",0.355
"HETDEL_cluster_0002","HETDEL","CNA_event_000148","PAWJKX","HETDEL","exons 2",0.168
"HETDEL_cluster_0002","HETDEL","CNA_event_000149","PAWJYN","HETDEL","exons 1;2",0.346
"HETDEL_cluster_0003","HETDEL","CNA_event_000001","PARFLD","HETDEL","exons 3",0.168
"HETDEL_cluster_0003","HETDEL","CNA_event_000002","PARJAY","HETDEL","exons 3",0.168
"HETDEL_cluster_0003","HETDEL","CNA_event_000003","PARJPL","HETDEL","exons 3",0.168
"HETDEL_cluster_0003","HETDEL","CNA_event_000004","PARNXJ","HETDEL","exons 3;4",0.822
"HETDEL_cluster_0003","HETDEL","CNA_event_000005","PARPET","HETDEL","exons 3",0.168
"HETDEL_cluster_0003","HETDEL","CNA_event_000007","PARSNX","HETDEL","exons 3",0.29
"HETDEL_cluster_0003","HETDEL","CNA_event_000008","PARWNW","HETDEL","exons 4",0.654
"HETDEL_cluster_0003","HETDEL","CNA_event_000009","PARXDJ","HETDEL","exons 3",0.168
"HETDEL_cluster_0003","HETDEL","CNA_event_000010","PARXPZ","HETDEL","exons 3;4",0.822
"HETDEL_cluster_0003","HETDEL","CNA_event_000011","PASGDZ","HETDEL","exons 3",0.168
"HETDEL_cluster_0003","HETDEL","CNA_event_000012","PASGUH","HETDEL","exons 3",0.168
"HETDEL_cluster_0003","HETDEL","CNA_event_000015","PASINX","HETDEL","exons 3",0.346
"HETDEL_cluster_0003","HETDEL","CNA_event_000016","PASIPN","HETDEL","exons 3",0.112
"HETDEL_cluster_0003","HETDEL","CNA_event_000018","PASJGV","HETDEL","exons 3",0.168
"HETDEL_cluster_0003","HETDEL","CNA_event_000019","PASKAD","HETDEL","exons 4",0.654
"HETDEL_cluster_0003","HETDEL","CNA_event_000020","PASKLU","HETDEL","exons 4",0.111
"HETDEL_cluster_0003","HETDEL","CNA_event_000021","PASKWG","HETDEL","exons 4",0.654
"HETDEL_cluster_0003","HETDEL","CNA_event_000022","PASKXA","HETDEL","exons 3",0.168
"HETDEL_cluster_0003","HETDEL","CNA_event_000023","PASLXY","HETDEL","exons 3",0.346
"HETDEL_cluster_0003","HETDEL","CNA_event_000024","PASPDS","HETDEL","exons 3;4",0.355
"HETDEL_cluster_0003","HETDEL","CNA_event_000025","PASPLG","HETDEL","exons 3;4",0.425
"HETDEL_cluster_0003","HETDEL","CNA_event_000026","PASPNW","HETDEL","exons 3;4",0.822
"HETDEL_cluster_0003","HETDEL","CNA_event_000027","PASRAF","HETDEL","exons 3",0.168
"HETDEL_cluster_0003","HETDEL","CNA_event_000028","PASRMM","HETDEL","exons 3",0.346
"HETDEL_cluster_0003","HETDEL","CNA_event_000030","PASRSE","HETDEL","exons 3",0.168
"HETDEL_cluster_0003","HETDEL","CNA_event_000031","PASRUK","HETDEL","exons 3",0.168
"HETDEL_cluster_0003","HETDEL","CNA_event_000032","PASTCH","HETDEL","exons 3;4",0.457
"HETDEL_cluster_0003","HETDEL","CNA_event_000033","PASTHE","HETDEL","exons 3;4",0.425
"HETDEL_cluster_0003","HETDEL","CNA_event_000034","PASUSV","HETDEL","exons 3;4",0.822
"HETDEL_cluster_0003","HETDEL","CNA_event_000035","PASVWH","HETDEL","exons 3",0.168
"HETDEL_cluster_0003","HETDEL","CNA_event_000036","PASVZJ","HETDEL","exons 3",0.168
"HETDEL_cluster_0003","HETDEL","CNA_event_000037","PASWXB","HETDEL","exons 3",0.168
"HETDEL_cluster_0003","HETDEL","CNA_event_000038","PASWYU","HETDEL","exons 4",0.586
"HETDEL_cluster_0003","HETDEL","CNA_event_000039","PASYNX","HETDEL","exons 4",0.36
"HETDEL_cluster_0003","HETDEL","CNA_event_000040","PASYSJ","HETDEL","exons 3",0.168
"HETDEL_cluster_0003","HETDEL","CNA_event_000041","PASYVU","HETDEL","exons 3",0.168
"HETDEL_cluster_0003","HETDEL","CNA_event_000042","PASYWF","HETDEL","exons 4",0.654
"HETDEL_cluster_0003","HETDEL","CNA_event_000043","PASZAY","HETDEL","exons 3",0.168
"HETDEL_cluster_0003","HETDEL","CNA_event_000044","PATALF","HETDEL","exons 3;4",0.425
"HETDEL_cluster_0003","HETDEL","CNA_event_000045","PATBTX","HETDEL","exons 3",0.168
"HETDEL_cluster_0003","HETDEL","CNA_event_000046","PATCTR","HETDEL","exons 4",0.257
"HETDEL_cluster_0003","HETDEL","CNA_event_000047","PATDTN","HETDEL","exons 3",0.168
"HETDEL_cluster_0003","HETDEL","CNA_event_000048","PATFPU","HETDEL","exons 3",0.168
"HETDEL_cluster_0003","HETDEL","CNA_event_000050","PATHFE","HETDEL","exons 3;4",0.822
"HETDEL_cluster_0003","HETDEL","CNA_event_000052","PATJLY","HETDEL","exons 3;4",0.355
"HETDEL_cluster_0003","HETDEL","CNA_event_000054","PATKZH","HETDEL","exons 3",0.346
"HETDEL_cluster_0003","HETDEL","CNA_event_000055","PATLLH","HETDEL","exons 3;4",0.425
"HETDEL_cluster_0003","HETDEL","CNA_event_000057","PATPDA","HETDEL","exons 3;4",0.664
"HETDEL_cluster_0003","HETDEL","CNA_event_000058","PATRAB","HETDEL","exons 3",0.168
"HETDEL_cluster_0003","HETDEL","CNA_event_000059","PATRKV","HETDEL","exons 3;4",0.223
"HETDEL_cluster_0003","HETDEL","CNA_event_000060","PATSPG","HETDEL","exons 3",0.346
"HETDEL_cluster_0003","HETDEL","CNA_event_000061","PATWJU","HETDEL","exons 3",0.168
"HETDEL_cluster_0003","HETDEL","CNA_event_000063","PATZST","HETDEL","exons 3",0.168
"HETDEL_cluster_0003","HETDEL","CNA_event_000064","PATZYR","HETDEL","exons 3",0.168
"HETDEL_cluster_0003","HETDEL","CNA_event_000065","PAUAKN","HETDEL","exons 3",0.168
"HETDEL_cluster_0003","HETDEL","CNA_event_000066","PAUAZV","HETDEL","exons 3",0.168
"HETDEL_cluster_0003","HETDEL","CNA_event_000067","PAUBCT","HETDEL","exons 3",0.168
"HETDEL_cluster_0003","HETDEL","CNA_event_000070","PAUCDC","HETDEL","exons 3;4",0.822
"HETDEL_cluster_0003","HETDEL","CNA_event_000071","PAUEDT","HETDEL","exons 3",0.168
"HETDEL_cluster_0003","HETDEL","CNA_event_000074","PAUEVJ","HETDEL","exons 3",0.168
"HETDEL_cluster_0003","HETDEL","CNA_event_000075","PAUEXN","HETDEL","exons 3",0.206
"HETDEL_cluster_0003","HETDEL","CNA_event_000077","PAUGDT","HETDEL","exons 3",0.168
"HETDEL_cluster_0003","HETDEL","CNA_event_000078","PAUGLY","HETDEL","exons 3",0.346
"HETDEL_cluster_0003","HETDEL","CNA_event_000079","PAUIEM","HETDEL","exons 4",0.654
"HETDEL_cluster_0003","HETDEL","CNA_event_000080","PAUIFA","HETDEL","exons 3",0.168
"HETDEL_cluster_0003","HETDEL","CNA_event_000081","PAUJVL","HETDEL","exons 3",0.346
"HETDEL_cluster_0003","HETDEL","CNA_event_000083","PAUKZJ","HETDEL","exons 3;4",0.608
"HETDEL_cluster_0003","HETDEL","CNA_event_000084","PAULCK","HETDEL","exons 3",0.168
"HETDEL_cluster_0003","HETDEL","CNA_event_000087","PAUMLX","HETDEL","exons 3",0.346
"HETDEL_cluster_0003","HETDEL","CNA_event_000088","PAUMXB","HETDEL","exons 3",0.346
"HETDEL_cluster_0003","HETDEL","CNA_event_000089","PAUPUW","HETDEL","exons 3",0.168
"HETDEL_cluster_0003","HETDEL","CNA_event_000090","PAURLU","HETDEL","exons 3",0.168
"HETDEL_cluster_0003","HETDEL","CNA_event_000091","PAUSIS","HETDEL","exons 3;4",0.822
"HETDEL_cluster_0003","HETDEL","CNA_event_000092","PAUTBB","HETDEL","exons 3",0.168
"HETDEL_cluster_0003","HETDEL","CNA_event_000093","PAUTUL","HETDEL","exons 3;4",0.664
"HETDEL_cluster_0003","HETDEL","CNA_event_000094","PAUUAL","HETDEL","exons 3",0.168
"HETDEL_cluster_0003","HETDEL","CNA_event_000095","PAUUIK","HETDEL","exons 3",0.168
"HETDEL_cluster_0003","HETDEL","CNA_event_000096","PAUWMZ","HETDEL","exons 3",0.168
"HETDEL_cluster_0003","HETDEL","CNA_event_000097","PAUWXI","HETDEL","exons 3;4",0.822
"HETDEL_cluster_0003","HETDEL","CNA_event_000098","PAUXCW","HETDEL","exons 3",0.168
"HETDEL_cluster_0003","HETDEL","CNA_event_000099","PAUXKE","HETDEL","exons 3",0.168
"HETDEL_cluster_0003","HETDEL","CNA_event_000100","PAUXRM","HETDEL","exons 3;4",0.279
"HETDEL_cluster_0003","HETDEL","CNA_event_000101","PAUXYI","HETDEL","exons 3;4",0.355
"HETDEL_cluster_0003","HETDEL","CNA_event_000102","PAUYJF","HETDEL","exons 3;4",0.425
"HETDEL_cluster_0003","HETDEL","CNA_event_000104","PAVCRK","HETDEL","exons 3",0.168
"HETDEL_cluster_0003","HETDEL","CNA_event_000105","PAVFAX","HETDEL","exons 3",0.168
"HETDEL_cluster_0003","HETDEL","CNA_event_000106","PAVHAA","HETDEL","exons 3",0.168
"HETDEL_cluster_0003","HETDEL","CNA_event_000107","PAVHBL","HETDEL","exons 3",0.168
"HETDEL_cluster_0003","HETDEL","CNA_event_000108","PAVHGX","HETDEL","exons 3",0.168
"HETDEL_cluster_0003","HETDEL","CNA_event_000112","PAVKPV","HETDEL","exons 3",0.168
"HETDEL_cluster_0003","HETDEL","CNA_event_000114","PAVLLU","HETDEL","exons 3",0.168
"HETDEL_cluster_0003","HETDEL","CNA_event_000115","PAVMKN","HETDEL","exons 3",0.168
"HETDEL_cluster_0003","HETDEL","CNA_event_000116","PAVMPT","HETDEL","exons 3;4",0.279
"HETDEL_cluster_0003","HETDEL","CNA_event_000117","PAVNGZ","HETDEL","exons 3",0.168
"HETDEL_cluster_0003","HETDEL","CNA_event_000119","PAVNTB","HETDEL","exons 3",0.168
"HETDEL_cluster_0003","HETDEL","CNA_event_000120","PAVPCB","HETDEL","exons 3",0.206
"HETDEL_cluster_0003","HETDEL","CNA_event_000121","PAVRXK","HETDEL","exons 3;4",0.932
"HETDEL_cluster_0003","HETDEL","CNA_event_000123","PAVVDS","HETDEL","exons 4",0.257
"HETDEL_cluster_0003","HETDEL","CNA_event_000124","PAVWDF","HETDEL","exons 3",0.168
"HETDEL_cluster_0003","HETDEL","CNA_event_000125","PAVWNL","HETDEL","exons 3",0.346
"HETDEL_cluster_0003","HETDEL","CNA_event_000129","PAVYTZ","HETDEL","exons 3",0.168
"HETDEL_cluster_0003","HETDEL","CNA_event_000130","PAVZCF","HETDEL","exons 3;4",0.425
"HETDEL_cluster_0003","HETDEL","CNA_event_000131","PAWAIM","HETDEL","exons 3",0.168
"HETDEL_cluster_0003","HETDEL","CNA_event_000132","PAWAIN","HETDEL","exons 3",0.168
"HETDEL_cluster_0003","HETDEL","CNA_event_000133","PAWAKA","HETDEL","exons 3",0.168
"HETDEL_cluster_0003","HETDEL","CNA_event_000134","PAWDEK","HETDEL","exons 3",0.168
"HETDEL_cluster_0003","HETDEL","CNA_event_000135","PAWDMI","HETDEL","exons 3",0.168
"HETDEL_cluster_0003","HETDEL","CNA_event_000136","PAWDWJ","HETDEL","exons 3;4",0.822
"HETDEL_cluster_0003","HETDEL","CNA_event_000137","PAWEEC","HETDEL","exons 3",0.168
"HETDEL_cluster_0003","HETDEL","CNA_event_000138","PAWEEX","HETDEL","exons 3",0.112
"HETDEL_cluster_0003","HETDEL","CNA_event_000139","PAWESJ","HETDEL","exons 3",0.346
"HETDEL_cluster_0003","HETDEL","CNA_event_000140","PAWETD","HETDEL","exons 3;4",0.822
"HETDEL_cluster_0003","HETDEL","CNA_event_000141","PAWFNJ","HETDEL","exons 3",0.346
"HETDEL_cluster_0003","HETDEL","CNA_event_000142","PAWFWF","HETDEL","exons 3",0.346
"HETDEL_cluster_0003","HETDEL","CNA_event_000143","PAWGCK","HETDEL","exons 3",0.168
"HETDEL_cluster_0003","HETDEL","CNA_event_000144","PAWGIT","HETDEL","exons 3",0.168
"HETDEL_cluster_0003","HETDEL","CNA_event_000145","PAWGXM","HETDEL","exons 4",0.496
"HETDEL_cluster_0003","HETDEL","CNA_event_000146","PAWGZM","HETDEL","exons 3",0.168
"HETDEL_cluster_0003","HETDEL","CNA_event_000147","PAWIWS","HETDEL","exons 3;4",0.355
"HETDEL_cluster_0003","HETDEL","CNA_event_000148","PAWJKX","HETDEL","exons 3",0.168
"HETDEL_cluster_0003","HETDEL","CNA_event_000149","PAWJYN","HETDEL","exons 3",0.346
"HETDEL_cluster_0004","HETDEL","CNA_event_000001","PARFLD","HETDEL","exons 2;3",0.168
"HETDEL_cluster_0004","HETDEL","CNA_event_000002","PARJAY","HETDEL","exons 2;3",0.168
"HETDEL_cluster_0004","HETDEL","CNA_event_000003","PARJPL","HETDEL","exons 2;3",0.168
"HETDEL_cluster_0004","HETDEL","CNA_event_000004","PARNXJ","HETDEL","exons 2;3;7",0.822
"HETDEL_cluster_0004","HETDEL","CNA_event_000005","PARPET","HETDEL","exons 2;3",0.168
"HETDEL_cluster_0004","HETDEL","CNA_event_000007","PARSNX","HETDEL","exons 2;3",0.29
"HETDEL_cluster_0004","HETDEL","CNA_event_000008","PARWNW","HETDEL","exons 7",0.654
"HETDEL_cluster_0004","HETDEL","CNA_event_000009","PARXDJ","HETDEL","exons 2;3",0.168
"HETDEL_cluster_0004","HETDEL","CNA_event_000010","PARXPZ","HETDEL","exons 2;3;7",0.822
"HETDEL_cluster_0004","HETDEL","CNA_event_000011","PASGDZ","HETDEL","exons 2;3",0.168
"HETDEL_cluster_0004","HETDEL","CNA_event_000012","PASGUH","HETDEL","exons 2;3",0.168
"HETDEL_cluster_0004","HETDEL","CNA_event_000015","PASINX","HETDEL","exons 2;3",0.346
"HETDEL_cluster_0004","HETDEL","CNA_event_000016","PASIPN","HETDEL","exons 3",0.112
"HETDEL_cluster_0004","HETDEL","CNA_event_000017","PASIPN","HETDEL","exons 2",0.056
"HETDEL_cluster_0004","HETDEL","CNA_event_000018","PASJGV","HETDEL","exons 2;3",0.168
"HETDEL_cluster_0004","HETDEL","CNA_event_000019","PASKAD","HETDEL","exons 7",0.654
"HETDEL_cluster_0004","HETDEL","CNA_event_000021","PASKWG","HETDEL","exons 7",0.654
"HETDEL_cluster_0004","HETDEL","CNA_event_000022","PASKXA","HETDEL","exons 2;3",0.168
"HETDEL_cluster_0004","HETDEL","CNA_event_000023","PASLXY","HETDEL","exons 2;3",0.346
"HETDEL_cluster_0004","HETDEL","CNA_event_000024","PASPDS","HETDEL","exons 2;3",0.355
"HETDEL_cluster_0004","HETDEL","CNA_event_000025","PASPLG","HETDEL","exons 2;3",0.425
"HETDEL_cluster_0004","HETDEL","CNA_event_000026","PASPNW","HETDEL","exons 2;3;7",0.822
"HETDEL_cluster_0004","HETDEL","CNA_event_000027","PASRAF","HETDEL","exons 2;3",0.168
"HETDEL_cluster_0004","HETDEL","CNA_event_000028","PASRMM","HETDEL","exons 2;3",0.346
"HETDEL_cluster_0004","HETDEL","CNA_event_000030","PASRSE","HETDEL","exons 2;3",0.168
"HETDEL_cluster_0004","HETDEL","CNA_event_000031","PASRUK","HETDEL","exons 2;3",0.168
"HETDEL_cluster_0004","HETDEL","CNA_event_000032","PASTCH","HETDEL","exons 2;3",0.457
"HETDEL_cluster_0004","HETDEL","CNA_event_000033","PASTHE","HETDEL","exons 2;3",0.425
"HETDEL_cluster_0004","HETDEL","CNA_event_000034","PASUSV","HETDEL","exons 2;3;7",0.822
"HETDEL_cluster_0004","HETDEL","CNA_event_000035","PASVWH","HETDEL","exons 2;3",0.168
"HETDEL_cluster_0004","HETDEL","CNA_event_000036","PASVZJ","HETDEL","exons 2;3",0.168
"HETDEL_cluster_0004","HETDEL","CNA_event_000037","PASWXB","HETDEL","exons 2;3",0.168
"HETDEL_cluster_0004","HETDEL","CNA_event_000038","PASWYU","HETDEL","exons 7",0.586
"HETDEL_cluster_0004","HETDEL","CNA_event_000039","PASYNX","HETDEL","exons 7",0.36
"HETDEL_cluster_0004","HETDEL","CNA_event_000040","PASYSJ","HETDEL","exons 2;3",0.168
"HETDEL_cluster_0004","HETDEL","CNA_event_000041","PASYVU","HETDEL","exons 2;3",0.168
"HETDEL_cluster_0004","HETDEL","CNA_event_000042","PASYWF","HETDEL","exons 7",0.654
"HETDEL_cluster_0004","HETDEL","CNA_event_000043","PASZAY","HETDEL","exons 2;3",0.168
"HETDEL_cluster_0004","HETDEL","CNA_event_000044","PATALF","HETDEL","exons 2;3",0.425
"HETDEL_cluster_0004","HETDEL","CNA_event_000045","PATBTX","HETDEL","exons 2;3",0.168
"HETDEL_cluster_0004","HETDEL","CNA_event_000047","PATDTN","HETDEL","exons 2;3",0.168
"HETDEL_cluster_0004","HETDEL","CNA_event_000048","PATFPU","HETDEL","exons 2;3",0.168
"HETDEL_cluster_0004","HETDEL","CNA_event_000050","PATHFE","HETDEL","exons 2;3;7",0.822
"HETDEL_cluster_0004","HETDEL","CNA_event_000052","PATJLY","HETDEL","exons 2;3",0.355
"HETDEL_cluster_0004","HETDEL","CNA_event_000054","PATKZH","HETDEL","exons 2;3",0.346
"HETDEL_cluster_0004","HETDEL","CNA_event_000055","PATLLH","HETDEL","exons 2;3",0.425
"HETDEL_cluster_0004","HETDEL","CNA_event_000056","PATNAM","HETDEL","exons 2",0.234
"HETDEL_cluster_0004","HETDEL","CNA_event_000057","PATPDA","HETDEL","exons 2;3;7",0.664
"HETDEL_cluster_0004","HETDEL","CNA_event_000058","PATRAB","HETDEL","exons 2;3",0.168
"HETDEL_cluster_0004","HETDEL","CNA_event_000059","PATRKV","HETDEL","exons 3",0.223
"HETDEL_cluster_0004","HETDEL","CNA_event_000060","PATSPG","HETDEL","exons 2;3",0.346
"HETDEL_cluster_0004","HETDEL","CNA_event_000061","PATWJU","HETDEL","exons 2;3",0.168
"HETDEL_cluster_0004","HETDEL","CNA_event_000063","PATZST","HETDEL","exons 2;3",0.168
"HETDEL_cluster_0004","HETDEL","CNA_event_000064","PATZYR","HETDEL","exons 2;3",0.168
"HETDEL_cluster_0004","HETDEL","CNA_event_000065","PAUAKN","HETDEL","exons 2;3",0.168
"HETDEL_cluster_0004","HETDEL","CNA_event_000066","PAUAZV","HETDEL","exons 2;3",0.168
"HETDEL_cluster_0004","HETDEL","CNA_event_000067","PAUBCT","HETDEL","exons 2;3",0.168
"HETDEL_cluster_0004","HETDEL","CNA_event_000070","PAUCDC","HETDEL","exons 2;3;7",0.822
"HETDEL_cluster_0004","HETDEL","CNA_event_000071","PAUEDT","HETDEL","exons 2;3",0.168
"HETDEL_cluster_0004","HETDEL","CNA_event_000074","PAUEVJ","HETDEL","exons 2;3",0.168
"HETDEL_cluster_0004","HETDEL","CNA_event_000075","PAUEXN","HETDEL","exons 2;3",0.206
"HETDEL_cluster_0004","HETDEL","CNA_event_000077","PAUGDT","HETDEL","exons 2;3",0.168
"HETDEL_cluster_0004","HETDEL","CNA_event_000078","PAUGLY","HETDEL","exons 2;3",0.346
"HETDEL_cluster_0004","HETDEL","CNA_event_000079","PAUIEM","HETDEL","exons 7",0.654
"HETDEL_cluster_0004","HETDEL","CNA_event_000080","PAUIFA","HETDEL","exons 2;3",0.168
"HETDEL_cluster_0004","HETDEL","CNA_event_000081","PAUJVL","HETDEL","exons 2;3",0.346
"HETDEL_cluster_0004","HETDEL","CNA_event_000083","PAUKZJ","HETDEL","exons 3;7",0.608
"HETDEL_cluster_0004","HETDEL","CNA_event_000084","PAULCK","HETDEL","exons 2;3",0.168
"HETDEL_cluster_0004","HETDEL","CNA_event_000085","PAULGX","HETDEL","exons 7",0.239
"HETDEL_cluster_0004","HETDEL","CNA_event_000087","PAUMLX","HETDEL","exons 2;3",0.346
"HETDEL_cluster_0004","HETDEL","CNA_event_000088","PAUMXB","HETDEL","exons 2;3",0.346
"HETDEL_cluster_0004","HETDEL","CNA_event_000089","PAUPUW","HETDEL","exons 2;3",0.168
"HETDEL_cluster_0004","HETDEL","CNA_event_000090","PAURLU","HETDEL","exons 2;3",0.168
"HETDEL_cluster_0004","HETDEL","CNA_event_000091","PAUSIS","HETDEL","exons 2;3;7",0.822
"HETDEL_cluster_0004","HETDEL","CNA_event_000092","PAUTBB","HETDEL","exons 2;3",0.168
"HETDEL_cluster_0004","HETDEL","CNA_event_000093","PAUTUL","HETDEL","exons 2;3;7",0.664
"HETDEL_cluster_0004","HETDEL","CNA_event_000094","PAUUAL","HETDEL","exons 2;3",0.168
"HETDEL_cluster_0004","HETDEL","CNA_event_000095","PAUUIK","HETDEL","exons 2;3",0.168
"HETDEL_cluster_0004","HETDEL","CNA_event_000096","PAUWMZ","HETDEL","exons 2;3",0.168
"HETDEL_cluster_0004","HETDEL","CNA_event_000097","PAUWXI","HETDEL","exons 2;3;7",0.822
"HETDEL_cluster_0004","HETDEL","CNA_event_000098","PAUXCW","HETDEL","exons 2;3",0.168
"HETDEL_cluster_0004","HETDEL","CNA_event_000099","PAUXKE","HETDEL","exons 2;3",0.168
"HETDEL_cluster_0004","HETDEL","CNA_event_000100","PAUXRM","HETDEL","exons 2;3",0.279
"HETDEL_cluster_0004","HETDEL","CNA_event_000101","PAUXYI","HETDEL","exons 2;3",0.355
"HETDEL_cluster_0004","HETDEL","CNA_event_000102","PAUYJF","HETDEL","exons 2;3",0.425
"HETDEL_cluster_0004","HETDEL","CNA_event_000104","PAVCRK","HETDEL","exons 2;3",0.168
"HETDEL_cluster_0004","HETDEL","CNA_event_000105","PAVFAX","HETDEL","exons 2;3",0.168
"HETDEL_cluster_0004","HETDEL","CNA_event_000106","PAVHAA","HETDEL","exons 2;3",0.168
"HETDEL_cluster_0004","HETDEL","CNA_event_000107","PAVHBL","HETDEL","exons 2;3",0.168
"HETDEL_cluster_0004","HETDEL","CNA_event_000108","PAVHGX","HETDEL","exons 2;3",0.168
"HETDEL_cluster_0004","HETDEL","CNA_event_000112","PAVKPV","HETDEL","exons 2;3",0.168
"HETDEL_cluster_0004","HETDEL","CNA_event_000114","PAVLLU","HETDEL","exons 2;3",0.168
"HETDEL_cluster_0004","HETDEL","CNA_event_000115","PAVMKN","HETDEL","exons 2;3",0.168
"HETDEL_cluster_0004","HETDEL","CNA_event_000116","PAVMPT","HETDEL","exons 2;3",0.279
"HETDEL_cluster_0004","HETDEL","CNA_event_000117","PAVNGZ","HETDEL","exons 2;3",0.168
"HETDEL_cluster_0004","HETDEL","CNA_event_000119","PAVNTB","HETDEL","exons 2;3",0.168
"HETDEL_cluster_0004","HETDEL","CNA_event_000120","PAVPCB","HETDEL","exons 2;3",0.206
"HETDEL_cluster_0004","HETDEL","CNA_event_000121","PAVRXK","HETDEL","exons 2;3;7",0.932
"HETDEL_cluster_0004","HETDEL","CNA_event_000124","PAVWDF","HETDEL","exons 2;3",0.168
"HETDEL_cluster_0004","HETDEL","CNA_event_000125","PAVWNL","HETDEL","exons 2;3",0.346
"HETDEL_cluster_0004","HETDEL","CNA_event_000129","PAVYTZ","HETDEL","exons 2;3",0.168
"HETDEL_cluster_0004","HETDEL","CNA_event_000130","PAVZCF","HETDEL","exons 2;3",0.425
"HETDEL_cluster_0004","HETDEL","CNA_event_000131","PAWAIM","HETDEL","exons 2;3",0.168
"HETDEL_cluster_0004","HETDEL","CNA_event_000132","PAWAIN","HETDEL","exons 2;3",0.168
"HETDEL_cluster_0004","HETDEL","CNA_event_000133","PAWAKA","HETDEL","exons 2;3",0.168
"HETDEL_cluster_0004","HETDEL","CNA_event_000134","PAWDEK","HETDEL","exons 2;3",0.168
"HETDEL_cluster_0004","HETDEL","CNA_event_000135","PAWDMI","HETDEL","exons 2;3",0.168
"HETDEL_cluster_0004","HETDEL","CNA_event_000136","PAWDWJ","HETDEL","exons 2;3;7",0.822
"HETDEL_cluster_0004","HETDEL","CNA_event_000137","PAWEEC","HETDEL","exons 2;3",0.168
"HETDEL_cluster_0004","HETDEL","CNA_event_000138","PAWEEX","HETDEL","exons 3",0.112
"HETDEL_cluster_0004","HETDEL","CNA_event_000139","PAWESJ","HETDEL","exons 2;3",0.346
"HETDEL_cluster_0004","HETDEL","CNA_event_000140","PAWETD","HETDEL","exons 2;3;7",0.822
"HETDEL_cluster_0004","HETDEL","CNA_event_000141","PAWFNJ","HETDEL","exons 2;3",0.346
"HETDEL_cluster_0004","HETDEL","CNA_event_000142","PAWFWF","HETDEL","exons 2;3",0.346
"HETDEL_cluster_0004","HETDEL","CNA_event_000143","PAWGCK","HETDEL","exons 2;3",0.168
"HETDEL_cluster_0004","HETDEL","CNA_event_000144","PAWGIT","HETDEL","exons 2;3",0.168
"HETDEL_cluster_0004","HETDEL","CNA_event_000145","PAWGXM","HETDEL","exons 7",0.496
"HETDEL_cluster_0004","HETDEL","CNA_event_000146","PAWGZM","HETDEL","exons 2;3",0.168
"HETDEL_cluster_0004","HETDEL","CNA_event_000147","PAWIWS","HETDEL","exons 2;3",0.355
"HETDEL_cluster_0004","HETDEL","CNA_event_000148","PAWJKX","HETDEL","exons 2;3",0.168
"HETDEL_cluster_0004","HETDEL","CNA_event_000149","PAWJYN","HETDEL","exons 2;3",0.346
"HETDEL_cluster_0005","HETDEL","CNA_event_000004","PARNXJ","HETDEL","exons 8;9",0.822
"HETDEL_cluster_0005","HETDEL","CNA_event_000008","PARWNW","HETDEL","exons 8;9",0.654
"HETDEL_cluster_0005","HETDEL","CNA_event_000010","PARXPZ","HETDEL","exons 8;9",0.822
"HETDEL_cluster_0005","HETDEL","CNA_event_000019","PASKAD","HETDEL","exons 8;9",0.654
"HETDEL_cluster_0005","HETDEL","CNA_event_000021","PASKWG","HETDEL","exons 8;9",0.654
"HETDEL_cluster_0005","HETDEL","CNA_event_000026","PASPNW","HETDEL","exons 8;9",0.822
"HETDEL_cluster_0005","HETDEL","CNA_event_000034","PASUSV","HETDEL","exons 8;9",0.822
"HETDEL_cluster_0005","HETDEL","CNA_event_000038","PASWYU","HETDEL","exons 8;9",0.586
"HETDEL_cluster_0005","HETDEL","CNA_event_000042","PASYWF","HETDEL","exons 8;9",0.654
"HETDEL_cluster_0005","HETDEL","CNA_event_000050","PATHFE","HETDEL","exons 8;9",0.822
"HETDEL_cluster_0005","HETDEL","CNA_event_000057","PATPDA","HETDEL","exons 8",0.664
"HETDEL_cluster_0005","HETDEL","CNA_event_000070","PAUCDC","HETDEL","exons 8;9",0.822
"HETDEL_cluster_0005","HETDEL","CNA_event_000079","PAUIEM","HETDEL","exons 8;9",0.654
"HETDEL_cluster_0005","HETDEL","CNA_event_000083","PAUKZJ","HETDEL","exons 8",0.608
"HETDEL_cluster_0005","HETDEL","CNA_event_000085","PAULGX","HETDEL","exons 8",0.239
"HETDEL_cluster_0005","HETDEL","CNA_event_000091","PAUSIS","HETDEL","exons 8;9",0.822
"HETDEL_cluster_0005","HETDEL","CNA_event_000093","PAUTUL","HETDEL","exons 8",0.664
"HETDEL_cluster_0005","HETDEL","CNA_event_000097","PAUWXI","HETDEL","exons 8;9",0.822
"HETDEL_cluster_0005","HETDEL","CNA_event_000121","PAVRXK","HETDEL","exons 8;9",0.932
"HETDEL_cluster_0005","HETDEL","CNA_event_000136","PAWDWJ","HETDEL","exons 8;9",0.822
"HETDEL_cluster_0005","HETDEL","CNA_event_000140","PAWETD","HETDEL","exons 8;9",0.822
"HETDEL_cluster_0005","HETDEL","CNA_event_000145","PAWGXM","HETDEL","exons 8",0.496
"HETDEL_cluster_0006","HETDEL","CNA_event_000004","PARNXJ","HETDEL","exons 7;8",0.822
"HETDEL_cluster_0006","HETDEL","CNA_event_000008","PARWNW","HETDEL","exons 7;8",0.654
"HETDEL_cluster_0006","HETDEL","CNA_event_000010","PARXPZ","HETDEL","exons 7;8",0.822
"HETDEL_cluster_0006","HETDEL","CNA_event_000019","PASKAD","HETDEL","exons 7;8",0.654
"HETDEL_cluster_0006","HETDEL","CNA_event_000021","PASKWG","HETDEL","exons 7;8",0.654
"HETDEL_cluster_0006","HETDEL","CNA_event_000026","PASPNW","HETDEL","exons 7;8",0.822
"HETDEL_cluster_0006","HETDEL","CNA_event_000034","PASUSV","HETDEL","exons 7;8",0.822
"HETDEL_cluster_0006","HETDEL","CNA_event_000038","PASWYU","HETDEL","exons 7;8",0.586
"HETDEL_cluster_0006","HETDEL","CNA_event_000039","PASYNX","HETDEL","exons 7",0.36
"HETDEL_cluster_0006","HETDEL","CNA_event_000042","PASYWF","HETDEL","exons 7;8",0.654
"HETDEL_cluster_0006","HETDEL","CNA_event_000050","PATHFE","HETDEL","exons 7;8",0.822
"HETDEL_cluster_0006","HETDEL","CNA_event_000057","PATPDA","HETDEL","exons 7;8",0.664
"HETDEL_cluster_0006","HETDEL","CNA_event_000070","PAUCDC","HETDEL","exons 7;8",0.822
"HETDEL_cluster_0006","HETDEL","CNA_event_000079","PAUIEM","HETDEL","exons 7;8",0.654
"HETDEL_cluster_0006","HETDEL","CNA_event_000083","PAUKZJ","HETDEL","exons 7;8",0.608
"HETDEL_cluster_0006","HETDEL","CNA_event_000085","PAULGX","HETDEL","exons 7;8",0.239
"HETDEL_cluster_0006","HETDEL","CNA_event_000091","PAUSIS","HETDEL","exons 7;8",0.822
"HETDEL_cluster_0006","HETDEL","CNA_event_000093","PAUTUL","HETDEL","exons 7;8",0.664
"HETDEL_cluster_0006","HETDEL","CNA_event_000097","PAUWXI","HETDEL","exons 7;8",0.822
"HETDEL_cluster_0006","HETDEL","CNA_event_000121","PAVRXK","HETDEL","exons 7;8",0.932
"HETDEL_cluster_0006","HETDEL","CNA_event_000136","PAWDWJ","HETDEL","exons 7;8",0.822
"HETDEL_cluster_0006","HETDEL","CNA_event_000140","PAWETD","HETDEL","exons 7;8",0.822
"HETDEL_cluster_0006","HETDEL","CNA_event_000145","PAWGXM","HETDEL","exons 7;8",0.496
"HETDEL_cluster_0007","HETDEL","CNA_event_000004","PARNXJ","HETDEL","exons 6;10",0.822
"HETDEL_cluster_0007","HETDEL","CNA_event_000008","PARWNW","HETDEL","exons 6;10",0.654
"HETDEL_cluster_0007","HETDEL","CNA_event_000010","PARXPZ","HETDEL","exons 6;10",0.822
"HETDEL_cluster_0007","HETDEL","CNA_event_000019","PASKAD","HETDEL","exons 6;10",0.654
"HETDEL_cluster_0007","HETDEL","CNA_event_000021","PASKWG","HETDEL","exons 6;10",0.654
"HETDEL_cluster_0007","HETDEL","CNA_event_000025","PASPLG","HETDEL","exons 6",0.425
"HETDEL_cluster_0007","HETDEL","CNA_event_000026","PASPNW","HETDEL","exons 6;10",0.822
"HETDEL_cluster_0007","HETDEL","CNA_event_000033","PASTHE","HETDEL","exons 6",0.425
"HETDEL_cluster_0007","HETDEL","CNA_event_000034","PASUSV","HETDEL","exons 6;10",0.822
"HETDEL_cluster_0007","HETDEL","CNA_event_000038","PASWYU","HETDEL","exons 6",0.586
"HETDEL_cluster_0007","HETDEL","CNA_event_000039","PASYNX","HETDEL","exons 6",0.36
"HETDEL_cluster_0007","HETDEL","CNA_event_000042","PASYWF","HETDEL","exons 6;10",0.654
"HETDEL_cluster_0007","HETDEL","CNA_event_000044","PATALF","HETDEL","exons 6",0.425
"HETDEL_cluster_0007","HETDEL","CNA_event_000046","PATCTR","HETDEL","exons 6",0.257
"HETDEL_cluster_0007","HETDEL","CNA_event_000050","PATHFE","HETDEL","exons 6;10",0.822
"HETDEL_cluster_0007","HETDEL","CNA_event_000055","PATLLH","HETDEL","exons 6",0.425
"HETDEL_cluster_0007","HETDEL","CNA_event_000057","PATPDA","HETDEL","exons 6",0.664
"HETDEL_cluster_0007","HETDEL","CNA_event_000070","PAUCDC","HETDEL","exons 6;10",0.822
"HETDEL_cluster_0007","HETDEL","CNA_event_000079","PAUIEM","HETDEL","exons 6;10",0.654
"HETDEL_cluster_0007","HETDEL","CNA_event_000083","PAUKZJ","HETDEL","exons 6",0.608
"HETDEL_cluster_0007","HETDEL","CNA_event_000091","PAUSIS","HETDEL","exons 6;10",0.822
"HETDEL_cluster_0007","HETDEL","CNA_event_000093","PAUTUL","HETDEL","exons 6",0.664
"HETDEL_cluster_0007","HETDEL","CNA_event_000097","PAUWXI","HETDEL","exons 6;10",0.822
"HETDEL_cluster_0007","HETDEL","CNA_event_000102","PAUYJF","HETDEL","exons 6",0.425
"HETDEL_cluster_0007","HETDEL","CNA_event_000121","PAVRXK","HETDEL","exons 6",0.932
"HETDEL_cluster_0007","HETDEL","CNA_event_000123","PAVVDS","HETDEL","exons 6",0.257
"HETDEL_cluster_0007","HETDEL","CNA_event_000130","PAVZCF","HETDEL","exons 6",0.425
"HETDEL_cluster_0007","HETDEL","CNA_event_000136","PAWDWJ","HETDEL","exons 6;10",0.822
"HETDEL_cluster_0007","HETDEL","CNA_event_000140","PAWETD","HETDEL","exons 6;10",0.822
"HETDEL_cluster_0007","HETDEL","CNA_event_000145","PAWGXM","HETDEL","exons 6",0.496
"HETDEL_cluster_0008","HETDEL","CNA_event_000004","PARNXJ","HETDEL","exons 9;10",0.822
"HETDEL_cluster_0008","HETDEL","CNA_event_000008","PARWNW","HETDEL","exons 9;10",0.654
"HETDEL_cluster_0008","HETDEL","CNA_event_000010","PARXPZ","HETDEL","exons 9;10",0.822
"HETDEL_cluster_0008","HETDEL","CNA_event_000019","PASKAD","HETDEL","exons 9;10",0.654
"HETDEL_cluster_0008","HETDEL","CNA_event_000021","PASKWG","HETDEL","exons 9;10",0.654
"HETDEL_cluster_0008","HETDEL","CNA_event_000026","PASPNW","HETDEL","exons 9;10",0.822
"HETDEL_cluster_0008","HETDEL","CNA_event_000034","PASUSV","HETDEL","exons 9;10",0.822
"HETDEL_cluster_0008","HETDEL","CNA_event_000038","PASWYU","HETDEL","exons 9",0.586
"HETDEL_cluster_0008","HETDEL","CNA_event_000042","PASYWF","HETDEL","exons 9;10",0.654
"HETDEL_cluster_0008","HETDEL","CNA_event_000050","PATHFE","HETDEL","exons 9;10",0.822
"HETDEL_cluster_0008","HETDEL","CNA_event_000070","PAUCDC","HETDEL","exons 9;10",0.822
"HETDEL_cluster_0008","HETDEL","CNA_event_000079","PAUIEM","HETDEL","exons 9;10",0.654
"HETDEL_cluster_0008","HETDEL","CNA_event_000091","PAUSIS","HETDEL","exons 9;10",0.822
"HETDEL_cluster_0008","HETDEL","CNA_event_000097","PAUWXI","HETDEL","exons 9;10",0.822
"HETDEL_cluster_0008","HETDEL","CNA_event_000121","PAVRXK","HETDEL","exons 9",0.932
"HETDEL_cluster_0008","HETDEL","CNA_event_000136","PAWDWJ","HETDEL","exons 9;10",0.822
"HETDEL_cluster_0008","HETDEL","CNA_event_000140","PAWETD","HETDEL","exons 9;10",0.822
"HETDEL_cluster_0009","HETDEL","CNA_event_000004","PARNXJ","HETDEL","exons 9;10;11",0.822
"HETDEL_cluster_0009","HETDEL","CNA_event_000008","PARWNW","HETDEL","exons 9;10;11",0.654
"HETDEL_cluster_0009","HETDEL","CNA_event_000010","PARXPZ","HETDEL","exons 9;10;11",0.822
"HETDEL_cluster_0009","HETDEL","CNA_event_000019","PASKAD","HETDEL","exons 9;10;11",0.654
"HETDEL_cluster_0009","HETDEL","CNA_event_000021","PASKWG","HETDEL","exons 9;10;11",0.654
"HETDEL_cluster_0009","HETDEL","CNA_event_000026","PASPNW","HETDEL","exons 9;10;11",0.822
"HETDEL_cluster_0009","HETDEL","CNA_event_000034","PASUSV","HETDEL","exons 9;10;11",0.822
"HETDEL_cluster_0009","HETDEL","CNA_event_000038","PASWYU","HETDEL","exons 9",0.586
"HETDEL_cluster_0009","HETDEL","CNA_event_000042","PASYWF","HETDEL","exons 9;10;11",0.654
"HETDEL_cluster_0009","HETDEL","CNA_event_000050","PATHFE","HETDEL","exons 9;10;11",0.822
"HETDEL_cluster_0009","HETDEL","CNA_event_000070","PAUCDC","HETDEL","exons 9;10;11",0.822
"HETDEL_cluster_0009","HETDEL","CNA_event_000079","PAUIEM","HETDEL","exons 9;10;11",0.654
"HETDEL_cluster_0009","HETDEL","CNA_event_000091","PAUSIS","HETDEL","exons 9;10;11",0.822
"HETDEL_cluster_0009","HETDEL","CNA_event_000097","PAUWXI","HETDEL","exons 9;10;11",0.822
"HETDEL_cluster_0009","HETDEL","CNA_event_000121","PAVRXK","HETDEL","exons 9",0.932
"HETDEL_cluster_0009","HETDEL","CNA_event_000136","PAWDWJ","HETDEL","exons 9;10;11",0.822
"HETDEL_cluster_0009","HETDEL","CNA_event_000140","PAWETD","HETDEL","exons 9;10;11",0.822
"HETDEL_cluster_0010","HETDEL","CNA_event_000004","PARNXJ","HETDEL","exons 5;6;7;8",0.822
"HETDEL_cluster_0010","HETDEL","CNA_event_000008","PARWNW","HETDEL","exons 5;6;7;8",0.654
"HETDEL_cluster_0010","HETDEL","CNA_event_000010","PARXPZ","HETDEL","exons 5;6;7;8",0.822
"HETDEL_cluster_0010","HETDEL","CNA_event_000019","PASKAD","HETDEL","exons 5;6;7;8",0.654
"HETDEL_cluster_0010","HETDEL","CNA_event_000021","PASKWG","HETDEL","exons 5;6;7;8",0.654
"HETDEL_cluster_0010","HETDEL","CNA_event_000024","PASPDS","HETDEL","exons 5",0.355
"HETDEL_cluster_0010","HETDEL","CNA_event_000025","PASPLG","HETDEL","exons 5;6",0.425
"HETDEL_cluster_0010","HETDEL","CNA_event_000026","PASPNW","HETDEL","exons 5;6;7;8",0.822
"HETDEL_cluster_0010","HETDEL","CNA_event_000033","PASTHE","HETDEL","exons 5;6",0.425
"HETDEL_cluster_0010","HETDEL","CNA_event_000034","PASUSV","HETDEL","exons 5;6;7;8",0.822
"HETDEL_cluster_0010","HETDEL","CNA_event_000038","PASWYU","HETDEL","exons 5;6;7;8",0.586
"HETDEL_cluster_0010","HETDEL","CNA_event_000039","PASYNX","HETDEL","exons 5;6;7",0.36
"HETDEL_cluster_0010","HETDEL","CNA_event_000042","PASYWF","HETDEL","exons 5;6;7;8",0.654
"HETDEL_cluster_0010","HETDEL","CNA_event_000044","PATALF","HETDEL","exons 5;6",0.425
"HETDEL_cluster_0010","HETDEL","CNA_event_000046","PATCTR","HETDEL","exons 5;6",0.257
"HETDEL_cluster_0010","HETDEL","CNA_event_000050","PATHFE","HETDEL","exons 5;6;7;8",0.822
"HETDEL_cluster_0010","HETDEL","CNA_event_000052","PATJLY","HETDEL","exons 5",0.355
"HETDEL_cluster_0010","HETDEL","CNA_event_000055","PATLLH","HETDEL","exons 5;6",0.425
"HETDEL_cluster_0010","HETDEL","CNA_event_000057","PATPDA","HETDEL","exons 5;6;7;8",0.664
"HETDEL_cluster_0010","HETDEL","CNA_event_000070","PAUCDC","HETDEL","exons 5;6;7;8",0.822
"HETDEL_cluster_0010","HETDEL","CNA_event_000079","PAUIEM","HETDEL","exons 5;6;7;8",0.654
"HETDEL_cluster_0010","HETDEL","CNA_event_000083","PAUKZJ","HETDEL","exons 5;6;7;8",0.608
"HETDEL_cluster_0010","HETDEL","CNA_event_000085","PAULGX","HETDEL","exons 7;8",0.239
"HETDEL_cluster_0010","HETDEL","CNA_event_000091","PAUSIS","HETDEL","exons 5;6;7;8",0.822
"HETDEL_cluster_0010","HETDEL","CNA_event_000093","PAUTUL","HETDEL","exons 5;6;7;8",0.664
"HETDEL_cluster_0010","HETDEL","CNA_event_000097","PAUWXI","HETDEL","exons 5;6;7;8",0.822
"HETDEL_cluster_0010","HETDEL","CNA_event_000101","PAUXYI","HETDEL","exons 5",0.355
"HETDEL_cluster_0010","HETDEL","CNA_event_000102","PAUYJF","HETDEL","exons 5;6",0.425
"HETDEL_cluster_0010","HETDEL","CNA_event_000121","PAVRXK","HETDEL","exons 5;6;7;8",0.932
"HETDEL_cluster_0010","HETDEL","CNA_event_000123","PAVVDS","HETDEL","exons 5;6",0.257
"HETDEL_cluster_0010","HETDEL","CNA_event_000130","PAVZCF","HETDEL","exons 5;6",0.425
"HETDEL_cluster_0010","HETDEL","CNA_event_000136","PAWDWJ","HETDEL","exons 5;6;7;8",0.822
"HETDEL_cluster_0010","HETDEL","CNA_event_000140","PAWETD","HETDEL","exons 5;6;7;8",0.822
"HETDEL_cluster_0010","HETDEL","CNA_event_000145","PAWGXM","HETDEL","exons 5;6;7;8",0.496
"HETDEL_cluster_0010","HETDEL","CNA_event_000147","PAWIWS","HETDEL","exons 5",0.355
"HETDEL_cluster_0011","HETDEL","CNA_event_000004","PARNXJ","HETDEL","exons 5;6;7;8;9;10;11",0.822
"HETDEL_cluster_0011","HETDEL","CNA_event_000008","PARWNW","HETDEL","exons 5;6;7;8;9;10;11",0.654
"HETDEL_cluster_0011","HETDEL","CNA_event_000010","PARXPZ","HETDEL","exons 5;6;7;8;9;10;11",0.822
"HETDEL_cluster_0011","HETDEL","CNA_event_000019","PASKAD","HETDEL","exons 5;6;7;8;9;10;11",0.654
"HETDEL_cluster_0011","HETDEL","CNA_event_000021","PASKWG","HETDEL","exons 5;6;7;8;9;10;11",0.654
"HETDEL_cluster_0011","HETDEL","CNA_event_000024","PASPDS","HETDEL","exons 5",0.355
"HETDEL_cluster_0011","HETDEL","CNA_event_000025","PASPLG","HETDEL","exons 5;6",0.425
"HETDEL_cluster_0011","HETDEL","CNA_event_000026","PASPNW","HETDEL","exons 5;6;7;8;9;10;11",0.822
"HETDEL_cluster_0011","HETDEL","CNA_event_000033","PASTHE","HETDEL","exons 5;6",0.425
"HETDEL_cluster_0011","HETDEL","CNA_event_000034","PASUSV","HETDEL","exons 5;6;7;8;9;10;11",0.822
"HETDEL_cluster_0011","HETDEL","CNA_event_000038","PASWYU","HETDEL","exons 5;6;7;8;9",0.586
"HETDEL_cluster_0011","HETDEL","CNA_event_000039","PASYNX","HETDEL","exons 5;6;7",0.36
"HETDEL_cluster_0011","HETDEL","CNA_event_000042","PASYWF","HETDEL","exons 5;6;7;8;9;10;11",0.654
"HETDEL_cluster_0011","HETDEL","CNA_event_000044","PATALF","HETDEL","exons 5;6",0.425
"HETDEL_cluster_0011","HETDEL","CNA_event_000046","PATCTR","HETDEL","exons 5;6",0.257
"HETDEL_cluster_0011","HETDEL","CNA_event_000050","PATHFE","HETDEL","exons 5;6;7;8;9;10;11",0.822
"HETDEL_cluster_0011","HETDEL","CNA_event_000052","PATJLY","HETDEL","exons 5",0.355
"HETDEL_cluster_0011","HETDEL","CNA_event_000055","PATLLH","HETDEL","exons 5;6",0.425
"HETDEL_cluster_0011","HETDEL","CNA_event_000057","PATPDA","HETDEL","exons 5;6;7;8",0.664
"HETDEL_cluster_0011","HETDEL","CNA_event_000070","PAUCDC","HETDEL","exons 5;6;7;8;9;10;11",0.822
"HETDEL_cluster_0011","HETDEL","CNA_event_000079","PAUIEM","HETDEL","exons 5;6;7;8;9;10;11",0.654
"HETDEL_cluster_0011","HETDEL","CNA_event_000083","PAUKZJ","HETDEL","exons 5;6;7;8",0.608
"HETDEL_cluster_0011","HETDEL","CNA_event_000085","PAULGX","HETDEL","exons 7;8",0.239
"HETDEL_cluster_0011","HETDEL","CNA_event_000091","PAUSIS","HETDEL","exons 5;6;7;8;9;10;11",0.822
"HETDEL_cluster_0011","HETDEL","CNA_event_000093","PAUTUL","HETDEL","exons 5;6;7;8",0.664
"HETDEL_cluster_0011","HETDEL","CNA_event_000097","PAUWXI","HETDEL","exons 5;6;7;8;9;10;11",0.822
"HETDEL_cluster_0011","HETDEL","CNA_event_000101","PAUXYI","HETDEL","exons 5",0.355
"HETDEL_cluster_0011","HETDEL","CNA_event_000102","PAUYJF","HETDEL","exons 5;6",0.425
"HETDEL_cluster_0011","HETDEL","CNA_event_000121","PAVRXK","HETDEL","exons 5;6;7;8;9",0.932
"HETDEL_cluster_0011","HETDEL","CNA_event_000123","PAVVDS","HETDEL","exons 5;6",0.257
"HETDEL_cluster_0011","HETDEL","CNA_event_000130","PAVZCF","HETDEL","exons 5;6",0.425
"HETDEL_cluster_0011","HETDEL","CNA_event_000136","PAWDWJ","HETDEL","exons 5;6;7;8;9;10;11",0.822
"HETDEL_cluster_0011","HETDEL","CNA_event_000140","PAWETD","HETDEL","exons 5;6;7;8;9;10;11",0.822
"HETDEL_cluster_0011","HETDEL","CNA_event_000145","PAWGXM","HETDEL","exons 5;6;7;8",0.496
"HETDEL_cluster_0011","HETDEL","CNA_event_000147","PAWIWS","HETDEL","exons 5",0.355
"HETDEL_cluster_0012","HETDEL","CNA_event_000004","PARNXJ","HETDEL","exons 5;11",0.822
"HETDEL_cluster_0012","HETDEL","CNA_event_000008","PARWNW","HETDEL","exons 5;11",0.654
"HETDEL_cluster_0012","HETDEL","CNA_event_000010","PARXPZ","HETDEL","exons 5;11",0.822
"HETDEL_cluster_0012","HETDEL","CNA_event_000019","PASKAD","HETDEL","exons 5;11",0.654
"HETDEL_cluster_0012","HETDEL","CNA_event_000021","PASKWG","HETDEL","exons 5;11",0.654
"HETDEL_cluster_0012","HETDEL","CNA_event_000024","PASPDS","HETDEL","exons 5",0.355
"HETDEL_cluster_0012","HETDEL","CNA_event_000025","PASPLG","HETDEL","exons 5",0.425
"HETDEL_cluster_0012","HETDEL","CNA_event_000026","PASPNW","HETDEL","exons 5;11",0.822
"HETDEL_cluster_0012","HETDEL","CNA_event_000033","PASTHE","HETDEL","exons 5",0.425
"HETDEL_cluster_0012","HETDEL","CNA_event_000034","PASUSV","HETDEL","exons 5;11",0.822
"HETDEL_cluster_0012","HETDEL","CNA_event_000038","PASWYU","HETDEL","exons 5",0.586
"HETDEL_cluster_0012","HETDEL","CNA_event_000039","PASYNX","HETDEL","exons 5",0.36
"HETDEL_cluster_0012","HETDEL","CNA_event_000042","PASYWF","HETDEL","exons 5;11",0.654
"HETDEL_cluster_0012","HETDEL","CNA_event_000044","PATALF","HETDEL","exons 5",0.425
"HETDEL_cluster_0012","HETDEL","CNA_event_000046","PATCTR","HETDEL","exons 5",0.257
"HETDEL_cluster_0012","HETDEL","CNA_event_000050","PATHFE","HETDEL","exons 5;11",0.822
"HETDEL_cluster_0012","HETDEL","CNA_event_000052","PATJLY","HETDEL","exons 5",0.355
"HETDEL_cluster_0012","HETDEL","CNA_event_000055","PATLLH","HETDEL","exons 5",0.425
"HETDEL_cluster_0012","HETDEL","CNA_event_000057","PATPDA","HETDEL","exons 5",0.664
"HETDEL_cluster_0012","HETDEL","CNA_event_000070","PAUCDC","HETDEL","exons 5;11",0.822
"HETDEL_cluster_0012","HETDEL","CNA_event_000079","PAUIEM","HETDEL","exons 5;11",0.654
"HETDEL_cluster_0012","HETDEL","CNA_event_000083","PAUKZJ","HETDEL","exons 5",0.608
"HETDEL_cluster_0012","HETDEL","CNA_event_000091","PAUSIS","HETDEL","exons 5;11",0.822
"HETDEL_cluster_0012","HETDEL","CNA_event_000093","PAUTUL","HETDEL","exons 5",0.664
"HETDEL_cluster_0012","HETDEL","CNA_event_000097","PAUWXI","HETDEL","exons 5;11",0.822
"HETDEL_cluster_0012","HETDEL","CNA_event_000101","PAUXYI","HETDEL","exons 5",0.355
"HETDEL_cluster_0012","HETDEL","CNA_event_000102","PAUYJF","HETDEL","exons 5",0.425
"HETDEL_cluster_0012","HETDEL","CNA_event_000121","PAVRXK","HETDEL","exons 5",0.932
"HETDEL_cluster_0012","HETDEL","CNA_event_000123","PAVVDS","HETDEL","exons 5",0.257
"HETDEL_cluster_0012","HETDEL","CNA_event_000130","PAVZCF","HETDEL","exons 5",0.425
"HETDEL_cluster_0012","HETDEL","CNA_event_000136","PAWDWJ","HETDEL","exons 5;11",0.822
"HETDEL_cluster_0012","HETDEL","CNA_event_000140","PAWETD","HETDEL","exons 5;11",0.822
"HETDEL_cluster_0012","HETDEL","CNA_event_000145","PAWGXM","HETDEL","exons 5",0.496
"HETDEL_cluster_0012","HETDEL","CNA_event_000147","PAWIWS","HETDEL","exons 5",0.355
"HETDEL_cluster_0013","HETDEL","CNA_event_000004","PARNXJ","HETDEL","exons 5;6",0.822
"HETDEL_cluster_0013","HETDEL","CNA_event_000008","PARWNW","HETDEL","exons 5;6",0.654
"HETDEL_cluster_0013","HETDEL","CNA_event_000010","PARXPZ","HETDEL","exons 5;6",0.822
"HETDEL_cluster_0013","HETDEL","CNA_event_000019","PASKAD","HETDEL","exons 5;6",0.654
"HETDEL_cluster_0013","HETDEL","CNA_event_000021","PASKWG","HETDEL","exons 5;6",0.654
"HETDEL_cluster_0013","HETDEL","CNA_event_000024","PASPDS","HETDEL","exons 5",0.355
"HETDEL_cluster_0013","HETDEL","CNA_event_000025","PASPLG","HETDEL","exons 5;6",0.425
"HETDEL_cluster_0013","HETDEL","CNA_event_000026","PASPNW","HETDEL","exons 5;6",0.822
"HETDEL_cluster_0013","HETDEL","CNA_event_000033","PASTHE","HETDEL","exons 5;6",0.425
"HETDEL_cluster_0013","HETDEL","CNA_event_000034","PASUSV","HETDEL","exons 5;6",0.822
"HETDEL_cluster_0013","HETDEL","CNA_event_000038","PASWYU","HETDEL","exons 5;6",0.586
"HETDEL_cluster_0013","HETDEL","CNA_event_000039","PASYNX","HETDEL","exons 5;6",0.36
"HETDEL_cluster_0013","HETDEL","CNA_event_000042","PASYWF","HETDEL","exons 5;6",0.654
"HETDEL_cluster_0013","HETDEL","CNA_event_000044","PATALF","HETDEL","exons 5;6",0.425
"HETDEL_cluster_0013","HETDEL","CNA_event_000046","PATCTR","HETDEL","exons 5;6",0.257
"HETDEL_cluster_0013","HETDEL","CNA_event_000050","PATHFE","HETDEL","exons 5;6",0.822
"HETDEL_cluster_0013","HETDEL","CNA_event_000052","PATJLY","HETDEL","exons 5",0.355
"HETDEL_cluster_0013","HETDEL","CNA_event_000055","PATLLH","HETDEL","exons 5;6",0.425
"HETDEL_cluster_0013","HETDEL","CNA_event_000057","PATPDA","HETDEL","exons 5;6",0.664
"HETDEL_cluster_0013","HETDEL","CNA_event_000070","PAUCDC","HETDEL","exons 5;6",0.822
"HETDEL_cluster_0013","HETDEL","CNA_event_000079","PAUIEM","HETDEL","exons 5;6",0.654
"HETDEL_cluster_0013","HETDEL","CNA_event_000083","PAUKZJ","HETDEL","exons 5;6",0.608
"HETDEL_cluster_0013","HETDEL","CNA_event_000091","PAUSIS","HETDEL","exons 5;6",0.822
"HETDEL_cluster_0013","HETDEL","CNA_event_000093","PAUTUL","HETDEL","exons 5;6",0.664
"HETDEL_cluster_0013","HETDEL","CNA_event_000097","PAUWXI","HETDEL","exons 5;6",0.822
"HETDEL_cluster_0013","HETDEL","CNA_event_000101","PAUXYI","HETDEL","exons 5",0.355
"HETDEL_cluster_0013","HETDEL","CNA_event_000102","PAUYJF","HETDEL","exons 5;6",0.425
"HETDEL_cluster_0013","HETDEL","CNA_event_000121","PAVRXK","HETDEL","exons 5;6",0.932
"HETDEL_cluster_0013","HETDEL","CNA_event_000123","PAVVDS","HETDEL","exons 5;6",0.257
"HETDEL_cluster_0013","HETDEL","CNA_event_000130","PAVZCF","HETDEL","exons 5;6",0.425
"HETDEL_cluster_0013","HETDEL","CNA_event_000136","PAWDWJ","HETDEL","exons 5;6",0.822
"HETDEL_cluster_0013","HETDEL","CNA_event_000140","PAWETD","HETDEL","exons 5;6",0.822
"HETDEL_cluster_0013","HETDEL","CNA_event_000145","PAWGXM","HETDEL","exons 5;6",0.496
"HETDEL_cluster_0013","HETDEL","CNA_event_000147","PAWIWS","HETDEL","exons 5",0.355
"HETDEL_cluster_0014","HETDEL","CNA_event_000004","PARNXJ","HETDEL","exons 5;6;10;11",0.822
"HETDEL_cluster_0014","HETDEL","CNA_event_000008","PARWNW","HETDEL","exons 5;6;10;11",0.654
"HETDEL_cluster_0014","HETDEL","CNA_event_000010","PARXPZ","HETDEL","exons 5;6;10;11",0.822
"HETDEL_cluster_0014","HETDEL","CNA_event_000019","PASKAD","HETDEL","exons 5;6;10;11",0.654
"HETDEL_cluster_0014","HETDEL","CNA_event_000021","PASKWG","HETDEL","exons 5;6;10;11",0.654
"HETDEL_cluster_0014","HETDEL","CNA_event_000024","PASPDS","HETDEL","exons 5",0.355
"HETDEL_cluster_0014","HETDEL","CNA_event_000025","PASPLG","HETDEL","exons 5;6",0.425
"HETDEL_cluster_0014","HETDEL","CNA_event_000026","PASPNW","HETDEL","exons 5;6;10;11",0.822
"HETDEL_cluster_0014","HETDEL","CNA_event_000033","PASTHE","HETDEL","exons 5;6",0.425
"HETDEL_cluster_0014","HETDEL","CNA_event_000034","PASUSV","HETDEL","exons 5;6;10;11",0.822
"HETDEL_cluster_0014","HETDEL","CNA_event_000038","PASWYU","HETDEL","exons 5;6",0.586
"HETDEL_cluster_0014","HETDEL","CNA_event_000039","PASYNX","HETDEL","exons 5;6",0.36
"HETDEL_cluster_0014","HETDEL","CNA_event_000042","PASYWF","HETDEL","exons 5;6;10;11",0.654
"HETDEL_cluster_0014","HETDEL","CNA_event_000044","PATALF","HETDEL","exons 5;6",0.425
"HETDEL_cluster_0014","HETDEL","CNA_event_000046","PATCTR","HETDEL","exons 5;6",0.257
"HETDEL_cluster_0014","HETDEL","CNA_event_000050","PATHFE","HETDEL","exons 5;6;10;11",0.822
"HETDEL_cluster_0014","HETDEL","CNA_event_000052","PATJLY","HETDEL","exons 5",0.355
"HETDEL_cluster_0014","HETDEL","CNA_event_000055","PATLLH","HETDEL","exons 5;6",0.425
"HETDEL_cluster_0014","HETDEL","CNA_event_000057","PATPDA","HETDEL","exons 5;6",0.664
"HETDEL_cluster_0014","HETDEL","CNA_event_000070","PAUCDC","HETDEL","exons 5;6;10;11",0.822
"HETDEL_cluster_0014","HETDEL","CNA_event_000079","PAUIEM","HETDEL","exons 5;6;10;11",0.654
"HETDEL_cluster_0014","HETDEL","CNA_event_000083","PAUKZJ","HETDEL","exons 5;6",0.608
"HETDEL_cluster_0014","HETDEL","CNA_event_000091","PAUSIS","HETDEL","exons 5;6;10;11",0.822
"HETDEL_cluster_0014","HETDEL","CNA_event_000093","PAUTUL","HETDEL","exons 5;6",0.664
"HETDEL_cluster_0014","HETDEL","CNA_event_000097","PAUWXI","HETDEL","exons 5;6;10;11",0.822
"HETDEL_cluster_0014","HETDEL","CNA_event_000101","PAUXYI","HETDEL","exons 5",0.355
"HETDEL_cluster_0014","HETDEL","CNA_event_000102","PAUYJF","HETDEL","exons 5;6",0.425
"HETDEL_cluster_0014","HETDEL","CNA_event_000121","PAVRXK","HETDEL","exons 5;6",0.932
"HETDEL_cluster_0014","HETDEL","CNA_event_000123","PAVVDS","HETDEL","exons 5;6",0.257
"HETDEL_cluster_0014","HETDEL","CNA_event_000130","PAVZCF","HETDEL","exons 5;6",0.425
"HETDEL_cluster_0014","HETDEL","CNA_event_000136","PAWDWJ","HETDEL","exons 5;6;10;11",0.822
"HETDEL_cluster_0014","HETDEL","CNA_event_000140","PAWETD","HETDEL","exons 5;6;10;11",0.822
"HETDEL_cluster_0014","HETDEL","CNA_event_000145","PAWGXM","HETDEL","exons 5;6",0.496
"HETDEL_cluster_0014","HETDEL","CNA_event_000147","PAWIWS","HETDEL","exons 5",0.355
"HETDEL_cluster_0015","HETDEL","CNA_event_000004","PARNXJ","HETDEL","exons 4;8;9",0.822
"HETDEL_cluster_0015","HETDEL","CNA_event_000007","PARSNX","HETDEL","exons 1",0.29
"HETDEL_cluster_0015","HETDEL","CNA_event_000008","PARWNW","HETDEL","exons 4;8;9",0.654
"HETDEL_cluster_0015","HETDEL","CNA_event_000010","PARXPZ","HETDEL","exons 4;8;9",0.822
"HETDEL_cluster_0015","HETDEL","CNA_event_000013","PASILW","HETDEL","exons 1",0.178
"HETDEL_cluster_0015","HETDEL","CNA_event_000015","PASINX","HETDEL","exons 1",0.346
"HETDEL_cluster_0015","HETDEL","CNA_event_000019","PASKAD","HETDEL","exons 4;8;9",0.654
"HETDEL_cluster_0015","HETDEL","CNA_event_000020","PASKLU","HETDEL","exons 4",0.111
"HETDEL_cluster_0015","HETDEL","CNA_event_000021","PASKWG","HETDEL","exons 4;8;9",0.654
"HETDEL_cluster_0015","HETDEL","CNA_event_000023","PASLXY","HETDEL","exons 1",0.346
"HETDEL_cluster_0015","HETDEL","CNA_event_000024","PASPDS","HETDEL","exons 4",0.355
"HETDEL_cluster_0015","HETDEL","CNA_event_000025","PASPLG","HETDEL","exons 4",0.425
"HETDEL_cluster_0015","HETDEL","CNA_event_000026","PASPNW","HETDEL","exons 4;8;9",0.822
"HETDEL_cluster_0015","HETDEL","CNA_event_000028","PASRMM","HETDEL","exons 1",0.346
"HETDEL_cluster_0015","HETDEL","CNA_event_000032","PASTCH","HETDEL","exons 1;4",0.457
"HETDEL_cluster_0015","HETDEL","CNA_event_000033","PASTHE","HETDEL","exons 4",0.425
"HETDEL_cluster_0015","HETDEL","CNA_event_000034","PASUSV","HETDEL","exons 4;8;9",0.822
"HETDEL_cluster_0015","HETDEL","CNA_event_000038","PASWYU","HETDEL","exons 4;8;9",0.586
"HETDEL_cluster_0015","HETDEL","CNA_event_000039","PASYNX","HETDEL","exons 4",0.36
"HETDEL_cluster_0015","HETDEL","CNA_event_000042","PASYWF","HETDEL","exons 4;8;9",0.654
"HETDEL_cluster_0015","HETDEL","CNA_event_000044","PATALF","HETDEL","exons 4",0.425
"HETDEL_cluster_0015","HETDEL","CNA_event_000046","PATCTR","HETDEL","exons 4",0.257
"HETDEL_cluster_0015","HETDEL","CNA_event_000050","PATHFE","HETDEL","exons 4;8;9",0.822
"HETDEL_cluster_0015","HETDEL","CNA_event_000052","PATJLY","HETDEL","exons 4",0.355
"HETDEL_cluster_0015","HETDEL","CNA_event_000054","PATKZH","HETDEL","exons 1",0.346
"HETDEL_cluster_0015","HETDEL","CNA_event_000055","PATLLH","HETDEL","exons 4",0.425
"HETDEL_cluster_0015","HETDEL","CNA_event_000056","PATNAM","HETDEL","exons 1",0.234
"HETDEL_cluster_0015","HETDEL","CNA_event_000057","PATPDA","HETDEL","exons 4;8",0.664
"HETDEL_cluster_0015","HETDEL","CNA_event_000059","PATRKV","HETDEL","exons 4",0.223
"HETDEL_cluster_0015","HETDEL","CNA_event_000060","PATSPG","HETDEL","exons 1",0.346
"HETDEL_cluster_0015","HETDEL","CNA_event_000070","PAUCDC","HETDEL","exons 4;8;9",0.822
"HETDEL_cluster_0015","HETDEL","CNA_event_000072","PAUEUC","HETDEL","exons 1",0.178
"HETDEL_cluster_0015","HETDEL","CNA_event_000075","PAUEXN","HETDEL","exons 1",0.206
"HETDEL_cluster_0015","HETDEL","CNA_event_000078","PAUGLY","HETDEL","exons 1",0.346
"HETDEL_cluster_0015","HETDEL","CNA_event_000079","PAUIEM","HETDEL","exons 4;8;9",0.654
"HETDEL_cluster_0015","HETDEL","CNA_event_000081","PAUJVL","HETDEL","exons 1",0.346
"HETDEL_cluster_0015","HETDEL","CNA_event_000083","PAUKZJ","HETDEL","exons 4;8",0.608
"HETDEL_cluster_0015","HETDEL","CNA_event_000085","PAULGX","HETDEL","exons 8",0.239
"HETDEL_cluster_0015","HETDEL","CNA_event_000087","PAUMLX","HETDEL","exons 1",0.346
"HETDEL_cluster_0015","HETDEL","CNA_event_000088","PAUMXB","HETDEL","exons 1",0.346
"HETDEL_cluster_0015","HETDEL","CNA_event_000091","PAUSIS","HETDEL","exons 4;8;9",0.822
"HETDEL_cluster_0015","HETDEL","CNA_event_000093","PAUTUL","HETDEL","exons 4;8",0.664
"HETDEL_cluster_0015","HETDEL","CNA_event_000097","PAUWXI","HETDEL","exons 4;8;9",0.822
"HETDEL_cluster_0015","HETDEL","CNA_event_000100","PAUXRM","HETDEL","exons 4",0.279
"HETDEL_cluster_0015","HETDEL","CNA_event_000101","PAUXYI","HETDEL","exons 4",0.355
"HETDEL_cluster_0015","HETDEL","CNA_event_000102","PAUYJF","HETDEL","exons 4",0.425
"HETDEL_cluster_0015","HETDEL","CNA_event_000110","PAVKCV","HETDEL","exons 1",0.178
"HETDEL_cluster_0015","HETDEL","CNA_event_000116","PAVMPT","HETDEL","exons 4",0.279
"HETDEL_cluster_0015","HETDEL","CNA_event_000120","PAVPCB","HETDEL","exons 1",0.206
"HETDEL_cluster_0015","HETDEL","CNA_event_000121","PAVRXK","HETDEL","exons 1;4;8;9",0.932
"HETDEL_cluster_0015","HETDEL","CNA_event_000122","PAVVBE","HETDEL","exons 1",0.178
"HETDEL_cluster_0015","HETDEL","CNA_event_000123","PAVVDS","HETDEL","exons 4",0.257
"HETDEL_cluster_0015","HETDEL","CNA_event_000125","PAVWNL","HETDEL","exons 1",0.346
"HETDEL_cluster_0015","HETDEL","CNA_event_000126","PAVYAZ","HETDEL","exons 1",0.178
"HETDEL_cluster_0015","HETDEL","CNA_event_000130","PAVZCF","HETDEL","exons 4",0.425
"HETDEL_cluster_0015","HETDEL","CNA_event_000136","PAWDWJ","HETDEL","exons 4;8;9",0.822
"HETDEL_cluster_0015","HETDEL","CNA_event_000139","PAWESJ","HETDEL","exons 1",0.346
"HETDEL_cluster_0015","HETDEL","CNA_event_000140","PAWETD","HETDEL","exons 4;8;9",0.822
"HETDEL_cluster_0015","HETDEL","CNA_event_000141","PAWFNJ","HETDEL","exons 1",0.346
"HETDEL_cluster_0015","HETDEL","CNA_event_000142","PAWFWF","HETDEL","exons 1",0.346
"HETDEL_cluster_0015","HETDEL","CNA_event_000145","PAWGXM","HETDEL","exons 4;8",0.496
"HETDEL_cluster_0015","HETDEL","CNA_event_000147","PAWIWS","HETDEL","exons 4",0.355
"HETDEL_cluster_0015","HETDEL","CNA_event_000149","PAWJYN","HETDEL","exons 1",0.346
"HETDEL_cluster_0016","HETDEL","CNA_event_000004","PARNXJ","HETDEL","exons 4;5;6;8;9;10;11",0.822
"HETDEL_cluster_0016","HETDEL","CNA_event_000007","PARSNX","HETDEL","exons 1",0.29
"HETDEL_cluster_0016","HETDEL","CNA_event_000008","PARWNW","HETDEL","exons 4;5;6;8;9;10;11",0.654
"HETDEL_cluster_0016","HETDEL","CNA_event_000010","PARXPZ","HETDEL","exons 4;5;6;8;9;10;11",0.822
"HETDEL_cluster_0016","HETDEL","CNA_event_000013","PASILW","HETDEL","exons 1",0.178
"HETDEL_cluster_0016","HETDEL","CNA_event_000015","PASINX","HETDEL","exons 1",0.346
"HETDEL_cluster_0016","HETDEL","CNA_event_000019","PASKAD","HETDEL","exons 4;5;6;8;9;10;11",0.654
"HETDEL_cluster_0016","HETDEL","CNA_event_000020","PASKLU","HETDEL","exons 4",0.111
"HETDEL_cluster_0016","HETDEL","CNA_event_000021","PASKWG","HETDEL","exons 4;5;6;8;9;10;11",0.654
"HETDEL_cluster_0016","HETDEL","CNA_event_000023","PASLXY","HETDEL","exons 1",0.346
"HETDEL_cluster_0016","HETDEL","CNA_event_000024","PASPDS","HETDEL","exons 4;5",0.355
"HETDEL_cluster_0016","HETDEL","CNA_event_000025","PASPLG","HETDEL","exons 4;5;6",0.425
"HETDEL_cluster_0016","HETDEL","CNA_event_000026","PASPNW","HETDEL","exons 4;5;6;8;9;10;11",0.822
"HETDEL_cluster_0016","HETDEL","CNA_event_000028","PASRMM","HETDEL","exons 1",0.346
"HETDEL_cluster_0016","HETDEL","CNA_event_000032","PASTCH","HETDEL","exons 1;4",0.457
"HETDEL_cluster_0016","HETDEL","CNA_event_000033","PASTHE","HETDEL","exons 4;5;6",0.425
"HETDEL_cluster_0016","HETDEL","CNA_event_000034","PASUSV","HETDEL","exons 4;5;6;8;9;10;11",0.822
"HETDEL_cluster_0016","HETDEL","CNA_event_000038","PASWYU","HETDEL","exons 4;5;6;8;9",0.586
"HETDEL_cluster_0016","HETDEL","CNA_event_000039","PASYNX","HETDEL","exons 4;5;6",0.36
"HETDEL_cluster_0016","HETDEL","CNA_event_000042","PASYWF","HETDEL","exons 4;5;6;8;9;10;11",0.654
"HETDEL_cluster_0016","HETDEL","CNA_event_000044","PATALF","HETDEL","exons 4;5;6",0.425
"HETDEL_cluster_0016","HETDEL","CNA_event_000046","PATCTR","HETDEL","exons 4;5;6",0.257
"HETDEL_cluster_0016","HETDEL","CNA_event_000050","PATHFE","HETDEL","exons 4;5;6;8;9;10;11",0.822
"HETDEL_cluster_0016","HETDEL","CNA_event_000052","PATJLY","HETDEL","exons 4;5",0.355
"HETDEL_cluster_0016","HETDEL","CNA_event_000054","PATKZH","HETDEL","exons 1",0.346
"HETDEL_cluster_0016","HETDEL","CNA_event_000055","PATLLH","HETDEL","exons 4;5;6",0.425
"HETDEL_cluster_0016","HETDEL","CNA_event_000056","PATNAM","HETDEL","exons 1",0.234
"HETDEL_cluster_0016","HETDEL","CNA_event_000057","PATPDA","HETDEL","exons 4;5;6;8",0.664
"HETDEL_cluster_0016","HETDEL","CNA_event_000059","PATRKV","HETDEL","exons 4",0.223
"HETDEL_cluster_0016","HETDEL","CNA_event_000060","PATSPG","HETDEL","exons 1",0.346
"HETDEL_cluster_0016","HETDEL","CNA_event_000070","PAUCDC","HETDEL","exons 4;5;6;8;9;10;11",0.822
"HETDEL_cluster_0016","HETDEL","CNA_event_000072","PAUEUC","HETDEL","exons 1",0.178
"HETDEL_cluster_0016","HETDEL","CNA_event_000075","PAUEXN","HETDEL","exons 1",0.206
"HETDEL_cluster_0016","HETDEL","CNA_event_000078","PAUGLY","HETDEL","exons 1",0.346
"HETDEL_cluster_0016","HETDEL","CNA_event_000079","PAUIEM","HETDEL","exons 4;5;6;8;9;10;11",0.654
"HETDEL_cluster_0016","HETDEL","CNA_event_000081","PAUJVL","HETDEL","exons 1",0.346
"HETDEL_cluster_0016","HETDEL","CNA_event_000083","PAUKZJ","HETDEL","exons 4;5;6;8",0.608
"HETDEL_cluster_0016","HETDEL","CNA_event_000085","PAULGX","HETDEL","exons 8",0.239
"HETDEL_cluster_0016","HETDEL","CNA_event_000087","PAUMLX","HETDEL","exons 1",0.346
"HETDEL_cluster_0016","HETDEL","CNA_event_000088","PAUMXB","HETDEL","exons 1",0.346
"HETDEL_cluster_0016","HETDEL","CNA_event_000091","PAUSIS","HETDEL","exons 4;5;6;8;9;10;11",0.822
"HETDEL_cluster_0016","HETDEL","CNA_event_000093","PAUTUL","HETDEL","exons 4;5;6;8",0.664
"HETDEL_cluster_0016","HETDEL","CNA_event_000097","PAUWXI","HETDEL","exons 4;5;6;8;9;10;11",0.822
"HETDEL_cluster_0016","HETDEL","CNA_event_000100","PAUXRM","HETDEL","exons 4",0.279
"HETDEL_cluster_0016","HETDEL","CNA_event_000101","PAUXYI","HETDEL","exons 4;5",0.355
"HETDEL_cluster_0016","HETDEL","CNA_event_000102","PAUYJF","HETDEL","exons 4;5;6",0.425
"HETDEL_cluster_0016","HETDEL","CNA_event_000110","PAVKCV","HETDEL","exons 1",0.178
"HETDEL_cluster_0016","HETDEL","CNA_event_000116","PAVMPT","HETDEL","exons 4",0.279
"HETDEL_cluster_0016","HETDEL","CNA_event_000120","PAVPCB","HETDEL","exons 1",0.206
"HETDEL_cluster_0016","HETDEL","CNA_event_000121","PAVRXK","HETDEL","exons 1;4;5;6;8;9",0.932
"HETDEL_cluster_0016","HETDEL","CNA_event_000122","PAVVBE","HETDEL","exons 1",0.178
"HETDEL_cluster_0016","HETDEL","CNA_event_000123","PAVVDS","HETDEL","exons 4;5;6",0.257
"HETDEL_cluster_0016","HETDEL","CNA_event_000125","PAVWNL","HETDEL","exons 1",0.346
"HETDEL_cluster_0016","HETDEL","CNA_event_000126","PAVYAZ","HETDEL","exons 1",0.178
"HETDEL_cluster_0016","HETDEL","CNA_event_000130","PAVZCF","HETDEL","exons 4;5;6",0.425
"HETDEL_cluster_0016","HETDEL","CNA_event_000136","PAWDWJ","HETDEL","exons 4;5;6;8;9;10;11",0.822
"HETDEL_cluster_0016","HETDEL","CNA_event_000139","PAWESJ","HETDEL","exons 1",0.346
"HETDEL_cluster_0016","HETDEL","CNA_event_000140","PAWETD","HETDEL","exons 4;5;6;8;9;10;11",0.822
"HETDEL_cluster_0016","HETDEL","CNA_event_000141","PAWFNJ","HETDEL","exons 1",0.346
"HETDEL_cluster_0016","HETDEL","CNA_event_000142","PAWFWF","HETDEL","exons 1",0.346
"HETDEL_cluster_0016","HETDEL","CNA_event_000145","PAWGXM","HETDEL","exons 4;5;6;8",0.496
"HETDEL_cluster_0016","HETDEL","CNA_event_000147","PAWIWS","HETDEL","exons 4;5",0.355
"HETDEL_cluster_0016","HETDEL","CNA_event_000149","PAWJYN","HETDEL","exons 1",0.346
"HETDEL_cluster_0017","HETDEL","CNA_event_000004","PARNXJ","HETDEL","exons 8;9",0.822
"HETDEL_cluster_0017","HETDEL","CNA_event_000007","PARSNX","HETDEL","exons 1",0.29
"HETDEL_cluster_0017","HETDEL","CNA_event_000008","PARWNW","HETDEL","exons 8;9",0.654
"HETDEL_cluster_0017","HETDEL","CNA_event_000010","PARXPZ","HETDEL","exons 8;9",0.822
"HETDEL_cluster_0017","HETDEL","CNA_event_000013","PASILW","HETDEL","exons 1",0.178
"HETDEL_cluster_0017","HETDEL","CNA_event_000015","PASINX","HETDEL","exons 1",0.346
"HETDEL_cluster_0017","HETDEL","CNA_event_000019","PASKAD","HETDEL","exons 8;9",0.654
"HETDEL_cluster_0017","HETDEL","CNA_event_000021","PASKWG","HETDEL","exons 8;9",0.654
"HETDEL_cluster_0017","HETDEL","CNA_event_000023","PASLXY","HETDEL","exons 1",0.346
"HETDEL_cluster_0017","HETDEL","CNA_event_000026","PASPNW","HETDEL","exons 8;9",0.822
"HETDEL_cluster_0017","HETDEL","CNA_event_000028","PASRMM","HETDEL","exons 1",0.346
"HETDEL_cluster_0017","HETDEL","CNA_event_000032","PASTCH","HETDEL","exons 1",0.457
"HETDEL_cluster_0017","HETDEL","CNA_event_000034","PASUSV","HETDEL","exons 8;9",0.822
"HETDEL_cluster_0017","HETDEL","CNA_event_000038","PASWYU","HETDEL","exons 8;9",0.586
"HETDEL_cluster_0017","HETDEL","CNA_event_000042","PASYWF","HETDEL","exons 8;9",0.654
"HETDEL_cluster_0017","HETDEL","CNA_event_000050","PATHFE","HETDEL","exons 8;9",0.822
"HETDEL_cluster_0017","HETDEL","CNA_event_000054","PATKZH","HETDEL","exons 1",0.346
"HETDEL_cluster_0017","HETDEL","CNA_event_000056","PATNAM","HETDEL","exons 1",0.234
"HETDEL_cluster_0017","HETDEL","CNA_event_000057","PATPDA","HETDEL","exons 8",0.664
"HETDEL_cluster_0017","HETDEL","CNA_event_000060","PATSPG","HETDEL","exons 1",0.346
"HETDEL_cluster_0017","HETDEL","CNA_event_000070","PAUCDC","HETDEL","exons 8;9",0.822
"HETDEL_cluster_0017","HETDEL","CNA_event_000072","PAUEUC","HETDEL","exons 1",0.178
"HETDEL_cluster_0017","HETDEL","CNA_event_000075","PAUEXN","HETDEL","exons 1",0.206
"HETDEL_cluster_0017","HETDEL","CNA_event_000078","PAUGLY","HETDEL","exons 1",0.346
"HETDEL_cluster_0017","HETDEL","CNA_event_000079","PAUIEM","HETDEL","exons 8;9",0.654
"HETDEL_cluster_0017","HETDEL","CNA_event_000081","PAUJVL","HETDEL","exons 1",0.346
"HETDEL_cluster_0017","HETDEL","CNA_event_000083","PAUKZJ","HETDEL","exons 8",0.608
"HETDEL_cluster_0017","HETDEL","CNA_event_000085","PAULGX","HETDEL","exons 8",0.239
"HETDEL_cluster_0017","HETDEL","CNA_event_000087","PAUMLX","HETDEL","exons 1",0.346
"HETDEL_cluster_0017","HETDEL","CNA_event_000088","PAUMXB","HETDEL","exons 1",0.346
"HETDEL_cluster_0017","HETDEL","CNA_event_000091","PAUSIS","HETDEL","exons 8;9",0.822
"HETDEL_cluster_0017","HETDEL","CNA_event_000093","PAUTUL","HETDEL","exons 8",0.664
"HETDEL_cluster_0017","HETDEL","CNA_event_000097","PAUWXI","HETDEL","exons 8;9",0.822
"HETDEL_cluster_0017","HETDEL","CNA_event_000110","PAVKCV","HETDEL","exons 1",0.178
"HETDEL_cluster_0017","HETDEL","CNA_event_000120","PAVPCB","HETDEL","exons 1",0.206
"HETDEL_cluster_0017","HETDEL","CNA_event_000121","PAVRXK","HETDEL","exons 1;8;9",0.932
"HETDEL_cluster_0017","HETDEL","CNA_event_000122","PAVVBE","HETDEL","exons 1",0.178
"HETDEL_cluster_0017","HETDEL","CNA_event_000125","PAVWNL","HETDEL","exons 1",0.346
"HETDEL_cluster_0017","HETDEL","CNA_event_000126","PAVYAZ","HETDEL","exons 1",0.178
"HETDEL_cluster_0017","HETDEL","CNA_event_000136","PAWDWJ","HETDEL","exons 8;9",0.822
"HETDEL_cluster_0017","HETDEL","CNA_event_000139","PAWESJ","HETDEL","exons 1",0.346
"HETDEL_cluster_0017","HETDEL","CNA_event_000140","PAWETD","HETDEL","exons 8;9",0.822
"HETDEL_cluster_0017","HETDEL","CNA_event_000141","PAWFNJ","HETDEL","exons 1",0.346
"HETDEL_cluster_0017","HETDEL","CNA_event_000142","PAWFWF","HETDEL","exons 1",0.346
"HETDEL_cluster_0017","HETDEL","CNA_event_000145","PAWGXM","HETDEL","exons 8",0.496
"HETDEL_cluster_0017","HETDEL","CNA_event_000149","PAWJYN","HETDEL","exons 1",0.346
"HETDEL_cluster_0018","HETDEL","CNA_event_000007","PARSNX","HETDEL","exons 1",0.29
"HETDEL_cluster_0018","HETDEL","CNA_event_000013","PASILW","HETDEL","exons 1",0.178
"HETDEL_cluster_0018","HETDEL","CNA_event_000015","PASINX","HETDEL","exons 1",0.346
"HETDEL_cluster_0018","HETDEL","CNA_event_000023","PASLXY","HETDEL","exons 1",0.346
"HETDEL_cluster_0018","HETDEL","CNA_event_000028","PASRMM","HETDEL","exons 1",0.346
"HETDEL_cluster_0018","HETDEL","CNA_event_000032","PASTCH","HETDEL","exons 1",0.457
"HETDEL_cluster_0018","HETDEL","CNA_event_000054","PATKZH","HETDEL","exons 1",0.346
"HETDEL_cluster_0018","HETDEL","CNA_event_000056","PATNAM","HETDEL","exons 1",0.234
"HETDEL_cluster_0018","HETDEL","CNA_event_000060","PATSPG","HETDEL","exons 1",0.346
"HETDEL_cluster_0018","HETDEL","CNA_event_000072","PAUEUC","HETDEL","exons 1",0.178
"HETDEL_cluster_0018","HETDEL","CNA_event_000075","PAUEXN","HETDEL","exons 1",0.206
"HETDEL_cluster_0018","HETDEL","CNA_event_000078","PAUGLY","HETDEL","exons 1",0.346
"HETDEL_cluster_0018","HETDEL","CNA_event_000081","PAUJVL","HETDEL","exons 1",0.346
"HETDEL_cluster_0018","HETDEL","CNA_event_000087","PAUMLX","HETDEL","exons 1",0.346
"HETDEL_cluster_0018","HETDEL","CNA_event_000088","PAUMXB","HETDEL","exons 1",0.346
"HETDEL_cluster_0018","HETDEL","CNA_event_000110","PAVKCV","HETDEL","exons 1",0.178
"HETDEL_cluster_0018","HETDEL","CNA_event_000120","PAVPCB","HETDEL","exons 1",0.206
"HETDEL_cluster_0018","HETDEL","CNA_event_000121","PAVRXK","HETDEL","exons 1",0.932
"HETDEL_cluster_0018","HETDEL","CNA_event_000122","PAVVBE","HETDEL","exons 1",0.178
"HETDEL_cluster_0018","HETDEL","CNA_event_000125","PAVWNL","HETDEL","exons 1",0.346
"HETDEL_cluster_0018","HETDEL","CNA_event_000126","PAVYAZ","HETDEL","exons 1",0.178
"HETDEL_cluster_0018","HETDEL","CNA_event_000139","PAWESJ","HETDEL","exons 1",0.346
"HETDEL_cluster_0018","HETDEL","CNA_event_000141","PAWFNJ","HETDEL","exons 1",0.346
"HETDEL_cluster_0018","HETDEL","CNA_event_000142","PAWFWF","HETDEL","exons 1",0.346
"HETDEL_cluster_0018","HETDEL","CNA_event_000149","PAWJYN","HETDEL","exons 1",0.346
"HETDEL_cluster_0019","HETDEL","CNA_event_000004","PARNXJ","HETDEL","exons 10",0.822
"HETDEL_cluster_0019","HETDEL","CNA_event_000008","PARWNW","HETDEL","exons 10",0.654
"HETDEL_cluster_0019","HETDEL","CNA_event_000010","PARXPZ","HETDEL","exons 10",0.822
"HETDEL_cluster_0019","HETDEL","CNA_event_000019","PASKAD","HETDEL","exons 10",0.654
"HETDEL_cluster_0019","HETDEL","CNA_event_000021","PASKWG","HETDEL","exons 10",0.654
"HETDEL_cluster_0019","HETDEL","CNA_event_000026","PASPNW","HETDEL","exons 10",0.822
"HETDEL_cluster_0019","HETDEL","CNA_event_000034","PASUSV","HETDEL","exons 10",0.822
"HETDEL_cluster_0019","HETDEL","CNA_event_000042","PASYWF","HETDEL","exons 10",0.654
"HETDEL_cluster_0019","HETDEL","CNA_event_000050","PATHFE","HETDEL","exons 10",0.822
"HETDEL_cluster_0019","HETDEL","CNA_event_000070","PAUCDC","HETDEL","exons 10",0.822
"HETDEL_cluster_0019","HETDEL","CNA_event_000079","PAUIEM","HETDEL","exons 10",0.654
"HETDEL_cluster_0019","HETDEL","CNA_event_000091","PAUSIS","HETDEL","exons 10",0.822
"HETDEL_cluster_0019","HETDEL","CNA_event_000097","PAUWXI","HETDEL","exons 10",0.822
"HETDEL_cluster_0019","HETDEL","CNA_event_000136","PAWDWJ","HETDEL","exons 10",0.822
"HETDEL_cluster_0019","HETDEL","CNA_event_000140","PAWETD","HETDEL","exons 10",0.822
"HETDEL_cluster_0020","HETDEL","CNA_event_000004","PARNXJ","HETDEL","exons 11",0.822
"HETDEL_cluster_0020","HETDEL","CNA_event_000008","PARWNW","HETDEL","exons 11",0.654
"HETDEL_cluster_0020","HETDEL","CNA_event_000010","PARXPZ","HETDEL","exons 11",0.822
"HETDEL_cluster_0020","HETDEL","CNA_event_000019","PASKAD","HETDEL","exons 11",0.654
"HETDEL_cluster_0020","HETDEL","CNA_event_000021","PASKWG","HETDEL","exons 11",0.654
"HETDEL_cluster_0020","HETDEL","CNA_event_000026","PASPNW","HETDEL","exons 11",0.822
"HETDEL_cluster_0020","HETDEL","CNA_event_000034","PASUSV","HETDEL","exons 11",0.822
"HETDEL_cluster_0020","HETDEL","CNA_event_000042","PASYWF","HETDEL","exons 11",0.654
"HETDEL_cluster_0020","HETDEL","CNA_event_000050","PATHFE","HETDEL","exons 11",0.822
"HETDEL_cluster_0020","HETDEL","CNA_event_000070","PAUCDC","HETDEL","exons 11",0.822
"HETDEL_cluster_0020","HETDEL","CNA_event_000079","PAUIEM","HETDEL","exons 11",0.654
"HETDEL_cluster_0020","HETDEL","CNA_event_000091","PAUSIS","HETDEL","exons 11",0.822
"HETDEL_cluster_0020","HETDEL","CNA_event_000097","PAUWXI","HETDEL","exons 11",0.822
"HETDEL_cluster_0020","HETDEL","CNA_event_000136","PAWDWJ","HETDEL","exons 11",0.822
"HETDEL_cluster_0020","HETDEL","CNA_event_000140","PAWETD","HETDEL","exons 11",0.822
"HETDEL_cluster_0021","HETDEL","CNA_event_000001","PARFLD","HETDEL","exons 2",0.168
"HETDEL_cluster_0021","HETDEL","CNA_event_000002","PARJAY","HETDEL","exons 2",0.168
"HETDEL_cluster_0021","HETDEL","CNA_event_000003","PARJPL","HETDEL","exons 2",0.168
"HETDEL_cluster_0021","HETDEL","CNA_event_000004","PARNXJ","HETDEL","exons 2",0.822
"HETDEL_cluster_0021","HETDEL","CNA_event_000005","PARPET","HETDEL","exons 2",0.168
"HETDEL_cluster_0021","HETDEL","CNA_event_000007","PARSNX","HETDEL","exons 2",0.29
"HETDEL_cluster_0021","HETDEL","CNA_event_000009","PARXDJ","HETDEL","exons 2",0.168
"HETDEL_cluster_0021","HETDEL","CNA_event_000010","PARXPZ","HETDEL","exons 2",0.822
"HETDEL_cluster_0021","HETDEL","CNA_event_000011","PASGDZ","HETDEL","exons 2",0.168
"HETDEL_cluster_0021","HETDEL","CNA_event_000012","PASGUH","HETDEL","exons 2",0.168
"HETDEL_cluster_0021","HETDEL","CNA_event_000015","PASINX","HETDEL","exons 2",0.346
"HETDEL_cluster_0021","HETDEL","CNA_event_000017","PASIPN","HETDEL","exons 2",0.056
"HETDEL_cluster_0021","HETDEL","CNA_event_000018","PASJGV","HETDEL","exons 2",0.168
"HETDEL_cluster_0021","HETDEL","CNA_event_000022","PASKXA","HETDEL","exons 2",0.168
"HETDEL_cluster_0021","HETDEL","CNA_event_000023","PASLXY","HETDEL","exons 2",0.346
"HETDEL_cluster_0021","HETDEL","CNA_event_000024","PASPDS","HETDEL","exons 2",0.355
"HETDEL_cluster_0021","HETDEL","CNA_event_000025","PASPLG","HETDEL","exons 2",0.425
"HETDEL_cluster_0021","HETDEL","CNA_event_000026","PASPNW","HETDEL","exons 2",0.822
"HETDEL_cluster_0021","HETDEL","CNA_event_000027","PASRAF","HETDEL","exons 2",0.168
"HETDEL_cluster_0021","HETDEL","CNA_event_000028","PASRMM","HETDEL","exons 2",0.346
"HETDEL_cluster_0021","HETDEL","CNA_event_000030","PASRSE","HETDEL","exons 2",0.168
"HETDEL_cluster_0021","HETDEL","CNA_event_000031","PASRUK","HETDEL","exons 2",0.168
"HETDEL_cluster_0021","HETDEL","CNA_event_000032","PASTCH","HETDEL","exons 2",0.457
"HETDEL_cluster_0021","HETDEL","CNA_event_000033","PASTHE","HETDEL","exons 2",0.425
"HETDEL_cluster_0021","HETDEL","CNA_event_000034","PASUSV","HETDEL","exons 2",0.822
"HETDEL_cluster_0021","HETDEL","CNA_event_000035","PASVWH","HETDEL","exons 2",0.168
"HETDEL_cluster_0021","HETDEL","CNA_event_000036","PASVZJ","HETDEL","exons 2",0.168
"HETDEL_cluster_0021","HETDEL","CNA_event_000037","PASWXB","HETDEL","exons 2",0.168
"HETDEL_cluster_0021","HETDEL","CNA_event_000040","PASYSJ","HETDEL","exons 2",0.168
"HETDEL_cluster_0021","HETDEL","CNA_event_000041","PASYVU","HETDEL","exons 2",0.168
"HETDEL_cluster_0021","HETDEL","CNA_event_000043","PASZAY","HETDEL","exons 2",0.168
"HETDEL_cluster_0021","HETDEL","CNA_event_000044","PATALF","HETDEL","exons 2",0.425
"HETDEL_cluster_0021","HETDEL","CNA_event_000045","PATBTX","HETDEL","exons 2",0.168
"HETDEL_cluster_0021","HETDEL","CNA_event_000047","PATDTN","HETDEL","exons 2",0.168
"HETDEL_cluster_0021","HETDEL","CNA_event_000048","PATFPU","HETDEL","exons 2",0.168
"HETDEL_cluster_0021","HETDEL","CNA_event_000050","PATHFE","HETDEL","exons 2",0.822
"HETDEL_cluster_0021","HETDEL","CNA_event_000052","PATJLY","HETDEL","exons 2",0.355
"HETDEL_cluster_0021","HETDEL","CNA_event_000054","PATKZH","HETDEL","exons 2",0.346
"HETDEL_cluster_0021","HETDEL","CNA_event_000055","PATLLH","HETDEL","exons 2",0.425
"HETDEL_cluster_0021","HETDEL","CNA_event_000056","PATNAM","HETDEL","exons 2",0.234
"HETDEL_cluster_0021","HETDEL","CNA_event_000057","PATPDA","HETDEL","exons 2",0.664
"HETDEL_cluster_0021","HETDEL","CNA_event_000058","PATRAB","HETDEL","exons 2",0.168
"HETDEL_cluster_0021","HETDEL","CNA_event_000060","PATSPG","HETDEL","exons 2",0.346
"HETDEL_cluster_0021","HETDEL","CNA_event_000061","PATWJU","HETDEL","exons 2",0.168
"HETDEL_cluster_0021","HETDEL","CNA_event_000063","PATZST","HETDEL","exons 2",0.168
"HETDEL_cluster_0021","HETDEL","CNA_event_000064","PATZYR","HETDEL","exons 2",0.168
"HETDEL_cluster_0021","HETDEL","CNA_event_000065","PAUAKN","HETDEL","exons 2",0.168
"HETDEL_cluster_0021","HETDEL","CNA_event_000066","PAUAZV","HETDEL","exons 2",0.168
"HETDEL_cluster_0021","HETDEL","CNA_event_000067","PAUBCT","HETDEL","exons 2",0.168
"HETDEL_cluster_0021","HETDEL","CNA_event_000070","PAUCDC","HETDEL","exons 2",0.822
"HETDEL_cluster_0021","HETDEL","CNA_event_000071","PAUEDT","HETDEL","exons 2",0.168
"HETDEL_cluster_0021","HETDEL","CNA_event_000074","PAUEVJ","HETDEL","exons 2",0.168
"HETDEL_cluster_0021","HETDEL","CNA_event_000075","PAUEXN","HETDEL","exons 2",0.206
"HETDEL_cluster_0021","HETDEL","CNA_event_000077","PAUGDT","HETDEL","exons 2",0.168
"HETDEL_cluster_0021","HETDEL","CNA_event_000078","PAUGLY","HETDEL","exons 2",0.346
"HETDEL_cluster_0021","HETDEL","CNA_event_000080","PAUIFA","HETDEL","exons 2",0.168
"HETDEL_cluster_0021","HETDEL","CNA_event_000081","PAUJVL","HETDEL","exons 2",0.346
"HETDEL_cluster_0021","HETDEL","CNA_event_000084","PAULCK","HETDEL","exons 2",0.168
"HETDEL_cluster_0021","HETDEL","CNA_event_000087","PAUMLX","HETDEL","exons 2",0.346
"HETDEL_cluster_0021","HETDEL","CNA_event_000088","PAUMXB","HETDEL","exons 2",0.346
"HETDEL_cluster_0021","HETDEL","CNA_event_000089","PAUPUW","HETDEL","exons 2",0.168
"HETDEL_cluster_0021","HETDEL","CNA_event_000090","PAURLU","HETDEL","exons 2",0.168
"HETDEL_cluster_0021","HETDEL","CNA_event_000091","PAUSIS","HETDEL","exons 2",0.822
"HETDEL_cluster_0021","HETDEL","CNA_event_000092","PAUTBB","HETDEL","exons 2",0.168
"HETDEL_cluster_0021","HETDEL","CNA_event_000093","PAUTUL","HETDEL","exons 2",0.664
"HETDEL_cluster_0021","HETDEL","CNA_event_000094","PAUUAL","HETDEL","exons 2",0.168
"HETDEL_cluster_0021","HETDEL","CNA_event_000095","PAUUIK","HETDEL","exons 2",0.168
"HETDEL_cluster_0021","HETDEL","CNA_event_000096","PAUWMZ","HETDEL","exons 2",0.168
"HETDEL_cluster_0021","HETDEL","CNA_event_000097","PAUWXI","HETDEL","exons 2",0.822
"HETDEL_cluster_0021","HETDEL","CNA_event_000098","PAUXCW","HETDEL","exons 2",0.168
"HETDEL_cluster_0021","HETDEL","CNA_event_000099","PAUXKE","HETDEL","exons 2",0.168
"HETDEL_cluster_0021","HETDEL","CNA_event_000100","PAUXRM","HETDEL","exons 2",0.279
"HETDEL_cluster_0021","HETDEL","CNA_event_000101","PAUXYI","HETDEL","exons 2",0.355
"HETDEL_cluster_0021","HETDEL","CNA_event_000102","PAUYJF","HETDEL","exons 2",0.425
"HETDEL_cluster_0021","HETDEL","CNA_event_000104","PAVCRK","HETDEL","exons 2",0.168
"HETDEL_cluster_0021","HETDEL","CNA_event_000105","PAVFAX","HETDEL","exons 2",0.168
"HETDEL_cluster_0021","HETDEL","CNA_event_000106","PAVHAA","HETDEL","exons 2",0.168
"HETDEL_cluster_0021","HETDEL","CNA_event_000107","PAVHBL","HETDEL","exons 2",0.168
"HETDEL_cluster_0021","HETDEL","CNA_event_000108","PAVHGX","HETDEL","exons 2",0.168
"HETDEL_cluster_0021","HETDEL","CNA_event_000112","PAVKPV","HETDEL","exons 2",0.168
"HETDEL_cluster_0021","HETDEL","CNA_event_000114","PAVLLU","HETDEL","exons 2",0.168
"HETDEL_cluster_0021","HETDEL","CNA_event_000115","PAVMKN","HETDEL","exons 2",0.168
"HETDEL_cluster_0021","HETDEL","CNA_event_000116","PAVMPT","HETDEL","exons 2",0.279
"HETDEL_cluster_0021","HETDEL","CNA_event_000117","PAVNGZ","HETDEL","exons 2",0.168
"HETDEL_cluster_0021","HETDEL","CNA_event_000119","PAVNTB","HETDEL","exons 2",0.168
"HETDEL_cluster_0021","HETDEL","CNA_event_000120","PAVPCB","HETDEL","exons 2",0.206
"HETDEL_cluster_0021","HETDEL","CNA_event_000121","PAVRXK","HETDEL","exons 2",0.932
"HETDEL_cluster_0021","HETDEL","CNA_event_000124","PAVWDF","HETDEL","exons 2",0.168
"HETDEL_cluster_0021","HETDEL","CNA_event_000125","PAVWNL","HETDEL","exons 2",0.346
"HETDEL_cluster_0021","HETDEL","CNA_event_000129","PAVYTZ","HETDEL","exons 2",0.168
"HETDEL_cluster_0021","HETDEL","CNA_event_000130","PAVZCF","HETDEL","exons 2",0.425
"HETDEL_cluster_0021","HETDEL","CNA_event_000131","PAWAIM","HETDEL","exons 2",0.168
"HETDEL_cluster_0021","HETDEL","CNA_event_000132","PAWAIN","HETDEL","exons 2",0.168
"HETDEL_cluster_0021","HETDEL","CNA_event_000133","PAWAKA","HETDEL","exons 2",0.168
"HETDEL_cluster_0021","HETDEL","CNA_event_000134","PAWDEK","HETDEL","exons 2",0.168
"HETDEL_cluster_0021","HETDEL","CNA_event_000135","PAWDMI","HETDEL","exons 2",0.168
"HETDEL_cluster_0021","HETDEL","CNA_event_000136","PAWDWJ","HETDEL","exons 2",0.822
"HETDEL_cluster_0021","HETDEL","CNA_event_000137","PAWEEC","HETDEL","exons 2",0.168
"HETDEL_cluster_0021","HETDEL","CNA_event_000139","PAWESJ","HETDEL","exons 2",0.346
"HETDEL_cluster_0021","HETDEL","CNA_event_000140","PAWETD","HETDEL","exons 2",0.822
"HETDEL_cluster_0021","HETDEL","CNA_event_000141","PAWFNJ","HETDEL","exons 2",0.346
"HETDEL_cluster_0021","HETDEL","CNA_event_000142","PAWFWF","HETDEL","exons 2",0.346
"HETDEL_cluster_0021","HETDEL","CNA_event_000143","PAWGCK","HETDEL","exons 2",0.168
"HETDEL_cluster_0021","HETDEL","CNA_event_000144","PAWGIT","HETDEL","exons 2",0.168
"HETDEL_cluster_0021","HETDEL","CNA_event_000146","PAWGZM","HETDEL","exons 2",0.168
"HETDEL_cluster_0021","HETDEL","CNA_event_000147","PAWIWS","HETDEL","exons 2",0.355
"HETDEL_cluster_0021","HETDEL","CNA_event_000148","PAWJKX","HETDEL","exons 2",0.168
"HETDEL_cluster_0021","HETDEL","CNA_event_000149","PAWJYN","HETDEL","exons 2",0.346
"HETDEL_cluster_0022","HETDEL","CNA_event_000001","PARFLD","HETDEL","exons 3",0.168
"HETDEL_cluster_0022","HETDEL","CNA_event_000002","PARJAY","HETDEL","exons 3",0.168
"HETDEL_cluster_0022","HETDEL","CNA_event_000003","PARJPL","HETDEL","exons 3",0.168
"HETDEL_cluster_0022","HETDEL","CNA_event_000004","PARNXJ","HETDEL","exons 3",0.822
"HETDEL_cluster_0022","HETDEL","CNA_event_000005","PARPET","HETDEL","exons 3",0.168
"HETDEL_cluster_0022","HETDEL","CNA_event_000007","PARSNX","HETDEL","exons 3",0.29
"HETDEL_cluster_0022","HETDEL","CNA_event_000009","PARXDJ","HETDEL","exons 3",0.168
"HETDEL_cluster_0022","HETDEL","CNA_event_000010","PARXPZ","HETDEL","exons 3",0.822
"HETDEL_cluster_0022","HETDEL","CNA_event_000011","PASGDZ","HETDEL","exons 3",0.168
"HETDEL_cluster_0022","HETDEL","CNA_event_000012","PASGUH","HETDEL","exons 3",0.168
"HETDEL_cluster_0022","HETDEL","CNA_event_000015","PASINX","HETDEL","exons 3",0.346
"HETDEL_cluster_0022","HETDEL","CNA_event_000016","PASIPN","HETDEL","exons 3",0.112
"HETDEL_cluster_0022","HETDEL","CNA_event_000018","PASJGV","HETDEL","exons 3",0.168
"HETDEL_cluster_0022","HETDEL","CNA_event_000022","PASKXA","HETDEL","exons 3",0.168
"HETDEL_cluster_0022","HETDEL","CNA_event_000023","PASLXY","HETDEL","exons 3",0.346
"HETDEL_cluster_0022","HETDEL","CNA_event_000024","PASPDS","HETDEL","exons 3",0.355
"HETDEL_cluster_0022","HETDEL","CNA_event_000025","PASPLG","HETDEL","exons 3",0.425
"HETDEL_cluster_0022","HETDEL","CNA_event_000026","PASPNW","HETDEL","exons 3",0.822
"HETDEL_cluster_0022","HETDEL","CNA_event_000027","PASRAF","HETDEL","exons 3",0.168
"HETDEL_cluster_0022","HETDEL","CNA_event_000028","PASRMM","HETDEL","exons 3",0.346
"HETDEL_cluster_0022","HETDEL","CNA_event_000030","PASRSE","HETDEL","exons 3",0.168
"HETDEL_cluster_0022","HETDEL","CNA_event_000031","PASRUK","HETDEL","exons 3",0.168
"HETDEL_cluster_0022","HETDEL","CNA_event_000032","PASTCH","HETDEL","exons 3",0.457
"HETDEL_cluster_0022","HETDEL","CNA_event_000033","PASTHE","HETDEL","exons 3",0.425
"HETDEL_cluster_0022","HETDEL","CNA_event_000034","PASUSV","HETDEL","exons 3",0.822
"HETDEL_cluster_0022","HETDEL","CNA_event_000035","PASVWH","HETDEL","exons 3",0.168
"HETDEL_cluster_0022","HETDEL","CNA_event_000036","PASVZJ","HETDEL","exons 3",0.168
"HETDEL_cluster_0022","HETDEL","CNA_event_000037","PASWXB","HETDEL","exons 3",0.168
"HETDEL_cluster_0022","HETDEL","CNA_event_000040","PASYSJ","HETDEL","exons 3",0.168
"HETDEL_cluster_0022","HETDEL","CNA_event_000041","PASYVU","HETDEL","exons 3",0.168
"HETDEL_cluster_0022","HETDEL","CNA_event_000043","PASZAY","HETDEL","exons 3",0.168
"HETDEL_cluster_0022","HETDEL","CNA_event_000044","PATALF","HETDEL","exons 3",0.425
"HETDEL_cluster_0022","HETDEL","CNA_event_000045","PATBTX","HETDEL","exons 3",0.168
"HETDEL_cluster_0022","HETDEL","CNA_event_000047","PATDTN","HETDEL","exons 3",0.168
"HETDEL_cluster_0022","HETDEL","CNA_event_000048","PATFPU","HETDEL","exons 3",0.168
"HETDEL_cluster_0022","HETDEL","CNA_event_000050","PATHFE","HETDEL","exons 3",0.822
"HETDEL_cluster_0022","HETDEL","CNA_event_000052","PATJLY","HETDEL","exons 3",0.355
"HETDEL_cluster_0022","HETDEL","CNA_event_000054","PATKZH","HETDEL","exons 3",0.346
"HETDEL_cluster_0022","HETDEL","CNA_event_000055","PATLLH","HETDEL","exons 3",0.425
"HETDEL_cluster_0022","HETDEL","CNA_event_000057","PATPDA","HETDEL","exons 3",0.664
"HETDEL_cluster_0022","HETDEL","CNA_event_000058","PATRAB","HETDEL","exons 3",0.168
"HETDEL_cluster_0022","HETDEL","CNA_event_000059","PATRKV","HETDEL","exons 3",0.223
"HETDEL_cluster_0022","HETDEL","CNA_event_000060","PATSPG","HETDEL","exons 3",0.346
"HETDEL_cluster_0022","HETDEL","CNA_event_000061","PATWJU","HETDEL","exons 3",0.168
"HETDEL_cluster_0022","HETDEL","CNA_event_000063","PATZST","HETDEL","exons 3",0.168
"HETDEL_cluster_0022","HETDEL","CNA_event_000064","PATZYR","HETDEL","exons 3",0.168
"HETDEL_cluster_0022","HETDEL","CNA_event_000065","PAUAKN","HETDEL","exons 3",0.168
"HETDEL_cluster_0022","HETDEL","CNA_event_000066","PAUAZV","HETDEL","exons 3",0.168
"HETDEL_cluster_0022","HETDEL","CNA_event_000067","PAUBCT","HETDEL","exons 3",0.168
"HETDEL_cluster_0022","HETDEL","CNA_event_000070","PAUCDC","HETDEL","exons 3",0.822
"HETDEL_cluster_0022","HETDEL","CNA_event_000071","PAUEDT","HETDEL","exons 3",0.168
"HETDEL_cluster_0022","HETDEL","CNA_event_000074","PAUEVJ","HETDEL","exons 3",0.168
"HETDEL_cluster_0022","HETDEL","CNA_event_000075","PAUEXN","HETDEL","exons 3",0.206
"HETDEL_cluster_0022","HETDEL","CNA_event_000077","PAUGDT","HETDEL","exons 3",0.168
"HETDEL_cluster_0022","HETDEL","CNA_event_000078","PAUGLY","HETDEL","exons 3",0.346
"HETDEL_cluster_0022","HETDEL","CNA_event_000080","PAUIFA","HETDEL","exons 3",0.168
"HETDEL_cluster_0022","HETDEL","CNA_event_000081","PAUJVL","HETDEL","exons 3",0.346
"HETDEL_cluster_0022","HETDEL","CNA_event_000083","PAUKZJ","HETDEL","exons 3",0.608
"HETDEL_cluster_0022","HETDEL","CNA_event_000084","PAULCK","HETDEL","exons 3",0.168
"HETDEL_cluster_0022","HETDEL","CNA_event_000087","PAUMLX","HETDEL","exons 3",0.346
"HETDEL_cluster_0022","HETDEL","CNA_event_000088","PAUMXB","HETDEL","exons 3",0.346
"HETDEL_cluster_0022","HETDEL","CNA_event_000089","PAUPUW","HETDEL","exons 3",0.168
"HETDEL_cluster_0022","HETDEL","CNA_event_000090","PAURLU","HETDEL","exons 3",0.168
"HETDEL_cluster_0022","HETDEL","CNA_event_000091","PAUSIS","HETDEL","exons 3",0.822
"HETDEL_cluster_0022","HETDEL","CNA_event_000092","PAUTBB","HETDEL","exons 3",0.168
"HETDEL_cluster_0022","HETDEL","CNA_event_000093","PAUTUL","HETDEL","exons 3",0.664
"HETDEL_cluster_0022","HETDEL","CNA_event_000094","PAUUAL","HETDEL","exons 3",0.168
"HETDEL_cluster_0022","HETDEL","CNA_event_000095","PAUUIK","HETDEL","exons 3",0.168
"HETDEL_cluster_0022","HETDEL","CNA_event_000096","PAUWMZ","HETDEL","exons 3",0.168
"HETDEL_cluster_0022","HETDEL","CNA_event_000097","PAUWXI","HETDEL","exons 3",0.822
"HETDEL_cluster_0022","HETDEL","CNA_event_000098","PAUXCW","HETDEL","exons 3",0.168
"HETDEL_cluster_0022","HETDEL","CNA_event_000099","PAUXKE","HETDEL","exons 3",0.168
"HETDEL_cluster_0022","HETDEL","CNA_event_000100","PAUXRM","HETDEL","exons 3",0.279
"HETDEL_cluster_0022","HETDEL","CNA_event_000101","PAUXYI","HETDEL","exons 3",0.355
"HETDEL_cluster_0022","HETDEL","CNA_event_000102","PAUYJF","HETDEL","exons 3",0.425
"HETDEL_cluster_0022","HETDEL","CNA_event_000104","PAVCRK","HETDEL","exons 3",0.168
"HETDEL_cluster_0022","HETDEL","CNA_event_000105","PAVFAX","HETDEL","exons 3",0.168
"HETDEL_cluster_0022","HETDEL","CNA_event_000106","PAVHAA","HETDEL","exons 3",0.168
"HETDEL_cluster_0022","HETDEL","CNA_event_000107","PAVHBL","HETDEL","exons 3",0.168
"HETDEL_cluster_0022","HETDEL","CNA_event_000108","PAVHGX","HETDEL","exons 3",0.168
"HETDEL_cluster_0022","HETDEL","CNA_event_000112","PAVKPV","HETDEL","exons 3",0.168
"HETDEL_cluster_0022","HETDEL","CNA_event_000114","PAVLLU","HETDEL","exons 3",0.168
"HETDEL_cluster_0022","HETDEL","CNA_event_000115","PAVMKN","HETDEL","exons 3",0.168
"HETDEL_cluster_0022","HETDEL","CNA_event_000116","PAVMPT","HETDEL","exons 3",0.279
"HETDEL_cluster_0022","HETDEL","CNA_event_000117","PAVNGZ","HETDEL","exons 3",0.168
"HETDEL_cluster_0022","HETDEL","CNA_event_000119","PAVNTB","HETDEL","exons 3",0.168
"HETDEL_cluster_0022","HETDEL","CNA_event_000120","PAVPCB","HETDEL","exons 3",0.206
"HETDEL_cluster_0022","HETDEL","CNA_event_000121","PAVRXK","HETDEL","exons 3",0.932
"HETDEL_cluster_0022","HETDEL","CNA_event_000124","PAVWDF","HETDEL","exons 3",0.168
"HETDEL_cluster_0022","HETDEL","CNA_event_000125","PAVWNL","HETDEL","exons 3",0.346
"HETDEL_cluster_0022","HETDEL","CNA_event_000129","PAVYTZ","HETDEL","exons 3",0.168
"HETDEL_cluster_0022","HETDEL","CNA_event_000130","PAVZCF","HETDEL","exons 3",0.425
"HETDEL_cluster_0022","HETDEL","CNA_event_000131","PAWAIM","HETDEL","exons 3",0.168
"HETDEL_cluster_0022","HETDEL","CNA_event_000132","PAWAIN","HETDEL","exons 3",0.168
"HETDEL_cluster_0022","HETDEL","CNA_event_000133","PAWAKA","HETDEL","exons 3",0.168
"HETDEL_cluster_0022","HETDEL","CNA_event_000134","PAWDEK","HETDEL","exons 3",0.168
"HETDEL_cluster_0022","HETDEL","CNA_event_000135","PAWDMI","HETDEL","exons 3",0.168
"HETDEL_cluster_0022","HETDEL","CNA_event_000136","PAWDWJ","HETDEL","exons 3",0.822
"HETDEL_cluster_0022","HETDEL","CNA_event_000137","PAWEEC","HETDEL","exons 3",0.168
"HETDEL_cluster_0022","HETDEL","CNA_event_000138","PAWEEX","HETDEL","exons 3",0.112
"HETDEL_cluster_0022","HETDEL","CNA_event_000139","PAWESJ","HETDEL","exons 3",0.346
"HETDEL_cluster_0022","HETDEL","CNA_event_000140","PAWETD","HETDEL","exons 3",0.822
"HETDEL_cluster_0022","HETDEL","CNA_event_000141","PAWFNJ","HETDEL","exons 3",0.346
"HETDEL_cluster_0022","HETDEL","CNA_event_000142","PAWFWF","HETDEL","exons 3",0.346
"HETDEL_cluster_0022","HETDEL","CNA_event_000143","PAWGCK","HETDEL","exons 3",0.168
"HETDEL_cluster_0022","HETDEL","CNA_event_000144","PAWGIT","HETDEL","exons 3",0.168
"HETDEL_cluster_0022","HETDEL","CNA_event_000146","PAWGZM","HETDEL","exons 3",0.168
"HETDEL_cluster_0022","HETDEL","CNA_event_000147","PAWIWS","HETDEL","exons 3",0.355
"HETDEL_cluster_0022","HETDEL","CNA_event_000148","PAWJKX","HETDEL","exons 3",0.168
"HETDEL_cluster_0022","HETDEL","CNA_event_000149","PAWJYN","HETDEL","exons 3",0.346
"HETDEL_cluster_0023","HETDEL","CNA_event_000004","PARNXJ","HETDEL","exons 4",0.822
"HETDEL_cluster_0023","HETDEL","CNA_event_000008","PARWNW","HETDEL","exons 4",0.654
"HETDEL_cluster_0023","HETDEL","CNA_event_000010","PARXPZ","HETDEL","exons 4",0.822
"HETDEL_cluster_0023","HETDEL","CNA_event_000019","PASKAD","HETDEL","exons 4",0.654
"HETDEL_cluster_0023","HETDEL","CNA_event_000020","PASKLU","HETDEL","exons 4",0.111
"HETDEL_cluster_0023","HETDEL","CNA_event_000021","PASKWG","HETDEL","exons 4",0.654
"HETDEL_cluster_0023","HETDEL","CNA_event_000024","PASPDS","HETDEL","exons 4",0.355
"HETDEL_cluster_0023","HETDEL","CNA_event_000025","PASPLG","HETDEL","exons 4",0.425
"HETDEL_cluster_0023","HETDEL","CNA_event_000026","PASPNW","HETDEL","exons 4",0.822
"HETDEL_cluster_0023","HETDEL","CNA_event_000032","PASTCH","HETDEL","exons 4",0.457
"HETDEL_cluster_0023","HETDEL","CNA_event_000033","PASTHE","HETDEL","exons 4",0.425
"HETDEL_cluster_0023","HETDEL","CNA_event_000034","PASUSV","HETDEL","exons 4",0.822
"HETDEL_cluster_0023","HETDEL","CNA_event_000038","PASWYU","HETDEL","exons 4",0.586
"HETDEL_cluster_0023","HETDEL","CNA_event_000039","PASYNX","HETDEL","exons 4",0.36
"HETDEL_cluster_0023","HETDEL","CNA_event_000042","PASYWF","HETDEL","exons 4",0.654
"HETDEL_cluster_0023","HETDEL","CNA_event_000044","PATALF","HETDEL","exons 4",0.425
"HETDEL_cluster_0023","HETDEL","CNA_event_000046","PATCTR","HETDEL","exons 4",0.257
"HETDEL_cluster_0023","HETDEL","CNA_event_000050","PATHFE","HETDEL","exons 4",0.822
"HETDEL_cluster_0023","HETDEL","CNA_event_000052","PATJLY","HETDEL","exons 4",0.355
"HETDEL_cluster_0023","HETDEL","CNA_event_000055","PATLLH","HETDEL","exons 4",0.425
"HETDEL_cluster_0023","HETDEL","CNA_event_000057","PATPDA","HETDEL","exons 4",0.664
"HETDEL_cluster_0023","HETDEL","CNA_event_000059","PATRKV","HETDEL","exons 4",0.223
"HETDEL_cluster_0023","HETDEL","CNA_event_000070","PAUCDC","HETDEL","exons 4",0.822
"HETDEL_cluster_0023","HETDEL","CNA_event_000079","PAUIEM","HETDEL","exons 4",0.654
"HETDEL_cluster_0023","HETDEL","CNA_event_000083","PAUKZJ","HETDEL","exons 4",0.608
"HETDEL_cluster_0023","HETDEL","CNA_event_000091","PAUSIS","HETDEL","exons 4",0.822
"HETDEL_cluster_0023","HETDEL","CNA_event_000093","PAUTUL","HETDEL","exons 4",0.664
"HETDEL_cluster_0023","HETDEL","CNA_event_000097","PAUWXI","HETDEL","exons 4",0.822
"HETDEL_cluster_0023","HETDEL","CNA_event_000100","PAUXRM","HETDEL","exons 4",0.279
"HETDEL_cluster_0023","HETDEL","CNA_event_000101","PAUXYI","HETDEL","exons 4",0.355
"HETDEL_cluster_0023","HETDEL","CNA_event_000102","PAUYJF","HETDEL","exons 4",0.425
"HETDEL_cluster_0023","HETDEL","CNA_event_000116","PAVMPT","HETDEL","exons 4",0.279
"HETDEL_cluster_0023","HETDEL","CNA_event_000121","PAVRXK","HETDEL","exons 4",0.932
"HETDEL_cluster_0023","HETDEL","CNA_event_000123","PAVVDS","HETDEL","exons 4",0.257
"HETDEL_cluster_0023","HETDEL","CNA_event_000130","PAVZCF","HETDEL","exons 4",0.425
"HETDEL_cluster_0023","HETDEL","CNA_event_000136","PAWDWJ","HETDEL","exons 4",0.822
"HETDEL_cluster_0023","HETDEL","CNA_event_000140","PAWETD","HETDEL","exons 4",0.822
"HETDEL_cluster_0023","HETDEL","CNA_event_000145","PAWGXM","HETDEL","exons 4",0.496
"HETDEL_cluster_0023","HETDEL","CNA_event_000147","PAWIWS","HETDEL","exons 4",0.355
"HETDEL_cluster_0024","HETDEL","CNA_event_000004","PARNXJ","HETDEL","exons 5",0.822
"HETDEL_cluster_0024","HETDEL","CNA_event_000008","PARWNW","HETDEL","exons 5",0.654
"HETDEL_cluster_0024","HETDEL","CNA_event_000010","PARXPZ","HETDEL","exons 5",0.822
"HETDEL_cluster_0024","HETDEL","CNA_event_000019","PASKAD","HETDEL","exons 5",0.654
"HETDEL_cluster_0024","HETDEL","CNA_event_000021","PASKWG","HETDEL","exons 5",0.654
"HETDEL_cluster_0024","HETDEL","CNA_event_000024","PASPDS","HETDEL","exons 5",0.355
"HETDEL_cluster_0024","HETDEL","CNA_event_000025","PASPLG","HETDEL","exons 5",0.425
"HETDEL_cluster_0024","HETDEL","CNA_event_000026","PASPNW","HETDEL","exons 5",0.822
"HETDEL_cluster_0024","HETDEL","CNA_event_000033","PASTHE","HETDEL","exons 5",0.425
"HETDEL_cluster_0024","HETDEL","CNA_event_000034","PASUSV","HETDEL","exons 5",0.822
"HETDEL_cluster_0024","HETDEL","CNA_event_000038","PASWYU","HETDEL","exons 5",0.586
"HETDEL_cluster_0024","HETDEL","CNA_event_000039","PASYNX","HETDEL","exons 5",0.36
"HETDEL_cluster_0024","HETDEL","CNA_event_000042","PASYWF","HETDEL","exons 5",0.654
"HETDEL_cluster_0024","HETDEL","CNA_event_000044","PATALF","HETDEL","exons 5",0.425
"HETDEL_cluster_0024","HETDEL","CNA_event_000046","PATCTR","HETDEL","exons 5",0.257
"HETDEL_cluster_0024","HETDEL","CNA_event_000050","PATHFE","HETDEL","exons 5",0.822
"HETDEL_cluster_0024","HETDEL","CNA_event_000052","PATJLY","HETDEL","exons 5",0.355
"HETDEL_cluster_0024","HETDEL","CNA_event_000055","PATLLH","HETDEL","exons 5",0.425
"HETDEL_cluster_0024","HETDEL","CNA_event_000057","PATPDA","HETDEL","exons 5",0.664
"HETDEL_cluster_0024","HETDEL","CNA_event_000070","PAUCDC","HETDEL","exons 5",0.822
"HETDEL_cluster_0024","HETDEL","CNA_event_000079","PAUIEM","HETDEL","exons 5",0.654
"HETDEL_cluster_0024","HETDEL","CNA_event_000083","PAUKZJ","HETDEL","exons 5",0.608
"HETDEL_cluster_0024","HETDEL","CNA_event_000091","PAUSIS","HETDEL","exons 5",0.822
"HETDEL_cluster_0024","HETDEL","CNA_event_000093","PAUTUL","HETDEL","exons 5",0.664
"HETDEL_cluster_0024","HETDEL","CNA_event_000097","PAUWXI","HETDEL","exons 5",0.822
"HETDEL_cluster_0024","HETDEL","CNA_event_000101","PAUXYI","HETDEL","exons 5",0.355
"HETDEL_cluster_0024","HETDEL","CNA_event_000102","PAUYJF","HETDEL","exons 5",0.425
"HETDEL_cluster_0024","HETDEL","CNA_event_000121","PAVRXK","HETDEL","exons 5",0.932
"HETDEL_cluster_0024","HETDEL","CNA_event_000123","PAVVDS","HETDEL","exons 5",0.257
"HETDEL_cluster_0024","HETDEL","CNA_event_000130","PAVZCF","HETDEL","exons 5",0.425
"HETDEL_cluster_0024","HETDEL","CNA_event_000136","PAWDWJ","HETDEL","exons 5",0.822
"HETDEL_cluster_0024","HETDEL","CNA_event_000140","PAWETD","HETDEL","exons 5",0.822
"HETDEL_cluster_0024","HETDEL","CNA_event_000145","PAWGXM","HETDEL","exons 5",0.496
"HETDEL_cluster_0024","HETDEL","CNA_event_000147","PAWIWS","HETDEL","exons 5",0.355
"HETDEL_cluster_0025","HETDEL","CNA_event_000004","PARNXJ","HETDEL","exons 6",0.822
"HETDEL_cluster_0025","HETDEL","CNA_event_000008","PARWNW","HETDEL","exons 6",0.654
"HETDEL_cluster_0025","HETDEL","CNA_event_000010","PARXPZ","HETDEL","exons 6",0.822
"HETDEL_cluster_0025","HETDEL","CNA_event_000019","PASKAD","HETDEL","exons 6",0.654
"HETDEL_cluster_0025","HETDEL","CNA_event_000021","PASKWG","HETDEL","exons 6",0.654
"HETDEL_cluster_0025","HETDEL","CNA_event_000025","PASPLG","HETDEL","exons 6",0.425
"HETDEL_cluster_0025","HETDEL","CNA_event_000026","PASPNW","HETDEL","exons 6",0.822
"HETDEL_cluster_0025","HETDEL","CNA_event_000033","PASTHE","HETDEL","exons 6",0.425
"HETDEL_cluster_0025","HETDEL","CNA_event_000034","PASUSV","HETDEL","exons 6",0.822
"HETDEL_cluster_0025","HETDEL","CNA_event_000038","PASWYU","HETDEL","exons 6",0.586
"HETDEL_cluster_0025","HETDEL","CNA_event_000039","PASYNX","HETDEL","exons 6",0.36
"HETDEL_cluster_0025","HETDEL","CNA_event_000042","PASYWF","HETDEL","exons 6",0.654
"HETDEL_cluster_0025","HETDEL","CNA_event_000044","PATALF","HETDEL","exons 6",0.425
"HETDEL_cluster_0025","HETDEL","CNA_event_000046","PATCTR","HETDEL","exons 6",0.257
"HETDEL_cluster_0025","HETDEL","CNA_event_000050","PATHFE","HETDEL","exons 6",0.822
"HETDEL_cluster_0025","HETDEL","CNA_event_000055","PATLLH","HETDEL","exons 6",0.425
"HETDEL_cluster_0025","HETDEL","CNA_event_000057","PATPDA","HETDEL","exons 6",0.664
"HETDEL_cluster_0025","HETDEL","CNA_event_000070","PAUCDC","HETDEL","exons 6",0.822
"HETDEL_cluster_0025","HETDEL","CNA_event_000079","PAUIEM","HETDEL","exons 6",0.654
"HETDEL_cluster_0025","HETDEL","CNA_event_000083","PAUKZJ","HETDEL","exons 6",0.608
"HETDEL_cluster_0025","HETDEL","CNA_event_000091","PAUSIS","HETDEL","exons 6",0.822
"HETDEL_cluster_0025","HETDEL","CNA_event_000093","PAUTUL","HETDEL","exons 6",0.664
"HETDEL_cluster_0025","HETDEL","CNA_event_000097","PAUWXI","HETDEL","exons 6",0.822
"HETDEL_cluster_0025","HETDEL","CNA_event_000102","PAUYJF","HETDEL","exons 6",0.425
"HETDEL_cluster_0025","HETDEL","CNA_event_000121","PAVRXK","HETDEL","exons 6",0.932
"HETDEL_cluster_0025","HETDEL","CNA_event_000123","PAVVDS","HETDEL","exons 6",0.257
"HETDEL_cluster_0025","HETDEL","CNA_event_000130","PAVZCF","HETDEL","exons 6",0.425
"HETDEL_cluster_0025","HETDEL","CNA_event_000136","PAWDWJ","HETDEL","exons 6",0.822
"HETDEL_cluster_0025","HETDEL","CNA_event_000140","PAWETD","HETDEL","exons 6",0.822
"HETDEL_cluster_0025","HETDEL","CNA_event_000145","PAWGXM","HETDEL","exons 6",0.496
"HETDEL_cluster_0026","HETDEL","CNA_event_000004","PARNXJ","HETDEL","exons 7",0.822
"HETDEL_cluster_0026","HETDEL","CNA_event_000008","PARWNW","HETDEL","exons 7",0.654
"HETDEL_cluster_0026","HETDEL","CNA_event_000010","PARXPZ","HETDEL","exons 7",0.822
"HETDEL_cluster_0026","HETDEL","CNA_event_000019","PASKAD","HETDEL","exons 7",0.654
"HETDEL_cluster_0026","HETDEL","CNA_event_000021","PASKWG","HETDEL","exons 7",0.654
"HETDEL_cluster_0026","HETDEL","CNA_event_000026","PASPNW","HETDEL","exons 7",0.822
"HETDEL_cluster_0026","HETDEL","CNA_event_000034","PASUSV","HETDEL","exons 7",0.822
"HETDEL_cluster_0026","HETDEL","CNA_event_000038","PASWYU","HETDEL","exons 7",0.586
"HETDEL_cluster_0026","HETDEL","CNA_event_000039","PASYNX","HETDEL","exons 7",0.36
"HETDEL_cluster_0026","HETDEL","CNA_event_000042","PASYWF","HETDEL","exons 7",0.654
"HETDEL_cluster_0026","HETDEL","CNA_event_000050","PATHFE","HETDEL","exons 7",0.822
"HETDEL_cluster_0026","HETDEL","CNA_event_000057","PATPDA","HETDEL","exons 7",0.664
"HETDEL_cluster_0026","HETDEL","CNA_event_000070","PAUCDC","HETDEL","exons 7",0.822
"HETDEL_cluster_0026","HETDEL","CNA_event_000079","PAUIEM","HETDEL","exons 7",0.654
"HETDEL_cluster_0026","HETDEL","CNA_event_000083","PAUKZJ","HETDEL","exons 7",0.608
"HETDEL_cluster_0026","HETDEL","CNA_event_000085","PAULGX","HETDEL","exons 7",0.239
"HETDEL_cluster_0026","HETDEL","CNA_event_000091","PAUSIS","HETDEL","exons 7",0.822
"HETDEL_cluster_0026","HETDEL","CNA_event_000093","PAUTUL","HETDEL","exons 7",0.664
"HETDEL_cluster_0026","HETDEL","CNA_event_000097","PAUWXI","HETDEL","exons 7",0.822
"HETDEL_cluster_0026","HETDEL","CNA_event_000121","PAVRXK","HETDEL","exons 7",0.932
"HETDEL_cluster_0026","HETDEL","CNA_event_000136","PAWDWJ","HETDEL","exons 7",0.822
"HETDEL_cluster_0026","HETDEL","CNA_event_000140","PAWETD","HETDEL","exons 7",0.822
"HETDEL_cluster_0026","HETDEL","CNA_event_000145","PAWGXM","HETDEL","exons 7",0.496
"HETDEL_cluster_0027","HETDEL","CNA_event_000004","PARNXJ","HETDEL","exons 8",0.822
"HETDEL_cluster_0027","HETDEL","CNA_event_000008","PARWNW","HETDEL","exons 8",0.654
"HETDEL_cluster_0027","HETDEL","CNA_event_000010","PARXPZ","HETDEL","exons 8",0.822
"HETDEL_cluster_0027","HETDEL","CNA_event_000019","PASKAD","HETDEL","exons 8",0.654
"HETDEL_cluster_0027","HETDEL","CNA_event_000021","PASKWG","HETDEL","exons 8",0.654
"HETDEL_cluster_0027","HETDEL","CNA_event_000026","PASPNW","HETDEL","exons 8",0.822
"HETDEL_cluster_0027","HETDEL","CNA_event_000034","PASUSV","HETDEL","exons 8",0.822
"HETDEL_cluster_0027","HETDEL","CNA_event_000038","PASWYU","HETDEL","exons 8",0.586
"HETDEL_cluster_0027","HETDEL","CNA_event_000042","PASYWF","HETDEL","exons 8",0.654
"HETDEL_cluster_0027","HETDEL","CNA_event_000050","PATHFE","HETDEL","exons 8",0.822
"HETDEL_cluster_0027","HETDEL","CNA_event_000057","PATPDA","HETDEL","exons 8",0.664
"HETDEL_cluster_0027","HETDEL","CNA_event_000070","PAUCDC","HETDEL","exons 8",0.822
"HETDEL_cluster_0027","HETDEL","CNA_event_000079","PAUIEM","HETDEL","exons 8",0.654
"HETDEL_cluster_0027","HETDEL","CNA_event_000083","PAUKZJ","HETDEL","exons 8",0.608
"HETDEL_cluster_0027","HETDEL","CNA_event_000085","PAULGX","HETDEL","exons 8",0.239
"HETDEL_cluster_0027","HETDEL","CNA_event_000091","PAUSIS","HETDEL","exons 8",0.822
"HETDEL_cluster_0027","HETDEL","CNA_event_000093","PAUTUL","HETDEL","exons 8",0.664
"HETDEL_cluster_0027","HETDEL","CNA_event_000097","PAUWXI","HETDEL","exons 8",0.822
"HETDEL_cluster_0027","HETDEL","CNA_event_000121","PAVRXK","HETDEL","exons 8",0.932
"HETDEL_cluster_0027","HETDEL","CNA_event_000136","PAWDWJ","HETDEL","exons 8",0.822
"HETDEL_cluster_0027","HETDEL","CNA_event_000140","PAWETD","HETDEL","exons 8",0.822
"HETDEL_cluster_0027","HETDEL","CNA_event_000145","PAWGXM","HETDEL","exons 8",0.496
"HETDEL_cluster_0028","HETDEL","CNA_event_000004","PARNXJ","HETDEL","exons 9",0.822
"HETDEL_cluster_0028","HETDEL","CNA_event_000008","PARWNW","HETDEL","exons 9",0.654
"HETDEL_cluster_0028","HETDEL","CNA_event_000010","PARXPZ","HETDEL","exons 9",0.822
"HETDEL_cluster_0028","HETDEL","CNA_event_000019","PASKAD","HETDEL","exons 9",0.654
"HETDEL_cluster_0028","HETDEL","CNA_event_000021","PASKWG","HETDEL","exons 9",0.654
"HETDEL_cluster_0028","HETDEL","CNA_event_000026","PASPNW","HETDEL","exons 9",0.822
"HETDEL_cluster_0028","HETDEL","CNA_event_000034","PASUSV","HETDEL","exons 9",0.822
"HETDEL_cluster_0028","HETDEL","CNA_event_000038","PASWYU","HETDEL","exons 9",0.586
"HETDEL_cluster_0028","HETDEL","CNA_event_000042","PASYWF","HETDEL","exons 9",0.654
"HETDEL_cluster_0028","HETDEL","CNA_event_000050","PATHFE","HETDEL","exons 9",0.822
"HETDEL_cluster_0028","HETDEL","CNA_event_000070","PAUCDC","HETDEL","exons 9",0.822
"HETDEL_cluster_0028","HETDEL","CNA_event_000079","PAUIEM","HETDEL","exons 9",0.654
"HETDEL_cluster_0028","HETDEL","CNA_event_000091","PAUSIS","HETDEL","exons 9",0.822
"HETDEL_cluster_0028","HETDEL","CNA_event_000097","PAUWXI","HETDEL","exons 9",0.822
"HETDEL_cluster_0028","HETDEL","CNA_event_000121","PAVRXK","HETDEL","exons 9",0.932
"HETDEL_cluster_0028","HETDEL","CNA_event_000136","PAWDWJ","HETDEL","exons 9",0.822
"HETDEL_cluster_0028","HETDEL","CNA_event_000140","PAWETD","HETDEL","exons 9",0.822
"HETDEL_cluster_0029","HETDEL","CNA_event_000001","PARFLD","HETDEL","exons 2;3",0.168
"HETDEL_cluster_0029","HETDEL","CNA_event_000002","PARJAY","HETDEL","exons 2;3",0.168
"HETDEL_cluster_0029","HETDEL","CNA_event_000003","PARJPL","HETDEL","exons 2;3",0.168
"HETDEL_cluster_0029","HETDEL","CNA_event_000004","PARNXJ","HETDEL","exons 2;3;4",0.822
"HETDEL_cluster_0029","HETDEL","CNA_event_000005","PARPET","HETDEL","exons 2;3",0.168
"HETDEL_cluster_0029","HETDEL","CNA_event_000007","PARSNX","HETDEL","exons 1;2;3",0.29
"HETDEL_cluster_0029","HETDEL","CNA_event_000008","PARWNW","HETDEL","exons 4",0.654
"HETDEL_cluster_0029","HETDEL","CNA_event_000009","PARXDJ","HETDEL","exons 2;3",0.168
"HETDEL_cluster_0029","HETDEL","CNA_event_000010","PARXPZ","HETDEL","exons 2;3;4",0.822
"HETDEL_cluster_0029","HETDEL","CNA_event_000011","PASGDZ","HETDEL","exons 2;3",0.168
"HETDEL_cluster_0029","HETDEL","CNA_event_000012","PASGUH","HETDEL","exons 2;3",0.168
"HETDEL_cluster_0029","HETDEL","CNA_event_000013","PASILW","HETDEL","exons 1",0.178
"HETDEL_cluster_0029","HETDEL","CNA_event_000015","PASINX","HETDEL","exons 1;2;3",0.346
"HETDEL_cluster_0029","HETDEL","CNA_event_000016","PASIPN","HETDEL","exons 3",0.112
"HETDEL_cluster_0029","HETDEL","CNA_event_000017","PASIPN","HETDEL","exons 2",0.056
"HETDEL_cluster_0029","HETDEL","CNA_event_000018","PASJGV","HETDEL","exons 2;3",0.168
"HETDEL_cluster_0029","HETDEL","CNA_event_000019","PASKAD","HETDEL","exons 4",0.654
"HETDEL_cluster_0029","HETDEL","CNA_event_000020","PASKLU","HETDEL","exons 4",0.111
"HETDEL_cluster_0029","HETDEL","CNA_event_000021","PASKWG","HETDEL","exons 4",0.654
"HETDEL_cluster_0029","HETDEL","CNA_event_000022","PASKXA","HETDEL","exons 2;3",0.168
"HETDEL_cluster_0029","HETDEL","CNA_event_000023","PASLXY","HETDEL","exons 1;2;3",0.346
"HETDEL_cluster_0029","HETDEL","CNA_event_000024","PASPDS","HETDEL","exons 2;3;4",0.355
"HETDEL_cluster_0029","HETDEL","CNA_event_000025","PASPLG","HETDEL","exons 2;3;4",0.425
"HETDEL_cluster_0029","HETDEL","CNA_event_000026","PASPNW","HETDEL","exons 2;3;4",0.822
"HETDEL_cluster_0029","HETDEL","CNA_event_000027","PASRAF","HETDEL","exons 2;3",0.168
"HETDEL_cluster_0029","HETDEL","CNA_event_000028","PASRMM","HETDEL","exons 1;2;3",0.346
"HETDEL_cluster_0029","HETDEL","CNA_event_000030","PASRSE","HETDEL","exons 2;3",0.168
"HETDEL_cluster_0029","HETDEL","CNA_event_000031","PASRUK","HETDEL","exons 2;3",0.168
"HETDEL_cluster_0029","HETDEL","CNA_event_000032","PASTCH","HETDEL","exons 1;2;3;4",0.457
"HETDEL_cluster_0029","HETDEL","CNA_event_000033","PASTHE","HETDEL","exons 2;3;4",0.425
"HETDEL_cluster_0029","HETDEL","CNA_event_000034","PASUSV","HETDEL","exons 2;3;4",0.822
"HETDEL_cluster_0029","HETDEL","CNA_event_000035","PASVWH","HETDEL","exons 2;3",0.168
"HETDEL_cluster_0029","HETDEL","CNA_event_000036","PASVZJ","HETDEL","exons 2;3",0.168
"HETDEL_cluster_0029","HETDEL","CNA_event_000037","PASWXB","HETDEL","exons 2;3",0.168
"HETDEL_cluster_0029","HETDEL","CNA_event_000038","PASWYU","HETDEL","exons 4",0.586
"HETDEL_cluster_0029","HETDEL","CNA_event_000039","PASYNX","HETDEL","exons 4",0.36
"HETDEL_cluster_0029","HETDEL","CNA_event_000040","PASYSJ","HETDEL","exons 2;3",0.168
"HETDEL_cluster_0029","HETDEL","CNA_event_000041","PASYVU","HETDEL","exons 2;3",0.168
"HETDEL_cluster_0029","HETDEL","CNA_event_000042","PASYWF","HETDEL","exons 4",0.654
"HETDEL_cluster_0029","HETDEL","CNA_event_000043","PASZAY","HETDEL","exons 2;3",0.168
"HETDEL_cluster_0029","HETDEL","CNA_event_000044","PATALF","HETDEL","exons 2;3;4",0.425
"HETDEL_cluster_0029","HETDEL","CNA_event_000045","PATBTX","HETDEL","exons 2;3",0.168
"HETDEL_cluster_0029","HETDEL","CNA_event_000046","PATCTR","HETDEL","exons 4",0.257
"HETDEL_cluster_0029","HETDEL","CNA_event_000047","PATDTN","HETDEL","exons 2;3",0.168
"HETDEL_cluster_0029","HETDEL","CNA_event_000048","PATFPU","HETDEL","exons 2;3",0.168
"HETDEL_cluster_0029","HETDEL","CNA_event_000050","PATHFE","HETDEL","exons 2;3;4",0.822
"HETDEL_cluster_0029","HETDEL","CNA_event_000052","PATJLY","HETDEL","exons 2;3;4",0.355
"HETDEL_cluster_0029","HETDEL","CNA_event_000054","PATKZH","HETDEL","exons 1;2;3",0.346
"HETDEL_cluster_0029","HETDEL","CNA_event_000055","PATLLH","HETDEL","exons 2;3;4",0.425
"HETDEL_cluster_0029","HETDEL","CNA_event_000056","PATNAM","HETDEL","exons 1;2",0.234
"HETDEL_cluster_0029","HETDEL","CNA_event_000057","PATPDA","HETDEL","exons 2;3;4",0.664
"HETDEL_cluster_0029","HETDEL","CNA_event_000058","PATRAB","HETDEL","exons 2;3",0.168
"HETDEL_cluster_0029","HETDEL","CNA_event_000059","PATRKV","HETDEL","exons 3;4",0.223
"HETDEL_cluster_0029","HETDEL","CNA_event_000060","PATSPG","HETDEL","exons 1;2;3",0.346
"HETDEL_cluster_0029","HETDEL","CNA_event_000061","PATWJU","HETDEL","exons 2;3",0.168
"HETDEL_cluster_0029","HETDEL","CNA_event_000063","PATZST","HETDEL","exons 2;3",0.168
"HETDEL_cluster_0029","HETDEL","CNA_event_000064","PATZYR","HETDEL","exons 2;3",0.168
"HETDEL_cluster_0029","HETDEL","CNA_event_000065","PAUAKN","HETDEL","exons 2;3",0.168
"HETDEL_cluster_0029","HETDEL","CNA_event_000066","PAUAZV","HETDEL","exons 2;3",0.168
"HETDEL_cluster_0029","HETDEL","CNA_event_000067","PAUBCT","HETDEL","exons 2;3",0.168
"HETDEL_cluster_0029","HETDEL","CNA_event_000070","PAUCDC","HETDEL","exons 2;3;4",0.822
"HETDEL_cluster_0029","HETDEL","CNA_event_000071","PAUEDT","HETDEL","exons 2;3",0.168
"HETDEL_cluster_0029","HETDEL","CNA_event_000072","PAUEUC","HETDEL","exons 1",0.178
"HETDEL_cluster_0029","HETDEL","CNA_event_000074","PAUEVJ","HETDEL","exons 2;3",0.168
"HETDEL_cluster_0029","HETDEL","CNA_event_000075","PAUEXN","HETDEL","exons 1;2;3",0.206
"HETDEL_cluster_0029","HETDEL","CNA_event_000077","PAUGDT","HETDEL","exons 2;3",0.168
"HETDEL_cluster_0029","HETDEL","CNA_event_000078","PAUGLY","HETDEL","exons 1;2;3",0.346
"HETDEL_cluster_0029","HETDEL","CNA_event_000079","PAUIEM","HETDEL","exons 4",0.654
"HETDEL_cluster_0029","HETDEL","CNA_event_000080","PAUIFA","HETDEL","exons 2;3",0.168
"HETDEL_cluster_0029","HETDEL","CNA_event_000081","PAUJVL","HETDEL","exons 1;2;3",0.346
"HETDEL_cluster_0029","HETDEL","CNA_event_000083","PAUKZJ","HETDEL","exons 3;4",0.608
"HETDEL_cluster_0029","HETDEL","CNA_event_000084","PAULCK","HETDEL","exons 2;3",0.168
"HETDEL_cluster_0029","HETDEL","CNA_event_000087","PAUMLX","HETDEL","exons 1;2;3",0.346
"HETDEL_cluster_0029","HETDEL","CNA_event_000088","PAUMXB","HETDEL","exons 1;2;3",0.346
"HETDEL_cluster_0029","HETDEL","CNA_event_000089","PAUPUW","HETDEL","exons 2;3",0.168
"HETDEL_cluster_0029","HETDEL","CNA_event_000090","PAURLU","HETDEL","exons 2;3",0.168
"HETDEL_cluster_0029","HETDEL","CNA_event_000091","PAUSIS","HETDEL","exons 2;3;4",0.822
"HETDEL_cluster_0029","HETDEL","CNA_event_000092","PAUTBB","HETDEL","exons 2;3",0.168
"HETDEL_cluster_0029","HETDEL","CNA_event_000093","PAUTUL","HETDEL","exons 2;3;4",0.664
"HETDEL_cluster_0029","HETDEL","CNA_event_000094","PAUUAL","HETDEL","exons 2;3",0.168
"HETDEL_cluster_0029","HETDEL","CNA_event_000095","PAUUIK","HETDEL","exons 2;3",0.168
"HETDEL_cluster_0029","HETDEL","CNA_event_000096","PAUWMZ","HETDEL","exons 2;3",0.168
"HETDEL_cluster_0029","HETDEL","CNA_event_000097","PAUWXI","HETDEL","exons 2;3;4",0.822
"HETDEL_cluster_0029","HETDEL","CNA_event_000098","PAUXCW","HETDEL","exons 2;3",0.168
"HETDEL_cluster_0029","HETDEL","CNA_event_000099","PAUXKE","HETDEL","exons 2;3",0.168
"HETDEL_cluster_0029","HETDEL","CNA_event_000100","PAUXRM","HETDEL","exons 2;3;4",0.279
"HETDEL_cluster_0029","HETDEL","CNA_event_000101","PAUXYI","HETDEL","exons 2;3;4",0.355
"HETDEL_cluster_0029","HETDEL","CNA_event_000102","PAUYJF","HETDEL","exons 2;3;4",0.425
"HETDEL_cluster_0029","HETDEL","CNA_event_000104","PAVCRK","HETDEL","exons 2;3",0.168
"HETDEL_cluster_0029","HETDEL","CNA_event_000105","PAVFAX","HETDEL","exons 2;3",0.168
"HETDEL_cluster_0029","HETDEL","CNA_event_000106","PAVHAA","HETDEL","exons 2;3",0.168
"HETDEL_cluster_0029","HETDEL","CNA_event_000107","PAVHBL","HETDEL","exons 2;3",0.168
"HETDEL_cluster_0029","HETDEL","CNA_event_000108","PAVHGX","HETDEL","exons 2;3",0.168
"HETDEL_cluster_0029","HETDEL","CNA_event_000110","PAVKCV","HETDEL","exons 1",0.178
"HETDEL_cluster_0029","HETDEL","CNA_event_000112","PAVKPV","HETDEL","exons 2;3",0.168
"HETDEL_cluster_0029","HETDEL","CNA_event_000114","PAVLLU","HETDEL","exons 2;3",0.168
"HETDEL_cluster_0029","HETDEL","CNA_event_000115","PAVMKN","HETDEL","exons 2;3",0.168
"HETDEL_cluster_0029","HETDEL","CNA_event_000116","PAVMPT","HETDEL","exons 2;3;4",0.279
"HETDEL_cluster_0029","HETDEL","CNA_event_000117","PAVNGZ","HETDEL","exons 2;3",0.168
"HETDEL_cluster_0029","HETDEL","CNA_event_000119","PAVNTB","HETDEL","exons 2;3",0.168
"HETDEL_cluster_0029","HETDEL","CNA_event_000120","PAVPCB","HETDEL","exons 1;2;3",0.206
"HETDEL_cluster_0029","HETDEL","CNA_event_000121","PAVRXK","HETDEL","exons 1;2;3;4",0.932
"HETDEL_cluster_0029","HETDEL","CNA_event_000122","PAVVBE","HETDEL","exons 1",0.178
"HETDEL_cluster_0029","HETDEL","CNA_event_000123","PAVVDS","HETDEL","exons 4",0.257
"HETDEL_cluster_0029","HETDEL","CNA_event_000124","PAVWDF","HETDEL","exons 2;3",0.168
"HETDEL_cluster_0029","HETDEL","CNA_event_000125","PAVWNL","HETDEL","exons 1;2;3",0.346
"HETDEL_cluster_0029","HETDEL","CNA_event_000126","PAVYAZ","HETDEL","exons 1",0.178
"HETDEL_cluster_0029","HETDEL","CNA_event_000129","PAVYTZ","HETDEL","exons 2;3",0.168
"HETDEL_cluster_0029","HETDEL","CNA_event_000130","PAVZCF","HETDEL","exons 2;3;4",0.425
"HETDEL_cluster_0029","HETDEL","CNA_event_000131","PAWAIM","HETDEL","exons 2;3",0.168
"HETDEL_cluster_0029","HETDEL","CNA_event_000132","PAWAIN","HETDEL","exons 2;3",0.168
"HETDEL_cluster_0029","HETDEL","CNA_event_000133","PAWAKA","HETDEL","exons 2;3",0.168
"HETDEL_cluster_0029","HETDEL","CNA_event_000134","PAWDEK","HETDEL","exons 2;3",0.168
"HETDEL_cluster_0029","HETDEL","CNA_event_000135","PAWDMI","HETDEL","exons 2;3",0.168
"HETDEL_cluster_0029","HETDEL","CNA_event_000136","PAWDWJ","HETDEL","exons 2;3;4",0.822
"HETDEL_cluster_0029","HETDEL","CNA_event_000137","PAWEEC","HETDEL","exons 2;3",0.168
"HETDEL_cluster_0029","HETDEL","CNA_event_000138","PAWEEX","HETDEL","exons 3",0.112
"HETDEL_cluster_0029","HETDEL","CNA_event_000139","PAWESJ","HETDEL","exons 1;2;3",0.346
"HETDEL_cluster_0029","HETDEL","CNA_event_000140","PAWETD","HETDEL","exons 2;3;4",0.822
"HETDEL_cluster_0029","HETDEL","CNA_event_000141","PAWFNJ","HETDEL","exons 1;2;3",0.346
"HETDEL_cluster_0029","HETDEL","CNA_event_000142","PAWFWF","HETDEL","exons 1;2;3",0.346
"HETDEL_cluster_0029","HETDEL","CNA_event_000143","PAWGCK","HETDEL","exons 2;3",0.168
"HETDEL_cluster_0029","HETDEL","CNA_event_000144","PAWGIT","HETDEL","exons 2;3",0.168
"HETDEL_cluster_0029","HETDEL","CNA_event_000145","PAWGXM","HETDEL","exons 4",0.496
"HETDEL_cluster_0029","HETDEL","CNA_event_000146","PAWGZM","HETDEL","exons 2;3",0.168
"HETDEL_cluster_0029","HETDEL","CNA_event_000147","PAWIWS","HETDEL","exons 2;3;4",0.355
"HETDEL_cluster_0029","HETDEL","CNA_event_000148","PAWJKX","HETDEL","exons 2;3",0.168
"HETDEL_cluster_0029","HETDEL","CNA_event_000149","PAWJYN","HETDEL","exons 1;2;3",0.346
"HETDEL_cluster_0030","HETDEL","CNA_event_000001","PARFLD","HETDEL","exons 2;3",0.168
"HETDEL_cluster_0030","HETDEL","CNA_event_000002","PARJAY","HETDEL","exons 2;3",0.168
"HETDEL_cluster_0030","HETDEL","CNA_event_000003","PARJPL","HETDEL","exons 2;3",0.168
"HETDEL_cluster_0030","HETDEL","CNA_event_000004","PARNXJ","HETDEL","exons 2;3;4;5;6;7;8;9;10;11",0.822
"HETDEL_cluster_0030","HETDEL","CNA_event_000005","PARPET","HETDEL","exons 2;3",0.168
"HETDEL_cluster_0030","HETDEL","CNA_event_000007","PARSNX","HETDEL","exons 1;2;3",0.29
"HETDEL_cluster_0030","HETDEL","CNA_event_000008","PARWNW","HETDEL","exons 4;5;6;7;8;9;10;11",0.654
"HETDEL_cluster_0030","HETDEL","CNA_event_000009","PARXDJ","HETDEL","exons 2;3",0.168
"HETDEL_cluster_0030","HETDEL","CNA_event_000010","PARXPZ","HETDEL","exons 2;3;4;5;6;7;8;9;10;11",0.822
"HETDEL_cluster_0030","HETDEL","CNA_event_000011","PASGDZ","HETDEL","exons 2;3",0.168
"HETDEL_cluster_0030","HETDEL","CNA_event_000012","PASGUH","HETDEL","exons 2;3",0.168
"HETDEL_cluster_0030","HETDEL","CNA_event_000013","PASILW","HETDEL","exons 1",0.178
"HETDEL_cluster_0030","HETDEL","CNA_event_000015","PASINX","HETDEL","exons 1;2;3",0.346
"HETDEL_cluster_0030","HETDEL","CNA_event_000016","PASIPN","HETDEL","exons 3",0.112
"HETDEL_cluster_0030","HETDEL","CNA_event_000017","PASIPN","HETDEL","exons 2",0.056
"HETDEL_cluster_0030","HETDEL","CNA_event_000018","PASJGV","HETDEL","exons 2;3",0.168
"HETDEL_cluster_0030","HETDEL","CNA_event_000019","PASKAD","HETDEL","exons 4;5;6;7;8;9;10;11",0.654
"HETDEL_cluster_0030","HETDEL","CNA_event_000020","PASKLU","HETDEL","exons 4",0.111
"HETDEL_cluster_0030","HETDEL","CNA_event_000021","PASKWG","HETDEL","exons 4;5;6;7;8;9;10;11",0.654
"HETDEL_cluster_0030","HETDEL","CNA_event_000022","PASKXA","HETDEL","exons 2;3",0.168
"HETDEL_cluster_0030","HETDEL","CNA_event_000023","PASLXY","HETDEL","exons 1;2;3",0.346
"HETDEL_cluster_0030","HETDEL","CNA_event_000024","PASPDS","HETDEL","exons 2;3;4;5",0.355
"HETDEL_cluster_0030","HETDEL","CNA_event_000025","PASPLG","HETDEL","exons 2;3;4;5;6",0.425
"HETDEL_cluster_0030","HETDEL","CNA_event_000026","PASPNW","HETDEL","exons 2;3;4;5;6;7;8;9;10;11",0.822
"HETDEL_cluster_0030","HETDEL","CNA_event_000027","PASRAF","HETDEL","exons 2;3",0.168
"HETDEL_cluster_0030","HETDEL","CNA_event_000028","PASRMM","HETDEL","exons 1;2;3",0.346
"HETDEL_cluster_0030","HETDEL","CNA_event_000030","PASRSE","HETDEL","exons 2;3",0.168
"HETDEL_cluster_0030","HETDEL","CNA_event_000031","PASRUK","HETDEL","exons 2;3",0.168
"HETDEL_cluster_0030","HETDEL","CNA_event_000032","PASTCH","HETDEL","exons 1;2;3;4",0.457
"HETDEL_cluster_0030","HETDEL","CNA_event_000033","PASTHE","HETDEL","exons 2;3;4;5;6",0.425
"HETDEL_cluster_0030","HETDEL","CNA_event_000034","PASUSV","HETDEL","exons 2;3;4;5;6;7;8;9;10;11",0.822
"HETDEL_cluster_0030","HETDEL","CNA_event_000035","PASVWH","HETDEL","exons 2;3",0.168
"HETDEL_cluster_0030","HETDEL","CNA_event_000036","PASVZJ","HETDEL","exons 2;3",0.168
"HETDEL_cluster_0030","HETDEL","CNA_event_000037","PASWXB","HETDEL","exons 2;3",0.168
"HETDEL_cluster_0030","HETDEL","CNA_event_000038","PASWYU","HETDEL","exons 4;5;6;7;8;9",0.586
"HETDEL_cluster_0030","HETDEL","CNA_event_000039","PASYNX","HETDEL","exons 4;5;6;7",0.36
"HETDEL_cluster_0030","HETDEL","CNA_event_000040","PASYSJ","HETDEL","exons 2;3",0.168
"HETDEL_cluster_0030","HETDEL","CNA_event_000041","PASYVU","HETDEL","exons 2;3",0.168
"HETDEL_cluster_0030","HETDEL","CNA_event_000042","PASYWF","HETDEL","exons 4;5;6;7;8;9;10;11",0.654
"HETDEL_cluster_0030","HETDEL","CNA_event_000043","PASZAY","HETDEL","exons 2;3",0.168
"HETDEL_cluster_0030","HETDEL","CNA_event_000044","PATALF","HETDEL","exons 2;3;4;5;6",0.425
"HETDEL_cluster_0030","HETDEL","CNA_event_000045","PATBTX","HETDEL","exons 2;3",0.168
"HETDEL_cluster_0030","HETDEL","CNA_event_000046","PATCTR","HETDEL","exons 4;5;6",0.257
"HETDEL_cluster_0030","HETDEL","CNA_event_000047","PATDTN","HETDEL","exons 2;3",0.168
"HETDEL_cluster_0030","HETDEL","CNA_event_000048","PATFPU","HETDEL","exons 2;3",0.168
"HETDEL_cluster_0030","HETDEL","CNA_event_000050","PATHFE","HETDEL","exons 2;3;4;5;6;7;8;9;10;11",0.822
"HETDEL_cluster_0030","HETDEL","CNA_event_000052","PATJLY","HETDEL","exons 2;3;4;5",0.355
"HETDEL_cluster_0030","HETDEL","CNA_event_000054","PATKZH","HETDEL","exons 1;2;3",0.346
"HETDEL_cluster_0030","HETDEL","CNA_event_000055","PATLLH","HETDEL","exons 2;3;4;5;6",0.425
"HETDEL_cluster_0030","HETDEL","CNA_event_000056","PATNAM","HETDEL","exons 1;2",0.234
"HETDEL_cluster_0030","HETDEL","CNA_event_000057","PATPDA","HETDEL","exons 2;3;4;5;6;7;8",0.664
"HETDEL_cluster_0030","HETDEL","CNA_event_000058","PATRAB","HETDEL","exons 2;3",0.168
"HETDEL_cluster_0030","HETDEL","CNA_event_000059","PATRKV","HETDEL","exons 3;4",0.223
"HETDEL_cluster_0030","HETDEL","CNA_event_000060","PATSPG","HETDEL","exons 1;2;3",0.346
"HETDEL_cluster_0030","HETDEL","CNA_event_000061","PATWJU","HETDEL","exons 2;3",0.168
"HETDEL_cluster_0030","HETDEL","CNA_event_000063","PATZST","HETDEL","exons 2;3",0.168
"HETDEL_cluster_0030","HETDEL","CNA_event_000064","PATZYR","HETDEL","exons 2;3",0.168
"HETDEL_cluster_0030","HETDEL","CNA_event_000065","PAUAKN","HETDEL","exons 2;3",0.168
"HETDEL_cluster_0030","HETDEL","CNA_event_000066","PAUAZV","HETDEL","exons 2;3",0.168
"HETDEL_cluster_0030","HETDEL","CNA_event_000067","PAUBCT","HETDEL","exons 2;3",0.168
"HETDEL_cluster_0030","HETDEL","CNA_event_000070","PAUCDC","HETDEL","exons 2;3;4;5;6;7;8;9;10;11",0.822
"HETDEL_cluster_0030","HETDEL","CNA_event_000071","PAUEDT","HETDEL","exons 2;3",0.168
"HETDEL_cluster_0030","HETDEL","CNA_event_000072","PAUEUC","HETDEL","exons 1",0.178
"HETDEL_cluster_0030","HETDEL","CNA_event_000074","PAUEVJ","HETDEL","exons 2;3",0.168
"HETDEL_cluster_0030","HETDEL","CNA_event_000075","PAUEXN","HETDEL","exons 1;2;3",0.206
"HETDEL_cluster_0030","HETDEL","CNA_event_000077","PAUGDT","HETDEL","exons 2;3",0.168
"HETDEL_cluster_0030","HETDEL","CNA_event_000078","PAUGLY","HETDEL","exons 1;2;3",0.346
"HETDEL_cluster_0030","HETDEL","CNA_event_000079","PAUIEM","HETDEL","exons 4;5;6;7;8;9;10;11",0.654
"HETDEL_cluster_0030","HETDEL","CNA_event_000080","PAUIFA","HETDEL","exons 2;3",0.168
"HETDEL_cluster_0030","HETDEL","CNA_event_000081","PAUJVL","HETDEL","exons 1;2;3",0.346
"HETDEL_cluster_0030","HETDEL","CNA_event_000083","PAUKZJ","HETDEL","exons 3;4;5;6;7;8",0.608
"HETDEL_cluster_0030","HETDEL","CNA_event_000084","PAULCK","HETDEL","exons 2;3",0.168
"HETDEL_cluster_0030","HETDEL","CNA_event_000085","PAULGX","HETDEL","exons 7;8",0.239
"HETDEL_cluster_0030","HETDEL","CNA_event_000087","PAUMLX","HETDEL","exons 1;2;3",0.346
"HETDEL_cluster_0030","HETDEL","CNA_event_000088","PAUMXB","HETDEL","exons 1;2;3",0.346
"HETDEL_cluster_0030","HETDEL","CNA_event_000089","PAUPUW","HETDEL","exons 2;3",0.168
"HETDEL_cluster_0030","HETDEL","CNA_event_000090","PAURLU","HETDEL","exons 2;3",0.168
"HETDEL_cluster_0030","HETDEL","CNA_event_000091","PAUSIS","HETDEL","exons 2;3;4;5;6;7;8;9;10;11",0.822
"HETDEL_cluster_0030","HETDEL","CNA_event_000092","PAUTBB","HETDEL","exons 2;3",0.168
"HETDEL_cluster_0030","HETDEL","CNA_event_000093","PAUTUL","HETDEL","exons 2;3;4;5;6;7;8",0.664
"HETDEL_cluster_0030","HETDEL","CNA_event_000094","PAUUAL","HETDEL","exons 2;3",0.168
"HETDEL_cluster_0030","HETDEL","CNA_event_000095","PAUUIK","HETDEL","exons 2;3",0.168
"HETDEL_cluster_0030","HETDEL","CNA_event_000096","PAUWMZ","HETDEL","exons 2;3",0.168
"HETDEL_cluster_0030","HETDEL","CNA_event_000097","PAUWXI","HETDEL","exons 2;3;4;5;6;7;8;9;10;11",0.822
"HETDEL_cluster_0030","HETDEL","CNA_event_000098","PAUXCW","HETDEL","exons 2;3",0.168
"HETDEL_cluster_0030","HETDEL","CNA_event_000099","PAUXKE","HETDEL","exons 2;3",0.168
"HETDEL_cluster_0030","HETDEL","CNA_event_000100","PAUXRM","HETDEL","exons 2;3;4",0.279
"HETDEL_cluster_0030","HETDEL","CNA_event_000101","PAUXYI","HETDEL","exons 2;3;4;5",0.355
"HETDEL_cluster_0030","HETDEL","CNA_event_000102","PAUYJF","HETDEL","exons 2;3;4;5;6",0.425
"HETDEL_cluster_0030","HETDEL","CNA_event_000104","PAVCRK","HETDEL","exons 2;3",0.168
"HETDEL_cluster_0030","HETDEL","CNA_event_000105","PAVFAX","HETDEL","exons 2;3",0.168
"HETDEL_cluster_0030","HETDEL","CNA_event_000106","PAVHAA","HETDEL","exons 2;3",0.168
"HETDEL_cluster_0030","HETDEL","CNA_event_000107","PAVHBL","HETDEL","exons 2;3",0.168
"HETDEL_cluster_0030","HETDEL","CNA_event_000108","PAVHGX","HETDEL","exons 2;3",0.168
"HETDEL_cluster_0030","HETDEL","CNA_event_000110","PAVKCV","HETDEL","exons 1",0.178
"HETDEL_cluster_0030","HETDEL","CNA_event_000112","PAVKPV","HETDEL","exons 2;3",0.168
"HETDEL_cluster_0030","HETDEL","CNA_event_000114","PAVLLU","HETDEL","exons 2;3",0.168
"HETDEL_cluster_0030","HETDEL","CNA_event_000115","PAVMKN","HETDEL","exons 2;3",0.168
"HETDEL_cluster_0030","HETDEL","CNA_event_000116","PAVMPT","HETDEL","exons 2;3;4",0.279
"HETDEL_cluster_0030","HETDEL","CNA_event_000117","PAVNGZ","HETDEL","exons 2;3",0.168
"HETDEL_cluster_0030","HETDEL","CNA_event_000119","PAVNTB","HETDEL","exons 2;3",0.168
"HETDEL_cluster_0030","HETDEL","CNA_event_000120","PAVPCB","HETDEL","exons 1;2;3",0.206
"HETDEL_cluster_0030","HETDEL","CNA_event_000121","PAVRXK","HETDEL","exons 1;2;3;4;5;6;7;8;9",0.932
"HETDEL_cluster_0030","HETDEL","CNA_event_000122","PAVVBE","HETDEL","exons 1",0.178
"HETDEL_cluster_0030","HETDEL","CNA_event_000123","PAVVDS","HETDEL","exons 4;5;6",0.257
"HETDEL_cluster_0030","HETDEL","CNA_event_000124","PAVWDF","HETDEL","exons 2;3",0.168
"HETDEL_cluster_0030","HETDEL","CNA_event_000125","PAVWNL","HETDEL","exons 1;2;3",0.346
"HETDEL_cluster_0030","HETDEL","CNA_event_000126","PAVYAZ","HETDEL","exons 1",0.178
"HETDEL_cluster_0030","HETDEL","CNA_event_000129","PAVYTZ","HETDEL","exons 2;3",0.168
"HETDEL_cluster_0030","HETDEL","CNA_event_000130","PAVZCF","HETDEL","exons 2;3;4;5;6",0.425
"HETDEL_cluster_0030","HETDEL","CNA_event_000131","PAWAIM","HETDEL","exons 2;3",0.168
"HETDEL_cluster_0030","HETDEL","CNA_event_000132","PAWAIN","HETDEL","exons 2;3",0.168
"HETDEL_cluster_0030","HETDEL","CNA_event_000133","PAWAKA","HETDEL","exons 2;3",0.168
"HETDEL_cluster_0030","HETDEL","CNA_event_000134","PAWDEK","HETDEL","exons 2;3",0.168
"HETDEL_cluster_0030","HETDEL","CNA_event_000135","PAWDMI","HETDEL","exons 2;3",0.168
"HETDEL_cluster_0030","HETDEL","CNA_event_000136","PAWDWJ","HETDEL","exons 2;3;4;5;6;7;8;9;10;11",0.822
"HETDEL_cluster_0030","HETDEL","CNA_event_000137","PAWEEC","HETDEL","exons 2;3",0.168
"HETDEL_cluster_0030","HETDEL","CNA_event_000138","PAWEEX","HETDEL","exons 3",0.112
"HETDEL_cluster_0030","HETDEL","CNA_event_000139","PAWESJ","HETDEL","exons 1;2;3",0.346
"HETDEL_cluster_0030","HETDEL","CNA_event_000140","PAWETD","HETDEL","exons 2;3;4;5;6;7;8;9;10;11",0.822
"HETDEL_cluster_0030","HETDEL","CNA_event_000141","PAWFNJ","HETDEL","exons 1;2;3",0.346
"HETDEL_cluster_0030","HETDEL","CNA_event_000142","PAWFWF","HETDEL","exons 1;2;3",0.346
"HETDEL_cluster_0030","HETDEL","CNA_event_000143","PAWGCK","HETDEL","exons 2;3",0.168
"HETDEL_cluster_0030","HETDEL","CNA_event_000144","PAWGIT","HETDEL","exons 2;3",0.168
"HETDEL_cluster_0030","HETDEL","CNA_event_000145","PAWGXM","HETDEL","exons 4;5;6;7;8",0.496
"HETDEL_cluster_0030","HETDEL","CNA_event_000146","PAWGZM","HETDEL","exons 2;3",0.168
"HETDEL_cluster_0030","HETDEL","CNA_event_000147","PAWIWS","HETDEL","exons 2;3;4;5",0.355
"HETDEL_cluster_0030","HETDEL","CNA_event_000148","PAWJKX","HETDEL","exons 2;3",0.168
"HETDEL_cluster_0030","HETDEL","CNA_event_000149","PAWJYN","HETDEL","exons 1;2;3",0.346
"HOMDEL_cluster_0001","HOMDEL","CNA_event_000150","PARSLA","HOMDEL","exons 3",0.168
"HOMDEL_cluster_0001","HOMDEL","CNA_event_000151","PARWNW","HOMDEL","exons 3",0.168
"HOMDEL_cluster_0001","HOMDEL","CNA_event_000152","PASILW","HOMDEL","exons 3",0.168
"HOMDEL_cluster_0001","HOMDEL","CNA_event_000153","PASKAD","HOMDEL","exons 3",0.168
"HOMDEL_cluster_0001","HOMDEL","CNA_event_000154","PASKLU","HOMDEL","exons 3",0.168
"HOMDEL_cluster_0001","HOMDEL","CNA_event_000155","PASKWG","HOMDEL","exons 3",0.168
"HOMDEL_cluster_0001","HOMDEL","CNA_event_000156","PASRPV","HOMDEL","exons 3",0.346
"HOMDEL_cluster_0001","HOMDEL","CNA_event_000157","PASWYU","HOMDEL","exons 3",0.168
"HOMDEL_cluster_0001","HOMDEL","CNA_event_000158","PASYWF","HOMDEL","exons 3",0.168
"HOMDEL_cluster_0001","HOMDEL","CNA_event_000159","PATCTR","HOMDEL","exons 3",0.346
"HOMDEL_cluster_0001","HOMDEL","CNA_event_000160","PATGBY","HOMDEL","exons 3",0.168
"HOMDEL_cluster_0001","HOMDEL","CNA_event_000161","PATJRX","HOMDEL","exons 3",0.168
"HOMDEL_cluster_0001","HOMDEL","CNA_event_000162","PATKVD","HOMDEL","exons 3",0.168
"HOMDEL_cluster_0001","HOMDEL","CNA_event_000163","PATYWV","HOMDEL","exons 3",0.168
"HOMDEL_cluster_0001","HOMDEL","CNA_event_000164","PAUBTC","HOMDEL","exons 3",0.168
"HOMDEL_cluster_0001","HOMDEL","CNA_event_000165","PAUEUC","HOMDEL","exons 3",0.168
"HOMDEL_cluster_0001","HOMDEL","CNA_event_000166","PAUIEM","HOMDEL","exons 3",0.168
"HOMDEL_cluster_0001","HOMDEL","CNA_event_000167","PAULGX","HOMDEL","exons 3",0.603
"HOMDEL_cluster_0001","HOMDEL","CNA_event_000168","PAUMIB","HOMDEL","exons 3",0.346
"HOMDEL_cluster_0001","HOMDEL","CNA_event_000169","PAUUBG","HOMDEL","exons 3",0.168
"HOMDEL_cluster_0001","HOMDEL","CNA_event_000170","PAVBFC","HOMDEL","exons 3",0.168
"HOMDEL_cluster_0001","HOMDEL","CNA_event_000171","PAVESF","HOMDEL","exons 3",0.168
"HOMDEL_cluster_0001","HOMDEL","CNA_event_000172","PAVKCV","HOMDEL","exons 3",0.168
"HOMDEL_cluster_0001","HOMDEL","CNA_event_000173","PAVKWV","HOMDEL","exons 3",0.168
"HOMDEL_cluster_0001","HOMDEL","CNA_event_000174","PAVLMY","HOMDEL","exons 3",0.168
"HOMDEL_cluster_0001","HOMDEL","CNA_event_000175","PAVVBE","HOMDEL","exons 3;7",0.754
"HOMDEL_cluster_0001","HOMDEL","CNA_event_000176","PAVVDS","HOMDEL","exons 3",0.168
"HOMDEL_cluster_0001","HOMDEL","CNA_event_000177","PAVYAZ","HOMDEL","exons 3",0.168
"HOMDEL_cluster_0001","HOMDEL","CNA_event_000178","PAVYGR","HOMDEL","exons 3",0.168
"HOMDEL_cluster_0001","HOMDEL","CNA_event_000179","PAWKAN","HOMDEL","exons 3",0.168
"HOMDEL_cluster_0002","HOMDEL","CNA_event_000150","PARSLA","HOMDEL","exons 2",0.168
"HOMDEL_cluster_0002","HOMDEL","CNA_event_000151","PARWNW","HOMDEL","exons 2",0.168
"HOMDEL_cluster_0002","HOMDEL","CNA_event_000152","PASILW","HOMDEL","exons 2",0.168
"HOMDEL_cluster_0002","HOMDEL","CNA_event_000153","PASKAD","HOMDEL","exons 2",0.168
"HOMDEL_cluster_0002","HOMDEL","CNA_event_000154","PASKLU","HOMDEL","exons 2",0.168
"HOMDEL_cluster_0002","HOMDEL","CNA_event_000155","PASKWG","HOMDEL","exons 2",0.168
"HOMDEL_cluster_0002","HOMDEL","CNA_event_000156","PASRPV","HOMDEL","exons 1;2",0.346
"HOMDEL_cluster_0002","HOMDEL","CNA_event_000157","PASWYU","HOMDEL","exons 2",0.168
"HOMDEL_cluster_0002","HOMDEL","CNA_event_000158","PASYWF","HOMDEL","exons 2",0.168
"HOMDEL_cluster_0002","HOMDEL","CNA_event_000159","PATCTR","HOMDEL","exons 1;2",0.346
"HOMDEL_cluster_0002","HOMDEL","CNA_event_000160","PATGBY","HOMDEL","exons 2",0.168
"HOMDEL_cluster_0002","HOMDEL","CNA_event_000161","PATJRX","HOMDEL","exons 2",0.168
"HOMDEL_cluster_0002","HOMDEL","CNA_event_000162","PATKVD","HOMDEL","exons 2",0.168
"HOMDEL_cluster_0002","HOMDEL","CNA_event_000163","PATYWV","HOMDEL","exons 2",0.168
"HOMDEL_cluster_0002","HOMDEL","CNA_event_000164","PAUBTC","HOMDEL","exons 2",0.168
"HOMDEL_cluster_0002","HOMDEL","CNA_event_000165","PAUEUC","HOMDEL","exons 2",0.168
"HOMDEL_cluster_0002","HOMDEL","CNA_event_000166","PAUIEM","HOMDEL","exons 2",0.168
"HOMDEL_cluster_0002","HOMDEL","CNA_event_000167","PAULGX","HOMDEL","exons 1;2",0.603
"HOMDEL_cluster_0002","HOMDEL","CNA_event_000168","PAUMIB","HOMDEL","exons 1;2",0.346
"HOMDEL_cluster_0002","HOMDEL","CNA_event_000169","PAUUBG","HOMDEL","exons 2",0.168
"HOMDEL_cluster_0002","HOMDEL","CNA_event_000170","PAVBFC","HOMDEL","exons 2",0.168
"HOMDEL_cluster_0002","HOMDEL","CNA_event_000171","PAVESF","HOMDEL","exons 2",0.168
"HOMDEL_cluster_0002","HOMDEL","CNA_event_000172","PAVKCV","HOMDEL","exons 2",0.168
"HOMDEL_cluster_0002","HOMDEL","CNA_event_000173","PAVKWV","HOMDEL","exons 2",0.168
"HOMDEL_cluster_0002","HOMDEL","CNA_event_000174","PAVLMY","HOMDEL","exons 2",0.168
"HOMDEL_cluster_0002","HOMDEL","CNA_event_000175","PAVVBE","HOMDEL","exons 2",0.754
"HOMDEL_cluster_0002","HOMDEL","CNA_event_000176","PAVVDS","HOMDEL","exons 2",0.168
"HOMDEL_cluster_0002","HOMDEL","CNA_event_000177","PAVYAZ","HOMDEL","exons 2",0.168
"HOMDEL_cluster_0002","HOMDEL","CNA_event_000178","PAVYGR","HOMDEL","exons 2",0.168
"HOMDEL_cluster_0002","HOMDEL","CNA_event_000179","PAWKAN","HOMDEL","exons 2",0.168
"HOMDEL_cluster_0003","HOMDEL","CNA_event_000150","PARSLA","HOMDEL","exons 3",0.168
"HOMDEL_cluster_0003","HOMDEL","CNA_event_000151","PARWNW","HOMDEL","exons 3",0.168
"HOMDEL_cluster_0003","HOMDEL","CNA_event_000152","PASILW","HOMDEL","exons 3",0.168
"HOMDEL_cluster_0003","HOMDEL","CNA_event_000153","PASKAD","HOMDEL","exons 3",0.168
"HOMDEL_cluster_0003","HOMDEL","CNA_event_000154","PASKLU","HOMDEL","exons 3",0.168
"HOMDEL_cluster_0003","HOMDEL","CNA_event_000155","PASKWG","HOMDEL","exons 3",0.168
"HOMDEL_cluster_0003","HOMDEL","CNA_event_000156","PASRPV","HOMDEL","exons 3",0.346
"HOMDEL_cluster_0003","HOMDEL","CNA_event_000157","PASWYU","HOMDEL","exons 3",0.168
"HOMDEL_cluster_0003","HOMDEL","CNA_event_000158","PASYWF","HOMDEL","exons 3",0.168
"HOMDEL_cluster_0003","HOMDEL","CNA_event_000159","PATCTR","HOMDEL","exons 3",0.346
"HOMDEL_cluster_0003","HOMDEL","CNA_event_000160","PATGBY","HOMDEL","exons 3",0.168
"HOMDEL_cluster_0003","HOMDEL","CNA_event_000161","PATJRX","HOMDEL","exons 3",0.168
"HOMDEL_cluster_0003","HOMDEL","CNA_event_000162","PATKVD","HOMDEL","exons 3",0.168
"HOMDEL_cluster_0003","HOMDEL","CNA_event_000163","PATYWV","HOMDEL","exons 3",0.168
"HOMDEL_cluster_0003","HOMDEL","CNA_event_000164","PAUBTC","HOMDEL","exons 3",0.168
"HOMDEL_cluster_0003","HOMDEL","CNA_event_000165","PAUEUC","HOMDEL","exons 3",0.168
"HOMDEL_cluster_0003","HOMDEL","CNA_event_000166","PAUIEM","HOMDEL","exons 3",0.168
"HOMDEL_cluster_0003","HOMDEL","CNA_event_000167","PAULGX","HOMDEL","exons 3;4",0.603
"HOMDEL_cluster_0003","HOMDEL","CNA_event_000168","PAUMIB","HOMDEL","exons 3",0.346
"HOMDEL_cluster_0003","HOMDEL","CNA_event_000169","PAUUBG","HOMDEL","exons 3",0.168
"HOMDEL_cluster_0003","HOMDEL","CNA_event_000170","PAVBFC","HOMDEL","exons 3",0.168
"HOMDEL_cluster_0003","HOMDEL","CNA_event_000171","PAVESF","HOMDEL","exons 3",0.168
"HOMDEL_cluster_0003","HOMDEL","CNA_event_000172","PAVKCV","HOMDEL","exons 3",0.168
"HOMDEL_cluster_0003","HOMDEL","CNA_event_000173","PAVKWV","HOMDEL","exons 3",0.168
"HOMDEL_cluster_0003","HOMDEL","CNA_event_000174","PAVLMY","HOMDEL","exons 3",0.168
"HOMDEL_cluster_0003","HOMDEL","CNA_event_000175","PAVVBE","HOMDEL","exons 3;4",0.754
"HOMDEL_cluster_0003","HOMDEL","CNA_event_000176","PAVVDS","HOMDEL","exons 3",0.168
"HOMDEL_cluster_0003","HOMDEL","CNA_event_000177","PAVYAZ","HOMDEL","exons 3",0.168
"HOMDEL_cluster_0003","HOMDEL","CNA_event_000178","PAVYGR","HOMDEL","exons 3",0.168
"HOMDEL_cluster_0003","HOMDEL","CNA_event_000179","PAWKAN","HOMDEL","exons 3",0.168
"HOMDEL_cluster_0004","HOMDEL","CNA_event_000150","PARSLA","HOMDEL","exons 2;3",0.168
"HOMDEL_cluster_0004","HOMDEL","CNA_event_000151","PARWNW","HOMDEL","exons 2;3",0.168
"HOMDEL_cluster_0004","HOMDEL","CNA_event_000152","PASILW","HOMDEL","exons 2;3",0.168
"HOMDEL_cluster_0004","HOMDEL","CNA_event_000153","PASKAD","HOMDEL","exons 2;3",0.168
"HOMDEL_cluster_0004","HOMDEL","CNA_event_000154","PASKLU","HOMDEL","exons 2;3",0.168
"HOMDEL_cluster_0004","HOMDEL","CNA_event_000155","PASKWG","HOMDEL","exons 2;3",0.168
"HOMDEL_cluster_0004","HOMDEL","CNA_event_000156","PASRPV","HOMDEL","exons 2;3",0.346
"HOMDEL_cluster_0004","HOMDEL","CNA_event_000157","PASWYU","HOMDEL","exons 2;3",0.168
"HOMDEL_cluster_0004","HOMDEL","CNA_event_000158","PASYWF","HOMDEL","exons 2;3",0.168
"HOMDEL_cluster_0004","HOMDEL","CNA_event_000159","PATCTR","HOMDEL","exons 2;3",0.346
"HOMDEL_cluster_0004","HOMDEL","CNA_event_000160","PATGBY","HOMDEL","exons 2;3",0.168
"HOMDEL_cluster_0004","HOMDEL","CNA_event_000161","PATJRX","HOMDEL","exons 2;3",0.168
"HOMDEL_cluster_0004","HOMDEL","CNA_event_000162","PATKVD","HOMDEL","exons 2;3",0.168
"HOMDEL_cluster_0004","HOMDEL","CNA_event_000163","PATYWV","HOMDEL","exons 2;3",0.168
"HOMDEL_cluster_0004","HOMDEL","CNA_event_000164","PAUBTC","HOMDEL","exons 2;3",0.168
"HOMDEL_cluster_0004","HOMDEL","CNA_event_000165","PAUEUC","HOMDEL","exons 2;3",0.168
"HOMDEL_cluster_0004","HOMDEL","CNA_event_000166","PAUIEM","HOMDEL","exons 2;3",0.168
"HOMDEL_cluster_0004","HOMDEL","CNA_event_000167","PAULGX","HOMDEL","exons 2;3",0.603
"HOMDEL_cluster_0004","HOMDEL","CNA_event_000168","PAUMIB","HOMDEL","exons 2;3",0.346
"HOMDEL_cluster_0004","HOMDEL","CNA_event_000169","PAUUBG","HOMDEL","exons 2;3",0.168
"HOMDEL_cluster_0004","HOMDEL","CNA_event_000170","PAVBFC","HOMDEL","exons 2;3",0.168
"HOMDEL_cluster_0004","HOMDEL","CNA_event_000171","PAVESF","HOMDEL","exons 2;3",0.168
"HOMDEL_cluster_0004","HOMDEL","CNA_event_000172","PAVKCV","HOMDEL","exons 2;3",0.168
"HOMDEL_cluster_0004","HOMDEL","CNA_event_000173","PAVKWV","HOMDEL","exons 2;3",0.168
"HOMDEL_cluster_0004","HOMDEL","CNA_event_000174","PAVLMY","HOMDEL","exons 2;3",0.168
"HOMDEL_cluster_0004","HOMDEL","CNA_event_000175","PAVVBE","HOMDEL","exons 2;3;7",0.754
"HOMDEL_cluster_0004","HOMDEL","CNA_event_000176","PAVVDS","HOMDEL","exons 2;3",0.168
"HOMDEL_cluster_0004","HOMDEL","CNA_event_000177","PAVYAZ","HOMDEL","exons 2;3",0.168
"HOMDEL_cluster_0004","HOMDEL","CNA_event_000178","PAVYGR","HOMDEL","exons 2;3",0.168
"HOMDEL_cluster_0004","HOMDEL","CNA_event_000179","PAWKAN","HOMDEL","exons 2;3",0.168
"HOMDEL_cluster_0005","HOMDEL","CNA_event_000150","PARSLA","HOMDEL","exons 2;3",0.168
"HOMDEL_cluster_0005","HOMDEL","CNA_event_000151","PARWNW","HOMDEL","exons 2;3",0.168
"HOMDEL_cluster_0005","HOMDEL","CNA_event_000152","PASILW","HOMDEL","exons 2;3",0.168
"HOMDEL_cluster_0005","HOMDEL","CNA_event_000153","PASKAD","HOMDEL","exons 2;3",0.168
"HOMDEL_cluster_0005","HOMDEL","CNA_event_000154","PASKLU","HOMDEL","exons 2;3",0.168
"HOMDEL_cluster_0005","HOMDEL","CNA_event_000155","PASKWG","HOMDEL","exons 2;3",0.168
"HOMDEL_cluster_0005","HOMDEL","CNA_event_000156","PASRPV","HOMDEL","exons 1;2;3",0.346
"HOMDEL_cluster_0005","HOMDEL","CNA_event_000157","PASWYU","HOMDEL","exons 2;3",0.168
"HOMDEL_cluster_0005","HOMDEL","CNA_event_000158","PASYWF","HOMDEL","exons 2;3",0.168
"HOMDEL_cluster_0005","HOMDEL","CNA_event_000159","PATCTR","HOMDEL","exons 1;2;3",0.346
"HOMDEL_cluster_0005","HOMDEL","CNA_event_000160","PATGBY","HOMDEL","exons 2;3",0.168
"HOMDEL_cluster_0005","HOMDEL","CNA_event_000161","PATJRX","HOMDEL","exons 2;3",0.168
"HOMDEL_cluster_0005","HOMDEL","CNA_event_000162","PATKVD","HOMDEL","exons 2;3",0.168
"HOMDEL_cluster_0005","HOMDEL","CNA_event_000163","PATYWV","HOMDEL","exons 2;3",0.168
"HOMDEL_cluster_0005","HOMDEL","CNA_event_000164","PAUBTC","HOMDEL","exons 2;3",0.168
"HOMDEL_cluster_0005","HOMDEL","CNA_event_000165","PAUEUC","HOMDEL","exons 2;3",0.168
"HOMDEL_cluster_0005","HOMDEL","CNA_event_000166","PAUIEM","HOMDEL","exons 2;3",0.168
"HOMDEL_cluster_0005","HOMDEL","CNA_event_000167","PAULGX","HOMDEL","exons 1;2;3;4",0.603
"HOMDEL_cluster_0005","HOMDEL","CNA_event_000168","PAUMIB","HOMDEL","exons 1;2;3",0.346
"HOMDEL_cluster_0005","HOMDEL","CNA_event_000169","PAUUBG","HOMDEL","exons 2;3",0.168
"HOMDEL_cluster_0005","HOMDEL","CNA_event_000170","PAVBFC","HOMDEL","exons 2;3",0.168
"HOMDEL_cluster_0005","HOMDEL","CNA_event_000171","PAVESF","HOMDEL","exons 2;3",0.168
"HOMDEL_cluster_0005","HOMDEL","CNA_event_000172","PAVKCV","HOMDEL","exons 2;3",0.168
"HOMDEL_cluster_0005","HOMDEL","CNA_event_000173","PAVKWV","HOMDEL","exons 2;3",0.168
"HOMDEL_cluster_0005","HOMDEL","CNA_event_000174","PAVLMY","HOMDEL","exons 2;3",0.168
"HOMDEL_cluster_0005","HOMDEL","CNA_event_000175","PAVVBE","HOMDEL","exons 2;3;4",0.754
"HOMDEL_cluster_0005","HOMDEL","CNA_event_000176","PAVVDS","HOMDEL","exons 2;3",0.168
"HOMDEL_cluster_0005","HOMDEL","CNA_event_000177","PAVYAZ","HOMDEL","exons 2;3",0.168
"HOMDEL_cluster_0005","HOMDEL","CNA_event_000178","PAVYGR","HOMDEL","exons 2;3",0.168
"HOMDEL_cluster_0005","HOMDEL","CNA_event_000179","PAWKAN","HOMDEL","exons 2;3",0.168
"HOMDEL_cluster_0006","HOMDEL","CNA_event_000150","PARSLA","HOMDEL","exons 2;3",0.168
"HOMDEL_cluster_0006","HOMDEL","CNA_event_000151","PARWNW","HOMDEL","exons 2;3",0.168
"HOMDEL_cluster_0006","HOMDEL","CNA_event_000152","PASILW","HOMDEL","exons 2;3",0.168
"HOMDEL_cluster_0006","HOMDEL","CNA_event_000153","PASKAD","HOMDEL","exons 2;3",0.168
"HOMDEL_cluster_0006","HOMDEL","CNA_event_000154","PASKLU","HOMDEL","exons 2;3",0.168
"HOMDEL_cluster_0006","HOMDEL","CNA_event_000155","PASKWG","HOMDEL","exons 2;3",0.168
"HOMDEL_cluster_0006","HOMDEL","CNA_event_000156","PASRPV","HOMDEL","exons 1;2;3",0.346
"HOMDEL_cluster_0006","HOMDEL","CNA_event_000157","PASWYU","HOMDEL","exons 2;3",0.168
"HOMDEL_cluster_0006","HOMDEL","CNA_event_000158","PASYWF","HOMDEL","exons 2;3",0.168
"HOMDEL_cluster_0006","HOMDEL","CNA_event_000159","PATCTR","HOMDEL","exons 1;2;3",0.346
"HOMDEL_cluster_0006","HOMDEL","CNA_event_000160","PATGBY","HOMDEL","exons 2;3",0.168
"HOMDEL_cluster_0006","HOMDEL","CNA_event_000161","PATJRX","HOMDEL","exons 2;3",0.168
"HOMDEL_cluster_0006","HOMDEL","CNA_event_000162","PATKVD","HOMDEL","exons 2;3",0.168
"HOMDEL_cluster_0006","HOMDEL","CNA_event_000163","PATYWV","HOMDEL","exons 2;3",0.168
"HOMDEL_cluster_0006","HOMDEL","CNA_event_000164","PAUBTC","HOMDEL","exons 2;3",0.168
"HOMDEL_cluster_0006","HOMDEL","CNA_event_000165","PAUEUC","HOMDEL","exons 2;3",0.168
"HOMDEL_cluster_0006","HOMDEL","CNA_event_000166","PAUIEM","HOMDEL","exons 2;3",0.168
"HOMDEL_cluster_0006","HOMDEL","CNA_event_000167","PAULGX","HOMDEL","exons 1;2;3;4;5;6",0.603
"HOMDEL_cluster_0006","HOMDEL","CNA_event_000168","PAUMIB","HOMDEL","exons 1;2;3",0.346
"HOMDEL_cluster_0006","HOMDEL","CNA_event_000169","PAUUBG","HOMDEL","exons 2;3",0.168
"HOMDEL_cluster_0006","HOMDEL","CNA_event_000170","PAVBFC","HOMDEL","exons 2;3",0.168
"HOMDEL_cluster_0006","HOMDEL","CNA_event_000171","PAVESF","HOMDEL","exons 2;3",0.168
"HOMDEL_cluster_0006","HOMDEL","CNA_event_000172","PAVKCV","HOMDEL","exons 2;3",0.168
"HOMDEL_cluster_0006","HOMDEL","CNA_event_000173","PAVKWV","HOMDEL","exons 2;3",0.168
"HOMDEL_cluster_0006","HOMDEL","CNA_event_000174","PAVLMY","HOMDEL","exons 2;3",0.168
"HOMDEL_cluster_0006","HOMDEL","CNA_event_000175","PAVVBE","HOMDEL","exons 2;3;4;5;6;7;8;9",0.754
"HOMDEL_cluster_0006","HOMDEL","CNA_event_000176","PAVVDS","HOMDEL","exons 2;3",0.168
"HOMDEL_cluster_0006","HOMDEL","CNA_event_000177","PAVYAZ","HOMDEL","exons 2;3",0.168
"HOMDEL_cluster_0006","HOMDEL","CNA_event_000178","PAVYGR","HOMDEL","exons 2;3",0.168
"HOMDEL_cluster_0006","HOMDEL","CNA_event_000179","PAWKAN","HOMDEL","exons 2;3",0.168
"HOMDEL_cluster_0007","HOMDEL","CNA_event_000167","PAULGX","HOMDEL","exons 5;6",0.603
"HOMDEL_cluster_0007","HOMDEL","CNA_event_000175","PAVVBE","HOMDEL","exons 5;6",0.754
"HOMDEL_cluster_0008","HOMDEL","CNA_event_000167","PAULGX","HOMDEL","exons 4;5;6",0.603
"HOMDEL_cluster_0008","HOMDEL","CNA_event_000175","PAVVBE","HOMDEL","exons 4;5;6",0.754
"HOMDEL_cluster_0009","HOMDEL","CNA_event_000167","PAULGX","HOMDEL","exons 5;6",0.603
"HOMDEL_cluster_0009","HOMDEL","CNA_event_000175","PAVVBE","HOMDEL","exons 5;6;7;8;9",0.754
"HOMDEL_cluster_0010","HOMDEL","CNA_event_000156","PASRPV","HOMDEL","exons 1",0.346
"HOMDEL_cluster_0010","HOMDEL","CNA_event_000159","PATCTR","HOMDEL","exons 1",0.346
"HOMDEL_cluster_0010","HOMDEL","CNA_event_000167","PAULGX","HOMDEL","exons 1",0.603
"HOMDEL_cluster_0010","HOMDEL","CNA_event_000168","PAUMIB","HOMDEL","exons 1",0.346
"HOMDEL_cluster_0010","HOMDEL","CNA_event_000175","PAVVBE","HOMDEL","exons 8;9",0.754
"HOMDEL_cluster_0011","HOMDEL","CNA_event_000156","PASRPV","HOMDEL","exons 1",0.346
"HOMDEL_cluster_0011","HOMDEL","CNA_event_000159","PATCTR","HOMDEL","exons 1",0.346
"HOMDEL_cluster_0011","HOMDEL","CNA_event_000167","PAULGX","HOMDEL","exons 1;4;5;6",0.603
"HOMDEL_cluster_0011","HOMDEL","CNA_event_000168","PAUMIB","HOMDEL","exons 1",0.346
"HOMDEL_cluster_0011","HOMDEL","CNA_event_000175","PAVVBE","HOMDEL","exons 4;5;6;8;9",0.754
"HOMDEL_cluster_0012","HOMDEL","CNA_event_000156","PASRPV","HOMDEL","exons 1",0.346
"HOMDEL_cluster_0012","HOMDEL","CNA_event_000159","PATCTR","HOMDEL","exons 1",0.346
"HOMDEL_cluster_0012","HOMDEL","CNA_event_000167","PAULGX","HOMDEL","exons 1",0.603
"HOMDEL_cluster_0012","HOMDEL","CNA_event_000168","PAUMIB","HOMDEL","exons 1",0.346
"HOMDEL_cluster_0013","HOMDEL","CNA_event_000150","PARSLA","HOMDEL","exons 2",0.168
"HOMDEL_cluster_0013","HOMDEL","CNA_event_000151","PARWNW","HOMDEL","exons 2",0.168
"HOMDEL_cluster_0013","HOMDEL","CNA_event_000152","PASILW","HOMDEL","exons 2",0.168
"HOMDEL_cluster_0013","HOMDEL","CNA_event_000153","PASKAD","HOMDEL","exons 2",0.168
"HOMDEL_cluster_0013","HOMDEL","CNA_event_000154","PASKLU","HOMDEL","exons 2",0.168
"HOMDEL_cluster_0013","HOMDEL","CNA_event_000155","PASKWG","HOMDEL","exons 2",0.168
"HOMDEL_cluster_0013","HOMDEL","CNA_event_000156","PASRPV","HOMDEL","exons 2",0.346
"HOMDEL_cluster_0013","HOMDEL","CNA_event_000157","PASWYU","HOMDEL","exons 2",0.168
"HOMDEL_cluster_0013","HOMDEL","CNA_event_000158","PASYWF","HOMDEL","exons 2",0.168
"HOMDEL_cluster_0013","HOMDEL","CNA_event_000159","PATCTR","HOMDEL","exons 2",0.346
"HOMDEL_cluster_0013","HOMDEL","CNA_event_000160","PATGBY","HOMDEL","exons 2",0.168
"HOMDEL_cluster_0013","HOMDEL","CNA_event_000161","PATJRX","HOMDEL","exons 2",0.168
"HOMDEL_cluster_0013","HOMDEL","CNA_event_000162","PATKVD","HOMDEL","exons 2",0.168
"HOMDEL_cluster_0013","HOMDEL","CNA_event_000163","PATYWV","HOMDEL","exons 2",0.168
"HOMDEL_cluster_0013","HOMDEL","CNA_event_000164","PAUBTC","HOMDEL","exons 2",0.168
"HOMDEL_cluster_0013","HOMDEL","CNA_event_000165","PAUEUC","HOMDEL","exons 2",0.168
"HOMDEL_cluster_0013","HOMDEL","CNA_event_000166","PAUIEM","HOMDEL","exons 2",0.168
"HOMDEL_cluster_0013","HOMDEL","CNA_event_000167","PAULGX","HOMDEL","exons 2",0.603
"HOMDEL_cluster_0013","HOMDEL","CNA_event_000168","PAUMIB","HOMDEL","exons 2",0.346
"HOMDEL_cluster_0013","HOMDEL","CNA_event_000169","PAUUBG","HOMDEL","exons 2",0.168
"HOMDEL_cluster_0013","HOMDEL","CNA_event_000170","PAVBFC","HOMDEL","exons 2",0.168
"HOMDEL_cluster_0013","HOMDEL","CNA_event_000171","PAVESF","HOMDEL","exons 2",0.168
"HOMDEL_cluster_0013","HOMDEL","CNA_event_000172","PAVKCV","HOMDEL","exons 2",0.168
"HOMDEL_cluster_0013","HOMDEL","CNA_event_000173","PAVKWV","HOMDEL","exons 2",0.168
"HOMDEL_cluster_0013","HOMDEL","CNA_event_000174","PAVLMY","HOMDEL","exons 2",0.168
"HOMDEL_cluster_0013","HOMDEL","CNA_event_000175","PAVVBE","HOMDEL","exons 2",0.754
"HOMDEL_cluster_0013","HOMDEL","CNA_event_000176","PAVVDS","HOMDEL","exons 2",0.168
"HOMDEL_cluster_0013","HOMDEL","CNA_event_000177","PAVYAZ","HOMDEL","exons 2",0.168
"HOMDEL_cluster_0013","HOMDEL","CNA_event_000178","PAVYGR","HOMDEL","exons 2",0.168
"HOMDEL_cluster_0013","HOMDEL","CNA_event_000179","PAWKAN","HOMDEL","exons 2",0.168
"HOMDEL_cluster_0014","HOMDEL","CNA_event_000150","PARSLA","HOMDEL","exons 3",0.168
"HOMDEL_cluster_0014","HOMDEL","CNA_event_000151","PARWNW","HOMDEL","exons 3",0.168
"HOMDEL_cluster_0014","HOMDEL","CNA_event_000152","PASILW","HOMDEL","exons 3",0.168
"HOMDEL_cluster_0014","HOMDEL","CNA_event_000153","PASKAD","HOMDEL","exons 3",0.168
"HOMDEL_cluster_0014","HOMDEL","CNA_event_000154","PASKLU","HOMDEL","exons 3",0.168
"HOMDEL_cluster_0014","HOMDEL","CNA_event_000155","PASKWG","HOMDEL","exons 3",0.168
"HOMDEL_cluster_0014","HOMDEL","CNA_event_000156","PASRPV","HOMDEL","exons 3",0.346
"HOMDEL_cluster_0014","HOMDEL","CNA_event_000157","PASWYU","HOMDEL","exons 3",0.168
"HOMDEL_cluster_0014","HOMDEL","CNA_event_000158","PASYWF","HOMDEL","exons 3",0.168
"HOMDEL_cluster_0014","HOMDEL","CNA_event_000159","PATCTR","HOMDEL","exons 3",0.346
"HOMDEL_cluster_0014","HOMDEL","CNA_event_000160","PATGBY","HOMDEL","exons 3",0.168
"HOMDEL_cluster_0014","HOMDEL","CNA_event_000161","PATJRX","HOMDEL","exons 3",0.168
"HOMDEL_cluster_0014","HOMDEL","CNA_event_000162","PATKVD","HOMDEL","exons 3",0.168
"HOMDEL_cluster_0014","HOMDEL","CNA_event_000163","PATYWV","HOMDEL","exons 3",0.168
"HOMDEL_cluster_0014","HOMDEL","CNA_event_000164","PAUBTC","HOMDEL","exons 3",0.168
"HOMDEL_cluster_0014","HOMDEL","CNA_event_000165","PAUEUC","HOMDEL","exons 3",0.168
"HOMDEL_cluster_0014","HOMDEL","CNA_event_000166","PAUIEM","HOMDEL","exons 3",0.168
"HOMDEL_cluster_0014","HOMDEL","CNA_event_000167","PAULGX","HOMDEL","exons 3",0.603
"HOMDEL_cluster_0014","HOMDEL","CNA_event_000168","PAUMIB","HOMDEL","exons 3",0.346
"HOMDEL_cluster_0014","HOMDEL","CNA_event_000169","PAUUBG","HOMDEL","exons 3",0.168
"HOMDEL_cluster_0014","HOMDEL","CNA_event_000170","PAVBFC","HOMDEL","exons 3",0.168
"HOMDEL_cluster_0014","HOMDEL","CNA_event_000171","PAVESF","HOMDEL","exons 3",0.168
"HOMDEL_cluster_0014","HOMDEL","CNA_event_000172","PAVKCV","HOMDEL","exons 3",0.168
"HOMDEL_cluster_0014","HOMDEL","CNA_event_000173","PAVKWV","HOMDEL","exons 3",0.168
"HOMDEL_cluster_0014","HOMDEL","CNA_event_000174","PAVLMY","HOMDEL","exons 3",0.168
"HOMDEL_cluster_0014","HOMDEL","CNA_event_000175","PAVVBE","HOMDEL","exons 3",0.754
"HOMDEL_cluster_0014","HOMDEL","CNA_event_000176","PAVVDS","HOMDEL","exons 3",0.168
"HOMDEL_cluster_0014","HOMDEL","CNA_event_000177","PAVYAZ","HOMDEL","exons 3",0.168
"HOMDEL_cluster_0014","HOMDEL","CNA_event_000178","PAVYGR","HOMDEL","exons 3",0.168
"HOMDEL_cluster_0014","HOMDEL","CNA_event_000179","PAWKAN","HOMDEL","exons 3",0.168
"HOMDEL_cluster_0015","HOMDEL","CNA_event_000167","PAULGX","HOMDEL","exons 4",0.603
"HOMDEL_cluster_0015","HOMDEL","CNA_event_000175","PAVVBE","HOMDEL","exons 4",0.754
"HOMDEL_cluster_0016","HOMDEL","CNA_event_000167","PAULGX","HOMDEL","exons 5",0.603
"HOMDEL_cluster_0016","HOMDEL","CNA_event_000175","PAVVBE","HOMDEL","exons 5",0.754
"HOMDEL_cluster_0017","HOMDEL","CNA_event_000167","PAULGX","HOMDEL","exons 6",0.603
"HOMDEL_cluster_0017","HOMDEL","CNA_event_000175","PAVVBE","HOMDEL","exons 6",0.754
"ALL_CNA_cluster_0001","ALL_CNA","CNA_event_000001","PARFLD","HETDEL","exons 2",0.168
"ALL_CNA_cluster_0001","ALL_CNA","CNA_event_000002","PARJAY","HETDEL","exons 2",0.168
"ALL_CNA_cluster_0001","ALL_CNA","CNA_event_000003","PARJPL","HETDEL","exons 2",0.168
"ALL_CNA_cluster_0001","ALL_CNA","CNA_event_000004","PARNXJ","HETDEL","exons 2",0.822
"ALL_CNA_cluster_0001","ALL_CNA","CNA_event_000005","PARPET","HETDEL","exons 2",0.168
"ALL_CNA_cluster_0001","ALL_CNA","CNA_event_000150","PARSLA","HOMDEL","exons 2",0.168
"ALL_CNA_cluster_0001","ALL_CNA","CNA_event_000007","PARSNX","HETDEL","exons 1;2",0.29
"ALL_CNA_cluster_0001","ALL_CNA","CNA_event_000151","PARWNW","HOMDEL","exons 2",0.168
"ALL_CNA_cluster_0001","ALL_CNA","CNA_event_000009","PARXDJ","HETDEL","exons 2",0.168
"ALL_CNA_cluster_0001","ALL_CNA","CNA_event_000010","PARXPZ","HETDEL","exons 2",0.822
"ALL_CNA_cluster_0001","ALL_CNA","CNA_event_000011","PASGDZ","HETDEL","exons 2",0.168
"ALL_CNA_cluster_0001","ALL_CNA","CNA_event_000012","PASGUH","HETDEL","exons 2",0.168
"ALL_CNA_cluster_0001","ALL_CNA","CNA_event_000013","PASILW","HETDEL","exons 1",0.178
"ALL_CNA_cluster_0001","ALL_CNA","CNA_event_000152","PASILW","HOMDEL","exons 2",0.168
"ALL_CNA_cluster_0001","ALL_CNA","CNA_event_000015","PASINX","HETDEL","exons 1;2",0.346
"ALL_CNA_cluster_0001","ALL_CNA","CNA_event_000017","PASIPN","HETDEL","exons 2",0.056
"ALL_CNA_cluster_0001","ALL_CNA","CNA_event_000018","PASJGV","HETDEL","exons 2",0.168
"ALL_CNA_cluster_0001","ALL_CNA","CNA_event_000153","PASKAD","HOMDEL","exons 2",0.168
"ALL_CNA_cluster_0001","ALL_CNA","CNA_event_000154","PASKLU","HOMDEL","exons 2",0.168
"ALL_CNA_cluster_0001","ALL_CNA","CNA_event_000155","PASKWG","HOMDEL","exons 2",0.168
"ALL_CNA_cluster_0001","ALL_CNA","CNA_event_000022","PASKXA","HETDEL","exons 2",0.168
"ALL_CNA_cluster_0001","ALL_CNA","CNA_event_000023","PASLXY","HETDEL","exons 1;2",0.346
"ALL_CNA_cluster_0001","ALL_CNA","CNA_event_000024","PASPDS","HETDEL","exons 2",0.355
"ALL_CNA_cluster_0001","ALL_CNA","CNA_event_000025","PASPLG","HETDEL","exons 2",0.425
"ALL_CNA_cluster_0001","ALL_CNA","CNA_event_000026","PASPNW","HETDEL","exons 2",0.822
"ALL_CNA_cluster_0001","ALL_CNA","CNA_event_000027","PASRAF","HETDEL","exons 2",0.168
"ALL_CNA_cluster_0001","ALL_CNA","CNA_event_000028","PASRMM","HETDEL","exons 1;2",0.346
"ALL_CNA_cluster_0001","ALL_CNA","CNA_event_000156","PASRPV","HOMDEL","exons 1;2",0.346
"ALL_CNA_cluster_0001","ALL_CNA","CNA_event_000030","PASRSE","HETDEL","exons 2",0.168
"ALL_CNA_cluster_0001","ALL_CNA","CNA_event_000031","PASRUK","HETDEL","exons 2",0.168
"ALL_CNA_cluster_0001","ALL_CNA","CNA_event_000032","PASTCH","HETDEL","exons 1;2",0.457
"ALL_CNA_cluster_0001","ALL_CNA","CNA_event_000033","PASTHE","HETDEL","exons 2",0.425
"ALL_CNA_cluster_0001","ALL_CNA","CNA_event_000034","PASUSV","HETDEL","exons 2",0.822
"ALL_CNA_cluster_0001","ALL_CNA","CNA_event_000035","PASVWH","HETDEL","exons 2",0.168
"ALL_CNA_cluster_0001","ALL_CNA","CNA_event_000036","PASVZJ","HETDEL","exons 2",0.168
"ALL_CNA_cluster_0001","ALL_CNA","CNA_event_000037","PASWXB","HETDEL","exons 2",0.168
"ALL_CNA_cluster_0001","ALL_CNA","CNA_event_000157","PASWYU","HOMDEL","exons 2",0.168
"ALL_CNA_cluster_0001","ALL_CNA","CNA_event_000040","PASYSJ","HETDEL","exons 2",0.168
"ALL_CNA_cluster_0001","ALL_CNA","CNA_event_000041","PASYVU","HETDEL","exons 2",0.168
"ALL_CNA_cluster_0001","ALL_CNA","CNA_event_000158","PASYWF","HOMDEL","exons 2",0.168
"ALL_CNA_cluster_0001","ALL_CNA","CNA_event_000043","PASZAY","HETDEL","exons 2",0.168
"ALL_CNA_cluster_0001","ALL_CNA","CNA_event_000044","PATALF","HETDEL","exons 2",0.425
"ALL_CNA_cluster_0001","ALL_CNA","CNA_event_000045","PATBTX","HETDEL","exons 2",0.168
"ALL_CNA_cluster_0001","ALL_CNA","CNA_event_000159","PATCTR","HOMDEL","exons 1;2",0.346
"ALL_CNA_cluster_0001","ALL_CNA","CNA_event_000047","PATDTN","HETDEL","exons 2",0.168
"ALL_CNA_cluster_0001","ALL_CNA","CNA_event_000048","PATFPU","HETDEL","exons 2",0.168
"ALL_CNA_cluster_0001","ALL_CNA","CNA_event_000160","PATGBY","HOMDEL","exons 2",0.168
"ALL_CNA_cluster_0001","ALL_CNA","CNA_event_000050","PATHFE","HETDEL","exons 2",0.822
"ALL_CNA_cluster_0001","ALL_CNA","CNA_event_000052","PATJLY","HETDEL","exons 2",0.355
"ALL_CNA_cluster_0001","ALL_CNA","CNA_event_000161","PATJRX","HOMDEL","exons 2",0.168
"ALL_CNA_cluster_0001","ALL_CNA","CNA_event_000162","PATKVD","HOMDEL","exons 2",0.168
"ALL_CNA_cluster_0001","ALL_CNA","CNA_event_000054","PATKZH","HETDEL","exons 1;2",0.346
"ALL_CNA_cluster_0001","ALL_CNA","CNA_event_000055","PATLLH","HETDEL","exons 2",0.425
"ALL_CNA_cluster_0001","ALL_CNA","CNA_event_000056","PATNAM","HETDEL","exons 1;2",0.234
"ALL_CNA_cluster_0001","ALL_CNA","CNA_event_000057","PATPDA","HETDEL","exons 2",0.664
"ALL_CNA_cluster_0001","ALL_CNA","CNA_event_000058","PATRAB","HETDEL","exons 2",0.168
"ALL_CNA_cluster_0001","ALL_CNA","CNA_event_000060","PATSPG","HETDEL","exons 1;2",0.346
"ALL_CNA_cluster_0001","ALL_CNA","CNA_event_000061","PATWJU","HETDEL","exons 2",0.168
"ALL_CNA_cluster_0001","ALL_CNA","CNA_event_000163","PATYWV","HOMDEL","exons 2",0.168
"ALL_CNA_cluster_0001","ALL_CNA","CNA_event_000063","PATZST","HETDEL","exons 2",0.168
"ALL_CNA_cluster_0001","ALL_CNA","CNA_event_000064","PATZYR","HETDEL","exons 2",0.168
"ALL_CNA_cluster_0001","ALL_CNA","CNA_event_000065","PAUAKN","HETDEL","exons 2",0.168
"ALL_CNA_cluster_0001","ALL_CNA","CNA_event_000066","PAUAZV","HETDEL","exons 2",0.168
"ALL_CNA_cluster_0001","ALL_CNA","CNA_event_000067","PAUBCT","HETDEL","exons 2",0.168
"ALL_CNA_cluster_0001","ALL_CNA","CNA_event_000164","PAUBTC","HOMDEL","exons 2",0.168
"ALL_CNA_cluster_0001","ALL_CNA","CNA_event_000070","PAUCDC","HETDEL","exons 2",0.822
"ALL_CNA_cluster_0001","ALL_CNA","CNA_event_000071","PAUEDT","HETDEL","exons 2",0.168
"ALL_CNA_cluster_0001","ALL_CNA","CNA_event_000072","PAUEUC","HETDEL","exons 1",0.178
"ALL_CNA_cluster_0001","ALL_CNA","CNA_event_000165","PAUEUC","HOMDEL","exons 2",0.168
"ALL_CNA_cluster_0001","ALL_CNA","CNA_event_000074","PAUEVJ","HETDEL","exons 2",0.168
"ALL_CNA_cluster_0001","ALL_CNA","CNA_event_000075","PAUEXN","HETDEL","exons 1;2",0.206
"ALL_CNA_cluster_0001","ALL_CNA","CNA_event_000077","PAUGDT","HETDEL","exons 2",0.168
"ALL_CNA_cluster_0001","ALL_CNA","CNA_event_000078","PAUGLY","HETDEL","exons 1;2",0.346
"ALL_CNA_cluster_0001","ALL_CNA","CNA_event_000166","PAUIEM","HOMDEL","exons 2",0.168
"ALL_CNA_cluster_0001","ALL_CNA","CNA_event_000080","PAUIFA","HETDEL","exons 2",0.168
"ALL_CNA_cluster_0001","ALL_CNA","CNA_event_000081","PAUJVL","HETDEL","exons 1;2",0.346
"ALL_CNA_cluster_0001","ALL_CNA","CNA_event_000084","PAULCK","HETDEL","exons 2",0.168
"ALL_CNA_cluster_0001","ALL_CNA","CNA_event_000167","PAULGX","HOMDEL","exons 1;2",0.603
"ALL_CNA_cluster_0001","ALL_CNA","CNA_event_000168","PAUMIB","HOMDEL","exons 1;2",0.346
"ALL_CNA_cluster_0001","ALL_CNA","CNA_event_000087","PAUMLX","HETDEL","exons 1;2",0.346
"ALL_CNA_cluster_0001","ALL_CNA","CNA_event_000088","PAUMXB","HETDEL","exons 1;2",0.346
"ALL_CNA_cluster_0001","ALL_CNA","CNA_event_000089","PAUPUW","HETDEL","exons 2",0.168
"ALL_CNA_cluster_0001","ALL_CNA","CNA_event_000090","PAURLU","HETDEL","exons 2",0.168
"ALL_CNA_cluster_0001","ALL_CNA","CNA_event_000091","PAUSIS","HETDEL","exons 2",0.822
"ALL_CNA_cluster_0001","ALL_CNA","CNA_event_000092","PAUTBB","HETDEL","exons 2",0.168
"ALL_CNA_cluster_0001","ALL_CNA","CNA_event_000093","PAUTUL","HETDEL","exons 2",0.664
"ALL_CNA_cluster_0001","ALL_CNA","CNA_event_000094","PAUUAL","HETDEL","exons 2",0.168
"ALL_CNA_cluster_0001","ALL_CNA","CNA_event_000169","PAUUBG","HOMDEL","exons 2",0.168
"ALL_CNA_cluster_0001","ALL_CNA","CNA_event_000095","PAUUIK","HETDEL","exons 2",0.168
"ALL_CNA_cluster_0001","ALL_CNA","CNA_event_000096","PAUWMZ","HETDEL","exons 2",0.168
"ALL_CNA_cluster_0001","ALL_CNA","CNA_event_000097","PAUWXI","HETDEL","exons 2",0.822
"ALL_CNA_cluster_0001","ALL_CNA","CNA_event_000098","PAUXCW","HETDEL","exons 2",0.168
"ALL_CNA_cluster_0001","ALL_CNA","CNA_event_000099","PAUXKE","HETDEL","exons 2",0.168
"ALL_CNA_cluster_0001","ALL_CNA","CNA_event_000100","PAUXRM","HETDEL","exons 2",0.279
"ALL_CNA_cluster_0001","ALL_CNA","CNA_event_000101","PAUXYI","HETDEL","exons 2",0.355
"ALL_CNA_cluster_0001","ALL_CNA","CNA_event_000102","PAUYJF","HETDEL","exons 2",0.425
"ALL_CNA_cluster_0001","ALL_CNA","CNA_event_000170","PAVBFC","HOMDEL","exons 2",0.168
"ALL_CNA_cluster_0001","ALL_CNA","CNA_event_000104","PAVCRK","HETDEL","exons 2",0.168
"ALL_CNA_cluster_0001","ALL_CNA","CNA_event_000171","PAVESF","HOMDEL","exons 2",0.168
"ALL_CNA_cluster_0001","ALL_CNA","CNA_event_000105","PAVFAX","HETDEL","exons 2",0.168
"ALL_CNA_cluster_0001","ALL_CNA","CNA_event_000106","PAVHAA","HETDEL","exons 2",0.168
"ALL_CNA_cluster_0001","ALL_CNA","CNA_event_000107","PAVHBL","HETDEL","exons 2",0.168
"ALL_CNA_cluster_0001","ALL_CNA","CNA_event_000108","PAVHGX","HETDEL","exons 2",0.168
"ALL_CNA_cluster_0001","ALL_CNA","CNA_event_000110","PAVKCV","HETDEL","exons 1",0.178
"ALL_CNA_cluster_0001","ALL_CNA","CNA_event_000172","PAVKCV","HOMDEL","exons 2",0.168
"ALL_CNA_cluster_0001","ALL_CNA","CNA_event_000112","PAVKPV","HETDEL","exons 2",0.168
"ALL_CNA_cluster_0001","ALL_CNA","CNA_event_000173","PAVKWV","HOMDEL","exons 2",0.168
"ALL_CNA_cluster_0001","ALL_CNA","CNA_event_000114","PAVLLU","HETDEL","exons 2",0.168
"ALL_CNA_cluster_0001","ALL_CNA","CNA_event_000174","PAVLMY","HOMDEL","exons 2",0.168
"ALL_CNA_cluster_0001","ALL_CNA","CNA_event_000115","PAVMKN","HETDEL","exons 2",0.168
"ALL_CNA_cluster_0001","ALL_CNA","CNA_event_000116","PAVMPT","HETDEL","exons 2",0.279
"ALL_CNA_cluster_0001","ALL_CNA","CNA_event_000117","PAVNGZ","HETDEL","exons 2",0.168
"ALL_CNA_cluster_0001","ALL_CNA","CNA_event_000119","PAVNTB","HETDEL","exons 2",0.168
"ALL_CNA_cluster_0001","ALL_CNA","CNA_event_000120","PAVPCB","HETDEL","exons 1;2",0.206
"ALL_CNA_cluster_0001","ALL_CNA","CNA_event_000121","PAVRXK","HETDEL","exons 1;2",0.932
"ALL_CNA_cluster_0001","ALL_CNA","CNA_event_000122","PAVVBE","HETDEL","exons 1",0.178
"ALL_CNA_cluster_0001","ALL_CNA","CNA_event_000175","PAVVBE","HOMDEL","exons 2",0.754
"ALL_CNA_cluster_0001","ALL_CNA","CNA_event_000176","PAVVDS","HOMDEL","exons 2",0.168
"ALL_CNA_cluster_0001","ALL_CNA","CNA_event_000124","PAVWDF","HETDEL","exons 2",0.168
"ALL_CNA_cluster_0001","ALL_CNA","CNA_event_000125","PAVWNL","HETDEL","exons 1;2",0.346
"ALL_CNA_cluster_0001","ALL_CNA","CNA_event_000126","PAVYAZ","HETDEL","exons 1",0.178
"ALL_CNA_cluster_0001","ALL_CNA","CNA_event_000177","PAVYAZ","HOMDEL","exons 2",0.168
"ALL_CNA_cluster_0001","ALL_CNA","CNA_event_000178","PAVYGR","HOMDEL","exons 2",0.168
"ALL_CNA_cluster_0001","ALL_CNA","CNA_event_000129","PAVYTZ","HETDEL","exons 2",0.168
"ALL_CNA_cluster_0001","ALL_CNA","CNA_event_000130","PAVZCF","HETDEL","exons 2",0.425
"ALL_CNA_cluster_0001","ALL_CNA","CNA_event_000131","PAWAIM","HETDEL","exons 2",0.168
"ALL_CNA_cluster_0001","ALL_CNA","CNA_event_000132","PAWAIN","HETDEL","exons 2",0.168
"ALL_CNA_cluster_0001","ALL_CNA","CNA_event_000133","PAWAKA","HETDEL","exons 2",0.168
"ALL_CNA_cluster_0001","ALL_CNA","CNA_event_000134","PAWDEK","HETDEL","exons 2",0.168
"ALL_CNA_cluster_0001","ALL_CNA","CNA_event_000135","PAWDMI","HETDEL","exons 2",0.168
"ALL_CNA_cluster_0001","ALL_CNA","CNA_event_000136","PAWDWJ","HETDEL","exons 2",0.822
"ALL_CNA_cluster_0001","ALL_CNA","CNA_event_000137","PAWEEC","HETDEL","exons 2",0.168
"ALL_CNA_cluster_0001","ALL_CNA","CNA_event_000139","PAWESJ","HETDEL","exons 1;2",0.346
"ALL_CNA_cluster_0001","ALL_CNA","CNA_event_000140","PAWETD","HETDEL","exons 2",0.822
"ALL_CNA_cluster_0001","ALL_CNA","CNA_event_000141","PAWFNJ","HETDEL","exons 1;2",0.346
"ALL_CNA_cluster_0001","ALL_CNA","CNA_event_000142","PAWFWF","HETDEL","exons 1;2",0.346
"ALL_CNA_cluster_0001","ALL_CNA","CNA_event_000143","PAWGCK","HETDEL","exons 2",0.168
"ALL_CNA_cluster_0001","ALL_CNA","CNA_event_000144","PAWGIT","HETDEL","exons 2",0.168
"ALL_CNA_cluster_0001","ALL_CNA","CNA_event_000146","PAWGZM","HETDEL","exons 2",0.168
"ALL_CNA_cluster_0001","ALL_CNA","CNA_event_000147","PAWIWS","HETDEL","exons 2",0.355
"ALL_CNA_cluster_0001","ALL_CNA","CNA_event_000148","PAWJKX","HETDEL","exons 2",0.168
"ALL_CNA_cluster_0001","ALL_CNA","CNA_event_000149","PAWJYN","HETDEL","exons 1;2",0.346
"ALL_CNA_cluster_0001","ALL_CNA","CNA_event_000179","PAWKAN","HOMDEL","exons 2",0.168
"ALL_CNA_cluster_0002","ALL_CNA","CNA_event_000004","PARNXJ","HETDEL","exons 6;10",0.822
"ALL_CNA_cluster_0002","ALL_CNA","CNA_event_000008","PARWNW","HETDEL","exons 6;10",0.654
"ALL_CNA_cluster_0002","ALL_CNA","CNA_event_000010","PARXPZ","HETDEL","exons 6;10",0.822
"ALL_CNA_cluster_0002","ALL_CNA","CNA_event_000019","PASKAD","HETDEL","exons 6;10",0.654
"ALL_CNA_cluster_0002","ALL_CNA","CNA_event_000021","PASKWG","HETDEL","exons 6;10",0.654
"ALL_CNA_cluster_0002","ALL_CNA","CNA_event_000025","PASPLG","HETDEL","exons 6",0.425
"ALL_CNA_cluster_0002","ALL_CNA","CNA_event_000026","PASPNW","HETDEL","exons 6;10",0.822
"ALL_CNA_cluster_0002","ALL_CNA","CNA_event_000033","PASTHE","HETDEL","exons 6",0.425
"ALL_CNA_cluster_0002","ALL_CNA","CNA_event_000034","PASUSV","HETDEL","exons 6;10",0.822
"ALL_CNA_cluster_0002","ALL_CNA","CNA_event_000038","PASWYU","HETDEL","exons 6",0.586
"ALL_CNA_cluster_0002","ALL_CNA","CNA_event_000039","PASYNX","HETDEL","exons 6",0.36
"ALL_CNA_cluster_0002","ALL_CNA","CNA_event_000042","PASYWF","HETDEL","exons 6;10",0.654
"ALL_CNA_cluster_0002","ALL_CNA","CNA_event_000044","PATALF","HETDEL","exons 6",0.425
"ALL_CNA_cluster_0002","ALL_CNA","CNA_event_000046","PATCTR","HETDEL","exons 6",0.257
"ALL_CNA_cluster_0002","ALL_CNA","CNA_event_000050","PATHFE","HETDEL","exons 6;10",0.822
"ALL_CNA_cluster_0002","ALL_CNA","CNA_event_000055","PATLLH","HETDEL","exons 6",0.425
"ALL_CNA_cluster_0002","ALL_CNA","CNA_event_000057","PATPDA","HETDEL","exons 6",0.664
"ALL_CNA_cluster_0002","ALL_CNA","CNA_event_000070","PAUCDC","HETDEL","exons 6;10",0.822
"ALL_CNA_cluster_0002","ALL_CNA","CNA_event_000079","PAUIEM","HETDEL","exons 6;10",0.654
"ALL_CNA_cluster_0002","ALL_CNA","CNA_event_000083","PAUKZJ","HETDEL","exons 6",0.608
"ALL_CNA_cluster_0002","ALL_CNA","CNA_event_000167","PAULGX","HOMDEL","exons 6",0.603
"ALL_CNA_cluster_0002","ALL_CNA","CNA_event_000091","PAUSIS","HETDEL","exons 6;10",0.822
"ALL_CNA_cluster_0002","ALL_CNA","CNA_event_000093","PAUTUL","HETDEL","exons 6",0.664
"ALL_CNA_cluster_0002","ALL_CNA","CNA_event_000097","PAUWXI","HETDEL","exons 6;10",0.822
"ALL_CNA_cluster_0002","ALL_CNA","CNA_event_000102","PAUYJF","HETDEL","exons 6",0.425
"ALL_CNA_cluster_0002","ALL_CNA","CNA_event_000121","PAVRXK","HETDEL","exons 6",0.932
"ALL_CNA_cluster_0002","ALL_CNA","CNA_event_000175","PAVVBE","HOMDEL","exons 6",0.754
"ALL_CNA_cluster_0002","ALL_CNA","CNA_event_000123","PAVVDS","HETDEL","exons 6",0.257
"ALL_CNA_cluster_0002","ALL_CNA","CNA_event_000130","PAVZCF","HETDEL","exons 6",0.425
"ALL_CNA_cluster_0002","ALL_CNA","CNA_event_000136","PAWDWJ","HETDEL","exons 6;10",0.822
"ALL_CNA_cluster_0002","ALL_CNA","CNA_event_000140","PAWETD","HETDEL","exons 6;10",0.822
"ALL_CNA_cluster_0002","ALL_CNA","CNA_event_000145","PAWGXM","HETDEL","exons 6",0.496
"ALL_CNA_cluster_0003","ALL_CNA","CNA_event_000004","PARNXJ","HETDEL","exons 5;11",0.822
"ALL_CNA_cluster_0003","ALL_CNA","CNA_event_000008","PARWNW","HETDEL","exons 5;11",0.654
"ALL_CNA_cluster_0003","ALL_CNA","CNA_event_000010","PARXPZ","HETDEL","exons 5;11",0.822
"ALL_CNA_cluster_0003","ALL_CNA","CNA_event_000019","PASKAD","HETDEL","exons 5;11",0.654
"ALL_CNA_cluster_0003","ALL_CNA","CNA_event_000021","PASKWG","HETDEL","exons 5;11",0.654
"ALL_CNA_cluster_0003","ALL_CNA","CNA_event_000024","PASPDS","HETDEL","exons 5",0.355
"ALL_CNA_cluster_0003","ALL_CNA","CNA_event_000025","PASPLG","HETDEL","exons 5",0.425
"ALL_CNA_cluster_0003","ALL_CNA","CNA_event_000026","PASPNW","HETDEL","exons 5;11",0.822
"ALL_CNA_cluster_0003","ALL_CNA","CNA_event_000033","PASTHE","HETDEL","exons 5",0.425
"ALL_CNA_cluster_0003","ALL_CNA","CNA_event_000034","PASUSV","HETDEL","exons 5;11",0.822
"ALL_CNA_cluster_0003","ALL_CNA","CNA_event_000038","PASWYU","HETDEL","exons 5",0.586
"ALL_CNA_cluster_0003","ALL_CNA","CNA_event_000039","PASYNX","HETDEL","exons 5",0.36
"ALL_CNA_cluster_0003","ALL_CNA","CNA_event_000042","PASYWF","HETDEL","exons 5;11",0.654
"ALL_CNA_cluster_0003","ALL_CNA","CNA_event_000044","PATALF","HETDEL","exons 5",0.425
"ALL_CNA_cluster_0003","ALL_CNA","CNA_event_000046","PATCTR","HETDEL","exons 5",0.257
"ALL_CNA_cluster_0003","ALL_CNA","CNA_event_000050","PATHFE","HETDEL","exons 5;11",0.822
"ALL_CNA_cluster_0003","ALL_CNA","CNA_event_000052","PATJLY","HETDEL","exons 5",0.355
"ALL_CNA_cluster_0003","ALL_CNA","CNA_event_000055","PATLLH","HETDEL","exons 5",0.425
"ALL_CNA_cluster_0003","ALL_CNA","CNA_event_000057","PATPDA","HETDEL","exons 5",0.664
"ALL_CNA_cluster_0003","ALL_CNA","CNA_event_000070","PAUCDC","HETDEL","exons 5;11",0.822
"ALL_CNA_cluster_0003","ALL_CNA","CNA_event_000079","PAUIEM","HETDEL","exons 5;11",0.654
"ALL_CNA_cluster_0003","ALL_CNA","CNA_event_000083","PAUKZJ","HETDEL","exons 5",0.608
"ALL_CNA_cluster_0003","ALL_CNA","CNA_event_000167","PAULGX","HOMDEL","exons 5",0.603
"ALL_CNA_cluster_0003","ALL_CNA","CNA_event_000091","PAUSIS","HETDEL","exons 5;11",0.822
"ALL_CNA_cluster_0003","ALL_CNA","CNA_event_000093","PAUTUL","HETDEL","exons 5",0.664
"ALL_CNA_cluster_0003","ALL_CNA","CNA_event_000097","PAUWXI","HETDEL","exons 5;11",0.822
"ALL_CNA_cluster_0003","ALL_CNA","CNA_event_000101","PAUXYI","HETDEL","exons 5",0.355
"ALL_CNA_cluster_0003","ALL_CNA","CNA_event_000102","PAUYJF","HETDEL","exons 5",0.425
"ALL_CNA_cluster_0003","ALL_CNA","CNA_event_000121","PAVRXK","HETDEL","exons 5",0.932
"ALL_CNA_cluster_0003","ALL_CNA","CNA_event_000175","PAVVBE","HOMDEL","exons 5",0.754
"ALL_CNA_cluster_0003","ALL_CNA","CNA_event_000123","PAVVDS","HETDEL","exons 5",0.257
"ALL_CNA_cluster_0003","ALL_CNA","CNA_event_000130","PAVZCF","HETDEL","exons 5",0.425
"ALL_CNA_cluster_0003","ALL_CNA","CNA_event_000136","PAWDWJ","HETDEL","exons 5;11",0.822
"ALL_CNA_cluster_0003","ALL_CNA","CNA_event_000140","PAWETD","HETDEL","exons 5;11",0.822
"ALL_CNA_cluster_0003","ALL_CNA","CNA_event_000145","PAWGXM","HETDEL","exons 5",0.496
"ALL_CNA_cluster_0003","ALL_CNA","CNA_event_000147","PAWIWS","HETDEL","exons 5",0.355
"ALL_CNA_cluster_0004","ALL_CNA","CNA_event_000004","PARNXJ","HETDEL","exons 5;6",0.822
"ALL_CNA_cluster_0004","ALL_CNA","CNA_event_000008","PARWNW","HETDEL","exons 5;6",0.654
"ALL_CNA_cluster_0004","ALL_CNA","CNA_event_000010","PARXPZ","HETDEL","exons 5;6",0.822
"ALL_CNA_cluster_0004","ALL_CNA","CNA_event_000019","PASKAD","HETDEL","exons 5;6",0.654
"ALL_CNA_cluster_0004","ALL_CNA","CNA_event_000021","PASKWG","HETDEL","exons 5;6",0.654
"ALL_CNA_cluster_0004","ALL_CNA","CNA_event_000024","PASPDS","HETDEL","exons 5",0.355
"ALL_CNA_cluster_0004","ALL_CNA","CNA_event_000025","PASPLG","HETDEL","exons 5;6",0.425
"ALL_CNA_cluster_0004","ALL_CNA","CNA_event_000026","PASPNW","HETDEL","exons 5;6",0.822
"ALL_CNA_cluster_0004","ALL_CNA","CNA_event_000033","PASTHE","HETDEL","exons 5;6",0.425
"ALL_CNA_cluster_0004","ALL_CNA","CNA_event_000034","PASUSV","HETDEL","exons 5;6",0.822
"ALL_CNA_cluster_0004","ALL_CNA","CNA_event_000038","PASWYU","HETDEL","exons 5;6",0.586
"ALL_CNA_cluster_0004","ALL_CNA","CNA_event_000039","PASYNX","HETDEL","exons 5;6",0.36
"ALL_CNA_cluster_0004","ALL_CNA","CNA_event_000042","PASYWF","HETDEL","exons 5;6",0.654
"ALL_CNA_cluster_0004","ALL_CNA","CNA_event_000044","PATALF","HETDEL","exons 5;6",0.425
"ALL_CNA_cluster_0004","ALL_CNA","CNA_event_000046","PATCTR","HETDEL","exons 5;6",0.257
"ALL_CNA_cluster_0004","ALL_CNA","CNA_event_000050","PATHFE","HETDEL","exons 5;6",0.822
"ALL_CNA_cluster_0004","ALL_CNA","CNA_event_000052","PATJLY","HETDEL","exons 5",0.355
"ALL_CNA_cluster_0004","ALL_CNA","CNA_event_000055","PATLLH","HETDEL","exons 5;6",0.425
"ALL_CNA_cluster_0004","ALL_CNA","CNA_event_000057","PATPDA","HETDEL","exons 5;6",0.664
"ALL_CNA_cluster_0004","ALL_CNA","CNA_event_000070","PAUCDC","HETDEL","exons 5;6",0.822
"ALL_CNA_cluster_0004","ALL_CNA","CNA_event_000079","PAUIEM","HETDEL","exons 5;6",0.654
"ALL_CNA_cluster_0004","ALL_CNA","CNA_event_000083","PAUKZJ","HETDEL","exons 5;6",0.608
"ALL_CNA_cluster_0004","ALL_CNA","CNA_event_000167","PAULGX","HOMDEL","exons 5;6",0.603
"ALL_CNA_cluster_0004","ALL_CNA","CNA_event_000091","PAUSIS","HETDEL","exons 5;6",0.822
"ALL_CNA_cluster_0004","ALL_CNA","CNA_event_000093","PAUTUL","HETDEL","exons 5;6",0.664
"ALL_CNA_cluster_0004","ALL_CNA","CNA_event_000097","PAUWXI","HETDEL","exons 5;6",0.822
"ALL_CNA_cluster_0004","ALL_CNA","CNA_event_000101","PAUXYI","HETDEL","exons 5",0.355
"ALL_CNA_cluster_0004","ALL_CNA","CNA_event_000102","PAUYJF","HETDEL","exons 5;6",0.425
"ALL_CNA_cluster_0004","ALL_CNA","CNA_event_000121","PAVRXK","HETDEL","exons 5;6",0.932
"ALL_CNA_cluster_0004","ALL_CNA","CNA_event_000175","PAVVBE","HOMDEL","exons 5;6",0.754
"ALL_CNA_cluster_0004","ALL_CNA","CNA_event_000123","PAVVDS","HETDEL","exons 5;6",0.257
"ALL_CNA_cluster_0004","ALL_CNA","CNA_event_000130","PAVZCF","HETDEL","exons 5;6",0.425
"ALL_CNA_cluster_0004","ALL_CNA","CNA_event_000136","PAWDWJ","HETDEL","exons 5;6",0.822
"ALL_CNA_cluster_0004","ALL_CNA","CNA_event_000140","PAWETD","HETDEL","exons 5;6",0.822
"ALL_CNA_cluster_0004","ALL_CNA","CNA_event_000145","PAWGXM","HETDEL","exons 5;6",0.496
"ALL_CNA_cluster_0004","ALL_CNA","CNA_event_000147","PAWIWS","HETDEL","exons 5",0.355
"ALL_CNA_cluster_0005","ALL_CNA","CNA_event_000004","PARNXJ","HETDEL","exons 5;6;10;11",0.822
"ALL_CNA_cluster_0005","ALL_CNA","CNA_event_000008","PARWNW","HETDEL","exons 5;6;10;11",0.654
"ALL_CNA_cluster_0005","ALL_CNA","CNA_event_000010","PARXPZ","HETDEL","exons 5;6;10;11",0.822
"ALL_CNA_cluster_0005","ALL_CNA","CNA_event_000019","PASKAD","HETDEL","exons 5;6;10;11",0.654
"ALL_CNA_cluster_0005","ALL_CNA","CNA_event_000021","PASKWG","HETDEL","exons 5;6;10;11",0.654
"ALL_CNA_cluster_0005","ALL_CNA","CNA_event_000024","PASPDS","HETDEL","exons 5",0.355
"ALL_CNA_cluster_0005","ALL_CNA","CNA_event_000025","PASPLG","HETDEL","exons 5;6",0.425
"ALL_CNA_cluster_0005","ALL_CNA","CNA_event_000026","PASPNW","HETDEL","exons 5;6;10;11",0.822
"ALL_CNA_cluster_0005","ALL_CNA","CNA_event_000033","PASTHE","HETDEL","exons 5;6",0.425
"ALL_CNA_cluster_0005","ALL_CNA","CNA_event_000034","PASUSV","HETDEL","exons 5;6;10;11",0.822
"ALL_CNA_cluster_0005","ALL_CNA","CNA_event_000038","PASWYU","HETDEL","exons 5;6",0.586
"ALL_CNA_cluster_0005","ALL_CNA","CNA_event_000039","PASYNX","HETDEL","exons 5;6",0.36
"ALL_CNA_cluster_0005","ALL_CNA","CNA_event_000042","PASYWF","HETDEL","exons 5;6;10;11",0.654
"ALL_CNA_cluster_0005","ALL_CNA","CNA_event_000044","PATALF","HETDEL","exons 5;6",0.425
"ALL_CNA_cluster_0005","ALL_CNA","CNA_event_000046","PATCTR","HETDEL","exons 5;6",0.257
"ALL_CNA_cluster_0005","ALL_CNA","CNA_event_000050","PATHFE","HETDEL","exons 5;6;10;11",0.822
"ALL_CNA_cluster_0005","ALL_CNA","CNA_event_000052","PATJLY","HETDEL","exons 5",0.355
"ALL_CNA_cluster_0005","ALL_CNA","CNA_event_000055","PATLLH","HETDEL","exons 5;6",0.425
"ALL_CNA_cluster_0005","ALL_CNA","CNA_event_000057","PATPDA","HETDEL","exons 5;6",0.664
"ALL_CNA_cluster_0005","ALL_CNA","CNA_event_000070","PAUCDC","HETDEL","exons 5;6;10;11",0.822
"ALL_CNA_cluster_0005","ALL_CNA","CNA_event_000079","PAUIEM","HETDEL","exons 5;6;10;11",0.654
"ALL_CNA_cluster_0005","ALL_CNA","CNA_event_000083","PAUKZJ","HETDEL","exons 5;6",0.608
"ALL_CNA_cluster_0005","ALL_CNA","CNA_event_000167","PAULGX","HOMDEL","exons 5;6",0.603
"ALL_CNA_cluster_0005","ALL_CNA","CNA_event_000091","PAUSIS","HETDEL","exons 5;6;10;11",0.822
"ALL_CNA_cluster_0005","ALL_CNA","CNA_event_000093","PAUTUL","HETDEL","exons 5;6",0.664
"ALL_CNA_cluster_0005","ALL_CNA","CNA_event_000097","PAUWXI","HETDEL","exons 5;6;10;11",0.822
"ALL_CNA_cluster_0005","ALL_CNA","CNA_event_000101","PAUXYI","HETDEL","exons 5",0.355
"ALL_CNA_cluster_0005","ALL_CNA","CNA_event_000102","PAUYJF","HETDEL","exons 5;6",0.425
"ALL_CNA_cluster_0005","ALL_CNA","CNA_event_000121","PAVRXK","HETDEL","exons 5;6",0.932
"ALL_CNA_cluster_0005","ALL_CNA","CNA_event_000175","PAVVBE","HOMDEL","exons 5;6",0.754
"ALL_CNA_cluster_0005","ALL_CNA","CNA_event_000123","PAVVDS","HETDEL","exons 5;6",0.257
"ALL_CNA_cluster_0005","ALL_CNA","CNA_event_000130","PAVZCF","HETDEL","exons 5;6",0.425
"ALL_CNA_cluster_0005","ALL_CNA","CNA_event_000136","PAWDWJ","HETDEL","exons 5;6;10;11",0.822
"ALL_CNA_cluster_0005","ALL_CNA","CNA_event_000140","PAWETD","HETDEL","exons 5;6;10;11",0.822
"ALL_CNA_cluster_0005","ALL_CNA","CNA_event_000145","PAWGXM","HETDEL","exons 5;6",0.496
"ALL_CNA_cluster_0005","ALL_CNA","CNA_event_000147","PAWIWS","HETDEL","exons 5",0.355
"ALL_CNA_cluster_0006","ALL_CNA","CNA_event_000004","PARNXJ","HETDEL","exons 5;6;7;8",0.822
"ALL_CNA_cluster_0006","ALL_CNA","CNA_event_000008","PARWNW","HETDEL","exons 5;6;7;8",0.654
"ALL_CNA_cluster_0006","ALL_CNA","CNA_event_000010","PARXPZ","HETDEL","exons 5;6;7;8",0.822
"ALL_CNA_cluster_0006","ALL_CNA","CNA_event_000019","PASKAD","HETDEL","exons 5;6;7;8",0.654
"ALL_CNA_cluster_0006","ALL_CNA","CNA_event_000021","PASKWG","HETDEL","exons 5;6;7;8",0.654
"ALL_CNA_cluster_0006","ALL_CNA","CNA_event_000024","PASPDS","HETDEL","exons 5",0.355
"ALL_CNA_cluster_0006","ALL_CNA","CNA_event_000025","PASPLG","HETDEL","exons 5;6",0.425
"ALL_CNA_cluster_0006","ALL_CNA","CNA_event_000026","PASPNW","HETDEL","exons 5;6;7;8",0.822
"ALL_CNA_cluster_0006","ALL_CNA","CNA_event_000033","PASTHE","HETDEL","exons 5;6",0.425
"ALL_CNA_cluster_0006","ALL_CNA","CNA_event_000034","PASUSV","HETDEL","exons 5;6;7;8",0.822
"ALL_CNA_cluster_0006","ALL_CNA","CNA_event_000038","PASWYU","HETDEL","exons 5;6;7;8",0.586
"ALL_CNA_cluster_0006","ALL_CNA","CNA_event_000039","PASYNX","HETDEL","exons 5;6;7",0.36
"ALL_CNA_cluster_0006","ALL_CNA","CNA_event_000042","PASYWF","HETDEL","exons 5;6;7;8",0.654
"ALL_CNA_cluster_0006","ALL_CNA","CNA_event_000044","PATALF","HETDEL","exons 5;6",0.425
"ALL_CNA_cluster_0006","ALL_CNA","CNA_event_000046","PATCTR","HETDEL","exons 5;6",0.257
"ALL_CNA_cluster_0006","ALL_CNA","CNA_event_000050","PATHFE","HETDEL","exons 5;6;7;8",0.822
"ALL_CNA_cluster_0006","ALL_CNA","CNA_event_000052","PATJLY","HETDEL","exons 5",0.355
"ALL_CNA_cluster_0006","ALL_CNA","CNA_event_000055","PATLLH","HETDEL","exons 5;6",0.425
"ALL_CNA_cluster_0006","ALL_CNA","CNA_event_000057","PATPDA","HETDEL","exons 5;6;7;8",0.664
"ALL_CNA_cluster_0006","ALL_CNA","CNA_event_000070","PAUCDC","HETDEL","exons 5;6;7;8",0.822
"ALL_CNA_cluster_0006","ALL_CNA","CNA_event_000079","PAUIEM","HETDEL","exons 5;6;7;8",0.654
"ALL_CNA_cluster_0006","ALL_CNA","CNA_event_000083","PAUKZJ","HETDEL","exons 5;6;7;8",0.608
"ALL_CNA_cluster_0006","ALL_CNA","CNA_event_000085","PAULGX","HETDEL","exons 7;8",0.239
"ALL_CNA_cluster_0006","ALL_CNA","CNA_event_000167","PAULGX","HOMDEL","exons 5;6",0.603
"ALL_CNA_cluster_0006","ALL_CNA","CNA_event_000091","PAUSIS","HETDEL","exons 5;6;7;8",0.822
"ALL_CNA_cluster_0006","ALL_CNA","CNA_event_000093","PAUTUL","HETDEL","exons 5;6;7;8",0.664
"ALL_CNA_cluster_0006","ALL_CNA","CNA_event_000097","PAUWXI","HETDEL","exons 5;6;7;8",0.822
"ALL_CNA_cluster_0006","ALL_CNA","CNA_event_000101","PAUXYI","HETDEL","exons 5",0.355
"ALL_CNA_cluster_0006","ALL_CNA","CNA_event_000102","PAUYJF","HETDEL","exons 5;6",0.425
"ALL_CNA_cluster_0006","ALL_CNA","CNA_event_000121","PAVRXK","HETDEL","exons 5;6;7;8",0.932
"ALL_CNA_cluster_0006","ALL_CNA","CNA_event_000175","PAVVBE","HOMDEL","exons 5;6;7;8",0.754
"ALL_CNA_cluster_0006","ALL_CNA","CNA_event_000123","PAVVDS","HETDEL","exons 5;6",0.257
"ALL_CNA_cluster_0006","ALL_CNA","CNA_event_000130","PAVZCF","HETDEL","exons 5;6",0.425
"ALL_CNA_cluster_0006","ALL_CNA","CNA_event_000136","PAWDWJ","HETDEL","exons 5;6;7;8",0.822
"ALL_CNA_cluster_0006","ALL_CNA","CNA_event_000140","PAWETD","HETDEL","exons 5;6;7;8",0.822
"ALL_CNA_cluster_0006","ALL_CNA","CNA_event_000145","PAWGXM","HETDEL","exons 5;6;7;8",0.496
"ALL_CNA_cluster_0006","ALL_CNA","CNA_event_000147","PAWIWS","HETDEL","exons 5",0.355
"ALL_CNA_cluster_0007","ALL_CNA","CNA_event_000004","PARNXJ","HETDEL","exons 5;6;7;8;9;10;11",0.822
"ALL_CNA_cluster_0007","ALL_CNA","CNA_event_000008","PARWNW","HETDEL","exons 5;6;7;8;9;10;11",0.654
"ALL_CNA_cluster_0007","ALL_CNA","CNA_event_000010","PARXPZ","HETDEL","exons 5;6;7;8;9;10;11",0.822
"ALL_CNA_cluster_0007","ALL_CNA","CNA_event_000019","PASKAD","HETDEL","exons 5;6;7;8;9;10;11",0.654
"ALL_CNA_cluster_0007","ALL_CNA","CNA_event_000021","PASKWG","HETDEL","exons 5;6;7;8;9;10;11",0.654
"ALL_CNA_cluster_0007","ALL_CNA","CNA_event_000024","PASPDS","HETDEL","exons 5",0.355
"ALL_CNA_cluster_0007","ALL_CNA","CNA_event_000025","PASPLG","HETDEL","exons 5;6",0.425
"ALL_CNA_cluster_0007","ALL_CNA","CNA_event_000026","PASPNW","HETDEL","exons 5;6;7;8;9;10;11",0.822
"ALL_CNA_cluster_0007","ALL_CNA","CNA_event_000033","PASTHE","HETDEL","exons 5;6",0.425
"ALL_CNA_cluster_0007","ALL_CNA","CNA_event_000034","PASUSV","HETDEL","exons 5;6;7;8;9;10;11",0.822
"ALL_CNA_cluster_0007","ALL_CNA","CNA_event_000038","PASWYU","HETDEL","exons 5;6;7;8;9",0.586
"ALL_CNA_cluster_0007","ALL_CNA","CNA_event_000039","PASYNX","HETDEL","exons 5;6;7",0.36
"ALL_CNA_cluster_0007","ALL_CNA","CNA_event_000042","PASYWF","HETDEL","exons 5;6;7;8;9;10;11",0.654
"ALL_CNA_cluster_0007","ALL_CNA","CNA_event_000044","PATALF","HETDEL","exons 5;6",0.425
"ALL_CNA_cluster_0007","ALL_CNA","CNA_event_000046","PATCTR","HETDEL","exons 5;6",0.257
"ALL_CNA_cluster_0007","ALL_CNA","CNA_event_000050","PATHFE","HETDEL","exons 5;6;7;8;9;10;11",0.822
"ALL_CNA_cluster_0007","ALL_CNA","CNA_event_000052","PATJLY","HETDEL","exons 5",0.355
"ALL_CNA_cluster_0007","ALL_CNA","CNA_event_000055","PATLLH","HETDEL","exons 5;6",0.425
"ALL_CNA_cluster_0007","ALL_CNA","CNA_event_000057","PATPDA","HETDEL","exons 5;6;7;8",0.664
"ALL_CNA_cluster_0007","ALL_CNA","CNA_event_000070","PAUCDC","HETDEL","exons 5;6;7;8;9;10;11",0.822
"ALL_CNA_cluster_0007","ALL_CNA","CNA_event_000079","PAUIEM","HETDEL","exons 5;6;7;8;9;10;11",0.654
"ALL_CNA_cluster_0007","ALL_CNA","CNA_event_000083","PAUKZJ","HETDEL","exons 5;6;7;8",0.608
"ALL_CNA_cluster_0007","ALL_CNA","CNA_event_000085","PAULGX","HETDEL","exons 7;8",0.239
"ALL_CNA_cluster_0007","ALL_CNA","CNA_event_000167","PAULGX","HOMDEL","exons 5;6",0.603
"ALL_CNA_cluster_0007","ALL_CNA","CNA_event_000091","PAUSIS","HETDEL","exons 5;6;7;8;9;10;11",0.822
"ALL_CNA_cluster_0007","ALL_CNA","CNA_event_000093","PAUTUL","HETDEL","exons 5;6;7;8",0.664
"ALL_CNA_cluster_0007","ALL_CNA","CNA_event_000097","PAUWXI","HETDEL","exons 5;6;7;8;9;10;11",0.822
"ALL_CNA_cluster_0007","ALL_CNA","CNA_event_000101","PAUXYI","HETDEL","exons 5",0.355
"ALL_CNA_cluster_0007","ALL_CNA","CNA_event_000102","PAUYJF","HETDEL","exons 5;6",0.425
"ALL_CNA_cluster_0007","ALL_CNA","CNA_event_000121","PAVRXK","HETDEL","exons 5;6;7;8;9",0.932
"ALL_CNA_cluster_0007","ALL_CNA","CNA_event_000175","PAVVBE","HOMDEL","exons 5;6;7;8;9",0.754
"ALL_CNA_cluster_0007","ALL_CNA","CNA_event_000123","PAVVDS","HETDEL","exons 5;6",0.257
"ALL_CNA_cluster_0007","ALL_CNA","CNA_event_000130","PAVZCF","HETDEL","exons 5;6",0.425
"ALL_CNA_cluster_0007","ALL_CNA","CNA_event_000136","PAWDWJ","HETDEL","exons 5;6;7;8;9;10;11",0.822
"ALL_CNA_cluster_0007","ALL_CNA","CNA_event_000140","PAWETD","HETDEL","exons 5;6;7;8;9;10;11",0.822
"ALL_CNA_cluster_0007","ALL_CNA","CNA_event_000145","PAWGXM","HETDEL","exons 5;6;7;8",0.496
"ALL_CNA_cluster_0007","ALL_CNA","CNA_event_000147","PAWIWS","HETDEL","exons 5",0.355
"ALL_CNA_cluster_0008","ALL_CNA","CNA_event_000004","PARNXJ","HETDEL","exons 7;8",0.822
"ALL_CNA_cluster_0008","ALL_CNA","CNA_event_000008","PARWNW","HETDEL","exons 7;8",0.654
"ALL_CNA_cluster_0008","ALL_CNA","CNA_event_000010","PARXPZ","HETDEL","exons 7;8",0.822
"ALL_CNA_cluster_0008","ALL_CNA","CNA_event_000019","PASKAD","HETDEL","exons 7;8",0.654
"ALL_CNA_cluster_0008","ALL_CNA","CNA_event_000021","PASKWG","HETDEL","exons 7;8",0.654
"ALL_CNA_cluster_0008","ALL_CNA","CNA_event_000026","PASPNW","HETDEL","exons 7;8",0.822
"ALL_CNA_cluster_0008","ALL_CNA","CNA_event_000034","PASUSV","HETDEL","exons 7;8",0.822
"ALL_CNA_cluster_0008","ALL_CNA","CNA_event_000038","PASWYU","HETDEL","exons 7;8",0.586
"ALL_CNA_cluster_0008","ALL_CNA","CNA_event_000039","PASYNX","HETDEL","exons 7",0.36
"ALL_CNA_cluster_0008","ALL_CNA","CNA_event_000042","PASYWF","HETDEL","exons 7;8",0.654
"ALL_CNA_cluster_0008","ALL_CNA","CNA_event_000050","PATHFE","HETDEL","exons 7;8",0.822
"ALL_CNA_cluster_0008","ALL_CNA","CNA_event_000057","PATPDA","HETDEL","exons 7;8",0.664
"ALL_CNA_cluster_0008","ALL_CNA","CNA_event_000070","PAUCDC","HETDEL","exons 7;8",0.822
"ALL_CNA_cluster_0008","ALL_CNA","CNA_event_000079","PAUIEM","HETDEL","exons 7;8",0.654
"ALL_CNA_cluster_0008","ALL_CNA","CNA_event_000083","PAUKZJ","HETDEL","exons 7;8",0.608
"ALL_CNA_cluster_0008","ALL_CNA","CNA_event_000085","PAULGX","HETDEL","exons 7;8",0.239
"ALL_CNA_cluster_0008","ALL_CNA","CNA_event_000091","PAUSIS","HETDEL","exons 7;8",0.822
"ALL_CNA_cluster_0008","ALL_CNA","CNA_event_000093","PAUTUL","HETDEL","exons 7;8",0.664
"ALL_CNA_cluster_0008","ALL_CNA","CNA_event_000097","PAUWXI","HETDEL","exons 7;8",0.822
"ALL_CNA_cluster_0008","ALL_CNA","CNA_event_000121","PAVRXK","HETDEL","exons 7;8",0.932
"ALL_CNA_cluster_0008","ALL_CNA","CNA_event_000175","PAVVBE","HOMDEL","exons 7;8",0.754
"ALL_CNA_cluster_0008","ALL_CNA","CNA_event_000136","PAWDWJ","HETDEL","exons 7;8",0.822
"ALL_CNA_cluster_0008","ALL_CNA","CNA_event_000140","PAWETD","HETDEL","exons 7;8",0.822
"ALL_CNA_cluster_0008","ALL_CNA","CNA_event_000145","PAWGXM","HETDEL","exons 7;8",0.496
"ALL_CNA_cluster_0009","ALL_CNA","CNA_event_000004","PARNXJ","HETDEL","exons 8;9",0.822
"ALL_CNA_cluster_0009","ALL_CNA","CNA_event_000008","PARWNW","HETDEL","exons 8;9",0.654
"ALL_CNA_cluster_0009","ALL_CNA","CNA_event_000010","PARXPZ","HETDEL","exons 8;9",0.822
"ALL_CNA_cluster_0009","ALL_CNA","CNA_event_000019","PASKAD","HETDEL","exons 8;9",0.654
"ALL_CNA_cluster_0009","ALL_CNA","CNA_event_000021","PASKWG","HETDEL","exons 8;9",0.654
"ALL_CNA_cluster_0009","ALL_CNA","CNA_event_000026","PASPNW","HETDEL","exons 8;9",0.822
"ALL_CNA_cluster_0009","ALL_CNA","CNA_event_000034","PASUSV","HETDEL","exons 8;9",0.822
"ALL_CNA_cluster_0009","ALL_CNA","CNA_event_000038","PASWYU","HETDEL","exons 8;9",0.586
"ALL_CNA_cluster_0009","ALL_CNA","CNA_event_000042","PASYWF","HETDEL","exons 8;9",0.654
"ALL_CNA_cluster_0009","ALL_CNA","CNA_event_000050","PATHFE","HETDEL","exons 8;9",0.822
"ALL_CNA_cluster_0009","ALL_CNA","CNA_event_000057","PATPDA","HETDEL","exons 8",0.664
"ALL_CNA_cluster_0009","ALL_CNA","CNA_event_000070","PAUCDC","HETDEL","exons 8;9",0.822
"ALL_CNA_cluster_0009","ALL_CNA","CNA_event_000079","PAUIEM","HETDEL","exons 8;9",0.654
"ALL_CNA_cluster_0009","ALL_CNA","CNA_event_000083","PAUKZJ","HETDEL","exons 8",0.608
"ALL_CNA_cluster_0009","ALL_CNA","CNA_event_000085","PAULGX","HETDEL","exons 8",0.239
"ALL_CNA_cluster_0009","ALL_CNA","CNA_event_000091","PAUSIS","HETDEL","exons 8;9",0.822
"ALL_CNA_cluster_0009","ALL_CNA","CNA_event_000093","PAUTUL","HETDEL","exons 8",0.664
"ALL_CNA_cluster_0009","ALL_CNA","CNA_event_000097","PAUWXI","HETDEL","exons 8;9",0.822
"ALL_CNA_cluster_0009","ALL_CNA","CNA_event_000121","PAVRXK","HETDEL","exons 8;9",0.932
"ALL_CNA_cluster_0009","ALL_CNA","CNA_event_000175","PAVVBE","HOMDEL","exons 8;9",0.754
"ALL_CNA_cluster_0009","ALL_CNA","CNA_event_000136","PAWDWJ","HETDEL","exons 8;9",0.822
"ALL_CNA_cluster_0009","ALL_CNA","CNA_event_000140","PAWETD","HETDEL","exons 8;9",0.822
"ALL_CNA_cluster_0009","ALL_CNA","CNA_event_000145","PAWGXM","HETDEL","exons 8",0.496
"ALL_CNA_cluster_0010","ALL_CNA","CNA_event_000004","PARNXJ","HETDEL","exons 9;10",0.822
"ALL_CNA_cluster_0010","ALL_CNA","CNA_event_000008","PARWNW","HETDEL","exons 9;10",0.654
"ALL_CNA_cluster_0010","ALL_CNA","CNA_event_000010","PARXPZ","HETDEL","exons 9;10",0.822
"ALL_CNA_cluster_0010","ALL_CNA","CNA_event_000019","PASKAD","HETDEL","exons 9;10",0.654
"ALL_CNA_cluster_0010","ALL_CNA","CNA_event_000021","PASKWG","HETDEL","exons 9;10",0.654
"ALL_CNA_cluster_0010","ALL_CNA","CNA_event_000026","PASPNW","HETDEL","exons 9;10",0.822
"ALL_CNA_cluster_0010","ALL_CNA","CNA_event_000034","PASUSV","HETDEL","exons 9;10",0.822
"ALL_CNA_cluster_0010","ALL_CNA","CNA_event_000038","PASWYU","HETDEL","exons 9",0.586
"ALL_CNA_cluster_0010","ALL_CNA","CNA_event_000042","PASYWF","HETDEL","exons 9;10",0.654
"ALL_CNA_cluster_0010","ALL_CNA","CNA_event_000050","PATHFE","HETDEL","exons 9;10",0.822
"ALL_CNA_cluster_0010","ALL_CNA","CNA_event_000070","PAUCDC","HETDEL","exons 9;10",0.822
"ALL_CNA_cluster_0010","ALL_CNA","CNA_event_000079","PAUIEM","HETDEL","exons 9;10",0.654
"ALL_CNA_cluster_0010","ALL_CNA","CNA_event_000091","PAUSIS","HETDEL","exons 9;10",0.822
"ALL_CNA_cluster_0010","ALL_CNA","CNA_event_000097","PAUWXI","HETDEL","exons 9;10",0.822
"ALL_CNA_cluster_0010","ALL_CNA","CNA_event_000121","PAVRXK","HETDEL","exons 9",0.932
"ALL_CNA_cluster_0010","ALL_CNA","CNA_event_000175","PAVVBE","HOMDEL","exons 9",0.754
"ALL_CNA_cluster_0010","ALL_CNA","CNA_event_000136","PAWDWJ","HETDEL","exons 9;10",0.822
"ALL_CNA_cluster_0010","ALL_CNA","CNA_event_000140","PAWETD","HETDEL","exons 9;10",0.822
"ALL_CNA_cluster_0011","ALL_CNA","CNA_event_000004","PARNXJ","HETDEL","exons 9;10;11",0.822
"ALL_CNA_cluster_0011","ALL_CNA","CNA_event_000008","PARWNW","HETDEL","exons 9;10;11",0.654
"ALL_CNA_cluster_0011","ALL_CNA","CNA_event_000010","PARXPZ","HETDEL","exons 9;10;11",0.822
"ALL_CNA_cluster_0011","ALL_CNA","CNA_event_000019","PASKAD","HETDEL","exons 9;10;11",0.654
"ALL_CNA_cluster_0011","ALL_CNA","CNA_event_000021","PASKWG","HETDEL","exons 9;10;11",0.654
"ALL_CNA_cluster_0011","ALL_CNA","CNA_event_000026","PASPNW","HETDEL","exons 9;10;11",0.822
"ALL_CNA_cluster_0011","ALL_CNA","CNA_event_000034","PASUSV","HETDEL","exons 9;10;11",0.822
"ALL_CNA_cluster_0011","ALL_CNA","CNA_event_000038","PASWYU","HETDEL","exons 9",0.586
"ALL_CNA_cluster_0011","ALL_CNA","CNA_event_000042","PASYWF","HETDEL","exons 9;10;11",0.654
"ALL_CNA_cluster_0011","ALL_CNA","CNA_event_000050","PATHFE","HETDEL","exons 9;10;11",0.822
"ALL_CNA_cluster_0011","ALL_CNA","CNA_event_000070","PAUCDC","HETDEL","exons 9;10;11",0.822
"ALL_CNA_cluster_0011","ALL_CNA","CNA_event_000079","PAUIEM","HETDEL","exons 9;10;11",0.654
"ALL_CNA_cluster_0011","ALL_CNA","CNA_event_000091","PAUSIS","HETDEL","exons 9;10;11",0.822
"ALL_CNA_cluster_0011","ALL_CNA","CNA_event_000097","PAUWXI","HETDEL","exons 9;10;11",0.822
"ALL_CNA_cluster_0011","ALL_CNA","CNA_event_000121","PAVRXK","HETDEL","exons 9",0.932
"ALL_CNA_cluster_0011","ALL_CNA","CNA_event_000175","PAVVBE","HOMDEL","exons 9",0.754
"ALL_CNA_cluster_0011","ALL_CNA","CNA_event_000136","PAWDWJ","HETDEL","exons 9;10;11",0.822
"ALL_CNA_cluster_0011","ALL_CNA","CNA_event_000140","PAWETD","HETDEL","exons 9;10;11",0.822
"ALL_CNA_cluster_0012","ALL_CNA","CNA_event_000004","PARNXJ","HETDEL","exons 4;8;9",0.822
"ALL_CNA_cluster_0012","ALL_CNA","CNA_event_000007","PARSNX","HETDEL","exons 1",0.29
"ALL_CNA_cluster_0012","ALL_CNA","CNA_event_000008","PARWNW","HETDEL","exons 4;8;9",0.654
"ALL_CNA_cluster_0012","ALL_CNA","CNA_event_000010","PARXPZ","HETDEL","exons 4;8;9",0.822
"ALL_CNA_cluster_0012","ALL_CNA","CNA_event_000013","PASILW","HETDEL","exons 1",0.178
"ALL_CNA_cluster_0012","ALL_CNA","CNA_event_000015","PASINX","HETDEL","exons 1",0.346
"ALL_CNA_cluster_0012","ALL_CNA","CNA_event_000019","PASKAD","HETDEL","exons 4;8;9",0.654
"ALL_CNA_cluster_0012","ALL_CNA","CNA_event_000020","PASKLU","HETDEL","exons 4",0.111
"ALL_CNA_cluster_0012","ALL_CNA","CNA_event_000021","PASKWG","HETDEL","exons 4;8;9",0.654
"ALL_CNA_cluster_0012","ALL_CNA","CNA_event_000023","PASLXY","HETDEL","exons 1",0.346
"ALL_CNA_cluster_0012","ALL_CNA","CNA_event_000024","PASPDS","HETDEL","exons 4",0.355
"ALL_CNA_cluster_0012","ALL_CNA","CNA_event_000025","PASPLG","HETDEL","exons 4",0.425
"ALL_CNA_cluster_0012","ALL_CNA","CNA_event_000026","PASPNW","HETDEL","exons 4;8;9",0.822
"ALL_CNA_cluster_0012","ALL_CNA","CNA_event_000028","PASRMM","HETDEL","exons 1",0.346
"ALL_CNA_cluster_0012","ALL_CNA","CNA_event_000156","PASRPV","HOMDEL","exons 1",0.346
"ALL_CNA_cluster_0012","ALL_CNA","CNA_event_000032","PASTCH","HETDEL","exons 1;4",0.457
"ALL_CNA_cluster_0012","ALL_CNA","CNA_event_000033","PASTHE","HETDEL","exons 4",0.425
"ALL_CNA_cluster_0012","ALL_CNA","CNA_event_000034","PASUSV","HETDEL","exons 4;8;9",0.822
"ALL_CNA_cluster_0012","ALL_CNA","CNA_event_000038","PASWYU","HETDEL","exons 4;8;9",0.586
"ALL_CNA_cluster_0012","ALL_CNA","CNA_event_000039","PASYNX","HETDEL","exons 4",0.36
"ALL_CNA_cluster_0012","ALL_CNA","CNA_event_000042","PASYWF","HETDEL","exons 4;8;9",0.654
"ALL_CNA_cluster_0012","ALL_CNA","CNA_event_000044","PATALF","HETDEL","exons 4",0.425
"ALL_CNA_cluster_0012","ALL_CNA","CNA_event_000046","PATCTR","HETDEL","exons 4",0.257
"ALL_CNA_cluster_0012","ALL_CNA","CNA_event_000159","PATCTR","HOMDEL","exons 1",0.346
"ALL_CNA_cluster_0012","ALL_CNA","CNA_event_000050","PATHFE","HETDEL","exons 4;8;9",0.822
"ALL_CNA_cluster_0012","ALL_CNA","CNA_event_000052","PATJLY","HETDEL","exons 4",0.355
"ALL_CNA_cluster_0012","ALL_CNA","CNA_event_000054","PATKZH","HETDEL","exons 1",0.346
"ALL_CNA_cluster_0012","ALL_CNA","CNA_event_000055","PATLLH","HETDEL","exons 4",0.425
"ALL_CNA_cluster_0012","ALL_CNA","CNA_event_000056","PATNAM","HETDEL","exons 1",0.234
"ALL_CNA_cluster_0012","ALL_CNA","CNA_event_000057","PATPDA","HETDEL","exons 4;8",0.664
"ALL_CNA_cluster_0012","ALL_CNA","CNA_event_000059","PATRKV","HETDEL","exons 4",0.223
"ALL_CNA_cluster_0012","ALL_CNA","CNA_event_000060","PATSPG","HETDEL","exons 1",0.346
"ALL_CNA_cluster_0012","ALL_CNA","CNA_event_000070","PAUCDC","HETDEL","exons 4;8;9",0.822
"ALL_CNA_cluster_0012","ALL_CNA","CNA_event_000072","PAUEUC","HETDEL","exons 1",0.178
"ALL_CNA_cluster_0012","ALL_CNA","CNA_event_000075","PAUEXN","HETDEL","exons 1",0.206
"ALL_CNA_cluster_0012","ALL_CNA","CNA_event_000078","PAUGLY","HETDEL","exons 1",0.346
"ALL_CNA_cluster_0012","ALL_CNA","CNA_event_000079","PAUIEM","HETDEL","exons 4;8;9",0.654
"ALL_CNA_cluster_0012","ALL_CNA","CNA_event_000081","PAUJVL","HETDEL","exons 1",0.346
"ALL_CNA_cluster_0012","ALL_CNA","CNA_event_000083","PAUKZJ","HETDEL","exons 4;8",0.608
"ALL_CNA_cluster_0012","ALL_CNA","CNA_event_000085","PAULGX","HETDEL","exons 8",0.239
"ALL_CNA_cluster_0012","ALL_CNA","CNA_event_000167","PAULGX","HOMDEL","exons 1;4",0.603
"ALL_CNA_cluster_0012","ALL_CNA","CNA_event_000168","PAUMIB","HOMDEL","exons 1",0.346
"ALL_CNA_cluster_0012","ALL_CNA","CNA_event_000087","PAUMLX","HETDEL","exons 1",0.346
"ALL_CNA_cluster_0012","ALL_CNA","CNA_event_000088","PAUMXB","HETDEL","exons 1",0.346
"ALL_CNA_cluster_0012","ALL_CNA","CNA_event_000091","PAUSIS","HETDEL","exons 4;8;9",0.822
"ALL_CNA_cluster_0012","ALL_CNA","CNA_event_000093","PAUTUL","HETDEL","exons 4;8",0.664
"ALL_CNA_cluster_0012","ALL_CNA","CNA_event_000097","PAUWXI","HETDEL","exons 4;8;9",0.822
"ALL_CNA_cluster_0012","ALL_CNA","CNA_event_000100","PAUXRM","HETDEL","exons 4",0.279
"ALL_CNA_cluster_0012","ALL_CNA","CNA_event_000101","PAUXYI","HETDEL","exons 4",0.355
"ALL_CNA_cluster_0012","ALL_CNA","CNA_event_000102","PAUYJF","HETDEL","exons 4",0.425
"ALL_CNA_cluster_0012","ALL_CNA","CNA_event_000110","PAVKCV","HETDEL","exons 1",0.178
"ALL_CNA_cluster_0012","ALL_CNA","CNA_event_000116","PAVMPT","HETDEL","exons 4",0.279
"ALL_CNA_cluster_0012","ALL_CNA","CNA_event_000120","PAVPCB","HETDEL","exons 1",0.206
"ALL_CNA_cluster_0012","ALL_CNA","CNA_event_000121","PAVRXK","HETDEL","exons 1;4;8;9",0.932
"ALL_CNA_cluster_0012","ALL_CNA","CNA_event_000122","PAVVBE","HETDEL","exons 1",0.178
"ALL_CNA_cluster_0012","ALL_CNA","CNA_event_000175","PAVVBE","HOMDEL","exons 4;8;9",0.754
"ALL_CNA_cluster_0012","ALL_CNA","CNA_event_000123","PAVVDS","HETDEL","exons 4",0.257
"ALL_CNA_cluster_0012","ALL_CNA","CNA_event_000125","PAVWNL","HETDEL","exons 1",0.346
"ALL_CNA_cluster_0012","ALL_CNA","CNA_event_000126","PAVYAZ","HETDEL","exons 1",0.178
"ALL_CNA_cluster_0012","ALL_CNA","CNA_event_000130","PAVZCF","HETDEL","exons 4",0.425
"ALL_CNA_cluster_0012","ALL_CNA","CNA_event_000136","PAWDWJ","HETDEL","exons 4;8;9",0.822
"ALL_CNA_cluster_0012","ALL_CNA","CNA_event_000139","PAWESJ","HETDEL","exons 1",0.346
"ALL_CNA_cluster_0012","ALL_CNA","CNA_event_000140","PAWETD","HETDEL","exons 4;8;9",0.822
"ALL_CNA_cluster_0012","ALL_CNA","CNA_event_000141","PAWFNJ","HETDEL","exons 1",0.346
"ALL_CNA_cluster_0012","ALL_CNA","CNA_event_000142","PAWFWF","HETDEL","exons 1",0.346
"ALL_CNA_cluster_0012","ALL_CNA","CNA_event_000145","PAWGXM","HETDEL","exons 4;8",0.496
"ALL_CNA_cluster_0012","ALL_CNA","CNA_event_000147","PAWIWS","HETDEL","exons 4",0.355
"ALL_CNA_cluster_0012","ALL_CNA","CNA_event_000149","PAWJYN","HETDEL","exons 1",0.346
"ALL_CNA_cluster_0013","ALL_CNA","CNA_event_000004","PARNXJ","HETDEL","exons 4;5;6;8;9;10;11",0.822
"ALL_CNA_cluster_0013","ALL_CNA","CNA_event_000007","PARSNX","HETDEL","exons 1",0.29
"ALL_CNA_cluster_0013","ALL_CNA","CNA_event_000008","PARWNW","HETDEL","exons 4;5;6;8;9;10;11",0.654
"ALL_CNA_cluster_0013","ALL_CNA","CNA_event_000010","PARXPZ","HETDEL","exons 4;5;6;8;9;10;11",0.822
"ALL_CNA_cluster_0013","ALL_CNA","CNA_event_000013","PASILW","HETDEL","exons 1",0.178
"ALL_CNA_cluster_0013","ALL_CNA","CNA_event_000015","PASINX","HETDEL","exons 1",0.346
"ALL_CNA_cluster_0013","ALL_CNA","CNA_event_000019","PASKAD","HETDEL","exons 4;5;6;8;9;10;11",0.654
"ALL_CNA_cluster_0013","ALL_CNA","CNA_event_000020","PASKLU","HETDEL","exons 4",0.111
"ALL_CNA_cluster_0013","ALL_CNA","CNA_event_000021","PASKWG","HETDEL","exons 4;5;6;8;9;10;11",0.654
"ALL_CNA_cluster_0013","ALL_CNA","CNA_event_000023","PASLXY","HETDEL","exons 1",0.346
"ALL_CNA_cluster_0013","ALL_CNA","CNA_event_000024","PASPDS","HETDEL","exons 4;5",0.355
"ALL_CNA_cluster_0013","ALL_CNA","CNA_event_000025","PASPLG","HETDEL","exons 4;5;6",0.425
"ALL_CNA_cluster_0013","ALL_CNA","CNA_event_000026","PASPNW","HETDEL","exons 4;5;6;8;9;10;11",0.822
"ALL_CNA_cluster_0013","ALL_CNA","CNA_event_000028","PASRMM","HETDEL","exons 1",0.346
"ALL_CNA_cluster_0013","ALL_CNA","CNA_event_000156","PASRPV","HOMDEL","exons 1",0.346
"ALL_CNA_cluster_0013","ALL_CNA","CNA_event_000032","PASTCH","HETDEL","exons 1;4",0.457
"ALL_CNA_cluster_0013","ALL_CNA","CNA_event_000033","PASTHE","HETDEL","exons 4;5;6",0.425
"ALL_CNA_cluster_0013","ALL_CNA","CNA_event_000034","PASUSV","HETDEL","exons 4;5;6;8;9;10;11",0.822
"ALL_CNA_cluster_0013","ALL_CNA","CNA_event_000038","PASWYU","HETDEL","exons 4;5;6;8;9",0.586
"ALL_CNA_cluster_0013","ALL_CNA","CNA_event_000039","PASYNX","HETDEL","exons 4;5;6",0.36
"ALL_CNA_cluster_0013","ALL_CNA","CNA_event_000042","PASYWF","HETDEL","exons 4;5;6;8;9;10;11",0.654
"ALL_CNA_cluster_0013","ALL_CNA","CNA_event_000044","PATALF","HETDEL","exons 4;5;6",0.425
"ALL_CNA_cluster_0013","ALL_CNA","CNA_event_000046","PATCTR","HETDEL","exons 4;5;6",0.257
"ALL_CNA_cluster_0013","ALL_CNA","CNA_event_000159","PATCTR","HOMDEL","exons 1",0.346
"ALL_CNA_cluster_0013","ALL_CNA","CNA_event_000050","PATHFE","HETDEL","exons 4;5;6;8;9;10;11",0.822
"ALL_CNA_cluster_0013","ALL_CNA","CNA_event_000052","PATJLY","HETDEL","exons 4;5",0.355
"ALL_CNA_cluster_0013","ALL_CNA","CNA_event_000054","PATKZH","HETDEL","exons 1",0.346
"ALL_CNA_cluster_0013","ALL_CNA","CNA_event_000055","PATLLH","HETDEL","exons 4;5;6",0.425
"ALL_CNA_cluster_0013","ALL_CNA","CNA_event_000056","PATNAM","HETDEL","exons 1",0.234
"ALL_CNA_cluster_0013","ALL_CNA","CNA_event_000057","PATPDA","HETDEL","exons 4;5;6;8",0.664
"ALL_CNA_cluster_0013","ALL_CNA","CNA_event_000059","PATRKV","HETDEL","exons 4",0.223
"ALL_CNA_cluster_0013","ALL_CNA","CNA_event_000060","PATSPG","HETDEL","exons 1",0.346
"ALL_CNA_cluster_0013","ALL_CNA","CNA_event_000070","PAUCDC","HETDEL","exons 4;5;6;8;9;10;11",0.822
"ALL_CNA_cluster_0013","ALL_CNA","CNA_event_000072","PAUEUC","HETDEL","exons 1",0.178
"ALL_CNA_cluster_0013","ALL_CNA","CNA_event_000075","PAUEXN","HETDEL","exons 1",0.206
"ALL_CNA_cluster_0013","ALL_CNA","CNA_event_000078","PAUGLY","HETDEL","exons 1",0.346
"ALL_CNA_cluster_0013","ALL_CNA","CNA_event_000079","PAUIEM","HETDEL","exons 4;5;6;8;9;10;11",0.654
"ALL_CNA_cluster_0013","ALL_CNA","CNA_event_000081","PAUJVL","HETDEL","exons 1",0.346
"ALL_CNA_cluster_0013","ALL_CNA","CNA_event_000083","PAUKZJ","HETDEL","exons 4;5;6;8",0.608
"ALL_CNA_cluster_0013","ALL_CNA","CNA_event_000085","PAULGX","HETDEL","exons 8",0.239
"ALL_CNA_cluster_0013","ALL_CNA","CNA_event_000167","PAULGX","HOMDEL","exons 1;4;5;6",0.603
"ALL_CNA_cluster_0013","ALL_CNA","CNA_event_000168","PAUMIB","HOMDEL","exons 1",0.346
"ALL_CNA_cluster_0013","ALL_CNA","CNA_event_000087","PAUMLX","HETDEL","exons 1",0.346
"ALL_CNA_cluster_0013","ALL_CNA","CNA_event_000088","PAUMXB","HETDEL","exons 1",0.346
"ALL_CNA_cluster_0013","ALL_CNA","CNA_event_000091","PAUSIS","HETDEL","exons 4;5;6;8;9;10;11",0.822
"ALL_CNA_cluster_0013","ALL_CNA","CNA_event_000093","PAUTUL","HETDEL","exons 4;5;6;8",0.664
"ALL_CNA_cluster_0013","ALL_CNA","CNA_event_000097","PAUWXI","HETDEL","exons 4;5;6;8;9;10;11",0.822
"ALL_CNA_cluster_0013","ALL_CNA","CNA_event_000100","PAUXRM","HETDEL","exons 4",0.279
"ALL_CNA_cluster_0013","ALL_CNA","CNA_event_000101","PAUXYI","HETDEL","exons 4;5",0.355
"ALL_CNA_cluster_0013","ALL_CNA","CNA_event_000102","PAUYJF","HETDEL","exons 4;5;6",0.425
"ALL_CNA_cluster_0013","ALL_CNA","CNA_event_000110","PAVKCV","HETDEL","exons 1",0.178
"ALL_CNA_cluster_0013","ALL_CNA","CNA_event_000116","PAVMPT","HETDEL","exons 4",0.279
"ALL_CNA_cluster_0013","ALL_CNA","CNA_event_000120","PAVPCB","HETDEL","exons 1",0.206
"ALL_CNA_cluster_0013","ALL_CNA","CNA_event_000121","PAVRXK","HETDEL","exons 1;4;5;6;8;9",0.932
"ALL_CNA_cluster_0013","ALL_CNA","CNA_event_000122","PAVVBE","HETDEL","exons 1",0.178
"ALL_CNA_cluster_0013","ALL_CNA","CNA_event_000175","PAVVBE","HOMDEL","exons 4;5;6;8;9",0.754
"ALL_CNA_cluster_0013","ALL_CNA","CNA_event_000123","PAVVDS","HETDEL","exons 4;5;6",0.257
"ALL_CNA_cluster_0013","ALL_CNA","CNA_event_000125","PAVWNL","HETDEL","exons 1",0.346
"ALL_CNA_cluster_0013","ALL_CNA","CNA_event_000126","PAVYAZ","HETDEL","exons 1",0.178
"ALL_CNA_cluster_0013","ALL_CNA","CNA_event_000130","PAVZCF","HETDEL","exons 4;5;6",0.425
"ALL_CNA_cluster_0013","ALL_CNA","CNA_event_000136","PAWDWJ","HETDEL","exons 4;5;6;8;9;10;11",0.822
"ALL_CNA_cluster_0013","ALL_CNA","CNA_event_000139","PAWESJ","HETDEL","exons 1",0.346
"ALL_CNA_cluster_0013","ALL_CNA","CNA_event_000140","PAWETD","HETDEL","exons 4;5;6;8;9;10;11",0.822
"ALL_CNA_cluster_0013","ALL_CNA","CNA_event_000141","PAWFNJ","HETDEL","exons 1",0.346
"ALL_CNA_cluster_0013","ALL_CNA","CNA_event_000142","PAWFWF","HETDEL","exons 1",0.346
"ALL_CNA_cluster_0013","ALL_CNA","CNA_event_000145","PAWGXM","HETDEL","exons 4;5;6;8",0.496
"ALL_CNA_cluster_0013","ALL_CNA","CNA_event_000147","PAWIWS","HETDEL","exons 4;5",0.355
"ALL_CNA_cluster_0013","ALL_CNA","CNA_event_000149","PAWJYN","HETDEL","exons 1",0.346
"ALL_CNA_cluster_0014","ALL_CNA","CNA_event_000004","PARNXJ","HETDEL","exons 8;9",0.822
"ALL_CNA_cluster_0014","ALL_CNA","CNA_event_000007","PARSNX","HETDEL","exons 1",0.29
"ALL_CNA_cluster_0014","ALL_CNA","CNA_event_000008","PARWNW","HETDEL","exons 8;9",0.654
"ALL_CNA_cluster_0014","ALL_CNA","CNA_event_000010","PARXPZ","HETDEL","exons 8;9",0.822
"ALL_CNA_cluster_0014","ALL_CNA","CNA_event_000013","PASILW","HETDEL","exons 1",0.178
"ALL_CNA_cluster_0014","ALL_CNA","CNA_event_000015","PASINX","HETDEL","exons 1",0.346
"ALL_CNA_cluster_0014","ALL_CNA","CNA_event_000019","PASKAD","HETDEL","exons 8;9",0.654
"ALL_CNA_cluster_0014","ALL_CNA","CNA_event_000021","PASKWG","HETDEL","exons 8;9",0.654
"ALL_CNA_cluster_0014","ALL_CNA","CNA_event_000023","PASLXY","HETDEL","exons 1",0.346
"ALL_CNA_cluster_0014","ALL_CNA","CNA_event_000026","PASPNW","HETDEL","exons 8;9",0.822
"ALL_CNA_cluster_0014","ALL_CNA","CNA_event_000028","PASRMM","HETDEL","exons 1",0.346
"ALL_CNA_cluster_0014","ALL_CNA","CNA_event_000156","PASRPV","HOMDEL","exons 1",0.346
"ALL_CNA_cluster_0014","ALL_CNA","CNA_event_000032","PASTCH","HETDEL","exons 1",0.457
"ALL_CNA_cluster_0014","ALL_CNA","CNA_event_000034","PASUSV","HETDEL","exons 8;9",0.822
"ALL_CNA_cluster_0014","ALL_CNA","CNA_event_000038","PASWYU","HETDEL","exons 8;9",0.586
"ALL_CNA_cluster_0014","ALL_CNA","CNA_event_000042","PASYWF","HETDEL","exons 8;9",0.654
"ALL_CNA_cluster_0014","ALL_CNA","CNA_event_000159","PATCTR","HOMDEL","exons 1",0.346
"ALL_CNA_cluster_0014","ALL_CNA","CNA_event_000050","PATHFE","HETDEL","exons 8;9",0.822
"ALL_CNA_cluster_0014","ALL_CNA","CNA_event_000054","PATKZH","HETDEL","exons 1",0.346
"ALL_CNA_cluster_0014","ALL_CNA","CNA_event_000056","PATNAM","HETDEL","exons 1",0.234
"ALL_CNA_cluster_0014","ALL_CNA","CNA_event_000057","PATPDA","HETDEL","exons 8",0.664
"ALL_CNA_cluster_0014","ALL_CNA","CNA_event_000060","PATSPG","HETDEL","exons 1",0.346
"ALL_CNA_cluster_0014","ALL_CNA","CNA_event_000070","PAUCDC","HETDEL","exons 8;9",0.822
"ALL_CNA_cluster_0014","ALL_CNA","CNA_event_000072","PAUEUC","HETDEL","exons 1",0.178
"ALL_CNA_cluster_0014","ALL_CNA","CNA_event_000075","PAUEXN","HETDEL","exons 1",0.206
"ALL_CNA_cluster_0014","ALL_CNA","CNA_event_000078","PAUGLY","HETDEL","exons 1",0.346
"ALL_CNA_cluster_0014","ALL_CNA","CNA_event_000079","PAUIEM","HETDEL","exons 8;9",0.654
"ALL_CNA_cluster_0014","ALL_CNA","CNA_event_000081","PAUJVL","HETDEL","exons 1",0.346
"ALL_CNA_cluster_0014","ALL_CNA","CNA_event_000083","PAUKZJ","HETDEL","exons 8",0.608
"ALL_CNA_cluster_0014","ALL_CNA","CNA_event_000085","PAULGX","HETDEL","exons 8",0.239
"ALL_CNA_cluster_0014","ALL_CNA","CNA_event_000167","PAULGX","HOMDEL","exons 1",0.603
"ALL_CNA_cluster_0014","ALL_CNA","CNA_event_000168","PAUMIB","HOMDEL","exons 1",0.346
"ALL_CNA_cluster_0014","ALL_CNA","CNA_event_000087","PAUMLX","HETDEL","exons 1",0.346
"ALL_CNA_cluster_0014","ALL_CNA","CNA_event_000088","PAUMXB","HETDEL","exons 1",0.346
"ALL_CNA_cluster_0014","ALL_CNA","CNA_event_000091","PAUSIS","HETDEL","exons 8;9",0.822
"ALL_CNA_cluster_0014","ALL_CNA","CNA_event_000093","PAUTUL","HETDEL","exons 8",0.664
"ALL_CNA_cluster_0014","ALL_CNA","CNA_event_000097","PAUWXI","HETDEL","exons 8;9",0.822
"ALL_CNA_cluster_0014","ALL_CNA","CNA_event_000110","PAVKCV","HETDEL","exons 1",0.178
"ALL_CNA_cluster_0014","ALL_CNA","CNA_event_000120","PAVPCB","HETDEL","exons 1",0.206
"ALL_CNA_cluster_0014","ALL_CNA","CNA_event_000121","PAVRXK","HETDEL","exons 1;8;9",0.932
"ALL_CNA_cluster_0014","ALL_CNA","CNA_event_000122","PAVVBE","HETDEL","exons 1",0.178
"ALL_CNA_cluster_0014","ALL_CNA","CNA_event_000175","PAVVBE","HOMDEL","exons 8;9",0.754
"ALL_CNA_cluster_0014","ALL_CNA","CNA_event_000125","PAVWNL","HETDEL","exons 1",0.346
"ALL_CNA_cluster_0014","ALL_CNA","CNA_event_000126","PAVYAZ","HETDEL","exons 1",0.178
"ALL_CNA_cluster_0014","ALL_CNA","CNA_event_000136","PAWDWJ","HETDEL","exons 8;9",0.822
"ALL_CNA_cluster_0014","ALL_CNA","CNA_event_000139","PAWESJ","HETDEL","exons 1",0.346
"ALL_CNA_cluster_0014","ALL_CNA","CNA_event_000140","PAWETD","HETDEL","exons 8;9",0.822
"ALL_CNA_cluster_0014","ALL_CNA","CNA_event_000141","PAWFNJ","HETDEL","exons 1",0.346
"ALL_CNA_cluster_0014","ALL_CNA","CNA_event_000142","PAWFWF","HETDEL","exons 1",0.346
"ALL_CNA_cluster_0014","ALL_CNA","CNA_event_000145","PAWGXM","HETDEL","exons 8",0.496
"ALL_CNA_cluster_0014","ALL_CNA","CNA_event_000149","PAWJYN","HETDEL","exons 1",0.346
"ALL_CNA_cluster_0015","ALL_CNA","CNA_event_000007","PARSNX","HETDEL","exons 1",0.29
"ALL_CNA_cluster_0015","ALL_CNA","CNA_event_000013","PASILW","HETDEL","exons 1",0.178
"ALL_CNA_cluster_0015","ALL_CNA","CNA_event_000015","PASINX","HETDEL","exons 1",0.346
"ALL_CNA_cluster_0015","ALL_CNA","CNA_event_000023","PASLXY","HETDEL","exons 1",0.346
"ALL_CNA_cluster_0015","ALL_CNA","CNA_event_000028","PASRMM","HETDEL","exons 1",0.346
"ALL_CNA_cluster_0015","ALL_CNA","CNA_event_000156","PASRPV","HOMDEL","exons 1",0.346
"ALL_CNA_cluster_0015","ALL_CNA","CNA_event_000032","PASTCH","HETDEL","exons 1",0.457
"ALL_CNA_cluster_0015","ALL_CNA","CNA_event_000159","PATCTR","HOMDEL","exons 1",0.346
"ALL_CNA_cluster_0015","ALL_CNA","CNA_event_000054","PATKZH","HETDEL","exons 1",0.346
"ALL_CNA_cluster_0015","ALL_CNA","CNA_event_000056","PATNAM","HETDEL","exons 1",0.234
"ALL_CNA_cluster_0015","ALL_CNA","CNA_event_000060","PATSPG","HETDEL","exons 1",0.346
"ALL_CNA_cluster_0015","ALL_CNA","CNA_event_000072","PAUEUC","HETDEL","exons 1",0.178
"ALL_CNA_cluster_0015","ALL_CNA","CNA_event_000075","PAUEXN","HETDEL","exons 1",0.206
"ALL_CNA_cluster_0015","ALL_CNA","CNA_event_000078","PAUGLY","HETDEL","exons 1",0.346
"ALL_CNA_cluster_0015","ALL_CNA","CNA_event_000081","PAUJVL","HETDEL","exons 1",0.346
"ALL_CNA_cluster_0015","ALL_CNA","CNA_event_000167","PAULGX","HOMDEL","exons 1",0.603
"ALL_CNA_cluster_0015","ALL_CNA","CNA_event_000168","PAUMIB","HOMDEL","exons 1",0.346
"ALL_CNA_cluster_0015","ALL_CNA","CNA_event_000087","PAUMLX","HETDEL","exons 1",0.346
"ALL_CNA_cluster_0015","ALL_CNA","CNA_event_000088","PAUMXB","HETDEL","exons 1",0.346
"ALL_CNA_cluster_0015","ALL_CNA","CNA_event_000110","PAVKCV","HETDEL","exons 1",0.178
"ALL_CNA_cluster_0015","ALL_CNA","CNA_event_000120","PAVPCB","HETDEL","exons 1",0.206
"ALL_CNA_cluster_0015","ALL_CNA","CNA_event_000121","PAVRXK","HETDEL","exons 1",0.932
"ALL_CNA_cluster_0015","ALL_CNA","CNA_event_000122","PAVVBE","HETDEL","exons 1",0.178
"ALL_CNA_cluster_0015","ALL_CNA","CNA_event_000125","PAVWNL","HETDEL","exons 1",0.346
"ALL_CNA_cluster_0015","ALL_CNA","CNA_event_000126","PAVYAZ","HETDEL","exons 1",0.178
"ALL_CNA_cluster_0015","ALL_CNA","CNA_event_000139","PAWESJ","HETDEL","exons 1",0.346
"ALL_CNA_cluster_0015","ALL_CNA","CNA_event_000141","PAWFNJ","HETDEL","exons 1",0.346
"ALL_CNA_cluster_0015","ALL_CNA","CNA_event_000142","PAWFWF","HETDEL","exons 1",0.346
"ALL_CNA_cluster_0015","ALL_CNA","CNA_event_000149","PAWJYN","HETDEL","exons 1",0.346
"ALL_CNA_cluster_0016","ALL_CNA","CNA_event_000004","PARNXJ","HETDEL","exons 10",0.822
"ALL_CNA_cluster_0016","ALL_CNA","CNA_event_000008","PARWNW","HETDEL","exons 10",0.654
"ALL_CNA_cluster_0016","ALL_CNA","CNA_event_000010","PARXPZ","HETDEL","exons 10",0.822
"ALL_CNA_cluster_0016","ALL_CNA","CNA_event_000019","PASKAD","HETDEL","exons 10",0.654
"ALL_CNA_cluster_0016","ALL_CNA","CNA_event_000021","PASKWG","HETDEL","exons 10",0.654
"ALL_CNA_cluster_0016","ALL_CNA","CNA_event_000026","PASPNW","HETDEL","exons 10",0.822
"ALL_CNA_cluster_0016","ALL_CNA","CNA_event_000034","PASUSV","HETDEL","exons 10",0.822
"ALL_CNA_cluster_0016","ALL_CNA","CNA_event_000042","PASYWF","HETDEL","exons 10",0.654
"ALL_CNA_cluster_0016","ALL_CNA","CNA_event_000050","PATHFE","HETDEL","exons 10",0.822
"ALL_CNA_cluster_0016","ALL_CNA","CNA_event_000070","PAUCDC","HETDEL","exons 10",0.822
"ALL_CNA_cluster_0016","ALL_CNA","CNA_event_000079","PAUIEM","HETDEL","exons 10",0.654
"ALL_CNA_cluster_0016","ALL_CNA","CNA_event_000091","PAUSIS","HETDEL","exons 10",0.822
"ALL_CNA_cluster_0016","ALL_CNA","CNA_event_000097","PAUWXI","HETDEL","exons 10",0.822
"ALL_CNA_cluster_0016","ALL_CNA","CNA_event_000136","PAWDWJ","HETDEL","exons 10",0.822
"ALL_CNA_cluster_0016","ALL_CNA","CNA_event_000140","PAWETD","HETDEL","exons 10",0.822
"ALL_CNA_cluster_0017","ALL_CNA","CNA_event_000004","PARNXJ","HETDEL","exons 11",0.822
"ALL_CNA_cluster_0017","ALL_CNA","CNA_event_000008","PARWNW","HETDEL","exons 11",0.654
"ALL_CNA_cluster_0017","ALL_CNA","CNA_event_000010","PARXPZ","HETDEL","exons 11",0.822
"ALL_CNA_cluster_0017","ALL_CNA","CNA_event_000019","PASKAD","HETDEL","exons 11",0.654
"ALL_CNA_cluster_0017","ALL_CNA","CNA_event_000021","PASKWG","HETDEL","exons 11",0.654
"ALL_CNA_cluster_0017","ALL_CNA","CNA_event_000026","PASPNW","HETDEL","exons 11",0.822
"ALL_CNA_cluster_0017","ALL_CNA","CNA_event_000034","PASUSV","HETDEL","exons 11",0.822
"ALL_CNA_cluster_0017","ALL_CNA","CNA_event_000042","PASYWF","HETDEL","exons 11",0.654
"ALL_CNA_cluster_0017","ALL_CNA","CNA_event_000050","PATHFE","HETDEL","exons 11",0.822
"ALL_CNA_cluster_0017","ALL_CNA","CNA_event_000070","PAUCDC","HETDEL","exons 11",0.822
"ALL_CNA_cluster_0017","ALL_CNA","CNA_event_000079","PAUIEM","HETDEL","exons 11",0.654
"ALL_CNA_cluster_0017","ALL_CNA","CNA_event_000091","PAUSIS","HETDEL","exons 11",0.822
"ALL_CNA_cluster_0017","ALL_CNA","CNA_event_000097","PAUWXI","HETDEL","exons 11",0.822
"ALL_CNA_cluster_0017","ALL_CNA","CNA_event_000136","PAWDWJ","HETDEL","exons 11",0.822
"ALL_CNA_cluster_0017","ALL_CNA","CNA_event_000140","PAWETD","HETDEL","exons 11",0.822
"ALL_CNA_cluster_0018","ALL_CNA","CNA_event_000001","PARFLD","HETDEL","exons 2",0.168
"ALL_CNA_cluster_0018","ALL_CNA","CNA_event_000002","PARJAY","HETDEL","exons 2",0.168
"ALL_CNA_cluster_0018","ALL_CNA","CNA_event_000003","PARJPL","HETDEL","exons 2",0.168
"ALL_CNA_cluster_0018","ALL_CNA","CNA_event_000004","PARNXJ","HETDEL","exons 2",0.822
"ALL_CNA_cluster_0018","ALL_CNA","CNA_event_000005","PARPET","HETDEL","exons 2",0.168
"ALL_CNA_cluster_0018","ALL_CNA","CNA_event_000150","PARSLA","HOMDEL","exons 2",0.168
"ALL_CNA_cluster_0018","ALL_CNA","CNA_event_000007","PARSNX","HETDEL","exons 2",0.29
"ALL_CNA_cluster_0018","ALL_CNA","CNA_event_000151","PARWNW","HOMDEL","exons 2",0.168
"ALL_CNA_cluster_0018","ALL_CNA","CNA_event_000009","PARXDJ","HETDEL","exons 2",0.168
"ALL_CNA_cluster_0018","ALL_CNA","CNA_event_000010","PARXPZ","HETDEL","exons 2",0.822
"ALL_CNA_cluster_0018","ALL_CNA","CNA_event_000011","PASGDZ","HETDEL","exons 2",0.168
"ALL_CNA_cluster_0018","ALL_CNA","CNA_event_000012","PASGUH","HETDEL","exons 2",0.168
"ALL_CNA_cluster_0018","ALL_CNA","CNA_event_000152","PASILW","HOMDEL","exons 2",0.168
"ALL_CNA_cluster_0018","ALL_CNA","CNA_event_000015","PASINX","HETDEL","exons 2",0.346
"ALL_CNA_cluster_0018","ALL_CNA","CNA_event_000017","PASIPN","HETDEL","exons 2",0.056
"ALL_CNA_cluster_0018","ALL_CNA","CNA_event_000018","PASJGV","HETDEL","exons 2",0.168
"ALL_CNA_cluster_0018","ALL_CNA","CNA_event_000153","PASKAD","HOMDEL","exons 2",0.168
"ALL_CNA_cluster_0018","ALL_CNA","CNA_event_000154","PASKLU","HOMDEL","exons 2",0.168
"ALL_CNA_cluster_0018","ALL_CNA","CNA_event_000155","PASKWG","HOMDEL","exons 2",0.168
"ALL_CNA_cluster_0018","ALL_CNA","CNA_event_000022","PASKXA","HETDEL","exons 2",0.168
"ALL_CNA_cluster_0018","ALL_CNA","CNA_event_000023","PASLXY","HETDEL","exons 2",0.346
"ALL_CNA_cluster_0018","ALL_CNA","CNA_event_000024","PASPDS","HETDEL","exons 2",0.355
"ALL_CNA_cluster_0018","ALL_CNA","CNA_event_000025","PASPLG","HETDEL","exons 2",0.425
"ALL_CNA_cluster_0018","ALL_CNA","CNA_event_000026","PASPNW","HETDEL","exons 2",0.822
"ALL_CNA_cluster_0018","ALL_CNA","CNA_event_000027","PASRAF","HETDEL","exons 2",0.168
"ALL_CNA_cluster_0018","ALL_CNA","CNA_event_000028","PASRMM","HETDEL","exons 2",0.346
"ALL_CNA_cluster_0018","ALL_CNA","CNA_event_000156","PASRPV","HOMDEL","exons 2",0.346
"ALL_CNA_cluster_0018","ALL_CNA","CNA_event_000030","PASRSE","HETDEL","exons 2",0.168
"ALL_CNA_cluster_0018","ALL_CNA","CNA_event_000031","PASRUK","HETDEL","exons 2",0.168
"ALL_CNA_cluster_0018","ALL_CNA","CNA_event_000032","PASTCH","HETDEL","exons 2",0.457
"ALL_CNA_cluster_0018","ALL_CNA","CNA_event_000033","PASTHE","HETDEL","exons 2",0.425
"ALL_CNA_cluster_0018","ALL_CNA","CNA_event_000034","PASUSV","HETDEL","exons 2",0.822
"ALL_CNA_cluster_0018","ALL_CNA","CNA_event_000035","PASVWH","HETDEL","exons 2",0.168
"ALL_CNA_cluster_0018","ALL_CNA","CNA_event_000036","PASVZJ","HETDEL","exons 2",0.168
"ALL_CNA_cluster_0018","ALL_CNA","CNA_event_000037","PASWXB","HETDEL","exons 2",0.168
"ALL_CNA_cluster_0018","ALL_CNA","CNA_event_000157","PASWYU","HOMDEL","exons 2",0.168
"ALL_CNA_cluster_0018","ALL_CNA","CNA_event_000040","PASYSJ","HETDEL","exons 2",0.168
"ALL_CNA_cluster_0018","ALL_CNA","CNA_event_000041","PASYVU","HETDEL","exons 2",0.168
"ALL_CNA_cluster_0018","ALL_CNA","CNA_event_000158","PASYWF","HOMDEL","exons 2",0.168
"ALL_CNA_cluster_0018","ALL_CNA","CNA_event_000043","PASZAY","HETDEL","exons 2",0.168
"ALL_CNA_cluster_0018","ALL_CNA","CNA_event_000044","PATALF","HETDEL","exons 2",0.425
"ALL_CNA_cluster_0018","ALL_CNA","CNA_event_000045","PATBTX","HETDEL","exons 2",0.168
"ALL_CNA_cluster_0018","ALL_CNA","CNA_event_000159","PATCTR","HOMDEL","exons 2",0.346
"ALL_CNA_cluster_0018","ALL_CNA","CNA_event_000047","PATDTN","HETDEL","exons 2",0.168
"ALL_CNA_cluster_0018","ALL_CNA","CNA_event_000048","PATFPU","HETDEL","exons 2",0.168
"ALL_CNA_cluster_0018","ALL_CNA","CNA_event_000160","PATGBY","HOMDEL","exons 2",0.168
"ALL_CNA_cluster_0018","ALL_CNA","CNA_event_000050","PATHFE","HETDEL","exons 2",0.822
"ALL_CNA_cluster_0018","ALL_CNA","CNA_event_000052","PATJLY","HETDEL","exons 2",0.355
"ALL_CNA_cluster_0018","ALL_CNA","CNA_event_000161","PATJRX","HOMDEL","exons 2",0.168
"ALL_CNA_cluster_0018","ALL_CNA","CNA_event_000162","PATKVD","HOMDEL","exons 2",0.168
"ALL_CNA_cluster_0018","ALL_CNA","CNA_event_000054","PATKZH","HETDEL","exons 2",0.346
"ALL_CNA_cluster_0018","ALL_CNA","CNA_event_000055","PATLLH","HETDEL","exons 2",0.425
"ALL_CNA_cluster_0018","ALL_CNA","CNA_event_000056","PATNAM","HETDEL","exons 2",0.234
"ALL_CNA_cluster_0018","ALL_CNA","CNA_event_000057","PATPDA","HETDEL","exons 2",0.664
"ALL_CNA_cluster_0018","ALL_CNA","CNA_event_000058","PATRAB","HETDEL","exons 2",0.168
"ALL_CNA_cluster_0018","ALL_CNA","CNA_event_000060","PATSPG","HETDEL","exons 2",0.346
"ALL_CNA_cluster_0018","ALL_CNA","CNA_event_000061","PATWJU","HETDEL","exons 2",0.168
"ALL_CNA_cluster_0018","ALL_CNA","CNA_event_000163","PATYWV","HOMDEL","exons 2",0.168
"ALL_CNA_cluster_0018","ALL_CNA","CNA_event_000063","PATZST","HETDEL","exons 2",0.168
"ALL_CNA_cluster_0018","ALL_CNA","CNA_event_000064","PATZYR","HETDEL","exons 2",0.168
"ALL_CNA_cluster_0018","ALL_CNA","CNA_event_000065","PAUAKN","HETDEL","exons 2",0.168
"ALL_CNA_cluster_0018","ALL_CNA","CNA_event_000066","PAUAZV","HETDEL","exons 2",0.168
"ALL_CNA_cluster_0018","ALL_CNA","CNA_event_000067","PAUBCT","HETDEL","exons 2",0.168
"ALL_CNA_cluster_0018","ALL_CNA","CNA_event_000164","PAUBTC","HOMDEL","exons 2",0.168
"ALL_CNA_cluster_0018","ALL_CNA","CNA_event_000070","PAUCDC","HETDEL","exons 2",0.822
"ALL_CNA_cluster_0018","ALL_CNA","CNA_event_000071","PAUEDT","HETDEL","exons 2",0.168
"ALL_CNA_cluster_0018","ALL_CNA","CNA_event_000165","PAUEUC","HOMDEL","exons 2",0.168
"ALL_CNA_cluster_0018","ALL_CNA","CNA_event_000074","PAUEVJ","HETDEL","exons 2",0.168
"ALL_CNA_cluster_0018","ALL_CNA","CNA_event_000075","PAUEXN","HETDEL","exons 2",0.206
"ALL_CNA_cluster_0018","ALL_CNA","CNA_event_000077","PAUGDT","HETDEL","exons 2",0.168
"ALL_CNA_cluster_0018","ALL_CNA","CNA_event_000078","PAUGLY","HETDEL","exons 2",0.346
"ALL_CNA_cluster_0018","ALL_CNA","CNA_event_000166","PAUIEM","HOMDEL","exons 2",0.168
"ALL_CNA_cluster_0018","ALL_CNA","CNA_event_000080","PAUIFA","HETDEL","exons 2",0.168
"ALL_CNA_cluster_0018","ALL_CNA","CNA_event_000081","PAUJVL","HETDEL","exons 2",0.346
"ALL_CNA_cluster_0018","ALL_CNA","CNA_event_000084","PAULCK","HETDEL","exons 2",0.168
"ALL_CNA_cluster_0018","ALL_CNA","CNA_event_000167","PAULGX","HOMDEL","exons 2",0.603
"ALL_CNA_cluster_0018","ALL_CNA","CNA_event_000168","PAUMIB","HOMDEL","exons 2",0.346
"ALL_CNA_cluster_0018","ALL_CNA","CNA_event_000087","PAUMLX","HETDEL","exons 2",0.346
"ALL_CNA_cluster_0018","ALL_CNA","CNA_event_000088","PAUMXB","HETDEL","exons 2",0.346
"ALL_CNA_cluster_0018","ALL_CNA","CNA_event_000089","PAUPUW","HETDEL","exons 2",0.168
"ALL_CNA_cluster_0018","ALL_CNA","CNA_event_000090","PAURLU","HETDEL","exons 2",0.168
"ALL_CNA_cluster_0018","ALL_CNA","CNA_event_000091","PAUSIS","HETDEL","exons 2",0.822
"ALL_CNA_cluster_0018","ALL_CNA","CNA_event_000092","PAUTBB","HETDEL","exons 2",0.168
"ALL_CNA_cluster_0018","ALL_CNA","CNA_event_000093","PAUTUL","HETDEL","exons 2",0.664
"ALL_CNA_cluster_0018","ALL_CNA","CNA_event_000094","PAUUAL","HETDEL","exons 2",0.168
"ALL_CNA_cluster_0018","ALL_CNA","CNA_event_000169","PAUUBG","HOMDEL","exons 2",0.168
"ALL_CNA_cluster_0018","ALL_CNA","CNA_event_000095","PAUUIK","HETDEL","exons 2",0.168
"ALL_CNA_cluster_0018","ALL_CNA","CNA_event_000096","PAUWMZ","HETDEL","exons 2",0.168
"ALL_CNA_cluster_0018","ALL_CNA","CNA_event_000097","PAUWXI","HETDEL","exons 2",0.822
"ALL_CNA_cluster_0018","ALL_CNA","CNA_event_000098","PAUXCW","HETDEL","exons 2",0.168
"ALL_CNA_cluster_0018","ALL_CNA","CNA_event_000099","PAUXKE","HETDEL","exons 2",0.168
"ALL_CNA_cluster_0018","ALL_CNA","CNA_event_000100","PAUXRM","HETDEL","exons 2",0.279
"ALL_CNA_cluster_0018","ALL_CNA","CNA_event_000101","PAUXYI","HETDEL","exons 2",0.355
"ALL_CNA_cluster_0018","ALL_CNA","CNA_event_000102","PAUYJF","HETDEL","exons 2",0.425
"ALL_CNA_cluster_0018","ALL_CNA","CNA_event_000170","PAVBFC","HOMDEL","exons 2",0.168
"ALL_CNA_cluster_0018","ALL_CNA","CNA_event_000104","PAVCRK","HETDEL","exons 2",0.168
"ALL_CNA_cluster_0018","ALL_CNA","CNA_event_000171","PAVESF","HOMDEL","exons 2",0.168
"ALL_CNA_cluster_0018","ALL_CNA","CNA_event_000105","PAVFAX","HETDEL","exons 2",0.168
"ALL_CNA_cluster_0018","ALL_CNA","CNA_event_000106","PAVHAA","HETDEL","exons 2",0.168
"ALL_CNA_cluster_0018","ALL_CNA","CNA_event_000107","PAVHBL","HETDEL","exons 2",0.168
"ALL_CNA_cluster_0018","ALL_CNA","CNA_event_000108","PAVHGX","HETDEL","exons 2",0.168
"ALL_CNA_cluster_0018","ALL_CNA","CNA_event_000172","PAVKCV","HOMDEL","exons 2",0.168
"ALL_CNA_cluster_0018","ALL_CNA","CNA_event_000112","PAVKPV","HETDEL","exons 2",0.168
"ALL_CNA_cluster_0018","ALL_CNA","CNA_event_000173","PAVKWV","HOMDEL","exons 2",0.168
"ALL_CNA_cluster_0018","ALL_CNA","CNA_event_000114","PAVLLU","HETDEL","exons 2",0.168
"ALL_CNA_cluster_0018","ALL_CNA","CNA_event_000174","PAVLMY","HOMDEL","exons 2",0.168
"ALL_CNA_cluster_0018","ALL_CNA","CNA_event_000115","PAVMKN","HETDEL","exons 2",0.168
"ALL_CNA_cluster_0018","ALL_CNA","CNA_event_000116","PAVMPT","HETDEL","exons 2",0.279
"ALL_CNA_cluster_0018","ALL_CNA","CNA_event_000117","PAVNGZ","HETDEL","exons 2",0.168
"ALL_CNA_cluster_0018","ALL_CNA","CNA_event_000119","PAVNTB","HETDEL","exons 2",0.168
"ALL_CNA_cluster_0018","ALL_CNA","CNA_event_000120","PAVPCB","HETDEL","exons 2",0.206
"ALL_CNA_cluster_0018","ALL_CNA","CNA_event_000121","PAVRXK","HETDEL","exons 2",0.932
"ALL_CNA_cluster_0018","ALL_CNA","CNA_event_000175","PAVVBE","HOMDEL","exons 2",0.754
"ALL_CNA_cluster_0018","ALL_CNA","CNA_event_000176","PAVVDS","HOMDEL","exons 2",0.168
"ALL_CNA_cluster_0018","ALL_CNA","CNA_event_000124","PAVWDF","HETDEL","exons 2",0.168
"ALL_CNA_cluster_0018","ALL_CNA","CNA_event_000125","PAVWNL","HETDEL","exons 2",0.346
"ALL_CNA_cluster_0018","ALL_CNA","CNA_event_000177","PAVYAZ","HOMDEL","exons 2",0.168
"ALL_CNA_cluster_0018","ALL_CNA","CNA_event_000178","PAVYGR","HOMDEL","exons 2",0.168
"ALL_CNA_cluster_0018","ALL_CNA","CNA_event_000129","PAVYTZ","HETDEL","exons 2",0.168
"ALL_CNA_cluster_0018","ALL_CNA","CNA_event_000130","PAVZCF","HETDEL","exons 2",0.425
"ALL_CNA_cluster_0018","ALL_CNA","CNA_event_000131","PAWAIM","HETDEL","exons 2",0.168
"ALL_CNA_cluster_0018","ALL_CNA","CNA_event_000132","PAWAIN","HETDEL","exons 2",0.168
"ALL_CNA_cluster_0018","ALL_CNA","CNA_event_000133","PAWAKA","HETDEL","exons 2",0.168
"ALL_CNA_cluster_0018","ALL_CNA","CNA_event_000134","PAWDEK","HETDEL","exons 2",0.168
"ALL_CNA_cluster_0018","ALL_CNA","CNA_event_000135","PAWDMI","HETDEL","exons 2",0.168
"ALL_CNA_cluster_0018","ALL_CNA","CNA_event_000136","PAWDWJ","HETDEL","exons 2",0.822
"ALL_CNA_cluster_0018","ALL_CNA","CNA_event_000137","PAWEEC","HETDEL","exons 2",0.168
"ALL_CNA_cluster_0018","ALL_CNA","CNA_event_000139","PAWESJ","HETDEL","exons 2",0.346
"ALL_CNA_cluster_0018","ALL_CNA","CNA_event_000140","PAWETD","HETDEL","exons 2",0.822
"ALL_CNA_cluster_0018","ALL_CNA","CNA_event_000141","PAWFNJ","HETDEL","exons 2",0.346
"ALL_CNA_cluster_0018","ALL_CNA","CNA_event_000142","PAWFWF","HETDEL","exons 2",0.346
"ALL_CNA_cluster_0018","ALL_CNA","CNA_event_000143","PAWGCK","HETDEL","exons 2",0.168
"ALL_CNA_cluster_0018","ALL_CNA","CNA_event_000144","PAWGIT","HETDEL","exons 2",0.168
"ALL_CNA_cluster_0018","ALL_CNA","CNA_event_000146","PAWGZM","HETDEL","exons 2",0.168
"ALL_CNA_cluster_0018","ALL_CNA","CNA_event_000147","PAWIWS","HETDEL","exons 2",0.355
"ALL_CNA_cluster_0018","ALL_CNA","CNA_event_000148","PAWJKX","HETDEL","exons 2",0.168
"ALL_CNA_cluster_0018","ALL_CNA","CNA_event_000149","PAWJYN","HETDEL","exons 2",0.346
"ALL_CNA_cluster_0018","ALL_CNA","CNA_event_000179","PAWKAN","HOMDEL","exons 2",0.168
"ALL_CNA_cluster_0019","ALL_CNA","CNA_event_000001","PARFLD","HETDEL","exons 3",0.168
"ALL_CNA_cluster_0019","ALL_CNA","CNA_event_000002","PARJAY","HETDEL","exons 3",0.168
"ALL_CNA_cluster_0019","ALL_CNA","CNA_event_000003","PARJPL","HETDEL","exons 3",0.168
"ALL_CNA_cluster_0019","ALL_CNA","CNA_event_000004","PARNXJ","HETDEL","exons 3",0.822
"ALL_CNA_cluster_0019","ALL_CNA","CNA_event_000005","PARPET","HETDEL","exons 3",0.168
"ALL_CNA_cluster_0019","ALL_CNA","CNA_event_000150","PARSLA","HOMDEL","exons 3",0.168
"ALL_CNA_cluster_0019","ALL_CNA","CNA_event_000007","PARSNX","HETDEL","exons 3",0.29
"ALL_CNA_cluster_0019","ALL_CNA","CNA_event_000151","PARWNW","HOMDEL","exons 3",0.168
"ALL_CNA_cluster_0019","ALL_CNA","CNA_event_000009","PARXDJ","HETDEL","exons 3",0.168
"ALL_CNA_cluster_0019","ALL_CNA","CNA_event_000010","PARXPZ","HETDEL","exons 3",0.822
"ALL_CNA_cluster_0019","ALL_CNA","CNA_event_000011","PASGDZ","HETDEL","exons 3",0.168
"ALL_CNA_cluster_0019","ALL_CNA","CNA_event_000012","PASGUH","HETDEL","exons 3",0.168
"ALL_CNA_cluster_0019","ALL_CNA","CNA_event_000152","PASILW","HOMDEL","exons 3",0.168
"ALL_CNA_cluster_0019","ALL_CNA","CNA_event_000015","PASINX","HETDEL","exons 3",0.346
"ALL_CNA_cluster_0019","ALL_CNA","CNA_event_000016","PASIPN","HETDEL","exons 3",0.112
"ALL_CNA_cluster_0019","ALL_CNA","CNA_event_000018","PASJGV","HETDEL","exons 3",0.168
"ALL_CNA_cluster_0019","ALL_CNA","CNA_event_000153","PASKAD","HOMDEL","exons 3",0.168
"ALL_CNA_cluster_0019","ALL_CNA","CNA_event_000154","PASKLU","HOMDEL","exons 3",0.168
"ALL_CNA_cluster_0019","ALL_CNA","CNA_event_000155","PASKWG","HOMDEL","exons 3",0.168
"ALL_CNA_cluster_0019","ALL_CNA","CNA_event_000022","PASKXA","HETDEL","exons 3",0.168
"ALL_CNA_cluster_0019","ALL_CNA","CNA_event_000023","PASLXY","HETDEL","exons 3",0.346
"ALL_CNA_cluster_0019","ALL_CNA","CNA_event_000024","PASPDS","HETDEL","exons 3",0.355
"ALL_CNA_cluster_0019","ALL_CNA","CNA_event_000025","PASPLG","HETDEL","exons 3",0.425
"ALL_CNA_cluster_0019","ALL_CNA","CNA_event_000026","PASPNW","HETDEL","exons 3",0.822
"ALL_CNA_cluster_0019","ALL_CNA","CNA_event_000027","PASRAF","HETDEL","exons 3",0.168
"ALL_CNA_cluster_0019","ALL_CNA","CNA_event_000028","PASRMM","HETDEL","exons 3",0.346
"ALL_CNA_cluster_0019","ALL_CNA","CNA_event_000156","PASRPV","HOMDEL","exons 3",0.346
"ALL_CNA_cluster_0019","ALL_CNA","CNA_event_000030","PASRSE","HETDEL","exons 3",0.168
"ALL_CNA_cluster_0019","ALL_CNA","CNA_event_000031","PASRUK","HETDEL","exons 3",0.168
"ALL_CNA_cluster_0019","ALL_CNA","CNA_event_000032","PASTCH","HETDEL","exons 3",0.457
"ALL_CNA_cluster_0019","ALL_CNA","CNA_event_000033","PASTHE","HETDEL","exons 3",0.425
"ALL_CNA_cluster_0019","ALL_CNA","CNA_event_000034","PASUSV","HETDEL","exons 3",0.822
"ALL_CNA_cluster_0019","ALL_CNA","CNA_event_000035","PASVWH","HETDEL","exons 3",0.168
"ALL_CNA_cluster_0019","ALL_CNA","CNA_event_000036","PASVZJ","HETDEL","exons 3",0.168
"ALL_CNA_cluster_0019","ALL_CNA","CNA_event_000037","PASWXB","HETDEL","exons 3",0.168
"ALL_CNA_cluster_0019","ALL_CNA","CNA_event_000157","PASWYU","HOMDEL","exons 3",0.168
"ALL_CNA_cluster_0019","ALL_CNA","CNA_event_000040","PASYSJ","HETDEL","exons 3",0.168
"ALL_CNA_cluster_0019","ALL_CNA","CNA_event_000041","PASYVU","HETDEL","exons 3",0.168
"ALL_CNA_cluster_0019","ALL_CNA","CNA_event_000158","PASYWF","HOMDEL","exons 3",0.168
"ALL_CNA_cluster_0019","ALL_CNA","CNA_event_000043","PASZAY","HETDEL","exons 3",0.168
"ALL_CNA_cluster_0019","ALL_CNA","CNA_event_000044","PATALF","HETDEL","exons 3",0.425
"ALL_CNA_cluster_0019","ALL_CNA","CNA_event_000045","PATBTX","HETDEL","exons 3",0.168
"ALL_CNA_cluster_0019","ALL_CNA","CNA_event_000159","PATCTR","HOMDEL","exons 3",0.346
"ALL_CNA_cluster_0019","ALL_CNA","CNA_event_000047","PATDTN","HETDEL","exons 3",0.168
"ALL_CNA_cluster_0019","ALL_CNA","CNA_event_000048","PATFPU","HETDEL","exons 3",0.168
"ALL_CNA_cluster_0019","ALL_CNA","CNA_event_000160","PATGBY","HOMDEL","exons 3",0.168
"ALL_CNA_cluster_0019","ALL_CNA","CNA_event_000050","PATHFE","HETDEL","exons 3",0.822
"ALL_CNA_cluster_0019","ALL_CNA","CNA_event_000052","PATJLY","HETDEL","exons 3",0.355
"ALL_CNA_cluster_0019","ALL_CNA","CNA_event_000161","PATJRX","HOMDEL","exons 3",0.168
"ALL_CNA_cluster_0019","ALL_CNA","CNA_event_000162","PATKVD","HOMDEL","exons 3",0.168
"ALL_CNA_cluster_0019","ALL_CNA","CNA_event_000054","PATKZH","HETDEL","exons 3",0.346
"ALL_CNA_cluster_0019","ALL_CNA","CNA_event_000055","PATLLH","HETDEL","exons 3",0.425
"ALL_CNA_cluster_0019","ALL_CNA","CNA_event_000057","PATPDA","HETDEL","exons 3",0.664
"ALL_CNA_cluster_0019","ALL_CNA","CNA_event_000058","PATRAB","HETDEL","exons 3",0.168
"ALL_CNA_cluster_0019","ALL_CNA","CNA_event_000059","PATRKV","HETDEL","exons 3",0.223
"ALL_CNA_cluster_0019","ALL_CNA","CNA_event_000060","PATSPG","HETDEL","exons 3",0.346
"ALL_CNA_cluster_0019","ALL_CNA","CNA_event_000061","PATWJU","HETDEL","exons 3",0.168
"ALL_CNA_cluster_0019","ALL_CNA","CNA_event_000163","PATYWV","HOMDEL","exons 3",0.168
"ALL_CNA_cluster_0019","ALL_CNA","CNA_event_000063","PATZST","HETDEL","exons 3",0.168
"ALL_CNA_cluster_0019","ALL_CNA","CNA_event_000064","PATZYR","HETDEL","exons 3",0.168
"ALL_CNA_cluster_0019","ALL_CNA","CNA_event_000065","PAUAKN","HETDEL","exons 3",0.168
"ALL_CNA_cluster_0019","ALL_CNA","CNA_event_000066","PAUAZV","HETDEL","exons 3",0.168
"ALL_CNA_cluster_0019","ALL_CNA","CNA_event_000067","PAUBCT","HETDEL","exons 3",0.168
"ALL_CNA_cluster_0019","ALL_CNA","CNA_event_000164","PAUBTC","HOMDEL","exons 3",0.168
"ALL_CNA_cluster_0019","ALL_CNA","CNA_event_000070","PAUCDC","HETDEL","exons 3",0.822
"ALL_CNA_cluster_0019","ALL_CNA","CNA_event_000071","PAUEDT","HETDEL","exons 3",0.168
"ALL_CNA_cluster_0019","ALL_CNA","CNA_event_000165","PAUEUC","HOMDEL","exons 3",0.168
"ALL_CNA_cluster_0019","ALL_CNA","CNA_event_000074","PAUEVJ","HETDEL","exons 3",0.168
"ALL_CNA_cluster_0019","ALL_CNA","CNA_event_000075","PAUEXN","HETDEL","exons 3",0.206
"ALL_CNA_cluster_0019","ALL_CNA","CNA_event_000077","PAUGDT","HETDEL","exons 3",0.168
"ALL_CNA_cluster_0019","ALL_CNA","CNA_event_000078","PAUGLY","HETDEL","exons 3",0.346
"ALL_CNA_cluster_0019","ALL_CNA","CNA_event_000166","PAUIEM","HOMDEL","exons 3",0.168
"ALL_CNA_cluster_0019","ALL_CNA","CNA_event_000080","PAUIFA","HETDEL","exons 3",0.168
"ALL_CNA_cluster_0019","ALL_CNA","CNA_event_000081","PAUJVL","HETDEL","exons 3",0.346
"ALL_CNA_cluster_0019","ALL_CNA","CNA_event_000083","PAUKZJ","HETDEL","exons 3",0.608
"ALL_CNA_cluster_0019","ALL_CNA","CNA_event_000084","PAULCK","HETDEL","exons 3",0.168
"ALL_CNA_cluster_0019","ALL_CNA","CNA_event_000167","PAULGX","HOMDEL","exons 3",0.603
"ALL_CNA_cluster_0019","ALL_CNA","CNA_event_000168","PAUMIB","HOMDEL","exons 3",0.346
"ALL_CNA_cluster_0019","ALL_CNA","CNA_event_000087","PAUMLX","HETDEL","exons 3",0.346
"ALL_CNA_cluster_0019","ALL_CNA","CNA_event_000088","PAUMXB","HETDEL","exons 3",0.346
"ALL_CNA_cluster_0019","ALL_CNA","CNA_event_000089","PAUPUW","HETDEL","exons 3",0.168
"ALL_CNA_cluster_0019","ALL_CNA","CNA_event_000090","PAURLU","HETDEL","exons 3",0.168
"ALL_CNA_cluster_0019","ALL_CNA","CNA_event_000091","PAUSIS","HETDEL","exons 3",0.822
"ALL_CNA_cluster_0019","ALL_CNA","CNA_event_000092","PAUTBB","HETDEL","exons 3",0.168
"ALL_CNA_cluster_0019","ALL_CNA","CNA_event_000093","PAUTUL","HETDEL","exons 3",0.664
"ALL_CNA_cluster_0019","ALL_CNA","CNA_event_000094","PAUUAL","HETDEL","exons 3",0.168
"ALL_CNA_cluster_0019","ALL_CNA","CNA_event_000169","PAUUBG","HOMDEL","exons 3",0.168
"ALL_CNA_cluster_0019","ALL_CNA","CNA_event_000095","PAUUIK","HETDEL","exons 3",0.168
"ALL_CNA_cluster_0019","ALL_CNA","CNA_event_000096","PAUWMZ","HETDEL","exons 3",0.168
"ALL_CNA_cluster_0019","ALL_CNA","CNA_event_000097","PAUWXI","HETDEL","exons 3",0.822
"ALL_CNA_cluster_0019","ALL_CNA","CNA_event_000098","PAUXCW","HETDEL","exons 3",0.168
"ALL_CNA_cluster_0019","ALL_CNA","CNA_event_000099","PAUXKE","HETDEL","exons 3",0.168
"ALL_CNA_cluster_0019","ALL_CNA","CNA_event_000100","PAUXRM","HETDEL","exons 3",0.279
"ALL_CNA_cluster_0019","ALL_CNA","CNA_event_000101","PAUXYI","HETDEL","exons 3",0.355
"ALL_CNA_cluster_0019","ALL_CNA","CNA_event_000102","PAUYJF","HETDEL","exons 3",0.425
"ALL_CNA_cluster_0019","ALL_CNA","CNA_event_000170","PAVBFC","HOMDEL","exons 3",0.168
"ALL_CNA_cluster_0019","ALL_CNA","CNA_event_000104","PAVCRK","HETDEL","exons 3",0.168
"ALL_CNA_cluster_0019","ALL_CNA","CNA_event_000171","PAVESF","HOMDEL","exons 3",0.168
"ALL_CNA_cluster_0019","ALL_CNA","CNA_event_000105","PAVFAX","HETDEL","exons 3",0.168
"ALL_CNA_cluster_0019","ALL_CNA","CNA_event_000106","PAVHAA","HETDEL","exons 3",0.168
"ALL_CNA_cluster_0019","ALL_CNA","CNA_event_000107","PAVHBL","HETDEL","exons 3",0.168
"ALL_CNA_cluster_0019","ALL_CNA","CNA_event_000108","PAVHGX","HETDEL","exons 3",0.168
"ALL_CNA_cluster_0019","ALL_CNA","CNA_event_000172","PAVKCV","HOMDEL","exons 3",0.168
"ALL_CNA_cluster_0019","ALL_CNA","CNA_event_000112","PAVKPV","HETDEL","exons 3",0.168
"ALL_CNA_cluster_0019","ALL_CNA","CNA_event_000173","PAVKWV","HOMDEL","exons 3",0.168
"ALL_CNA_cluster_0019","ALL_CNA","CNA_event_000114","PAVLLU","HETDEL","exons 3",0.168
"ALL_CNA_cluster_0019","ALL_CNA","CNA_event_000174","PAVLMY","HOMDEL","exons 3",0.168
"ALL_CNA_cluster_0019","ALL_CNA","CNA_event_000115","PAVMKN","HETDEL","exons 3",0.168
"ALL_CNA_cluster_0019","ALL_CNA","CNA_event_000116","PAVMPT","HETDEL","exons 3",0.279
"ALL_CNA_cluster_0019","ALL_CNA","CNA_event_000117","PAVNGZ","HETDEL","exons 3",0.168
"ALL_CNA_cluster_0019","ALL_CNA","CNA_event_000119","PAVNTB","HETDEL","exons 3",0.168
"ALL_CNA_cluster_0019","ALL_CNA","CNA_event_000120","PAVPCB","HETDEL","exons 3",0.206
"ALL_CNA_cluster_0019","ALL_CNA","CNA_event_000121","PAVRXK","HETDEL","exons 3",0.932
"ALL_CNA_cluster_0019","ALL_CNA","CNA_event_000175","PAVVBE","HOMDEL","exons 3",0.754
"ALL_CNA_cluster_0019","ALL_CNA","CNA_event_000176","PAVVDS","HOMDEL","exons 3",0.168
"ALL_CNA_cluster_0019","ALL_CNA","CNA_event_000124","PAVWDF","HETDEL","exons 3",0.168
"ALL_CNA_cluster_0019","ALL_CNA","CNA_event_000125","PAVWNL","HETDEL","exons 3",0.346
"ALL_CNA_cluster_0019","ALL_CNA","CNA_event_000177","PAVYAZ","HOMDEL","exons 3",0.168
"ALL_CNA_cluster_0019","ALL_CNA","CNA_event_000178","PAVYGR","HOMDEL","exons 3",0.168
"ALL_CNA_cluster_0019","ALL_CNA","CNA_event_000129","PAVYTZ","HETDEL","exons 3",0.168
"ALL_CNA_cluster_0019","ALL_CNA","CNA_event_000130","PAVZCF","HETDEL","exons 3",0.425
"ALL_CNA_cluster_0019","ALL_CNA","CNA_event_000131","PAWAIM","HETDEL","exons 3",0.168
"ALL_CNA_cluster_0019","ALL_CNA","CNA_event_000132","PAWAIN","HETDEL","exons 3",0.168
"ALL_CNA_cluster_0019","ALL_CNA","CNA_event_000133","PAWAKA","HETDEL","exons 3",0.168
"ALL_CNA_cluster_0019","ALL_CNA","CNA_event_000134","PAWDEK","HETDEL","exons 3",0.168
"ALL_CNA_cluster_0019","ALL_CNA","CNA_event_000135","PAWDMI","HETDEL","exons 3",0.168
"ALL_CNA_cluster_0019","ALL_CNA","CNA_event_000136","PAWDWJ","HETDEL","exons 3",0.822
"ALL_CNA_cluster_0019","ALL_CNA","CNA_event_000137","PAWEEC","HETDEL","exons 3",0.168
"ALL_CNA_cluster_0019","ALL_CNA","CNA_event_000138","PAWEEX","HETDEL","exons 3",0.112
"ALL_CNA_cluster_0019","ALL_CNA","CNA_event_000139","PAWESJ","HETDEL","exons 3",0.346
"ALL_CNA_cluster_0019","ALL_CNA","CNA_event_000140","PAWETD","HETDEL","exons 3",0.822
"ALL_CNA_cluster_0019","ALL_CNA","CNA_event_000141","PAWFNJ","HETDEL","exons 3",0.346
"ALL_CNA_cluster_0019","ALL_CNA","CNA_event_000142","PAWFWF","HETDEL","exons 3",0.346
"ALL_CNA_cluster_0019","ALL_CNA","CNA_event_000143","PAWGCK","HETDEL","exons 3",0.168
"ALL_CNA_cluster_0019","ALL_CNA","CNA_event_000144","PAWGIT","HETDEL","exons 3",0.168
"ALL_CNA_cluster_0019","ALL_CNA","CNA_event_000146","PAWGZM","HETDEL","exons 3",0.168
"ALL_CNA_cluster_0019","ALL_CNA","CNA_event_000147","PAWIWS","HETDEL","exons 3",0.355
"ALL_CNA_cluster_0019","ALL_CNA","CNA_event_000148","PAWJKX","HETDEL","exons 3",0.168
"ALL_CNA_cluster_0019","ALL_CNA","CNA_event_000149","PAWJYN","HETDEL","exons 3",0.346
"ALL_CNA_cluster_0019","ALL_CNA","CNA_event_000179","PAWKAN","HOMDEL","exons 3",0.168
"ALL_CNA_cluster_0020","ALL_CNA","CNA_event_000004","PARNXJ","HETDEL","exons 4",0.822
"ALL_CNA_cluster_0020","ALL_CNA","CNA_event_000008","PARWNW","HETDEL","exons 4",0.654
"ALL_CNA_cluster_0020","ALL_CNA","CNA_event_000010","PARXPZ","HETDEL","exons 4",0.822
"ALL_CNA_cluster_0020","ALL_CNA","CNA_event_000019","PASKAD","HETDEL","exons 4",0.654
"ALL_CNA_cluster_0020","ALL_CNA","CNA_event_000020","PASKLU","HETDEL","exons 4",0.111
"ALL_CNA_cluster_0020","ALL_CNA","CNA_event_000021","PASKWG","HETDEL","exons 4",0.654
"ALL_CNA_cluster_0020","ALL_CNA","CNA_event_000024","PASPDS","HETDEL","exons 4",0.355
"ALL_CNA_cluster_0020","ALL_CNA","CNA_event_000025","PASPLG","HETDEL","exons 4",0.425
"ALL_CNA_cluster_0020","ALL_CNA","CNA_event_000026","PASPNW","HETDEL","exons 4",0.822
"ALL_CNA_cluster_0020","ALL_CNA","CNA_event_000032","PASTCH","HETDEL","exons 4",0.457
"ALL_CNA_cluster_0020","ALL_CNA","CNA_event_000033","PASTHE","HETDEL","exons 4",0.425
"ALL_CNA_cluster_0020","ALL_CNA","CNA_event_000034","PASUSV","HETDEL","exons 4",0.822
"ALL_CNA_cluster_0020","ALL_CNA","CNA_event_000038","PASWYU","HETDEL","exons 4",0.586
"ALL_CNA_cluster_0020","ALL_CNA","CNA_event_000039","PASYNX","HETDEL","exons 4",0.36
"ALL_CNA_cluster_0020","ALL_CNA","CNA_event_000042","PASYWF","HETDEL","exons 4",0.654
"ALL_CNA_cluster_0020","ALL_CNA","CNA_event_000044","PATALF","HETDEL","exons 4",0.425
"ALL_CNA_cluster_0020","ALL_CNA","CNA_event_000046","PATCTR","HETDEL","exons 4",0.257
"ALL_CNA_cluster_0020","ALL_CNA","CNA_event_000050","PATHFE","HETDEL","exons 4",0.822
"ALL_CNA_cluster_0020","ALL_CNA","CNA_event_000052","PATJLY","HETDEL","exons 4",0.355
"ALL_CNA_cluster_0020","ALL_CNA","CNA_event_000055","PATLLH","HETDEL","exons 4",0.425
"ALL_CNA_cluster_0020","ALL_CNA","CNA_event_000057","PATPDA","HETDEL","exons 4",0.664
"ALL_CNA_cluster_0020","ALL_CNA","CNA_event_000059","PATRKV","HETDEL","exons 4",0.223
"ALL_CNA_cluster_0020","ALL_CNA","CNA_event_000070","PAUCDC","HETDEL","exons 4",0.822
"ALL_CNA_cluster_0020","ALL_CNA","CNA_event_000079","PAUIEM","HETDEL","exons 4",0.654
"ALL_CNA_cluster_0020","ALL_CNA","CNA_event_000083","PAUKZJ","HETDEL","exons 4",0.608
"ALL_CNA_cluster_0020","ALL_CNA","CNA_event_000167","PAULGX","HOMDEL","exons 4",0.603
"ALL_CNA_cluster_0020","ALL_CNA","CNA_event_000091","PAUSIS","HETDEL","exons 4",0.822
"ALL_CNA_cluster_0020","ALL_CNA","CNA_event_000093","PAUTUL","HETDEL","exons 4",0.664
"ALL_CNA_cluster_0020","ALL_CNA","CNA_event_000097","PAUWXI","HETDEL","exons 4",0.822
"ALL_CNA_cluster_0020","ALL_CNA","CNA_event_000100","PAUXRM","HETDEL","exons 4",0.279
"ALL_CNA_cluster_0020","ALL_CNA","CNA_event_000101","PAUXYI","HETDEL","exons 4",0.355
"ALL_CNA_cluster_0020","ALL_CNA","CNA_event_000102","PAUYJF","HETDEL","exons 4",0.425
"ALL_CNA_cluster_0020","ALL_CNA","CNA_event_000116","PAVMPT","HETDEL","exons 4",0.279
"ALL_CNA_cluster_0020","ALL_CNA","CNA_event_000121","PAVRXK","HETDEL","exons 4",0.932
"ALL_CNA_cluster_0020","ALL_CNA","CNA_event_000175","PAVVBE","HOMDEL","exons 4",0.754
"ALL_CNA_cluster_0020","ALL_CNA","CNA_event_000123","PAVVDS","HETDEL","exons 4",0.257
"ALL_CNA_cluster_0020","ALL_CNA","CNA_event_000130","PAVZCF","HETDEL","exons 4",0.425
"ALL_CNA_cluster_0020","ALL_CNA","CNA_event_000136","PAWDWJ","HETDEL","exons 4",0.822
"ALL_CNA_cluster_0020","ALL_CNA","CNA_event_000140","PAWETD","HETDEL","exons 4",0.822
"ALL_CNA_cluster_0020","ALL_CNA","CNA_event_000145","PAWGXM","HETDEL","exons 4",0.496
"ALL_CNA_cluster_0020","ALL_CNA","CNA_event_000147","PAWIWS","HETDEL","exons 4",0.355
"ALL_CNA_cluster_0021","ALL_CNA","CNA_event_000004","PARNXJ","HETDEL","exons 5",0.822
"ALL_CNA_cluster_0021","ALL_CNA","CNA_event_000008","PARWNW","HETDEL","exons 5",0.654
"ALL_CNA_cluster_0021","ALL_CNA","CNA_event_000010","PARXPZ","HETDEL","exons 5",0.822
"ALL_CNA_cluster_0021","ALL_CNA","CNA_event_000019","PASKAD","HETDEL","exons 5",0.654
"ALL_CNA_cluster_0021","ALL_CNA","CNA_event_000021","PASKWG","HETDEL","exons 5",0.654
"ALL_CNA_cluster_0021","ALL_CNA","CNA_event_000024","PASPDS","HETDEL","exons 5",0.355
"ALL_CNA_cluster_0021","ALL_CNA","CNA_event_000025","PASPLG","HETDEL","exons 5",0.425
"ALL_CNA_cluster_0021","ALL_CNA","CNA_event_000026","PASPNW","HETDEL","exons 5",0.822
"ALL_CNA_cluster_0021","ALL_CNA","CNA_event_000033","PASTHE","HETDEL","exons 5",0.425
"ALL_CNA_cluster_0021","ALL_CNA","CNA_event_000034","PASUSV","HETDEL","exons 5",0.822
"ALL_CNA_cluster_0021","ALL_CNA","CNA_event_000038","PASWYU","HETDEL","exons 5",0.586
"ALL_CNA_cluster_0021","ALL_CNA","CNA_event_000039","PASYNX","HETDEL","exons 5",0.36
"ALL_CNA_cluster_0021","ALL_CNA","CNA_event_000042","PASYWF","HETDEL","exons 5",0.654
"ALL_CNA_cluster_0021","ALL_CNA","CNA_event_000044","PATALF","HETDEL","exons 5",0.425
"ALL_CNA_cluster_0021","ALL_CNA","CNA_event_000046","PATCTR","HETDEL","exons 5",0.257
"ALL_CNA_cluster_0021","ALL_CNA","CNA_event_000050","PATHFE","HETDEL","exons 5",0.822
"ALL_CNA_cluster_0021","ALL_CNA","CNA_event_000052","PATJLY","HETDEL","exons 5",0.355
"ALL_CNA_cluster_0021","ALL_CNA","CNA_event_000055","PATLLH","HETDEL","exons 5",0.425
"ALL_CNA_cluster_0021","ALL_CNA","CNA_event_000057","PATPDA","HETDEL","exons 5",0.664
"ALL_CNA_cluster_0021","ALL_CNA","CNA_event_000070","PAUCDC","HETDEL","exons 5",0.822
"ALL_CNA_cluster_0021","ALL_CNA","CNA_event_000079","PAUIEM","HETDEL","exons 5",0.654
"ALL_CNA_cluster_0021","ALL_CNA","CNA_event_000083","PAUKZJ","HETDEL","exons 5",0.608
"ALL_CNA_cluster_0021","ALL_CNA","CNA_event_000167","PAULGX","HOMDEL","exons 5",0.603
"ALL_CNA_cluster_0021","ALL_CNA","CNA_event_000091","PAUSIS","HETDEL","exons 5",0.822
"ALL_CNA_cluster_0021","ALL_CNA","CNA_event_000093","PAUTUL","HETDEL","exons 5",0.664
"ALL_CNA_cluster_0021","ALL_CNA","CNA_event_000097","PAUWXI","HETDEL","exons 5",0.822
"ALL_CNA_cluster_0021","ALL_CNA","CNA_event_000101","PAUXYI","HETDEL","exons 5",0.355
"ALL_CNA_cluster_0021","ALL_CNA","CNA_event_000102","PAUYJF","HETDEL","exons 5",0.425
"ALL_CNA_cluster_0021","ALL_CNA","CNA_event_000121","PAVRXK","HETDEL","exons 5",0.932
"ALL_CNA_cluster_0021","ALL_CNA","CNA_event_000175","PAVVBE","HOMDEL","exons 5",0.754
"ALL_CNA_cluster_0021","ALL_CNA","CNA_event_000123","PAVVDS","HETDEL","exons 5",0.257
"ALL_CNA_cluster_0021","ALL_CNA","CNA_event_000130","PAVZCF","HETDEL","exons 5",0.425
"ALL_CNA_cluster_0021","ALL_CNA","CNA_event_000136","PAWDWJ","HETDEL","exons 5",0.822
"ALL_CNA_cluster_0021","ALL_CNA","CNA_event_000140","PAWETD","HETDEL","exons 5",0.822
"ALL_CNA_cluster_0021","ALL_CNA","CNA_event_000145","PAWGXM","HETDEL","exons 5",0.496
"ALL_CNA_cluster_0021","ALL_CNA","CNA_event_000147","PAWIWS","HETDEL","exons 5",0.355
"ALL_CNA_cluster_0022","ALL_CNA","CNA_event_000004","PARNXJ","HETDEL","exons 6",0.822
"ALL_CNA_cluster_0022","ALL_CNA","CNA_event_000008","PARWNW","HETDEL","exons 6",0.654
"ALL_CNA_cluster_0022","ALL_CNA","CNA_event_000010","PARXPZ","HETDEL","exons 6",0.822
"ALL_CNA_cluster_0022","ALL_CNA","CNA_event_000019","PASKAD","HETDEL","exons 6",0.654
"ALL_CNA_cluster_0022","ALL_CNA","CNA_event_000021","PASKWG","HETDEL","exons 6",0.654
"ALL_CNA_cluster_0022","ALL_CNA","CNA_event_000025","PASPLG","HETDEL","exons 6",0.425
"ALL_CNA_cluster_0022","ALL_CNA","CNA_event_000026","PASPNW","HETDEL","exons 6",0.822
"ALL_CNA_cluster_0022","ALL_CNA","CNA_event_000033","PASTHE","HETDEL","exons 6",0.425
"ALL_CNA_cluster_0022","ALL_CNA","CNA_event_000034","PASUSV","HETDEL","exons 6",0.822
"ALL_CNA_cluster_0022","ALL_CNA","CNA_event_000038","PASWYU","HETDEL","exons 6",0.586
"ALL_CNA_cluster_0022","ALL_CNA","CNA_event_000039","PASYNX","HETDEL","exons 6",0.36
"ALL_CNA_cluster_0022","ALL_CNA","CNA_event_000042","PASYWF","HETDEL","exons 6",0.654
"ALL_CNA_cluster_0022","ALL_CNA","CNA_event_000044","PATALF","HETDEL","exons 6",0.425
"ALL_CNA_cluster_0022","ALL_CNA","CNA_event_000046","PATCTR","HETDEL","exons 6",0.257
"ALL_CNA_cluster_0022","ALL_CNA","CNA_event_000050","PATHFE","HETDEL","exons 6",0.822
"ALL_CNA_cluster_0022","ALL_CNA","CNA_event_000055","PATLLH","HETDEL","exons 6",0.425
"ALL_CNA_cluster_0022","ALL_CNA","CNA_event_000057","PATPDA","HETDEL","exons 6",0.664
"ALL_CNA_cluster_0022","ALL_CNA","CNA_event_000070","PAUCDC","HETDEL","exons 6",0.822
"ALL_CNA_cluster_0022","ALL_CNA","CNA_event_000079","PAUIEM","HETDEL","exons 6",0.654
"ALL_CNA_cluster_0022","ALL_CNA","CNA_event_000083","PAUKZJ","HETDEL","exons 6",0.608
"ALL_CNA_cluster_0022","ALL_CNA","CNA_event_000167","PAULGX","HOMDEL","exons 6",0.603
"ALL_CNA_cluster_0022","ALL_CNA","CNA_event_000091","PAUSIS","HETDEL","exons 6",0.822
"ALL_CNA_cluster_0022","ALL_CNA","CNA_event_000093","PAUTUL","HETDEL","exons 6",0.664
"ALL_CNA_cluster_0022","ALL_CNA","CNA_event_000097","PAUWXI","HETDEL","exons 6",0.822
"ALL_CNA_cluster_0022","ALL_CNA","CNA_event_000102","PAUYJF","HETDEL","exons 6",0.425
"ALL_CNA_cluster_0022","ALL_CNA","CNA_event_000121","PAVRXK","HETDEL","exons 6",0.932
"ALL_CNA_cluster_0022","ALL_CNA","CNA_event_000175","PAVVBE","HOMDEL","exons 6",0.754
"ALL_CNA_cluster_0022","ALL_CNA","CNA_event_000123","PAVVDS","HETDEL","exons 6",0.257
"ALL_CNA_cluster_0022","ALL_CNA","CNA_event_000130","PAVZCF","HETDEL","exons 6",0.425
"ALL_CNA_cluster_0022","ALL_CNA","CNA_event_000136","PAWDWJ","HETDEL","exons 6",0.822
"ALL_CNA_cluster_0022","ALL_CNA","CNA_event_000140","PAWETD","HETDEL","exons 6",0.822
"ALL_CNA_cluster_0022","ALL_CNA","CNA_event_000145","PAWGXM","HETDEL","exons 6",0.496
"ALL_CNA_cluster_0023","ALL_CNA","CNA_event_000004","PARNXJ","HETDEL","exons 7",0.822
"ALL_CNA_cluster_0023","ALL_CNA","CNA_event_000008","PARWNW","HETDEL","exons 7",0.654
"ALL_CNA_cluster_0023","ALL_CNA","CNA_event_000010","PARXPZ","HETDEL","exons 7",0.822
"ALL_CNA_cluster_0023","ALL_CNA","CNA_event_000019","PASKAD","HETDEL","exons 7",0.654
"ALL_CNA_cluster_0023","ALL_CNA","CNA_event_000021","PASKWG","HETDEL","exons 7",0.654
"ALL_CNA_cluster_0023","ALL_CNA","CNA_event_000026","PASPNW","HETDEL","exons 7",0.822
"ALL_CNA_cluster_0023","ALL_CNA","CNA_event_000034","PASUSV","HETDEL","exons 7",0.822
"ALL_CNA_cluster_0023","ALL_CNA","CNA_event_000038","PASWYU","HETDEL","exons 7",0.586
"ALL_CNA_cluster_0023","ALL_CNA","CNA_event_000039","PASYNX","HETDEL","exons 7",0.36
"ALL_CNA_cluster_0023","ALL_CNA","CNA_event_000042","PASYWF","HETDEL","exons 7",0.654
"ALL_CNA_cluster_0023","ALL_CNA","CNA_event_000050","PATHFE","HETDEL","exons 7",0.822
"ALL_CNA_cluster_0023","ALL_CNA","CNA_event_000057","PATPDA","HETDEL","exons 7",0.664
"ALL_CNA_cluster_0023","ALL_CNA","CNA_event_000070","PAUCDC","HETDEL","exons 7",0.822
"ALL_CNA_cluster_0023","ALL_CNA","CNA_event_000079","PAUIEM","HETDEL","exons 7",0.654
"ALL_CNA_cluster_0023","ALL_CNA","CNA_event_000083","PAUKZJ","HETDEL","exons 7",0.608
"ALL_CNA_cluster_0023","ALL_CNA","CNA_event_000085","PAULGX","HETDEL","exons 7",0.239
"ALL_CNA_cluster_0023","ALL_CNA","CNA_event_000091","PAUSIS","HETDEL","exons 7",0.822
"ALL_CNA_cluster_0023","ALL_CNA","CNA_event_000093","PAUTUL","HETDEL","exons 7",0.664
"ALL_CNA_cluster_0023","ALL_CNA","CNA_event_000097","PAUWXI","HETDEL","exons 7",0.822
"ALL_CNA_cluster_0023","ALL_CNA","CNA_event_000121","PAVRXK","HETDEL","exons 7",0.932
"ALL_CNA_cluster_0023","ALL_CNA","CNA_event_000175","PAVVBE","HOMDEL","exons 7",0.754
"ALL_CNA_cluster_0023","ALL_CNA","CNA_event_000136","PAWDWJ","HETDEL","exons 7",0.822
"ALL_CNA_cluster_0023","ALL_CNA","CNA_event_000140","PAWETD","HETDEL","exons 7",0.822
"ALL_CNA_cluster_0023","ALL_CNA","CNA_event_000145","PAWGXM","HETDEL","exons 7",0.496
"ALL_CNA_cluster_0024","ALL_CNA","CNA_event_000004","PARNXJ","HETDEL","exons 8",0.822
"ALL_CNA_cluster_0024","ALL_CNA","CNA_event_000008","PARWNW","HETDEL","exons 8",0.654
"ALL_CNA_cluster_0024","ALL_CNA","CNA_event_000010","PARXPZ","HETDEL","exons 8",0.822
"ALL_CNA_cluster_0024","ALL_CNA","CNA_event_000019","PASKAD","HETDEL","exons 8",0.654
"ALL_CNA_cluster_0024","ALL_CNA","CNA_event_000021","PASKWG","HETDEL","exons 8",0.654
"ALL_CNA_cluster_0024","ALL_CNA","CNA_event_000026","PASPNW","HETDEL","exons 8",0.822
"ALL_CNA_cluster_0024","ALL_CNA","CNA_event_000034","PASUSV","HETDEL","exons 8",0.822
"ALL_CNA_cluster_0024","ALL_CNA","CNA_event_000038","PASWYU","HETDEL","exons 8",0.586
"ALL_CNA_cluster_0024","ALL_CNA","CNA_event_000042","PASYWF","HETDEL","exons 8",0.654
"ALL_CNA_cluster_0024","ALL_CNA","CNA_event_000050","PATHFE","HETDEL","exons 8",0.822
"ALL_CNA_cluster_0024","ALL_CNA","CNA_event_000057","PATPDA","HETDEL","exons 8",0.664
"ALL_CNA_cluster_0024","ALL_CNA","CNA_event_000070","PAUCDC","HETDEL","exons 8",0.822
"ALL_CNA_cluster_0024","ALL_CNA","CNA_event_000079","PAUIEM","HETDEL","exons 8",0.654
"ALL_CNA_cluster_0024","ALL_CNA","CNA_event_000083","PAUKZJ","HETDEL","exons 8",0.608
"ALL_CNA_cluster_0024","ALL_CNA","CNA_event_000085","PAULGX","HETDEL","exons 8",0.239
"ALL_CNA_cluster_0024","ALL_CNA","CNA_event_000091","PAUSIS","HETDEL","exons 8",0.822
"ALL_CNA_cluster_0024","ALL_CNA","CNA_event_000093","PAUTUL","HETDEL","exons 8",0.664
"ALL_CNA_cluster_0024","ALL_CNA","CNA_event_000097","PAUWXI","HETDEL","exons 8",0.822
"ALL_CNA_cluster_0024","ALL_CNA","CNA_event_000121","PAVRXK","HETDEL","exons 8",0.932
"ALL_CNA_cluster_0024","ALL_CNA","CNA_event_000175","PAVVBE","HOMDEL","exons 8",0.754
"ALL_CNA_cluster_0024","ALL_CNA","CNA_event_000136","PAWDWJ","HETDEL","exons 8",0.822
"ALL_CNA_cluster_0024","ALL_CNA","CNA_event_000140","PAWETD","HETDEL","exons 8",0.822
"ALL_CNA_cluster_0024","ALL_CNA","CNA_event_000145","PAWGXM","HETDEL","exons 8",0.496
"ALL_CNA_cluster_0025","ALL_CNA","CNA_event_000004","PARNXJ","HETDEL","exons 9",0.822
"ALL_CNA_cluster_0025","ALL_CNA","CNA_event_000008","PARWNW","HETDEL","exons 9",0.654
"ALL_CNA_cluster_0025","ALL_CNA","CNA_event_000010","PARXPZ","HETDEL","exons 9",0.822
"ALL_CNA_cluster_0025","ALL_CNA","CNA_event_000019","PASKAD","HETDEL","exons 9",0.654
"ALL_CNA_cluster_0025","ALL_CNA","CNA_event_000021","PASKWG","HETDEL","exons 9",0.654
"ALL_CNA_cluster_0025","ALL_CNA","CNA_event_000026","PASPNW","HETDEL","exons 9",0.822
"ALL_CNA_cluster_0025","ALL_CNA","CNA_event_000034","PASUSV","HETDEL","exons 9",0.822
"ALL_CNA_cluster_0025","ALL_CNA","CNA_event_000038","PASWYU","HETDEL","exons 9",0.586
"ALL_CNA_cluster_0025","ALL_CNA","CNA_event_000042","PASYWF","HETDEL","exons 9",0.654
"ALL_CNA_cluster_0025","ALL_CNA","CNA_event_000050","PATHFE","HETDEL","exons 9",0.822
"ALL_CNA_cluster_0025","ALL_CNA","CNA_event_000070","PAUCDC","HETDEL","exons 9",0.822
"ALL_CNA_cluster_0025","ALL_CNA","CNA_event_000079","PAUIEM","HETDEL","exons 9",0.654
"ALL_CNA_cluster_0025","ALL_CNA","CNA_event_000091","PAUSIS","HETDEL","exons 9",0.822
"ALL_CNA_cluster_0025","ALL_CNA","CNA_event_000097","PAUWXI","HETDEL","exons 9",0.822
"ALL_CNA_cluster_0025","ALL_CNA","CNA_event_000121","PAVRXK","HETDEL","exons 9",0.932
"ALL_CNA_cluster_0025","ALL_CNA","CNA_event_000175","PAVVBE","HOMDEL","exons 9",0.754
"ALL_CNA_cluster_0025","ALL_CNA","CNA_event_000136","PAWDWJ","HETDEL","exons 9",0.822
"ALL_CNA_cluster_0025","ALL_CNA","CNA_event_000140","PAWETD","HETDEL","exons 9",0.822
"ALL_CNA_cluster_0026","ALL_CNA","CNA_event_000001","PARFLD","HETDEL","exons 3",0.168
"ALL_CNA_cluster_0026","ALL_CNA","CNA_event_000002","PARJAY","HETDEL","exons 3",0.168
"ALL_CNA_cluster_0026","ALL_CNA","CNA_event_000003","PARJPL","HETDEL","exons 3",0.168
"ALL_CNA_cluster_0026","ALL_CNA","CNA_event_000004","PARNXJ","HETDEL","exons 3;7",0.822
"ALL_CNA_cluster_0026","ALL_CNA","CNA_event_000005","PARPET","HETDEL","exons 3",0.168
"ALL_CNA_cluster_0026","ALL_CNA","CNA_event_000150","PARSLA","HOMDEL","exons 3",0.168
"ALL_CNA_cluster_0026","ALL_CNA","CNA_event_000007","PARSNX","HETDEL","exons 3",0.29
"ALL_CNA_cluster_0026","ALL_CNA","CNA_event_000008","PARWNW","HETDEL","exons 7",0.654
"ALL_CNA_cluster_0026","ALL_CNA","CNA_event_000151","PARWNW","HOMDEL","exons 3",0.168
"ALL_CNA_cluster_0026","ALL_CNA","CNA_event_000009","PARXDJ","HETDEL","exons 3",0.168
"ALL_CNA_cluster_0026","ALL_CNA","CNA_event_000010","PARXPZ","HETDEL","exons 3;7",0.822
"ALL_CNA_cluster_0026","ALL_CNA","CNA_event_000011","PASGDZ","HETDEL","exons 3",0.168
"ALL_CNA_cluster_0026","ALL_CNA","CNA_event_000012","PASGUH","HETDEL","exons 3",0.168
"ALL_CNA_cluster_0026","ALL_CNA","CNA_event_000152","PASILW","HOMDEL","exons 3",0.168
"ALL_CNA_cluster_0026","ALL_CNA","CNA_event_000015","PASINX","HETDEL","exons 3",0.346
"ALL_CNA_cluster_0026","ALL_CNA","CNA_event_000016","PASIPN","HETDEL","exons 3",0.112
"ALL_CNA_cluster_0026","ALL_CNA","CNA_event_000018","PASJGV","HETDEL","exons 3",0.168
"ALL_CNA_cluster_0026","ALL_CNA","CNA_event_000019","PASKAD","HETDEL","exons 7",0.654
"ALL_CNA_cluster_0026","ALL_CNA","CNA_event_000153","PASKAD","HOMDEL","exons 3",0.168
"ALL_CNA_cluster_0026","ALL_CNA","CNA_event_000154","PASKLU","HOMDEL","exons 3",0.168
"ALL_CNA_cluster_0026","ALL_CNA","CNA_event_000021","PASKWG","HETDEL","exons 7",0.654
"ALL_CNA_cluster_0026","ALL_CNA","CNA_event_000155","PASKWG","HOMDEL","exons 3",0.168
"ALL_CNA_cluster_0026","ALL_CNA","CNA_event_000022","PASKXA","HETDEL","exons 3",0.168
"ALL_CNA_cluster_0026","ALL_CNA","CNA_event_000023","PASLXY","HETDEL","exons 3",0.346
"ALL_CNA_cluster_0026","ALL_CNA","CNA_event_000024","PASPDS","HETDEL","exons 3",0.355
"ALL_CNA_cluster_0026","ALL_CNA","CNA_event_000025","PASPLG","HETDEL","exons 3",0.425
"ALL_CNA_cluster_0026","ALL_CNA","CNA_event_000026","PASPNW","HETDEL","exons 3;7",0.822
"ALL_CNA_cluster_0026","ALL_CNA","CNA_event_000027","PASRAF","HETDEL","exons 3",0.168
"ALL_CNA_cluster_0026","ALL_CNA","CNA_event_000028","PASRMM","HETDEL","exons 3",0.346
"ALL_CNA_cluster_0026","ALL_CNA","CNA_event_000156","PASRPV","HOMDEL","exons 3",0.346
"ALL_CNA_cluster_0026","ALL_CNA","CNA_event_000030","PASRSE","HETDEL","exons 3",0.168
"ALL_CNA_cluster_0026","ALL_CNA","CNA_event_000031","PASRUK","HETDEL","exons 3",0.168
"ALL_CNA_cluster_0026","ALL_CNA","CNA_event_000032","PASTCH","HETDEL","exons 3",0.457
"ALL_CNA_cluster_0026","ALL_CNA","CNA_event_000033","PASTHE","HETDEL","exons 3",0.425
"ALL_CNA_cluster_0026","ALL_CNA","CNA_event_000034","PASUSV","HETDEL","exons 3;7",0.822
"ALL_CNA_cluster_0026","ALL_CNA","CNA_event_000035","PASVWH","HETDEL","exons 3",0.168
"ALL_CNA_cluster_0026","ALL_CNA","CNA_event_000036","PASVZJ","HETDEL","exons 3",0.168
"ALL_CNA_cluster_0026","ALL_CNA","CNA_event_000037","PASWXB","HETDEL","exons 3",0.168
"ALL_CNA_cluster_0026","ALL_CNA","CNA_event_000038","PASWYU","HETDEL","exons 7",0.586
"ALL_CNA_cluster_0026","ALL_CNA","CNA_event_000157","PASWYU","HOMDEL","exons 3",0.168
"ALL_CNA_cluster_0026","ALL_CNA","CNA_event_000039","PASYNX","HETDEL","exons 7",0.36
"ALL_CNA_cluster_0026","ALL_CNA","CNA_event_000040","PASYSJ","HETDEL","exons 3",0.168
"ALL_CNA_cluster_0026","ALL_CNA","CNA_event_000041","PASYVU","HETDEL","exons 3",0.168
"ALL_CNA_cluster_0026","ALL_CNA","CNA_event_000042","PASYWF","HETDEL","exons 7",0.654
"ALL_CNA_cluster_0026","ALL_CNA","CNA_event_000158","PASYWF","HOMDEL","exons 3",0.168
"ALL_CNA_cluster_0026","ALL_CNA","CNA_event_000043","PASZAY","HETDEL","exons 3",0.168
"ALL_CNA_cluster_0026","ALL_CNA","CNA_event_000044","PATALF","HETDEL","exons 3",0.425
"ALL_CNA_cluster_0026","ALL_CNA","CNA_event_000045","PATBTX","HETDEL","exons 3",0.168
"ALL_CNA_cluster_0026","ALL_CNA","CNA_event_000159","PATCTR","HOMDEL","exons 3",0.346
"ALL_CNA_cluster_0026","ALL_CNA","CNA_event_000047","PATDTN","HETDEL","exons 3",0.168
"ALL_CNA_cluster_0026","ALL_CNA","CNA_event_000048","PATFPU","HETDEL","exons 3",0.168
"ALL_CNA_cluster_0026","ALL_CNA","CNA_event_000160","PATGBY","HOMDEL","exons 3",0.168
"ALL_CNA_cluster_0026","ALL_CNA","CNA_event_000050","PATHFE","HETDEL","exons 3;7",0.822
"ALL_CNA_cluster_0026","ALL_CNA","CNA_event_000052","PATJLY","HETDEL","exons 3",0.355
"ALL_CNA_cluster_0026","ALL_CNA","CNA_event_000161","PATJRX","HOMDEL","exons 3",0.168
"ALL_CNA_cluster_0026","ALL_CNA","CNA_event_000162","PATKVD","HOMDEL","exons 3",0.168
"ALL_CNA_cluster_0026","ALL_CNA","CNA_event_000054","PATKZH","HETDEL","exons 3",0.346
"ALL_CNA_cluster_0026","ALL_CNA","CNA_event_000055","PATLLH","HETDEL","exons 3",0.425
"ALL_CNA_cluster_0026","ALL_CNA","CNA_event_000057","PATPDA","HETDEL","exons 3;7",0.664
"ALL_CNA_cluster_0026","ALL_CNA","CNA_event_000058","PATRAB","HETDEL","exons 3",0.168
"ALL_CNA_cluster_0026","ALL_CNA","CNA_event_000059","PATRKV","HETDEL","exons 3",0.223
"ALL_CNA_cluster_0026","ALL_CNA","CNA_event_000060","PATSPG","HETDEL","exons 3",0.346
"ALL_CNA_cluster_0026","ALL_CNA","CNA_event_000061","PATWJU","HETDEL","exons 3",0.168
"ALL_CNA_cluster_0026","ALL_CNA","CNA_event_000163","PATYWV","HOMDEL","exons 3",0.168
"ALL_CNA_cluster_0026","ALL_CNA","CNA_event_000063","PATZST","HETDEL","exons 3",0.168
"ALL_CNA_cluster_0026","ALL_CNA","CNA_event_000064","PATZYR","HETDEL","exons 3",0.168
"ALL_CNA_cluster_0026","ALL_CNA","CNA_event_000065","PAUAKN","HETDEL","exons 3",0.168
"ALL_CNA_cluster_0026","ALL_CNA","CNA_event_000066","PAUAZV","HETDEL","exons 3",0.168
"ALL_CNA_cluster_0026","ALL_CNA","CNA_event_000067","PAUBCT","HETDEL","exons 3",0.168
"ALL_CNA_cluster_0026","ALL_CNA","CNA_event_000164","PAUBTC","HOMDEL","exons 3",0.168
"ALL_CNA_cluster_0026","ALL_CNA","CNA_event_000070","PAUCDC","HETDEL","exons 3;7",0.822
"ALL_CNA_cluster_0026","ALL_CNA","CNA_event_000071","PAUEDT","HETDEL","exons 3",0.168
"ALL_CNA_cluster_0026","ALL_CNA","CNA_event_000165","PAUEUC","HOMDEL","exons 3",0.168
"ALL_CNA_cluster_0026","ALL_CNA","CNA_event_000074","PAUEVJ","HETDEL","exons 3",0.168
"ALL_CNA_cluster_0026","ALL_CNA","CNA_event_000075","PAUEXN","HETDEL","exons 3",0.206
"ALL_CNA_cluster_0026","ALL_CNA","CNA_event_000077","PAUGDT","HETDEL","exons 3",0.168
"ALL_CNA_cluster_0026","ALL_CNA","CNA_event_000078","PAUGLY","HETDEL","exons 3",0.346
"ALL_CNA_cluster_0026","ALL_CNA","CNA_event_000079","PAUIEM","HETDEL","exons 7",0.654
"ALL_CNA_cluster_0026","ALL_CNA","CNA_event_000166","PAUIEM","HOMDEL","exons 3",0.168
"ALL_CNA_cluster_0026","ALL_CNA","CNA_event_000080","PAUIFA","HETDEL","exons 3",0.168
"ALL_CNA_cluster_0026","ALL_CNA","CNA_event_000081","PAUJVL","HETDEL","exons 3",0.346
"ALL_CNA_cluster_0026","ALL_CNA","CNA_event_000083","PAUKZJ","HETDEL","exons 3;7",0.608
"ALL_CNA_cluster_0026","ALL_CNA","CNA_event_000084","PAULCK","HETDEL","exons 3",0.168
"ALL_CNA_cluster_0026","ALL_CNA","CNA_event_000085","PAULGX","HETDEL","exons 7",0.239
"ALL_CNA_cluster_0026","ALL_CNA","CNA_event_000167","PAULGX","HOMDEL","exons 3",0.603
"ALL_CNA_cluster_0026","ALL_CNA","CNA_event_000168","PAUMIB","HOMDEL","exons 3",0.346
"ALL_CNA_cluster_0026","ALL_CNA","CNA_event_000087","PAUMLX","HETDEL","exons 3",0.346
"ALL_CNA_cluster_0026","ALL_CNA","CNA_event_000088","PAUMXB","HETDEL","exons 3",0.346
"ALL_CNA_cluster_0026","ALL_CNA","CNA_event_000089","PAUPUW","HETDEL","exons 3",0.168
"ALL_CNA_cluster_0026","ALL_CNA","CNA_event_000090","PAURLU","HETDEL","exons 3",0.168
"ALL_CNA_cluster_0026","ALL_CNA","CNA_event_000091","PAUSIS","HETDEL","exons 3;7",0.822
"ALL_CNA_cluster_0026","ALL_CNA","CNA_event_000092","PAUTBB","HETDEL","exons 3",0.168
"ALL_CNA_cluster_0026","ALL_CNA","CNA_event_000093","PAUTUL","HETDEL","exons 3;7",0.664
"ALL_CNA_cluster_0026","ALL_CNA","CNA_event_000094","PAUUAL","HETDEL","exons 3",0.168
"ALL_CNA_cluster_0026","ALL_CNA","CNA_event_000169","PAUUBG","HOMDEL","exons 3",0.168
"ALL_CNA_cluster_0026","ALL_CNA","CNA_event_000095","PAUUIK","HETDEL","exons 3",0.168
"ALL_CNA_cluster_0026","ALL_CNA","CNA_event_000096","PAUWMZ","HETDEL","exons 3",0.168
"ALL_CNA_cluster_0026","ALL_CNA","CNA_event_000097","PAUWXI","HETDEL","exons 3;7",0.822
"ALL_CNA_cluster_0026","ALL_CNA","CNA_event_000098","PAUXCW","HETDEL","exons 3",0.168
"ALL_CNA_cluster_0026","ALL_CNA","CNA_event_000099","PAUXKE","HETDEL","exons 3",0.168
"ALL_CNA_cluster_0026","ALL_CNA","CNA_event_000100","PAUXRM","HETDEL","exons 3",0.279
"ALL_CNA_cluster_0026","ALL_CNA","CNA_event_000101","PAUXYI","HETDEL","exons 3",0.355
"ALL_CNA_cluster_0026","ALL_CNA","CNA_event_000102","PAUYJF","HETDEL","exons 3",0.425
"ALL_CNA_cluster_0026","ALL_CNA","CNA_event_000170","PAVBFC","HOMDEL","exons 3",0.168
"ALL_CNA_cluster_0026","ALL_CNA","CNA_event_000104","PAVCRK","HETDEL","exons 3",0.168
"ALL_CNA_cluster_0026","ALL_CNA","CNA_event_000171","PAVESF","HOMDEL","exons 3",0.168
"ALL_CNA_cluster_0026","ALL_CNA","CNA_event_000105","PAVFAX","HETDEL","exons 3",0.168
"ALL_CNA_cluster_0026","ALL_CNA","CNA_event_000106","PAVHAA","HETDEL","exons 3",0.168
"ALL_CNA_cluster_0026","ALL_CNA","CNA_event_000107","PAVHBL","HETDEL","exons 3",0.168
"ALL_CNA_cluster_0026","ALL_CNA","CNA_event_000108","PAVHGX","HETDEL","exons 3",0.168
"ALL_CNA_cluster_0026","ALL_CNA","CNA_event_000172","PAVKCV","HOMDEL","exons 3",0.168
"ALL_CNA_cluster_0026","ALL_CNA","CNA_event_000112","PAVKPV","HETDEL","exons 3",0.168
"ALL_CNA_cluster_0026","ALL_CNA","CNA_event_000173","PAVKWV","HOMDEL","exons 3",0.168
"ALL_CNA_cluster_0026","ALL_CNA","CNA_event_000114","PAVLLU","HETDEL","exons 3",0.168
"ALL_CNA_cluster_0026","ALL_CNA","CNA_event_000174","PAVLMY","HOMDEL","exons 3",0.168
"ALL_CNA_cluster_0026","ALL_CNA","CNA_event_000115","PAVMKN","HETDEL","exons 3",0.168
"ALL_CNA_cluster_0026","ALL_CNA","CNA_event_000116","PAVMPT","HETDEL","exons 3",0.279
"ALL_CNA_cluster_0026","ALL_CNA","CNA_event_000117","PAVNGZ","HETDEL","exons 3",0.168
"ALL_CNA_cluster_0026","ALL_CNA","CNA_event_000119","PAVNTB","HETDEL","exons 3",0.168
"ALL_CNA_cluster_0026","ALL_CNA","CNA_event_000120","PAVPCB","HETDEL","exons 3",0.206
"ALL_CNA_cluster_0026","ALL_CNA","CNA_event_000121","PAVRXK","HETDEL","exons 3;7",0.932
"ALL_CNA_cluster_0026","ALL_CNA","CNA_event_000175","PAVVBE","HOMDEL","exons 3;7",0.754
"ALL_CNA_cluster_0026","ALL_CNA","CNA_event_000176","PAVVDS","HOMDEL","exons 3",0.168
"ALL_CNA_cluster_0026","ALL_CNA","CNA_event_000124","PAVWDF","HETDEL","exons 3",0.168
"ALL_CNA_cluster_0026","ALL_CNA","CNA_event_000125","PAVWNL","HETDEL","exons 3",0.346
"ALL_CNA_cluster_0026","ALL_CNA","CNA_event_000177","PAVYAZ","HOMDEL","exons 3",0.168
"ALL_CNA_cluster_0026","ALL_CNA","CNA_event_000178","PAVYGR","HOMDEL","exons 3",0.168
"ALL_CNA_cluster_0026","ALL_CNA","CNA_event_000129","PAVYTZ","HETDEL","exons 3",0.168
"ALL_CNA_cluster_0026","ALL_CNA","CNA_event_000130","PAVZCF","HETDEL","exons 3",0.425
"ALL_CNA_cluster_0026","ALL_CNA","CNA_event_000131","PAWAIM","HETDEL","exons 3",0.168
"ALL_CNA_cluster_0026","ALL_CNA","CNA_event_000132","PAWAIN","HETDEL","exons 3",0.168
"ALL_CNA_cluster_0026","ALL_CNA","CNA_event_000133","PAWAKA","HETDEL","exons 3",0.168
"ALL_CNA_cluster_0026","ALL_CNA","CNA_event_000134","PAWDEK","HETDEL","exons 3",0.168
"ALL_CNA_cluster_0026","ALL_CNA","CNA_event_000135","PAWDMI","HETDEL","exons 3",0.168
"ALL_CNA_cluster_0026","ALL_CNA","CNA_event_000136","PAWDWJ","HETDEL","exons 3;7",0.822
"ALL_CNA_cluster_0026","ALL_CNA","CNA_event_000137","PAWEEC","HETDEL","exons 3",0.168
"ALL_CNA_cluster_0026","ALL_CNA","CNA_event_000138","PAWEEX","HETDEL","exons 3",0.112
"ALL_CNA_cluster_0026","ALL_CNA","CNA_event_000139","PAWESJ","HETDEL","exons 3",0.346
"ALL_CNA_cluster_0026","ALL_CNA","CNA_event_000140","PAWETD","HETDEL","exons 3;7",0.822
"ALL_CNA_cluster_0026","ALL_CNA","CNA_event_000141","PAWFNJ","HETDEL","exons 3",0.346
"ALL_CNA_cluster_0026","ALL_CNA","CNA_event_000142","PAWFWF","HETDEL","exons 3",0.346
"ALL_CNA_cluster_0026","ALL_CNA","CNA_event_000143","PAWGCK","HETDEL","exons 3",0.168
"ALL_CNA_cluster_0026","ALL_CNA","CNA_event_000144","PAWGIT","HETDEL","exons 3",0.168
"ALL_CNA_cluster_0026","ALL_CNA","CNA_event_000145","PAWGXM","HETDEL","exons 7",0.496
"ALL_CNA_cluster_0026","ALL_CNA","CNA_event_000146","PAWGZM","HETDEL","exons 3",0.168
"ALL_CNA_cluster_0026","ALL_CNA","CNA_event_000147","PAWIWS","HETDEL","exons 3",0.355
"ALL_CNA_cluster_0026","ALL_CNA","CNA_event_000148","PAWJKX","HETDEL","exons 3",0.168
"ALL_CNA_cluster_0026","ALL_CNA","CNA_event_000149","PAWJYN","HETDEL","exons 3",0.346
"ALL_CNA_cluster_0026","ALL_CNA","CNA_event_000179","PAWKAN","HOMDEL","exons 3",0.168
"ALL_CNA_cluster_0027","ALL_CNA","CNA_event_000001","PARFLD","HETDEL","exons 3",0.168
"ALL_CNA_cluster_0027","ALL_CNA","CNA_event_000002","PARJAY","HETDEL","exons 3",0.168
"ALL_CNA_cluster_0027","ALL_CNA","CNA_event_000003","PARJPL","HETDEL","exons 3",0.168
"ALL_CNA_cluster_0027","ALL_CNA","CNA_event_000004","PARNXJ","HETDEL","exons 3;4",0.822
"ALL_CNA_cluster_0027","ALL_CNA","CNA_event_000005","PARPET","HETDEL","exons 3",0.168
"ALL_CNA_cluster_0027","ALL_CNA","CNA_event_000150","PARSLA","HOMDEL","exons 3",0.168
"ALL_CNA_cluster_0027","ALL_CNA","CNA_event_000007","PARSNX","HETDEL","exons 3",0.29
"ALL_CNA_cluster_0027","ALL_CNA","CNA_event_000008","PARWNW","HETDEL","exons 4",0.654
"ALL_CNA_cluster_0027","ALL_CNA","CNA_event_000151","PARWNW","HOMDEL","exons 3",0.168
"ALL_CNA_cluster_0027","ALL_CNA","CNA_event_000009","PARXDJ","HETDEL","exons 3",0.168
"ALL_CNA_cluster_0027","ALL_CNA","CNA_event_000010","PARXPZ","HETDEL","exons 3;4",0.822
"ALL_CNA_cluster_0027","ALL_CNA","CNA_event_000011","PASGDZ","HETDEL","exons 3",0.168
"ALL_CNA_cluster_0027","ALL_CNA","CNA_event_000012","PASGUH","HETDEL","exons 3",0.168
"ALL_CNA_cluster_0027","ALL_CNA","CNA_event_000152","PASILW","HOMDEL","exons 3",0.168
"ALL_CNA_cluster_0027","ALL_CNA","CNA_event_000015","PASINX","HETDEL","exons 3",0.346
"ALL_CNA_cluster_0027","ALL_CNA","CNA_event_000016","PASIPN","HETDEL","exons 3",0.112
"ALL_CNA_cluster_0027","ALL_CNA","CNA_event_000018","PASJGV","HETDEL","exons 3",0.168
"ALL_CNA_cluster_0027","ALL_CNA","CNA_event_000019","PASKAD","HETDEL","exons 4",0.654
"ALL_CNA_cluster_0027","ALL_CNA","CNA_event_000153","PASKAD","HOMDEL","exons 3",0.168
"ALL_CNA_cluster_0027","ALL_CNA","CNA_event_000020","PASKLU","HETDEL","exons 4",0.111
"ALL_CNA_cluster_0027","ALL_CNA","CNA_event_000154","PASKLU","HOMDEL","exons 3",0.168
"ALL_CNA_cluster_0027","ALL_CNA","CNA_event_000021","PASKWG","HETDEL","exons 4",0.654
"ALL_CNA_cluster_0027","ALL_CNA","CNA_event_000155","PASKWG","HOMDEL","exons 3",0.168
"ALL_CNA_cluster_0027","ALL_CNA","CNA_event_000022","PASKXA","HETDEL","exons 3",0.168
"ALL_CNA_cluster_0027","ALL_CNA","CNA_event_000023","PASLXY","HETDEL","exons 3",0.346
"ALL_CNA_cluster_0027","ALL_CNA","CNA_event_000024","PASPDS","HETDEL","exons 3;4",0.355
"ALL_CNA_cluster_0027","ALL_CNA","CNA_event_000025","PASPLG","HETDEL","exons 3;4",0.425
"ALL_CNA_cluster_0027","ALL_CNA","CNA_event_000026","PASPNW","HETDEL","exons 3;4",0.822
"ALL_CNA_cluster_0027","ALL_CNA","CNA_event_000027","PASRAF","HETDEL","exons 3",0.168
"ALL_CNA_cluster_0027","ALL_CNA","CNA_event_000028","PASRMM","HETDEL","exons 3",0.346
"ALL_CNA_cluster_0027","ALL_CNA","CNA_event_000156","PASRPV","HOMDEL","exons 3",0.346
"ALL_CNA_cluster_0027","ALL_CNA","CNA_event_000030","PASRSE","HETDEL","exons 3",0.168
"ALL_CNA_cluster_0027","ALL_CNA","CNA_event_000031","PASRUK","HETDEL","exons 3",0.168
"ALL_CNA_cluster_0027","ALL_CNA","CNA_event_000032","PASTCH","HETDEL","exons 3;4",0.457
"ALL_CNA_cluster_0027","ALL_CNA","CNA_event_000033","PASTHE","HETDEL","exons 3;4",0.425
"ALL_CNA_cluster_0027","ALL_CNA","CNA_event_000034","PASUSV","HETDEL","exons 3;4",0.822
"ALL_CNA_cluster_0027","ALL_CNA","CNA_event_000035","PASVWH","HETDEL","exons 3",0.168
"ALL_CNA_cluster_0027","ALL_CNA","CNA_event_000036","PASVZJ","HETDEL","exons 3",0.168
"ALL_CNA_cluster_0027","ALL_CNA","CNA_event_000037","PASWXB","HETDEL","exons 3",0.168
"ALL_CNA_cluster_0027","ALL_CNA","CNA_event_000038","PASWYU","HETDEL","exons 4",0.586
"ALL_CNA_cluster_0027","ALL_CNA","CNA_event_000157","PASWYU","HOMDEL","exons 3",0.168
"ALL_CNA_cluster_0027","ALL_CNA","CNA_event_000039","PASYNX","HETDEL","exons 4",0.36
"ALL_CNA_cluster_0027","ALL_CNA","CNA_event_000040","PASYSJ","HETDEL","exons 3",0.168
"ALL_CNA_cluster_0027","ALL_CNA","CNA_event_000041","PASYVU","HETDEL","exons 3",0.168
"ALL_CNA_cluster_0027","ALL_CNA","CNA_event_000042","PASYWF","HETDEL","exons 4",0.654
"ALL_CNA_cluster_0027","ALL_CNA","CNA_event_000158","PASYWF","HOMDEL","exons 3",0.168
"ALL_CNA_cluster_0027","ALL_CNA","CNA_event_000043","PASZAY","HETDEL","exons 3",0.168
"ALL_CNA_cluster_0027","ALL_CNA","CNA_event_000044","PATALF","HETDEL","exons 3;4",0.425
"ALL_CNA_cluster_0027","ALL_CNA","CNA_event_000045","PATBTX","HETDEL","exons 3",0.168
"ALL_CNA_cluster_0027","ALL_CNA","CNA_event_000046","PATCTR","HETDEL","exons 4",0.257
"ALL_CNA_cluster_0027","ALL_CNA","CNA_event_000159","PATCTR","HOMDEL","exons 3",0.346
"ALL_CNA_cluster_0027","ALL_CNA","CNA_event_000047","PATDTN","HETDEL","exons 3",0.168
"ALL_CNA_cluster_0027","ALL_CNA","CNA_event_000048","PATFPU","HETDEL","exons 3",0.168
"ALL_CNA_cluster_0027","ALL_CNA","CNA_event_000160","PATGBY","HOMDEL","exons 3",0.168
"ALL_CNA_cluster_0027","ALL_CNA","CNA_event_000050","PATHFE","HETDEL","exons 3;4",0.822
"ALL_CNA_cluster_0027","ALL_CNA","CNA_event_000052","PATJLY","HETDEL","exons 3;4",0.355
"ALL_CNA_cluster_0027","ALL_CNA","CNA_event_000161","PATJRX","HOMDEL","exons 3",0.168
"ALL_CNA_cluster_0027","ALL_CNA","CNA_event_000162","PATKVD","HOMDEL","exons 3",0.168
"ALL_CNA_cluster_0027","ALL_CNA","CNA_event_000054","PATKZH","HETDEL","exons 3",0.346
"ALL_CNA_cluster_0027","ALL_CNA","CNA_event_000055","PATLLH","HETDEL","exons 3;4",0.425
"ALL_CNA_cluster_0027","ALL_CNA","CNA_event_000057","PATPDA","HETDEL","exons 3;4",0.664
"ALL_CNA_cluster_0027","ALL_CNA","CNA_event_000058","PATRAB","HETDEL","exons 3",0.168
"ALL_CNA_cluster_0027","ALL_CNA","CNA_event_000059","PATRKV","HETDEL","exons 3;4",0.223
"ALL_CNA_cluster_0027","ALL_CNA","CNA_event_000060","PATSPG","HETDEL","exons 3",0.346
"ALL_CNA_cluster_0027","ALL_CNA","CNA_event_000061","PATWJU","HETDEL","exons 3",0.168
"ALL_CNA_cluster_0027","ALL_CNA","CNA_event_000163","PATYWV","HOMDEL","exons 3",0.168
"ALL_CNA_cluster_0027","ALL_CNA","CNA_event_000063","PATZST","HETDEL","exons 3",0.168
"ALL_CNA_cluster_0027","ALL_CNA","CNA_event_000064","PATZYR","HETDEL","exons 3",0.168
"ALL_CNA_cluster_0027","ALL_CNA","CNA_event_000065","PAUAKN","HETDEL","exons 3",0.168
"ALL_CNA_cluster_0027","ALL_CNA","CNA_event_000066","PAUAZV","HETDEL","exons 3",0.168
"ALL_CNA_cluster_0027","ALL_CNA","CNA_event_000067","PAUBCT","HETDEL","exons 3",0.168
"ALL_CNA_cluster_0027","ALL_CNA","CNA_event_000164","PAUBTC","HOMDEL","exons 3",0.168
"ALL_CNA_cluster_0027","ALL_CNA","CNA_event_000070","PAUCDC","HETDEL","exons 3;4",0.822
"ALL_CNA_cluster_0027","ALL_CNA","CNA_event_000071","PAUEDT","HETDEL","exons 3",0.168
"ALL_CNA_cluster_0027","ALL_CNA","CNA_event_000165","PAUEUC","HOMDEL","exons 3",0.168
"ALL_CNA_cluster_0027","ALL_CNA","CNA_event_000074","PAUEVJ","HETDEL","exons 3",0.168
"ALL_CNA_cluster_0027","ALL_CNA","CNA_event_000075","PAUEXN","HETDEL","exons 3",0.206
"ALL_CNA_cluster_0027","ALL_CNA","CNA_event_000077","PAUGDT","HETDEL","exons 3",0.168
"ALL_CNA_cluster_0027","ALL_CNA","CNA_event_000078","PAUGLY","HETDEL","exons 3",0.346
"ALL_CNA_cluster_0027","ALL_CNA","CNA_event_000079","PAUIEM","HETDEL","exons 4",0.654
"ALL_CNA_cluster_0027","ALL_CNA","CNA_event_000166","PAUIEM","HOMDEL","exons 3",0.168
"ALL_CNA_cluster_0027","ALL_CNA","CNA_event_000080","PAUIFA","HETDEL","exons 3",0.168
"ALL_CNA_cluster_0027","ALL_CNA","CNA_event_000081","PAUJVL","HETDEL","exons 3",0.346
"ALL_CNA_cluster_0027","ALL_CNA","CNA_event_000083","PAUKZJ","HETDEL","exons 3;4",0.608
"ALL_CNA_cluster_0027","ALL_CNA","CNA_event_000084","PAULCK","HETDEL","exons 3",0.168
"ALL_CNA_cluster_0027","ALL_CNA","CNA_event_000167","PAULGX","HOMDEL","exons 3;4",0.603
"ALL_CNA_cluster_0027","ALL_CNA","CNA_event_000168","PAUMIB","HOMDEL","exons 3",0.346
"ALL_CNA_cluster_0027","ALL_CNA","CNA_event_000087","PAUMLX","HETDEL","exons 3",0.346
"ALL_CNA_cluster_0027","ALL_CNA","CNA_event_000088","PAUMXB","HETDEL","exons 3",0.346
"ALL_CNA_cluster_0027","ALL_CNA","CNA_event_000089","PAUPUW","HETDEL","exons 3",0.168
"ALL_CNA_cluster_0027","ALL_CNA","CNA_event_000090","PAURLU","HETDEL","exons 3",0.168
"ALL_CNA_cluster_0027","ALL_CNA","CNA_event_000091","PAUSIS","HETDEL","exons 3;4",0.822
"ALL_CNA_cluster_0027","ALL_CNA","CNA_event_000092","PAUTBB","HETDEL","exons 3",0.168
"ALL_CNA_cluster_0027","ALL_CNA","CNA_event_000093","PAUTUL","HETDEL","exons 3;4",0.664
"ALL_CNA_cluster_0027","ALL_CNA","CNA_event_000094","PAUUAL","HETDEL","exons 3",0.168
"ALL_CNA_cluster_0027","ALL_CNA","CNA_event_000169","PAUUBG","HOMDEL","exons 3",0.168
"ALL_CNA_cluster_0027","ALL_CNA","CNA_event_000095","PAUUIK","HETDEL","exons 3",0.168
"ALL_CNA_cluster_0027","ALL_CNA","CNA_event_000096","PAUWMZ","HETDEL","exons 3",0.168
"ALL_CNA_cluster_0027","ALL_CNA","CNA_event_000097","PAUWXI","HETDEL","exons 3;4",0.822
"ALL_CNA_cluster_0027","ALL_CNA","CNA_event_000098","PAUXCW","HETDEL","exons 3",0.168
"ALL_CNA_cluster_0027","ALL_CNA","CNA_event_000099","PAUXKE","HETDEL","exons 3",0.168
"ALL_CNA_cluster_0027","ALL_CNA","CNA_event_000100","PAUXRM","HETDEL","exons 3;4",0.279
"ALL_CNA_cluster_0027","ALL_CNA","CNA_event_000101","PAUXYI","HETDEL","exons 3;4",0.355
"ALL_CNA_cluster_0027","ALL_CNA","CNA_event_000102","PAUYJF","HETDEL","exons 3;4",0.425
"ALL_CNA_cluster_0027","ALL_CNA","CNA_event_000170","PAVBFC","HOMDEL","exons 3",0.168
"ALL_CNA_cluster_0027","ALL_CNA","CNA_event_000104","PAVCRK","HETDEL","exons 3",0.168
"ALL_CNA_cluster_0027","ALL_CNA","CNA_event_000171","PAVESF","HOMDEL","exons 3",0.168
"ALL_CNA_cluster_0027","ALL_CNA","CNA_event_000105","PAVFAX","HETDEL","exons 3",0.168
"ALL_CNA_cluster_0027","ALL_CNA","CNA_event_000106","PAVHAA","HETDEL","exons 3",0.168
"ALL_CNA_cluster_0027","ALL_CNA","CNA_event_000107","PAVHBL","HETDEL","exons 3",0.168
"ALL_CNA_cluster_0027","ALL_CNA","CNA_event_000108","PAVHGX","HETDEL","exons 3",0.168
"ALL_CNA_cluster_0027","ALL_CNA","CNA_event_000172","PAVKCV","HOMDEL","exons 3",0.168
"ALL_CNA_cluster_0027","ALL_CNA","CNA_event_000112","PAVKPV","HETDEL","exons 3",0.168
"ALL_CNA_cluster_0027","ALL_CNA","CNA_event_000173","PAVKWV","HOMDEL","exons 3",0.168
"ALL_CNA_cluster_0027","ALL_CNA","CNA_event_000114","PAVLLU","HETDEL","exons 3",0.168
"ALL_CNA_cluster_0027","ALL_CNA","CNA_event_000174","PAVLMY","HOMDEL","exons 3",0.168
"ALL_CNA_cluster_0027","ALL_CNA","CNA_event_000115","PAVMKN","HETDEL","exons 3",0.168
"ALL_CNA_cluster_0027","ALL_CNA","CNA_event_000116","PAVMPT","HETDEL","exons 3;4",0.279
"ALL_CNA_cluster_0027","ALL_CNA","CNA_event_000117","PAVNGZ","HETDEL","exons 3",0.168
"ALL_CNA_cluster_0027","ALL_CNA","CNA_event_000119","PAVNTB","HETDEL","exons 3",0.168
"ALL_CNA_cluster_0027","ALL_CNA","CNA_event_000120","PAVPCB","HETDEL","exons 3",0.206
"ALL_CNA_cluster_0027","ALL_CNA","CNA_event_000121","PAVRXK","HETDEL","exons 3;4",0.932
"ALL_CNA_cluster_0027","ALL_CNA","CNA_event_000175","PAVVBE","HOMDEL","exons 3;4",0.754
"ALL_CNA_cluster_0027","ALL_CNA","CNA_event_000123","PAVVDS","HETDEL","exons 4",0.257
"ALL_CNA_cluster_0027","ALL_CNA","CNA_event_000176","PAVVDS","HOMDEL","exons 3",0.168
"ALL_CNA_cluster_0027","ALL_CNA","CNA_event_000124","PAVWDF","HETDEL","exons 3",0.168
"ALL_CNA_cluster_0027","ALL_CNA","CNA_event_000125","PAVWNL","HETDEL","exons 3",0.346
"ALL_CNA_cluster_0027","ALL_CNA","CNA_event_000177","PAVYAZ","HOMDEL","exons 3",0.168
"ALL_CNA_cluster_0027","ALL_CNA","CNA_event_000178","PAVYGR","HOMDEL","exons 3",0.168
"ALL_CNA_cluster_0027","ALL_CNA","CNA_event_000129","PAVYTZ","HETDEL","exons 3",0.168
"ALL_CNA_cluster_0027","ALL_CNA","CNA_event_000130","PAVZCF","HETDEL","exons 3;4",0.425
"ALL_CNA_cluster_0027","ALL_CNA","CNA_event_000131","PAWAIM","HETDEL","exons 3",0.168
"ALL_CNA_cluster_0027","ALL_CNA","CNA_event_000132","PAWAIN","HETDEL","exons 3",0.168
"ALL_CNA_cluster_0027","ALL_CNA","CNA_event_000133","PAWAKA","HETDEL","exons 3",0.168
"ALL_CNA_cluster_0027","ALL_CNA","CNA_event_000134","PAWDEK","HETDEL","exons 3",0.168
"ALL_CNA_cluster_0027","ALL_CNA","CNA_event_000135","PAWDMI","HETDEL","exons 3",0.168
"ALL_CNA_cluster_0027","ALL_CNA","CNA_event_000136","PAWDWJ","HETDEL","exons 3;4",0.822
"ALL_CNA_cluster_0027","ALL_CNA","CNA_event_000137","PAWEEC","HETDEL","exons 3",0.168
"ALL_CNA_cluster_0027","ALL_CNA","CNA_event_000138","PAWEEX","HETDEL","exons 3",0.112
"ALL_CNA_cluster_0027","ALL_CNA","CNA_event_000139","PAWESJ","HETDEL","exons 3",0.346
"ALL_CNA_cluster_0027","ALL_CNA","CNA_event_000140","PAWETD","HETDEL","exons 3;4",0.822
"ALL_CNA_cluster_0027","ALL_CNA","CNA_event_000141","PAWFNJ","HETDEL","exons 3",0.346
"ALL_CNA_cluster_0027","ALL_CNA","CNA_event_000142","PAWFWF","HETDEL","exons 3",0.346
"ALL_CNA_cluster_0027","ALL_CNA","CNA_event_000143","PAWGCK","HETDEL","exons 3",0.168
"ALL_CNA_cluster_0027","ALL_CNA","CNA_event_000144","PAWGIT","HETDEL","exons 3",0.168
"ALL_CNA_cluster_0027","ALL_CNA","CNA_event_000145","PAWGXM","HETDEL","exons 4",0.496
"ALL_CNA_cluster_0027","ALL_CNA","CNA_event_000146","PAWGZM","HETDEL","exons 3",0.168
"ALL_CNA_cluster_0027","ALL_CNA","CNA_event_000147","PAWIWS","HETDEL","exons 3;4",0.355
"ALL_CNA_cluster_0027","ALL_CNA","CNA_event_000148","PAWJKX","HETDEL","exons 3",0.168
"ALL_CNA_cluster_0027","ALL_CNA","CNA_event_000149","PAWJYN","HETDEL","exons 3",0.346
"ALL_CNA_cluster_0027","ALL_CNA","CNA_event_000179","PAWKAN","HOMDEL","exons 3",0.168
"ALL_CNA_cluster_0028","ALL_CNA","CNA_event_000001","PARFLD","HETDEL","exons 2;3",0.168
"ALL_CNA_cluster_0028","ALL_CNA","CNA_event_000002","PARJAY","HETDEL","exons 2;3",0.168
"ALL_CNA_cluster_0028","ALL_CNA","CNA_event_000003","PARJPL","HETDEL","exons 2;3",0.168
"ALL_CNA_cluster_0028","ALL_CNA","CNA_event_000004","PARNXJ","HETDEL","exons 2;3;7",0.822
"ALL_CNA_cluster_0028","ALL_CNA","CNA_event_000005","PARPET","HETDEL","exons 2;3",0.168
"ALL_CNA_cluster_0028","ALL_CNA","CNA_event_000150","PARSLA","HOMDEL","exons 2;3",0.168
"ALL_CNA_cluster_0028","ALL_CNA","CNA_event_000007","PARSNX","HETDEL","exons 2;3",0.29
"ALL_CNA_cluster_0028","ALL_CNA","CNA_event_000008","PARWNW","HETDEL","exons 7",0.654
"ALL_CNA_cluster_0028","ALL_CNA","CNA_event_000151","PARWNW","HOMDEL","exons 2;3",0.168
"ALL_CNA_cluster_0028","ALL_CNA","CNA_event_000009","PARXDJ","HETDEL","exons 2;3",0.168
"ALL_CNA_cluster_0028","ALL_CNA","CNA_event_000010","PARXPZ","HETDEL","exons 2;3;7",0.822
"ALL_CNA_cluster_0028","ALL_CNA","CNA_event_000011","PASGDZ","HETDEL","exons 2;3",0.168
"ALL_CNA_cluster_0028","ALL_CNA","CNA_event_000012","PASGUH","HETDEL","exons 2;3",0.168
"ALL_CNA_cluster_0028","ALL_CNA","CNA_event_000152","PASILW","HOMDEL","exons 2;3",0.168
"ALL_CNA_cluster_0028","ALL_CNA","CNA_event_000015","PASINX","HETDEL","exons 2;3",0.346
"ALL_CNA_cluster_0028","ALL_CNA","CNA_event_000016","PASIPN","HETDEL","exons 3",0.112
"ALL_CNA_cluster_0028","ALL_CNA","CNA_event_000017","PASIPN","HETDEL","exons 2",0.056
"ALL_CNA_cluster_0028","ALL_CNA","CNA_event_000018","PASJGV","HETDEL","exons 2;3",0.168
"ALL_CNA_cluster_0028","ALL_CNA","CNA_event_000019","PASKAD","HETDEL","exons 7",0.654
"ALL_CNA_cluster_0028","ALL_CNA","CNA_event_000153","PASKAD","HOMDEL","exons 2;3",0.168
"ALL_CNA_cluster_0028","ALL_CNA","CNA_event_000154","PASKLU","HOMDEL","exons 2;3",0.168
"ALL_CNA_cluster_0028","ALL_CNA","CNA_event_000021","PASKWG","HETDEL","exons 7",0.654
"ALL_CNA_cluster_0028","ALL_CNA","CNA_event_000155","PASKWG","HOMDEL","exons 2;3",0.168
"ALL_CNA_cluster_0028","ALL_CNA","CNA_event_000022","PASKXA","HETDEL","exons 2;3",0.168
"ALL_CNA_cluster_0028","ALL_CNA","CNA_event_000023","PASLXY","HETDEL","exons 2;3",0.346
"ALL_CNA_cluster_0028","ALL_CNA","CNA_event_000024","PASPDS","HETDEL","exons 2;3",0.355
"ALL_CNA_cluster_0028","ALL_CNA","CNA_event_000025","PASPLG","HETDEL","exons 2;3",0.425
"ALL_CNA_cluster_0028","ALL_CNA","CNA_event_000026","PASPNW","HETDEL","exons 2;3;7",0.822
"ALL_CNA_cluster_0028","ALL_CNA","CNA_event_000027","PASRAF","HETDEL","exons 2;3",0.168
"ALL_CNA_cluster_0028","ALL_CNA","CNA_event_000028","PASRMM","HETDEL","exons 2;3",0.346
"ALL_CNA_cluster_0028","ALL_CNA","CNA_event_000156","PASRPV","HOMDEL","exons 2;3",0.346
"ALL_CNA_cluster_0028","ALL_CNA","CNA_event_000030","PASRSE","HETDEL","exons 2;3",0.168
"ALL_CNA_cluster_0028","ALL_CNA","CNA_event_000031","PASRUK","HETDEL","exons 2;3",0.168
"ALL_CNA_cluster_0028","ALL_CNA","CNA_event_000032","PASTCH","HETDEL","exons 2;3",0.457
"ALL_CNA_cluster_0028","ALL_CNA","CNA_event_000033","PASTHE","HETDEL","exons 2;3",0.425
"ALL_CNA_cluster_0028","ALL_CNA","CNA_event_000034","PASUSV","HETDEL","exons 2;3;7",0.822
"ALL_CNA_cluster_0028","ALL_CNA","CNA_event_000035","PASVWH","HETDEL","exons 2;3",0.168
"ALL_CNA_cluster_0028","ALL_CNA","CNA_event_000036","PASVZJ","HETDEL","exons 2;3",0.168
"ALL_CNA_cluster_0028","ALL_CNA","CNA_event_000037","PASWXB","HETDEL","exons 2;3",0.168
"ALL_CNA_cluster_0028","ALL_CNA","CNA_event_000038","PASWYU","HETDEL","exons 7",0.586
"ALL_CNA_cluster_0028","ALL_CNA","CNA_event_000157","PASWYU","HOMDEL","exons 2;3",0.168
"ALL_CNA_cluster_0028","ALL_CNA","CNA_event_000039","PASYNX","HETDEL","exons 7",0.36
"ALL_CNA_cluster_0028","ALL_CNA","CNA_event_000040","PASYSJ","HETDEL","exons 2;3",0.168
"ALL_CNA_cluster_0028","ALL_CNA","CNA_event_000041","PASYVU","HETDEL","exons 2;3",0.168
"ALL_CNA_cluster_0028","ALL_CNA","CNA_event_000042","PASYWF","HETDEL","exons 7",0.654
"ALL_CNA_cluster_0028","ALL_CNA","CNA_event_000158","PASYWF","HOMDEL","exons 2;3",0.168
"ALL_CNA_cluster_0028","ALL_CNA","CNA_event_000043","PASZAY","HETDEL","exons 2;3",0.168
"ALL_CNA_cluster_0028","ALL_CNA","CNA_event_000044","PATALF","HETDEL","exons 2;3",0.425
"ALL_CNA_cluster_0028","ALL_CNA","CNA_event_000045","PATBTX","HETDEL","exons 2;3",0.168
"ALL_CNA_cluster_0028","ALL_CNA","CNA_event_000159","PATCTR","HOMDEL","exons 2;3",0.346
"ALL_CNA_cluster_0028","ALL_CNA","CNA_event_000047","PATDTN","HETDEL","exons 2;3",0.168
"ALL_CNA_cluster_0028","ALL_CNA","CNA_event_000048","PATFPU","HETDEL","exons 2;3",0.168
"ALL_CNA_cluster_0028","ALL_CNA","CNA_event_000160","PATGBY","HOMDEL","exons 2;3",0.168
"ALL_CNA_cluster_0028","ALL_CNA","CNA_event_000050","PATHFE","HETDEL","exons 2;3;7",0.822
"ALL_CNA_cluster_0028","ALL_CNA","CNA_event_000052","PATJLY","HETDEL","exons 2;3",0.355
"ALL_CNA_cluster_0028","ALL_CNA","CNA_event_000161","PATJRX","HOMDEL","exons 2;3",0.168
"ALL_CNA_cluster_0028","ALL_CNA","CNA_event_000162","PATKVD","HOMDEL","exons 2;3",0.168
"ALL_CNA_cluster_0028","ALL_CNA","CNA_event_000054","PATKZH","HETDEL","exons 2;3",0.346
"ALL_CNA_cluster_0028","ALL_CNA","CNA_event_000055","PATLLH","HETDEL","exons 2;3",0.425
"ALL_CNA_cluster_0028","ALL_CNA","CNA_event_000056","PATNAM","HETDEL","exons 2",0.234
"ALL_CNA_cluster_0028","ALL_CNA","CNA_event_000057","PATPDA","HETDEL","exons 2;3;7",0.664
"ALL_CNA_cluster_0028","ALL_CNA","CNA_event_000058","PATRAB","HETDEL","exons 2;3",0.168
"ALL_CNA_cluster_0028","ALL_CNA","CNA_event_000059","PATRKV","HETDEL","exons 3",0.223
"ALL_CNA_cluster_0028","ALL_CNA","CNA_event_000060","PATSPG","HETDEL","exons 2;3",0.346
"ALL_CNA_cluster_0028","ALL_CNA","CNA_event_000061","PATWJU","HETDEL","exons 2;3",0.168
"ALL_CNA_cluster_0028","ALL_CNA","CNA_event_000163","PATYWV","HOMDEL","exons 2;3",0.168
"ALL_CNA_cluster_0028","ALL_CNA","CNA_event_000063","PATZST","HETDEL","exons 2;3",0.168
"ALL_CNA_cluster_0028","ALL_CNA","CNA_event_000064","PATZYR","HETDEL","exons 2;3",0.168
"ALL_CNA_cluster_0028","ALL_CNA","CNA_event_000065","PAUAKN","HETDEL","exons 2;3",0.168
"ALL_CNA_cluster_0028","ALL_CNA","CNA_event_000066","PAUAZV","HETDEL","exons 2;3",0.168
"ALL_CNA_cluster_0028","ALL_CNA","CNA_event_000067","PAUBCT","HETDEL","exons 2;3",0.168
"ALL_CNA_cluster_0028","ALL_CNA","CNA_event_000164","PAUBTC","HOMDEL","exons 2;3",0.168
"ALL_CNA_cluster_0028","ALL_CNA","CNA_event_000070","PAUCDC","HETDEL","exons 2;3;7",0.822
"ALL_CNA_cluster_0028","ALL_CNA","CNA_event_000071","PAUEDT","HETDEL","exons 2;3",0.168
"ALL_CNA_cluster_0028","ALL_CNA","CNA_event_000165","PAUEUC","HOMDEL","exons 2;3",0.168
"ALL_CNA_cluster_0028","ALL_CNA","CNA_event_000074","PAUEVJ","HETDEL","exons 2;3",0.168
"ALL_CNA_cluster_0028","ALL_CNA","CNA_event_000075","PAUEXN","HETDEL","exons 2;3",0.206
"ALL_CNA_cluster_0028","ALL_CNA","CNA_event_000077","PAUGDT","HETDEL","exons 2;3",0.168
"ALL_CNA_cluster_0028","ALL_CNA","CNA_event_000078","PAUGLY","HETDEL","exons 2;3",0.346
"ALL_CNA_cluster_0028","ALL_CNA","CNA_event_000079","PAUIEM","HETDEL","exons 7",0.654
"ALL_CNA_cluster_0028","ALL_CNA","CNA_event_000166","PAUIEM","HOMDEL","exons 2;3",0.168
"ALL_CNA_cluster_0028","ALL_CNA","CNA_event_000080","PAUIFA","HETDEL","exons 2;3",0.168
"ALL_CNA_cluster_0028","ALL_CNA","CNA_event_000081","PAUJVL","HETDEL","exons 2;3",0.346
"ALL_CNA_cluster_0028","ALL_CNA","CNA_event_000083","PAUKZJ","HETDEL","exons 3;7",0.608
"ALL_CNA_cluster_0028","ALL_CNA","CNA_event_000084","PAULCK","HETDEL","exons 2;3",0.168
"ALL_CNA_cluster_0028","ALL_CNA","CNA_event_000085","PAULGX","HETDEL","exons 7",0.239
"ALL_CNA_cluster_0028","ALL_CNA","CNA_event_000167","PAULGX","HOMDEL","exons 2;3",0.603
"ALL_CNA_cluster_0028","ALL_CNA","CNA_event_000168","PAUMIB","HOMDEL","exons 2;3",0.346
"ALL_CNA_cluster_0028","ALL_CNA","CNA_event_000087","PAUMLX","HETDEL","exons 2;3",0.346
"ALL_CNA_cluster_0028","ALL_CNA","CNA_event_000088","PAUMXB","HETDEL","exons 2;3",0.346
"ALL_CNA_cluster_0028","ALL_CNA","CNA_event_000089","PAUPUW","HETDEL","exons 2;3",0.168
"ALL_CNA_cluster_0028","ALL_CNA","CNA_event_000090","PAURLU","HETDEL","exons 2;3",0.168
"ALL_CNA_cluster_0028","ALL_CNA","CNA_event_000091","PAUSIS","HETDEL","exons 2;3;7",0.822
"ALL_CNA_cluster_0028","ALL_CNA","CNA_event_000092","PAUTBB","HETDEL","exons 2;3",0.168
"ALL_CNA_cluster_0028","ALL_CNA","CNA_event_000093","PAUTUL","HETDEL","exons 2;3;7",0.664
"ALL_CNA_cluster_0028","ALL_CNA","CNA_event_000094","PAUUAL","HETDEL","exons 2;3",0.168
"ALL_CNA_cluster_0028","ALL_CNA","CNA_event_000169","PAUUBG","HOMDEL","exons 2;3",0.168
"ALL_CNA_cluster_0028","ALL_CNA","CNA_event_000095","PAUUIK","HETDEL","exons 2;3",0.168
"ALL_CNA_cluster_0028","ALL_CNA","CNA_event_000096","PAUWMZ","HETDEL","exons 2;3",0.168
"ALL_CNA_cluster_0028","ALL_CNA","CNA_event_000097","PAUWXI","HETDEL","exons 2;3;7",0.822
"ALL_CNA_cluster_0028","ALL_CNA","CNA_event_000098","PAUXCW","HETDEL","exons 2;3",0.168
"ALL_CNA_cluster_0028","ALL_CNA","CNA_event_000099","PAUXKE","HETDEL","exons 2;3",0.168
"ALL_CNA_cluster_0028","ALL_CNA","CNA_event_000100","PAUXRM","HETDEL","exons 2;3",0.279
"ALL_CNA_cluster_0028","ALL_CNA","CNA_event_000101","PAUXYI","HETDEL","exons 2;3",0.355
"ALL_CNA_cluster_0028","ALL_CNA","CNA_event_000102","PAUYJF","HETDEL","exons 2;3",0.425
"ALL_CNA_cluster_0028","ALL_CNA","CNA_event_000170","PAVBFC","HOMDEL","exons 2;3",0.168
"ALL_CNA_cluster_0028","ALL_CNA","CNA_event_000104","PAVCRK","HETDEL","exons 2;3",0.168
"ALL_CNA_cluster_0028","ALL_CNA","CNA_event_000171","PAVESF","HOMDEL","exons 2;3",0.168
"ALL_CNA_cluster_0028","ALL_CNA","CNA_event_000105","PAVFAX","HETDEL","exons 2;3",0.168
"ALL_CNA_cluster_0028","ALL_CNA","CNA_event_000106","PAVHAA","HETDEL","exons 2;3",0.168
"ALL_CNA_cluster_0028","ALL_CNA","CNA_event_000107","PAVHBL","HETDEL","exons 2;3",0.168
"ALL_CNA_cluster_0028","ALL_CNA","CNA_event_000108","PAVHGX","HETDEL","exons 2;3",0.168
"ALL_CNA_cluster_0028","ALL_CNA","CNA_event_000172","PAVKCV","HOMDEL","exons 2;3",0.168
"ALL_CNA_cluster_0028","ALL_CNA","CNA_event_000112","PAVKPV","HETDEL","exons 2;3",0.168
"ALL_CNA_cluster_0028","ALL_CNA","CNA_event_000173","PAVKWV","HOMDEL","exons 2;3",0.168
"ALL_CNA_cluster_0028","ALL_CNA","CNA_event_000114","PAVLLU","HETDEL","exons 2;3",0.168
"ALL_CNA_cluster_0028","ALL_CNA","CNA_event_000174","PAVLMY","HOMDEL","exons 2;3",0.168
"ALL_CNA_cluster_0028","ALL_CNA","CNA_event_000115","PAVMKN","HETDEL","exons 2;3",0.168
"ALL_CNA_cluster_0028","ALL_CNA","CNA_event_000116","PAVMPT","HETDEL","exons 2;3",0.279
"ALL_CNA_cluster_0028","ALL_CNA","CNA_event_000117","PAVNGZ","HETDEL","exons 2;3",0.168
"ALL_CNA_cluster_0028","ALL_CNA","CNA_event_000119","PAVNTB","HETDEL","exons 2;3",0.168
"ALL_CNA_cluster_0028","ALL_CNA","CNA_event_000120","PAVPCB","HETDEL","exons 2;3",0.206
"ALL_CNA_cluster_0028","ALL_CNA","CNA_event_000121","PAVRXK","HETDEL","exons 2;3;7",0.932
"ALL_CNA_cluster_0028","ALL_CNA","CNA_event_000175","PAVVBE","HOMDEL","exons 2;3;7",0.754
"ALL_CNA_cluster_0028","ALL_CNA","CNA_event_000176","PAVVDS","HOMDEL","exons 2;3",0.168
"ALL_CNA_cluster_0028","ALL_CNA","CNA_event_000124","PAVWDF","HETDEL","exons 2;3",0.168
"ALL_CNA_cluster_0028","ALL_CNA","CNA_event_000125","PAVWNL","HETDEL","exons 2;3",0.346
"ALL_CNA_cluster_0028","ALL_CNA","CNA_event_000177","PAVYAZ","HOMDEL","exons 2;3",0.168
"ALL_CNA_cluster_0028","ALL_CNA","CNA_event_000178","PAVYGR","HOMDEL","exons 2;3",0.168
"ALL_CNA_cluster_0028","ALL_CNA","CNA_event_000129","PAVYTZ","HETDEL","exons 2;3",0.168
"ALL_CNA_cluster_0028","ALL_CNA","CNA_event_000130","PAVZCF","HETDEL","exons 2;3",0.425
"ALL_CNA_cluster_0028","ALL_CNA","CNA_event_000131","PAWAIM","HETDEL","exons 2;3",0.168
"ALL_CNA_cluster_0028","ALL_CNA","CNA_event_000132","PAWAIN","HETDEL","exons 2;3",0.168
"ALL_CNA_cluster_0028","ALL_CNA","CNA_event_000133","PAWAKA","HETDEL","exons 2;3",0.168
"ALL_CNA_cluster_0028","ALL_CNA","CNA_event_000134","PAWDEK","HETDEL","exons 2;3",0.168
"ALL_CNA_cluster_0028","ALL_CNA","CNA_event_000135","PAWDMI","HETDEL","exons 2;3",0.168
"ALL_CNA_cluster_0028","ALL_CNA","CNA_event_000136","PAWDWJ","HETDEL","exons 2;3;7",0.822
"ALL_CNA_cluster_0028","ALL_CNA","CNA_event_000137","PAWEEC","HETDEL","exons 2;3",0.168
"ALL_CNA_cluster_0028","ALL_CNA","CNA_event_000138","PAWEEX","HETDEL","exons 3",0.112
"ALL_CNA_cluster_0028","ALL_CNA","CNA_event_000139","PAWESJ","HETDEL","exons 2;3",0.346
"ALL_CNA_cluster_0028","ALL_CNA","CNA_event_000140","PAWETD","HETDEL","exons 2;3;7",0.822
"ALL_CNA_cluster_0028","ALL_CNA","CNA_event_000141","PAWFNJ","HETDEL","exons 2;3",0.346
"ALL_CNA_cluster_0028","ALL_CNA","CNA_event_000142","PAWFWF","HETDEL","exons 2;3",0.346
"ALL_CNA_cluster_0028","ALL_CNA","CNA_event_000143","PAWGCK","HETDEL","exons 2;3",0.168
"ALL_CNA_cluster_0028","ALL_CNA","CNA_event_000144","PAWGIT","HETDEL","exons 2;3",0.168
"ALL_CNA_cluster_0028","ALL_CNA","CNA_event_000145","PAWGXM","HETDEL","exons 7",0.496
"ALL_CNA_cluster_0028","ALL_CNA","CNA_event_000146","PAWGZM","HETDEL","exons 2;3",0.168
"ALL_CNA_cluster_0028","ALL_CNA","CNA_event_000147","PAWIWS","HETDEL","exons 2;3",0.355
"ALL_CNA_cluster_0028","ALL_CNA","CNA_event_000148","PAWJKX","HETDEL","exons 2;3",0.168
"ALL_CNA_cluster_0028","ALL_CNA","CNA_event_000149","PAWJYN","HETDEL","exons 2;3",0.346
"ALL_CNA_cluster_0028","ALL_CNA","CNA_event_000179","PAWKAN","HOMDEL","exons 2;3",0.168
"ALL_CNA_cluster_0029","ALL_CNA","CNA_event_000001","PARFLD","HETDEL","exons 2;3",0.168
"ALL_CNA_cluster_0029","ALL_CNA","CNA_event_000002","PARJAY","HETDEL","exons 2;3",0.168
"ALL_CNA_cluster_0029","ALL_CNA","CNA_event_000003","PARJPL","HETDEL","exons 2;3",0.168
"ALL_CNA_cluster_0029","ALL_CNA","CNA_event_000004","PARNXJ","HETDEL","exons 2;3;4",0.822
"ALL_CNA_cluster_0029","ALL_CNA","CNA_event_000005","PARPET","HETDEL","exons 2;3",0.168
"ALL_CNA_cluster_0029","ALL_CNA","CNA_event_000150","PARSLA","HOMDEL","exons 2;3",0.168
"ALL_CNA_cluster_0029","ALL_CNA","CNA_event_000007","PARSNX","HETDEL","exons 1;2;3",0.29
"ALL_CNA_cluster_0029","ALL_CNA","CNA_event_000008","PARWNW","HETDEL","exons 4",0.654
"ALL_CNA_cluster_0029","ALL_CNA","CNA_event_000151","PARWNW","HOMDEL","exons 2;3",0.168
"ALL_CNA_cluster_0029","ALL_CNA","CNA_event_000009","PARXDJ","HETDEL","exons 2;3",0.168
"ALL_CNA_cluster_0029","ALL_CNA","CNA_event_000010","PARXPZ","HETDEL","exons 2;3;4",0.822
"ALL_CNA_cluster_0029","ALL_CNA","CNA_event_000011","PASGDZ","HETDEL","exons 2;3",0.168
"ALL_CNA_cluster_0029","ALL_CNA","CNA_event_000012","PASGUH","HETDEL","exons 2;3",0.168
"ALL_CNA_cluster_0029","ALL_CNA","CNA_event_000013","PASILW","HETDEL","exons 1",0.178
"ALL_CNA_cluster_0029","ALL_CNA","CNA_event_000152","PASILW","HOMDEL","exons 2;3",0.168
"ALL_CNA_cluster_0029","ALL_CNA","CNA_event_000015","PASINX","HETDEL","exons 1;2;3",0.346
"ALL_CNA_cluster_0029","ALL_CNA","CNA_event_000016","PASIPN","HETDEL","exons 3",0.112
"ALL_CNA_cluster_0029","ALL_CNA","CNA_event_000017","PASIPN","HETDEL","exons 2",0.056
"ALL_CNA_cluster_0029","ALL_CNA","CNA_event_000018","PASJGV","HETDEL","exons 2;3",0.168
"ALL_CNA_cluster_0029","ALL_CNA","CNA_event_000019","PASKAD","HETDEL","exons 4",0.654
"ALL_CNA_cluster_0029","ALL_CNA","CNA_event_000153","PASKAD","HOMDEL","exons 2;3",0.168
"ALL_CNA_cluster_0029","ALL_CNA","CNA_event_000020","PASKLU","HETDEL","exons 4",0.111
"ALL_CNA_cluster_0029","ALL_CNA","CNA_event_000154","PASKLU","HOMDEL","exons 2;3",0.168
"ALL_CNA_cluster_0029","ALL_CNA","CNA_event_000021","PASKWG","HETDEL","exons 4",0.654
"ALL_CNA_cluster_0029","ALL_CNA","CNA_event_000155","PASKWG","HOMDEL","exons 2;3",0.168
"ALL_CNA_cluster_0029","ALL_CNA","CNA_event_000022","PASKXA","HETDEL","exons 2;3",0.168
"ALL_CNA_cluster_0029","ALL_CNA","CNA_event_000023","PASLXY","HETDEL","exons 1;2;3",0.346
"ALL_CNA_cluster_0029","ALL_CNA","CNA_event_000024","PASPDS","HETDEL","exons 2;3;4",0.355
"ALL_CNA_cluster_0029","ALL_CNA","CNA_event_000025","PASPLG","HETDEL","exons 2;3;4",0.425
"ALL_CNA_cluster_0029","ALL_CNA","CNA_event_000026","PASPNW","HETDEL","exons 2;3;4",0.822
"ALL_CNA_cluster_0029","ALL_CNA","CNA_event_000027","PASRAF","HETDEL","exons 2;3",0.168
"ALL_CNA_cluster_0029","ALL_CNA","CNA_event_000028","PASRMM","HETDEL","exons 1;2;3",0.346
"ALL_CNA_cluster_0029","ALL_CNA","CNA_event_000156","PASRPV","HOMDEL","exons 1;2;3",0.346
"ALL_CNA_cluster_0029","ALL_CNA","CNA_event_000030","PASRSE","HETDEL","exons 2;3",0.168
"ALL_CNA_cluster_0029","ALL_CNA","CNA_event_000031","PASRUK","HETDEL","exons 2;3",0.168
"ALL_CNA_cluster_0029","ALL_CNA","CNA_event_000032","PASTCH","HETDEL","exons 1;2;3;4",0.457
"ALL_CNA_cluster_0029","ALL_CNA","CNA_event_000033","PASTHE","HETDEL","exons 2;3;4",0.425
"ALL_CNA_cluster_0029","ALL_CNA","CNA_event_000034","PASUSV","HETDEL","exons 2;3;4",0.822
"ALL_CNA_cluster_0029","ALL_CNA","CNA_event_000035","PASVWH","HETDEL","exons 2;3",0.168
"ALL_CNA_cluster_0029","ALL_CNA","CNA_event_000036","PASVZJ","HETDEL","exons 2;3",0.168
"ALL_CNA_cluster_0029","ALL_CNA","CNA_event_000037","PASWXB","HETDEL","exons 2;3",0.168
"ALL_CNA_cluster_0029","ALL_CNA","CNA_event_000038","PASWYU","HETDEL","exons 4",0.586
"ALL_CNA_cluster_0029","ALL_CNA","CNA_event_000157","PASWYU","HOMDEL","exons 2;3",0.168
"ALL_CNA_cluster_0029","ALL_CNA","CNA_event_000039","PASYNX","HETDEL","exons 4",0.36
"ALL_CNA_cluster_0029","ALL_CNA","CNA_event_000040","PASYSJ","HETDEL","exons 2;3",0.168
"ALL_CNA_cluster_0029","ALL_CNA","CNA_event_000041","PASYVU","HETDEL","exons 2;3",0.168
"ALL_CNA_cluster_0029","ALL_CNA","CNA_event_000042","PASYWF","HETDEL","exons 4",0.654
"ALL_CNA_cluster_0029","ALL_CNA","CNA_event_000158","PASYWF","HOMDEL","exons 2;3",0.168
"ALL_CNA_cluster_0029","ALL_CNA","CNA_event_000043","PASZAY","HETDEL","exons 2;3",0.168
"ALL_CNA_cluster_0029","ALL_CNA","CNA_event_000044","PATALF","HETDEL","exons 2;3;4",0.425
"ALL_CNA_cluster_0029","ALL_CNA","CNA_event_000045","PATBTX","HETDEL","exons 2;3",0.168
"ALL_CNA_cluster_0029","ALL_CNA","CNA_event_000046","PATCTR","HETDEL","exons 4",0.257
"ALL_CNA_cluster_0029","ALL_CNA","CNA_event_000159","PATCTR","HOMDEL","exons 1;2;3",0.346
"ALL_CNA_cluster_0029","ALL_CNA","CNA_event_000047","PATDTN","HETDEL","exons 2;3",0.168
"ALL_CNA_cluster_0029","ALL_CNA","CNA_event_000048","PATFPU","HETDEL","exons 2;3",0.168
"ALL_CNA_cluster_0029","ALL_CNA","CNA_event_000160","PATGBY","HOMDEL","exons 2;3",0.168
"ALL_CNA_cluster_0029","ALL_CNA","CNA_event_000050","PATHFE","HETDEL","exons 2;3;4",0.822
"ALL_CNA_cluster_0029","ALL_CNA","CNA_event_000052","PATJLY","HETDEL","exons 2;3;4",0.355
"ALL_CNA_cluster_0029","ALL_CNA","CNA_event_000161","PATJRX","HOMDEL","exons 2;3",0.168
"ALL_CNA_cluster_0029","ALL_CNA","CNA_event_000162","PATKVD","HOMDEL","exons 2;3",0.168
"ALL_CNA_cluster_0029","ALL_CNA","CNA_event_000054","PATKZH","HETDEL","exons 1;2;3",0.346
"ALL_CNA_cluster_0029","ALL_CNA","CNA_event_000055","PATLLH","HETDEL","exons 2;3;4",0.425
"ALL_CNA_cluster_0029","ALL_CNA","CNA_event_000056","PATNAM","HETDEL","exons 1;2",0.234
"ALL_CNA_cluster_0029","ALL_CNA","CNA_event_000057","PATPDA","HETDEL","exons 2;3;4",0.664
"ALL_CNA_cluster_0029","ALL_CNA","CNA_event_000058","PATRAB","HETDEL","exons 2;3",0.168
"ALL_CNA_cluster_0029","ALL_CNA","CNA_event_000059","PATRKV","HETDEL","exons 3;4",0.223
"ALL_CNA_cluster_0029","ALL_CNA","CNA_event_000060","PATSPG","HETDEL","exons 1;2;3",0.346
"ALL_CNA_cluster_0029","ALL_CNA","CNA_event_000061","PATWJU","HETDEL","exons 2;3",0.168
"ALL_CNA_cluster_0029","ALL_CNA","CNA_event_000163","PATYWV","HOMDEL","exons 2;3",0.168
"ALL_CNA_cluster_0029","ALL_CNA","CNA_event_000063","PATZST","HETDEL","exons 2;3",0.168
"ALL_CNA_cluster_0029","ALL_CNA","CNA_event_000064","PATZYR","HETDEL","exons 2;3",0.168
"ALL_CNA_cluster_0029","ALL_CNA","CNA_event_000065","PAUAKN","HETDEL","exons 2;3",0.168
"ALL_CNA_cluster_0029","ALL_CNA","CNA_event_000066","PAUAZV","HETDEL","exons 2;3",0.168
"ALL_CNA_cluster_0029","ALL_CNA","CNA_event_000067","PAUBCT","HETDEL","exons 2;3",0.168
"ALL_CNA_cluster_0029","ALL_CNA","CNA_event_000164","PAUBTC","HOMDEL","exons 2;3",0.168
"ALL_CNA_cluster_0029","ALL_CNA","CNA_event_000070","PAUCDC","HETDEL","exons 2;3;4",0.822
"ALL_CNA_cluster_0029","ALL_CNA","CNA_event_000071","PAUEDT","HETDEL","exons 2;3",0.168
"ALL_CNA_cluster_0029","ALL_CNA","CNA_event_000072","PAUEUC","HETDEL","exons 1",0.178
"ALL_CNA_cluster_0029","ALL_CNA","CNA_event_000165","PAUEUC","HOMDEL","exons 2;3",0.168
"ALL_CNA_cluster_0029","ALL_CNA","CNA_event_000074","PAUEVJ","HETDEL","exons 2;3",0.168
"ALL_CNA_cluster_0029","ALL_CNA","CNA_event_000075","PAUEXN","HETDEL","exons 1;2;3",0.206
"ALL_CNA_cluster_0029","ALL_CNA","CNA_event_000077","PAUGDT","HETDEL","exons 2;3",0.168
"ALL_CNA_cluster_0029","ALL_CNA","CNA_event_000078","PAUGLY","HETDEL","exons 1;2;3",0.346
"ALL_CNA_cluster_0029","ALL_CNA","CNA_event_000079","PAUIEM","HETDEL","exons 4",0.654
"ALL_CNA_cluster_0029","ALL_CNA","CNA_event_000166","PAUIEM","HOMDEL","exons 2;3",0.168
"ALL_CNA_cluster_0029","ALL_CNA","CNA_event_000080","PAUIFA","HETDEL","exons 2;3",0.168
"ALL_CNA_cluster_0029","ALL_CNA","CNA_event_000081","PAUJVL","HETDEL","exons 1;2;3",0.346
"ALL_CNA_cluster_0029","ALL_CNA","CNA_event_000083","PAUKZJ","HETDEL","exons 3;4",0.608
"ALL_CNA_cluster_0029","ALL_CNA","CNA_event_000084","PAULCK","HETDEL","exons 2;3",0.168
"ALL_CNA_cluster_0029","ALL_CNA","CNA_event_000167","PAULGX","HOMDEL","exons 1;2;3;4",0.603
"ALL_CNA_cluster_0029","ALL_CNA","CNA_event_000168","PAUMIB","HOMDEL","exons 1;2;3",0.346
"ALL_CNA_cluster_0029","ALL_CNA","CNA_event_000087","PAUMLX","HETDEL","exons 1;2;3",0.346
"ALL_CNA_cluster_0029","ALL_CNA","CNA_event_000088","PAUMXB","HETDEL","exons 1;2;3",0.346
"ALL_CNA_cluster_0029","ALL_CNA","CNA_event_000089","PAUPUW","HETDEL","exons 2;3",0.168
"ALL_CNA_cluster_0029","ALL_CNA","CNA_event_000090","PAURLU","HETDEL","exons 2;3",0.168
"ALL_CNA_cluster_0029","ALL_CNA","CNA_event_000091","PAUSIS","HETDEL","exons 2;3;4",0.822
"ALL_CNA_cluster_0029","ALL_CNA","CNA_event_000092","PAUTBB","HETDEL","exons 2;3",0.168
"ALL_CNA_cluster_0029","ALL_CNA","CNA_event_000093","PAUTUL","HETDEL","exons 2;3;4",0.664
"ALL_CNA_cluster_0029","ALL_CNA","CNA_event_000094","PAUUAL","HETDEL","exons 2;3",0.168
"ALL_CNA_cluster_0029","ALL_CNA","CNA_event_000169","PAUUBG","HOMDEL","exons 2;3",0.168
"ALL_CNA_cluster_0029","ALL_CNA","CNA_event_000095","PAUUIK","HETDEL","exons 2;3",0.168
"ALL_CNA_cluster_0029","ALL_CNA","CNA_event_000096","PAUWMZ","HETDEL","exons 2;3",0.168
"ALL_CNA_cluster_0029","ALL_CNA","CNA_event_000097","PAUWXI","HETDEL","exons 2;3;4",0.822
"ALL_CNA_cluster_0029","ALL_CNA","CNA_event_000098","PAUXCW","HETDEL","exons 2;3",0.168
"ALL_CNA_cluster_0029","ALL_CNA","CNA_event_000099","PAUXKE","HETDEL","exons 2;3",0.168
"ALL_CNA_cluster_0029","ALL_CNA","CNA_event_000100","PAUXRM","HETDEL","exons 2;3;4",0.279
"ALL_CNA_cluster_0029","ALL_CNA","CNA_event_000101","PAUXYI","HETDEL","exons 2;3;4",0.355
"ALL_CNA_cluster_0029","ALL_CNA","CNA_event_000102","PAUYJF","HETDEL","exons 2;3;4",0.425
"ALL_CNA_cluster_0029","ALL_CNA","CNA_event_000170","PAVBFC","HOMDEL","exons 2;3",0.168
"ALL_CNA_cluster_0029","ALL_CNA","CNA_event_000104","PAVCRK","HETDEL","exons 2;3",0.168
"ALL_CNA_cluster_0029","ALL_CNA","CNA_event_000171","PAVESF","HOMDEL","exons 2;3",0.168
"ALL_CNA_cluster_0029","ALL_CNA","CNA_event_000105","PAVFAX","HETDEL","exons 2;3",0.168
"ALL_CNA_cluster_0029","ALL_CNA","CNA_event_000106","PAVHAA","HETDEL","exons 2;3",0.168
"ALL_CNA_cluster_0029","ALL_CNA","CNA_event_000107","PAVHBL","HETDEL","exons 2;3",0.168
"ALL_CNA_cluster_0029","ALL_CNA","CNA_event_000108","PAVHGX","HETDEL","exons 2;3",0.168
"ALL_CNA_cluster_0029","ALL_CNA","CNA_event_000110","PAVKCV","HETDEL","exons 1",0.178
"ALL_CNA_cluster_0029","ALL_CNA","CNA_event_000172","PAVKCV","HOMDEL","exons 2;3",0.168
"ALL_CNA_cluster_0029","ALL_CNA","CNA_event_000112","PAVKPV","HETDEL","exons 2;3",0.168
"ALL_CNA_cluster_0029","ALL_CNA","CNA_event_000173","PAVKWV","HOMDEL","exons 2;3",0.168
"ALL_CNA_cluster_0029","ALL_CNA","CNA_event_000114","PAVLLU","HETDEL","exons 2;3",0.168
"ALL_CNA_cluster_0029","ALL_CNA","CNA_event_000174","PAVLMY","HOMDEL","exons 2;3",0.168
"ALL_CNA_cluster_0029","ALL_CNA","CNA_event_000115","PAVMKN","HETDEL","exons 2;3",0.168
"ALL_CNA_cluster_0029","ALL_CNA","CNA_event_000116","PAVMPT","HETDEL","exons 2;3;4",0.279
"ALL_CNA_cluster_0029","ALL_CNA","CNA_event_000117","PAVNGZ","HETDEL","exons 2;3",0.168
"ALL_CNA_cluster_0029","ALL_CNA","CNA_event_000119","PAVNTB","HETDEL","exons 2;3",0.168
"ALL_CNA_cluster_0029","ALL_CNA","CNA_event_000120","PAVPCB","HETDEL","exons 1;2;3",0.206
"ALL_CNA_cluster_0029","ALL_CNA","CNA_event_000121","PAVRXK","HETDEL","exons 1;2;3;4",0.932
"ALL_CNA_cluster_0029","ALL_CNA","CNA_event_000122","PAVVBE","HETDEL","exons 1",0.178
"ALL_CNA_cluster_0029","ALL_CNA","CNA_event_000175","PAVVBE","HOMDEL","exons 2;3;4",0.754
"ALL_CNA_cluster_0029","ALL_CNA","CNA_event_000123","PAVVDS","HETDEL","exons 4",0.257
"ALL_CNA_cluster_0029","ALL_CNA","CNA_event_000176","PAVVDS","HOMDEL","exons 2;3",0.168
"ALL_CNA_cluster_0029","ALL_CNA","CNA_event_000124","PAVWDF","HETDEL","exons 2;3",0.168
"ALL_CNA_cluster_0029","ALL_CNA","CNA_event_000125","PAVWNL","HETDEL","exons 1;2;3",0.346
"ALL_CNA_cluster_0029","ALL_CNA","CNA_event_000126","PAVYAZ","HETDEL","exons 1",0.178
"ALL_CNA_cluster_0029","ALL_CNA","CNA_event_000177","PAVYAZ","HOMDEL","exons 2;3",0.168
"ALL_CNA_cluster_0029","ALL_CNA","CNA_event_000178","PAVYGR","HOMDEL","exons 2;3",0.168
"ALL_CNA_cluster_0029","ALL_CNA","CNA_event_000129","PAVYTZ","HETDEL","exons 2;3",0.168
"ALL_CNA_cluster_0029","ALL_CNA","CNA_event_000130","PAVZCF","HETDEL","exons 2;3;4",0.425
"ALL_CNA_cluster_0029","ALL_CNA","CNA_event_000131","PAWAIM","HETDEL","exons 2;3",0.168
"ALL_CNA_cluster_0029","ALL_CNA","CNA_event_000132","PAWAIN","HETDEL","exons 2;3",0.168
"ALL_CNA_cluster_0029","ALL_CNA","CNA_event_000133","PAWAKA","HETDEL","exons 2;3",0.168
"ALL_CNA_cluster_0029","ALL_CNA","CNA_event_000134","PAWDEK","HETDEL","exons 2;3",0.168
"ALL_CNA_cluster_0029","ALL_CNA","CNA_event_000135","PAWDMI","HETDEL","exons 2;3",0.168
"ALL_CNA_cluster_0029","ALL_CNA","CNA_event_000136","PAWDWJ","HETDEL","exons 2;3;4",0.822
"ALL_CNA_cluster_0029","ALL_CNA","CNA_event_000137","PAWEEC","HETDEL","exons 2;3",0.168
"ALL_CNA_cluster_0029","ALL_CNA","CNA_event_000138","PAWEEX","HETDEL","exons 3",0.112
"ALL_CNA_cluster_0029","ALL_CNA","CNA_event_000139","PAWESJ","HETDEL","exons 1;2;3",0.346
"ALL_CNA_cluster_0029","ALL_CNA","CNA_event_000140","PAWETD","HETDEL","exons 2;3;4",0.822
"ALL_CNA_cluster_0029","ALL_CNA","CNA_event_000141","PAWFNJ","HETDEL","exons 1;2;3",0.346
"ALL_CNA_cluster_0029","ALL_CNA","CNA_event_000142","PAWFWF","HETDEL","exons 1;2;3",0.346
"ALL_CNA_cluster_0029","ALL_CNA","CNA_event_000143","PAWGCK","HETDEL","exons 2;3",0.168
"ALL_CNA_cluster_0029","ALL_CNA","CNA_event_000144","PAWGIT","HETDEL","exons 2;3",0.168
"ALL_CNA_cluster_0029","ALL_CNA","CNA_event_000145","PAWGXM","HETDEL","exons 4",0.496
"ALL_CNA_cluster_0029","ALL_CNA","CNA_event_000146","PAWGZM","HETDEL","exons 2;3",0.168
"ALL_CNA_cluster_0029","ALL_CNA","CNA_event_000147","PAWIWS","HETDEL","exons 2;3;4",0.355
"ALL_CNA_cluster_0029","ALL_CNA","CNA_event_000148","PAWJKX","HETDEL","exons 2;3",0.168
"ALL_CNA_cluster_0029","ALL_CNA","CNA_event_000149","PAWJYN","HETDEL","exons 1;2;3",0.346
"ALL_CNA_cluster_0029","ALL_CNA","CNA_event_000179","PAWKAN","HOMDEL","exons 2;3",0.168
"ALL_CNA_cluster_0030","ALL_CNA","CNA_event_000001","PARFLD","HETDEL","exons 2;3",0.168
"ALL_CNA_cluster_0030","ALL_CNA","CNA_event_000002","PARJAY","HETDEL","exons 2;3",0.168
"ALL_CNA_cluster_0030","ALL_CNA","CNA_event_000003","PARJPL","HETDEL","exons 2;3",0.168
"ALL_CNA_cluster_0030","ALL_CNA","CNA_event_000004","PARNXJ","HETDEL","exons 2;3;4;5;6;7;8;9;10;11",0.822
"ALL_CNA_cluster_0030","ALL_CNA","CNA_event_000005","PARPET","HETDEL","exons 2;3",0.168
"ALL_CNA_cluster_0030","ALL_CNA","CNA_event_000150","PARSLA","HOMDEL","exons 2;3",0.168
"ALL_CNA_cluster_0030","ALL_CNA","CNA_event_000007","PARSNX","HETDEL","exons 1;2;3",0.29
"ALL_CNA_cluster_0030","ALL_CNA","CNA_event_000008","PARWNW","HETDEL","exons 4;5;6;7;8;9;10;11",0.654
"ALL_CNA_cluster_0030","ALL_CNA","CNA_event_000151","PARWNW","HOMDEL","exons 2;3",0.168
"ALL_CNA_cluster_0030","ALL_CNA","CNA_event_000009","PARXDJ","HETDEL","exons 2;3",0.168
"ALL_CNA_cluster_0030","ALL_CNA","CNA_event_000010","PARXPZ","HETDEL","exons 2;3;4;5;6;7;8;9;10;11",0.822
"ALL_CNA_cluster_0030","ALL_CNA","CNA_event_000011","PASGDZ","HETDEL","exons 2;3",0.168
"ALL_CNA_cluster_0030","ALL_CNA","CNA_event_000012","PASGUH","HETDEL","exons 2;3",0.168
"ALL_CNA_cluster_0030","ALL_CNA","CNA_event_000013","PASILW","HETDEL","exons 1",0.178
"ALL_CNA_cluster_0030","ALL_CNA","CNA_event_000152","PASILW","HOMDEL","exons 2;3",0.168
"ALL_CNA_cluster_0030","ALL_CNA","CNA_event_000015","PASINX","HETDEL","exons 1;2;3",0.346
"ALL_CNA_cluster_0030","ALL_CNA","CNA_event_000016","PASIPN","HETDEL","exons 3",0.112
"ALL_CNA_cluster_0030","ALL_CNA","CNA_event_000017","PASIPN","HETDEL","exons 2",0.056
"ALL_CNA_cluster_0030","ALL_CNA","CNA_event_000018","PASJGV","HETDEL","exons 2;3",0.168
"ALL_CNA_cluster_0030","ALL_CNA","CNA_event_000019","PASKAD","HETDEL","exons 4;5;6;7;8;9;10;11",0.654
"ALL_CNA_cluster_0030","ALL_CNA","CNA_event_000153","PASKAD","HOMDEL","exons 2;3",0.168
"ALL_CNA_cluster_0030","ALL_CNA","CNA_event_000020","PASKLU","HETDEL","exons 4",0.111
"ALL_CNA_cluster_0030","ALL_CNA","CNA_event_000154","PASKLU","HOMDEL","exons 2;3",0.168
"ALL_CNA_cluster_0030","ALL_CNA","CNA_event_000021","PASKWG","HETDEL","exons 4;5;6;7;8;9;10;11",0.654
"ALL_CNA_cluster_0030","ALL_CNA","CNA_event_000155","PASKWG","HOMDEL","exons 2;3",0.168
"ALL_CNA_cluster_0030","ALL_CNA","CNA_event_000022","PASKXA","HETDEL","exons 2;3",0.168
"ALL_CNA_cluster_0030","ALL_CNA","CNA_event_000023","PASLXY","HETDEL","exons 1;2;3",0.346
"ALL_CNA_cluster_0030","ALL_CNA","CNA_event_000024","PASPDS","HETDEL","exons 2;3;4;5",0.355
"ALL_CNA_cluster_0030","ALL_CNA","CNA_event_000025","PASPLG","HETDEL","exons 2;3;4;5;6",0.425
"ALL_CNA_cluster_0030","ALL_CNA","CNA_event_000026","PASPNW","HETDEL","exons 2;3;4;5;6;7;8;9;10;11",0.822
"ALL_CNA_cluster_0030","ALL_CNA","CNA_event_000027","PASRAF","HETDEL","exons 2;3",0.168
"ALL_CNA_cluster_0030","ALL_CNA","CNA_event_000028","PASRMM","HETDEL","exons 1;2;3",0.346
"ALL_CNA_cluster_0030","ALL_CNA","CNA_event_000156","PASRPV","HOMDEL","exons 1;2;3",0.346
"ALL_CNA_cluster_0030","ALL_CNA","CNA_event_000030","PASRSE","HETDEL","exons 2;3",0.168
"ALL_CNA_cluster_0030","ALL_CNA","CNA_event_000031","PASRUK","HETDEL","exons 2;3",0.168
"ALL_CNA_cluster_0030","ALL_CNA","CNA_event_000032","PASTCH","HETDEL","exons 1;2;3;4",0.457
"ALL_CNA_cluster_0030","ALL_CNA","CNA_event_000033","PASTHE","HETDEL","exons 2;3;4;5;6",0.425
"ALL_CNA_cluster_0030","ALL_CNA","CNA_event_000034","PASUSV","HETDEL","exons 2;3;4;5;6;7;8;9;10;11",0.822
"ALL_CNA_cluster_0030","ALL_CNA","CNA_event_000035","PASVWH","HETDEL","exons 2;3",0.168
"ALL_CNA_cluster_0030","ALL_CNA","CNA_event_000036","PASVZJ","HETDEL","exons 2;3",0.168
"ALL_CNA_cluster_0030","ALL_CNA","CNA_event_000037","PASWXB","HETDEL","exons 2;3",0.168
"ALL_CNA_cluster_0030","ALL_CNA","CNA_event_000038","PASWYU","HETDEL","exons 4;5;6;7;8;9",0.586
"ALL_CNA_cluster_0030","ALL_CNA","CNA_event_000157","PASWYU","HOMDEL","exons 2;3",0.168
"ALL_CNA_cluster_0030","ALL_CNA","CNA_event_000039","PASYNX","HETDEL","exons 4;5;6;7",0.36
"ALL_CNA_cluster_0030","ALL_CNA","CNA_event_000040","PASYSJ","HETDEL","exons 2;3",0.168
"ALL_CNA_cluster_0030","ALL_CNA","CNA_event_000041","PASYVU","HETDEL","exons 2;3",0.168
"ALL_CNA_cluster_0030","ALL_CNA","CNA_event_000042","PASYWF","HETDEL","exons 4;5;6;7;8;9;10;11",0.654
"ALL_CNA_cluster_0030","ALL_CNA","CNA_event_000158","PASYWF","HOMDEL","exons 2;3",0.168
"ALL_CNA_cluster_0030","ALL_CNA","CNA_event_000043","PASZAY","HETDEL","exons 2;3",0.168
"ALL_CNA_cluster_0030","ALL_CNA","CNA_event_000044","PATALF","HETDEL","exons 2;3;4;5;6",0.425
"ALL_CNA_cluster_0030","ALL_CNA","CNA_event_000045","PATBTX","HETDEL","exons 2;3",0.168
"ALL_CNA_cluster_0030","ALL_CNA","CNA_event_000046","PATCTR","HETDEL","exons 4;5;6",0.257
"ALL_CNA_cluster_0030","ALL_CNA","CNA_event_000159","PATCTR","HOMDEL","exons 1;2;3",0.346
"ALL_CNA_cluster_0030","ALL_CNA","CNA_event_000047","PATDTN","HETDEL","exons 2;3",0.168
"ALL_CNA_cluster_0030","ALL_CNA","CNA_event_000048","PATFPU","HETDEL","exons 2;3",0.168
"ALL_CNA_cluster_0030","ALL_CNA","CNA_event_000160","PATGBY","HOMDEL","exons 2;3",0.168
"ALL_CNA_cluster_0030","ALL_CNA","CNA_event_000050","PATHFE","HETDEL","exons 2;3;4;5;6;7;8;9;10;11",0.822
"ALL_CNA_cluster_0030","ALL_CNA","CNA_event_000052","PATJLY","HETDEL","exons 2;3;4;5",0.355
"ALL_CNA_cluster_0030","ALL_CNA","CNA_event_000161","PATJRX","HOMDEL","exons 2;3",0.168
"ALL_CNA_cluster_0030","ALL_CNA","CNA_event_000162","PATKVD","HOMDEL","exons 2;3",0.168
"ALL_CNA_cluster_0030","ALL_CNA","CNA_event_000054","PATKZH","HETDEL","exons 1;2;3",0.346
"ALL_CNA_cluster_0030","ALL_CNA","CNA_event_000055","PATLLH","HETDEL","exons 2;3;4;5;6",0.425
"ALL_CNA_cluster_0030","ALL_CNA","CNA_event_000056","PATNAM","HETDEL","exons 1;2",0.234
"ALL_CNA_cluster_0030","ALL_CNA","CNA_event_000057","PATPDA","HETDEL","exons 2;3;4;5;6;7;8",0.664
"ALL_CNA_cluster_0030","ALL_CNA","CNA_event_000058","PATRAB","HETDEL","exons 2;3",0.168
"ALL_CNA_cluster_0030","ALL_CNA","CNA_event_000059","PATRKV","HETDEL","exons 3;4",0.223
"ALL_CNA_cluster_0030","ALL_CNA","CNA_event_000060","PATSPG","HETDEL","exons 1;2;3",0.346
"ALL_CNA_cluster_0030","ALL_CNA","CNA_event_000061","PATWJU","HETDEL","exons 2;3",0.168
"ALL_CNA_cluster_0030","ALL_CNA","CNA_event_000163","PATYWV","HOMDEL","exons 2;3",0.168
"ALL_CNA_cluster_0030","ALL_CNA","CNA_event_000063","PATZST","HETDEL","exons 2;3",0.168
"ALL_CNA_cluster_0030","ALL_CNA","CNA_event_000064","PATZYR","HETDEL","exons 2;3",0.168
"ALL_CNA_cluster_0030","ALL_CNA","CNA_event_000065","PAUAKN","HETDEL","exons 2;3",0.168
"ALL_CNA_cluster_0030","ALL_CNA","CNA_event_000066","PAUAZV","HETDEL","exons 2;3",0.168
"ALL_CNA_cluster_0030","ALL_CNA","CNA_event_000067","PAUBCT","HETDEL","exons 2;3",0.168
"ALL_CNA_cluster_0030","ALL_CNA","CNA_event_000164","PAUBTC","HOMDEL","exons 2;3",0.168
"ALL_CNA_cluster_0030","ALL_CNA","CNA_event_000070","PAUCDC","HETDEL","exons 2;3;4;5;6;7;8;9;10;11",0.822
"ALL_CNA_cluster_0030","ALL_CNA","CNA_event_000071","PAUEDT","HETDEL","exons 2;3",0.168
"ALL_CNA_cluster_0030","ALL_CNA","CNA_event_000072","PAUEUC","HETDEL","exons 1",0.178
"ALL_CNA_cluster_0030","ALL_CNA","CNA_event_000165","PAUEUC","HOMDEL","exons 2;3",0.168
"ALL_CNA_cluster_0030","ALL_CNA","CNA_event_000074","PAUEVJ","HETDEL","exons 2;3",0.168
"ALL_CNA_cluster_0030","ALL_CNA","CNA_event_000075","PAUEXN","HETDEL","exons 1;2;3",0.206
"ALL_CNA_cluster_0030","ALL_CNA","CNA_event_000077","PAUGDT","HETDEL","exons 2;3",0.168
"ALL_CNA_cluster_0030","ALL_CNA","CNA_event_000078","PAUGLY","HETDEL","exons 1;2;3",0.346
"ALL_CNA_cluster_0030","ALL_CNA","CNA_event_000079","PAUIEM","HETDEL","exons 4;5;6;7;8;9;10;11",0.654
"ALL_CNA_cluster_0030","ALL_CNA","CNA_event_000166","PAUIEM","HOMDEL","exons 2;3",0.168
"ALL_CNA_cluster_0030","ALL_CNA","CNA_event_000080","PAUIFA","HETDEL","exons 2;3",0.168
"ALL_CNA_cluster_0030","ALL_CNA","CNA_event_000081","PAUJVL","HETDEL","exons 1;2;3",0.346
"ALL_CNA_cluster_0030","ALL_CNA","CNA_event_000083","PAUKZJ","HETDEL","exons 3;4;5;6;7;8",0.608
"ALL_CNA_cluster_0030","ALL_CNA","CNA_event_000084","PAULCK","HETDEL","exons 2;3",0.168
"ALL_CNA_cluster_0030","ALL_CNA","CNA_event_000085","PAULGX","HETDEL","exons 7;8",0.239
"ALL_CNA_cluster_0030","ALL_CNA","CNA_event_000167","PAULGX","HOMDEL","exons 1;2;3;4;5;6",0.603
"ALL_CNA_cluster_0030","ALL_CNA","CNA_event_000168","PAUMIB","HOMDEL","exons 1;2;3",0.346
"ALL_CNA_cluster_0030","ALL_CNA","CNA_event_000087","PAUMLX","HETDEL","exons 1;2;3",0.346
"ALL_CNA_cluster_0030","ALL_CNA","CNA_event_000088","PAUMXB","HETDEL","exons 1;2;3",0.346
"ALL_CNA_cluster_0030","ALL_CNA","CNA_event_000089","PAUPUW","HETDEL","exons 2;3",0.168
"ALL_CNA_cluster_0030","ALL_CNA","CNA_event_000090","PAURLU","HETDEL","exons 2;3",0.168
"ALL_CNA_cluster_0030","ALL_CNA","CNA_event_000091","PAUSIS","HETDEL","exons 2;3;4;5;6;7;8;9;10;11",0.822
"ALL_CNA_cluster_0030","ALL_CNA","CNA_event_000092","PAUTBB","HETDEL","exons 2;3",0.168
"ALL_CNA_cluster_0030","ALL_CNA","CNA_event_000093","PAUTUL","HETDEL","exons 2;3;4;5;6;7;8",0.664
"ALL_CNA_cluster_0030","ALL_CNA","CNA_event_000094","PAUUAL","HETDEL","exons 2;3",0.168
"ALL_CNA_cluster_0030","ALL_CNA","CNA_event_000169","PAUUBG","HOMDEL","exons 2;3",0.168
"ALL_CNA_cluster_0030","ALL_CNA","CNA_event_000095","PAUUIK","HETDEL","exons 2;3",0.168
"ALL_CNA_cluster_0030","ALL_CNA","CNA_event_000096","PAUWMZ","HETDEL","exons 2;3",0.168
"ALL_CNA_cluster_0030","ALL_CNA","CNA_event_000097","PAUWXI","HETDEL","exons 2;3;4;5;6;7;8;9;10;11",0.822
"ALL_CNA_cluster_0030","ALL_CNA","CNA_event_000098","PAUXCW","HETDEL","exons 2;3",0.168
"ALL_CNA_cluster_0030","ALL_CNA","CNA_event_000099","PAUXKE","HETDEL","exons 2;3",0.168
"ALL_CNA_cluster_0030","ALL_CNA","CNA_event_000100","PAUXRM","HETDEL","exons 2;3;4",0.279
"ALL_CNA_cluster_0030","ALL_CNA","CNA_event_000101","PAUXYI","HETDEL","exons 2;3;4;5",0.355
"ALL_CNA_cluster_0030","ALL_CNA","CNA_event_000102","PAUYJF","HETDEL","exons 2;3;4;5;6",0.425
"ALL_CNA_cluster_0030","ALL_CNA","CNA_event_000170","PAVBFC","HOMDEL","exons 2;3",0.168
"ALL_CNA_cluster_0030","ALL_CNA","CNA_event_000104","PAVCRK","HETDEL","exons 2;3",0.168
"ALL_CNA_cluster_0030","ALL_CNA","CNA_event_000171","PAVESF","HOMDEL","exons 2;3",0.168
"ALL_CNA_cluster_0030","ALL_CNA","CNA_event_000105","PAVFAX","HETDEL","exons 2;3",0.168
"ALL_CNA_cluster_0030","ALL_CNA","CNA_event_000106","PAVHAA","HETDEL","exons 2;3",0.168
"ALL_CNA_cluster_0030","ALL_CNA","CNA_event_000107","PAVHBL","HETDEL","exons 2;3",0.168
"ALL_CNA_cluster_0030","ALL_CNA","CNA_event_000108","PAVHGX","HETDEL","exons 2;3",0.168
"ALL_CNA_cluster_0030","ALL_CNA","CNA_event_000110","PAVKCV","HETDEL","exons 1",0.178
"ALL_CNA_cluster_0030","ALL_CNA","CNA_event_000172","PAVKCV","HOMDEL","exons 2;3",0.168
"ALL_CNA_cluster_0030","ALL_CNA","CNA_event_000112","PAVKPV","HETDEL","exons 2;3",0.168
"ALL_CNA_cluster_0030","ALL_CNA","CNA_event_000173","PAVKWV","HOMDEL","exons 2;3",0.168
"ALL_CNA_cluster_0030","ALL_CNA","CNA_event_000114","PAVLLU","HETDEL","exons 2;3",0.168
"ALL_CNA_cluster_0030","ALL_CNA","CNA_event_000174","PAVLMY","HOMDEL","exons 2;3",0.168
"ALL_CNA_cluster_0030","ALL_CNA","CNA_event_000115","PAVMKN","HETDEL","exons 2;3",0.168
"ALL_CNA_cluster_0030","ALL_CNA","CNA_event_000116","PAVMPT","HETDEL","exons 2;3;4",0.279
"ALL_CNA_cluster_0030","ALL_CNA","CNA_event_000117","PAVNGZ","HETDEL","exons 2;3",0.168
"ALL_CNA_cluster_0030","ALL_CNA","CNA_event_000119","PAVNTB","HETDEL","exons 2;3",0.168
"ALL_CNA_cluster_0030","ALL_CNA","CNA_event_000120","PAVPCB","HETDEL","exons 1;2;3",0.206
"ALL_CNA_cluster_0030","ALL_CNA","CNA_event_000121","PAVRXK","HETDEL","exons 1;2;3;4;5;6;7;8;9",0.932
"ALL_CNA_cluster_0030","ALL_CNA","CNA_event_000122","PAVVBE","HETDEL","exons 1",0.178
"ALL_CNA_cluster_0030","ALL_CNA","CNA_event_000175","PAVVBE","HOMDEL","exons 2;3;4;5;6;7;8;9",0.754
"ALL_CNA_cluster_0030","ALL_CNA","CNA_event_000123","PAVVDS","HETDEL","exons 4;5;6",0.257
"ALL_CNA_cluster_0030","ALL_CNA","CNA_event_000176","PAVVDS","HOMDEL","exons 2;3",0.168
"ALL_CNA_cluster_0030","ALL_CNA","CNA_event_000124","PAVWDF","HETDEL","exons 2;3",0.168
"ALL_CNA_cluster_0030","ALL_CNA","CNA_event_000125","PAVWNL","HETDEL","exons 1;2;3",0.346
"ALL_CNA_cluster_0030","ALL_CNA","CNA_event_000126","PAVYAZ","HETDEL","exons 1",0.178
"ALL_CNA_cluster_0030","ALL_CNA","CNA_event_000177","PAVYAZ","HOMDEL","exons 2;3",0.168
"ALL_CNA_cluster_0030","ALL_CNA","CNA_event_000178","PAVYGR","HOMDEL","exons 2;3",0.168
"ALL_CNA_cluster_0030","ALL_CNA","CNA_event_000129","PAVYTZ","HETDEL","exons 2;3",0.168
"ALL_CNA_cluster_0030","ALL_CNA","CNA_event_000130","PAVZCF","HETDEL","exons 2;3;4;5;6",0.425
"ALL_CNA_cluster_0030","ALL_CNA","CNA_event_000131","PAWAIM","HETDEL","exons 2;3",0.168
"ALL_CNA_cluster_0030","ALL_CNA","CNA_event_000132","PAWAIN","HETDEL","exons 2;3",0.168
"ALL_CNA_cluster_0030","ALL_CNA","CNA_event_000133","PAWAKA","HETDEL","exons 2;3",0.168
"ALL_CNA_cluster_0030","ALL_CNA","CNA_event_000134","PAWDEK","HETDEL","exons 2;3",0.168
"ALL_CNA_cluster_0030","ALL_CNA","CNA_event_000135","PAWDMI","HETDEL","exons 2;3",0.168
"ALL_CNA_cluster_0030","ALL_CNA","CNA_event_000136","PAWDWJ","HETDEL","exons 2;3;4;5;6;7;8;9;10;11",0.822
"ALL_CNA_cluster_0030","ALL_CNA","CNA_event_000137","PAWEEC","HETDEL","exons 2;3",0.168
"ALL_CNA_cluster_0030","ALL_CNA","CNA_event_000138","PAWEEX","HETDEL","exons 3",0.112
"ALL_CNA_cluster_0030","ALL_CNA","CNA_event_000139","PAWESJ","HETDEL","exons 1;2;3",0.346
"ALL_CNA_cluster_0030","ALL_CNA","CNA_event_000140","PAWETD","HETDEL","exons 2;3;4;5;6;7;8;9;10;11",0.822
"ALL_CNA_cluster_0030","ALL_CNA","CNA_event_000141","PAWFNJ","HETDEL","exons 1;2;3",0.346
"ALL_CNA_cluster_0030","ALL_CNA","CNA_event_000142","PAWFWF","HETDEL","exons 1;2;3",0.346
"ALL_CNA_cluster_0030","ALL_CNA","CNA_event_000143","PAWGCK","HETDEL","exons 2;3",0.168
"ALL_CNA_cluster_0030","ALL_CNA","CNA_event_000144","PAWGIT","HETDEL","exons 2;3",0.168
"ALL_CNA_cluster_0030","ALL_CNA","CNA_event_000145","PAWGXM","HETDEL","exons 4;5;6;7;8",0.496
"ALL_CNA_cluster_0030","ALL_CNA","CNA_event_000146","PAWGZM","HETDEL","exons 2;3",0.168
"ALL_CNA_cluster_0030","ALL_CNA","CNA_event_000147","PAWIWS","HETDEL","exons 2;3;4;5",0.355
"ALL_CNA_cluster_0030","ALL_CNA","CNA_event_000148","PAWJKX","HETDEL","exons 2;3",0.168
"ALL_CNA_cluster_0030","ALL_CNA","CNA_event_000149","PAWJYN","HETDEL","exons 1;2;3",0.346
"ALL_CNA_cluster_0030","ALL_CNA","CNA_event_000179","PAWKAN","HOMDEL","exons 2;3",0.168
