"cluster_id","alteration_type","event_id","subject_id","event_type","detail","coding_fraction"
"SNV_cluster_0001","SNV","4","PARFWJ","SNV","residue 130",NA
"SNV_cluster_0001","SNV","9","PARTBP","SNV","residue 130",NA
"SNV_cluster_0001","SNV","28","PATGMP","SNV","residue 130",NA
"SNV_cluster_0001","SNV","40","PATSPK","SNV","residue 130",NA
"SNV_cluster_0001","SNV","44","PAUCFA","SNV","residue 130",NA
"SNV_cluster_0001","SNV","60","PAUUSY","SNV","residue 130",NA
"SNV_cluster_0001","SNV","101","PAWDWJ","SNV","residue 130",NA
"SNV_cluster_0002","SNV","19","PASVIN","SNV","residue 233",NA
"SNV_cluster_0002","SNV","22","PATADU","SNV","residue 233",NA
"SNV_cluster_0002","SNV","24","PATBDK","SNV","residue 233",NA
"SNV_cluster_0002","SNV","26","PATEFF","SNV","residue 233",NA
"SNV_cluster_0002","SNV","27","PATFJP","SNV","residue 233",NA
"SNV_cluster_0002","SNV","34","PATKIH","SNV","residue 233",NA
"SNV_cluster_0002","SNV","39","PATPDA","SNV","residue 233",NA
"SNV_cluster_0002","SNV","49","PAUGXW","SNV","residue 233",NA
"SNV_cluster_0002","SNV","108","PAUIEM","SNV","residue 233",NA
"SNV_cluster_0002","SNV","51","PAUJRU","SNV","residue 233",NA
"SNV_cluster_0002","SNV","55","PAUNTS","SNV","residue 233",NA
"SNV_cluster_0002","SNV","57","PAUNZE","SNV","residue 233",NA
"SNV_cluster_0002","SNV","58","PAURCM","SNV","residue 233",NA
"SNV_cluster_0002","SNV","65","PAUWLB","SNV","residue 233",NA
"SNV_cluster_0002","SNV","66","PAUXHP","SNV","residue 233",NA
"SNV_cluster_0002","SNV","70","PAVBLX","SNV","residue 233",NA
"SNV_cluster_0002","SNV","73","PAVHBC","SNV","residue 233",NA
"SNV_cluster_0002","SNV","82","PAVPGA","SNV","residue 233",NA
"SNV_cluster_0002","SNV","83","PAVRAW","SNV","residue 233",NA
"SNV_cluster_0002","SNV","112","PAVRYP","SNV","residue 233",NA
"SNV_cluster_0002","SNV","89","PAVWJA","SNV","residue 233",NA
"SNV_cluster_0002","SNV","96","PAWALP","SNV","residue 233",NA
"SNV_cluster_0002","SNV","99","PAWDEK","SNV","residue 233",NA
"SNV_cluster_0002","SNV","102","PAWGYW","SNV","residue 233",NA
"SNV_cluster_0002","SNV","105","PAWJDS","SNV","residue 233",NA
"SNV_cluster_0003","SNV","31","PATIKN","SNV","residue 234",NA
"SNV_cluster_0003","SNV","33","PATJXW","SNV","residue 234",NA
"SNV_cluster_0003","SNV","45","PAUCRG","SNV","residue 234",NA
"SNV_cluster_0003","SNV","46","PAUDPH","SNV","residue 234",NA
"SNV_cluster_0003","SNV","47","PAUGAA","SNV","residue 234",NA
"SNV_cluster_0003","SNV","50","PAUGXW","SNV","residue 234",NA
"SNV_cluster_0003","SNV","52","PAUKYJ","SNV","residue 234",NA
"SNV_cluster_0003","SNV","56","PAUNTS","SNV","residue 234",NA
"SNV_cluster_0003","SNV","3","PAUXAB","SNV","residue 234",NA
"SNV_cluster_0003","SNV","67","PAUXHP","SNV","residue 234",NA
"SNV_cluster_0003","SNV","111","PAVBSK","SNV","residue 234",NA
"SNV_cluster_0003","SNV","77","PAVLCX","SNV","residue 234",NA
"SNV_cluster_0003","SNV","78","PAVLLU","SNV","residue 234",NA
"SNV_cluster_0003","SNV","79","PAVMLG","SNV","residue 234",NA
"SNV_cluster_0003","SNV","91","PAVZTC","SNV","residue 234",NA
"SNV_cluster_0003","SNV","92","PAVZTC","SNV","residue 234",NA
"SNV_cluster_0003","SNV","97","PAWAMD","SNV","residue 234",NA
"SNV_cluster_0003","SNV","98","PAWCWL","SNV","residue 234",NA
"SNV_cluster_0003","SNV","106","PAWJDS","SNV","residue 234",NA
"SNV_cluster_0003","SNV","113","PAWLSM","SNV","residue 234",NA
"SNV_cluster_0004","SNV","5","PARGHJ","SNV","residue 235",NA
"SNV_cluster_0004","SNV","31","PATIKN","SNV","residue 234",NA
"SNV_cluster_0004","SNV","32","PATIKN","SNV","residue 235",NA
"SNV_cluster_0004","SNV","33","PATJXW","SNV","residue 234",NA
"SNV_cluster_0004","SNV","45","PAUCRG","SNV","residue 234",NA
"SNV_cluster_0004","SNV","46","PAUDPH","SNV","residue 234",NA
"SNV_cluster_0004","SNV","47","PAUGAA","SNV","residue 234",NA
"SNV_cluster_0004","SNV","50","PAUGXW","SNV","residue 234",NA
"SNV_cluster_0004","SNV","52","PAUKYJ","SNV","residue 234",NA
"SNV_cluster_0004","SNV","56","PAUNTS","SNV","residue 234",NA
"SNV_cluster_0004","SNV","59","PAURTD","SNV","residue 235",NA
"SNV_cluster_0004","SNV","3","PAUXAB","SNV","residue 234",NA
"SNV_cluster_0004","SNV","67","PAUXHP","SNV","residue 234",NA
"SNV_cluster_0004","SNV","111","PAVBSK","SNV","residue 234",NA
"SNV_cluster_0004","SNV","74","PAVJWE","SNV","residue 235",NA
"SNV_cluster_0004","SNV","77","PAVLCX","SNV","residue 234",NA
"SNV_cluster_0004","SNV","78","PAVLLU","SNV","residue 234",NA
"SNV_cluster_0004","SNV","79","PAVMLG","SNV","residue 234",NA
"SNV_cluster_0004","SNV","91","PAVZTC","SNV","residue 234",NA
"SNV_cluster_0004","SNV","92","PAVZTC","SNV","residue 234",NA
"SNV_cluster_0004","SNV","97","PAWAMD","SNV","residue 234",NA
"SNV_cluster_0004","SNV","98","PAWCWL","SNV","residue 234",NA
"SNV_cluster_0004","SNV","103","PAWGYW","SNV","residue 235",NA
"SNV_cluster_0004","SNV","106","PAWJDS","SNV","residue 234",NA
"SNV_cluster_0004","SNV","113","PAWLSM","SNV","residue 234",NA
"SNV_cluster_0005","SNV","8","PARMKM","SNV","residue 232",NA
"SNV_cluster_0005","SNV","19","PASVIN","SNV","residue 233",NA
"SNV_cluster_0005","SNV","22","PATADU","SNV","residue 233",NA
"SNV_cluster_0005","SNV","24","PATBDK","SNV","residue 233",NA
"SNV_cluster_0005","SNV","26","PATEFF","SNV","residue 233",NA
"SNV_cluster_0005","SNV","27","PATFJP","SNV","residue 233",NA
"SNV_cluster_0005","SNV","34","PATKIH","SNV","residue 233",NA
"SNV_cluster_0005","SNV","39","PATPDA","SNV","residue 233",NA
"SNV_cluster_0005","SNV","49","PAUGXW","SNV","residue 233",NA
"SNV_cluster_0005","SNV","108","PAUIEM","SNV","residue 233",NA
"SNV_cluster_0005","SNV","51","PAUJRU","SNV","residue 233",NA
"SNV_cluster_0005","SNV","55","PAUNTS","SNV","residue 233",NA
"SNV_cluster_0005","SNV","57","PAUNZE","SNV","residue 233",NA
"SNV_cluster_0005","SNV","58","PAURCM","SNV","residue 233",NA
"SNV_cluster_0005","SNV","65","PAUWLB","SNV","residue 233",NA
"SNV_cluster_0005","SNV","66","PAUXHP","SNV","residue 233",NA
"SNV_cluster_0005","SNV","70","PAVBLX","SNV","residue 233",NA
"SNV_cluster_0005","SNV","72","PAVHBC","SNV","residue 232",NA
"SNV_cluster_0005","SNV","73","PAVHBC","SNV","residue 233",NA
"SNV_cluster_0005","SNV","82","PAVPGA","SNV","residue 233",NA
"SNV_cluster_0005","SNV","83","PAVRAW","SNV","residue 233",NA
"SNV_cluster_0005","SNV","112","PAVRYP","SNV","residue 233",NA
"SNV_cluster_0005","SNV","89","PAVWJA","SNV","residue 233",NA
"SNV_cluster_0005","SNV","96","PAWALP","SNV","residue 233",NA
"SNV_cluster_0005","SNV","99","PAWDEK","SNV","residue 233",NA
"SNV_cluster_0005","SNV","102","PAWGYW","SNV","residue 233",NA
"SNV_cluster_0005","SNV","105","PAWJDS","SNV","residue 233",NA
"SNV_cluster_0006","SNV","8","PARMKM","SNV","residue 232",NA
"SNV_cluster_0006","SNV","19","PASVIN","SNV","residue 233",NA
"SNV_cluster_0006","SNV","22","PATADU","SNV","residue 233",NA
"SNV_cluster_0006","SNV","24","PATBDK","SNV","residue 233",NA
"SNV_cluster_0006","SNV","26","PATEFF","SNV","residue 233",NA
"SNV_cluster_0006","SNV","27","PATFJP","SNV","residue 233",NA
"SNV_cluster_0006","SNV","34","PATKIH","SNV","residue 233",NA
"SNV_cluster_0006","SNV","39","PATPDA","SNV","residue 233",NA
"SNV_cluster_0006","SNV","49","PAUGXW","SNV","residue 233",NA
"SNV_cluster_0006","SNV","108","PAUIEM","SNV","residue 233",NA
"SNV_cluster_0006","SNV","51","PAUJRU","SNV","residue 233",NA
"SNV_cluster_0006","SNV","55","PAUNTS","SNV","residue 233",NA
"SNV_cluster_0006","SNV","57","PAUNZE","SNV","residue 233",NA
"SNV_cluster_0006","SNV","58","PAURCM","SNV","residue 233",NA
"SNV_cluster_0006","SNV","65","PAUWLB","SNV","residue 233",NA
"SNV_cluster_0006","SNV","66","PAUXHP","SNV","residue 233",NA
"SNV_cluster_0006","SNV","70","PAVBLX","SNV","residue 233",NA
"SNV_cluster_0006","SNV","72","PAVHBC","SNV","residue 232",NA
"SNV_cluster_0006","SNV","73","PAVHBC","SNV","residue 233",NA
"SNV_cluster_0006","SNV","82","PAVPGA","SNV","residue 233",NA
"SNV_cluster_0006","SNV","83","PAVRAW","SNV","residue 233",NA
"SNV_cluster_0006","SNV","112","PAVRYP","SNV","residue 233",NA
"SNV_cluster_0006","SNV","89","PAVWJA","SNV","residue 233",NA
"SNV_cluster_0006","SNV","96","PAWALP","SNV","residue 233",NA
"SNV_cluster_0006","SNV","99","PAWDEK","SNV","residue 233",NA
"SNV_cluster_0006","SNV","102","PAWGYW","SNV","residue 233",NA
"SNV_cluster_0006","SNV","104","PAWIWS","SNV","residue 241",NA
"SNV_cluster_0006","SNV","105","PAWJDS","SNV","residue 233",NA
"SNV_cluster_0007","SNV","5","PARGHJ","SNV","residue 235",NA
"SNV_cluster_0007","SNV","20","PASVZJ","SNV","residue 237",NA
"SNV_cluster_0007","SNV","31","PATIKN","SNV","residue 234",NA
"SNV_cluster_0007","SNV","32","PATIKN","SNV","residue 235",NA
"SNV_cluster_0007","SNV","33","PATJXW","SNV","residue 234",NA
"SNV_cluster_0007","SNV","45","PAUCRG","SNV","residue 234",NA
"SNV_cluster_0007","SNV","46","PAUDPH","SNV","residue 234",NA
"SNV_cluster_0007","SNV","47","PAUGAA","SNV","residue 234",NA
"SNV_cluster_0007","SNV","50","PAUGXW","SNV","residue 234",NA
"SNV_cluster_0007","SNV","52","PAUKYJ","SNV","residue 234",NA
"SNV_cluster_0007","SNV","54","PAUMKW","SNV","residue 237",NA
"SNV_cluster_0007","SNV","56","PAUNTS","SNV","residue 234",NA
"SNV_cluster_0007","SNV","59","PAURTD","SNV","residue 235",NA
"SNV_cluster_0007","SNV","109","PAUWSL","SNV","residue 236",NA
"SNV_cluster_0007","SNV","3","PAUXAB","SNV","residue 234",NA
"SNV_cluster_0007","SNV","67","PAUXHP","SNV","residue 234",NA
"SNV_cluster_0007","SNV","111","PAVBSK","SNV","residue 234",NA
"SNV_cluster_0007","SNV","74","PAVJWE","SNV","residue 235",NA
"SNV_cluster_0007","SNV","77","PAVLCX","SNV","residue 234",NA
"SNV_cluster_0007","SNV","78","PAVLLU","SNV","residue 234",NA
"SNV_cluster_0007","SNV","79","PAVMLG","SNV","residue 234",NA
"SNV_cluster_0007","SNV","91","PAVZTC","SNV","residue 234",NA
"SNV_cluster_0007","SNV","92","PAVZTC","SNV","residue 234",NA
"SNV_cluster_0007","SNV","97","PAWAMD","SNV","residue 234",NA
"SNV_cluster_0007","SNV","98","PAWCWL","SNV","residue 234",NA
"SNV_cluster_0007","SNV","103","PAWGYW","SNV","residue 235",NA
"SNV_cluster_0007","SNV","106","PAWJDS","SNV","residue 234",NA
"SNV_cluster_0007","SNV","113","PAWLSM","SNV","residue 234",NA
"SNV_cluster_0008","SNV","5","PARGHJ","SNV","residue 235",NA
"SNV_cluster_0008","SNV","8","PARMKM","SNV","residue 232",NA
"SNV_cluster_0008","SNV","19","PASVIN","SNV","residue 233",NA
"SNV_cluster_0008","SNV","22","PATADU","SNV","residue 233",NA
"SNV_cluster_0008","SNV","24","PATBDK","SNV","residue 233",NA
"SNV_cluster_0008","SNV","26","PATEFF","SNV","residue 233",NA
"SNV_cluster_0008","SNV","27","PATFJP","SNV","residue 233",NA
"SNV_cluster_0008","SNV","31","PATIKN","SNV","residue 234",NA
"SNV_cluster_0008","SNV","32","PATIKN","SNV","residue 235",NA
"SNV_cluster_0008","SNV","33","PATJXW","SNV","residue 234",NA
"SNV_cluster_0008","SNV","34","PATKIH","SNV","residue 233",NA
"SNV_cluster_0008","SNV","39","PATPDA","SNV","residue 233",NA
"SNV_cluster_0008","SNV","45","PAUCRG","SNV","residue 234",NA
"SNV_cluster_0008","SNV","46","PAUDPH","SNV","residue 234",NA
"SNV_cluster_0008","SNV","47","PAUGAA","SNV","residue 234",NA
"SNV_cluster_0008","SNV","49","PAUGXW","SNV","residue 233",NA
"SNV_cluster_0008","SNV","50","PAUGXW","SNV","residue 234",NA
"SNV_cluster_0008","SNV","108","PAUIEM","SNV","residue 233",NA
"SNV_cluster_0008","SNV","51","PAUJRU","SNV","residue 233",NA
"SNV_cluster_0008","SNV","52","PAUKYJ","SNV","residue 234",NA
"SNV_cluster_0008","SNV","55","PAUNTS","SNV","residue 233",NA
"SNV_cluster_0008","SNV","56","PAUNTS","SNV","residue 234",NA
"SNV_cluster_0008","SNV","57","PAUNZE","SNV","residue 233",NA
"SNV_cluster_0008","SNV","58","PAURCM","SNV","residue 233",NA
"SNV_cluster_0008","SNV","59","PAURTD","SNV","residue 235",NA
"SNV_cluster_0008","SNV","65","PAUWLB","SNV","residue 233",NA
"SNV_cluster_0008","SNV","3","PAUXAB","SNV","residue 234",NA
"SNV_cluster_0008","SNV","66","PAUXHP","SNV","residue 233",NA
"SNV_cluster_0008","SNV","67","PAUXHP","SNV","residue 234",NA
"SNV_cluster_0008","SNV","70","PAVBLX","SNV","residue 233",NA
"SNV_cluster_0008","SNV","111","PAVBSK","SNV","residue 234",NA
"SNV_cluster_0008","SNV","72","PAVHBC","SNV","residue 232",NA
"SNV_cluster_0008","SNV","73","PAVHBC","SNV","residue 233",NA
"SNV_cluster_0008","SNV","74","PAVJWE","SNV","residue 235",NA
"SNV_cluster_0008","SNV","77","PAVLCX","SNV","residue 234",NA
"SNV_cluster_0008","SNV","78","PAVLLU","SNV","residue 234",NA
"SNV_cluster_0008","SNV","79","PAVMLG","SNV","residue 234",NA
"SNV_cluster_0008","SNV","82","PAVPGA","SNV","residue 233",NA
"SNV_cluster_0008","SNV","83","PAVRAW","SNV","residue 233",NA
"SNV_cluster_0008","SNV","112","PAVRYP","SNV","residue 233",NA
"SNV_cluster_0008","SNV","89","PAVWJA","SNV","residue 233",NA
"SNV_cluster_0008","SNV","91","PAVZTC","SNV","residue 234",NA
"SNV_cluster_0008","SNV","92","PAVZTC","SNV","residue 234",NA
"SNV_cluster_0008","SNV","96","PAWALP","SNV","residue 233",NA
"SNV_cluster_0008","SNV","97","PAWAMD","SNV","residue 234",NA
"SNV_cluster_0008","SNV","98","PAWCWL","SNV","residue 234",NA
"SNV_cluster_0008","SNV","99","PAWDEK","SNV","residue 233",NA
"SNV_cluster_0008","SNV","102","PAWGYW","SNV","residue 233",NA
"SNV_cluster_0008","SNV","103","PAWGYW","SNV","residue 235",NA
"SNV_cluster_0008","SNV","105","PAWJDS","SNV","residue 233",NA
"SNV_cluster_0008","SNV","106","PAWJDS","SNV","residue 234",NA
"SNV_cluster_0008","SNV","113","PAWLSM","SNV","residue 234",NA
"SNV_cluster_0009","SNV","5","PARGHJ","SNV","residue 235",NA
"SNV_cluster_0009","SNV","8","PARMKM","SNV","residue 232",NA
"SNV_cluster_0009","SNV","19","PASVIN","SNV","residue 233",NA
"SNV_cluster_0009","SNV","20","PASVZJ","SNV","residue 237",NA
"SNV_cluster_0009","SNV","22","PATADU","SNV","residue 233",NA
"SNV_cluster_0009","SNV","24","PATBDK","SNV","residue 233",NA
"SNV_cluster_0009","SNV","26","PATEFF","SNV","residue 233",NA
"SNV_cluster_0009","SNV","27","PATFJP","SNV","residue 233",NA
"SNV_cluster_0009","SNV","31","PATIKN","SNV","residue 234",NA
"SNV_cluster_0009","SNV","32","PATIKN","SNV","residue 235",NA
"SNV_cluster_0009","SNV","33","PATJXW","SNV","residue 234",NA
"SNV_cluster_0009","SNV","34","PATKIH","SNV","residue 233",NA
"SNV_cluster_0009","SNV","39","PATPDA","SNV","residue 233",NA
"SNV_cluster_0009","SNV","45","PAUCRG","SNV","residue 234",NA
"SNV_cluster_0009","SNV","46","PAUDPH","SNV","residue 234",NA
"SNV_cluster_0009","SNV","47","PAUGAA","SNV","residue 234",NA
"SNV_cluster_0009","SNV","49","PAUGXW","SNV","residue 233",NA
"SNV_cluster_0009","SNV","50","PAUGXW","SNV","residue 234",NA
"SNV_cluster_0009","SNV","108","PAUIEM","SNV","residue 233",NA
"SNV_cluster_0009","SNV","51","PAUJRU","SNV","residue 233",NA
"SNV_cluster_0009","SNV","52","PAUKYJ","SNV","residue 234",NA
"SNV_cluster_0009","SNV","54","PAUMKW","SNV","residue 237",NA
"SNV_cluster_0009","SNV","55","PAUNTS","SNV","residue 233",NA
"SNV_cluster_0009","SNV","56","PAUNTS","SNV","residue 234",NA
"SNV_cluster_0009","SNV","57","PAUNZE","SNV","residue 233",NA
"SNV_cluster_0009","SNV","58","PAURCM","SNV","residue 233",NA
"SNV_cluster_0009","SNV","59","PAURTD","SNV","residue 235",NA
"SNV_cluster_0009","SNV","65","PAUWLB","SNV","residue 233",NA
"SNV_cluster_0009","SNV","109","PAUWSL","SNV","residue 236",NA
"SNV_cluster_0009","SNV","3","PAUXAB","SNV","residue 234",NA
"SNV_cluster_0009","SNV","66","PAUXHP","SNV","residue 233",NA
"SNV_cluster_0009","SNV","67","PAUXHP","SNV","residue 234",NA
"SNV_cluster_0009","SNV","70","PAVBLX","SNV","residue 233",NA
"SNV_cluster_0009","SNV","111","PAVBSK","SNV","residue 234",NA
"SNV_cluster_0009","SNV","72","PAVHBC","SNV","residue 232",NA
"SNV_cluster_0009","SNV","73","PAVHBC","SNV","residue 233",NA
"SNV_cluster_0009","SNV","74","PAVJWE","SNV","residue 235",NA
"SNV_cluster_0009","SNV","77","PAVLCX","SNV","residue 234",NA
"SNV_cluster_0009","SNV","78","PAVLLU","SNV","residue 234",NA
"SNV_cluster_0009","SNV","79","PAVMLG","SNV","residue 234",NA
"SNV_cluster_0009","SNV","82","PAVPGA","SNV","residue 233",NA
"SNV_cluster_0009","SNV","83","PAVRAW","SNV","residue 233",NA
"SNV_cluster_0009","SNV","112","PAVRYP","SNV","residue 233",NA
"SNV_cluster_0009","SNV","89","PAVWJA","SNV","residue 233",NA
"SNV_cluster_0009","SNV","91","PAVZTC","SNV","residue 234",NA
"SNV_cluster_0009","SNV","92","PAVZTC","SNV","residue 234",NA
"SNV_cluster_0009","SNV","96","PAWALP","SNV","residue 233",NA
"SNV_cluster_0009","SNV","97","PAWAMD","SNV","residue 234",NA
"SNV_cluster_0009","SNV","98","PAWCWL","SNV","residue 234",NA
"SNV_cluster_0009","SNV","99","PAWDEK","SNV","residue 233",NA
"SNV_cluster_0009","SNV","102","PAWGYW","SNV","residue 233",NA
"SNV_cluster_0009","SNV","103","PAWGYW","SNV","residue 235",NA
"SNV_cluster_0009","SNV","105","PAWJDS","SNV","residue 233",NA
"SNV_cluster_0009","SNV","106","PAWJDS","SNV","residue 234",NA
"SNV_cluster_0009","SNV","113","PAWLSM","SNV","residue 234",NA
"SNV_cluster_0010","SNV","5","PARGHJ","SNV","residue 235",NA
"SNV_cluster_0010","SNV","8","PARMKM","SNV","residue 232",NA
"SNV_cluster_0010","SNV","19","PASVIN","SNV","residue 233",NA
"SNV_cluster_0010","SNV","20","PASVZJ","SNV","residue 237",NA
"SNV_cluster_0010","SNV","22","PATADU","SNV","residue 233",NA
"SNV_cluster_0010","SNV","24","PATBDK","SNV","residue 233",NA
"SNV_cluster_0010","SNV","26","PATEFF","SNV","residue 233",NA
"SNV_cluster_0010","SNV","27","PATFJP","SNV","residue 233",NA
"SNV_cluster_0010","SNV","31","PATIKN","SNV","residue 234",NA
"SNV_cluster_0010","SNV","32","PATIKN","SNV","residue 235",NA
"SNV_cluster_0010","SNV","33","PATJXW","SNV","residue 234",NA
"SNV_cluster_0010","SNV","34","PATKIH","SNV","residue 233",NA
"SNV_cluster_0010","SNV","39","PATPDA","SNV","residue 233",NA
"SNV_cluster_0010","SNV","45","PAUCRG","SNV","residue 234",NA
"SNV_cluster_0010","SNV","46","PAUDPH","SNV","residue 234",NA
"SNV_cluster_0010","SNV","47","PAUGAA","SNV","residue 234",NA
"SNV_cluster_0010","SNV","49","PAUGXW","SNV","residue 233",NA
"SNV_cluster_0010","SNV","50","PAUGXW","SNV","residue 234",NA
"SNV_cluster_0010","SNV","108","PAUIEM","SNV","residue 233",NA
"SNV_cluster_0010","SNV","51","PAUJRU","SNV","residue 233",NA
"SNV_cluster_0010","SNV","52","PAUKYJ","SNV","residue 234",NA
"SNV_cluster_0010","SNV","54","PAUMKW","SNV","residue 237",NA
"SNV_cluster_0010","SNV","55","PAUNTS","SNV","residue 233",NA
"SNV_cluster_0010","SNV","56","PAUNTS","SNV","residue 234",NA
"SNV_cluster_0010","SNV","57","PAUNZE","SNV","residue 233",NA
"SNV_cluster_0010","SNV","58","PAURCM","SNV","residue 233",NA
"SNV_cluster_0010","SNV","59","PAURTD","SNV","residue 235",NA
"SNV_cluster_0010","SNV","65","PAUWLB","SNV","residue 233",NA
"SNV_cluster_0010","SNV","109","PAUWSL","SNV","residue 236",NA
"SNV_cluster_0010","SNV","3","PAUXAB","SNV","residue 234",NA
"SNV_cluster_0010","SNV","66","PAUXHP","SNV","residue 233",NA
"SNV_cluster_0010","SNV","67","PAUXHP","SNV","residue 234",NA
"SNV_cluster_0010","SNV","70","PAVBLX","SNV","residue 233",NA
"SNV_cluster_0010","SNV","111","PAVBSK","SNV","residue 234",NA
"SNV_cluster_0010","SNV","72","PAVHBC","SNV","residue 232",NA
"SNV_cluster_0010","SNV","73","PAVHBC","SNV","residue 233",NA
"SNV_cluster_0010","SNV","74","PAVJWE","SNV","residue 235",NA
"SNV_cluster_0010","SNV","77","PAVLCX","SNV","residue 234",NA
"SNV_cluster_0010","SNV","78","PAVLLU","SNV","residue 234",NA
"SNV_cluster_0010","SNV","79","PAVMLG","SNV","residue 234",NA
"SNV_cluster_0010","SNV","82","PAVPGA","SNV","residue 233",NA
"SNV_cluster_0010","SNV","83","PAVRAW","SNV","residue 233",NA
"SNV_cluster_0010","SNV","112","PAVRYP","SNV","residue 233",NA
"SNV_cluster_0010","SNV","89","PAVWJA","SNV","residue 233",NA
"SNV_cluster_0010","SNV","91","PAVZTC","SNV","residue 234",NA
"SNV_cluster_0010","SNV","92","PAVZTC","SNV","residue 234",NA
"SNV_cluster_0010","SNV","96","PAWALP","SNV","residue 233",NA
"SNV_cluster_0010","SNV","97","PAWAMD","SNV","residue 234",NA
"SNV_cluster_0010","SNV","98","PAWCWL","SNV","residue 234",NA
"SNV_cluster_0010","SNV","99","PAWDEK","SNV","residue 233",NA
"SNV_cluster_0010","SNV","102","PAWGYW","SNV","residue 233",NA
"SNV_cluster_0010","SNV","103","PAWGYW","SNV","residue 235",NA
"SNV_cluster_0010","SNV","104","PAWIWS","SNV","residue 241",NA
"SNV_cluster_0010","SNV","105","PAWJDS","SNV","residue 233",NA
"SNV_cluster_0010","SNV","106","PAWJDS","SNV","residue 234",NA
"SNV_cluster_0010","SNV","113","PAWLSM","SNV","residue 234",NA
"SNV_cluster_0011","SNV","5","PARGHJ","SNV","residue 235",NA
"SNV_cluster_0011","SNV","7","PARIET","SNV","residue 336",NA
"SNV_cluster_0011","SNV","8","PARMKM","SNV","residue 232",NA
"SNV_cluster_0011","SNV","19","PASVIN","SNV","residue 233",NA
"SNV_cluster_0011","SNV","20","PASVZJ","SNV","residue 237",NA
"SNV_cluster_0011","SNV","22","PATADU","SNV","residue 233",NA
"SNV_cluster_0011","SNV","24","PATBDK","SNV","residue 233",NA
"SNV_cluster_0011","SNV","26","PATEFF","SNV","residue 233",NA
"SNV_cluster_0011","SNV","27","PATFJP","SNV","residue 233",NA
"SNV_cluster_0011","SNV","29","PATGMP","SNV","residue 335",NA
"SNV_cluster_0011","SNV","31","PATIKN","SNV","residue 234",NA
"SNV_cluster_0011","SNV","32","PATIKN","SNV","residue 235",NA
"SNV_cluster_0011","SNV","33","PATJXW","SNV","residue 234",NA
"SNV_cluster_0011","SNV","34","PATKIH","SNV","residue 233",NA
"SNV_cluster_0011","SNV","39","PATPDA","SNV","residue 233",NA
"SNV_cluster_0011","SNV","45","PAUCRG","SNV","residue 234",NA
"SNV_cluster_0011","SNV","46","PAUDPH","SNV","residue 234",NA
"SNV_cluster_0011","SNV","47","PAUGAA","SNV","residue 234",NA
"SNV_cluster_0011","SNV","48","PAUGAA","SNV","residue 336",NA
"SNV_cluster_0011","SNV","49","PAUGXW","SNV","residue 233",NA
"SNV_cluster_0011","SNV","50","PAUGXW","SNV","residue 234",NA
"SNV_cluster_0011","SNV","108","PAUIEM","SNV","residue 233",NA
"SNV_cluster_0011","SNV","51","PAUJRU","SNV","residue 233",NA
"SNV_cluster_0011","SNV","52","PAUKYJ","SNV","residue 234",NA
"SNV_cluster_0011","SNV","53","PAUMHZ","SNV","residue 335",NA
"SNV_cluster_0011","SNV","54","PAUMKW","SNV","residue 237",NA
"SNV_cluster_0011","SNV","55","PAUNTS","SNV","residue 233",NA
"SNV_cluster_0011","SNV","56","PAUNTS","SNV","residue 234",NA
"SNV_cluster_0011","SNV","57","PAUNZE","SNV","residue 233",NA
"SNV_cluster_0011","SNV","58","PAURCM","SNV","residue 233",NA
"SNV_cluster_0011","SNV","59","PAURTD","SNV","residue 235",NA
"SNV_cluster_0011","SNV","65","PAUWLB","SNV","residue 233",NA
"SNV_cluster_0011","SNV","109","PAUWSL","SNV","residue 236",NA
"SNV_cluster_0011","SNV","3","PAUXAB","SNV","residue 234",NA
"SNV_cluster_0011","SNV","66","PAUXHP","SNV","residue 233",NA
"SNV_cluster_0011","SNV","67","PAUXHP","SNV","residue 234",NA
"SNV_cluster_0011","SNV","70","PAVBLX","SNV","residue 233",NA
"SNV_cluster_0011","SNV","111","PAVBSK","SNV","residue 234",NA
"SNV_cluster_0011","SNV","71","PAVFAC","SNV","residue 335",NA
"SNV_cluster_0011","SNV","72","PAVHBC","SNV","residue 232",NA
"SNV_cluster_0011","SNV","73","PAVHBC","SNV","residue 233",NA
"SNV_cluster_0011","SNV","74","PAVJWE","SNV","residue 235",NA
"SNV_cluster_0011","SNV","77","PAVLCX","SNV","residue 234",NA
"SNV_cluster_0011","SNV","78","PAVLLU","SNV","residue 234",NA
"SNV_cluster_0011","SNV","79","PAVMLG","SNV","residue 234",NA
"SNV_cluster_0011","SNV","82","PAVPGA","SNV","residue 233",NA
"SNV_cluster_0011","SNV","83","PAVRAW","SNV","residue 233",NA
"SNV_cluster_0011","SNV","112","PAVRYP","SNV","residue 233",NA
"SNV_cluster_0011","SNV","89","PAVWJA","SNV","residue 233",NA
"SNV_cluster_0011","SNV","91","PAVZTC","SNV","residue 234",NA
"SNV_cluster_0011","SNV","92","PAVZTC","SNV","residue 234",NA
"SNV_cluster_0011","SNV","96","PAWALP","SNV","residue 233",NA
"SNV_cluster_0011","SNV","97","PAWAMD","SNV","residue 234",NA
"SNV_cluster_0011","SNV","98","PAWCWL","SNV","residue 234",NA
"SNV_cluster_0011","SNV","99","PAWDEK","SNV","residue 233",NA
"SNV_cluster_0011","SNV","102","PAWGYW","SNV","residue 233",NA
"SNV_cluster_0011","SNV","103","PAWGYW","SNV","residue 235",NA
"SNV_cluster_0011","SNV","104","PAWIWS","SNV","residue 241",NA
"SNV_cluster_0011","SNV","105","PAWJDS","SNV","residue 233",NA
"SNV_cluster_0011","SNV","106","PAWJDS","SNV","residue 234",NA
"SNV_cluster_0011","SNV","113","PAWLSM","SNV","residue 234",NA
"SNV_cluster_0012","SNV","5","PARGHJ","SNV","residue 235",NA
"SNV_cluster_0012","SNV","7","PARIET","SNV","residue 336",NA
"SNV_cluster_0012","SNV","8","PARMKM","SNV","residue 232",NA
"SNV_cluster_0012","SNV","11","PARWLP","SNV","residue 247",NA
"SNV_cluster_0012","SNV","13","PASLAB","SNV","residue 247",NA
"SNV_cluster_0012","SNV","14","PASLAB","SNV","residue 247",NA
"SNV_cluster_0012","SNV","16","PASPNI","SNV","residue 243",NA
"SNV_cluster_0012","SNV","19","PASVIN","SNV","residue 233",NA
"SNV_cluster_0012","SNV","20","PASVZJ","SNV","residue 237",NA
"SNV_cluster_0012","SNV","21","PASYNX","SNV","residue 245",NA
"SNV_cluster_0012","SNV","22","PATADU","SNV","residue 233",NA
"SNV_cluster_0012","SNV","24","PATBDK","SNV","residue 233",NA
"SNV_cluster_0012","SNV","25","PATBGH","SNV","residue 246",NA
"SNV_cluster_0012","SNV","26","PATEFF","SNV","residue 233",NA
"SNV_cluster_0012","SNV","27","PATFJP","SNV","residue 233",NA
"SNV_cluster_0012","SNV","29","PATGMP","SNV","residue 335",NA
"SNV_cluster_0012","SNV","31","PATIKN","SNV","residue 234",NA
"SNV_cluster_0012","SNV","32","PATIKN","SNV","residue 235",NA
"SNV_cluster_0012","SNV","33","PATJXW","SNV","residue 234",NA
"SNV_cluster_0012","SNV","34","PATKIH","SNV","residue 233",NA
"SNV_cluster_0012","SNV","38","PATLUU","SNV","residue 244",NA
"SNV_cluster_0012","SNV","39","PATPDA","SNV","residue 233",NA
"SNV_cluster_0012","SNV","41","PATTIG","SNV","residue 246",NA
"SNV_cluster_0012","SNV","45","PAUCRG","SNV","residue 234",NA
"SNV_cluster_0012","SNV","46","PAUDPH","SNV","residue 234",NA
"SNV_cluster_0012","SNV","47","PAUGAA","SNV","residue 234",NA
"SNV_cluster_0012","SNV","48","PAUGAA","SNV","residue 336",NA
"SNV_cluster_0012","SNV","49","PAUGXW","SNV","residue 233",NA
"SNV_cluster_0012","SNV","50","PAUGXW","SNV","residue 234",NA
"SNV_cluster_0012","SNV","108","PAUIEM","SNV","residue 233",NA
"SNV_cluster_0012","SNV","51","PAUJRU","SNV","residue 233",NA
"SNV_cluster_0012","SNV","52","PAUKYJ","SNV","residue 234",NA
"SNV_cluster_0012","SNV","53","PAUMHZ","SNV","residue 335",NA
"SNV_cluster_0012","SNV","54","PAUMKW","SNV","residue 237",NA
"SNV_cluster_0012","SNV","55","PAUNTS","SNV","residue 233",NA
"SNV_cluster_0012","SNV","56","PAUNTS","SNV","residue 234",NA
"SNV_cluster_0012","SNV","57","PAUNZE","SNV","residue 233",NA
"SNV_cluster_0012","SNV","58","PAURCM","SNV","residue 233",NA
"SNV_cluster_0012","SNV","59","PAURTD","SNV","residue 235",NA
"SNV_cluster_0012","SNV","61","PAUUSY","SNV","residue 246",NA
"SNV_cluster_0012","SNV","65","PAUWLB","SNV","residue 233",NA
"SNV_cluster_0012","SNV","109","PAUWSL","SNV","residue 236",NA
"SNV_cluster_0012","SNV","3","PAUXAB","SNV","residue 234",NA
"SNV_cluster_0012","SNV","66","PAUXHP","SNV","residue 233",NA
"SNV_cluster_0012","SNV","67","PAUXHP","SNV","residue 234",NA
"SNV_cluster_0012","SNV","70","PAVBLX","SNV","residue 233",NA
"SNV_cluster_0012","SNV","111","PAVBSK","SNV","residue 234",NA
"SNV_cluster_0012","SNV","71","PAVFAC","SNV","residue 335",NA
"SNV_cluster_0012","SNV","72","PAVHBC","SNV","residue 232",NA
"SNV_cluster_0012","SNV","73","PAVHBC","SNV","residue 233",NA
"SNV_cluster_0012","SNV","74","PAVJWE","SNV","residue 235",NA
"SNV_cluster_0012","SNV","77","PAVLCX","SNV","residue 234",NA
"SNV_cluster_0012","SNV","78","PAVLLU","SNV","residue 234",NA
"SNV_cluster_0012","SNV","79","PAVMLG","SNV","residue 234",NA
"SNV_cluster_0012","SNV","82","PAVPGA","SNV","residue 233",NA
"SNV_cluster_0012","SNV","83","PAVRAW","SNV","residue 233",NA
"SNV_cluster_0012","SNV","112","PAVRYP","SNV","residue 233",NA
"SNV_cluster_0012","SNV","85","PAVTAT","SNV","residue 245",NA
"SNV_cluster_0012","SNV","86","PAVTAT","SNV","residue 245",NA
"SNV_cluster_0012","SNV","89","PAVWJA","SNV","residue 233",NA
"SNV_cluster_0012","SNV","90","PAVWJL","SNV","residue 245",NA
"SNV_cluster_0012","SNV","91","PAVZTC","SNV","residue 234",NA
"SNV_cluster_0012","SNV","92","PAVZTC","SNV","residue 234",NA
"SNV_cluster_0012","SNV","93","PAWABB","SNV","residue 245",NA
"SNV_cluster_0012","SNV","94","PAWABB","SNV","residue 246",NA
"SNV_cluster_0012","SNV","96","PAWALP","SNV","residue 233",NA
"SNV_cluster_0012","SNV","97","PAWAMD","SNV","residue 234",NA
"SNV_cluster_0012","SNV","98","PAWCWL","SNV","residue 234",NA
"SNV_cluster_0012","SNV","99","PAWDEK","SNV","residue 233",NA
"SNV_cluster_0012","SNV","102","PAWGYW","SNV","residue 233",NA
"SNV_cluster_0012","SNV","103","PAWGYW","SNV","residue 235",NA
"SNV_cluster_0012","SNV","104","PAWIWS","SNV","residue 241",NA
"SNV_cluster_0012","SNV","105","PAWJDS","SNV","residue 233",NA
"SNV_cluster_0012","SNV","106","PAWJDS","SNV","residue 234",NA
"SNV_cluster_0012","SNV","113","PAWLSM","SNV","residue 234",NA
"SNV_cluster_0013","SNV","5","PARGHJ","SNV","residue 235",NA
"SNV_cluster_0013","SNV","8","PARMKM","SNV","residue 232",NA
"SNV_cluster_0013","SNV","11","PARWLP","SNV","residue 247",NA
"SNV_cluster_0013","SNV","12","PASILW","SNV","residue 250",NA
"SNV_cluster_0013","SNV","13","PASLAB","SNV","residue 247",NA
"SNV_cluster_0013","SNV","14","PASLAB","SNV","residue 247",NA
"SNV_cluster_0013","SNV","16","PASPNI","SNV","residue 243",NA
"SNV_cluster_0013","SNV","19","PASVIN","SNV","residue 233",NA
"SNV_cluster_0013","SNV","20","PASVZJ","SNV","residue 237",NA
"SNV_cluster_0013","SNV","21","PASYNX","SNV","residue 245",NA
"SNV_cluster_0013","SNV","22","PATADU","SNV","residue 233",NA
"SNV_cluster_0013","SNV","24","PATBDK","SNV","residue 233",NA
"SNV_cluster_0013","SNV","25","PATBGH","SNV","residue 246",NA
"SNV_cluster_0013","SNV","26","PATEFF","SNV","residue 233",NA
"SNV_cluster_0013","SNV","27","PATFJP","SNV","residue 233",NA
"SNV_cluster_0013","SNV","31","PATIKN","SNV","residue 234",NA
"SNV_cluster_0013","SNV","32","PATIKN","SNV","residue 235",NA
"SNV_cluster_0013","SNV","33","PATJXW","SNV","residue 234",NA
"SNV_cluster_0013","SNV","34","PATKIH","SNV","residue 233",NA
"SNV_cluster_0013","SNV","37","PATLNZ","SNV","residue 221",NA
"SNV_cluster_0013","SNV","38","PATLUU","SNV","residue 244",NA
"SNV_cluster_0013","SNV","39","PATPDA","SNV","residue 233",NA
"SNV_cluster_0013","SNV","41","PATTIG","SNV","residue 246",NA
"SNV_cluster_0013","SNV","42","PATVTZ","SNV","residue 249",NA
"SNV_cluster_0013","SNV","43","PATVTZ","SNV","residue 250",NA
"SNV_cluster_0013","SNV","45","PAUCRG","SNV","residue 234",NA
"SNV_cluster_0013","SNV","46","PAUDPH","SNV","residue 234",NA
"SNV_cluster_0013","SNV","47","PAUGAA","SNV","residue 234",NA
"SNV_cluster_0013","SNV","49","PAUGXW","SNV","residue 233",NA
"SNV_cluster_0013","SNV","50","PAUGXW","SNV","residue 234",NA
"SNV_cluster_0013","SNV","108","PAUIEM","SNV","residue 233",NA
"SNV_cluster_0013","SNV","51","PAUJRU","SNV","residue 233",NA
"SNV_cluster_0013","SNV","52","PAUKYJ","SNV","residue 234",NA
"SNV_cluster_0013","SNV","54","PAUMKW","SNV","residue 237",NA
"SNV_cluster_0013","SNV","55","PAUNTS","SNV","residue 233",NA
"SNV_cluster_0013","SNV","56","PAUNTS","SNV","residue 234",NA
"SNV_cluster_0013","SNV","57","PAUNZE","SNV","residue 233",NA
"SNV_cluster_0013","SNV","58","PAURCM","SNV","residue 233",NA
"SNV_cluster_0013","SNV","59","PAURTD","SNV","residue 235",NA
"SNV_cluster_0013","SNV","61","PAUUSY","SNV","residue 246",NA
"SNV_cluster_0013","SNV","62","PAUVAJ","SNV","residue 249",NA
"SNV_cluster_0013","SNV","65","PAUWLB","SNV","residue 233",NA
"SNV_cluster_0013","SNV","109","PAUWSL","SNV","residue 236",NA
"SNV_cluster_0013","SNV","3","PAUXAB","SNV","residue 234",NA
"SNV_cluster_0013","SNV","66","PAUXHP","SNV","residue 233",NA
"SNV_cluster_0013","SNV","67","PAUXHP","SNV","residue 234",NA
"SNV_cluster_0013","SNV","68","PAVAJG","SNV","residue 251",NA
"SNV_cluster_0013","SNV","70","PAVBLX","SNV","residue 233",NA
"SNV_cluster_0013","SNV","111","PAVBSK","SNV","residue 234",NA
"SNV_cluster_0013","SNV","72","PAVHBC","SNV","residue 232",NA
"SNV_cluster_0013","SNV","73","PAVHBC","SNV","residue 233",NA
"SNV_cluster_0013","SNV","74","PAVJWE","SNV","residue 235",NA
"SNV_cluster_0013","SNV","75","PAVKJU","SNV","residue 249",NA
"SNV_cluster_0013","SNV","76","PAVKJU","SNV","residue 250",NA
"SNV_cluster_0013","SNV","77","PAVLCX","SNV","residue 234",NA
"SNV_cluster_0013","SNV","78","PAVLLU","SNV","residue 234",NA
"SNV_cluster_0013","SNV","79","PAVMLG","SNV","residue 234",NA
"SNV_cluster_0013","SNV","82","PAVPGA","SNV","residue 233",NA
"SNV_cluster_0013","SNV","83","PAVRAW","SNV","residue 233",NA
"SNV_cluster_0013","SNV","112","PAVRYP","SNV","residue 233",NA
"SNV_cluster_0013","SNV","85","PAVTAT","SNV","residue 245",NA
"SNV_cluster_0013","SNV","86","PAVTAT","SNV","residue 245",NA
"SNV_cluster_0013","SNV","87","PAVUKV","SNV","residue 251",NA
"SNV_cluster_0013","SNV","88","PAVVBE","SNV","residue 252",NA
"SNV_cluster_0013","SNV","89","PAVWJA","SNV","residue 233",NA
"SNV_cluster_0013","SNV","90","PAVWJL","SNV","residue 245",NA
"SNV_cluster_0013","SNV","91","PAVZTC","SNV","residue 234",NA
"SNV_cluster_0013","SNV","92","PAVZTC","SNV","residue 234",NA
"SNV_cluster_0013","SNV","93","PAWABB","SNV","residue 245",NA
"SNV_cluster_0013","SNV","94","PAWABB","SNV","residue 246",NA
"SNV_cluster_0013","SNV","96","PAWALP","SNV","residue 233",NA
"SNV_cluster_0013","SNV","97","PAWAMD","SNV","residue 234",NA
"SNV_cluster_0013","SNV","98","PAWCWL","SNV","residue 234",NA
"SNV_cluster_0013","SNV","99","PAWDEK","SNV","residue 233",NA
"SNV_cluster_0013","SNV","102","PAWGYW","SNV","residue 233",NA
"SNV_cluster_0013","SNV","103","PAWGYW","SNV","residue 235",NA
"SNV_cluster_0013","SNV","104","PAWIWS","SNV","residue 241",NA
"SNV_cluster_0013","SNV","105","PAWJDS","SNV","residue 233",NA
"SNV_cluster_0013","SNV","106","PAWJDS","SNV","residue 234",NA
"SNV_cluster_0013","SNV","113","PAWLSM","SNV","residue 234",NA
"SNV_cluster_0014","SNV","5","PARGHJ","SNV","residue 235",NA
"SNV_cluster_0014","SNV","7","PARIET","SNV","residue 336",NA
"SNV_cluster_0014","SNV","8","PARMKM","SNV","residue 232",NA
"SNV_cluster_0014","SNV","11","PARWLP","SNV","residue 247",NA
"SNV_cluster_0014","SNV","12","PASILW","SNV","residue 250",NA
"SNV_cluster_0014","SNV","13","PASLAB","SNV","residue 247",NA
"SNV_cluster_0014","SNV","14","PASLAB","SNV","residue 247",NA
"SNV_cluster_0014","SNV","16","PASPNI","SNV","residue 243",NA
"SNV_cluster_0014","SNV","19","PASVIN","SNV","residue 233",NA
"SNV_cluster_0014","SNV","20","PASVZJ","SNV","residue 237",NA
"SNV_cluster_0014","SNV","21","PASYNX","SNV","residue 245",NA
"SNV_cluster_0014","SNV","22","PATADU","SNV","residue 233",NA
"SNV_cluster_0014","SNV","24","PATBDK","SNV","residue 233",NA
"SNV_cluster_0014","SNV","25","PATBGH","SNV","residue 246",NA
"SNV_cluster_0014","SNV","26","PATEFF","SNV","residue 233",NA
"SNV_cluster_0014","SNV","27","PATFJP","SNV","residue 233",NA
"SNV_cluster_0014","SNV","29","PATGMP","SNV","residue 335",NA
"SNV_cluster_0014","SNV","31","PATIKN","SNV","residue 234",NA
"SNV_cluster_0014","SNV","32","PATIKN","SNV","residue 235",NA
"SNV_cluster_0014","SNV","33","PATJXW","SNV","residue 234",NA
"SNV_cluster_0014","SNV","34","PATKIH","SNV","residue 233",NA
"SNV_cluster_0014","SNV","37","PATLNZ","SNV","residue 221",NA
"SNV_cluster_0014","SNV","38","PATLUU","SNV","residue 244",NA
"SNV_cluster_0014","SNV","39","PATPDA","SNV","residue 233",NA
"SNV_cluster_0014","SNV","41","PATTIG","SNV","residue 246",NA
"SNV_cluster_0014","SNV","42","PATVTZ","SNV","residue 249",NA
"SNV_cluster_0014","SNV","43","PATVTZ","SNV","residue 250",NA
"SNV_cluster_0014","SNV","45","PAUCRG","SNV","residue 234",NA
"SNV_cluster_0014","SNV","46","PAUDPH","SNV","residue 234",NA
"SNV_cluster_0014","SNV","47","PAUGAA","SNV","residue 234",NA
"SNV_cluster_0014","SNV","48","PAUGAA","SNV","residue 336",NA
"SNV_cluster_0014","SNV","49","PAUGXW","SNV","residue 233",NA
"SNV_cluster_0014","SNV","50","PAUGXW","SNV","residue 234",NA
"SNV_cluster_0014","SNV","108","PAUIEM","SNV","residue 233",NA
"SNV_cluster_0014","SNV","51","PAUJRU","SNV","residue 233",NA
"SNV_cluster_0014","SNV","52","PAUKYJ","SNV","residue 234",NA
"SNV_cluster_0014","SNV","53","PAUMHZ","SNV","residue 335",NA
"SNV_cluster_0014","SNV","54","PAUMKW","SNV","residue 237",NA
"SNV_cluster_0014","SNV","55","PAUNTS","SNV","residue 233",NA
"SNV_cluster_0014","SNV","56","PAUNTS","SNV","residue 234",NA
"SNV_cluster_0014","SNV","57","PAUNZE","SNV","residue 233",NA
"SNV_cluster_0014","SNV","58","PAURCM","SNV","residue 233",NA
"SNV_cluster_0014","SNV","59","PAURTD","SNV","residue 235",NA
"SNV_cluster_0014","SNV","61","PAUUSY","SNV","residue 246",NA
"SNV_cluster_0014","SNV","62","PAUVAJ","SNV","residue 249",NA
"SNV_cluster_0014","SNV","65","PAUWLB","SNV","residue 233",NA
"SNV_cluster_0014","SNV","109","PAUWSL","SNV","residue 236",NA
"SNV_cluster_0014","SNV","3","PAUXAB","SNV","residue 234",NA
"SNV_cluster_0014","SNV","66","PAUXHP","SNV","residue 233",NA
"SNV_cluster_0014","SNV","67","PAUXHP","SNV","residue 234",NA
"SNV_cluster_0014","SNV","68","PAVAJG","SNV","residue 251",NA
"SNV_cluster_0014","SNV","70","PAVBLX","SNV","residue 233",NA
"SNV_cluster_0014","SNV","111","PAVBSK","SNV","residue 234",NA
"SNV_cluster_0014","SNV","71","PAVFAC","SNV","residue 335",NA
"SNV_cluster_0014","SNV","72","PAVHBC","SNV","residue 232",NA
"SNV_cluster_0014","SNV","73","PAVHBC","SNV","residue 233",NA
"SNV_cluster_0014","SNV","74","PAVJWE","SNV","residue 235",NA
"SNV_cluster_0014","SNV","75","PAVKJU","SNV","residue 249",NA
"SNV_cluster_0014","SNV","76","PAVKJU","SNV","residue 250",NA
"SNV_cluster_0014","SNV","77","PAVLCX","SNV","residue 234",NA
"SNV_cluster_0014","SNV","78","PAVLLU","SNV","residue 234",NA
"SNV_cluster_0014","SNV","79","PAVMLG","SNV","residue 234",NA
"SNV_cluster_0014","SNV","82","PAVPGA","SNV","residue 233",NA
"SNV_cluster_0014","SNV","83","PAVRAW","SNV","residue 233",NA
"SNV_cluster_0014","SNV","84","PAVRLT","SNV","residue 326",NA
"SNV_cluster_0014","SNV","112","PAVRYP","SNV","residue 233",NA
"SNV_cluster_0014","SNV","85","PAVTAT","SNV","residue 245",NA
"SNV_cluster_0014","SNV","86","PAVTAT","SNV","residue 245",NA
"SNV_cluster_0014","SNV","87","PAVUKV","SNV","residue 251",NA
"SNV_cluster_0014","SNV","88","PAVVBE","SNV","residue 252",NA
"SNV_cluster_0014","SNV","89","PAVWJA","SNV","residue 233",NA
"SNV_cluster_0014","SNV","90","PAVWJL","SNV","residue 245",NA
"SNV_cluster_0014","SNV","91","PAVZTC","SNV","residue 234",NA
"SNV_cluster_0014","SNV","92","PAVZTC","SNV","residue 234",NA
"SNV_cluster_0014","SNV","93","PAWABB","SNV","residue 245",NA
"SNV_cluster_0014","SNV","94","PAWABB","SNV","residue 246",NA
"SNV_cluster_0014","SNV","96","PAWALP","SNV","residue 233",NA
"SNV_cluster_0014","SNV","97","PAWAMD","SNV","residue 234",NA
"SNV_cluster_0014","SNV","98","PAWCWL","SNV","residue 234",NA
"SNV_cluster_0014","SNV","99","PAWDEK","SNV","residue 233",NA
"SNV_cluster_0014","SNV","102","PAWGYW","SNV","residue 233",NA
"SNV_cluster_0014","SNV","103","PAWGYW","SNV","residue 235",NA
"SNV_cluster_0014","SNV","104","PAWIWS","SNV","residue 241",NA
"SNV_cluster_0014","SNV","105","PAWJDS","SNV","residue 233",NA
"SNV_cluster_0014","SNV","106","PAWJDS","SNV","residue 234",NA
"SNV_cluster_0014","SNV","113","PAWLSM","SNV","residue 234",NA
"SNV_cluster_0015","SNV","4","PARFWJ","SNV","residue 130",NA
"SNV_cluster_0015","SNV","5","PARGHJ","SNV","residue 235",NA
"SNV_cluster_0015","SNV","7","PARIET","SNV","residue 336",NA
"SNV_cluster_0015","SNV","8","PARMKM","SNV","residue 232",NA
"SNV_cluster_0015","SNV","9","PARTBP","SNV","residue 130",NA
"SNV_cluster_0015","SNV","10","PARUCV","SNV","residue 184",NA
"SNV_cluster_0015","SNV","11","PARWLP","SNV","residue 247",NA
"SNV_cluster_0015","SNV","12","PASILW","SNV","residue 250",NA
"SNV_cluster_0015","SNV","13","PASLAB","SNV","residue 247",NA
"SNV_cluster_0015","SNV","14","PASLAB","SNV","residue 247",NA
"SNV_cluster_0015","SNV","15","PASPDL","SNV","residue 173",NA
"SNV_cluster_0015","SNV","16","PASPNI","SNV","residue 243",NA
"SNV_cluster_0015","SNV","107","PASRPK","SNV","residue 152",NA
"SNV_cluster_0015","SNV","18","PASTJN","SNV","residue 173",NA
"SNV_cluster_0015","SNV","19","PASVIN","SNV","residue 233",NA
"SNV_cluster_0015","SNV","20","PASVZJ","SNV","residue 237",NA
"SNV_cluster_0015","SNV","21","PASYNX","SNV","residue 245",NA
"SNV_cluster_0015","SNV","22","PATADU","SNV","residue 233",NA
"SNV_cluster_0015","SNV","23","PATBDK","SNV","residue 174",NA
"SNV_cluster_0015","SNV","24","PATBDK","SNV","residue 233",NA
"SNV_cluster_0015","SNV","25","PATBGH","SNV","residue 246",NA
"SNV_cluster_0015","SNV","26","PATEFF","SNV","residue 233",NA
"SNV_cluster_0015","SNV","27","PATFJP","SNV","residue 233",NA
"SNV_cluster_0015","SNV","28","PATGMP","SNV","residue 130",NA
"SNV_cluster_0015","SNV","29","PATGMP","SNV","residue 335",NA
"SNV_cluster_0015","SNV","30","PATGVD","SNV","residue 173",NA
"SNV_cluster_0015","SNV","31","PATIKN","SNV","residue 234",NA
"SNV_cluster_0015","SNV","32","PATIKN","SNV","residue 235",NA
"SNV_cluster_0015","SNV","33","PATJXW","SNV","residue 234",NA
"SNV_cluster_0015","SNV","34","PATKIH","SNV","residue 233",NA
"SNV_cluster_0015","SNV","35","PATKPW","SNV","residue 134",NA
"SNV_cluster_0015","SNV","36","PATKVD","SNV","residue 97",NA
"SNV_cluster_0015","SNV","37","PATLNZ","SNV","residue 221",NA
"SNV_cluster_0015","SNV","38","PATLUU","SNV","residue 244",NA
"SNV_cluster_0015","SNV","39","PATPDA","SNV","residue 233",NA
"SNV_cluster_0015","SNV","40","PATSPK","SNV","residue 130",NA
"SNV_cluster_0015","SNV","41","PATTIG","SNV","residue 246",NA
"SNV_cluster_0015","SNV","42","PATVTZ","SNV","residue 249",NA
"SNV_cluster_0015","SNV","43","PATVTZ","SNV","residue 250",NA
"SNV_cluster_0015","SNV","44","PAUCFA","SNV","residue 130",NA
"SNV_cluster_0015","SNV","1","PAUCIZ","SNV","residue 31",NA
"SNV_cluster_0015","SNV","2","PAUCIZ","SNV","residue 31",NA
"SNV_cluster_0015","SNV","45","PAUCRG","SNV","residue 234",NA
"SNV_cluster_0015","SNV","46","PAUDPH","SNV","residue 234",NA
"SNV_cluster_0015","SNV","47","PAUGAA","SNV","residue 234",NA
"SNV_cluster_0015","SNV","48","PAUGAA","SNV","residue 336",NA
"SNV_cluster_0015","SNV","49","PAUGXW","SNV","residue 233",NA
"SNV_cluster_0015","SNV","50","PAUGXW","SNV","residue 234",NA
"SNV_cluster_0015","SNV","108","PAUIEM","SNV","residue 233",NA
"SNV_cluster_0015","SNV","51","PAUJRU","SNV","residue 233",NA
"SNV_cluster_0015","SNV","52","PAUKYJ","SNV","residue 234",NA
"SNV_cluster_0015","SNV","53","PAUMHZ","SNV","residue 335",NA
"SNV_cluster_0015","SNV","54","PAUMKW","SNV","residue 237",NA
"SNV_cluster_0015","SNV","55","PAUNTS","SNV","residue 233",NA
"SNV_cluster_0015","SNV","56","PAUNTS","SNV","residue 234",NA
"SNV_cluster_0015","SNV","57","PAUNZE","SNV","residue 233",NA
"SNV_cluster_0015","SNV","58","PAURCM","SNV","residue 233",NA
"SNV_cluster_0015","SNV","59","PAURTD","SNV","residue 235",NA
"SNV_cluster_0015","SNV","60","PAUUSY","SNV","residue 130",NA
"SNV_cluster_0015","SNV","61","PAUUSY","SNV","residue 246",NA
"SNV_cluster_0015","SNV","62","PAUVAJ","SNV","residue 249",NA
"SNV_cluster_0015","SNV","63","PAUVWZ","SNV","residue 135",NA
"SNV_cluster_0015","SNV","64","PAUVYF","SNV","residue 160",NA
"SNV_cluster_0015","SNV","65","PAUWLB","SNV","residue 233",NA
"SNV_cluster_0015","SNV","109","PAUWSL","SNV","residue 236",NA
"SNV_cluster_0015","SNV","3","PAUXAB","SNV","residue 234",NA
"SNV_cluster_0015","SNV","66","PAUXHP","SNV","residue 233",NA
"SNV_cluster_0015","SNV","67","PAUXHP","SNV","residue 234",NA
"SNV_cluster_0015","SNV","68","PAVAJG","SNV","residue 251",NA
"SNV_cluster_0015","SNV","110","PAVAWK","SNV","residue 24",NA
"SNV_cluster_0015","SNV","69","PAVBDL","SNV","residue 29",NA
"SNV_cluster_0015","SNV","70","PAVBLX","SNV","residue 233",NA
"SNV_cluster_0015","SNV","111","PAVBSK","SNV","residue 234",NA
"SNV_cluster_0015","SNV","71","PAVFAC","SNV","residue 335",NA
"SNV_cluster_0015","SNV","72","PAVHBC","SNV","residue 232",NA
"SNV_cluster_0015","SNV","73","PAVHBC","SNV","residue 233",NA
"SNV_cluster_0015","SNV","74","PAVJWE","SNV","residue 235",NA
"SNV_cluster_0015","SNV","75","PAVKJU","SNV","residue 249",NA
"SNV_cluster_0015","SNV","76","PAVKJU","SNV","residue 250",NA
"SNV_cluster_0015","SNV","77","PAVLCX","SNV","residue 234",NA
"SNV_cluster_0015","SNV","78","PAVLLU","SNV","residue 234",NA
"SNV_cluster_0015","SNV","79","PAVMLG","SNV","residue 234",NA
"SNV_cluster_0015","SNV","80","PAVMUJ","SNV","residue 173",NA
"SNV_cluster_0015","SNV","81","PAVMUJ","SNV","residue 186",NA
"SNV_cluster_0015","SNV","82","PAVPGA","SNV","residue 233",NA
"SNV_cluster_0015","SNV","83","PAVRAW","SNV","residue 233",NA
"SNV_cluster_0015","SNV","84","PAVRLT","SNV","residue 326",NA
"SNV_cluster_0015","SNV","112","PAVRYP","SNV","residue 233",NA
"SNV_cluster_0015","SNV","85","PAVTAT","SNV","residue 245",NA
"SNV_cluster_0015","SNV","86","PAVTAT","SNV","residue 245",NA
"SNV_cluster_0015","SNV","87","PAVUKV","SNV","residue 251",NA
"SNV_cluster_0015","SNV","88","PAVVBE","SNV","residue 252",NA
"SNV_cluster_0015","SNV","89","PAVWJA","SNV","residue 233",NA
"SNV_cluster_0015","SNV","90","PAVWJL","SNV","residue 245",NA
"SNV_cluster_0015","SNV","91","PAVZTC","SNV","residue 234",NA
"SNV_cluster_0015","SNV","92","PAVZTC","SNV","residue 234",NA
"SNV_cluster_0015","SNV","93","PAWABB","SNV","residue 245",NA
"SNV_cluster_0015","SNV","94","PAWABB","SNV","residue 246",NA
"SNV_cluster_0015","SNV","95","PAWAIM","SNV","residue 93",NA
"SNV_cluster_0015","SNV","96","PAWALP","SNV","residue 233",NA
"SNV_cluster_0015","SNV","97","PAWAMD","SNV","residue 234",NA
"SNV_cluster_0015","SNV","98","PAWCWL","SNV","residue 234",NA
"SNV_cluster_0015","SNV","99","PAWDEK","SNV","residue 233",NA
"SNV_cluster_0015","SNV","100","PAWDWJ","SNV","residue 74",NA
"SNV_cluster_0015","SNV","101","PAWDWJ","SNV","residue 130",NA
"SNV_cluster_0015","SNV","102","PAWGYW","SNV","residue 233",NA
"SNV_cluster_0015","SNV","103","PAWGYW","SNV","residue 235",NA
"SNV_cluster_0015","SNV","104","PAWIWS","SNV","residue 241",NA
"SNV_cluster_0015","SNV","105","PAWJDS","SNV","residue 233",NA
"SNV_cluster_0015","SNV","106","PAWJDS","SNV","residue 234",NA
"SNV_cluster_0015","SNV","113","PAWLSM","SNV","residue 234",NA
"SNV_cluster_0016","SNV","11","PARWLP","SNV","residue 247",NA
"SNV_cluster_0016","SNV","13","PASLAB","SNV","residue 247",NA
"SNV_cluster_0016","SNV","14","PASLAB","SNV","residue 247",NA
"SNV_cluster_0016","SNV","21","PASYNX","SNV","residue 245",NA
"SNV_cluster_0016","SNV","25","PATBGH","SNV","residue 246",NA
"SNV_cluster_0016","SNV","41","PATTIG","SNV","residue 246",NA
"SNV_cluster_0016","SNV","61","PAUUSY","SNV","residue 246",NA
"SNV_cluster_0016","SNV","85","PAVTAT","SNV","residue 245",NA
"SNV_cluster_0016","SNV","86","PAVTAT","SNV","residue 245",NA
"SNV_cluster_0016","SNV","90","PAVWJL","SNV","residue 245",NA
"SNV_cluster_0016","SNV","93","PAWABB","SNV","residue 245",NA
"SNV_cluster_0016","SNV","94","PAWABB","SNV","residue 246",NA
"SNV_cluster_0017","SNV","5","PARGHJ","SNV","residue 235",NA
"SNV_cluster_0017","SNV","8","PARMKM","SNV","residue 232",NA
"SNV_cluster_0017","SNV","19","PASVIN","SNV","residue 233",NA
"SNV_cluster_0017","SNV","20","PASVZJ","SNV","residue 237",NA
"SNV_cluster_0017","SNV","22","PATADU","SNV","residue 233",NA
"SNV_cluster_0017","SNV","24","PATBDK","SNV","residue 233",NA
"SNV_cluster_0017","SNV","26","PATEFF","SNV","residue 233",NA
"SNV_cluster_0017","SNV","27","PATFJP","SNV","residue 233",NA
"SNV_cluster_0017","SNV","31","PATIKN","SNV","residue 234",NA
"SNV_cluster_0017","SNV","32","PATIKN","SNV","residue 235",NA
"SNV_cluster_0017","SNV","33","PATJXW","SNV","residue 234",NA
"SNV_cluster_0017","SNV","34","PATKIH","SNV","residue 233",NA
"SNV_cluster_0017","SNV","37","PATLNZ","SNV","residue 221",NA
"SNV_cluster_0017","SNV","39","PATPDA","SNV","residue 233",NA
"SNV_cluster_0017","SNV","45","PAUCRG","SNV","residue 234",NA
"SNV_cluster_0017","SNV","46","PAUDPH","SNV","residue 234",NA
"SNV_cluster_0017","SNV","47","PAUGAA","SNV","residue 234",NA
"SNV_cluster_0017","SNV","49","PAUGXW","SNV","residue 233",NA
"SNV_cluster_0017","SNV","50","PAUGXW","SNV","residue 234",NA
"SNV_cluster_0017","SNV","108","PAUIEM","SNV","residue 233",NA
"SNV_cluster_0017","SNV","51","PAUJRU","SNV","residue 233",NA
"SNV_cluster_0017","SNV","52","PAUKYJ","SNV","residue 234",NA
"SNV_cluster_0017","SNV","54","PAUMKW","SNV","residue 237",NA
"SNV_cluster_0017","SNV","55","PAUNTS","SNV","residue 233",NA
"SNV_cluster_0017","SNV","56","PAUNTS","SNV","residue 234",NA
"SNV_cluster_0017","SNV","57","PAUNZE","SNV","residue 233",NA
"SNV_cluster_0017","SNV","58","PAURCM","SNV","residue 233",NA
"SNV_cluster_0017","SNV","59","PAURTD","SNV","residue 235",NA
"SNV_cluster_0017","SNV","65","PAUWLB","SNV","residue 233",NA
"SNV_cluster_0017","SNV","109","PAUWSL","SNV","residue 236",NA
"SNV_cluster_0017","SNV","3","PAUXAB","SNV","residue 234",NA
"SNV_cluster_0017","SNV","66","PAUXHP","SNV","residue 233",NA
"SNV_cluster_0017","SNV","67","PAUXHP","SNV","residue 234",NA
"SNV_cluster_0017","SNV","70","PAVBLX","SNV","residue 233",NA
"SNV_cluster_0017","SNV","111","PAVBSK","SNV","residue 234",NA
"SNV_cluster_0017","SNV","72","PAVHBC","SNV","residue 232",NA
"SNV_cluster_0017","SNV","73","PAVHBC","SNV","residue 233",NA
"SNV_cluster_0017","SNV","74","PAVJWE","SNV","residue 235",NA
"SNV_cluster_0017","SNV","77","PAVLCX","SNV","residue 234",NA
"SNV_cluster_0017","SNV","78","PAVLLU","SNV","residue 234",NA
"SNV_cluster_0017","SNV","79","PAVMLG","SNV","residue 234",NA
"SNV_cluster_0017","SNV","82","PAVPGA","SNV","residue 233",NA
"SNV_cluster_0017","SNV","83","PAVRAW","SNV","residue 233",NA
"SNV_cluster_0017","SNV","112","PAVRYP","SNV","residue 233",NA
"SNV_cluster_0017","SNV","89","PAVWJA","SNV","residue 233",NA
"SNV_cluster_0017","SNV","91","PAVZTC","SNV","residue 234",NA
"SNV_cluster_0017","SNV","92","PAVZTC","SNV","residue 234",NA
"SNV_cluster_0017","SNV","96","PAWALP","SNV","residue 233",NA
"SNV_cluster_0017","SNV","97","PAWAMD","SNV","residue 234",NA
"SNV_cluster_0017","SNV","98","PAWCWL","SNV","residue 234",NA
"SNV_cluster_0017","SNV","99","PAWDEK","SNV","residue 233",NA
"SNV_cluster_0017","SNV","102","PAWGYW","SNV","residue 233",NA
"SNV_cluster_0017","SNV","103","PAWGYW","SNV","residue 235",NA
"SNV_cluster_0017","SNV","105","PAWJDS","SNV","residue 233",NA
"SNV_cluster_0017","SNV","106","PAWJDS","SNV","residue 234",NA
"SNV_cluster_0017","SNV","113","PAWLSM","SNV","residue 234",NA
"SNV_cluster_0018","SNV","11","PARWLP","SNV","residue 247",NA
"SNV_cluster_0018","SNV","12","PASILW","SNV","residue 250",NA
"SNV_cluster_0018","SNV","13","PASLAB","SNV","residue 247",NA
"SNV_cluster_0018","SNV","14","PASLAB","SNV","residue 247",NA
"SNV_cluster_0018","SNV","16","PASPNI","SNV","residue 243",NA
"SNV_cluster_0018","SNV","21","PASYNX","SNV","residue 245",NA
"SNV_cluster_0018","SNV","25","PATBGH","SNV","residue 246",NA
"SNV_cluster_0018","SNV","38","PATLUU","SNV","residue 244",NA
"SNV_cluster_0018","SNV","41","PATTIG","SNV","residue 246",NA
"SNV_cluster_0018","SNV","42","PATVTZ","SNV","residue 249",NA
"SNV_cluster_0018","SNV","43","PATVTZ","SNV","residue 250",NA
"SNV_cluster_0018","SNV","61","PAUUSY","SNV","residue 246",NA
"SNV_cluster_0018","SNV","62","PAUVAJ","SNV","residue 249",NA
"SNV_cluster_0018","SNV","68","PAVAJG","SNV","residue 251",NA
"SNV_cluster_0018","SNV","75","PAVKJU","SNV","residue 249",NA
"SNV_cluster_0018","SNV","76","PAVKJU","SNV","residue 250",NA
"SNV_cluster_0018","SNV","85","PAVTAT","SNV","residue 245",NA
"SNV_cluster_0018","SNV","86","PAVTAT","SNV","residue 245",NA
"SNV_cluster_0018","SNV","87","PAVUKV","SNV","residue 251",NA
"SNV_cluster_0018","SNV","88","PAVVBE","SNV","residue 252",NA
"SNV_cluster_0018","SNV","90","PAVWJL","SNV","residue 245",NA
"SNV_cluster_0018","SNV","93","PAWABB","SNV","residue 245",NA
"SNV_cluster_0018","SNV","94","PAWABB","SNV","residue 246",NA
"SNV_cluster_0018","SNV","104","PAWIWS","SNV","residue 241",NA
"SNV_cluster_0019","SNV","11","PARWLP","SNV","residue 247",NA
"SNV_cluster_0019","SNV","13","PASLAB","SNV","residue 247",NA
"SNV_cluster_0019","SNV","14","PASLAB","SNV","residue 247",NA
"SNV_cluster_0019","SNV","16","PASPNI","SNV","residue 243",NA
"SNV_cluster_0019","SNV","21","PASYNX","SNV","residue 245",NA
"SNV_cluster_0019","SNV","25","PATBGH","SNV","residue 246",NA
"SNV_cluster_0019","SNV","38","PATLUU","SNV","residue 244",NA
"SNV_cluster_0019","SNV","41","PATTIG","SNV","residue 246",NA
"SNV_cluster_0019","SNV","61","PAUUSY","SNV","residue 246",NA
"SNV_cluster_0019","SNV","85","PAVTAT","SNV","residue 245",NA
"SNV_cluster_0019","SNV","86","PAVTAT","SNV","residue 245",NA
"SNV_cluster_0019","SNV","90","PAVWJL","SNV","residue 245",NA
"SNV_cluster_0019","SNV","93","PAWABB","SNV","residue 245",NA
"SNV_cluster_0019","SNV","94","PAWABB","SNV","residue 246",NA
"SNV_cluster_0020","SNV","11","PARWLP","SNV","residue 247",NA
"SNV_cluster_0020","SNV","13","PASLAB","SNV","residue 247",NA
"SNV_cluster_0020","SNV","14","PASLAB","SNV","residue 247",NA
"SNV_cluster_0020","SNV","16","PASPNI","SNV","residue 243",NA
"SNV_cluster_0020","SNV","21","PASYNX","SNV","residue 245",NA
"SNV_cluster_0020","SNV","25","PATBGH","SNV","residue 246",NA
"SNV_cluster_0020","SNV","38","PATLUU","SNV","residue 244",NA
"SNV_cluster_0020","SNV","41","PATTIG","SNV","residue 246",NA
"SNV_cluster_0020","SNV","61","PAUUSY","SNV","residue 246",NA
"SNV_cluster_0020","SNV","85","PAVTAT","SNV","residue 245",NA
"SNV_cluster_0020","SNV","86","PAVTAT","SNV","residue 245",NA
"SNV_cluster_0020","SNV","90","PAVWJL","SNV","residue 245",NA
"SNV_cluster_0020","SNV","93","PAWABB","SNV","residue 245",NA
"SNV_cluster_0020","SNV","94","PAWABB","SNV","residue 246",NA
"SNV_cluster_0020","SNV","104","PAWIWS","SNV","residue 241",NA
"SNV_cluster_0021","SNV","21","PASYNX","SNV","residue 245",NA
"SNV_cluster_0021","SNV","25","PATBGH","SNV","residue 246",NA
"SNV_cluster_0021","SNV","41","PATTIG","SNV","residue 246",NA
"SNV_cluster_0021","SNV","61","PAUUSY","SNV","residue 246",NA
"SNV_cluster_0021","SNV","85","PAVTAT","SNV","residue 245",NA
"SNV_cluster_0021","SNV","86","PAVTAT","SNV","residue 245",NA
"SNV_cluster_0021","SNV","90","PAVWJL","SNV","residue 245",NA
"SNV_cluster_0021","SNV","93","PAWABB","SNV","residue 245",NA
"SNV_cluster_0021","SNV","94","PAWABB","SNV","residue 246",NA
"SNV_cluster_0022","SNV","4","PARFWJ","SNV","residue 130",NA
"SNV_cluster_0022","SNV","9","PARTBP","SNV","residue 130",NA
"SNV_cluster_0022","SNV","15","PASPDL","SNV","residue 173",NA
"SNV_cluster_0022","SNV","18","PASTJN","SNV","residue 173",NA
"SNV_cluster_0022","SNV","23","PATBDK","SNV","residue 174",NA
"SNV_cluster_0022","SNV","28","PATGMP","SNV","residue 130",NA
"SNV_cluster_0022","SNV","30","PATGVD","SNV","residue 173",NA
"SNV_cluster_0022","SNV","40","PATSPK","SNV","residue 130",NA
"SNV_cluster_0022","SNV","44","PAUCFA","SNV","residue 130",NA
"SNV_cluster_0022","SNV","60","PAUUSY","SNV","residue 130",NA
"SNV_cluster_0022","SNV","80","PAVMUJ","SNV","residue 173",NA
"SNV_cluster_0022","SNV","95","PAWAIM","SNV","residue 93",NA
"SNV_cluster_0022","SNV","101","PAWDWJ","SNV","residue 130",NA
"SNV_cluster_0023","SNV","5","PARGHJ","SNV","residue 235",NA
"SNV_cluster_0023","SNV","32","PATIKN","SNV","residue 235",NA
"SNV_cluster_0023","SNV","59","PAURTD","SNV","residue 235",NA
"SNV_cluster_0023","SNV","74","PAVJWE","SNV","residue 235",NA
"SNV_cluster_0023","SNV","103","PAWGYW","SNV","residue 235",NA
"SNV_cluster_0024","SNV","11","PARWLP","SNV","residue 247",NA
"SNV_cluster_0024","SNV","13","PASLAB","SNV","residue 247",NA
"SNV_cluster_0024","SNV","14","PASLAB","SNV","residue 247",NA
"SNV_cluster_0024","SNV","25","PATBGH","SNV","residue 246",NA
"SNV_cluster_0024","SNV","41","PATTIG","SNV","residue 246",NA
"SNV_cluster_0024","SNV","61","PAUUSY","SNV","residue 246",NA
"SNV_cluster_0024","SNV","94","PAWABB","SNV","residue 246",NA
"SNV_cluster_0025","SNV","4","PARFWJ","SNV","residue 130",NA
"SNV_cluster_0025","SNV","9","PARTBP","SNV","residue 130",NA
"SNV_cluster_0025","SNV","15","PASPDL","SNV","residue 173",NA
"SNV_cluster_0025","SNV","18","PASTJN","SNV","residue 173",NA
"SNV_cluster_0025","SNV","23","PATBDK","SNV","residue 174",NA
"SNV_cluster_0025","SNV","28","PATGMP","SNV","residue 130",NA
"SNV_cluster_0025","SNV","30","PATGVD","SNV","residue 173",NA
"SNV_cluster_0025","SNV","40","PATSPK","SNV","residue 130",NA
"SNV_cluster_0025","SNV","44","PAUCFA","SNV","residue 130",NA
"SNV_cluster_0025","SNV","60","PAUUSY","SNV","residue 130",NA
"SNV_cluster_0025","SNV","80","PAVMUJ","SNV","residue 173",NA
"SNV_cluster_0025","SNV","84","PAVRLT","SNV","residue 326",NA
"SNV_cluster_0025","SNV","95","PAWAIM","SNV","residue 93",NA
"SNV_cluster_0025","SNV","101","PAWDWJ","SNV","residue 130",NA
"SNV_cluster_0026","SNV","4","PARFWJ","SNV","residue 130",NA
"SNV_cluster_0026","SNV","9","PARTBP","SNV","residue 130",NA
"SNV_cluster_0026","SNV","28","PATGMP","SNV","residue 130",NA
"SNV_cluster_0026","SNV","35","PATKPW","SNV","residue 134",NA
"SNV_cluster_0026","SNV","40","PATSPK","SNV","residue 130",NA
"SNV_cluster_0026","SNV","44","PAUCFA","SNV","residue 130",NA
"SNV_cluster_0026","SNV","60","PAUUSY","SNV","residue 130",NA
"SNV_cluster_0026","SNV","63","PAUVWZ","SNV","residue 135",NA
"SNV_cluster_0026","SNV","101","PAWDWJ","SNV","residue 130",NA
"SNV_cluster_0027","SNV","4","PARFWJ","SNV","residue 130",NA
"SNV_cluster_0027","SNV","9","PARTBP","SNV","residue 130",NA
"SNV_cluster_0027","SNV","28","PATGMP","SNV","residue 130",NA
"SNV_cluster_0027","SNV","40","PATSPK","SNV","residue 130",NA
"SNV_cluster_0027","SNV","44","PAUCFA","SNV","residue 130",NA
"SNV_cluster_0027","SNV","60","PAUUSY","SNV","residue 130",NA
"SNV_cluster_0027","SNV","95","PAWAIM","SNV","residue 93",NA
"SNV_cluster_0027","SNV","101","PAWDWJ","SNV","residue 130",NA
"SNV_cluster_0028","SNV","16","PASPNI","SNV","residue 243",NA
"SNV_cluster_0028","SNV","21","PASYNX","SNV","residue 245",NA
"SNV_cluster_0028","SNV","38","PATLUU","SNV","residue 244",NA
"SNV_cluster_0028","SNV","85","PAVTAT","SNV","residue 245",NA
"SNV_cluster_0028","SNV","86","PAVTAT","SNV","residue 245",NA
"SNV_cluster_0028","SNV","90","PAVWJL","SNV","residue 245",NA
"SNV_cluster_0028","SNV","93","PAWABB","SNV","residue 245",NA
"SNV_cluster_0029","SNV","4","PARFWJ","SNV","residue 130",NA
"SNV_cluster_0029","SNV","9","PARTBP","SNV","residue 130",NA
"SNV_cluster_0029","SNV","12","PASILW","SNV","residue 250",NA
"SNV_cluster_0029","SNV","15","PASPDL","SNV","residue 173",NA
"SNV_cluster_0029","SNV","18","PASTJN","SNV","residue 173",NA
"SNV_cluster_0029","SNV","23","PATBDK","SNV","residue 174",NA
"SNV_cluster_0029","SNV","28","PATGMP","SNV","residue 130",NA
"SNV_cluster_0029","SNV","30","PATGVD","SNV","residue 173",NA
"SNV_cluster_0029","SNV","36","PATKVD","SNV","residue 97",NA
"SNV_cluster_0029","SNV","37","PATLNZ","SNV","residue 221",NA
"SNV_cluster_0029","SNV","40","PATSPK","SNV","residue 130",NA
"SNV_cluster_0029","SNV","42","PATVTZ","SNV","residue 249",NA
"SNV_cluster_0029","SNV","43","PATVTZ","SNV","residue 250",NA
"SNV_cluster_0029","SNV","44","PAUCFA","SNV","residue 130",NA
"SNV_cluster_0029","SNV","60","PAUUSY","SNV","residue 130",NA
"SNV_cluster_0029","SNV","62","PAUVAJ","SNV","residue 249",NA
"SNV_cluster_0029","SNV","68","PAVAJG","SNV","residue 251",NA
"SNV_cluster_0029","SNV","75","PAVKJU","SNV","residue 249",NA
"SNV_cluster_0029","SNV","76","PAVKJU","SNV","residue 250",NA
"SNV_cluster_0029","SNV","80","PAVMUJ","SNV","residue 173",NA
"SNV_cluster_0029","SNV","84","PAVRLT","SNV","residue 326",NA
"SNV_cluster_0029","SNV","87","PAVUKV","SNV","residue 251",NA
"SNV_cluster_0029","SNV","88","PAVVBE","SNV","residue 252",NA
"SNV_cluster_0029","SNV","95","PAWAIM","SNV","residue 93",NA
"SNV_cluster_0029","SNV","101","PAWDWJ","SNV","residue 130",NA
"SNV_cluster_0030","SNV","21","PASYNX","SNV","residue 245",NA
"SNV_cluster_0030","SNV","38","PATLUU","SNV","residue 244",NA
"SNV_cluster_0030","SNV","85","PAVTAT","SNV","residue 245",NA
"SNV_cluster_0030","SNV","86","PAVTAT","SNV","residue 245",NA
"SNV_cluster_0030","SNV","90","PAVWJL","SNV","residue 245",NA
"SNV_cluster_0030","SNV","93","PAWABB","SNV","residue 245",NA
"SNV_cluster_0031","SNV","12","PASILW","SNV","residue 250",NA
"SNV_cluster_0031","SNV","42","PATVTZ","SNV","residue 249",NA
"SNV_cluster_0031","SNV","43","PATVTZ","SNV","residue 250",NA
"SNV_cluster_0031","SNV","62","PAUVAJ","SNV","residue 249",NA
"SNV_cluster_0031","SNV","68","PAVAJG","SNV","residue 251",NA
"SNV_cluster_0031","SNV","75","PAVKJU","SNV","residue 249",NA
"SNV_cluster_0031","SNV","76","PAVKJU","SNV","residue 250",NA
"SNV_cluster_0031","SNV","87","PAVUKV","SNV","residue 251",NA
"SNV_cluster_0031","SNV","88","PAVVBE","SNV","residue 252",NA
"SNV_cluster_0032","SNV","7","PARIET","SNV","residue 336",NA
"SNV_cluster_0032","SNV","29","PATGMP","SNV","residue 335",NA
"SNV_cluster_0032","SNV","48","PAUGAA","SNV","residue 336",NA
"SNV_cluster_0032","SNV","53","PAUMHZ","SNV","residue 335",NA
"SNV_cluster_0032","SNV","71","PAVFAC","SNV","residue 335",NA
"SNV_cluster_0033","SNV","15","PASPDL","SNV","residue 173",NA
"SNV_cluster_0033","SNV","18","PASTJN","SNV","residue 173",NA
"SNV_cluster_0033","SNV","23","PATBDK","SNV","residue 174",NA
"SNV_cluster_0033","SNV","30","PATGVD","SNV","residue 173",NA
"SNV_cluster_0033","SNV","80","PAVMUJ","SNV","residue 173",NA
"SNV_cluster_0034","SNV","15","PASPDL","SNV","residue 173",NA
"SNV_cluster_0034","SNV","18","PASTJN","SNV","residue 173",NA
"SNV_cluster_0034","SNV","30","PATGVD","SNV","residue 173",NA
"SNV_cluster_0034","SNV","80","PAVMUJ","SNV","residue 173",NA
"SNV_cluster_0035","SNV","21","PASYNX","SNV","residue 245",NA
"SNV_cluster_0035","SNV","85","PAVTAT","SNV","residue 245",NA
"SNV_cluster_0035","SNV","86","PAVTAT","SNV","residue 245",NA
"SNV_cluster_0035","SNV","90","PAVWJL","SNV","residue 245",NA
"SNV_cluster_0035","SNV","93","PAWABB","SNV","residue 245",NA
"SNV_cluster_0036","SNV","25","PATBGH","SNV","residue 246",NA
"SNV_cluster_0036","SNV","41","PATTIG","SNV","residue 246",NA
"SNV_cluster_0036","SNV","61","PAUUSY","SNV","residue 246",NA
"SNV_cluster_0036","SNV","94","PAWABB","SNV","residue 246",NA
"SNV_cluster_0037","SNV","4","PARFWJ","SNV","residue 130",NA
"SNV_cluster_0037","SNV","9","PARTBP","SNV","residue 130",NA
"SNV_cluster_0037","SNV","10","PARUCV","SNV","residue 184",NA
"SNV_cluster_0037","SNV","12","PASILW","SNV","residue 250",NA
"SNV_cluster_0037","SNV","15","PASPDL","SNV","residue 173",NA
"SNV_cluster_0037","SNV","18","PASTJN","SNV","residue 173",NA
"SNV_cluster_0037","SNV","23","PATBDK","SNV","residue 174",NA
"SNV_cluster_0037","SNV","28","PATGMP","SNV","residue 130",NA
"SNV_cluster_0037","SNV","30","PATGVD","SNV","residue 173",NA
"SNV_cluster_0037","SNV","36","PATKVD","SNV","residue 97",NA
"SNV_cluster_0037","SNV","37","PATLNZ","SNV","residue 221",NA
"SNV_cluster_0037","SNV","40","PATSPK","SNV","residue 130",NA
"SNV_cluster_0037","SNV","42","PATVTZ","SNV","residue 249",NA
"SNV_cluster_0037","SNV","43","PATVTZ","SNV","residue 250",NA
"SNV_cluster_0037","SNV","44","PAUCFA","SNV","residue 130",NA
"SNV_cluster_0037","SNV","60","PAUUSY","SNV","residue 130",NA
"SNV_cluster_0037","SNV","62","PAUVAJ","SNV","residue 249",NA
"SNV_cluster_0037","SNV","68","PAVAJG","SNV","residue 251",NA
"SNV_cluster_0037","SNV","75","PAVKJU","SNV","residue 249",NA
"SNV_cluster_0037","SNV","76","PAVKJU","SNV","residue 250",NA
"SNV_cluster_0037","SNV","80","PAVMUJ","SNV","residue 173",NA
"SNV_cluster_0037","SNV","81","PAVMUJ","SNV","residue 186",NA
"SNV_cluster_0037","SNV","84","PAVRLT","SNV","residue 326",NA
"SNV_cluster_0037","SNV","87","PAVUKV","SNV","residue 251",NA
"SNV_cluster_0037","SNV","88","PAVVBE","SNV","residue 252",NA
"SNV_cluster_0037","SNV","95","PAWAIM","SNV","residue 93",NA
"SNV_cluster_0037","SNV","101","PAWDWJ","SNV","residue 130",NA
"SNV_cluster_0038","SNV","8","PARMKM","SNV","residue 232",NA
"SNV_cluster_0038","SNV","72","PAVHBC","SNV","residue 232",NA
"SNV_cluster_0039","SNV","20","PASVZJ","SNV","residue 237",NA
"SNV_cluster_0039","SNV","54","PAUMKW","SNV","residue 237",NA
"SNV_cluster_0040","SNV","11","PARWLP","SNV","residue 247",NA
"SNV_cluster_0040","SNV","13","PASLAB","SNV","residue 247",NA
"SNV_cluster_0040","SNV","14","PASLAB","SNV","residue 247",NA
"SNV_cluster_0041","SNV","42","PATVTZ","SNV","residue 249",NA
"SNV_cluster_0041","SNV","62","PAUVAJ","SNV","residue 249",NA
"SNV_cluster_0041","SNV","75","PAVKJU","SNV","residue 249",NA
"SNV_cluster_0042","SNV","12","PASILW","SNV","residue 250",NA
"SNV_cluster_0042","SNV","43","PATVTZ","SNV","residue 250",NA
"SNV_cluster_0042","SNV","76","PAVKJU","SNV","residue 250",NA
"SNV_cluster_0043","SNV","68","PAVAJG","SNV","residue 251",NA
"SNV_cluster_0043","SNV","87","PAVUKV","SNV","residue 251",NA
"SNV_cluster_0044","SNV","29","PATGMP","SNV","residue 335",NA
"SNV_cluster_0044","SNV","53","PAUMHZ","SNV","residue 335",NA
"SNV_cluster_0044","SNV","71","PAVFAC","SNV","residue 335",NA
"SNV_cluster_0045","SNV","7","PARIET","SNV","residue 336",NA
"SNV_cluster_0045","SNV","48","PAUGAA","SNV","residue 336",NA
"SNV_cluster_0046","SNV","12","PASILW","SNV","residue 250",NA
"SNV_cluster_0046","SNV","42","PATVTZ","SNV","residue 249",NA
"SNV_cluster_0046","SNV","43","PATVTZ","SNV","residue 250",NA
"SNV_cluster_0046","SNV","62","PAUVAJ","SNV","residue 249",NA
"SNV_cluster_0046","SNV","75","PAVKJU","SNV","residue 249",NA
"SNV_cluster_0046","SNV","76","PAVKJU","SNV","residue 250",NA
"SNV_cluster_0047","SNV","68","PAVAJG","SNV","residue 251",NA
"SNV_cluster_0047","SNV","87","PAVUKV","SNV","residue 251",NA
"SNV_cluster_0047","SNV","88","PAVVBE","SNV","residue 252",NA
"SNV_cluster_0048","SNV","35","PATKPW","SNV","residue 134",NA
"SNV_cluster_0048","SNV","63","PAUVWZ","SNV","residue 135",NA
"SNV_cluster_0049","SNV","16","PASPNI","SNV","residue 243",NA
"SNV_cluster_0049","SNV","38","PATLUU","SNV","residue 244",NA
"SNV_cluster_0050","SNV","20","PASVZJ","SNV","residue 237",NA
"SNV_cluster_0050","SNV","54","PAUMKW","SNV","residue 237",NA
"SNV_cluster_0050","SNV","109","PAUWSL","SNV","residue 236",NA
"SNV_cluster_0051","SNV","1","PAUCIZ","SNV","residue 31",NA
"SNV_cluster_0051","SNV","2","PAUCIZ","SNV","residue 31",NA
"SNV_cluster_0051","SNV","69","PAVBDL","SNV","residue 29",NA
"SNV_cluster_0052","SNV","10","PARUCV","SNV","residue 184",NA
"SNV_cluster_0052","SNV","81","PAVMUJ","SNV","residue 186",NA
"SNV_cluster_0053","SNV","16","PASPNI","SNV","residue 243",NA
"SNV_cluster_0053","SNV","38","PATLUU","SNV","residue 244",NA
"SNV_cluster_0053","SNV","104","PAWIWS","SNV","residue 241",NA
"SNV_cluster_0054","SNV","107","PASRPK","SNV","residue 152",NA
"SNV_cluster_0054","SNV","35","PATKPW","SNV","residue 134",NA
"SNV_cluster_0054","SNV","63","PAUVWZ","SNV","residue 135",NA
"SNV_cluster_0055","SNV","36","PATKVD","SNV","residue 97",NA
"SNV_cluster_0055","SNV","37","PATLNZ","SNV","residue 221",NA
"SNV_cluster_0056","SNV","64","PAUVYF","SNV","residue 160",NA
"SNV_cluster_0056","SNV","110","PAVAWK","SNV","residue 24",NA
"SNV_cluster_0057","SNV","107","PASRPK","SNV","residue 152",NA
"SNV_cluster_0057","SNV","64","PAUVYF","SNV","residue 160",NA
"SNV_cluster_0058","SNV","36","PATKVD","SNV","residue 97",NA
"SNV_cluster_0058","SNV","95","PAWAIM","SNV","residue 93",NA
"SNV_cluster_0059","SNV","12","PASILW","SNV","residue 250",NA
"SNV_cluster_0059","SNV","36","PATKVD","SNV","residue 97",NA
"SNV_cluster_0059","SNV","37","PATLNZ","SNV","residue 221",NA
"SNV_cluster_0059","SNV","42","PATVTZ","SNV","residue 249",NA
"SNV_cluster_0059","SNV","43","PATVTZ","SNV","residue 250",NA
"SNV_cluster_0059","SNV","62","PAUVAJ","SNV","residue 249",NA
"SNV_cluster_0059","SNV","68","PAVAJG","SNV","residue 251",NA
"SNV_cluster_0059","SNV","75","PAVKJU","SNV","residue 249",NA
"SNV_cluster_0059","SNV","76","PAVKJU","SNV","residue 250",NA
"SNV_cluster_0059","SNV","87","PAVUKV","SNV","residue 251",NA
"SNV_cluster_0059","SNV","88","PAVVBE","SNV","residue 252",NA
"SNV_cluster_0060","SNV","7","PARIET","SNV","residue 336",NA
"SNV_cluster_0060","SNV","29","PATGMP","SNV","residue 335",NA
"SNV_cluster_0060","SNV","48","PAUGAA","SNV","residue 336",NA
"SNV_cluster_0060","SNV","53","PAUMHZ","SNV","residue 335",NA
"SNV_cluster_0060","SNV","71","PAVFAC","SNV","residue 335",NA
"SNV_cluster_0060","SNV","84","PAVRLT","SNV","residue 326",NA
"SNV_cluster_0061","SNV","4","PARFWJ","SNV","residue 130",NA
"SNV_cluster_0061","SNV","9","PARTBP","SNV","residue 130",NA
"SNV_cluster_0061","SNV","107","PASRPK","SNV","residue 152",NA
"SNV_cluster_0061","SNV","28","PATGMP","SNV","residue 130",NA
"SNV_cluster_0061","SNV","35","PATKPW","SNV","residue 134",NA
"SNV_cluster_0061","SNV","40","PATSPK","SNV","residue 130",NA
"SNV_cluster_0061","SNV","44","PAUCFA","SNV","residue 130",NA
"SNV_cluster_0061","SNV","60","PAUUSY","SNV","residue 130",NA
"SNV_cluster_0061","SNV","63","PAUVWZ","SNV","residue 135",NA
"SNV_cluster_0061","SNV","64","PAUVYF","SNV","residue 160",NA
"SNV_cluster_0061","SNV","101","PAWDWJ","SNV","residue 130",NA
"SNV_cluster_0062","SNV","1","PAUCIZ","SNV","residue 31",NA
"SNV_cluster_0062","SNV","2","PAUCIZ","SNV","residue 31",NA
"SNV_cluster_0062","SNV","110","PAVAWK","SNV","residue 24",NA
"SNV_cluster_0062","SNV","69","PAVBDL","SNV","residue 29",NA
"SNV_cluster_0063","SNV","10","PARUCV","SNV","residue 184",NA
"SNV_cluster_0063","SNV","15","PASPDL","SNV","residue 173",NA
"SNV_cluster_0063","SNV","18","PASTJN","SNV","residue 173",NA
"SNV_cluster_0063","SNV","23","PATBDK","SNV","residue 174",NA
"SNV_cluster_0063","SNV","30","PATGVD","SNV","residue 173",NA
"SNV_cluster_0063","SNV","80","PAVMUJ","SNV","residue 173",NA
"SNV_cluster_0063","SNV","81","PAVMUJ","SNV","residue 186",NA
"SNV_cluster_0064","SNV","107","PASRPK","SNV","residue 152",NA
"SNV_cluster_0064","SNV","35","PATKPW","SNV","residue 134",NA
"SNV_cluster_0064","SNV","1","PAUCIZ","SNV","residue 31",NA
"SNV_cluster_0064","SNV","2","PAUCIZ","SNV","residue 31",NA
"SNV_cluster_0064","SNV","63","PAUVWZ","SNV","residue 135",NA
"SNV_cluster_0064","SNV","69","PAVBDL","SNV","residue 29",NA
"SNV_cluster_0065","SNV","36","PATKVD","SNV","residue 97",NA
"SNV_cluster_0065","SNV","95","PAWAIM","SNV","residue 93",NA
"SNV_cluster_0065","SNV","100","PAWDWJ","SNV","residue 74",NA
"SNV_cluster_0066","SNV","107","PASRPK","SNV","residue 152",NA
"SNV_cluster_0066","SNV","35","PATKPW","SNV","residue 134",NA
"SNV_cluster_0066","SNV","1","PAUCIZ","SNV","residue 31",NA
"SNV_cluster_0066","SNV","2","PAUCIZ","SNV","residue 31",NA
"SNV_cluster_0066","SNV","63","PAUVWZ","SNV","residue 135",NA
"SNV_cluster_0066","SNV","64","PAUVYF","SNV","residue 160",NA
"SNV_cluster_0066","SNV","110","PAVAWK","SNV","residue 24",NA
"SNV_cluster_0066","SNV","69","PAVBDL","SNV","residue 29",NA
"SNV_cluster_0067","SNV","107","PASRPK","SNV","residue 152",NA
"SNV_cluster_0067","SNV","35","PATKPW","SNV","residue 134",NA
"SNV_cluster_0067","SNV","1","PAUCIZ","SNV","residue 31",NA
"SNV_cluster_0067","SNV","2","PAUCIZ","SNV","residue 31",NA
"SNV_cluster_0067","SNV","63","PAUVWZ","SNV","residue 135",NA
"SNV_cluster_0067","SNV","64","PAUVYF","SNV","residue 160",NA
"SNV_cluster_0067","SNV","110","PAVAWK","SNV","residue 24",NA
"SNV_cluster_0067","SNV","69","PAVBDL","SNV","residue 29",NA
"SNV_cluster_0067","SNV","100","PAWDWJ","SNV","residue 74",NA
"SNV_cluster_0068","SNV","36","PATKVD","SNV","residue 97",NA
"SNV_cluster_0068","SNV","1","PAUCIZ","SNV","residue 31",NA
"SNV_cluster_0068","SNV","2","PAUCIZ","SNV","residue 31",NA
"SNV_cluster_0068","SNV","110","PAVAWK","SNV","residue 24",NA
"SNV_cluster_0068","SNV","69","PAVBDL","SNV","residue 29",NA
"SNV_cluster_0068","SNV","95","PAWAIM","SNV","residue 93",NA
"SNV_cluster_0068","SNV","100","PAWDWJ","SNV","residue 74",NA
"SNV_cluster_0069","SNV","4","PARFWJ","SNV","residue 130",NA
"SNV_cluster_0069","SNV","9","PARTBP","SNV","residue 130",NA
"SNV_cluster_0069","SNV","10","PARUCV","SNV","residue 184",NA
"SNV_cluster_0069","SNV","15","PASPDL","SNV","residue 173",NA
"SNV_cluster_0069","SNV","107","PASRPK","SNV","residue 152",NA
"SNV_cluster_0069","SNV","18","PASTJN","SNV","residue 173",NA
"SNV_cluster_0069","SNV","23","PATBDK","SNV","residue 174",NA
"SNV_cluster_0069","SNV","28","PATGMP","SNV","residue 130",NA
"SNV_cluster_0069","SNV","30","PATGVD","SNV","residue 173",NA
"SNV_cluster_0069","SNV","35","PATKPW","SNV","residue 134",NA
"SNV_cluster_0069","SNV","40","PATSPK","SNV","residue 130",NA
"SNV_cluster_0069","SNV","44","PAUCFA","SNV","residue 130",NA
"SNV_cluster_0069","SNV","60","PAUUSY","SNV","residue 130",NA
"SNV_cluster_0069","SNV","63","PAUVWZ","SNV","residue 135",NA
"SNV_cluster_0069","SNV","64","PAUVYF","SNV","residue 160",NA
"SNV_cluster_0069","SNV","80","PAVMUJ","SNV","residue 173",NA
"SNV_cluster_0069","SNV","81","PAVMUJ","SNV","residue 186",NA
"SNV_cluster_0069","SNV","101","PAWDWJ","SNV","residue 130",NA
"SNV_cluster_0070","SNV","4","PARFWJ","SNV","residue 130",NA
"SNV_cluster_0070","SNV","9","PARTBP","SNV","residue 130",NA
"SNV_cluster_0070","SNV","10","PARUCV","SNV","residue 184",NA
"SNV_cluster_0070","SNV","15","PASPDL","SNV","residue 173",NA
"SNV_cluster_0070","SNV","107","PASRPK","SNV","residue 152",NA
"SNV_cluster_0070","SNV","18","PASTJN","SNV","residue 173",NA
"SNV_cluster_0070","SNV","23","PATBDK","SNV","residue 174",NA
"SNV_cluster_0070","SNV","28","PATGMP","SNV","residue 130",NA
"SNV_cluster_0070","SNV","30","PATGVD","SNV","residue 173",NA
"SNV_cluster_0070","SNV","35","PATKPW","SNV","residue 134",NA
"SNV_cluster_0070","SNV","36","PATKVD","SNV","residue 97",NA
"SNV_cluster_0070","SNV","40","PATSPK","SNV","residue 130",NA
"SNV_cluster_0070","SNV","44","PAUCFA","SNV","residue 130",NA
"SNV_cluster_0070","SNV","1","PAUCIZ","SNV","residue 31",NA
"SNV_cluster_0070","SNV","2","PAUCIZ","SNV","residue 31",NA
"SNV_cluster_0070","SNV","60","PAUUSY","SNV","residue 130",NA
"SNV_cluster_0070","SNV","63","PAUVWZ","SNV","residue 135",NA
"SNV_cluster_0070","SNV","64","PAUVYF","SNV","residue 160",NA
"SNV_cluster_0070","SNV","110","PAVAWK","SNV","residue 24",NA
"SNV_cluster_0070","SNV","69","PAVBDL","SNV","residue 29",NA
"SNV_cluster_0070","SNV","80","PAVMUJ","SNV","residue 173",NA
"SNV_cluster_0070","SNV","81","PAVMUJ","SNV","residue 186",NA
"SNV_cluster_0070","SNV","95","PAWAIM","SNV","residue 93",NA
"SNV_cluster_0070","SNV","100","PAWDWJ","SNV","residue 74",NA
"SNV_cluster_0070","SNV","101","PAWDWJ","SNV","residue 130",NA
"SNV_cluster_0071","SNV","4","PARFWJ","SNV","residue 130",NA
"SNV_cluster_0071","SNV","9","PARTBP","SNV","residue 130",NA
"SNV_cluster_0071","SNV","10","PARUCV","SNV","residue 184",NA
"SNV_cluster_0071","SNV","12","PASILW","SNV","residue 250",NA
"SNV_cluster_0071","SNV","15","PASPDL","SNV","residue 173",NA
"SNV_cluster_0071","SNV","107","PASRPK","SNV","residue 152",NA
"SNV_cluster_0071","SNV","18","PASTJN","SNV","residue 173",NA
"SNV_cluster_0071","SNV","23","PATBDK","SNV","residue 174",NA
"SNV_cluster_0071","SNV","28","PATGMP","SNV","residue 130",NA
"SNV_cluster_0071","SNV","30","PATGVD","SNV","residue 173",NA
"SNV_cluster_0071","SNV","35","PATKPW","SNV","residue 134",NA
"SNV_cluster_0071","SNV","36","PATKVD","SNV","residue 97",NA
"SNV_cluster_0071","SNV","37","PATLNZ","SNV","residue 221",NA
"SNV_cluster_0071","SNV","40","PATSPK","SNV","residue 130",NA
"SNV_cluster_0071","SNV","42","PATVTZ","SNV","residue 249",NA
"SNV_cluster_0071","SNV","43","PATVTZ","SNV","residue 250",NA
"SNV_cluster_0071","SNV","44","PAUCFA","SNV","residue 130",NA
"SNV_cluster_0071","SNV","1","PAUCIZ","SNV","residue 31",NA
"SNV_cluster_0071","SNV","2","PAUCIZ","SNV","residue 31",NA
"SNV_cluster_0071","SNV","60","PAUUSY","SNV","residue 130",NA
"SNV_cluster_0071","SNV","62","PAUVAJ","SNV","residue 249",NA
"SNV_cluster_0071","SNV","63","PAUVWZ","SNV","residue 135",NA
"SNV_cluster_0071","SNV","64","PAUVYF","SNV","residue 160",NA
"SNV_cluster_0071","SNV","68","PAVAJG","SNV","residue 251",NA
"SNV_cluster_0071","SNV","110","PAVAWK","SNV","residue 24",NA
"SNV_cluster_0071","SNV","69","PAVBDL","SNV","residue 29",NA
"SNV_cluster_0071","SNV","75","PAVKJU","SNV","residue 249",NA
"SNV_cluster_0071","SNV","76","PAVKJU","SNV","residue 250",NA
"SNV_cluster_0071","SNV","80","PAVMUJ","SNV","residue 173",NA
"SNV_cluster_0071","SNV","81","PAVMUJ","SNV","residue 186",NA
"SNV_cluster_0071","SNV","84","PAVRLT","SNV","residue 326",NA
"SNV_cluster_0071","SNV","87","PAVUKV","SNV","residue 251",NA
"SNV_cluster_0071","SNV","88","PAVVBE","SNV","residue 252",NA
"SNV_cluster_0071","SNV","95","PAWAIM","SNV","residue 93",NA
"SNV_cluster_0071","SNV","100","PAWDWJ","SNV","residue 74",NA
"SNV_cluster_0071","SNV","101","PAWDWJ","SNV","residue 130",NA
"INDEL_cluster_0001","INDEL","10","PARJMS","INDEL","residue 232",NA
"INDEL_cluster_0001","INDEL","11","PARJMS","INDEL","residue 232",NA
"INDEL_cluster_0001","INDEL","13","PARMRF","INDEL","residue 232",NA
"INDEL_cluster_0001","INDEL","20","PASIJX","INDEL","residue 232",NA
"INDEL_cluster_0001","INDEL","35","PASVIN","INDEL","residue 232",NA
"INDEL_cluster_0001","INDEL","45","PATADU","INDEL","residue 232",NA
"INDEL_cluster_0001","INDEL","46","PATBDK","INDEL","residue 232",NA
"INDEL_cluster_0001","INDEL","48","PATBTX","INDEL","residue 232",NA
"INDEL_cluster_0001","INDEL","49","PATBVS","INDEL","residue 232",NA
"INDEL_cluster_0001","INDEL","52","PATDEK","INDEL","residue 232",NA
"INDEL_cluster_0001","INDEL","54","PATEFF","INDEL","residue 232",NA
"INDEL_cluster_0001","INDEL","57","PATFJP","INDEL","residue 232",NA
"INDEL_cluster_0001","INDEL","59","PATGMJ","INDEL","residue 232",NA
"INDEL_cluster_0001","INDEL","67","PATJXW","INDEL","residue 232",NA
"INDEL_cluster_0001","INDEL","68","PATKIH","INDEL","residue 232",NA
"INDEL_cluster_0001","INDEL","74","PATNIA","INDEL","residue 232",NA
"INDEL_cluster_0001","INDEL","77","PATPGE","INDEL","residue 232",NA
"INDEL_cluster_0001","INDEL","80","PATXNK","INDEL","residue 232",NA
"INDEL_cluster_0001","INDEL","97","PAUJXZ","INDEL","residue 232",NA
"INDEL_cluster_0001","INDEL","99","PAUKYJ","INDEL","residue 232",NA
"INDEL_cluster_0001","INDEL","104","PAUNZE","INDEL","residue 232",NA
"INDEL_cluster_0001","INDEL","109","PAURTD","INDEL","residue 232",NA
"INDEL_cluster_0001","INDEL","121","PAUXZN","INDEL","residue 232",NA
"INDEL_cluster_0001","INDEL","130","PAVBLX","INDEL","residue 232",NA
"INDEL_cluster_0001","INDEL","139","PAVMGW","INDEL","residue 232",NA
"INDEL_cluster_0001","INDEL","140","PAVMLG","INDEL","residue 232",NA
"INDEL_cluster_0001","INDEL","152","PAVVBE","INDEL","residue 232",NA
"INDEL_cluster_0001","INDEL","153","PAVVBE","INDEL","residue 232",NA
"INDEL_cluster_0001","INDEL","158","PAWAFV","INDEL","residue 232",NA
"INDEL_cluster_0001","INDEL","163","PAWBKA","INDEL","residue 232",NA
"INDEL_cluster_0001","INDEL","168","PAWCWL","INDEL","residue 232",NA
"INDEL_cluster_0001","INDEL","169","PAWDEK","INDEL","residue 232",NA
"INDEL_cluster_0001","INDEL","178","PAWGYN","INDEL","residue 232",NA
"INDEL_cluster_0001","INDEL","184","PAWJDS","INDEL","residue 232",NA
"INDEL_cluster_0002","INDEL","6","PARFWJ","INDEL","residue 233",NA
"INDEL_cluster_0002","INDEL","7","PARGHJ","INDEL","residue 233",NA
"INDEL_cluster_0002","INDEL","25","PASLAB","INDEL","residue 233",NA
"INDEL_cluster_0002","INDEL","52","PATDEK","INDEL","residue 233",NA
"INDEL_cluster_0002","INDEL","53","PATDEK","INDEL","residue 233",NA
"INDEL_cluster_0002","INDEL","64","PATJLT","INDEL","residue 233",NA
"INDEL_cluster_0002","INDEL","75","PATNIA","INDEL","residue 233",NA
"INDEL_cluster_0002","INDEL","78","PATPGE","INDEL","residue 233",NA
"INDEL_cluster_0002","INDEL","93","PAUGLY","INDEL","residue 233",NA
"INDEL_cluster_0002","INDEL","96","PAUJRU","INDEL","residue 233",NA
"INDEL_cluster_0002","INDEL","102","PAUNTS","INDEL","residue 233",NA
"INDEL_cluster_0002","INDEL","105","PAURCM","INDEL","residue 233",NA
"INDEL_cluster_0002","INDEL","110","PAURTD","INDEL","residue 233",NA
"INDEL_cluster_0002","INDEL","112","PAUSEY","INDEL","residue 233",NA
"INDEL_cluster_0002","INDEL","128","PAVBEH","INDEL","residue 233",NA
"INDEL_cluster_0002","INDEL","144","PAVTAT","INDEL","residue 233",NA
"INDEL_cluster_0002","INDEL","155","PAVZTC","INDEL","residue 233",NA
"INDEL_cluster_0002","INDEL","161","PAWAMD","INDEL","residue 233",NA
"INDEL_cluster_0002","INDEL","173","PAWESJ","INDEL","residue 233",NA
"INDEL_cluster_0002","INDEL","175","PAWGCK","INDEL","residue 233",NA
"INDEL_cluster_0002","INDEL","2","PAWJKM","INDEL","residue 233",NA
"INDEL_cluster_0003","INDEL","12","PARMGT","INDEL","residue 234",NA
"INDEL_cluster_0003","INDEL","14","PARMRF","INDEL","residue 234",NA
"INDEL_cluster_0003","INDEL","24","PASKAD","INDEL","residue 234",NA
"INDEL_cluster_0003","INDEL","26","PASLAB","INDEL","residue 234",NA
"INDEL_cluster_0003","INDEL","32","PASSPP","INDEL","residue 234",NA
"INDEL_cluster_0003","INDEL","33","PASTJN","INDEL","residue 234",NA
"INDEL_cluster_0003","INDEL","41","PASYNX","INDEL","residue 234",NA
"INDEL_cluster_0003","INDEL","44","PASYVU","INDEL","residue 234",NA
"INDEL_cluster_0003","INDEL","71","PATLUU","INDEL","residue 234",NA
"INDEL_cluster_0003","INDEL","83","PAUCCG","INDEL","residue 234",NA
"INDEL_cluster_0003","INDEL","89","PAUGAA","INDEL","residue 234",NA
"INDEL_cluster_0003","INDEL","190","PAUIEM","INDEL","residue 234",NA
"INDEL_cluster_0003","INDEL","106","PAURCM","INDEL","residue 234",NA
"INDEL_cluster_0003","INDEL","135","PAVJWE","INDEL","residue 234",NA
"INDEL_cluster_0003","INDEL","143","PAVRAW","INDEL","residue 234",NA
"INDEL_cluster_0003","INDEL","156","PAVZTC","INDEL","residue 234",NA
"INDEL_cluster_0003","INDEL","164","PAWBKA","INDEL","residue 234",NA
"INDEL_cluster_0003","INDEL","174","PAWETD","INDEL","residue 234",NA
"INDEL_cluster_0003","INDEL","179","PAWGYW","INDEL","residue 234",NA
"INDEL_cluster_0003","INDEL","185","PAWJDS","INDEL","residue 234",NA
"INDEL_cluster_0004","INDEL","5","PARFME","INDEL","residue 241",NA
"INDEL_cluster_0004","INDEL","15","PARWLP","INDEL","residue 241",NA
"INDEL_cluster_0004","INDEL","16","PARXFY","INDEL","residue 241",NA
"INDEL_cluster_0004","INDEL","21","PASIJX","INDEL","residue 241",NA
"INDEL_cluster_0004","INDEL","36","PASVZJ","INDEL","residue 241",NA
"INDEL_cluster_0004","INDEL","39","PASYCN","INDEL","residue 241",NA
"INDEL_cluster_0004","INDEL","42","PASYNX","INDEL","residue 241",NA
"INDEL_cluster_0004","INDEL","62","PATHSL","INDEL","residue 241",NA
"INDEL_cluster_0004","INDEL","69","PATKIH","INDEL","residue 241",NA
"INDEL_cluster_0004","INDEL","86","PAUDVG","INDEL","residue 241",NA
"INDEL_cluster_0004","INDEL","114","PAUVAJ","INDEL","residue 241",NA
"INDEL_cluster_0004","INDEL","115","PAUWLB","INDEL","residue 241",NA
"INDEL_cluster_0004","INDEL","133","PAVGUP","INDEL","residue 241",NA
"INDEL_cluster_0004","INDEL","141","PAVNRN","INDEL","residue 241",NA
"INDEL_cluster_0004","INDEL","4","PAVRUJ","INDEL","residue 241",NA
"INDEL_cluster_0004","INDEL","188","PAWLAE","INDEL","residue 241",NA
"INDEL_cluster_0004","INDEL","189","PAWLAE","INDEL","residue 241",NA
"INDEL_cluster_0005","INDEL","17","PARXHT","INDEL","residue 245",NA
"INDEL_cluster_0005","INDEL","55","PATEFF","INDEL","residue 245",NA
"INDEL_cluster_0005","INDEL","65","PATJLT","INDEL","residue 245",NA
"INDEL_cluster_0005","INDEL","98","PAUKWJ","INDEL","residue 245",NA
"INDEL_cluster_0005","INDEL","103","PAUNTS","INDEL","residue 245",NA
"INDEL_cluster_0005","INDEL","107","PAURLU","INDEL","residue 245",NA
"INDEL_cluster_0005","INDEL","113","PAUUSY","INDEL","residue 245",NA
"INDEL_cluster_0005","INDEL","114","PAUVAJ","INDEL","residue 245",NA
"INDEL_cluster_0005","INDEL","118","PAUXHP","INDEL","residue 245",NA
"INDEL_cluster_0005","INDEL","124","PAUZZA","INDEL","residue 245",NA
"INDEL_cluster_0005","INDEL","127","PAVBDL","INDEL","residue 245",NA
"INDEL_cluster_0005","INDEL","137","PAVKLI","INDEL","residue 245",NA
"INDEL_cluster_0005","INDEL","194","PAVKYJ","INDEL","residue 245",NA
"INDEL_cluster_0005","INDEL","142","PAVNRN","INDEL","residue 245",NA
"INDEL_cluster_0005","INDEL","151","PAVUYY","INDEL","residue 245",NA
"INDEL_cluster_0005","INDEL","160","PAWAIN","INDEL","residue 245",NA
"INDEL_cluster_0005","INDEL","180","PAWIIR","INDEL","residue 245",NA
"INDEL_cluster_0006","INDEL","9","PARHEL","INDEL","residue 246",NA
"INDEL_cluster_0006","INDEL","30","PASPLG","INDEL","residue 246",NA
"INDEL_cluster_0006","INDEL","37","PASWLV","INDEL","residue 246",NA
"INDEL_cluster_0006","INDEL","40","PASYCN","INDEL","residue 246",NA
"INDEL_cluster_0006","INDEL","47","PATBGH","INDEL","residue 246",NA
"INDEL_cluster_0006","INDEL","58","PATFWZ","INDEL","residue 246",NA
"INDEL_cluster_0006","INDEL","73","PATMPM","INDEL","residue 246",NA
"INDEL_cluster_0006","INDEL","79","PATTIG","INDEL","residue 246",NA
"INDEL_cluster_0006","INDEL","81","PATXNK","INDEL","residue 246",NA
"INDEL_cluster_0006","INDEL","82","PAUBCT","INDEL","residue 246",NA
"INDEL_cluster_0006","INDEL","108","PAURLU","INDEL","residue 246",NA
"INDEL_cluster_0006","INDEL","114","PAUVAJ","INDEL","residue 246",NA
"INDEL_cluster_0006","INDEL","119","PAUXKE","INDEL","residue 246",NA
"INDEL_cluster_0006","INDEL","122","PAUYCZ","INDEL","residue 246",NA
"INDEL_cluster_0006","INDEL","123","PAUZKE","INDEL","residue 246",NA
"INDEL_cluster_0006","INDEL","125","PAVAJG","INDEL","residue 246",NA
"INDEL_cluster_0006","INDEL","193","PAVAWK","INDEL","residue 246",NA
"INDEL_cluster_0006","INDEL","132","PAVGMF","INDEL","residue 246",NA
"INDEL_cluster_0006","INDEL","136","PAVKJU","INDEL","residue 246",NA
"INDEL_cluster_0006","INDEL","142","PAVNRN","INDEL","residue 246",NA
"INDEL_cluster_0006","INDEL","157","PAWABB","INDEL","residue 246",NA
"INDEL_cluster_0006","INDEL","176","PAWGCK","INDEL","residue 246",NA
"INDEL_cluster_0006","INDEL","177","PAWGXW","INDEL","residue 246",NA
"INDEL_cluster_0006","INDEL","181","PAWIRN","INDEL","residue 246",NA
"INDEL_cluster_0007","INDEL","5","PARFME","INDEL","residue 241",NA
"INDEL_cluster_0007","INDEL","15","PARWLP","INDEL","residue 241",NA
"INDEL_cluster_0007","INDEL","16","PARXFY","INDEL","residue 241",NA
"INDEL_cluster_0007","INDEL","21","PASIJX","INDEL","residue 241",NA
"INDEL_cluster_0007","INDEL","36","PASVZJ","INDEL","residue 240;241",NA
"INDEL_cluster_0007","INDEL","39","PASYCN","INDEL","residue 241",NA
"INDEL_cluster_0007","INDEL","42","PASYNX","INDEL","residue 240;241",NA
"INDEL_cluster_0007","INDEL","62","PATHSL","INDEL","residue 241",NA
"INDEL_cluster_0007","INDEL","69","PATKIH","INDEL","residue 241",NA
"INDEL_cluster_0007","INDEL","85","PAUCFC","INDEL","residue 240",NA
"INDEL_cluster_0007","INDEL","86","PAUDVG","INDEL","residue 241",NA
"INDEL_cluster_0007","INDEL","114","PAUVAJ","INDEL","residue 241",NA
"INDEL_cluster_0007","INDEL","115","PAUWLB","INDEL","residue 241",NA
"INDEL_cluster_0007","INDEL","133","PAVGUP","INDEL","residue 241",NA
"INDEL_cluster_0007","INDEL","141","PAVNRN","INDEL","residue 241",NA
"INDEL_cluster_0007","INDEL","4","PAVRUJ","INDEL","residue 241",NA
"INDEL_cluster_0007","INDEL","182","PAWIWS","INDEL","residue 240",NA
"INDEL_cluster_0007","INDEL","188","PAWLAE","INDEL","residue 241",NA
"INDEL_cluster_0007","INDEL","189","PAWLAE","INDEL","residue 241",NA
"INDEL_cluster_0008","INDEL","12","PARMGT","INDEL","residue 234",NA
"INDEL_cluster_0008","INDEL","14","PARMRF","INDEL","residue 234",NA
"INDEL_cluster_0008","INDEL","24","PASKAD","INDEL","residue 234",NA
"INDEL_cluster_0008","INDEL","26","PASLAB","INDEL","residue 234",NA
"INDEL_cluster_0008","INDEL","32","PASSPP","INDEL","residue 234",NA
"INDEL_cluster_0008","INDEL","33","PASTJN","INDEL","residue 234",NA
"INDEL_cluster_0008","INDEL","41","PASYNX","INDEL","residue 234",NA
"INDEL_cluster_0008","INDEL","44","PASYVU","INDEL","residue 234",NA
"INDEL_cluster_0008","INDEL","60","PATGMJ","INDEL","residue 235",NA
"INDEL_cluster_0008","INDEL","71","PATLUU","INDEL","residue 234",NA
"INDEL_cluster_0008","INDEL","83","PAUCCG","INDEL","residue 234",NA
"INDEL_cluster_0008","INDEL","89","PAUGAA","INDEL","residue 234;235",NA
"INDEL_cluster_0008","INDEL","190","PAUIEM","INDEL","residue 234",NA
"INDEL_cluster_0008","INDEL","106","PAURCM","INDEL","residue 234",NA
"INDEL_cluster_0008","INDEL","135","PAVJWE","INDEL","residue 234",NA
"INDEL_cluster_0008","INDEL","143","PAVRAW","INDEL","residue 234",NA
"INDEL_cluster_0008","INDEL","156","PAVZTC","INDEL","residue 234",NA
"INDEL_cluster_0008","INDEL","164","PAWBKA","INDEL","residue 234",NA
"INDEL_cluster_0008","INDEL","174","PAWETD","INDEL","residue 234;235",NA
"INDEL_cluster_0008","INDEL","179","PAWGYW","INDEL","residue 234",NA
"INDEL_cluster_0008","INDEL","185","PAWJDS","INDEL","residue 234",NA
"INDEL_cluster_0009","INDEL","6","PARFWJ","INDEL","residue 233",NA
"INDEL_cluster_0009","INDEL","7","PARGHJ","INDEL","residue 233",NA
"INDEL_cluster_0009","INDEL","10","PARJMS","INDEL","residue 232",NA
"INDEL_cluster_0009","INDEL","11","PARJMS","INDEL","residue 232",NA
"INDEL_cluster_0009","INDEL","13","PARMRF","INDEL","residue 232",NA
"INDEL_cluster_0009","INDEL","20","PASIJX","INDEL","residue 232",NA
"INDEL_cluster_0009","INDEL","25","PASLAB","INDEL","residue 233",NA
"INDEL_cluster_0009","INDEL","35","PASVIN","INDEL","residue 232",NA
"INDEL_cluster_0009","INDEL","45","PATADU","INDEL","residue 232",NA
"INDEL_cluster_0009","INDEL","46","PATBDK","INDEL","residue 232",NA
"INDEL_cluster_0009","INDEL","48","PATBTX","INDEL","residue 232",NA
"INDEL_cluster_0009","INDEL","49","PATBVS","INDEL","residue 232",NA
"INDEL_cluster_0009","INDEL","52","PATDEK","INDEL","residue 232;233",NA
"INDEL_cluster_0009","INDEL","53","PATDEK","INDEL","residue 233",NA
"INDEL_cluster_0009","INDEL","54","PATEFF","INDEL","residue 232",NA
"INDEL_cluster_0009","INDEL","57","PATFJP","INDEL","residue 232",NA
"INDEL_cluster_0009","INDEL","59","PATGMJ","INDEL","residue 232",NA
"INDEL_cluster_0009","INDEL","64","PATJLT","INDEL","residue 233",NA
"INDEL_cluster_0009","INDEL","67","PATJXW","INDEL","residue 232",NA
"INDEL_cluster_0009","INDEL","68","PATKIH","INDEL","residue 232",NA
"INDEL_cluster_0009","INDEL","74","PATNIA","INDEL","residue 232",NA
"INDEL_cluster_0009","INDEL","75","PATNIA","INDEL","residue 233",NA
"INDEL_cluster_0009","INDEL","77","PATPGE","INDEL","residue 232",NA
"INDEL_cluster_0009","INDEL","78","PATPGE","INDEL","residue 233",NA
"INDEL_cluster_0009","INDEL","80","PATXNK","INDEL","residue 232",NA
"INDEL_cluster_0009","INDEL","93","PAUGLY","INDEL","residue 233",NA
"INDEL_cluster_0009","INDEL","96","PAUJRU","INDEL","residue 233",NA
"INDEL_cluster_0009","INDEL","97","PAUJXZ","INDEL","residue 232",NA
"INDEL_cluster_0009","INDEL","99","PAUKYJ","INDEL","residue 232",NA
"INDEL_cluster_0009","INDEL","102","PAUNTS","INDEL","residue 233",NA
"INDEL_cluster_0009","INDEL","104","PAUNZE","INDEL","residue 232",NA
"INDEL_cluster_0009","INDEL","105","PAURCM","INDEL","residue 233",NA
"INDEL_cluster_0009","INDEL","109","PAURTD","INDEL","residue 232",NA
"INDEL_cluster_0009","INDEL","110","PAURTD","INDEL","residue 233",NA
"INDEL_cluster_0009","INDEL","112","PAUSEY","INDEL","residue 233",NA
"INDEL_cluster_0009","INDEL","121","PAUXZN","INDEL","residue 232",NA
"INDEL_cluster_0009","INDEL","128","PAVBEH","INDEL","residue 233",NA
"INDEL_cluster_0009","INDEL","130","PAVBLX","INDEL","residue 232",NA
"INDEL_cluster_0009","INDEL","139","PAVMGW","INDEL","residue 232",NA
"INDEL_cluster_0009","INDEL","140","PAVMLG","INDEL","residue 232",NA
"INDEL_cluster_0009","INDEL","144","PAVTAT","INDEL","residue 233",NA
"INDEL_cluster_0009","INDEL","152","PAVVBE","INDEL","residue 232",NA
"INDEL_cluster_0009","INDEL","153","PAVVBE","INDEL","residue 232",NA
"INDEL_cluster_0009","INDEL","155","PAVZTC","INDEL","residue 233",NA
"INDEL_cluster_0009","INDEL","158","PAWAFV","INDEL","residue 232",NA
"INDEL_cluster_0009","INDEL","161","PAWAMD","INDEL","residue 233",NA
"INDEL_cluster_0009","INDEL","163","PAWBKA","INDEL","residue 232",NA
"INDEL_cluster_0009","INDEL","168","PAWCWL","INDEL","residue 232",NA
"INDEL_cluster_0009","INDEL","169","PAWDEK","INDEL","residue 232",NA
"INDEL_cluster_0009","INDEL","173","PAWESJ","INDEL","residue 233",NA
"INDEL_cluster_0009","INDEL","175","PAWGCK","INDEL","residue 233",NA
"INDEL_cluster_0009","INDEL","178","PAWGYN","INDEL","residue 232",NA
"INDEL_cluster_0009","INDEL","184","PAWJDS","INDEL","residue 232",NA
"INDEL_cluster_0009","INDEL","2","PAWJKM","INDEL","residue 233",NA
"INDEL_cluster_0010","INDEL","17","PARXHT","INDEL","residue 245",NA
"INDEL_cluster_0010","INDEL","36","PASVZJ","INDEL","residue 244",NA
"INDEL_cluster_0010","INDEL","43","PASYNX","INDEL","residue 244",NA
"INDEL_cluster_0010","INDEL","55","PATEFF","INDEL","residue 245",NA
"INDEL_cluster_0010","INDEL","65","PATJLT","INDEL","residue 245",NA
"INDEL_cluster_0010","INDEL","98","PAUKWJ","INDEL","residue 245",NA
"INDEL_cluster_0010","INDEL","103","PAUNTS","INDEL","residue 245",NA
"INDEL_cluster_0010","INDEL","107","PAURLU","INDEL","residue 245",NA
"INDEL_cluster_0010","INDEL","113","PAUUSY","INDEL","residue 245",NA
"INDEL_cluster_0010","INDEL","114","PAUVAJ","INDEL","residue 244;245",NA
"INDEL_cluster_0010","INDEL","118","PAUXHP","INDEL","residue 245",NA
"INDEL_cluster_0010","INDEL","124","PAUZZA","INDEL","residue 245",NA
"INDEL_cluster_0010","INDEL","127","PAVBDL","INDEL","residue 245",NA
"INDEL_cluster_0010","INDEL","134","PAVGUP","INDEL","residue 244",NA
"INDEL_cluster_0010","INDEL","137","PAVKLI","INDEL","residue 245",NA
"INDEL_cluster_0010","INDEL","194","PAVKYJ","INDEL","residue 245",NA
"INDEL_cluster_0010","INDEL","142","PAVNRN","INDEL","residue 245",NA
"INDEL_cluster_0010","INDEL","145","PAVTAT","INDEL","residue 244",NA
"INDEL_cluster_0010","INDEL","151","PAVUYY","INDEL","residue 245",NA
"INDEL_cluster_0010","INDEL","160","PAWAIN","INDEL","residue 245",NA
"INDEL_cluster_0010","INDEL","180","PAWIIR","INDEL","residue 245",NA
"INDEL_cluster_0011","INDEL","9","PARHEL","INDEL","residue 246",NA
"INDEL_cluster_0011","INDEL","30","PASPLG","INDEL","residue 246",NA
"INDEL_cluster_0011","INDEL","37","PASWLV","INDEL","residue 246",NA
"INDEL_cluster_0011","INDEL","40","PASYCN","INDEL","residue 246",NA
"INDEL_cluster_0011","INDEL","47","PATBGH","INDEL","residue 246",NA
"INDEL_cluster_0011","INDEL","58","PATFWZ","INDEL","residue 246",NA
"INDEL_cluster_0011","INDEL","73","PATMPM","INDEL","residue 246",NA
"INDEL_cluster_0011","INDEL","79","PATTIG","INDEL","residue 246",NA
"INDEL_cluster_0011","INDEL","81","PATXNK","INDEL","residue 246",NA
"INDEL_cluster_0011","INDEL","82","PAUBCT","INDEL","residue 246",NA
"INDEL_cluster_0011","INDEL","87","PAUEIL","INDEL","residue 247",NA
"INDEL_cluster_0011","INDEL","108","PAURLU","INDEL","residue 246",NA
"INDEL_cluster_0011","INDEL","114","PAUVAJ","INDEL","residue 246;247",NA
"INDEL_cluster_0011","INDEL","119","PAUXKE","INDEL","residue 246",NA
"INDEL_cluster_0011","INDEL","122","PAUYCZ","INDEL","residue 246",NA
"INDEL_cluster_0011","INDEL","123","PAUZKE","INDEL","residue 246",NA
"INDEL_cluster_0011","INDEL","125","PAVAJG","INDEL","residue 246",NA
"INDEL_cluster_0011","INDEL","193","PAVAWK","INDEL","residue 246",NA
"INDEL_cluster_0011","INDEL","132","PAVGMF","INDEL","residue 246",NA
"INDEL_cluster_0011","INDEL","136","PAVKJU","INDEL","residue 246",NA
"INDEL_cluster_0011","INDEL","142","PAVNRN","INDEL","residue 246",NA
"INDEL_cluster_0011","INDEL","157","PAWABB","INDEL","residue 246",NA
"INDEL_cluster_0011","INDEL","176","PAWGCK","INDEL","residue 246",NA
"INDEL_cluster_0011","INDEL","177","PAWGXW","INDEL","residue 246",NA
"INDEL_cluster_0011","INDEL","181","PAWIRN","INDEL","residue 246;247",NA
"INDEL_cluster_0012","INDEL","6","PARFWJ","INDEL","residue 233",NA
"INDEL_cluster_0012","INDEL","7","PARGHJ","INDEL","residue 233",NA
"INDEL_cluster_0012","INDEL","10","PARJMS","INDEL","residue 232",NA
"INDEL_cluster_0012","INDEL","11","PARJMS","INDEL","residue 232",NA
"INDEL_cluster_0012","INDEL","13","PARMRF","INDEL","residue 232",NA
"INDEL_cluster_0012","INDEL","20","PASIJX","INDEL","residue 232",NA
"INDEL_cluster_0012","INDEL","25","PASLAB","INDEL","residue 233",NA
"INDEL_cluster_0012","INDEL","35","PASVIN","INDEL","residue 232",NA
"INDEL_cluster_0012","INDEL","45","PATADU","INDEL","residue 232",NA
"INDEL_cluster_0012","INDEL","46","PATBDK","INDEL","residue 232",NA
"INDEL_cluster_0012","INDEL","48","PATBTX","INDEL","residue 232",NA
"INDEL_cluster_0012","INDEL","49","PATBVS","INDEL","residue 232",NA
"INDEL_cluster_0012","INDEL","52","PATDEK","INDEL","residue 232;233",NA
"INDEL_cluster_0012","INDEL","53","PATDEK","INDEL","residue 233",NA
"INDEL_cluster_0012","INDEL","54","PATEFF","INDEL","residue 232",NA
"INDEL_cluster_0012","INDEL","57","PATFJP","INDEL","residue 232",NA
"INDEL_cluster_0012","INDEL","59","PATGMJ","INDEL","residue 232",NA
"INDEL_cluster_0012","INDEL","63","PATIKN","INDEL","residue 231",NA
"INDEL_cluster_0012","INDEL","64","PATJLT","INDEL","residue 233",NA
"INDEL_cluster_0012","INDEL","67","PATJXW","INDEL","residue 232",NA
"INDEL_cluster_0012","INDEL","68","PATKIH","INDEL","residue 232",NA
"INDEL_cluster_0012","INDEL","74","PATNIA","INDEL","residue 232",NA
"INDEL_cluster_0012","INDEL","75","PATNIA","INDEL","residue 233",NA
"INDEL_cluster_0012","INDEL","77","PATPGE","INDEL","residue 232",NA
"INDEL_cluster_0012","INDEL","78","PATPGE","INDEL","residue 233",NA
"INDEL_cluster_0012","INDEL","80","PATXNK","INDEL","residue 232",NA
"INDEL_cluster_0012","INDEL","93","PAUGLY","INDEL","residue 233",NA
"INDEL_cluster_0012","INDEL","96","PAUJRU","INDEL","residue 233",NA
"INDEL_cluster_0012","INDEL","97","PAUJXZ","INDEL","residue 232",NA
"INDEL_cluster_0012","INDEL","99","PAUKYJ","INDEL","residue 232",NA
"INDEL_cluster_0012","INDEL","102","PAUNTS","INDEL","residue 233",NA
"INDEL_cluster_0012","INDEL","104","PAUNZE","INDEL","residue 232",NA
"INDEL_cluster_0012","INDEL","105","PAURCM","INDEL","residue 233",NA
"INDEL_cluster_0012","INDEL","109","PAURTD","INDEL","residue 232",NA
"INDEL_cluster_0012","INDEL","110","PAURTD","INDEL","residue 233",NA
"INDEL_cluster_0012","INDEL","112","PAUSEY","INDEL","residue 233",NA
"INDEL_cluster_0012","INDEL","121","PAUXZN","INDEL","residue 232",NA
"INDEL_cluster_0012","INDEL","128","PAVBEH","INDEL","residue 233",NA
"INDEL_cluster_0012","INDEL","130","PAVBLX","INDEL","residue 232",NA
"INDEL_cluster_0012","INDEL","139","PAVMGW","INDEL","residue 232",NA
"INDEL_cluster_0012","INDEL","140","PAVMLG","INDEL","residue 232",NA
"INDEL_cluster_0012","INDEL","144","PAVTAT","INDEL","residue 233",NA
"INDEL_cluster_0012","INDEL","152","PAVVBE","INDEL","residue 232",NA
"INDEL_cluster_0012","INDEL","153","PAVVBE","INDEL","residue 232",NA
"INDEL_cluster_0012","INDEL","155","PAVZTC","INDEL","residue 233",NA
"INDEL_cluster_0012","INDEL","158","PAWAFV","INDEL","residue 232",NA
"INDEL_cluster_0012","INDEL","161","PAWAMD","INDEL","residue 233",NA
"INDEL_cluster_0012","INDEL","163","PAWBKA","INDEL","residue 232",NA
"INDEL_cluster_0012","INDEL","168","PAWCWL","INDEL","residue 232",NA
"INDEL_cluster_0012","INDEL","169","PAWDEK","INDEL","residue 232",NA
"INDEL_cluster_0012","INDEL","173","PAWESJ","INDEL","residue 233",NA
"INDEL_cluster_0012","INDEL","175","PAWGCK","INDEL","residue 233",NA
"INDEL_cluster_0012","INDEL","178","PAWGYN","INDEL","residue 232",NA
"INDEL_cluster_0012","INDEL","184","PAWJDS","INDEL","residue 232",NA
"INDEL_cluster_0012","INDEL","2","PAWJKM","INDEL","residue 233",NA
"INDEL_cluster_0013","INDEL","12","PARMGT","INDEL","residue 234",NA
"INDEL_cluster_0013","INDEL","14","PARMRF","INDEL","residue 234",NA
"INDEL_cluster_0013","INDEL","24","PASKAD","INDEL","residue 234",NA
"INDEL_cluster_0013","INDEL","26","PASLAB","INDEL","residue 234",NA
"INDEL_cluster_0013","INDEL","32","PASSPP","INDEL","residue 234",NA
"INDEL_cluster_0013","INDEL","33","PASTJN","INDEL","residue 234",NA
"INDEL_cluster_0013","INDEL","34","PASUSV","INDEL","residue 236",NA
"INDEL_cluster_0013","INDEL","41","PASYNX","INDEL","residue 234",NA
"INDEL_cluster_0013","INDEL","44","PASYVU","INDEL","residue 234",NA
"INDEL_cluster_0013","INDEL","60","PATGMJ","INDEL","residue 235",NA
"INDEL_cluster_0013","INDEL","71","PATLUU","INDEL","residue 234",NA
"INDEL_cluster_0013","INDEL","83","PAUCCG","INDEL","residue 234",NA
"INDEL_cluster_0013","INDEL","89","PAUGAA","INDEL","residue 234;235",NA
"INDEL_cluster_0013","INDEL","90","PAUGAA","INDEL","residue 236",NA
"INDEL_cluster_0013","INDEL","190","PAUIEM","INDEL","residue 234",NA
"INDEL_cluster_0013","INDEL","106","PAURCM","INDEL","residue 234",NA
"INDEL_cluster_0013","INDEL","192","PAUWSL","INDEL","residue 236",NA
"INDEL_cluster_0013","INDEL","135","PAVJWE","INDEL","residue 234",NA
"INDEL_cluster_0013","INDEL","143","PAVRAW","INDEL","residue 234",NA
"INDEL_cluster_0013","INDEL","156","PAVZTC","INDEL","residue 234",NA
"INDEL_cluster_0013","INDEL","164","PAWBKA","INDEL","residue 234",NA
"INDEL_cluster_0013","INDEL","174","PAWETD","INDEL","residue 234;235",NA
"INDEL_cluster_0013","INDEL","179","PAWGYW","INDEL","residue 234",NA
"INDEL_cluster_0013","INDEL","185","PAWJDS","INDEL","residue 234",NA
"INDEL_cluster_0014","INDEL","5","PARFME","INDEL","residue 241",NA
"INDEL_cluster_0014","INDEL","6","PARFWJ","INDEL","residue 233",NA
"INDEL_cluster_0014","INDEL","7","PARGHJ","INDEL","residue 233",NA
"INDEL_cluster_0014","INDEL","10","PARJMS","INDEL","residue 232",NA
"INDEL_cluster_0014","INDEL","11","PARJMS","INDEL","residue 232",NA
"INDEL_cluster_0014","INDEL","13","PARMRF","INDEL","residue 232",NA
"INDEL_cluster_0014","INDEL","15","PARWLP","INDEL","residue 241",NA
"INDEL_cluster_0014","INDEL","16","PARXFY","INDEL","residue 241",NA
"INDEL_cluster_0014","INDEL","20","PASIJX","INDEL","residue 232",NA
"INDEL_cluster_0014","INDEL","21","PASIJX","INDEL","residue 241",NA
"INDEL_cluster_0014","INDEL","25","PASLAB","INDEL","residue 233",NA
"INDEL_cluster_0014","INDEL","35","PASVIN","INDEL","residue 232",NA
"INDEL_cluster_0014","INDEL","36","PASVZJ","INDEL","residue 240;241",NA
"INDEL_cluster_0014","INDEL","39","PASYCN","INDEL","residue 241",NA
"INDEL_cluster_0014","INDEL","42","PASYNX","INDEL","residue 240;241",NA
"INDEL_cluster_0014","INDEL","45","PATADU","INDEL","residue 232",NA
"INDEL_cluster_0014","INDEL","46","PATBDK","INDEL","residue 232",NA
"INDEL_cluster_0014","INDEL","48","PATBTX","INDEL","residue 232",NA
"INDEL_cluster_0014","INDEL","49","PATBVS","INDEL","residue 232",NA
"INDEL_cluster_0014","INDEL","52","PATDEK","INDEL","residue 232;233",NA
"INDEL_cluster_0014","INDEL","53","PATDEK","INDEL","residue 233",NA
"INDEL_cluster_0014","INDEL","54","PATEFF","INDEL","residue 232",NA
"INDEL_cluster_0014","INDEL","57","PATFJP","INDEL","residue 232",NA
"INDEL_cluster_0014","INDEL","59","PATGMJ","INDEL","residue 232",NA
"INDEL_cluster_0014","INDEL","62","PATHSL","INDEL","residue 241",NA
"INDEL_cluster_0014","INDEL","63","PATIKN","INDEL","residue 231",NA
"INDEL_cluster_0014","INDEL","64","PATJLT","INDEL","residue 233",NA
"INDEL_cluster_0014","INDEL","67","PATJXW","INDEL","residue 232",NA
"INDEL_cluster_0014","INDEL","68","PATKIH","INDEL","residue 232",NA
"INDEL_cluster_0014","INDEL","69","PATKIH","INDEL","residue 241",NA
"INDEL_cluster_0014","INDEL","74","PATNIA","INDEL","residue 232",NA
"INDEL_cluster_0014","INDEL","75","PATNIA","INDEL","residue 233",NA
"INDEL_cluster_0014","INDEL","77","PATPGE","INDEL","residue 232",NA
"INDEL_cluster_0014","INDEL","78","PATPGE","INDEL","residue 233",NA
"INDEL_cluster_0014","INDEL","80","PATXNK","INDEL","residue 232",NA
"INDEL_cluster_0014","INDEL","85","PAUCFC","INDEL","residue 240",NA
"INDEL_cluster_0014","INDEL","86","PAUDVG","INDEL","residue 241",NA
"INDEL_cluster_0014","INDEL","93","PAUGLY","INDEL","residue 233",NA
"INDEL_cluster_0014","INDEL","96","PAUJRU","INDEL","residue 233",NA
"INDEL_cluster_0014","INDEL","97","PAUJXZ","INDEL","residue 232",NA
"INDEL_cluster_0014","INDEL","99","PAUKYJ","INDEL","residue 232",NA
"INDEL_cluster_0014","INDEL","102","PAUNTS","INDEL","residue 233",NA
"INDEL_cluster_0014","INDEL","104","PAUNZE","INDEL","residue 232",NA
"INDEL_cluster_0014","INDEL","105","PAURCM","INDEL","residue 233",NA
"INDEL_cluster_0014","INDEL","109","PAURTD","INDEL","residue 232",NA
"INDEL_cluster_0014","INDEL","110","PAURTD","INDEL","residue 233",NA
"INDEL_cluster_0014","INDEL","112","PAUSEY","INDEL","residue 233",NA
"INDEL_cluster_0014","INDEL","114","PAUVAJ","INDEL","residue 241",NA
"INDEL_cluster_0014","INDEL","115","PAUWLB","INDEL","residue 241",NA
"INDEL_cluster_0014","INDEL","121","PAUXZN","INDEL","residue 232",NA
"INDEL_cluster_0014","INDEL","128","PAVBEH","INDEL","residue 233",NA
"INDEL_cluster_0014","INDEL","130","PAVBLX","INDEL","residue 232",NA
"INDEL_cluster_0014","INDEL","133","PAVGUP","INDEL","residue 241",NA
"INDEL_cluster_0014","INDEL","139","PAVMGW","INDEL","residue 232",NA
"INDEL_cluster_0014","INDEL","140","PAVMLG","INDEL","residue 232",NA
"INDEL_cluster_0014","INDEL","141","PAVNRN","INDEL","residue 241",NA
"INDEL_cluster_0014","INDEL","4","PAVRUJ","INDEL","residue 241",NA
"INDEL_cluster_0014","INDEL","144","PAVTAT","INDEL","residue 233",NA
"INDEL_cluster_0014","INDEL","152","PAVVBE","INDEL","residue 232",NA
"INDEL_cluster_0014","INDEL","153","PAVVBE","INDEL","residue 232",NA
"INDEL_cluster_0014","INDEL","155","PAVZTC","INDEL","residue 233",NA
"INDEL_cluster_0014","INDEL","158","PAWAFV","INDEL","residue 232",NA
"INDEL_cluster_0014","INDEL","161","PAWAMD","INDEL","residue 233",NA
"INDEL_cluster_0014","INDEL","163","PAWBKA","INDEL","residue 232",NA
"INDEL_cluster_0014","INDEL","168","PAWCWL","INDEL","residue 232",NA
"INDEL_cluster_0014","INDEL","169","PAWDEK","INDEL","residue 232",NA
"INDEL_cluster_0014","INDEL","173","PAWESJ","INDEL","residue 233",NA
"INDEL_cluster_0014","INDEL","175","PAWGCK","INDEL","residue 233",NA
"INDEL_cluster_0014","INDEL","178","PAWGYN","INDEL","residue 232",NA
"INDEL_cluster_0014","INDEL","182","PAWIWS","INDEL","residue 240",NA
"INDEL_cluster_0014","INDEL","184","PAWJDS","INDEL","residue 232",NA
"INDEL_cluster_0014","INDEL","2","PAWJKM","INDEL","residue 233",NA
"INDEL_cluster_0014","INDEL","188","PAWLAE","INDEL","residue 241",NA
"INDEL_cluster_0014","INDEL","189","PAWLAE","INDEL","residue 241",NA
"INDEL_cluster_0015","INDEL","12","PARMGT","INDEL","residue 234",NA
"INDEL_cluster_0015","INDEL","14","PARMRF","INDEL","residue 234",NA
"INDEL_cluster_0015","INDEL","24","PASKAD","INDEL","residue 234",NA
"INDEL_cluster_0015","INDEL","26","PASLAB","INDEL","residue 234",NA
"INDEL_cluster_0015","INDEL","32","PASSPP","INDEL","residue 234",NA
"INDEL_cluster_0015","INDEL","33","PASTJN","INDEL","residue 234",NA
"INDEL_cluster_0015","INDEL","34","PASUSV","INDEL","residue 236",NA
"INDEL_cluster_0015","INDEL","36","PASVZJ","INDEL","residue 238;239",NA
"INDEL_cluster_0015","INDEL","41","PASYNX","INDEL","residue 234",NA
"INDEL_cluster_0015","INDEL","44","PASYVU","INDEL","residue 234",NA
"INDEL_cluster_0015","INDEL","60","PATGMJ","INDEL","residue 235",NA
"INDEL_cluster_0015","INDEL","71","PATLUU","INDEL","residue 234",NA
"INDEL_cluster_0015","INDEL","83","PAUCCG","INDEL","residue 234",NA
"INDEL_cluster_0015","INDEL","89","PAUGAA","INDEL","residue 234;235",NA
"INDEL_cluster_0015","INDEL","90","PAUGAA","INDEL","residue 236",NA
"INDEL_cluster_0015","INDEL","190","PAUIEM","INDEL","residue 234",NA
"INDEL_cluster_0015","INDEL","106","PAURCM","INDEL","residue 234",NA
"INDEL_cluster_0015","INDEL","192","PAUWSL","INDEL","residue 236",NA
"INDEL_cluster_0015","INDEL","135","PAVJWE","INDEL","residue 234",NA
"INDEL_cluster_0015","INDEL","143","PAVRAW","INDEL","residue 234",NA
"INDEL_cluster_0015","INDEL","156","PAVZTC","INDEL","residue 234",NA
"INDEL_cluster_0015","INDEL","164","PAWBKA","INDEL","residue 234",NA
"INDEL_cluster_0015","INDEL","174","PAWETD","INDEL","residue 234;235",NA
"INDEL_cluster_0015","INDEL","179","PAWGYW","INDEL","residue 234",NA
"INDEL_cluster_0015","INDEL","185","PAWJDS","INDEL","residue 234",NA
"INDEL_cluster_0016","INDEL","17","PARXHT","INDEL","residue 245",NA
"INDEL_cluster_0016","INDEL","31","PASPNI","INDEL","residue 243",NA
"INDEL_cluster_0016","INDEL","36","PASVZJ","INDEL","residue 242;243;244",NA
"INDEL_cluster_0016","INDEL","42","PASYNX","INDEL","residue 242;243",NA
"INDEL_cluster_0016","INDEL","43","PASYNX","INDEL","residue 244",NA
"INDEL_cluster_0016","INDEL","55","PATEFF","INDEL","residue 245",NA
"INDEL_cluster_0016","INDEL","65","PATJLT","INDEL","residue 245",NA
"INDEL_cluster_0016","INDEL","72","PATLUU","INDEL","residue 243",NA
"INDEL_cluster_0016","INDEL","84","PAUCCG","INDEL","residue 243",NA
"INDEL_cluster_0016","INDEL","98","PAUKWJ","INDEL","residue 245",NA
"INDEL_cluster_0016","INDEL","103","PAUNTS","INDEL","residue 245",NA
"INDEL_cluster_0016","INDEL","107","PAURLU","INDEL","residue 245",NA
"INDEL_cluster_0016","INDEL","111","PAURTD","INDEL","residue 242",NA
"INDEL_cluster_0016","INDEL","113","PAUUSY","INDEL","residue 245",NA
"INDEL_cluster_0016","INDEL","114","PAUVAJ","INDEL","residue 242;243;244;245",NA
"INDEL_cluster_0016","INDEL","118","PAUXHP","INDEL","residue 245",NA
"INDEL_cluster_0016","INDEL","124","PAUZZA","INDEL","residue 245",NA
"INDEL_cluster_0016","INDEL","127","PAVBDL","INDEL","residue 245",NA
"INDEL_cluster_0016","INDEL","134","PAVGUP","INDEL","residue 244",NA
"INDEL_cluster_0016","INDEL","137","PAVKLI","INDEL","residue 245",NA
"INDEL_cluster_0016","INDEL","194","PAVKYJ","INDEL","residue 245",NA
"INDEL_cluster_0016","INDEL","142","PAVNRN","INDEL","residue 245",NA
"INDEL_cluster_0016","INDEL","145","PAVTAT","INDEL","residue 244",NA
"INDEL_cluster_0016","INDEL","151","PAVUYY","INDEL","residue 245",NA
"INDEL_cluster_0016","INDEL","160","PAWAIN","INDEL","residue 245",NA
"INDEL_cluster_0016","INDEL","180","PAWIIR","INDEL","residue 245",NA
"INDEL_cluster_0017","INDEL","9","PARHEL","INDEL","residue 246",NA
"INDEL_cluster_0017","INDEL","30","PASPLG","INDEL","residue 246",NA
"INDEL_cluster_0017","INDEL","37","PASWLV","INDEL","residue 246",NA
"INDEL_cluster_0017","INDEL","40","PASYCN","INDEL","residue 246",NA
"INDEL_cluster_0017","INDEL","47","PATBGH","INDEL","residue 246",NA
"INDEL_cluster_0017","INDEL","50","PATBYK","INDEL","residue 249",NA
"INDEL_cluster_0017","INDEL","58","PATFWZ","INDEL","residue 246",NA
"INDEL_cluster_0017","INDEL","73","PATMPM","INDEL","residue 246",NA
"INDEL_cluster_0017","INDEL","79","PATTIG","INDEL","residue 246",NA
"INDEL_cluster_0017","INDEL","81","PATXNK","INDEL","residue 246",NA
"INDEL_cluster_0017","INDEL","82","PAUBCT","INDEL","residue 246",NA
"INDEL_cluster_0017","INDEL","87","PAUEIL","INDEL","residue 247",NA
"INDEL_cluster_0017","INDEL","108","PAURLU","INDEL","residue 246",NA
"INDEL_cluster_0017","INDEL","114","PAUVAJ","INDEL","residue 246;247;248",NA
"INDEL_cluster_0017","INDEL","119","PAUXKE","INDEL","residue 246",NA
"INDEL_cluster_0017","INDEL","120","PAUXKE","INDEL","residue 248",NA
"INDEL_cluster_0017","INDEL","122","PAUYCZ","INDEL","residue 246",NA
"INDEL_cluster_0017","INDEL","123","PAUZKE","INDEL","residue 246",NA
"INDEL_cluster_0017","INDEL","125","PAVAJG","INDEL","residue 246",NA
"INDEL_cluster_0017","INDEL","193","PAVAWK","INDEL","residue 246",NA
"INDEL_cluster_0017","INDEL","132","PAVGMF","INDEL","residue 246",NA
"INDEL_cluster_0017","INDEL","136","PAVKJU","INDEL","residue 246",NA
"INDEL_cluster_0017","INDEL","142","PAVNRN","INDEL","residue 246",NA
"INDEL_cluster_0017","INDEL","154","PAVXUW","INDEL","residue 248",NA
"INDEL_cluster_0017","INDEL","157","PAWABB","INDEL","residue 246",NA
"INDEL_cluster_0017","INDEL","176","PAWGCK","INDEL","residue 246",NA
"INDEL_cluster_0017","INDEL","177","PAWGXW","INDEL","residue 246",NA
"INDEL_cluster_0017","INDEL","181","PAWIRN","INDEL","residue 246;247",NA
"INDEL_cluster_0018","INDEL","5","PARFME","INDEL","residue 241",NA
"INDEL_cluster_0018","INDEL","6","PARFWJ","INDEL","residue 233",NA
"INDEL_cluster_0018","INDEL","7","PARGHJ","INDEL","residue 233",NA
"INDEL_cluster_0018","INDEL","10","PARJMS","INDEL","residue 232",NA
"INDEL_cluster_0018","INDEL","11","PARJMS","INDEL","residue 232",NA
"INDEL_cluster_0018","INDEL","13","PARMRF","INDEL","residue 232",NA
"INDEL_cluster_0018","INDEL","15","PARWLP","INDEL","residue 241",NA
"INDEL_cluster_0018","INDEL","16","PARXFY","INDEL","residue 241",NA
"INDEL_cluster_0018","INDEL","20","PASIJX","INDEL","residue 232",NA
"INDEL_cluster_0018","INDEL","21","PASIJX","INDEL","residue 241",NA
"INDEL_cluster_0018","INDEL","25","PASLAB","INDEL","residue 233",NA
"INDEL_cluster_0018","INDEL","35","PASVIN","INDEL","residue 232",NA
"INDEL_cluster_0018","INDEL","36","PASVZJ","INDEL","residue 240;241",NA
"INDEL_cluster_0018","INDEL","39","PASYCN","INDEL","residue 241",NA
"INDEL_cluster_0018","INDEL","42","PASYNX","INDEL","residue 240;241",NA
"INDEL_cluster_0018","INDEL","45","PATADU","INDEL","residue 232",NA
"INDEL_cluster_0018","INDEL","46","PATBDK","INDEL","residue 232",NA
"INDEL_cluster_0018","INDEL","48","PATBTX","INDEL","residue 232",NA
"INDEL_cluster_0018","INDEL","49","PATBVS","INDEL","residue 232",NA
"INDEL_cluster_0018","INDEL","52","PATDEK","INDEL","residue 232;233",NA
"INDEL_cluster_0018","INDEL","53","PATDEK","INDEL","residue 233",NA
"INDEL_cluster_0018","INDEL","54","PATEFF","INDEL","residue 232",NA
"INDEL_cluster_0018","INDEL","57","PATFJP","INDEL","residue 232",NA
"INDEL_cluster_0018","INDEL","59","PATGMJ","INDEL","residue 232",NA
"INDEL_cluster_0018","INDEL","62","PATHSL","INDEL","residue 241",NA
"INDEL_cluster_0018","INDEL","63","PATIKN","INDEL","residue 231",NA
"INDEL_cluster_0018","INDEL","64","PATJLT","INDEL","residue 233",NA
"INDEL_cluster_0018","INDEL","67","PATJXW","INDEL","residue 232",NA
"INDEL_cluster_0018","INDEL","68","PATKIH","INDEL","residue 232",NA
"INDEL_cluster_0018","INDEL","69","PATKIH","INDEL","residue 241",NA
"INDEL_cluster_0018","INDEL","74","PATNIA","INDEL","residue 232",NA
"INDEL_cluster_0018","INDEL","75","PATNIA","INDEL","residue 233",NA
"INDEL_cluster_0018","INDEL","76","PATPGE","INDEL","residue 229",NA
"INDEL_cluster_0018","INDEL","77","PATPGE","INDEL","residue 232",NA
"INDEL_cluster_0018","INDEL","78","PATPGE","INDEL","residue 233",NA
"INDEL_cluster_0018","INDEL","80","PATXNK","INDEL","residue 232",NA
"INDEL_cluster_0018","INDEL","85","PAUCFC","INDEL","residue 240",NA
"INDEL_cluster_0018","INDEL","86","PAUDVG","INDEL","residue 241",NA
"INDEL_cluster_0018","INDEL","93","PAUGLY","INDEL","residue 233",NA
"INDEL_cluster_0018","INDEL","96","PAUJRU","INDEL","residue 233",NA
"INDEL_cluster_0018","INDEL","97","PAUJXZ","INDEL","residue 232",NA
"INDEL_cluster_0018","INDEL","99","PAUKYJ","INDEL","residue 232",NA
"INDEL_cluster_0018","INDEL","102","PAUNTS","INDEL","residue 233",NA
"INDEL_cluster_0018","INDEL","104","PAUNZE","INDEL","residue 232",NA
"INDEL_cluster_0018","INDEL","105","PAURCM","INDEL","residue 233",NA
"INDEL_cluster_0018","INDEL","109","PAURTD","INDEL","residue 232",NA
"INDEL_cluster_0018","INDEL","110","PAURTD","INDEL","residue 233",NA
"INDEL_cluster_0018","INDEL","112","PAUSEY","INDEL","residue 233",NA
"INDEL_cluster_0018","INDEL","114","PAUVAJ","INDEL","residue 241",NA
"INDEL_cluster_0018","INDEL","115","PAUWLB","INDEL","residue 241",NA
"INDEL_cluster_0018","INDEL","121","PAUXZN","INDEL","residue 232",NA
"INDEL_cluster_0018","INDEL","128","PAVBEH","INDEL","residue 233",NA
"INDEL_cluster_0018","INDEL","130","PAVBLX","INDEL","residue 232",NA
"INDEL_cluster_0018","INDEL","133","PAVGUP","INDEL","residue 241",NA
"INDEL_cluster_0018","INDEL","138","PAVLLU","INDEL","residue 229",NA
"INDEL_cluster_0018","INDEL","139","PAVMGW","INDEL","residue 232",NA
"INDEL_cluster_0018","INDEL","140","PAVMLG","INDEL","residue 232",NA
"INDEL_cluster_0018","INDEL","141","PAVNRN","INDEL","residue 241",NA
"INDEL_cluster_0018","INDEL","4","PAVRUJ","INDEL","residue 241",NA
"INDEL_cluster_0018","INDEL","144","PAVTAT","INDEL","residue 233",NA
"INDEL_cluster_0018","INDEL","152","PAVVBE","INDEL","residue 232",NA
"INDEL_cluster_0018","INDEL","153","PAVVBE","INDEL","residue 232",NA
"INDEL_cluster_0018","INDEL","155","PAVZTC","INDEL","residue 233",NA
"INDEL_cluster_0018","INDEL","158","PAWAFV","INDEL","residue 232",NA
"INDEL_cluster_0018","INDEL","161","PAWAMD","INDEL","residue 233",NA
"INDEL_cluster_0018","INDEL","163","PAWBKA","INDEL","residue 232",NA
"INDEL_cluster_0018","INDEL","165","PAWCUT","INDEL","residue 228",NA
"INDEL_cluster_0018","INDEL","166","PAWCUT","INDEL","residue 230",NA
"INDEL_cluster_0018","INDEL","168","PAWCWL","INDEL","residue 232",NA
"INDEL_cluster_0018","INDEL","169","PAWDEK","INDEL","residue 232",NA
"INDEL_cluster_0018","INDEL","173","PAWESJ","INDEL","residue 233",NA
"INDEL_cluster_0018","INDEL","175","PAWGCK","INDEL","residue 233",NA
"INDEL_cluster_0018","INDEL","178","PAWGYN","INDEL","residue 232",NA
"INDEL_cluster_0018","INDEL","182","PAWIWS","INDEL","residue 240",NA
"INDEL_cluster_0018","INDEL","184","PAWJDS","INDEL","residue 232",NA
"INDEL_cluster_0018","INDEL","2","PAWJKM","INDEL","residue 233",NA
"INDEL_cluster_0018","INDEL","188","PAWLAE","INDEL","residue 241",NA
"INDEL_cluster_0018","INDEL","189","PAWLAE","INDEL","residue 241",NA
"INDEL_cluster_0019","INDEL","6","PARFWJ","INDEL","residue 233",NA
"INDEL_cluster_0019","INDEL","7","PARGHJ","INDEL","residue 233",NA
"INDEL_cluster_0019","INDEL","10","PARJMS","INDEL","residue 232",NA
"INDEL_cluster_0019","INDEL","11","PARJMS","INDEL","residue 232",NA
"INDEL_cluster_0019","INDEL","12","PARMGT","INDEL","residue 234",NA
"INDEL_cluster_0019","INDEL","13","PARMRF","INDEL","residue 232",NA
"INDEL_cluster_0019","INDEL","14","PARMRF","INDEL","residue 234",NA
"INDEL_cluster_0019","INDEL","20","PASIJX","INDEL","residue 232",NA
"INDEL_cluster_0019","INDEL","24","PASKAD","INDEL","residue 234",NA
"INDEL_cluster_0019","INDEL","25","PASLAB","INDEL","residue 233",NA
"INDEL_cluster_0019","INDEL","26","PASLAB","INDEL","residue 234",NA
"INDEL_cluster_0019","INDEL","32","PASSPP","INDEL","residue 234",NA
"INDEL_cluster_0019","INDEL","33","PASTJN","INDEL","residue 234",NA
"INDEL_cluster_0019","INDEL","34","PASUSV","INDEL","residue 236",NA
"INDEL_cluster_0019","INDEL","35","PASVIN","INDEL","residue 232",NA
"INDEL_cluster_0019","INDEL","41","PASYNX","INDEL","residue 234",NA
"INDEL_cluster_0019","INDEL","44","PASYVU","INDEL","residue 234",NA
"INDEL_cluster_0019","INDEL","45","PATADU","INDEL","residue 232",NA
"INDEL_cluster_0019","INDEL","46","PATBDK","INDEL","residue 232",NA
"INDEL_cluster_0019","INDEL","48","PATBTX","INDEL","residue 232",NA
"INDEL_cluster_0019","INDEL","49","PATBVS","INDEL","residue 232",NA
"INDEL_cluster_0019","INDEL","52","PATDEK","INDEL","residue 232;233",NA
"INDEL_cluster_0019","INDEL","53","PATDEK","INDEL","residue 233",NA
"INDEL_cluster_0019","INDEL","54","PATEFF","INDEL","residue 232",NA
"INDEL_cluster_0019","INDEL","57","PATFJP","INDEL","residue 232",NA
"INDEL_cluster_0019","INDEL","59","PATGMJ","INDEL","residue 232",NA
"INDEL_cluster_0019","INDEL","60","PATGMJ","INDEL","residue 235",NA
"INDEL_cluster_0019","INDEL","64","PATJLT","INDEL","residue 233",NA
"INDEL_cluster_0019","INDEL","67","PATJXW","INDEL","residue 232",NA
"INDEL_cluster_0019","INDEL","68","PATKIH","INDEL","residue 232",NA
"INDEL_cluster_0019","INDEL","71","PATLUU","INDEL","residue 234",NA
"INDEL_cluster_0019","INDEL","74","PATNIA","INDEL","residue 232",NA
"INDEL_cluster_0019","INDEL","75","PATNIA","INDEL","residue 233",NA
"INDEL_cluster_0019","INDEL","77","PATPGE","INDEL","residue 232",NA
"INDEL_cluster_0019","INDEL","78","PATPGE","INDEL","residue 233",NA
"INDEL_cluster_0019","INDEL","80","PATXNK","INDEL","residue 232",NA
"INDEL_cluster_0019","INDEL","83","PAUCCG","INDEL","residue 234",NA
"INDEL_cluster_0019","INDEL","89","PAUGAA","INDEL","residue 234;235",NA
"INDEL_cluster_0019","INDEL","90","PAUGAA","INDEL","residue 236",NA
"INDEL_cluster_0019","INDEL","93","PAUGLY","INDEL","residue 233",NA
"INDEL_cluster_0019","INDEL","190","PAUIEM","INDEL","residue 234",NA
"INDEL_cluster_0019","INDEL","96","PAUJRU","INDEL","residue 233",NA
"INDEL_cluster_0019","INDEL","97","PAUJXZ","INDEL","residue 232",NA
"INDEL_cluster_0019","INDEL","99","PAUKYJ","INDEL","residue 232",NA
"INDEL_cluster_0019","INDEL","102","PAUNTS","INDEL","residue 233",NA
"INDEL_cluster_0019","INDEL","104","PAUNZE","INDEL","residue 232",NA
"INDEL_cluster_0019","INDEL","105","PAURCM","INDEL","residue 233",NA
"INDEL_cluster_0019","INDEL","106","PAURCM","INDEL","residue 234",NA
"INDEL_cluster_0019","INDEL","109","PAURTD","INDEL","residue 232",NA
"INDEL_cluster_0019","INDEL","110","PAURTD","INDEL","residue 233",NA
"INDEL_cluster_0019","INDEL","112","PAUSEY","INDEL","residue 233",NA
"INDEL_cluster_0019","INDEL","192","PAUWSL","INDEL","residue 236",NA
"INDEL_cluster_0019","INDEL","121","PAUXZN","INDEL","residue 232",NA
"INDEL_cluster_0019","INDEL","128","PAVBEH","INDEL","residue 233",NA
"INDEL_cluster_0019","INDEL","130","PAVBLX","INDEL","residue 232",NA
"INDEL_cluster_0019","INDEL","135","PAVJWE","INDEL","residue 234",NA
"INDEL_cluster_0019","INDEL","139","PAVMGW","INDEL","residue 232",NA
"INDEL_cluster_0019","INDEL","140","PAVMLG","INDEL","residue 232",NA
"INDEL_cluster_0019","INDEL","143","PAVRAW","INDEL","residue 234",NA
"INDEL_cluster_0019","INDEL","144","PAVTAT","INDEL","residue 233",NA
"INDEL_cluster_0019","INDEL","152","PAVVBE","INDEL","residue 232",NA
"INDEL_cluster_0019","INDEL","153","PAVVBE","INDEL","residue 232",NA
"INDEL_cluster_0019","INDEL","155","PAVZTC","INDEL","residue 233",NA
"INDEL_cluster_0019","INDEL","156","PAVZTC","INDEL","residue 234",NA
"INDEL_cluster_0019","INDEL","158","PAWAFV","INDEL","residue 232",NA
"INDEL_cluster_0019","INDEL","161","PAWAMD","INDEL","residue 233",NA
"INDEL_cluster_0019","INDEL","163","PAWBKA","INDEL","residue 232",NA
"INDEL_cluster_0019","INDEL","164","PAWBKA","INDEL","residue 234",NA
"INDEL_cluster_0019","INDEL","168","PAWCWL","INDEL","residue 232",NA
"INDEL_cluster_0019","INDEL","169","PAWDEK","INDEL","residue 232",NA
"INDEL_cluster_0019","INDEL","173","PAWESJ","INDEL","residue 233",NA
"INDEL_cluster_0019","INDEL","174","PAWETD","INDEL","residue 234;235",NA
"INDEL_cluster_0019","INDEL","175","PAWGCK","INDEL","residue 233",NA
"INDEL_cluster_0019","INDEL","178","PAWGYN","INDEL","residue 232",NA
"INDEL_cluster_0019","INDEL","179","PAWGYW","INDEL","residue 234",NA
"INDEL_cluster_0019","INDEL","184","PAWJDS","INDEL","residue 232",NA
"INDEL_cluster_0019","INDEL","185","PAWJDS","INDEL","residue 234",NA
"INDEL_cluster_0019","INDEL","2","PAWJKM","INDEL","residue 233",NA
"INDEL_cluster_0020","INDEL","5","PARFME","INDEL","residue 241",NA
"INDEL_cluster_0020","INDEL","6","PARFWJ","INDEL","residue 233",NA
"INDEL_cluster_0020","INDEL","7","PARGHJ","INDEL","residue 233",NA
"INDEL_cluster_0020","INDEL","10","PARJMS","INDEL","residue 232",NA
"INDEL_cluster_0020","INDEL","11","PARJMS","INDEL","residue 232",NA
"INDEL_cluster_0020","INDEL","12","PARMGT","INDEL","residue 234",NA
"INDEL_cluster_0020","INDEL","13","PARMRF","INDEL","residue 232",NA
"INDEL_cluster_0020","INDEL","14","PARMRF","INDEL","residue 234",NA
"INDEL_cluster_0020","INDEL","15","PARWLP","INDEL","residue 241",NA
"INDEL_cluster_0020","INDEL","16","PARXFY","INDEL","residue 241",NA
"INDEL_cluster_0020","INDEL","20","PASIJX","INDEL","residue 232",NA
"INDEL_cluster_0020","INDEL","21","PASIJX","INDEL","residue 241",NA
"INDEL_cluster_0020","INDEL","24","PASKAD","INDEL","residue 234",NA
"INDEL_cluster_0020","INDEL","25","PASLAB","INDEL","residue 233",NA
"INDEL_cluster_0020","INDEL","26","PASLAB","INDEL","residue 234",NA
"INDEL_cluster_0020","INDEL","32","PASSPP","INDEL","residue 234",NA
"INDEL_cluster_0020","INDEL","33","PASTJN","INDEL","residue 234",NA
"INDEL_cluster_0020","INDEL","34","PASUSV","INDEL","residue 236",NA
"INDEL_cluster_0020","INDEL","35","PASVIN","INDEL","residue 232",NA
"INDEL_cluster_0020","INDEL","36","PASVZJ","INDEL","residue 238;239;240;241",NA
"INDEL_cluster_0020","INDEL","39","PASYCN","INDEL","residue 241",NA
"INDEL_cluster_0020","INDEL","41","PASYNX","INDEL","residue 234",NA
"INDEL_cluster_0020","INDEL","42","PASYNX","INDEL","residue 240;241",NA
"INDEL_cluster_0020","INDEL","44","PASYVU","INDEL","residue 234",NA
"INDEL_cluster_0020","INDEL","45","PATADU","INDEL","residue 232",NA
"INDEL_cluster_0020","INDEL","46","PATBDK","INDEL","residue 232",NA
"INDEL_cluster_0020","INDEL","48","PATBTX","INDEL","residue 232",NA
"INDEL_cluster_0020","INDEL","49","PATBVS","INDEL","residue 232",NA
"INDEL_cluster_0020","INDEL","52","PATDEK","INDEL","residue 232;233",NA
"INDEL_cluster_0020","INDEL","53","PATDEK","INDEL","residue 233",NA
"INDEL_cluster_0020","INDEL","54","PATEFF","INDEL","residue 232",NA
"INDEL_cluster_0020","INDEL","57","PATFJP","INDEL","residue 232",NA
"INDEL_cluster_0020","INDEL","59","PATGMJ","INDEL","residue 232",NA
"INDEL_cluster_0020","INDEL","60","PATGMJ","INDEL","residue 235",NA
"INDEL_cluster_0020","INDEL","62","PATHSL","INDEL","residue 241",NA
"INDEL_cluster_0020","INDEL","63","PATIKN","INDEL","residue 231",NA
"INDEL_cluster_0020","INDEL","64","PATJLT","INDEL","residue 233",NA
"INDEL_cluster_0020","INDEL","67","PATJXW","INDEL","residue 232",NA
"INDEL_cluster_0020","INDEL","68","PATKIH","INDEL","residue 232",NA
"INDEL_cluster_0020","INDEL","69","PATKIH","INDEL","residue 241",NA
"INDEL_cluster_0020","INDEL","71","PATLUU","INDEL","residue 234",NA
"INDEL_cluster_0020","INDEL","74","PATNIA","INDEL","residue 232",NA
"INDEL_cluster_0020","INDEL","75","PATNIA","INDEL","residue 233",NA
"INDEL_cluster_0020","INDEL","76","PATPGE","INDEL","residue 229",NA
"INDEL_cluster_0020","INDEL","77","PATPGE","INDEL","residue 232",NA
"INDEL_cluster_0020","INDEL","78","PATPGE","INDEL","residue 233",NA
"INDEL_cluster_0020","INDEL","80","PATXNK","INDEL","residue 232",NA
"INDEL_cluster_0020","INDEL","83","PAUCCG","INDEL","residue 234",NA
"INDEL_cluster_0020","INDEL","85","PAUCFC","INDEL","residue 240",NA
"INDEL_cluster_0020","INDEL","86","PAUDVG","INDEL","residue 241",NA
"INDEL_cluster_0020","INDEL","89","PAUGAA","INDEL","residue 234;235",NA
"INDEL_cluster_0020","INDEL","90","PAUGAA","INDEL","residue 236",NA
"INDEL_cluster_0020","INDEL","93","PAUGLY","INDEL","residue 233",NA
"INDEL_cluster_0020","INDEL","190","PAUIEM","INDEL","residue 234",NA
"INDEL_cluster_0020","INDEL","96","PAUJRU","INDEL","residue 233",NA
"INDEL_cluster_0020","INDEL","97","PAUJXZ","INDEL","residue 232",NA
"INDEL_cluster_0020","INDEL","99","PAUKYJ","INDEL","residue 232",NA
"INDEL_cluster_0020","INDEL","102","PAUNTS","INDEL","residue 233",NA
"INDEL_cluster_0020","INDEL","104","PAUNZE","INDEL","residue 232",NA
"INDEL_cluster_0020","INDEL","105","PAURCM","INDEL","residue 233",NA
"INDEL_cluster_0020","INDEL","106","PAURCM","INDEL","residue 234",NA
"INDEL_cluster_0020","INDEL","109","PAURTD","INDEL","residue 232",NA
"INDEL_cluster_0020","INDEL","110","PAURTD","INDEL","residue 233",NA
"INDEL_cluster_0020","INDEL","112","PAUSEY","INDEL","residue 233",NA
"INDEL_cluster_0020","INDEL","114","PAUVAJ","INDEL","residue 241",NA
"INDEL_cluster_0020","INDEL","115","PAUWLB","INDEL","residue 241",NA
"INDEL_cluster_0020","INDEL","192","PAUWSL","INDEL","residue 236",NA
"INDEL_cluster_0020","INDEL","121","PAUXZN","INDEL","residue 232",NA
"INDEL_cluster_0020","INDEL","128","PAVBEH","INDEL","residue 233",NA
"INDEL_cluster_0020","INDEL","130","PAVBLX","INDEL","residue 232",NA
"INDEL_cluster_0020","INDEL","133","PAVGUP","INDEL","residue 241",NA
"INDEL_cluster_0020","INDEL","135","PAVJWE","INDEL","residue 234",NA
"INDEL_cluster_0020","INDEL","138","PAVLLU","INDEL","residue 229",NA
"INDEL_cluster_0020","INDEL","139","PAVMGW","INDEL","residue 232",NA
"INDEL_cluster_0020","INDEL","140","PAVMLG","INDEL","residue 232",NA
"INDEL_cluster_0020","INDEL","141","PAVNRN","INDEL","residue 241",NA
"INDEL_cluster_0020","INDEL","143","PAVRAW","INDEL","residue 234",NA
"INDEL_cluster_0020","INDEL","4","PAVRUJ","INDEL","residue 241",NA
"INDEL_cluster_0020","INDEL","144","PAVTAT","INDEL","residue 233",NA
"INDEL_cluster_0020","INDEL","152","PAVVBE","INDEL","residue 232",NA
"INDEL_cluster_0020","INDEL","153","PAVVBE","INDEL","residue 232",NA
"INDEL_cluster_0020","INDEL","155","PAVZTC","INDEL","residue 233",NA
"INDEL_cluster_0020","INDEL","156","PAVZTC","INDEL","residue 234",NA
"INDEL_cluster_0020","INDEL","158","PAWAFV","INDEL","residue 232",NA
"INDEL_cluster_0020","INDEL","161","PAWAMD","INDEL","residue 233",NA
"INDEL_cluster_0020","INDEL","163","PAWBKA","INDEL","residue 232",NA
"INDEL_cluster_0020","INDEL","164","PAWBKA","INDEL","residue 234",NA
"INDEL_cluster_0020","INDEL","165","PAWCUT","INDEL","residue 228",NA
"INDEL_cluster_0020","INDEL","166","PAWCUT","INDEL","residue 230",NA
"INDEL_cluster_0020","INDEL","168","PAWCWL","INDEL","residue 232",NA
"INDEL_cluster_0020","INDEL","169","PAWDEK","INDEL","residue 232",NA
"INDEL_cluster_0020","INDEL","173","PAWESJ","INDEL","residue 233",NA
"INDEL_cluster_0020","INDEL","174","PAWETD","INDEL","residue 234;235",NA
"INDEL_cluster_0020","INDEL","175","PAWGCK","INDEL","residue 233",NA
"INDEL_cluster_0020","INDEL","178","PAWGYN","INDEL","residue 232",NA
"INDEL_cluster_0020","INDEL","179","PAWGYW","INDEL","residue 234",NA
"INDEL_cluster_0020","INDEL","182","PAWIWS","INDEL","residue 240",NA
"INDEL_cluster_0020","INDEL","184","PAWJDS","INDEL","residue 232",NA
"INDEL_cluster_0020","INDEL","185","PAWJDS","INDEL","residue 234",NA
"INDEL_cluster_0020","INDEL","2","PAWJKM","INDEL","residue 233",NA
"INDEL_cluster_0020","INDEL","188","PAWLAE","INDEL","residue 241",NA
"INDEL_cluster_0020","INDEL","189","PAWLAE","INDEL","residue 241",NA
"INDEL_cluster_0021","INDEL","5","PARFME","INDEL","residue 241",NA
"INDEL_cluster_0021","INDEL","15","PARWLP","INDEL","residue 241",NA
"INDEL_cluster_0021","INDEL","16","PARXFY","INDEL","residue 241",NA
"INDEL_cluster_0021","INDEL","17","PARXHT","INDEL","residue 245",NA
"INDEL_cluster_0021","INDEL","21","PASIJX","INDEL","residue 241",NA
"INDEL_cluster_0021","INDEL","31","PASPNI","INDEL","residue 243",NA
"INDEL_cluster_0021","INDEL","36","PASVZJ","INDEL","residue 238;239;240;241;242;243;244",NA
"INDEL_cluster_0021","INDEL","39","PASYCN","INDEL","residue 241",NA
"INDEL_cluster_0021","INDEL","42","PASYNX","INDEL","residue 240;241;242;243",NA
"INDEL_cluster_0021","INDEL","43","PASYNX","INDEL","residue 244",NA
"INDEL_cluster_0021","INDEL","55","PATEFF","INDEL","residue 245",NA
"INDEL_cluster_0021","INDEL","62","PATHSL","INDEL","residue 241",NA
"INDEL_cluster_0021","INDEL","65","PATJLT","INDEL","residue 245",NA
"INDEL_cluster_0021","INDEL","69","PATKIH","INDEL","residue 241",NA
"INDEL_cluster_0021","INDEL","72","PATLUU","INDEL","residue 243",NA
"INDEL_cluster_0021","INDEL","84","PAUCCG","INDEL","residue 243",NA
"INDEL_cluster_0021","INDEL","85","PAUCFC","INDEL","residue 240",NA
"INDEL_cluster_0021","INDEL","86","PAUDVG","INDEL","residue 241",NA
"INDEL_cluster_0021","INDEL","98","PAUKWJ","INDEL","residue 245",NA
"INDEL_cluster_0021","INDEL","103","PAUNTS","INDEL","residue 245",NA
"INDEL_cluster_0021","INDEL","107","PAURLU","INDEL","residue 245",NA
"INDEL_cluster_0021","INDEL","111","PAURTD","INDEL","residue 242",NA
"INDEL_cluster_0021","INDEL","113","PAUUSY","INDEL","residue 245",NA
"INDEL_cluster_0021","INDEL","114","PAUVAJ","INDEL","residue 241;242;243;244;245",NA
"INDEL_cluster_0021","INDEL","115","PAUWLB","INDEL","residue 241",NA
"INDEL_cluster_0021","INDEL","118","PAUXHP","INDEL","residue 245",NA
"INDEL_cluster_0021","INDEL","124","PAUZZA","INDEL","residue 245",NA
"INDEL_cluster_0021","INDEL","127","PAVBDL","INDEL","residue 245",NA
"INDEL_cluster_0021","INDEL","133","PAVGUP","INDEL","residue 241",NA
"INDEL_cluster_0021","INDEL","134","PAVGUP","INDEL","residue 244",NA
"INDEL_cluster_0021","INDEL","137","PAVKLI","INDEL","residue 245",NA
"INDEL_cluster_0021","INDEL","194","PAVKYJ","INDEL","residue 245",NA
"INDEL_cluster_0021","INDEL","141","PAVNRN","INDEL","residue 241",NA
"INDEL_cluster_0021","INDEL","142","PAVNRN","INDEL","residue 245",NA
"INDEL_cluster_0021","INDEL","4","PAVRUJ","INDEL","residue 241",NA
"INDEL_cluster_0021","INDEL","145","PAVTAT","INDEL","residue 244",NA
"INDEL_cluster_0021","INDEL","151","PAVUYY","INDEL","residue 245",NA
"INDEL_cluster_0021","INDEL","160","PAWAIN","INDEL","residue 245",NA
"INDEL_cluster_0021","INDEL","180","PAWIIR","INDEL","residue 245",NA
"INDEL_cluster_0021","INDEL","182","PAWIWS","INDEL","residue 240",NA
"INDEL_cluster_0021","INDEL","188","PAWLAE","INDEL","residue 241",NA
"INDEL_cluster_0021","INDEL","189","PAWLAE","INDEL","residue 241",NA
"INDEL_cluster_0022","INDEL","5","PARFME","INDEL","residue 241",NA
"INDEL_cluster_0022","INDEL","9","PARHEL","INDEL","residue 246",NA
"INDEL_cluster_0022","INDEL","15","PARWLP","INDEL","residue 241",NA
"INDEL_cluster_0022","INDEL","16","PARXFY","INDEL","residue 241",NA
"INDEL_cluster_0022","INDEL","17","PARXHT","INDEL","residue 245",NA
"INDEL_cluster_0022","INDEL","21","PASIJX","INDEL","residue 241",NA
"INDEL_cluster_0022","INDEL","30","PASPLG","INDEL","residue 246",NA
"INDEL_cluster_0022","INDEL","31","PASPNI","INDEL","residue 243",NA
"INDEL_cluster_0022","INDEL","36","PASVZJ","INDEL","residue 238;239;240;241;242;243;244",NA
"INDEL_cluster_0022","INDEL","37","PASWLV","INDEL","residue 246",NA
"INDEL_cluster_0022","INDEL","39","PASYCN","INDEL","residue 241",NA
"INDEL_cluster_0022","INDEL","40","PASYCN","INDEL","residue 246",NA
"INDEL_cluster_0022","INDEL","42","PASYNX","INDEL","residue 240;241;242;243",NA
"INDEL_cluster_0022","INDEL","43","PASYNX","INDEL","residue 244",NA
"INDEL_cluster_0022","INDEL","47","PATBGH","INDEL","residue 246",NA
"INDEL_cluster_0022","INDEL","50","PATBYK","INDEL","residue 249",NA
"INDEL_cluster_0022","INDEL","55","PATEFF","INDEL","residue 245",NA
"INDEL_cluster_0022","INDEL","58","PATFWZ","INDEL","residue 246",NA
"INDEL_cluster_0022","INDEL","62","PATHSL","INDEL","residue 241",NA
"INDEL_cluster_0022","INDEL","65","PATJLT","INDEL","residue 245",NA
"INDEL_cluster_0022","INDEL","69","PATKIH","INDEL","residue 241",NA
"INDEL_cluster_0022","INDEL","72","PATLUU","INDEL","residue 243",NA
"INDEL_cluster_0022","INDEL","73","PATMPM","INDEL","residue 246",NA
"INDEL_cluster_0022","INDEL","79","PATTIG","INDEL","residue 246",NA
"INDEL_cluster_0022","INDEL","81","PATXNK","INDEL","residue 246",NA
"INDEL_cluster_0022","INDEL","82","PAUBCT","INDEL","residue 246",NA
"INDEL_cluster_0022","INDEL","84","PAUCCG","INDEL","residue 243",NA
"INDEL_cluster_0022","INDEL","85","PAUCFC","INDEL","residue 240",NA
"INDEL_cluster_0022","INDEL","86","PAUDVG","INDEL","residue 241",NA
"INDEL_cluster_0022","INDEL","87","PAUEIL","INDEL","residue 247",NA
"INDEL_cluster_0022","INDEL","98","PAUKWJ","INDEL","residue 245",NA
"INDEL_cluster_0022","INDEL","103","PAUNTS","INDEL","residue 245",NA
"INDEL_cluster_0022","INDEL","107","PAURLU","INDEL","residue 245",NA
"INDEL_cluster_0022","INDEL","108","PAURLU","INDEL","residue 246",NA
"INDEL_cluster_0022","INDEL","111","PAURTD","INDEL","residue 242",NA
"INDEL_cluster_0022","INDEL","113","PAUUSY","INDEL","residue 245",NA
"INDEL_cluster_0022","INDEL","114","PAUVAJ","INDEL","residue 241;242;243;244;245;246;247;248",NA
"INDEL_cluster_0022","INDEL","115","PAUWLB","INDEL","residue 241",NA
"INDEL_cluster_0022","INDEL","118","PAUXHP","INDEL","residue 245",NA
"INDEL_cluster_0022","INDEL","119","PAUXKE","INDEL","residue 246",NA
"INDEL_cluster_0022","INDEL","120","PAUXKE","INDEL","residue 248",NA
"INDEL_cluster_0022","INDEL","122","PAUYCZ","INDEL","residue 246",NA
"INDEL_cluster_0022","INDEL","123","PAUZKE","INDEL","residue 246",NA
"INDEL_cluster_0022","INDEL","124","PAUZZA","INDEL","residue 245",NA
"INDEL_cluster_0022","INDEL","125","PAVAJG","INDEL","residue 246",NA
"INDEL_cluster_0022","INDEL","193","PAVAWK","INDEL","residue 246",NA
"INDEL_cluster_0022","INDEL","127","PAVBDL","INDEL","residue 245",NA
"INDEL_cluster_0022","INDEL","132","PAVGMF","INDEL","residue 246",NA
"INDEL_cluster_0022","INDEL","133","PAVGUP","INDEL","residue 241",NA
"INDEL_cluster_0022","INDEL","134","PAVGUP","INDEL","residue 244",NA
"INDEL_cluster_0022","INDEL","136","PAVKJU","INDEL","residue 246",NA
"INDEL_cluster_0022","INDEL","137","PAVKLI","INDEL","residue 245",NA
"INDEL_cluster_0022","INDEL","194","PAVKYJ","INDEL","residue 245",NA
"INDEL_cluster_0022","INDEL","141","PAVNRN","INDEL","residue 241",NA
"INDEL_cluster_0022","INDEL","142","PAVNRN","INDEL","residue 245;246",NA
"INDEL_cluster_0022","INDEL","4","PAVRUJ","INDEL","residue 241",NA
"INDEL_cluster_0022","INDEL","145","PAVTAT","INDEL","residue 244",NA
"INDEL_cluster_0022","INDEL","151","PAVUYY","INDEL","residue 245",NA
"INDEL_cluster_0022","INDEL","154","PAVXUW","INDEL","residue 248",NA
"INDEL_cluster_0022","INDEL","157","PAWABB","INDEL","residue 246",NA
"INDEL_cluster_0022","INDEL","160","PAWAIN","INDEL","residue 245",NA
"INDEL_cluster_0022","INDEL","176","PAWGCK","INDEL","residue 246",NA
"INDEL_cluster_0022","INDEL","177","PAWGXW","INDEL","residue 246",NA
"INDEL_cluster_0022","INDEL","180","PAWIIR","INDEL","residue 245",NA
"INDEL_cluster_0022","INDEL","181","PAWIRN","INDEL","residue 246;247",NA
"INDEL_cluster_0022","INDEL","182","PAWIWS","INDEL","residue 240",NA
"INDEL_cluster_0022","INDEL","188","PAWLAE","INDEL","residue 241",NA
"INDEL_cluster_0022","INDEL","189","PAWLAE","INDEL","residue 241",NA
"INDEL_cluster_0023","INDEL","5","PARFME","INDEL","residue 241",NA
"INDEL_cluster_0023","INDEL","9","PARHEL","INDEL","residue 246",NA
"INDEL_cluster_0023","INDEL","15","PARWLP","INDEL","residue 241",NA
"INDEL_cluster_0023","INDEL","16","PARXFY","INDEL","residue 241",NA
"INDEL_cluster_0023","INDEL","17","PARXHT","INDEL","residue 245",NA
"INDEL_cluster_0023","INDEL","21","PASIJX","INDEL","residue 241",NA
"INDEL_cluster_0023","INDEL","22","PASILW","INDEL","residue 251;252",NA
"INDEL_cluster_0023","INDEL","23","PASILW","INDEL","residue 256",NA
"INDEL_cluster_0023","INDEL","30","PASPLG","INDEL","residue 246",NA
"INDEL_cluster_0023","INDEL","31","PASPNI","INDEL","residue 243",NA
"INDEL_cluster_0023","INDEL","36","PASVZJ","INDEL","residue 238;239;240;241;242;243;244",NA
"INDEL_cluster_0023","INDEL","37","PASWLV","INDEL","residue 246",NA
"INDEL_cluster_0023","INDEL","39","PASYCN","INDEL","residue 241",NA
"INDEL_cluster_0023","INDEL","40","PASYCN","INDEL","residue 246",NA
"INDEL_cluster_0023","INDEL","42","PASYNX","INDEL","residue 240;241;242;243",NA
"INDEL_cluster_0023","INDEL","43","PASYNX","INDEL","residue 244",NA
"INDEL_cluster_0023","INDEL","47","PATBGH","INDEL","residue 246",NA
"INDEL_cluster_0023","INDEL","50","PATBYK","INDEL","residue 249",NA
"INDEL_cluster_0023","INDEL","55","PATEFF","INDEL","residue 245",NA
"INDEL_cluster_0023","INDEL","58","PATFWZ","INDEL","residue 246",NA
"INDEL_cluster_0023","INDEL","62","PATHSL","INDEL","residue 241",NA
"INDEL_cluster_0023","INDEL","65","PATJLT","INDEL","residue 245",NA
"INDEL_cluster_0023","INDEL","69","PATKIH","INDEL","residue 241",NA
"INDEL_cluster_0023","INDEL","72","PATLUU","INDEL","residue 243",NA
"INDEL_cluster_0023","INDEL","73","PATMPM","INDEL","residue 246",NA
"INDEL_cluster_0023","INDEL","79","PATTIG","INDEL","residue 246",NA
"INDEL_cluster_0023","INDEL","81","PATXNK","INDEL","residue 246",NA
"INDEL_cluster_0023","INDEL","82","PAUBCT","INDEL","residue 246",NA
"INDEL_cluster_0023","INDEL","84","PAUCCG","INDEL","residue 243",NA
"INDEL_cluster_0023","INDEL","85","PAUCFC","INDEL","residue 240",NA
"INDEL_cluster_0023","INDEL","86","PAUDVG","INDEL","residue 241",NA
"INDEL_cluster_0023","INDEL","87","PAUEIL","INDEL","residue 247",NA
"INDEL_cluster_0023","INDEL","98","PAUKWJ","INDEL","residue 245",NA
"INDEL_cluster_0023","INDEL","100","PAULZF","INDEL","residue 251",NA
"INDEL_cluster_0023","INDEL","101","PAULZF","INDEL","residue 252",NA
"INDEL_cluster_0023","INDEL","103","PAUNTS","INDEL","residue 245",NA
"INDEL_cluster_0023","INDEL","107","PAURLU","INDEL","residue 245",NA
"INDEL_cluster_0023","INDEL","108","PAURLU","INDEL","residue 246",NA
"INDEL_cluster_0023","INDEL","111","PAURTD","INDEL","residue 242",NA
"INDEL_cluster_0023","INDEL","113","PAUUSY","INDEL","residue 245",NA
"INDEL_cluster_0023","INDEL","114","PAUVAJ","INDEL","residue 241;242;243;244;245;246;247;248",NA
"INDEL_cluster_0023","INDEL","115","PAUWLB","INDEL","residue 241",NA
"INDEL_cluster_0023","INDEL","118","PAUXHP","INDEL","residue 245",NA
"INDEL_cluster_0023","INDEL","119","PAUXKE","INDEL","residue 246",NA
"INDEL_cluster_0023","INDEL","120","PAUXKE","INDEL","residue 248",NA
"INDEL_cluster_0023","INDEL","122","PAUYCZ","INDEL","residue 246",NA
"INDEL_cluster_0023","INDEL","123","PAUZKE","INDEL","residue 246",NA
"INDEL_cluster_0023","INDEL","124","PAUZZA","INDEL","residue 245",NA
"INDEL_cluster_0023","INDEL","125","PAVAJG","INDEL","residue 246",NA
"INDEL_cluster_0023","INDEL","193","PAVAWK","INDEL","residue 246",NA
"INDEL_cluster_0023","INDEL","127","PAVBDL","INDEL","residue 245",NA
"INDEL_cluster_0023","INDEL","132","PAVGMF","INDEL","residue 246",NA
"INDEL_cluster_0023","INDEL","133","PAVGUP","INDEL","residue 241",NA
"INDEL_cluster_0023","INDEL","134","PAVGUP","INDEL","residue 244",NA
"INDEL_cluster_0023","INDEL","136","PAVKJU","INDEL","residue 246",NA
"INDEL_cluster_0023","INDEL","137","PAVKLI","INDEL","residue 245",NA
"INDEL_cluster_0023","INDEL","194","PAVKYJ","INDEL","residue 245",NA
"INDEL_cluster_0023","INDEL","141","PAVNRN","INDEL","residue 241",NA
"INDEL_cluster_0023","INDEL","142","PAVNRN","INDEL","residue 245;246",NA
"INDEL_cluster_0023","INDEL","4","PAVRUJ","INDEL","residue 241",NA
"INDEL_cluster_0023","INDEL","145","PAVTAT","INDEL","residue 244",NA
"INDEL_cluster_0023","INDEL","147","PAVTEZ","INDEL","residue 254",NA
"INDEL_cluster_0023","INDEL","148","PAVTEZ","INDEL","residue 257",NA
"INDEL_cluster_0023","INDEL","151","PAVUYY","INDEL","residue 245",NA
"INDEL_cluster_0023","INDEL","154","PAVXUW","INDEL","residue 248",NA
"INDEL_cluster_0023","INDEL","157","PAWABB","INDEL","residue 246",NA
"INDEL_cluster_0023","INDEL","160","PAWAIN","INDEL","residue 245",NA
"INDEL_cluster_0023","INDEL","176","PAWGCK","INDEL","residue 246",NA
"INDEL_cluster_0023","INDEL","177","PAWGXW","INDEL","residue 246",NA
"INDEL_cluster_0023","INDEL","180","PAWIIR","INDEL","residue 245",NA
"INDEL_cluster_0023","INDEL","181","PAWIRN","INDEL","residue 246;247",NA
"INDEL_cluster_0023","INDEL","182","PAWIWS","INDEL","residue 240",NA
"INDEL_cluster_0023","INDEL","188","PAWLAE","INDEL","residue 241",NA
"INDEL_cluster_0023","INDEL","189","PAWLAE","INDEL","residue 241",NA
"INDEL_cluster_0024","INDEL","5","PARFME","INDEL","residue 241",NA
"INDEL_cluster_0024","INDEL","6","PARFWJ","INDEL","residue 233",NA
"INDEL_cluster_0024","INDEL","7","PARGHJ","INDEL","residue 233",NA
"INDEL_cluster_0024","INDEL","10","PARJMS","INDEL","residue 232",NA
"INDEL_cluster_0024","INDEL","11","PARJMS","INDEL","residue 232",NA
"INDEL_cluster_0024","INDEL","12","PARMGT","INDEL","residue 234",NA
"INDEL_cluster_0024","INDEL","13","PARMRF","INDEL","residue 232",NA
"INDEL_cluster_0024","INDEL","14","PARMRF","INDEL","residue 234",NA
"INDEL_cluster_0024","INDEL","15","PARWLP","INDEL","residue 241",NA
"INDEL_cluster_0024","INDEL","16","PARXFY","INDEL","residue 241",NA
"INDEL_cluster_0024","INDEL","20","PASIJX","INDEL","residue 232",NA
"INDEL_cluster_0024","INDEL","21","PASIJX","INDEL","residue 241",NA
"INDEL_cluster_0024","INDEL","24","PASKAD","INDEL","residue 234",NA
"INDEL_cluster_0024","INDEL","25","PASLAB","INDEL","residue 233",NA
"INDEL_cluster_0024","INDEL","26","PASLAB","INDEL","residue 234",NA
"INDEL_cluster_0024","INDEL","32","PASSPP","INDEL","residue 234",NA
"INDEL_cluster_0024","INDEL","33","PASTJN","INDEL","residue 234",NA
"INDEL_cluster_0024","INDEL","34","PASUSV","INDEL","residue 236",NA
"INDEL_cluster_0024","INDEL","35","PASVIN","INDEL","residue 232",NA
"INDEL_cluster_0024","INDEL","36","PASVZJ","INDEL","residue 238;239;240;241",NA
"INDEL_cluster_0024","INDEL","195","PASWLV","INDEL","residue 333",NA
"INDEL_cluster_0024","INDEL","39","PASYCN","INDEL","residue 241",NA
"INDEL_cluster_0024","INDEL","41","PASYNX","INDEL","residue 234",NA
"INDEL_cluster_0024","INDEL","42","PASYNX","INDEL","residue 240;241",NA
"INDEL_cluster_0024","INDEL","44","PASYVU","INDEL","residue 234",NA
"INDEL_cluster_0024","INDEL","45","PATADU","INDEL","residue 232",NA
"INDEL_cluster_0024","INDEL","46","PATBDK","INDEL","residue 232",NA
"INDEL_cluster_0024","INDEL","48","PATBTX","INDEL","residue 232",NA
"INDEL_cluster_0024","INDEL","49","PATBVS","INDEL","residue 232",NA
"INDEL_cluster_0024","INDEL","52","PATDEK","INDEL","residue 232;233",NA
"INDEL_cluster_0024","INDEL","53","PATDEK","INDEL","residue 233",NA
"INDEL_cluster_0024","INDEL","54","PATEFF","INDEL","residue 232",NA
"INDEL_cluster_0024","INDEL","57","PATFJP","INDEL","residue 232",NA
"INDEL_cluster_0024","INDEL","59","PATGMJ","INDEL","residue 232",NA
"INDEL_cluster_0024","INDEL","60","PATGMJ","INDEL","residue 235",NA
"INDEL_cluster_0024","INDEL","62","PATHSL","INDEL","residue 241",NA
"INDEL_cluster_0024","INDEL","63","PATIKN","INDEL","residue 231",NA
"INDEL_cluster_0024","INDEL","64","PATJLT","INDEL","residue 233",NA
"INDEL_cluster_0024","INDEL","67","PATJXW","INDEL","residue 232",NA
"INDEL_cluster_0024","INDEL","68","PATKIH","INDEL","residue 232",NA
"INDEL_cluster_0024","INDEL","69","PATKIH","INDEL","residue 241",NA
"INDEL_cluster_0024","INDEL","71","PATLUU","INDEL","residue 234",NA
"INDEL_cluster_0024","INDEL","74","PATNIA","INDEL","residue 232",NA
"INDEL_cluster_0024","INDEL","75","PATNIA","INDEL","residue 233",NA
"INDEL_cluster_0024","INDEL","76","PATPGE","INDEL","residue 229",NA
"INDEL_cluster_0024","INDEL","77","PATPGE","INDEL","residue 232",NA
"INDEL_cluster_0024","INDEL","78","PATPGE","INDEL","residue 233",NA
"INDEL_cluster_0024","INDEL","80","PATXNK","INDEL","residue 232",NA
"INDEL_cluster_0024","INDEL","83","PAUCCG","INDEL","residue 234",NA
"INDEL_cluster_0024","INDEL","85","PAUCFC","INDEL","residue 240",NA
"INDEL_cluster_0024","INDEL","86","PAUDVG","INDEL","residue 241",NA
"INDEL_cluster_0024","INDEL","89","PAUGAA","INDEL","residue 234;235",NA
"INDEL_cluster_0024","INDEL","90","PAUGAA","INDEL","residue 236",NA
"INDEL_cluster_0024","INDEL","91","PAUGAA","INDEL","residue 336",NA
"INDEL_cluster_0024","INDEL","93","PAUGLY","INDEL","residue 233",NA
"INDEL_cluster_0024","INDEL","190","PAUIEM","INDEL","residue 234",NA
"INDEL_cluster_0024","INDEL","96","PAUJRU","INDEL","residue 233",NA
"INDEL_cluster_0024","INDEL","97","PAUJXZ","INDEL","residue 232",NA
"INDEL_cluster_0024","INDEL","99","PAUKYJ","INDEL","residue 232",NA
"INDEL_cluster_0024","INDEL","102","PAUNTS","INDEL","residue 233",NA
"INDEL_cluster_0024","INDEL","104","PAUNZE","INDEL","residue 232",NA
"INDEL_cluster_0024","INDEL","105","PAURCM","INDEL","residue 233",NA
"INDEL_cluster_0024","INDEL","106","PAURCM","INDEL","residue 234",NA
"INDEL_cluster_0024","INDEL","109","PAURTD","INDEL","residue 232",NA
"INDEL_cluster_0024","INDEL","110","PAURTD","INDEL","residue 233",NA
"INDEL_cluster_0024","INDEL","112","PAUSEY","INDEL","residue 233",NA
"INDEL_cluster_0024","INDEL","114","PAUVAJ","INDEL","residue 241",NA
"INDEL_cluster_0024","INDEL","115","PAUWLB","INDEL","residue 241",NA
"INDEL_cluster_0024","INDEL","192","PAUWSL","INDEL","residue 236",NA
"INDEL_cluster_0024","INDEL","121","PAUXZN","INDEL","residue 232",NA
"INDEL_cluster_0024","INDEL","128","PAVBEH","INDEL","residue 233",NA
"INDEL_cluster_0024","INDEL","130","PAVBLX","INDEL","residue 232",NA
"INDEL_cluster_0024","INDEL","133","PAVGUP","INDEL","residue 241",NA
"INDEL_cluster_0024","INDEL","135","PAVJWE","INDEL","residue 234",NA
"INDEL_cluster_0024","INDEL","138","PAVLLU","INDEL","residue 229",NA
"INDEL_cluster_0024","INDEL","139","PAVMGW","INDEL","residue 232",NA
"INDEL_cluster_0024","INDEL","140","PAVMLG","INDEL","residue 232",NA
"INDEL_cluster_0024","INDEL","141","PAVNRN","INDEL","residue 241",NA
"INDEL_cluster_0024","INDEL","143","PAVRAW","INDEL","residue 234",NA
"INDEL_cluster_0024","INDEL","4","PAVRUJ","INDEL","residue 241",NA
"INDEL_cluster_0024","INDEL","144","PAVTAT","INDEL","residue 233",NA
"INDEL_cluster_0024","INDEL","149","PAVUKV","INDEL","residue 266",NA
"INDEL_cluster_0024","INDEL","150","PAVUKV","INDEL","residue 267",NA
"INDEL_cluster_0024","INDEL","152","PAVVBE","INDEL","residue 232",NA
"INDEL_cluster_0024","INDEL","153","PAVVBE","INDEL","residue 232",NA
"INDEL_cluster_0024","INDEL","155","PAVZTC","INDEL","residue 233",NA
"INDEL_cluster_0024","INDEL","156","PAVZTC","INDEL","residue 234",NA
"INDEL_cluster_0024","INDEL","158","PAWAFV","INDEL","residue 232",NA
"INDEL_cluster_0024","INDEL","161","PAWAMD","INDEL","residue 233",NA
"INDEL_cluster_0024","INDEL","163","PAWBKA","INDEL","residue 232",NA
"INDEL_cluster_0024","INDEL","164","PAWBKA","INDEL","residue 234",NA
"INDEL_cluster_0024","INDEL","165","PAWCUT","INDEL","residue 228",NA
"INDEL_cluster_0024","INDEL","166","PAWCUT","INDEL","residue 230",NA
"INDEL_cluster_0024","INDEL","168","PAWCWL","INDEL","residue 232",NA
"INDEL_cluster_0024","INDEL","169","PAWDEK","INDEL","residue 232",NA
"INDEL_cluster_0024","INDEL","172","PAWDWJ","INDEL","residue 265",NA
"INDEL_cluster_0024","INDEL","173","PAWESJ","INDEL","residue 233",NA
"INDEL_cluster_0024","INDEL","174","PAWETD","INDEL","residue 234;235",NA
"INDEL_cluster_0024","INDEL","175","PAWGCK","INDEL","residue 233",NA
"INDEL_cluster_0024","INDEL","178","PAWGYN","INDEL","residue 232",NA
"INDEL_cluster_0024","INDEL","179","PAWGYW","INDEL","residue 234",NA
"INDEL_cluster_0024","INDEL","182","PAWIWS","INDEL","residue 240",NA
"INDEL_cluster_0024","INDEL","183","PAWIWS","INDEL","residue 265",NA
"INDEL_cluster_0024","INDEL","184","PAWJDS","INDEL","residue 232",NA
"INDEL_cluster_0024","INDEL","185","PAWJDS","INDEL","residue 234",NA
"INDEL_cluster_0024","INDEL","2","PAWJKM","INDEL","residue 233",NA
"INDEL_cluster_0024","INDEL","188","PAWLAE","INDEL","residue 241",NA
"INDEL_cluster_0024","INDEL","189","PAWLAE","INDEL","residue 241",NA
"INDEL_cluster_0025","INDEL","6","PARFWJ","INDEL","residue 233",NA
"INDEL_cluster_0025","INDEL","7","PARGHJ","INDEL","residue 233",NA
"INDEL_cluster_0025","INDEL","10","PARJMS","INDEL","residue 232",NA
"INDEL_cluster_0025","INDEL","11","PARJMS","INDEL","residue 232",NA
"INDEL_cluster_0025","INDEL","12","PARMGT","INDEL","residue 234",NA
"INDEL_cluster_0025","INDEL","13","PARMRF","INDEL","residue 232",NA
"INDEL_cluster_0025","INDEL","14","PARMRF","INDEL","residue 234",NA
"INDEL_cluster_0025","INDEL","20","PASIJX","INDEL","residue 232",NA
"INDEL_cluster_0025","INDEL","24","PASKAD","INDEL","residue 234",NA
"INDEL_cluster_0025","INDEL","25","PASLAB","INDEL","residue 233",NA
"INDEL_cluster_0025","INDEL","26","PASLAB","INDEL","residue 234",NA
"INDEL_cluster_0025","INDEL","32","PASSPP","INDEL","residue 234",NA
"INDEL_cluster_0025","INDEL","33","PASTJN","INDEL","residue 234",NA
"INDEL_cluster_0025","INDEL","34","PASUSV","INDEL","residue 236",NA
"INDEL_cluster_0025","INDEL","35","PASVIN","INDEL","residue 232",NA
"INDEL_cluster_0025","INDEL","41","PASYNX","INDEL","residue 234",NA
"INDEL_cluster_0025","INDEL","44","PASYVU","INDEL","residue 234",NA
"INDEL_cluster_0025","INDEL","45","PATADU","INDEL","residue 232",NA
"INDEL_cluster_0025","INDEL","46","PATBDK","INDEL","residue 232",NA
"INDEL_cluster_0025","INDEL","48","PATBTX","INDEL","residue 232",NA
"INDEL_cluster_0025","INDEL","49","PATBVS","INDEL","residue 232",NA
"INDEL_cluster_0025","INDEL","52","PATDEK","INDEL","residue 232;233",NA
"INDEL_cluster_0025","INDEL","53","PATDEK","INDEL","residue 233",NA
"INDEL_cluster_0025","INDEL","54","PATEFF","INDEL","residue 232",NA
"INDEL_cluster_0025","INDEL","57","PATFJP","INDEL","residue 232",NA
"INDEL_cluster_0025","INDEL","59","PATGMJ","INDEL","residue 232",NA
"INDEL_cluster_0025","INDEL","60","PATGMJ","INDEL","residue 235",NA
"INDEL_cluster_0025","INDEL","63","PATIKN","INDEL","residue 231",NA
"INDEL_cluster_0025","INDEL","64","PATJLT","INDEL","residue 233",NA
"INDEL_cluster_0025","INDEL","67","PATJXW","INDEL","residue 232",NA
"INDEL_cluster_0025","INDEL","68","PATKIH","INDEL","residue 232",NA
"INDEL_cluster_0025","INDEL","71","PATLUU","INDEL","residue 234",NA
"INDEL_cluster_0025","INDEL","74","PATNIA","INDEL","residue 232",NA
"INDEL_cluster_0025","INDEL","75","PATNIA","INDEL","residue 233",NA
"INDEL_cluster_0025","INDEL","76","PATPGE","INDEL","residue 229",NA
"INDEL_cluster_0025","INDEL","77","PATPGE","INDEL","residue 232",NA
"INDEL_cluster_0025","INDEL","78","PATPGE","INDEL","residue 233",NA
"INDEL_cluster_0025","INDEL","80","PATXNK","INDEL","residue 232",NA
"INDEL_cluster_0025","INDEL","83","PAUCCG","INDEL","residue 234",NA
"INDEL_cluster_0025","INDEL","89","PAUGAA","INDEL","residue 234;235",NA
"INDEL_cluster_0025","INDEL","90","PAUGAA","INDEL","residue 236",NA
"INDEL_cluster_0025","INDEL","93","PAUGLY","INDEL","residue 233",NA
"INDEL_cluster_0025","INDEL","190","PAUIEM","INDEL","residue 234",NA
"INDEL_cluster_0025","INDEL","95","PAUJRU","INDEL","residue 223",NA
"INDEL_cluster_0025","INDEL","96","PAUJRU","INDEL","residue 233",NA
"INDEL_cluster_0025","INDEL","97","PAUJXZ","INDEL","residue 232",NA
"INDEL_cluster_0025","INDEL","99","PAUKYJ","INDEL","residue 232",NA
"INDEL_cluster_0025","INDEL","102","PAUNTS","INDEL","residue 233",NA
"INDEL_cluster_0025","INDEL","104","PAUNZE","INDEL","residue 232",NA
"INDEL_cluster_0025","INDEL","105","PAURCM","INDEL","residue 233",NA
"INDEL_cluster_0025","INDEL","106","PAURCM","INDEL","residue 234",NA
"INDEL_cluster_0025","INDEL","109","PAURTD","INDEL","residue 232",NA
"INDEL_cluster_0025","INDEL","110","PAURTD","INDEL","residue 233",NA
"INDEL_cluster_0025","INDEL","112","PAUSEY","INDEL","residue 233",NA
"INDEL_cluster_0025","INDEL","192","PAUWSL","INDEL","residue 236",NA
"INDEL_cluster_0025","INDEL","121","PAUXZN","INDEL","residue 232",NA
"INDEL_cluster_0025","INDEL","128","PAVBEH","INDEL","residue 233",NA
"INDEL_cluster_0025","INDEL","130","PAVBLX","INDEL","residue 232",NA
"INDEL_cluster_0025","INDEL","135","PAVJWE","INDEL","residue 234",NA
"INDEL_cluster_0025","INDEL","138","PAVLLU","INDEL","residue 229",NA
"INDEL_cluster_0025","INDEL","139","PAVMGW","INDEL","residue 232",NA
"INDEL_cluster_0025","INDEL","140","PAVMLG","INDEL","residue 232",NA
"INDEL_cluster_0025","INDEL","143","PAVRAW","INDEL","residue 234",NA
"INDEL_cluster_0025","INDEL","144","PAVTAT","INDEL","residue 233",NA
"INDEL_cluster_0025","INDEL","152","PAVVBE","INDEL","residue 232",NA
"INDEL_cluster_0025","INDEL","153","PAVVBE","INDEL","residue 232",NA
"INDEL_cluster_0025","INDEL","155","PAVZTC","INDEL","residue 233",NA
"INDEL_cluster_0025","INDEL","156","PAVZTC","INDEL","residue 234",NA
"INDEL_cluster_0025","INDEL","158","PAWAFV","INDEL","residue 232",NA
"INDEL_cluster_0025","INDEL","161","PAWAMD","INDEL","residue 233",NA
"INDEL_cluster_0025","INDEL","163","PAWBKA","INDEL","residue 232",NA
"INDEL_cluster_0025","INDEL","164","PAWBKA","INDEL","residue 234",NA
"INDEL_cluster_0025","INDEL","165","PAWCUT","INDEL","residue 228",NA
"INDEL_cluster_0025","INDEL","166","PAWCUT","INDEL","residue 230",NA
"INDEL_cluster_0025","INDEL","168","PAWCWL","INDEL","residue 232",NA
"INDEL_cluster_0025","INDEL","169","PAWDEK","INDEL","residue 232",NA
"INDEL_cluster_0025","INDEL","173","PAWESJ","INDEL","residue 233",NA
"INDEL_cluster_0025","INDEL","174","PAWETD","INDEL","residue 234;235",NA
"INDEL_cluster_0025","INDEL","175","PAWGCK","INDEL","residue 233",NA
"INDEL_cluster_0025","INDEL","178","PAWGYN","INDEL","residue 232",NA
"INDEL_cluster_0025","INDEL","179","PAWGYW","INDEL","residue 234",NA
"INDEL_cluster_0025","INDEL","184","PAWJDS","INDEL","residue 232",NA
"INDEL_cluster_0025","INDEL","185","PAWJDS","INDEL","residue 234",NA
"INDEL_cluster_0025","INDEL","2","PAWJKM","INDEL","residue 233",NA
"INDEL_cluster_0026","INDEL","5","PARFME","INDEL","residue 241",NA
"INDEL_cluster_0026","INDEL","6","PARFWJ","INDEL","residue 233",NA
"INDEL_cluster_0026","INDEL","7","PARGHJ","INDEL","residue 233",NA
"INDEL_cluster_0026","INDEL","9","PARHEL","INDEL","residue 246",NA
"INDEL_cluster_0026","INDEL","10","PARJMS","INDEL","residue 232",NA
"INDEL_cluster_0026","INDEL","11","PARJMS","INDEL","residue 232",NA
"INDEL_cluster_0026","INDEL","12","PARMGT","INDEL","residue 234",NA
"INDEL_cluster_0026","INDEL","13","PARMRF","INDEL","residue 232",NA
"INDEL_cluster_0026","INDEL","14","PARMRF","INDEL","residue 234",NA
"INDEL_cluster_0026","INDEL","15","PARWLP","INDEL","residue 241",NA
"INDEL_cluster_0026","INDEL","16","PARXFY","INDEL","residue 241",NA
"INDEL_cluster_0026","INDEL","17","PARXHT","INDEL","residue 245",NA
"INDEL_cluster_0026","INDEL","20","PASIJX","INDEL","residue 232",NA
"INDEL_cluster_0026","INDEL","21","PASIJX","INDEL","residue 241",NA
"INDEL_cluster_0026","INDEL","22","PASILW","INDEL","residue 251;252",NA
"INDEL_cluster_0026","INDEL","23","PASILW","INDEL","residue 256",NA
"INDEL_cluster_0026","INDEL","24","PASKAD","INDEL","residue 234",NA
"INDEL_cluster_0026","INDEL","25","PASLAB","INDEL","residue 233",NA
"INDEL_cluster_0026","INDEL","26","PASLAB","INDEL","residue 234",NA
"INDEL_cluster_0026","INDEL","30","PASPLG","INDEL","residue 246",NA
"INDEL_cluster_0026","INDEL","31","PASPNI","INDEL","residue 243",NA
"INDEL_cluster_0026","INDEL","32","PASSPP","INDEL","residue 234",NA
"INDEL_cluster_0026","INDEL","33","PASTJN","INDEL","residue 234",NA
"INDEL_cluster_0026","INDEL","34","PASUSV","INDEL","residue 236",NA
"INDEL_cluster_0026","INDEL","35","PASVIN","INDEL","residue 232",NA
"INDEL_cluster_0026","INDEL","36","PASVZJ","INDEL","residue 238;239;240;241;242;243;244",NA
"INDEL_cluster_0026","INDEL","37","PASWLV","INDEL","residue 246",NA
"INDEL_cluster_0026","INDEL","39","PASYCN","INDEL","residue 241",NA
"INDEL_cluster_0026","INDEL","40","PASYCN","INDEL","residue 246",NA
"INDEL_cluster_0026","INDEL","41","PASYNX","INDEL","residue 234",NA
"INDEL_cluster_0026","INDEL","42","PASYNX","INDEL","residue 240;241;242;243",NA
"INDEL_cluster_0026","INDEL","43","PASYNX","INDEL","residue 244",NA
"INDEL_cluster_0026","INDEL","44","PASYVU","INDEL","residue 234",NA
"INDEL_cluster_0026","INDEL","45","PATADU","INDEL","residue 232",NA
"INDEL_cluster_0026","INDEL","46","PATBDK","INDEL","residue 232",NA
"INDEL_cluster_0026","INDEL","47","PATBGH","INDEL","residue 246",NA
"INDEL_cluster_0026","INDEL","48","PATBTX","INDEL","residue 232",NA
"INDEL_cluster_0026","INDEL","49","PATBVS","INDEL","residue 232",NA
"INDEL_cluster_0026","INDEL","50","PATBYK","INDEL","residue 249",NA
"INDEL_cluster_0026","INDEL","52","PATDEK","INDEL","residue 232;233",NA
"INDEL_cluster_0026","INDEL","53","PATDEK","INDEL","residue 233",NA
"INDEL_cluster_0026","INDEL","54","PATEFF","INDEL","residue 232",NA
"INDEL_cluster_0026","INDEL","55","PATEFF","INDEL","residue 245",NA
"INDEL_cluster_0026","INDEL","57","PATFJP","INDEL","residue 232",NA
"INDEL_cluster_0026","INDEL","58","PATFWZ","INDEL","residue 246",NA
"INDEL_cluster_0026","INDEL","59","PATGMJ","INDEL","residue 232",NA
"INDEL_cluster_0026","INDEL","60","PATGMJ","INDEL","residue 235",NA
"INDEL_cluster_0026","INDEL","62","PATHSL","INDEL","residue 241",NA
"INDEL_cluster_0026","INDEL","63","PATIKN","INDEL","residue 231",NA
"INDEL_cluster_0026","INDEL","64","PATJLT","INDEL","residue 233",NA
"INDEL_cluster_0026","INDEL","65","PATJLT","INDEL","residue 245",NA
"INDEL_cluster_0026","INDEL","67","PATJXW","INDEL","residue 232",NA
"INDEL_cluster_0026","INDEL","68","PATKIH","INDEL","residue 232",NA
"INDEL_cluster_0026","INDEL","69","PATKIH","INDEL","residue 241",NA
"INDEL_cluster_0026","INDEL","71","PATLUU","INDEL","residue 234",NA
"INDEL_cluster_0026","INDEL","72","PATLUU","INDEL","residue 243",NA
"INDEL_cluster_0026","INDEL","73","PATMPM","INDEL","residue 246",NA
"INDEL_cluster_0026","INDEL","74","PATNIA","INDEL","residue 232",NA
"INDEL_cluster_0026","INDEL","75","PATNIA","INDEL","residue 233",NA
"INDEL_cluster_0026","INDEL","76","PATPGE","INDEL","residue 229",NA
"INDEL_cluster_0026","INDEL","77","PATPGE","INDEL","residue 232",NA
"INDEL_cluster_0026","INDEL","78","PATPGE","INDEL","residue 233",NA
"INDEL_cluster_0026","INDEL","79","PATTIG","INDEL","residue 246",NA
"INDEL_cluster_0026","INDEL","80","PATXNK","INDEL","residue 232",NA
"INDEL_cluster_0026","INDEL","81","PATXNK","INDEL","residue 246",NA
"INDEL_cluster_0026","INDEL","82","PAUBCT","INDEL","residue 246",NA
"INDEL_cluster_0026","INDEL","83","PAUCCG","INDEL","residue 234",NA
"INDEL_cluster_0026","INDEL","84","PAUCCG","INDEL","residue 243",NA
"INDEL_cluster_0026","INDEL","85","PAUCFC","INDEL","residue 240",NA
"INDEL_cluster_0026","INDEL","86","PAUDVG","INDEL","residue 241",NA
"INDEL_cluster_0026","INDEL","87","PAUEIL","INDEL","residue 247",NA
"INDEL_cluster_0026","INDEL","89","PAUGAA","INDEL","residue 234;235",NA
"INDEL_cluster_0026","INDEL","90","PAUGAA","INDEL","residue 236",NA
"INDEL_cluster_0026","INDEL","93","PAUGLY","INDEL","residue 233",NA
"INDEL_cluster_0026","INDEL","190","PAUIEM","INDEL","residue 234",NA
"INDEL_cluster_0026","INDEL","95","PAUJRU","INDEL","residue 223",NA
"INDEL_cluster_0026","INDEL","96","PAUJRU","INDEL","residue 233",NA
"INDEL_cluster_0026","INDEL","97","PAUJXZ","INDEL","residue 232",NA
"INDEL_cluster_0026","INDEL","98","PAUKWJ","INDEL","residue 245",NA
"INDEL_cluster_0026","INDEL","99","PAUKYJ","INDEL","residue 232",NA
"INDEL_cluster_0026","INDEL","100","PAULZF","INDEL","residue 251",NA
"INDEL_cluster_0026","INDEL","101","PAULZF","INDEL","residue 252",NA
"INDEL_cluster_0026","INDEL","102","PAUNTS","INDEL","residue 233",NA
"INDEL_cluster_0026","INDEL","103","PAUNTS","INDEL","residue 245",NA
"INDEL_cluster_0026","INDEL","104","PAUNZE","INDEL","residue 232",NA
"INDEL_cluster_0026","INDEL","105","PAURCM","INDEL","residue 233",NA
"INDEL_cluster_0026","INDEL","106","PAURCM","INDEL","residue 234",NA
"INDEL_cluster_0026","INDEL","107","PAURLU","INDEL","residue 245",NA
"INDEL_cluster_0026","INDEL","108","PAURLU","INDEL","residue 246",NA
"INDEL_cluster_0026","INDEL","109","PAURTD","INDEL","residue 232",NA
"INDEL_cluster_0026","INDEL","110","PAURTD","INDEL","residue 233",NA
"INDEL_cluster_0026","INDEL","111","PAURTD","INDEL","residue 242",NA
"INDEL_cluster_0026","INDEL","112","PAUSEY","INDEL","residue 233",NA
"INDEL_cluster_0026","INDEL","113","PAUUSY","INDEL","residue 245",NA
"INDEL_cluster_0026","INDEL","114","PAUVAJ","INDEL","residue 241;242;243;244;245;246;247;248",NA
"INDEL_cluster_0026","INDEL","115","PAUWLB","INDEL","residue 241",NA
"INDEL_cluster_0026","INDEL","192","PAUWSL","INDEL","residue 236",NA
"INDEL_cluster_0026","INDEL","118","PAUXHP","INDEL","residue 245",NA
"INDEL_cluster_0026","INDEL","119","PAUXKE","INDEL","residue 246",NA
"INDEL_cluster_0026","INDEL","120","PAUXKE","INDEL","residue 248",NA
"INDEL_cluster_0026","INDEL","121","PAUXZN","INDEL","residue 232",NA
"INDEL_cluster_0026","INDEL","122","PAUYCZ","INDEL","residue 246",NA
"INDEL_cluster_0026","INDEL","123","PAUZKE","INDEL","residue 246",NA
"INDEL_cluster_0026","INDEL","124","PAUZZA","INDEL","residue 245",NA
"INDEL_cluster_0026","INDEL","125","PAVAJG","INDEL","residue 246",NA
"INDEL_cluster_0026","INDEL","193","PAVAWK","INDEL","residue 246",NA
"INDEL_cluster_0026","INDEL","127","PAVBDL","INDEL","residue 245",NA
"INDEL_cluster_0026","INDEL","128","PAVBEH","INDEL","residue 233",NA
"INDEL_cluster_0026","INDEL","130","PAVBLX","INDEL","residue 232",NA
"INDEL_cluster_0026","INDEL","132","PAVGMF","INDEL","residue 246",NA
"INDEL_cluster_0026","INDEL","133","PAVGUP","INDEL","residue 241",NA
"INDEL_cluster_0026","INDEL","134","PAVGUP","INDEL","residue 244",NA
"INDEL_cluster_0026","INDEL","135","PAVJWE","INDEL","residue 234",NA
"INDEL_cluster_0026","INDEL","136","PAVKJU","INDEL","residue 246",NA
"INDEL_cluster_0026","INDEL","137","PAVKLI","INDEL","residue 245",NA
"INDEL_cluster_0026","INDEL","194","PAVKYJ","INDEL","residue 245",NA
"INDEL_cluster_0026","INDEL","138","PAVLLU","INDEL","residue 229",NA
"INDEL_cluster_0026","INDEL","139","PAVMGW","INDEL","residue 232",NA
"INDEL_cluster_0026","INDEL","140","PAVMLG","INDEL","residue 232",NA
"INDEL_cluster_0026","INDEL","141","PAVNRN","INDEL","residue 241",NA
"INDEL_cluster_0026","INDEL","142","PAVNRN","INDEL","residue 245;246",NA
"INDEL_cluster_0026","INDEL","143","PAVRAW","INDEL","residue 234",NA
"INDEL_cluster_0026","INDEL","4","PAVRUJ","INDEL","residue 241",NA
"INDEL_cluster_0026","INDEL","144","PAVTAT","INDEL","residue 233",NA
"INDEL_cluster_0026","INDEL","145","PAVTAT","INDEL","residue 244",NA
"INDEL_cluster_0026","INDEL","147","PAVTEZ","INDEL","residue 254",NA
"INDEL_cluster_0026","INDEL","148","PAVTEZ","INDEL","residue 257",NA
"INDEL_cluster_0026","INDEL","151","PAVUYY","INDEL","residue 245",NA
"INDEL_cluster_0026","INDEL","152","PAVVBE","INDEL","residue 232",NA
"INDEL_cluster_0026","INDEL","153","PAVVBE","INDEL","residue 232",NA
"INDEL_cluster_0026","INDEL","154","PAVXUW","INDEL","residue 248",NA
"INDEL_cluster_0026","INDEL","155","PAVZTC","INDEL","residue 233",NA
"INDEL_cluster_0026","INDEL","156","PAVZTC","INDEL","residue 234",NA
"INDEL_cluster_0026","INDEL","157","PAWABB","INDEL","residue 246",NA
"INDEL_cluster_0026","INDEL","158","PAWAFV","INDEL","residue 232",NA
"INDEL_cluster_0026","INDEL","160","PAWAIN","INDEL","residue 245",NA
"INDEL_cluster_0026","INDEL","161","PAWAMD","INDEL","residue 233",NA
"INDEL_cluster_0026","INDEL","163","PAWBKA","INDEL","residue 232",NA
"INDEL_cluster_0026","INDEL","164","PAWBKA","INDEL","residue 234",NA
"INDEL_cluster_0026","INDEL","165","PAWCUT","INDEL","residue 228",NA
"INDEL_cluster_0026","INDEL","166","PAWCUT","INDEL","residue 230",NA
"INDEL_cluster_0026","INDEL","168","PAWCWL","INDEL","residue 232",NA
"INDEL_cluster_0026","INDEL","169","PAWDEK","INDEL","residue 232",NA
"INDEL_cluster_0026","INDEL","173","PAWESJ","INDEL","residue 233",NA
"INDEL_cluster_0026","INDEL","174","PAWETD","INDEL","residue 234;235",NA
"INDEL_cluster_0026","INDEL","175","PAWGCK","INDEL","residue 233",NA
"INDEL_cluster_0026","INDEL","176","PAWGCK","INDEL","residue 246",NA
"INDEL_cluster_0026","INDEL","177","PAWGXW","INDEL","residue 246",NA
"INDEL_cluster_0026","INDEL","178","PAWGYN","INDEL","residue 232",NA
"INDEL_cluster_0026","INDEL","179","PAWGYW","INDEL","residue 234",NA
"INDEL_cluster_0026","INDEL","180","PAWIIR","INDEL","residue 245",NA
"INDEL_cluster_0026","INDEL","181","PAWIRN","INDEL","residue 246;247",NA
"INDEL_cluster_0026","INDEL","182","PAWIWS","INDEL","residue 240",NA
"INDEL_cluster_0026","INDEL","184","PAWJDS","INDEL","residue 232",NA
"INDEL_cluster_0026","INDEL","185","PAWJDS","INDEL","residue 234",NA
"INDEL_cluster_0026","INDEL","2","PAWJKM","INDEL","residue 233",NA
"INDEL_cluster_0026","INDEL","188","PAWLAE","INDEL","residue 241",NA
"INDEL_cluster_0026","INDEL","189","PAWLAE","INDEL","residue 241",NA
"INDEL_cluster_0027","INDEL","5","PARFME","INDEL","residue 241",NA
"INDEL_cluster_0027","INDEL","6","PARFWJ","INDEL","residue 233",NA
"INDEL_cluster_0027","INDEL","7","PARGHJ","INDEL","residue 233",NA
"INDEL_cluster_0027","INDEL","9","PARHEL","INDEL","residue 246",NA
"INDEL_cluster_0027","INDEL","10","PARJMS","INDEL","residue 232",NA
"INDEL_cluster_0027","INDEL","11","PARJMS","INDEL","residue 232",NA
"INDEL_cluster_0027","INDEL","12","PARMGT","INDEL","residue 234",NA
"INDEL_cluster_0027","INDEL","13","PARMRF","INDEL","residue 232",NA
"INDEL_cluster_0027","INDEL","14","PARMRF","INDEL","residue 234",NA
"INDEL_cluster_0027","INDEL","15","PARWLP","INDEL","residue 241",NA
"INDEL_cluster_0027","INDEL","16","PARXFY","INDEL","residue 241",NA
"INDEL_cluster_0027","INDEL","17","PARXHT","INDEL","residue 245",NA
"INDEL_cluster_0027","INDEL","18","PARXHT","INDEL","residue 277",NA
"INDEL_cluster_0027","INDEL","20","PASIJX","INDEL","residue 232",NA
"INDEL_cluster_0027","INDEL","21","PASIJX","INDEL","residue 241",NA
"INDEL_cluster_0027","INDEL","22","PASILW","INDEL","residue 251;252",NA
"INDEL_cluster_0027","INDEL","23","PASILW","INDEL","residue 256",NA
"INDEL_cluster_0027","INDEL","24","PASKAD","INDEL","residue 234",NA
"INDEL_cluster_0027","INDEL","25","PASLAB","INDEL","residue 233",NA
"INDEL_cluster_0027","INDEL","26","PASLAB","INDEL","residue 234",NA
"INDEL_cluster_0027","INDEL","30","PASPLG","INDEL","residue 246",NA
"INDEL_cluster_0027","INDEL","31","PASPNI","INDEL","residue 243",NA
"INDEL_cluster_0027","INDEL","32","PASSPP","INDEL","residue 234",NA
"INDEL_cluster_0027","INDEL","33","PASTJN","INDEL","residue 234",NA
"INDEL_cluster_0027","INDEL","34","PASUSV","INDEL","residue 236",NA
"INDEL_cluster_0027","INDEL","35","PASVIN","INDEL","residue 232",NA
"INDEL_cluster_0027","INDEL","36","PASVZJ","INDEL","residue 238;239;240;241;242;243;244",NA
"INDEL_cluster_0027","INDEL","37","PASWLV","INDEL","residue 246",NA
"INDEL_cluster_0027","INDEL","39","PASYCN","INDEL","residue 241",NA
"INDEL_cluster_0027","INDEL","40","PASYCN","INDEL","residue 246",NA
"INDEL_cluster_0027","INDEL","41","PASYNX","INDEL","residue 234",NA
"INDEL_cluster_0027","INDEL","42","PASYNX","INDEL","residue 240;241;242;243",NA
"INDEL_cluster_0027","INDEL","43","PASYNX","INDEL","residue 244",NA
"INDEL_cluster_0027","INDEL","44","PASYVU","INDEL","residue 234",NA
"INDEL_cluster_0027","INDEL","45","PATADU","INDEL","residue 232",NA
"INDEL_cluster_0027","INDEL","46","PATBDK","INDEL","residue 232",NA
"INDEL_cluster_0027","INDEL","47","PATBGH","INDEL","residue 246",NA
"INDEL_cluster_0027","INDEL","48","PATBTX","INDEL","residue 232",NA
"INDEL_cluster_0027","INDEL","49","PATBVS","INDEL","residue 232",NA
"INDEL_cluster_0027","INDEL","50","PATBYK","INDEL","residue 249",NA
"INDEL_cluster_0027","INDEL","52","PATDEK","INDEL","residue 232;233",NA
"INDEL_cluster_0027","INDEL","53","PATDEK","INDEL","residue 233",NA
"INDEL_cluster_0027","INDEL","54","PATEFF","INDEL","residue 232",NA
"INDEL_cluster_0027","INDEL","55","PATEFF","INDEL","residue 245",NA
"INDEL_cluster_0027","INDEL","57","PATFJP","INDEL","residue 232",NA
"INDEL_cluster_0027","INDEL","58","PATFWZ","INDEL","residue 246",NA
"INDEL_cluster_0027","INDEL","59","PATGMJ","INDEL","residue 232",NA
"INDEL_cluster_0027","INDEL","60","PATGMJ","INDEL","residue 235",NA
"INDEL_cluster_0027","INDEL","62","PATHSL","INDEL","residue 241",NA
"INDEL_cluster_0027","INDEL","63","PATIKN","INDEL","residue 231",NA
"INDEL_cluster_0027","INDEL","64","PATJLT","INDEL","residue 233",NA
"INDEL_cluster_0027","INDEL","65","PATJLT","INDEL","residue 245",NA
"INDEL_cluster_0027","INDEL","67","PATJXW","INDEL","residue 232",NA
"INDEL_cluster_0027","INDEL","68","PATKIH","INDEL","residue 232",NA
"INDEL_cluster_0027","INDEL","69","PATKIH","INDEL","residue 241",NA
"INDEL_cluster_0027","INDEL","71","PATLUU","INDEL","residue 234",NA
"INDEL_cluster_0027","INDEL","72","PATLUU","INDEL","residue 243",NA
"INDEL_cluster_0027","INDEL","73","PATMPM","INDEL","residue 246",NA
"INDEL_cluster_0027","INDEL","74","PATNIA","INDEL","residue 232",NA
"INDEL_cluster_0027","INDEL","75","PATNIA","INDEL","residue 233",NA
"INDEL_cluster_0027","INDEL","76","PATPGE","INDEL","residue 229",NA
"INDEL_cluster_0027","INDEL","77","PATPGE","INDEL","residue 232",NA
"INDEL_cluster_0027","INDEL","78","PATPGE","INDEL","residue 233",NA
"INDEL_cluster_0027","INDEL","79","PATTIG","INDEL","residue 246",NA
"INDEL_cluster_0027","INDEL","80","PATXNK","INDEL","residue 232",NA
"INDEL_cluster_0027","INDEL","81","PATXNK","INDEL","residue 246",NA
"INDEL_cluster_0027","INDEL","82","PAUBCT","INDEL","residue 246",NA
"INDEL_cluster_0027","INDEL","83","PAUCCG","INDEL","residue 234",NA
"INDEL_cluster_0027","INDEL","84","PAUCCG","INDEL","residue 243",NA
"INDEL_cluster_0027","INDEL","85","PAUCFC","INDEL","residue 240",NA
"INDEL_cluster_0027","INDEL","86","PAUDVG","INDEL","residue 241",NA
"INDEL_cluster_0027","INDEL","87","PAUEIL","INDEL","residue 247",NA
"INDEL_cluster_0027","INDEL","89","PAUGAA","INDEL","residue 234;235",NA
"INDEL_cluster_0027","INDEL","90","PAUGAA","INDEL","residue 236",NA
"INDEL_cluster_0027","INDEL","93","PAUGLY","INDEL","residue 233",NA
"INDEL_cluster_0027","INDEL","190","PAUIEM","INDEL","residue 234",NA
"INDEL_cluster_0027","INDEL","95","PAUJRU","INDEL","residue 223",NA
"INDEL_cluster_0027","INDEL","96","PAUJRU","INDEL","residue 233",NA
"INDEL_cluster_0027","INDEL","97","PAUJXZ","INDEL","residue 232",NA
"INDEL_cluster_0027","INDEL","98","PAUKWJ","INDEL","residue 245",NA
"INDEL_cluster_0027","INDEL","99","PAUKYJ","INDEL","residue 232",NA
"INDEL_cluster_0027","INDEL","100","PAULZF","INDEL","residue 251",NA
"INDEL_cluster_0027","INDEL","101","PAULZF","INDEL","residue 252",NA
"INDEL_cluster_0027","INDEL","102","PAUNTS","INDEL","residue 233",NA
"INDEL_cluster_0027","INDEL","103","PAUNTS","INDEL","residue 245",NA
"INDEL_cluster_0027","INDEL","104","PAUNZE","INDEL","residue 232",NA
"INDEL_cluster_0027","INDEL","105","PAURCM","INDEL","residue 233",NA
"INDEL_cluster_0027","INDEL","106","PAURCM","INDEL","residue 234",NA
"INDEL_cluster_0027","INDEL","107","PAURLU","INDEL","residue 245",NA
"INDEL_cluster_0027","INDEL","108","PAURLU","INDEL","residue 246",NA
"INDEL_cluster_0027","INDEL","109","PAURTD","INDEL","residue 232",NA
"INDEL_cluster_0027","INDEL","110","PAURTD","INDEL","residue 233",NA
"INDEL_cluster_0027","INDEL","111","PAURTD","INDEL","residue 242",NA
"INDEL_cluster_0027","INDEL","112","PAUSEY","INDEL","residue 233",NA
"INDEL_cluster_0027","INDEL","113","PAUUSY","INDEL","residue 245",NA
"INDEL_cluster_0027","INDEL","114","PAUVAJ","INDEL","residue 241;242;243;244;245;246;247;248",NA
"INDEL_cluster_0027","INDEL","115","PAUWLB","INDEL","residue 241",NA
"INDEL_cluster_0027","INDEL","192","PAUWSL","INDEL","residue 236",NA
"INDEL_cluster_0027","INDEL","118","PAUXHP","INDEL","residue 245",NA
"INDEL_cluster_0027","INDEL","119","PAUXKE","INDEL","residue 246",NA
"INDEL_cluster_0027","INDEL","120","PAUXKE","INDEL","residue 248",NA
"INDEL_cluster_0027","INDEL","121","PAUXZN","INDEL","residue 232",NA
"INDEL_cluster_0027","INDEL","122","PAUYCZ","INDEL","residue 246",NA
"INDEL_cluster_0027","INDEL","123","PAUZKE","INDEL","residue 246",NA
"INDEL_cluster_0027","INDEL","124","PAUZZA","INDEL","residue 245",NA
"INDEL_cluster_0027","INDEL","125","PAVAJG","INDEL","residue 246",NA
"INDEL_cluster_0027","INDEL","193","PAVAWK","INDEL","residue 246",NA
"INDEL_cluster_0027","INDEL","127","PAVBDL","INDEL","residue 245",NA
"INDEL_cluster_0027","INDEL","128","PAVBEH","INDEL","residue 233",NA
"INDEL_cluster_0027","INDEL","130","PAVBLX","INDEL","residue 232",NA
"INDEL_cluster_0027","INDEL","132","PAVGMF","INDEL","residue 246",NA
"INDEL_cluster_0027","INDEL","133","PAVGUP","INDEL","residue 241",NA
"INDEL_cluster_0027","INDEL","134","PAVGUP","INDEL","residue 244",NA
"INDEL_cluster_0027","INDEL","135","PAVJWE","INDEL","residue 234",NA
"INDEL_cluster_0027","INDEL","136","PAVKJU","INDEL","residue 246",NA
"INDEL_cluster_0027","INDEL","137","PAVKLI","INDEL","residue 245",NA
"INDEL_cluster_0027","INDEL","194","PAVKYJ","INDEL","residue 245",NA
"INDEL_cluster_0027","INDEL","138","PAVLLU","INDEL","residue 229",NA
"INDEL_cluster_0027","INDEL","139","PAVMGW","INDEL","residue 232",NA
"INDEL_cluster_0027","INDEL","140","PAVMLG","INDEL","residue 232",NA
"INDEL_cluster_0027","INDEL","141","PAVNRN","INDEL","residue 241",NA
"INDEL_cluster_0027","INDEL","142","PAVNRN","INDEL","residue 245;246",NA
"INDEL_cluster_0027","INDEL","143","PAVRAW","INDEL","residue 234",NA
"INDEL_cluster_0027","INDEL","4","PAVRUJ","INDEL","residue 241",NA
"INDEL_cluster_0027","INDEL","144","PAVTAT","INDEL","residue 233",NA
"INDEL_cluster_0027","INDEL","145","PAVTAT","INDEL","residue 244",NA
"INDEL_cluster_0027","INDEL","147","PAVTEZ","INDEL","residue 254",NA
"INDEL_cluster_0027","INDEL","148","PAVTEZ","INDEL","residue 257",NA
"INDEL_cluster_0027","INDEL","149","PAVUKV","INDEL","residue 266",NA
"INDEL_cluster_0027","INDEL","150","PAVUKV","INDEL","residue 267",NA
"INDEL_cluster_0027","INDEL","151","PAVUYY","INDEL","residue 245",NA
"INDEL_cluster_0027","INDEL","152","PAVVBE","INDEL","residue 232",NA
"INDEL_cluster_0027","INDEL","153","PAVVBE","INDEL","residue 232",NA
"INDEL_cluster_0027","INDEL","154","PAVXUW","INDEL","residue 248",NA
"INDEL_cluster_0027","INDEL","155","PAVZTC","INDEL","residue 233",NA
"INDEL_cluster_0027","INDEL","156","PAVZTC","INDEL","residue 234",NA
"INDEL_cluster_0027","INDEL","157","PAWABB","INDEL","residue 246",NA
"INDEL_cluster_0027","INDEL","158","PAWAFV","INDEL","residue 232",NA
"INDEL_cluster_0027","INDEL","160","PAWAIN","INDEL","residue 245",NA
"INDEL_cluster_0027","INDEL","161","PAWAMD","INDEL","residue 233",NA
"INDEL_cluster_0027","INDEL","163","PAWBKA","INDEL","residue 232",NA
"INDEL_cluster_0027","INDEL","164","PAWBKA","INDEL","residue 234",NA
"INDEL_cluster_0027","INDEL","165","PAWCUT","INDEL","residue 228",NA
"INDEL_cluster_0027","INDEL","166","PAWCUT","INDEL","residue 230",NA
"INDEL_cluster_0027","INDEL","168","PAWCWL","INDEL","residue 232",NA
"INDEL_cluster_0027","INDEL","169","PAWDEK","INDEL","residue 232",NA
"INDEL_cluster_0027","INDEL","172","PAWDWJ","INDEL","residue 265",NA
"INDEL_cluster_0027","INDEL","173","PAWESJ","INDEL","residue 233",NA
"INDEL_cluster_0027","INDEL","174","PAWETD","INDEL","residue 234;235",NA
"INDEL_cluster_0027","INDEL","175","PAWGCK","INDEL","residue 233",NA
"INDEL_cluster_0027","INDEL","176","PAWGCK","INDEL","residue 246",NA
"INDEL_cluster_0027","INDEL","177","PAWGXW","INDEL","residue 246",NA
"INDEL_cluster_0027","INDEL","178","PAWGYN","INDEL","residue 232",NA
"INDEL_cluster_0027","INDEL","179","PAWGYW","INDEL","residue 234",NA
"INDEL_cluster_0027","INDEL","180","PAWIIR","INDEL","residue 245",NA
"INDEL_cluster_0027","INDEL","181","PAWIRN","INDEL","residue 246;247",NA
"INDEL_cluster_0027","INDEL","182","PAWIWS","INDEL","residue 240",NA
"INDEL_cluster_0027","INDEL","183","PAWIWS","INDEL","residue 265",NA
"INDEL_cluster_0027","INDEL","184","PAWJDS","INDEL","residue 232",NA
"INDEL_cluster_0027","INDEL","185","PAWJDS","INDEL","residue 234",NA
"INDEL_cluster_0027","INDEL","2","PAWJKM","INDEL","residue 233",NA
"INDEL_cluster_0027","INDEL","188","PAWLAE","INDEL","residue 241",NA
"INDEL_cluster_0027","INDEL","189","PAWLAE","INDEL","residue 241",NA
"INDEL_cluster_0028","INDEL","5","PARFME","INDEL","residue 241",NA
"INDEL_cluster_0028","INDEL","6","PARFWJ","INDEL","residue 233",NA
"INDEL_cluster_0028","INDEL","7","PARGHJ","INDEL","residue 233",NA
"INDEL_cluster_0028","INDEL","9","PARHEL","INDEL","residue 246",NA
"INDEL_cluster_0028","INDEL","10","PARJMS","INDEL","residue 232",NA
"INDEL_cluster_0028","INDEL","11","PARJMS","INDEL","residue 232",NA
"INDEL_cluster_0028","INDEL","12","PARMGT","INDEL","residue 234",NA
"INDEL_cluster_0028","INDEL","13","PARMRF","INDEL","residue 232",NA
"INDEL_cluster_0028","INDEL","14","PARMRF","INDEL","residue 234",NA
"INDEL_cluster_0028","INDEL","15","PARWLP","INDEL","residue 241",NA
"INDEL_cluster_0028","INDEL","16","PARXFY","INDEL","residue 241",NA
"INDEL_cluster_0028","INDEL","17","PARXHT","INDEL","residue 245",NA
"INDEL_cluster_0028","INDEL","18","PARXHT","INDEL","residue 277",NA
"INDEL_cluster_0028","INDEL","20","PASIJX","INDEL","residue 232",NA
"INDEL_cluster_0028","INDEL","21","PASIJX","INDEL","residue 241",NA
"INDEL_cluster_0028","INDEL","22","PASILW","INDEL","residue 251;252",NA
"INDEL_cluster_0028","INDEL","23","PASILW","INDEL","residue 256",NA
"INDEL_cluster_0028","INDEL","24","PASKAD","INDEL","residue 234",NA
"INDEL_cluster_0028","INDEL","25","PASLAB","INDEL","residue 233",NA
"INDEL_cluster_0028","INDEL","26","PASLAB","INDEL","residue 234",NA
"INDEL_cluster_0028","INDEL","29","PASPDL","INDEL","residue 195",NA
"INDEL_cluster_0028","INDEL","30","PASPLG","INDEL","residue 246",NA
"INDEL_cluster_0028","INDEL","31","PASPNI","INDEL","residue 243",NA
"INDEL_cluster_0028","INDEL","32","PASSPP","INDEL","residue 234",NA
"INDEL_cluster_0028","INDEL","33","PASTJN","INDEL","residue 234",NA
"INDEL_cluster_0028","INDEL","34","PASUSV","INDEL","residue 236",NA
"INDEL_cluster_0028","INDEL","35","PASVIN","INDEL","residue 232",NA
"INDEL_cluster_0028","INDEL","36","PASVZJ","INDEL","residue 238;239;240;241;242;243;244",NA
"INDEL_cluster_0028","INDEL","195","PASWLV","INDEL","residue 333",NA
"INDEL_cluster_0028","INDEL","37","PASWLV","INDEL","residue 246",NA
"INDEL_cluster_0028","INDEL","39","PASYCN","INDEL","residue 241",NA
"INDEL_cluster_0028","INDEL","40","PASYCN","INDEL","residue 246",NA
"INDEL_cluster_0028","INDEL","41","PASYNX","INDEL","residue 234",NA
"INDEL_cluster_0028","INDEL","42","PASYNX","INDEL","residue 240;241;242;243",NA
"INDEL_cluster_0028","INDEL","43","PASYNX","INDEL","residue 244",NA
"INDEL_cluster_0028","INDEL","44","PASYVU","INDEL","residue 234",NA
"INDEL_cluster_0028","INDEL","45","PATADU","INDEL","residue 232",NA
"INDEL_cluster_0028","INDEL","46","PATBDK","INDEL","residue 232",NA
"INDEL_cluster_0028","INDEL","47","PATBGH","INDEL","residue 246",NA
"INDEL_cluster_0028","INDEL","48","PATBTX","INDEL","residue 232",NA
"INDEL_cluster_0028","INDEL","49","PATBVS","INDEL","residue 232",NA
"INDEL_cluster_0028","INDEL","50","PATBYK","INDEL","residue 249",NA
"INDEL_cluster_0028","INDEL","52","PATDEK","INDEL","residue 232;233",NA
"INDEL_cluster_0028","INDEL","53","PATDEK","INDEL","residue 233",NA
"INDEL_cluster_0028","INDEL","54","PATEFF","INDEL","residue 232",NA
"INDEL_cluster_0028","INDEL","55","PATEFF","INDEL","residue 245",NA
"INDEL_cluster_0028","INDEL","57","PATFJP","INDEL","residue 232",NA
"INDEL_cluster_0028","INDEL","58","PATFWZ","INDEL","residue 246",NA
"INDEL_cluster_0028","INDEL","59","PATGMJ","INDEL","residue 232",NA
"INDEL_cluster_0028","INDEL","60","PATGMJ","INDEL","residue 235",NA
"INDEL_cluster_0028","INDEL","62","PATHSL","INDEL","residue 241",NA
"INDEL_cluster_0028","INDEL","63","PATIKN","INDEL","residue 231",NA
"INDEL_cluster_0028","INDEL","64","PATJLT","INDEL","residue 233",NA
"INDEL_cluster_0028","INDEL","65","PATJLT","INDEL","residue 245",NA
"INDEL_cluster_0028","INDEL","67","PATJXW","INDEL","residue 232",NA
"INDEL_cluster_0028","INDEL","68","PATKIH","INDEL","residue 232",NA
"INDEL_cluster_0028","INDEL","69","PATKIH","INDEL","residue 241",NA
"INDEL_cluster_0028","INDEL","71","PATLUU","INDEL","residue 234",NA
"INDEL_cluster_0028","INDEL","72","PATLUU","INDEL","residue 243",NA
"INDEL_cluster_0028","INDEL","73","PATMPM","INDEL","residue 246",NA
"INDEL_cluster_0028","INDEL","74","PATNIA","INDEL","residue 232",NA
"INDEL_cluster_0028","INDEL","75","PATNIA","INDEL","residue 233",NA
"INDEL_cluster_0028","INDEL","76","PATPGE","INDEL","residue 229",NA
"INDEL_cluster_0028","INDEL","77","PATPGE","INDEL","residue 232",NA
"INDEL_cluster_0028","INDEL","78","PATPGE","INDEL","residue 233",NA
"INDEL_cluster_0028","INDEL","79","PATTIG","INDEL","residue 246",NA
"INDEL_cluster_0028","INDEL","80","PATXNK","INDEL","residue 232",NA
"INDEL_cluster_0028","INDEL","81","PATXNK","INDEL","residue 246",NA
"INDEL_cluster_0028","INDEL","82","PAUBCT","INDEL","residue 246",NA
"INDEL_cluster_0028","INDEL","83","PAUCCG","INDEL","residue 234",NA
"INDEL_cluster_0028","INDEL","84","PAUCCG","INDEL","residue 243",NA
"INDEL_cluster_0028","INDEL","85","PAUCFC","INDEL","residue 240",NA
"INDEL_cluster_0028","INDEL","86","PAUDVG","INDEL","residue 241",NA
"INDEL_cluster_0028","INDEL","87","PAUEIL","INDEL","residue 247",NA
"INDEL_cluster_0028","INDEL","89","PAUGAA","INDEL","residue 234;235",NA
"INDEL_cluster_0028","INDEL","90","PAUGAA","INDEL","residue 236",NA
"INDEL_cluster_0028","INDEL","91","PAUGAA","INDEL","residue 336",NA
"INDEL_cluster_0028","INDEL","93","PAUGLY","INDEL","residue 233",NA
"INDEL_cluster_0028","INDEL","190","PAUIEM","INDEL","residue 234",NA
"INDEL_cluster_0028","INDEL","95","PAUJRU","INDEL","residue 223",NA
"INDEL_cluster_0028","INDEL","96","PAUJRU","INDEL","residue 233",NA
"INDEL_cluster_0028","INDEL","97","PAUJXZ","INDEL","residue 232",NA
"INDEL_cluster_0028","INDEL","98","PAUKWJ","INDEL","residue 245",NA
"INDEL_cluster_0028","INDEL","99","PAUKYJ","INDEL","residue 232",NA
"INDEL_cluster_0028","INDEL","100","PAULZF","INDEL","residue 251",NA
"INDEL_cluster_0028","INDEL","101","PAULZF","INDEL","residue 252",NA
"INDEL_cluster_0028","INDEL","102","PAUNTS","INDEL","residue 233",NA
"INDEL_cluster_0028","INDEL","103","PAUNTS","INDEL","residue 245",NA
"INDEL_cluster_0028","INDEL","104","PAUNZE","INDEL","residue 232",NA
"INDEL_cluster_0028","INDEL","105","PAURCM","INDEL","residue 233",NA
"INDEL_cluster_0028","INDEL","106","PAURCM","INDEL","residue 234",NA
"INDEL_cluster_0028","INDEL","107","PAURLU","INDEL","residue 245",NA
"INDEL_cluster_0028","INDEL","108","PAURLU","INDEL","residue 246",NA
"INDEL_cluster_0028","INDEL","109","PAURTD","INDEL","residue 232",NA
"INDEL_cluster_0028","INDEL","110","PAURTD","INDEL","residue 233",NA
"INDEL_cluster_0028","INDEL","111","PAURTD","INDEL","residue 242",NA
"INDEL_cluster_0028","INDEL","112","PAUSEY","INDEL","residue 233",NA
"INDEL_cluster_0028","INDEL","113","PAUUSY","INDEL","residue 245",NA
"INDEL_cluster_0028","INDEL","114","PAUVAJ","INDEL","residue 241;242;243;244;245;246;247;248",NA
"INDEL_cluster_0028","INDEL","115","PAUWLB","INDEL","residue 241",NA
"INDEL_cluster_0028","INDEL","192","PAUWSL","INDEL","residue 236",NA
"INDEL_cluster_0028","INDEL","118","PAUXHP","INDEL","residue 245",NA
"INDEL_cluster_0028","INDEL","119","PAUXKE","INDEL","residue 246",NA
"INDEL_cluster_0028","INDEL","120","PAUXKE","INDEL","residue 248",NA
"INDEL_cluster_0028","INDEL","121","PAUXZN","INDEL","residue 232",NA
"INDEL_cluster_0028","INDEL","122","PAUYCZ","INDEL","residue 246",NA
"INDEL_cluster_0028","INDEL","123","PAUZKE","INDEL","residue 246",NA
"INDEL_cluster_0028","INDEL","124","PAUZZA","INDEL","residue 245",NA
"INDEL_cluster_0028","INDEL","125","PAVAJG","INDEL","residue 246",NA
"INDEL_cluster_0028","INDEL","193","PAVAWK","INDEL","residue 246",NA
"INDEL_cluster_0028","INDEL","127","PAVBDL","INDEL","residue 245",NA
"INDEL_cluster_0028","INDEL","128","PAVBEH","INDEL","residue 233",NA
"INDEL_cluster_0028","INDEL","130","PAVBLX","INDEL","residue 232",NA
"INDEL_cluster_0028","INDEL","132","PAVGMF","INDEL","residue 246",NA
"INDEL_cluster_0028","INDEL","133","PAVGUP","INDEL","residue 241",NA
"INDEL_cluster_0028","INDEL","134","PAVGUP","INDEL","residue 244",NA
"INDEL_cluster_0028","INDEL","135","PAVJWE","INDEL","residue 234",NA
"INDEL_cluster_0028","INDEL","136","PAVKJU","INDEL","residue 246",NA
"INDEL_cluster_0028","INDEL","137","PAVKLI","INDEL","residue 245",NA
"INDEL_cluster_0028","INDEL","194","PAVKYJ","INDEL","residue 245",NA
"INDEL_cluster_0028","INDEL","138","PAVLLU","INDEL","residue 229",NA
"INDEL_cluster_0028","INDEL","139","PAVMGW","INDEL","residue 232",NA
"INDEL_cluster_0028","INDEL","140","PAVMLG","INDEL","residue 232",NA
"INDEL_cluster_0028","INDEL","141","PAVNRN","INDEL","residue 241",NA
"INDEL_cluster_0028","INDEL","142","PAVNRN","INDEL","residue 245;246",NA
"INDEL_cluster_0028","INDEL","143","PAVRAW","INDEL","residue 234",NA
"INDEL_cluster_0028","INDEL","4","PAVRUJ","INDEL","residue 241",NA
"INDEL_cluster_0028","INDEL","144","PAVTAT","INDEL","residue 233",NA
"INDEL_cluster_0028","INDEL","145","PAVTAT","INDEL","residue 244",NA
"INDEL_cluster_0028","INDEL","147","PAVTEZ","INDEL","residue 254",NA
"INDEL_cluster_0028","INDEL","148","PAVTEZ","INDEL","residue 257",NA
"INDEL_cluster_0028","INDEL","149","PAVUKV","INDEL","residue 266",NA
"INDEL_cluster_0028","INDEL","150","PAVUKV","INDEL","residue 267",NA
"INDEL_cluster_0028","INDEL","151","PAVUYY","INDEL","residue 245",NA
"INDEL_cluster_0028","INDEL","152","PAVVBE","INDEL","residue 232",NA
"INDEL_cluster_0028","INDEL","153","PAVVBE","INDEL","residue 232",NA
"INDEL_cluster_0028","INDEL","154","PAVXUW","INDEL","residue 248",NA
"INDEL_cluster_0028","INDEL","155","PAVZTC","INDEL","residue 233",NA
"INDEL_cluster_0028","INDEL","156","PAVZTC","INDEL","residue 234",NA
"INDEL_cluster_0028","INDEL","157","PAWABB","INDEL","residue 246",NA
"INDEL_cluster_0028","INDEL","158","PAWAFV","INDEL","residue 232",NA
"INDEL_cluster_0028","INDEL","160","PAWAIN","INDEL","residue 245",NA
"INDEL_cluster_0028","INDEL","161","PAWAMD","INDEL","residue 233",NA
"INDEL_cluster_0028","INDEL","163","PAWBKA","INDEL","residue 232",NA
"INDEL_cluster_0028","INDEL","164","PAWBKA","INDEL","residue 234",NA
"INDEL_cluster_0028","INDEL","165","PAWCUT","INDEL","residue 228",NA
"INDEL_cluster_0028","INDEL","166","PAWCUT","INDEL","residue 230",NA
"INDEL_cluster_0028","INDEL","168","PAWCWL","INDEL","residue 232",NA
"INDEL_cluster_0028","INDEL","169","PAWDEK","INDEL","residue 232",NA
"INDEL_cluster_0028","INDEL","172","PAWDWJ","INDEL","residue 265",NA
"INDEL_cluster_0028","INDEL","173","PAWESJ","INDEL","residue 233",NA
"INDEL_cluster_0028","INDEL","174","PAWETD","INDEL","residue 234;235",NA
"INDEL_cluster_0028","INDEL","175","PAWGCK","INDEL","residue 233",NA
"INDEL_cluster_0028","INDEL","176","PAWGCK","INDEL","residue 246",NA
"INDEL_cluster_0028","INDEL","177","PAWGXW","INDEL","residue 246",NA
"INDEL_cluster_0028","INDEL","178","PAWGYN","INDEL","residue 232",NA
"INDEL_cluster_0028","INDEL","179","PAWGYW","INDEL","residue 234",NA
"INDEL_cluster_0028","INDEL","180","PAWIIR","INDEL","residue 245",NA
"INDEL_cluster_0028","INDEL","181","PAWIRN","INDEL","residue 246;247",NA
"INDEL_cluster_0028","INDEL","182","PAWIWS","INDEL","residue 240",NA
"INDEL_cluster_0028","INDEL","183","PAWIWS","INDEL","residue 265",NA
"INDEL_cluster_0028","INDEL","184","PAWJDS","INDEL","residue 232",NA
"INDEL_cluster_0028","INDEL","185","PAWJDS","INDEL","residue 234",NA
"INDEL_cluster_0028","INDEL","2","PAWJKM","INDEL","residue 233",NA
"INDEL_cluster_0028","INDEL","188","PAWLAE","INDEL","residue 241",NA
"INDEL_cluster_0028","INDEL","189","PAWLAE","INDEL","residue 241",NA
"INDEL_cluster_0029","INDEL","5","PARFME","INDEL","residue 241",NA
"INDEL_cluster_0029","INDEL","6","PARFWJ","INDEL","residue 233",NA
"INDEL_cluster_0029","INDEL","7","PARGHJ","INDEL","residue 233",NA
"INDEL_cluster_0029","INDEL","9","PARHEL","INDEL","residue 246",NA
"INDEL_cluster_0029","INDEL","10","PARJMS","INDEL","residue 232",NA
"INDEL_cluster_0029","INDEL","11","PARJMS","INDEL","residue 232",NA
"INDEL_cluster_0029","INDEL","12","PARMGT","INDEL","residue 234",NA
"INDEL_cluster_0029","INDEL","13","PARMRF","INDEL","residue 232",NA
"INDEL_cluster_0029","INDEL","14","PARMRF","INDEL","residue 234",NA
"INDEL_cluster_0029","INDEL","15","PARWLP","INDEL","residue 241",NA
"INDEL_cluster_0029","INDEL","16","PARXFY","INDEL","residue 241",NA
"INDEL_cluster_0029","INDEL","17","PARXHT","INDEL","residue 245",NA
"INDEL_cluster_0029","INDEL","18","PARXHT","INDEL","residue 277",NA
"INDEL_cluster_0029","INDEL","20","PASIJX","INDEL","residue 232",NA
"INDEL_cluster_0029","INDEL","21","PASIJX","INDEL","residue 241",NA
"INDEL_cluster_0029","INDEL","22","PASILW","INDEL","residue 251;252",NA
"INDEL_cluster_0029","INDEL","23","PASILW","INDEL","residue 256",NA
"INDEL_cluster_0029","INDEL","24","PASKAD","INDEL","residue 234",NA
"INDEL_cluster_0029","INDEL","25","PASLAB","INDEL","residue 233",NA
"INDEL_cluster_0029","INDEL","26","PASLAB","INDEL","residue 234",NA
"INDEL_cluster_0029","INDEL","30","PASPLG","INDEL","residue 246",NA
"INDEL_cluster_0029","INDEL","31","PASPNI","INDEL","residue 243",NA
"INDEL_cluster_0029","INDEL","32","PASSPP","INDEL","residue 234",NA
"INDEL_cluster_0029","INDEL","33","PASTJN","INDEL","residue 234",NA
"INDEL_cluster_0029","INDEL","34","PASUSV","INDEL","residue 236",NA
"INDEL_cluster_0029","INDEL","35","PASVIN","INDEL","residue 232",NA
"INDEL_cluster_0029","INDEL","36","PASVZJ","INDEL","residue 238;239;240;241;242;243;244",NA
"INDEL_cluster_0029","INDEL","195","PASWLV","INDEL","residue 333",NA
"INDEL_cluster_0029","INDEL","37","PASWLV","INDEL","residue 246",NA
"INDEL_cluster_0029","INDEL","39","PASYCN","INDEL","residue 241",NA
"INDEL_cluster_0029","INDEL","40","PASYCN","INDEL","residue 246",NA
"INDEL_cluster_0029","INDEL","41","PASYNX","INDEL","residue 234",NA
"INDEL_cluster_0029","INDEL","42","PASYNX","INDEL","residue 240;241;242;243",NA
"INDEL_cluster_0029","INDEL","43","PASYNX","INDEL","residue 244",NA
"INDEL_cluster_0029","INDEL","44","PASYVU","INDEL","residue 234",NA
"INDEL_cluster_0029","INDEL","45","PATADU","INDEL","residue 232",NA
"INDEL_cluster_0029","INDEL","46","PATBDK","INDEL","residue 232",NA
"INDEL_cluster_0029","INDEL","47","PATBGH","INDEL","residue 246",NA
"INDEL_cluster_0029","INDEL","48","PATBTX","INDEL","residue 232",NA
"INDEL_cluster_0029","INDEL","49","PATBVS","INDEL","residue 232",NA
"INDEL_cluster_0029","INDEL","50","PATBYK","INDEL","residue 249",NA
"INDEL_cluster_0029","INDEL","52","PATDEK","INDEL","residue 232;233",NA
"INDEL_cluster_0029","INDEL","53","PATDEK","INDEL","residue 233",NA
"INDEL_cluster_0029","INDEL","54","PATEFF","INDEL","residue 232",NA
"INDEL_cluster_0029","INDEL","55","PATEFF","INDEL","residue 245",NA
"INDEL_cluster_0029","INDEL","57","PATFJP","INDEL","residue 232",NA
"INDEL_cluster_0029","INDEL","58","PATFWZ","INDEL","residue 246",NA
"INDEL_cluster_0029","INDEL","59","PATGMJ","INDEL","residue 232",NA
"INDEL_cluster_0029","INDEL","60","PATGMJ","INDEL","residue 235",NA
"INDEL_cluster_0029","INDEL","62","PATHSL","INDEL","residue 241",NA
"INDEL_cluster_0029","INDEL","63","PATIKN","INDEL","residue 231",NA
"INDEL_cluster_0029","INDEL","64","PATJLT","INDEL","residue 233",NA
"INDEL_cluster_0029","INDEL","65","PATJLT","INDEL","residue 245",NA
"INDEL_cluster_0029","INDEL","67","PATJXW","INDEL","residue 232",NA
"INDEL_cluster_0029","INDEL","68","PATKIH","INDEL","residue 232",NA
"INDEL_cluster_0029","INDEL","69","PATKIH","INDEL","residue 241",NA
"INDEL_cluster_0029","INDEL","71","PATLUU","INDEL","residue 234",NA
"INDEL_cluster_0029","INDEL","72","PATLUU","INDEL","residue 243",NA
"INDEL_cluster_0029","INDEL","73","PATMPM","INDEL","residue 246",NA
"INDEL_cluster_0029","INDEL","74","PATNIA","INDEL","residue 232",NA
"INDEL_cluster_0029","INDEL","75","PATNIA","INDEL","residue 233",NA
"INDEL_cluster_0029","INDEL","76","PATPGE","INDEL","residue 229",NA
"INDEL_cluster_0029","INDEL","77","PATPGE","INDEL","residue 232",NA
"INDEL_cluster_0029","INDEL","78","PATPGE","INDEL","residue 233",NA
"INDEL_cluster_0029","INDEL","79","PATTIG","INDEL","residue 246",NA
"INDEL_cluster_0029","INDEL","80","PATXNK","INDEL","residue 232",NA
"INDEL_cluster_0029","INDEL","81","PATXNK","INDEL","residue 246",NA
"INDEL_cluster_0029","INDEL","82","PAUBCT","INDEL","residue 246",NA
"INDEL_cluster_0029","INDEL","83","PAUCCG","INDEL","residue 234",NA
"INDEL_cluster_0029","INDEL","84","PAUCCG","INDEL","residue 243",NA
"INDEL_cluster_0029","INDEL","85","PAUCFC","INDEL","residue 240",NA
"INDEL_cluster_0029","INDEL","86","PAUDVG","INDEL","residue 241",NA
"INDEL_cluster_0029","INDEL","87","PAUEIL","INDEL","residue 247",NA
"INDEL_cluster_0029","INDEL","89","PAUGAA","INDEL","residue 234;235",NA
"INDEL_cluster_0029","INDEL","90","PAUGAA","INDEL","residue 236",NA
"INDEL_cluster_0029","INDEL","91","PAUGAA","INDEL","residue 336",NA
"INDEL_cluster_0029","INDEL","93","PAUGLY","INDEL","residue 233",NA
"INDEL_cluster_0029","INDEL","190","PAUIEM","INDEL","residue 234",NA
"INDEL_cluster_0029","INDEL","95","PAUJRU","INDEL","residue 223",NA
"INDEL_cluster_0029","INDEL","96","PAUJRU","INDEL","residue 233",NA
"INDEL_cluster_0029","INDEL","97","PAUJXZ","INDEL","residue 232",NA
"INDEL_cluster_0029","INDEL","98","PAUKWJ","INDEL","residue 245",NA
"INDEL_cluster_0029","INDEL","99","PAUKYJ","INDEL","residue 232",NA
"INDEL_cluster_0029","INDEL","100","PAULZF","INDEL","residue 251",NA
"INDEL_cluster_0029","INDEL","101","PAULZF","INDEL","residue 252",NA
"INDEL_cluster_0029","INDEL","102","PAUNTS","INDEL","residue 233",NA
"INDEL_cluster_0029","INDEL","103","PAUNTS","INDEL","residue 245",NA
"INDEL_cluster_0029","INDEL","104","PAUNZE","INDEL","residue 232",NA
"INDEL_cluster_0029","INDEL","105","PAURCM","INDEL","residue 233",NA
"INDEL_cluster_0029","INDEL","106","PAURCM","INDEL","residue 234",NA
"INDEL_cluster_0029","INDEL","107","PAURLU","INDEL","residue 245",NA
"INDEL_cluster_0029","INDEL","108","PAURLU","INDEL","residue 246",NA
"INDEL_cluster_0029","INDEL","109","PAURTD","INDEL","residue 232",NA
"INDEL_cluster_0029","INDEL","110","PAURTD","INDEL","residue 233",NA
"INDEL_cluster_0029","INDEL","111","PAURTD","INDEL","residue 242",NA
"INDEL_cluster_0029","INDEL","112","PAUSEY","INDEL","residue 233",NA
"INDEL_cluster_0029","INDEL","113","PAUUSY","INDEL","residue 245",NA
"INDEL_cluster_0029","INDEL","114","PAUVAJ","INDEL","residue 241;242;243;244;245;246;247;248",NA
"INDEL_cluster_0029","INDEL","115","PAUWLB","INDEL","residue 241",NA
"INDEL_cluster_0029","INDEL","192","PAUWSL","INDEL","residue 236",NA
"INDEL_cluster_0029","INDEL","118","PAUXHP","INDEL","residue 245",NA
"INDEL_cluster_0029","INDEL","119","PAUXKE","INDEL","residue 246",NA
"INDEL_cluster_0029","INDEL","120","PAUXKE","INDEL","residue 248",NA
"INDEL_cluster_0029","INDEL","121","PAUXZN","INDEL","residue 232",NA
"INDEL_cluster_0029","INDEL","122","PAUYCZ","INDEL","residue 246",NA
"INDEL_cluster_0029","INDEL","123","PAUZKE","INDEL","residue 246",NA
"INDEL_cluster_0029","INDEL","124","PAUZZA","INDEL","residue 245",NA
"INDEL_cluster_0029","INDEL","125","PAVAJG","INDEL","residue 246",NA
"INDEL_cluster_0029","INDEL","193","PAVAWK","INDEL","residue 246",NA
"INDEL_cluster_0029","INDEL","127","PAVBDL","INDEL","residue 245",NA
"INDEL_cluster_0029","INDEL","128","PAVBEH","INDEL","residue 233",NA
"INDEL_cluster_0029","INDEL","130","PAVBLX","INDEL","residue 232",NA
"INDEL_cluster_0029","INDEL","132","PAVGMF","INDEL","residue 246",NA
"INDEL_cluster_0029","INDEL","133","PAVGUP","INDEL","residue 241",NA
"INDEL_cluster_0029","INDEL","134","PAVGUP","INDEL","residue 244",NA
"INDEL_cluster_0029","INDEL","135","PAVJWE","INDEL","residue 234",NA
"INDEL_cluster_0029","INDEL","136","PAVKJU","INDEL","residue 246",NA
"INDEL_cluster_0029","INDEL","137","PAVKLI","INDEL","residue 245",NA
"INDEL_cluster_0029","INDEL","194","PAVKYJ","INDEL","residue 245",NA
"INDEL_cluster_0029","INDEL","138","PAVLLU","INDEL","residue 229",NA
"INDEL_cluster_0029","INDEL","139","PAVMGW","INDEL","residue 232",NA
"INDEL_cluster_0029","INDEL","140","PAVMLG","INDEL","residue 232",NA
"INDEL_cluster_0029","INDEL","141","PAVNRN","INDEL","residue 241",NA
"INDEL_cluster_0029","INDEL","142","PAVNRN","INDEL","residue 245;246",NA
"INDEL_cluster_0029","INDEL","143","PAVRAW","INDEL","residue 234",NA
"INDEL_cluster_0029","INDEL","4","PAVRUJ","INDEL","residue 241",NA
"INDEL_cluster_0029","INDEL","144","PAVTAT","INDEL","residue 233",NA
"INDEL_cluster_0029","INDEL","145","PAVTAT","INDEL","residue 244",NA
"INDEL_cluster_0029","INDEL","147","PAVTEZ","INDEL","residue 254",NA
"INDEL_cluster_0029","INDEL","148","PAVTEZ","INDEL","residue 257",NA
"INDEL_cluster_0029","INDEL","149","PAVUKV","INDEL","residue 266",NA
"INDEL_cluster_0029","INDEL","150","PAVUKV","INDEL","residue 267",NA
"INDEL_cluster_0029","INDEL","151","PAVUYY","INDEL","residue 245",NA
"INDEL_cluster_0029","INDEL","152","PAVVBE","INDEL","residue 232",NA
"INDEL_cluster_0029","INDEL","153","PAVVBE","INDEL","residue 232",NA
"INDEL_cluster_0029","INDEL","154","PAVXUW","INDEL","residue 248",NA
"INDEL_cluster_0029","INDEL","155","PAVZTC","INDEL","residue 233",NA
"INDEL_cluster_0029","INDEL","156","PAVZTC","INDEL","residue 234",NA
"INDEL_cluster_0029","INDEL","157","PAWABB","INDEL","residue 246",NA
"INDEL_cluster_0029","INDEL","158","PAWAFV","INDEL","residue 232",NA
"INDEL_cluster_0029","INDEL","160","PAWAIN","INDEL","residue 245",NA
"INDEL_cluster_0029","INDEL","161","PAWAMD","INDEL","residue 233",NA
"INDEL_cluster_0029","INDEL","163","PAWBKA","INDEL","residue 232",NA
"INDEL_cluster_0029","INDEL","164","PAWBKA","INDEL","residue 234",NA
"INDEL_cluster_0029","INDEL","165","PAWCUT","INDEL","residue 228",NA
"INDEL_cluster_0029","INDEL","166","PAWCUT","INDEL","residue 230",NA
"INDEL_cluster_0029","INDEL","168","PAWCWL","INDEL","residue 232",NA
"INDEL_cluster_0029","INDEL","169","PAWDEK","INDEL","residue 232",NA
"INDEL_cluster_0029","INDEL","172","PAWDWJ","INDEL","residue 265",NA
"INDEL_cluster_0029","INDEL","173","PAWESJ","INDEL","residue 233",NA
"INDEL_cluster_0029","INDEL","174","PAWETD","INDEL","residue 234;235",NA
"INDEL_cluster_0029","INDEL","175","PAWGCK","INDEL","residue 233",NA
"INDEL_cluster_0029","INDEL","176","PAWGCK","INDEL","residue 246",NA
"INDEL_cluster_0029","INDEL","177","PAWGXW","INDEL","residue 246",NA
"INDEL_cluster_0029","INDEL","178","PAWGYN","INDEL","residue 232",NA
"INDEL_cluster_0029","INDEL","179","PAWGYW","INDEL","residue 234",NA
"INDEL_cluster_0029","INDEL","180","PAWIIR","INDEL","residue 245",NA
"INDEL_cluster_0029","INDEL","181","PAWIRN","INDEL","residue 246;247",NA
"INDEL_cluster_0029","INDEL","182","PAWIWS","INDEL","residue 240",NA
"INDEL_cluster_0029","INDEL","183","PAWIWS","INDEL","residue 265",NA
"INDEL_cluster_0029","INDEL","184","PAWJDS","INDEL","residue 232",NA
"INDEL_cluster_0029","INDEL","185","PAWJDS","INDEL","residue 234",NA
"INDEL_cluster_0029","INDEL","2","PAWJKM","INDEL","residue 233",NA
"INDEL_cluster_0029","INDEL","188","PAWLAE","INDEL","residue 241",NA
"INDEL_cluster_0029","INDEL","189","PAWLAE","INDEL","residue 241",NA
"INDEL_cluster_0030","INDEL","9","PARHEL","INDEL","residue 246",NA
"INDEL_cluster_0030","INDEL","17","PARXHT","INDEL","residue 245",NA
"INDEL_cluster_0030","INDEL","29","PASPDL","INDEL","residue 195",NA
"INDEL_cluster_0030","INDEL","30","PASPLG","INDEL","residue 246",NA
"INDEL_cluster_0030","INDEL","31","PASPNI","INDEL","residue 243",NA
"INDEL_cluster_0030","INDEL","36","PASVZJ","INDEL","residue 242;243;244",NA
"INDEL_cluster_0030","INDEL","37","PASWLV","INDEL","residue 246",NA
"INDEL_cluster_0030","INDEL","40","PASYCN","INDEL","residue 246",NA
"INDEL_cluster_0030","INDEL","42","PASYNX","INDEL","residue 242;243",NA
"INDEL_cluster_0030","INDEL","43","PASYNX","INDEL","residue 244",NA
"INDEL_cluster_0030","INDEL","47","PATBGH","INDEL","residue 246",NA
"INDEL_cluster_0030","INDEL","50","PATBYK","INDEL","residue 249",NA
"INDEL_cluster_0030","INDEL","55","PATEFF","INDEL","residue 245",NA
"INDEL_cluster_0030","INDEL","58","PATFWZ","INDEL","residue 246",NA
"INDEL_cluster_0030","INDEL","65","PATJLT","INDEL","residue 245",NA
"INDEL_cluster_0030","INDEL","72","PATLUU","INDEL","residue 243",NA
"INDEL_cluster_0030","INDEL","73","PATMPM","INDEL","residue 246",NA
"INDEL_cluster_0030","INDEL","79","PATTIG","INDEL","residue 246",NA
"INDEL_cluster_0030","INDEL","81","PATXNK","INDEL","residue 246",NA
"INDEL_cluster_0030","INDEL","82","PAUBCT","INDEL","residue 246",NA
"INDEL_cluster_0030","INDEL","84","PAUCCG","INDEL","residue 243",NA
"INDEL_cluster_0030","INDEL","87","PAUEIL","INDEL","residue 247",NA
"INDEL_cluster_0030","INDEL","98","PAUKWJ","INDEL","residue 245",NA
"INDEL_cluster_0030","INDEL","103","PAUNTS","INDEL","residue 245",NA
"INDEL_cluster_0030","INDEL","107","PAURLU","INDEL","residue 245",NA
"INDEL_cluster_0030","INDEL","108","PAURLU","INDEL","residue 246",NA
"INDEL_cluster_0030","INDEL","111","PAURTD","INDEL","residue 242",NA
"INDEL_cluster_0030","INDEL","113","PAUUSY","INDEL","residue 245",NA
"INDEL_cluster_0030","INDEL","114","PAUVAJ","INDEL","residue 242;243;244;245;246;247;248",NA
"INDEL_cluster_0030","INDEL","118","PAUXHP","INDEL","residue 245",NA
"INDEL_cluster_0030","INDEL","119","PAUXKE","INDEL","residue 246",NA
"INDEL_cluster_0030","INDEL","120","PAUXKE","INDEL","residue 248",NA
"INDEL_cluster_0030","INDEL","122","PAUYCZ","INDEL","residue 246",NA
"INDEL_cluster_0030","INDEL","123","PAUZKE","INDEL","residue 246",NA
"INDEL_cluster_0030","INDEL","124","PAUZZA","INDEL","residue 245",NA
"INDEL_cluster_0030","INDEL","125","PAVAJG","INDEL","residue 246",NA
"INDEL_cluster_0030","INDEL","193","PAVAWK","INDEL","residue 246",NA
"INDEL_cluster_0030","INDEL","127","PAVBDL","INDEL","residue 245",NA
"INDEL_cluster_0030","INDEL","132","PAVGMF","INDEL","residue 246",NA
"INDEL_cluster_0030","INDEL","134","PAVGUP","INDEL","residue 244",NA
"INDEL_cluster_0030","INDEL","136","PAVKJU","INDEL","residue 246",NA
"INDEL_cluster_0030","INDEL","137","PAVKLI","INDEL","residue 245",NA
"INDEL_cluster_0030","INDEL","194","PAVKYJ","INDEL","residue 245",NA
"INDEL_cluster_0030","INDEL","142","PAVNRN","INDEL","residue 245;246",NA
"INDEL_cluster_0030","INDEL","145","PAVTAT","INDEL","residue 244",NA
"INDEL_cluster_0030","INDEL","151","PAVUYY","INDEL","residue 245",NA
"INDEL_cluster_0030","INDEL","154","PAVXUW","INDEL","residue 248",NA
"INDEL_cluster_0030","INDEL","157","PAWABB","INDEL","residue 246",NA
"INDEL_cluster_0030","INDEL","160","PAWAIN","INDEL","residue 245",NA
"INDEL_cluster_0030","INDEL","176","PAWGCK","INDEL","residue 246",NA
"INDEL_cluster_0030","INDEL","177","PAWGXW","INDEL","residue 246",NA
"INDEL_cluster_0030","INDEL","180","PAWIIR","INDEL","residue 245",NA
"INDEL_cluster_0030","INDEL","181","PAWIRN","INDEL","residue 246;247",NA
"INDEL_cluster_0031","INDEL","9","PARHEL","INDEL","residue 246",NA
"INDEL_cluster_0031","INDEL","17","PARXHT","INDEL","residue 245",NA
"INDEL_cluster_0031","INDEL","23","PASILW","INDEL","residue 256",NA
"INDEL_cluster_0031","INDEL","29","PASPDL","INDEL","residue 195",NA
"INDEL_cluster_0031","INDEL","30","PASPLG","INDEL","residue 246",NA
"INDEL_cluster_0031","INDEL","31","PASPNI","INDEL","residue 243",NA
"INDEL_cluster_0031","INDEL","36","PASVZJ","INDEL","residue 242;243;244",NA
"INDEL_cluster_0031","INDEL","37","PASWLV","INDEL","residue 246",NA
"INDEL_cluster_0031","INDEL","40","PASYCN","INDEL","residue 246",NA
"INDEL_cluster_0031","INDEL","42","PASYNX","INDEL","residue 242;243",NA
"INDEL_cluster_0031","INDEL","43","PASYNX","INDEL","residue 244",NA
"INDEL_cluster_0031","INDEL","47","PATBGH","INDEL","residue 246",NA
"INDEL_cluster_0031","INDEL","50","PATBYK","INDEL","residue 249",NA
"INDEL_cluster_0031","INDEL","55","PATEFF","INDEL","residue 245",NA
"INDEL_cluster_0031","INDEL","58","PATFWZ","INDEL","residue 246",NA
"INDEL_cluster_0031","INDEL","65","PATJLT","INDEL","residue 245",NA
"INDEL_cluster_0031","INDEL","72","PATLUU","INDEL","residue 243",NA
"INDEL_cluster_0031","INDEL","73","PATMPM","INDEL","residue 246",NA
"INDEL_cluster_0031","INDEL","79","PATTIG","INDEL","residue 246",NA
"INDEL_cluster_0031","INDEL","81","PATXNK","INDEL","residue 246",NA
"INDEL_cluster_0031","INDEL","82","PAUBCT","INDEL","residue 246",NA
"INDEL_cluster_0031","INDEL","84","PAUCCG","INDEL","residue 243",NA
"INDEL_cluster_0031","INDEL","87","PAUEIL","INDEL","residue 247",NA
"INDEL_cluster_0031","INDEL","95","PAUJRU","INDEL","residue 223",NA
"INDEL_cluster_0031","INDEL","98","PAUKWJ","INDEL","residue 245",NA
"INDEL_cluster_0031","INDEL","103","PAUNTS","INDEL","residue 245",NA
"INDEL_cluster_0031","INDEL","107","PAURLU","INDEL","residue 245",NA
"INDEL_cluster_0031","INDEL","108","PAURLU","INDEL","residue 246",NA
"INDEL_cluster_0031","INDEL","111","PAURTD","INDEL","residue 242",NA
"INDEL_cluster_0031","INDEL","113","PAUUSY","INDEL","residue 245",NA
"INDEL_cluster_0031","INDEL","114","PAUVAJ","INDEL","residue 242;243;244;245;246;247;248",NA
"INDEL_cluster_0031","INDEL","118","PAUXHP","INDEL","residue 245",NA
"INDEL_cluster_0031","INDEL","119","PAUXKE","INDEL","residue 246",NA
"INDEL_cluster_0031","INDEL","120","PAUXKE","INDEL","residue 248",NA
"INDEL_cluster_0031","INDEL","122","PAUYCZ","INDEL","residue 246",NA
"INDEL_cluster_0031","INDEL","123","PAUZKE","INDEL","residue 246",NA
"INDEL_cluster_0031","INDEL","124","PAUZZA","INDEL","residue 245",NA
"INDEL_cluster_0031","INDEL","125","PAVAJG","INDEL","residue 246",NA
"INDEL_cluster_0031","INDEL","193","PAVAWK","INDEL","residue 246",NA
"INDEL_cluster_0031","INDEL","127","PAVBDL","INDEL","residue 245",NA
"INDEL_cluster_0031","INDEL","132","PAVGMF","INDEL","residue 246",NA
"INDEL_cluster_0031","INDEL","134","PAVGUP","INDEL","residue 244",NA
"INDEL_cluster_0031","INDEL","136","PAVKJU","INDEL","residue 246",NA
"INDEL_cluster_0031","INDEL","137","PAVKLI","INDEL","residue 245",NA
"INDEL_cluster_0031","INDEL","194","PAVKYJ","INDEL","residue 245",NA
"INDEL_cluster_0031","INDEL","142","PAVNRN","INDEL","residue 245;246",NA
"INDEL_cluster_0031","INDEL","145","PAVTAT","INDEL","residue 244",NA
"INDEL_cluster_0031","INDEL","147","PAVTEZ","INDEL","residue 254",NA
"INDEL_cluster_0031","INDEL","148","PAVTEZ","INDEL","residue 257",NA
"INDEL_cluster_0031","INDEL","151","PAVUYY","INDEL","residue 245",NA
"INDEL_cluster_0031","INDEL","154","PAVXUW","INDEL","residue 248",NA
"INDEL_cluster_0031","INDEL","157","PAWABB","INDEL","residue 246",NA
"INDEL_cluster_0031","INDEL","160","PAWAIN","INDEL","residue 245",NA
"INDEL_cluster_0031","INDEL","176","PAWGCK","INDEL","residue 246",NA
"INDEL_cluster_0031","INDEL","177","PAWGXW","INDEL","residue 246",NA
"INDEL_cluster_0031","INDEL","180","PAWIIR","INDEL","residue 245",NA
"INDEL_cluster_0031","INDEL","181","PAWIRN","INDEL","residue 246;247",NA
"INDEL_cluster_0032","INDEL","9","PARHEL","INDEL","residue 246",NA
"INDEL_cluster_0032","INDEL","17","PARXHT","INDEL","residue 245",NA
"INDEL_cluster_0032","INDEL","18","PARXHT","INDEL","residue 277",NA
"INDEL_cluster_0032","INDEL","22","PASILW","INDEL","residue 251;252",NA
"INDEL_cluster_0032","INDEL","23","PASILW","INDEL","residue 256",NA
"INDEL_cluster_0032","INDEL","29","PASPDL","INDEL","residue 195",NA
"INDEL_cluster_0032","INDEL","30","PASPLG","INDEL","residue 246",NA
"INDEL_cluster_0032","INDEL","31","PASPNI","INDEL","residue 243",NA
"INDEL_cluster_0032","INDEL","36","PASVZJ","INDEL","residue 242;243;244",NA
"INDEL_cluster_0032","INDEL","37","PASWLV","INDEL","residue 246",NA
"INDEL_cluster_0032","INDEL","40","PASYCN","INDEL","residue 246",NA
"INDEL_cluster_0032","INDEL","42","PASYNX","INDEL","residue 242;243",NA
"INDEL_cluster_0032","INDEL","43","PASYNX","INDEL","residue 244",NA
"INDEL_cluster_0032","INDEL","47","PATBGH","INDEL","residue 246",NA
"INDEL_cluster_0032","INDEL","50","PATBYK","INDEL","residue 249",NA
"INDEL_cluster_0032","INDEL","55","PATEFF","INDEL","residue 245",NA
"INDEL_cluster_0032","INDEL","58","PATFWZ","INDEL","residue 246",NA
"INDEL_cluster_0032","INDEL","65","PATJLT","INDEL","residue 245",NA
"INDEL_cluster_0032","INDEL","72","PATLUU","INDEL","residue 243",NA
"INDEL_cluster_0032","INDEL","73","PATMPM","INDEL","residue 246",NA
"INDEL_cluster_0032","INDEL","79","PATTIG","INDEL","residue 246",NA
"INDEL_cluster_0032","INDEL","81","PATXNK","INDEL","residue 246",NA
"INDEL_cluster_0032","INDEL","82","PAUBCT","INDEL","residue 246",NA
"INDEL_cluster_0032","INDEL","84","PAUCCG","INDEL","residue 243",NA
"INDEL_cluster_0032","INDEL","87","PAUEIL","INDEL","residue 247",NA
"INDEL_cluster_0032","INDEL","95","PAUJRU","INDEL","residue 223",NA
"INDEL_cluster_0032","INDEL","98","PAUKWJ","INDEL","residue 245",NA
"INDEL_cluster_0032","INDEL","100","PAULZF","INDEL","residue 251",NA
"INDEL_cluster_0032","INDEL","101","PAULZF","INDEL","residue 252",NA
"INDEL_cluster_0032","INDEL","103","PAUNTS","INDEL","residue 245",NA
"INDEL_cluster_0032","INDEL","107","PAURLU","INDEL","residue 245",NA
"INDEL_cluster_0032","INDEL","108","PAURLU","INDEL","residue 246",NA
"INDEL_cluster_0032","INDEL","111","PAURTD","INDEL","residue 242",NA
"INDEL_cluster_0032","INDEL","113","PAUUSY","INDEL","residue 245",NA
"INDEL_cluster_0032","INDEL","114","PAUVAJ","INDEL","residue 242;243;244;245;246;247;248",NA
"INDEL_cluster_0032","INDEL","118","PAUXHP","INDEL","residue 245",NA
"INDEL_cluster_0032","INDEL","119","PAUXKE","INDEL","residue 246",NA
"INDEL_cluster_0032","INDEL","120","PAUXKE","INDEL","residue 248",NA
"INDEL_cluster_0032","INDEL","122","PAUYCZ","INDEL","residue 246",NA
"INDEL_cluster_0032","INDEL","123","PAUZKE","INDEL","residue 246",NA
"INDEL_cluster_0032","INDEL","124","PAUZZA","INDEL","residue 245",NA
"INDEL_cluster_0032","INDEL","125","PAVAJG","INDEL","residue 246",NA
"INDEL_cluster_0032","INDEL","193","PAVAWK","INDEL","residue 246",NA
"INDEL_cluster_0032","INDEL","127","PAVBDL","INDEL","residue 245",NA
"INDEL_cluster_0032","INDEL","132","PAVGMF","INDEL","residue 246",NA
"INDEL_cluster_0032","INDEL","134","PAVGUP","INDEL","residue 244",NA
"INDEL_cluster_0032","INDEL","136","PAVKJU","INDEL","residue 246",NA
"INDEL_cluster_0032","INDEL","137","PAVKLI","INDEL","residue 245",NA
"INDEL_cluster_0032","INDEL","194","PAVKYJ","INDEL","residue 245",NA
"INDEL_cluster_0032","INDEL","142","PAVNRN","INDEL","residue 245;246",NA
"INDEL_cluster_0032","INDEL","145","PAVTAT","INDEL","residue 244",NA
"INDEL_cluster_0032","INDEL","147","PAVTEZ","INDEL","residue 254",NA
"INDEL_cluster_0032","INDEL","148","PAVTEZ","INDEL","residue 257",NA
"INDEL_cluster_0032","INDEL","151","PAVUYY","INDEL","residue 245",NA
"INDEL_cluster_0032","INDEL","154","PAVXUW","INDEL","residue 248",NA
"INDEL_cluster_0032","INDEL","157","PAWABB","INDEL","residue 246",NA
"INDEL_cluster_0032","INDEL","160","PAWAIN","INDEL","residue 245",NA
"INDEL_cluster_0032","INDEL","176","PAWGCK","INDEL","residue 246",NA
"INDEL_cluster_0032","INDEL","177","PAWGXW","INDEL","residue 246",NA
"INDEL_cluster_0032","INDEL","180","PAWIIR","INDEL","residue 245",NA
"INDEL_cluster_0032","INDEL","181","PAWIRN","INDEL","residue 246;247",NA
"INDEL_cluster_0033","INDEL","9","PARHEL","INDEL","residue 246",NA
"INDEL_cluster_0033","INDEL","29","PASPDL","INDEL","residue 195",NA
"INDEL_cluster_0033","INDEL","30","PASPLG","INDEL","residue 246",NA
"INDEL_cluster_0033","INDEL","37","PASWLV","INDEL","residue 246",NA
"INDEL_cluster_0033","INDEL","40","PASYCN","INDEL","residue 246",NA
"INDEL_cluster_0033","INDEL","47","PATBGH","INDEL","residue 246",NA
"INDEL_cluster_0033","INDEL","58","PATFWZ","INDEL","residue 246",NA
"INDEL_cluster_0033","INDEL","73","PATMPM","INDEL","residue 246",NA
"INDEL_cluster_0033","INDEL","79","PATTIG","INDEL","residue 246",NA
"INDEL_cluster_0033","INDEL","81","PATXNK","INDEL","residue 246",NA
"INDEL_cluster_0033","INDEL","82","PAUBCT","INDEL","residue 246",NA
"INDEL_cluster_0033","INDEL","87","PAUEIL","INDEL","residue 247",NA
"INDEL_cluster_0033","INDEL","108","PAURLU","INDEL","residue 246",NA
"INDEL_cluster_0033","INDEL","114","PAUVAJ","INDEL","residue 246;247",NA
"INDEL_cluster_0033","INDEL","119","PAUXKE","INDEL","residue 246",NA
"INDEL_cluster_0033","INDEL","122","PAUYCZ","INDEL","residue 246",NA
"INDEL_cluster_0033","INDEL","123","PAUZKE","INDEL","residue 246",NA
"INDEL_cluster_0033","INDEL","125","PAVAJG","INDEL","residue 246",NA
"INDEL_cluster_0033","INDEL","193","PAVAWK","INDEL","residue 246",NA
"INDEL_cluster_0033","INDEL","132","PAVGMF","INDEL","residue 246",NA
"INDEL_cluster_0033","INDEL","136","PAVKJU","INDEL","residue 246",NA
"INDEL_cluster_0033","INDEL","142","PAVNRN","INDEL","residue 246",NA
"INDEL_cluster_0033","INDEL","157","PAWABB","INDEL","residue 246",NA
"INDEL_cluster_0033","INDEL","176","PAWGCK","INDEL","residue 246",NA
"INDEL_cluster_0033","INDEL","177","PAWGXW","INDEL","residue 246",NA
"INDEL_cluster_0033","INDEL","181","PAWIRN","INDEL","residue 246;247",NA
"INDEL_cluster_0034","INDEL","9","PARHEL","INDEL","residue 246",NA
"INDEL_cluster_0034","INDEL","29","PASPDL","INDEL","residue 195",NA
"INDEL_cluster_0034","INDEL","30","PASPLG","INDEL","residue 246",NA
"INDEL_cluster_0034","INDEL","37","PASWLV","INDEL","residue 246",NA
"INDEL_cluster_0034","INDEL","40","PASYCN","INDEL","residue 246",NA
"INDEL_cluster_0034","INDEL","47","PATBGH","INDEL","residue 246",NA
"INDEL_cluster_0034","INDEL","50","PATBYK","INDEL","residue 249",NA
"INDEL_cluster_0034","INDEL","58","PATFWZ","INDEL","residue 246",NA
"INDEL_cluster_0034","INDEL","73","PATMPM","INDEL","residue 246",NA
"INDEL_cluster_0034","INDEL","79","PATTIG","INDEL","residue 246",NA
"INDEL_cluster_0034","INDEL","81","PATXNK","INDEL","residue 246",NA
"INDEL_cluster_0034","INDEL","82","PAUBCT","INDEL","residue 246",NA
"INDEL_cluster_0034","INDEL","87","PAUEIL","INDEL","residue 247",NA
"INDEL_cluster_0034","INDEL","108","PAURLU","INDEL","residue 246",NA
"INDEL_cluster_0034","INDEL","114","PAUVAJ","INDEL","residue 246;247;248",NA
"INDEL_cluster_0034","INDEL","119","PAUXKE","INDEL","residue 246",NA
"INDEL_cluster_0034","INDEL","120","PAUXKE","INDEL","residue 248",NA
"INDEL_cluster_0034","INDEL","122","PAUYCZ","INDEL","residue 246",NA
"INDEL_cluster_0034","INDEL","123","PAUZKE","INDEL","residue 246",NA
"INDEL_cluster_0034","INDEL","125","PAVAJG","INDEL","residue 246",NA
"INDEL_cluster_0034","INDEL","193","PAVAWK","INDEL","residue 246",NA
"INDEL_cluster_0034","INDEL","132","PAVGMF","INDEL","residue 246",NA
"INDEL_cluster_0034","INDEL","136","PAVKJU","INDEL","residue 246",NA
"INDEL_cluster_0034","INDEL","142","PAVNRN","INDEL","residue 246",NA
"INDEL_cluster_0034","INDEL","154","PAVXUW","INDEL","residue 248",NA
"INDEL_cluster_0034","INDEL","157","PAWABB","INDEL","residue 246",NA
"INDEL_cluster_0034","INDEL","176","PAWGCK","INDEL","residue 246",NA
"INDEL_cluster_0034","INDEL","177","PAWGXW","INDEL","residue 246",NA
"INDEL_cluster_0034","INDEL","181","PAWIRN","INDEL","residue 246;247",NA
"INDEL_cluster_0035","INDEL","5","PARFME","INDEL","residue 241",NA
"INDEL_cluster_0035","INDEL","15","PARWLP","INDEL","residue 241",NA
"INDEL_cluster_0035","INDEL","16","PARXFY","INDEL","residue 241",NA
"INDEL_cluster_0035","INDEL","21","PASIJX","INDEL","residue 241",NA
"INDEL_cluster_0035","INDEL","36","PASVZJ","INDEL","residue 238;239;240;241",NA
"INDEL_cluster_0035","INDEL","39","PASYCN","INDEL","residue 241",NA
"INDEL_cluster_0035","INDEL","42","PASYNX","INDEL","residue 240;241",NA
"INDEL_cluster_0035","INDEL","62","PATHSL","INDEL","residue 241",NA
"INDEL_cluster_0035","INDEL","69","PATKIH","INDEL","residue 241",NA
"INDEL_cluster_0035","INDEL","85","PAUCFC","INDEL","residue 240",NA
"INDEL_cluster_0035","INDEL","86","PAUDVG","INDEL","residue 241",NA
"INDEL_cluster_0035","INDEL","114","PAUVAJ","INDEL","residue 241",NA
"INDEL_cluster_0035","INDEL","115","PAUWLB","INDEL","residue 241",NA
"INDEL_cluster_0035","INDEL","133","PAVGUP","INDEL","residue 241",NA
"INDEL_cluster_0035","INDEL","141","PAVNRN","INDEL","residue 241",NA
"INDEL_cluster_0035","INDEL","4","PAVRUJ","INDEL","residue 241",NA
"INDEL_cluster_0035","INDEL","182","PAWIWS","INDEL","residue 240",NA
"INDEL_cluster_0035","INDEL","188","PAWLAE","INDEL","residue 241",NA
"INDEL_cluster_0035","INDEL","189","PAWLAE","INDEL","residue 241",NA
"INDEL_cluster_0036","INDEL","5","PARFME","INDEL","residue 241",NA
"INDEL_cluster_0036","INDEL","6","PARFWJ","INDEL","residue 233",NA
"INDEL_cluster_0036","INDEL","7","PARGHJ","INDEL","residue 233",NA
"INDEL_cluster_0036","INDEL","8","PARHEL","INDEL","residue 129",NA
"INDEL_cluster_0036","INDEL","9","PARHEL","INDEL","residue 246",NA
"INDEL_cluster_0036","INDEL","10","PARJMS","INDEL","residue 232",NA
"INDEL_cluster_0036","INDEL","11","PARJMS","INDEL","residue 232",NA
"INDEL_cluster_0036","INDEL","12","PARMGT","INDEL","residue 234",NA
"INDEL_cluster_0036","INDEL","13","PARMRF","INDEL","residue 232",NA
"INDEL_cluster_0036","INDEL","14","PARMRF","INDEL","residue 234",NA
"INDEL_cluster_0036","INDEL","15","PARWLP","INDEL","residue 241",NA
"INDEL_cluster_0036","INDEL","16","PARXFY","INDEL","residue 241",NA
"INDEL_cluster_0036","INDEL","17","PARXHT","INDEL","residue 245",NA
"INDEL_cluster_0036","INDEL","18","PARXHT","INDEL","residue 277",NA
"INDEL_cluster_0036","INDEL","19","PASFHR","INDEL","residue 170",NA
"INDEL_cluster_0036","INDEL","20","PASIJX","INDEL","residue 232",NA
"INDEL_cluster_0036","INDEL","21","PASIJX","INDEL","residue 241",NA
"INDEL_cluster_0036","INDEL","22","PASILW","INDEL","residue 251;252",NA
"INDEL_cluster_0036","INDEL","23","PASILW","INDEL","residue 256",NA
"INDEL_cluster_0036","INDEL","24","PASKAD","INDEL","residue 234",NA
"INDEL_cluster_0036","INDEL","25","PASLAB","INDEL","residue 233",NA
"INDEL_cluster_0036","INDEL","26","PASLAB","INDEL","residue 234",NA
"INDEL_cluster_0036","INDEL","27","PASLXY","INDEL","residue 132;133",NA
"INDEL_cluster_0036","INDEL","28","PASPDL","INDEL","residue 26",NA
"INDEL_cluster_0036","INDEL","29","PASPDL","INDEL","residue 195",NA
"INDEL_cluster_0036","INDEL","30","PASPLG","INDEL","residue 246",NA
"INDEL_cluster_0036","INDEL","31","PASPNI","INDEL","residue 243",NA
"INDEL_cluster_0036","INDEL","32","PASSPP","INDEL","residue 234",NA
"INDEL_cluster_0036","INDEL","33","PASTJN","INDEL","residue 234",NA
"INDEL_cluster_0036","INDEL","34","PASUSV","INDEL","residue 236",NA
"INDEL_cluster_0036","INDEL","35","PASVIN","INDEL","residue 232",NA
"INDEL_cluster_0036","INDEL","36","PASVZJ","INDEL","residue 238;239;240;241;242;243;244",NA
"INDEL_cluster_0036","INDEL","195","PASWLV","INDEL","residue 333",NA
"INDEL_cluster_0036","INDEL","37","PASWLV","INDEL","residue 246",NA
"INDEL_cluster_0036","INDEL","39","PASYCN","INDEL","residue 241",NA
"INDEL_cluster_0036","INDEL","40","PASYCN","INDEL","residue 246",NA
"INDEL_cluster_0036","INDEL","41","PASYNX","INDEL","residue 234",NA
"INDEL_cluster_0036","INDEL","42","PASYNX","INDEL","residue 240;241;242;243",NA
"INDEL_cluster_0036","INDEL","43","PASYNX","INDEL","residue 244",NA
"INDEL_cluster_0036","INDEL","44","PASYVU","INDEL","residue 234",NA
"INDEL_cluster_0036","INDEL","45","PATADU","INDEL","residue 232",NA
"INDEL_cluster_0036","INDEL","46","PATBDK","INDEL","residue 232",NA
"INDEL_cluster_0036","INDEL","47","PATBGH","INDEL","residue 246",NA
"INDEL_cluster_0036","INDEL","48","PATBTX","INDEL","residue 232",NA
"INDEL_cluster_0036","INDEL","49","PATBVS","INDEL","residue 232",NA
"INDEL_cluster_0036","INDEL","50","PATBYK","INDEL","residue 249",NA
"INDEL_cluster_0036","INDEL","51","PATCTR","INDEL","residue 59",NA
"INDEL_cluster_0036","INDEL","52","PATDEK","INDEL","residue 232;233",NA
"INDEL_cluster_0036","INDEL","53","PATDEK","INDEL","residue 233",NA
"INDEL_cluster_0036","INDEL","54","PATEFF","INDEL","residue 232",NA
"INDEL_cluster_0036","INDEL","55","PATEFF","INDEL","residue 245",NA
"INDEL_cluster_0036","INDEL","56","PATEYS","INDEL","residue 162",NA
"INDEL_cluster_0036","INDEL","57","PATFJP","INDEL","residue 232",NA
"INDEL_cluster_0036","INDEL","58","PATFWZ","INDEL","residue 246",NA
"INDEL_cluster_0036","INDEL","59","PATGMJ","INDEL","residue 232",NA
"INDEL_cluster_0036","INDEL","60","PATGMJ","INDEL","residue 235",NA
"INDEL_cluster_0036","INDEL","61","PATHJF","INDEL","residue 146",NA
"INDEL_cluster_0036","INDEL","62","PATHSL","INDEL","residue 241",NA
"INDEL_cluster_0036","INDEL","63","PATIKN","INDEL","residue 231",NA
"INDEL_cluster_0036","INDEL","64","PATJLT","INDEL","residue 233",NA
"INDEL_cluster_0036","INDEL","65","PATJLT","INDEL","residue 245",NA
"INDEL_cluster_0036","INDEL","66","PATJXW","INDEL","residue 66",NA
"INDEL_cluster_0036","INDEL","67","PATJXW","INDEL","residue 232",NA
"INDEL_cluster_0036","INDEL","68","PATKIH","INDEL","residue 232",NA
"INDEL_cluster_0036","INDEL","69","PATKIH","INDEL","residue 241",NA
"INDEL_cluster_0036","INDEL","70","PATKPW","INDEL","residue 133",NA
"INDEL_cluster_0036","INDEL","71","PATLUU","INDEL","residue 234",NA
"INDEL_cluster_0036","INDEL","72","PATLUU","INDEL","residue 243",NA
"INDEL_cluster_0036","INDEL","73","PATMPM","INDEL","residue 246",NA
"INDEL_cluster_0036","INDEL","74","PATNIA","INDEL","residue 232",NA
"INDEL_cluster_0036","INDEL","75","PATNIA","INDEL","residue 233",NA
"INDEL_cluster_0036","INDEL","76","PATPGE","INDEL","residue 229",NA
"INDEL_cluster_0036","INDEL","77","PATPGE","INDEL","residue 232",NA
"INDEL_cluster_0036","INDEL","78","PATPGE","INDEL","residue 233",NA
"INDEL_cluster_0036","INDEL","79","PATTIG","INDEL","residue 246",NA
"INDEL_cluster_0036","INDEL","80","PATXNK","INDEL","residue 232",NA
"INDEL_cluster_0036","INDEL","81","PATXNK","INDEL","residue 246",NA
"INDEL_cluster_0036","INDEL","82","PAUBCT","INDEL","residue 246",NA
"INDEL_cluster_0036","INDEL","83","PAUCCG","INDEL","residue 234",NA
"INDEL_cluster_0036","INDEL","84","PAUCCG","INDEL","residue 243",NA
"INDEL_cluster_0036","INDEL","85","PAUCFC","INDEL","residue 240",NA
"INDEL_cluster_0036","INDEL","1","PAUCIZ","INDEL","residue 30",NA
"INDEL_cluster_0036","INDEL","86","PAUDVG","INDEL","residue 241",NA
"INDEL_cluster_0036","INDEL","87","PAUEIL","INDEL","residue 247",NA
"INDEL_cluster_0036","INDEL","88","PAUEJV","INDEL","residue 182",NA
"INDEL_cluster_0036","INDEL","89","PAUGAA","INDEL","residue 234;235",NA
"INDEL_cluster_0036","INDEL","90","PAUGAA","INDEL","residue 236",NA
"INDEL_cluster_0036","INDEL","91","PAUGAA","INDEL","residue 336",NA
"INDEL_cluster_0036","INDEL","93","PAUGLY","INDEL","residue 233",NA
"INDEL_cluster_0036","INDEL","94","PAUGPY","INDEL","residue 68",NA
"INDEL_cluster_0036","INDEL","190","PAUIEM","INDEL","residue 234",NA
"INDEL_cluster_0036","INDEL","95","PAUJRU","INDEL","residue 223",NA
"INDEL_cluster_0036","INDEL","96","PAUJRU","INDEL","residue 233",NA
"INDEL_cluster_0036","INDEL","97","PAUJXZ","INDEL","residue 232",NA
"INDEL_cluster_0036","INDEL","98","PAUKWJ","INDEL","residue 245",NA
"INDEL_cluster_0036","INDEL","99","PAUKYJ","INDEL","residue 232",NA
"INDEL_cluster_0036","INDEL","100","PAULZF","INDEL","residue 251",NA
"INDEL_cluster_0036","INDEL","101","PAULZF","INDEL","residue 252",NA
"INDEL_cluster_0036","INDEL","102","PAUNTS","INDEL","residue 233",NA
"INDEL_cluster_0036","INDEL","103","PAUNTS","INDEL","residue 245",NA
"INDEL_cluster_0036","INDEL","104","PAUNZE","INDEL","residue 232",NA
"INDEL_cluster_0036","INDEL","105","PAURCM","INDEL","residue 233",NA
"INDEL_cluster_0036","INDEL","106","PAURCM","INDEL","residue 234",NA
"INDEL_cluster_0036","INDEL","107","PAURLU","INDEL","residue 245",NA
"INDEL_cluster_0036","INDEL","108","PAURLU","INDEL","residue 246",NA
"INDEL_cluster_0036","INDEL","109","PAURTD","INDEL","residue 232",NA
"INDEL_cluster_0036","INDEL","110","PAURTD","INDEL","residue 233",NA
"INDEL_cluster_0036","INDEL","111","PAURTD","INDEL","residue 242",NA
"INDEL_cluster_0036","INDEL","112","PAUSEY","INDEL","residue 233",NA
"INDEL_cluster_0036","INDEL","113","PAUUSY","INDEL","residue 245",NA
"INDEL_cluster_0036","INDEL","114","PAUVAJ","INDEL","residue 241;242;243;244;245;246;247;248",NA
"INDEL_cluster_0036","INDEL","115","PAUWLB","INDEL","residue 241",NA
"INDEL_cluster_0036","INDEL","191","PAUWSL","INDEL","residue 19",NA
"INDEL_cluster_0036","INDEL","192","PAUWSL","INDEL","residue 236",NA
"INDEL_cluster_0036","INDEL","116","PAUWUY","INDEL","residue 182",NA
"INDEL_cluster_0036","INDEL","117","PAUWXI","INDEL","residue 125",NA
"INDEL_cluster_0036","INDEL","118","PAUXHP","INDEL","residue 245",NA
"INDEL_cluster_0036","INDEL","119","PAUXKE","INDEL","residue 246",NA
"INDEL_cluster_0036","INDEL","120","PAUXKE","INDEL","residue 248",NA
"INDEL_cluster_0036","INDEL","121","PAUXZN","INDEL","residue 232",NA
"INDEL_cluster_0036","INDEL","122","PAUYCZ","INDEL","residue 246",NA
"INDEL_cluster_0036","INDEL","123","PAUZKE","INDEL","residue 246",NA
"INDEL_cluster_0036","INDEL","124","PAUZZA","INDEL","residue 245",NA
"INDEL_cluster_0036","INDEL","125","PAVAJG","INDEL","residue 246",NA
"INDEL_cluster_0036","INDEL","193","PAVAWK","INDEL","residue 246",NA
"INDEL_cluster_0036","INDEL","126","PAVBDL","INDEL","residue 161",NA
"INDEL_cluster_0036","INDEL","127","PAVBDL","INDEL","residue 245",NA
"INDEL_cluster_0036","INDEL","128","PAVBEH","INDEL","residue 233",NA
"INDEL_cluster_0036","INDEL","129","PAVBLJ","INDEL","residue 21",NA
"INDEL_cluster_0036","INDEL","130","PAVBLX","INDEL","residue 232",NA
"INDEL_cluster_0036","INDEL","3","PAVESF","INDEL","residue 162",NA
"INDEL_cluster_0036","INDEL","131","PAVFAX","INDEL","residue 32",NA
"INDEL_cluster_0036","INDEL","132","PAVGMF","INDEL","residue 246",NA
"INDEL_cluster_0036","INDEL","133","PAVGUP","INDEL","residue 241",NA
"INDEL_cluster_0036","INDEL","134","PAVGUP","INDEL","residue 244",NA
"INDEL_cluster_0036","INDEL","135","PAVJWE","INDEL","residue 234",NA
"INDEL_cluster_0036","INDEL","136","PAVKJU","INDEL","residue 246",NA
"INDEL_cluster_0036","INDEL","137","PAVKLI","INDEL","residue 245",NA
"INDEL_cluster_0036","INDEL","194","PAVKYJ","INDEL","residue 245",NA
"INDEL_cluster_0036","INDEL","138","PAVLLU","INDEL","residue 229",NA
"INDEL_cluster_0036","INDEL","139","PAVMGW","INDEL","residue 232",NA
"INDEL_cluster_0036","INDEL","140","PAVMLG","INDEL","residue 232",NA
"INDEL_cluster_0036","INDEL","141","PAVNRN","INDEL","residue 241",NA
"INDEL_cluster_0036","INDEL","142","PAVNRN","INDEL","residue 245;246",NA
"INDEL_cluster_0036","INDEL","143","PAVRAW","INDEL","residue 234",NA
"INDEL_cluster_0036","INDEL","4","PAVRUJ","INDEL","residue 241",NA
"INDEL_cluster_0036","INDEL","144","PAVTAT","INDEL","residue 233",NA
"INDEL_cluster_0036","INDEL","145","PAVTAT","INDEL","residue 244",NA
"INDEL_cluster_0036","INDEL","146","PAVTEZ","INDEL","residue 174;175;176",NA
"INDEL_cluster_0036","INDEL","147","PAVTEZ","INDEL","residue 254",NA
"INDEL_cluster_0036","INDEL","148","PAVTEZ","INDEL","residue 257",NA
"INDEL_cluster_0036","INDEL","149","PAVUKV","INDEL","residue 266",NA
"INDEL_cluster_0036","INDEL","150","PAVUKV","INDEL","residue 267",NA
"INDEL_cluster_0036","INDEL","151","PAVUYY","INDEL","residue 245",NA
"INDEL_cluster_0036","INDEL","152","PAVVBE","INDEL","residue 232",NA
"INDEL_cluster_0036","INDEL","153","PAVVBE","INDEL","residue 232",NA
"INDEL_cluster_0036","INDEL","154","PAVXUW","INDEL","residue 248",NA
"INDEL_cluster_0036","INDEL","155","PAVZTC","INDEL","residue 233",NA
"INDEL_cluster_0036","INDEL","156","PAVZTC","INDEL","residue 234",NA
"INDEL_cluster_0036","INDEL","157","PAWABB","INDEL","residue 246",NA
"INDEL_cluster_0036","INDEL","158","PAWAFV","INDEL","residue 232",NA
"INDEL_cluster_0036","INDEL","159","PAWAIM","INDEL","residue 93",NA
"INDEL_cluster_0036","INDEL","160","PAWAIN","INDEL","residue 245",NA
"INDEL_cluster_0036","INDEL","161","PAWAMD","INDEL","residue 233",NA
"INDEL_cluster_0036","INDEL","162","PAWAYT","INDEL","residue 176",NA
"INDEL_cluster_0036","INDEL","163","PAWBKA","INDEL","residue 232",NA
"INDEL_cluster_0036","INDEL","164","PAWBKA","INDEL","residue 234",NA
"INDEL_cluster_0036","INDEL","165","PAWCUT","INDEL","residue 228",NA
"INDEL_cluster_0036","INDEL","166","PAWCUT","INDEL","residue 230",NA
"INDEL_cluster_0036","INDEL","167","PAWCWL","INDEL","residue 23",NA
"INDEL_cluster_0036","INDEL","168","PAWCWL","INDEL","residue 232",NA
"INDEL_cluster_0036","INDEL","169","PAWDEK","INDEL","residue 232",NA
"INDEL_cluster_0036","INDEL","170","PAWDWJ","INDEL","residue 72",NA
"INDEL_cluster_0036","INDEL","171","PAWDWJ","INDEL","residue 75",NA
"INDEL_cluster_0036","INDEL","172","PAWDWJ","INDEL","residue 265",NA
"INDEL_cluster_0036","INDEL","173","PAWESJ","INDEL","residue 233",NA
"INDEL_cluster_0036","INDEL","174","PAWETD","INDEL","residue 234;235",NA
"INDEL_cluster_0036","INDEL","175","PAWGCK","INDEL","residue 233",NA
"INDEL_cluster_0036","INDEL","176","PAWGCK","INDEL","residue 246",NA
"INDEL_cluster_0036","INDEL","177","PAWGXW","INDEL","residue 246",NA
"INDEL_cluster_0036","INDEL","178","PAWGYN","INDEL","residue 232",NA
"INDEL_cluster_0036","INDEL","179","PAWGYW","INDEL","residue 234",NA
"INDEL_cluster_0036","INDEL","180","PAWIIR","INDEL","residue 245",NA
"INDEL_cluster_0036","INDEL","181","PAWIRN","INDEL","residue 246;247",NA
"INDEL_cluster_0036","INDEL","182","PAWIWS","INDEL","residue 240",NA
"INDEL_cluster_0036","INDEL","183","PAWIWS","INDEL","residue 265",NA
"INDEL_cluster_0036","INDEL","184","PAWJDS","INDEL","residue 232",NA
"INDEL_cluster_0036","INDEL","185","PAWJDS","INDEL","residue 234",NA
"INDEL_cluster_0036","INDEL","2","PAWJKM","INDEL","residue 233",NA
"INDEL_cluster_0036","INDEL","186","PAWJUJ","INDEL","residue 164",NA
"INDEL_cluster_0036","INDEL","187","PAWLAE","INDEL","residue 166",NA
"INDEL_cluster_0036","INDEL","188","PAWLAE","INDEL","residue 241",NA
"INDEL_cluster_0036","INDEL","189","PAWLAE","INDEL","residue 241",NA
"INDEL_cluster_0037","INDEL","31","PASPNI","INDEL","residue 243",NA
"INDEL_cluster_0037","INDEL","36","PASVZJ","INDEL","residue 242;243",NA
"INDEL_cluster_0037","INDEL","42","PASYNX","INDEL","residue 242;243",NA
"INDEL_cluster_0037","INDEL","72","PATLUU","INDEL","residue 243",NA
"INDEL_cluster_0037","INDEL","84","PAUCCG","INDEL","residue 243",NA
"INDEL_cluster_0037","INDEL","111","PAURTD","INDEL","residue 242",NA
"INDEL_cluster_0037","INDEL","114","PAUVAJ","INDEL","residue 242;243",NA
"INDEL_cluster_0038","INDEL","31","PASPNI","INDEL","residue 243",NA
"INDEL_cluster_0038","INDEL","36","PASVZJ","INDEL","residue 243",NA
"INDEL_cluster_0038","INDEL","42","PASYNX","INDEL","residue 243",NA
"INDEL_cluster_0038","INDEL","72","PATLUU","INDEL","residue 243",NA
"INDEL_cluster_0038","INDEL","84","PAUCCG","INDEL","residue 243",NA
"INDEL_cluster_0038","INDEL","114","PAUVAJ","INDEL","residue 243",NA
"INDEL_cluster_0039","INDEL","36","PASVZJ","INDEL","residue 244",NA
"INDEL_cluster_0039","INDEL","43","PASYNX","INDEL","residue 244",NA
"INDEL_cluster_0039","INDEL","114","PAUVAJ","INDEL","residue 244",NA
"INDEL_cluster_0039","INDEL","134","PAVGUP","INDEL","residue 244",NA
"INDEL_cluster_0039","INDEL","145","PAVTAT","INDEL","residue 244",NA
"INDEL_cluster_0040","INDEL","27","PASLXY","INDEL","residue 133",NA
"INDEL_cluster_0040","INDEL","70","PATKPW","INDEL","residue 133",NA
"INDEL_cluster_0041","INDEL","56","PATEYS","INDEL","residue 162",NA
"INDEL_cluster_0041","INDEL","3","PAVESF","INDEL","residue 162",NA
"INDEL_cluster_0042","INDEL","146","PAVTEZ","INDEL","residue 176",NA
"INDEL_cluster_0042","INDEL","162","PAWAYT","INDEL","residue 176",NA
"INDEL_cluster_0043","INDEL","88","PAUEJV","INDEL","residue 182",NA
"INDEL_cluster_0043","INDEL","116","PAUWUY","INDEL","residue 182",NA
"INDEL_cluster_0044","INDEL","76","PATPGE","INDEL","residue 229",NA
"INDEL_cluster_0044","INDEL","138","PAVLLU","INDEL","residue 229",NA
"INDEL_cluster_0045","INDEL","60","PATGMJ","INDEL","residue 235",NA
"INDEL_cluster_0045","INDEL","89","PAUGAA","INDEL","residue 235",NA
"INDEL_cluster_0045","INDEL","174","PAWETD","INDEL","residue 235",NA
"INDEL_cluster_0046","INDEL","34","PASUSV","INDEL","residue 236",NA
"INDEL_cluster_0046","INDEL","90","PAUGAA","INDEL","residue 236",NA
"INDEL_cluster_0046","INDEL","192","PAUWSL","INDEL","residue 236",NA
"INDEL_cluster_0047","INDEL","36","PASVZJ","INDEL","residue 240",NA
"INDEL_cluster_0047","INDEL","42","PASYNX","INDEL","residue 240",NA
"INDEL_cluster_0047","INDEL","85","PAUCFC","INDEL","residue 240",NA
"INDEL_cluster_0047","INDEL","182","PAWIWS","INDEL","residue 240",NA
"INDEL_cluster_0048","INDEL","36","PASVZJ","INDEL","residue 242",NA
"INDEL_cluster_0048","INDEL","42","PASYNX","INDEL","residue 242",NA
"INDEL_cluster_0048","INDEL","111","PAURTD","INDEL","residue 242",NA
"INDEL_cluster_0048","INDEL","114","PAUVAJ","INDEL","residue 242",NA
"INDEL_cluster_0049","INDEL","87","PAUEIL","INDEL","residue 247",NA
"INDEL_cluster_0049","INDEL","114","PAUVAJ","INDEL","residue 247",NA
"INDEL_cluster_0049","INDEL","181","PAWIRN","INDEL","residue 247",NA
"INDEL_cluster_0050","INDEL","114","PAUVAJ","INDEL","residue 248",NA
"INDEL_cluster_0050","INDEL","120","PAUXKE","INDEL","residue 248",NA
"INDEL_cluster_0050","INDEL","154","PAVXUW","INDEL","residue 248",NA
"INDEL_cluster_0051","INDEL","22","PASILW","INDEL","residue 251",NA
"INDEL_cluster_0051","INDEL","100","PAULZF","INDEL","residue 251",NA
"INDEL_cluster_0052","INDEL","22","PASILW","INDEL","residue 252",NA
"INDEL_cluster_0052","INDEL","101","PAULZF","INDEL","residue 252",NA
"INDEL_cluster_0053","INDEL","172","PAWDWJ","INDEL","residue 265",NA
"INDEL_cluster_0053","INDEL","183","PAWIWS","INDEL","residue 265",NA
"INDEL_cluster_0054","INDEL","23","PASILW","INDEL","residue 256",NA
"INDEL_cluster_0054","INDEL","148","PAVTEZ","INDEL","residue 257",NA
"INDEL_cluster_0055","INDEL","76","PATPGE","INDEL","residue 229",NA
"INDEL_cluster_0055","INDEL","138","PAVLLU","INDEL","residue 229",NA
"INDEL_cluster_0055","INDEL","166","PAWCUT","INDEL","residue 230",NA
"INDEL_cluster_0056","INDEL","22","PASILW","INDEL","residue 251;252",NA
"INDEL_cluster_0056","INDEL","100","PAULZF","INDEL","residue 251",NA
"INDEL_cluster_0056","INDEL","101","PAULZF","INDEL","residue 252",NA
"INDEL_cluster_0057","INDEL","149","PAVUKV","INDEL","residue 266",NA
"INDEL_cluster_0057","INDEL","172","PAWDWJ","INDEL","residue 265",NA
"INDEL_cluster_0057","INDEL","183","PAWIWS","INDEL","residue 265",NA
"INDEL_cluster_0058","INDEL","63","PATIKN","INDEL","residue 231",NA
"INDEL_cluster_0058","INDEL","166","PAWCUT","INDEL","residue 230",NA
"INDEL_cluster_0059","INDEL","76","PATPGE","INDEL","residue 229",NA
"INDEL_cluster_0059","INDEL","138","PAVLLU","INDEL","residue 229",NA
"INDEL_cluster_0059","INDEL","165","PAWCUT","INDEL","residue 228",NA
"INDEL_cluster_0060","INDEL","50","PATBYK","INDEL","residue 249",NA
"INDEL_cluster_0060","INDEL","114","PAUVAJ","INDEL","residue 248",NA
"INDEL_cluster_0060","INDEL","120","PAUXKE","INDEL","residue 248",NA
"INDEL_cluster_0060","INDEL","154","PAVXUW","INDEL","residue 248",NA
"INDEL_cluster_0061","INDEL","56","PATEYS","INDEL","residue 162",NA
"INDEL_cluster_0061","INDEL","126","PAVBDL","INDEL","residue 161",NA
"INDEL_cluster_0061","INDEL","3","PAVESF","INDEL","residue 162",NA
"INDEL_cluster_0062","INDEL","27","PASLXY","INDEL","residue 132;133",NA
"INDEL_cluster_0062","INDEL","70","PATKPW","INDEL","residue 133",NA
"INDEL_cluster_0063","INDEL","8","PARHEL","INDEL","residue 129",NA
"INDEL_cluster_0063","INDEL","187","PAWLAE","INDEL","residue 166",NA
"INDEL_cluster_0064","INDEL","146","PAVTEZ","INDEL","residue 174;175;176",NA
"INDEL_cluster_0064","INDEL","162","PAWAYT","INDEL","residue 176",NA
"INDEL_cluster_0065","INDEL","191","PAUWSL","INDEL","residue 19",NA
"INDEL_cluster_0065","INDEL","129","PAVBLJ","INDEL","residue 21",NA
"INDEL_cluster_0066","INDEL","1","PAUCIZ","INDEL","residue 30",NA
"INDEL_cluster_0066","INDEL","131","PAVFAX","INDEL","residue 32",NA
"INDEL_cluster_0067","INDEL","186","PAWJUJ","INDEL","residue 164",NA
"INDEL_cluster_0067","INDEL","187","PAWLAE","INDEL","residue 166",NA
"INDEL_cluster_0068","INDEL","149","PAVUKV","INDEL","residue 266",NA
"INDEL_cluster_0068","INDEL","150","PAVUKV","INDEL","residue 267",NA
"INDEL_cluster_0068","INDEL","172","PAWDWJ","INDEL","residue 265",NA
"INDEL_cluster_0068","INDEL","183","PAWIWS","INDEL","residue 265",NA
"INDEL_cluster_0069","INDEL","76","PATPGE","INDEL","residue 229",NA
"INDEL_cluster_0069","INDEL","138","PAVLLU","INDEL","residue 229",NA
"INDEL_cluster_0069","INDEL","165","PAWCUT","INDEL","residue 228",NA
"INDEL_cluster_0069","INDEL","166","PAWCUT","INDEL","residue 230",NA
"INDEL_cluster_0070","INDEL","18","PARXHT","INDEL","residue 277",NA
"INDEL_cluster_0070","INDEL","22","PASILW","INDEL","residue 251;252",NA
"INDEL_cluster_0070","INDEL","100","PAULZF","INDEL","residue 251",NA
"INDEL_cluster_0070","INDEL","101","PAULZF","INDEL","residue 252",NA
"INDEL_cluster_0071","INDEL","66","PATJXW","INDEL","residue 66",NA
"INDEL_cluster_0071","INDEL","94","PAUGPY","INDEL","residue 68",NA
"INDEL_cluster_0072","INDEL","8","PARHEL","INDEL","residue 129",NA
"INDEL_cluster_0072","INDEL","27","PASLXY","INDEL","residue 132;133",NA
"INDEL_cluster_0072","INDEL","70","PATKPW","INDEL","residue 133",NA
"INDEL_cluster_0072","INDEL","187","PAWLAE","INDEL","residue 166",NA
"INDEL_cluster_0073","INDEL","56","PATEYS","INDEL","residue 162",NA
"INDEL_cluster_0073","INDEL","126","PAVBDL","INDEL","residue 161",NA
"INDEL_cluster_0073","INDEL","3","PAVESF","INDEL","residue 162",NA
"INDEL_cluster_0073","INDEL","186","PAWJUJ","INDEL","residue 164",NA
"INDEL_cluster_0074","INDEL","195","PASWLV","INDEL","residue 333",NA
"INDEL_cluster_0074","INDEL","91","PAUGAA","INDEL","residue 336",NA
"INDEL_cluster_0075","INDEL","63","PATIKN","INDEL","residue 231",NA
"INDEL_cluster_0075","INDEL","76","PATPGE","INDEL","residue 229",NA
"INDEL_cluster_0075","INDEL","138","PAVLLU","INDEL","residue 229",NA
"INDEL_cluster_0075","INDEL","165","PAWCUT","INDEL","residue 228",NA
"INDEL_cluster_0075","INDEL","166","PAWCUT","INDEL","residue 230",NA
"INDEL_cluster_0076","INDEL","28","PASPDL","INDEL","residue 26",NA
"INDEL_cluster_0076","INDEL","167","PAWCWL","INDEL","residue 23",NA
"INDEL_cluster_0077","INDEL","19","PASFHR","INDEL","residue 170",NA
"INDEL_cluster_0077","INDEL","159","PAWAIM","INDEL","residue 93",NA
"INDEL_cluster_0078","INDEL","95","PAUJRU","INDEL","residue 223",NA
"INDEL_cluster_0078","INDEL","147","PAVTEZ","INDEL","residue 254",NA
"INDEL_cluster_0079","INDEL","8","PARHEL","INDEL","residue 129",NA
"INDEL_cluster_0079","INDEL","117","PAUWXI","INDEL","residue 125",NA
"INDEL_cluster_0080","INDEL","61","PATHJF","INDEL","residue 146",NA
"INDEL_cluster_0080","INDEL","88","PAUEJV","INDEL","residue 182",NA
"INDEL_cluster_0080","INDEL","116","PAUWUY","INDEL","residue 182",NA
"INDEL_cluster_0081","INDEL","19","PASFHR","INDEL","residue 170",NA
"INDEL_cluster_0081","INDEL","146","PAVTEZ","INDEL","residue 174;175;176",NA
"INDEL_cluster_0081","INDEL","162","PAWAYT","INDEL","residue 176",NA
"INDEL_cluster_0082","INDEL","22","PASILW","INDEL","residue 251;252",NA
"INDEL_cluster_0082","INDEL","100","PAULZF","INDEL","residue 251",NA
"INDEL_cluster_0082","INDEL","101","PAULZF","INDEL","residue 252",NA
"INDEL_cluster_0082","INDEL","147","PAVTEZ","INDEL","residue 254",NA
"INDEL_cluster_0083","INDEL","117","PAUWXI","INDEL","residue 125",NA
"INDEL_cluster_0083","INDEL","170","PAWDWJ","INDEL","residue 72",NA
"INDEL_cluster_0083","INDEL","171","PAWDWJ","INDEL","residue 75",NA
"INDEL_cluster_0084","INDEL","51","PATCTR","INDEL","residue 59",NA
"INDEL_cluster_0084","INDEL","191","PAUWSL","INDEL","residue 19",NA
"INDEL_cluster_0084","INDEL","129","PAVBLJ","INDEL","residue 21",NA
"INDEL_cluster_0085","INDEL","8","PARHEL","INDEL","residue 129",NA
"INDEL_cluster_0085","INDEL","19","PASFHR","INDEL","residue 170",NA
"INDEL_cluster_0085","INDEL","27","PASLXY","INDEL","residue 132;133",NA
"INDEL_cluster_0085","INDEL","70","PATKPW","INDEL","residue 133",NA
"INDEL_cluster_0085","INDEL","159","PAWAIM","INDEL","residue 93",NA
"INDEL_cluster_0085","INDEL","187","PAWLAE","INDEL","residue 166",NA
"INDEL_cluster_0086","INDEL","56","PATEYS","INDEL","residue 162",NA
"INDEL_cluster_0086","INDEL","126","PAVBDL","INDEL","residue 161",NA
"INDEL_cluster_0086","INDEL","3","PAVESF","INDEL","residue 162",NA
"INDEL_cluster_0086","INDEL","186","PAWJUJ","INDEL","residue 164",NA
"INDEL_cluster_0086","INDEL","187","PAWLAE","INDEL","residue 166",NA
"INDEL_cluster_0087","INDEL","23","PASILW","INDEL","residue 256",NA
"INDEL_cluster_0087","INDEL","95","PAUJRU","INDEL","residue 223",NA
"INDEL_cluster_0087","INDEL","147","PAVTEZ","INDEL","residue 254",NA
"INDEL_cluster_0087","INDEL","148","PAVTEZ","INDEL","residue 257",NA
"INDEL_cluster_0088","INDEL","8","PARHEL","INDEL","residue 129",NA
"INDEL_cluster_0088","INDEL","27","PASLXY","INDEL","residue 132;133",NA
"INDEL_cluster_0088","INDEL","70","PATKPW","INDEL","residue 133",NA
"INDEL_cluster_0088","INDEL","117","PAUWXI","INDEL","residue 125",NA
"INDEL_cluster_0089","INDEL","28","PASPDL","INDEL","residue 26",NA
"INDEL_cluster_0089","INDEL","191","PAUWSL","INDEL","residue 19",NA
"INDEL_cluster_0089","INDEL","129","PAVBLJ","INDEL","residue 21",NA
"INDEL_cluster_0089","INDEL","167","PAWCWL","INDEL","residue 23",NA
"INDEL_cluster_0090","INDEL","61","PATHJF","INDEL","residue 146",NA
"INDEL_cluster_0090","INDEL","88","PAUEJV","INDEL","residue 182",NA
"INDEL_cluster_0090","INDEL","116","PAUWUY","INDEL","residue 182",NA
"INDEL_cluster_0090","INDEL","146","PAVTEZ","INDEL","residue 174;175;176",NA
"INDEL_cluster_0090","INDEL","162","PAWAYT","INDEL","residue 176",NA
"INDEL_cluster_0091","INDEL","28","PASPDL","INDEL","residue 26",NA
"INDEL_cluster_0091","INDEL","51","PATCTR","INDEL","residue 59",NA
"INDEL_cluster_0091","INDEL","191","PAUWSL","INDEL","residue 19",NA
"INDEL_cluster_0091","INDEL","129","PAVBLJ","INDEL","residue 21",NA
"INDEL_cluster_0091","INDEL","167","PAWCWL","INDEL","residue 23",NA
"INDEL_cluster_0092","INDEL","66","PATJXW","INDEL","residue 66",NA
"INDEL_cluster_0092","INDEL","1","PAUCIZ","INDEL","residue 30",NA
"INDEL_cluster_0092","INDEL","94","PAUGPY","INDEL","residue 68",NA
"INDEL_cluster_0092","INDEL","131","PAVFAX","INDEL","residue 32",NA
"INDEL_cluster_0093","INDEL","19","PASFHR","INDEL","residue 170",NA
"INDEL_cluster_0093","INDEL","88","PAUEJV","INDEL","residue 182",NA
"INDEL_cluster_0093","INDEL","116","PAUWUY","INDEL","residue 182",NA
"INDEL_cluster_0093","INDEL","146","PAVTEZ","INDEL","residue 174;175;176",NA
"INDEL_cluster_0093","INDEL","162","PAWAYT","INDEL","residue 176",NA
"INDEL_cluster_0094","INDEL","51","PATCTR","INDEL","residue 59",NA
"INDEL_cluster_0094","INDEL","66","PATJXW","INDEL","residue 66",NA
"INDEL_cluster_0094","INDEL","94","PAUGPY","INDEL","residue 68",NA
"INDEL_cluster_0095","INDEL","28","PASPDL","INDEL","residue 26",NA
"INDEL_cluster_0095","INDEL","1","PAUCIZ","INDEL","residue 30",NA
"INDEL_cluster_0095","INDEL","191","PAUWSL","INDEL","residue 19",NA
"INDEL_cluster_0095","INDEL","129","PAVBLJ","INDEL","residue 21",NA
"INDEL_cluster_0095","INDEL","131","PAVFAX","INDEL","residue 32",NA
"INDEL_cluster_0095","INDEL","167","PAWCWL","INDEL","residue 23",NA
"INDEL_cluster_0096","INDEL","63","PATIKN","INDEL","residue 231",NA
"INDEL_cluster_0096","INDEL","76","PATPGE","INDEL","residue 229",NA
"INDEL_cluster_0096","INDEL","95","PAUJRU","INDEL","residue 223",NA
"INDEL_cluster_0096","INDEL","138","PAVLLU","INDEL","residue 229",NA
"INDEL_cluster_0096","INDEL","165","PAWCUT","INDEL","residue 228",NA
"INDEL_cluster_0096","INDEL","166","PAWCUT","INDEL","residue 230",NA
"INDEL_cluster_0097","INDEL","22","PASILW","INDEL","residue 251;252",NA
"INDEL_cluster_0097","INDEL","23","PASILW","INDEL","residue 256",NA
"INDEL_cluster_0097","INDEL","100","PAULZF","INDEL","residue 251",NA
"INDEL_cluster_0097","INDEL","101","PAULZF","INDEL","residue 252",NA
"INDEL_cluster_0097","INDEL","147","PAVTEZ","INDEL","residue 254",NA
"INDEL_cluster_0097","INDEL","148","PAVTEZ","INDEL","residue 257",NA
"INDEL_cluster_0098","INDEL","8","PARHEL","INDEL","residue 129",NA
"INDEL_cluster_0098","INDEL","19","PASFHR","INDEL","residue 170",NA
"INDEL_cluster_0098","INDEL","27","PASLXY","INDEL","residue 132;133",NA
"INDEL_cluster_0098","INDEL","56","PATEYS","INDEL","residue 162",NA
"INDEL_cluster_0098","INDEL","70","PATKPW","INDEL","residue 133",NA
"INDEL_cluster_0098","INDEL","126","PAVBDL","INDEL","residue 161",NA
"INDEL_cluster_0098","INDEL","3","PAVESF","INDEL","residue 162",NA
"INDEL_cluster_0098","INDEL","159","PAWAIM","INDEL","residue 93",NA
"INDEL_cluster_0098","INDEL","186","PAWJUJ","INDEL","residue 164",NA
"INDEL_cluster_0098","INDEL","187","PAWLAE","INDEL","residue 166",NA
"INDEL_cluster_0099","INDEL","56","PATEYS","INDEL","residue 162",NA
"INDEL_cluster_0099","INDEL","61","PATHJF","INDEL","residue 146",NA
"INDEL_cluster_0099","INDEL","126","PAVBDL","INDEL","residue 161",NA
"INDEL_cluster_0099","INDEL","3","PAVESF","INDEL","residue 162",NA
"INDEL_cluster_0099","INDEL","186","PAWJUJ","INDEL","residue 164",NA
"INDEL_cluster_0099","INDEL","187","PAWLAE","INDEL","residue 166",NA
"INDEL_cluster_0100","INDEL","28","PASPDL","INDEL","residue 26",NA
"INDEL_cluster_0100","INDEL","51","PATCTR","INDEL","residue 59",NA
"INDEL_cluster_0100","INDEL","66","PATJXW","INDEL","residue 66",NA
"INDEL_cluster_0100","INDEL","1","PAUCIZ","INDEL","residue 30",NA
"INDEL_cluster_0100","INDEL","94","PAUGPY","INDEL","residue 68",NA
"INDEL_cluster_0100","INDEL","191","PAUWSL","INDEL","residue 19",NA
"INDEL_cluster_0100","INDEL","129","PAVBLJ","INDEL","residue 21",NA
"INDEL_cluster_0100","INDEL","131","PAVFAX","INDEL","residue 32",NA
"INDEL_cluster_0100","INDEL","167","PAWCWL","INDEL","residue 23",NA
"INDEL_cluster_0101","INDEL","19","PASFHR","INDEL","residue 170",NA
"INDEL_cluster_0101","INDEL","29","PASPDL","INDEL","residue 195",NA
"INDEL_cluster_0101","INDEL","88","PAUEJV","INDEL","residue 182",NA
"INDEL_cluster_0101","INDEL","116","PAUWUY","INDEL","residue 182",NA
"INDEL_cluster_0101","INDEL","146","PAVTEZ","INDEL","residue 174;175;176",NA
"INDEL_cluster_0101","INDEL","162","PAWAYT","INDEL","residue 176",NA
"INDEL_cluster_0102","INDEL","195","PASWLV","INDEL","residue 333",NA
"INDEL_cluster_0102","INDEL","91","PAUGAA","INDEL","residue 336",NA
"INDEL_cluster_0102","INDEL","149","PAVUKV","INDEL","residue 266",NA
"INDEL_cluster_0102","INDEL","150","PAVUKV","INDEL","residue 267",NA
"INDEL_cluster_0102","INDEL","172","PAWDWJ","INDEL","residue 265",NA
"INDEL_cluster_0102","INDEL","183","PAWIWS","INDEL","residue 265",NA
"INDEL_cluster_0103","INDEL","8","PARHEL","INDEL","residue 129",NA
"INDEL_cluster_0103","INDEL","27","PASLXY","INDEL","residue 132;133",NA
"INDEL_cluster_0103","INDEL","56","PATEYS","INDEL","residue 162",NA
"INDEL_cluster_0103","INDEL","61","PATHJF","INDEL","residue 146",NA
"INDEL_cluster_0103","INDEL","70","PATKPW","INDEL","residue 133",NA
"INDEL_cluster_0103","INDEL","117","PAUWXI","INDEL","residue 125",NA
"INDEL_cluster_0103","INDEL","126","PAVBDL","INDEL","residue 161",NA
"INDEL_cluster_0103","INDEL","3","PAVESF","INDEL","residue 162",NA
"INDEL_cluster_0103","INDEL","186","PAWJUJ","INDEL","residue 164",NA
"INDEL_cluster_0103","INDEL","187","PAWLAE","INDEL","residue 166",NA
"INDEL_cluster_0104","INDEL","51","PATCTR","INDEL","residue 59",NA
"INDEL_cluster_0104","INDEL","66","PATJXW","INDEL","residue 66",NA
"INDEL_cluster_0104","INDEL","94","PAUGPY","INDEL","residue 68",NA
"INDEL_cluster_0104","INDEL","170","PAWDWJ","INDEL","residue 72",NA
"INDEL_cluster_0104","INDEL","171","PAWDWJ","INDEL","residue 75",NA
"INDEL_cluster_0105","INDEL","8","PARHEL","INDEL","residue 129",NA
"INDEL_cluster_0105","INDEL","19","PASFHR","INDEL","residue 170",NA
"INDEL_cluster_0105","INDEL","27","PASLXY","INDEL","residue 132;133",NA
"INDEL_cluster_0105","INDEL","56","PATEYS","INDEL","residue 162",NA
"INDEL_cluster_0105","INDEL","70","PATKPW","INDEL","residue 133",NA
"INDEL_cluster_0105","INDEL","117","PAUWXI","INDEL","residue 125",NA
"INDEL_cluster_0105","INDEL","126","PAVBDL","INDEL","residue 161",NA
"INDEL_cluster_0105","INDEL","3","PAVESF","INDEL","residue 162",NA
"INDEL_cluster_0105","INDEL","159","PAWAIM","INDEL","residue 93",NA
"INDEL_cluster_0105","INDEL","170","PAWDWJ","INDEL","residue 72",NA
"INDEL_cluster_0105","INDEL","171","PAWDWJ","INDEL","residue 75",NA
"INDEL_cluster_0105","INDEL","186","PAWJUJ","INDEL","residue 164",NA
"INDEL_cluster_0105","INDEL","187","PAWLAE","INDEL","residue 166",NA
"INDEL_cluster_0106","INDEL","51","PATCTR","INDEL","residue 59",NA
"INDEL_cluster_0106","INDEL","66","PATJXW","INDEL","residue 66",NA
"INDEL_cluster_0106","INDEL","94","PAUGPY","INDEL","residue 68",NA
"INDEL_cluster_0106","INDEL","159","PAWAIM","INDEL","residue 93",NA
"INDEL_cluster_0106","INDEL","170","PAWDWJ","INDEL","residue 72",NA
"INDEL_cluster_0106","INDEL","171","PAWDWJ","INDEL","residue 75",NA
"INDEL_cluster_0107","INDEL","28","PASPDL","INDEL","residue 26",NA
"INDEL_cluster_0107","INDEL","51","PATCTR","INDEL","residue 59",NA
"INDEL_cluster_0107","INDEL","66","PATJXW","INDEL","residue 66",NA
"INDEL_cluster_0107","INDEL","1","PAUCIZ","INDEL","residue 30",NA
"INDEL_cluster_0107","INDEL","94","PAUGPY","INDEL","residue 68",NA
"INDEL_cluster_0107","INDEL","191","PAUWSL","INDEL","residue 19",NA
"INDEL_cluster_0107","INDEL","129","PAVBLJ","INDEL","residue 21",NA
"INDEL_cluster_0107","INDEL","131","PAVFAX","INDEL","residue 32",NA
"INDEL_cluster_0107","INDEL","159","PAWAIM","INDEL","residue 93",NA
"INDEL_cluster_0107","INDEL","167","PAWCWL","INDEL","residue 23",NA
"INDEL_cluster_0107","INDEL","170","PAWDWJ","INDEL","residue 72",NA
"INDEL_cluster_0107","INDEL","171","PAWDWJ","INDEL","residue 75",NA
"INDEL_cluster_0108","INDEL","18","PARXHT","INDEL","residue 277",NA
"INDEL_cluster_0108","INDEL","149","PAVUKV","INDEL","residue 266",NA
"INDEL_cluster_0108","INDEL","150","PAVUKV","INDEL","residue 267",NA
"INDEL_cluster_0108","INDEL","172","PAWDWJ","INDEL","residue 265",NA
"INDEL_cluster_0108","INDEL","183","PAWIWS","INDEL","residue 265",NA
"INDEL_cluster_0109","INDEL","8","PARHEL","INDEL","residue 129",NA
"INDEL_cluster_0109","INDEL","19","PASFHR","INDEL","residue 170",NA
"INDEL_cluster_0109","INDEL","27","PASLXY","INDEL","residue 132;133",NA
"INDEL_cluster_0109","INDEL","56","PATEYS","INDEL","residue 162",NA
"INDEL_cluster_0109","INDEL","61","PATHJF","INDEL","residue 146",NA
"INDEL_cluster_0109","INDEL","70","PATKPW","INDEL","residue 133",NA
"INDEL_cluster_0109","INDEL","88","PAUEJV","INDEL","residue 182",NA
"INDEL_cluster_0109","INDEL","116","PAUWUY","INDEL","residue 182",NA
"INDEL_cluster_0109","INDEL","117","PAUWXI","INDEL","residue 125",NA
"INDEL_cluster_0109","INDEL","126","PAVBDL","INDEL","residue 161",NA
"INDEL_cluster_0109","INDEL","3","PAVESF","INDEL","residue 162",NA
"INDEL_cluster_0109","INDEL","146","PAVTEZ","INDEL","residue 174;175;176",NA
"INDEL_cluster_0109","INDEL","159","PAWAIM","INDEL","residue 93",NA
"INDEL_cluster_0109","INDEL","162","PAWAYT","INDEL","residue 176",NA
"INDEL_cluster_0109","INDEL","170","PAWDWJ","INDEL","residue 72",NA
"INDEL_cluster_0109","INDEL","171","PAWDWJ","INDEL","residue 75",NA
"INDEL_cluster_0109","INDEL","186","PAWJUJ","INDEL","residue 164",NA
"INDEL_cluster_0109","INDEL","187","PAWLAE","INDEL","residue 166",NA
"INDEL_cluster_0110","INDEL","8","PARHEL","INDEL","residue 129",NA
"INDEL_cluster_0110","INDEL","19","PASFHR","INDEL","residue 170",NA
"INDEL_cluster_0110","INDEL","27","PASLXY","INDEL","residue 132;133",NA
"INDEL_cluster_0110","INDEL","28","PASPDL","INDEL","residue 26",NA
"INDEL_cluster_0110","INDEL","51","PATCTR","INDEL","residue 59",NA
"INDEL_cluster_0110","INDEL","56","PATEYS","INDEL","residue 162",NA
"INDEL_cluster_0110","INDEL","61","PATHJF","INDEL","residue 146",NA
"INDEL_cluster_0110","INDEL","66","PATJXW","INDEL","residue 66",NA
"INDEL_cluster_0110","INDEL","70","PATKPW","INDEL","residue 133",NA
"INDEL_cluster_0110","INDEL","1","PAUCIZ","INDEL","residue 30",NA
"INDEL_cluster_0110","INDEL","88","PAUEJV","INDEL","residue 182",NA
"INDEL_cluster_0110","INDEL","94","PAUGPY","INDEL","residue 68",NA
"INDEL_cluster_0110","INDEL","191","PAUWSL","INDEL","residue 19",NA
"INDEL_cluster_0110","INDEL","116","PAUWUY","INDEL","residue 182",NA
"INDEL_cluster_0110","INDEL","117","PAUWXI","INDEL","residue 125",NA
"INDEL_cluster_0110","INDEL","126","PAVBDL","INDEL","residue 161",NA
"INDEL_cluster_0110","INDEL","129","PAVBLJ","INDEL","residue 21",NA
"INDEL_cluster_0110","INDEL","3","PAVESF","INDEL","residue 162",NA
"INDEL_cluster_0110","INDEL","131","PAVFAX","INDEL","residue 32",NA
"INDEL_cluster_0110","INDEL","146","PAVTEZ","INDEL","residue 174;175;176",NA
"INDEL_cluster_0110","INDEL","159","PAWAIM","INDEL","residue 93",NA
"INDEL_cluster_0110","INDEL","162","PAWAYT","INDEL","residue 176",NA
"INDEL_cluster_0110","INDEL","167","PAWCWL","INDEL","residue 23",NA
"INDEL_cluster_0110","INDEL","170","PAWDWJ","INDEL","residue 72",NA
"INDEL_cluster_0110","INDEL","171","PAWDWJ","INDEL","residue 75",NA
"INDEL_cluster_0110","INDEL","186","PAWJUJ","INDEL","residue 164",NA
"INDEL_cluster_0110","INDEL","187","PAWLAE","INDEL","residue 166",NA
"INDEL_cluster_0111","INDEL","8","PARHEL","INDEL","residue 129",NA
"INDEL_cluster_0111","INDEL","19","PASFHR","INDEL","residue 170",NA
"INDEL_cluster_0111","INDEL","27","PASLXY","INDEL","residue 132;133",NA
"INDEL_cluster_0111","INDEL","29","PASPDL","INDEL","residue 195",NA
"INDEL_cluster_0111","INDEL","56","PATEYS","INDEL","residue 162",NA
"INDEL_cluster_0111","INDEL","61","PATHJF","INDEL","residue 146",NA
"INDEL_cluster_0111","INDEL","70","PATKPW","INDEL","residue 133",NA
"INDEL_cluster_0111","INDEL","88","PAUEJV","INDEL","residue 182",NA
"INDEL_cluster_0111","INDEL","116","PAUWUY","INDEL","residue 182",NA
"INDEL_cluster_0111","INDEL","117","PAUWXI","INDEL","residue 125",NA
"INDEL_cluster_0111","INDEL","126","PAVBDL","INDEL","residue 161",NA
"INDEL_cluster_0111","INDEL","3","PAVESF","INDEL","residue 162",NA
"INDEL_cluster_0111","INDEL","146","PAVTEZ","INDEL","residue 174;175;176",NA
"INDEL_cluster_0111","INDEL","162","PAWAYT","INDEL","residue 176",NA
"INDEL_cluster_0111","INDEL","186","PAWJUJ","INDEL","residue 164",NA
"INDEL_cluster_0111","INDEL","187","PAWLAE","INDEL","residue 166",NA
"INDEL_cluster_0112","INDEL","8","PARHEL","INDEL","residue 129",NA
"INDEL_cluster_0112","INDEL","19","PASFHR","INDEL","residue 170",NA
"INDEL_cluster_0112","INDEL","27","PASLXY","INDEL","residue 132;133",NA
"INDEL_cluster_0112","INDEL","28","PASPDL","INDEL","residue 26",NA
"INDEL_cluster_0112","INDEL","29","PASPDL","INDEL","residue 195",NA
"INDEL_cluster_0112","INDEL","51","PATCTR","INDEL","residue 59",NA
"INDEL_cluster_0112","INDEL","56","PATEYS","INDEL","residue 162",NA
"INDEL_cluster_0112","INDEL","61","PATHJF","INDEL","residue 146",NA
"INDEL_cluster_0112","INDEL","66","PATJXW","INDEL","residue 66",NA
"INDEL_cluster_0112","INDEL","70","PATKPW","INDEL","residue 133",NA
"INDEL_cluster_0112","INDEL","1","PAUCIZ","INDEL","residue 30",NA
"INDEL_cluster_0112","INDEL","88","PAUEJV","INDEL","residue 182",NA
"INDEL_cluster_0112","INDEL","94","PAUGPY","INDEL","residue 68",NA
"INDEL_cluster_0112","INDEL","191","PAUWSL","INDEL","residue 19",NA
"INDEL_cluster_0112","INDEL","116","PAUWUY","INDEL","residue 182",NA
"INDEL_cluster_0112","INDEL","117","PAUWXI","INDEL","residue 125",NA
"INDEL_cluster_0112","INDEL","126","PAVBDL","INDEL","residue 161",NA
"INDEL_cluster_0112","INDEL","129","PAVBLJ","INDEL","residue 21",NA
"INDEL_cluster_0112","INDEL","3","PAVESF","INDEL","residue 162",NA
"INDEL_cluster_0112","INDEL","131","PAVFAX","INDEL","residue 32",NA
"INDEL_cluster_0112","INDEL","146","PAVTEZ","INDEL","residue 174;175;176",NA
"INDEL_cluster_0112","INDEL","159","PAWAIM","INDEL","residue 93",NA
"INDEL_cluster_0112","INDEL","162","PAWAYT","INDEL","residue 176",NA
"INDEL_cluster_0112","INDEL","167","PAWCWL","INDEL","residue 23",NA
"INDEL_cluster_0112","INDEL","170","PAWDWJ","INDEL","residue 72",NA
"INDEL_cluster_0112","INDEL","171","PAWDWJ","INDEL","residue 75",NA
"INDEL_cluster_0112","INDEL","186","PAWJUJ","INDEL","residue 164",NA
"INDEL_cluster_0112","INDEL","187","PAWLAE","INDEL","residue 166",NA
"HOMDEL_cluster_0001","HOMDEL","CNA_event_000006","PARJPL","HOMDEL","exons 2;5",0.935
"HOMDEL_cluster_0001","HOMDEL","CNA_event_000005","PARMIH","HOMDEL","exons 5",0.827
"HOMDEL_cluster_0001","HOMDEL","CNA_event_000033","PARMJA","HOMDEL","exons 2",0.07
"HOMDEL_cluster_0001","HOMDEL","CNA_event_000032","PARNXJ","HOMDEL","exons 2;5",0.935
"HOMDEL_cluster_0001","HOMDEL","CNA_event_000042","PARSJG","HOMDEL","exons 5",0.827
"HOMDEL_cluster_0001","HOMDEL","CNA_event_000031","PARVHY","HOMDEL","exons 2",0.108
"HOMDEL_cluster_0001","HOMDEL","CNA_event_000030","PASHZK","HOMDEL","exons 2;5",0.342
"HOMDEL_cluster_0001","HOMDEL","CNA_event_000029","PASMHF","HOMDEL","exons 2",0.108
"HOMDEL_cluster_0001","HOMDEL","CNA_event_000028","PASVKC","HOMDEL","exons 2;5",0.935
"HOMDEL_cluster_0001","HOMDEL","CNA_event_000027","PATHRE","HOMDEL","exons 5",0.827
"HOMDEL_cluster_0001","HOMDEL","CNA_event_000026","PATHSL","HOMDEL","exons 2",0.108
"HOMDEL_cluster_0001","HOMDEL","CNA_event_000025","PATKKV","HOMDEL","exons 2;5",0.342
"HOMDEL_cluster_0001","HOMDEL","CNA_event_000024","PATSIL","HOMDEL","exons 1;2;5",0.381
"HOMDEL_cluster_0001","HOMDEL","CNA_event_000023","PATTAC","HOMDEL","exons 2;5",0.935
"HOMDEL_cluster_0001","HOMDEL","CNA_event_000022","PAUADY","HOMDEL","exons 2",0.108
"HOMDEL_cluster_0001","HOMDEL","CNA_event_000035","PAUEGE","HOMDEL","exons 2",0.108
"HOMDEL_cluster_0001","HOMDEL","CNA_event_000003","PAUHYI","HOMDEL","exons 2",0.108
"HOMDEL_cluster_0001","HOMDEL","CNA_event_000021","PAUMXB","HOMDEL","exons 5",0.827
"HOMDEL_cluster_0001","HOMDEL","CNA_event_000034","PAUPVR","HOMDEL","exons 2;5",0.342
"HOMDEL_cluster_0001","HOMDEL","CNA_event_000019","PAUYBP","HOMDEL","exons 2",0.108
"HOMDEL_cluster_0001","HOMDEL","CNA_event_000002","PAUYJE","HOMDEL","exons 2;5",0.342
"HOMDEL_cluster_0001","HOMDEL","CNA_event_000018","PAVAWW","HOMDEL","exons 2;5",0.935
"HOMDEL_cluster_0001","HOMDEL","CNA_event_000017","PAVCHZ","HOMDEL","exons 5",0.827
"HOMDEL_cluster_0001","HOMDEL","CNA_event_000001","PAVESF","HOMDEL","exons 1;2",0.147
"HOMDEL_cluster_0001","HOMDEL","CNA_event_000016","PAVFIF","HOMDEL","exons 2",0.108
"HOMDEL_cluster_0001","HOMDEL","CNA_event_000014","PAVKPV","HOMDEL","exons 2;5",0.342
"HOMDEL_cluster_0001","HOMDEL","CNA_event_000040","PAVPCB","HOMDEL","exons 2",0.108
"HOMDEL_cluster_0001","HOMDEL","CNA_event_000012","PAVPEN","HOMDEL","exons 5",0.827
"HOMDEL_cluster_0001","HOMDEL","CNA_event_000011","PAVUCS","HOMDEL","exons 2",0.108
"HOMDEL_cluster_0001","HOMDEL","CNA_event_000010","PAWAIM","HOMDEL","exons 2",0.108
"HOMDEL_cluster_0001","HOMDEL","CNA_event_000009","PAWESJ","HOMDEL","exons 1",0.065
"HOMDEL_cluster_0001","HOMDEL","CNA_event_000008","PAWGDG","HOMDEL","exons 2;5",0.935
"HOMDEL_cluster_0001","HOMDEL","CNA_event_000007","PAWKZN","HOMDEL","exons 2;5",0.935
"HOMDEL_cluster_0002","HOMDEL","CNA_event_000006","PARJPL","HOMDEL","exons 3;4",0.935
"HOMDEL_cluster_0002","HOMDEL","CNA_event_000005","PARMIH","HOMDEL","exons 4",0.827
"HOMDEL_cluster_0002","HOMDEL","CNA_event_000032","PARNXJ","HOMDEL","exons 3;4",0.935
"HOMDEL_cluster_0002","HOMDEL","CNA_event_000042","PARSJG","HOMDEL","exons 4",0.827
"HOMDEL_cluster_0002","HOMDEL","CNA_event_000031","PARVHY","HOMDEL","exons 3",0.108
"HOMDEL_cluster_0002","HOMDEL","CNA_event_000030","PASHZK","HOMDEL","exons 3;4",0.342
"HOMDEL_cluster_0002","HOMDEL","CNA_event_000029","PASMHF","HOMDEL","exons 3",0.108
"HOMDEL_cluster_0002","HOMDEL","CNA_event_000028","PASVKC","HOMDEL","exons 3;4",0.935
"HOMDEL_cluster_0002","HOMDEL","CNA_event_000027","PATHRE","HOMDEL","exons 4",0.827
"HOMDEL_cluster_0002","HOMDEL","CNA_event_000026","PATHSL","HOMDEL","exons 3",0.108
"HOMDEL_cluster_0002","HOMDEL","CNA_event_000025","PATKKV","HOMDEL","exons 3;4",0.342
"HOMDEL_cluster_0002","HOMDEL","CNA_event_000024","PATSIL","HOMDEL","exons 3;4",0.381
"HOMDEL_cluster_0002","HOMDEL","CNA_event_000023","PATTAC","HOMDEL","exons 3;4",0.935
"HOMDEL_cluster_0002","HOMDEL","CNA_event_000022","PAUADY","HOMDEL","exons 3",0.108
"HOMDEL_cluster_0002","HOMDEL","CNA_event_000035","PAUEGE","HOMDEL","exons 3",0.108
"HOMDEL_cluster_0002","HOMDEL","CNA_event_000003","PAUHYI","HOMDEL","exons 3",0.108
"HOMDEL_cluster_0002","HOMDEL","CNA_event_000021","PAUMXB","HOMDEL","exons 4",0.827
"HOMDEL_cluster_0002","HOMDEL","CNA_event_000034","PAUPVR","HOMDEL","exons 3;4",0.342
"HOMDEL_cluster_0002","HOMDEL","CNA_event_000019","PAUYBP","HOMDEL","exons 3",0.108
"HOMDEL_cluster_0002","HOMDEL","CNA_event_000002","PAUYJE","HOMDEL","exons 3;4",0.342
"HOMDEL_cluster_0002","HOMDEL","CNA_event_000018","PAVAWW","HOMDEL","exons 3;4",0.935
"HOMDEL_cluster_0002","HOMDEL","CNA_event_000017","PAVCHZ","HOMDEL","exons 4",0.827
"HOMDEL_cluster_0002","HOMDEL","CNA_event_000001","PAVESF","HOMDEL","exons 3",0.147
"HOMDEL_cluster_0002","HOMDEL","CNA_event_000016","PAVFIF","HOMDEL","exons 3",0.108
"HOMDEL_cluster_0002","HOMDEL","CNA_event_000014","PAVKPV","HOMDEL","exons 3;4",0.342
"HOMDEL_cluster_0002","HOMDEL","CNA_event_000040","PAVPCB","HOMDEL","exons 3",0.108
"HOMDEL_cluster_0002","HOMDEL","CNA_event_000012","PAVPEN","HOMDEL","exons 4",0.827
"HOMDEL_cluster_0002","HOMDEL","CNA_event_000011","PAVUCS","HOMDEL","exons 3",0.108
"HOMDEL_cluster_0002","HOMDEL","CNA_event_000010","PAWAIM","HOMDEL","exons 3",0.108
"HOMDEL_cluster_0002","HOMDEL","CNA_event_000008","PAWGDG","HOMDEL","exons 3;4",0.935
"HOMDEL_cluster_0002","HOMDEL","CNA_event_000007","PAWKZN","HOMDEL","exons 3;4",0.935
"HOMDEL_cluster_0003","HOMDEL","CNA_event_000006","PARJPL","HOMDEL","exons 2;5",0.935
"HOMDEL_cluster_0003","HOMDEL","CNA_event_000005","PARMIH","HOMDEL","exons 5",0.827
"HOMDEL_cluster_0003","HOMDEL","CNA_event_000033","PARMJA","HOMDEL","exons 2",0.07
"HOMDEL_cluster_0003","HOMDEL","CNA_event_000032","PARNXJ","HOMDEL","exons 2;5",0.935
"HOMDEL_cluster_0003","HOMDEL","CNA_event_000042","PARSJG","HOMDEL","exons 5",0.827
"HOMDEL_cluster_0003","HOMDEL","CNA_event_000031","PARVHY","HOMDEL","exons 2",0.108
"HOMDEL_cluster_0003","HOMDEL","CNA_event_000030","PASHZK","HOMDEL","exons 2;5",0.342
"HOMDEL_cluster_0003","HOMDEL","CNA_event_000029","PASMHF","HOMDEL","exons 2",0.108
"HOMDEL_cluster_0003","HOMDEL","CNA_event_000028","PASVKC","HOMDEL","exons 2;5",0.935
"HOMDEL_cluster_0003","HOMDEL","CNA_event_000027","PATHRE","HOMDEL","exons 5",0.827
"HOMDEL_cluster_0003","HOMDEL","CNA_event_000026","PATHSL","HOMDEL","exons 2",0.108
"HOMDEL_cluster_0003","HOMDEL","CNA_event_000025","PATKKV","HOMDEL","exons 2;5",0.342
"HOMDEL_cluster_0003","HOMDEL","CNA_event_000024","PATSIL","HOMDEL","exons 2;5",0.381
"HOMDEL_cluster_0003","HOMDEL","CNA_event_000023","PATTAC","HOMDEL","exons 2;5",0.935
"HOMDEL_cluster_0003","HOMDEL","CNA_event_000022","PAUADY","HOMDEL","exons 2",0.108
"HOMDEL_cluster_0003","HOMDEL","CNA_event_000035","PAUEGE","HOMDEL","exons 2",0.108
"HOMDEL_cluster_0003","HOMDEL","CNA_event_000003","PAUHYI","HOMDEL","exons 2",0.108
"HOMDEL_cluster_0003","HOMDEL","CNA_event_000021","PAUMXB","HOMDEL","exons 5",0.827
"HOMDEL_cluster_0003","HOMDEL","CNA_event_000034","PAUPVR","HOMDEL","exons 2;5",0.342
"HOMDEL_cluster_0003","HOMDEL","CNA_event_000019","PAUYBP","HOMDEL","exons 2",0.108
"HOMDEL_cluster_0003","HOMDEL","CNA_event_000002","PAUYJE","HOMDEL","exons 2;5",0.342
"HOMDEL_cluster_0003","HOMDEL","CNA_event_000018","PAVAWW","HOMDEL","exons 2;5",0.935
"HOMDEL_cluster_0003","HOMDEL","CNA_event_000017","PAVCHZ","HOMDEL","exons 5",0.827
"HOMDEL_cluster_0003","HOMDEL","CNA_event_000001","PAVESF","HOMDEL","exons 2",0.147
"HOMDEL_cluster_0003","HOMDEL","CNA_event_000016","PAVFIF","HOMDEL","exons 2",0.108
"HOMDEL_cluster_0003","HOMDEL","CNA_event_000014","PAVKPV","HOMDEL","exons 2;5",0.342
"HOMDEL_cluster_0003","HOMDEL","CNA_event_000040","PAVPCB","HOMDEL","exons 2",0.108
"HOMDEL_cluster_0003","HOMDEL","CNA_event_000012","PAVPEN","HOMDEL","exons 5",0.827
"HOMDEL_cluster_0003","HOMDEL","CNA_event_000011","PAVUCS","HOMDEL","exons 2",0.108
"HOMDEL_cluster_0003","HOMDEL","CNA_event_000010","PAWAIM","HOMDEL","exons 2",0.108
"HOMDEL_cluster_0003","HOMDEL","CNA_event_000008","PAWGDG","HOMDEL","exons 2;5",0.935
"HOMDEL_cluster_0003","HOMDEL","CNA_event_000007","PAWKZN","HOMDEL","exons 2;5",0.935
"HOMDEL_cluster_0004","HOMDEL","CNA_event_000006","PARJPL","HOMDEL","exons 2;3;4",0.935
"HOMDEL_cluster_0004","HOMDEL","CNA_event_000005","PARMIH","HOMDEL","exons 4",0.827
"HOMDEL_cluster_0004","HOMDEL","CNA_event_000033","PARMJA","HOMDEL","exons 2",0.07
"HOMDEL_cluster_0004","HOMDEL","CNA_event_000032","PARNXJ","HOMDEL","exons 2;3;4",0.935
"HOMDEL_cluster_0004","HOMDEL","CNA_event_000042","PARSJG","HOMDEL","exons 4",0.827
"HOMDEL_cluster_0004","HOMDEL","CNA_event_000031","PARVHY","HOMDEL","exons 2;3",0.108
"HOMDEL_cluster_0004","HOMDEL","CNA_event_000030","PASHZK","HOMDEL","exons 2;3;4",0.342
"HOMDEL_cluster_0004","HOMDEL","CNA_event_000029","PASMHF","HOMDEL","exons 2;3",0.108
"HOMDEL_cluster_0004","HOMDEL","CNA_event_000028","PASVKC","HOMDEL","exons 2;3;4",0.935
"HOMDEL_cluster_0004","HOMDEL","CNA_event_000027","PATHRE","HOMDEL","exons 4",0.827
"HOMDEL_cluster_0004","HOMDEL","CNA_event_000026","PATHSL","HOMDEL","exons 2;3",0.108
"HOMDEL_cluster_0004","HOMDEL","CNA_event_000025","PATKKV","HOMDEL","exons 2;3;4",0.342
"HOMDEL_cluster_0004","HOMDEL","CNA_event_000024","PATSIL","HOMDEL","exons 1;2;3;4",0.381
"HOMDEL_cluster_0004","HOMDEL","CNA_event_000023","PATTAC","HOMDEL","exons 2;3;4",0.935
"HOMDEL_cluster_0004","HOMDEL","CNA_event_000022","PAUADY","HOMDEL","exons 2;3",0.108
"HOMDEL_cluster_0004","HOMDEL","CNA_event_000035","PAUEGE","HOMDEL","exons 2;3",0.108
"HOMDEL_cluster_0004","HOMDEL","CNA_event_000003","PAUHYI","HOMDEL","exons 2;3",0.108
"HOMDEL_cluster_0004","HOMDEL","CNA_event_000021","PAUMXB","HOMDEL","exons 4",0.827
"HOMDEL_cluster_0004","HOMDEL","CNA_event_000034","PAUPVR","HOMDEL","exons 2;3;4",0.342
"HOMDEL_cluster_0004","HOMDEL","CNA_event_000019","PAUYBP","HOMDEL","exons 2;3",0.108
"HOMDEL_cluster_0004","HOMDEL","CNA_event_000002","PAUYJE","HOMDEL","exons 2;3;4",0.342
"HOMDEL_cluster_0004","HOMDEL","CNA_event_000018","PAVAWW","HOMDEL","exons 2;3;4",0.935
"HOMDEL_cluster_0004","HOMDEL","CNA_event_000017","PAVCHZ","HOMDEL","exons 4",0.827
"HOMDEL_cluster_0004","HOMDEL","CNA_event_000001","PAVESF","HOMDEL","exons 1;2;3",0.147
"HOMDEL_cluster_0004","HOMDEL","CNA_event_000016","PAVFIF","HOMDEL","exons 2;3",0.108
"HOMDEL_cluster_0004","HOMDEL","CNA_event_000014","PAVKPV","HOMDEL","exons 2;3;4",0.342
"HOMDEL_cluster_0004","HOMDEL","CNA_event_000040","PAVPCB","HOMDEL","exons 2;3",0.108
"HOMDEL_cluster_0004","HOMDEL","CNA_event_000012","PAVPEN","HOMDEL","exons 4",0.827
"HOMDEL_cluster_0004","HOMDEL","CNA_event_000011","PAVUCS","HOMDEL","exons 2;3",0.108
"HOMDEL_cluster_0004","HOMDEL","CNA_event_000010","PAWAIM","HOMDEL","exons 2;3",0.108
"HOMDEL_cluster_0004","HOMDEL","CNA_event_000009","PAWESJ","HOMDEL","exons 1",0.065
"HOMDEL_cluster_0004","HOMDEL","CNA_event_000008","PAWGDG","HOMDEL","exons 2;3;4",0.935
"HOMDEL_cluster_0004","HOMDEL","CNA_event_000007","PAWKZN","HOMDEL","exons 2;3;4",0.935
"HOMDEL_cluster_0005","HOMDEL","CNA_event_000006","PARJPL","HOMDEL","exons 2;3;4;5",0.935
"HOMDEL_cluster_0005","HOMDEL","CNA_event_000005","PARMIH","HOMDEL","exons 4;5",0.827
"HOMDEL_cluster_0005","HOMDEL","CNA_event_000033","PARMJA","HOMDEL","exons 2",0.07
"HOMDEL_cluster_0005","HOMDEL","CNA_event_000032","PARNXJ","HOMDEL","exons 2;3;4;5",0.935
"HOMDEL_cluster_0005","HOMDEL","CNA_event_000042","PARSJG","HOMDEL","exons 4;5",0.827
"HOMDEL_cluster_0005","HOMDEL","CNA_event_000031","PARVHY","HOMDEL","exons 2;3",0.108
"HOMDEL_cluster_0005","HOMDEL","CNA_event_000030","PASHZK","HOMDEL","exons 2;3;4;5",0.342
"HOMDEL_cluster_0005","HOMDEL","CNA_event_000029","PASMHF","HOMDEL","exons 2;3",0.108
"HOMDEL_cluster_0005","HOMDEL","CNA_event_000028","PASVKC","HOMDEL","exons 2;3;4;5",0.935
"HOMDEL_cluster_0005","HOMDEL","CNA_event_000027","PATHRE","HOMDEL","exons 4;5",0.827
"HOMDEL_cluster_0005","HOMDEL","CNA_event_000026","PATHSL","HOMDEL","exons 2;3",0.108
"HOMDEL_cluster_0005","HOMDEL","CNA_event_000025","PATKKV","HOMDEL","exons 2;3;4;5",0.342
"HOMDEL_cluster_0005","HOMDEL","CNA_event_000024","PATSIL","HOMDEL","exons 1;2;3;4;5",0.381
"HOMDEL_cluster_0005","HOMDEL","CNA_event_000023","PATTAC","HOMDEL","exons 2;3;4;5",0.935
"HOMDEL_cluster_0005","HOMDEL","CNA_event_000022","PAUADY","HOMDEL","exons 2;3",0.108
"HOMDEL_cluster_0005","HOMDEL","CNA_event_000035","PAUEGE","HOMDEL","exons 2;3",0.108
"HOMDEL_cluster_0005","HOMDEL","CNA_event_000003","PAUHYI","HOMDEL","exons 2;3",0.108
"HOMDEL_cluster_0005","HOMDEL","CNA_event_000021","PAUMXB","HOMDEL","exons 4;5",0.827
"HOMDEL_cluster_0005","HOMDEL","CNA_event_000034","PAUPVR","HOMDEL","exons 2;3;4;5",0.342
"HOMDEL_cluster_0005","HOMDEL","CNA_event_000019","PAUYBP","HOMDEL","exons 2;3",0.108
"HOMDEL_cluster_0005","HOMDEL","CNA_event_000002","PAUYJE","HOMDEL","exons 2;3;4;5",0.342
"HOMDEL_cluster_0005","HOMDEL","CNA_event_000018","PAVAWW","HOMDEL","exons 2;3;4;5",0.935
"HOMDEL_cluster_0005","HOMDEL","CNA_event_000017","PAVCHZ","HOMDEL","exons 4;5",0.827
"HOMDEL_cluster_0005","HOMDEL","CNA_event_000001","PAVESF","HOMDEL","exons 1;2;3",0.147
"HOMDEL_cluster_0005","HOMDEL","CNA_event_000016","PAVFIF","HOMDEL","exons 2;3",0.108
"HOMDEL_cluster_0005","HOMDEL","CNA_event_000014","PAVKPV","HOMDEL","exons 2;3;4;5",0.342
"HOMDEL_cluster_0005","HOMDEL","CNA_event_000040","PAVPCB","HOMDEL","exons 2;3",0.108
"HOMDEL_cluster_0005","HOMDEL","CNA_event_000012","PAVPEN","HOMDEL","exons 4;5",0.827
"HOMDEL_cluster_0005","HOMDEL","CNA_event_000011","PAVUCS","HOMDEL","exons 2;3",0.108
"HOMDEL_cluster_0005","HOMDEL","CNA_event_000010","PAWAIM","HOMDEL","exons 2;3",0.108
"HOMDEL_cluster_0005","HOMDEL","CNA_event_000009","PAWESJ","HOMDEL","exons 1",0.065
"HOMDEL_cluster_0005","HOMDEL","CNA_event_000008","PAWGDG","HOMDEL","exons 2;3;4;5",0.935
"HOMDEL_cluster_0005","HOMDEL","CNA_event_000007","PAWKZN","HOMDEL","exons 2;3;4;5",0.935
"HOMDEL_cluster_0006","HOMDEL","CNA_event_000006","PARJPL","HOMDEL","exons 2",0.935
"HOMDEL_cluster_0006","HOMDEL","CNA_event_000033","PARMJA","HOMDEL","exons 2",0.07
"HOMDEL_cluster_0006","HOMDEL","CNA_event_000032","PARNXJ","HOMDEL","exons 2",0.935
"HOMDEL_cluster_0006","HOMDEL","CNA_event_000031","PARVHY","HOMDEL","exons 2",0.108
"HOMDEL_cluster_0006","HOMDEL","CNA_event_000030","PASHZK","HOMDEL","exons 2",0.342
"HOMDEL_cluster_0006","HOMDEL","CNA_event_000029","PASMHF","HOMDEL","exons 2",0.108
"HOMDEL_cluster_0006","HOMDEL","CNA_event_000028","PASVKC","HOMDEL","exons 2",0.935
"HOMDEL_cluster_0006","HOMDEL","CNA_event_000026","PATHSL","HOMDEL","exons 2",0.108
"HOMDEL_cluster_0006","HOMDEL","CNA_event_000025","PATKKV","HOMDEL","exons 2",0.342
"HOMDEL_cluster_0006","HOMDEL","CNA_event_000024","PATSIL","HOMDEL","exons 1;2",0.381
"HOMDEL_cluster_0006","HOMDEL","CNA_event_000023","PATTAC","HOMDEL","exons 2",0.935
"HOMDEL_cluster_0006","HOMDEL","CNA_event_000022","PAUADY","HOMDEL","exons 2",0.108
"HOMDEL_cluster_0006","HOMDEL","CNA_event_000035","PAUEGE","HOMDEL","exons 2",0.108
"HOMDEL_cluster_0006","HOMDEL","CNA_event_000003","PAUHYI","HOMDEL","exons 2",0.108
"HOMDEL_cluster_0006","HOMDEL","CNA_event_000034","PAUPVR","HOMDEL","exons 2",0.342
"HOMDEL_cluster_0006","HOMDEL","CNA_event_000019","PAUYBP","HOMDEL","exons 2",0.108
"HOMDEL_cluster_0006","HOMDEL","CNA_event_000002","PAUYJE","HOMDEL","exons 2",0.342
"HOMDEL_cluster_0006","HOMDEL","CNA_event_000018","PAVAWW","HOMDEL","exons 2",0.935
"HOMDEL_cluster_0006","HOMDEL","CNA_event_000001","PAVESF","HOMDEL","exons 1;2",0.147
"HOMDEL_cluster_0006","HOMDEL","CNA_event_000016","PAVFIF","HOMDEL","exons 2",0.108
"HOMDEL_cluster_0006","HOMDEL","CNA_event_000014","PAVKPV","HOMDEL","exons 2",0.342
"HOMDEL_cluster_0006","HOMDEL","CNA_event_000040","PAVPCB","HOMDEL","exons 2",0.108
"HOMDEL_cluster_0006","HOMDEL","CNA_event_000011","PAVUCS","HOMDEL","exons 2",0.108
"HOMDEL_cluster_0006","HOMDEL","CNA_event_000010","PAWAIM","HOMDEL","exons 2",0.108
"HOMDEL_cluster_0006","HOMDEL","CNA_event_000009","PAWESJ","HOMDEL","exons 1",0.065
"HOMDEL_cluster_0006","HOMDEL","CNA_event_000008","PAWGDG","HOMDEL","exons 2",0.935
"HOMDEL_cluster_0006","HOMDEL","CNA_event_000007","PAWKZN","HOMDEL","exons 2",0.935
"HOMDEL_cluster_0007","HOMDEL","CNA_event_000006","PARJPL","HOMDEL","exons 7;8",0.935
"HOMDEL_cluster_0007","HOMDEL","CNA_event_000005","PARMIH","HOMDEL","exons 7;8",0.827
"HOMDEL_cluster_0007","HOMDEL","CNA_event_000032","PARNXJ","HOMDEL","exons 7;8",0.935
"HOMDEL_cluster_0007","HOMDEL","CNA_event_000042","PARSJG","HOMDEL","exons 7;8",0.827
"HOMDEL_cluster_0007","HOMDEL","CNA_event_000028","PASVKC","HOMDEL","exons 7;8",0.935
"HOMDEL_cluster_0007","HOMDEL","CNA_event_000027","PATHRE","HOMDEL","exons 7;8",0.827
"HOMDEL_cluster_0007","HOMDEL","CNA_event_000023","PATTAC","HOMDEL","exons 7;8",0.935
"HOMDEL_cluster_0007","HOMDEL","CNA_event_000021","PAUMXB","HOMDEL","exons 7;8",0.827
"HOMDEL_cluster_0007","HOMDEL","CNA_event_000018","PAVAWW","HOMDEL","exons 7;8",0.935
"HOMDEL_cluster_0007","HOMDEL","CNA_event_000017","PAVCHZ","HOMDEL","exons 7;8",0.827
"HOMDEL_cluster_0007","HOMDEL","CNA_event_000015","PAVKPV","HOMDEL","exons 7;8",0.593
"HOMDEL_cluster_0007","HOMDEL","CNA_event_000012","PAVPEN","HOMDEL","exons 7;8",0.827
"HOMDEL_cluster_0007","HOMDEL","CNA_event_000008","PAWGDG","HOMDEL","exons 7;8",0.935
"HOMDEL_cluster_0007","HOMDEL","CNA_event_000007","PAWKZN","HOMDEL","exons 7;8",0.935
"HOMDEL_cluster_0008","HOMDEL","CNA_event_000006","PARJPL","HOMDEL","exons 6;9",0.935
"HOMDEL_cluster_0008","HOMDEL","CNA_event_000005","PARMIH","HOMDEL","exons 6;9",0.827
"HOMDEL_cluster_0008","HOMDEL","CNA_event_000032","PARNXJ","HOMDEL","exons 6;9",0.935
"HOMDEL_cluster_0008","HOMDEL","CNA_event_000042","PARSJG","HOMDEL","exons 6;9",0.827
"HOMDEL_cluster_0008","HOMDEL","CNA_event_000028","PASVKC","HOMDEL","exons 6;9",0.935
"HOMDEL_cluster_0008","HOMDEL","CNA_event_000027","PATHRE","HOMDEL","exons 6;9",0.827
"HOMDEL_cluster_0008","HOMDEL","CNA_event_000023","PATTAC","HOMDEL","exons 6;9",0.935
"HOMDEL_cluster_0008","HOMDEL","CNA_event_000039","PAULMU","HOMDEL","exons 9",0.151
"HOMDEL_cluster_0008","HOMDEL","CNA_event_000021","PAUMXB","HOMDEL","exons 6;9",0.827
"HOMDEL_cluster_0008","HOMDEL","CNA_event_000018","PAVAWW","HOMDEL","exons 6;9",0.935
"HOMDEL_cluster_0008","HOMDEL","CNA_event_000017","PAVCHZ","HOMDEL","exons 6;9",0.827
"HOMDEL_cluster_0008","HOMDEL","CNA_event_000015","PAVKPV","HOMDEL","exons 6;9",0.593
"HOMDEL_cluster_0008","HOMDEL","CNA_event_000012","PAVPEN","HOMDEL","exons 6;9",0.827
"HOMDEL_cluster_0008","HOMDEL","CNA_event_000008","PAWGDG","HOMDEL","exons 6;9",0.935
"HOMDEL_cluster_0008","HOMDEL","CNA_event_000007","PAWKZN","HOMDEL","exons 6;9",0.935
"HOMDEL_cluster_0009","HOMDEL","CNA_event_000006","PARJPL","HOMDEL","exons 6;7;8;9",0.935
"HOMDEL_cluster_0009","HOMDEL","CNA_event_000005","PARMIH","HOMDEL","exons 6;7;8;9",0.827
"HOMDEL_cluster_0009","HOMDEL","CNA_event_000032","PARNXJ","HOMDEL","exons 6;7;8;9",0.935
"HOMDEL_cluster_0009","HOMDEL","CNA_event_000042","PARSJG","HOMDEL","exons 6;7;8;9",0.827
"HOMDEL_cluster_0009","HOMDEL","CNA_event_000028","PASVKC","HOMDEL","exons 6;7;8;9",0.935
"HOMDEL_cluster_0009","HOMDEL","CNA_event_000027","PATHRE","HOMDEL","exons 6;7;8;9",0.827
"HOMDEL_cluster_0009","HOMDEL","CNA_event_000023","PATTAC","HOMDEL","exons 6;7;8;9",0.935
"HOMDEL_cluster_0009","HOMDEL","CNA_event_000039","PAULMU","HOMDEL","exons 9",0.151
"HOMDEL_cluster_0009","HOMDEL","CNA_event_000021","PAUMXB","HOMDEL","exons 6;7;8;9",0.827
"HOMDEL_cluster_0009","HOMDEL","CNA_event_000018","PAVAWW","HOMDEL","exons 6;7;8;9",0.935
"HOMDEL_cluster_0009","HOMDEL","CNA_event_000017","PAVCHZ","HOMDEL","exons 6;7;8;9",0.827
"HOMDEL_cluster_0009","HOMDEL","CNA_event_000015","PAVKPV","HOMDEL","exons 6;7;8;9",0.593
"HOMDEL_cluster_0009","HOMDEL","CNA_event_000012","PAVPEN","HOMDEL","exons 6;7;8;9",0.827
"HOMDEL_cluster_0009","HOMDEL","CNA_event_000008","PAWGDG","HOMDEL","exons 6;7;8;9",0.935
"HOMDEL_cluster_0009","HOMDEL","CNA_event_000007","PAWKZN","HOMDEL","exons 6;7;8;9",0.935
"HOMDEL_cluster_0010","HOMDEL","CNA_event_000006","PARJPL","HOMDEL","exons 7;8;9",0.935
"HOMDEL_cluster_0010","HOMDEL","CNA_event_000005","PARMIH","HOMDEL","exons 7;8;9",0.827
"HOMDEL_cluster_0010","HOMDEL","CNA_event_000032","PARNXJ","HOMDEL","exons 7;8;9",0.935
"HOMDEL_cluster_0010","HOMDEL","CNA_event_000042","PARSJG","HOMDEL","exons 7;8;9",0.827
"HOMDEL_cluster_0010","HOMDEL","CNA_event_000028","PASVKC","HOMDEL","exons 7;8;9",0.935
"HOMDEL_cluster_0010","HOMDEL","CNA_event_000027","PATHRE","HOMDEL","exons 7;8;9",0.827
"HOMDEL_cluster_0010","HOMDEL","CNA_event_000023","PATTAC","HOMDEL","exons 7;8;9",0.935
"HOMDEL_cluster_0010","HOMDEL","CNA_event_000039","PAULMU","HOMDEL","exons 9",0.151
"HOMDEL_cluster_0010","HOMDEL","CNA_event_000021","PAUMXB","HOMDEL","exons 7;8;9",0.827
"HOMDEL_cluster_0010","HOMDEL","CNA_event_000018","PAVAWW","HOMDEL","exons 7;8;9",0.935
"HOMDEL_cluster_0010","HOMDEL","CNA_event_000017","PAVCHZ","HOMDEL","exons 7;8;9",0.827
"HOMDEL_cluster_0010","HOMDEL","CNA_event_000015","PAVKPV","HOMDEL","exons 7;8;9",0.593
"HOMDEL_cluster_0010","HOMDEL","CNA_event_000012","PAVPEN","HOMDEL","exons 7;8;9",0.827
"HOMDEL_cluster_0010","HOMDEL","CNA_event_000008","PAWGDG","HOMDEL","exons 7;8;9",0.935
"HOMDEL_cluster_0010","HOMDEL","CNA_event_000007","PAWKZN","HOMDEL","exons 7;8;9",0.935
"HOMDEL_cluster_0011","HOMDEL","CNA_event_000006","PARJPL","HOMDEL","exons 5;6",0.935
"HOMDEL_cluster_0011","HOMDEL","CNA_event_000005","PARMIH","HOMDEL","exons 5;6",0.827
"HOMDEL_cluster_0011","HOMDEL","CNA_event_000032","PARNXJ","HOMDEL","exons 5;6",0.935
"HOMDEL_cluster_0011","HOMDEL","CNA_event_000042","PARSJG","HOMDEL","exons 5;6",0.827
"HOMDEL_cluster_0011","HOMDEL","CNA_event_000030","PASHZK","HOMDEL","exons 5",0.342
"HOMDEL_cluster_0011","HOMDEL","CNA_event_000028","PASVKC","HOMDEL","exons 5;6",0.935
"HOMDEL_cluster_0011","HOMDEL","CNA_event_000027","PATHRE","HOMDEL","exons 5;6",0.827
"HOMDEL_cluster_0011","HOMDEL","CNA_event_000025","PATKKV","HOMDEL","exons 5",0.342
"HOMDEL_cluster_0011","HOMDEL","CNA_event_000024","PATSIL","HOMDEL","exons 5",0.381
"HOMDEL_cluster_0011","HOMDEL","CNA_event_000023","PATTAC","HOMDEL","exons 5;6",0.935
"HOMDEL_cluster_0011","HOMDEL","CNA_event_000021","PAUMXB","HOMDEL","exons 5;6",0.827
"HOMDEL_cluster_0011","HOMDEL","CNA_event_000034","PAUPVR","HOMDEL","exons 5",0.342
"HOMDEL_cluster_0011","HOMDEL","CNA_event_000002","PAUYJE","HOMDEL","exons 5",0.342
"HOMDEL_cluster_0011","HOMDEL","CNA_event_000018","PAVAWW","HOMDEL","exons 5;6",0.935
"HOMDEL_cluster_0011","HOMDEL","CNA_event_000017","PAVCHZ","HOMDEL","exons 5;6",0.827
"HOMDEL_cluster_0011","HOMDEL","CNA_event_000014","PAVKPV","HOMDEL","exons 5",0.342
"HOMDEL_cluster_0011","HOMDEL","CNA_event_000015","PAVKPV","HOMDEL","exons 6",0.593
"HOMDEL_cluster_0011","HOMDEL","CNA_event_000012","PAVPEN","HOMDEL","exons 5;6",0.827
"HOMDEL_cluster_0011","HOMDEL","CNA_event_000008","PAWGDG","HOMDEL","exons 5;6",0.935
"HOMDEL_cluster_0011","HOMDEL","CNA_event_000007","PAWKZN","HOMDEL","exons 5;6",0.935
"HOMDEL_cluster_0012","HOMDEL","CNA_event_000006","PARJPL","HOMDEL","exons 5;6;7;8;9",0.935
"HOMDEL_cluster_0012","HOMDEL","CNA_event_000005","PARMIH","HOMDEL","exons 5;6;7;8;9",0.827
"HOMDEL_cluster_0012","HOMDEL","CNA_event_000032","PARNXJ","HOMDEL","exons 5;6;7;8;9",0.935
"HOMDEL_cluster_0012","HOMDEL","CNA_event_000042","PARSJG","HOMDEL","exons 5;6;7;8;9",0.827
"HOMDEL_cluster_0012","HOMDEL","CNA_event_000030","PASHZK","HOMDEL","exons 5",0.342
"HOMDEL_cluster_0012","HOMDEL","CNA_event_000028","PASVKC","HOMDEL","exons 5;6;7;8;9",0.935
"HOMDEL_cluster_0012","HOMDEL","CNA_event_000027","PATHRE","HOMDEL","exons 5;6;7;8;9",0.827
"HOMDEL_cluster_0012","HOMDEL","CNA_event_000025","PATKKV","HOMDEL","exons 5",0.342
"HOMDEL_cluster_0012","HOMDEL","CNA_event_000024","PATSIL","HOMDEL","exons 5",0.381
"HOMDEL_cluster_0012","HOMDEL","CNA_event_000023","PATTAC","HOMDEL","exons 5;6;7;8;9",0.935
"HOMDEL_cluster_0012","HOMDEL","CNA_event_000039","PAULMU","HOMDEL","exons 9",0.151
"HOMDEL_cluster_0012","HOMDEL","CNA_event_000021","PAUMXB","HOMDEL","exons 5;6;7;8;9",0.827
"HOMDEL_cluster_0012","HOMDEL","CNA_event_000034","PAUPVR","HOMDEL","exons 5",0.342
"HOMDEL_cluster_0012","HOMDEL","CNA_event_000002","PAUYJE","HOMDEL","exons 5",0.342
"HOMDEL_cluster_0012","HOMDEL","CNA_event_000018","PAVAWW","HOMDEL","exons 5;6;7;8;9",0.935
"HOMDEL_cluster_0012","HOMDEL","CNA_event_000017","PAVCHZ","HOMDEL","exons 5;6;7;8;9",0.827
"HOMDEL_cluster_0012","HOMDEL","CNA_event_000014","PAVKPV","HOMDEL","exons 5",0.342
"HOMDEL_cluster_0012","HOMDEL","CNA_event_000015","PAVKPV","HOMDEL","exons 6;7;8;9",0.593
"HOMDEL_cluster_0012","HOMDEL","CNA_event_000012","PAVPEN","HOMDEL","exons 5;6;7;8;9",0.827
"HOMDEL_cluster_0012","HOMDEL","CNA_event_000008","PAWGDG","HOMDEL","exons 5;6;7;8;9",0.935
"HOMDEL_cluster_0012","HOMDEL","CNA_event_000007","PAWKZN","HOMDEL","exons 5;6;7;8;9",0.935
"HOMDEL_cluster_0013","HOMDEL","CNA_event_000006","PARJPL","HOMDEL","exons 2;3;4;5;6;7;8;9",0.935
"HOMDEL_cluster_0013","HOMDEL","CNA_event_000005","PARMIH","HOMDEL","exons 4;5;6;7;8;9",0.827
"HOMDEL_cluster_0013","HOMDEL","CNA_event_000033","PARMJA","HOMDEL","exons 2",0.07
"HOMDEL_cluster_0013","HOMDEL","CNA_event_000032","PARNXJ","HOMDEL","exons 2;3;4;5;6;7;8;9",0.935
"HOMDEL_cluster_0013","HOMDEL","CNA_event_000042","PARSJG","HOMDEL","exons 4;5;6;7;8;9",0.827
"HOMDEL_cluster_0013","HOMDEL","CNA_event_000031","PARVHY","HOMDEL","exons 2;3",0.108
"HOMDEL_cluster_0013","HOMDEL","CNA_event_000030","PASHZK","HOMDEL","exons 2;3;4;5",0.342
"HOMDEL_cluster_0013","HOMDEL","CNA_event_000029","PASMHF","HOMDEL","exons 2;3",0.108
"HOMDEL_cluster_0013","HOMDEL","CNA_event_000028","PASVKC","HOMDEL","exons 2;3;4;5;6;7;8;9",0.935
"HOMDEL_cluster_0013","HOMDEL","CNA_event_000027","PATHRE","HOMDEL","exons 4;5;6;7;8;9",0.827
"HOMDEL_cluster_0013","HOMDEL","CNA_event_000026","PATHSL","HOMDEL","exons 2;3",0.108
"HOMDEL_cluster_0013","HOMDEL","CNA_event_000025","PATKKV","HOMDEL","exons 2;3;4;5",0.342
"HOMDEL_cluster_0013","HOMDEL","CNA_event_000024","PATSIL","HOMDEL","exons 1;2;3;4;5",0.381
"HOMDEL_cluster_0013","HOMDEL","CNA_event_000023","PATTAC","HOMDEL","exons 2;3;4;5;6;7;8;9",0.935
"HOMDEL_cluster_0013","HOMDEL","CNA_event_000022","PAUADY","HOMDEL","exons 2;3",0.108
"HOMDEL_cluster_0013","HOMDEL","CNA_event_000035","PAUEGE","HOMDEL","exons 2;3",0.108
"HOMDEL_cluster_0013","HOMDEL","CNA_event_000003","PAUHYI","HOMDEL","exons 2;3",0.108
"HOMDEL_cluster_0013","HOMDEL","CNA_event_000039","PAULMU","HOMDEL","exons 9",0.151
"HOMDEL_cluster_0013","HOMDEL","CNA_event_000021","PAUMXB","HOMDEL","exons 4;5;6;7;8;9",0.827
"HOMDEL_cluster_0013","HOMDEL","CNA_event_000034","PAUPVR","HOMDEL","exons 2;3;4;5",0.342
"HOMDEL_cluster_0013","HOMDEL","CNA_event_000019","PAUYBP","HOMDEL","exons 2;3",0.108
"HOMDEL_cluster_0013","HOMDEL","CNA_event_000002","PAUYJE","HOMDEL","exons 2;3;4;5",0.342
"HOMDEL_cluster_0013","HOMDEL","CNA_event_000018","PAVAWW","HOMDEL","exons 2;3;4;5;6;7;8;9",0.935
"HOMDEL_cluster_0013","HOMDEL","CNA_event_000017","PAVCHZ","HOMDEL","exons 4;5;6;7;8;9",0.827
"HOMDEL_cluster_0013","HOMDEL","CNA_event_000001","PAVESF","HOMDEL","exons 1;2;3",0.147
"HOMDEL_cluster_0013","HOMDEL","CNA_event_000016","PAVFIF","HOMDEL","exons 2;3",0.108
"HOMDEL_cluster_0013","HOMDEL","CNA_event_000014","PAVKPV","HOMDEL","exons 2;3;4;5",0.342
"HOMDEL_cluster_0013","HOMDEL","CNA_event_000015","PAVKPV","HOMDEL","exons 6;7;8;9",0.593
"HOMDEL_cluster_0013","HOMDEL","CNA_event_000040","PAVPCB","HOMDEL","exons 2;3",0.108
"HOMDEL_cluster_0013","HOMDEL","CNA_event_000012","PAVPEN","HOMDEL","exons 4;5;6;7;8;9",0.827
"HOMDEL_cluster_0013","HOMDEL","CNA_event_000011","PAVUCS","HOMDEL","exons 2;3",0.108
"HOMDEL_cluster_0013","HOMDEL","CNA_event_000010","PAWAIM","HOMDEL","exons 2;3",0.108
"HOMDEL_cluster_0013","HOMDEL","CNA_event_000009","PAWESJ","HOMDEL","exons 1",0.065
"HOMDEL_cluster_0013","HOMDEL","CNA_event_000008","PAWGDG","HOMDEL","exons 2;3;4;5;6;7;8;9",0.935
"HOMDEL_cluster_0013","HOMDEL","CNA_event_000007","PAWKZN","HOMDEL","exons 2;3;4;5;6;7;8;9",0.935
"HOMDEL_cluster_0014","HOMDEL","CNA_event_000024","PATSIL","HOMDEL","exons 1",0.381
"HOMDEL_cluster_0014","HOMDEL","CNA_event_000001","PAVESF","HOMDEL","exons 1",0.147
"HOMDEL_cluster_0014","HOMDEL","CNA_event_000009","PAWESJ","HOMDEL","exons 1",0.065
"HOMDEL_cluster_0015","HOMDEL","CNA_event_000006","PARJPL","HOMDEL","exons 2",0.935
"HOMDEL_cluster_0015","HOMDEL","CNA_event_000033","PARMJA","HOMDEL","exons 2",0.07
"HOMDEL_cluster_0015","HOMDEL","CNA_event_000032","PARNXJ","HOMDEL","exons 2",0.935
"HOMDEL_cluster_0015","HOMDEL","CNA_event_000031","PARVHY","HOMDEL","exons 2",0.108
"HOMDEL_cluster_0015","HOMDEL","CNA_event_000030","PASHZK","HOMDEL","exons 2",0.342
"HOMDEL_cluster_0015","HOMDEL","CNA_event_000029","PASMHF","HOMDEL","exons 2",0.108
"HOMDEL_cluster_0015","HOMDEL","CNA_event_000028","PASVKC","HOMDEL","exons 2",0.935
"HOMDEL_cluster_0015","HOMDEL","CNA_event_000026","PATHSL","HOMDEL","exons 2",0.108
"HOMDEL_cluster_0015","HOMDEL","CNA_event_000025","PATKKV","HOMDEL","exons 2",0.342
"HOMDEL_cluster_0015","HOMDEL","CNA_event_000024","PATSIL","HOMDEL","exons 2",0.381
"HOMDEL_cluster_0015","HOMDEL","CNA_event_000023","PATTAC","HOMDEL","exons 2",0.935
"HOMDEL_cluster_0015","HOMDEL","CNA_event_000022","PAUADY","HOMDEL","exons 2",0.108
"HOMDEL_cluster_0015","HOMDEL","CNA_event_000035","PAUEGE","HOMDEL","exons 2",0.108
"HOMDEL_cluster_0015","HOMDEL","CNA_event_000003","PAUHYI","HOMDEL","exons 2",0.108
"HOMDEL_cluster_0015","HOMDEL","CNA_event_000034","PAUPVR","HOMDEL","exons 2",0.342
"HOMDEL_cluster_0015","HOMDEL","CNA_event_000019","PAUYBP","HOMDEL","exons 2",0.108
"HOMDEL_cluster_0015","HOMDEL","CNA_event_000002","PAUYJE","HOMDEL","exons 2",0.342
"HOMDEL_cluster_0015","HOMDEL","CNA_event_000018","PAVAWW","HOMDEL","exons 2",0.935
"HOMDEL_cluster_0015","HOMDEL","CNA_event_000001","PAVESF","HOMDEL","exons 2",0.147
"HOMDEL_cluster_0015","HOMDEL","CNA_event_000016","PAVFIF","HOMDEL","exons 2",0.108
"HOMDEL_cluster_0015","HOMDEL","CNA_event_000014","PAVKPV","HOMDEL","exons 2",0.342
"HOMDEL_cluster_0015","HOMDEL","CNA_event_000040","PAVPCB","HOMDEL","exons 2",0.108
"HOMDEL_cluster_0015","HOMDEL","CNA_event_000011","PAVUCS","HOMDEL","exons 2",0.108
"HOMDEL_cluster_0015","HOMDEL","CNA_event_000010","PAWAIM","HOMDEL","exons 2",0.108
"HOMDEL_cluster_0015","HOMDEL","CNA_event_000008","PAWGDG","HOMDEL","exons 2",0.935
"HOMDEL_cluster_0015","HOMDEL","CNA_event_000007","PAWKZN","HOMDEL","exons 2",0.935
"HOMDEL_cluster_0016","HOMDEL","CNA_event_000006","PARJPL","HOMDEL","exons 3",0.935
"HOMDEL_cluster_0016","HOMDEL","CNA_event_000032","PARNXJ","HOMDEL","exons 3",0.935
"HOMDEL_cluster_0016","HOMDEL","CNA_event_000031","PARVHY","HOMDEL","exons 3",0.108
"HOMDEL_cluster_0016","HOMDEL","CNA_event_000030","PASHZK","HOMDEL","exons 3",0.342
"HOMDEL_cluster_0016","HOMDEL","CNA_event_000029","PASMHF","HOMDEL","exons 3",0.108
"HOMDEL_cluster_0016","HOMDEL","CNA_event_000028","PASVKC","HOMDEL","exons 3",0.935
"HOMDEL_cluster_0016","HOMDEL","CNA_event_000026","PATHSL","HOMDEL","exons 3",0.108
"HOMDEL_cluster_0016","HOMDEL","CNA_event_000025","PATKKV","HOMDEL","exons 3",0.342
"HOMDEL_cluster_0016","HOMDEL","CNA_event_000024","PATSIL","HOMDEL","exons 3",0.381
"HOMDEL_cluster_0016","HOMDEL","CNA_event_000023","PATTAC","HOMDEL","exons 3",0.935
"HOMDEL_cluster_0016","HOMDEL","CNA_event_000022","PAUADY","HOMDEL","exons 3",0.108
"HOMDEL_cluster_0016","HOMDEL","CNA_event_000035","PAUEGE","HOMDEL","exons 3",0.108
"HOMDEL_cluster_0016","HOMDEL","CNA_event_000003","PAUHYI","HOMDEL","exons 3",0.108
"HOMDEL_cluster_0016","HOMDEL","CNA_event_000034","PAUPVR","HOMDEL","exons 3",0.342
"HOMDEL_cluster_0016","HOMDEL","CNA_event_000019","PAUYBP","HOMDEL","exons 3",0.108
"HOMDEL_cluster_0016","HOMDEL","CNA_event_000002","PAUYJE","HOMDEL","exons 3",0.342
"HOMDEL_cluster_0016","HOMDEL","CNA_event_000018","PAVAWW","HOMDEL","exons 3",0.935
"HOMDEL_cluster_0016","HOMDEL","CNA_event_000001","PAVESF","HOMDEL","exons 3",0.147
"HOMDEL_cluster_0016","HOMDEL","CNA_event_000016","PAVFIF","HOMDEL","exons 3",0.108
"HOMDEL_cluster_0016","HOMDEL","CNA_event_000014","PAVKPV","HOMDEL","exons 3",0.342
"HOMDEL_cluster_0016","HOMDEL","CNA_event_000040","PAVPCB","HOMDEL","exons 3",0.108
"HOMDEL_cluster_0016","HOMDEL","CNA_event_000011","PAVUCS","HOMDEL","exons 3",0.108
"HOMDEL_cluster_0016","HOMDEL","CNA_event_000010","PAWAIM","HOMDEL","exons 3",0.108
"HOMDEL_cluster_0016","HOMDEL","CNA_event_000008","PAWGDG","HOMDEL","exons 3",0.935
"HOMDEL_cluster_0016","HOMDEL","CNA_event_000007","PAWKZN","HOMDEL","exons 3",0.935
"HOMDEL_cluster_0017","HOMDEL","CNA_event_000006","PARJPL","HOMDEL","exons 4",0.935
"HOMDEL_cluster_0017","HOMDEL","CNA_event_000005","PARMIH","HOMDEL","exons 4",0.827
"HOMDEL_cluster_0017","HOMDEL","CNA_event_000032","PARNXJ","HOMDEL","exons 4",0.935
"HOMDEL_cluster_0017","HOMDEL","CNA_event_000042","PARSJG","HOMDEL","exons 4",0.827
"HOMDEL_cluster_0017","HOMDEL","CNA_event_000030","PASHZK","HOMDEL","exons 4",0.342
"HOMDEL_cluster_0017","HOMDEL","CNA_event_000028","PASVKC","HOMDEL","exons 4",0.935
"HOMDEL_cluster_0017","HOMDEL","CNA_event_000027","PATHRE","HOMDEL","exons 4",0.827
"HOMDEL_cluster_0017","HOMDEL","CNA_event_000025","PATKKV","HOMDEL","exons 4",0.342
"HOMDEL_cluster_0017","HOMDEL","CNA_event_000024","PATSIL","HOMDEL","exons 4",0.381
"HOMDEL_cluster_0017","HOMDEL","CNA_event_000023","PATTAC","HOMDEL","exons 4",0.935
"HOMDEL_cluster_0017","HOMDEL","CNA_event_000021","PAUMXB","HOMDEL","exons 4",0.827
"HOMDEL_cluster_0017","HOMDEL","CNA_event_000034","PAUPVR","HOMDEL","exons 4",0.342
"HOMDEL_cluster_0017","HOMDEL","CNA_event_000002","PAUYJE","HOMDEL","exons 4",0.342
"HOMDEL_cluster_0017","HOMDEL","CNA_event_000018","PAVAWW","HOMDEL","exons 4",0.935
"HOMDEL_cluster_0017","HOMDEL","CNA_event_000017","PAVCHZ","HOMDEL","exons 4",0.827
"HOMDEL_cluster_0017","HOMDEL","CNA_event_000014","PAVKPV","HOMDEL","exons 4",0.342
"HOMDEL_cluster_0017","HOMDEL","CNA_event_000012","PAVPEN","HOMDEL","exons 4",0.827
"HOMDEL_cluster_0017","HOMDEL","CNA_event_000008","PAWGDG","HOMDEL","exons 4",0.935
"HOMDEL_cluster_0017","HOMDEL","CNA_event_000007","PAWKZN","HOMDEL","exons 4",0.935
"HOMDEL_cluster_0018","HOMDEL","CNA_event_000006","PARJPL","HOMDEL","exons 5",0.935
"HOMDEL_cluster_0018","HOMDEL","CNA_event_000005","PARMIH","HOMDEL","exons 5",0.827
"HOMDEL_cluster_0018","HOMDEL","CNA_event_000032","PARNXJ","HOMDEL","exons 5",0.935
"HOMDEL_cluster_0018","HOMDEL","CNA_event_000042","PARSJG","HOMDEL","exons 5",0.827
"HOMDEL_cluster_0018","HOMDEL","CNA_event_000030","PASHZK","HOMDEL","exons 5",0.342
"HOMDEL_cluster_0018","HOMDEL","CNA_event_000028","PASVKC","HOMDEL","exons 5",0.935
"HOMDEL_cluster_0018","HOMDEL","CNA_event_000027","PATHRE","HOMDEL","exons 5",0.827
"HOMDEL_cluster_0018","HOMDEL","CNA_event_000025","PATKKV","HOMDEL","exons 5",0.342
"HOMDEL_cluster_0018","HOMDEL","CNA_event_000024","PATSIL","HOMDEL","exons 5",0.381
"HOMDEL_cluster_0018","HOMDEL","CNA_event_000023","PATTAC","HOMDEL","exons 5",0.935
"HOMDEL_cluster_0018","HOMDEL","CNA_event_000021","PAUMXB","HOMDEL","exons 5",0.827
"HOMDEL_cluster_0018","HOMDEL","CNA_event_000034","PAUPVR","HOMDEL","exons 5",0.342
"HOMDEL_cluster_0018","HOMDEL","CNA_event_000002","PAUYJE","HOMDEL","exons 5",0.342
"HOMDEL_cluster_0018","HOMDEL","CNA_event_000018","PAVAWW","HOMDEL","exons 5",0.935
"HOMDEL_cluster_0018","HOMDEL","CNA_event_000017","PAVCHZ","HOMDEL","exons 5",0.827
"HOMDEL_cluster_0018","HOMDEL","CNA_event_000014","PAVKPV","HOMDEL","exons 5",0.342
"HOMDEL_cluster_0018","HOMDEL","CNA_event_000012","PAVPEN","HOMDEL","exons 5",0.827
"HOMDEL_cluster_0018","HOMDEL","CNA_event_000008","PAWGDG","HOMDEL","exons 5",0.935
"HOMDEL_cluster_0018","HOMDEL","CNA_event_000007","PAWKZN","HOMDEL","exons 5",0.935
"HOMDEL_cluster_0019","HOMDEL","CNA_event_000006","PARJPL","HOMDEL","exons 6",0.935
"HOMDEL_cluster_0019","HOMDEL","CNA_event_000005","PARMIH","HOMDEL","exons 6",0.827
"HOMDEL_cluster_0019","HOMDEL","CNA_event_000032","PARNXJ","HOMDEL","exons 6",0.935
"HOMDEL_cluster_0019","HOMDEL","CNA_event_000042","PARSJG","HOMDEL","exons 6",0.827
"HOMDEL_cluster_0019","HOMDEL","CNA_event_000028","PASVKC","HOMDEL","exons 6",0.935
"HOMDEL_cluster_0019","HOMDEL","CNA_event_000027","PATHRE","HOMDEL","exons 6",0.827
"HOMDEL_cluster_0019","HOMDEL","CNA_event_000023","PATTAC","HOMDEL","exons 6",0.935
"HOMDEL_cluster_0019","HOMDEL","CNA_event_000021","PAUMXB","HOMDEL","exons 6",0.827
"HOMDEL_cluster_0019","HOMDEL","CNA_event_000018","PAVAWW","HOMDEL","exons 6",0.935
"HOMDEL_cluster_0019","HOMDEL","CNA_event_000017","PAVCHZ","HOMDEL","exons 6",0.827
"HOMDEL_cluster_0019","HOMDEL","CNA_event_000015","PAVKPV","HOMDEL","exons 6",0.593
"HOMDEL_cluster_0019","HOMDEL","CNA_event_000012","PAVPEN","HOMDEL","exons 6",0.827
"HOMDEL_cluster_0019","HOMDEL","CNA_event_000008","PAWGDG","HOMDEL","exons 6",0.935
"HOMDEL_cluster_0019","HOMDEL","CNA_event_000007","PAWKZN","HOMDEL","exons 6",0.935
"HOMDEL_cluster_0020","HOMDEL","CNA_event_000006","PARJPL","HOMDEL","exons 7",0.935
"HOMDEL_cluster_0020","HOMDEL","CNA_event_000005","PARMIH","HOMDEL","exons 7",0.827
"HOMDEL_cluster_0020","HOMDEL","CNA_event_000032","PARNXJ","HOMDEL","exons 7",0.935
"HOMDEL_cluster_0020","HOMDEL","CNA_event_000042","PARSJG","HOMDEL","exons 7",0.827
"HOMDEL_cluster_0020","HOMDEL","CNA_event_000028","PASVKC","HOMDEL","exons 7",0.935
"HOMDEL_cluster_0020","HOMDEL","CNA_event_000027","PATHRE","HOMDEL","exons 7",0.827
"HOMDEL_cluster_0020","HOMDEL","CNA_event_000023","PATTAC","HOMDEL","exons 7",0.935
"HOMDEL_cluster_0020","HOMDEL","CNA_event_000021","PAUMXB","HOMDEL","exons 7",0.827
"HOMDEL_cluster_0020","HOMDEL","CNA_event_000018","PAVAWW","HOMDEL","exons 7",0.935
"HOMDEL_cluster_0020","HOMDEL","CNA_event_000017","PAVCHZ","HOMDEL","exons 7",0.827
"HOMDEL_cluster_0020","HOMDEL","CNA_event_000015","PAVKPV","HOMDEL","exons 7",0.593
"HOMDEL_cluster_0020","HOMDEL","CNA_event_000012","PAVPEN","HOMDEL","exons 7",0.827
"HOMDEL_cluster_0020","HOMDEL","CNA_event_000008","PAWGDG","HOMDEL","exons 7",0.935
"HOMDEL_cluster_0020","HOMDEL","CNA_event_000007","PAWKZN","HOMDEL","exons 7",0.935
"HOMDEL_cluster_0021","HOMDEL","CNA_event_000006","PARJPL","HOMDEL","exons 8",0.935
"HOMDEL_cluster_0021","HOMDEL","CNA_event_000005","PARMIH","HOMDEL","exons 8",0.827
"HOMDEL_cluster_0021","HOMDEL","CNA_event_000032","PARNXJ","HOMDEL","exons 8",0.935
"HOMDEL_cluster_0021","HOMDEL","CNA_event_000042","PARSJG","HOMDEL","exons 8",0.827
"HOMDEL_cluster_0021","HOMDEL","CNA_event_000028","PASVKC","HOMDEL","exons 8",0.935
"HOMDEL_cluster_0021","HOMDEL","CNA_event_000027","PATHRE","HOMDEL","exons 8",0.827
"HOMDEL_cluster_0021","HOMDEL","CNA_event_000023","PATTAC","HOMDEL","exons 8",0.935
"HOMDEL_cluster_0021","HOMDEL","CNA_event_000021","PAUMXB","HOMDEL","exons 8",0.827
"HOMDEL_cluster_0021","HOMDEL","CNA_event_000018","PAVAWW","HOMDEL","exons 8",0.935
"HOMDEL_cluster_0021","HOMDEL","CNA_event_000017","PAVCHZ","HOMDEL","exons 8",0.827
"HOMDEL_cluster_0021","HOMDEL","CNA_event_000015","PAVKPV","HOMDEL","exons 8",0.593
"HOMDEL_cluster_0021","HOMDEL","CNA_event_000012","PAVPEN","HOMDEL","exons 8",0.827
"HOMDEL_cluster_0021","HOMDEL","CNA_event_000008","PAWGDG","HOMDEL","exons 8",0.935
"HOMDEL_cluster_0021","HOMDEL","CNA_event_000007","PAWKZN","HOMDEL","exons 8",0.935
"HOMDEL_cluster_0022","HOMDEL","CNA_event_000006","PARJPL","HOMDEL","exons 9",0.935
"HOMDEL_cluster_0022","HOMDEL","CNA_event_000005","PARMIH","HOMDEL","exons 9",0.827
"HOMDEL_cluster_0022","HOMDEL","CNA_event_000032","PARNXJ","HOMDEL","exons 9",0.935
"HOMDEL_cluster_0022","HOMDEL","CNA_event_000042","PARSJG","HOMDEL","exons 9",0.827
"HOMDEL_cluster_0022","HOMDEL","CNA_event_000028","PASVKC","HOMDEL","exons 9",0.935
"HOMDEL_cluster_0022","HOMDEL","CNA_event_000027","PATHRE","HOMDEL","exons 9",0.827
"HOMDEL_cluster_0022","HOMDEL","CNA_event_000023","PATTAC","HOMDEL","exons 9",0.935
"HOMDEL_cluster_0022","HOMDEL","CNA_event_000039","PAULMU","HOMDEL","exons 9",0.151
"HOMDEL_cluster_0022","HOMDEL","CNA_event_000021","PAUMXB","HOMDEL","exons 9",0.827
"HOMDEL_cluster_0022","HOMDEL","CNA_event_000018","PAVAWW","HOMDEL","exons 9",0.935
"HOMDEL_cluster_0022","HOMDEL","CNA_event_000017","PAVCHZ","HOMDEL","exons 9",0.827
"HOMDEL_cluster_0022","HOMDEL","CNA_event_000015","PAVKPV","HOMDEL","exons 9",0.593
"HOMDEL_cluster_0022","HOMDEL","CNA_event_000012","PAVPEN","HOMDEL","exons 9",0.827
"HOMDEL_cluster_0022","HOMDEL","CNA_event_000008","PAWGDG","HOMDEL","exons 9",0.935
"HOMDEL_cluster_0022","HOMDEL","CNA_event_000007","PAWKZN","HOMDEL","exons 9",0.935
"HETDEL_cluster_0001","HETDEL","CNA_event_000131","PARBTF","HETDEL","exons 2;3;4",0.342
"HETDEL_cluster_0001","HETDEL","CNA_event_000130","PARGHJ","HETDEL","exons 2;3;4",0.935
"HETDEL_cluster_0001","HETDEL","CNA_event_000047","PARIET","HETDEL","exons 1;2;3",0.147
"HETDEL_cluster_0001","HETDEL","CNA_event_000086","PARJPL","HETDEL","exons 1",0.065
"HETDEL_cluster_0001","HETDEL","CNA_event_000085","PARMIH","HETDEL","exons 2;3",0.108
"HETDEL_cluster_0001","HETDEL","CNA_event_000129","PARMJA","HETDEL","exons 3;4",0.271
"HETDEL_cluster_0001","HETDEL","CNA_event_000128","PARXHT","HETDEL","exons 2;3;4",0.935
"HETDEL_cluster_0001","HETDEL","CNA_event_000125","PASIJX","HETDEL","exons 1;2;3",0.173
"HETDEL_cluster_0001","HETDEL","CNA_event_000126","PASIJX","HETDEL","exons 4",0.827
"HETDEL_cluster_0001","HETDEL","CNA_event_000084","PASKAD","HETDEL","exons 2;3;4",0.342
"HETDEL_cluster_0001","HETDEL","CNA_event_000141","PASLXY","HETDEL","exons 2;3",0.108
"HETDEL_cluster_0001","HETDEL","CNA_event_000123","PASMHF","HETDEL","exons 4",0.827
"HETDEL_cluster_0001","HETDEL","CNA_event_000083","PASPDS","HETDEL","exons 2;3",0.108
"HETDEL_cluster_0001","HETDEL","CNA_event_000082","PASPLG","HETDEL","exons 4",0.827
"HETDEL_cluster_0001","HETDEL","CNA_event_000122","PASVZJ","HETDEL","exons 2;3;4",0.342
"HETDEL_cluster_0001","HETDEL","CNA_event_000081","PASYVU","HETDEL","exons 2;3;4",0.935
"HETDEL_cluster_0001","HETDEL","CNA_event_000079","PASYWF","HETDEL","exons 1",0.065
"HETDEL_cluster_0001","HETDEL","CNA_event_000080","PASYWF","HETDEL","exons 2;3;4",0.935
"HETDEL_cluster_0001","HETDEL","CNA_event_000077","PATBTX","HETDEL","exons 2;3",0.108
"HETDEL_cluster_0001","HETDEL","CNA_event_000076","PATCTR","HETDEL","exons 2;3",0.108
"HETDEL_cluster_0001","HETDEL","CNA_event_000120","PATCWW","HETDEL","exons 2;3;4",0.342
"HETDEL_cluster_0001","HETDEL","CNA_event_000119","PATDEK","HETDEL","exons 1;2;3;4",0.381
"HETDEL_cluster_0001","HETDEL","CNA_event_000046","PATGLV","HETDEL","exons 2;3;4",0.935
"HETDEL_cluster_0001","HETDEL","CNA_event_000118","PATHRE","HETDEL","exons 2;3",0.108
"HETDEL_cluster_0001","HETDEL","CNA_event_000117","PATHSL","HETDEL","exons 4",0.827
"HETDEL_cluster_0001","HETDEL","CNA_event_000115","PATKPW","HETDEL","exons 2;3;4",0.935
"HETDEL_cluster_0001","HETDEL","CNA_event_000075","PATKVD","HETDEL","exons 2;3;4",0.459
"HETDEL_cluster_0001","HETDEL","CNA_event_000140","PATKWU","HETDEL","exons 1;2;3;4",0.407
"HETDEL_cluster_0001","HETDEL","CNA_event_000114","PATLUU","HETDEL","exons 2;3;4",0.935
"HETDEL_cluster_0001","HETDEL","CNA_event_000139","PATUWK","HETDEL","exons 4",0.474
"HETDEL_cluster_0001","HETDEL","CNA_event_000111","PATXNK","HETDEL","exons 2;3;4",0.935
"HETDEL_cluster_0001","HETDEL","CNA_event_000074","PATZXK","HETDEL","exons 2;3;4",0.935
"HETDEL_cluster_0001","HETDEL","CNA_event_000072","PAUCFC","HETDEL","exons 2",0.07
"HETDEL_cluster_0001","HETDEL","CNA_event_000137","PAUEGE","HETDEL","exons 4",0.827
"HETDEL_cluster_0001","HETDEL","CNA_event_000071","PAUGAP","HETDEL","exons 2;3",0.108
"HETDEL_cluster_0001","HETDEL","CNA_event_000070","PAUGDZ","HETDEL","exons 1",0.065
"HETDEL_cluster_0001","HETDEL","CNA_event_000069","PAUGLY","HETDEL","exons 2;3;4",0.935
"HETDEL_cluster_0001","HETDEL","CNA_event_000068","PAUHYI","HETDEL","exons 4",0.234
"HETDEL_cluster_0001","HETDEL","CNA_event_000065","PAUIEM","HETDEL","exons 2",0.07
"HETDEL_cluster_0001","HETDEL","CNA_event_000066","PAUIEM","HETDEL","exons 4",0.827
"HETDEL_cluster_0001","HETDEL","CNA_event_000107","PAUJYN","HETDEL","exons 1;2",0.136
"HETDEL_cluster_0001","HETDEL","CNA_event_000108","PAUJYN","HETDEL","exons 3",0.037
"HETDEL_cluster_0001","HETDEL","CNA_event_000109","PAUJYN","HETDEL","exons 4",0.827
"HETDEL_cluster_0001","HETDEL","CNA_event_000146","PAUKMA","HETDEL","exons 1;2",0.136
"HETDEL_cluster_0001","HETDEL","CNA_event_000151","PAULMU","HETDEL","exons 1;2;3;4",0.849
"HETDEL_cluster_0001","HETDEL","CNA_event_000105","PAUMXB","HETDEL","exons 1;2;3",0.173
"HETDEL_cluster_0001","HETDEL","CNA_event_000049","PAUNBU","HETDEL","exons 2;3;4",0.935
"HETDEL_cluster_0001","HETDEL","CNA_event_000064","PAURLU","HETDEL","exons 4",0.49
"HETDEL_cluster_0001","HETDEL","CNA_event_000063","PAUTBD","HETDEL","exons 4",0.827
"HETDEL_cluster_0001","HETDEL","CNA_event_000104","PAUVUJ","HETDEL","exons 2;3;4",0.935
"HETDEL_cluster_0001","HETDEL","CNA_event_000103","PAUVWZ","HETDEL","exons 2;3;4",0.342
"HETDEL_cluster_0001","HETDEL","CNA_event_000062","PAUWUY","HETDEL","exons 2;3;4",0.935
"HETDEL_cluster_0001","HETDEL","CNA_event_000102","PAUXYI","HETDEL","exons 2;3;4",0.935
"HETDEL_cluster_0001","HETDEL","CNA_event_000100","PAUYBP","HETDEL","exons 4",0.234
"HETDEL_cluster_0001","HETDEL","CNA_event_000099","PAUYIK","HETDEL","exons 1;2;3",0.173
"HETDEL_cluster_0001","HETDEL","CNA_event_000098","PAVAJG","HETDEL","exons 2;3",0.108
"HETDEL_cluster_0001","HETDEL","CNA_event_000050","PAVAPE","HETDEL","exons 4",0.827
"HETDEL_cluster_0001","HETDEL","CNA_event_000059","PAVAWP","HETDEL","exons 2;3;4",0.935
"HETDEL_cluster_0001","HETDEL","CNA_event_000096","PAVBCW","HETDEL","exons 1",0.065
"HETDEL_cluster_0001","HETDEL","CNA_event_000097","PAVBCW","HETDEL","exons 4",0.827
"HETDEL_cluster_0001","HETDEL","CNA_event_000058","PAVCRK","HETDEL","exons 1",0.065
"HETDEL_cluster_0001","HETDEL","CNA_event_000057","PAVDJU","HETDEL","exons 1;2;3;4",0.381
"HETDEL_cluster_0001","HETDEL","CNA_event_000056","PAVESF","HETDEL","exons 4",0.827
"HETDEL_cluster_0001","HETDEL","CNA_event_000048","PAVESV","HETDEL","exons 4",0.234
"HETDEL_cluster_0001","HETDEL","CNA_event_000134","PAVEUT","HETDEL","exons 1;2;3",0.173
"HETDEL_cluster_0001","HETDEL","CNA_event_000135","PAVFAC","HETDEL","exons 2;3;4",0.342
"HETDEL_cluster_0001","HETDEL","CNA_event_000055","PAVGMF","HETDEL","exons 1;2;3",0.173
"HETDEL_cluster_0001","HETDEL","CNA_event_000054","PAVIDN","HETDEL","exons 2;3;4",0.342
"HETDEL_cluster_0001","HETDEL","CNA_event_000053","PAVKJU","HETDEL","exons 2;3",0.108
"HETDEL_cluster_0001","HETDEL","CNA_event_000095","PAVKUU","HETDEL","exons 2;3;4",0.935
"HETDEL_cluster_0001","HETDEL","CNA_event_000144","PAVMVL","HETDEL","exons 2;3;4",0.935
"HETDEL_cluster_0001","HETDEL","CNA_event_000052","PAVPGA","HETDEL","exons 4",0.827
"HETDEL_cluster_0001","HETDEL","CNA_event_000138","PAVRLT","HETDEL","exons 2;3;4",0.935
"HETDEL_cluster_0001","HETDEL","CNA_event_000093","PAVRUJ","HETDEL","exons 4",0.234
"HETDEL_cluster_0001","HETDEL","CNA_event_000092","PAVRYP","HETDEL","exons 2;3",0.108
"HETDEL_cluster_0001","HETDEL","CNA_event_000043","PAVZXK","HETDEL","exons 2;3;4",0.935
"HETDEL_cluster_0001","HETDEL","CNA_event_000091","PAWAIM","HETDEL","exons 4",0.234
"HETDEL_cluster_0001","HETDEL","CNA_event_000090","PAWAIN","HETDEL","exons 1",0.065
"HETDEL_cluster_0001","HETDEL","CNA_event_000143","PAWCUT","HETDEL","exons 2;3;4",0.342
"HETDEL_cluster_0001","HETDEL","CNA_event_000044","PAWFYE","HETDEL","exons 2;3;4",0.459
"HETDEL_cluster_0001","HETDEL","CNA_event_000088","PAWGYW","HETDEL","exons 2;3;4",0.935
"HETDEL_cluster_0001","HETDEL","CNA_event_000051","PAWJUJ","HETDEL","exons 2;3;4",0.935
"HETDEL_cluster_0001","HETDEL","CNA_event_000087","PAWKIT","HETDEL","exons 2;3;4",0.342
"HETDEL_cluster_0002","HETDEL","CNA_event_000131","PARBTF","HETDEL","exons 3;4",0.342
"HETDEL_cluster_0002","HETDEL","CNA_event_000130","PARGHJ","HETDEL","exons 3;4",0.935
"HETDEL_cluster_0002","HETDEL","CNA_event_000047","PARIET","HETDEL","exons 3",0.147
"HETDEL_cluster_0002","HETDEL","CNA_event_000085","PARMIH","HETDEL","exons 3",0.108
"HETDEL_cluster_0002","HETDEL","CNA_event_000129","PARMJA","HETDEL","exons 3;4",0.271
"HETDEL_cluster_0002","HETDEL","CNA_event_000128","PARXHT","HETDEL","exons 3;4",0.935
"HETDEL_cluster_0002","HETDEL","CNA_event_000125","PASIJX","HETDEL","exons 3",0.173
"HETDEL_cluster_0002","HETDEL","CNA_event_000126","PASIJX","HETDEL","exons 4",0.827
"HETDEL_cluster_0002","HETDEL","CNA_event_000084","PASKAD","HETDEL","exons 3;4",0.342
"HETDEL_cluster_0002","HETDEL","CNA_event_000141","PASLXY","HETDEL","exons 3",0.108
"HETDEL_cluster_0002","HETDEL","CNA_event_000123","PASMHF","HETDEL","exons 4",0.827
"HETDEL_cluster_0002","HETDEL","CNA_event_000083","PASPDS","HETDEL","exons 3",0.108
"HETDEL_cluster_0002","HETDEL","CNA_event_000082","PASPLG","HETDEL","exons 4",0.827
"HETDEL_cluster_0002","HETDEL","CNA_event_000122","PASVZJ","HETDEL","exons 3;4",0.342
"HETDEL_cluster_0002","HETDEL","CNA_event_000081","PASYVU","HETDEL","exons 3;4",0.935
"HETDEL_cluster_0002","HETDEL","CNA_event_000080","PASYWF","HETDEL","exons 3;4",0.935
"HETDEL_cluster_0002","HETDEL","CNA_event_000077","PATBTX","HETDEL","exons 3",0.108
"HETDEL_cluster_0002","HETDEL","CNA_event_000076","PATCTR","HETDEL","exons 3",0.108
"HETDEL_cluster_0002","HETDEL","CNA_event_000120","PATCWW","HETDEL","exons 3;4",0.342
"HETDEL_cluster_0002","HETDEL","CNA_event_000119","PATDEK","HETDEL","exons 3;4",0.381
"HETDEL_cluster_0002","HETDEL","CNA_event_000046","PATGLV","HETDEL","exons 3;4",0.935
"HETDEL_cluster_0002","HETDEL","CNA_event_000118","PATHRE","HETDEL","exons 3",0.108
"HETDEL_cluster_0002","HETDEL","CNA_event_000117","PATHSL","HETDEL","exons 4",0.827
"HETDEL_cluster_0002","HETDEL","CNA_event_000115","PATKPW","HETDEL","exons 3;4",0.935
"HETDEL_cluster_0002","HETDEL","CNA_event_000075","PATKVD","HETDEL","exons 3;4",0.459
"HETDEL_cluster_0002","HETDEL","CNA_event_000140","PATKWU","HETDEL","exons 3;4",0.407
"HETDEL_cluster_0002","HETDEL","CNA_event_000114","PATLUU","HETDEL","exons 3;4",0.935
"HETDEL_cluster_0002","HETDEL","CNA_event_000139","PATUWK","HETDEL","exons 4",0.474
"HETDEL_cluster_0002","HETDEL","CNA_event_000111","PATXNK","HETDEL","exons 3;4",0.935
"HETDEL_cluster_0002","HETDEL","CNA_event_000074","PATZXK","HETDEL","exons 3;4",0.935
"HETDEL_cluster_0002","HETDEL","CNA_event_000137","PAUEGE","HETDEL","exons 4",0.827
"HETDEL_cluster_0002","HETDEL","CNA_event_000071","PAUGAP","HETDEL","exons 3",0.108
"HETDEL_cluster_0002","HETDEL","CNA_event_000069","PAUGLY","HETDEL","exons 3;4",0.935
"HETDEL_cluster_0002","HETDEL","CNA_event_000068","PAUHYI","HETDEL","exons 4",0.234
"HETDEL_cluster_0002","HETDEL","CNA_event_000066","PAUIEM","HETDEL","exons 4",0.827
"HETDEL_cluster_0002","HETDEL","CNA_event_000108","PAUJYN","HETDEL","exons 3",0.037
"HETDEL_cluster_0002","HETDEL","CNA_event_000109","PAUJYN","HETDEL","exons 4",0.827
"HETDEL_cluster_0002","HETDEL","CNA_event_000151","PAULMU","HETDEL","exons 3;4",0.849
"HETDEL_cluster_0002","HETDEL","CNA_event_000105","PAUMXB","HETDEL","exons 3",0.173
"HETDEL_cluster_0002","HETDEL","CNA_event_000049","PAUNBU","HETDEL","exons 3;4",0.935
"HETDEL_cluster_0002","HETDEL","CNA_event_000064","PAURLU","HETDEL","exons 4",0.49
"HETDEL_cluster_0002","HETDEL","CNA_event_000063","PAUTBD","HETDEL","exons 4",0.827
"HETDEL_cluster_0002","HETDEL","CNA_event_000104","PAUVUJ","HETDEL","exons 3;4",0.935
"HETDEL_cluster_0002","HETDEL","CNA_event_000103","PAUVWZ","HETDEL","exons 3;4",0.342
"HETDEL_cluster_0002","HETDEL","CNA_event_000062","PAUWUY","HETDEL","exons 3;4",0.935
"HETDEL_cluster_0002","HETDEL","CNA_event_000102","PAUXYI","HETDEL","exons 3;4",0.935
"HETDEL_cluster_0002","HETDEL","CNA_event_000100","PAUYBP","HETDEL","exons 4",0.234
"HETDEL_cluster_0002","HETDEL","CNA_event_000099","PAUYIK","HETDEL","exons 3",0.173
"HETDEL_cluster_0002","HETDEL","CNA_event_000098","PAVAJG","HETDEL","exons 3",0.108
"HETDEL_cluster_0002","HETDEL","CNA_event_000050","PAVAPE","HETDEL","exons 4",0.827
"HETDEL_cluster_0002","HETDEL","CNA_event_000059","PAVAWP","HETDEL","exons 3;4",0.935
"HETDEL_cluster_0002","HETDEL","CNA_event_000097","PAVBCW","HETDEL","exons 4",0.827
"HETDEL_cluster_0002","HETDEL","CNA_event_000057","PAVDJU","HETDEL","exons 3;4",0.381
"HETDEL_cluster_0002","HETDEL","CNA_event_000056","PAVESF","HETDEL","exons 4",0.827
"HETDEL_cluster_0002","HETDEL","CNA_event_000048","PAVESV","HETDEL","exons 4",0.234
"HETDEL_cluster_0002","HETDEL","CNA_event_000134","PAVEUT","HETDEL","exons 3",0.173
"HETDEL_cluster_0002","HETDEL","CNA_event_000135","PAVFAC","HETDEL","exons 3;4",0.342
"HETDEL_cluster_0002","HETDEL","CNA_event_000055","PAVGMF","HETDEL","exons 3",0.173
"HETDEL_cluster_0002","HETDEL","CNA_event_000054","PAVIDN","HETDEL","exons 3;4",0.342
"HETDEL_cluster_0002","HETDEL","CNA_event_000053","PAVKJU","HETDEL","exons 3",0.108
"HETDEL_cluster_0002","HETDEL","CNA_event_000095","PAVKUU","HETDEL","exons 3;4",0.935
"HETDEL_cluster_0002","HETDEL","CNA_event_000144","PAVMVL","HETDEL","exons 3;4",0.935
"HETDEL_cluster_0002","HETDEL","CNA_event_000052","PAVPGA","HETDEL","exons 4",0.827
"HETDEL_cluster_0002","HETDEL","CNA_event_000138","PAVRLT","HETDEL","exons 3;4",0.935
"HETDEL_cluster_0002","HETDEL","CNA_event_000093","PAVRUJ","HETDEL","exons 4",0.234
"HETDEL_cluster_0002","HETDEL","CNA_event_000092","PAVRYP","HETDEL","exons 3",0.108
"HETDEL_cluster_0002","HETDEL","CNA_event_000043","PAVZXK","HETDEL","exons 3;4",0.935
"HETDEL_cluster_0002","HETDEL","CNA_event_000091","PAWAIM","HETDEL","exons 4",0.234
"HETDEL_cluster_0002","HETDEL","CNA_event_000143","PAWCUT","HETDEL","exons 3;4",0.342
"HETDEL_cluster_0002","HETDEL","CNA_event_000044","PAWFYE","HETDEL","exons 3;4",0.459
"HETDEL_cluster_0002","HETDEL","CNA_event_000088","PAWGYW","HETDEL","exons 3;4",0.935
"HETDEL_cluster_0002","HETDEL","CNA_event_000051","PAWJUJ","HETDEL","exons 3;4",0.935
"HETDEL_cluster_0002","HETDEL","CNA_event_000087","PAWKIT","HETDEL","exons 3;4",0.342
"HETDEL_cluster_0003","HETDEL","CNA_event_000131","PARBTF","HETDEL","exons 2;5",0.342
"HETDEL_cluster_0003","HETDEL","CNA_event_000130","PARGHJ","HETDEL","exons 2;5",0.935
"HETDEL_cluster_0003","HETDEL","CNA_event_000047","PARIET","HETDEL","exons 1;2",0.147
"HETDEL_cluster_0003","HETDEL","CNA_event_000086","PARJPL","HETDEL","exons 1",0.065
"HETDEL_cluster_0003","HETDEL","CNA_event_000085","PARMIH","HETDEL","exons 2",0.108
"HETDEL_cluster_0003","HETDEL","CNA_event_000129","PARMJA","HETDEL","exons 5",0.271
"HETDEL_cluster_0003","HETDEL","CNA_event_000128","PARXHT","HETDEL","exons 2;5",0.935
"HETDEL_cluster_0003","HETDEL","CNA_event_000125","PASIJX","HETDEL","exons 1;2",0.173
"HETDEL_cluster_0003","HETDEL","CNA_event_000126","PASIJX","HETDEL","exons 5",0.827
"HETDEL_cluster_0003","HETDEL","CNA_event_000084","PASKAD","HETDEL","exons 2;5",0.342
"HETDEL_cluster_0003","HETDEL","CNA_event_000141","PASLXY","HETDEL","exons 2",0.108
"HETDEL_cluster_0003","HETDEL","CNA_event_000123","PASMHF","HETDEL","exons 5",0.827
"HETDEL_cluster_0003","HETDEL","CNA_event_000083","PASPDS","HETDEL","exons 2",0.108
"HETDEL_cluster_0003","HETDEL","CNA_event_000082","PASPLG","HETDEL","exons 5",0.827
"HETDEL_cluster_0003","HETDEL","CNA_event_000122","PASVZJ","HETDEL","exons 2;5",0.342
"HETDEL_cluster_0003","HETDEL","CNA_event_000081","PASYVU","HETDEL","exons 2;5",0.935
"HETDEL_cluster_0003","HETDEL","CNA_event_000079","PASYWF","HETDEL","exons 1",0.065
"HETDEL_cluster_0003","HETDEL","CNA_event_000080","PASYWF","HETDEL","exons 2;5",0.935
"HETDEL_cluster_0003","HETDEL","CNA_event_000077","PATBTX","HETDEL","exons 2",0.108
"HETDEL_cluster_0003","HETDEL","CNA_event_000076","PATCTR","HETDEL","exons 2",0.108
"HETDEL_cluster_0003","HETDEL","CNA_event_000120","PATCWW","HETDEL","exons 2;5",0.342
"HETDEL_cluster_0003","HETDEL","CNA_event_000119","PATDEK","HETDEL","exons 1;2;5",0.381
"HETDEL_cluster_0003","HETDEL","CNA_event_000046","PATGLV","HETDEL","exons 2;5",0.935
"HETDEL_cluster_0003","HETDEL","CNA_event_000118","PATHRE","HETDEL","exons 2",0.108
"HETDEL_cluster_0003","HETDEL","CNA_event_000117","PATHSL","HETDEL","exons 5",0.827
"HETDEL_cluster_0003","HETDEL","CNA_event_000115","PATKPW","HETDEL","exons 2;5",0.935
"HETDEL_cluster_0003","HETDEL","CNA_event_000075","PATKVD","HETDEL","exons 2;5",0.459
"HETDEL_cluster_0003","HETDEL","CNA_event_000140","PATKWU","HETDEL","exons 1;2;5",0.407
"HETDEL_cluster_0003","HETDEL","CNA_event_000114","PATLUU","HETDEL","exons 2;5",0.935
"HETDEL_cluster_0003","HETDEL","CNA_event_000139","PATUWK","HETDEL","exons 5",0.474
"HETDEL_cluster_0003","HETDEL","CNA_event_000111","PATXNK","HETDEL","exons 2;5",0.935
"HETDEL_cluster_0003","HETDEL","CNA_event_000074","PATZXK","HETDEL","exons 2;5",0.935
"HETDEL_cluster_0003","HETDEL","CNA_event_000072","PAUCFC","HETDEL","exons 2",0.07
"HETDEL_cluster_0003","HETDEL","CNA_event_000137","PAUEGE","HETDEL","exons 5",0.827
"HETDEL_cluster_0003","HETDEL","CNA_event_000071","PAUGAP","HETDEL","exons 2",0.108
"HETDEL_cluster_0003","HETDEL","CNA_event_000070","PAUGDZ","HETDEL","exons 1",0.065
"HETDEL_cluster_0003","HETDEL","CNA_event_000069","PAUGLY","HETDEL","exons 2;5",0.935
"HETDEL_cluster_0003","HETDEL","CNA_event_000068","PAUHYI","HETDEL","exons 5",0.234
"HETDEL_cluster_0003","HETDEL","CNA_event_000065","PAUIEM","HETDEL","exons 2",0.07
"HETDEL_cluster_0003","HETDEL","CNA_event_000066","PAUIEM","HETDEL","exons 5",0.827
"HETDEL_cluster_0003","HETDEL","CNA_event_000107","PAUJYN","HETDEL","exons 1;2",0.136
"HETDEL_cluster_0003","HETDEL","CNA_event_000109","PAUJYN","HETDEL","exons 5",0.827
"HETDEL_cluster_0003","HETDEL","CNA_event_000146","PAUKMA","HETDEL","exons 1;2",0.136
"HETDEL_cluster_0003","HETDEL","CNA_event_000151","PAULMU","HETDEL","exons 1;2;5",0.849
"HETDEL_cluster_0003","HETDEL","CNA_event_000105","PAUMXB","HETDEL","exons 1;2",0.173
"HETDEL_cluster_0003","HETDEL","CNA_event_000049","PAUNBU","HETDEL","exons 2;5",0.935
"HETDEL_cluster_0003","HETDEL","CNA_event_000064","PAURLU","HETDEL","exons 5",0.49
"HETDEL_cluster_0003","HETDEL","CNA_event_000063","PAUTBD","HETDEL","exons 5",0.827
"HETDEL_cluster_0003","HETDEL","CNA_event_000104","PAUVUJ","HETDEL","exons 2;5",0.935
"HETDEL_cluster_0003","HETDEL","CNA_event_000103","PAUVWZ","HETDEL","exons 2;5",0.342
"HETDEL_cluster_0003","HETDEL","CNA_event_000062","PAUWUY","HETDEL","exons 2;5",0.935
"HETDEL_cluster_0003","HETDEL","CNA_event_000102","PAUXYI","HETDEL","exons 2;5",0.935
"HETDEL_cluster_0003","HETDEL","CNA_event_000100","PAUYBP","HETDEL","exons 5",0.234
"HETDEL_cluster_0003","HETDEL","CNA_event_000099","PAUYIK","HETDEL","exons 1;2",0.173
"HETDEL_cluster_0003","HETDEL","CNA_event_000098","PAVAJG","HETDEL","exons 2",0.108
"HETDEL_cluster_0003","HETDEL","CNA_event_000050","PAVAPE","HETDEL","exons 5",0.827
"HETDEL_cluster_0003","HETDEL","CNA_event_000059","PAVAWP","HETDEL","exons 2;5",0.935
"HETDEL_cluster_0003","HETDEL","CNA_event_000096","PAVBCW","HETDEL","exons 1",0.065
"HETDEL_cluster_0003","HETDEL","CNA_event_000097","PAVBCW","HETDEL","exons 5",0.827
"HETDEL_cluster_0003","HETDEL","CNA_event_000058","PAVCRK","HETDEL","exons 1",0.065
"HETDEL_cluster_0003","HETDEL","CNA_event_000057","PAVDJU","HETDEL","exons 1;2;5",0.381
"HETDEL_cluster_0003","HETDEL","CNA_event_000056","PAVESF","HETDEL","exons 5",0.827
"HETDEL_cluster_0003","HETDEL","CNA_event_000048","PAVESV","HETDEL","exons 5",0.234
"HETDEL_cluster_0003","HETDEL","CNA_event_000134","PAVEUT","HETDEL","exons 1;2",0.173
"HETDEL_cluster_0003","HETDEL","CNA_event_000135","PAVFAC","HETDEL","exons 2;5",0.342
"HETDEL_cluster_0003","HETDEL","CNA_event_000055","PAVGMF","HETDEL","exons 1;2",0.173
"HETDEL_cluster_0003","HETDEL","CNA_event_000054","PAVIDN","HETDEL","exons 2;5",0.342
"HETDEL_cluster_0003","HETDEL","CNA_event_000053","PAVKJU","HETDEL","exons 2",0.108
"HETDEL_cluster_0003","HETDEL","CNA_event_000095","PAVKUU","HETDEL","exons 2;5",0.935
"HETDEL_cluster_0003","HETDEL","CNA_event_000144","PAVMVL","HETDEL","exons 2;5",0.935
"HETDEL_cluster_0003","HETDEL","CNA_event_000052","PAVPGA","HETDEL","exons 5",0.827
"HETDEL_cluster_0003","HETDEL","CNA_event_000138","PAVRLT","HETDEL","exons 2;5",0.935
"HETDEL_cluster_0003","HETDEL","CNA_event_000093","PAVRUJ","HETDEL","exons 5",0.234
"HETDEL_cluster_0003","HETDEL","CNA_event_000092","PAVRYP","HETDEL","exons 2",0.108
"HETDEL_cluster_0003","HETDEL","CNA_event_000043","PAVZXK","HETDEL","exons 2;5",0.935
"HETDEL_cluster_0003","HETDEL","CNA_event_000091","PAWAIM","HETDEL","exons 5",0.234
"HETDEL_cluster_0003","HETDEL","CNA_event_000090","PAWAIN","HETDEL","exons 1",0.065
"HETDEL_cluster_0003","HETDEL","CNA_event_000143","PAWCUT","HETDEL","exons 2;5",0.342
"HETDEL_cluster_0003","HETDEL","CNA_event_000044","PAWFYE","HETDEL","exons 2;5",0.459
"HETDEL_cluster_0003","HETDEL","CNA_event_000088","PAWGYW","HETDEL","exons 2;5",0.935
"HETDEL_cluster_0003","HETDEL","CNA_event_000051","PAWJUJ","HETDEL","exons 2;5",0.935
"HETDEL_cluster_0003","HETDEL","CNA_event_000087","PAWKIT","HETDEL","exons 2;5",0.342
"HETDEL_cluster_0004","HETDEL","CNA_event_000131","PARBTF","HETDEL","exons 2;5",0.342
"HETDEL_cluster_0004","HETDEL","CNA_event_000130","PARGHJ","HETDEL","exons 2;5",0.935
"HETDEL_cluster_0004","HETDEL","CNA_event_000047","PARIET","HETDEL","exons 2",0.147
"HETDEL_cluster_0004","HETDEL","CNA_event_000085","PARMIH","HETDEL","exons 2",0.108
"HETDEL_cluster_0004","HETDEL","CNA_event_000129","PARMJA","HETDEL","exons 5",0.271
"HETDEL_cluster_0004","HETDEL","CNA_event_000128","PARXHT","HETDEL","exons 2;5",0.935
"HETDEL_cluster_0004","HETDEL","CNA_event_000125","PASIJX","HETDEL","exons 2",0.173
"HETDEL_cluster_0004","HETDEL","CNA_event_000126","PASIJX","HETDEL","exons 5",0.827
"HETDEL_cluster_0004","HETDEL","CNA_event_000084","PASKAD","HETDEL","exons 2;5",0.342
"HETDEL_cluster_0004","HETDEL","CNA_event_000141","PASLXY","HETDEL","exons 2",0.108
"HETDEL_cluster_0004","HETDEL","CNA_event_000123","PASMHF","HETDEL","exons 5",0.827
"HETDEL_cluster_0004","HETDEL","CNA_event_000083","PASPDS","HETDEL","exons 2",0.108
"HETDEL_cluster_0004","HETDEL","CNA_event_000082","PASPLG","HETDEL","exons 5",0.827
"HETDEL_cluster_0004","HETDEL","CNA_event_000122","PASVZJ","HETDEL","exons 2;5",0.342
"HETDEL_cluster_0004","HETDEL","CNA_event_000081","PASYVU","HETDEL","exons 2;5",0.935
"HETDEL_cluster_0004","HETDEL","CNA_event_000080","PASYWF","HETDEL","exons 2;5",0.935
"HETDEL_cluster_0004","HETDEL","CNA_event_000077","PATBTX","HETDEL","exons 2",0.108
"HETDEL_cluster_0004","HETDEL","CNA_event_000076","PATCTR","HETDEL","exons 2",0.108
"HETDEL_cluster_0004","HETDEL","CNA_event_000120","PATCWW","HETDEL","exons 2;5",0.342
"HETDEL_cluster_0004","HETDEL","CNA_event_000119","PATDEK","HETDEL","exons 2;5",0.381
"HETDEL_cluster_0004","HETDEL","CNA_event_000046","PATGLV","HETDEL","exons 2;5",0.935
"HETDEL_cluster_0004","HETDEL","CNA_event_000118","PATHRE","HETDEL","exons 2",0.108
"HETDEL_cluster_0004","HETDEL","CNA_event_000117","PATHSL","HETDEL","exons 5",0.827
"HETDEL_cluster_0004","HETDEL","CNA_event_000115","PATKPW","HETDEL","exons 2;5",0.935
"HETDEL_cluster_0004","HETDEL","CNA_event_000075","PATKVD","HETDEL","exons 2;5",0.459
"HETDEL_cluster_0004","HETDEL","CNA_event_000140","PATKWU","HETDEL","exons 2;5",0.407
"HETDEL_cluster_0004","HETDEL","CNA_event_000114","PATLUU","HETDEL","exons 2;5",0.935
"HETDEL_cluster_0004","HETDEL","CNA_event_000139","PATUWK","HETDEL","exons 5",0.474
"HETDEL_cluster_0004","HETDEL","CNA_event_000111","PATXNK","HETDEL","exons 2;5",0.935
"HETDEL_cluster_0004","HETDEL","CNA_event_000074","PATZXK","HETDEL","exons 2;5",0.935
"HETDEL_cluster_0004","HETDEL","CNA_event_000072","PAUCFC","HETDEL","exons 2",0.07
"HETDEL_cluster_0004","HETDEL","CNA_event_000137","PAUEGE","HETDEL","exons 5",0.827
"HETDEL_cluster_0004","HETDEL","CNA_event_000071","PAUGAP","HETDEL","exons 2",0.108
"HETDEL_cluster_0004","HETDEL","CNA_event_000069","PAUGLY","HETDEL","exons 2;5",0.935
"HETDEL_cluster_0004","HETDEL","CNA_event_000068","PAUHYI","HETDEL","exons 5",0.234
"HETDEL_cluster_0004","HETDEL","CNA_event_000065","PAUIEM","HETDEL","exons 2",0.07
"HETDEL_cluster_0004","HETDEL","CNA_event_000066","PAUIEM","HETDEL","exons 5",0.827
"HETDEL_cluster_0004","HETDEL","CNA_event_000107","PAUJYN","HETDEL","exons 2",0.136
"HETDEL_cluster_0004","HETDEL","CNA_event_000109","PAUJYN","HETDEL","exons 5",0.827
"HETDEL_cluster_0004","HETDEL","CNA_event_000146","PAUKMA","HETDEL","exons 2",0.136
"HETDEL_cluster_0004","HETDEL","CNA_event_000151","PAULMU","HETDEL","exons 2;5",0.849
"HETDEL_cluster_0004","HETDEL","CNA_event_000105","PAUMXB","HETDEL","exons 2",0.173
"HETDEL_cluster_0004","HETDEL","CNA_event_000049","PAUNBU","HETDEL","exons 2;5",0.935
"HETDEL_cluster_0004","HETDEL","CNA_event_000064","PAURLU","HETDEL","exons 5",0.49
"HETDEL_cluster_0004","HETDEL","CNA_event_000063","PAUTBD","HETDEL","exons 5",0.827
"HETDEL_cluster_0004","HETDEL","CNA_event_000104","PAUVUJ","HETDEL","exons 2;5",0.935
"HETDEL_cluster_0004","HETDEL","CNA_event_000103","PAUVWZ","HETDEL","exons 2;5",0.342
"HETDEL_cluster_0004","HETDEL","CNA_event_000062","PAUWUY","HETDEL","exons 2;5",0.935
"HETDEL_cluster_0004","HETDEL","CNA_event_000102","PAUXYI","HETDEL","exons 2;5",0.935
"HETDEL_cluster_0004","HETDEL","CNA_event_000100","PAUYBP","HETDEL","exons 5",0.234
"HETDEL_cluster_0004","HETDEL","CNA_event_000099","PAUYIK","HETDEL","exons 2",0.173
"HETDEL_cluster_0004","HETDEL","CNA_event_000098","PAVAJG","HETDEL","exons 2",0.108
"HETDEL_cluster_0004","HETDEL","CNA_event_000050","PAVAPE","HETDEL","exons 5",0.827
"HETDEL_cluster_0004","HETDEL","CNA_event_000059","PAVAWP","HETDEL","exons 2;5",0.935
"HETDEL_cluster_0004","HETDEL","CNA_event_000097","PAVBCW","HETDEL","exons 5",0.827
"HETDEL_cluster_0004","HETDEL","CNA_event_000057","PAVDJU","HETDEL","exons 2;5",0.381
"HETDEL_cluster_0004","HETDEL","CNA_event_000056","PAVESF","HETDEL","exons 5",0.827
"HETDEL_cluster_0004","HETDEL","CNA_event_000048","PAVESV","HETDEL","exons 5",0.234
"HETDEL_cluster_0004","HETDEL","CNA_event_000134","PAVEUT","HETDEL","exons 2",0.173
"HETDEL_cluster_0004","HETDEL","CNA_event_000135","PAVFAC","HETDEL","exons 2;5",0.342
"HETDEL_cluster_0004","HETDEL","CNA_event_000055","PAVGMF","HETDEL","exons 2",0.173
"HETDEL_cluster_0004","HETDEL","CNA_event_000054","PAVIDN","HETDEL","exons 2;5",0.342
"HETDEL_cluster_0004","HETDEL","CNA_event_000053","PAVKJU","HETDEL","exons 2",0.108
"HETDEL_cluster_0004","HETDEL","CNA_event_000095","PAVKUU","HETDEL","exons 2;5",0.935
"HETDEL_cluster_0004","HETDEL","CNA_event_000144","PAVMVL","HETDEL","exons 2;5",0.935
"HETDEL_cluster_0004","HETDEL","CNA_event_000052","PAVPGA","HETDEL","exons 5",0.827
"HETDEL_cluster_0004","HETDEL","CNA_event_000138","PAVRLT","HETDEL","exons 2;5",0.935
"HETDEL_cluster_0004","HETDEL","CNA_event_000093","PAVRUJ","HETDEL","exons 5",0.234
"HETDEL_cluster_0004","HETDEL","CNA_event_000092","PAVRYP","HETDEL","exons 2",0.108
"HETDEL_cluster_0004","HETDEL","CNA_event_000043","PAVZXK","HETDEL","exons 2;5",0.935
"HETDEL_cluster_0004","HETDEL","CNA_event_000091","PAWAIM","HETDEL","exons 5",0.234
"HETDEL_cluster_0004","HETDEL","CNA_event_000143","PAWCUT","HETDEL","exons 2;5",0.342
"HETDEL_cluster_0004","HETDEL","CNA_event_000044","PAWFYE","HETDEL","exons 2;5",0.459
"HETDEL_cluster_0004","HETDEL","CNA_event_000088","PAWGYW","HETDEL","exons 2;5",0.935
"HETDEL_cluster_0004","HETDEL","CNA_event_000051","PAWJUJ","HETDEL","exons 2;5",0.935
"HETDEL_cluster_0004","HETDEL","CNA_event_000087","PAWKIT","HETDEL","exons 2;5",0.342
"HETDEL_cluster_0005","HETDEL","CNA_event_000131","PARBTF","HETDEL","exons 2;3;4;5",0.342
"HETDEL_cluster_0005","HETDEL","CNA_event_000130","PARGHJ","HETDEL","exons 2;3;4;5",0.935
"HETDEL_cluster_0005","HETDEL","CNA_event_000047","PARIET","HETDEL","exons 1;2;3",0.147
"HETDEL_cluster_0005","HETDEL","CNA_event_000086","PARJPL","HETDEL","exons 1",0.065
"HETDEL_cluster_0005","HETDEL","CNA_event_000085","PARMIH","HETDEL","exons 2;3",0.108
"HETDEL_cluster_0005","HETDEL","CNA_event_000129","PARMJA","HETDEL","exons 3;4;5",0.271
"HETDEL_cluster_0005","HETDEL","CNA_event_000128","PARXHT","HETDEL","exons 2;3;4;5",0.935
"HETDEL_cluster_0005","HETDEL","CNA_event_000125","PASIJX","HETDEL","exons 1;2;3",0.173
"HETDEL_cluster_0005","HETDEL","CNA_event_000126","PASIJX","HETDEL","exons 4;5",0.827
"HETDEL_cluster_0005","HETDEL","CNA_event_000084","PASKAD","HETDEL","exons 2;3;4;5",0.342
"HETDEL_cluster_0005","HETDEL","CNA_event_000141","PASLXY","HETDEL","exons 2;3",0.108
"HETDEL_cluster_0005","HETDEL","CNA_event_000123","PASMHF","HETDEL","exons 4;5",0.827
"HETDEL_cluster_0005","HETDEL","CNA_event_000083","PASPDS","HETDEL","exons 2;3",0.108
"HETDEL_cluster_0005","HETDEL","CNA_event_000082","PASPLG","HETDEL","exons 4;5",0.827
"HETDEL_cluster_0005","HETDEL","CNA_event_000122","PASVZJ","HETDEL","exons 2;3;4;5",0.342
"HETDEL_cluster_0005","HETDEL","CNA_event_000081","PASYVU","HETDEL","exons 2;3;4;5",0.935
"HETDEL_cluster_0005","HETDEL","CNA_event_000079","PASYWF","HETDEL","exons 1",0.065
"HETDEL_cluster_0005","HETDEL","CNA_event_000080","PASYWF","HETDEL","exons 2;3;4;5",0.935
"HETDEL_cluster_0005","HETDEL","CNA_event_000077","PATBTX","HETDEL","exons 2;3",0.108
"HETDEL_cluster_0005","HETDEL","CNA_event_000076","PATCTR","HETDEL","exons 2;3",0.108
"HETDEL_cluster_0005","HETDEL","CNA_event_000120","PATCWW","HETDEL","exons 2;3;4;5",0.342
"HETDEL_cluster_0005","HETDEL","CNA_event_000119","PATDEK","HETDEL","exons 1;2;3;4;5",0.381
"HETDEL_cluster_0005","HETDEL","CNA_event_000046","PATGLV","HETDEL","exons 2;3;4;5",0.935
"HETDEL_cluster_0005","HETDEL","CNA_event_000118","PATHRE","HETDEL","exons 2;3",0.108
"HETDEL_cluster_0005","HETDEL","CNA_event_000117","PATHSL","HETDEL","exons 4;5",0.827
"HETDEL_cluster_0005","HETDEL","CNA_event_000115","PATKPW","HETDEL","exons 2;3;4;5",0.935
"HETDEL_cluster_0005","HETDEL","CNA_event_000075","PATKVD","HETDEL","exons 2;3;4;5",0.459
"HETDEL_cluster_0005","HETDEL","CNA_event_000140","PATKWU","HETDEL","exons 1;2;3;4;5",0.407
"HETDEL_cluster_0005","HETDEL","CNA_event_000114","PATLUU","HETDEL","exons 2;3;4;5",0.935
"HETDEL_cluster_0005","HETDEL","CNA_event_000139","PATUWK","HETDEL","exons 4;5",0.474
"HETDEL_cluster_0005","HETDEL","CNA_event_000111","PATXNK","HETDEL","exons 2;3;4;5",0.935
"HETDEL_cluster_0005","HETDEL","CNA_event_000074","PATZXK","HETDEL","exons 2;3;4;5",0.935
"HETDEL_cluster_0005","HETDEL","CNA_event_000072","PAUCFC","HETDEL","exons 2",0.07
"HETDEL_cluster_0005","HETDEL","CNA_event_000137","PAUEGE","HETDEL","exons 4;5",0.827
"HETDEL_cluster_0005","HETDEL","CNA_event_000071","PAUGAP","HETDEL","exons 2;3",0.108
"HETDEL_cluster_0005","HETDEL","CNA_event_000070","PAUGDZ","HETDEL","exons 1",0.065
"HETDEL_cluster_0005","HETDEL","CNA_event_000069","PAUGLY","HETDEL","exons 2;3;4;5",0.935
"HETDEL_cluster_0005","HETDEL","CNA_event_000068","PAUHYI","HETDEL","exons 4;5",0.234
"HETDEL_cluster_0005","HETDEL","CNA_event_000065","PAUIEM","HETDEL","exons 2",0.07
"HETDEL_cluster_0005","HETDEL","CNA_event_000066","PAUIEM","HETDEL","exons 4;5",0.827
"HETDEL_cluster_0005","HETDEL","CNA_event_000107","PAUJYN","HETDEL","exons 1;2",0.136
"HETDEL_cluster_0005","HETDEL","CNA_event_000108","PAUJYN","HETDEL","exons 3",0.037
"HETDEL_cluster_0005","HETDEL","CNA_event_000109","PAUJYN","HETDEL","exons 4;5",0.827
"HETDEL_cluster_0005","HETDEL","CNA_event_000146","PAUKMA","HETDEL","exons 1;2",0.136
"HETDEL_cluster_0005","HETDEL","CNA_event_000151","PAULMU","HETDEL","exons 1;2;3;4;5",0.849
"HETDEL_cluster_0005","HETDEL","CNA_event_000105","PAUMXB","HETDEL","exons 1;2;3",0.173
"HETDEL_cluster_0005","HETDEL","CNA_event_000049","PAUNBU","HETDEL","exons 2;3;4;5",0.935
"HETDEL_cluster_0005","HETDEL","CNA_event_000064","PAURLU","HETDEL","exons 4;5",0.49
"HETDEL_cluster_0005","HETDEL","CNA_event_000063","PAUTBD","HETDEL","exons 4;5",0.827
"HETDEL_cluster_0005","HETDEL","CNA_event_000104","PAUVUJ","HETDEL","exons 2;3;4;5",0.935
"HETDEL_cluster_0005","HETDEL","CNA_event_000103","PAUVWZ","HETDEL","exons 2;3;4;5",0.342
"HETDEL_cluster_0005","HETDEL","CNA_event_000062","PAUWUY","HETDEL","exons 2;3;4;5",0.935
"HETDEL_cluster_0005","HETDEL","CNA_event_000102","PAUXYI","HETDEL","exons 2;3;4;5",0.935
"HETDEL_cluster_0005","HETDEL","CNA_event_000100","PAUYBP","HETDEL","exons 4;5",0.234
"HETDEL_cluster_0005","HETDEL","CNA_event_000099","PAUYIK","HETDEL","exons 1;2;3",0.173
"HETDEL_cluster_0005","HETDEL","CNA_event_000098","PAVAJG","HETDEL","exons 2;3",0.108
"HETDEL_cluster_0005","HETDEL","CNA_event_000050","PAVAPE","HETDEL","exons 4;5",0.827
"HETDEL_cluster_0005","HETDEL","CNA_event_000059","PAVAWP","HETDEL","exons 2;3;4;5",0.935
"HETDEL_cluster_0005","HETDEL","CNA_event_000096","PAVBCW","HETDEL","exons 1",0.065
"HETDEL_cluster_0005","HETDEL","CNA_event_000097","PAVBCW","HETDEL","exons 4;5",0.827
"HETDEL_cluster_0005","HETDEL","CNA_event_000058","PAVCRK","HETDEL","exons 1",0.065
"HETDEL_cluster_0005","HETDEL","CNA_event_000057","PAVDJU","HETDEL","exons 1;2;3;4;5",0.381
"HETDEL_cluster_0005","HETDEL","CNA_event_000056","PAVESF","HETDEL","exons 4;5",0.827
"HETDEL_cluster_0005","HETDEL","CNA_event_000048","PAVESV","HETDEL","exons 4;5",0.234
"HETDEL_cluster_0005","HETDEL","CNA_event_000134","PAVEUT","HETDEL","exons 1;2;3",0.173
"HETDEL_cluster_0005","HETDEL","CNA_event_000135","PAVFAC","HETDEL","exons 2;3;4;5",0.342
"HETDEL_cluster_0005","HETDEL","CNA_event_000055","PAVGMF","HETDEL","exons 1;2;3",0.173
"HETDEL_cluster_0005","HETDEL","CNA_event_000054","PAVIDN","HETDEL","exons 2;3;4;5",0.342
"HETDEL_cluster_0005","HETDEL","CNA_event_000053","PAVKJU","HETDEL","exons 2;3",0.108
"HETDEL_cluster_0005","HETDEL","CNA_event_000095","PAVKUU","HETDEL","exons 2;3;4;5",0.935
"HETDEL_cluster_0005","HETDEL","CNA_event_000144","PAVMVL","HETDEL","exons 2;3;4;5",0.935
"HETDEL_cluster_0005","HETDEL","CNA_event_000052","PAVPGA","HETDEL","exons 4;5",0.827
"HETDEL_cluster_0005","HETDEL","CNA_event_000138","PAVRLT","HETDEL","exons 2;3;4;5",0.935
"HETDEL_cluster_0005","HETDEL","CNA_event_000093","PAVRUJ","HETDEL","exons 4;5",0.234
"HETDEL_cluster_0005","HETDEL","CNA_event_000092","PAVRYP","HETDEL","exons 2;3",0.108
"HETDEL_cluster_0005","HETDEL","CNA_event_000043","PAVZXK","HETDEL","exons 2;3;4;5",0.935
"HETDEL_cluster_0005","HETDEL","CNA_event_000091","PAWAIM","HETDEL","exons 4;5",0.234
"HETDEL_cluster_0005","HETDEL","CNA_event_000090","PAWAIN","HETDEL","exons 1",0.065
"HETDEL_cluster_0005","HETDEL","CNA_event_000143","PAWCUT","HETDEL","exons 2;3;4;5",0.342
"HETDEL_cluster_0005","HETDEL","CNA_event_000044","PAWFYE","HETDEL","exons 2;3;4;5",0.459
"HETDEL_cluster_0005","HETDEL","CNA_event_000088","PAWGYW","HETDEL","exons 2;3;4;5",0.935
"HETDEL_cluster_0005","HETDEL","CNA_event_000051","PAWJUJ","HETDEL","exons 2;3;4;5",0.935
"HETDEL_cluster_0005","HETDEL","CNA_event_000087","PAWKIT","HETDEL","exons 2;3;4;5",0.342
"HETDEL_cluster_0006","HETDEL","CNA_event_000131","PARBTF","HETDEL","exons 2",0.342
"HETDEL_cluster_0006","HETDEL","CNA_event_000130","PARGHJ","HETDEL","exons 2",0.935
"HETDEL_cluster_0006","HETDEL","CNA_event_000047","PARIET","HETDEL","exons 1;2",0.147
"HETDEL_cluster_0006","HETDEL","CNA_event_000086","PARJPL","HETDEL","exons 1",0.065
"HETDEL_cluster_0006","HETDEL","CNA_event_000085","PARMIH","HETDEL","exons 2",0.108
"HETDEL_cluster_0006","HETDEL","CNA_event_000128","PARXHT","HETDEL","exons 2",0.935
"HETDEL_cluster_0006","HETDEL","CNA_event_000125","PASIJX","HETDEL","exons 1;2",0.173
"HETDEL_cluster_0006","HETDEL","CNA_event_000084","PASKAD","HETDEL","exons 2",0.342
"HETDEL_cluster_0006","HETDEL","CNA_event_000141","PASLXY","HETDEL","exons 2",0.108
"HETDEL_cluster_0006","HETDEL","CNA_event_000083","PASPDS","HETDEL","exons 2",0.108
"HETDEL_cluster_0006","HETDEL","CNA_event_000122","PASVZJ","HETDEL","exons 2",0.342
"HETDEL_cluster_0006","HETDEL","CNA_event_000081","PASYVU","HETDEL","exons 2",0.935
"HETDEL_cluster_0006","HETDEL","CNA_event_000079","PASYWF","HETDEL","exons 1",0.065
"HETDEL_cluster_0006","HETDEL","CNA_event_000080","PASYWF","HETDEL","exons 2",0.935
"HETDEL_cluster_0006","HETDEL","CNA_event_000077","PATBTX","HETDEL","exons 2",0.108
"HETDEL_cluster_0006","HETDEL","CNA_event_000076","PATCTR","HETDEL","exons 2",0.108
"HETDEL_cluster_0006","HETDEL","CNA_event_000120","PATCWW","HETDEL","exons 2",0.342
"HETDEL_cluster_0006","HETDEL","CNA_event_000119","PATDEK","HETDEL","exons 1;2",0.381
"HETDEL_cluster_0006","HETDEL","CNA_event_000046","PATGLV","HETDEL","exons 2",0.935
"HETDEL_cluster_0006","HETDEL","CNA_event_000118","PATHRE","HETDEL","exons 2",0.108
"HETDEL_cluster_0006","HETDEL","CNA_event_000115","PATKPW","HETDEL","exons 2",0.935
"HETDEL_cluster_0006","HETDEL","CNA_event_000075","PATKVD","HETDEL","exons 2",0.459
"HETDEL_cluster_0006","HETDEL","CNA_event_000140","PATKWU","HETDEL","exons 1;2",0.407
"HETDEL_cluster_0006","HETDEL","CNA_event_000114","PATLUU","HETDEL","exons 2",0.935
"HETDEL_cluster_0006","HETDEL","CNA_event_000111","PATXNK","HETDEL","exons 2",0.935
"HETDEL_cluster_0006","HETDEL","CNA_event_000074","PATZXK","HETDEL","exons 2",0.935
"HETDEL_cluster_0006","HETDEL","CNA_event_000072","PAUCFC","HETDEL","exons 2",0.07
"HETDEL_cluster_0006","HETDEL","CNA_event_000071","PAUGAP","HETDEL","exons 2",0.108
"HETDEL_cluster_0006","HETDEL","CNA_event_000070","PAUGDZ","HETDEL","exons 1",0.065
"HETDEL_cluster_0006","HETDEL","CNA_event_000069","PAUGLY","HETDEL","exons 2",0.935
"HETDEL_cluster_0006","HETDEL","CNA_event_000065","PAUIEM","HETDEL","exons 2",0.07
"HETDEL_cluster_0006","HETDEL","CNA_event_000107","PAUJYN","HETDEL","exons 1;2",0.136
"HETDEL_cluster_0006","HETDEL","CNA_event_000146","PAUKMA","HETDEL","exons 1;2",0.136
"HETDEL_cluster_0006","HETDEL","CNA_event_000151","PAULMU","HETDEL","exons 1;2",0.849
"HETDEL_cluster_0006","HETDEL","CNA_event_000105","PAUMXB","HETDEL","exons 1;2",0.173
"HETDEL_cluster_0006","HETDEL","CNA_event_000049","PAUNBU","HETDEL","exons 2",0.935
"HETDEL_cluster_0006","HETDEL","CNA_event_000104","PAUVUJ","HETDEL","exons 2",0.935
"HETDEL_cluster_0006","HETDEL","CNA_event_000103","PAUVWZ","HETDEL","exons 2",0.342
"HETDEL_cluster_0006","HETDEL","CNA_event_000062","PAUWUY","HETDEL","exons 2",0.935
"HETDEL_cluster_0006","HETDEL","CNA_event_000102","PAUXYI","HETDEL","exons 2",0.935
"HETDEL_cluster_0006","HETDEL","CNA_event_000099","PAUYIK","HETDEL","exons 1;2",0.173
"HETDEL_cluster_0006","HETDEL","CNA_event_000098","PAVAJG","HETDEL","exons 2",0.108
"HETDEL_cluster_0006","HETDEL","CNA_event_000059","PAVAWP","HETDEL","exons 2",0.935
"HETDEL_cluster_0006","HETDEL","CNA_event_000096","PAVBCW","HETDEL","exons 1",0.065
"HETDEL_cluster_0006","HETDEL","CNA_event_000058","PAVCRK","HETDEL","exons 1",0.065
"HETDEL_cluster_0006","HETDEL","CNA_event_000057","PAVDJU","HETDEL","exons 1;2",0.381
"HETDEL_cluster_0006","HETDEL","CNA_event_000134","PAVEUT","HETDEL","exons 1;2",0.173
"HETDEL_cluster_0006","HETDEL","CNA_event_000135","PAVFAC","HETDEL","exons 2",0.342
"HETDEL_cluster_0006","HETDEL","CNA_event_000055","PAVGMF","HETDEL","exons 1;2",0.173
"HETDEL_cluster_0006","HETDEL","CNA_event_000054","PAVIDN","HETDEL","exons 2",0.342
"HETDEL_cluster_0006","HETDEL","CNA_event_000053","PAVKJU","HETDEL","exons 2",0.108
"HETDEL_cluster_0006","HETDEL","CNA_event_000095","PAVKUU","HETDEL","exons 2",0.935
"HETDEL_cluster_0006","HETDEL","CNA_event_000144","PAVMVL","HETDEL","exons 2",0.935
"HETDEL_cluster_0006","HETDEL","CNA_event_000138","PAVRLT","HETDEL","exons 2",0.935
"HETDEL_cluster_0006","HETDEL","CNA_event_000092","PAVRYP","HETDEL","exons 2",0.108
"HETDEL_cluster_0006","HETDEL","CNA_event_000043","PAVZXK","HETDEL","exons 2",0.935
"HETDEL_cluster_0006","HETDEL","CNA_event_000090","PAWAIN","HETDEL","exons 1",0.065
"HETDEL_cluster_0006","HETDEL","CNA_event_000143","PAWCUT","HETDEL","exons 2",0.342
"HETDEL_cluster_0006","HETDEL","CNA_event_000044","PAWFYE","HETDEL","exons 2",0.459
"HETDEL_cluster_0006","HETDEL","CNA_event_000088","PAWGYW","HETDEL","exons 2",0.935
"HETDEL_cluster_0006","HETDEL","CNA_event_000051","PAWJUJ","HETDEL","exons 2",0.935
"HETDEL_cluster_0006","HETDEL","CNA_event_000087","PAWKIT","HETDEL","exons 2",0.342
"HETDEL_cluster_0007","HETDEL","CNA_event_000132","PARBTF","HETDEL","exons 7;8",0.593
"HETDEL_cluster_0007","HETDEL","CNA_event_000130","PARGHJ","HETDEL","exons 7;8",0.935
"HETDEL_cluster_0007","HETDEL","CNA_event_000128","PARXHT","HETDEL","exons 7;8",0.935
"HETDEL_cluster_0007","HETDEL","CNA_event_000126","PASIJX","HETDEL","exons 7;8",0.827
"HETDEL_cluster_0007","HETDEL","CNA_event_000123","PASMHF","HETDEL","exons 7;8",0.827
"HETDEL_cluster_0007","HETDEL","CNA_event_000082","PASPLG","HETDEL","exons 7;8",0.827
"HETDEL_cluster_0007","HETDEL","CNA_event_000081","PASYVU","HETDEL","exons 7;8",0.935
"HETDEL_cluster_0007","HETDEL","CNA_event_000080","PASYWF","HETDEL","exons 7;8",0.935
"HETDEL_cluster_0007","HETDEL","CNA_event_000046","PATGLV","HETDEL","exons 7;8",0.935
"HETDEL_cluster_0007","HETDEL","CNA_event_000117","PATHSL","HETDEL","exons 7;8",0.827
"HETDEL_cluster_0007","HETDEL","CNA_event_000116","PATKKV","HETDEL","exons 7;8",0.593
"HETDEL_cluster_0007","HETDEL","CNA_event_000115","PATKPW","HETDEL","exons 7;8",0.935
"HETDEL_cluster_0007","HETDEL","CNA_event_000114","PATLUU","HETDEL","exons 7;8",0.935
"HETDEL_cluster_0007","HETDEL","CNA_event_000113","PATSIL","HETDEL","exons 7;8",0.593
"HETDEL_cluster_0007","HETDEL","CNA_event_000139","PATUWK","HETDEL","exons 7",0.474
"HETDEL_cluster_0007","HETDEL","CNA_event_000111","PATXNK","HETDEL","exons 7;8",0.935
"HETDEL_cluster_0007","HETDEL","CNA_event_000074","PATZXK","HETDEL","exons 7;8",0.935
"HETDEL_cluster_0007","HETDEL","CNA_event_000137","PAUEGE","HETDEL","exons 7;8",0.827
"HETDEL_cluster_0007","HETDEL","CNA_event_000069","PAUGLY","HETDEL","exons 7;8",0.935
"HETDEL_cluster_0007","HETDEL","CNA_event_000066","PAUIEM","HETDEL","exons 7;8",0.827
"HETDEL_cluster_0007","HETDEL","CNA_event_000109","PAUJYN","HETDEL","exons 7;8",0.827
"HETDEL_cluster_0007","HETDEL","CNA_event_000151","PAULMU","HETDEL","exons 7;8",0.849
"HETDEL_cluster_0007","HETDEL","CNA_event_000049","PAUNBU","HETDEL","exons 7;8",0.935
"HETDEL_cluster_0007","HETDEL","CNA_event_000136","PAUPVR","HETDEL","exons 7;8",0.593
"HETDEL_cluster_0007","HETDEL","CNA_event_000064","PAURLU","HETDEL","exons 7",0.49
"HETDEL_cluster_0007","HETDEL","CNA_event_000063","PAUTBD","HETDEL","exons 7;8",0.827
"HETDEL_cluster_0007","HETDEL","CNA_event_000104","PAUVUJ","HETDEL","exons 7;8",0.935
"HETDEL_cluster_0007","HETDEL","CNA_event_000062","PAUWUY","HETDEL","exons 7;8",0.935
"HETDEL_cluster_0007","HETDEL","CNA_event_000102","PAUXYI","HETDEL","exons 7;8",0.935
"HETDEL_cluster_0007","HETDEL","CNA_event_000060","PAUYJE","HETDEL","exons 7;8",0.593
"HETDEL_cluster_0007","HETDEL","CNA_event_000050","PAVAPE","HETDEL","exons 7;8",0.827
"HETDEL_cluster_0007","HETDEL","CNA_event_000059","PAVAWP","HETDEL","exons 7;8",0.935
"HETDEL_cluster_0007","HETDEL","CNA_event_000097","PAVBCW","HETDEL","exons 7;8",0.827
"HETDEL_cluster_0007","HETDEL","CNA_event_000056","PAVESF","HETDEL","exons 7;8",0.827
"HETDEL_cluster_0007","HETDEL","CNA_event_000095","PAVKUU","HETDEL","exons 7;8",0.935
"HETDEL_cluster_0007","HETDEL","CNA_event_000144","PAVMVL","HETDEL","exons 7;8",0.935
"HETDEL_cluster_0007","HETDEL","CNA_event_000052","PAVPGA","HETDEL","exons 7;8",0.827
"HETDEL_cluster_0007","HETDEL","CNA_event_000138","PAVRLT","HETDEL","exons 7;8",0.935
"HETDEL_cluster_0007","HETDEL","CNA_event_000043","PAVZXK","HETDEL","exons 7;8",0.935
"HETDEL_cluster_0007","HETDEL","CNA_event_000088","PAWGYW","HETDEL","exons 7;8",0.935
"HETDEL_cluster_0007","HETDEL","CNA_event_000051","PAWJUJ","HETDEL","exons 7;8",0.935
"HETDEL_cluster_0008","HETDEL","CNA_event_000132","PARBTF","HETDEL","exons 7;8;9",0.593
"HETDEL_cluster_0008","HETDEL","CNA_event_000130","PARGHJ","HETDEL","exons 7;8;9",0.935
"HETDEL_cluster_0008","HETDEL","CNA_event_000128","PARXHT","HETDEL","exons 7;8;9",0.935
"HETDEL_cluster_0008","HETDEL","CNA_event_000126","PASIJX","HETDEL","exons 7;8;9",0.827
"HETDEL_cluster_0008","HETDEL","CNA_event_000123","PASMHF","HETDEL","exons 7;8;9",0.827
"HETDEL_cluster_0008","HETDEL","CNA_event_000082","PASPLG","HETDEL","exons 7;8;9",0.827
"HETDEL_cluster_0008","HETDEL","CNA_event_000081","PASYVU","HETDEL","exons 7;8;9",0.935
"HETDEL_cluster_0008","HETDEL","CNA_event_000080","PASYWF","HETDEL","exons 7;8;9",0.935
"HETDEL_cluster_0008","HETDEL","CNA_event_000046","PATGLV","HETDEL","exons 7;8;9",0.935
"HETDEL_cluster_0008","HETDEL","CNA_event_000117","PATHSL","HETDEL","exons 7;8;9",0.827
"HETDEL_cluster_0008","HETDEL","CNA_event_000116","PATKKV","HETDEL","exons 7;8;9",0.593
"HETDEL_cluster_0008","HETDEL","CNA_event_000115","PATKPW","HETDEL","exons 7;8;9",0.935
"HETDEL_cluster_0008","HETDEL","CNA_event_000114","PATLUU","HETDEL","exons 7;8;9",0.935
"HETDEL_cluster_0008","HETDEL","CNA_event_000113","PATSIL","HETDEL","exons 7;8;9",0.593
"HETDEL_cluster_0008","HETDEL","CNA_event_000139","PATUWK","HETDEL","exons 7",0.474
"HETDEL_cluster_0008","HETDEL","CNA_event_000111","PATXNK","HETDEL","exons 7;8;9",0.935
"HETDEL_cluster_0008","HETDEL","CNA_event_000074","PATZXK","HETDEL","exons 7;8;9",0.935
"HETDEL_cluster_0008","HETDEL","CNA_event_000137","PAUEGE","HETDEL","exons 7;8;9",0.827
"HETDEL_cluster_0008","HETDEL","CNA_event_000069","PAUGLY","HETDEL","exons 7;8;9",0.935
"HETDEL_cluster_0008","HETDEL","CNA_event_000066","PAUIEM","HETDEL","exons 7;8;9",0.827
"HETDEL_cluster_0008","HETDEL","CNA_event_000109","PAUJYN","HETDEL","exons 7;8;9",0.827
"HETDEL_cluster_0008","HETDEL","CNA_event_000151","PAULMU","HETDEL","exons 7;8",0.849
"HETDEL_cluster_0008","HETDEL","CNA_event_000049","PAUNBU","HETDEL","exons 7;8;9",0.935
"HETDEL_cluster_0008","HETDEL","CNA_event_000136","PAUPVR","HETDEL","exons 7;8;9",0.593
"HETDEL_cluster_0008","HETDEL","CNA_event_000064","PAURLU","HETDEL","exons 7",0.49
"HETDEL_cluster_0008","HETDEL","CNA_event_000063","PAUTBD","HETDEL","exons 7;8;9",0.827
"HETDEL_cluster_0008","HETDEL","CNA_event_000104","PAUVUJ","HETDEL","exons 7;8;9",0.935
"HETDEL_cluster_0008","HETDEL","CNA_event_000062","PAUWUY","HETDEL","exons 7;8;9",0.935
"HETDEL_cluster_0008","HETDEL","CNA_event_000102","PAUXYI","HETDEL","exons 7;8;9",0.935
"HETDEL_cluster_0008","HETDEL","CNA_event_000060","PAUYJE","HETDEL","exons 7;8;9",0.593
"HETDEL_cluster_0008","HETDEL","CNA_event_000050","PAVAPE","HETDEL","exons 7;8;9",0.827
"HETDEL_cluster_0008","HETDEL","CNA_event_000059","PAVAWP","HETDEL","exons 7;8;9",0.935
"HETDEL_cluster_0008","HETDEL","CNA_event_000097","PAVBCW","HETDEL","exons 7;8;9",0.827
"HETDEL_cluster_0008","HETDEL","CNA_event_000056","PAVESF","HETDEL","exons 7;8;9",0.827
"HETDEL_cluster_0008","HETDEL","CNA_event_000095","PAVKUU","HETDEL","exons 7;8;9",0.935
"HETDEL_cluster_0008","HETDEL","CNA_event_000144","PAVMVL","HETDEL","exons 7;8;9",0.935
"HETDEL_cluster_0008","HETDEL","CNA_event_000052","PAVPGA","HETDEL","exons 7;8;9",0.827
"HETDEL_cluster_0008","HETDEL","CNA_event_000138","PAVRLT","HETDEL","exons 7;8;9",0.935
"HETDEL_cluster_0008","HETDEL","CNA_event_000043","PAVZXK","HETDEL","exons 7;8;9",0.935
"HETDEL_cluster_0008","HETDEL","CNA_event_000088","PAWGYW","HETDEL","exons 7;8;9",0.935
"HETDEL_cluster_0008","HETDEL","CNA_event_000051","PAWJUJ","HETDEL","exons 7;8;9",0.935
"HETDEL_cluster_0009","HETDEL","CNA_event_000132","PARBTF","HETDEL","exons 6;9",0.593
"HETDEL_cluster_0009","HETDEL","CNA_event_000130","PARGHJ","HETDEL","exons 6;9",0.935
"HETDEL_cluster_0009","HETDEL","CNA_event_000128","PARXHT","HETDEL","exons 6;9",0.935
"HETDEL_cluster_0009","HETDEL","CNA_event_000126","PASIJX","HETDEL","exons 6;9",0.827
"HETDEL_cluster_0009","HETDEL","CNA_event_000123","PASMHF","HETDEL","exons 6;9",0.827
"HETDEL_cluster_0009","HETDEL","CNA_event_000082","PASPLG","HETDEL","exons 6;9",0.827
"HETDEL_cluster_0009","HETDEL","CNA_event_000081","PASYVU","HETDEL","exons 6;9",0.935
"HETDEL_cluster_0009","HETDEL","CNA_event_000080","PASYWF","HETDEL","exons 6;9",0.935
"HETDEL_cluster_0009","HETDEL","CNA_event_000046","PATGLV","HETDEL","exons 6;9",0.935
"HETDEL_cluster_0009","HETDEL","CNA_event_000117","PATHSL","HETDEL","exons 6;9",0.827
"HETDEL_cluster_0009","HETDEL","CNA_event_000116","PATKKV","HETDEL","exons 6;9",0.593
"HETDEL_cluster_0009","HETDEL","CNA_event_000115","PATKPW","HETDEL","exons 6;9",0.935
"HETDEL_cluster_0009","HETDEL","CNA_event_000075","PATKVD","HETDEL","exons 6",0.459
"HETDEL_cluster_0009","HETDEL","CNA_event_000114","PATLUU","HETDEL","exons 6;9",0.935
"HETDEL_cluster_0009","HETDEL","CNA_event_000113","PATSIL","HETDEL","exons 6;9",0.593
"HETDEL_cluster_0009","HETDEL","CNA_event_000139","PATUWK","HETDEL","exons 6",0.474
"HETDEL_cluster_0009","HETDEL","CNA_event_000111","PATXNK","HETDEL","exons 6;9",0.935
"HETDEL_cluster_0009","HETDEL","CNA_event_000074","PATZXK","HETDEL","exons 6;9",0.935
"HETDEL_cluster_0009","HETDEL","CNA_event_000137","PAUEGE","HETDEL","exons 6;9",0.827
"HETDEL_cluster_0009","HETDEL","CNA_event_000069","PAUGLY","HETDEL","exons 6;9",0.935
"HETDEL_cluster_0009","HETDEL","CNA_event_000066","PAUIEM","HETDEL","exons 6;9",0.827
"HETDEL_cluster_0009","HETDEL","CNA_event_000109","PAUJYN","HETDEL","exons 6;9",0.827
"HETDEL_cluster_0009","HETDEL","CNA_event_000151","PAULMU","HETDEL","exons 6",0.849
"HETDEL_cluster_0009","HETDEL","CNA_event_000049","PAUNBU","HETDEL","exons 6;9",0.935
"HETDEL_cluster_0009","HETDEL","CNA_event_000136","PAUPVR","HETDEL","exons 6;9",0.593
"HETDEL_cluster_0009","HETDEL","CNA_event_000064","PAURLU","HETDEL","exons 6",0.49
"HETDEL_cluster_0009","HETDEL","CNA_event_000063","PAUTBD","HETDEL","exons 6;9",0.827
"HETDEL_cluster_0009","HETDEL","CNA_event_000104","PAUVUJ","HETDEL","exons 6;9",0.935
"HETDEL_cluster_0009","HETDEL","CNA_event_000062","PAUWUY","HETDEL","exons 6;9",0.935
"HETDEL_cluster_0009","HETDEL","CNA_event_000102","PAUXYI","HETDEL","exons 6;9",0.935
"HETDEL_cluster_0009","HETDEL","CNA_event_000060","PAUYJE","HETDEL","exons 6;9",0.593
"HETDEL_cluster_0009","HETDEL","CNA_event_000050","PAVAPE","HETDEL","exons 6;9",0.827
"HETDEL_cluster_0009","HETDEL","CNA_event_000059","PAVAWP","HETDEL","exons 6;9",0.935
"HETDEL_cluster_0009","HETDEL","CNA_event_000097","PAVBCW","HETDEL","exons 6;9",0.827
"HETDEL_cluster_0009","HETDEL","CNA_event_000056","PAVESF","HETDEL","exons 6;9",0.827
"HETDEL_cluster_0009","HETDEL","CNA_event_000095","PAVKUU","HETDEL","exons 6;9",0.935
"HETDEL_cluster_0009","HETDEL","CNA_event_000144","PAVMVL","HETDEL","exons 6;9",0.935
"HETDEL_cluster_0009","HETDEL","CNA_event_000052","PAVPGA","HETDEL","exons 6;9",0.827
"HETDEL_cluster_0009","HETDEL","CNA_event_000138","PAVRLT","HETDEL","exons 6;9",0.935
"HETDEL_cluster_0009","HETDEL","CNA_event_000043","PAVZXK","HETDEL","exons 6;9",0.935
"HETDEL_cluster_0009","HETDEL","CNA_event_000044","PAWFYE","HETDEL","exons 6",0.459
"HETDEL_cluster_0009","HETDEL","CNA_event_000088","PAWGYW","HETDEL","exons 6;9",0.935
"HETDEL_cluster_0009","HETDEL","CNA_event_000051","PAWJUJ","HETDEL","exons 6;9",0.935
"HETDEL_cluster_0010","HETDEL","CNA_event_000132","PARBTF","HETDEL","exons 6;7;8;9",0.593
"HETDEL_cluster_0010","HETDEL","CNA_event_000130","PARGHJ","HETDEL","exons 6;7;8;9",0.935
"HETDEL_cluster_0010","HETDEL","CNA_event_000128","PARXHT","HETDEL","exons 6;7;8;9",0.935
"HETDEL_cluster_0010","HETDEL","CNA_event_000126","PASIJX","HETDEL","exons 6;7;8;9",0.827
"HETDEL_cluster_0010","HETDEL","CNA_event_000123","PASMHF","HETDEL","exons 6;7;8;9",0.827
"HETDEL_cluster_0010","HETDEL","CNA_event_000082","PASPLG","HETDEL","exons 6;7;8;9",0.827
"HETDEL_cluster_0010","HETDEL","CNA_event_000081","PASYVU","HETDEL","exons 6;7;8;9",0.935
"HETDEL_cluster_0010","HETDEL","CNA_event_000080","PASYWF","HETDEL","exons 6;7;8;9",0.935
"HETDEL_cluster_0010","HETDEL","CNA_event_000046","PATGLV","HETDEL","exons 6;7;8;9",0.935
"HETDEL_cluster_0010","HETDEL","CNA_event_000117","PATHSL","HETDEL","exons 6;7;8;9",0.827
"HETDEL_cluster_0010","HETDEL","CNA_event_000116","PATKKV","HETDEL","exons 6;7;8;9",0.593
"HETDEL_cluster_0010","HETDEL","CNA_event_000115","PATKPW","HETDEL","exons 6;7;8;9",0.935
"HETDEL_cluster_0010","HETDEL","CNA_event_000075","PATKVD","HETDEL","exons 6",0.459
"HETDEL_cluster_0010","HETDEL","CNA_event_000114","PATLUU","HETDEL","exons 6;7;8;9",0.935
"HETDEL_cluster_0010","HETDEL","CNA_event_000113","PATSIL","HETDEL","exons 6;7;8;9",0.593
"HETDEL_cluster_0010","HETDEL","CNA_event_000139","PATUWK","HETDEL","exons 6;7",0.474
"HETDEL_cluster_0010","HETDEL","CNA_event_000111","PATXNK","HETDEL","exons 6;7;8;9",0.935
"HETDEL_cluster_0010","HETDEL","CNA_event_000074","PATZXK","HETDEL","exons 6;7;8;9",0.935
"HETDEL_cluster_0010","HETDEL","CNA_event_000137","PAUEGE","HETDEL","exons 6;7;8;9",0.827
"HETDEL_cluster_0010","HETDEL","CNA_event_000069","PAUGLY","HETDEL","exons 6;7;8;9",0.935
"HETDEL_cluster_0010","HETDEL","CNA_event_000066","PAUIEM","HETDEL","exons 6;7;8;9",0.827
"HETDEL_cluster_0010","HETDEL","CNA_event_000109","PAUJYN","HETDEL","exons 6;7;8;9",0.827
"HETDEL_cluster_0010","HETDEL","CNA_event_000151","PAULMU","HETDEL","exons 6;7;8",0.849
"HETDEL_cluster_0010","HETDEL","CNA_event_000049","PAUNBU","HETDEL","exons 6;7;8;9",0.935
"HETDEL_cluster_0010","HETDEL","CNA_event_000136","PAUPVR","HETDEL","exons 6;7;8;9",0.593
"HETDEL_cluster_0010","HETDEL","CNA_event_000064","PAURLU","HETDEL","exons 6;7",0.49
"HETDEL_cluster_0010","HETDEL","CNA_event_000063","PAUTBD","HETDEL","exons 6;7;8;9",0.827
"HETDEL_cluster_0010","HETDEL","CNA_event_000104","PAUVUJ","HETDEL","exons 6;7;8;9",0.935
"HETDEL_cluster_0010","HETDEL","CNA_event_000062","PAUWUY","HETDEL","exons 6;7;8;9",0.935
"HETDEL_cluster_0010","HETDEL","CNA_event_000102","PAUXYI","HETDEL","exons 6;7;8;9",0.935
"HETDEL_cluster_0010","HETDEL","CNA_event_000060","PAUYJE","HETDEL","exons 6;7;8;9",0.593
"HETDEL_cluster_0010","HETDEL","CNA_event_000050","PAVAPE","HETDEL","exons 6;7;8;9",0.827
"HETDEL_cluster_0010","HETDEL","CNA_event_000059","PAVAWP","HETDEL","exons 6;7;8;9",0.935
"HETDEL_cluster_0010","HETDEL","CNA_event_000097","PAVBCW","HETDEL","exons 6;7;8;9",0.827
"HETDEL_cluster_0010","HETDEL","CNA_event_000056","PAVESF","HETDEL","exons 6;7;8;9",0.827
"HETDEL_cluster_0010","HETDEL","CNA_event_000095","PAVKUU","HETDEL","exons 6;7;8;9",0.935
"HETDEL_cluster_0010","HETDEL","CNA_event_000144","PAVMVL","HETDEL","exons 6;7;8;9",0.935
"HETDEL_cluster_0010","HETDEL","CNA_event_000052","PAVPGA","HETDEL","exons 6;7;8;9",0.827
"HETDEL_cluster_0010","HETDEL","CNA_event_000138","PAVRLT","HETDEL","exons 6;7;8;9",0.935
"HETDEL_cluster_0010","HETDEL","CNA_event_000043","PAVZXK","HETDEL","exons 6;7;8;9",0.935
"HETDEL_cluster_0010","HETDEL","CNA_event_000044","PAWFYE","HETDEL","exons 6",0.459
"HETDEL_cluster_0010","HETDEL","CNA_event_000088","PAWGYW","HETDEL","exons 6;7;8;9",0.935
"HETDEL_cluster_0010","HETDEL","CNA_event_000051","PAWJUJ","HETDEL","exons 6;7;8;9",0.935
"HETDEL_cluster_0011","HETDEL","CNA_event_000131","PARBTF","HETDEL","exons 5",0.342
"HETDEL_cluster_0011","HETDEL","CNA_event_000132","PARBTF","HETDEL","exons 6",0.593
"HETDEL_cluster_0011","HETDEL","CNA_event_000130","PARGHJ","HETDEL","exons 5;6",0.935
"HETDEL_cluster_0011","HETDEL","CNA_event_000129","PARMJA","HETDEL","exons 5",0.271
"HETDEL_cluster_0011","HETDEL","CNA_event_000128","PARXHT","HETDEL","exons 5;6",0.935
"HETDEL_cluster_0011","HETDEL","CNA_event_000126","PASIJX","HETDEL","exons 5;6",0.827
"HETDEL_cluster_0011","HETDEL","CNA_event_000084","PASKAD","HETDEL","exons 5",0.342
"HETDEL_cluster_0011","HETDEL","CNA_event_000123","PASMHF","HETDEL","exons 5;6",0.827
"HETDEL_cluster_0011","HETDEL","CNA_event_000082","PASPLG","HETDEL","exons 5;6",0.827
"HETDEL_cluster_0011","HETDEL","CNA_event_000122","PASVZJ","HETDEL","exons 5",0.342
"HETDEL_cluster_0011","HETDEL","CNA_event_000081","PASYVU","HETDEL","exons 5;6",0.935
"HETDEL_cluster_0011","HETDEL","CNA_event_000080","PASYWF","HETDEL","exons 5;6",0.935
"HETDEL_cluster_0011","HETDEL","CNA_event_000120","PATCWW","HETDEL","exons 5",0.342
"HETDEL_cluster_0011","HETDEL","CNA_event_000119","PATDEK","HETDEL","exons 5",0.381
"HETDEL_cluster_0011","HETDEL","CNA_event_000046","PATGLV","HETDEL","exons 5;6",0.935
"HETDEL_cluster_0011","HETDEL","CNA_event_000117","PATHSL","HETDEL","exons 5;6",0.827
"HETDEL_cluster_0011","HETDEL","CNA_event_000116","PATKKV","HETDEL","exons 6",0.593
"HETDEL_cluster_0011","HETDEL","CNA_event_000115","PATKPW","HETDEL","exons 5;6",0.935
"HETDEL_cluster_0011","HETDEL","CNA_event_000075","PATKVD","HETDEL","exons 5;6",0.459
"HETDEL_cluster_0011","HETDEL","CNA_event_000140","PATKWU","HETDEL","exons 5",0.407
"HETDEL_cluster_0011","HETDEL","CNA_event_000114","PATLUU","HETDEL","exons 5;6",0.935
"HETDEL_cluster_0011","HETDEL","CNA_event_000113","PATSIL","HETDEL","exons 6",0.593
"HETDEL_cluster_0011","HETDEL","CNA_event_000139","PATUWK","HETDEL","exons 5;6",0.474
"HETDEL_cluster_0011","HETDEL","CNA_event_000111","PATXNK","HETDEL","exons 5;6",0.935
"HETDEL_cluster_0011","HETDEL","CNA_event_000074","PATZXK","HETDEL","exons 5;6",0.935
"HETDEL_cluster_0011","HETDEL","CNA_event_000137","PAUEGE","HETDEL","exons 5;6",0.827
"HETDEL_cluster_0011","HETDEL","CNA_event_000069","PAUGLY","HETDEL","exons 5;6",0.935
"HETDEL_cluster_0011","HETDEL","CNA_event_000068","PAUHYI","HETDEL","exons 5",0.234
"HETDEL_cluster_0011","HETDEL","CNA_event_000066","PAUIEM","HETDEL","exons 5;6",0.827
"HETDEL_cluster_0011","HETDEL","CNA_event_000109","PAUJYN","HETDEL","exons 5;6",0.827
"HETDEL_cluster_0011","HETDEL","CNA_event_000151","PAULMU","HETDEL","exons 5;6",0.849
"HETDEL_cluster_0011","HETDEL","CNA_event_000049","PAUNBU","HETDEL","exons 5;6",0.935
"HETDEL_cluster_0011","HETDEL","CNA_event_000136","PAUPVR","HETDEL","exons 6",0.593
"HETDEL_cluster_0011","HETDEL","CNA_event_000064","PAURLU","HETDEL","exons 5;6",0.49
"HETDEL_cluster_0011","HETDEL","CNA_event_000063","PAUTBD","HETDEL","exons 5;6",0.827
"HETDEL_cluster_0011","HETDEL","CNA_event_000104","PAUVUJ","HETDEL","exons 5;6",0.935
"HETDEL_cluster_0011","HETDEL","CNA_event_000103","PAUVWZ","HETDEL","exons 5",0.342
"HETDEL_cluster_0011","HETDEL","CNA_event_000062","PAUWUY","HETDEL","exons 5;6",0.935
"HETDEL_cluster_0011","HETDEL","CNA_event_000102","PAUXYI","HETDEL","exons 5;6",0.935
"HETDEL_cluster_0011","HETDEL","CNA_event_000100","PAUYBP","HETDEL","exons 5",0.234
"HETDEL_cluster_0011","HETDEL","CNA_event_000060","PAUYJE","HETDEL","exons 6",0.593
"HETDEL_cluster_0011","HETDEL","CNA_event_000050","PAVAPE","HETDEL","exons 5;6",0.827
"HETDEL_cluster_0011","HETDEL","CNA_event_000059","PAVAWP","HETDEL","exons 5;6",0.935
"HETDEL_cluster_0011","HETDEL","CNA_event_000097","PAVBCW","HETDEL","exons 5;6",0.827
"HETDEL_cluster_0011","HETDEL","CNA_event_000057","PAVDJU","HETDEL","exons 5",0.381
"HETDEL_cluster_0011","HETDEL","CNA_event_000056","PAVESF","HETDEL","exons 5;6",0.827
"HETDEL_cluster_0011","HETDEL","CNA_event_000048","PAVESV","HETDEL","exons 5",0.234
"HETDEL_cluster_0011","HETDEL","CNA_event_000135","PAVFAC","HETDEL","exons 5",0.342
"HETDEL_cluster_0011","HETDEL","CNA_event_000054","PAVIDN","HETDEL","exons 5",0.342
"HETDEL_cluster_0011","HETDEL","CNA_event_000095","PAVKUU","HETDEL","exons 5;6",0.935
"HETDEL_cluster_0011","HETDEL","CNA_event_000144","PAVMVL","HETDEL","exons 5;6",0.935
"HETDEL_cluster_0011","HETDEL","CNA_event_000052","PAVPGA","HETDEL","exons 5;6",0.827
"HETDEL_cluster_0011","HETDEL","CNA_event_000138","PAVRLT","HETDEL","exons 5;6",0.935
"HETDEL_cluster_0011","HETDEL","CNA_event_000093","PAVRUJ","HETDEL","exons 5",0.234
"HETDEL_cluster_0011","HETDEL","CNA_event_000043","PAVZXK","HETDEL","exons 5;6",0.935
"HETDEL_cluster_0011","HETDEL","CNA_event_000091","PAWAIM","HETDEL","exons 5",0.234
"HETDEL_cluster_0011","HETDEL","CNA_event_000143","PAWCUT","HETDEL","exons 5",0.342
"HETDEL_cluster_0011","HETDEL","CNA_event_000044","PAWFYE","HETDEL","exons 5;6",0.459
"HETDEL_cluster_0011","HETDEL","CNA_event_000088","PAWGYW","HETDEL","exons 5;6",0.935
"HETDEL_cluster_0011","HETDEL","CNA_event_000051","PAWJUJ","HETDEL","exons 5;6",0.935
"HETDEL_cluster_0011","HETDEL","CNA_event_000087","PAWKIT","HETDEL","exons 5",0.342
"HETDEL_cluster_0012","HETDEL","CNA_event_000131","PARBTF","HETDEL","exons 5",0.342
"HETDEL_cluster_0012","HETDEL","CNA_event_000132","PARBTF","HETDEL","exons 6;7;8;9",0.593
"HETDEL_cluster_0012","HETDEL","CNA_event_000130","PARGHJ","HETDEL","exons 5;6;7;8;9",0.935
"HETDEL_cluster_0012","HETDEL","CNA_event_000129","PARMJA","HETDEL","exons 5",0.271
"HETDEL_cluster_0012","HETDEL","CNA_event_000128","PARXHT","HETDEL","exons 5;6;7;8;9",0.935
"HETDEL_cluster_0012","HETDEL","CNA_event_000126","PASIJX","HETDEL","exons 5;6;7;8;9",0.827
"HETDEL_cluster_0012","HETDEL","CNA_event_000084","PASKAD","HETDEL","exons 5",0.342
"HETDEL_cluster_0012","HETDEL","CNA_event_000123","PASMHF","HETDEL","exons 5;6;7;8;9",0.827
"HETDEL_cluster_0012","HETDEL","CNA_event_000082","PASPLG","HETDEL","exons 5;6;7;8;9",0.827
"HETDEL_cluster_0012","HETDEL","CNA_event_000122","PASVZJ","HETDEL","exons 5",0.342
"HETDEL_cluster_0012","HETDEL","CNA_event_000081","PASYVU","HETDEL","exons 5;6;7;8;9",0.935
"HETDEL_cluster_0012","HETDEL","CNA_event_000080","PASYWF","HETDEL","exons 5;6;7;8;9",0.935
"HETDEL_cluster_0012","HETDEL","CNA_event_000120","PATCWW","HETDEL","exons 5",0.342
"HETDEL_cluster_0012","HETDEL","CNA_event_000119","PATDEK","HETDEL","exons 5",0.381
"HETDEL_cluster_0012","HETDEL","CNA_event_000046","PATGLV","HETDEL","exons 5;6;7;8;9",0.935
"HETDEL_cluster_0012","HETDEL","CNA_event_000117","PATHSL","HETDEL","exons 5;6;7;8;9",0.827
"HETDEL_cluster_0012","HETDEL","CNA_event_000116","PATKKV","HETDEL","exons 6;7;8;9",0.593
"HETDEL_cluster_0012","HETDEL","CNA_event_000115","PATKPW","HETDEL","exons 5;6;7;8;9",0.935
"HETDEL_cluster_0012","HETDEL","CNA_event_000075","PATKVD","HETDEL","exons 5;6",0.459
"HETDEL_cluster_0012","HETDEL","CNA_event_000140","PATKWU","HETDEL","exons 5",0.407
"HETDEL_cluster_0012","HETDEL","CNA_event_000114","PATLUU","HETDEL","exons 5;6;7;8;9",0.935
"HETDEL_cluster_0012","HETDEL","CNA_event_000113","PATSIL","HETDEL","exons 6;7;8;9",0.593
"HETDEL_cluster_0012","HETDEL","CNA_event_000139","PATUWK","HETDEL","exons 5;6;7",0.474
"HETDEL_cluster_0012","HETDEL","CNA_event_000111","PATXNK","HETDEL","exons 5;6;7;8;9",0.935
"HETDEL_cluster_0012","HETDEL","CNA_event_000074","PATZXK","HETDEL","exons 5;6;7;8;9",0.935
"HETDEL_cluster_0012","HETDEL","CNA_event_000137","PAUEGE","HETDEL","exons 5;6;7;8;9",0.827
"HETDEL_cluster_0012","HETDEL","CNA_event_000069","PAUGLY","HETDEL","exons 5;6;7;8;9",0.935
"HETDEL_cluster_0012","HETDEL","CNA_event_000068","PAUHYI","HETDEL","exons 5",0.234
"HETDEL_cluster_0012","HETDEL","CNA_event_000066","PAUIEM","HETDEL","exons 5;6;7;8;9",0.827
"HETDEL_cluster_0012","HETDEL","CNA_event_000109","PAUJYN","HETDEL","exons 5;6;7;8;9",0.827
"HETDEL_cluster_0012","HETDEL","CNA_event_000151","PAULMU","HETDEL","exons 5;6;7;8",0.849
"HETDEL_cluster_0012","HETDEL","CNA_event_000049","PAUNBU","HETDEL","exons 5;6;7;8;9",0.935
"HETDEL_cluster_0012","HETDEL","CNA_event_000136","PAUPVR","HETDEL","exons 6;7;8;9",0.593
"HETDEL_cluster_0012","HETDEL","CNA_event_000064","PAURLU","HETDEL","exons 5;6;7",0.49
"HETDEL_cluster_0012","HETDEL","CNA_event_000063","PAUTBD","HETDEL","exons 5;6;7;8;9",0.827
"HETDEL_cluster_0012","HETDEL","CNA_event_000104","PAUVUJ","HETDEL","exons 5;6;7;8;9",0.935
"HETDEL_cluster_0012","HETDEL","CNA_event_000103","PAUVWZ","HETDEL","exons 5",0.342
"HETDEL_cluster_0012","HETDEL","CNA_event_000062","PAUWUY","HETDEL","exons 5;6;7;8;9",0.935
"HETDEL_cluster_0012","HETDEL","CNA_event_000102","PAUXYI","HETDEL","exons 5;6;7;8;9",0.935
"HETDEL_cluster_0012","HETDEL","CNA_event_000100","PAUYBP","HETDEL","exons 5",0.234
"HETDEL_cluster_0012","HETDEL","CNA_event_000060","PAUYJE","HETDEL","exons 6;7;8;9",0.593
"HETDEL_cluster_0012","HETDEL","CNA_event_000050","PAVAPE","HETDEL","exons 5;6;7;8;9",0.827
"HETDEL_cluster_0012","HETDEL","CNA_event_000059","PAVAWP","HETDEL","exons 5;6;7;8;9",0.935
"HETDEL_cluster_0012","HETDEL","CNA_event_000097","PAVBCW","HETDEL","exons 5;6;7;8;9",0.827
"HETDEL_cluster_0012","HETDEL","CNA_event_000057","PAVDJU","HETDEL","exons 5",0.381
"HETDEL_cluster_0012","HETDEL","CNA_event_000056","PAVESF","HETDEL","exons 5;6;7;8;9",0.827
"HETDEL_cluster_0012","HETDEL","CNA_event_000048","PAVESV","HETDEL","exons 5",0.234
"HETDEL_cluster_0012","HETDEL","CNA_event_000135","PAVFAC","HETDEL","exons 5",0.342
"HETDEL_cluster_0012","HETDEL","CNA_event_000054","PAVIDN","HETDEL","exons 5",0.342
"HETDEL_cluster_0012","HETDEL","CNA_event_000095","PAVKUU","HETDEL","exons 5;6;7;8;9",0.935
"HETDEL_cluster_0012","HETDEL","CNA_event_000144","PAVMVL","HETDEL","exons 5;6;7;8;9",0.935
"HETDEL_cluster_0012","HETDEL","CNA_event_000052","PAVPGA","HETDEL","exons 5;6;7;8;9",0.827
"HETDEL_cluster_0012","HETDEL","CNA_event_000138","PAVRLT","HETDEL","exons 5;6;7;8;9",0.935
"HETDEL_cluster_0012","HETDEL","CNA_event_000093","PAVRUJ","HETDEL","exons 5",0.234
"HETDEL_cluster_0012","HETDEL","CNA_event_000043","PAVZXK","HETDEL","exons 5;6;7;8;9",0.935
"HETDEL_cluster_0012","HETDEL","CNA_event_000091","PAWAIM","HETDEL","exons 5",0.234
"HETDEL_cluster_0012","HETDEL","CNA_event_000143","PAWCUT","HETDEL","exons 5",0.342
"HETDEL_cluster_0012","HETDEL","CNA_event_000044","PAWFYE","HETDEL","exons 5;6",0.459
"HETDEL_cluster_0012","HETDEL","CNA_event_000088","PAWGYW","HETDEL","exons 5;6;7;8;9",0.935
"HETDEL_cluster_0012","HETDEL","CNA_event_000051","PAWJUJ","HETDEL","exons 5;6;7;8;9",0.935
"HETDEL_cluster_0012","HETDEL","CNA_event_000087","PAWKIT","HETDEL","exons 5",0.342
"HETDEL_cluster_0013","HETDEL","CNA_event_000047","PARIET","HETDEL","exons 1",0.147
"HETDEL_cluster_0013","HETDEL","CNA_event_000086","PARJPL","HETDEL","exons 1",0.065
"HETDEL_cluster_0013","HETDEL","CNA_event_000125","PASIJX","HETDEL","exons 1",0.173
"HETDEL_cluster_0013","HETDEL","CNA_event_000079","PASYWF","HETDEL","exons 1",0.065
"HETDEL_cluster_0013","HETDEL","CNA_event_000119","PATDEK","HETDEL","exons 1",0.381
"HETDEL_cluster_0013","HETDEL","CNA_event_000140","PATKWU","HETDEL","exons 1",0.407
"HETDEL_cluster_0013","HETDEL","CNA_event_000070","PAUGDZ","HETDEL","exons 1",0.065
"HETDEL_cluster_0013","HETDEL","CNA_event_000107","PAUJYN","HETDEL","exons 1",0.136
"HETDEL_cluster_0013","HETDEL","CNA_event_000146","PAUKMA","HETDEL","exons 1",0.136
"HETDEL_cluster_0013","HETDEL","CNA_event_000151","PAULMU","HETDEL","exons 1",0.849
"HETDEL_cluster_0013","HETDEL","CNA_event_000105","PAUMXB","HETDEL","exons 1",0.173
"HETDEL_cluster_0013","HETDEL","CNA_event_000099","PAUYIK","HETDEL","exons 1",0.173
"HETDEL_cluster_0013","HETDEL","CNA_event_000096","PAVBCW","HETDEL","exons 1",0.065
"HETDEL_cluster_0013","HETDEL","CNA_event_000058","PAVCRK","HETDEL","exons 1",0.065
"HETDEL_cluster_0013","HETDEL","CNA_event_000057","PAVDJU","HETDEL","exons 1",0.381
"HETDEL_cluster_0013","HETDEL","CNA_event_000134","PAVEUT","HETDEL","exons 1",0.173
"HETDEL_cluster_0013","HETDEL","CNA_event_000055","PAVGMF","HETDEL","exons 1",0.173
"HETDEL_cluster_0013","HETDEL","CNA_event_000090","PAWAIN","HETDEL","exons 1",0.065
"HETDEL_cluster_0014","HETDEL","CNA_event_000131","PARBTF","HETDEL","exons 2",0.342
"HETDEL_cluster_0014","HETDEL","CNA_event_000130","PARGHJ","HETDEL","exons 2",0.935
"HETDEL_cluster_0014","HETDEL","CNA_event_000047","PARIET","HETDEL","exons 2",0.147
"HETDEL_cluster_0014","HETDEL","CNA_event_000085","PARMIH","HETDEL","exons 2",0.108
"HETDEL_cluster_0014","HETDEL","CNA_event_000128","PARXHT","HETDEL","exons 2",0.935
"HETDEL_cluster_0014","HETDEL","CNA_event_000125","PASIJX","HETDEL","exons 2",0.173
"HETDEL_cluster_0014","HETDEL","CNA_event_000084","PASKAD","HETDEL","exons 2",0.342
"HETDEL_cluster_0014","HETDEL","CNA_event_000141","PASLXY","HETDEL","exons 2",0.108
"HETDEL_cluster_0014","HETDEL","CNA_event_000083","PASPDS","HETDEL","exons 2",0.108
"HETDEL_cluster_0014","HETDEL","CNA_event_000122","PASVZJ","HETDEL","exons 2",0.342
"HETDEL_cluster_0014","HETDEL","CNA_event_000081","PASYVU","HETDEL","exons 2",0.935
"HETDEL_cluster_0014","HETDEL","CNA_event_000080","PASYWF","HETDEL","exons 2",0.935
"HETDEL_cluster_0014","HETDEL","CNA_event_000077","PATBTX","HETDEL","exons 2",0.108
"HETDEL_cluster_0014","HETDEL","CNA_event_000076","PATCTR","HETDEL","exons 2",0.108
"HETDEL_cluster_0014","HETDEL","CNA_event_000120","PATCWW","HETDEL","exons 2",0.342
"HETDEL_cluster_0014","HETDEL","CNA_event_000119","PATDEK","HETDEL","exons 2",0.381
"HETDEL_cluster_0014","HETDEL","CNA_event_000046","PATGLV","HETDEL","exons 2",0.935
"HETDEL_cluster_0014","HETDEL","CNA_event_000118","PATHRE","HETDEL","exons 2",0.108
"HETDEL_cluster_0014","HETDEL","CNA_event_000115","PATKPW","HETDEL","exons 2",0.935
"HETDEL_cluster_0014","HETDEL","CNA_event_000075","PATKVD","HETDEL","exons 2",0.459
"HETDEL_cluster_0014","HETDEL","CNA_event_000140","PATKWU","HETDEL","exons 2",0.407
"HETDEL_cluster_0014","HETDEL","CNA_event_000114","PATLUU","HETDEL","exons 2",0.935
"HETDEL_cluster_0014","HETDEL","CNA_event_000111","PATXNK","HETDEL","exons 2",0.935
"HETDEL_cluster_0014","HETDEL","CNA_event_000074","PATZXK","HETDEL","exons 2",0.935
"HETDEL_cluster_0014","HETDEL","CNA_event_000072","PAUCFC","HETDEL","exons 2",0.07
"HETDEL_cluster_0014","HETDEL","CNA_event_000071","PAUGAP","HETDEL","exons 2",0.108
"HETDEL_cluster_0014","HETDEL","CNA_event_000069","PAUGLY","HETDEL","exons 2",0.935
"HETDEL_cluster_0014","HETDEL","CNA_event_000065","PAUIEM","HETDEL","exons 2",0.07
"HETDEL_cluster_0014","HETDEL","CNA_event_000107","PAUJYN","HETDEL","exons 2",0.136
"HETDEL_cluster_0014","HETDEL","CNA_event_000146","PAUKMA","HETDEL","exons 2",0.136
"HETDEL_cluster_0014","HETDEL","CNA_event_000151","PAULMU","HETDEL","exons 2",0.849
"HETDEL_cluster_0014","HETDEL","CNA_event_000105","PAUMXB","HETDEL","exons 2",0.173
"HETDEL_cluster_0014","HETDEL","CNA_event_000049","PAUNBU","HETDEL","exons 2",0.935
"HETDEL_cluster_0014","HETDEL","CNA_event_000104","PAUVUJ","HETDEL","exons 2",0.935
"HETDEL_cluster_0014","HETDEL","CNA_event_000103","PAUVWZ","HETDEL","exons 2",0.342
"HETDEL_cluster_0014","HETDEL","CNA_event_000062","PAUWUY","HETDEL","exons 2",0.935
"HETDEL_cluster_0014","HETDEL","CNA_event_000102","PAUXYI","HETDEL","exons 2",0.935
"HETDEL_cluster_0014","HETDEL","CNA_event_000099","PAUYIK","HETDEL","exons 2",0.173
"HETDEL_cluster_0014","HETDEL","CNA_event_000098","PAVAJG","HETDEL","exons 2",0.108
"HETDEL_cluster_0014","HETDEL","CNA_event_000059","PAVAWP","HETDEL","exons 2",0.935
"HETDEL_cluster_0014","HETDEL","CNA_event_000057","PAVDJU","HETDEL","exons 2",0.381
"HETDEL_cluster_0014","HETDEL","CNA_event_000134","PAVEUT","HETDEL","exons 2",0.173
"HETDEL_cluster_0014","HETDEL","CNA_event_000135","PAVFAC","HETDEL","exons 2",0.342
"HETDEL_cluster_0014","HETDEL","CNA_event_000055","PAVGMF","HETDEL","exons 2",0.173
"HETDEL_cluster_0014","HETDEL","CNA_event_000054","PAVIDN","HETDEL","exons 2",0.342
"HETDEL_cluster_0014","HETDEL","CNA_event_000053","PAVKJU","HETDEL","exons 2",0.108
"HETDEL_cluster_0014","HETDEL","CNA_event_000095","PAVKUU","HETDEL","exons 2",0.935
"HETDEL_cluster_0014","HETDEL","CNA_event_000144","PAVMVL","HETDEL","exons 2",0.935
"HETDEL_cluster_0014","HETDEL","CNA_event_000138","PAVRLT","HETDEL","exons 2",0.935
"HETDEL_cluster_0014","HETDEL","CNA_event_000092","PAVRYP","HETDEL","exons 2",0.108
"HETDEL_cluster_0014","HETDEL","CNA_event_000043","PAVZXK","HETDEL","exons 2",0.935
"HETDEL_cluster_0014","HETDEL","CNA_event_000143","PAWCUT","HETDEL","exons 2",0.342
"HETDEL_cluster_0014","HETDEL","CNA_event_000044","PAWFYE","HETDEL","exons 2",0.459
"HETDEL_cluster_0014","HETDEL","CNA_event_000088","PAWGYW","HETDEL","exons 2",0.935
"HETDEL_cluster_0014","HETDEL","CNA_event_000051","PAWJUJ","HETDEL","exons 2",0.935
"HETDEL_cluster_0014","HETDEL","CNA_event_000087","PAWKIT","HETDEL","exons 2",0.342
"HETDEL_cluster_0015","HETDEL","CNA_event_000131","PARBTF","HETDEL","exons 3",0.342
"HETDEL_cluster_0015","HETDEL","CNA_event_000130","PARGHJ","HETDEL","exons 3",0.935
"HETDEL_cluster_0015","HETDEL","CNA_event_000047","PARIET","HETDEL","exons 3",0.147
"HETDEL_cluster_0015","HETDEL","CNA_event_000085","PARMIH","HETDEL","exons 3",0.108
"HETDEL_cluster_0015","HETDEL","CNA_event_000129","PARMJA","HETDEL","exons 3",0.271
"HETDEL_cluster_0015","HETDEL","CNA_event_000128","PARXHT","HETDEL","exons 3",0.935
"HETDEL_cluster_0015","HETDEL","CNA_event_000125","PASIJX","HETDEL","exons 3",0.173
"HETDEL_cluster_0015","HETDEL","CNA_event_000084","PASKAD","HETDEL","exons 3",0.342
"HETDEL_cluster_0015","HETDEL","CNA_event_000141","PASLXY","HETDEL","exons 3",0.108
"HETDEL_cluster_0015","HETDEL","CNA_event_000083","PASPDS","HETDEL","exons 3",0.108
"HETDEL_cluster_0015","HETDEL","CNA_event_000122","PASVZJ","HETDEL","exons 3",0.342
"HETDEL_cluster_0015","HETDEL","CNA_event_000081","PASYVU","HETDEL","exons 3",0.935
"HETDEL_cluster_0015","HETDEL","CNA_event_000080","PASYWF","HETDEL","exons 3",0.935
"HETDEL_cluster_0015","HETDEL","CNA_event_000077","PATBTX","HETDEL","exons 3",0.108
"HETDEL_cluster_0015","HETDEL","CNA_event_000076","PATCTR","HETDEL","exons 3",0.108
"HETDEL_cluster_0015","HETDEL","CNA_event_000120","PATCWW","HETDEL","exons 3",0.342
"HETDEL_cluster_0015","HETDEL","CNA_event_000119","PATDEK","HETDEL","exons 3",0.381
"HETDEL_cluster_0015","HETDEL","CNA_event_000046","PATGLV","HETDEL","exons 3",0.935
"HETDEL_cluster_0015","HETDEL","CNA_event_000118","PATHRE","HETDEL","exons 3",0.108
"HETDEL_cluster_0015","HETDEL","CNA_event_000115","PATKPW","HETDEL","exons 3",0.935
"HETDEL_cluster_0015","HETDEL","CNA_event_000075","PATKVD","HETDEL","exons 3",0.459
"HETDEL_cluster_0015","HETDEL","CNA_event_000140","PATKWU","HETDEL","exons 3",0.407
"HETDEL_cluster_0015","HETDEL","CNA_event_000114","PATLUU","HETDEL","exons 3",0.935
"HETDEL_cluster_0015","HETDEL","CNA_event_000111","PATXNK","HETDEL","exons 3",0.935
"HETDEL_cluster_0015","HETDEL","CNA_event_000074","PATZXK","HETDEL","exons 3",0.935
"HETDEL_cluster_0015","HETDEL","CNA_event_000071","PAUGAP","HETDEL","exons 3",0.108
"HETDEL_cluster_0015","HETDEL","CNA_event_000069","PAUGLY","HETDEL","exons 3",0.935
"HETDEL_cluster_0015","HETDEL","CNA_event_000108","PAUJYN","HETDEL","exons 3",0.037
"HETDEL_cluster_0015","HETDEL","CNA_event_000151","PAULMU","HETDEL","exons 3",0.849
"HETDEL_cluster_0015","HETDEL","CNA_event_000105","PAUMXB","HETDEL","exons 3",0.173
"HETDEL_cluster_0015","HETDEL","CNA_event_000049","PAUNBU","HETDEL","exons 3",0.935
"HETDEL_cluster_0015","HETDEL","CNA_event_000104","PAUVUJ","HETDEL","exons 3",0.935
"HETDEL_cluster_0015","HETDEL","CNA_event_000103","PAUVWZ","HETDEL","exons 3",0.342
"HETDEL_cluster_0015","HETDEL","CNA_event_000062","PAUWUY","HETDEL","exons 3",0.935
"HETDEL_cluster_0015","HETDEL","CNA_event_000102","PAUXYI","HETDEL","exons 3",0.935
"HETDEL_cluster_0015","HETDEL","CNA_event_000099","PAUYIK","HETDEL","exons 3",0.173
"HETDEL_cluster_0015","HETDEL","CNA_event_000098","PAVAJG","HETDEL","exons 3",0.108
"HETDEL_cluster_0015","HETDEL","CNA_event_000059","PAVAWP","HETDEL","exons 3",0.935
"HETDEL_cluster_0015","HETDEL","CNA_event_000057","PAVDJU","HETDEL","exons 3",0.381
"HETDEL_cluster_0015","HETDEL","CNA_event_000134","PAVEUT","HETDEL","exons 3",0.173
"HETDEL_cluster_0015","HETDEL","CNA_event_000135","PAVFAC","HETDEL","exons 3",0.342
"HETDEL_cluster_0015","HETDEL","CNA_event_000055","PAVGMF","HETDEL","exons 3",0.173
"HETDEL_cluster_0015","HETDEL","CNA_event_000054","PAVIDN","HETDEL","exons 3",0.342
"HETDEL_cluster_0015","HETDEL","CNA_event_000053","PAVKJU","HETDEL","exons 3",0.108
"HETDEL_cluster_0015","HETDEL","CNA_event_000095","PAVKUU","HETDEL","exons 3",0.935
"HETDEL_cluster_0015","HETDEL","CNA_event_000144","PAVMVL","HETDEL","exons 3",0.935
"HETDEL_cluster_0015","HETDEL","CNA_event_000138","PAVRLT","HETDEL","exons 3",0.935
"HETDEL_cluster_0015","HETDEL","CNA_event_000092","PAVRYP","HETDEL","exons 3",0.108
"HETDEL_cluster_0015","HETDEL","CNA_event_000043","PAVZXK","HETDEL","exons 3",0.935
"HETDEL_cluster_0015","HETDEL","CNA_event_000143","PAWCUT","HETDEL","exons 3",0.342
"HETDEL_cluster_0015","HETDEL","CNA_event_000044","PAWFYE","HETDEL","exons 3",0.459
"HETDEL_cluster_0015","HETDEL","CNA_event_000088","PAWGYW","HETDEL","exons 3",0.935
"HETDEL_cluster_0015","HETDEL","CNA_event_000051","PAWJUJ","HETDEL","exons 3",0.935
"HETDEL_cluster_0015","HETDEL","CNA_event_000087","PAWKIT","HETDEL","exons 3",0.342
"HETDEL_cluster_0016","HETDEL","CNA_event_000131","PARBTF","HETDEL","exons 4",0.342
"HETDEL_cluster_0016","HETDEL","CNA_event_000130","PARGHJ","HETDEL","exons 4",0.935
"HETDEL_cluster_0016","HETDEL","CNA_event_000129","PARMJA","HETDEL","exons 4",0.271
"HETDEL_cluster_0016","HETDEL","CNA_event_000128","PARXHT","HETDEL","exons 4",0.935
"HETDEL_cluster_0016","HETDEL","CNA_event_000126","PASIJX","HETDEL","exons 4",0.827
"HETDEL_cluster_0016","HETDEL","CNA_event_000084","PASKAD","HETDEL","exons 4",0.342
"HETDEL_cluster_0016","HETDEL","CNA_event_000123","PASMHF","HETDEL","exons 4",0.827
"HETDEL_cluster_0016","HETDEL","CNA_event_000082","PASPLG","HETDEL","exons 4",0.827
"HETDEL_cluster_0016","HETDEL","CNA_event_000122","PASVZJ","HETDEL","exons 4",0.342
"HETDEL_cluster_0016","HETDEL","CNA_event_000081","PASYVU","HETDEL","exons 4",0.935
"HETDEL_cluster_0016","HETDEL","CNA_event_000080","PASYWF","HETDEL","exons 4",0.935
"HETDEL_cluster_0016","HETDEL","CNA_event_000120","PATCWW","HETDEL","exons 4",0.342
"HETDEL_cluster_0016","HETDEL","CNA_event_000119","PATDEK","HETDEL","exons 4",0.381
"HETDEL_cluster_0016","HETDEL","CNA_event_000046","PATGLV","HETDEL","exons 4",0.935
"HETDEL_cluster_0016","HETDEL","CNA_event_000117","PATHSL","HETDEL","exons 4",0.827
"HETDEL_cluster_0016","HETDEL","CNA_event_000115","PATKPW","HETDEL","exons 4",0.935
"HETDEL_cluster_0016","HETDEL","CNA_event_000075","PATKVD","HETDEL","exons 4",0.459
"HETDEL_cluster_0016","HETDEL","CNA_event_000140","PATKWU","HETDEL","exons 4",0.407
"HETDEL_cluster_0016","HETDEL","CNA_event_000114","PATLUU","HETDEL","exons 4",0.935
"HETDEL_cluster_0016","HETDEL","CNA_event_000139","PATUWK","HETDEL","exons 4",0.474
"HETDEL_cluster_0016","HETDEL","CNA_event_000111","PATXNK","HETDEL","exons 4",0.935
"HETDEL_cluster_0016","HETDEL","CNA_event_000074","PATZXK","HETDEL","exons 4",0.935
"HETDEL_cluster_0016","HETDEL","CNA_event_000137","PAUEGE","HETDEL","exons 4",0.827
"HETDEL_cluster_0016","HETDEL","CNA_event_000069","PAUGLY","HETDEL","exons 4",0.935
"HETDEL_cluster_0016","HETDEL","CNA_event_000068","PAUHYI","HETDEL","exons 4",0.234
"HETDEL_cluster_0016","HETDEL","CNA_event_000066","PAUIEM","HETDEL","exons 4",0.827
"HETDEL_cluster_0016","HETDEL","CNA_event_000109","PAUJYN","HETDEL","exons 4",0.827
"HETDEL_cluster_0016","HETDEL","CNA_event_000151","PAULMU","HETDEL","exons 4",0.849
"HETDEL_cluster_0016","HETDEL","CNA_event_000049","PAUNBU","HETDEL","exons 4",0.935
"HETDEL_cluster_0016","HETDEL","CNA_event_000064","PAURLU","HETDEL","exons 4",0.49
"HETDEL_cluster_0016","HETDEL","CNA_event_000063","PAUTBD","HETDEL","exons 4",0.827
"HETDEL_cluster_0016","HETDEL","CNA_event_000104","PAUVUJ","HETDEL","exons 4",0.935
"HETDEL_cluster_0016","HETDEL","CNA_event_000103","PAUVWZ","HETDEL","exons 4",0.342
"HETDEL_cluster_0016","HETDEL","CNA_event_000062","PAUWUY","HETDEL","exons 4",0.935
"HETDEL_cluster_0016","HETDEL","CNA_event_000102","PAUXYI","HETDEL","exons 4",0.935
"HETDEL_cluster_0016","HETDEL","CNA_event_000100","PAUYBP","HETDEL","exons 4",0.234
"HETDEL_cluster_0016","HETDEL","CNA_event_000050","PAVAPE","HETDEL","exons 4",0.827
"HETDEL_cluster_0016","HETDEL","CNA_event_000059","PAVAWP","HETDEL","exons 4",0.935
"HETDEL_cluster_0016","HETDEL","CNA_event_000097","PAVBCW","HETDEL","exons 4",0.827
"HETDEL_cluster_0016","HETDEL","CNA_event_000057","PAVDJU","HETDEL","exons 4",0.381
"HETDEL_cluster_0016","HETDEL","CNA_event_000056","PAVESF","HETDEL","exons 4",0.827
"HETDEL_cluster_0016","HETDEL","CNA_event_000048","PAVESV","HETDEL","exons 4",0.234
"HETDEL_cluster_0016","HETDEL","CNA_event_000135","PAVFAC","HETDEL","exons 4",0.342
"HETDEL_cluster_0016","HETDEL","CNA_event_000054","PAVIDN","HETDEL","exons 4",0.342
"HETDEL_cluster_0016","HETDEL","CNA_event_000095","PAVKUU","HETDEL","exons 4",0.935
"HETDEL_cluster_0016","HETDEL","CNA_event_000144","PAVMVL","HETDEL","exons 4",0.935
"HETDEL_cluster_0016","HETDEL","CNA_event_000052","PAVPGA","HETDEL","exons 4",0.827
"HETDEL_cluster_0016","HETDEL","CNA_event_000138","PAVRLT","HETDEL","exons 4",0.935
"HETDEL_cluster_0016","HETDEL","CNA_event_000093","PAVRUJ","HETDEL","exons 4",0.234
"HETDEL_cluster_0016","HETDEL","CNA_event_000043","PAVZXK","HETDEL","exons 4",0.935
"HETDEL_cluster_0016","HETDEL","CNA_event_000091","PAWAIM","HETDEL","exons 4",0.234
"HETDEL_cluster_0016","HETDEL","CNA_event_000143","PAWCUT","HETDEL","exons 4",0.342
"HETDEL_cluster_0016","HETDEL","CNA_event_000044","PAWFYE","HETDEL","exons 4",0.459
"HETDEL_cluster_0016","HETDEL","CNA_event_000088","PAWGYW","HETDEL","exons 4",0.935
"HETDEL_cluster_0016","HETDEL","CNA_event_000051","PAWJUJ","HETDEL","exons 4",0.935
"HETDEL_cluster_0016","HETDEL","CNA_event_000087","PAWKIT","HETDEL","exons 4",0.342
"HETDEL_cluster_0017","HETDEL","CNA_event_000131","PARBTF","HETDEL","exons 5",0.342
"HETDEL_cluster_0017","HETDEL","CNA_event_000130","PARGHJ","HETDEL","exons 5",0.935
"HETDEL_cluster_0017","HETDEL","CNA_event_000129","PARMJA","HETDEL","exons 5",0.271
"HETDEL_cluster_0017","HETDEL","CNA_event_000128","PARXHT","HETDEL","exons 5",0.935
"HETDEL_cluster_0017","HETDEL","CNA_event_000126","PASIJX","HETDEL","exons 5",0.827
"HETDEL_cluster_0017","HETDEL","CNA_event_000084","PASKAD","HETDEL","exons 5",0.342
"HETDEL_cluster_0017","HETDEL","CNA_event_000123","PASMHF","HETDEL","exons 5",0.827
"HETDEL_cluster_0017","HETDEL","CNA_event_000082","PASPLG","HETDEL","exons 5",0.827
"HETDEL_cluster_0017","HETDEL","CNA_event_000122","PASVZJ","HETDEL","exons 5",0.342
"HETDEL_cluster_0017","HETDEL","CNA_event_000081","PASYVU","HETDEL","exons 5",0.935
"HETDEL_cluster_0017","HETDEL","CNA_event_000080","PASYWF","HETDEL","exons 5",0.935
"HETDEL_cluster_0017","HETDEL","CNA_event_000120","PATCWW","HETDEL","exons 5",0.342
"HETDEL_cluster_0017","HETDEL","CNA_event_000119","PATDEK","HETDEL","exons 5",0.381
"HETDEL_cluster_0017","HETDEL","CNA_event_000046","PATGLV","HETDEL","exons 5",0.935
"HETDEL_cluster_0017","HETDEL","CNA_event_000117","PATHSL","HETDEL","exons 5",0.827
"HETDEL_cluster_0017","HETDEL","CNA_event_000115","PATKPW","HETDEL","exons 5",0.935
"HETDEL_cluster_0017","HETDEL","CNA_event_000075","PATKVD","HETDEL","exons 5",0.459
"HETDEL_cluster_0017","HETDEL","CNA_event_000140","PATKWU","HETDEL","exons 5",0.407
"HETDEL_cluster_0017","HETDEL","CNA_event_000114","PATLUU","HETDEL","exons 5",0.935
"HETDEL_cluster_0017","HETDEL","CNA_event_000139","PATUWK","HETDEL","exons 5",0.474
"HETDEL_cluster_0017","HETDEL","CNA_event_000111","PATXNK","HETDEL","exons 5",0.935
"HETDEL_cluster_0017","HETDEL","CNA_event_000074","PATZXK","HETDEL","exons 5",0.935
"HETDEL_cluster_0017","HETDEL","CNA_event_000137","PAUEGE","HETDEL","exons 5",0.827
"HETDEL_cluster_0017","HETDEL","CNA_event_000069","PAUGLY","HETDEL","exons 5",0.935
"HETDEL_cluster_0017","HETDEL","CNA_event_000068","PAUHYI","HETDEL","exons 5",0.234
"HETDEL_cluster_0017","HETDEL","CNA_event_000066","PAUIEM","HETDEL","exons 5",0.827
"HETDEL_cluster_0017","HETDEL","CNA_event_000109","PAUJYN","HETDEL","exons 5",0.827
"HETDEL_cluster_0017","HETDEL","CNA_event_000151","PAULMU","HETDEL","exons 5",0.849
"HETDEL_cluster_0017","HETDEL","CNA_event_000049","PAUNBU","HETDEL","exons 5",0.935
"HETDEL_cluster_0017","HETDEL","CNA_event_000064","PAURLU","HETDEL","exons 5",0.49
"HETDEL_cluster_0017","HETDEL","CNA_event_000063","PAUTBD","HETDEL","exons 5",0.827
"HETDEL_cluster_0017","HETDEL","CNA_event_000104","PAUVUJ","HETDEL","exons 5",0.935
"HETDEL_cluster_0017","HETDEL","CNA_event_000103","PAUVWZ","HETDEL","exons 5",0.342
"HETDEL_cluster_0017","HETDEL","CNA_event_000062","PAUWUY","HETDEL","exons 5",0.935
"HETDEL_cluster_0017","HETDEL","CNA_event_000102","PAUXYI","HETDEL","exons 5",0.935
"HETDEL_cluster_0017","HETDEL","CNA_event_000100","PAUYBP","HETDEL","exons 5",0.234
"HETDEL_cluster_0017","HETDEL","CNA_event_000050","PAVAPE","HETDEL","exons 5",0.827
"HETDEL_cluster_0017","HETDEL","CNA_event_000059","PAVAWP","HETDEL","exons 5",0.935
"HETDEL_cluster_0017","HETDEL","CNA_event_000097","PAVBCW","HETDEL","exons 5",0.827
"HETDEL_cluster_0017","HETDEL","CNA_event_000057","PAVDJU","HETDEL","exons 5",0.381
"HETDEL_cluster_0017","HETDEL","CNA_event_000056","PAVESF","HETDEL","exons 5",0.827
"HETDEL_cluster_0017","HETDEL","CNA_event_000048","PAVESV","HETDEL","exons 5",0.234
"HETDEL_cluster_0017","HETDEL","CNA_event_000135","PAVFAC","HETDEL","exons 5",0.342
"HETDEL_cluster_0017","HETDEL","CNA_event_000054","PAVIDN","HETDEL","exons 5",0.342
"HETDEL_cluster_0017","HETDEL","CNA_event_000095","PAVKUU","HETDEL","exons 5",0.935
"HETDEL_cluster_0017","HETDEL","CNA_event_000144","PAVMVL","HETDEL","exons 5",0.935
"HETDEL_cluster_0017","HETDEL","CNA_event_000052","PAVPGA","HETDEL","exons 5",0.827
"HETDEL_cluster_0017","HETDEL","CNA_event_000138","PAVRLT","HETDEL","exons 5",0.935
"HETDEL_cluster_0017","HETDEL","CNA_event_000093","PAVRUJ","HETDEL","exons 5",0.234
"HETDEL_cluster_0017","HETDEL","CNA_event_000043","PAVZXK","HETDEL","exons 5",0.935
"HETDEL_cluster_0017","HETDEL","CNA_event_000091","PAWAIM","HETDEL","exons 5",0.234
"HETDEL_cluster_0017","HETDEL","CNA_event_000143","PAWCUT","HETDEL","exons 5",0.342
"HETDEL_cluster_0017","HETDEL","CNA_event_000044","PAWFYE","HETDEL","exons 5",0.459
"HETDEL_cluster_0017","HETDEL","CNA_event_000088","PAWGYW","HETDEL","exons 5",0.935
"HETDEL_cluster_0017","HETDEL","CNA_event_000051","PAWJUJ","HETDEL","exons 5",0.935
"HETDEL_cluster_0017","HETDEL","CNA_event_000087","PAWKIT","HETDEL","exons 5",0.342
"HETDEL_cluster_0018","HETDEL","CNA_event_000132","PARBTF","HETDEL","exons 6",0.593
"HETDEL_cluster_0018","HETDEL","CNA_event_000130","PARGHJ","HETDEL","exons 6",0.935
"HETDEL_cluster_0018","HETDEL","CNA_event_000128","PARXHT","HETDEL","exons 6",0.935
"HETDEL_cluster_0018","HETDEL","CNA_event_000126","PASIJX","HETDEL","exons 6",0.827
"HETDEL_cluster_0018","HETDEL","CNA_event_000123","PASMHF","HETDEL","exons 6",0.827
"HETDEL_cluster_0018","HETDEL","CNA_event_000082","PASPLG","HETDEL","exons 6",0.827
"HETDEL_cluster_0018","HETDEL","CNA_event_000081","PASYVU","HETDEL","exons 6",0.935
"HETDEL_cluster_0018","HETDEL","CNA_event_000080","PASYWF","HETDEL","exons 6",0.935
"HETDEL_cluster_0018","HETDEL","CNA_event_000046","PATGLV","HETDEL","exons 6",0.935
"HETDEL_cluster_0018","HETDEL","CNA_event_000117","PATHSL","HETDEL","exons 6",0.827
"HETDEL_cluster_0018","HETDEL","CNA_event_000116","PATKKV","HETDEL","exons 6",0.593
"HETDEL_cluster_0018","HETDEL","CNA_event_000115","PATKPW","HETDEL","exons 6",0.935
"HETDEL_cluster_0018","HETDEL","CNA_event_000075","PATKVD","HETDEL","exons 6",0.459
"HETDEL_cluster_0018","HETDEL","CNA_event_000114","PATLUU","HETDEL","exons 6",0.935
"HETDEL_cluster_0018","HETDEL","CNA_event_000113","PATSIL","HETDEL","exons 6",0.593
"HETDEL_cluster_0018","HETDEL","CNA_event_000139","PATUWK","HETDEL","exons 6",0.474
"HETDEL_cluster_0018","HETDEL","CNA_event_000111","PATXNK","HETDEL","exons 6",0.935
"HETDEL_cluster_0018","HETDEL","CNA_event_000074","PATZXK","HETDEL","exons 6",0.935
"HETDEL_cluster_0018","HETDEL","CNA_event_000137","PAUEGE","HETDEL","exons 6",0.827
"HETDEL_cluster_0018","HETDEL","CNA_event_000069","PAUGLY","HETDEL","exons 6",0.935
"HETDEL_cluster_0018","HETDEL","CNA_event_000066","PAUIEM","HETDEL","exons 6",0.827
"HETDEL_cluster_0018","HETDEL","CNA_event_000109","PAUJYN","HETDEL","exons 6",0.827
"HETDEL_cluster_0018","HETDEL","CNA_event_000151","PAULMU","HETDEL","exons 6",0.849
"HETDEL_cluster_0018","HETDEL","CNA_event_000049","PAUNBU","HETDEL","exons 6",0.935
"HETDEL_cluster_0018","HETDEL","CNA_event_000136","PAUPVR","HETDEL","exons 6",0.593
"HETDEL_cluster_0018","HETDEL","CNA_event_000064","PAURLU","HETDEL","exons 6",0.49
"HETDEL_cluster_0018","HETDEL","CNA_event_000063","PAUTBD","HETDEL","exons 6",0.827
"HETDEL_cluster_0018","HETDEL","CNA_event_000104","PAUVUJ","HETDEL","exons 6",0.935
"HETDEL_cluster_0018","HETDEL","CNA_event_000062","PAUWUY","HETDEL","exons 6",0.935
"HETDEL_cluster_0018","HETDEL","CNA_event_000102","PAUXYI","HETDEL","exons 6",0.935
"HETDEL_cluster_0018","HETDEL","CNA_event_000060","PAUYJE","HETDEL","exons 6",0.593
"HETDEL_cluster_0018","HETDEL","CNA_event_000050","PAVAPE","HETDEL","exons 6",0.827
"HETDEL_cluster_0018","HETDEL","CNA_event_000059","PAVAWP","HETDEL","exons 6",0.935
"HETDEL_cluster_0018","HETDEL","CNA_event_000097","PAVBCW","HETDEL","exons 6",0.827
"HETDEL_cluster_0018","HETDEL","CNA_event_000056","PAVESF","HETDEL","exons 6",0.827
"HETDEL_cluster_0018","HETDEL","CNA_event_000095","PAVKUU","HETDEL","exons 6",0.935
"HETDEL_cluster_0018","HETDEL","CNA_event_000144","PAVMVL","HETDEL","exons 6",0.935
"HETDEL_cluster_0018","HETDEL","CNA_event_000052","PAVPGA","HETDEL","exons 6",0.827
"HETDEL_cluster_0018","HETDEL","CNA_event_000138","PAVRLT","HETDEL","exons 6",0.935
"HETDEL_cluster_0018","HETDEL","CNA_event_000043","PAVZXK","HETDEL","exons 6",0.935
"HETDEL_cluster_0018","HETDEL","CNA_event_000044","PAWFYE","HETDEL","exons 6",0.459
"HETDEL_cluster_0018","HETDEL","CNA_event_000088","PAWGYW","HETDEL","exons 6",0.935
"HETDEL_cluster_0018","HETDEL","CNA_event_000051","PAWJUJ","HETDEL","exons 6",0.935
"HETDEL_cluster_0019","HETDEL","CNA_event_000132","PARBTF","HETDEL","exons 7",0.593
"HETDEL_cluster_0019","HETDEL","CNA_event_000130","PARGHJ","HETDEL","exons 7",0.935
"HETDEL_cluster_0019","HETDEL","CNA_event_000128","PARXHT","HETDEL","exons 7",0.935
"HETDEL_cluster_0019","HETDEL","CNA_event_000126","PASIJX","HETDEL","exons 7",0.827
"HETDEL_cluster_0019","HETDEL","CNA_event_000123","PASMHF","HETDEL","exons 7",0.827
"HETDEL_cluster_0019","HETDEL","CNA_event_000082","PASPLG","HETDEL","exons 7",0.827
"HETDEL_cluster_0019","HETDEL","CNA_event_000081","PASYVU","HETDEL","exons 7",0.935
"HETDEL_cluster_0019","HETDEL","CNA_event_000080","PASYWF","HETDEL","exons 7",0.935
"HETDEL_cluster_0019","HETDEL","CNA_event_000046","PATGLV","HETDEL","exons 7",0.935
"HETDEL_cluster_0019","HETDEL","CNA_event_000117","PATHSL","HETDEL","exons 7",0.827
"HETDEL_cluster_0019","HETDEL","CNA_event_000116","PATKKV","HETDEL","exons 7",0.593
"HETDEL_cluster_0019","HETDEL","CNA_event_000115","PATKPW","HETDEL","exons 7",0.935
"HETDEL_cluster_0019","HETDEL","CNA_event_000114","PATLUU","HETDEL","exons 7",0.935
"HETDEL_cluster_0019","HETDEL","CNA_event_000113","PATSIL","HETDEL","exons 7",0.593
"HETDEL_cluster_0019","HETDEL","CNA_event_000139","PATUWK","HETDEL","exons 7",0.474
"HETDEL_cluster_0019","HETDEL","CNA_event_000111","PATXNK","HETDEL","exons 7",0.935
"HETDEL_cluster_0019","HETDEL","CNA_event_000074","PATZXK","HETDEL","exons 7",0.935
"HETDEL_cluster_0019","HETDEL","CNA_event_000137","PAUEGE","HETDEL","exons 7",0.827
"HETDEL_cluster_0019","HETDEL","CNA_event_000069","PAUGLY","HETDEL","exons 7",0.935
"HETDEL_cluster_0019","HETDEL","CNA_event_000066","PAUIEM","HETDEL","exons 7",0.827
"HETDEL_cluster_0019","HETDEL","CNA_event_000109","PAUJYN","HETDEL","exons 7",0.827
"HETDEL_cluster_0019","HETDEL","CNA_event_000151","PAULMU","HETDEL","exons 7",0.849
"HETDEL_cluster_0019","HETDEL","CNA_event_000049","PAUNBU","HETDEL","exons 7",0.935
"HETDEL_cluster_0019","HETDEL","CNA_event_000136","PAUPVR","HETDEL","exons 7",0.593
"HETDEL_cluster_0019","HETDEL","CNA_event_000064","PAURLU","HETDEL","exons 7",0.49
"HETDEL_cluster_0019","HETDEL","CNA_event_000063","PAUTBD","HETDEL","exons 7",0.827
"HETDEL_cluster_0019","HETDEL","CNA_event_000104","PAUVUJ","HETDEL","exons 7",0.935
"HETDEL_cluster_0019","HETDEL","CNA_event_000062","PAUWUY","HETDEL","exons 7",0.935
"HETDEL_cluster_0019","HETDEL","CNA_event_000102","PAUXYI","HETDEL","exons 7",0.935
"HETDEL_cluster_0019","HETDEL","CNA_event_000060","PAUYJE","HETDEL","exons 7",0.593
"HETDEL_cluster_0019","HETDEL","CNA_event_000050","PAVAPE","HETDEL","exons 7",0.827
"HETDEL_cluster_0019","HETDEL","CNA_event_000059","PAVAWP","HETDEL","exons 7",0.935
"HETDEL_cluster_0019","HETDEL","CNA_event_000097","PAVBCW","HETDEL","exons 7",0.827
"HETDEL_cluster_0019","HETDEL","CNA_event_000056","PAVESF","HETDEL","exons 7",0.827
"HETDEL_cluster_0019","HETDEL","CNA_event_000095","PAVKUU","HETDEL","exons 7",0.935
"HETDEL_cluster_0019","HETDEL","CNA_event_000144","PAVMVL","HETDEL","exons 7",0.935
"HETDEL_cluster_0019","HETDEL","CNA_event_000052","PAVPGA","HETDEL","exons 7",0.827
"HETDEL_cluster_0019","HETDEL","CNA_event_000138","PAVRLT","HETDEL","exons 7",0.935
"HETDEL_cluster_0019","HETDEL","CNA_event_000043","PAVZXK","HETDEL","exons 7",0.935
"HETDEL_cluster_0019","HETDEL","CNA_event_000088","PAWGYW","HETDEL","exons 7",0.935
"HETDEL_cluster_0019","HETDEL","CNA_event_000051","PAWJUJ","HETDEL","exons 7",0.935
"HETDEL_cluster_0020","HETDEL","CNA_event_000132","PARBTF","HETDEL","exons 8",0.593
"HETDEL_cluster_0020","HETDEL","CNA_event_000130","PARGHJ","HETDEL","exons 8",0.935
"HETDEL_cluster_0020","HETDEL","CNA_event_000128","PARXHT","HETDEL","exons 8",0.935
"HETDEL_cluster_0020","HETDEL","CNA_event_000126","PASIJX","HETDEL","exons 8",0.827
"HETDEL_cluster_0020","HETDEL","CNA_event_000123","PASMHF","HETDEL","exons 8",0.827
"HETDEL_cluster_0020","HETDEL","CNA_event_000082","PASPLG","HETDEL","exons 8",0.827
"HETDEL_cluster_0020","HETDEL","CNA_event_000081","PASYVU","HETDEL","exons 8",0.935
"HETDEL_cluster_0020","HETDEL","CNA_event_000080","PASYWF","HETDEL","exons 8",0.935
"HETDEL_cluster_0020","HETDEL","CNA_event_000046","PATGLV","HETDEL","exons 8",0.935
"HETDEL_cluster_0020","HETDEL","CNA_event_000117","PATHSL","HETDEL","exons 8",0.827
"HETDEL_cluster_0020","HETDEL","CNA_event_000116","PATKKV","HETDEL","exons 8",0.593
"HETDEL_cluster_0020","HETDEL","CNA_event_000115","PATKPW","HETDEL","exons 8",0.935
"HETDEL_cluster_0020","HETDEL","CNA_event_000114","PATLUU","HETDEL","exons 8",0.935
"HETDEL_cluster_0020","HETDEL","CNA_event_000113","PATSIL","HETDEL","exons 8",0.593
"HETDEL_cluster_0020","HETDEL","CNA_event_000111","PATXNK","HETDEL","exons 8",0.935
"HETDEL_cluster_0020","HETDEL","CNA_event_000074","PATZXK","HETDEL","exons 8",0.935
"HETDEL_cluster_0020","HETDEL","CNA_event_000137","PAUEGE","HETDEL","exons 8",0.827
"HETDEL_cluster_0020","HETDEL","CNA_event_000069","PAUGLY","HETDEL","exons 8",0.935
"HETDEL_cluster_0020","HETDEL","CNA_event_000066","PAUIEM","HETDEL","exons 8",0.827
"HETDEL_cluster_0020","HETDEL","CNA_event_000109","PAUJYN","HETDEL","exons 8",0.827
"HETDEL_cluster_0020","HETDEL","CNA_event_000151","PAULMU","HETDEL","exons 8",0.849
"HETDEL_cluster_0020","HETDEL","CNA_event_000049","PAUNBU","HETDEL","exons 8",0.935
"HETDEL_cluster_0020","HETDEL","CNA_event_000136","PAUPVR","HETDEL","exons 8",0.593
"HETDEL_cluster_0020","HETDEL","CNA_event_000063","PAUTBD","HETDEL","exons 8",0.827
"HETDEL_cluster_0020","HETDEL","CNA_event_000104","PAUVUJ","HETDEL","exons 8",0.935
"HETDEL_cluster_0020","HETDEL","CNA_event_000062","PAUWUY","HETDEL","exons 8",0.935
"HETDEL_cluster_0020","HETDEL","CNA_event_000102","PAUXYI","HETDEL","exons 8",0.935
"HETDEL_cluster_0020","HETDEL","CNA_event_000060","PAUYJE","HETDEL","exons 8",0.593
"HETDEL_cluster_0020","HETDEL","CNA_event_000050","PAVAPE","HETDEL","exons 8",0.827
"HETDEL_cluster_0020","HETDEL","CNA_event_000059","PAVAWP","HETDEL","exons 8",0.935
"HETDEL_cluster_0020","HETDEL","CNA_event_000097","PAVBCW","HETDEL","exons 8",0.827
"HETDEL_cluster_0020","HETDEL","CNA_event_000056","PAVESF","HETDEL","exons 8",0.827
"HETDEL_cluster_0020","HETDEL","CNA_event_000095","PAVKUU","HETDEL","exons 8",0.935
"HETDEL_cluster_0020","HETDEL","CNA_event_000144","PAVMVL","HETDEL","exons 8",0.935
"HETDEL_cluster_0020","HETDEL","CNA_event_000052","PAVPGA","HETDEL","exons 8",0.827
"HETDEL_cluster_0020","HETDEL","CNA_event_000138","PAVRLT","HETDEL","exons 8",0.935
"HETDEL_cluster_0020","HETDEL","CNA_event_000043","PAVZXK","HETDEL","exons 8",0.935
"HETDEL_cluster_0020","HETDEL","CNA_event_000088","PAWGYW","HETDEL","exons 8",0.935
"HETDEL_cluster_0020","HETDEL","CNA_event_000051","PAWJUJ","HETDEL","exons 8",0.935
"HETDEL_cluster_0021","HETDEL","CNA_event_000132","PARBTF","HETDEL","exons 9",0.593
"HETDEL_cluster_0021","HETDEL","CNA_event_000130","PARGHJ","HETDEL","exons 9",0.935
"HETDEL_cluster_0021","HETDEL","CNA_event_000128","PARXHT","HETDEL","exons 9",0.935
"HETDEL_cluster_0021","HETDEL","CNA_event_000126","PASIJX","HETDEL","exons 9",0.827
"HETDEL_cluster_0021","HETDEL","CNA_event_000123","PASMHF","HETDEL","exons 9",0.827
"HETDEL_cluster_0021","HETDEL","CNA_event_000082","PASPLG","HETDEL","exons 9",0.827
"HETDEL_cluster_0021","HETDEL","CNA_event_000081","PASYVU","HETDEL","exons 9",0.935
"HETDEL_cluster_0021","HETDEL","CNA_event_000080","PASYWF","HETDEL","exons 9",0.935
"HETDEL_cluster_0021","HETDEL","CNA_event_000046","PATGLV","HETDEL","exons 9",0.935
"HETDEL_cluster_0021","HETDEL","CNA_event_000117","PATHSL","HETDEL","exons 9",0.827
"HETDEL_cluster_0021","HETDEL","CNA_event_000116","PATKKV","HETDEL","exons 9",0.593
"HETDEL_cluster_0021","HETDEL","CNA_event_000115","PATKPW","HETDEL","exons 9",0.935
"HETDEL_cluster_0021","HETDEL","CNA_event_000114","PATLUU","HETDEL","exons 9",0.935
"HETDEL_cluster_0021","HETDEL","CNA_event_000113","PATSIL","HETDEL","exons 9",0.593
"HETDEL_cluster_0021","HETDEL","CNA_event_000111","PATXNK","HETDEL","exons 9",0.935
"HETDEL_cluster_0021","HETDEL","CNA_event_000074","PATZXK","HETDEL","exons 9",0.935
"HETDEL_cluster_0021","HETDEL","CNA_event_000137","PAUEGE","HETDEL","exons 9",0.827
"HETDEL_cluster_0021","HETDEL","CNA_event_000069","PAUGLY","HETDEL","exons 9",0.935
"HETDEL_cluster_0021","HETDEL","CNA_event_000066","PAUIEM","HETDEL","exons 9",0.827
"HETDEL_cluster_0021","HETDEL","CNA_event_000109","PAUJYN","HETDEL","exons 9",0.827
"HETDEL_cluster_0021","HETDEL","CNA_event_000049","PAUNBU","HETDEL","exons 9",0.935
"HETDEL_cluster_0021","HETDEL","CNA_event_000136","PAUPVR","HETDEL","exons 9",0.593
"HETDEL_cluster_0021","HETDEL","CNA_event_000063","PAUTBD","HETDEL","exons 9",0.827
"HETDEL_cluster_0021","HETDEL","CNA_event_000104","PAUVUJ","HETDEL","exons 9",0.935
"HETDEL_cluster_0021","HETDEL","CNA_event_000062","PAUWUY","HETDEL","exons 9",0.935
"HETDEL_cluster_0021","HETDEL","CNA_event_000102","PAUXYI","HETDEL","exons 9",0.935
"HETDEL_cluster_0021","HETDEL","CNA_event_000060","PAUYJE","HETDEL","exons 9",0.593
"HETDEL_cluster_0021","HETDEL","CNA_event_000050","PAVAPE","HETDEL","exons 9",0.827
"HETDEL_cluster_0021","HETDEL","CNA_event_000059","PAVAWP","HETDEL","exons 9",0.935
"HETDEL_cluster_0021","HETDEL","CNA_event_000097","PAVBCW","HETDEL","exons 9",0.827
"HETDEL_cluster_0021","HETDEL","CNA_event_000056","PAVESF","HETDEL","exons 9",0.827
"HETDEL_cluster_0021","HETDEL","CNA_event_000095","PAVKUU","HETDEL","exons 9",0.935
"HETDEL_cluster_0021","HETDEL","CNA_event_000144","PAVMVL","HETDEL","exons 9",0.935
"HETDEL_cluster_0021","HETDEL","CNA_event_000052","PAVPGA","HETDEL","exons 9",0.827
"HETDEL_cluster_0021","HETDEL","CNA_event_000138","PAVRLT","HETDEL","exons 9",0.935
"HETDEL_cluster_0021","HETDEL","CNA_event_000043","PAVZXK","HETDEL","exons 9",0.935
"HETDEL_cluster_0021","HETDEL","CNA_event_000088","PAWGYW","HETDEL","exons 9",0.935
"HETDEL_cluster_0021","HETDEL","CNA_event_000051","PAWJUJ","HETDEL","exons 9",0.935
"HETDEL_cluster_0022","HETDEL","CNA_event_000131","PARBTF","HETDEL","exons 2;3;4;5",0.342
"HETDEL_cluster_0022","HETDEL","CNA_event_000132","PARBTF","HETDEL","exons 6;7;8;9",0.593
"HETDEL_cluster_0022","HETDEL","CNA_event_000130","PARGHJ","HETDEL","exons 2;3;4;5;6;7;8;9",0.935
"HETDEL_cluster_0022","HETDEL","CNA_event_000047","PARIET","HETDEL","exons 1;2;3",0.147
"HETDEL_cluster_0022","HETDEL","CNA_event_000086","PARJPL","HETDEL","exons 1",0.065
"HETDEL_cluster_0022","HETDEL","CNA_event_000085","PARMIH","HETDEL","exons 2;3",0.108
"HETDEL_cluster_0022","HETDEL","CNA_event_000129","PARMJA","HETDEL","exons 3;4;5",0.271
"HETDEL_cluster_0022","HETDEL","CNA_event_000128","PARXHT","HETDEL","exons 2;3;4;5;6;7;8;9",0.935
"HETDEL_cluster_0022","HETDEL","CNA_event_000125","PASIJX","HETDEL","exons 1;2;3",0.173
"HETDEL_cluster_0022","HETDEL","CNA_event_000126","PASIJX","HETDEL","exons 4;5;6;7;8;9",0.827
"HETDEL_cluster_0022","HETDEL","CNA_event_000084","PASKAD","HETDEL","exons 2;3;4;5",0.342
"HETDEL_cluster_0022","HETDEL","CNA_event_000141","PASLXY","HETDEL","exons 2;3",0.108
"HETDEL_cluster_0022","HETDEL","CNA_event_000123","PASMHF","HETDEL","exons 4;5;6;7;8;9",0.827
"HETDEL_cluster_0022","HETDEL","CNA_event_000083","PASPDS","HETDEL","exons 2;3",0.108
"HETDEL_cluster_0022","HETDEL","CNA_event_000082","PASPLG","HETDEL","exons 4;5;6;7;8;9",0.827
"HETDEL_cluster_0022","HETDEL","CNA_event_000122","PASVZJ","HETDEL","exons 2;3;4;5",0.342
"HETDEL_cluster_0022","HETDEL","CNA_event_000081","PASYVU","HETDEL","exons 2;3;4;5;6;7;8;9",0.935
"HETDEL_cluster_0022","HETDEL","CNA_event_000079","PASYWF","HETDEL","exons 1",0.065
"HETDEL_cluster_0022","HETDEL","CNA_event_000080","PASYWF","HETDEL","exons 2;3;4;5;6;7;8;9",0.935
"HETDEL_cluster_0022","HETDEL","CNA_event_000077","PATBTX","HETDEL","exons 2;3",0.108
"HETDEL_cluster_0022","HETDEL","CNA_event_000076","PATCTR","HETDEL","exons 2;3",0.108
"HETDEL_cluster_0022","HETDEL","CNA_event_000120","PATCWW","HETDEL","exons 2;3;4;5",0.342
"HETDEL_cluster_0022","HETDEL","CNA_event_000119","PATDEK","HETDEL","exons 1;2;3;4;5",0.381
"HETDEL_cluster_0022","HETDEL","CNA_event_000046","PATGLV","HETDEL","exons 2;3;4;5;6;7;8;9",0.935
"HETDEL_cluster_0022","HETDEL","CNA_event_000118","PATHRE","HETDEL","exons 2;3",0.108
"HETDEL_cluster_0022","HETDEL","CNA_event_000117","PATHSL","HETDEL","exons 4;5;6;7;8;9",0.827
"HETDEL_cluster_0022","HETDEL","CNA_event_000116","PATKKV","HETDEL","exons 6;7;8;9",0.593
"HETDEL_cluster_0022","HETDEL","CNA_event_000115","PATKPW","HETDEL","exons 2;3;4;5;6;7;8;9",0.935
"HETDEL_cluster_0022","HETDEL","CNA_event_000075","PATKVD","HETDEL","exons 2;3;4;5;6",0.459
"HETDEL_cluster_0022","HETDEL","CNA_event_000140","PATKWU","HETDEL","exons 1;2;3;4;5",0.407
"HETDEL_cluster_0022","HETDEL","CNA_event_000114","PATLUU","HETDEL","exons 2;3;4;5;6;7;8;9",0.935
"HETDEL_cluster_0022","HETDEL","CNA_event_000113","PATSIL","HETDEL","exons 6;7;8;9",0.593
"HETDEL_cluster_0022","HETDEL","CNA_event_000139","PATUWK","HETDEL","exons 4;5;6;7",0.474
"HETDEL_cluster_0022","HETDEL","CNA_event_000111","PATXNK","HETDEL","exons 2;3;4;5;6;7;8;9",0.935
"HETDEL_cluster_0022","HETDEL","CNA_event_000074","PATZXK","HETDEL","exons 2;3;4;5;6;7;8;9",0.935
"HETDEL_cluster_0022","HETDEL","CNA_event_000072","PAUCFC","HETDEL","exons 2",0.07
"HETDEL_cluster_0022","HETDEL","CNA_event_000137","PAUEGE","HETDEL","exons 4;5;6;7;8;9",0.827
"HETDEL_cluster_0022","HETDEL","CNA_event_000071","PAUGAP","HETDEL","exons 2;3",0.108
"HETDEL_cluster_0022","HETDEL","CNA_event_000070","PAUGDZ","HETDEL","exons 1",0.065
"HETDEL_cluster_0022","HETDEL","CNA_event_000069","PAUGLY","HETDEL","exons 2;3;4;5;6;7;8;9",0.935
"HETDEL_cluster_0022","HETDEL","CNA_event_000068","PAUHYI","HETDEL","exons 4;5",0.234
"HETDEL_cluster_0022","HETDEL","CNA_event_000065","PAUIEM","HETDEL","exons 2",0.07
"HETDEL_cluster_0022","HETDEL","CNA_event_000066","PAUIEM","HETDEL","exons 4;5;6;7;8;9",0.827
"HETDEL_cluster_0022","HETDEL","CNA_event_000107","PAUJYN","HETDEL","exons 1;2",0.136
"HETDEL_cluster_0022","HETDEL","CNA_event_000108","PAUJYN","HETDEL","exons 3",0.037
"HETDEL_cluster_0022","HETDEL","CNA_event_000109","PAUJYN","HETDEL","exons 4;5;6;7;8;9",0.827
"HETDEL_cluster_0022","HETDEL","CNA_event_000146","PAUKMA","HETDEL","exons 1;2",0.136
"HETDEL_cluster_0022","HETDEL","CNA_event_000151","PAULMU","HETDEL","exons 1;2;3;4;5;6;7;8",0.849
"HETDEL_cluster_0022","HETDEL","CNA_event_000105","PAUMXB","HETDEL","exons 1;2;3",0.173
"HETDEL_cluster_0022","HETDEL","CNA_event_000049","PAUNBU","HETDEL","exons 2;3;4;5;6;7;8;9",0.935
"HETDEL_cluster_0022","HETDEL","CNA_event_000136","PAUPVR","HETDEL","exons 6;7;8;9",0.593
"HETDEL_cluster_0022","HETDEL","CNA_event_000064","PAURLU","HETDEL","exons 4;5;6;7",0.49
"HETDEL_cluster_0022","HETDEL","CNA_event_000063","PAUTBD","HETDEL","exons 4;5;6;7;8;9",0.827
"HETDEL_cluster_0022","HETDEL","CNA_event_000104","PAUVUJ","HETDEL","exons 2;3;4;5;6;7;8;9",0.935
"HETDEL_cluster_0022","HETDEL","CNA_event_000103","PAUVWZ","HETDEL","exons 2;3;4;5",0.342
"HETDEL_cluster_0022","HETDEL","CNA_event_000062","PAUWUY","HETDEL","exons 2;3;4;5;6;7;8;9",0.935
"HETDEL_cluster_0022","HETDEL","CNA_event_000102","PAUXYI","HETDEL","exons 2;3;4;5;6;7;8;9",0.935
"HETDEL_cluster_0022","HETDEL","CNA_event_000100","PAUYBP","HETDEL","exons 4;5",0.234
"HETDEL_cluster_0022","HETDEL","CNA_event_000099","PAUYIK","HETDEL","exons 1;2;3",0.173
"HETDEL_cluster_0022","HETDEL","CNA_event_000060","PAUYJE","HETDEL","exons 6;7;8;9",0.593
"HETDEL_cluster_0022","HETDEL","CNA_event_000098","PAVAJG","HETDEL","exons 2;3",0.108
"HETDEL_cluster_0022","HETDEL","CNA_event_000050","PAVAPE","HETDEL","exons 4;5;6;7;8;9",0.827
"HETDEL_cluster_0022","HETDEL","CNA_event_000059","PAVAWP","HETDEL","exons 2;3;4;5;6;7;8;9",0.935
"HETDEL_cluster_0022","HETDEL","CNA_event_000096","PAVBCW","HETDEL","exons 1",0.065
"HETDEL_cluster_0022","HETDEL","CNA_event_000097","PAVBCW","HETDEL","exons 4;5;6;7;8;9",0.827
"HETDEL_cluster_0022","HETDEL","CNA_event_000058","PAVCRK","HETDEL","exons 1",0.065
"HETDEL_cluster_0022","HETDEL","CNA_event_000057","PAVDJU","HETDEL","exons 1;2;3;4;5",0.381
"HETDEL_cluster_0022","HETDEL","CNA_event_000056","PAVESF","HETDEL","exons 4;5;6;7;8;9",0.827
"HETDEL_cluster_0022","HETDEL","CNA_event_000048","PAVESV","HETDEL","exons 4;5",0.234
"HETDEL_cluster_0022","HETDEL","CNA_event_000134","PAVEUT","HETDEL","exons 1;2;3",0.173
"HETDEL_cluster_0022","HETDEL","CNA_event_000135","PAVFAC","HETDEL","exons 2;3;4;5",0.342
"HETDEL_cluster_0022","HETDEL","CNA_event_000055","PAVGMF","HETDEL","exons 1;2;3",0.173
"HETDEL_cluster_0022","HETDEL","CNA_event_000054","PAVIDN","HETDEL","exons 2;3;4;5",0.342
"HETDEL_cluster_0022","HETDEL","CNA_event_000053","PAVKJU","HETDEL","exons 2;3",0.108
"HETDEL_cluster_0022","HETDEL","CNA_event_000095","PAVKUU","HETDEL","exons 2;3;4;5;6;7;8;9",0.935
"HETDEL_cluster_0022","HETDEL","CNA_event_000144","PAVMVL","HETDEL","exons 2;3;4;5;6;7;8;9",0.935
"HETDEL_cluster_0022","HETDEL","CNA_event_000052","PAVPGA","HETDEL","exons 4;5;6;7;8;9",0.827
"HETDEL_cluster_0022","HETDEL","CNA_event_000138","PAVRLT","HETDEL","exons 2;3;4;5;6;7;8;9",0.935
"HETDEL_cluster_0022","HETDEL","CNA_event_000093","PAVRUJ","HETDEL","exons 4;5",0.234
"HETDEL_cluster_0022","HETDEL","CNA_event_000092","PAVRYP","HETDEL","exons 2;3",0.108
"HETDEL_cluster_0022","HETDEL","CNA_event_000043","PAVZXK","HETDEL","exons 2;3;4;5;6;7;8;9",0.935
"HETDEL_cluster_0022","HETDEL","CNA_event_000091","PAWAIM","HETDEL","exons 4;5",0.234
"HETDEL_cluster_0022","HETDEL","CNA_event_000090","PAWAIN","HETDEL","exons 1",0.065
"HETDEL_cluster_0022","HETDEL","CNA_event_000143","PAWCUT","HETDEL","exons 2;3;4;5",0.342
"HETDEL_cluster_0022","HETDEL","CNA_event_000044","PAWFYE","HETDEL","exons 2;3;4;5;6",0.459
"HETDEL_cluster_0022","HETDEL","CNA_event_000088","PAWGYW","HETDEL","exons 2;3;4;5;6;7;8;9",0.935
"HETDEL_cluster_0022","HETDEL","CNA_event_000051","PAWJUJ","HETDEL","exons 2;3;4;5;6;7;8;9",0.935
"HETDEL_cluster_0022","HETDEL","CNA_event_000087","PAWKIT","HETDEL","exons 2;3;4;5",0.342
"GAIN_cluster_0001","GAIN","CNA_event_000180","PASGRU","GAIN","exons 5;6;7;8;9",0.935
"GAIN_cluster_0001","GAIN","CNA_event_000166","PATALJ","GAIN","exons 5",0.224
"GAIN_cluster_0001","GAIN","CNA_event_000157","PAUTBB","GAIN","exons 5;6;7;8;9",0.864
"GAIN_cluster_0001","GAIN","CNA_event_000159","PAWFNJ","GAIN","exons 7",0.138
"GAIN_cluster_0001","GAIN","CNA_event_000158","PAWGIT","GAIN","exons 6;7;8;9",0.593
"GAIN_cluster_0002","GAIN","CNA_event_000180","PASGRU","GAIN","exons 7;8",0.935
"GAIN_cluster_0002","GAIN","CNA_event_000157","PAUTBB","GAIN","exons 7;8",0.864
"GAIN_cluster_0002","GAIN","CNA_event_000159","PAWFNJ","GAIN","exons 7",0.138
"GAIN_cluster_0002","GAIN","CNA_event_000158","PAWGIT","GAIN","exons 7;8",0.593
"GAIN_cluster_0003","GAIN","CNA_event_000180","PASGRU","GAIN","exons 5;6",0.935
"GAIN_cluster_0003","GAIN","CNA_event_000166","PATALJ","GAIN","exons 5",0.224
"GAIN_cluster_0003","GAIN","CNA_event_000157","PAUTBB","GAIN","exons 5;6",0.864
"GAIN_cluster_0003","GAIN","CNA_event_000158","PAWGIT","GAIN","exons 6",0.593
"GAIN_cluster_0004","GAIN","CNA_event_000180","PASGRU","GAIN","exons 7;8;9",0.935
"GAIN_cluster_0004","GAIN","CNA_event_000157","PAUTBB","GAIN","exons 7;8;9",0.864
"GAIN_cluster_0004","GAIN","CNA_event_000159","PAWFNJ","GAIN","exons 7",0.138
"GAIN_cluster_0004","GAIN","CNA_event_000158","PAWGIT","GAIN","exons 7;8;9",0.593
"GAIN_cluster_0005","GAIN","CNA_event_000180","PASGRU","GAIN","exons 2;5",0.935
"GAIN_cluster_0005","GAIN","CNA_event_000166","PATALJ","GAIN","exons 5",0.224
"GAIN_cluster_0005","GAIN","CNA_event_000157","PAUTBB","GAIN","exons 5",0.864
"GAIN_cluster_0006","GAIN","CNA_event_000180","PASGRU","GAIN","exons 6;9",0.935
"GAIN_cluster_0006","GAIN","CNA_event_000157","PAUTBB","GAIN","exons 6;9",0.864
"GAIN_cluster_0006","GAIN","CNA_event_000158","PAWGIT","GAIN","exons 6;9",0.593
"GAIN_cluster_0007","GAIN","CNA_event_000178","PASGRU","GAIN","exons 1",0.065
"GAIN_cluster_0007","GAIN","CNA_event_000180","PASGRU","GAIN","exons 2",0.935
"GAIN_cluster_0007","GAIN","CNA_event_000154","PAWAFV","GAIN","exons 1",0.065
"GAIN_cluster_0008","GAIN","CNA_event_000178","PASGRU","GAIN","exons 1",0.065
"GAIN_cluster_0008","GAIN","CNA_event_000180","PASGRU","GAIN","exons 2;5",0.935
"GAIN_cluster_0008","GAIN","CNA_event_000166","PATALJ","GAIN","exons 5",0.224
"GAIN_cluster_0008","GAIN","CNA_event_000157","PAUTBB","GAIN","exons 5",0.864
"GAIN_cluster_0008","GAIN","CNA_event_000154","PAWAFV","GAIN","exons 1",0.065
"GAIN_cluster_0009","GAIN","CNA_event_000180","PASGRU","GAIN","exons 3;4",0.935
"GAIN_cluster_0009","GAIN","CNA_event_000166","PATALJ","GAIN","exons 4",0.224
"GAIN_cluster_0009","GAIN","CNA_event_000157","PAUTBB","GAIN","exons 3;4",0.864
"GAIN_cluster_0010","GAIN","CNA_event_000180","PASGRU","GAIN","exons 6;7;8;9",0.935
"GAIN_cluster_0010","GAIN","CNA_event_000157","PAUTBB","GAIN","exons 6;7;8;9",0.864
"GAIN_cluster_0010","GAIN","CNA_event_000159","PAWFNJ","GAIN","exons 7",0.138
"GAIN_cluster_0010","GAIN","CNA_event_000158","PAWGIT","GAIN","exons 6;7;8;9",0.593
"GAIN_cluster_0011","GAIN","CNA_event_000178","PASGRU","GAIN","exons 1",0.065
"GAIN_cluster_0011","GAIN","CNA_event_000180","PASGRU","GAIN","exons 2;3;4",0.935
"GAIN_cluster_0011","GAIN","CNA_event_000166","PATALJ","GAIN","exons 4",0.224
"GAIN_cluster_0011","GAIN","CNA_event_000157","PAUTBB","GAIN","exons 3;4",0.864
"GAIN_cluster_0011","GAIN","CNA_event_000154","PAWAFV","GAIN","exons 1",0.065
"GAIN_cluster_0012","GAIN","CNA_event_000178","PASGRU","GAIN","exons 1",0.065
"GAIN_cluster_0012","GAIN","CNA_event_000180","PASGRU","GAIN","exons 2;3;4;5",0.935
"GAIN_cluster_0012","GAIN","CNA_event_000166","PATALJ","GAIN","exons 4;5",0.224
"GAIN_cluster_0012","GAIN","CNA_event_000157","PAUTBB","GAIN","exons 3;4;5",0.864
"GAIN_cluster_0012","GAIN","CNA_event_000154","PAWAFV","GAIN","exons 1",0.065
"GAIN_cluster_0013","GAIN","CNA_event_000178","PASGRU","GAIN","exons 1",0.065
"GAIN_cluster_0013","GAIN","CNA_event_000180","PASGRU","GAIN","exons 2;3;4;5;6;7;8;9",0.935
"GAIN_cluster_0013","GAIN","CNA_event_000166","PATALJ","GAIN","exons 4;5",0.224
"GAIN_cluster_0013","GAIN","CNA_event_000157","PAUTBB","GAIN","exons 3;4;5;6;7;8;9",0.864
"GAIN_cluster_0013","GAIN","CNA_event_000154","PAWAFV","GAIN","exons 1",0.065
"GAIN_cluster_0013","GAIN","CNA_event_000159","PAWFNJ","GAIN","exons 7",0.138
"GAIN_cluster_0013","GAIN","CNA_event_000158","PAWGIT","GAIN","exons 6;7;8;9",0.593
"GAIN_cluster_0014","GAIN","CNA_event_000178","PASGRU","GAIN","exons 1",0.065
"GAIN_cluster_0014","GAIN","CNA_event_000154","PAWAFV","GAIN","exons 1",0.065
"GAIN_cluster_0015","GAIN","CNA_event_000180","PASGRU","GAIN","exons 3",0.935
"GAIN_cluster_0015","GAIN","CNA_event_000157","PAUTBB","GAIN","exons 3",0.864
"GAIN_cluster_0016","GAIN","CNA_event_000180","PASGRU","GAIN","exons 4",0.935
"GAIN_cluster_0016","GAIN","CNA_event_000166","PATALJ","GAIN","exons 4",0.224
"GAIN_cluster_0016","GAIN","CNA_event_000157","PAUTBB","GAIN","exons 4",0.864
"GAIN_cluster_0017","GAIN","CNA_event_000180","PASGRU","GAIN","exons 5",0.935
"GAIN_cluster_0017","GAIN","CNA_event_000166","PATALJ","GAIN","exons 5",0.224
"GAIN_cluster_0017","GAIN","CNA_event_000157","PAUTBB","GAIN","exons 5",0.864
"GAIN_cluster_0018","GAIN","CNA_event_000180","PASGRU","GAIN","exons 6",0.935
"GAIN_cluster_0018","GAIN","CNA_event_000157","PAUTBB","GAIN","exons 6",0.864
"GAIN_cluster_0018","GAIN","CNA_event_000158","PAWGIT","GAIN","exons 6",0.593
"GAIN_cluster_0019","GAIN","CNA_event_000180","PASGRU","GAIN","exons 7",0.935
"GAIN_cluster_0019","GAIN","CNA_event_000157","PAUTBB","GAIN","exons 7",0.864
"GAIN_cluster_0019","GAIN","CNA_event_000159","PAWFNJ","GAIN","exons 7",0.138
"GAIN_cluster_0019","GAIN","CNA_event_000158","PAWGIT","GAIN","exons 7",0.593
"GAIN_cluster_0020","GAIN","CNA_event_000180","PASGRU","GAIN","exons 8",0.935
"GAIN_cluster_0020","GAIN","CNA_event_000157","PAUTBB","GAIN","exons 8",0.864
"GAIN_cluster_0020","GAIN","CNA_event_000158","PAWGIT","GAIN","exons 8",0.593
"GAIN_cluster_0021","GAIN","CNA_event_000180","PASGRU","GAIN","exons 9",0.935
"GAIN_cluster_0021","GAIN","CNA_event_000157","PAUTBB","GAIN","exons 9",0.864
"GAIN_cluster_0021","GAIN","CNA_event_000158","PAWGIT","GAIN","exons 9",0.593
"ALL_CNA_cluster_0001","ALL_CNA","CNA_event_000131","PARBTF","HETDEL","exons 2;5",0.342
"ALL_CNA_cluster_0001","ALL_CNA","CNA_event_000130","PARGHJ","HETDEL","exons 2;5",0.935
"ALL_CNA_cluster_0001","ALL_CNA","CNA_event_000047","PARIET","HETDEL","exons 1;2",0.147
"ALL_CNA_cluster_0001","ALL_CNA","CNA_event_000006","PARJPL","HOMDEL","exons 2;5",0.935
"ALL_CNA_cluster_0001","ALL_CNA","CNA_event_000086","PARJPL","HETDEL","exons 1",0.065
"ALL_CNA_cluster_0001","ALL_CNA","CNA_event_000005","PARMIH","HOMDEL","exons 5",0.827
"ALL_CNA_cluster_0001","ALL_CNA","CNA_event_000085","PARMIH","HETDEL","exons 2",0.108
"ALL_CNA_cluster_0001","ALL_CNA","CNA_event_000033","PARMJA","HOMDEL","exons 2",0.07
"ALL_CNA_cluster_0001","ALL_CNA","CNA_event_000129","PARMJA","HETDEL","exons 5",0.271
"ALL_CNA_cluster_0001","ALL_CNA","CNA_event_000032","PARNXJ","HOMDEL","exons 2;5",0.935
"ALL_CNA_cluster_0001","ALL_CNA","CNA_event_000042","PARSJG","HOMDEL","exons 5",0.827
"ALL_CNA_cluster_0001","ALL_CNA","CNA_event_000031","PARVHY","HOMDEL","exons 2",0.108
"ALL_CNA_cluster_0001","ALL_CNA","CNA_event_000128","PARXHT","HETDEL","exons 2;5",0.935
"ALL_CNA_cluster_0001","ALL_CNA","CNA_event_000178","PASGRU","GAIN","exons 1",0.065
"ALL_CNA_cluster_0001","ALL_CNA","CNA_event_000180","PASGRU","GAIN","exons 2;5",0.935
"ALL_CNA_cluster_0001","ALL_CNA","CNA_event_000030","PASHZK","HOMDEL","exons 2;5",0.342
"ALL_CNA_cluster_0001","ALL_CNA","CNA_event_000125","PASIJX","HETDEL","exons 1;2",0.173
"ALL_CNA_cluster_0001","ALL_CNA","CNA_event_000126","PASIJX","HETDEL","exons 5",0.827
"ALL_CNA_cluster_0001","ALL_CNA","CNA_event_000084","PASKAD","HETDEL","exons 2;5",0.342
"ALL_CNA_cluster_0001","ALL_CNA","CNA_event_000141","PASLXY","HETDEL","exons 2",0.108
"ALL_CNA_cluster_0001","ALL_CNA","CNA_event_000029","PASMHF","HOMDEL","exons 2",0.108
"ALL_CNA_cluster_0001","ALL_CNA","CNA_event_000123","PASMHF","HETDEL","exons 5",0.827
"ALL_CNA_cluster_0001","ALL_CNA","CNA_event_000083","PASPDS","HETDEL","exons 2",0.108
"ALL_CNA_cluster_0001","ALL_CNA","CNA_event_000082","PASPLG","HETDEL","exons 5",0.827
"ALL_CNA_cluster_0001","ALL_CNA","CNA_event_000028","PASVKC","HOMDEL","exons 2;5",0.935
"ALL_CNA_cluster_0001","ALL_CNA","CNA_event_000122","PASVZJ","HETDEL","exons 2;5",0.342
"ALL_CNA_cluster_0001","ALL_CNA","CNA_event_000081","PASYVU","HETDEL","exons 2;5",0.935
"ALL_CNA_cluster_0001","ALL_CNA","CNA_event_000079","PASYWF","HETDEL","exons 1",0.065
"ALL_CNA_cluster_0001","ALL_CNA","CNA_event_000080","PASYWF","HETDEL","exons 2;5",0.935
"ALL_CNA_cluster_0001","ALL_CNA","CNA_event_000166","PATALJ","GAIN","exons 5",0.224
"ALL_CNA_cluster_0001","ALL_CNA","CNA_event_000077","PATBTX","HETDEL","exons 2",0.108
"ALL_CNA_cluster_0001","ALL_CNA","CNA_event_000076","PATCTR","HETDEL","exons 2",0.108
"ALL_CNA_cluster_0001","ALL_CNA","CNA_event_000120","PATCWW","HETDEL","exons 2;5",0.342
"ALL_CNA_cluster_0001","ALL_CNA","CNA_event_000119","PATDEK","HETDEL","exons 1;2;5",0.381
"ALL_CNA_cluster_0001","ALL_CNA","CNA_event_000046","PATGLV","HETDEL","exons 2;5",0.935
"ALL_CNA_cluster_0001","ALL_CNA","CNA_event_000027","PATHRE","HOMDEL","exons 5",0.827
"ALL_CNA_cluster_0001","ALL_CNA","CNA_event_000118","PATHRE","HETDEL","exons 2",0.108
"ALL_CNA_cluster_0001","ALL_CNA","CNA_event_000026","PATHSL","HOMDEL","exons 2",0.108
"ALL_CNA_cluster_0001","ALL_CNA","CNA_event_000117","PATHSL","HETDEL","exons 5",0.827
"ALL_CNA_cluster_0001","ALL_CNA","CNA_event_000025","PATKKV","HOMDEL","exons 2;5",0.342
"ALL_CNA_cluster_0001","ALL_CNA","CNA_event_000115","PATKPW","HETDEL","exons 2;5",0.935
"ALL_CNA_cluster_0001","ALL_CNA","CNA_event_000075","PATKVD","HETDEL","exons 2;5",0.459
"ALL_CNA_cluster_0001","ALL_CNA","CNA_event_000140","PATKWU","HETDEL","exons 1;2;5",0.407
"ALL_CNA_cluster_0001","ALL_CNA","CNA_event_000114","PATLUU","HETDEL","exons 2;5",0.935
"ALL_CNA_cluster_0001","ALL_CNA","CNA_event_000024","PATSIL","HOMDEL","exons 1;2;5",0.381
"ALL_CNA_cluster_0001","ALL_CNA","CNA_event_000023","PATTAC","HOMDEL","exons 2;5",0.935
"ALL_CNA_cluster_0001","ALL_CNA","CNA_event_000139","PATUWK","HETDEL","exons 5",0.474
"ALL_CNA_cluster_0001","ALL_CNA","CNA_event_000111","PATXNK","HETDEL","exons 2;5",0.935
"ALL_CNA_cluster_0001","ALL_CNA","CNA_event_000074","PATZXK","HETDEL","exons 2;5",0.935
"ALL_CNA_cluster_0001","ALL_CNA","CNA_event_000022","PAUADY","HOMDEL","exons 2",0.108
"ALL_CNA_cluster_0001","ALL_CNA","CNA_event_000072","PAUCFC","HETDEL","exons 2",0.07
"ALL_CNA_cluster_0001","ALL_CNA","CNA_event_000035","PAUEGE","HOMDEL","exons 2",0.108
"ALL_CNA_cluster_0001","ALL_CNA","CNA_event_000137","PAUEGE","HETDEL","exons 5",0.827
"ALL_CNA_cluster_0001","ALL_CNA","CNA_event_000071","PAUGAP","HETDEL","exons 2",0.108
"ALL_CNA_cluster_0001","ALL_CNA","CNA_event_000070","PAUGDZ","HETDEL","exons 1",0.065
"ALL_CNA_cluster_0001","ALL_CNA","CNA_event_000069","PAUGLY","HETDEL","exons 2;5",0.935
"ALL_CNA_cluster_0001","ALL_CNA","CNA_event_000003","PAUHYI","HOMDEL","exons 2",0.108
"ALL_CNA_cluster_0001","ALL_CNA","CNA_event_000068","PAUHYI","HETDEL","exons 5",0.234
"ALL_CNA_cluster_0001","ALL_CNA","CNA_event_000065","PAUIEM","HETDEL","exons 2",0.07
"ALL_CNA_cluster_0001","ALL_CNA","CNA_event_000066","PAUIEM","HETDEL","exons 5",0.827
"ALL_CNA_cluster_0001","ALL_CNA","CNA_event_000107","PAUJYN","HETDEL","exons 1;2",0.136
"ALL_CNA_cluster_0001","ALL_CNA","CNA_event_000109","PAUJYN","HETDEL","exons 5",0.827
"ALL_CNA_cluster_0001","ALL_CNA","CNA_event_000146","PAUKMA","HETDEL","exons 1;2",0.136
"ALL_CNA_cluster_0001","ALL_CNA","CNA_event_000151","PAULMU","HETDEL","exons 1;2;5",0.849
"ALL_CNA_cluster_0001","ALL_CNA","CNA_event_000021","PAUMXB","HOMDEL","exons 5",0.827
"ALL_CNA_cluster_0001","ALL_CNA","CNA_event_000105","PAUMXB","HETDEL","exons 1;2",0.173
"ALL_CNA_cluster_0001","ALL_CNA","CNA_event_000049","PAUNBU","HETDEL","exons 2;5",0.935
"ALL_CNA_cluster_0001","ALL_CNA","CNA_event_000034","PAUPVR","HOMDEL","exons 2;5",0.342
"ALL_CNA_cluster_0001","ALL_CNA","CNA_event_000064","PAURLU","HETDEL","exons 5",0.49
"ALL_CNA_cluster_0001","ALL_CNA","CNA_event_000157","PAUTBB","GAIN","exons 5",0.864
"ALL_CNA_cluster_0001","ALL_CNA","CNA_event_000063","PAUTBD","HETDEL","exons 5",0.827
"ALL_CNA_cluster_0001","ALL_CNA","CNA_event_000104","PAUVUJ","HETDEL","exons 2;5",0.935
"ALL_CNA_cluster_0001","ALL_CNA","CNA_event_000103","PAUVWZ","HETDEL","exons 2;5",0.342
"ALL_CNA_cluster_0001","ALL_CNA","CNA_event_000062","PAUWUY","HETDEL","exons 2;5",0.935
"ALL_CNA_cluster_0001","ALL_CNA","CNA_event_000102","PAUXYI","HETDEL","exons 2;5",0.935
"ALL_CNA_cluster_0001","ALL_CNA","CNA_event_000019","PAUYBP","HOMDEL","exons 2",0.108
"ALL_CNA_cluster_0001","ALL_CNA","CNA_event_000100","PAUYBP","HETDEL","exons 5",0.234
"ALL_CNA_cluster_0001","ALL_CNA","CNA_event_000099","PAUYIK","HETDEL","exons 1;2",0.173
"ALL_CNA_cluster_0001","ALL_CNA","CNA_event_000002","PAUYJE","HOMDEL","exons 2;5",0.342
"ALL_CNA_cluster_0001","ALL_CNA","CNA_event_000098","PAVAJG","HETDEL","exons 2",0.108
"ALL_CNA_cluster_0001","ALL_CNA","CNA_event_000050","PAVAPE","HETDEL","exons 5",0.827
"ALL_CNA_cluster_0001","ALL_CNA","CNA_event_000059","PAVAWP","HETDEL","exons 2;5",0.935
"ALL_CNA_cluster_0001","ALL_CNA","CNA_event_000018","PAVAWW","HOMDEL","exons 2;5",0.935
"ALL_CNA_cluster_0001","ALL_CNA","CNA_event_000096","PAVBCW","HETDEL","exons 1",0.065
"ALL_CNA_cluster_0001","ALL_CNA","CNA_event_000097","PAVBCW","HETDEL","exons 5",0.827
"ALL_CNA_cluster_0001","ALL_CNA","CNA_event_000017","PAVCHZ","HOMDEL","exons 5",0.827
"ALL_CNA_cluster_0001","ALL_CNA","CNA_event_000058","PAVCRK","HETDEL","exons 1",0.065
"ALL_CNA_cluster_0001","ALL_CNA","CNA_event_000057","PAVDJU","HETDEL","exons 1;2;5",0.381
"ALL_CNA_cluster_0001","ALL_CNA","CNA_event_000001","PAVESF","HOMDEL","exons 1;2",0.147
"ALL_CNA_cluster_0001","ALL_CNA","CNA_event_000056","PAVESF","HETDEL","exons 5",0.827
"ALL_CNA_cluster_0001","ALL_CNA","CNA_event_000048","PAVESV","HETDEL","exons 5",0.234
"ALL_CNA_cluster_0001","ALL_CNA","CNA_event_000134","PAVEUT","HETDEL","exons 1;2",0.173
"ALL_CNA_cluster_0001","ALL_CNA","CNA_event_000135","PAVFAC","HETDEL","exons 2;5",0.342
"ALL_CNA_cluster_0001","ALL_CNA","CNA_event_000016","PAVFIF","HOMDEL","exons 2",0.108
"ALL_CNA_cluster_0001","ALL_CNA","CNA_event_000055","PAVGMF","HETDEL","exons 1;2",0.173
"ALL_CNA_cluster_0001","ALL_CNA","CNA_event_000054","PAVIDN","HETDEL","exons 2;5",0.342
"ALL_CNA_cluster_0001","ALL_CNA","CNA_event_000053","PAVKJU","HETDEL","exons 2",0.108
"ALL_CNA_cluster_0001","ALL_CNA","CNA_event_000014","PAVKPV","HOMDEL","exons 2;5",0.342
"ALL_CNA_cluster_0001","ALL_CNA","CNA_event_000095","PAVKUU","HETDEL","exons 2;5",0.935
"ALL_CNA_cluster_0001","ALL_CNA","CNA_event_000144","PAVMVL","HETDEL","exons 2;5",0.935
"ALL_CNA_cluster_0001","ALL_CNA","CNA_event_000040","PAVPCB","HOMDEL","exons 2",0.108
"ALL_CNA_cluster_0001","ALL_CNA","CNA_event_000012","PAVPEN","HOMDEL","exons 5",0.827
"ALL_CNA_cluster_0001","ALL_CNA","CNA_event_000052","PAVPGA","HETDEL","exons 5",0.827
"ALL_CNA_cluster_0001","ALL_CNA","CNA_event_000138","PAVRLT","HETDEL","exons 2;5",0.935
"ALL_CNA_cluster_0001","ALL_CNA","CNA_event_000093","PAVRUJ","HETDEL","exons 5",0.234
"ALL_CNA_cluster_0001","ALL_CNA","CNA_event_000092","PAVRYP","HETDEL","exons 2",0.108
"ALL_CNA_cluster_0001","ALL_CNA","CNA_event_000011","PAVUCS","HOMDEL","exons 2",0.108
"ALL_CNA_cluster_0001","ALL_CNA","CNA_event_000043","PAVZXK","HETDEL","exons 2;5",0.935
"ALL_CNA_cluster_0001","ALL_CNA","CNA_event_000154","PAWAFV","GAIN","exons 1",0.065
"ALL_CNA_cluster_0001","ALL_CNA","CNA_event_000010","PAWAIM","HOMDEL","exons 2",0.108
"ALL_CNA_cluster_0001","ALL_CNA","CNA_event_000091","PAWAIM","HETDEL","exons 5",0.234
"ALL_CNA_cluster_0001","ALL_CNA","CNA_event_000090","PAWAIN","HETDEL","exons 1",0.065
"ALL_CNA_cluster_0001","ALL_CNA","CNA_event_000143","PAWCUT","HETDEL","exons 2;5",0.342
"ALL_CNA_cluster_0001","ALL_CNA","CNA_event_000009","PAWESJ","HOMDEL","exons 1",0.065
"ALL_CNA_cluster_0001","ALL_CNA","CNA_event_000044","PAWFYE","HETDEL","exons 2;5",0.459
"ALL_CNA_cluster_0001","ALL_CNA","CNA_event_000008","PAWGDG","HOMDEL","exons 2;5",0.935
"ALL_CNA_cluster_0001","ALL_CNA","CNA_event_000088","PAWGYW","HETDEL","exons 2;5",0.935
"ALL_CNA_cluster_0001","ALL_CNA","CNA_event_000051","PAWJUJ","HETDEL","exons 2;5",0.935
"ALL_CNA_cluster_0001","ALL_CNA","CNA_event_000087","PAWKIT","HETDEL","exons 2;5",0.342
"ALL_CNA_cluster_0001","ALL_CNA","CNA_event_000007","PAWKZN","HOMDEL","exons 2;5",0.935
"ALL_CNA_cluster_0002","ALL_CNA","CNA_event_000131","PARBTF","HETDEL","exons 2;3;4",0.342
"ALL_CNA_cluster_0002","ALL_CNA","CNA_event_000130","PARGHJ","HETDEL","exons 2;3;4",0.935
"ALL_CNA_cluster_0002","ALL_CNA","CNA_event_000047","PARIET","HETDEL","exons 1;2;3",0.147
"ALL_CNA_cluster_0002","ALL_CNA","CNA_event_000006","PARJPL","HOMDEL","exons 2;3;4",0.935
"ALL_CNA_cluster_0002","ALL_CNA","CNA_event_000086","PARJPL","HETDEL","exons 1",0.065
"ALL_CNA_cluster_0002","ALL_CNA","CNA_event_000005","PARMIH","HOMDEL","exons 4",0.827
"ALL_CNA_cluster_0002","ALL_CNA","CNA_event_000085","PARMIH","HETDEL","exons 2;3",0.108
"ALL_CNA_cluster_0002","ALL_CNA","CNA_event_000033","PARMJA","HOMDEL","exons 2",0.07
"ALL_CNA_cluster_0002","ALL_CNA","CNA_event_000129","PARMJA","HETDEL","exons 3;4",0.271
"ALL_CNA_cluster_0002","ALL_CNA","CNA_event_000032","PARNXJ","HOMDEL","exons 2;3;4",0.935
"ALL_CNA_cluster_0002","ALL_CNA","CNA_event_000042","PARSJG","HOMDEL","exons 4",0.827
"ALL_CNA_cluster_0002","ALL_CNA","CNA_event_000031","PARVHY","HOMDEL","exons 2;3",0.108
"ALL_CNA_cluster_0002","ALL_CNA","CNA_event_000128","PARXHT","HETDEL","exons 2;3;4",0.935
"ALL_CNA_cluster_0002","ALL_CNA","CNA_event_000178","PASGRU","GAIN","exons 1",0.065
"ALL_CNA_cluster_0002","ALL_CNA","CNA_event_000180","PASGRU","GAIN","exons 2;3;4",0.935
"ALL_CNA_cluster_0002","ALL_CNA","CNA_event_000030","PASHZK","HOMDEL","exons 2;3;4",0.342
"ALL_CNA_cluster_0002","ALL_CNA","CNA_event_000125","PASIJX","HETDEL","exons 1;2;3",0.173
"ALL_CNA_cluster_0002","ALL_CNA","CNA_event_000126","PASIJX","HETDEL","exons 4",0.827
"ALL_CNA_cluster_0002","ALL_CNA","CNA_event_000084","PASKAD","HETDEL","exons 2;3;4",0.342
"ALL_CNA_cluster_0002","ALL_CNA","CNA_event_000141","PASLXY","HETDEL","exons 2;3",0.108
"ALL_CNA_cluster_0002","ALL_CNA","CNA_event_000029","PASMHF","HOMDEL","exons 2;3",0.108
"ALL_CNA_cluster_0002","ALL_CNA","CNA_event_000123","PASMHF","HETDEL","exons 4",0.827
"ALL_CNA_cluster_0002","ALL_CNA","CNA_event_000083","PASPDS","HETDEL","exons 2;3",0.108
"ALL_CNA_cluster_0002","ALL_CNA","CNA_event_000082","PASPLG","HETDEL","exons 4",0.827
"ALL_CNA_cluster_0002","ALL_CNA","CNA_event_000028","PASVKC","HOMDEL","exons 2;3;4",0.935
"ALL_CNA_cluster_0002","ALL_CNA","CNA_event_000122","PASVZJ","HETDEL","exons 2;3;4",0.342
"ALL_CNA_cluster_0002","ALL_CNA","CNA_event_000081","PASYVU","HETDEL","exons 2;3;4",0.935
"ALL_CNA_cluster_0002","ALL_CNA","CNA_event_000079","PASYWF","HETDEL","exons 1",0.065
"ALL_CNA_cluster_0002","ALL_CNA","CNA_event_000080","PASYWF","HETDEL","exons 2;3;4",0.935
"ALL_CNA_cluster_0002","ALL_CNA","CNA_event_000166","PATALJ","GAIN","exons 4",0.224
"ALL_CNA_cluster_0002","ALL_CNA","CNA_event_000077","PATBTX","HETDEL","exons 2;3",0.108
"ALL_CNA_cluster_0002","ALL_CNA","CNA_event_000076","PATCTR","HETDEL","exons 2;3",0.108
"ALL_CNA_cluster_0002","ALL_CNA","CNA_event_000120","PATCWW","HETDEL","exons 2;3;4",0.342
"ALL_CNA_cluster_0002","ALL_CNA","CNA_event_000119","PATDEK","HETDEL","exons 1;2;3;4",0.381
"ALL_CNA_cluster_0002","ALL_CNA","CNA_event_000046","PATGLV","HETDEL","exons 2;3;4",0.935
"ALL_CNA_cluster_0002","ALL_CNA","CNA_event_000027","PATHRE","HOMDEL","exons 4",0.827
"ALL_CNA_cluster_0002","ALL_CNA","CNA_event_000118","PATHRE","HETDEL","exons 2;3",0.108
"ALL_CNA_cluster_0002","ALL_CNA","CNA_event_000026","PATHSL","HOMDEL","exons 2;3",0.108
"ALL_CNA_cluster_0002","ALL_CNA","CNA_event_000117","PATHSL","HETDEL","exons 4",0.827
"ALL_CNA_cluster_0002","ALL_CNA","CNA_event_000025","PATKKV","HOMDEL","exons 2;3;4",0.342
"ALL_CNA_cluster_0002","ALL_CNA","CNA_event_000115","PATKPW","HETDEL","exons 2;3;4",0.935
"ALL_CNA_cluster_0002","ALL_CNA","CNA_event_000075","PATKVD","HETDEL","exons 2;3;4",0.459
"ALL_CNA_cluster_0002","ALL_CNA","CNA_event_000140","PATKWU","HETDEL","exons 1;2;3;4",0.407
"ALL_CNA_cluster_0002","ALL_CNA","CNA_event_000114","PATLUU","HETDEL","exons 2;3;4",0.935
"ALL_CNA_cluster_0002","ALL_CNA","CNA_event_000024","PATSIL","HOMDEL","exons 1;2;3;4",0.381
"ALL_CNA_cluster_0002","ALL_CNA","CNA_event_000023","PATTAC","HOMDEL","exons 2;3;4",0.935
"ALL_CNA_cluster_0002","ALL_CNA","CNA_event_000139","PATUWK","HETDEL","exons 4",0.474
"ALL_CNA_cluster_0002","ALL_CNA","CNA_event_000111","PATXNK","HETDEL","exons 2;3;4",0.935
"ALL_CNA_cluster_0002","ALL_CNA","CNA_event_000074","PATZXK","HETDEL","exons 2;3;4",0.935
"ALL_CNA_cluster_0002","ALL_CNA","CNA_event_000022","PAUADY","HOMDEL","exons 2;3",0.108
"ALL_CNA_cluster_0002","ALL_CNA","CNA_event_000072","PAUCFC","HETDEL","exons 2",0.07
"ALL_CNA_cluster_0002","ALL_CNA","CNA_event_000035","PAUEGE","HOMDEL","exons 2;3",0.108
"ALL_CNA_cluster_0002","ALL_CNA","CNA_event_000137","PAUEGE","HETDEL","exons 4",0.827
"ALL_CNA_cluster_0002","ALL_CNA","CNA_event_000071","PAUGAP","HETDEL","exons 2;3",0.108
"ALL_CNA_cluster_0002","ALL_CNA","CNA_event_000070","PAUGDZ","HETDEL","exons 1",0.065
"ALL_CNA_cluster_0002","ALL_CNA","CNA_event_000069","PAUGLY","HETDEL","exons 2;3;4",0.935
"ALL_CNA_cluster_0002","ALL_CNA","CNA_event_000003","PAUHYI","HOMDEL","exons 2;3",0.108
"ALL_CNA_cluster_0002","ALL_CNA","CNA_event_000068","PAUHYI","HETDEL","exons 4",0.234
"ALL_CNA_cluster_0002","ALL_CNA","CNA_event_000065","PAUIEM","HETDEL","exons 2",0.07
"ALL_CNA_cluster_0002","ALL_CNA","CNA_event_000066","PAUIEM","HETDEL","exons 4",0.827
"ALL_CNA_cluster_0002","ALL_CNA","CNA_event_000107","PAUJYN","HETDEL","exons 1;2",0.136
"ALL_CNA_cluster_0002","ALL_CNA","CNA_event_000108","PAUJYN","HETDEL","exons 3",0.037
"ALL_CNA_cluster_0002","ALL_CNA","CNA_event_000109","PAUJYN","HETDEL","exons 4",0.827
"ALL_CNA_cluster_0002","ALL_CNA","CNA_event_000146","PAUKMA","HETDEL","exons 1;2",0.136
"ALL_CNA_cluster_0002","ALL_CNA","CNA_event_000151","PAULMU","HETDEL","exons 1;2;3;4",0.849
"ALL_CNA_cluster_0002","ALL_CNA","CNA_event_000021","PAUMXB","HOMDEL","exons 4",0.827
"ALL_CNA_cluster_0002","ALL_CNA","CNA_event_000105","PAUMXB","HETDEL","exons 1;2;3",0.173
"ALL_CNA_cluster_0002","ALL_CNA","CNA_event_000049","PAUNBU","HETDEL","exons 2;3;4",0.935
"ALL_CNA_cluster_0002","ALL_CNA","CNA_event_000034","PAUPVR","HOMDEL","exons 2;3;4",0.342
"ALL_CNA_cluster_0002","ALL_CNA","CNA_event_000064","PAURLU","HETDEL","exons 4",0.49
"ALL_CNA_cluster_0002","ALL_CNA","CNA_event_000157","PAUTBB","GAIN","exons 3;4",0.864
"ALL_CNA_cluster_0002","ALL_CNA","CNA_event_000063","PAUTBD","HETDEL","exons 4",0.827
"ALL_CNA_cluster_0002","ALL_CNA","CNA_event_000104","PAUVUJ","HETDEL","exons 2;3;4",0.935
"ALL_CNA_cluster_0002","ALL_CNA","CNA_event_000103","PAUVWZ","HETDEL","exons 2;3;4",0.342
"ALL_CNA_cluster_0002","ALL_CNA","CNA_event_000062","PAUWUY","HETDEL","exons 2;3;4",0.935
"ALL_CNA_cluster_0002","ALL_CNA","CNA_event_000102","PAUXYI","HETDEL","exons 2;3;4",0.935
"ALL_CNA_cluster_0002","ALL_CNA","CNA_event_000019","PAUYBP","HOMDEL","exons 2;3",0.108
"ALL_CNA_cluster_0002","ALL_CNA","CNA_event_000100","PAUYBP","HETDEL","exons 4",0.234
"ALL_CNA_cluster_0002","ALL_CNA","CNA_event_000099","PAUYIK","HETDEL","exons 1;2;3",0.173
"ALL_CNA_cluster_0002","ALL_CNA","CNA_event_000002","PAUYJE","HOMDEL","exons 2;3;4",0.342
"ALL_CNA_cluster_0002","ALL_CNA","CNA_event_000098","PAVAJG","HETDEL","exons 2;3",0.108
"ALL_CNA_cluster_0002","ALL_CNA","CNA_event_000050","PAVAPE","HETDEL","exons 4",0.827
"ALL_CNA_cluster_0002","ALL_CNA","CNA_event_000059","PAVAWP","HETDEL","exons 2;3;4",0.935
"ALL_CNA_cluster_0002","ALL_CNA","CNA_event_000018","PAVAWW","HOMDEL","exons 2;3;4",0.935
"ALL_CNA_cluster_0002","ALL_CNA","CNA_event_000096","PAVBCW","HETDEL","exons 1",0.065
"ALL_CNA_cluster_0002","ALL_CNA","CNA_event_000097","PAVBCW","HETDEL","exons 4",0.827
"ALL_CNA_cluster_0002","ALL_CNA","CNA_event_000017","PAVCHZ","HOMDEL","exons 4",0.827
"ALL_CNA_cluster_0002","ALL_CNA","CNA_event_000058","PAVCRK","HETDEL","exons 1",0.065
"ALL_CNA_cluster_0002","ALL_CNA","CNA_event_000057","PAVDJU","HETDEL","exons 1;2;3;4",0.381
"ALL_CNA_cluster_0002","ALL_CNA","CNA_event_000001","PAVESF","HOMDEL","exons 1;2;3",0.147
"ALL_CNA_cluster_0002","ALL_CNA","CNA_event_000056","PAVESF","HETDEL","exons 4",0.827
"ALL_CNA_cluster_0002","ALL_CNA","CNA_event_000048","PAVESV","HETDEL","exons 4",0.234
"ALL_CNA_cluster_0002","ALL_CNA","CNA_event_000134","PAVEUT","HETDEL","exons 1;2;3",0.173
"ALL_CNA_cluster_0002","ALL_CNA","CNA_event_000135","PAVFAC","HETDEL","exons 2;3;4",0.342
"ALL_CNA_cluster_0002","ALL_CNA","CNA_event_000016","PAVFIF","HOMDEL","exons 2;3",0.108
"ALL_CNA_cluster_0002","ALL_CNA","CNA_event_000055","PAVGMF","HETDEL","exons 1;2;3",0.173
"ALL_CNA_cluster_0002","ALL_CNA","CNA_event_000054","PAVIDN","HETDEL","exons 2;3;4",0.342
"ALL_CNA_cluster_0002","ALL_CNA","CNA_event_000053","PAVKJU","HETDEL","exons 2;3",0.108
"ALL_CNA_cluster_0002","ALL_CNA","CNA_event_000014","PAVKPV","HOMDEL","exons 2;3;4",0.342
"ALL_CNA_cluster_0002","ALL_CNA","CNA_event_000095","PAVKUU","HETDEL","exons 2;3;4",0.935
"ALL_CNA_cluster_0002","ALL_CNA","CNA_event_000144","PAVMVL","HETDEL","exons 2;3;4",0.935
"ALL_CNA_cluster_0002","ALL_CNA","CNA_event_000040","PAVPCB","HOMDEL","exons 2;3",0.108
"ALL_CNA_cluster_0002","ALL_CNA","CNA_event_000012","PAVPEN","HOMDEL","exons 4",0.827
"ALL_CNA_cluster_0002","ALL_CNA","CNA_event_000052","PAVPGA","HETDEL","exons 4",0.827
"ALL_CNA_cluster_0002","ALL_CNA","CNA_event_000138","PAVRLT","HETDEL","exons 2;3;4",0.935
"ALL_CNA_cluster_0002","ALL_CNA","CNA_event_000093","PAVRUJ","HETDEL","exons 4",0.234
"ALL_CNA_cluster_0002","ALL_CNA","CNA_event_000092","PAVRYP","HETDEL","exons 2;3",0.108
"ALL_CNA_cluster_0002","ALL_CNA","CNA_event_000011","PAVUCS","HOMDEL","exons 2;3",0.108
"ALL_CNA_cluster_0002","ALL_CNA","CNA_event_000043","PAVZXK","HETDEL","exons 2;3;4",0.935
"ALL_CNA_cluster_0002","ALL_CNA","CNA_event_000154","PAWAFV","GAIN","exons 1",0.065
"ALL_CNA_cluster_0002","ALL_CNA","CNA_event_000010","PAWAIM","HOMDEL","exons 2;3",0.108
"ALL_CNA_cluster_0002","ALL_CNA","CNA_event_000091","PAWAIM","HETDEL","exons 4",0.234
"ALL_CNA_cluster_0002","ALL_CNA","CNA_event_000090","PAWAIN","HETDEL","exons 1",0.065
"ALL_CNA_cluster_0002","ALL_CNA","CNA_event_000143","PAWCUT","HETDEL","exons 2;3;4",0.342
"ALL_CNA_cluster_0002","ALL_CNA","CNA_event_000009","PAWESJ","HOMDEL","exons 1",0.065
"ALL_CNA_cluster_0002","ALL_CNA","CNA_event_000044","PAWFYE","HETDEL","exons 2;3;4",0.459
"ALL_CNA_cluster_0002","ALL_CNA","CNA_event_000008","PAWGDG","HOMDEL","exons 2;3;4",0.935
"ALL_CNA_cluster_0002","ALL_CNA","CNA_event_000088","PAWGYW","HETDEL","exons 2;3;4",0.935
"ALL_CNA_cluster_0002","ALL_CNA","CNA_event_000051","PAWJUJ","HETDEL","exons 2;3;4",0.935
"ALL_CNA_cluster_0002","ALL_CNA","CNA_event_000087","PAWKIT","HETDEL","exons 2;3;4",0.342
"ALL_CNA_cluster_0002","ALL_CNA","CNA_event_000007","PAWKZN","HOMDEL","exons 2;3;4",0.935
"ALL_CNA_cluster_0003","ALL_CNA","CNA_event_000131","PARBTF","HETDEL","exons 3;4",0.342
"ALL_CNA_cluster_0003","ALL_CNA","CNA_event_000130","PARGHJ","HETDEL","exons 3;4",0.935
"ALL_CNA_cluster_0003","ALL_CNA","CNA_event_000047","PARIET","HETDEL","exons 3",0.147
"ALL_CNA_cluster_0003","ALL_CNA","CNA_event_000006","PARJPL","HOMDEL","exons 3;4",0.935
"ALL_CNA_cluster_0003","ALL_CNA","CNA_event_000005","PARMIH","HOMDEL","exons 4",0.827
"ALL_CNA_cluster_0003","ALL_CNA","CNA_event_000085","PARMIH","HETDEL","exons 3",0.108
"ALL_CNA_cluster_0003","ALL_CNA","CNA_event_000129","PARMJA","HETDEL","exons 3;4",0.271
"ALL_CNA_cluster_0003","ALL_CNA","CNA_event_000032","PARNXJ","HOMDEL","exons 3;4",0.935
"ALL_CNA_cluster_0003","ALL_CNA","CNA_event_000042","PARSJG","HOMDEL","exons 4",0.827
"ALL_CNA_cluster_0003","ALL_CNA","CNA_event_000031","PARVHY","HOMDEL","exons 3",0.108
"ALL_CNA_cluster_0003","ALL_CNA","CNA_event_000128","PARXHT","HETDEL","exons 3;4",0.935
"ALL_CNA_cluster_0003","ALL_CNA","CNA_event_000180","PASGRU","GAIN","exons 3;4",0.935
"ALL_CNA_cluster_0003","ALL_CNA","CNA_event_000030","PASHZK","HOMDEL","exons 3;4",0.342
"ALL_CNA_cluster_0003","ALL_CNA","CNA_event_000125","PASIJX","HETDEL","exons 3",0.173
"ALL_CNA_cluster_0003","ALL_CNA","CNA_event_000126","PASIJX","HETDEL","exons 4",0.827
"ALL_CNA_cluster_0003","ALL_CNA","CNA_event_000084","PASKAD","HETDEL","exons 3;4",0.342
"ALL_CNA_cluster_0003","ALL_CNA","CNA_event_000141","PASLXY","HETDEL","exons 3",0.108
"ALL_CNA_cluster_0003","ALL_CNA","CNA_event_000029","PASMHF","HOMDEL","exons 3",0.108
"ALL_CNA_cluster_0003","ALL_CNA","CNA_event_000123","PASMHF","HETDEL","exons 4",0.827
"ALL_CNA_cluster_0003","ALL_CNA","CNA_event_000083","PASPDS","HETDEL","exons 3",0.108
"ALL_CNA_cluster_0003","ALL_CNA","CNA_event_000082","PASPLG","HETDEL","exons 4",0.827
"ALL_CNA_cluster_0003","ALL_CNA","CNA_event_000028","PASVKC","HOMDEL","exons 3;4",0.935
"ALL_CNA_cluster_0003","ALL_CNA","CNA_event_000122","PASVZJ","HETDEL","exons 3;4",0.342
"ALL_CNA_cluster_0003","ALL_CNA","CNA_event_000081","PASYVU","HETDEL","exons 3;4",0.935
"ALL_CNA_cluster_0003","ALL_CNA","CNA_event_000080","PASYWF","HETDEL","exons 3;4",0.935
"ALL_CNA_cluster_0003","ALL_CNA","CNA_event_000166","PATALJ","GAIN","exons 4",0.224
"ALL_CNA_cluster_0003","ALL_CNA","CNA_event_000077","PATBTX","HETDEL","exons 3",0.108
"ALL_CNA_cluster_0003","ALL_CNA","CNA_event_000076","PATCTR","HETDEL","exons 3",0.108
"ALL_CNA_cluster_0003","ALL_CNA","CNA_event_000120","PATCWW","HETDEL","exons 3;4",0.342
"ALL_CNA_cluster_0003","ALL_CNA","CNA_event_000119","PATDEK","HETDEL","exons 3;4",0.381
"ALL_CNA_cluster_0003","ALL_CNA","CNA_event_000046","PATGLV","HETDEL","exons 3;4",0.935
"ALL_CNA_cluster_0003","ALL_CNA","CNA_event_000027","PATHRE","HOMDEL","exons 4",0.827
"ALL_CNA_cluster_0003","ALL_CNA","CNA_event_000118","PATHRE","HETDEL","exons 3",0.108
"ALL_CNA_cluster_0003","ALL_CNA","CNA_event_000026","PATHSL","HOMDEL","exons 3",0.108
"ALL_CNA_cluster_0003","ALL_CNA","CNA_event_000117","PATHSL","HETDEL","exons 4",0.827
"ALL_CNA_cluster_0003","ALL_CNA","CNA_event_000025","PATKKV","HOMDEL","exons 3;4",0.342
"ALL_CNA_cluster_0003","ALL_CNA","CNA_event_000115","PATKPW","HETDEL","exons 3;4",0.935
"ALL_CNA_cluster_0003","ALL_CNA","CNA_event_000075","PATKVD","HETDEL","exons 3;4",0.459
"ALL_CNA_cluster_0003","ALL_CNA","CNA_event_000140","PATKWU","HETDEL","exons 3;4",0.407
"ALL_CNA_cluster_0003","ALL_CNA","CNA_event_000114","PATLUU","HETDEL","exons 3;4",0.935
"ALL_CNA_cluster_0003","ALL_CNA","CNA_event_000024","PATSIL","HOMDEL","exons 3;4",0.381
"ALL_CNA_cluster_0003","ALL_CNA","CNA_event_000023","PATTAC","HOMDEL","exons 3;4",0.935
"ALL_CNA_cluster_0003","ALL_CNA","CNA_event_000139","PATUWK","HETDEL","exons 4",0.474
"ALL_CNA_cluster_0003","ALL_CNA","CNA_event_000111","PATXNK","HETDEL","exons 3;4",0.935
"ALL_CNA_cluster_0003","ALL_CNA","CNA_event_000074","PATZXK","HETDEL","exons 3;4",0.935
"ALL_CNA_cluster_0003","ALL_CNA","CNA_event_000022","PAUADY","HOMDEL","exons 3",0.108
"ALL_CNA_cluster_0003","ALL_CNA","CNA_event_000035","PAUEGE","HOMDEL","exons 3",0.108
"ALL_CNA_cluster_0003","ALL_CNA","CNA_event_000137","PAUEGE","HETDEL","exons 4",0.827
"ALL_CNA_cluster_0003","ALL_CNA","CNA_event_000071","PAUGAP","HETDEL","exons 3",0.108
"ALL_CNA_cluster_0003","ALL_CNA","CNA_event_000069","PAUGLY","HETDEL","exons 3;4",0.935
"ALL_CNA_cluster_0003","ALL_CNA","CNA_event_000003","PAUHYI","HOMDEL","exons 3",0.108
"ALL_CNA_cluster_0003","ALL_CNA","CNA_event_000068","PAUHYI","HETDEL","exons 4",0.234
"ALL_CNA_cluster_0003","ALL_CNA","CNA_event_000066","PAUIEM","HETDEL","exons 4",0.827
"ALL_CNA_cluster_0003","ALL_CNA","CNA_event_000108","PAUJYN","HETDEL","exons 3",0.037
"ALL_CNA_cluster_0003","ALL_CNA","CNA_event_000109","PAUJYN","HETDEL","exons 4",0.827
"ALL_CNA_cluster_0003","ALL_CNA","CNA_event_000151","PAULMU","HETDEL","exons 3;4",0.849
"ALL_CNA_cluster_0003","ALL_CNA","CNA_event_000021","PAUMXB","HOMDEL","exons 4",0.827
"ALL_CNA_cluster_0003","ALL_CNA","CNA_event_000105","PAUMXB","HETDEL","exons 3",0.173
"ALL_CNA_cluster_0003","ALL_CNA","CNA_event_000049","PAUNBU","HETDEL","exons 3;4",0.935
"ALL_CNA_cluster_0003","ALL_CNA","CNA_event_000034","PAUPVR","HOMDEL","exons 3;4",0.342
"ALL_CNA_cluster_0003","ALL_CNA","CNA_event_000064","PAURLU","HETDEL","exons 4",0.49
"ALL_CNA_cluster_0003","ALL_CNA","CNA_event_000157","PAUTBB","GAIN","exons 3;4",0.864
"ALL_CNA_cluster_0003","ALL_CNA","CNA_event_000063","PAUTBD","HETDEL","exons 4",0.827
"ALL_CNA_cluster_0003","ALL_CNA","CNA_event_000104","PAUVUJ","HETDEL","exons 3;4",0.935
"ALL_CNA_cluster_0003","ALL_CNA","CNA_event_000103","PAUVWZ","HETDEL","exons 3;4",0.342
"ALL_CNA_cluster_0003","ALL_CNA","CNA_event_000062","PAUWUY","HETDEL","exons 3;4",0.935
"ALL_CNA_cluster_0003","ALL_CNA","CNA_event_000102","PAUXYI","HETDEL","exons 3;4",0.935
"ALL_CNA_cluster_0003","ALL_CNA","CNA_event_000019","PAUYBP","HOMDEL","exons 3",0.108
"ALL_CNA_cluster_0003","ALL_CNA","CNA_event_000100","PAUYBP","HETDEL","exons 4",0.234
"ALL_CNA_cluster_0003","ALL_CNA","CNA_event_000099","PAUYIK","HETDEL","exons 3",0.173
"ALL_CNA_cluster_0003","ALL_CNA","CNA_event_000002","PAUYJE","HOMDEL","exons 3;4",0.342
"ALL_CNA_cluster_0003","ALL_CNA","CNA_event_000098","PAVAJG","HETDEL","exons 3",0.108
"ALL_CNA_cluster_0003","ALL_CNA","CNA_event_000050","PAVAPE","HETDEL","exons 4",0.827
"ALL_CNA_cluster_0003","ALL_CNA","CNA_event_000059","PAVAWP","HETDEL","exons 3;4",0.935
"ALL_CNA_cluster_0003","ALL_CNA","CNA_event_000018","PAVAWW","HOMDEL","exons 3;4",0.935
"ALL_CNA_cluster_0003","ALL_CNA","CNA_event_000097","PAVBCW","HETDEL","exons 4",0.827
"ALL_CNA_cluster_0003","ALL_CNA","CNA_event_000017","PAVCHZ","HOMDEL","exons 4",0.827
"ALL_CNA_cluster_0003","ALL_CNA","CNA_event_000057","PAVDJU","HETDEL","exons 3;4",0.381
"ALL_CNA_cluster_0003","ALL_CNA","CNA_event_000001","PAVESF","HOMDEL","exons 3",0.147
"ALL_CNA_cluster_0003","ALL_CNA","CNA_event_000056","PAVESF","HETDEL","exons 4",0.827
"ALL_CNA_cluster_0003","ALL_CNA","CNA_event_000048","PAVESV","HETDEL","exons 4",0.234
"ALL_CNA_cluster_0003","ALL_CNA","CNA_event_000134","PAVEUT","HETDEL","exons 3",0.173
"ALL_CNA_cluster_0003","ALL_CNA","CNA_event_000135","PAVFAC","HETDEL","exons 3;4",0.342
"ALL_CNA_cluster_0003","ALL_CNA","CNA_event_000016","PAVFIF","HOMDEL","exons 3",0.108
"ALL_CNA_cluster_0003","ALL_CNA","CNA_event_000055","PAVGMF","HETDEL","exons 3",0.173
"ALL_CNA_cluster_0003","ALL_CNA","CNA_event_000054","PAVIDN","HETDEL","exons 3;4",0.342
"ALL_CNA_cluster_0003","ALL_CNA","CNA_event_000053","PAVKJU","HETDEL","exons 3",0.108
"ALL_CNA_cluster_0003","ALL_CNA","CNA_event_000014","PAVKPV","HOMDEL","exons 3;4",0.342
"ALL_CNA_cluster_0003","ALL_CNA","CNA_event_000095","PAVKUU","HETDEL","exons 3;4",0.935
"ALL_CNA_cluster_0003","ALL_CNA","CNA_event_000144","PAVMVL","HETDEL","exons 3;4",0.935
"ALL_CNA_cluster_0003","ALL_CNA","CNA_event_000040","PAVPCB","HOMDEL","exons 3",0.108
"ALL_CNA_cluster_0003","ALL_CNA","CNA_event_000012","PAVPEN","HOMDEL","exons 4",0.827
"ALL_CNA_cluster_0003","ALL_CNA","CNA_event_000052","PAVPGA","HETDEL","exons 4",0.827
"ALL_CNA_cluster_0003","ALL_CNA","CNA_event_000138","PAVRLT","HETDEL","exons 3;4",0.935
"ALL_CNA_cluster_0003","ALL_CNA","CNA_event_000093","PAVRUJ","HETDEL","exons 4",0.234
"ALL_CNA_cluster_0003","ALL_CNA","CNA_event_000092","PAVRYP","HETDEL","exons 3",0.108
"ALL_CNA_cluster_0003","ALL_CNA","CNA_event_000011","PAVUCS","HOMDEL","exons 3",0.108
"ALL_CNA_cluster_0003","ALL_CNA","CNA_event_000043","PAVZXK","HETDEL","exons 3;4",0.935
"ALL_CNA_cluster_0003","ALL_CNA","CNA_event_000010","PAWAIM","HOMDEL","exons 3",0.108
"ALL_CNA_cluster_0003","ALL_CNA","CNA_event_000091","PAWAIM","HETDEL","exons 4",0.234
"ALL_CNA_cluster_0003","ALL_CNA","CNA_event_000143","PAWCUT","HETDEL","exons 3;4",0.342
"ALL_CNA_cluster_0003","ALL_CNA","CNA_event_000044","PAWFYE","HETDEL","exons 3;4",0.459
"ALL_CNA_cluster_0003","ALL_CNA","CNA_event_000008","PAWGDG","HOMDEL","exons 3;4",0.935
"ALL_CNA_cluster_0003","ALL_CNA","CNA_event_000088","PAWGYW","HETDEL","exons 3;4",0.935
"ALL_CNA_cluster_0003","ALL_CNA","CNA_event_000051","PAWJUJ","HETDEL","exons 3;4",0.935
"ALL_CNA_cluster_0003","ALL_CNA","CNA_event_000087","PAWKIT","HETDEL","exons 3;4",0.342
"ALL_CNA_cluster_0003","ALL_CNA","CNA_event_000007","PAWKZN","HOMDEL","exons 3;4",0.935
"ALL_CNA_cluster_0004","ALL_CNA","CNA_event_000131","PARBTF","HETDEL","exons 2;5",0.342
"ALL_CNA_cluster_0004","ALL_CNA","CNA_event_000130","PARGHJ","HETDEL","exons 2;5",0.935
"ALL_CNA_cluster_0004","ALL_CNA","CNA_event_000047","PARIET","HETDEL","exons 2",0.147
"ALL_CNA_cluster_0004","ALL_CNA","CNA_event_000006","PARJPL","HOMDEL","exons 2;5",0.935
"ALL_CNA_cluster_0004","ALL_CNA","CNA_event_000005","PARMIH","HOMDEL","exons 5",0.827
"ALL_CNA_cluster_0004","ALL_CNA","CNA_event_000085","PARMIH","HETDEL","exons 2",0.108
"ALL_CNA_cluster_0004","ALL_CNA","CNA_event_000033","PARMJA","HOMDEL","exons 2",0.07
"ALL_CNA_cluster_0004","ALL_CNA","CNA_event_000129","PARMJA","HETDEL","exons 5",0.271
"ALL_CNA_cluster_0004","ALL_CNA","CNA_event_000032","PARNXJ","HOMDEL","exons 2;5",0.935
"ALL_CNA_cluster_0004","ALL_CNA","CNA_event_000042","PARSJG","HOMDEL","exons 5",0.827
"ALL_CNA_cluster_0004","ALL_CNA","CNA_event_000031","PARVHY","HOMDEL","exons 2",0.108
"ALL_CNA_cluster_0004","ALL_CNA","CNA_event_000128","PARXHT","HETDEL","exons 2;5",0.935
"ALL_CNA_cluster_0004","ALL_CNA","CNA_event_000180","PASGRU","GAIN","exons 2;5",0.935
"ALL_CNA_cluster_0004","ALL_CNA","CNA_event_000030","PASHZK","HOMDEL","exons 2;5",0.342
"ALL_CNA_cluster_0004","ALL_CNA","CNA_event_000125","PASIJX","HETDEL","exons 2",0.173
"ALL_CNA_cluster_0004","ALL_CNA","CNA_event_000126","PASIJX","HETDEL","exons 5",0.827
"ALL_CNA_cluster_0004","ALL_CNA","CNA_event_000084","PASKAD","HETDEL","exons 2;5",0.342
"ALL_CNA_cluster_0004","ALL_CNA","CNA_event_000141","PASLXY","HETDEL","exons 2",0.108
"ALL_CNA_cluster_0004","ALL_CNA","CNA_event_000029","PASMHF","HOMDEL","exons 2",0.108
"ALL_CNA_cluster_0004","ALL_CNA","CNA_event_000123","PASMHF","HETDEL","exons 5",0.827
"ALL_CNA_cluster_0004","ALL_CNA","CNA_event_000083","PASPDS","HETDEL","exons 2",0.108
"ALL_CNA_cluster_0004","ALL_CNA","CNA_event_000082","PASPLG","HETDEL","exons 5",0.827
"ALL_CNA_cluster_0004","ALL_CNA","CNA_event_000028","PASVKC","HOMDEL","exons 2;5",0.935
"ALL_CNA_cluster_0004","ALL_CNA","CNA_event_000122","PASVZJ","HETDEL","exons 2;5",0.342
"ALL_CNA_cluster_0004","ALL_CNA","CNA_event_000081","PASYVU","HETDEL","exons 2;5",0.935
"ALL_CNA_cluster_0004","ALL_CNA","CNA_event_000080","PASYWF","HETDEL","exons 2;5",0.935
"ALL_CNA_cluster_0004","ALL_CNA","CNA_event_000166","PATALJ","GAIN","exons 5",0.224
"ALL_CNA_cluster_0004","ALL_CNA","CNA_event_000077","PATBTX","HETDEL","exons 2",0.108
"ALL_CNA_cluster_0004","ALL_CNA","CNA_event_000076","PATCTR","HETDEL","exons 2",0.108
"ALL_CNA_cluster_0004","ALL_CNA","CNA_event_000120","PATCWW","HETDEL","exons 2;5",0.342
"ALL_CNA_cluster_0004","ALL_CNA","CNA_event_000119","PATDEK","HETDEL","exons 2;5",0.381
"ALL_CNA_cluster_0004","ALL_CNA","CNA_event_000046","PATGLV","HETDEL","exons 2;5",0.935
"ALL_CNA_cluster_0004","ALL_CNA","CNA_event_000027","PATHRE","HOMDEL","exons 5",0.827
"ALL_CNA_cluster_0004","ALL_CNA","CNA_event_000118","PATHRE","HETDEL","exons 2",0.108
"ALL_CNA_cluster_0004","ALL_CNA","CNA_event_000026","PATHSL","HOMDEL","exons 2",0.108
"ALL_CNA_cluster_0004","ALL_CNA","CNA_event_000117","PATHSL","HETDEL","exons 5",0.827
"ALL_CNA_cluster_0004","ALL_CNA","CNA_event_000025","PATKKV","HOMDEL","exons 2;5",0.342
"ALL_CNA_cluster_0004","ALL_CNA","CNA_event_000115","PATKPW","HETDEL","exons 2;5",0.935
"ALL_CNA_cluster_0004","ALL_CNA","CNA_event_000075","PATKVD","HETDEL","exons 2;5",0.459
"ALL_CNA_cluster_0004","ALL_CNA","CNA_event_000140","PATKWU","HETDEL","exons 2;5",0.407
"ALL_CNA_cluster_0004","ALL_CNA","CNA_event_000114","PATLUU","HETDEL","exons 2;5",0.935
"ALL_CNA_cluster_0004","ALL_CNA","CNA_event_000024","PATSIL","HOMDEL","exons 2;5",0.381
"ALL_CNA_cluster_0004","ALL_CNA","CNA_event_000023","PATTAC","HOMDEL","exons 2;5",0.935
"ALL_CNA_cluster_0004","ALL_CNA","CNA_event_000139","PATUWK","HETDEL","exons 5",0.474
"ALL_CNA_cluster_0004","ALL_CNA","CNA_event_000111","PATXNK","HETDEL","exons 2;5",0.935
"ALL_CNA_cluster_0004","ALL_CNA","CNA_event_000074","PATZXK","HETDEL","exons 2;5",0.935
"ALL_CNA_cluster_0004","ALL_CNA","CNA_event_000022","PAUADY","HOMDEL","exons 2",0.108
"ALL_CNA_cluster_0004","ALL_CNA","CNA_event_000072","PAUCFC","HETDEL","exons 2",0.07
"ALL_CNA_cluster_0004","ALL_CNA","CNA_event_000035","PAUEGE","HOMDEL","exons 2",0.108
"ALL_CNA_cluster_0004","ALL_CNA","CNA_event_000137","PAUEGE","HETDEL","exons 5",0.827
"ALL_CNA_cluster_0004","ALL_CNA","CNA_event_000071","PAUGAP","HETDEL","exons 2",0.108
"ALL_CNA_cluster_0004","ALL_CNA","CNA_event_000069","PAUGLY","HETDEL","exons 2;5",0.935
"ALL_CNA_cluster_0004","ALL_CNA","CNA_event_000003","PAUHYI","HOMDEL","exons 2",0.108
"ALL_CNA_cluster_0004","ALL_CNA","CNA_event_000068","PAUHYI","HETDEL","exons 5",0.234
"ALL_CNA_cluster_0004","ALL_CNA","CNA_event_000065","PAUIEM","HETDEL","exons 2",0.07
"ALL_CNA_cluster_0004","ALL_CNA","CNA_event_000066","PAUIEM","HETDEL","exons 5",0.827
"ALL_CNA_cluster_0004","ALL_CNA","CNA_event_000107","PAUJYN","HETDEL","exons 2",0.136
"ALL_CNA_cluster_0004","ALL_CNA","CNA_event_000109","PAUJYN","HETDEL","exons 5",0.827
"ALL_CNA_cluster_0004","ALL_CNA","CNA_event_000146","PAUKMA","HETDEL","exons 2",0.136
"ALL_CNA_cluster_0004","ALL_CNA","CNA_event_000151","PAULMU","HETDEL","exons 2;5",0.849
"ALL_CNA_cluster_0004","ALL_CNA","CNA_event_000021","PAUMXB","HOMDEL","exons 5",0.827
"ALL_CNA_cluster_0004","ALL_CNA","CNA_event_000105","PAUMXB","HETDEL","exons 2",0.173
"ALL_CNA_cluster_0004","ALL_CNA","CNA_event_000049","PAUNBU","HETDEL","exons 2;5",0.935
"ALL_CNA_cluster_0004","ALL_CNA","CNA_event_000034","PAUPVR","HOMDEL","exons 2;5",0.342
"ALL_CNA_cluster_0004","ALL_CNA","CNA_event_000064","PAURLU","HETDEL","exons 5",0.49
"ALL_CNA_cluster_0004","ALL_CNA","CNA_event_000157","PAUTBB","GAIN","exons 5",0.864
"ALL_CNA_cluster_0004","ALL_CNA","CNA_event_000063","PAUTBD","HETDEL","exons 5",0.827
"ALL_CNA_cluster_0004","ALL_CNA","CNA_event_000104","PAUVUJ","HETDEL","exons 2;5",0.935
"ALL_CNA_cluster_0004","ALL_CNA","CNA_event_000103","PAUVWZ","HETDEL","exons 2;5",0.342
"ALL_CNA_cluster_0004","ALL_CNA","CNA_event_000062","PAUWUY","HETDEL","exons 2;5",0.935
"ALL_CNA_cluster_0004","ALL_CNA","CNA_event_000102","PAUXYI","HETDEL","exons 2;5",0.935
"ALL_CNA_cluster_0004","ALL_CNA","CNA_event_000019","PAUYBP","HOMDEL","exons 2",0.108
"ALL_CNA_cluster_0004","ALL_CNA","CNA_event_000100","PAUYBP","HETDEL","exons 5",0.234
"ALL_CNA_cluster_0004","ALL_CNA","CNA_event_000099","PAUYIK","HETDEL","exons 2",0.173
"ALL_CNA_cluster_0004","ALL_CNA","CNA_event_000002","PAUYJE","HOMDEL","exons 2;5",0.342
"ALL_CNA_cluster_0004","ALL_CNA","CNA_event_000098","PAVAJG","HETDEL","exons 2",0.108
"ALL_CNA_cluster_0004","ALL_CNA","CNA_event_000050","PAVAPE","HETDEL","exons 5",0.827
"ALL_CNA_cluster_0004","ALL_CNA","CNA_event_000059","PAVAWP","HETDEL","exons 2;5",0.935
"ALL_CNA_cluster_0004","ALL_CNA","CNA_event_000018","PAVAWW","HOMDEL","exons 2;5",0.935
"ALL_CNA_cluster_0004","ALL_CNA","CNA_event_000097","PAVBCW","HETDEL","exons 5",0.827
"ALL_CNA_cluster_0004","ALL_CNA","CNA_event_000017","PAVCHZ","HOMDEL","exons 5",0.827
"ALL_CNA_cluster_0004","ALL_CNA","CNA_event_000057","PAVDJU","HETDEL","exons 2;5",0.381
"ALL_CNA_cluster_0004","ALL_CNA","CNA_event_000001","PAVESF","HOMDEL","exons 2",0.147
"ALL_CNA_cluster_0004","ALL_CNA","CNA_event_000056","PAVESF","HETDEL","exons 5",0.827
"ALL_CNA_cluster_0004","ALL_CNA","CNA_event_000048","PAVESV","HETDEL","exons 5",0.234
"ALL_CNA_cluster_0004","ALL_CNA","CNA_event_000134","PAVEUT","HETDEL","exons 2",0.173
"ALL_CNA_cluster_0004","ALL_CNA","CNA_event_000135","PAVFAC","HETDEL","exons 2;5",0.342
"ALL_CNA_cluster_0004","ALL_CNA","CNA_event_000016","PAVFIF","HOMDEL","exons 2",0.108
"ALL_CNA_cluster_0004","ALL_CNA","CNA_event_000055","PAVGMF","HETDEL","exons 2",0.173
"ALL_CNA_cluster_0004","ALL_CNA","CNA_event_000054","PAVIDN","HETDEL","exons 2;5",0.342
"ALL_CNA_cluster_0004","ALL_CNA","CNA_event_000053","PAVKJU","HETDEL","exons 2",0.108
"ALL_CNA_cluster_0004","ALL_CNA","CNA_event_000014","PAVKPV","HOMDEL","exons 2;5",0.342
"ALL_CNA_cluster_0004","ALL_CNA","CNA_event_000095","PAVKUU","HETDEL","exons 2;5",0.935
"ALL_CNA_cluster_0004","ALL_CNA","CNA_event_000144","PAVMVL","HETDEL","exons 2;5",0.935
"ALL_CNA_cluster_0004","ALL_CNA","CNA_event_000040","PAVPCB","HOMDEL","exons 2",0.108
"ALL_CNA_cluster_0004","ALL_CNA","CNA_event_000012","PAVPEN","HOMDEL","exons 5",0.827
"ALL_CNA_cluster_0004","ALL_CNA","CNA_event_000052","PAVPGA","HETDEL","exons 5",0.827
"ALL_CNA_cluster_0004","ALL_CNA","CNA_event_000138","PAVRLT","HETDEL","exons 2;5",0.935
"ALL_CNA_cluster_0004","ALL_CNA","CNA_event_000093","PAVRUJ","HETDEL","exons 5",0.234
"ALL_CNA_cluster_0004","ALL_CNA","CNA_event_000092","PAVRYP","HETDEL","exons 2",0.108
"ALL_CNA_cluster_0004","ALL_CNA","CNA_event_000011","PAVUCS","HOMDEL","exons 2",0.108
"ALL_CNA_cluster_0004","ALL_CNA","CNA_event_000043","PAVZXK","HETDEL","exons 2;5",0.935
"ALL_CNA_cluster_0004","ALL_CNA","CNA_event_000010","PAWAIM","HOMDEL","exons 2",0.108
"ALL_CNA_cluster_0004","ALL_CNA","CNA_event_000091","PAWAIM","HETDEL","exons 5",0.234
"ALL_CNA_cluster_0004","ALL_CNA","CNA_event_000143","PAWCUT","HETDEL","exons 2;5",0.342
"ALL_CNA_cluster_0004","ALL_CNA","CNA_event_000044","PAWFYE","HETDEL","exons 2;5",0.459
"ALL_CNA_cluster_0004","ALL_CNA","CNA_event_000008","PAWGDG","HOMDEL","exons 2;5",0.935
"ALL_CNA_cluster_0004","ALL_CNA","CNA_event_000088","PAWGYW","HETDEL","exons 2;5",0.935
"ALL_CNA_cluster_0004","ALL_CNA","CNA_event_000051","PAWJUJ","HETDEL","exons 2;5",0.935
"ALL_CNA_cluster_0004","ALL_CNA","CNA_event_000087","PAWKIT","HETDEL","exons 2;5",0.342
"ALL_CNA_cluster_0004","ALL_CNA","CNA_event_000007","PAWKZN","HOMDEL","exons 2;5",0.935
"ALL_CNA_cluster_0005","ALL_CNA","CNA_event_000131","PARBTF","HETDEL","exons 2;3;4;5",0.342
"ALL_CNA_cluster_0005","ALL_CNA","CNA_event_000130","PARGHJ","HETDEL","exons 2;3;4;5",0.935
"ALL_CNA_cluster_0005","ALL_CNA","CNA_event_000047","PARIET","HETDEL","exons 1;2;3",0.147
"ALL_CNA_cluster_0005","ALL_CNA","CNA_event_000006","PARJPL","HOMDEL","exons 2;3;4;5",0.935
"ALL_CNA_cluster_0005","ALL_CNA","CNA_event_000086","PARJPL","HETDEL","exons 1",0.065
"ALL_CNA_cluster_0005","ALL_CNA","CNA_event_000005","PARMIH","HOMDEL","exons 4;5",0.827
"ALL_CNA_cluster_0005","ALL_CNA","CNA_event_000085","PARMIH","HETDEL","exons 2;3",0.108
"ALL_CNA_cluster_0005","ALL_CNA","CNA_event_000033","PARMJA","HOMDEL","exons 2",0.07
"ALL_CNA_cluster_0005","ALL_CNA","CNA_event_000129","PARMJA","HETDEL","exons 3;4;5",0.271
"ALL_CNA_cluster_0005","ALL_CNA","CNA_event_000032","PARNXJ","HOMDEL","exons 2;3;4;5",0.935
"ALL_CNA_cluster_0005","ALL_CNA","CNA_event_000042","PARSJG","HOMDEL","exons 4;5",0.827
"ALL_CNA_cluster_0005","ALL_CNA","CNA_event_000031","PARVHY","HOMDEL","exons 2;3",0.108
"ALL_CNA_cluster_0005","ALL_CNA","CNA_event_000128","PARXHT","HETDEL","exons 2;3;4;5",0.935
"ALL_CNA_cluster_0005","ALL_CNA","CNA_event_000178","PASGRU","GAIN","exons 1",0.065
"ALL_CNA_cluster_0005","ALL_CNA","CNA_event_000180","PASGRU","GAIN","exons 2;3;4;5",0.935
"ALL_CNA_cluster_0005","ALL_CNA","CNA_event_000030","PASHZK","HOMDEL","exons 2;3;4;5",0.342
"ALL_CNA_cluster_0005","ALL_CNA","CNA_event_000125","PASIJX","HETDEL","exons 1;2;3",0.173
"ALL_CNA_cluster_0005","ALL_CNA","CNA_event_000126","PASIJX","HETDEL","exons 4;5",0.827
"ALL_CNA_cluster_0005","ALL_CNA","CNA_event_000084","PASKAD","HETDEL","exons 2;3;4;5",0.342
"ALL_CNA_cluster_0005","ALL_CNA","CNA_event_000141","PASLXY","HETDEL","exons 2;3",0.108
"ALL_CNA_cluster_0005","ALL_CNA","CNA_event_000029","PASMHF","HOMDEL","exons 2;3",0.108
"ALL_CNA_cluster_0005","ALL_CNA","CNA_event_000123","PASMHF","HETDEL","exons 4;5",0.827
"ALL_CNA_cluster_0005","ALL_CNA","CNA_event_000083","PASPDS","HETDEL","exons 2;3",0.108
"ALL_CNA_cluster_0005","ALL_CNA","CNA_event_000082","PASPLG","HETDEL","exons 4;5",0.827
"ALL_CNA_cluster_0005","ALL_CNA","CNA_event_000028","PASVKC","HOMDEL","exons 2;3;4;5",0.935
"ALL_CNA_cluster_0005","ALL_CNA","CNA_event_000122","PASVZJ","HETDEL","exons 2;3;4;5",0.342
"ALL_CNA_cluster_0005","ALL_CNA","CNA_event_000081","PASYVU","HETDEL","exons 2;3;4;5",0.935
"ALL_CNA_cluster_0005","ALL_CNA","CNA_event_000079","PASYWF","HETDEL","exons 1",0.065
"ALL_CNA_cluster_0005","ALL_CNA","CNA_event_000080","PASYWF","HETDEL","exons 2;3;4;5",0.935
"ALL_CNA_cluster_0005","ALL_CNA","CNA_event_000166","PATALJ","GAIN","exons 4;5",0.224
"ALL_CNA_cluster_0005","ALL_CNA","CNA_event_000077","PATBTX","HETDEL","exons 2;3",0.108
"ALL_CNA_cluster_0005","ALL_CNA","CNA_event_000076","PATCTR","HETDEL","exons 2;3",0.108
"ALL_CNA_cluster_0005","ALL_CNA","CNA_event_000120","PATCWW","HETDEL","exons 2;3;4;5",0.342
"ALL_CNA_cluster_0005","ALL_CNA","CNA_event_000119","PATDEK","HETDEL","exons 1;2;3;4;5",0.381
"ALL_CNA_cluster_0005","ALL_CNA","CNA_event_000046","PATGLV","HETDEL","exons 2;3;4;5",0.935
"ALL_CNA_cluster_0005","ALL_CNA","CNA_event_000027","PATHRE","HOMDEL","exons 4;5",0.827
"ALL_CNA_cluster_0005","ALL_CNA","CNA_event_000118","PATHRE","HETDEL","exons 2;3",0.108
"ALL_CNA_cluster_0005","ALL_CNA","CNA_event_000026","PATHSL","HOMDEL","exons 2;3",0.108
"ALL_CNA_cluster_0005","ALL_CNA","CNA_event_000117","PATHSL","HETDEL","exons 4;5",0.827
"ALL_CNA_cluster_0005","ALL_CNA","CNA_event_000025","PATKKV","HOMDEL","exons 2;3;4;5",0.342
"ALL_CNA_cluster_0005","ALL_CNA","CNA_event_000115","PATKPW","HETDEL","exons 2;3;4;5",0.935
"ALL_CNA_cluster_0005","ALL_CNA","CNA_event_000075","PATKVD","HETDEL","exons 2;3;4;5",0.459
"ALL_CNA_cluster_0005","ALL_CNA","CNA_event_000140","PATKWU","HETDEL","exons 1;2;3;4;5",0.407
"ALL_CNA_cluster_0005","ALL_CNA","CNA_event_000114","PATLUU","HETDEL","exons 2;3;4;5",0.935
"ALL_CNA_cluster_0005","ALL_CNA","CNA_event_000024","PATSIL","HOMDEL","exons 1;2;3;4;5",0.381
"ALL_CNA_cluster_0005","ALL_CNA","CNA_event_000023","PATTAC","HOMDEL","exons 2;3;4;5",0.935
"ALL_CNA_cluster_0005","ALL_CNA","CNA_event_000139","PATUWK","HETDEL","exons 4;5",0.474
"ALL_CNA_cluster_0005","ALL_CNA","CNA_event_000111","PATXNK","HETDEL","exons 2;3;4;5",0.935
"ALL_CNA_cluster_0005","ALL_CNA","CNA_event_000074","PATZXK","HETDEL","exons 2;3;4;5",0.935
"ALL_CNA_cluster_0005","ALL_CNA","CNA_event_000022","PAUADY","HOMDEL","exons 2;3",0.108
"ALL_CNA_cluster_0005","ALL_CNA","CNA_event_000072","PAUCFC","HETDEL","exons 2",0.07
"ALL_CNA_cluster_0005","ALL_CNA","CNA_event_000035","PAUEGE","HOMDEL","exons 2;3",0.108
"ALL_CNA_cluster_0005","ALL_CNA","CNA_event_000137","PAUEGE","HETDEL","exons 4;5",0.827
"ALL_CNA_cluster_0005","ALL_CNA","CNA_event_000071","PAUGAP","HETDEL","exons 2;3",0.108
"ALL_CNA_cluster_0005","ALL_CNA","CNA_event_000070","PAUGDZ","HETDEL","exons 1",0.065
"ALL_CNA_cluster_0005","ALL_CNA","CNA_event_000069","PAUGLY","HETDEL","exons 2;3;4;5",0.935
"ALL_CNA_cluster_0005","ALL_CNA","CNA_event_000003","PAUHYI","HOMDEL","exons 2;3",0.108
"ALL_CNA_cluster_0005","ALL_CNA","CNA_event_000068","PAUHYI","HETDEL","exons 4;5",0.234
"ALL_CNA_cluster_0005","ALL_CNA","CNA_event_000065","PAUIEM","HETDEL","exons 2",0.07
"ALL_CNA_cluster_0005","ALL_CNA","CNA_event_000066","PAUIEM","HETDEL","exons 4;5",0.827
"ALL_CNA_cluster_0005","ALL_CNA","CNA_event_000107","PAUJYN","HETDEL","exons 1;2",0.136
"ALL_CNA_cluster_0005","ALL_CNA","CNA_event_000108","PAUJYN","HETDEL","exons 3",0.037
"ALL_CNA_cluster_0005","ALL_CNA","CNA_event_000109","PAUJYN","HETDEL","exons 4;5",0.827
"ALL_CNA_cluster_0005","ALL_CNA","CNA_event_000146","PAUKMA","HETDEL","exons 1;2",0.136
"ALL_CNA_cluster_0005","ALL_CNA","CNA_event_000151","PAULMU","HETDEL","exons 1;2;3;4;5",0.849
"ALL_CNA_cluster_0005","ALL_CNA","CNA_event_000021","PAUMXB","HOMDEL","exons 4;5",0.827
"ALL_CNA_cluster_0005","ALL_CNA","CNA_event_000105","PAUMXB","HETDEL","exons 1;2;3",0.173
"ALL_CNA_cluster_0005","ALL_CNA","CNA_event_000049","PAUNBU","HETDEL","exons 2;3;4;5",0.935
"ALL_CNA_cluster_0005","ALL_CNA","CNA_event_000034","PAUPVR","HOMDEL","exons 2;3;4;5",0.342
"ALL_CNA_cluster_0005","ALL_CNA","CNA_event_000064","PAURLU","HETDEL","exons 4;5",0.49
"ALL_CNA_cluster_0005","ALL_CNA","CNA_event_000157","PAUTBB","GAIN","exons 3;4;5",0.864
"ALL_CNA_cluster_0005","ALL_CNA","CNA_event_000063","PAUTBD","HETDEL","exons 4;5",0.827
"ALL_CNA_cluster_0005","ALL_CNA","CNA_event_000104","PAUVUJ","HETDEL","exons 2;3;4;5",0.935
"ALL_CNA_cluster_0005","ALL_CNA","CNA_event_000103","PAUVWZ","HETDEL","exons 2;3;4;5",0.342
"ALL_CNA_cluster_0005","ALL_CNA","CNA_event_000062","PAUWUY","HETDEL","exons 2;3;4;5",0.935
"ALL_CNA_cluster_0005","ALL_CNA","CNA_event_000102","PAUXYI","HETDEL","exons 2;3;4;5",0.935
"ALL_CNA_cluster_0005","ALL_CNA","CNA_event_000019","PAUYBP","HOMDEL","exons 2;3",0.108
"ALL_CNA_cluster_0005","ALL_CNA","CNA_event_000100","PAUYBP","HETDEL","exons 4;5",0.234
"ALL_CNA_cluster_0005","ALL_CNA","CNA_event_000099","PAUYIK","HETDEL","exons 1;2;3",0.173
"ALL_CNA_cluster_0005","ALL_CNA","CNA_event_000002","PAUYJE","HOMDEL","exons 2;3;4;5",0.342
"ALL_CNA_cluster_0005","ALL_CNA","CNA_event_000098","PAVAJG","HETDEL","exons 2;3",0.108
"ALL_CNA_cluster_0005","ALL_CNA","CNA_event_000050","PAVAPE","HETDEL","exons 4;5",0.827
"ALL_CNA_cluster_0005","ALL_CNA","CNA_event_000059","PAVAWP","HETDEL","exons 2;3;4;5",0.935
"ALL_CNA_cluster_0005","ALL_CNA","CNA_event_000018","PAVAWW","HOMDEL","exons 2;3;4;5",0.935
"ALL_CNA_cluster_0005","ALL_CNA","CNA_event_000096","PAVBCW","HETDEL","exons 1",0.065
"ALL_CNA_cluster_0005","ALL_CNA","CNA_event_000097","PAVBCW","HETDEL","exons 4;5",0.827
"ALL_CNA_cluster_0005","ALL_CNA","CNA_event_000017","PAVCHZ","HOMDEL","exons 4;5",0.827
"ALL_CNA_cluster_0005","ALL_CNA","CNA_event_000058","PAVCRK","HETDEL","exons 1",0.065
"ALL_CNA_cluster_0005","ALL_CNA","CNA_event_000057","PAVDJU","HETDEL","exons 1;2;3;4;5",0.381
"ALL_CNA_cluster_0005","ALL_CNA","CNA_event_000001","PAVESF","HOMDEL","exons 1;2;3",0.147
"ALL_CNA_cluster_0005","ALL_CNA","CNA_event_000056","PAVESF","HETDEL","exons 4;5",0.827
"ALL_CNA_cluster_0005","ALL_CNA","CNA_event_000048","PAVESV","HETDEL","exons 4;5",0.234
"ALL_CNA_cluster_0005","ALL_CNA","CNA_event_000134","PAVEUT","HETDEL","exons 1;2;3",0.173
"ALL_CNA_cluster_0005","ALL_CNA","CNA_event_000135","PAVFAC","HETDEL","exons 2;3;4;5",0.342
"ALL_CNA_cluster_0005","ALL_CNA","CNA_event_000016","PAVFIF","HOMDEL","exons 2;3",0.108
"ALL_CNA_cluster_0005","ALL_CNA","CNA_event_000055","PAVGMF","HETDEL","exons 1;2;3",0.173
"ALL_CNA_cluster_0005","ALL_CNA","CNA_event_000054","PAVIDN","HETDEL","exons 2;3;4;5",0.342
"ALL_CNA_cluster_0005","ALL_CNA","CNA_event_000053","PAVKJU","HETDEL","exons 2;3",0.108
"ALL_CNA_cluster_0005","ALL_CNA","CNA_event_000014","PAVKPV","HOMDEL","exons 2;3;4;5",0.342
"ALL_CNA_cluster_0005","ALL_CNA","CNA_event_000095","PAVKUU","HETDEL","exons 2;3;4;5",0.935
"ALL_CNA_cluster_0005","ALL_CNA","CNA_event_000144","PAVMVL","HETDEL","exons 2;3;4;5",0.935
"ALL_CNA_cluster_0005","ALL_CNA","CNA_event_000040","PAVPCB","HOMDEL","exons 2;3",0.108
"ALL_CNA_cluster_0005","ALL_CNA","CNA_event_000012","PAVPEN","HOMDEL","exons 4;5",0.827
"ALL_CNA_cluster_0005","ALL_CNA","CNA_event_000052","PAVPGA","HETDEL","exons 4;5",0.827
"ALL_CNA_cluster_0005","ALL_CNA","CNA_event_000138","PAVRLT","HETDEL","exons 2;3;4;5",0.935
"ALL_CNA_cluster_0005","ALL_CNA","CNA_event_000093","PAVRUJ","HETDEL","exons 4;5",0.234
"ALL_CNA_cluster_0005","ALL_CNA","CNA_event_000092","PAVRYP","HETDEL","exons 2;3",0.108
"ALL_CNA_cluster_0005","ALL_CNA","CNA_event_000011","PAVUCS","HOMDEL","exons 2;3",0.108
"ALL_CNA_cluster_0005","ALL_CNA","CNA_event_000043","PAVZXK","HETDEL","exons 2;3;4;5",0.935
"ALL_CNA_cluster_0005","ALL_CNA","CNA_event_000154","PAWAFV","GAIN","exons 1",0.065
"ALL_CNA_cluster_0005","ALL_CNA","CNA_event_000010","PAWAIM","HOMDEL","exons 2;3",0.108
"ALL_CNA_cluster_0005","ALL_CNA","CNA_event_000091","PAWAIM","HETDEL","exons 4;5",0.234
"ALL_CNA_cluster_0005","ALL_CNA","CNA_event_000090","PAWAIN","HETDEL","exons 1",0.065
"ALL_CNA_cluster_0005","ALL_CNA","CNA_event_000143","PAWCUT","HETDEL","exons 2;3;4;5",0.342
"ALL_CNA_cluster_0005","ALL_CNA","CNA_event_000009","PAWESJ","HOMDEL","exons 1",0.065
"ALL_CNA_cluster_0005","ALL_CNA","CNA_event_000044","PAWFYE","HETDEL","exons 2;3;4;5",0.459
"ALL_CNA_cluster_0005","ALL_CNA","CNA_event_000008","PAWGDG","HOMDEL","exons 2;3;4;5",0.935
"ALL_CNA_cluster_0005","ALL_CNA","CNA_event_000088","PAWGYW","HETDEL","exons 2;3;4;5",0.935
"ALL_CNA_cluster_0005","ALL_CNA","CNA_event_000051","PAWJUJ","HETDEL","exons 2;3;4;5",0.935
"ALL_CNA_cluster_0005","ALL_CNA","CNA_event_000087","PAWKIT","HETDEL","exons 2;3;4;5",0.342
"ALL_CNA_cluster_0005","ALL_CNA","CNA_event_000007","PAWKZN","HOMDEL","exons 2;3;4;5",0.935
"ALL_CNA_cluster_0006","ALL_CNA","CNA_event_000131","PARBTF","HETDEL","exons 2",0.342
"ALL_CNA_cluster_0006","ALL_CNA","CNA_event_000130","PARGHJ","HETDEL","exons 2",0.935
"ALL_CNA_cluster_0006","ALL_CNA","CNA_event_000047","PARIET","HETDEL","exons 1;2",0.147
"ALL_CNA_cluster_0006","ALL_CNA","CNA_event_000006","PARJPL","HOMDEL","exons 2",0.935
"ALL_CNA_cluster_0006","ALL_CNA","CNA_event_000086","PARJPL","HETDEL","exons 1",0.065
"ALL_CNA_cluster_0006","ALL_CNA","CNA_event_000085","PARMIH","HETDEL","exons 2",0.108
"ALL_CNA_cluster_0006","ALL_CNA","CNA_event_000033","PARMJA","HOMDEL","exons 2",0.07
"ALL_CNA_cluster_0006","ALL_CNA","CNA_event_000032","PARNXJ","HOMDEL","exons 2",0.935
"ALL_CNA_cluster_0006","ALL_CNA","CNA_event_000031","PARVHY","HOMDEL","exons 2",0.108
"ALL_CNA_cluster_0006","ALL_CNA","CNA_event_000128","PARXHT","HETDEL","exons 2",0.935
"ALL_CNA_cluster_0006","ALL_CNA","CNA_event_000178","PASGRU","GAIN","exons 1",0.065
"ALL_CNA_cluster_0006","ALL_CNA","CNA_event_000180","PASGRU","GAIN","exons 2",0.935
"ALL_CNA_cluster_0006","ALL_CNA","CNA_event_000030","PASHZK","HOMDEL","exons 2",0.342
"ALL_CNA_cluster_0006","ALL_CNA","CNA_event_000125","PASIJX","HETDEL","exons 1;2",0.173
"ALL_CNA_cluster_0006","ALL_CNA","CNA_event_000084","PASKAD","HETDEL","exons 2",0.342
"ALL_CNA_cluster_0006","ALL_CNA","CNA_event_000141","PASLXY","HETDEL","exons 2",0.108
"ALL_CNA_cluster_0006","ALL_CNA","CNA_event_000029","PASMHF","HOMDEL","exons 2",0.108
"ALL_CNA_cluster_0006","ALL_CNA","CNA_event_000083","PASPDS","HETDEL","exons 2",0.108
"ALL_CNA_cluster_0006","ALL_CNA","CNA_event_000028","PASVKC","HOMDEL","exons 2",0.935
"ALL_CNA_cluster_0006","ALL_CNA","CNA_event_000122","PASVZJ","HETDEL","exons 2",0.342
"ALL_CNA_cluster_0006","ALL_CNA","CNA_event_000081","PASYVU","HETDEL","exons 2",0.935
"ALL_CNA_cluster_0006","ALL_CNA","CNA_event_000079","PASYWF","HETDEL","exons 1",0.065
"ALL_CNA_cluster_0006","ALL_CNA","CNA_event_000080","PASYWF","HETDEL","exons 2",0.935
"ALL_CNA_cluster_0006","ALL_CNA","CNA_event_000077","PATBTX","HETDEL","exons 2",0.108
"ALL_CNA_cluster_0006","ALL_CNA","CNA_event_000076","PATCTR","HETDEL","exons 2",0.108
"ALL_CNA_cluster_0006","ALL_CNA","CNA_event_000120","PATCWW","HETDEL","exons 2",0.342
"ALL_CNA_cluster_0006","ALL_CNA","CNA_event_000119","PATDEK","HETDEL","exons 1;2",0.381
"ALL_CNA_cluster_0006","ALL_CNA","CNA_event_000046","PATGLV","HETDEL","exons 2",0.935
"ALL_CNA_cluster_0006","ALL_CNA","CNA_event_000118","PATHRE","HETDEL","exons 2",0.108
"ALL_CNA_cluster_0006","ALL_CNA","CNA_event_000026","PATHSL","HOMDEL","exons 2",0.108
"ALL_CNA_cluster_0006","ALL_CNA","CNA_event_000025","PATKKV","HOMDEL","exons 2",0.342
"ALL_CNA_cluster_0006","ALL_CNA","CNA_event_000115","PATKPW","HETDEL","exons 2",0.935
"ALL_CNA_cluster_0006","ALL_CNA","CNA_event_000075","PATKVD","HETDEL","exons 2",0.459
"ALL_CNA_cluster_0006","ALL_CNA","CNA_event_000140","PATKWU","HETDEL","exons 1;2",0.407
"ALL_CNA_cluster_0006","ALL_CNA","CNA_event_000114","PATLUU","HETDEL","exons 2",0.935
"ALL_CNA_cluster_0006","ALL_CNA","CNA_event_000024","PATSIL","HOMDEL","exons 1;2",0.381
"ALL_CNA_cluster_0006","ALL_CNA","CNA_event_000023","PATTAC","HOMDEL","exons 2",0.935
"ALL_CNA_cluster_0006","ALL_CNA","CNA_event_000111","PATXNK","HETDEL","exons 2",0.935
"ALL_CNA_cluster_0006","ALL_CNA","CNA_event_000074","PATZXK","HETDEL","exons 2",0.935
"ALL_CNA_cluster_0006","ALL_CNA","CNA_event_000022","PAUADY","HOMDEL","exons 2",0.108
"ALL_CNA_cluster_0006","ALL_CNA","CNA_event_000072","PAUCFC","HETDEL","exons 2",0.07
"ALL_CNA_cluster_0006","ALL_CNA","CNA_event_000035","PAUEGE","HOMDEL","exons 2",0.108
"ALL_CNA_cluster_0006","ALL_CNA","CNA_event_000071","PAUGAP","HETDEL","exons 2",0.108
"ALL_CNA_cluster_0006","ALL_CNA","CNA_event_000070","PAUGDZ","HETDEL","exons 1",0.065
"ALL_CNA_cluster_0006","ALL_CNA","CNA_event_000069","PAUGLY","HETDEL","exons 2",0.935
"ALL_CNA_cluster_0006","ALL_CNA","CNA_event_000003","PAUHYI","HOMDEL","exons 2",0.108
"ALL_CNA_cluster_0006","ALL_CNA","CNA_event_000065","PAUIEM","HETDEL","exons 2",0.07
"ALL_CNA_cluster_0006","ALL_CNA","CNA_event_000107","PAUJYN","HETDEL","exons 1;2",0.136
"ALL_CNA_cluster_0006","ALL_CNA","CNA_event_000146","PAUKMA","HETDEL","exons 1;2",0.136
"ALL_CNA_cluster_0006","ALL_CNA","CNA_event_000151","PAULMU","HETDEL","exons 1;2",0.849
"ALL_CNA_cluster_0006","ALL_CNA","CNA_event_000105","PAUMXB","HETDEL","exons 1;2",0.173
"ALL_CNA_cluster_0006","ALL_CNA","CNA_event_000049","PAUNBU","HETDEL","exons 2",0.935
"ALL_CNA_cluster_0006","ALL_CNA","CNA_event_000034","PAUPVR","HOMDEL","exons 2",0.342
"ALL_CNA_cluster_0006","ALL_CNA","CNA_event_000104","PAUVUJ","HETDEL","exons 2",0.935
"ALL_CNA_cluster_0006","ALL_CNA","CNA_event_000103","PAUVWZ","HETDEL","exons 2",0.342
"ALL_CNA_cluster_0006","ALL_CNA","CNA_event_000062","PAUWUY","HETDEL","exons 2",0.935
"ALL_CNA_cluster_0006","ALL_CNA","CNA_event_000102","PAUXYI","HETDEL","exons 2",0.935
"ALL_CNA_cluster_0006","ALL_CNA","CNA_event_000019","PAUYBP","HOMDEL","exons 2",0.108
"ALL_CNA_cluster_0006","ALL_CNA","CNA_event_000099","PAUYIK","HETDEL","exons 1;2",0.173
"ALL_CNA_cluster_0006","ALL_CNA","CNA_event_000002","PAUYJE","HOMDEL","exons 2",0.342
"ALL_CNA_cluster_0006","ALL_CNA","CNA_event_000098","PAVAJG","HETDEL","exons 2",0.108
"ALL_CNA_cluster_0006","ALL_CNA","CNA_event_000059","PAVAWP","HETDEL","exons 2",0.935
"ALL_CNA_cluster_0006","ALL_CNA","CNA_event_000018","PAVAWW","HOMDEL","exons 2",0.935
"ALL_CNA_cluster_0006","ALL_CNA","CNA_event_000096","PAVBCW","HETDEL","exons 1",0.065
"ALL_CNA_cluster_0006","ALL_CNA","CNA_event_000058","PAVCRK","HETDEL","exons 1",0.065
"ALL_CNA_cluster_0006","ALL_CNA","CNA_event_000057","PAVDJU","HETDEL","exons 1;2",0.381
"ALL_CNA_cluster_0006","ALL_CNA","CNA_event_000001","PAVESF","HOMDEL","exons 1;2",0.147
"ALL_CNA_cluster_0006","ALL_CNA","CNA_event_000134","PAVEUT","HETDEL","exons 1;2",0.173
"ALL_CNA_cluster_0006","ALL_CNA","CNA_event_000135","PAVFAC","HETDEL","exons 2",0.342
"ALL_CNA_cluster_0006","ALL_CNA","CNA_event_000016","PAVFIF","HOMDEL","exons 2",0.108
"ALL_CNA_cluster_0006","ALL_CNA","CNA_event_000055","PAVGMF","HETDEL","exons 1;2",0.173
"ALL_CNA_cluster_0006","ALL_CNA","CNA_event_000054","PAVIDN","HETDEL","exons 2",0.342
"ALL_CNA_cluster_0006","ALL_CNA","CNA_event_000053","PAVKJU","HETDEL","exons 2",0.108
"ALL_CNA_cluster_0006","ALL_CNA","CNA_event_000014","PAVKPV","HOMDEL","exons 2",0.342
"ALL_CNA_cluster_0006","ALL_CNA","CNA_event_000095","PAVKUU","HETDEL","exons 2",0.935
"ALL_CNA_cluster_0006","ALL_CNA","CNA_event_000144","PAVMVL","HETDEL","exons 2",0.935
"ALL_CNA_cluster_0006","ALL_CNA","CNA_event_000040","PAVPCB","HOMDEL","exons 2",0.108
"ALL_CNA_cluster_0006","ALL_CNA","CNA_event_000138","PAVRLT","HETDEL","exons 2",0.935
"ALL_CNA_cluster_0006","ALL_CNA","CNA_event_000092","PAVRYP","HETDEL","exons 2",0.108
"ALL_CNA_cluster_0006","ALL_CNA","CNA_event_000011","PAVUCS","HOMDEL","exons 2",0.108
"ALL_CNA_cluster_0006","ALL_CNA","CNA_event_000043","PAVZXK","HETDEL","exons 2",0.935
"ALL_CNA_cluster_0006","ALL_CNA","CNA_event_000154","PAWAFV","GAIN","exons 1",0.065
"ALL_CNA_cluster_0006","ALL_CNA","CNA_event_000010","PAWAIM","HOMDEL","exons 2",0.108
"ALL_CNA_cluster_0006","ALL_CNA","CNA_event_000090","PAWAIN","HETDEL","exons 1",0.065
"ALL_CNA_cluster_0006","ALL_CNA","CNA_event_000143","PAWCUT","HETDEL","exons 2",0.342
"ALL_CNA_cluster_0006","ALL_CNA","CNA_event_000009","PAWESJ","HOMDEL","exons 1",0.065
"ALL_CNA_cluster_0006","ALL_CNA","CNA_event_000044","PAWFYE","HETDEL","exons 2",0.459
"ALL_CNA_cluster_0006","ALL_CNA","CNA_event_000008","PAWGDG","HOMDEL","exons 2",0.935
"ALL_CNA_cluster_0006","ALL_CNA","CNA_event_000088","PAWGYW","HETDEL","exons 2",0.935
"ALL_CNA_cluster_0006","ALL_CNA","CNA_event_000051","PAWJUJ","HETDEL","exons 2",0.935
"ALL_CNA_cluster_0006","ALL_CNA","CNA_event_000087","PAWKIT","HETDEL","exons 2",0.342
"ALL_CNA_cluster_0006","ALL_CNA","CNA_event_000007","PAWKZN","HOMDEL","exons 2",0.935
"ALL_CNA_cluster_0007","ALL_CNA","CNA_event_000132","PARBTF","HETDEL","exons 7;8",0.593
"ALL_CNA_cluster_0007","ALL_CNA","CNA_event_000130","PARGHJ","HETDEL","exons 7;8",0.935
"ALL_CNA_cluster_0007","ALL_CNA","CNA_event_000006","PARJPL","HOMDEL","exons 7;8",0.935
"ALL_CNA_cluster_0007","ALL_CNA","CNA_event_000005","PARMIH","HOMDEL","exons 7;8",0.827
"ALL_CNA_cluster_0007","ALL_CNA","CNA_event_000032","PARNXJ","HOMDEL","exons 7;8",0.935
"ALL_CNA_cluster_0007","ALL_CNA","CNA_event_000042","PARSJG","HOMDEL","exons 7;8",0.827
"ALL_CNA_cluster_0007","ALL_CNA","CNA_event_000128","PARXHT","HETDEL","exons 7;8",0.935
"ALL_CNA_cluster_0007","ALL_CNA","CNA_event_000180","PASGRU","GAIN","exons 7;8",0.935
"ALL_CNA_cluster_0007","ALL_CNA","CNA_event_000126","PASIJX","HETDEL","exons 7;8",0.827
"ALL_CNA_cluster_0007","ALL_CNA","CNA_event_000123","PASMHF","HETDEL","exons 7;8",0.827
"ALL_CNA_cluster_0007","ALL_CNA","CNA_event_000082","PASPLG","HETDEL","exons 7;8",0.827
"ALL_CNA_cluster_0007","ALL_CNA","CNA_event_000028","PASVKC","HOMDEL","exons 7;8",0.935
"ALL_CNA_cluster_0007","ALL_CNA","CNA_event_000081","PASYVU","HETDEL","exons 7;8",0.935
"ALL_CNA_cluster_0007","ALL_CNA","CNA_event_000080","PASYWF","HETDEL","exons 7;8",0.935
"ALL_CNA_cluster_0007","ALL_CNA","CNA_event_000046","PATGLV","HETDEL","exons 7;8",0.935
"ALL_CNA_cluster_0007","ALL_CNA","CNA_event_000027","PATHRE","HOMDEL","exons 7;8",0.827
"ALL_CNA_cluster_0007","ALL_CNA","CNA_event_000117","PATHSL","HETDEL","exons 7;8",0.827
"ALL_CNA_cluster_0007","ALL_CNA","CNA_event_000116","PATKKV","HETDEL","exons 7;8",0.593
"ALL_CNA_cluster_0007","ALL_CNA","CNA_event_000115","PATKPW","HETDEL","exons 7;8",0.935
"ALL_CNA_cluster_0007","ALL_CNA","CNA_event_000114","PATLUU","HETDEL","exons 7;8",0.935
"ALL_CNA_cluster_0007","ALL_CNA","CNA_event_000113","PATSIL","HETDEL","exons 7;8",0.593
"ALL_CNA_cluster_0007","ALL_CNA","CNA_event_000023","PATTAC","HOMDEL","exons 7;8",0.935
"ALL_CNA_cluster_0007","ALL_CNA","CNA_event_000139","PATUWK","HETDEL","exons 7",0.474
"ALL_CNA_cluster_0007","ALL_CNA","CNA_event_000111","PATXNK","HETDEL","exons 7;8",0.935
"ALL_CNA_cluster_0007","ALL_CNA","CNA_event_000074","PATZXK","HETDEL","exons 7;8",0.935
"ALL_CNA_cluster_0007","ALL_CNA","CNA_event_000137","PAUEGE","HETDEL","exons 7;8",0.827
"ALL_CNA_cluster_0007","ALL_CNA","CNA_event_000069","PAUGLY","HETDEL","exons 7;8",0.935
"ALL_CNA_cluster_0007","ALL_CNA","CNA_event_000066","PAUIEM","HETDEL","exons 7;8",0.827
"ALL_CNA_cluster_0007","ALL_CNA","CNA_event_000109","PAUJYN","HETDEL","exons 7;8",0.827
"ALL_CNA_cluster_0007","ALL_CNA","CNA_event_000151","PAULMU","HETDEL","exons 7;8",0.849
"ALL_CNA_cluster_0007","ALL_CNA","CNA_event_000021","PAUMXB","HOMDEL","exons 7;8",0.827
"ALL_CNA_cluster_0007","ALL_CNA","CNA_event_000049","PAUNBU","HETDEL","exons 7;8",0.935
"ALL_CNA_cluster_0007","ALL_CNA","CNA_event_000136","PAUPVR","HETDEL","exons 7;8",0.593
"ALL_CNA_cluster_0007","ALL_CNA","CNA_event_000064","PAURLU","HETDEL","exons 7",0.49
"ALL_CNA_cluster_0007","ALL_CNA","CNA_event_000157","PAUTBB","GAIN","exons 7;8",0.864
"ALL_CNA_cluster_0007","ALL_CNA","CNA_event_000063","PAUTBD","HETDEL","exons 7;8",0.827
"ALL_CNA_cluster_0007","ALL_CNA","CNA_event_000104","PAUVUJ","HETDEL","exons 7;8",0.935
"ALL_CNA_cluster_0007","ALL_CNA","CNA_event_000062","PAUWUY","HETDEL","exons 7;8",0.935
"ALL_CNA_cluster_0007","ALL_CNA","CNA_event_000102","PAUXYI","HETDEL","exons 7;8",0.935
"ALL_CNA_cluster_0007","ALL_CNA","CNA_event_000060","PAUYJE","HETDEL","exons 7;8",0.593
"ALL_CNA_cluster_0007","ALL_CNA","CNA_event_000050","PAVAPE","HETDEL","exons 7;8",0.827
"ALL_CNA_cluster_0007","ALL_CNA","CNA_event_000059","PAVAWP","HETDEL","exons 7;8",0.935
"ALL_CNA_cluster_0007","ALL_CNA","CNA_event_000018","PAVAWW","HOMDEL","exons 7;8",0.935
"ALL_CNA_cluster_0007","ALL_CNA","CNA_event_000097","PAVBCW","HETDEL","exons 7;8",0.827
"ALL_CNA_cluster_0007","ALL_CNA","CNA_event_000017","PAVCHZ","HOMDEL","exons 7;8",0.827
"ALL_CNA_cluster_0007","ALL_CNA","CNA_event_000056","PAVESF","HETDEL","exons 7;8",0.827
"ALL_CNA_cluster_0007","ALL_CNA","CNA_event_000015","PAVKPV","HOMDEL","exons 7;8",0.593
"ALL_CNA_cluster_0007","ALL_CNA","CNA_event_000095","PAVKUU","HETDEL","exons 7;8",0.935
"ALL_CNA_cluster_0007","ALL_CNA","CNA_event_000144","PAVMVL","HETDEL","exons 7;8",0.935
"ALL_CNA_cluster_0007","ALL_CNA","CNA_event_000012","PAVPEN","HOMDEL","exons 7;8",0.827
"ALL_CNA_cluster_0007","ALL_CNA","CNA_event_000052","PAVPGA","HETDEL","exons 7;8",0.827
"ALL_CNA_cluster_0007","ALL_CNA","CNA_event_000138","PAVRLT","HETDEL","exons 7;8",0.935
"ALL_CNA_cluster_0007","ALL_CNA","CNA_event_000043","PAVZXK","HETDEL","exons 7;8",0.935
"ALL_CNA_cluster_0007","ALL_CNA","CNA_event_000159","PAWFNJ","GAIN","exons 7",0.138
"ALL_CNA_cluster_0007","ALL_CNA","CNA_event_000008","PAWGDG","HOMDEL","exons 7;8",0.935
"ALL_CNA_cluster_0007","ALL_CNA","CNA_event_000158","PAWGIT","GAIN","exons 7;8",0.593
"ALL_CNA_cluster_0007","ALL_CNA","CNA_event_000088","PAWGYW","HETDEL","exons 7;8",0.935
"ALL_CNA_cluster_0007","ALL_CNA","CNA_event_000051","PAWJUJ","HETDEL","exons 7;8",0.935
"ALL_CNA_cluster_0007","ALL_CNA","CNA_event_000007","PAWKZN","HOMDEL","exons 7;8",0.935
"ALL_CNA_cluster_0008","ALL_CNA","CNA_event_000132","PARBTF","HETDEL","exons 7;8;9",0.593
"ALL_CNA_cluster_0008","ALL_CNA","CNA_event_000130","PARGHJ","HETDEL","exons 7;8;9",0.935
"ALL_CNA_cluster_0008","ALL_CNA","CNA_event_000006","PARJPL","HOMDEL","exons 7;8;9",0.935
"ALL_CNA_cluster_0008","ALL_CNA","CNA_event_000005","PARMIH","HOMDEL","exons 7;8;9",0.827
"ALL_CNA_cluster_0008","ALL_CNA","CNA_event_000032","PARNXJ","HOMDEL","exons 7;8;9",0.935
"ALL_CNA_cluster_0008","ALL_CNA","CNA_event_000042","PARSJG","HOMDEL","exons 7;8;9",0.827
"ALL_CNA_cluster_0008","ALL_CNA","CNA_event_000128","PARXHT","HETDEL","exons 7;8;9",0.935
"ALL_CNA_cluster_0008","ALL_CNA","CNA_event_000180","PASGRU","GAIN","exons 7;8;9",0.935
"ALL_CNA_cluster_0008","ALL_CNA","CNA_event_000126","PASIJX","HETDEL","exons 7;8;9",0.827
"ALL_CNA_cluster_0008","ALL_CNA","CNA_event_000123","PASMHF","HETDEL","exons 7;8;9",0.827
"ALL_CNA_cluster_0008","ALL_CNA","CNA_event_000082","PASPLG","HETDEL","exons 7;8;9",0.827
"ALL_CNA_cluster_0008","ALL_CNA","CNA_event_000028","PASVKC","HOMDEL","exons 7;8;9",0.935
"ALL_CNA_cluster_0008","ALL_CNA","CNA_event_000081","PASYVU","HETDEL","exons 7;8;9",0.935
"ALL_CNA_cluster_0008","ALL_CNA","CNA_event_000080","PASYWF","HETDEL","exons 7;8;9",0.935
"ALL_CNA_cluster_0008","ALL_CNA","CNA_event_000046","PATGLV","HETDEL","exons 7;8;9",0.935
"ALL_CNA_cluster_0008","ALL_CNA","CNA_event_000027","PATHRE","HOMDEL","exons 7;8;9",0.827
"ALL_CNA_cluster_0008","ALL_CNA","CNA_event_000117","PATHSL","HETDEL","exons 7;8;9",0.827
"ALL_CNA_cluster_0008","ALL_CNA","CNA_event_000116","PATKKV","HETDEL","exons 7;8;9",0.593
"ALL_CNA_cluster_0008","ALL_CNA","CNA_event_000115","PATKPW","HETDEL","exons 7;8;9",0.935
"ALL_CNA_cluster_0008","ALL_CNA","CNA_event_000114","PATLUU","HETDEL","exons 7;8;9",0.935
"ALL_CNA_cluster_0008","ALL_CNA","CNA_event_000113","PATSIL","HETDEL","exons 7;8;9",0.593
"ALL_CNA_cluster_0008","ALL_CNA","CNA_event_000023","PATTAC","HOMDEL","exons 7;8;9",0.935
"ALL_CNA_cluster_0008","ALL_CNA","CNA_event_000139","PATUWK","HETDEL","exons 7",0.474
"ALL_CNA_cluster_0008","ALL_CNA","CNA_event_000111","PATXNK","HETDEL","exons 7;8;9",0.935
"ALL_CNA_cluster_0008","ALL_CNA","CNA_event_000074","PATZXK","HETDEL","exons 7;8;9",0.935
"ALL_CNA_cluster_0008","ALL_CNA","CNA_event_000137","PAUEGE","HETDEL","exons 7;8;9",0.827
"ALL_CNA_cluster_0008","ALL_CNA","CNA_event_000069","PAUGLY","HETDEL","exons 7;8;9",0.935
"ALL_CNA_cluster_0008","ALL_CNA","CNA_event_000066","PAUIEM","HETDEL","exons 7;8;9",0.827
"ALL_CNA_cluster_0008","ALL_CNA","CNA_event_000109","PAUJYN","HETDEL","exons 7;8;9",0.827
"ALL_CNA_cluster_0008","ALL_CNA","CNA_event_000039","PAULMU","HOMDEL","exons 9",0.151
"ALL_CNA_cluster_0008","ALL_CNA","CNA_event_000151","PAULMU","HETDEL","exons 7;8",0.849
"ALL_CNA_cluster_0008","ALL_CNA","CNA_event_000021","PAUMXB","HOMDEL","exons 7;8;9",0.827
"ALL_CNA_cluster_0008","ALL_CNA","CNA_event_000049","PAUNBU","HETDEL","exons 7;8;9",0.935
"ALL_CNA_cluster_0008","ALL_CNA","CNA_event_000136","PAUPVR","HETDEL","exons 7;8;9",0.593
"ALL_CNA_cluster_0008","ALL_CNA","CNA_event_000064","PAURLU","HETDEL","exons 7",0.49
"ALL_CNA_cluster_0008","ALL_CNA","CNA_event_000157","PAUTBB","GAIN","exons 7;8;9",0.864
"ALL_CNA_cluster_0008","ALL_CNA","CNA_event_000063","PAUTBD","HETDEL","exons 7;8;9",0.827
"ALL_CNA_cluster_0008","ALL_CNA","CNA_event_000104","PAUVUJ","HETDEL","exons 7;8;9",0.935
"ALL_CNA_cluster_0008","ALL_CNA","CNA_event_000062","PAUWUY","HETDEL","exons 7;8;9",0.935
"ALL_CNA_cluster_0008","ALL_CNA","CNA_event_000102","PAUXYI","HETDEL","exons 7;8;9",0.935
"ALL_CNA_cluster_0008","ALL_CNA","CNA_event_000060","PAUYJE","HETDEL","exons 7;8;9",0.593
"ALL_CNA_cluster_0008","ALL_CNA","CNA_event_000050","PAVAPE","HETDEL","exons 7;8;9",0.827
"ALL_CNA_cluster_0008","ALL_CNA","CNA_event_000059","PAVAWP","HETDEL","exons 7;8;9",0.935
"ALL_CNA_cluster_0008","ALL_CNA","CNA_event_000018","PAVAWW","HOMDEL","exons 7;8;9",0.935
"ALL_CNA_cluster_0008","ALL_CNA","CNA_event_000097","PAVBCW","HETDEL","exons 7;8;9",0.827
"ALL_CNA_cluster_0008","ALL_CNA","CNA_event_000017","PAVCHZ","HOMDEL","exons 7;8;9",0.827
"ALL_CNA_cluster_0008","ALL_CNA","CNA_event_000056","PAVESF","HETDEL","exons 7;8;9",0.827
"ALL_CNA_cluster_0008","ALL_CNA","CNA_event_000015","PAVKPV","HOMDEL","exons 7;8;9",0.593
"ALL_CNA_cluster_0008","ALL_CNA","CNA_event_000095","PAVKUU","HETDEL","exons 7;8;9",0.935
"ALL_CNA_cluster_0008","ALL_CNA","CNA_event_000144","PAVMVL","HETDEL","exons 7;8;9",0.935
"ALL_CNA_cluster_0008","ALL_CNA","CNA_event_000012","PAVPEN","HOMDEL","exons 7;8;9",0.827
"ALL_CNA_cluster_0008","ALL_CNA","CNA_event_000052","PAVPGA","HETDEL","exons 7;8;9",0.827
"ALL_CNA_cluster_0008","ALL_CNA","CNA_event_000138","PAVRLT","HETDEL","exons 7;8;9",0.935
"ALL_CNA_cluster_0008","ALL_CNA","CNA_event_000043","PAVZXK","HETDEL","exons 7;8;9",0.935
"ALL_CNA_cluster_0008","ALL_CNA","CNA_event_000159","PAWFNJ","GAIN","exons 7",0.138
"ALL_CNA_cluster_0008","ALL_CNA","CNA_event_000008","PAWGDG","HOMDEL","exons 7;8;9",0.935
"ALL_CNA_cluster_0008","ALL_CNA","CNA_event_000158","PAWGIT","GAIN","exons 7;8;9",0.593
"ALL_CNA_cluster_0008","ALL_CNA","CNA_event_000088","PAWGYW","HETDEL","exons 7;8;9",0.935
"ALL_CNA_cluster_0008","ALL_CNA","CNA_event_000051","PAWJUJ","HETDEL","exons 7;8;9",0.935
"ALL_CNA_cluster_0008","ALL_CNA","CNA_event_000007","PAWKZN","HOMDEL","exons 7;8;9",0.935
"ALL_CNA_cluster_0009","ALL_CNA","CNA_event_000132","PARBTF","HETDEL","exons 6;9",0.593
"ALL_CNA_cluster_0009","ALL_CNA","CNA_event_000130","PARGHJ","HETDEL","exons 6;9",0.935
"ALL_CNA_cluster_0009","ALL_CNA","CNA_event_000006","PARJPL","HOMDEL","exons 6;9",0.935
"ALL_CNA_cluster_0009","ALL_CNA","CNA_event_000005","PARMIH","HOMDEL","exons 6;9",0.827
"ALL_CNA_cluster_0009","ALL_CNA","CNA_event_000032","PARNXJ","HOMDEL","exons 6;9",0.935
"ALL_CNA_cluster_0009","ALL_CNA","CNA_event_000042","PARSJG","HOMDEL","exons 6;9",0.827
"ALL_CNA_cluster_0009","ALL_CNA","CNA_event_000128","PARXHT","HETDEL","exons 6;9",0.935
"ALL_CNA_cluster_0009","ALL_CNA","CNA_event_000180","PASGRU","GAIN","exons 6;9",0.935
"ALL_CNA_cluster_0009","ALL_CNA","CNA_event_000126","PASIJX","HETDEL","exons 6;9",0.827
"ALL_CNA_cluster_0009","ALL_CNA","CNA_event_000123","PASMHF","HETDEL","exons 6;9",0.827
"ALL_CNA_cluster_0009","ALL_CNA","CNA_event_000082","PASPLG","HETDEL","exons 6;9",0.827
"ALL_CNA_cluster_0009","ALL_CNA","CNA_event_000028","PASVKC","HOMDEL","exons 6;9",0.935
"ALL_CNA_cluster_0009","ALL_CNA","CNA_event_000081","PASYVU","HETDEL","exons 6;9",0.935
"ALL_CNA_cluster_0009","ALL_CNA","CNA_event_000080","PASYWF","HETDEL","exons 6;9",0.935
"ALL_CNA_cluster_0009","ALL_CNA","CNA_event_000046","PATGLV","HETDEL","exons 6;9",0.935
"ALL_CNA_cluster_0009","ALL_CNA","CNA_event_000027","PATHRE","HOMDEL","exons 6;9",0.827
"ALL_CNA_cluster_0009","ALL_CNA","CNA_event_000117","PATHSL","HETDEL","exons 6;9",0.827
"ALL_CNA_cluster_0009","ALL_CNA","CNA_event_000116","PATKKV","HETDEL","exons 6;9",0.593
"ALL_CNA_cluster_0009","ALL_CNA","CNA_event_000115","PATKPW","HETDEL","exons 6;9",0.935
"ALL_CNA_cluster_0009","ALL_CNA","CNA_event_000075","PATKVD","HETDEL","exons 6",0.459
"ALL_CNA_cluster_0009","ALL_CNA","CNA_event_000114","PATLUU","HETDEL","exons 6;9",0.935
"ALL_CNA_cluster_0009","ALL_CNA","CNA_event_000113","PATSIL","HETDEL","exons 6;9",0.593
"ALL_CNA_cluster_0009","ALL_CNA","CNA_event_000023","PATTAC","HOMDEL","exons 6;9",0.935
"ALL_CNA_cluster_0009","ALL_CNA","CNA_event_000139","PATUWK","HETDEL","exons 6",0.474
"ALL_CNA_cluster_0009","ALL_CNA","CNA_event_000111","PATXNK","HETDEL","exons 6;9",0.935
"ALL_CNA_cluster_0009","ALL_CNA","CNA_event_000074","PATZXK","HETDEL","exons 6;9",0.935
"ALL_CNA_cluster_0009","ALL_CNA","CNA_event_000137","PAUEGE","HETDEL","exons 6;9",0.827
"ALL_CNA_cluster_0009","ALL_CNA","CNA_event_000069","PAUGLY","HETDEL","exons 6;9",0.935
"ALL_CNA_cluster_0009","ALL_CNA","CNA_event_000066","PAUIEM","HETDEL","exons 6;9",0.827
"ALL_CNA_cluster_0009","ALL_CNA","CNA_event_000109","PAUJYN","HETDEL","exons 6;9",0.827
"ALL_CNA_cluster_0009","ALL_CNA","CNA_event_000039","PAULMU","HOMDEL","exons 9",0.151
"ALL_CNA_cluster_0009","ALL_CNA","CNA_event_000151","PAULMU","HETDEL","exons 6",0.849
"ALL_CNA_cluster_0009","ALL_CNA","CNA_event_000021","PAUMXB","HOMDEL","exons 6;9",0.827
"ALL_CNA_cluster_0009","ALL_CNA","CNA_event_000049","PAUNBU","HETDEL","exons 6;9",0.935
"ALL_CNA_cluster_0009","ALL_CNA","CNA_event_000136","PAUPVR","HETDEL","exons 6;9",0.593
"ALL_CNA_cluster_0009","ALL_CNA","CNA_event_000064","PAURLU","HETDEL","exons 6",0.49
"ALL_CNA_cluster_0009","ALL_CNA","CNA_event_000157","PAUTBB","GAIN","exons 6;9",0.864
"ALL_CNA_cluster_0009","ALL_CNA","CNA_event_000063","PAUTBD","HETDEL","exons 6;9",0.827
"ALL_CNA_cluster_0009","ALL_CNA","CNA_event_000104","PAUVUJ","HETDEL","exons 6;9",0.935
"ALL_CNA_cluster_0009","ALL_CNA","CNA_event_000062","PAUWUY","HETDEL","exons 6;9",0.935
"ALL_CNA_cluster_0009","ALL_CNA","CNA_event_000102","PAUXYI","HETDEL","exons 6;9",0.935
"ALL_CNA_cluster_0009","ALL_CNA","CNA_event_000060","PAUYJE","HETDEL","exons 6;9",0.593
"ALL_CNA_cluster_0009","ALL_CNA","CNA_event_000050","PAVAPE","HETDEL","exons 6;9",0.827
"ALL_CNA_cluster_0009","ALL_CNA","CNA_event_000059","PAVAWP","HETDEL","exons 6;9",0.935
"ALL_CNA_cluster_0009","ALL_CNA","CNA_event_000018","PAVAWW","HOMDEL","exons 6;9",0.935
"ALL_CNA_cluster_0009","ALL_CNA","CNA_event_000097","PAVBCW","HETDEL","exons 6;9",0.827
"ALL_CNA_cluster_0009","ALL_CNA","CNA_event_000017","PAVCHZ","HOMDEL","exons 6;9",0.827
"ALL_CNA_cluster_0009","ALL_CNA","CNA_event_000056","PAVESF","HETDEL","exons 6;9",0.827
"ALL_CNA_cluster_0009","ALL_CNA","CNA_event_000015","PAVKPV","HOMDEL","exons 6;9",0.593
"ALL_CNA_cluster_0009","ALL_CNA","CNA_event_000095","PAVKUU","HETDEL","exons 6;9",0.935
"ALL_CNA_cluster_0009","ALL_CNA","CNA_event_000144","PAVMVL","HETDEL","exons 6;9",0.935
"ALL_CNA_cluster_0009","ALL_CNA","CNA_event_000012","PAVPEN","HOMDEL","exons 6;9",0.827
"ALL_CNA_cluster_0009","ALL_CNA","CNA_event_000052","PAVPGA","HETDEL","exons 6;9",0.827
"ALL_CNA_cluster_0009","ALL_CNA","CNA_event_000138","PAVRLT","HETDEL","exons 6;9",0.935
"ALL_CNA_cluster_0009","ALL_CNA","CNA_event_000043","PAVZXK","HETDEL","exons 6;9",0.935
"ALL_CNA_cluster_0009","ALL_CNA","CNA_event_000044","PAWFYE","HETDEL","exons 6",0.459
"ALL_CNA_cluster_0009","ALL_CNA","CNA_event_000008","PAWGDG","HOMDEL","exons 6;9",0.935
"ALL_CNA_cluster_0009","ALL_CNA","CNA_event_000158","PAWGIT","GAIN","exons 6;9",0.593
"ALL_CNA_cluster_0009","ALL_CNA","CNA_event_000088","PAWGYW","HETDEL","exons 6;9",0.935
"ALL_CNA_cluster_0009","ALL_CNA","CNA_event_000051","PAWJUJ","HETDEL","exons 6;9",0.935
"ALL_CNA_cluster_0009","ALL_CNA","CNA_event_000007","PAWKZN","HOMDEL","exons 6;9",0.935
"ALL_CNA_cluster_0010","ALL_CNA","CNA_event_000132","PARBTF","HETDEL","exons 6;7;8;9",0.593
"ALL_CNA_cluster_0010","ALL_CNA","CNA_event_000130","PARGHJ","HETDEL","exons 6;7;8;9",0.935
"ALL_CNA_cluster_0010","ALL_CNA","CNA_event_000006","PARJPL","HOMDEL","exons 6;7;8;9",0.935
"ALL_CNA_cluster_0010","ALL_CNA","CNA_event_000005","PARMIH","HOMDEL","exons 6;7;8;9",0.827
"ALL_CNA_cluster_0010","ALL_CNA","CNA_event_000032","PARNXJ","HOMDEL","exons 6;7;8;9",0.935
"ALL_CNA_cluster_0010","ALL_CNA","CNA_event_000042","PARSJG","HOMDEL","exons 6;7;8;9",0.827
"ALL_CNA_cluster_0010","ALL_CNA","CNA_event_000128","PARXHT","HETDEL","exons 6;7;8;9",0.935
"ALL_CNA_cluster_0010","ALL_CNA","CNA_event_000180","PASGRU","GAIN","exons 6;7;8;9",0.935
"ALL_CNA_cluster_0010","ALL_CNA","CNA_event_000126","PASIJX","HETDEL","exons 6;7;8;9",0.827
"ALL_CNA_cluster_0010","ALL_CNA","CNA_event_000123","PASMHF","HETDEL","exons 6;7;8;9",0.827
"ALL_CNA_cluster_0010","ALL_CNA","CNA_event_000082","PASPLG","HETDEL","exons 6;7;8;9",0.827
"ALL_CNA_cluster_0010","ALL_CNA","CNA_event_000028","PASVKC","HOMDEL","exons 6;7;8;9",0.935
"ALL_CNA_cluster_0010","ALL_CNA","CNA_event_000081","PASYVU","HETDEL","exons 6;7;8;9",0.935
"ALL_CNA_cluster_0010","ALL_CNA","CNA_event_000080","PASYWF","HETDEL","exons 6;7;8;9",0.935
"ALL_CNA_cluster_0010","ALL_CNA","CNA_event_000046","PATGLV","HETDEL","exons 6;7;8;9",0.935
"ALL_CNA_cluster_0010","ALL_CNA","CNA_event_000027","PATHRE","HOMDEL","exons 6;7;8;9",0.827
"ALL_CNA_cluster_0010","ALL_CNA","CNA_event_000117","PATHSL","HETDEL","exons 6;7;8;9",0.827
"ALL_CNA_cluster_0010","ALL_CNA","CNA_event_000116","PATKKV","HETDEL","exons 6;7;8;9",0.593
"ALL_CNA_cluster_0010","ALL_CNA","CNA_event_000115","PATKPW","HETDEL","exons 6;7;8;9",0.935
"ALL_CNA_cluster_0010","ALL_CNA","CNA_event_000075","PATKVD","HETDEL","exons 6",0.459
"ALL_CNA_cluster_0010","ALL_CNA","CNA_event_000114","PATLUU","HETDEL","exons 6;7;8;9",0.935
"ALL_CNA_cluster_0010","ALL_CNA","CNA_event_000113","PATSIL","HETDEL","exons 6;7;8;9",0.593
"ALL_CNA_cluster_0010","ALL_CNA","CNA_event_000023","PATTAC","HOMDEL","exons 6;7;8;9",0.935
"ALL_CNA_cluster_0010","ALL_CNA","CNA_event_000139","PATUWK","HETDEL","exons 6;7",0.474
"ALL_CNA_cluster_0010","ALL_CNA","CNA_event_000111","PATXNK","HETDEL","exons 6;7;8;9",0.935
"ALL_CNA_cluster_0010","ALL_CNA","CNA_event_000074","PATZXK","HETDEL","exons 6;7;8;9",0.935
"ALL_CNA_cluster_0010","ALL_CNA","CNA_event_000137","PAUEGE","HETDEL","exons 6;7;8;9",0.827
"ALL_CNA_cluster_0010","ALL_CNA","CNA_event_000069","PAUGLY","HETDEL","exons 6;7;8;9",0.935
"ALL_CNA_cluster_0010","ALL_CNA","CNA_event_000066","PAUIEM","HETDEL","exons 6;7;8;9",0.827
"ALL_CNA_cluster_0010","ALL_CNA","CNA_event_000109","PAUJYN","HETDEL","exons 6;7;8;9",0.827
"ALL_CNA_cluster_0010","ALL_CNA","CNA_event_000039","PAULMU","HOMDEL","exons 9",0.151
"ALL_CNA_cluster_0010","ALL_CNA","CNA_event_000151","PAULMU","HETDEL","exons 6;7;8",0.849
"ALL_CNA_cluster_0010","ALL_CNA","CNA_event_000021","PAUMXB","HOMDEL","exons 6;7;8;9",0.827
"ALL_CNA_cluster_0010","ALL_CNA","CNA_event_000049","PAUNBU","HETDEL","exons 6;7;8;9",0.935
"ALL_CNA_cluster_0010","ALL_CNA","CNA_event_000136","PAUPVR","HETDEL","exons 6;7;8;9",0.593
"ALL_CNA_cluster_0010","ALL_CNA","CNA_event_000064","PAURLU","HETDEL","exons 6;7",0.49
"ALL_CNA_cluster_0010","ALL_CNA","CNA_event_000157","PAUTBB","GAIN","exons 6;7;8;9",0.864
"ALL_CNA_cluster_0010","ALL_CNA","CNA_event_000063","PAUTBD","HETDEL","exons 6;7;8;9",0.827
"ALL_CNA_cluster_0010","ALL_CNA","CNA_event_000104","PAUVUJ","HETDEL","exons 6;7;8;9",0.935
"ALL_CNA_cluster_0010","ALL_CNA","CNA_event_000062","PAUWUY","HETDEL","exons 6;7;8;9",0.935
"ALL_CNA_cluster_0010","ALL_CNA","CNA_event_000102","PAUXYI","HETDEL","exons 6;7;8;9",0.935
"ALL_CNA_cluster_0010","ALL_CNA","CNA_event_000060","PAUYJE","HETDEL","exons 6;7;8;9",0.593
"ALL_CNA_cluster_0010","ALL_CNA","CNA_event_000050","PAVAPE","HETDEL","exons 6;7;8;9",0.827
"ALL_CNA_cluster_0010","ALL_CNA","CNA_event_000059","PAVAWP","HETDEL","exons 6;7;8;9",0.935
"ALL_CNA_cluster_0010","ALL_CNA","CNA_event_000018","PAVAWW","HOMDEL","exons 6;7;8;9",0.935
"ALL_CNA_cluster_0010","ALL_CNA","CNA_event_000097","PAVBCW","HETDEL","exons 6;7;8;9",0.827
"ALL_CNA_cluster_0010","ALL_CNA","CNA_event_000017","PAVCHZ","HOMDEL","exons 6;7;8;9",0.827
"ALL_CNA_cluster_0010","ALL_CNA","CNA_event_000056","PAVESF","HETDEL","exons 6;7;8;9",0.827
"ALL_CNA_cluster_0010","ALL_CNA","CNA_event_000015","PAVKPV","HOMDEL","exons 6;7;8;9",0.593
"ALL_CNA_cluster_0010","ALL_CNA","CNA_event_000095","PAVKUU","HETDEL","exons 6;7;8;9",0.935
"ALL_CNA_cluster_0010","ALL_CNA","CNA_event_000144","PAVMVL","HETDEL","exons 6;7;8;9",0.935
"ALL_CNA_cluster_0010","ALL_CNA","CNA_event_000012","PAVPEN","HOMDEL","exons 6;7;8;9",0.827
"ALL_CNA_cluster_0010","ALL_CNA","CNA_event_000052","PAVPGA","HETDEL","exons 6;7;8;9",0.827
"ALL_CNA_cluster_0010","ALL_CNA","CNA_event_000138","PAVRLT","HETDEL","exons 6;7;8;9",0.935
"ALL_CNA_cluster_0010","ALL_CNA","CNA_event_000043","PAVZXK","HETDEL","exons 6;7;8;9",0.935
"ALL_CNA_cluster_0010","ALL_CNA","CNA_event_000159","PAWFNJ","GAIN","exons 7",0.138
"ALL_CNA_cluster_0010","ALL_CNA","CNA_event_000044","PAWFYE","HETDEL","exons 6",0.459
"ALL_CNA_cluster_0010","ALL_CNA","CNA_event_000008","PAWGDG","HOMDEL","exons 6;7;8;9",0.935
"ALL_CNA_cluster_0010","ALL_CNA","CNA_event_000158","PAWGIT","GAIN","exons 6;7;8;9",0.593
"ALL_CNA_cluster_0010","ALL_CNA","CNA_event_000088","PAWGYW","HETDEL","exons 6;7;8;9",0.935
"ALL_CNA_cluster_0010","ALL_CNA","CNA_event_000051","PAWJUJ","HETDEL","exons 6;7;8;9",0.935
"ALL_CNA_cluster_0010","ALL_CNA","CNA_event_000007","PAWKZN","HOMDEL","exons 6;7;8;9",0.935
"ALL_CNA_cluster_0011","ALL_CNA","CNA_event_000131","PARBTF","HETDEL","exons 5",0.342
"ALL_CNA_cluster_0011","ALL_CNA","CNA_event_000132","PARBTF","HETDEL","exons 6",0.593
"ALL_CNA_cluster_0011","ALL_CNA","CNA_event_000130","PARGHJ","HETDEL","exons 5;6",0.935
"ALL_CNA_cluster_0011","ALL_CNA","CNA_event_000006","PARJPL","HOMDEL","exons 5;6",0.935
"ALL_CNA_cluster_0011","ALL_CNA","CNA_event_000005","PARMIH","HOMDEL","exons 5;6",0.827
"ALL_CNA_cluster_0011","ALL_CNA","CNA_event_000129","PARMJA","HETDEL","exons 5",0.271
"ALL_CNA_cluster_0011","ALL_CNA","CNA_event_000032","PARNXJ","HOMDEL","exons 5;6",0.935
"ALL_CNA_cluster_0011","ALL_CNA","CNA_event_000042","PARSJG","HOMDEL","exons 5;6",0.827
"ALL_CNA_cluster_0011","ALL_CNA","CNA_event_000128","PARXHT","HETDEL","exons 5;6",0.935
"ALL_CNA_cluster_0011","ALL_CNA","CNA_event_000180","PASGRU","GAIN","exons 5;6",0.935
"ALL_CNA_cluster_0011","ALL_CNA","CNA_event_000030","PASHZK","HOMDEL","exons 5",0.342
"ALL_CNA_cluster_0011","ALL_CNA","CNA_event_000126","PASIJX","HETDEL","exons 5;6",0.827
"ALL_CNA_cluster_0011","ALL_CNA","CNA_event_000084","PASKAD","HETDEL","exons 5",0.342
"ALL_CNA_cluster_0011","ALL_CNA","CNA_event_000123","PASMHF","HETDEL","exons 5;6",0.827
"ALL_CNA_cluster_0011","ALL_CNA","CNA_event_000082","PASPLG","HETDEL","exons 5;6",0.827
"ALL_CNA_cluster_0011","ALL_CNA","CNA_event_000028","PASVKC","HOMDEL","exons 5;6",0.935
"ALL_CNA_cluster_0011","ALL_CNA","CNA_event_000122","PASVZJ","HETDEL","exons 5",0.342
"ALL_CNA_cluster_0011","ALL_CNA","CNA_event_000081","PASYVU","HETDEL","exons 5;6",0.935
"ALL_CNA_cluster_0011","ALL_CNA","CNA_event_000080","PASYWF","HETDEL","exons 5;6",0.935
"ALL_CNA_cluster_0011","ALL_CNA","CNA_event_000166","PATALJ","GAIN","exons 5",0.224
"ALL_CNA_cluster_0011","ALL_CNA","CNA_event_000120","PATCWW","HETDEL","exons 5",0.342
"ALL_CNA_cluster_0011","ALL_CNA","CNA_event_000119","PATDEK","HETDEL","exons 5",0.381
"ALL_CNA_cluster_0011","ALL_CNA","CNA_event_000046","PATGLV","HETDEL","exons 5;6",0.935
"ALL_CNA_cluster_0011","ALL_CNA","CNA_event_000027","PATHRE","HOMDEL","exons 5;6",0.827
"ALL_CNA_cluster_0011","ALL_CNA","CNA_event_000117","PATHSL","HETDEL","exons 5;6",0.827
"ALL_CNA_cluster_0011","ALL_CNA","CNA_event_000025","PATKKV","HOMDEL","exons 5",0.342
"ALL_CNA_cluster_0011","ALL_CNA","CNA_event_000116","PATKKV","HETDEL","exons 6",0.593
"ALL_CNA_cluster_0011","ALL_CNA","CNA_event_000115","PATKPW","HETDEL","exons 5;6",0.935
"ALL_CNA_cluster_0011","ALL_CNA","CNA_event_000075","PATKVD","HETDEL","exons 5;6",0.459
"ALL_CNA_cluster_0011","ALL_CNA","CNA_event_000140","PATKWU","HETDEL","exons 5",0.407
"ALL_CNA_cluster_0011","ALL_CNA","CNA_event_000114","PATLUU","HETDEL","exons 5;6",0.935
"ALL_CNA_cluster_0011","ALL_CNA","CNA_event_000024","PATSIL","HOMDEL","exons 5",0.381
"ALL_CNA_cluster_0011","ALL_CNA","CNA_event_000113","PATSIL","HETDEL","exons 6",0.593
"ALL_CNA_cluster_0011","ALL_CNA","CNA_event_000023","PATTAC","HOMDEL","exons 5;6",0.935
"ALL_CNA_cluster_0011","ALL_CNA","CNA_event_000139","PATUWK","HETDEL","exons 5;6",0.474
"ALL_CNA_cluster_0011","ALL_CNA","CNA_event_000111","PATXNK","HETDEL","exons 5;6",0.935
"ALL_CNA_cluster_0011","ALL_CNA","CNA_event_000074","PATZXK","HETDEL","exons 5;6",0.935
"ALL_CNA_cluster_0011","ALL_CNA","CNA_event_000137","PAUEGE","HETDEL","exons 5;6",0.827
"ALL_CNA_cluster_0011","ALL_CNA","CNA_event_000069","PAUGLY","HETDEL","exons 5;6",0.935
"ALL_CNA_cluster_0011","ALL_CNA","CNA_event_000068","PAUHYI","HETDEL","exons 5",0.234
"ALL_CNA_cluster_0011","ALL_CNA","CNA_event_000066","PAUIEM","HETDEL","exons 5;6",0.827
"ALL_CNA_cluster_0011","ALL_CNA","CNA_event_000109","PAUJYN","HETDEL","exons 5;6",0.827
"ALL_CNA_cluster_0011","ALL_CNA","CNA_event_000151","PAULMU","HETDEL","exons 5;6",0.849
"ALL_CNA_cluster_0011","ALL_CNA","CNA_event_000021","PAUMXB","HOMDEL","exons 5;6",0.827
"ALL_CNA_cluster_0011","ALL_CNA","CNA_event_000049","PAUNBU","HETDEL","exons 5;6",0.935
"ALL_CNA_cluster_0011","ALL_CNA","CNA_event_000034","PAUPVR","HOMDEL","exons 5",0.342
"ALL_CNA_cluster_0011","ALL_CNA","CNA_event_000136","PAUPVR","HETDEL","exons 6",0.593
"ALL_CNA_cluster_0011","ALL_CNA","CNA_event_000064","PAURLU","HETDEL","exons 5;6",0.49
"ALL_CNA_cluster_0011","ALL_CNA","CNA_event_000157","PAUTBB","GAIN","exons 5;6",0.864
"ALL_CNA_cluster_0011","ALL_CNA","CNA_event_000063","PAUTBD","HETDEL","exons 5;6",0.827
"ALL_CNA_cluster_0011","ALL_CNA","CNA_event_000104","PAUVUJ","HETDEL","exons 5;6",0.935
"ALL_CNA_cluster_0011","ALL_CNA","CNA_event_000103","PAUVWZ","HETDEL","exons 5",0.342
"ALL_CNA_cluster_0011","ALL_CNA","CNA_event_000062","PAUWUY","HETDEL","exons 5;6",0.935
"ALL_CNA_cluster_0011","ALL_CNA","CNA_event_000102","PAUXYI","HETDEL","exons 5;6",0.935
"ALL_CNA_cluster_0011","ALL_CNA","CNA_event_000100","PAUYBP","HETDEL","exons 5",0.234
"ALL_CNA_cluster_0011","ALL_CNA","CNA_event_000002","PAUYJE","HOMDEL","exons 5",0.342
"ALL_CNA_cluster_0011","ALL_CNA","CNA_event_000060","PAUYJE","HETDEL","exons 6",0.593
"ALL_CNA_cluster_0011","ALL_CNA","CNA_event_000050","PAVAPE","HETDEL","exons 5;6",0.827
"ALL_CNA_cluster_0011","ALL_CNA","CNA_event_000059","PAVAWP","HETDEL","exons 5;6",0.935
"ALL_CNA_cluster_0011","ALL_CNA","CNA_event_000018","PAVAWW","HOMDEL","exons 5;6",0.935
"ALL_CNA_cluster_0011","ALL_CNA","CNA_event_000097","PAVBCW","HETDEL","exons 5;6",0.827
"ALL_CNA_cluster_0011","ALL_CNA","CNA_event_000017","PAVCHZ","HOMDEL","exons 5;6",0.827
"ALL_CNA_cluster_0011","ALL_CNA","CNA_event_000057","PAVDJU","HETDEL","exons 5",0.381
"ALL_CNA_cluster_0011","ALL_CNA","CNA_event_000056","PAVESF","HETDEL","exons 5;6",0.827
"ALL_CNA_cluster_0011","ALL_CNA","CNA_event_000048","PAVESV","HETDEL","exons 5",0.234
"ALL_CNA_cluster_0011","ALL_CNA","CNA_event_000135","PAVFAC","HETDEL","exons 5",0.342
"ALL_CNA_cluster_0011","ALL_CNA","CNA_event_000054","PAVIDN","HETDEL","exons 5",0.342
"ALL_CNA_cluster_0011","ALL_CNA","CNA_event_000014","PAVKPV","HOMDEL","exons 5",0.342
"ALL_CNA_cluster_0011","ALL_CNA","CNA_event_000015","PAVKPV","HOMDEL","exons 6",0.593
"ALL_CNA_cluster_0011","ALL_CNA","CNA_event_000095","PAVKUU","HETDEL","exons 5;6",0.935
"ALL_CNA_cluster_0011","ALL_CNA","CNA_event_000144","PAVMVL","HETDEL","exons 5;6",0.935
"ALL_CNA_cluster_0011","ALL_CNA","CNA_event_000012","PAVPEN","HOMDEL","exons 5;6",0.827
"ALL_CNA_cluster_0011","ALL_CNA","CNA_event_000052","PAVPGA","HETDEL","exons 5;6",0.827
"ALL_CNA_cluster_0011","ALL_CNA","CNA_event_000138","PAVRLT","HETDEL","exons 5;6",0.935
"ALL_CNA_cluster_0011","ALL_CNA","CNA_event_000093","PAVRUJ","HETDEL","exons 5",0.234
"ALL_CNA_cluster_0011","ALL_CNA","CNA_event_000043","PAVZXK","HETDEL","exons 5;6",0.935
"ALL_CNA_cluster_0011","ALL_CNA","CNA_event_000091","PAWAIM","HETDEL","exons 5",0.234
"ALL_CNA_cluster_0011","ALL_CNA","CNA_event_000143","PAWCUT","HETDEL","exons 5",0.342
"ALL_CNA_cluster_0011","ALL_CNA","CNA_event_000044","PAWFYE","HETDEL","exons 5;6",0.459
"ALL_CNA_cluster_0011","ALL_CNA","CNA_event_000008","PAWGDG","HOMDEL","exons 5;6",0.935
"ALL_CNA_cluster_0011","ALL_CNA","CNA_event_000158","PAWGIT","GAIN","exons 6",0.593
"ALL_CNA_cluster_0011","ALL_CNA","CNA_event_000088","PAWGYW","HETDEL","exons 5;6",0.935
"ALL_CNA_cluster_0011","ALL_CNA","CNA_event_000051","PAWJUJ","HETDEL","exons 5;6",0.935
"ALL_CNA_cluster_0011","ALL_CNA","CNA_event_000087","PAWKIT","HETDEL","exons 5",0.342
"ALL_CNA_cluster_0011","ALL_CNA","CNA_event_000007","PAWKZN","HOMDEL","exons 5;6",0.935
"ALL_CNA_cluster_0012","ALL_CNA","CNA_event_000131","PARBTF","HETDEL","exons 5",0.342
"ALL_CNA_cluster_0012","ALL_CNA","CNA_event_000132","PARBTF","HETDEL","exons 6;7;8;9",0.593
"ALL_CNA_cluster_0012","ALL_CNA","CNA_event_000130","PARGHJ","HETDEL","exons 5;6;7;8;9",0.935
"ALL_CNA_cluster_0012","ALL_CNA","CNA_event_000006","PARJPL","HOMDEL","exons 5;6;7;8;9",0.935
"ALL_CNA_cluster_0012","ALL_CNA","CNA_event_000005","PARMIH","HOMDEL","exons 5;6;7;8;9",0.827
"ALL_CNA_cluster_0012","ALL_CNA","CNA_event_000129","PARMJA","HETDEL","exons 5",0.271
"ALL_CNA_cluster_0012","ALL_CNA","CNA_event_000032","PARNXJ","HOMDEL","exons 5;6;7;8;9",0.935
"ALL_CNA_cluster_0012","ALL_CNA","CNA_event_000042","PARSJG","HOMDEL","exons 5;6;7;8;9",0.827
"ALL_CNA_cluster_0012","ALL_CNA","CNA_event_000128","PARXHT","HETDEL","exons 5;6;7;8;9",0.935
"ALL_CNA_cluster_0012","ALL_CNA","CNA_event_000180","PASGRU","GAIN","exons 5;6;7;8;9",0.935
"ALL_CNA_cluster_0012","ALL_CNA","CNA_event_000030","PASHZK","HOMDEL","exons 5",0.342
"ALL_CNA_cluster_0012","ALL_CNA","CNA_event_000126","PASIJX","HETDEL","exons 5;6;7;8;9",0.827
"ALL_CNA_cluster_0012","ALL_CNA","CNA_event_000084","PASKAD","HETDEL","exons 5",0.342
"ALL_CNA_cluster_0012","ALL_CNA","CNA_event_000123","PASMHF","HETDEL","exons 5;6;7;8;9",0.827
"ALL_CNA_cluster_0012","ALL_CNA","CNA_event_000082","PASPLG","HETDEL","exons 5;6;7;8;9",0.827
"ALL_CNA_cluster_0012","ALL_CNA","CNA_event_000028","PASVKC","HOMDEL","exons 5;6;7;8;9",0.935
"ALL_CNA_cluster_0012","ALL_CNA","CNA_event_000122","PASVZJ","HETDEL","exons 5",0.342
"ALL_CNA_cluster_0012","ALL_CNA","CNA_event_000081","PASYVU","HETDEL","exons 5;6;7;8;9",0.935
"ALL_CNA_cluster_0012","ALL_CNA","CNA_event_000080","PASYWF","HETDEL","exons 5;6;7;8;9",0.935
"ALL_CNA_cluster_0012","ALL_CNA","CNA_event_000166","PATALJ","GAIN","exons 5",0.224
"ALL_CNA_cluster_0012","ALL_CNA","CNA_event_000120","PATCWW","HETDEL","exons 5",0.342
"ALL_CNA_cluster_0012","ALL_CNA","CNA_event_000119","PATDEK","HETDEL","exons 5",0.381
"ALL_CNA_cluster_0012","ALL_CNA","CNA_event_000046","PATGLV","HETDEL","exons 5;6;7;8;9",0.935
"ALL_CNA_cluster_0012","ALL_CNA","CNA_event_000027","PATHRE","HOMDEL","exons 5;6;7;8;9",0.827
"ALL_CNA_cluster_0012","ALL_CNA","CNA_event_000117","PATHSL","HETDEL","exons 5;6;7;8;9",0.827
"ALL_CNA_cluster_0012","ALL_CNA","CNA_event_000025","PATKKV","HOMDEL","exons 5",0.342
"ALL_CNA_cluster_0012","ALL_CNA","CNA_event_000116","PATKKV","HETDEL","exons 6;7;8;9",0.593
"ALL_CNA_cluster_0012","ALL_CNA","CNA_event_000115","PATKPW","HETDEL","exons 5;6;7;8;9",0.935
"ALL_CNA_cluster_0012","ALL_CNA","CNA_event_000075","PATKVD","HETDEL","exons 5;6",0.459
"ALL_CNA_cluster_0012","ALL_CNA","CNA_event_000140","PATKWU","HETDEL","exons 5",0.407
"ALL_CNA_cluster_0012","ALL_CNA","CNA_event_000114","PATLUU","HETDEL","exons 5;6;7;8;9",0.935
"ALL_CNA_cluster_0012","ALL_CNA","CNA_event_000024","PATSIL","HOMDEL","exons 5",0.381
"ALL_CNA_cluster_0012","ALL_CNA","CNA_event_000113","PATSIL","HETDEL","exons 6;7;8;9",0.593
"ALL_CNA_cluster_0012","ALL_CNA","CNA_event_000023","PATTAC","HOMDEL","exons 5;6;7;8;9",0.935
"ALL_CNA_cluster_0012","ALL_CNA","CNA_event_000139","PATUWK","HETDEL","exons 5;6;7",0.474
"ALL_CNA_cluster_0012","ALL_CNA","CNA_event_000111","PATXNK","HETDEL","exons 5;6;7;8;9",0.935
"ALL_CNA_cluster_0012","ALL_CNA","CNA_event_000074","PATZXK","HETDEL","exons 5;6;7;8;9",0.935
"ALL_CNA_cluster_0012","ALL_CNA","CNA_event_000137","PAUEGE","HETDEL","exons 5;6;7;8;9",0.827
"ALL_CNA_cluster_0012","ALL_CNA","CNA_event_000069","PAUGLY","HETDEL","exons 5;6;7;8;9",0.935
"ALL_CNA_cluster_0012","ALL_CNA","CNA_event_000068","PAUHYI","HETDEL","exons 5",0.234
"ALL_CNA_cluster_0012","ALL_CNA","CNA_event_000066","PAUIEM","HETDEL","exons 5;6;7;8;9",0.827
"ALL_CNA_cluster_0012","ALL_CNA","CNA_event_000109","PAUJYN","HETDEL","exons 5;6;7;8;9",0.827
"ALL_CNA_cluster_0012","ALL_CNA","CNA_event_000039","PAULMU","HOMDEL","exons 9",0.151
"ALL_CNA_cluster_0012","ALL_CNA","CNA_event_000151","PAULMU","HETDEL","exons 5;6;7;8",0.849
"ALL_CNA_cluster_0012","ALL_CNA","CNA_event_000021","PAUMXB","HOMDEL","exons 5;6;7;8;9",0.827
"ALL_CNA_cluster_0012","ALL_CNA","CNA_event_000049","PAUNBU","HETDEL","exons 5;6;7;8;9",0.935
"ALL_CNA_cluster_0012","ALL_CNA","CNA_event_000034","PAUPVR","HOMDEL","exons 5",0.342
"ALL_CNA_cluster_0012","ALL_CNA","CNA_event_000136","PAUPVR","HETDEL","exons 6;7;8;9",0.593
"ALL_CNA_cluster_0012","ALL_CNA","CNA_event_000064","PAURLU","HETDEL","exons 5;6;7",0.49
"ALL_CNA_cluster_0012","ALL_CNA","CNA_event_000157","PAUTBB","GAIN","exons 5;6;7;8;9",0.864
"ALL_CNA_cluster_0012","ALL_CNA","CNA_event_000063","PAUTBD","HETDEL","exons 5;6;7;8;9",0.827
"ALL_CNA_cluster_0012","ALL_CNA","CNA_event_000104","PAUVUJ","HETDEL","exons 5;6;7;8;9",0.935
"ALL_CNA_cluster_0012","ALL_CNA","CNA_event_000103","PAUVWZ","HETDEL","exons 5",0.342
"ALL_CNA_cluster_0012","ALL_CNA","CNA_event_000062","PAUWUY","HETDEL","exons 5;6;7;8;9",0.935
"ALL_CNA_cluster_0012","ALL_CNA","CNA_event_000102","PAUXYI","HETDEL","exons 5;6;7;8;9",0.935
"ALL_CNA_cluster_0012","ALL_CNA","CNA_event_000100","PAUYBP","HETDEL","exons 5",0.234
"ALL_CNA_cluster_0012","ALL_CNA","CNA_event_000002","PAUYJE","HOMDEL","exons 5",0.342
"ALL_CNA_cluster_0012","ALL_CNA","CNA_event_000060","PAUYJE","HETDEL","exons 6;7;8;9",0.593
"ALL_CNA_cluster_0012","ALL_CNA","CNA_event_000050","PAVAPE","HETDEL","exons 5;6;7;8;9",0.827
"ALL_CNA_cluster_0012","ALL_CNA","CNA_event_000059","PAVAWP","HETDEL","exons 5;6;7;8;9",0.935
"ALL_CNA_cluster_0012","ALL_CNA","CNA_event_000018","PAVAWW","HOMDEL","exons 5;6;7;8;9",0.935
"ALL_CNA_cluster_0012","ALL_CNA","CNA_event_000097","PAVBCW","HETDEL","exons 5;6;7;8;9",0.827
"ALL_CNA_cluster_0012","ALL_CNA","CNA_event_000017","PAVCHZ","HOMDEL","exons 5;6;7;8;9",0.827
"ALL_CNA_cluster_0012","ALL_CNA","CNA_event_000057","PAVDJU","HETDEL","exons 5",0.381
"ALL_CNA_cluster_0012","ALL_CNA","CNA_event_000056","PAVESF","HETDEL","exons 5;6;7;8;9",0.827
"ALL_CNA_cluster_0012","ALL_CNA","CNA_event_000048","PAVESV","HETDEL","exons 5",0.234
"ALL_CNA_cluster_0012","ALL_CNA","CNA_event_000135","PAVFAC","HETDEL","exons 5",0.342
"ALL_CNA_cluster_0012","ALL_CNA","CNA_event_000054","PAVIDN","HETDEL","exons 5",0.342
"ALL_CNA_cluster_0012","ALL_CNA","CNA_event_000014","PAVKPV","HOMDEL","exons 5",0.342
"ALL_CNA_cluster_0012","ALL_CNA","CNA_event_000015","PAVKPV","HOMDEL","exons 6;7;8;9",0.593
"ALL_CNA_cluster_0012","ALL_CNA","CNA_event_000095","PAVKUU","HETDEL","exons 5;6;7;8;9",0.935
"ALL_CNA_cluster_0012","ALL_CNA","CNA_event_000144","PAVMVL","HETDEL","exons 5;6;7;8;9",0.935
"ALL_CNA_cluster_0012","ALL_CNA","CNA_event_000012","PAVPEN","HOMDEL","exons 5;6;7;8;9",0.827
"ALL_CNA_cluster_0012","ALL_CNA","CNA_event_000052","PAVPGA","HETDEL","exons 5;6;7;8;9",0.827
"ALL_CNA_cluster_0012","ALL_CNA","CNA_event_000138","PAVRLT","HETDEL","exons 5;6;7;8;9",0.935
"ALL_CNA_cluster_0012","ALL_CNA","CNA_event_000093","PAVRUJ","HETDEL","exons 5",0.234
"ALL_CNA_cluster_0012","ALL_CNA","CNA_event_000043","PAVZXK","HETDEL","exons 5;6;7;8;9",0.935
"ALL_CNA_cluster_0012","ALL_CNA","CNA_event_000091","PAWAIM","HETDEL","exons 5",0.234
"ALL_CNA_cluster_0012","ALL_CNA","CNA_event_000143","PAWCUT","HETDEL","exons 5",0.342
"ALL_CNA_cluster_0012","ALL_CNA","CNA_event_000159","PAWFNJ","GAIN","exons 7",0.138
"ALL_CNA_cluster_0012","ALL_CNA","CNA_event_000044","PAWFYE","HETDEL","exons 5;6",0.459
"ALL_CNA_cluster_0012","ALL_CNA","CNA_event_000008","PAWGDG","HOMDEL","exons 5;6;7;8;9",0.935
"ALL_CNA_cluster_0012","ALL_CNA","CNA_event_000158","PAWGIT","GAIN","exons 6;7;8;9",0.593
"ALL_CNA_cluster_0012","ALL_CNA","CNA_event_000088","PAWGYW","HETDEL","exons 5;6;7;8;9",0.935
"ALL_CNA_cluster_0012","ALL_CNA","CNA_event_000051","PAWJUJ","HETDEL","exons 5;6;7;8;9",0.935
"ALL_CNA_cluster_0012","ALL_CNA","CNA_event_000087","PAWKIT","HETDEL","exons 5",0.342
"ALL_CNA_cluster_0012","ALL_CNA","CNA_event_000007","PAWKZN","HOMDEL","exons 5;6;7;8;9",0.935
"ALL_CNA_cluster_0013","ALL_CNA","CNA_event_000131","PARBTF","HETDEL","exons 2;3;4;5",0.342
"ALL_CNA_cluster_0013","ALL_CNA","CNA_event_000132","PARBTF","HETDEL","exons 6;7;8;9",0.593
"ALL_CNA_cluster_0013","ALL_CNA","CNA_event_000130","PARGHJ","HETDEL","exons 2;3;4;5;6;7;8;9",0.935
"ALL_CNA_cluster_0013","ALL_CNA","CNA_event_000047","PARIET","HETDEL","exons 1;2;3",0.147
"ALL_CNA_cluster_0013","ALL_CNA","CNA_event_000006","PARJPL","HOMDEL","exons 2;3;4;5;6;7;8;9",0.935
"ALL_CNA_cluster_0013","ALL_CNA","CNA_event_000086","PARJPL","HETDEL","exons 1",0.065
"ALL_CNA_cluster_0013","ALL_CNA","CNA_event_000005","PARMIH","HOMDEL","exons 4;5;6;7;8;9",0.827
"ALL_CNA_cluster_0013","ALL_CNA","CNA_event_000085","PARMIH","HETDEL","exons 2;3",0.108
"ALL_CNA_cluster_0013","ALL_CNA","CNA_event_000033","PARMJA","HOMDEL","exons 2",0.07
"ALL_CNA_cluster_0013","ALL_CNA","CNA_event_000129","PARMJA","HETDEL","exons 3;4;5",0.271
"ALL_CNA_cluster_0013","ALL_CNA","CNA_event_000032","PARNXJ","HOMDEL","exons 2;3;4;5;6;7;8;9",0.935
"ALL_CNA_cluster_0013","ALL_CNA","CNA_event_000042","PARSJG","HOMDEL","exons 4;5;6;7;8;9",0.827
"ALL_CNA_cluster_0013","ALL_CNA","CNA_event_000031","PARVHY","HOMDEL","exons 2;3",0.108
"ALL_CNA_cluster_0013","ALL_CNA","CNA_event_000128","PARXHT","HETDEL","exons 2;3;4;5;6;7;8;9",0.935
"ALL_CNA_cluster_0013","ALL_CNA","CNA_event_000178","PASGRU","GAIN","exons 1",0.065
"ALL_CNA_cluster_0013","ALL_CNA","CNA_event_000180","PASGRU","GAIN","exons 2;3;4;5;6;7;8;9",0.935
"ALL_CNA_cluster_0013","ALL_CNA","CNA_event_000030","PASHZK","HOMDEL","exons 2;3;4;5",0.342
"ALL_CNA_cluster_0013","ALL_CNA","CNA_event_000125","PASIJX","HETDEL","exons 1;2;3",0.173
"ALL_CNA_cluster_0013","ALL_CNA","CNA_event_000126","PASIJX","HETDEL","exons 4;5;6;7;8;9",0.827
"ALL_CNA_cluster_0013","ALL_CNA","CNA_event_000084","PASKAD","HETDEL","exons 2;3;4;5",0.342
"ALL_CNA_cluster_0013","ALL_CNA","CNA_event_000141","PASLXY","HETDEL","exons 2;3",0.108
"ALL_CNA_cluster_0013","ALL_CNA","CNA_event_000029","PASMHF","HOMDEL","exons 2;3",0.108
"ALL_CNA_cluster_0013","ALL_CNA","CNA_event_000123","PASMHF","HETDEL","exons 4;5;6;7;8;9",0.827
"ALL_CNA_cluster_0013","ALL_CNA","CNA_event_000083","PASPDS","HETDEL","exons 2;3",0.108
"ALL_CNA_cluster_0013","ALL_CNA","CNA_event_000082","PASPLG","HETDEL","exons 4;5;6;7;8;9",0.827
"ALL_CNA_cluster_0013","ALL_CNA","CNA_event_000028","PASVKC","HOMDEL","exons 2;3;4;5;6;7;8;9",0.935
"ALL_CNA_cluster_0013","ALL_CNA","CNA_event_000122","PASVZJ","HETDEL","exons 2;3;4;5",0.342
"ALL_CNA_cluster_0013","ALL_CNA","CNA_event_000081","PASYVU","HETDEL","exons 2;3;4;5;6;7;8;9",0.935
"ALL_CNA_cluster_0013","ALL_CNA","CNA_event_000079","PASYWF","HETDEL","exons 1",0.065
"ALL_CNA_cluster_0013","ALL_CNA","CNA_event_000080","PASYWF","HETDEL","exons 2;3;4;5;6;7;8;9",0.935
"ALL_CNA_cluster_0013","ALL_CNA","CNA_event_000166","PATALJ","GAIN","exons 4;5",0.224
"ALL_CNA_cluster_0013","ALL_CNA","CNA_event_000077","PATBTX","HETDEL","exons 2;3",0.108
"ALL_CNA_cluster_0013","ALL_CNA","CNA_event_000076","PATCTR","HETDEL","exons 2;3",0.108
"ALL_CNA_cluster_0013","ALL_CNA","CNA_event_000120","PATCWW","HETDEL","exons 2;3;4;5",0.342
"ALL_CNA_cluster_0013","ALL_CNA","CNA_event_000119","PATDEK","HETDEL","exons 1;2;3;4;5",0.381
"ALL_CNA_cluster_0013","ALL_CNA","CNA_event_000046","PATGLV","HETDEL","exons 2;3;4;5;6;7;8;9",0.935
"ALL_CNA_cluster_0013","ALL_CNA","CNA_event_000027","PATHRE","HOMDEL","exons 4;5;6;7;8;9",0.827
"ALL_CNA_cluster_0013","ALL_CNA","CNA_event_000118","PATHRE","HETDEL","exons 2;3",0.108
"ALL_CNA_cluster_0013","ALL_CNA","CNA_event_000026","PATHSL","HOMDEL","exons 2;3",0.108
"ALL_CNA_cluster_0013","ALL_CNA","CNA_event_000117","PATHSL","HETDEL","exons 4;5;6;7;8;9",0.827
"ALL_CNA_cluster_0013","ALL_CNA","CNA_event_000025","PATKKV","HOMDEL","exons 2;3;4;5",0.342
"ALL_CNA_cluster_0013","ALL_CNA","CNA_event_000116","PATKKV","HETDEL","exons 6;7;8;9",0.593
"ALL_CNA_cluster_0013","ALL_CNA","CNA_event_000115","PATKPW","HETDEL","exons 2;3;4;5;6;7;8;9",0.935
"ALL_CNA_cluster_0013","ALL_CNA","CNA_event_000075","PATKVD","HETDEL","exons 2;3;4;5;6",0.459
"ALL_CNA_cluster_0013","ALL_CNA","CNA_event_000140","PATKWU","HETDEL","exons 1;2;3;4;5",0.407
"ALL_CNA_cluster_0013","ALL_CNA","CNA_event_000114","PATLUU","HETDEL","exons 2;3;4;5;6;7;8;9",0.935
"ALL_CNA_cluster_0013","ALL_CNA","CNA_event_000024","PATSIL","HOMDEL","exons 1;2;3;4;5",0.381
"ALL_CNA_cluster_0013","ALL_CNA","CNA_event_000113","PATSIL","HETDEL","exons 6;7;8;9",0.593
"ALL_CNA_cluster_0013","ALL_CNA","CNA_event_000023","PATTAC","HOMDEL","exons 2;3;4;5;6;7;8;9",0.935
"ALL_CNA_cluster_0013","ALL_CNA","CNA_event_000139","PATUWK","HETDEL","exons 4;5;6;7",0.474
"ALL_CNA_cluster_0013","ALL_CNA","CNA_event_000111","PATXNK","HETDEL","exons 2;3;4;5;6;7;8;9",0.935
"ALL_CNA_cluster_0013","ALL_CNA","CNA_event_000074","PATZXK","HETDEL","exons 2;3;4;5;6;7;8;9",0.935
"ALL_CNA_cluster_0013","ALL_CNA","CNA_event_000022","PAUADY","HOMDEL","exons 2;3",0.108
"ALL_CNA_cluster_0013","ALL_CNA","CNA_event_000072","PAUCFC","HETDEL","exons 2",0.07
"ALL_CNA_cluster_0013","ALL_CNA","CNA_event_000035","PAUEGE","HOMDEL","exons 2;3",0.108
"ALL_CNA_cluster_0013","ALL_CNA","CNA_event_000137","PAUEGE","HETDEL","exons 4;5;6;7;8;9",0.827
"ALL_CNA_cluster_0013","ALL_CNA","CNA_event_000071","PAUGAP","HETDEL","exons 2;3",0.108
"ALL_CNA_cluster_0013","ALL_CNA","CNA_event_000070","PAUGDZ","HETDEL","exons 1",0.065
"ALL_CNA_cluster_0013","ALL_CNA","CNA_event_000069","PAUGLY","HETDEL","exons 2;3;4;5;6;7;8;9",0.935
"ALL_CNA_cluster_0013","ALL_CNA","CNA_event_000003","PAUHYI","HOMDEL","exons 2;3",0.108
"ALL_CNA_cluster_0013","ALL_CNA","CNA_event_000068","PAUHYI","HETDEL","exons 4;5",0.234
"ALL_CNA_cluster_0013","ALL_CNA","CNA_event_000065","PAUIEM","HETDEL","exons 2",0.07
"ALL_CNA_cluster_0013","ALL_CNA","CNA_event_000066","PAUIEM","HETDEL","exons 4;5;6;7;8;9",0.827
"ALL_CNA_cluster_0013","ALL_CNA","CNA_event_000107","PAUJYN","HETDEL","exons 1;2",0.136
"ALL_CNA_cluster_0013","ALL_CNA","CNA_event_000108","PAUJYN","HETDEL","exons 3",0.037
"ALL_CNA_cluster_0013","ALL_CNA","CNA_event_000109","PAUJYN","HETDEL","exons 4;5;6;7;8;9",0.827
"ALL_CNA_cluster_0013","ALL_CNA","CNA_event_000146","PAUKMA","HETDEL","exons 1;2",0.136
"ALL_CNA_cluster_0013","ALL_CNA","CNA_event_000039","PAULMU","HOMDEL","exons 9",0.151
"ALL_CNA_cluster_0013","ALL_CNA","CNA_event_000151","PAULMU","HETDEL","exons 1;2;3;4;5;6;7;8",0.849
"ALL_CNA_cluster_0013","ALL_CNA","CNA_event_000021","PAUMXB","HOMDEL","exons 4;5;6;7;8;9",0.827
"ALL_CNA_cluster_0013","ALL_CNA","CNA_event_000105","PAUMXB","HETDEL","exons 1;2;3",0.173
"ALL_CNA_cluster_0013","ALL_CNA","CNA_event_000049","PAUNBU","HETDEL","exons 2;3;4;5;6;7;8;9",0.935
"ALL_CNA_cluster_0013","ALL_CNA","CNA_event_000034","PAUPVR","HOMDEL","exons 2;3;4;5",0.342
"ALL_CNA_cluster_0013","ALL_CNA","CNA_event_000136","PAUPVR","HETDEL","exons 6;7;8;9",0.593
"ALL_CNA_cluster_0013","ALL_CNA","CNA_event_000064","PAURLU","HETDEL","exons 4;5;6;7",0.49
"ALL_CNA_cluster_0013","ALL_CNA","CNA_event_000157","PAUTBB","GAIN","exons 3;4;5;6;7;8;9",0.864
"ALL_CNA_cluster_0013","ALL_CNA","CNA_event_000063","PAUTBD","HETDEL","exons 4;5;6;7;8;9",0.827
"ALL_CNA_cluster_0013","ALL_CNA","CNA_event_000104","PAUVUJ","HETDEL","exons 2;3;4;5;6;7;8;9",0.935
"ALL_CNA_cluster_0013","ALL_CNA","CNA_event_000103","PAUVWZ","HETDEL","exons 2;3;4;5",0.342
"ALL_CNA_cluster_0013","ALL_CNA","CNA_event_000062","PAUWUY","HETDEL","exons 2;3;4;5;6;7;8;9",0.935
"ALL_CNA_cluster_0013","ALL_CNA","CNA_event_000102","PAUXYI","HETDEL","exons 2;3;4;5;6;7;8;9",0.935
"ALL_CNA_cluster_0013","ALL_CNA","CNA_event_000019","PAUYBP","HOMDEL","exons 2;3",0.108
"ALL_CNA_cluster_0013","ALL_CNA","CNA_event_000100","PAUYBP","HETDEL","exons 4;5",0.234
"ALL_CNA_cluster_0013","ALL_CNA","CNA_event_000099","PAUYIK","HETDEL","exons 1;2;3",0.173
"ALL_CNA_cluster_0013","ALL_CNA","CNA_event_000002","PAUYJE","HOMDEL","exons 2;3;4;5",0.342
"ALL_CNA_cluster_0013","ALL_CNA","CNA_event_000060","PAUYJE","HETDEL","exons 6;7;8;9",0.593
"ALL_CNA_cluster_0013","ALL_CNA","CNA_event_000098","PAVAJG","HETDEL","exons 2;3",0.108
"ALL_CNA_cluster_0013","ALL_CNA","CNA_event_000050","PAVAPE","HETDEL","exons 4;5;6;7;8;9",0.827
"ALL_CNA_cluster_0013","ALL_CNA","CNA_event_000059","PAVAWP","HETDEL","exons 2;3;4;5;6;7;8;9",0.935
"ALL_CNA_cluster_0013","ALL_CNA","CNA_event_000018","PAVAWW","HOMDEL","exons 2;3;4;5;6;7;8;9",0.935
"ALL_CNA_cluster_0013","ALL_CNA","CNA_event_000096","PAVBCW","HETDEL","exons 1",0.065
"ALL_CNA_cluster_0013","ALL_CNA","CNA_event_000097","PAVBCW","HETDEL","exons 4;5;6;7;8;9",0.827
"ALL_CNA_cluster_0013","ALL_CNA","CNA_event_000017","PAVCHZ","HOMDEL","exons 4;5;6;7;8;9",0.827
"ALL_CNA_cluster_0013","ALL_CNA","CNA_event_000058","PAVCRK","HETDEL","exons 1",0.065
"ALL_CNA_cluster_0013","ALL_CNA","CNA_event_000057","PAVDJU","HETDEL","exons 1;2;3;4;5",0.381
"ALL_CNA_cluster_0013","ALL_CNA","CNA_event_000001","PAVESF","HOMDEL","exons 1;2;3",0.147
"ALL_CNA_cluster_0013","ALL_CNA","CNA_event_000056","PAVESF","HETDEL","exons 4;5;6;7;8;9",0.827
"ALL_CNA_cluster_0013","ALL_CNA","CNA_event_000048","PAVESV","HETDEL","exons 4;5",0.234
"ALL_CNA_cluster_0013","ALL_CNA","CNA_event_000134","PAVEUT","HETDEL","exons 1;2;3",0.173
"ALL_CNA_cluster_0013","ALL_CNA","CNA_event_000135","PAVFAC","HETDEL","exons 2;3;4;5",0.342
"ALL_CNA_cluster_0013","ALL_CNA","CNA_event_000016","PAVFIF","HOMDEL","exons 2;3",0.108
"ALL_CNA_cluster_0013","ALL_CNA","CNA_event_000055","PAVGMF","HETDEL","exons 1;2;3",0.173
"ALL_CNA_cluster_0013","ALL_CNA","CNA_event_000054","PAVIDN","HETDEL","exons 2;3;4;5",0.342
"ALL_CNA_cluster_0013","ALL_CNA","CNA_event_000053","PAVKJU","HETDEL","exons 2;3",0.108
"ALL_CNA_cluster_0013","ALL_CNA","CNA_event_000014","PAVKPV","HOMDEL","exons 2;3;4;5",0.342
"ALL_CNA_cluster_0013","ALL_CNA","CNA_event_000015","PAVKPV","HOMDEL","exons 6;7;8;9",0.593
"ALL_CNA_cluster_0013","ALL_CNA","CNA_event_000095","PAVKUU","HETDEL","exons 2;3;4;5;6;7;8;9",0.935
"ALL_CNA_cluster_0013","ALL_CNA","CNA_event_000144","PAVMVL","HETDEL","exons 2;3;4;5;6;7;8;9",0.935
"ALL_CNA_cluster_0013","ALL_CNA","CNA_event_000040","PAVPCB","HOMDEL","exons 2;3",0.108
"ALL_CNA_cluster_0013","ALL_CNA","CNA_event_000012","PAVPEN","HOMDEL","exons 4;5;6;7;8;9",0.827
"ALL_CNA_cluster_0013","ALL_CNA","CNA_event_000052","PAVPGA","HETDEL","exons 4;5;6;7;8;9",0.827
"ALL_CNA_cluster_0013","ALL_CNA","CNA_event_000138","PAVRLT","HETDEL","exons 2;3;4;5;6;7;8;9",0.935
"ALL_CNA_cluster_0013","ALL_CNA","CNA_event_000093","PAVRUJ","HETDEL","exons 4;5",0.234
"ALL_CNA_cluster_0013","ALL_CNA","CNA_event_000092","PAVRYP","HETDEL","exons 2;3",0.108
"ALL_CNA_cluster_0013","ALL_CNA","CNA_event_000011","PAVUCS","HOMDEL","exons 2;3",0.108
"ALL_CNA_cluster_0013","ALL_CNA","CNA_event_000043","PAVZXK","HETDEL","exons 2;3;4;5;6;7;8;9",0.935
"ALL_CNA_cluster_0013","ALL_CNA","CNA_event_000154","PAWAFV","GAIN","exons 1",0.065
"ALL_CNA_cluster_0013","ALL_CNA","CNA_event_000010","PAWAIM","HOMDEL","exons 2;3",0.108
"ALL_CNA_cluster_0013","ALL_CNA","CNA_event_000091","PAWAIM","HETDEL","exons 4;5",0.234
"ALL_CNA_cluster_0013","ALL_CNA","CNA_event_000090","PAWAIN","HETDEL","exons 1",0.065
"ALL_CNA_cluster_0013","ALL_CNA","CNA_event_000143","PAWCUT","HETDEL","exons 2;3;4;5",0.342
"ALL_CNA_cluster_0013","ALL_CNA","CNA_event_000009","PAWESJ","HOMDEL","exons 1",0.065
"ALL_CNA_cluster_0013","ALL_CNA","CNA_event_000159","PAWFNJ","GAIN","exons 7",0.138
"ALL_CNA_cluster_0013","ALL_CNA","CNA_event_000044","PAWFYE","HETDEL","exons 2;3;4;5;6",0.459
"ALL_CNA_cluster_0013","ALL_CNA","CNA_event_000008","PAWGDG","HOMDEL","exons 2;3;4;5;6;7;8;9",0.935
"ALL_CNA_cluster_0013","ALL_CNA","CNA_event_000158","PAWGIT","GAIN","exons 6;7;8;9",0.593
"ALL_CNA_cluster_0013","ALL_CNA","CNA_event_000088","PAWGYW","HETDEL","exons 2;3;4;5;6;7;8;9",0.935
"ALL_CNA_cluster_0013","ALL_CNA","CNA_event_000051","PAWJUJ","HETDEL","exons 2;3;4;5;6;7;8;9",0.935
"ALL_CNA_cluster_0013","ALL_CNA","CNA_event_000087","PAWKIT","HETDEL","exons 2;3;4;5",0.342
"ALL_CNA_cluster_0013","ALL_CNA","CNA_event_000007","PAWKZN","HOMDEL","exons 2;3;4;5;6;7;8;9",0.935
"ALL_CNA_cluster_0014","ALL_CNA","CNA_event_000047","PARIET","HETDEL","exons 1",0.147
"ALL_CNA_cluster_0014","ALL_CNA","CNA_event_000086","PARJPL","HETDEL","exons 1",0.065
"ALL_CNA_cluster_0014","ALL_CNA","CNA_event_000178","PASGRU","GAIN","exons 1",0.065
"ALL_CNA_cluster_0014","ALL_CNA","CNA_event_000125","PASIJX","HETDEL","exons 1",0.173
"ALL_CNA_cluster_0014","ALL_CNA","CNA_event_000079","PASYWF","HETDEL","exons 1",0.065
"ALL_CNA_cluster_0014","ALL_CNA","CNA_event_000119","PATDEK","HETDEL","exons 1",0.381
"ALL_CNA_cluster_0014","ALL_CNA","CNA_event_000140","PATKWU","HETDEL","exons 1",0.407
"ALL_CNA_cluster_0014","ALL_CNA","CNA_event_000024","PATSIL","HOMDEL","exons 1",0.381
"ALL_CNA_cluster_0014","ALL_CNA","CNA_event_000070","PAUGDZ","HETDEL","exons 1",0.065
"ALL_CNA_cluster_0014","ALL_CNA","CNA_event_000107","PAUJYN","HETDEL","exons 1",0.136
"ALL_CNA_cluster_0014","ALL_CNA","CNA_event_000146","PAUKMA","HETDEL","exons 1",0.136
"ALL_CNA_cluster_0014","ALL_CNA","CNA_event_000151","PAULMU","HETDEL","exons 1",0.849
"ALL_CNA_cluster_0014","ALL_CNA","CNA_event_000105","PAUMXB","HETDEL","exons 1",0.173
"ALL_CNA_cluster_0014","ALL_CNA","CNA_event_000099","PAUYIK","HETDEL","exons 1",0.173
"ALL_CNA_cluster_0014","ALL_CNA","CNA_event_000096","PAVBCW","HETDEL","exons 1",0.065
"ALL_CNA_cluster_0014","ALL_CNA","CNA_event_000058","PAVCRK","HETDEL","exons 1",0.065
"ALL_CNA_cluster_0014","ALL_CNA","CNA_event_000057","PAVDJU","HETDEL","exons 1",0.381
"ALL_CNA_cluster_0014","ALL_CNA","CNA_event_000001","PAVESF","HOMDEL","exons 1",0.147
"ALL_CNA_cluster_0014","ALL_CNA","CNA_event_000134","PAVEUT","HETDEL","exons 1",0.173
"ALL_CNA_cluster_0014","ALL_CNA","CNA_event_000055","PAVGMF","HETDEL","exons 1",0.173
"ALL_CNA_cluster_0014","ALL_CNA","CNA_event_000154","PAWAFV","GAIN","exons 1",0.065
"ALL_CNA_cluster_0014","ALL_CNA","CNA_event_000090","PAWAIN","HETDEL","exons 1",0.065
"ALL_CNA_cluster_0014","ALL_CNA","CNA_event_000009","PAWESJ","HOMDEL","exons 1",0.065
"ALL_CNA_cluster_0015","ALL_CNA","CNA_event_000131","PARBTF","HETDEL","exons 2",0.342
"ALL_CNA_cluster_0015","ALL_CNA","CNA_event_000130","PARGHJ","HETDEL","exons 2",0.935
"ALL_CNA_cluster_0015","ALL_CNA","CNA_event_000047","PARIET","HETDEL","exons 2",0.147
"ALL_CNA_cluster_0015","ALL_CNA","CNA_event_000006","PARJPL","HOMDEL","exons 2",0.935
"ALL_CNA_cluster_0015","ALL_CNA","CNA_event_000085","PARMIH","HETDEL","exons 2",0.108
"ALL_CNA_cluster_0015","ALL_CNA","CNA_event_000033","PARMJA","HOMDEL","exons 2",0.07
"ALL_CNA_cluster_0015","ALL_CNA","CNA_event_000032","PARNXJ","HOMDEL","exons 2",0.935
"ALL_CNA_cluster_0015","ALL_CNA","CNA_event_000031","PARVHY","HOMDEL","exons 2",0.108
"ALL_CNA_cluster_0015","ALL_CNA","CNA_event_000128","PARXHT","HETDEL","exons 2",0.935
"ALL_CNA_cluster_0015","ALL_CNA","CNA_event_000180","PASGRU","GAIN","exons 2",0.935
"ALL_CNA_cluster_0015","ALL_CNA","CNA_event_000030","PASHZK","HOMDEL","exons 2",0.342
"ALL_CNA_cluster_0015","ALL_CNA","CNA_event_000125","PASIJX","HETDEL","exons 2",0.173
"ALL_CNA_cluster_0015","ALL_CNA","CNA_event_000084","PASKAD","HETDEL","exons 2",0.342
"ALL_CNA_cluster_0015","ALL_CNA","CNA_event_000141","PASLXY","HETDEL","exons 2",0.108
"ALL_CNA_cluster_0015","ALL_CNA","CNA_event_000029","PASMHF","HOMDEL","exons 2",0.108
"ALL_CNA_cluster_0015","ALL_CNA","CNA_event_000083","PASPDS","HETDEL","exons 2",0.108
"ALL_CNA_cluster_0015","ALL_CNA","CNA_event_000028","PASVKC","HOMDEL","exons 2",0.935
"ALL_CNA_cluster_0015","ALL_CNA","CNA_event_000122","PASVZJ","HETDEL","exons 2",0.342
"ALL_CNA_cluster_0015","ALL_CNA","CNA_event_000081","PASYVU","HETDEL","exons 2",0.935
"ALL_CNA_cluster_0015","ALL_CNA","CNA_event_000080","PASYWF","HETDEL","exons 2",0.935
"ALL_CNA_cluster_0015","ALL_CNA","CNA_event_000077","PATBTX","HETDEL","exons 2",0.108
"ALL_CNA_cluster_0015","ALL_CNA","CNA_event_000076","PATCTR","HETDEL","exons 2",0.108
"ALL_CNA_cluster_0015","ALL_CNA","CNA_event_000120","PATCWW","HETDEL","exons 2",0.342
"ALL_CNA_cluster_0015","ALL_CNA","CNA_event_000119","PATDEK","HETDEL","exons 2",0.381
"ALL_CNA_cluster_0015","ALL_CNA","CNA_event_000046","PATGLV","HETDEL","exons 2",0.935
"ALL_CNA_cluster_0015","ALL_CNA","CNA_event_000118","PATHRE","HETDEL","exons 2",0.108
"ALL_CNA_cluster_0015","ALL_CNA","CNA_event_000026","PATHSL","HOMDEL","exons 2",0.108
"ALL_CNA_cluster_0015","ALL_CNA","CNA_event_000025","PATKKV","HOMDEL","exons 2",0.342
"ALL_CNA_cluster_0015","ALL_CNA","CNA_event_000115","PATKPW","HETDEL","exons 2",0.935
"ALL_CNA_cluster_0015","ALL_CNA","CNA_event_000075","PATKVD","HETDEL","exons 2",0.459
"ALL_CNA_cluster_0015","ALL_CNA","CNA_event_000140","PATKWU","HETDEL","exons 2",0.407
"ALL_CNA_cluster_0015","ALL_CNA","CNA_event_000114","PATLUU","HETDEL","exons 2",0.935
"ALL_CNA_cluster_0015","ALL_CNA","CNA_event_000024","PATSIL","HOMDEL","exons 2",0.381
"ALL_CNA_cluster_0015","ALL_CNA","CNA_event_000023","PATTAC","HOMDEL","exons 2",0.935
"ALL_CNA_cluster_0015","ALL_CNA","CNA_event_000111","PATXNK","HETDEL","exons 2",0.935
"ALL_CNA_cluster_0015","ALL_CNA","CNA_event_000074","PATZXK","HETDEL","exons 2",0.935
"ALL_CNA_cluster_0015","ALL_CNA","CNA_event_000022","PAUADY","HOMDEL","exons 2",0.108
"ALL_CNA_cluster_0015","ALL_CNA","CNA_event_000072","PAUCFC","HETDEL","exons 2",0.07
"ALL_CNA_cluster_0015","ALL_CNA","CNA_event_000035","PAUEGE","HOMDEL","exons 2",0.108
"ALL_CNA_cluster_0015","ALL_CNA","CNA_event_000071","PAUGAP","HETDEL","exons 2",0.108
"ALL_CNA_cluster_0015","ALL_CNA","CNA_event_000069","PAUGLY","HETDEL","exons 2",0.935
"ALL_CNA_cluster_0015","ALL_CNA","CNA_event_000003","PAUHYI","HOMDEL","exons 2",0.108
"ALL_CNA_cluster_0015","ALL_CNA","CNA_event_000065","PAUIEM","HETDEL","exons 2",0.07
"ALL_CNA_cluster_0015","ALL_CNA","CNA_event_000107","PAUJYN","HETDEL","exons 2",0.136
"ALL_CNA_cluster_0015","ALL_CNA","CNA_event_000146","PAUKMA","HETDEL","exons 2",0.136
"ALL_CNA_cluster_0015","ALL_CNA","CNA_event_000151","PAULMU","HETDEL","exons 2",0.849
"ALL_CNA_cluster_0015","ALL_CNA","CNA_event_000105","PAUMXB","HETDEL","exons 2",0.173
"ALL_CNA_cluster_0015","ALL_CNA","CNA_event_000049","PAUNBU","HETDEL","exons 2",0.935
"ALL_CNA_cluster_0015","ALL_CNA","CNA_event_000034","PAUPVR","HOMDEL","exons 2",0.342
"ALL_CNA_cluster_0015","ALL_CNA","CNA_event_000104","PAUVUJ","HETDEL","exons 2",0.935
"ALL_CNA_cluster_0015","ALL_CNA","CNA_event_000103","PAUVWZ","HETDEL","exons 2",0.342
"ALL_CNA_cluster_0015","ALL_CNA","CNA_event_000062","PAUWUY","HETDEL","exons 2",0.935
"ALL_CNA_cluster_0015","ALL_CNA","CNA_event_000102","PAUXYI","HETDEL","exons 2",0.935
"ALL_CNA_cluster_0015","ALL_CNA","CNA_event_000019","PAUYBP","HOMDEL","exons 2",0.108
"ALL_CNA_cluster_0015","ALL_CNA","CNA_event_000099","PAUYIK","HETDEL","exons 2",0.173
"ALL_CNA_cluster_0015","ALL_CNA","CNA_event_000002","PAUYJE","HOMDEL","exons 2",0.342
"ALL_CNA_cluster_0015","ALL_CNA","CNA_event_000098","PAVAJG","HETDEL","exons 2",0.108
"ALL_CNA_cluster_0015","ALL_CNA","CNA_event_000059","PAVAWP","HETDEL","exons 2",0.935
"ALL_CNA_cluster_0015","ALL_CNA","CNA_event_000018","PAVAWW","HOMDEL","exons 2",0.935
"ALL_CNA_cluster_0015","ALL_CNA","CNA_event_000057","PAVDJU","HETDEL","exons 2",0.381
"ALL_CNA_cluster_0015","ALL_CNA","CNA_event_000001","PAVESF","HOMDEL","exons 2",0.147
"ALL_CNA_cluster_0015","ALL_CNA","CNA_event_000134","PAVEUT","HETDEL","exons 2",0.173
"ALL_CNA_cluster_0015","ALL_CNA","CNA_event_000135","PAVFAC","HETDEL","exons 2",0.342
"ALL_CNA_cluster_0015","ALL_CNA","CNA_event_000016","PAVFIF","HOMDEL","exons 2",0.108
"ALL_CNA_cluster_0015","ALL_CNA","CNA_event_000055","PAVGMF","HETDEL","exons 2",0.173
"ALL_CNA_cluster_0015","ALL_CNA","CNA_event_000054","PAVIDN","HETDEL","exons 2",0.342
"ALL_CNA_cluster_0015","ALL_CNA","CNA_event_000053","PAVKJU","HETDEL","exons 2",0.108
"ALL_CNA_cluster_0015","ALL_CNA","CNA_event_000014","PAVKPV","HOMDEL","exons 2",0.342
"ALL_CNA_cluster_0015","ALL_CNA","CNA_event_000095","PAVKUU","HETDEL","exons 2",0.935
"ALL_CNA_cluster_0015","ALL_CNA","CNA_event_000144","PAVMVL","HETDEL","exons 2",0.935
"ALL_CNA_cluster_0015","ALL_CNA","CNA_event_000040","PAVPCB","HOMDEL","exons 2",0.108
"ALL_CNA_cluster_0015","ALL_CNA","CNA_event_000138","PAVRLT","HETDEL","exons 2",0.935
"ALL_CNA_cluster_0015","ALL_CNA","CNA_event_000092","PAVRYP","HETDEL","exons 2",0.108
"ALL_CNA_cluster_0015","ALL_CNA","CNA_event_000011","PAVUCS","HOMDEL","exons 2",0.108
"ALL_CNA_cluster_0015","ALL_CNA","CNA_event_000043","PAVZXK","HETDEL","exons 2",0.935
"ALL_CNA_cluster_0015","ALL_CNA","CNA_event_000010","PAWAIM","HOMDEL","exons 2",0.108
"ALL_CNA_cluster_0015","ALL_CNA","CNA_event_000143","PAWCUT","HETDEL","exons 2",0.342
"ALL_CNA_cluster_0015","ALL_CNA","CNA_event_000044","PAWFYE","HETDEL","exons 2",0.459
"ALL_CNA_cluster_0015","ALL_CNA","CNA_event_000008","PAWGDG","HOMDEL","exons 2",0.935
"ALL_CNA_cluster_0015","ALL_CNA","CNA_event_000088","PAWGYW","HETDEL","exons 2",0.935
"ALL_CNA_cluster_0015","ALL_CNA","CNA_event_000051","PAWJUJ","HETDEL","exons 2",0.935
"ALL_CNA_cluster_0015","ALL_CNA","CNA_event_000087","PAWKIT","HETDEL","exons 2",0.342
"ALL_CNA_cluster_0015","ALL_CNA","CNA_event_000007","PAWKZN","HOMDEL","exons 2",0.935
"ALL_CNA_cluster_0016","ALL_CNA","CNA_event_000131","PARBTF","HETDEL","exons 3",0.342
"ALL_CNA_cluster_0016","ALL_CNA","CNA_event_000130","PARGHJ","HETDEL","exons 3",0.935
"ALL_CNA_cluster_0016","ALL_CNA","CNA_event_000047","PARIET","HETDEL","exons 3",0.147
"ALL_CNA_cluster_0016","ALL_CNA","CNA_event_000006","PARJPL","HOMDEL","exons 3",0.935
"ALL_CNA_cluster_0016","ALL_CNA","CNA_event_000085","PARMIH","HETDEL","exons 3",0.108
"ALL_CNA_cluster_0016","ALL_CNA","CNA_event_000129","PARMJA","HETDEL","exons 3",0.271
"ALL_CNA_cluster_0016","ALL_CNA","CNA_event_000032","PARNXJ","HOMDEL","exons 3",0.935
"ALL_CNA_cluster_0016","ALL_CNA","CNA_event_000031","PARVHY","HOMDEL","exons 3",0.108
"ALL_CNA_cluster_0016","ALL_CNA","CNA_event_000128","PARXHT","HETDEL","exons 3",0.935
"ALL_CNA_cluster_0016","ALL_CNA","CNA_event_000180","PASGRU","GAIN","exons 3",0.935
"ALL_CNA_cluster_0016","ALL_CNA","CNA_event_000030","PASHZK","HOMDEL","exons 3",0.342
"ALL_CNA_cluster_0016","ALL_CNA","CNA_event_000125","PASIJX","HETDEL","exons 3",0.173
"ALL_CNA_cluster_0016","ALL_CNA","CNA_event_000084","PASKAD","HETDEL","exons 3",0.342
"ALL_CNA_cluster_0016","ALL_CNA","CNA_event_000141","PASLXY","HETDEL","exons 3",0.108
"ALL_CNA_cluster_0016","ALL_CNA","CNA_event_000029","PASMHF","HOMDEL","exons 3",0.108
"ALL_CNA_cluster_0016","ALL_CNA","CNA_event_000083","PASPDS","HETDEL","exons 3",0.108
"ALL_CNA_cluster_0016","ALL_CNA","CNA_event_000028","PASVKC","HOMDEL","exons 3",0.935
"ALL_CNA_cluster_0016","ALL_CNA","CNA_event_000122","PASVZJ","HETDEL","exons 3",0.342
"ALL_CNA_cluster_0016","ALL_CNA","CNA_event_000081","PASYVU","HETDEL","exons 3",0.935
"ALL_CNA_cluster_0016","ALL_CNA","CNA_event_000080","PASYWF","HETDEL","exons 3",0.935
"ALL_CNA_cluster_0016","ALL_CNA","CNA_event_000077","PATBTX","HETDEL","exons 3",0.108
"ALL_CNA_cluster_0016","ALL_CNA","CNA_event_000076","PATCTR","HETDEL","exons 3",0.108
"ALL_CNA_cluster_0016","ALL_CNA","CNA_event_000120","PATCWW","HETDEL","exons 3",0.342
"ALL_CNA_cluster_0016","ALL_CNA","CNA_event_000119","PATDEK","HETDEL","exons 3",0.381
"ALL_CNA_cluster_0016","ALL_CNA","CNA_event_000046","PATGLV","HETDEL","exons 3",0.935
"ALL_CNA_cluster_0016","ALL_CNA","CNA_event_000118","PATHRE","HETDEL","exons 3",0.108
"ALL_CNA_cluster_0016","ALL_CNA","CNA_event_000026","PATHSL","HOMDEL","exons 3",0.108
"ALL_CNA_cluster_0016","ALL_CNA","CNA_event_000025","PATKKV","HOMDEL","exons 3",0.342
"ALL_CNA_cluster_0016","ALL_CNA","CNA_event_000115","PATKPW","HETDEL","exons 3",0.935
"ALL_CNA_cluster_0016","ALL_CNA","CNA_event_000075","PATKVD","HETDEL","exons 3",0.459
"ALL_CNA_cluster_0016","ALL_CNA","CNA_event_000140","PATKWU","HETDEL","exons 3",0.407
"ALL_CNA_cluster_0016","ALL_CNA","CNA_event_000114","PATLUU","HETDEL","exons 3",0.935
"ALL_CNA_cluster_0016","ALL_CNA","CNA_event_000024","PATSIL","HOMDEL","exons 3",0.381
"ALL_CNA_cluster_0016","ALL_CNA","CNA_event_000023","PATTAC","HOMDEL","exons 3",0.935
"ALL_CNA_cluster_0016","ALL_CNA","CNA_event_000111","PATXNK","HETDEL","exons 3",0.935
"ALL_CNA_cluster_0016","ALL_CNA","CNA_event_000074","PATZXK","HETDEL","exons 3",0.935
"ALL_CNA_cluster_0016","ALL_CNA","CNA_event_000022","PAUADY","HOMDEL","exons 3",0.108
"ALL_CNA_cluster_0016","ALL_CNA","CNA_event_000035","PAUEGE","HOMDEL","exons 3",0.108
"ALL_CNA_cluster_0016","ALL_CNA","CNA_event_000071","PAUGAP","HETDEL","exons 3",0.108
"ALL_CNA_cluster_0016","ALL_CNA","CNA_event_000069","PAUGLY","HETDEL","exons 3",0.935
"ALL_CNA_cluster_0016","ALL_CNA","CNA_event_000003","PAUHYI","HOMDEL","exons 3",0.108
"ALL_CNA_cluster_0016","ALL_CNA","CNA_event_000108","PAUJYN","HETDEL","exons 3",0.037
"ALL_CNA_cluster_0016","ALL_CNA","CNA_event_000151","PAULMU","HETDEL","exons 3",0.849
"ALL_CNA_cluster_0016","ALL_CNA","CNA_event_000105","PAUMXB","HETDEL","exons 3",0.173
"ALL_CNA_cluster_0016","ALL_CNA","CNA_event_000049","PAUNBU","HETDEL","exons 3",0.935
"ALL_CNA_cluster_0016","ALL_CNA","CNA_event_000034","PAUPVR","HOMDEL","exons 3",0.342
"ALL_CNA_cluster_0016","ALL_CNA","CNA_event_000157","PAUTBB","GAIN","exons 3",0.864
"ALL_CNA_cluster_0016","ALL_CNA","CNA_event_000104","PAUVUJ","HETDEL","exons 3",0.935
"ALL_CNA_cluster_0016","ALL_CNA","CNA_event_000103","PAUVWZ","HETDEL","exons 3",0.342
"ALL_CNA_cluster_0016","ALL_CNA","CNA_event_000062","PAUWUY","HETDEL","exons 3",0.935
"ALL_CNA_cluster_0016","ALL_CNA","CNA_event_000102","PAUXYI","HETDEL","exons 3",0.935
"ALL_CNA_cluster_0016","ALL_CNA","CNA_event_000019","PAUYBP","HOMDEL","exons 3",0.108
"ALL_CNA_cluster_0016","ALL_CNA","CNA_event_000099","PAUYIK","HETDEL","exons 3",0.173
"ALL_CNA_cluster_0016","ALL_CNA","CNA_event_000002","PAUYJE","HOMDEL","exons 3",0.342
"ALL_CNA_cluster_0016","ALL_CNA","CNA_event_000098","PAVAJG","HETDEL","exons 3",0.108
"ALL_CNA_cluster_0016","ALL_CNA","CNA_event_000059","PAVAWP","HETDEL","exons 3",0.935
"ALL_CNA_cluster_0016","ALL_CNA","CNA_event_000018","PAVAWW","HOMDEL","exons 3",0.935
"ALL_CNA_cluster_0016","ALL_CNA","CNA_event_000057","PAVDJU","HETDEL","exons 3",0.381
"ALL_CNA_cluster_0016","ALL_CNA","CNA_event_000001","PAVESF","HOMDEL","exons 3",0.147
"ALL_CNA_cluster_0016","ALL_CNA","CNA_event_000134","PAVEUT","HETDEL","exons 3",0.173
"ALL_CNA_cluster_0016","ALL_CNA","CNA_event_000135","PAVFAC","HETDEL","exons 3",0.342
"ALL_CNA_cluster_0016","ALL_CNA","CNA_event_000016","PAVFIF","HOMDEL","exons 3",0.108
"ALL_CNA_cluster_0016","ALL_CNA","CNA_event_000055","PAVGMF","HETDEL","exons 3",0.173
"ALL_CNA_cluster_0016","ALL_CNA","CNA_event_000054","PAVIDN","HETDEL","exons 3",0.342
"ALL_CNA_cluster_0016","ALL_CNA","CNA_event_000053","PAVKJU","HETDEL","exons 3",0.108
"ALL_CNA_cluster_0016","ALL_CNA","CNA_event_000014","PAVKPV","HOMDEL","exons 3",0.342
"ALL_CNA_cluster_0016","ALL_CNA","CNA_event_000095","PAVKUU","HETDEL","exons 3",0.935
"ALL_CNA_cluster_0016","ALL_CNA","CNA_event_000144","PAVMVL","HETDEL","exons 3",0.935
"ALL_CNA_cluster_0016","ALL_CNA","CNA_event_000040","PAVPCB","HOMDEL","exons 3",0.108
"ALL_CNA_cluster_0016","ALL_CNA","CNA_event_000138","PAVRLT","HETDEL","exons 3",0.935
"ALL_CNA_cluster_0016","ALL_CNA","CNA_event_000092","PAVRYP","HETDEL","exons 3",0.108
"ALL_CNA_cluster_0016","ALL_CNA","CNA_event_000011","PAVUCS","HOMDEL","exons 3",0.108
"ALL_CNA_cluster_0016","ALL_CNA","CNA_event_000043","PAVZXK","HETDEL","exons 3",0.935
"ALL_CNA_cluster_0016","ALL_CNA","CNA_event_000010","PAWAIM","HOMDEL","exons 3",0.108
"ALL_CNA_cluster_0016","ALL_CNA","CNA_event_000143","PAWCUT","HETDEL","exons 3",0.342
"ALL_CNA_cluster_0016","ALL_CNA","CNA_event_000044","PAWFYE","HETDEL","exons 3",0.459
"ALL_CNA_cluster_0016","ALL_CNA","CNA_event_000008","PAWGDG","HOMDEL","exons 3",0.935
"ALL_CNA_cluster_0016","ALL_CNA","CNA_event_000088","PAWGYW","HETDEL","exons 3",0.935
"ALL_CNA_cluster_0016","ALL_CNA","CNA_event_000051","PAWJUJ","HETDEL","exons 3",0.935
"ALL_CNA_cluster_0016","ALL_CNA","CNA_event_000087","PAWKIT","HETDEL","exons 3",0.342
"ALL_CNA_cluster_0016","ALL_CNA","CNA_event_000007","PAWKZN","HOMDEL","exons 3",0.935
"ALL_CNA_cluster_0017","ALL_CNA","CNA_event_000131","PARBTF","HETDEL","exons 4",0.342
"ALL_CNA_cluster_0017","ALL_CNA","CNA_event_000130","PARGHJ","HETDEL","exons 4",0.935
"ALL_CNA_cluster_0017","ALL_CNA","CNA_event_000006","PARJPL","HOMDEL","exons 4",0.935
"ALL_CNA_cluster_0017","ALL_CNA","CNA_event_000005","PARMIH","HOMDEL","exons 4",0.827
"ALL_CNA_cluster_0017","ALL_CNA","CNA_event_000129","PARMJA","HETDEL","exons 4",0.271
"ALL_CNA_cluster_0017","ALL_CNA","CNA_event_000032","PARNXJ","HOMDEL","exons 4",0.935
"ALL_CNA_cluster_0017","ALL_CNA","CNA_event_000042","PARSJG","HOMDEL","exons 4",0.827
"ALL_CNA_cluster_0017","ALL_CNA","CNA_event_000128","PARXHT","HETDEL","exons 4",0.935
"ALL_CNA_cluster_0017","ALL_CNA","CNA_event_000180","PASGRU","GAIN","exons 4",0.935
"ALL_CNA_cluster_0017","ALL_CNA","CNA_event_000030","PASHZK","HOMDEL","exons 4",0.342
"ALL_CNA_cluster_0017","ALL_CNA","CNA_event_000126","PASIJX","HETDEL","exons 4",0.827
"ALL_CNA_cluster_0017","ALL_CNA","CNA_event_000084","PASKAD","HETDEL","exons 4",0.342
"ALL_CNA_cluster_0017","ALL_CNA","CNA_event_000123","PASMHF","HETDEL","exons 4",0.827
"ALL_CNA_cluster_0017","ALL_CNA","CNA_event_000082","PASPLG","HETDEL","exons 4",0.827
"ALL_CNA_cluster_0017","ALL_CNA","CNA_event_000028","PASVKC","HOMDEL","exons 4",0.935
"ALL_CNA_cluster_0017","ALL_CNA","CNA_event_000122","PASVZJ","HETDEL","exons 4",0.342
"ALL_CNA_cluster_0017","ALL_CNA","CNA_event_000081","PASYVU","HETDEL","exons 4",0.935
"ALL_CNA_cluster_0017","ALL_CNA","CNA_event_000080","PASYWF","HETDEL","exons 4",0.935
"ALL_CNA_cluster_0017","ALL_CNA","CNA_event_000166","PATALJ","GAIN","exons 4",0.224
"ALL_CNA_cluster_0017","ALL_CNA","CNA_event_000120","PATCWW","HETDEL","exons 4",0.342
"ALL_CNA_cluster_0017","ALL_CNA","CNA_event_000119","PATDEK","HETDEL","exons 4",0.381
"ALL_CNA_cluster_0017","ALL_CNA","CNA_event_000046","PATGLV","HETDEL","exons 4",0.935
"ALL_CNA_cluster_0017","ALL_CNA","CNA_event_000027","PATHRE","HOMDEL","exons 4",0.827
"ALL_CNA_cluster_0017","ALL_CNA","CNA_event_000117","PATHSL","HETDEL","exons 4",0.827
"ALL_CNA_cluster_0017","ALL_CNA","CNA_event_000025","PATKKV","HOMDEL","exons 4",0.342
"ALL_CNA_cluster_0017","ALL_CNA","CNA_event_000115","PATKPW","HETDEL","exons 4",0.935
"ALL_CNA_cluster_0017","ALL_CNA","CNA_event_000075","PATKVD","HETDEL","exons 4",0.459
"ALL_CNA_cluster_0017","ALL_CNA","CNA_event_000140","PATKWU","HETDEL","exons 4",0.407
"ALL_CNA_cluster_0017","ALL_CNA","CNA_event_000114","PATLUU","HETDEL","exons 4",0.935
"ALL_CNA_cluster_0017","ALL_CNA","CNA_event_000024","PATSIL","HOMDEL","exons 4",0.381
"ALL_CNA_cluster_0017","ALL_CNA","CNA_event_000023","PATTAC","HOMDEL","exons 4",0.935
"ALL_CNA_cluster_0017","ALL_CNA","CNA_event_000139","PATUWK","HETDEL","exons 4",0.474
"ALL_CNA_cluster_0017","ALL_CNA","CNA_event_000111","PATXNK","HETDEL","exons 4",0.935
"ALL_CNA_cluster_0017","ALL_CNA","CNA_event_000074","PATZXK","HETDEL","exons 4",0.935
"ALL_CNA_cluster_0017","ALL_CNA","CNA_event_000137","PAUEGE","HETDEL","exons 4",0.827
"ALL_CNA_cluster_0017","ALL_CNA","CNA_event_000069","PAUGLY","HETDEL","exons 4",0.935
"ALL_CNA_cluster_0017","ALL_CNA","CNA_event_000068","PAUHYI","HETDEL","exons 4",0.234
"ALL_CNA_cluster_0017","ALL_CNA","CNA_event_000066","PAUIEM","HETDEL","exons 4",0.827
"ALL_CNA_cluster_0017","ALL_CNA","CNA_event_000109","PAUJYN","HETDEL","exons 4",0.827
"ALL_CNA_cluster_0017","ALL_CNA","CNA_event_000151","PAULMU","HETDEL","exons 4",0.849
"ALL_CNA_cluster_0017","ALL_CNA","CNA_event_000021","PAUMXB","HOMDEL","exons 4",0.827
"ALL_CNA_cluster_0017","ALL_CNA","CNA_event_000049","PAUNBU","HETDEL","exons 4",0.935
"ALL_CNA_cluster_0017","ALL_CNA","CNA_event_000034","PAUPVR","HOMDEL","exons 4",0.342
"ALL_CNA_cluster_0017","ALL_CNA","CNA_event_000064","PAURLU","HETDEL","exons 4",0.49
"ALL_CNA_cluster_0017","ALL_CNA","CNA_event_000157","PAUTBB","GAIN","exons 4",0.864
"ALL_CNA_cluster_0017","ALL_CNA","CNA_event_000063","PAUTBD","HETDEL","exons 4",0.827
"ALL_CNA_cluster_0017","ALL_CNA","CNA_event_000104","PAUVUJ","HETDEL","exons 4",0.935
"ALL_CNA_cluster_0017","ALL_CNA","CNA_event_000103","PAUVWZ","HETDEL","exons 4",0.342
"ALL_CNA_cluster_0017","ALL_CNA","CNA_event_000062","PAUWUY","HETDEL","exons 4",0.935
"ALL_CNA_cluster_0017","ALL_CNA","CNA_event_000102","PAUXYI","HETDEL","exons 4",0.935
"ALL_CNA_cluster_0017","ALL_CNA","CNA_event_000100","PAUYBP","HETDEL","exons 4",0.234
"ALL_CNA_cluster_0017","ALL_CNA","CNA_event_000002","PAUYJE","HOMDEL","exons 4",0.342
"ALL_CNA_cluster_0017","ALL_CNA","CNA_event_000050","PAVAPE","HETDEL","exons 4",0.827
"ALL_CNA_cluster_0017","ALL_CNA","CNA_event_000059","PAVAWP","HETDEL","exons 4",0.935
"ALL_CNA_cluster_0017","ALL_CNA","CNA_event_000018","PAVAWW","HOMDEL","exons 4",0.935
"ALL_CNA_cluster_0017","ALL_CNA","CNA_event_000097","PAVBCW","HETDEL","exons 4",0.827
"ALL_CNA_cluster_0017","ALL_CNA","CNA_event_000017","PAVCHZ","HOMDEL","exons 4",0.827
"ALL_CNA_cluster_0017","ALL_CNA","CNA_event_000057","PAVDJU","HETDEL","exons 4",0.381
"ALL_CNA_cluster_0017","ALL_CNA","CNA_event_000056","PAVESF","HETDEL","exons 4",0.827
"ALL_CNA_cluster_0017","ALL_CNA","CNA_event_000048","PAVESV","HETDEL","exons 4",0.234
"ALL_CNA_cluster_0017","ALL_CNA","CNA_event_000135","PAVFAC","HETDEL","exons 4",0.342
"ALL_CNA_cluster_0017","ALL_CNA","CNA_event_000054","PAVIDN","HETDEL","exons 4",0.342
"ALL_CNA_cluster_0017","ALL_CNA","CNA_event_000014","PAVKPV","HOMDEL","exons 4",0.342
"ALL_CNA_cluster_0017","ALL_CNA","CNA_event_000095","PAVKUU","HETDEL","exons 4",0.935
"ALL_CNA_cluster_0017","ALL_CNA","CNA_event_000144","PAVMVL","HETDEL","exons 4",0.935
"ALL_CNA_cluster_0017","ALL_CNA","CNA_event_000012","PAVPEN","HOMDEL","exons 4",0.827
"ALL_CNA_cluster_0017","ALL_CNA","CNA_event_000052","PAVPGA","HETDEL","exons 4",0.827
"ALL_CNA_cluster_0017","ALL_CNA","CNA_event_000138","PAVRLT","HETDEL","exons 4",0.935
"ALL_CNA_cluster_0017","ALL_CNA","CNA_event_000093","PAVRUJ","HETDEL","exons 4",0.234
"ALL_CNA_cluster_0017","ALL_CNA","CNA_event_000043","PAVZXK","HETDEL","exons 4",0.935
"ALL_CNA_cluster_0017","ALL_CNA","CNA_event_000091","PAWAIM","HETDEL","exons 4",0.234
"ALL_CNA_cluster_0017","ALL_CNA","CNA_event_000143","PAWCUT","HETDEL","exons 4",0.342
"ALL_CNA_cluster_0017","ALL_CNA","CNA_event_000044","PAWFYE","HETDEL","exons 4",0.459
"ALL_CNA_cluster_0017","ALL_CNA","CNA_event_000008","PAWGDG","HOMDEL","exons 4",0.935
"ALL_CNA_cluster_0017","ALL_CNA","CNA_event_000088","PAWGYW","HETDEL","exons 4",0.935
"ALL_CNA_cluster_0017","ALL_CNA","CNA_event_000051","PAWJUJ","HETDEL","exons 4",0.935
"ALL_CNA_cluster_0017","ALL_CNA","CNA_event_000087","PAWKIT","HETDEL","exons 4",0.342
"ALL_CNA_cluster_0017","ALL_CNA","CNA_event_000007","PAWKZN","HOMDEL","exons 4",0.935
"ALL_CNA_cluster_0018","ALL_CNA","CNA_event_000131","PARBTF","HETDEL","exons 5",0.342
"ALL_CNA_cluster_0018","ALL_CNA","CNA_event_000130","PARGHJ","HETDEL","exons 5",0.935
"ALL_CNA_cluster_0018","ALL_CNA","CNA_event_000006","PARJPL","HOMDEL","exons 5",0.935
"ALL_CNA_cluster_0018","ALL_CNA","CNA_event_000005","PARMIH","HOMDEL","exons 5",0.827
"ALL_CNA_cluster_0018","ALL_CNA","CNA_event_000129","PARMJA","HETDEL","exons 5",0.271
"ALL_CNA_cluster_0018","ALL_CNA","CNA_event_000032","PARNXJ","HOMDEL","exons 5",0.935
"ALL_CNA_cluster_0018","ALL_CNA","CNA_event_000042","PARSJG","HOMDEL","exons 5",0.827
"ALL_CNA_cluster_0018","ALL_CNA","CNA_event_000128","PARXHT","HETDEL","exons 5",0.935
"ALL_CNA_cluster_0018","ALL_CNA","CNA_event_000180","PASGRU","GAIN","exons 5",0.935
"ALL_CNA_cluster_0018","ALL_CNA","CNA_event_000030","PASHZK","HOMDEL","exons 5",0.342
"ALL_CNA_cluster_0018","ALL_CNA","CNA_event_000126","PASIJX","HETDEL","exons 5",0.827
"ALL_CNA_cluster_0018","ALL_CNA","CNA_event_000084","PASKAD","HETDEL","exons 5",0.342
"ALL_CNA_cluster_0018","ALL_CNA","CNA_event_000123","PASMHF","HETDEL","exons 5",0.827
"ALL_CNA_cluster_0018","ALL_CNA","CNA_event_000082","PASPLG","HETDEL","exons 5",0.827
"ALL_CNA_cluster_0018","ALL_CNA","CNA_event_000028","PASVKC","HOMDEL","exons 5",0.935
"ALL_CNA_cluster_0018","ALL_CNA","CNA_event_000122","PASVZJ","HETDEL","exons 5",0.342
"ALL_CNA_cluster_0018","ALL_CNA","CNA_event_000081","PASYVU","HETDEL","exons 5",0.935
"ALL_CNA_cluster_0018","ALL_CNA","CNA_event_000080","PASYWF","HETDEL","exons 5",0.935
"ALL_CNA_cluster_0018","ALL_CNA","CNA_event_000166","PATALJ","GAIN","exons 5",0.224
"ALL_CNA_cluster_0018","ALL_CNA","CNA_event_000120","PATCWW","HETDEL","exons 5",0.342
"ALL_CNA_cluster_0018","ALL_CNA","CNA_event_000119","PATDEK","HETDEL","exons 5",0.381
"ALL_CNA_cluster_0018","ALL_CNA","CNA_event_000046","PATGLV","HETDEL","exons 5",0.935
"ALL_CNA_cluster_0018","ALL_CNA","CNA_event_000027","PATHRE","HOMDEL","exons 5",0.827
"ALL_CNA_cluster_0018","ALL_CNA","CNA_event_000117","PATHSL","HETDEL","exons 5",0.827
"ALL_CNA_cluster_0018","ALL_CNA","CNA_event_000025","PATKKV","HOMDEL","exons 5",0.342
"ALL_CNA_cluster_0018","ALL_CNA","CNA_event_000115","PATKPW","HETDEL","exons 5",0.935
"ALL_CNA_cluster_0018","ALL_CNA","CNA_event_000075","PATKVD","HETDEL","exons 5",0.459
"ALL_CNA_cluster_0018","ALL_CNA","CNA_event_000140","PATKWU","HETDEL","exons 5",0.407
"ALL_CNA_cluster_0018","ALL_CNA","CNA_event_000114","PATLUU","HETDEL","exons 5",0.935
"ALL_CNA_cluster_0018","ALL_CNA","CNA_event_000024","PATSIL","HOMDEL","exons 5",0.381
"ALL_CNA_cluster_0018","ALL_CNA","CNA_event_000023","PATTAC","HOMDEL","exons 5",0.935
"ALL_CNA_cluster_0018","ALL_CNA","CNA_event_000139","PATUWK","HETDEL","exons 5",0.474
"ALL_CNA_cluster_0018","ALL_CNA","CNA_event_000111","PATXNK","HETDEL","exons 5",0.935
"ALL_CNA_cluster_0018","ALL_CNA","CNA_event_000074","PATZXK","HETDEL","exons 5",0.935
"ALL_CNA_cluster_0018","ALL_CNA","CNA_event_000137","PAUEGE","HETDEL","exons 5",0.827
"ALL_CNA_cluster_0018","ALL_CNA","CNA_event_000069","PAUGLY","HETDEL","exons 5",0.935
"ALL_CNA_cluster_0018","ALL_CNA","CNA_event_000068","PAUHYI","HETDEL","exons 5",0.234
"ALL_CNA_cluster_0018","ALL_CNA","CNA_event_000066","PAUIEM","HETDEL","exons 5",0.827
"ALL_CNA_cluster_0018","ALL_CNA","CNA_event_000109","PAUJYN","HETDEL","exons 5",0.827
"ALL_CNA_cluster_0018","ALL_CNA","CNA_event_000151","PAULMU","HETDEL","exons 5",0.849
"ALL_CNA_cluster_0018","ALL_CNA","CNA_event_000021","PAUMXB","HOMDEL","exons 5",0.827
"ALL_CNA_cluster_0018","ALL_CNA","CNA_event_000049","PAUNBU","HETDEL","exons 5",0.935
"ALL_CNA_cluster_0018","ALL_CNA","CNA_event_000034","PAUPVR","HOMDEL","exons 5",0.342
"ALL_CNA_cluster_0018","ALL_CNA","CNA_event_000064","PAURLU","HETDEL","exons 5",0.49
"ALL_CNA_cluster_0018","ALL_CNA","CNA_event_000157","PAUTBB","GAIN","exons 5",0.864
"ALL_CNA_cluster_0018","ALL_CNA","CNA_event_000063","PAUTBD","HETDEL","exons 5",0.827
"ALL_CNA_cluster_0018","ALL_CNA","CNA_event_000104","PAUVUJ","HETDEL","exons 5",0.935
"ALL_CNA_cluster_0018","ALL_CNA","CNA_event_000103","PAUVWZ","HETDEL","exons 5",0.342
"ALL_CNA_cluster_0018","ALL_CNA","CNA_event_000062","PAUWUY","HETDEL","exons 5",0.935
"ALL_CNA_cluster_0018","ALL_CNA","CNA_event_000102","PAUXYI","HETDEL","exons 5",0.935
"ALL_CNA_cluster_0018","ALL_CNA","CNA_event_000100","PAUYBP","HETDEL","exons 5",0.234
"ALL_CNA_cluster_0018","ALL_CNA","CNA_event_000002","PAUYJE","HOMDEL","exons 5",0.342
"ALL_CNA_cluster_0018","ALL_CNA","CNA_event_000050","PAVAPE","HETDEL","exons 5",0.827
"ALL_CNA_cluster_0018","ALL_CNA","CNA_event_000059","PAVAWP","HETDEL","exons 5",0.935
"ALL_CNA_cluster_0018","ALL_CNA","CNA_event_000018","PAVAWW","HOMDEL","exons 5",0.935
"ALL_CNA_cluster_0018","ALL_CNA","CNA_event_000097","PAVBCW","HETDEL","exons 5",0.827
"ALL_CNA_cluster_0018","ALL_CNA","CNA_event_000017","PAVCHZ","HOMDEL","exons 5",0.827
"ALL_CNA_cluster_0018","ALL_CNA","CNA_event_000057","PAVDJU","HETDEL","exons 5",0.381
"ALL_CNA_cluster_0018","ALL_CNA","CNA_event_000056","PAVESF","HETDEL","exons 5",0.827
"ALL_CNA_cluster_0018","ALL_CNA","CNA_event_000048","PAVESV","HETDEL","exons 5",0.234
"ALL_CNA_cluster_0018","ALL_CNA","CNA_event_000135","PAVFAC","HETDEL","exons 5",0.342
"ALL_CNA_cluster_0018","ALL_CNA","CNA_event_000054","PAVIDN","HETDEL","exons 5",0.342
"ALL_CNA_cluster_0018","ALL_CNA","CNA_event_000014","PAVKPV","HOMDEL","exons 5",0.342
"ALL_CNA_cluster_0018","ALL_CNA","CNA_event_000095","PAVKUU","HETDEL","exons 5",0.935
"ALL_CNA_cluster_0018","ALL_CNA","CNA_event_000144","PAVMVL","HETDEL","exons 5",0.935
"ALL_CNA_cluster_0018","ALL_CNA","CNA_event_000012","PAVPEN","HOMDEL","exons 5",0.827
"ALL_CNA_cluster_0018","ALL_CNA","CNA_event_000052","PAVPGA","HETDEL","exons 5",0.827
"ALL_CNA_cluster_0018","ALL_CNA","CNA_event_000138","PAVRLT","HETDEL","exons 5",0.935
"ALL_CNA_cluster_0018","ALL_CNA","CNA_event_000093","PAVRUJ","HETDEL","exons 5",0.234
"ALL_CNA_cluster_0018","ALL_CNA","CNA_event_000043","PAVZXK","HETDEL","exons 5",0.935
"ALL_CNA_cluster_0018","ALL_CNA","CNA_event_000091","PAWAIM","HETDEL","exons 5",0.234
"ALL_CNA_cluster_0018","ALL_CNA","CNA_event_000143","PAWCUT","HETDEL","exons 5",0.342
"ALL_CNA_cluster_0018","ALL_CNA","CNA_event_000044","PAWFYE","HETDEL","exons 5",0.459
"ALL_CNA_cluster_0018","ALL_CNA","CNA_event_000008","PAWGDG","HOMDEL","exons 5",0.935
"ALL_CNA_cluster_0018","ALL_CNA","CNA_event_000088","PAWGYW","HETDEL","exons 5",0.935
"ALL_CNA_cluster_0018","ALL_CNA","CNA_event_000051","PAWJUJ","HETDEL","exons 5",0.935
"ALL_CNA_cluster_0018","ALL_CNA","CNA_event_000087","PAWKIT","HETDEL","exons 5",0.342
"ALL_CNA_cluster_0018","ALL_CNA","CNA_event_000007","PAWKZN","HOMDEL","exons 5",0.935
"ALL_CNA_cluster_0019","ALL_CNA","CNA_event_000132","PARBTF","HETDEL","exons 6",0.593
"ALL_CNA_cluster_0019","ALL_CNA","CNA_event_000130","PARGHJ","HETDEL","exons 6",0.935
"ALL_CNA_cluster_0019","ALL_CNA","CNA_event_000006","PARJPL","HOMDEL","exons 6",0.935
"ALL_CNA_cluster_0019","ALL_CNA","CNA_event_000005","PARMIH","HOMDEL","exons 6",0.827
"ALL_CNA_cluster_0019","ALL_CNA","CNA_event_000032","PARNXJ","HOMDEL","exons 6",0.935
"ALL_CNA_cluster_0019","ALL_CNA","CNA_event_000042","PARSJG","HOMDEL","exons 6",0.827
"ALL_CNA_cluster_0019","ALL_CNA","CNA_event_000128","PARXHT","HETDEL","exons 6",0.935
"ALL_CNA_cluster_0019","ALL_CNA","CNA_event_000180","PASGRU","GAIN","exons 6",0.935
"ALL_CNA_cluster_0019","ALL_CNA","CNA_event_000126","PASIJX","HETDEL","exons 6",0.827
"ALL_CNA_cluster_0019","ALL_CNA","CNA_event_000123","PASMHF","HETDEL","exons 6",0.827
"ALL_CNA_cluster_0019","ALL_CNA","CNA_event_000082","PASPLG","HETDEL","exons 6",0.827
"ALL_CNA_cluster_0019","ALL_CNA","CNA_event_000028","PASVKC","HOMDEL","exons 6",0.935
"ALL_CNA_cluster_0019","ALL_CNA","CNA_event_000081","PASYVU","HETDEL","exons 6",0.935
"ALL_CNA_cluster_0019","ALL_CNA","CNA_event_000080","PASYWF","HETDEL","exons 6",0.935
"ALL_CNA_cluster_0019","ALL_CNA","CNA_event_000046","PATGLV","HETDEL","exons 6",0.935
"ALL_CNA_cluster_0019","ALL_CNA","CNA_event_000027","PATHRE","HOMDEL","exons 6",0.827
"ALL_CNA_cluster_0019","ALL_CNA","CNA_event_000117","PATHSL","HETDEL","exons 6",0.827
"ALL_CNA_cluster_0019","ALL_CNA","CNA_event_000116","PATKKV","HETDEL","exons 6",0.593
"ALL_CNA_cluster_0019","ALL_CNA","CNA_event_000115","PATKPW","HETDEL","exons 6",0.935
"ALL_CNA_cluster_0019","ALL_CNA","CNA_event_000075","PATKVD","HETDEL","exons 6",0.459
"ALL_CNA_cluster_0019","ALL_CNA","CNA_event_000114","PATLUU","HETDEL","exons 6",0.935
"ALL_CNA_cluster_0019","ALL_CNA","CNA_event_000113","PATSIL","HETDEL","exons 6",0.593
"ALL_CNA_cluster_0019","ALL_CNA","CNA_event_000023","PATTAC","HOMDEL","exons 6",0.935
"ALL_CNA_cluster_0019","ALL_CNA","CNA_event_000139","PATUWK","HETDEL","exons 6",0.474
"ALL_CNA_cluster_0019","ALL_CNA","CNA_event_000111","PATXNK","HETDEL","exons 6",0.935
"ALL_CNA_cluster_0019","ALL_CNA","CNA_event_000074","PATZXK","HETDEL","exons 6",0.935
"ALL_CNA_cluster_0019","ALL_CNA","CNA_event_000137","PAUEGE","HETDEL","exons 6",0.827
"ALL_CNA_cluster_0019","ALL_CNA","CNA_event_000069","PAUGLY","HETDEL","exons 6",0.935
"ALL_CNA_cluster_0019","ALL_CNA","CNA_event_000066","PAUIEM","HETDEL","exons 6",0.827
"ALL_CNA_cluster_0019","ALL_CNA","CNA_event_000109","PAUJYN","HETDEL","exons 6",0.827
"ALL_CNA_cluster_0019","ALL_CNA","CNA_event_000151","PAULMU","HETDEL","exons 6",0.849
"ALL_CNA_cluster_0019","ALL_CNA","CNA_event_000021","PAUMXB","HOMDEL","exons 6",0.827
"ALL_CNA_cluster_0019","ALL_CNA","CNA_event_000049","PAUNBU","HETDEL","exons 6",0.935
"ALL_CNA_cluster_0019","ALL_CNA","CNA_event_000136","PAUPVR","HETDEL","exons 6",0.593
"ALL_CNA_cluster_0019","ALL_CNA","CNA_event_000064","PAURLU","HETDEL","exons 6",0.49
"ALL_CNA_cluster_0019","ALL_CNA","CNA_event_000157","PAUTBB","GAIN","exons 6",0.864
"ALL_CNA_cluster_0019","ALL_CNA","CNA_event_000063","PAUTBD","HETDEL","exons 6",0.827
"ALL_CNA_cluster_0019","ALL_CNA","CNA_event_000104","PAUVUJ","HETDEL","exons 6",0.935
"ALL_CNA_cluster_0019","ALL_CNA","CNA_event_000062","PAUWUY","HETDEL","exons 6",0.935
"ALL_CNA_cluster_0019","ALL_CNA","CNA_event_000102","PAUXYI","HETDEL","exons 6",0.935
"ALL_CNA_cluster_0019","ALL_CNA","CNA_event_000060","PAUYJE","HETDEL","exons 6",0.593
"ALL_CNA_cluster_0019","ALL_CNA","CNA_event_000050","PAVAPE","HETDEL","exons 6",0.827
"ALL_CNA_cluster_0019","ALL_CNA","CNA_event_000059","PAVAWP","HETDEL","exons 6",0.935
"ALL_CNA_cluster_0019","ALL_CNA","CNA_event_000018","PAVAWW","HOMDEL","exons 6",0.935
"ALL_CNA_cluster_0019","ALL_CNA","CNA_event_000097","PAVBCW","HETDEL","exons 6",0.827
"ALL_CNA_cluster_0019","ALL_CNA","CNA_event_000017","PAVCHZ","HOMDEL","exons 6",0.827
"ALL_CNA_cluster_0019","ALL_CNA","CNA_event_000056","PAVESF","HETDEL","exons 6",0.827
"ALL_CNA_cluster_0019","ALL_CNA","CNA_event_000015","PAVKPV","HOMDEL","exons 6",0.593
"ALL_CNA_cluster_0019","ALL_CNA","CNA_event_000095","PAVKUU","HETDEL","exons 6",0.935
"ALL_CNA_cluster_0019","ALL_CNA","CNA_event_000144","PAVMVL","HETDEL","exons 6",0.935
"ALL_CNA_cluster_0019","ALL_CNA","CNA_event_000012","PAVPEN","HOMDEL","exons 6",0.827
"ALL_CNA_cluster_0019","ALL_CNA","CNA_event_000052","PAVPGA","HETDEL","exons 6",0.827
"ALL_CNA_cluster_0019","ALL_CNA","CNA_event_000138","PAVRLT","HETDEL","exons 6",0.935
"ALL_CNA_cluster_0019","ALL_CNA","CNA_event_000043","PAVZXK","HETDEL","exons 6",0.935
"ALL_CNA_cluster_0019","ALL_CNA","CNA_event_000044","PAWFYE","HETDEL","exons 6",0.459
"ALL_CNA_cluster_0019","ALL_CNA","CNA_event_000008","PAWGDG","HOMDEL","exons 6",0.935
"ALL_CNA_cluster_0019","ALL_CNA","CNA_event_000158","PAWGIT","GAIN","exons 6",0.593
"ALL_CNA_cluster_0019","ALL_CNA","CNA_event_000088","PAWGYW","HETDEL","exons 6",0.935
"ALL_CNA_cluster_0019","ALL_CNA","CNA_event_000051","PAWJUJ","HETDEL","exons 6",0.935
"ALL_CNA_cluster_0019","ALL_CNA","CNA_event_000007","PAWKZN","HOMDEL","exons 6",0.935
"ALL_CNA_cluster_0020","ALL_CNA","CNA_event_000132","PARBTF","HETDEL","exons 7",0.593
"ALL_CNA_cluster_0020","ALL_CNA","CNA_event_000130","PARGHJ","HETDEL","exons 7",0.935
"ALL_CNA_cluster_0020","ALL_CNA","CNA_event_000006","PARJPL","HOMDEL","exons 7",0.935
"ALL_CNA_cluster_0020","ALL_CNA","CNA_event_000005","PARMIH","HOMDEL","exons 7",0.827
"ALL_CNA_cluster_0020","ALL_CNA","CNA_event_000032","PARNXJ","HOMDEL","exons 7",0.935
"ALL_CNA_cluster_0020","ALL_CNA","CNA_event_000042","PARSJG","HOMDEL","exons 7",0.827
"ALL_CNA_cluster_0020","ALL_CNA","CNA_event_000128","PARXHT","HETDEL","exons 7",0.935
"ALL_CNA_cluster_0020","ALL_CNA","CNA_event_000180","PASGRU","GAIN","exons 7",0.935
"ALL_CNA_cluster_0020","ALL_CNA","CNA_event_000126","PASIJX","HETDEL","exons 7",0.827
"ALL_CNA_cluster_0020","ALL_CNA","CNA_event_000123","PASMHF","HETDEL","exons 7",0.827
"ALL_CNA_cluster_0020","ALL_CNA","CNA_event_000082","PASPLG","HETDEL","exons 7",0.827
"ALL_CNA_cluster_0020","ALL_CNA","CNA_event_000028","PASVKC","HOMDEL","exons 7",0.935
"ALL_CNA_cluster_0020","ALL_CNA","CNA_event_000081","PASYVU","HETDEL","exons 7",0.935
"ALL_CNA_cluster_0020","ALL_CNA","CNA_event_000080","PASYWF","HETDEL","exons 7",0.935
"ALL_CNA_cluster_0020","ALL_CNA","CNA_event_000046","PATGLV","HETDEL","exons 7",0.935
"ALL_CNA_cluster_0020","ALL_CNA","CNA_event_000027","PATHRE","HOMDEL","exons 7",0.827
"ALL_CNA_cluster_0020","ALL_CNA","CNA_event_000117","PATHSL","HETDEL","exons 7",0.827
"ALL_CNA_cluster_0020","ALL_CNA","CNA_event_000116","PATKKV","HETDEL","exons 7",0.593
"ALL_CNA_cluster_0020","ALL_CNA","CNA_event_000115","PATKPW","HETDEL","exons 7",0.935
"ALL_CNA_cluster_0020","ALL_CNA","CNA_event_000114","PATLUU","HETDEL","exons 7",0.935
"ALL_CNA_cluster_0020","ALL_CNA","CNA_event_000113","PATSIL","HETDEL","exons 7",0.593
"ALL_CNA_cluster_0020","ALL_CNA","CNA_event_000023","PATTAC","HOMDEL","exons 7",0.935
"ALL_CNA_cluster_0020","ALL_CNA","CNA_event_000139","PATUWK","HETDEL","exons 7",0.474
"ALL_CNA_cluster_0020","ALL_CNA","CNA_event_000111","PATXNK","HETDEL","exons 7",0.935
"ALL_CNA_cluster_0020","ALL_CNA","CNA_event_000074","PATZXK","HETDEL","exons 7",0.935
"ALL_CNA_cluster_0020","ALL_CNA","CNA_event_000137","PAUEGE","HETDEL","exons 7",0.827
"ALL_CNA_cluster_0020","ALL_CNA","CNA_event_000069","PAUGLY","HETDEL","exons 7",0.935
"ALL_CNA_cluster_0020","ALL_CNA","CNA_event_000066","PAUIEM","HETDEL","exons 7",0.827
"ALL_CNA_cluster_0020","ALL_CNA","CNA_event_000109","PAUJYN","HETDEL","exons 7",0.827
"ALL_CNA_cluster_0020","ALL_CNA","CNA_event_000151","PAULMU","HETDEL","exons 7",0.849
"ALL_CNA_cluster_0020","ALL_CNA","CNA_event_000021","PAUMXB","HOMDEL","exons 7",0.827
"ALL_CNA_cluster_0020","ALL_CNA","CNA_event_000049","PAUNBU","HETDEL","exons 7",0.935
"ALL_CNA_cluster_0020","ALL_CNA","CNA_event_000136","PAUPVR","HETDEL","exons 7",0.593
"ALL_CNA_cluster_0020","ALL_CNA","CNA_event_000064","PAURLU","HETDEL","exons 7",0.49
"ALL_CNA_cluster_0020","ALL_CNA","CNA_event_000157","PAUTBB","GAIN","exons 7",0.864
"ALL_CNA_cluster_0020","ALL_CNA","CNA_event_000063","PAUTBD","HETDEL","exons 7",0.827
"ALL_CNA_cluster_0020","ALL_CNA","CNA_event_000104","PAUVUJ","HETDEL","exons 7",0.935
"ALL_CNA_cluster_0020","ALL_CNA","CNA_event_000062","PAUWUY","HETDEL","exons 7",0.935
"ALL_CNA_cluster_0020","ALL_CNA","CNA_event_000102","PAUXYI","HETDEL","exons 7",0.935
"ALL_CNA_cluster_0020","ALL_CNA","CNA_event_000060","PAUYJE","HETDEL","exons 7",0.593
"ALL_CNA_cluster_0020","ALL_CNA","CNA_event_000050","PAVAPE","HETDEL","exons 7",0.827
"ALL_CNA_cluster_0020","ALL_CNA","CNA_event_000059","PAVAWP","HETDEL","exons 7",0.935
"ALL_CNA_cluster_0020","ALL_CNA","CNA_event_000018","PAVAWW","HOMDEL","exons 7",0.935
"ALL_CNA_cluster_0020","ALL_CNA","CNA_event_000097","PAVBCW","HETDEL","exons 7",0.827
"ALL_CNA_cluster_0020","ALL_CNA","CNA_event_000017","PAVCHZ","HOMDEL","exons 7",0.827
"ALL_CNA_cluster_0020","ALL_CNA","CNA_event_000056","PAVESF","HETDEL","exons 7",0.827
"ALL_CNA_cluster_0020","ALL_CNA","CNA_event_000015","PAVKPV","HOMDEL","exons 7",0.593
"ALL_CNA_cluster_0020","ALL_CNA","CNA_event_000095","PAVKUU","HETDEL","exons 7",0.935
"ALL_CNA_cluster_0020","ALL_CNA","CNA_event_000144","PAVMVL","HETDEL","exons 7",0.935
"ALL_CNA_cluster_0020","ALL_CNA","CNA_event_000012","PAVPEN","HOMDEL","exons 7",0.827
"ALL_CNA_cluster_0020","ALL_CNA","CNA_event_000052","PAVPGA","HETDEL","exons 7",0.827
"ALL_CNA_cluster_0020","ALL_CNA","CNA_event_000138","PAVRLT","HETDEL","exons 7",0.935
"ALL_CNA_cluster_0020","ALL_CNA","CNA_event_000043","PAVZXK","HETDEL","exons 7",0.935
"ALL_CNA_cluster_0020","ALL_CNA","CNA_event_000159","PAWFNJ","GAIN","exons 7",0.138
"ALL_CNA_cluster_0020","ALL_CNA","CNA_event_000008","PAWGDG","HOMDEL","exons 7",0.935
"ALL_CNA_cluster_0020","ALL_CNA","CNA_event_000158","PAWGIT","GAIN","exons 7",0.593
"ALL_CNA_cluster_0020","ALL_CNA","CNA_event_000088","PAWGYW","HETDEL","exons 7",0.935
"ALL_CNA_cluster_0020","ALL_CNA","CNA_event_000051","PAWJUJ","HETDEL","exons 7",0.935
"ALL_CNA_cluster_0020","ALL_CNA","CNA_event_000007","PAWKZN","HOMDEL","exons 7",0.935
"ALL_CNA_cluster_0021","ALL_CNA","CNA_event_000132","PARBTF","HETDEL","exons 8",0.593
"ALL_CNA_cluster_0021","ALL_CNA","CNA_event_000130","PARGHJ","HETDEL","exons 8",0.935
"ALL_CNA_cluster_0021","ALL_CNA","CNA_event_000006","PARJPL","HOMDEL","exons 8",0.935
"ALL_CNA_cluster_0021","ALL_CNA","CNA_event_000005","PARMIH","HOMDEL","exons 8",0.827
"ALL_CNA_cluster_0021","ALL_CNA","CNA_event_000032","PARNXJ","HOMDEL","exons 8",0.935
"ALL_CNA_cluster_0021","ALL_CNA","CNA_event_000042","PARSJG","HOMDEL","exons 8",0.827
"ALL_CNA_cluster_0021","ALL_CNA","CNA_event_000128","PARXHT","HETDEL","exons 8",0.935
"ALL_CNA_cluster_0021","ALL_CNA","CNA_event_000180","PASGRU","GAIN","exons 8",0.935
"ALL_CNA_cluster_0021","ALL_CNA","CNA_event_000126","PASIJX","HETDEL","exons 8",0.827
"ALL_CNA_cluster_0021","ALL_CNA","CNA_event_000123","PASMHF","HETDEL","exons 8",0.827
"ALL_CNA_cluster_0021","ALL_CNA","CNA_event_000082","PASPLG","HETDEL","exons 8",0.827
"ALL_CNA_cluster_0021","ALL_CNA","CNA_event_000028","PASVKC","HOMDEL","exons 8",0.935
"ALL_CNA_cluster_0021","ALL_CNA","CNA_event_000081","PASYVU","HETDEL","exons 8",0.935
"ALL_CNA_cluster_0021","ALL_CNA","CNA_event_000080","PASYWF","HETDEL","exons 8",0.935
"ALL_CNA_cluster_0021","ALL_CNA","CNA_event_000046","PATGLV","HETDEL","exons 8",0.935
"ALL_CNA_cluster_0021","ALL_CNA","CNA_event_000027","PATHRE","HOMDEL","exons 8",0.827
"ALL_CNA_cluster_0021","ALL_CNA","CNA_event_000117","PATHSL","HETDEL","exons 8",0.827
"ALL_CNA_cluster_0021","ALL_CNA","CNA_event_000116","PATKKV","HETDEL","exons 8",0.593
"ALL_CNA_cluster_0021","ALL_CNA","CNA_event_000115","PATKPW","HETDEL","exons 8",0.935
"ALL_CNA_cluster_0021","ALL_CNA","CNA_event_000114","PATLUU","HETDEL","exons 8",0.935
"ALL_CNA_cluster_0021","ALL_CNA","CNA_event_000113","PATSIL","HETDEL","exons 8",0.593
"ALL_CNA_cluster_0021","ALL_CNA","CNA_event_000023","PATTAC","HOMDEL","exons 8",0.935
"ALL_CNA_cluster_0021","ALL_CNA","CNA_event_000111","PATXNK","HETDEL","exons 8",0.935
"ALL_CNA_cluster_0021","ALL_CNA","CNA_event_000074","PATZXK","HETDEL","exons 8",0.935
"ALL_CNA_cluster_0021","ALL_CNA","CNA_event_000137","PAUEGE","HETDEL","exons 8",0.827
"ALL_CNA_cluster_0021","ALL_CNA","CNA_event_000069","PAUGLY","HETDEL","exons 8",0.935
"ALL_CNA_cluster_0021","ALL_CNA","CNA_event_000066","PAUIEM","HETDEL","exons 8",0.827
"ALL_CNA_cluster_0021","ALL_CNA","CNA_event_000109","PAUJYN","HETDEL","exons 8",0.827
"ALL_CNA_cluster_0021","ALL_CNA","CNA_event_000151","PAULMU","HETDEL","exons 8",0.849
"ALL_CNA_cluster_0021","ALL_CNA","CNA_event_000021","PAUMXB","HOMDEL","exons 8",0.827
"ALL_CNA_cluster_0021","ALL_CNA","CNA_event_000049","PAUNBU","HETDEL","exons 8",0.935
"ALL_CNA_cluster_0021","ALL_CNA","CNA_event_000136","PAUPVR","HETDEL","exons 8",0.593
"ALL_CNA_cluster_0021","ALL_CNA","CNA_event_000157","PAUTBB","GAIN","exons 8",0.864
"ALL_CNA_cluster_0021","ALL_CNA","CNA_event_000063","PAUTBD","HETDEL","exons 8",0.827
"ALL_CNA_cluster_0021","ALL_CNA","CNA_event_000104","PAUVUJ","HETDEL","exons 8",0.935
"ALL_CNA_cluster_0021","ALL_CNA","CNA_event_000062","PAUWUY","HETDEL","exons 8",0.935
"ALL_CNA_cluster_0021","ALL_CNA","CNA_event_000102","PAUXYI","HETDEL","exons 8",0.935
"ALL_CNA_cluster_0021","ALL_CNA","CNA_event_000060","PAUYJE","HETDEL","exons 8",0.593
"ALL_CNA_cluster_0021","ALL_CNA","CNA_event_000050","PAVAPE","HETDEL","exons 8",0.827
"ALL_CNA_cluster_0021","ALL_CNA","CNA_event_000059","PAVAWP","HETDEL","exons 8",0.935
"ALL_CNA_cluster_0021","ALL_CNA","CNA_event_000018","PAVAWW","HOMDEL","exons 8",0.935
"ALL_CNA_cluster_0021","ALL_CNA","CNA_event_000097","PAVBCW","HETDEL","exons 8",0.827
"ALL_CNA_cluster_0021","ALL_CNA","CNA_event_000017","PAVCHZ","HOMDEL","exons 8",0.827
"ALL_CNA_cluster_0021","ALL_CNA","CNA_event_000056","PAVESF","HETDEL","exons 8",0.827
"ALL_CNA_cluster_0021","ALL_CNA","CNA_event_000015","PAVKPV","HOMDEL","exons 8",0.593
"ALL_CNA_cluster_0021","ALL_CNA","CNA_event_000095","PAVKUU","HETDEL","exons 8",0.935
"ALL_CNA_cluster_0021","ALL_CNA","CNA_event_000144","PAVMVL","HETDEL","exons 8",0.935
"ALL_CNA_cluster_0021","ALL_CNA","CNA_event_000012","PAVPEN","HOMDEL","exons 8",0.827
"ALL_CNA_cluster_0021","ALL_CNA","CNA_event_000052","PAVPGA","HETDEL","exons 8",0.827
"ALL_CNA_cluster_0021","ALL_CNA","CNA_event_000138","PAVRLT","HETDEL","exons 8",0.935
"ALL_CNA_cluster_0021","ALL_CNA","CNA_event_000043","PAVZXK","HETDEL","exons 8",0.935
"ALL_CNA_cluster_0021","ALL_CNA","CNA_event_000008","PAWGDG","HOMDEL","exons 8",0.935
"ALL_CNA_cluster_0021","ALL_CNA","CNA_event_000158","PAWGIT","GAIN","exons 8",0.593
"ALL_CNA_cluster_0021","ALL_CNA","CNA_event_000088","PAWGYW","HETDEL","exons 8",0.935
"ALL_CNA_cluster_0021","ALL_CNA","CNA_event_000051","PAWJUJ","HETDEL","exons 8",0.935
"ALL_CNA_cluster_0021","ALL_CNA","CNA_event_000007","PAWKZN","HOMDEL","exons 8",0.935
"ALL_CNA_cluster_0022","ALL_CNA","CNA_event_000132","PARBTF","HETDEL","exons 9",0.593
"ALL_CNA_cluster_0022","ALL_CNA","CNA_event_000130","PARGHJ","HETDEL","exons 9",0.935
"ALL_CNA_cluster_0022","ALL_CNA","CNA_event_000006","PARJPL","HOMDEL","exons 9",0.935
"ALL_CNA_cluster_0022","ALL_CNA","CNA_event_000005","PARMIH","HOMDEL","exons 9",0.827
"ALL_CNA_cluster_0022","ALL_CNA","CNA_event_000032","PARNXJ","HOMDEL","exons 9",0.935
"ALL_CNA_cluster_0022","ALL_CNA","CNA_event_000042","PARSJG","HOMDEL","exons 9",0.827
"ALL_CNA_cluster_0022","ALL_CNA","CNA_event_000128","PARXHT","HETDEL","exons 9",0.935
"ALL_CNA_cluster_0022","ALL_CNA","CNA_event_000180","PASGRU","GAIN","exons 9",0.935
"ALL_CNA_cluster_0022","ALL_CNA","CNA_event_000126","PASIJX","HETDEL","exons 9",0.827
"ALL_CNA_cluster_0022","ALL_CNA","CNA_event_000123","PASMHF","HETDEL","exons 9",0.827
"ALL_CNA_cluster_0022","ALL_CNA","CNA_event_000082","PASPLG","HETDEL","exons 9",0.827
"ALL_CNA_cluster_0022","ALL_CNA","CNA_event_000028","PASVKC","HOMDEL","exons 9",0.935
"ALL_CNA_cluster_0022","ALL_CNA","CNA_event_000081","PASYVU","HETDEL","exons 9",0.935
"ALL_CNA_cluster_0022","ALL_CNA","CNA_event_000080","PASYWF","HETDEL","exons 9",0.935
"ALL_CNA_cluster_0022","ALL_CNA","CNA_event_000046","PATGLV","HETDEL","exons 9",0.935
"ALL_CNA_cluster_0022","ALL_CNA","CNA_event_000027","PATHRE","HOMDEL","exons 9",0.827
"ALL_CNA_cluster_0022","ALL_CNA","CNA_event_000117","PATHSL","HETDEL","exons 9",0.827
"ALL_CNA_cluster_0022","ALL_CNA","CNA_event_000116","PATKKV","HETDEL","exons 9",0.593
"ALL_CNA_cluster_0022","ALL_CNA","CNA_event_000115","PATKPW","HETDEL","exons 9",0.935
"ALL_CNA_cluster_0022","ALL_CNA","CNA_event_000114","PATLUU","HETDEL","exons 9",0.935
"ALL_CNA_cluster_0022","ALL_CNA","CNA_event_000113","PATSIL","HETDEL","exons 9",0.593
"ALL_CNA_cluster_0022","ALL_CNA","CNA_event_000023","PATTAC","HOMDEL","exons 9",0.935
"ALL_CNA_cluster_0022","ALL_CNA","CNA_event_000111","PATXNK","HETDEL","exons 9",0.935
"ALL_CNA_cluster_0022","ALL_CNA","CNA_event_000074","PATZXK","HETDEL","exons 9",0.935
"ALL_CNA_cluster_0022","ALL_CNA","CNA_event_000137","PAUEGE","HETDEL","exons 9",0.827
"ALL_CNA_cluster_0022","ALL_CNA","CNA_event_000069","PAUGLY","HETDEL","exons 9",0.935
"ALL_CNA_cluster_0022","ALL_CNA","CNA_event_000066","PAUIEM","HETDEL","exons 9",0.827
"ALL_CNA_cluster_0022","ALL_CNA","CNA_event_000109","PAUJYN","HETDEL","exons 9",0.827
"ALL_CNA_cluster_0022","ALL_CNA","CNA_event_000039","PAULMU","HOMDEL","exons 9",0.151
"ALL_CNA_cluster_0022","ALL_CNA","CNA_event_000021","PAUMXB","HOMDEL","exons 9",0.827
"ALL_CNA_cluster_0022","ALL_CNA","CNA_event_000049","PAUNBU","HETDEL","exons 9",0.935
"ALL_CNA_cluster_0022","ALL_CNA","CNA_event_000136","PAUPVR","HETDEL","exons 9",0.593
"ALL_CNA_cluster_0022","ALL_CNA","CNA_event_000157","PAUTBB","GAIN","exons 9",0.864
"ALL_CNA_cluster_0022","ALL_CNA","CNA_event_000063","PAUTBD","HETDEL","exons 9",0.827
"ALL_CNA_cluster_0022","ALL_CNA","CNA_event_000104","PAUVUJ","HETDEL","exons 9",0.935
"ALL_CNA_cluster_0022","ALL_CNA","CNA_event_000062","PAUWUY","HETDEL","exons 9",0.935
"ALL_CNA_cluster_0022","ALL_CNA","CNA_event_000102","PAUXYI","HETDEL","exons 9",0.935
"ALL_CNA_cluster_0022","ALL_CNA","CNA_event_000060","PAUYJE","HETDEL","exons 9",0.593
"ALL_CNA_cluster_0022","ALL_CNA","CNA_event_000050","PAVAPE","HETDEL","exons 9",0.827
"ALL_CNA_cluster_0022","ALL_CNA","CNA_event_000059","PAVAWP","HETDEL","exons 9",0.935
"ALL_CNA_cluster_0022","ALL_CNA","CNA_event_000018","PAVAWW","HOMDEL","exons 9",0.935
"ALL_CNA_cluster_0022","ALL_CNA","CNA_event_000097","PAVBCW","HETDEL","exons 9",0.827
"ALL_CNA_cluster_0022","ALL_CNA","CNA_event_000017","PAVCHZ","HOMDEL","exons 9",0.827
"ALL_CNA_cluster_0022","ALL_CNA","CNA_event_000056","PAVESF","HETDEL","exons 9",0.827
"ALL_CNA_cluster_0022","ALL_CNA","CNA_event_000015","PAVKPV","HOMDEL","exons 9",0.593
"ALL_CNA_cluster_0022","ALL_CNA","CNA_event_000095","PAVKUU","HETDEL","exons 9",0.935
"ALL_CNA_cluster_0022","ALL_CNA","CNA_event_000144","PAVMVL","HETDEL","exons 9",0.935
"ALL_CNA_cluster_0022","ALL_CNA","CNA_event_000012","PAVPEN","HOMDEL","exons 9",0.827
"ALL_CNA_cluster_0022","ALL_CNA","CNA_event_000052","PAVPGA","HETDEL","exons 9",0.827
"ALL_CNA_cluster_0022","ALL_CNA","CNA_event_000138","PAVRLT","HETDEL","exons 9",0.935
"ALL_CNA_cluster_0022","ALL_CNA","CNA_event_000043","PAVZXK","HETDEL","exons 9",0.935
"ALL_CNA_cluster_0022","ALL_CNA","CNA_event_000008","PAWGDG","HOMDEL","exons 9",0.935
"ALL_CNA_cluster_0022","ALL_CNA","CNA_event_000158","PAWGIT","GAIN","exons 9",0.593
"ALL_CNA_cluster_0022","ALL_CNA","CNA_event_000088","PAWGYW","HETDEL","exons 9",0.935
"ALL_CNA_cluster_0022","ALL_CNA","CNA_event_000051","PAWJUJ","HETDEL","exons 9",0.935
"ALL_CNA_cluster_0022","ALL_CNA","CNA_event_000007","PAWKZN","HOMDEL","exons 9",0.935
