"event_id","subject_id","cna_type","input_row","chrom","genomic_start","genomic_end","width_bp","exon_order","transcript_exon_rank","exon_id","exon_cds_start","exon_cds_end","overlap_start","overlap_end","coding_overlap_bp","exon_coding_fraction","passes_exon_overlap","coding_fraction","n_affected_exons","localization_class","complete_structural_mapping","structurally_localizable"
"CNA_event_000001","PAVESF","HOMDEL",1,"10",87864501,87930200,65700,1,1,"ENSE00004011725",87864470,87864548,87864501,87864548,48,0.607594936708861,TRUE,0.14722911497105,3,"high_resolution_le_50pct",TRUE,TRUE
"CNA_event_000001","PAVESF","HOMDEL",1,"10",87864501,87930200,65700,2,2,"ENSE00001156351",87894025,87894109,87894025,87894109,85,1,TRUE,0.14722911497105,3,"high_resolution_le_50pct",TRUE,TRUE
"CNA_event_000001","PAVESF","HOMDEL",1,"10",87864501,87930200,65700,3,3,"ENSE00001156344",87925513,87925557,87925513,87925557,45,1,TRUE,0.14722911497105,3,"high_resolution_le_50pct",TRUE,TRUE
"CNA_event_000002","PAUYJE","HOMDEL",2,"10",87865101,87944400,79300,2,2,"ENSE00001156351",87894025,87894109,87894025,87894109,85,1,TRUE,0.341604631927213,4,"high_resolution_le_50pct",TRUE,TRUE
"CNA_event_000002","PAUYJE","HOMDEL",2,"10",87865101,87944400,79300,3,3,"ENSE00001156344",87925513,87925557,87925513,87925557,45,1,TRUE,0.341604631927213,4,"high_resolution_le_50pct",TRUE,TRUE
"CNA_event_000002","PAUYJE","HOMDEL",2,"10",87865101,87944400,79300,4,4,"ENSE00003595610",87931046,87931089,87931046,87931089,44,1,TRUE,0.341604631927213,4,"high_resolution_le_50pct",TRUE,TRUE
"CNA_event_000002","PAUYJE","HOMDEL",2,"10",87865101,87944400,79300,5,5,"ENSE00001156330",87933013,87933251,87933013,87933251,239,1,TRUE,0.341604631927213,4,"high_resolution_le_50pct",TRUE,TRUE
"CNA_event_000003","PAUHYI","HOMDEL",3,"10",87890401,87930000,39600,2,2,"ENSE00001156351",87894025,87894109,87894025,87894109,85,1,TRUE,0.10752688172043,2,"high_resolution_le_50pct",TRUE,TRUE
"CNA_event_000003","PAUHYI","HOMDEL",3,"10",87890401,87930000,39600,3,3,"ENSE00001156344",87925513,87925557,87925513,87925557,45,1,TRUE,0.10752688172043,2,"high_resolution_le_50pct",TRUE,TRUE
"CNA_event_000005","PARMIH","HOMDEL",5,"10",87930101,88172400,242300,4,4,"ENSE00003595610",87931046,87931089,87931046,87931089,44,1,TRUE,0.827129859387924,6,"low_resolution_75_90pct",TRUE,TRUE
"CNA_event_000005","PARMIH","HOMDEL",5,"10",87930101,88172400,242300,5,5,"ENSE00001156330",87933013,87933251,87933013,87933251,239,1,TRUE,0.827129859387924,6,"low_resolution_75_90pct",TRUE,TRUE
"CNA_event_000005","PARMIH","HOMDEL",5,"10",87930101,88172400,242300,6,6,"ENSE00001156327",87952118,87952259,87952118,87952259,142,1,TRUE,0.827129859387924,6,"low_resolution_75_90pct",TRUE,TRUE
"CNA_event_000005","PARMIH","HOMDEL",5,"10",87930101,88172400,242300,7,7,"ENSE00003725338",87957853,87958019,87957853,87958019,167,1,TRUE,0.827129859387924,6,"low_resolution_75_90pct",TRUE,TRUE
"CNA_event_000005","PARMIH","HOMDEL",5,"10",87930101,88172400,242300,8,8,"ENSE00001156315",87960894,87961118,87960894,87961118,225,1,TRUE,0.827129859387924,6,"low_resolution_75_90pct",TRUE,TRUE
"CNA_event_000005","PARMIH","HOMDEL",5,"10",87930101,88172400,242300,9,9,"ENSE00001456541",87965287,87965469,87965287,87965469,183,1,TRUE,0.827129859387924,6,"low_resolution_75_90pct",TRUE,TRUE
"CNA_event_000006","PARJPL","HOMDEL",6,"10",87869601,88020000,150400,2,2,"ENSE00001156351",87894025,87894109,87894025,87894109,85,1,TRUE,0.934656741108354,8,"very_low_resolution_90_lt_100pct",TRUE,TRUE
"CNA_event_000006","PARJPL","HOMDEL",6,"10",87869601,88020000,150400,3,3,"ENSE00001156344",87925513,87925557,87925513,87925557,45,1,TRUE,0.934656741108354,8,"very_low_resolution_90_lt_100pct",TRUE,TRUE
"CNA_event_000006","PARJPL","HOMDEL",6,"10",87869601,88020000,150400,4,4,"ENSE00003595610",87931046,87931089,87931046,87931089,44,1,TRUE,0.934656741108354,8,"very_low_resolution_90_lt_100pct",TRUE,TRUE
"CNA_event_000006","PARJPL","HOMDEL",6,"10",87869601,88020000,150400,5,5,"ENSE00001156330",87933013,87933251,87933013,87933251,239,1,TRUE,0.934656741108354,8,"very_low_resolution_90_lt_100pct",TRUE,TRUE
"CNA_event_000006","PARJPL","HOMDEL",6,"10",87869601,88020000,150400,6,6,"ENSE00001156327",87952118,87952259,87952118,87952259,142,1,TRUE,0.934656741108354,8,"very_low_resolution_90_lt_100pct",TRUE,TRUE
"CNA_event_000006","PARJPL","HOMDEL",6,"10",87869601,88020000,150400,7,7,"ENSE00003725338",87957853,87958019,87957853,87958019,167,1,TRUE,0.934656741108354,8,"very_low_resolution_90_lt_100pct",TRUE,TRUE
"CNA_event_000006","PARJPL","HOMDEL",6,"10",87869601,88020000,150400,8,8,"ENSE00001156315",87960894,87961118,87960894,87961118,225,1,TRUE,0.934656741108354,8,"very_low_resolution_90_lt_100pct",TRUE,TRUE
"CNA_event_000006","PARJPL","HOMDEL",6,"10",87869601,88020000,150400,9,9,"ENSE00001456541",87965287,87965469,87965287,87965469,183,1,TRUE,0.934656741108354,8,"very_low_resolution_90_lt_100pct",TRUE,TRUE
"CNA_event_000007","PAWKZN","HOMDEL",7,"10",87865101,88172400,307300,2,2,"ENSE00001156351",87894025,87894109,87894025,87894109,85,1,TRUE,0.934656741108354,8,"very_low_resolution_90_lt_100pct",TRUE,TRUE
"CNA_event_000007","PAWKZN","HOMDEL",7,"10",87865101,88172400,307300,3,3,"ENSE00001156344",87925513,87925557,87925513,87925557,45,1,TRUE,0.934656741108354,8,"very_low_resolution_90_lt_100pct",TRUE,TRUE
"CNA_event_000007","PAWKZN","HOMDEL",7,"10",87865101,88172400,307300,4,4,"ENSE00003595610",87931046,87931089,87931046,87931089,44,1,TRUE,0.934656741108354,8,"very_low_resolution_90_lt_100pct",TRUE,TRUE
"CNA_event_000007","PAWKZN","HOMDEL",7,"10",87865101,88172400,307300,5,5,"ENSE00001156330",87933013,87933251,87933013,87933251,239,1,TRUE,0.934656741108354,8,"very_low_resolution_90_lt_100pct",TRUE,TRUE
"CNA_event_000007","PAWKZN","HOMDEL",7,"10",87865101,88172400,307300,6,6,"ENSE00001156327",87952118,87952259,87952118,87952259,142,1,TRUE,0.934656741108354,8,"very_low_resolution_90_lt_100pct",TRUE,TRUE
"CNA_event_000007","PAWKZN","HOMDEL",7,"10",87865101,88172400,307300,7,7,"ENSE00003725338",87957853,87958019,87957853,87958019,167,1,TRUE,0.934656741108354,8,"very_low_resolution_90_lt_100pct",TRUE,TRUE
"CNA_event_000007","PAWKZN","HOMDEL",7,"10",87865101,88172400,307300,8,8,"ENSE00001156315",87960894,87961118,87960894,87961118,225,1,TRUE,0.934656741108354,8,"very_low_resolution_90_lt_100pct",TRUE,TRUE
"CNA_event_000007","PAWKZN","HOMDEL",7,"10",87865101,88172400,307300,9,9,"ENSE00001456541",87965287,87965469,87965287,87965469,183,1,TRUE,0.934656741108354,8,"very_low_resolution_90_lt_100pct",TRUE,TRUE
"CNA_event_000008","PAWGDG","HOMDEL",8,"10",87892601,89540100,1647500,2,2,"ENSE00001156351",87894025,87894109,87894025,87894109,85,1,TRUE,0.934656741108354,8,"very_low_resolution_90_lt_100pct",TRUE,TRUE
"CNA_event_000008","PAWGDG","HOMDEL",8,"10",87892601,89540100,1647500,3,3,"ENSE00001156344",87925513,87925557,87925513,87925557,45,1,TRUE,0.934656741108354,8,"very_low_resolution_90_lt_100pct",TRUE,TRUE
"CNA_event_000008","PAWGDG","HOMDEL",8,"10",87892601,89540100,1647500,4,4,"ENSE00003595610",87931046,87931089,87931046,87931089,44,1,TRUE,0.934656741108354,8,"very_low_resolution_90_lt_100pct",TRUE,TRUE
"CNA_event_000008","PAWGDG","HOMDEL",8,"10",87892601,89540100,1647500,5,5,"ENSE00001156330",87933013,87933251,87933013,87933251,239,1,TRUE,0.934656741108354,8,"very_low_resolution_90_lt_100pct",TRUE,TRUE
"CNA_event_000008","PAWGDG","HOMDEL",8,"10",87892601,89540100,1647500,6,6,"ENSE00001156327",87952118,87952259,87952118,87952259,142,1,TRUE,0.934656741108354,8,"very_low_resolution_90_lt_100pct",TRUE,TRUE
"CNA_event_000008","PAWGDG","HOMDEL",8,"10",87892601,89540100,1647500,7,7,"ENSE00003725338",87957853,87958019,87957853,87958019,167,1,TRUE,0.934656741108354,8,"very_low_resolution_90_lt_100pct",TRUE,TRUE
"CNA_event_000008","PAWGDG","HOMDEL",8,"10",87892601,89540100,1647500,8,8,"ENSE00001156315",87960894,87961118,87960894,87961118,225,1,TRUE,0.934656741108354,8,"very_low_resolution_90_lt_100pct",TRUE,TRUE
"CNA_event_000008","PAWGDG","HOMDEL",8,"10",87892601,89540100,1647500,9,9,"ENSE00001456541",87965287,87965469,87965287,87965469,183,1,TRUE,0.934656741108354,8,"very_low_resolution_90_lt_100pct",TRUE,TRUE
"CNA_event_000009","PAWESJ","HOMDEL",9,"10",87861301,87864700,3400,1,1,"ENSE00004011725",87864470,87864548,87864470,87864548,79,1,TRUE,0.065343258891646,1,"high_resolution_le_50pct",TRUE,TRUE
"CNA_event_000010","PAWAIM","HOMDEL",10,"10",87865601,87929800,64200,2,2,"ENSE00001156351",87894025,87894109,87894025,87894109,85,1,TRUE,0.10752688172043,2,"high_resolution_le_50pct",TRUE,TRUE
"CNA_event_000010","PAWAIM","HOMDEL",10,"10",87865601,87929800,64200,3,3,"ENSE00001156344",87925513,87925557,87925513,87925557,45,1,TRUE,0.10752688172043,2,"high_resolution_le_50pct",TRUE,TRUE
"CNA_event_000011","PAVUCS","HOMDEL",11,"10",87865901,87930100,64200,2,2,"ENSE00001156351",87894025,87894109,87894025,87894109,85,1,TRUE,0.10752688172043,2,"high_resolution_le_50pct",TRUE,TRUE
"CNA_event_000011","PAVUCS","HOMDEL",11,"10",87865901,87930100,64200,3,3,"ENSE00001156344",87925513,87925557,87925513,87925557,45,1,TRUE,0.10752688172043,2,"high_resolution_le_50pct",TRUE,TRUE
"CNA_event_000012","PAVPEN","HOMDEL",12,"10",87930001,88106300,176300,4,4,"ENSE00003595610",87931046,87931089,87931046,87931089,44,1,TRUE,0.827129859387924,6,"low_resolution_75_90pct",TRUE,TRUE
"CNA_event_000012","PAVPEN","HOMDEL",12,"10",87930001,88106300,176300,5,5,"ENSE00001156330",87933013,87933251,87933013,87933251,239,1,TRUE,0.827129859387924,6,"low_resolution_75_90pct",TRUE,TRUE
"CNA_event_000012","PAVPEN","HOMDEL",12,"10",87930001,88106300,176300,6,6,"ENSE00001156327",87952118,87952259,87952118,87952259,142,1,TRUE,0.827129859387924,6,"low_resolution_75_90pct",TRUE,TRUE
"CNA_event_000012","PAVPEN","HOMDEL",12,"10",87930001,88106300,176300,7,7,"ENSE00003725338",87957853,87958019,87957853,87958019,167,1,TRUE,0.827129859387924,6,"low_resolution_75_90pct",TRUE,TRUE
"CNA_event_000012","PAVPEN","HOMDEL",12,"10",87930001,88106300,176300,8,8,"ENSE00001156315",87960894,87961118,87960894,87961118,225,1,TRUE,0.827129859387924,6,"low_resolution_75_90pct",TRUE,TRUE
"CNA_event_000012","PAVPEN","HOMDEL",12,"10",87930001,88106300,176300,9,9,"ENSE00001456541",87965287,87965469,87965287,87965469,183,1,TRUE,0.827129859387924,6,"low_resolution_75_90pct",TRUE,TRUE
"CNA_event_000014","PAVKPV","HOMDEL",14,"10",87871001,87944800,73800,2,2,"ENSE00001156351",87894025,87894109,87894025,87894109,85,1,TRUE,0.341604631927213,4,"high_resolution_le_50pct",TRUE,TRUE
"CNA_event_000014","PAVKPV","HOMDEL",14,"10",87871001,87944800,73800,3,3,"ENSE00001156344",87925513,87925557,87925513,87925557,45,1,TRUE,0.341604631927213,4,"high_resolution_le_50pct",TRUE,TRUE
"CNA_event_000014","PAVKPV","HOMDEL",14,"10",87871001,87944800,73800,4,4,"ENSE00003595610",87931046,87931089,87931046,87931089,44,1,TRUE,0.341604631927213,4,"high_resolution_le_50pct",TRUE,TRUE
"CNA_event_000014","PAVKPV","HOMDEL",14,"10",87871001,87944800,73800,5,5,"ENSE00001156330",87933013,87933251,87933013,87933251,239,1,TRUE,0.341604631927213,4,"high_resolution_le_50pct",TRUE,TRUE
"CNA_event_000015","PAVKPV","HOMDEL",15,"10",87944801,88172200,227400,6,6,"ENSE00001156327",87952118,87952259,87952118,87952259,142,1,TRUE,0.593052109181141,4,"moderate_resolution_50_75pct",TRUE,TRUE
"CNA_event_000015","PAVKPV","HOMDEL",15,"10",87944801,88172200,227400,7,7,"ENSE00003725338",87957853,87958019,87957853,87958019,167,1,TRUE,0.593052109181141,4,"moderate_resolution_50_75pct",TRUE,TRUE
"CNA_event_000015","PAVKPV","HOMDEL",15,"10",87944801,88172200,227400,8,8,"ENSE00001156315",87960894,87961118,87960894,87961118,225,1,TRUE,0.593052109181141,4,"moderate_resolution_50_75pct",TRUE,TRUE
"CNA_event_000015","PAVKPV","HOMDEL",15,"10",87944801,88172200,227400,9,9,"ENSE00001456541",87965287,87965469,87965287,87965469,183,1,TRUE,0.593052109181141,4,"moderate_resolution_50_75pct",TRUE,TRUE
"CNA_event_000016","PAVFIF","HOMDEL",16,"10",87865101,87929900,64800,2,2,"ENSE00001156351",87894025,87894109,87894025,87894109,85,1,TRUE,0.10752688172043,2,"high_resolution_le_50pct",TRUE,TRUE
"CNA_event_000016","PAVFIF","HOMDEL",16,"10",87865101,87929900,64800,3,3,"ENSE00001156344",87925513,87925557,87925513,87925557,45,1,TRUE,0.10752688172043,2,"high_resolution_le_50pct",TRUE,TRUE
"CNA_event_000017","PAVCHZ","HOMDEL",17,"10",87929901,87987400,57500,4,4,"ENSE00003595610",87931046,87931089,87931046,87931089,44,1,TRUE,0.827129859387924,6,"low_resolution_75_90pct",TRUE,TRUE
"CNA_event_000017","PAVCHZ","HOMDEL",17,"10",87929901,87987400,57500,5,5,"ENSE00001156330",87933013,87933251,87933013,87933251,239,1,TRUE,0.827129859387924,6,"low_resolution_75_90pct",TRUE,TRUE
"CNA_event_000017","PAVCHZ","HOMDEL",17,"10",87929901,87987400,57500,6,6,"ENSE00001156327",87952118,87952259,87952118,87952259,142,1,TRUE,0.827129859387924,6,"low_resolution_75_90pct",TRUE,TRUE
"CNA_event_000017","PAVCHZ","HOMDEL",17,"10",87929901,87987400,57500,7,7,"ENSE00003725338",87957853,87958019,87957853,87958019,167,1,TRUE,0.827129859387924,6,"low_resolution_75_90pct",TRUE,TRUE
"CNA_event_000017","PAVCHZ","HOMDEL",17,"10",87929901,87987400,57500,8,8,"ENSE00001156315",87960894,87961118,87960894,87961118,225,1,TRUE,0.827129859387924,6,"low_resolution_75_90pct",TRUE,TRUE
"CNA_event_000017","PAVCHZ","HOMDEL",17,"10",87929901,87987400,57500,9,9,"ENSE00001456541",87965287,87965469,87965287,87965469,183,1,TRUE,0.827129859387924,6,"low_resolution_75_90pct",TRUE,TRUE
"CNA_event_000018","PAVAWW","HOMDEL",18,"10",87865001,88172400,307400,2,2,"ENSE00001156351",87894025,87894109,87894025,87894109,85,1,TRUE,0.934656741108354,8,"very_low_resolution_90_lt_100pct",TRUE,TRUE
"CNA_event_000018","PAVAWW","HOMDEL",18,"10",87865001,88172400,307400,3,3,"ENSE00001156344",87925513,87925557,87925513,87925557,45,1,TRUE,0.934656741108354,8,"very_low_resolution_90_lt_100pct",TRUE,TRUE
"CNA_event_000018","PAVAWW","HOMDEL",18,"10",87865001,88172400,307400,4,4,"ENSE00003595610",87931046,87931089,87931046,87931089,44,1,TRUE,0.934656741108354,8,"very_low_resolution_90_lt_100pct",TRUE,TRUE
"CNA_event_000018","PAVAWW","HOMDEL",18,"10",87865001,88172400,307400,5,5,"ENSE00001156330",87933013,87933251,87933013,87933251,239,1,TRUE,0.934656741108354,8,"very_low_resolution_90_lt_100pct",TRUE,TRUE
"CNA_event_000018","PAVAWW","HOMDEL",18,"10",87865001,88172400,307400,6,6,"ENSE00001156327",87952118,87952259,87952118,87952259,142,1,TRUE,0.934656741108354,8,"very_low_resolution_90_lt_100pct",TRUE,TRUE
"CNA_event_000018","PAVAWW","HOMDEL",18,"10",87865001,88172400,307400,7,7,"ENSE00003725338",87957853,87958019,87957853,87958019,167,1,TRUE,0.934656741108354,8,"very_low_resolution_90_lt_100pct",TRUE,TRUE
"CNA_event_000018","PAVAWW","HOMDEL",18,"10",87865001,88172400,307400,8,8,"ENSE00001156315",87960894,87961118,87960894,87961118,225,1,TRUE,0.934656741108354,8,"very_low_resolution_90_lt_100pct",TRUE,TRUE
"CNA_event_000018","PAVAWW","HOMDEL",18,"10",87865001,88172400,307400,9,9,"ENSE00001456541",87965287,87965469,87965287,87965469,183,1,TRUE,0.934656741108354,8,"very_low_resolution_90_lt_100pct",TRUE,TRUE
"CNA_event_000019","PAUYBP","HOMDEL",19,"10",87864901,87929900,65000,2,2,"ENSE00001156351",87894025,87894109,87894025,87894109,85,1,TRUE,0.10752688172043,2,"high_resolution_le_50pct",TRUE,TRUE
"CNA_event_000019","PAUYBP","HOMDEL",19,"10",87864901,87929900,65000,3,3,"ENSE00001156344",87925513,87925557,87925513,87925557,45,1,TRUE,0.10752688172043,2,"high_resolution_le_50pct",TRUE,TRUE
"CNA_event_000020","PAUUXR","HOMDEL",20,"10",87823101,89158700,1335600,1,1,"ENSE00004011725",87864470,87864548,87864470,87864548,79,1,TRUE,1,9,"whole_coding_sequence",TRUE,FALSE
"CNA_event_000020","PAUUXR","HOMDEL",20,"10",87823101,89158700,1335600,2,2,"ENSE00001156351",87894025,87894109,87894025,87894109,85,1,TRUE,1,9,"whole_coding_sequence",TRUE,FALSE
"CNA_event_000020","PAUUXR","HOMDEL",20,"10",87823101,89158700,1335600,3,3,"ENSE00001156344",87925513,87925557,87925513,87925557,45,1,TRUE,1,9,"whole_coding_sequence",TRUE,FALSE
"CNA_event_000020","PAUUXR","HOMDEL",20,"10",87823101,89158700,1335600,4,4,"ENSE00003595610",87931046,87931089,87931046,87931089,44,1,TRUE,1,9,"whole_coding_sequence",TRUE,FALSE
"CNA_event_000020","PAUUXR","HOMDEL",20,"10",87823101,89158700,1335600,5,5,"ENSE00001156330",87933013,87933251,87933013,87933251,239,1,TRUE,1,9,"whole_coding_sequence",TRUE,FALSE
"CNA_event_000020","PAUUXR","HOMDEL",20,"10",87823101,89158700,1335600,6,6,"ENSE00001156327",87952118,87952259,87952118,87952259,142,1,TRUE,1,9,"whole_coding_sequence",TRUE,FALSE
"CNA_event_000020","PAUUXR","HOMDEL",20,"10",87823101,89158700,1335600,7,7,"ENSE00003725338",87957853,87958019,87957853,87958019,167,1,TRUE,1,9,"whole_coding_sequence",TRUE,FALSE
"CNA_event_000020","PAUUXR","HOMDEL",20,"10",87823101,89158700,1335600,8,8,"ENSE00001156315",87960894,87961118,87960894,87961118,225,1,TRUE,1,9,"whole_coding_sequence",TRUE,FALSE
"CNA_event_000020","PAUUXR","HOMDEL",20,"10",87823101,89158700,1335600,9,9,"ENSE00001456541",87965287,87965469,87965287,87965469,183,1,TRUE,1,9,"whole_coding_sequence",TRUE,FALSE
"CNA_event_000021","PAUMXB","HOMDEL",21,"10",87929901,88106300,176400,4,4,"ENSE00003595610",87931046,87931089,87931046,87931089,44,1,TRUE,0.827129859387924,6,"low_resolution_75_90pct",TRUE,TRUE
"CNA_event_000021","PAUMXB","HOMDEL",21,"10",87929901,88106300,176400,5,5,"ENSE00001156330",87933013,87933251,87933013,87933251,239,1,TRUE,0.827129859387924,6,"low_resolution_75_90pct",TRUE,TRUE
"CNA_event_000021","PAUMXB","HOMDEL",21,"10",87929901,88106300,176400,6,6,"ENSE00001156327",87952118,87952259,87952118,87952259,142,1,TRUE,0.827129859387924,6,"low_resolution_75_90pct",TRUE,TRUE
"CNA_event_000021","PAUMXB","HOMDEL",21,"10",87929901,88106300,176400,7,7,"ENSE00003725338",87957853,87958019,87957853,87958019,167,1,TRUE,0.827129859387924,6,"low_resolution_75_90pct",TRUE,TRUE
"CNA_event_000021","PAUMXB","HOMDEL",21,"10",87929901,88106300,176400,8,8,"ENSE00001156315",87960894,87961118,87960894,87961118,225,1,TRUE,0.827129859387924,6,"low_resolution_75_90pct",TRUE,TRUE
"CNA_event_000021","PAUMXB","HOMDEL",21,"10",87929901,88106300,176400,9,9,"ENSE00001456541",87965287,87965469,87965287,87965469,183,1,TRUE,0.827129859387924,6,"low_resolution_75_90pct",TRUE,TRUE
"CNA_event_000022","PAUADY","HOMDEL",22,"10",87864701,87929900,65200,2,2,"ENSE00001156351",87894025,87894109,87894025,87894109,85,1,TRUE,0.10752688172043,2,"high_resolution_le_50pct",TRUE,TRUE
"CNA_event_000022","PAUADY","HOMDEL",22,"10",87864701,87929900,65200,3,3,"ENSE00001156344",87925513,87925557,87925513,87925557,45,1,TRUE,0.10752688172043,2,"high_resolution_le_50pct",TRUE,TRUE
"CNA_event_000023","PATTAC","HOMDEL",23,"10",87865101,88172300,307200,2,2,"ENSE00001156351",87894025,87894109,87894025,87894109,85,1,TRUE,0.934656741108354,8,"very_low_resolution_90_lt_100pct",TRUE,TRUE
"CNA_event_000023","PATTAC","HOMDEL",23,"10",87865101,88172300,307200,3,3,"ENSE00001156344",87925513,87925557,87925513,87925557,45,1,TRUE,0.934656741108354,8,"very_low_resolution_90_lt_100pct",TRUE,TRUE
"CNA_event_000023","PATTAC","HOMDEL",23,"10",87865101,88172300,307200,4,4,"ENSE00003595610",87931046,87931089,87931046,87931089,44,1,TRUE,0.934656741108354,8,"very_low_resolution_90_lt_100pct",TRUE,TRUE
"CNA_event_000023","PATTAC","HOMDEL",23,"10",87865101,88172300,307200,5,5,"ENSE00001156330",87933013,87933251,87933013,87933251,239,1,TRUE,0.934656741108354,8,"very_low_resolution_90_lt_100pct",TRUE,TRUE
"CNA_event_000023","PATTAC","HOMDEL",23,"10",87865101,88172300,307200,6,6,"ENSE00001156327",87952118,87952259,87952118,87952259,142,1,TRUE,0.934656741108354,8,"very_low_resolution_90_lt_100pct",TRUE,TRUE
"CNA_event_000023","PATTAC","HOMDEL",23,"10",87865101,88172300,307200,7,7,"ENSE00003725338",87957853,87958019,87957853,87958019,167,1,TRUE,0.934656741108354,8,"very_low_resolution_90_lt_100pct",TRUE,TRUE
"CNA_event_000023","PATTAC","HOMDEL",23,"10",87865101,88172300,307200,8,8,"ENSE00001156315",87960894,87961118,87960894,87961118,225,1,TRUE,0.934656741108354,8,"very_low_resolution_90_lt_100pct",TRUE,TRUE
"CNA_event_000023","PATTAC","HOMDEL",23,"10",87865101,88172300,307200,9,9,"ENSE00001456541",87965287,87965469,87965287,87965469,183,1,TRUE,0.934656741108354,8,"very_low_resolution_90_lt_100pct",TRUE,TRUE
"CNA_event_000024","PATSIL","HOMDEL",24,"10",87864501,87944600,80100,1,1,"ENSE00004011725",87864470,87864548,87864501,87864548,48,0.607594936708861,TRUE,0.381306865177833,5,"high_resolution_le_50pct",TRUE,TRUE
"CNA_event_000024","PATSIL","HOMDEL",24,"10",87864501,87944600,80100,2,2,"ENSE00001156351",87894025,87894109,87894025,87894109,85,1,TRUE,0.381306865177833,5,"high_resolution_le_50pct",TRUE,TRUE
"CNA_event_000024","PATSIL","HOMDEL",24,"10",87864501,87944600,80100,3,3,"ENSE00001156344",87925513,87925557,87925513,87925557,45,1,TRUE,0.381306865177833,5,"high_resolution_le_50pct",TRUE,TRUE
"CNA_event_000024","PATSIL","HOMDEL",24,"10",87864501,87944600,80100,4,4,"ENSE00003595610",87931046,87931089,87931046,87931089,44,1,TRUE,0.381306865177833,5,"high_resolution_le_50pct",TRUE,TRUE
"CNA_event_000024","PATSIL","HOMDEL",24,"10",87864501,87944600,80100,5,5,"ENSE00001156330",87933013,87933251,87933013,87933251,239,1,TRUE,0.381306865177833,5,"high_resolution_le_50pct",TRUE,TRUE
"CNA_event_000025","PATKKV","HOMDEL",25,"10",87865101,87939600,74500,2,2,"ENSE00001156351",87894025,87894109,87894025,87894109,85,1,TRUE,0.341604631927213,4,"high_resolution_le_50pct",TRUE,TRUE
"CNA_event_000025","PATKKV","HOMDEL",25,"10",87865101,87939600,74500,3,3,"ENSE00001156344",87925513,87925557,87925513,87925557,45,1,TRUE,0.341604631927213,4,"high_resolution_le_50pct",TRUE,TRUE
"CNA_event_000025","PATKKV","HOMDEL",25,"10",87865101,87939600,74500,4,4,"ENSE00003595610",87931046,87931089,87931046,87931089,44,1,TRUE,0.341604631927213,4,"high_resolution_le_50pct",TRUE,TRUE
"CNA_event_000025","PATKKV","HOMDEL",25,"10",87865101,87939600,74500,5,5,"ENSE00001156330",87933013,87933251,87933013,87933251,239,1,TRUE,0.341604631927213,4,"high_resolution_le_50pct",TRUE,TRUE
"CNA_event_000026","PATHSL","HOMDEL",26,"10",87865101,87930000,64900,2,2,"ENSE00001156351",87894025,87894109,87894025,87894109,85,1,TRUE,0.10752688172043,2,"high_resolution_le_50pct",TRUE,TRUE
"CNA_event_000026","PATHSL","HOMDEL",26,"10",87865101,87930000,64900,3,3,"ENSE00001156344",87925513,87925557,87925513,87925557,45,1,TRUE,0.10752688172043,2,"high_resolution_le_50pct",TRUE,TRUE
"CNA_event_000027","PATHRE","HOMDEL",27,"10",87929901,88062500,132600,4,4,"ENSE00003595610",87931046,87931089,87931046,87931089,44,1,TRUE,0.827129859387924,6,"low_resolution_75_90pct",TRUE,TRUE
"CNA_event_000027","PATHRE","HOMDEL",27,"10",87929901,88062500,132600,5,5,"ENSE00001156330",87933013,87933251,87933013,87933251,239,1,TRUE,0.827129859387924,6,"low_resolution_75_90pct",TRUE,TRUE
"CNA_event_000027","PATHRE","HOMDEL",27,"10",87929901,88062500,132600,6,6,"ENSE00001156327",87952118,87952259,87952118,87952259,142,1,TRUE,0.827129859387924,6,"low_resolution_75_90pct",TRUE,TRUE
"CNA_event_000027","PATHRE","HOMDEL",27,"10",87929901,88062500,132600,7,7,"ENSE00003725338",87957853,87958019,87957853,87958019,167,1,TRUE,0.827129859387924,6,"low_resolution_75_90pct",TRUE,TRUE
"CNA_event_000027","PATHRE","HOMDEL",27,"10",87929901,88062500,132600,8,8,"ENSE00001156315",87960894,87961118,87960894,87961118,225,1,TRUE,0.827129859387924,6,"low_resolution_75_90pct",TRUE,TRUE
"CNA_event_000027","PATHRE","HOMDEL",27,"10",87929901,88062500,132600,9,9,"ENSE00001456541",87965287,87965469,87965287,87965469,183,1,TRUE,0.827129859387924,6,"low_resolution_75_90pct",TRUE,TRUE
"CNA_event_000028","PASVKC","HOMDEL",28,"10",87864901,88065300,200400,2,2,"ENSE00001156351",87894025,87894109,87894025,87894109,85,1,TRUE,0.934656741108354,8,"very_low_resolution_90_lt_100pct",TRUE,TRUE
"CNA_event_000028","PASVKC","HOMDEL",28,"10",87864901,88065300,200400,3,3,"ENSE00001156344",87925513,87925557,87925513,87925557,45,1,TRUE,0.934656741108354,8,"very_low_resolution_90_lt_100pct",TRUE,TRUE
"CNA_event_000028","PASVKC","HOMDEL",28,"10",87864901,88065300,200400,4,4,"ENSE00003595610",87931046,87931089,87931046,87931089,44,1,TRUE,0.934656741108354,8,"very_low_resolution_90_lt_100pct",TRUE,TRUE
"CNA_event_000028","PASVKC","HOMDEL",28,"10",87864901,88065300,200400,5,5,"ENSE00001156330",87933013,87933251,87933013,87933251,239,1,TRUE,0.934656741108354,8,"very_low_resolution_90_lt_100pct",TRUE,TRUE
"CNA_event_000028","PASVKC","HOMDEL",28,"10",87864901,88065300,200400,6,6,"ENSE00001156327",87952118,87952259,87952118,87952259,142,1,TRUE,0.934656741108354,8,"very_low_resolution_90_lt_100pct",TRUE,TRUE
"CNA_event_000028","PASVKC","HOMDEL",28,"10",87864901,88065300,200400,7,7,"ENSE00003725338",87957853,87958019,87957853,87958019,167,1,TRUE,0.934656741108354,8,"very_low_resolution_90_lt_100pct",TRUE,TRUE
"CNA_event_000028","PASVKC","HOMDEL",28,"10",87864901,88065300,200400,8,8,"ENSE00001156315",87960894,87961118,87960894,87961118,225,1,TRUE,0.934656741108354,8,"very_low_resolution_90_lt_100pct",TRUE,TRUE
"CNA_event_000028","PASVKC","HOMDEL",28,"10",87864901,88065300,200400,9,9,"ENSE00001456541",87965287,87965469,87965287,87965469,183,1,TRUE,0.934656741108354,8,"very_low_resolution_90_lt_100pct",TRUE,TRUE
"CNA_event_000029","PASMHF","HOMDEL",29,"10",87865201,87930200,65000,2,2,"ENSE00001156351",87894025,87894109,87894025,87894109,85,1,TRUE,0.10752688172043,2,"high_resolution_le_50pct",TRUE,TRUE
"CNA_event_000029","PASMHF","HOMDEL",29,"10",87865201,87930200,65000,3,3,"ENSE00001156344",87925513,87925557,87925513,87925557,45,1,TRUE,0.10752688172043,2,"high_resolution_le_50pct",TRUE,TRUE
"CNA_event_000030","PASHZK","HOMDEL",30,"10",87865101,87941300,76200,2,2,"ENSE00001156351",87894025,87894109,87894025,87894109,85,1,TRUE,0.341604631927213,4,"high_resolution_le_50pct",TRUE,TRUE
"CNA_event_000030","PASHZK","HOMDEL",30,"10",87865101,87941300,76200,3,3,"ENSE00001156344",87925513,87925557,87925513,87925557,45,1,TRUE,0.341604631927213,4,"high_resolution_le_50pct",TRUE,TRUE
"CNA_event_000030","PASHZK","HOMDEL",30,"10",87865101,87941300,76200,4,4,"ENSE00003595610",87931046,87931089,87931046,87931089,44,1,TRUE,0.341604631927213,4,"high_resolution_le_50pct",TRUE,TRUE
"CNA_event_000030","PASHZK","HOMDEL",30,"10",87865101,87941300,76200,5,5,"ENSE00001156330",87933013,87933251,87933013,87933251,239,1,TRUE,0.341604631927213,4,"high_resolution_le_50pct",TRUE,TRUE
"CNA_event_000031","PARVHY","HOMDEL",31,"10",87864701,87929900,65200,2,2,"ENSE00001156351",87894025,87894109,87894025,87894109,85,1,TRUE,0.10752688172043,2,"high_resolution_le_50pct",TRUE,TRUE
"CNA_event_000031","PARVHY","HOMDEL",31,"10",87864701,87929900,65200,3,3,"ENSE00001156344",87925513,87925557,87925513,87925557,45,1,TRUE,0.10752688172043,2,"high_resolution_le_50pct",TRUE,TRUE
"CNA_event_000032","PARNXJ","HOMDEL",32,"10",87865101,88172400,307300,2,2,"ENSE00001156351",87894025,87894109,87894025,87894109,85,1,TRUE,0.934656741108354,8,"very_low_resolution_90_lt_100pct",TRUE,TRUE
"CNA_event_000032","PARNXJ","HOMDEL",32,"10",87865101,88172400,307300,3,3,"ENSE00001156344",87925513,87925557,87925513,87925557,45,1,TRUE,0.934656741108354,8,"very_low_resolution_90_lt_100pct",TRUE,TRUE
"CNA_event_000032","PARNXJ","HOMDEL",32,"10",87865101,88172400,307300,4,4,"ENSE00003595610",87931046,87931089,87931046,87931089,44,1,TRUE,0.934656741108354,8,"very_low_resolution_90_lt_100pct",TRUE,TRUE
"CNA_event_000032","PARNXJ","HOMDEL",32,"10",87865101,88172400,307300,5,5,"ENSE00001156330",87933013,87933251,87933013,87933251,239,1,TRUE,0.934656741108354,8,"very_low_resolution_90_lt_100pct",TRUE,TRUE
"CNA_event_000032","PARNXJ","HOMDEL",32,"10",87865101,88172400,307300,6,6,"ENSE00001156327",87952118,87952259,87952118,87952259,142,1,TRUE,0.934656741108354,8,"very_low_resolution_90_lt_100pct",TRUE,TRUE
"CNA_event_000032","PARNXJ","HOMDEL",32,"10",87865101,88172400,307300,7,7,"ENSE00003725338",87957853,87958019,87957853,87958019,167,1,TRUE,0.934656741108354,8,"very_low_resolution_90_lt_100pct",TRUE,TRUE
"CNA_event_000032","PARNXJ","HOMDEL",32,"10",87865101,88172400,307300,8,8,"ENSE00001156315",87960894,87961118,87960894,87961118,225,1,TRUE,0.934656741108354,8,"very_low_resolution_90_lt_100pct",TRUE,TRUE
"CNA_event_000032","PARNXJ","HOMDEL",32,"10",87865101,88172400,307300,9,9,"ENSE00001456541",87965287,87965469,87965287,87965469,183,1,TRUE,0.934656741108354,8,"very_low_resolution_90_lt_100pct",TRUE,TRUE
"CNA_event_000033","PARMJA","HOMDEL",33,"10",87865101,87894700,29600,2,2,"ENSE00001156351",87894025,87894109,87894025,87894109,85,1,TRUE,0.0703060380479735,1,"high_resolution_le_50pct",TRUE,TRUE
"CNA_event_000034","PAUPVR","HOMDEL",34,"10",87865101,87944400,79300,2,2,"ENSE00001156351",87894025,87894109,87894025,87894109,85,1,TRUE,0.341604631927213,4,"high_resolution_le_50pct",TRUE,TRUE
"CNA_event_000034","PAUPVR","HOMDEL",34,"10",87865101,87944400,79300,3,3,"ENSE00001156344",87925513,87925557,87925513,87925557,45,1,TRUE,0.341604631927213,4,"high_resolution_le_50pct",TRUE,TRUE
"CNA_event_000034","PAUPVR","HOMDEL",34,"10",87865101,87944400,79300,4,4,"ENSE00003595610",87931046,87931089,87931046,87931089,44,1,TRUE,0.341604631927213,4,"high_resolution_le_50pct",TRUE,TRUE
"CNA_event_000034","PAUPVR","HOMDEL",34,"10",87865101,87944400,79300,5,5,"ENSE00001156330",87933013,87933251,87933013,87933251,239,1,TRUE,0.341604631927213,4,"high_resolution_le_50pct",TRUE,TRUE
"CNA_event_000035","PAUEGE","HOMDEL",35,"10",87864701,87929900,65200,2,2,"ENSE00001156351",87894025,87894109,87894025,87894109,85,1,TRUE,0.10752688172043,2,"high_resolution_le_50pct",TRUE,TRUE
"CNA_event_000035","PAUEGE","HOMDEL",35,"10",87864701,87929900,65200,3,3,"ENSE00001156344",87925513,87925557,87925513,87925557,45,1,TRUE,0.10752688172043,2,"high_resolution_le_50pct",TRUE,TRUE
"CNA_event_000036","PAUEFL","HOMDEL",36,"10",87713501,88569400,855900,1,1,"ENSE00004011725",87864470,87864548,87864470,87864548,79,1,TRUE,1,9,"whole_coding_sequence",TRUE,FALSE
"CNA_event_000036","PAUEFL","HOMDEL",36,"10",87713501,88569400,855900,2,2,"ENSE00001156351",87894025,87894109,87894025,87894109,85,1,TRUE,1,9,"whole_coding_sequence",TRUE,FALSE
"CNA_event_000036","PAUEFL","HOMDEL",36,"10",87713501,88569400,855900,3,3,"ENSE00001156344",87925513,87925557,87925513,87925557,45,1,TRUE,1,9,"whole_coding_sequence",TRUE,FALSE
"CNA_event_000036","PAUEFL","HOMDEL",36,"10",87713501,88569400,855900,4,4,"ENSE00003595610",87931046,87931089,87931046,87931089,44,1,TRUE,1,9,"whole_coding_sequence",TRUE,FALSE
"CNA_event_000036","PAUEFL","HOMDEL",36,"10",87713501,88569400,855900,5,5,"ENSE00001156330",87933013,87933251,87933013,87933251,239,1,TRUE,1,9,"whole_coding_sequence",TRUE,FALSE
"CNA_event_000036","PAUEFL","HOMDEL",36,"10",87713501,88569400,855900,6,6,"ENSE00001156327",87952118,87952259,87952118,87952259,142,1,TRUE,1,9,"whole_coding_sequence",TRUE,FALSE
"CNA_event_000036","PAUEFL","HOMDEL",36,"10",87713501,88569400,855900,7,7,"ENSE00003725338",87957853,87958019,87957853,87958019,167,1,TRUE,1,9,"whole_coding_sequence",TRUE,FALSE
"CNA_event_000036","PAUEFL","HOMDEL",36,"10",87713501,88569400,855900,8,8,"ENSE00001156315",87960894,87961118,87960894,87961118,225,1,TRUE,1,9,"whole_coding_sequence",TRUE,FALSE
"CNA_event_000036","PAUEFL","HOMDEL",36,"10",87713501,88569400,855900,9,9,"ENSE00001456541",87965287,87965469,87965287,87965469,183,1,TRUE,1,9,"whole_coding_sequence",TRUE,FALSE
"CNA_event_000037","PAURXZ","HOMDEL",37,"10",86826801,87971200,1144400,1,1,"ENSE00004011725",87864470,87864548,87864470,87864548,79,1,TRUE,1,9,"whole_coding_sequence",TRUE,FALSE
"CNA_event_000037","PAURXZ","HOMDEL",37,"10",86826801,87971200,1144400,2,2,"ENSE00001156351",87894025,87894109,87894025,87894109,85,1,TRUE,1,9,"whole_coding_sequence",TRUE,FALSE
"CNA_event_000037","PAURXZ","HOMDEL",37,"10",86826801,87971200,1144400,3,3,"ENSE00001156344",87925513,87925557,87925513,87925557,45,1,TRUE,1,9,"whole_coding_sequence",TRUE,FALSE
"CNA_event_000037","PAURXZ","HOMDEL",37,"10",86826801,87971200,1144400,4,4,"ENSE00003595610",87931046,87931089,87931046,87931089,44,1,TRUE,1,9,"whole_coding_sequence",TRUE,FALSE
"CNA_event_000037","PAURXZ","HOMDEL",37,"10",86826801,87971200,1144400,5,5,"ENSE00001156330",87933013,87933251,87933013,87933251,239,1,TRUE,1,9,"whole_coding_sequence",TRUE,FALSE
"CNA_event_000037","PAURXZ","HOMDEL",37,"10",86826801,87971200,1144400,6,6,"ENSE00001156327",87952118,87952259,87952118,87952259,142,1,TRUE,1,9,"whole_coding_sequence",TRUE,FALSE
"CNA_event_000037","PAURXZ","HOMDEL",37,"10",86826801,87971200,1144400,7,7,"ENSE00003725338",87957853,87958019,87957853,87958019,167,1,TRUE,1,9,"whole_coding_sequence",TRUE,FALSE
"CNA_event_000037","PAURXZ","HOMDEL",37,"10",86826801,87971200,1144400,8,8,"ENSE00001156315",87960894,87961118,87960894,87961118,225,1,TRUE,1,9,"whole_coding_sequence",TRUE,FALSE
"CNA_event_000037","PAURXZ","HOMDEL",37,"10",86826801,87971200,1144400,9,9,"ENSE00001456541",87965287,87965469,87965287,87965469,183,1,TRUE,1,9,"whole_coding_sequence",TRUE,FALSE
"CNA_event_000038","PAUUZY","HOMDEL",38,"10",87317301,88946400,1629100,1,1,"ENSE00004011725",87864470,87864548,87864470,87864548,79,1,TRUE,1,9,"whole_coding_sequence",TRUE,FALSE
"CNA_event_000038","PAUUZY","HOMDEL",38,"10",87317301,88946400,1629100,2,2,"ENSE00001156351",87894025,87894109,87894025,87894109,85,1,TRUE,1,9,"whole_coding_sequence",TRUE,FALSE
"CNA_event_000038","PAUUZY","HOMDEL",38,"10",87317301,88946400,1629100,3,3,"ENSE00001156344",87925513,87925557,87925513,87925557,45,1,TRUE,1,9,"whole_coding_sequence",TRUE,FALSE
"CNA_event_000038","PAUUZY","HOMDEL",38,"10",87317301,88946400,1629100,4,4,"ENSE00003595610",87931046,87931089,87931046,87931089,44,1,TRUE,1,9,"whole_coding_sequence",TRUE,FALSE
"CNA_event_000038","PAUUZY","HOMDEL",38,"10",87317301,88946400,1629100,5,5,"ENSE00001156330",87933013,87933251,87933013,87933251,239,1,TRUE,1,9,"whole_coding_sequence",TRUE,FALSE
"CNA_event_000038","PAUUZY","HOMDEL",38,"10",87317301,88946400,1629100,6,6,"ENSE00001156327",87952118,87952259,87952118,87952259,142,1,TRUE,1,9,"whole_coding_sequence",TRUE,FALSE
"CNA_event_000038","PAUUZY","HOMDEL",38,"10",87317301,88946400,1629100,7,7,"ENSE00003725338",87957853,87958019,87957853,87958019,167,1,TRUE,1,9,"whole_coding_sequence",TRUE,FALSE
"CNA_event_000038","PAUUZY","HOMDEL",38,"10",87317301,88946400,1629100,8,8,"ENSE00001156315",87960894,87961118,87960894,87961118,225,1,TRUE,1,9,"whole_coding_sequence",TRUE,FALSE
"CNA_event_000038","PAUUZY","HOMDEL",38,"10",87317301,88946400,1629100,9,9,"ENSE00001456541",87965287,87965469,87965287,87965469,183,1,TRUE,1,9,"whole_coding_sequence",TRUE,FALSE
"CNA_event_000039","PAULMU","HOMDEL",39,"10",87964001,88024500,60500,9,9,"ENSE00001456541",87965287,87965469,87965287,87965469,183,1,TRUE,0.15136476426799,1,"high_resolution_le_50pct",TRUE,TRUE
"CNA_event_000040","PAVPCB","HOMDEL",40,"10",87864701,87929900,65200,2,2,"ENSE00001156351",87894025,87894109,87894025,87894109,85,1,TRUE,0.10752688172043,2,"high_resolution_le_50pct",TRUE,TRUE
"CNA_event_000040","PAVPCB","HOMDEL",40,"10",87864701,87929900,65200,3,3,"ENSE00001156344",87925513,87925557,87925513,87925557,45,1,TRUE,0.10752688172043,2,"high_resolution_le_50pct",TRUE,TRUE
"CNA_event_000041","PAUSLR","HOMDEL",41,"10",87845501,88387700,542200,1,1,"ENSE00004011725",87864470,87864548,87864470,87864548,79,1,TRUE,1,9,"whole_coding_sequence",TRUE,FALSE
"CNA_event_000041","PAUSLR","HOMDEL",41,"10",87845501,88387700,542200,2,2,"ENSE00001156351",87894025,87894109,87894025,87894109,85,1,TRUE,1,9,"whole_coding_sequence",TRUE,FALSE
"CNA_event_000041","PAUSLR","HOMDEL",41,"10",87845501,88387700,542200,3,3,"ENSE00001156344",87925513,87925557,87925513,87925557,45,1,TRUE,1,9,"whole_coding_sequence",TRUE,FALSE
"CNA_event_000041","PAUSLR","HOMDEL",41,"10",87845501,88387700,542200,4,4,"ENSE00003595610",87931046,87931089,87931046,87931089,44,1,TRUE,1,9,"whole_coding_sequence",TRUE,FALSE
"CNA_event_000041","PAUSLR","HOMDEL",41,"10",87845501,88387700,542200,5,5,"ENSE00001156330",87933013,87933251,87933013,87933251,239,1,TRUE,1,9,"whole_coding_sequence",TRUE,FALSE
"CNA_event_000041","PAUSLR","HOMDEL",41,"10",87845501,88387700,542200,6,6,"ENSE00001156327",87952118,87952259,87952118,87952259,142,1,TRUE,1,9,"whole_coding_sequence",TRUE,FALSE
"CNA_event_000041","PAUSLR","HOMDEL",41,"10",87845501,88387700,542200,7,7,"ENSE00003725338",87957853,87958019,87957853,87958019,167,1,TRUE,1,9,"whole_coding_sequence",TRUE,FALSE
"CNA_event_000041","PAUSLR","HOMDEL",41,"10",87845501,88387700,542200,8,8,"ENSE00001156315",87960894,87961118,87960894,87961118,225,1,TRUE,1,9,"whole_coding_sequence",TRUE,FALSE
"CNA_event_000041","PAUSLR","HOMDEL",41,"10",87845501,88387700,542200,9,9,"ENSE00001456541",87965287,87965469,87965287,87965469,183,1,TRUE,1,9,"whole_coding_sequence",TRUE,FALSE
"CNA_event_000042","PARSJG","HOMDEL",42,"10",87929901,87971400,41500,4,4,"ENSE00003595610",87931046,87931089,87931046,87931089,44,1,TRUE,0.827129859387924,6,"low_resolution_75_90pct",TRUE,TRUE
"CNA_event_000042","PARSJG","HOMDEL",42,"10",87929901,87971400,41500,5,5,"ENSE00001156330",87933013,87933251,87933013,87933251,239,1,TRUE,0.827129859387924,6,"low_resolution_75_90pct",TRUE,TRUE
"CNA_event_000042","PARSJG","HOMDEL",42,"10",87929901,87971400,41500,6,6,"ENSE00001156327",87952118,87952259,87952118,87952259,142,1,TRUE,0.827129859387924,6,"low_resolution_75_90pct",TRUE,TRUE
"CNA_event_000042","PARSJG","HOMDEL",42,"10",87929901,87971400,41500,7,7,"ENSE00003725338",87957853,87958019,87957853,87958019,167,1,TRUE,0.827129859387924,6,"low_resolution_75_90pct",TRUE,TRUE
"CNA_event_000042","PARSJG","HOMDEL",42,"10",87929901,87971400,41500,8,8,"ENSE00001156315",87960894,87961118,87960894,87961118,225,1,TRUE,0.827129859387924,6,"low_resolution_75_90pct",TRUE,TRUE
"CNA_event_000042","PARSJG","HOMDEL",42,"10",87929901,87971400,41500,9,9,"ENSE00001456541",87965287,87965469,87965287,87965469,183,1,TRUE,0.827129859387924,6,"low_resolution_75_90pct",TRUE,TRUE
"CNA_event_000043","PAVZXK","HETDEL",43,"10",87867401,88172200,304800,2,2,"ENSE00001156351",87894025,87894109,87894025,87894109,85,1,TRUE,0.934656741108354,8,"very_low_resolution_90_lt_100pct",TRUE,TRUE
"CNA_event_000043","PAVZXK","HETDEL",43,"10",87867401,88172200,304800,3,3,"ENSE00001156344",87925513,87925557,87925513,87925557,45,1,TRUE,0.934656741108354,8,"very_low_resolution_90_lt_100pct",TRUE,TRUE
"CNA_event_000043","PAVZXK","HETDEL",43,"10",87867401,88172200,304800,4,4,"ENSE00003595610",87931046,87931089,87931046,87931089,44,1,TRUE,0.934656741108354,8,"very_low_resolution_90_lt_100pct",TRUE,TRUE
"CNA_event_000043","PAVZXK","HETDEL",43,"10",87867401,88172200,304800,5,5,"ENSE00001156330",87933013,87933251,87933013,87933251,239,1,TRUE,0.934656741108354,8,"very_low_resolution_90_lt_100pct",TRUE,TRUE
"CNA_event_000043","PAVZXK","HETDEL",43,"10",87867401,88172200,304800,6,6,"ENSE00001156327",87952118,87952259,87952118,87952259,142,1,TRUE,0.934656741108354,8,"very_low_resolution_90_lt_100pct",TRUE,TRUE
"CNA_event_000043","PAVZXK","HETDEL",43,"10",87867401,88172200,304800,7,7,"ENSE00003725338",87957853,87958019,87957853,87958019,167,1,TRUE,0.934656741108354,8,"very_low_resolution_90_lt_100pct",TRUE,TRUE
"CNA_event_000043","PAVZXK","HETDEL",43,"10",87867401,88172200,304800,8,8,"ENSE00001156315",87960894,87961118,87960894,87961118,225,1,TRUE,0.934656741108354,8,"very_low_resolution_90_lt_100pct",TRUE,TRUE
"CNA_event_000043","PAVZXK","HETDEL",43,"10",87867401,88172200,304800,9,9,"ENSE00001456541",87965287,87965469,87965287,87965469,183,1,TRUE,0.934656741108354,8,"very_low_resolution_90_lt_100pct",TRUE,TRUE
"CNA_event_000044","PAWFYE","HETDEL",44,"10",87865101,87952800,87700,2,2,"ENSE00001156351",87894025,87894109,87894025,87894109,85,1,TRUE,0.459057071960298,5,"high_resolution_le_50pct",TRUE,TRUE
"CNA_event_000044","PAWFYE","HETDEL",44,"10",87865101,87952800,87700,3,3,"ENSE00001156344",87925513,87925557,87925513,87925557,45,1,TRUE,0.459057071960298,5,"high_resolution_le_50pct",TRUE,TRUE
"CNA_event_000044","PAWFYE","HETDEL",44,"10",87865101,87952800,87700,4,4,"ENSE00003595610",87931046,87931089,87931046,87931089,44,1,TRUE,0.459057071960298,5,"high_resolution_le_50pct",TRUE,TRUE
"CNA_event_000044","PAWFYE","HETDEL",44,"10",87865101,87952800,87700,5,5,"ENSE00001156330",87933013,87933251,87933013,87933251,239,1,TRUE,0.459057071960298,5,"high_resolution_le_50pct",TRUE,TRUE
"CNA_event_000044","PAWFYE","HETDEL",44,"10",87865101,87952800,87700,6,6,"ENSE00001156327",87952118,87952259,87952118,87952259,142,1,TRUE,0.459057071960298,5,"high_resolution_le_50pct",TRUE,TRUE
"CNA_event_000045","PAVUYY","HETDEL",45,"10",87857418,88967728,1110311,1,1,"ENSE00004011725",87864470,87864548,87864470,87864548,79,1,TRUE,1,9,"whole_coding_sequence",TRUE,FALSE
"CNA_event_000045","PAVUYY","HETDEL",45,"10",87857418,88967728,1110311,2,2,"ENSE00001156351",87894025,87894109,87894025,87894109,85,1,TRUE,1,9,"whole_coding_sequence",TRUE,FALSE
"CNA_event_000045","PAVUYY","HETDEL",45,"10",87857418,88967728,1110311,3,3,"ENSE00001156344",87925513,87925557,87925513,87925557,45,1,TRUE,1,9,"whole_coding_sequence",TRUE,FALSE
"CNA_event_000045","PAVUYY","HETDEL",45,"10",87857418,88967728,1110311,4,4,"ENSE00003595610",87931046,87931089,87931046,87931089,44,1,TRUE,1,9,"whole_coding_sequence",TRUE,FALSE
"CNA_event_000045","PAVUYY","HETDEL",45,"10",87857418,88967728,1110311,5,5,"ENSE00001156330",87933013,87933251,87933013,87933251,239,1,TRUE,1,9,"whole_coding_sequence",TRUE,FALSE
"CNA_event_000045","PAVUYY","HETDEL",45,"10",87857418,88967728,1110311,6,6,"ENSE00001156327",87952118,87952259,87952118,87952259,142,1,TRUE,1,9,"whole_coding_sequence",TRUE,FALSE
"CNA_event_000045","PAVUYY","HETDEL",45,"10",87857418,88967728,1110311,7,7,"ENSE00003725338",87957853,87958019,87957853,87958019,167,1,TRUE,1,9,"whole_coding_sequence",TRUE,FALSE
"CNA_event_000045","PAVUYY","HETDEL",45,"10",87857418,88967728,1110311,8,8,"ENSE00001156315",87960894,87961118,87960894,87961118,225,1,TRUE,1,9,"whole_coding_sequence",TRUE,FALSE
"CNA_event_000045","PAVUYY","HETDEL",45,"10",87857418,88967728,1110311,9,9,"ENSE00001456541",87965287,87965469,87965287,87965469,183,1,TRUE,1,9,"whole_coding_sequence",TRUE,FALSE
"CNA_event_000046","PATGLV","HETDEL",46,"10",87869101,87988400,119300,2,2,"ENSE00001156351",87894025,87894109,87894025,87894109,85,1,TRUE,0.934656741108354,8,"very_low_resolution_90_lt_100pct",TRUE,TRUE
"CNA_event_000046","PATGLV","HETDEL",46,"10",87869101,87988400,119300,3,3,"ENSE00001156344",87925513,87925557,87925513,87925557,45,1,TRUE,0.934656741108354,8,"very_low_resolution_90_lt_100pct",TRUE,TRUE
"CNA_event_000046","PATGLV","HETDEL",46,"10",87869101,87988400,119300,4,4,"ENSE00003595610",87931046,87931089,87931046,87931089,44,1,TRUE,0.934656741108354,8,"very_low_resolution_90_lt_100pct",TRUE,TRUE
"CNA_event_000046","PATGLV","HETDEL",46,"10",87869101,87988400,119300,5,5,"ENSE00001156330",87933013,87933251,87933013,87933251,239,1,TRUE,0.934656741108354,8,"very_low_resolution_90_lt_100pct",TRUE,TRUE
"CNA_event_000046","PATGLV","HETDEL",46,"10",87869101,87988400,119300,6,6,"ENSE00001156327",87952118,87952259,87952118,87952259,142,1,TRUE,0.934656741108354,8,"very_low_resolution_90_lt_100pct",TRUE,TRUE
"CNA_event_000046","PATGLV","HETDEL",46,"10",87869101,87988400,119300,7,7,"ENSE00003725338",87957853,87958019,87957853,87958019,167,1,TRUE,0.934656741108354,8,"very_low_resolution_90_lt_100pct",TRUE,TRUE
"CNA_event_000046","PATGLV","HETDEL",46,"10",87869101,87988400,119300,8,8,"ENSE00001156315",87960894,87961118,87960894,87961118,225,1,TRUE,0.934656741108354,8,"very_low_resolution_90_lt_100pct",TRUE,TRUE
"CNA_event_000046","PATGLV","HETDEL",46,"10",87869101,87988400,119300,9,9,"ENSE00001456541",87965287,87965469,87965287,87965469,183,1,TRUE,0.934656741108354,8,"very_low_resolution_90_lt_100pct",TRUE,TRUE
"CNA_event_000047","PARIET","HETDEL",47,"10",87864501,87929900,65400,1,1,"ENSE00004011725",87864470,87864548,87864501,87864548,48,0.607594936708861,TRUE,0.14722911497105,3,"high_resolution_le_50pct",TRUE,TRUE
"CNA_event_000047","PARIET","HETDEL",47,"10",87864501,87929900,65400,2,2,"ENSE00001156351",87894025,87894109,87894025,87894109,85,1,TRUE,0.14722911497105,3,"high_resolution_le_50pct",TRUE,TRUE
"CNA_event_000047","PARIET","HETDEL",47,"10",87864501,87929900,65400,3,3,"ENSE00001156344",87925513,87925557,87925513,87925557,45,1,TRUE,0.14722911497105,3,"high_resolution_le_50pct",TRUE,TRUE
"CNA_event_000048","PAVESV","HETDEL",48,"10",87930301,87941300,11000,4,4,"ENSE00003595610",87931046,87931089,87931046,87931089,44,1,TRUE,0.234077750206782,2,"high_resolution_le_50pct",TRUE,TRUE
"CNA_event_000048","PAVESV","HETDEL",48,"10",87930301,87941300,11000,5,5,"ENSE00001156330",87933013,87933251,87933013,87933251,239,1,TRUE,0.234077750206782,2,"high_resolution_le_50pct",TRUE,TRUE
"CNA_event_000049","PAUNBU","HETDEL",49,"10",87866401,88172300,305900,2,2,"ENSE00001156351",87894025,87894109,87894025,87894109,85,1,TRUE,0.934656741108354,8,"very_low_resolution_90_lt_100pct",TRUE,TRUE
"CNA_event_000049","PAUNBU","HETDEL",49,"10",87866401,88172300,305900,3,3,"ENSE00001156344",87925513,87925557,87925513,87925557,45,1,TRUE,0.934656741108354,8,"very_low_resolution_90_lt_100pct",TRUE,TRUE
"CNA_event_000049","PAUNBU","HETDEL",49,"10",87866401,88172300,305900,4,4,"ENSE00003595610",87931046,87931089,87931046,87931089,44,1,TRUE,0.934656741108354,8,"very_low_resolution_90_lt_100pct",TRUE,TRUE
"CNA_event_000049","PAUNBU","HETDEL",49,"10",87866401,88172300,305900,5,5,"ENSE00001156330",87933013,87933251,87933013,87933251,239,1,TRUE,0.934656741108354,8,"very_low_resolution_90_lt_100pct",TRUE,TRUE
"CNA_event_000049","PAUNBU","HETDEL",49,"10",87866401,88172300,305900,6,6,"ENSE00001156327",87952118,87952259,87952118,87952259,142,1,TRUE,0.934656741108354,8,"very_low_resolution_90_lt_100pct",TRUE,TRUE
"CNA_event_000049","PAUNBU","HETDEL",49,"10",87866401,88172300,305900,7,7,"ENSE00003725338",87957853,87958019,87957853,87958019,167,1,TRUE,0.934656741108354,8,"very_low_resolution_90_lt_100pct",TRUE,TRUE
"CNA_event_000049","PAUNBU","HETDEL",49,"10",87866401,88172300,305900,8,8,"ENSE00001156315",87960894,87961118,87960894,87961118,225,1,TRUE,0.934656741108354,8,"very_low_resolution_90_lt_100pct",TRUE,TRUE
"CNA_event_000049","PAUNBU","HETDEL",49,"10",87866401,88172300,305900,9,9,"ENSE00001456541",87965287,87965469,87965287,87965469,183,1,TRUE,0.934656741108354,8,"very_low_resolution_90_lt_100pct",TRUE,TRUE
"CNA_event_000050","PAVAPE","HETDEL",50,"10",87929901,88041300,111400,4,4,"ENSE00003595610",87931046,87931089,87931046,87931089,44,1,TRUE,0.827129859387924,6,"low_resolution_75_90pct",TRUE,TRUE
"CNA_event_000050","PAVAPE","HETDEL",50,"10",87929901,88041300,111400,5,5,"ENSE00001156330",87933013,87933251,87933013,87933251,239,1,TRUE,0.827129859387924,6,"low_resolution_75_90pct",TRUE,TRUE
"CNA_event_000050","PAVAPE","HETDEL",50,"10",87929901,88041300,111400,6,6,"ENSE00001156327",87952118,87952259,87952118,87952259,142,1,TRUE,0.827129859387924,6,"low_resolution_75_90pct",TRUE,TRUE
"CNA_event_000050","PAVAPE","HETDEL",50,"10",87929901,88041300,111400,7,7,"ENSE00003725338",87957853,87958019,87957853,87958019,167,1,TRUE,0.827129859387924,6,"low_resolution_75_90pct",TRUE,TRUE
"CNA_event_000050","PAVAPE","HETDEL",50,"10",87929901,88041300,111400,8,8,"ENSE00001156315",87960894,87961118,87960894,87961118,225,1,TRUE,0.827129859387924,6,"low_resolution_75_90pct",TRUE,TRUE
"CNA_event_000050","PAVAPE","HETDEL",50,"10",87929901,88041300,111400,9,9,"ENSE00001456541",87965287,87965469,87965287,87965469,183,1,TRUE,0.827129859387924,6,"low_resolution_75_90pct",TRUE,TRUE
"CNA_event_000051","PAWJUJ","HETDEL",51,"10",87865101,88172500,307400,2,2,"ENSE00001156351",87894025,87894109,87894025,87894109,85,1,TRUE,0.934656741108354,8,"very_low_resolution_90_lt_100pct",TRUE,TRUE
"CNA_event_000051","PAWJUJ","HETDEL",51,"10",87865101,88172500,307400,3,3,"ENSE00001156344",87925513,87925557,87925513,87925557,45,1,TRUE,0.934656741108354,8,"very_low_resolution_90_lt_100pct",TRUE,TRUE
"CNA_event_000051","PAWJUJ","HETDEL",51,"10",87865101,88172500,307400,4,4,"ENSE00003595610",87931046,87931089,87931046,87931089,44,1,TRUE,0.934656741108354,8,"very_low_resolution_90_lt_100pct",TRUE,TRUE
"CNA_event_000051","PAWJUJ","HETDEL",51,"10",87865101,88172500,307400,5,5,"ENSE00001156330",87933013,87933251,87933013,87933251,239,1,TRUE,0.934656741108354,8,"very_low_resolution_90_lt_100pct",TRUE,TRUE
"CNA_event_000051","PAWJUJ","HETDEL",51,"10",87865101,88172500,307400,6,6,"ENSE00001156327",87952118,87952259,87952118,87952259,142,1,TRUE,0.934656741108354,8,"very_low_resolution_90_lt_100pct",TRUE,TRUE
"CNA_event_000051","PAWJUJ","HETDEL",51,"10",87865101,88172500,307400,7,7,"ENSE00003725338",87957853,87958019,87957853,87958019,167,1,TRUE,0.934656741108354,8,"very_low_resolution_90_lt_100pct",TRUE,TRUE
"CNA_event_000051","PAWJUJ","HETDEL",51,"10",87865101,88172500,307400,8,8,"ENSE00001156315",87960894,87961118,87960894,87961118,225,1,TRUE,0.934656741108354,8,"very_low_resolution_90_lt_100pct",TRUE,TRUE
"CNA_event_000051","PAWJUJ","HETDEL",51,"10",87865101,88172500,307400,9,9,"ENSE00001456541",87965287,87965469,87965287,87965469,183,1,TRUE,0.934656741108354,8,"very_low_resolution_90_lt_100pct",TRUE,TRUE
"CNA_event_000052","PAVPGA","HETDEL",52,"10",87930301,88373100,442800,4,4,"ENSE00003595610",87931046,87931089,87931046,87931089,44,1,TRUE,0.827129859387924,6,"low_resolution_75_90pct",TRUE,TRUE
"CNA_event_000052","PAVPGA","HETDEL",52,"10",87930301,88373100,442800,5,5,"ENSE00001156330",87933013,87933251,87933013,87933251,239,1,TRUE,0.827129859387924,6,"low_resolution_75_90pct",TRUE,TRUE
"CNA_event_000052","PAVPGA","HETDEL",52,"10",87930301,88373100,442800,6,6,"ENSE00001156327",87952118,87952259,87952118,87952259,142,1,TRUE,0.827129859387924,6,"low_resolution_75_90pct",TRUE,TRUE
"CNA_event_000052","PAVPGA","HETDEL",52,"10",87930301,88373100,442800,7,7,"ENSE00003725338",87957853,87958019,87957853,87958019,167,1,TRUE,0.827129859387924,6,"low_resolution_75_90pct",TRUE,TRUE
"CNA_event_000052","PAVPGA","HETDEL",52,"10",87930301,88373100,442800,8,8,"ENSE00001156315",87960894,87961118,87960894,87961118,225,1,TRUE,0.827129859387924,6,"low_resolution_75_90pct",TRUE,TRUE
"CNA_event_000052","PAVPGA","HETDEL",52,"10",87930301,88373100,442800,9,9,"ENSE00001456541",87965287,87965469,87965287,87965469,183,1,TRUE,0.827129859387924,6,"low_resolution_75_90pct",TRUE,TRUE
"CNA_event_000053","PAVKJU","HETDEL",53,"10",87864901,87930100,65200,2,2,"ENSE00001156351",87894025,87894109,87894025,87894109,85,1,TRUE,0.10752688172043,2,"high_resolution_le_50pct",TRUE,TRUE
"CNA_event_000053","PAVKJU","HETDEL",53,"10",87864901,87930100,65200,3,3,"ENSE00001156344",87925513,87925557,87925513,87925557,45,1,TRUE,0.10752688172043,2,"high_resolution_le_50pct",TRUE,TRUE
"CNA_event_000054","PAVIDN","HETDEL",54,"10",87865301,87941200,75900,2,2,"ENSE00001156351",87894025,87894109,87894025,87894109,85,1,TRUE,0.341604631927213,4,"high_resolution_le_50pct",TRUE,TRUE
"CNA_event_000054","PAVIDN","HETDEL",54,"10",87865301,87941200,75900,3,3,"ENSE00001156344",87925513,87925557,87925513,87925557,45,1,TRUE,0.341604631927213,4,"high_resolution_le_50pct",TRUE,TRUE
"CNA_event_000054","PAVIDN","HETDEL",54,"10",87865301,87941200,75900,4,4,"ENSE00003595610",87931046,87931089,87931046,87931089,44,1,TRUE,0.341604631927213,4,"high_resolution_le_50pct",TRUE,TRUE
"CNA_event_000054","PAVIDN","HETDEL",54,"10",87865301,87941200,75900,5,5,"ENSE00001156330",87933013,87933251,87933013,87933251,239,1,TRUE,0.341604631927213,4,"high_resolution_le_50pct",TRUE,TRUE
"CNA_event_000055","PAVGMF","HETDEL",55,"10",87863701,87929900,66200,1,1,"ENSE00004011725",87864470,87864548,87864470,87864548,79,1,TRUE,0.172870140612076,3,"high_resolution_le_50pct",TRUE,TRUE
"CNA_event_000055","PAVGMF","HETDEL",55,"10",87863701,87929900,66200,2,2,"ENSE00001156351",87894025,87894109,87894025,87894109,85,1,TRUE,0.172870140612076,3,"high_resolution_le_50pct",TRUE,TRUE
"CNA_event_000055","PAVGMF","HETDEL",55,"10",87863701,87929900,66200,3,3,"ENSE00001156344",87925513,87925557,87925513,87925557,45,1,TRUE,0.172870140612076,3,"high_resolution_le_50pct",TRUE,TRUE
"CNA_event_000056","PAVESF","HETDEL",56,"10",87930201,88172400,242200,4,4,"ENSE00003595610",87931046,87931089,87931046,87931089,44,1,TRUE,0.827129859387924,6,"low_resolution_75_90pct",TRUE,TRUE
"CNA_event_000056","PAVESF","HETDEL",56,"10",87930201,88172400,242200,5,5,"ENSE00001156330",87933013,87933251,87933013,87933251,239,1,TRUE,0.827129859387924,6,"low_resolution_75_90pct",TRUE,TRUE
"CNA_event_000056","PAVESF","HETDEL",56,"10",87930201,88172400,242200,6,6,"ENSE00001156327",87952118,87952259,87952118,87952259,142,1,TRUE,0.827129859387924,6,"low_resolution_75_90pct",TRUE,TRUE
"CNA_event_000056","PAVESF","HETDEL",56,"10",87930201,88172400,242200,7,7,"ENSE00003725338",87957853,87958019,87957853,87958019,167,1,TRUE,0.827129859387924,6,"low_resolution_75_90pct",TRUE,TRUE
"CNA_event_000056","PAVESF","HETDEL",56,"10",87930201,88172400,242200,8,8,"ENSE00001156315",87960894,87961118,87960894,87961118,225,1,TRUE,0.827129859387924,6,"low_resolution_75_90pct",TRUE,TRUE
"CNA_event_000056","PAVESF","HETDEL",56,"10",87930201,88172400,242200,9,9,"ENSE00001456541",87965287,87965469,87965287,87965469,183,1,TRUE,0.827129859387924,6,"low_resolution_75_90pct",TRUE,TRUE
"CNA_event_000057","PAVDJU","HETDEL",57,"10",87864501,87940700,76200,1,1,"ENSE00004011725",87864470,87864548,87864501,87864548,48,0.607594936708861,TRUE,0.381306865177833,5,"high_resolution_le_50pct",TRUE,TRUE
"CNA_event_000057","PAVDJU","HETDEL",57,"10",87864501,87940700,76200,2,2,"ENSE00001156351",87894025,87894109,87894025,87894109,85,1,TRUE,0.381306865177833,5,"high_resolution_le_50pct",TRUE,TRUE
"CNA_event_000057","PAVDJU","HETDEL",57,"10",87864501,87940700,76200,3,3,"ENSE00001156344",87925513,87925557,87925513,87925557,45,1,TRUE,0.381306865177833,5,"high_resolution_le_50pct",TRUE,TRUE
"CNA_event_000057","PAVDJU","HETDEL",57,"10",87864501,87940700,76200,4,4,"ENSE00003595610",87931046,87931089,87931046,87931089,44,1,TRUE,0.381306865177833,5,"high_resolution_le_50pct",TRUE,TRUE
"CNA_event_000057","PAVDJU","HETDEL",57,"10",87864501,87940700,76200,5,5,"ENSE00001156330",87933013,87933251,87933013,87933251,239,1,TRUE,0.381306865177833,5,"high_resolution_le_50pct",TRUE,TRUE
"CNA_event_000058","PAVCRK","HETDEL",58,"10",87861267,87864719,3453,1,1,"ENSE00004011725",87864470,87864548,87864470,87864548,79,1,TRUE,0.065343258891646,1,"high_resolution_le_50pct",TRUE,TRUE
"CNA_event_000059","PAVAWP","HETDEL",59,"10",87865101,88172100,307000,2,2,"ENSE00001156351",87894025,87894109,87894025,87894109,85,1,TRUE,0.934656741108354,8,"very_low_resolution_90_lt_100pct",TRUE,TRUE
"CNA_event_000059","PAVAWP","HETDEL",59,"10",87865101,88172100,307000,3,3,"ENSE00001156344",87925513,87925557,87925513,87925557,45,1,TRUE,0.934656741108354,8,"very_low_resolution_90_lt_100pct",TRUE,TRUE
"CNA_event_000059","PAVAWP","HETDEL",59,"10",87865101,88172100,307000,4,4,"ENSE00003595610",87931046,87931089,87931046,87931089,44,1,TRUE,0.934656741108354,8,"very_low_resolution_90_lt_100pct",TRUE,TRUE
"CNA_event_000059","PAVAWP","HETDEL",59,"10",87865101,88172100,307000,5,5,"ENSE00001156330",87933013,87933251,87933013,87933251,239,1,TRUE,0.934656741108354,8,"very_low_resolution_90_lt_100pct",TRUE,TRUE
"CNA_event_000059","PAVAWP","HETDEL",59,"10",87865101,88172100,307000,6,6,"ENSE00001156327",87952118,87952259,87952118,87952259,142,1,TRUE,0.934656741108354,8,"very_low_resolution_90_lt_100pct",TRUE,TRUE
"CNA_event_000059","PAVAWP","HETDEL",59,"10",87865101,88172100,307000,7,7,"ENSE00003725338",87957853,87958019,87957853,87958019,167,1,TRUE,0.934656741108354,8,"very_low_resolution_90_lt_100pct",TRUE,TRUE
"CNA_event_000059","PAVAWP","HETDEL",59,"10",87865101,88172100,307000,8,8,"ENSE00001156315",87960894,87961118,87960894,87961118,225,1,TRUE,0.934656741108354,8,"very_low_resolution_90_lt_100pct",TRUE,TRUE
"CNA_event_000059","PAVAWP","HETDEL",59,"10",87865101,88172100,307000,9,9,"ENSE00001456541",87965287,87965469,87965287,87965469,183,1,TRUE,0.934656741108354,8,"very_low_resolution_90_lt_100pct",TRUE,TRUE
"CNA_event_000060","PAUYJE","HETDEL",60,"10",87945601,88172300,226700,6,6,"ENSE00001156327",87952118,87952259,87952118,87952259,142,1,TRUE,0.593052109181141,4,"moderate_resolution_50_75pct",TRUE,TRUE
"CNA_event_000060","PAUYJE","HETDEL",60,"10",87945601,88172300,226700,7,7,"ENSE00003725338",87957853,87958019,87957853,87958019,167,1,TRUE,0.593052109181141,4,"moderate_resolution_50_75pct",TRUE,TRUE
"CNA_event_000060","PAUYJE","HETDEL",60,"10",87945601,88172300,226700,8,8,"ENSE00001156315",87960894,87961118,87960894,87961118,225,1,TRUE,0.593052109181141,4,"moderate_resolution_50_75pct",TRUE,TRUE
"CNA_event_000060","PAUYJE","HETDEL",60,"10",87945601,88172300,226700,9,9,"ENSE00001456541",87965287,87965469,87965287,87965469,183,1,TRUE,0.593052109181141,4,"moderate_resolution_50_75pct",TRUE,TRUE
"CNA_event_000061","PAUWXI","HETDEL",61,"10",87787701,91919800,4132100,1,1,"ENSE00004011725",87864470,87864548,87864470,87864548,79,1,TRUE,1,9,"whole_coding_sequence",TRUE,FALSE
"CNA_event_000061","PAUWXI","HETDEL",61,"10",87787701,91919800,4132100,2,2,"ENSE00001156351",87894025,87894109,87894025,87894109,85,1,TRUE,1,9,"whole_coding_sequence",TRUE,FALSE
"CNA_event_000061","PAUWXI","HETDEL",61,"10",87787701,91919800,4132100,3,3,"ENSE00001156344",87925513,87925557,87925513,87925557,45,1,TRUE,1,9,"whole_coding_sequence",TRUE,FALSE
"CNA_event_000061","PAUWXI","HETDEL",61,"10",87787701,91919800,4132100,4,4,"ENSE00003595610",87931046,87931089,87931046,87931089,44,1,TRUE,1,9,"whole_coding_sequence",TRUE,FALSE
"CNA_event_000061","PAUWXI","HETDEL",61,"10",87787701,91919800,4132100,5,5,"ENSE00001156330",87933013,87933251,87933013,87933251,239,1,TRUE,1,9,"whole_coding_sequence",TRUE,FALSE
"CNA_event_000061","PAUWXI","HETDEL",61,"10",87787701,91919800,4132100,6,6,"ENSE00001156327",87952118,87952259,87952118,87952259,142,1,TRUE,1,9,"whole_coding_sequence",TRUE,FALSE
"CNA_event_000061","PAUWXI","HETDEL",61,"10",87787701,91919800,4132100,7,7,"ENSE00003725338",87957853,87958019,87957853,87958019,167,1,TRUE,1,9,"whole_coding_sequence",TRUE,FALSE
"CNA_event_000061","PAUWXI","HETDEL",61,"10",87787701,91919800,4132100,8,8,"ENSE00001156315",87960894,87961118,87960894,87961118,225,1,TRUE,1,9,"whole_coding_sequence",TRUE,FALSE
"CNA_event_000061","PAUWXI","HETDEL",61,"10",87787701,91919800,4132100,9,9,"ENSE00001456541",87965287,87965469,87965287,87965469,183,1,TRUE,1,9,"whole_coding_sequence",TRUE,FALSE
"CNA_event_000062","PAUWUY","HETDEL",62,"10",87865101,88172400,307300,2,2,"ENSE00001156351",87894025,87894109,87894025,87894109,85,1,TRUE,0.934656741108354,8,"very_low_resolution_90_lt_100pct",TRUE,TRUE
"CNA_event_000062","PAUWUY","HETDEL",62,"10",87865101,88172400,307300,3,3,"ENSE00001156344",87925513,87925557,87925513,87925557,45,1,TRUE,0.934656741108354,8,"very_low_resolution_90_lt_100pct",TRUE,TRUE
"CNA_event_000062","PAUWUY","HETDEL",62,"10",87865101,88172400,307300,4,4,"ENSE00003595610",87931046,87931089,87931046,87931089,44,1,TRUE,0.934656741108354,8,"very_low_resolution_90_lt_100pct",TRUE,TRUE
"CNA_event_000062","PAUWUY","HETDEL",62,"10",87865101,88172400,307300,5,5,"ENSE00001156330",87933013,87933251,87933013,87933251,239,1,TRUE,0.934656741108354,8,"very_low_resolution_90_lt_100pct",TRUE,TRUE
"CNA_event_000062","PAUWUY","HETDEL",62,"10",87865101,88172400,307300,6,6,"ENSE00001156327",87952118,87952259,87952118,87952259,142,1,TRUE,0.934656741108354,8,"very_low_resolution_90_lt_100pct",TRUE,TRUE
"CNA_event_000062","PAUWUY","HETDEL",62,"10",87865101,88172400,307300,7,7,"ENSE00003725338",87957853,87958019,87957853,87958019,167,1,TRUE,0.934656741108354,8,"very_low_resolution_90_lt_100pct",TRUE,TRUE
"CNA_event_000062","PAUWUY","HETDEL",62,"10",87865101,88172400,307300,8,8,"ENSE00001156315",87960894,87961118,87960894,87961118,225,1,TRUE,0.934656741108354,8,"very_low_resolution_90_lt_100pct",TRUE,TRUE
"CNA_event_000062","PAUWUY","HETDEL",62,"10",87865101,88172400,307300,9,9,"ENSE00001456541",87965287,87965469,87965287,87965469,183,1,TRUE,0.934656741108354,8,"very_low_resolution_90_lt_100pct",TRUE,TRUE
"CNA_event_000063","PAUTBD","HETDEL",63,"10",87927701,88106400,178700,4,4,"ENSE00003595610",87931046,87931089,87931046,87931089,44,1,TRUE,0.827129859387924,6,"low_resolution_75_90pct",TRUE,TRUE
"CNA_event_000063","PAUTBD","HETDEL",63,"10",87927701,88106400,178700,5,5,"ENSE00001156330",87933013,87933251,87933013,87933251,239,1,TRUE,0.827129859387924,6,"low_resolution_75_90pct",TRUE,TRUE
"CNA_event_000063","PAUTBD","HETDEL",63,"10",87927701,88106400,178700,6,6,"ENSE00001156327",87952118,87952259,87952118,87952259,142,1,TRUE,0.827129859387924,6,"low_resolution_75_90pct",TRUE,TRUE
"CNA_event_000063","PAUTBD","HETDEL",63,"10",87927701,88106400,178700,7,7,"ENSE00003725338",87957853,87958019,87957853,87958019,167,1,TRUE,0.827129859387924,6,"low_resolution_75_90pct",TRUE,TRUE
"CNA_event_000063","PAUTBD","HETDEL",63,"10",87927701,88106400,178700,8,8,"ENSE00001156315",87960894,87961118,87960894,87961118,225,1,TRUE,0.827129859387924,6,"low_resolution_75_90pct",TRUE,TRUE
"CNA_event_000063","PAUTBD","HETDEL",63,"10",87927701,88106400,178700,9,9,"ENSE00001456541",87965287,87965469,87965287,87965469,183,1,TRUE,0.827129859387924,6,"low_resolution_75_90pct",TRUE,TRUE
"CNA_event_000064","PAURLU","HETDEL",64,"10",87930601,87959300,28700,4,4,"ENSE00003595610",87931046,87931089,87931046,87931089,44,1,TRUE,0.489660876757651,4,"high_resolution_le_50pct",TRUE,TRUE
"CNA_event_000064","PAURLU","HETDEL",64,"10",87930601,87959300,28700,5,5,"ENSE00001156330",87933013,87933251,87933013,87933251,239,1,TRUE,0.489660876757651,4,"high_resolution_le_50pct",TRUE,TRUE
"CNA_event_000064","PAURLU","HETDEL",64,"10",87930601,87959300,28700,6,6,"ENSE00001156327",87952118,87952259,87952118,87952259,142,1,TRUE,0.489660876757651,4,"high_resolution_le_50pct",TRUE,TRUE
"CNA_event_000064","PAURLU","HETDEL",64,"10",87930601,87959300,28700,7,7,"ENSE00003725338",87957853,87958019,87957853,87958019,167,1,TRUE,0.489660876757651,4,"high_resolution_le_50pct",TRUE,TRUE
"CNA_event_000065","PAUIEM","HETDEL",65,"10",87866401,87894400,28000,2,2,"ENSE00001156351",87894025,87894109,87894025,87894109,85,1,TRUE,0.0703060380479735,1,"high_resolution_le_50pct",TRUE,TRUE
"CNA_event_000066","PAUIEM","HETDEL",66,"10",87929701,87971400,41700,4,4,"ENSE00003595610",87931046,87931089,87931046,87931089,44,1,TRUE,0.827129859387924,6,"low_resolution_75_90pct",TRUE,TRUE
"CNA_event_000066","PAUIEM","HETDEL",66,"10",87929701,87971400,41700,5,5,"ENSE00001156330",87933013,87933251,87933013,87933251,239,1,TRUE,0.827129859387924,6,"low_resolution_75_90pct",TRUE,TRUE
"CNA_event_000066","PAUIEM","HETDEL",66,"10",87929701,87971400,41700,6,6,"ENSE00001156327",87952118,87952259,87952118,87952259,142,1,TRUE,0.827129859387924,6,"low_resolution_75_90pct",TRUE,TRUE
"CNA_event_000066","PAUIEM","HETDEL",66,"10",87929701,87971400,41700,7,7,"ENSE00003725338",87957853,87958019,87957853,87958019,167,1,TRUE,0.827129859387924,6,"low_resolution_75_90pct",TRUE,TRUE
"CNA_event_000066","PAUIEM","HETDEL",66,"10",87929701,87971400,41700,8,8,"ENSE00001156315",87960894,87961118,87960894,87961118,225,1,TRUE,0.827129859387924,6,"low_resolution_75_90pct",TRUE,TRUE
"CNA_event_000066","PAUIEM","HETDEL",66,"10",87929701,87971400,41700,9,9,"ENSE00001456541",87965287,87965469,87965287,87965469,183,1,TRUE,0.827129859387924,6,"low_resolution_75_90pct",TRUE,TRUE
"CNA_event_000068","PAUHYI","HETDEL",68,"10",87930001,87937900,7900,4,4,"ENSE00003595610",87931046,87931089,87931046,87931089,44,1,TRUE,0.234077750206782,2,"high_resolution_le_50pct",TRUE,TRUE
"CNA_event_000068","PAUHYI","HETDEL",68,"10",87930001,87937900,7900,5,5,"ENSE00001156330",87933013,87933251,87933013,87933251,239,1,TRUE,0.234077750206782,2,"high_resolution_le_50pct",TRUE,TRUE
"CNA_event_000069","PAUGLY","HETDEL",69,"10",87866401,88028400,162000,2,2,"ENSE00001156351",87894025,87894109,87894025,87894109,85,1,TRUE,0.934656741108354,8,"very_low_resolution_90_lt_100pct",TRUE,TRUE
"CNA_event_000069","PAUGLY","HETDEL",69,"10",87866401,88028400,162000,3,3,"ENSE00001156344",87925513,87925557,87925513,87925557,45,1,TRUE,0.934656741108354,8,"very_low_resolution_90_lt_100pct",TRUE,TRUE
"CNA_event_000069","PAUGLY","HETDEL",69,"10",87866401,88028400,162000,4,4,"ENSE00003595610",87931046,87931089,87931046,87931089,44,1,TRUE,0.934656741108354,8,"very_low_resolution_90_lt_100pct",TRUE,TRUE
"CNA_event_000069","PAUGLY","HETDEL",69,"10",87866401,88028400,162000,5,5,"ENSE00001156330",87933013,87933251,87933013,87933251,239,1,TRUE,0.934656741108354,8,"very_low_resolution_90_lt_100pct",TRUE,TRUE
"CNA_event_000069","PAUGLY","HETDEL",69,"10",87866401,88028400,162000,6,6,"ENSE00001156327",87952118,87952259,87952118,87952259,142,1,TRUE,0.934656741108354,8,"very_low_resolution_90_lt_100pct",TRUE,TRUE
"CNA_event_000069","PAUGLY","HETDEL",69,"10",87866401,88028400,162000,7,7,"ENSE00003725338",87957853,87958019,87957853,87958019,167,1,TRUE,0.934656741108354,8,"very_low_resolution_90_lt_100pct",TRUE,TRUE
"CNA_event_000069","PAUGLY","HETDEL",69,"10",87866401,88028400,162000,8,8,"ENSE00001156315",87960894,87961118,87960894,87961118,225,1,TRUE,0.934656741108354,8,"very_low_resolution_90_lt_100pct",TRUE,TRUE
"CNA_event_000069","PAUGLY","HETDEL",69,"10",87866401,88028400,162000,9,9,"ENSE00001456541",87965287,87965469,87965287,87965469,183,1,TRUE,0.934656741108354,8,"very_low_resolution_90_lt_100pct",TRUE,TRUE
"CNA_event_000070","PAUGDZ","HETDEL",70,"10",87788201,87864700,76500,1,1,"ENSE00004011725",87864470,87864548,87864470,87864548,79,1,TRUE,0.065343258891646,1,"high_resolution_le_50pct",TRUE,TRUE
"CNA_event_000071","PAUGAP","HETDEL",71,"10",87865701,87930000,64300,2,2,"ENSE00001156351",87894025,87894109,87894025,87894109,85,1,TRUE,0.10752688172043,2,"high_resolution_le_50pct",TRUE,TRUE
"CNA_event_000071","PAUGAP","HETDEL",71,"10",87865701,87930000,64300,3,3,"ENSE00001156344",87925513,87925557,87925513,87925557,45,1,TRUE,0.10752688172043,2,"high_resolution_le_50pct",TRUE,TRUE
"CNA_event_000072","PAUCFC","HETDEL",72,"10",87865101,87894400,29300,2,2,"ENSE00001156351",87894025,87894109,87894025,87894109,85,1,TRUE,0.0703060380479735,1,"high_resolution_le_50pct",TRUE,TRUE
"CNA_event_000074","PATZXK","HETDEL",74,"10",87892301,88172400,280100,2,2,"ENSE00001156351",87894025,87894109,87894025,87894109,85,1,TRUE,0.934656741108354,8,"very_low_resolution_90_lt_100pct",TRUE,TRUE
"CNA_event_000074","PATZXK","HETDEL",74,"10",87892301,88172400,280100,3,3,"ENSE00001156344",87925513,87925557,87925513,87925557,45,1,TRUE,0.934656741108354,8,"very_low_resolution_90_lt_100pct",TRUE,TRUE
"CNA_event_000074","PATZXK","HETDEL",74,"10",87892301,88172400,280100,4,4,"ENSE00003595610",87931046,87931089,87931046,87931089,44,1,TRUE,0.934656741108354,8,"very_low_resolution_90_lt_100pct",TRUE,TRUE
"CNA_event_000074","PATZXK","HETDEL",74,"10",87892301,88172400,280100,5,5,"ENSE00001156330",87933013,87933251,87933013,87933251,239,1,TRUE,0.934656741108354,8,"very_low_resolution_90_lt_100pct",TRUE,TRUE
"CNA_event_000074","PATZXK","HETDEL",74,"10",87892301,88172400,280100,6,6,"ENSE00001156327",87952118,87952259,87952118,87952259,142,1,TRUE,0.934656741108354,8,"very_low_resolution_90_lt_100pct",TRUE,TRUE
"CNA_event_000074","PATZXK","HETDEL",74,"10",87892301,88172400,280100,7,7,"ENSE00003725338",87957853,87958019,87957853,87958019,167,1,TRUE,0.934656741108354,8,"very_low_resolution_90_lt_100pct",TRUE,TRUE
"CNA_event_000074","PATZXK","HETDEL",74,"10",87892301,88172400,280100,8,8,"ENSE00001156315",87960894,87961118,87960894,87961118,225,1,TRUE,0.934656741108354,8,"very_low_resolution_90_lt_100pct",TRUE,TRUE
"CNA_event_000074","PATZXK","HETDEL",74,"10",87892301,88172400,280100,9,9,"ENSE00001456541",87965287,87965469,87965287,87965469,183,1,TRUE,0.934656741108354,8,"very_low_resolution_90_lt_100pct",TRUE,TRUE
"CNA_event_000075","PATKVD","HETDEL",75,"10",87865001,87953500,88500,2,2,"ENSE00001156351",87894025,87894109,87894025,87894109,85,1,TRUE,0.459057071960298,5,"high_resolution_le_50pct",TRUE,TRUE
"CNA_event_000075","PATKVD","HETDEL",75,"10",87865001,87953500,88500,3,3,"ENSE00001156344",87925513,87925557,87925513,87925557,45,1,TRUE,0.459057071960298,5,"high_resolution_le_50pct",TRUE,TRUE
"CNA_event_000075","PATKVD","HETDEL",75,"10",87865001,87953500,88500,4,4,"ENSE00003595610",87931046,87931089,87931046,87931089,44,1,TRUE,0.459057071960298,5,"high_resolution_le_50pct",TRUE,TRUE
"CNA_event_000075","PATKVD","HETDEL",75,"10",87865001,87953500,88500,5,5,"ENSE00001156330",87933013,87933251,87933013,87933251,239,1,TRUE,0.459057071960298,5,"high_resolution_le_50pct",TRUE,TRUE
"CNA_event_000075","PATKVD","HETDEL",75,"10",87865001,87953500,88500,6,6,"ENSE00001156327",87952118,87952259,87952118,87952259,142,1,TRUE,0.459057071960298,5,"high_resolution_le_50pct",TRUE,TRUE
"CNA_event_000076","PATCTR","HETDEL",76,"10",87865701,87930000,64300,2,2,"ENSE00001156351",87894025,87894109,87894025,87894109,85,1,TRUE,0.10752688172043,2,"high_resolution_le_50pct",TRUE,TRUE
"CNA_event_000076","PATCTR","HETDEL",76,"10",87865701,87930000,64300,3,3,"ENSE00001156344",87925513,87925557,87925513,87925557,45,1,TRUE,0.10752688172043,2,"high_resolution_le_50pct",TRUE,TRUE
"CNA_event_000077","PATBTX","HETDEL",77,"10",87865701,87929100,63400,2,2,"ENSE00001156351",87894025,87894109,87894025,87894109,85,1,TRUE,0.10752688172043,2,"high_resolution_le_50pct",TRUE,TRUE
"CNA_event_000077","PATBTX","HETDEL",77,"10",87865701,87929100,63400,3,3,"ENSE00001156344",87925513,87925557,87925513,87925557,45,1,TRUE,0.10752688172043,2,"high_resolution_le_50pct",TRUE,TRUE
"CNA_event_000078","PATBGH","HETDEL",78,"10",87334901,89059000,1724100,1,1,"ENSE00004011725",87864470,87864548,87864470,87864548,79,1,TRUE,1,9,"whole_coding_sequence",TRUE,FALSE
"CNA_event_000078","PATBGH","HETDEL",78,"10",87334901,89059000,1724100,2,2,"ENSE00001156351",87894025,87894109,87894025,87894109,85,1,TRUE,1,9,"whole_coding_sequence",TRUE,FALSE
"CNA_event_000078","PATBGH","HETDEL",78,"10",87334901,89059000,1724100,3,3,"ENSE00001156344",87925513,87925557,87925513,87925557,45,1,TRUE,1,9,"whole_coding_sequence",TRUE,FALSE
"CNA_event_000078","PATBGH","HETDEL",78,"10",87334901,89059000,1724100,4,4,"ENSE00003595610",87931046,87931089,87931046,87931089,44,1,TRUE,1,9,"whole_coding_sequence",TRUE,FALSE
"CNA_event_000078","PATBGH","HETDEL",78,"10",87334901,89059000,1724100,5,5,"ENSE00001156330",87933013,87933251,87933013,87933251,239,1,TRUE,1,9,"whole_coding_sequence",TRUE,FALSE
"CNA_event_000078","PATBGH","HETDEL",78,"10",87334901,89059000,1724100,6,6,"ENSE00001156327",87952118,87952259,87952118,87952259,142,1,TRUE,1,9,"whole_coding_sequence",TRUE,FALSE
"CNA_event_000078","PATBGH","HETDEL",78,"10",87334901,89059000,1724100,7,7,"ENSE00003725338",87957853,87958019,87957853,87958019,167,1,TRUE,1,9,"whole_coding_sequence",TRUE,FALSE
"CNA_event_000078","PATBGH","HETDEL",78,"10",87334901,89059000,1724100,8,8,"ENSE00001156315",87960894,87961118,87960894,87961118,225,1,TRUE,1,9,"whole_coding_sequence",TRUE,FALSE
"CNA_event_000078","PATBGH","HETDEL",78,"10",87334901,89059000,1724100,9,9,"ENSE00001456541",87965287,87965469,87965287,87965469,183,1,TRUE,1,9,"whole_coding_sequence",TRUE,FALSE
"CNA_event_000079","PASYWF","HETDEL",79,"10",87830601,87864800,34200,1,1,"ENSE00004011725",87864470,87864548,87864470,87864548,79,1,TRUE,0.065343258891646,1,"high_resolution_le_50pct",TRUE,TRUE
"CNA_event_000080","PASYWF","HETDEL",80,"10",87869401,88172400,303000,2,2,"ENSE00001156351",87894025,87894109,87894025,87894109,85,1,TRUE,0.934656741108354,8,"very_low_resolution_90_lt_100pct",TRUE,TRUE
"CNA_event_000080","PASYWF","HETDEL",80,"10",87869401,88172400,303000,3,3,"ENSE00001156344",87925513,87925557,87925513,87925557,45,1,TRUE,0.934656741108354,8,"very_low_resolution_90_lt_100pct",TRUE,TRUE
"CNA_event_000080","PASYWF","HETDEL",80,"10",87869401,88172400,303000,4,4,"ENSE00003595610",87931046,87931089,87931046,87931089,44,1,TRUE,0.934656741108354,8,"very_low_resolution_90_lt_100pct",TRUE,TRUE
"CNA_event_000080","PASYWF","HETDEL",80,"10",87869401,88172400,303000,5,5,"ENSE00001156330",87933013,87933251,87933013,87933251,239,1,TRUE,0.934656741108354,8,"very_low_resolution_90_lt_100pct",TRUE,TRUE
"CNA_event_000080","PASYWF","HETDEL",80,"10",87869401,88172400,303000,6,6,"ENSE00001156327",87952118,87952259,87952118,87952259,142,1,TRUE,0.934656741108354,8,"very_low_resolution_90_lt_100pct",TRUE,TRUE
"CNA_event_000080","PASYWF","HETDEL",80,"10",87869401,88172400,303000,7,7,"ENSE00003725338",87957853,87958019,87957853,87958019,167,1,TRUE,0.934656741108354,8,"very_low_resolution_90_lt_100pct",TRUE,TRUE
"CNA_event_000080","PASYWF","HETDEL",80,"10",87869401,88172400,303000,8,8,"ENSE00001156315",87960894,87961118,87960894,87961118,225,1,TRUE,0.934656741108354,8,"very_low_resolution_90_lt_100pct",TRUE,TRUE
"CNA_event_000080","PASYWF","HETDEL",80,"10",87869401,88172400,303000,9,9,"ENSE00001456541",87965287,87965469,87965287,87965469,183,1,TRUE,0.934656741108354,8,"very_low_resolution_90_lt_100pct",TRUE,TRUE
"CNA_event_000081","PASYVU","HETDEL",81,"10",87865101,88172400,307300,2,2,"ENSE00001156351",87894025,87894109,87894025,87894109,85,1,TRUE,0.934656741108354,8,"very_low_resolution_90_lt_100pct",TRUE,TRUE
"CNA_event_000081","PASYVU","HETDEL",81,"10",87865101,88172400,307300,3,3,"ENSE00001156344",87925513,87925557,87925513,87925557,45,1,TRUE,0.934656741108354,8,"very_low_resolution_90_lt_100pct",TRUE,TRUE
"CNA_event_000081","PASYVU","HETDEL",81,"10",87865101,88172400,307300,4,4,"ENSE00003595610",87931046,87931089,87931046,87931089,44,1,TRUE,0.934656741108354,8,"very_low_resolution_90_lt_100pct",TRUE,TRUE
"CNA_event_000081","PASYVU","HETDEL",81,"10",87865101,88172400,307300,5,5,"ENSE00001156330",87933013,87933251,87933013,87933251,239,1,TRUE,0.934656741108354,8,"very_low_resolution_90_lt_100pct",TRUE,TRUE
"CNA_event_000081","PASYVU","HETDEL",81,"10",87865101,88172400,307300,6,6,"ENSE00001156327",87952118,87952259,87952118,87952259,142,1,TRUE,0.934656741108354,8,"very_low_resolution_90_lt_100pct",TRUE,TRUE
"CNA_event_000081","PASYVU","HETDEL",81,"10",87865101,88172400,307300,7,7,"ENSE00003725338",87957853,87958019,87957853,87958019,167,1,TRUE,0.934656741108354,8,"very_low_resolution_90_lt_100pct",TRUE,TRUE
"CNA_event_000081","PASYVU","HETDEL",81,"10",87865101,88172400,307300,8,8,"ENSE00001156315",87960894,87961118,87960894,87961118,225,1,TRUE,0.934656741108354,8,"very_low_resolution_90_lt_100pct",TRUE,TRUE
"CNA_event_000081","PASYVU","HETDEL",81,"10",87865101,88172400,307300,9,9,"ENSE00001456541",87965287,87965469,87965287,87965469,183,1,TRUE,0.934656741108354,8,"very_low_resolution_90_lt_100pct",TRUE,TRUE
"CNA_event_000082","PASPLG","HETDEL",82,"10",87930101,87971400,41300,4,4,"ENSE00003595610",87931046,87931089,87931046,87931089,44,1,TRUE,0.827129859387924,6,"low_resolution_75_90pct",TRUE,TRUE
"CNA_event_000082","PASPLG","HETDEL",82,"10",87930101,87971400,41300,5,5,"ENSE00001156330",87933013,87933251,87933013,87933251,239,1,TRUE,0.827129859387924,6,"low_resolution_75_90pct",TRUE,TRUE
"CNA_event_000082","PASPLG","HETDEL",82,"10",87930101,87971400,41300,6,6,"ENSE00001156327",87952118,87952259,87952118,87952259,142,1,TRUE,0.827129859387924,6,"low_resolution_75_90pct",TRUE,TRUE
"CNA_event_000082","PASPLG","HETDEL",82,"10",87930101,87971400,41300,7,7,"ENSE00003725338",87957853,87958019,87957853,87958019,167,1,TRUE,0.827129859387924,6,"low_resolution_75_90pct",TRUE,TRUE
"CNA_event_000082","PASPLG","HETDEL",82,"10",87930101,87971400,41300,8,8,"ENSE00001156315",87960894,87961118,87960894,87961118,225,1,TRUE,0.827129859387924,6,"low_resolution_75_90pct",TRUE,TRUE
"CNA_event_000082","PASPLG","HETDEL",82,"10",87930101,87971400,41300,9,9,"ENSE00001456541",87965287,87965469,87965287,87965469,183,1,TRUE,0.827129859387924,6,"low_resolution_75_90pct",TRUE,TRUE
"CNA_event_000083","PASPDS","HETDEL",83,"10",87865901,87929900,64000,2,2,"ENSE00001156351",87894025,87894109,87894025,87894109,85,1,TRUE,0.10752688172043,2,"high_resolution_le_50pct",TRUE,TRUE
"CNA_event_000083","PASPDS","HETDEL",83,"10",87865901,87929900,64000,3,3,"ENSE00001156344",87925513,87925557,87925513,87925557,45,1,TRUE,0.10752688172043,2,"high_resolution_le_50pct",TRUE,TRUE
"CNA_event_000084","PASKAD","HETDEL",84,"10",87865101,87944400,79300,2,2,"ENSE00001156351",87894025,87894109,87894025,87894109,85,1,TRUE,0.341604631927213,4,"high_resolution_le_50pct",TRUE,TRUE
"CNA_event_000084","PASKAD","HETDEL",84,"10",87865101,87944400,79300,3,3,"ENSE00001156344",87925513,87925557,87925513,87925557,45,1,TRUE,0.341604631927213,4,"high_resolution_le_50pct",TRUE,TRUE
"CNA_event_000084","PASKAD","HETDEL",84,"10",87865101,87944400,79300,4,4,"ENSE00003595610",87931046,87931089,87931046,87931089,44,1,TRUE,0.341604631927213,4,"high_resolution_le_50pct",TRUE,TRUE
"CNA_event_000084","PASKAD","HETDEL",84,"10",87865101,87944400,79300,5,5,"ENSE00001156330",87933013,87933251,87933013,87933251,239,1,TRUE,0.341604631927213,4,"high_resolution_le_50pct",TRUE,TRUE
"CNA_event_000085","PARMIH","HETDEL",85,"10",87865301,87930100,64800,2,2,"ENSE00001156351",87894025,87894109,87894025,87894109,85,1,TRUE,0.10752688172043,2,"high_resolution_le_50pct",TRUE,TRUE
"CNA_event_000085","PARMIH","HETDEL",85,"10",87865301,87930100,64800,3,3,"ENSE00001156344",87925513,87925557,87925513,87925557,45,1,TRUE,0.10752688172043,2,"high_resolution_le_50pct",TRUE,TRUE
"CNA_event_000086","PARJPL","HETDEL",86,"10",87501301,87869600,368300,1,1,"ENSE00004011725",87864470,87864548,87864470,87864548,79,1,TRUE,0.065343258891646,1,"high_resolution_le_50pct",TRUE,TRUE
"CNA_event_000087","PAWKIT","HETDEL",87,"10",87865101,87939000,73900,2,2,"ENSE00001156351",87894025,87894109,87894025,87894109,85,1,TRUE,0.341604631927213,4,"high_resolution_le_50pct",TRUE,TRUE
"CNA_event_000087","PAWKIT","HETDEL",87,"10",87865101,87939000,73900,3,3,"ENSE00001156344",87925513,87925557,87925513,87925557,45,1,TRUE,0.341604631927213,4,"high_resolution_le_50pct",TRUE,TRUE
"CNA_event_000087","PAWKIT","HETDEL",87,"10",87865101,87939000,73900,4,4,"ENSE00003595610",87931046,87931089,87931046,87931089,44,1,TRUE,0.341604631927213,4,"high_resolution_le_50pct",TRUE,TRUE
"CNA_event_000087","PAWKIT","HETDEL",87,"10",87865101,87939000,73900,5,5,"ENSE00001156330",87933013,87933251,87933013,87933251,239,1,TRUE,0.341604631927213,4,"high_resolution_le_50pct",TRUE,TRUE
"CNA_event_000088","PAWGYW","HETDEL",88,"10",87867701,88373100,505400,2,2,"ENSE00001156351",87894025,87894109,87894025,87894109,85,1,TRUE,0.934656741108354,8,"very_low_resolution_90_lt_100pct",TRUE,TRUE
"CNA_event_000088","PAWGYW","HETDEL",88,"10",87867701,88373100,505400,3,3,"ENSE00001156344",87925513,87925557,87925513,87925557,45,1,TRUE,0.934656741108354,8,"very_low_resolution_90_lt_100pct",TRUE,TRUE
"CNA_event_000088","PAWGYW","HETDEL",88,"10",87867701,88373100,505400,4,4,"ENSE00003595610",87931046,87931089,87931046,87931089,44,1,TRUE,0.934656741108354,8,"very_low_resolution_90_lt_100pct",TRUE,TRUE
"CNA_event_000088","PAWGYW","HETDEL",88,"10",87867701,88373100,505400,5,5,"ENSE00001156330",87933013,87933251,87933013,87933251,239,1,TRUE,0.934656741108354,8,"very_low_resolution_90_lt_100pct",TRUE,TRUE
"CNA_event_000088","PAWGYW","HETDEL",88,"10",87867701,88373100,505400,6,6,"ENSE00001156327",87952118,87952259,87952118,87952259,142,1,TRUE,0.934656741108354,8,"very_low_resolution_90_lt_100pct",TRUE,TRUE
"CNA_event_000088","PAWGYW","HETDEL",88,"10",87867701,88373100,505400,7,7,"ENSE00003725338",87957853,87958019,87957853,87958019,167,1,TRUE,0.934656741108354,8,"very_low_resolution_90_lt_100pct",TRUE,TRUE
"CNA_event_000088","PAWGYW","HETDEL",88,"10",87867701,88373100,505400,8,8,"ENSE00001156315",87960894,87961118,87960894,87961118,225,1,TRUE,0.934656741108354,8,"very_low_resolution_90_lt_100pct",TRUE,TRUE
"CNA_event_000088","PAWGYW","HETDEL",88,"10",87867701,88373100,505400,9,9,"ENSE00001456541",87965287,87965469,87965287,87965469,183,1,TRUE,0.934656741108354,8,"very_low_resolution_90_lt_100pct",TRUE,TRUE
"CNA_event_000089","PAWAYT","HETDEL",89,"10",87668501,88619000,950500,1,1,"ENSE00004011725",87864470,87864548,87864470,87864548,79,1,TRUE,1,9,"whole_coding_sequence",TRUE,FALSE
"CNA_event_000089","PAWAYT","HETDEL",89,"10",87668501,88619000,950500,2,2,"ENSE00001156351",87894025,87894109,87894025,87894109,85,1,TRUE,1,9,"whole_coding_sequence",TRUE,FALSE
"CNA_event_000089","PAWAYT","HETDEL",89,"10",87668501,88619000,950500,3,3,"ENSE00001156344",87925513,87925557,87925513,87925557,45,1,TRUE,1,9,"whole_coding_sequence",TRUE,FALSE
"CNA_event_000089","PAWAYT","HETDEL",89,"10",87668501,88619000,950500,4,4,"ENSE00003595610",87931046,87931089,87931046,87931089,44,1,TRUE,1,9,"whole_coding_sequence",TRUE,FALSE
"CNA_event_000089","PAWAYT","HETDEL",89,"10",87668501,88619000,950500,5,5,"ENSE00001156330",87933013,87933251,87933013,87933251,239,1,TRUE,1,9,"whole_coding_sequence",TRUE,FALSE
"CNA_event_000089","PAWAYT","HETDEL",89,"10",87668501,88619000,950500,6,6,"ENSE00001156327",87952118,87952259,87952118,87952259,142,1,TRUE,1,9,"whole_coding_sequence",TRUE,FALSE
"CNA_event_000089","PAWAYT","HETDEL",89,"10",87668501,88619000,950500,7,7,"ENSE00003725338",87957853,87958019,87957853,87958019,167,1,TRUE,1,9,"whole_coding_sequence",TRUE,FALSE
"CNA_event_000089","PAWAYT","HETDEL",89,"10",87668501,88619000,950500,8,8,"ENSE00001156315",87960894,87961118,87960894,87961118,225,1,TRUE,1,9,"whole_coding_sequence",TRUE,FALSE
"CNA_event_000089","PAWAYT","HETDEL",89,"10",87668501,88619000,950500,9,9,"ENSE00001456541",87965287,87965469,87965287,87965469,183,1,TRUE,1,9,"whole_coding_sequence",TRUE,FALSE
"CNA_event_000090","PAWAIN","HETDEL",90,"10",87861258,87864720,3463,1,1,"ENSE00004011725",87864470,87864548,87864470,87864548,79,1,TRUE,0.065343258891646,1,"high_resolution_le_50pct",TRUE,TRUE
"CNA_event_000091","PAWAIM","HETDEL",91,"10",87929801,87939600,9800,4,4,"ENSE00003595610",87931046,87931089,87931046,87931089,44,1,TRUE,0.234077750206782,2,"high_resolution_le_50pct",TRUE,TRUE
"CNA_event_000091","PAWAIM","HETDEL",91,"10",87929801,87939600,9800,5,5,"ENSE00001156330",87933013,87933251,87933013,87933251,239,1,TRUE,0.234077750206782,2,"high_resolution_le_50pct",TRUE,TRUE
"CNA_event_000092","PAVRYP","HETDEL",92,"10",87865654,87929931,64278,2,2,"ENSE00001156351",87894025,87894109,87894025,87894109,85,1,TRUE,0.10752688172043,2,"high_resolution_le_50pct",TRUE,TRUE
"CNA_event_000092","PAVRYP","HETDEL",92,"10",87865654,87929931,64278,3,3,"ENSE00001156344",87925513,87925557,87925513,87925557,45,1,TRUE,0.10752688172043,2,"high_resolution_le_50pct",TRUE,TRUE
"CNA_event_000093","PAVRUJ","HETDEL",93,"10",87929901,87941200,11300,4,4,"ENSE00003595610",87931046,87931089,87931046,87931089,44,1,TRUE,0.234077750206782,2,"high_resolution_le_50pct",TRUE,TRUE
"CNA_event_000093","PAVRUJ","HETDEL",93,"10",87929901,87941200,11300,5,5,"ENSE00001156330",87933013,87933251,87933013,87933251,239,1,TRUE,0.234077750206782,2,"high_resolution_le_50pct",TRUE,TRUE
"CNA_event_000095","PAVKUU","HETDEL",95,"10",87866801,88062500,195700,2,2,"ENSE00001156351",87894025,87894109,87894025,87894109,85,1,TRUE,0.934656741108354,8,"very_low_resolution_90_lt_100pct",TRUE,TRUE
"CNA_event_000095","PAVKUU","HETDEL",95,"10",87866801,88062500,195700,3,3,"ENSE00001156344",87925513,87925557,87925513,87925557,45,1,TRUE,0.934656741108354,8,"very_low_resolution_90_lt_100pct",TRUE,TRUE
"CNA_event_000095","PAVKUU","HETDEL",95,"10",87866801,88062500,195700,4,4,"ENSE00003595610",87931046,87931089,87931046,87931089,44,1,TRUE,0.934656741108354,8,"very_low_resolution_90_lt_100pct",TRUE,TRUE
"CNA_event_000095","PAVKUU","HETDEL",95,"10",87866801,88062500,195700,5,5,"ENSE00001156330",87933013,87933251,87933013,87933251,239,1,TRUE,0.934656741108354,8,"very_low_resolution_90_lt_100pct",TRUE,TRUE
"CNA_event_000095","PAVKUU","HETDEL",95,"10",87866801,88062500,195700,6,6,"ENSE00001156327",87952118,87952259,87952118,87952259,142,1,TRUE,0.934656741108354,8,"very_low_resolution_90_lt_100pct",TRUE,TRUE
"CNA_event_000095","PAVKUU","HETDEL",95,"10",87866801,88062500,195700,7,7,"ENSE00003725338",87957853,87958019,87957853,87958019,167,1,TRUE,0.934656741108354,8,"very_low_resolution_90_lt_100pct",TRUE,TRUE
"CNA_event_000095","PAVKUU","HETDEL",95,"10",87866801,88062500,195700,8,8,"ENSE00001156315",87960894,87961118,87960894,87961118,225,1,TRUE,0.934656741108354,8,"very_low_resolution_90_lt_100pct",TRUE,TRUE
"CNA_event_000095","PAVKUU","HETDEL",95,"10",87866801,88062500,195700,9,9,"ENSE00001456541",87965287,87965469,87965287,87965469,183,1,TRUE,0.934656741108354,8,"very_low_resolution_90_lt_100pct",TRUE,TRUE
"CNA_event_000096","PAVBCW","HETDEL",96,"10",87861269,87864717,3449,1,1,"ENSE00004011725",87864470,87864548,87864470,87864548,79,1,TRUE,0.065343258891646,1,"high_resolution_le_50pct",TRUE,TRUE
"CNA_event_000097","PAVBCW","HETDEL",97,"10",87930101,88059500,129400,4,4,"ENSE00003595610",87931046,87931089,87931046,87931089,44,1,TRUE,0.827129859387924,6,"low_resolution_75_90pct",TRUE,TRUE
"CNA_event_000097","PAVBCW","HETDEL",97,"10",87930101,88059500,129400,5,5,"ENSE00001156330",87933013,87933251,87933013,87933251,239,1,TRUE,0.827129859387924,6,"low_resolution_75_90pct",TRUE,TRUE
"CNA_event_000097","PAVBCW","HETDEL",97,"10",87930101,88059500,129400,6,6,"ENSE00001156327",87952118,87952259,87952118,87952259,142,1,TRUE,0.827129859387924,6,"low_resolution_75_90pct",TRUE,TRUE
"CNA_event_000097","PAVBCW","HETDEL",97,"10",87930101,88059500,129400,7,7,"ENSE00003725338",87957853,87958019,87957853,87958019,167,1,TRUE,0.827129859387924,6,"low_resolution_75_90pct",TRUE,TRUE
"CNA_event_000097","PAVBCW","HETDEL",97,"10",87930101,88059500,129400,8,8,"ENSE00001156315",87960894,87961118,87960894,87961118,225,1,TRUE,0.827129859387924,6,"low_resolution_75_90pct",TRUE,TRUE
"CNA_event_000097","PAVBCW","HETDEL",97,"10",87930101,88059500,129400,9,9,"ENSE00001456541",87965287,87965469,87965287,87965469,183,1,TRUE,0.827129859387924,6,"low_resolution_75_90pct",TRUE,TRUE
"CNA_event_000098","PAVAJG","HETDEL",98,"10",87864601,87929900,65300,2,2,"ENSE00001156351",87894025,87894109,87894025,87894109,85,1,TRUE,0.10752688172043,2,"high_resolution_le_50pct",TRUE,TRUE
"CNA_event_000098","PAVAJG","HETDEL",98,"10",87864601,87929900,65300,3,3,"ENSE00001156344",87925513,87925557,87925513,87925557,45,1,TRUE,0.10752688172043,2,"high_resolution_le_50pct",TRUE,TRUE
"CNA_event_000099","PAUYIK","HETDEL",99,"10",87861201,87929700,68500,1,1,"ENSE00004011725",87864470,87864548,87864470,87864548,79,1,TRUE,0.172870140612076,3,"high_resolution_le_50pct",TRUE,TRUE
"CNA_event_000099","PAUYIK","HETDEL",99,"10",87861201,87929700,68500,2,2,"ENSE00001156351",87894025,87894109,87894025,87894109,85,1,TRUE,0.172870140612076,3,"high_resolution_le_50pct",TRUE,TRUE
"CNA_event_000099","PAUYIK","HETDEL",99,"10",87861201,87929700,68500,3,3,"ENSE00001156344",87925513,87925557,87925513,87925557,45,1,TRUE,0.172870140612076,3,"high_resolution_le_50pct",TRUE,TRUE
"CNA_event_000100","PAUYBP","HETDEL",100,"10",87929901,87944800,14900,4,4,"ENSE00003595610",87931046,87931089,87931046,87931089,44,1,TRUE,0.234077750206782,2,"high_resolution_le_50pct",TRUE,TRUE
"CNA_event_000100","PAUYBP","HETDEL",100,"10",87929901,87944800,14900,5,5,"ENSE00001156330",87933013,87933251,87933013,87933251,239,1,TRUE,0.234077750206782,2,"high_resolution_le_50pct",TRUE,TRUE
"CNA_event_000102","PAUXYI","HETDEL",102,"10",87867901,88172500,304600,2,2,"ENSE00001156351",87894025,87894109,87894025,87894109,85,1,TRUE,0.934656741108354,8,"very_low_resolution_90_lt_100pct",TRUE,TRUE
"CNA_event_000102","PAUXYI","HETDEL",102,"10",87867901,88172500,304600,3,3,"ENSE00001156344",87925513,87925557,87925513,87925557,45,1,TRUE,0.934656741108354,8,"very_low_resolution_90_lt_100pct",TRUE,TRUE
"CNA_event_000102","PAUXYI","HETDEL",102,"10",87867901,88172500,304600,4,4,"ENSE00003595610",87931046,87931089,87931046,87931089,44,1,TRUE,0.934656741108354,8,"very_low_resolution_90_lt_100pct",TRUE,TRUE
"CNA_event_000102","PAUXYI","HETDEL",102,"10",87867901,88172500,304600,5,5,"ENSE00001156330",87933013,87933251,87933013,87933251,239,1,TRUE,0.934656741108354,8,"very_low_resolution_90_lt_100pct",TRUE,TRUE
"CNA_event_000102","PAUXYI","HETDEL",102,"10",87867901,88172500,304600,6,6,"ENSE00001156327",87952118,87952259,87952118,87952259,142,1,TRUE,0.934656741108354,8,"very_low_resolution_90_lt_100pct",TRUE,TRUE
"CNA_event_000102","PAUXYI","HETDEL",102,"10",87867901,88172500,304600,7,7,"ENSE00003725338",87957853,87958019,87957853,87958019,167,1,TRUE,0.934656741108354,8,"very_low_resolution_90_lt_100pct",TRUE,TRUE
"CNA_event_000102","PAUXYI","HETDEL",102,"10",87867901,88172500,304600,8,8,"ENSE00001156315",87960894,87961118,87960894,87961118,225,1,TRUE,0.934656741108354,8,"very_low_resolution_90_lt_100pct",TRUE,TRUE
"CNA_event_000102","PAUXYI","HETDEL",102,"10",87867901,88172500,304600,9,9,"ENSE00001456541",87965287,87965469,87965287,87965469,183,1,TRUE,0.934656741108354,8,"very_low_resolution_90_lt_100pct",TRUE,TRUE
"CNA_event_000103","PAUVWZ","HETDEL",103,"10",87870701,87944400,73700,2,2,"ENSE00001156351",87894025,87894109,87894025,87894109,85,1,TRUE,0.341604631927213,4,"high_resolution_le_50pct",TRUE,TRUE
"CNA_event_000103","PAUVWZ","HETDEL",103,"10",87870701,87944400,73700,3,3,"ENSE00001156344",87925513,87925557,87925513,87925557,45,1,TRUE,0.341604631927213,4,"high_resolution_le_50pct",TRUE,TRUE
"CNA_event_000103","PAUVWZ","HETDEL",103,"10",87870701,87944400,73700,4,4,"ENSE00003595610",87931046,87931089,87931046,87931089,44,1,TRUE,0.341604631927213,4,"high_resolution_le_50pct",TRUE,TRUE
"CNA_event_000103","PAUVWZ","HETDEL",103,"10",87870701,87944400,73700,5,5,"ENSE00001156330",87933013,87933251,87933013,87933251,239,1,TRUE,0.341604631927213,4,"high_resolution_le_50pct",TRUE,TRUE
"CNA_event_000104","PAUVUJ","HETDEL",104,"10",87865501,88172400,306900,2,2,"ENSE00001156351",87894025,87894109,87894025,87894109,85,1,TRUE,0.934656741108354,8,"very_low_resolution_90_lt_100pct",TRUE,TRUE
"CNA_event_000104","PAUVUJ","HETDEL",104,"10",87865501,88172400,306900,3,3,"ENSE00001156344",87925513,87925557,87925513,87925557,45,1,TRUE,0.934656741108354,8,"very_low_resolution_90_lt_100pct",TRUE,TRUE
"CNA_event_000104","PAUVUJ","HETDEL",104,"10",87865501,88172400,306900,4,4,"ENSE00003595610",87931046,87931089,87931046,87931089,44,1,TRUE,0.934656741108354,8,"very_low_resolution_90_lt_100pct",TRUE,TRUE
"CNA_event_000104","PAUVUJ","HETDEL",104,"10",87865501,88172400,306900,5,5,"ENSE00001156330",87933013,87933251,87933013,87933251,239,1,TRUE,0.934656741108354,8,"very_low_resolution_90_lt_100pct",TRUE,TRUE
"CNA_event_000104","PAUVUJ","HETDEL",104,"10",87865501,88172400,306900,6,6,"ENSE00001156327",87952118,87952259,87952118,87952259,142,1,TRUE,0.934656741108354,8,"very_low_resolution_90_lt_100pct",TRUE,TRUE
"CNA_event_000104","PAUVUJ","HETDEL",104,"10",87865501,88172400,306900,7,7,"ENSE00003725338",87957853,87958019,87957853,87958019,167,1,TRUE,0.934656741108354,8,"very_low_resolution_90_lt_100pct",TRUE,TRUE
"CNA_event_000104","PAUVUJ","HETDEL",104,"10",87865501,88172400,306900,8,8,"ENSE00001156315",87960894,87961118,87960894,87961118,225,1,TRUE,0.934656741108354,8,"very_low_resolution_90_lt_100pct",TRUE,TRUE
"CNA_event_000104","PAUVUJ","HETDEL",104,"10",87865501,88172400,306900,9,9,"ENSE00001456541",87965287,87965469,87965287,87965469,183,1,TRUE,0.934656741108354,8,"very_low_resolution_90_lt_100pct",TRUE,TRUE
"CNA_event_000105","PAUMXB","HETDEL",105,"10",87863401,87929900,66500,1,1,"ENSE00004011725",87864470,87864548,87864470,87864548,79,1,TRUE,0.172870140612076,3,"high_resolution_le_50pct",TRUE,TRUE
"CNA_event_000105","PAUMXB","HETDEL",105,"10",87863401,87929900,66500,2,2,"ENSE00001156351",87894025,87894109,87894025,87894109,85,1,TRUE,0.172870140612076,3,"high_resolution_le_50pct",TRUE,TRUE
"CNA_event_000105","PAUMXB","HETDEL",105,"10",87863401,87929900,66500,3,3,"ENSE00001156344",87925513,87925557,87925513,87925557,45,1,TRUE,0.172870140612076,3,"high_resolution_le_50pct",TRUE,TRUE
"CNA_event_000106","PAUMKW","HETDEL",106,"10",87863001,88172700,309700,1,1,"ENSE00004011725",87864470,87864548,87864470,87864548,79,1,TRUE,1,9,"whole_coding_sequence",TRUE,FALSE
"CNA_event_000106","PAUMKW","HETDEL",106,"10",87863001,88172700,309700,2,2,"ENSE00001156351",87894025,87894109,87894025,87894109,85,1,TRUE,1,9,"whole_coding_sequence",TRUE,FALSE
"CNA_event_000106","PAUMKW","HETDEL",106,"10",87863001,88172700,309700,3,3,"ENSE00001156344",87925513,87925557,87925513,87925557,45,1,TRUE,1,9,"whole_coding_sequence",TRUE,FALSE
"CNA_event_000106","PAUMKW","HETDEL",106,"10",87863001,88172700,309700,4,4,"ENSE00003595610",87931046,87931089,87931046,87931089,44,1,TRUE,1,9,"whole_coding_sequence",TRUE,FALSE
"CNA_event_000106","PAUMKW","HETDEL",106,"10",87863001,88172700,309700,5,5,"ENSE00001156330",87933013,87933251,87933013,87933251,239,1,TRUE,1,9,"whole_coding_sequence",TRUE,FALSE
"CNA_event_000106","PAUMKW","HETDEL",106,"10",87863001,88172700,309700,6,6,"ENSE00001156327",87952118,87952259,87952118,87952259,142,1,TRUE,1,9,"whole_coding_sequence",TRUE,FALSE
"CNA_event_000106","PAUMKW","HETDEL",106,"10",87863001,88172700,309700,7,7,"ENSE00003725338",87957853,87958019,87957853,87958019,167,1,TRUE,1,9,"whole_coding_sequence",TRUE,FALSE
"CNA_event_000106","PAUMKW","HETDEL",106,"10",87863001,88172700,309700,8,8,"ENSE00001156315",87960894,87961118,87960894,87961118,225,1,TRUE,1,9,"whole_coding_sequence",TRUE,FALSE
"CNA_event_000106","PAUMKW","HETDEL",106,"10",87863001,88172700,309700,9,9,"ENSE00001456541",87965287,87965469,87965287,87965469,183,1,TRUE,1,9,"whole_coding_sequence",TRUE,FALSE
"CNA_event_000107","PAUJYN","HETDEL",107,"10",87695401,87921500,226100,1,1,"ENSE00004011725",87864470,87864548,87864470,87864548,79,1,TRUE,0.13564929693962,2,"high_resolution_le_50pct",TRUE,TRUE
"CNA_event_000107","PAUJYN","HETDEL",107,"10",87695401,87921500,226100,2,2,"ENSE00001156351",87894025,87894109,87894025,87894109,85,1,TRUE,0.13564929693962,2,"high_resolution_le_50pct",TRUE,TRUE
"CNA_event_000108","PAUJYN","HETDEL",108,"10",87921501,87930000,8500,3,3,"ENSE00001156344",87925513,87925557,87925513,87925557,45,1,TRUE,0.0372208436724566,1,"high_resolution_le_50pct",TRUE,TRUE
"CNA_event_000109","PAUJYN","HETDEL",109,"10",87930001,88511700,581700,4,4,"ENSE00003595610",87931046,87931089,87931046,87931089,44,1,TRUE,0.827129859387924,6,"low_resolution_75_90pct",TRUE,TRUE
"CNA_event_000109","PAUJYN","HETDEL",109,"10",87930001,88511700,581700,5,5,"ENSE00001156330",87933013,87933251,87933013,87933251,239,1,TRUE,0.827129859387924,6,"low_resolution_75_90pct",TRUE,TRUE
"CNA_event_000109","PAUJYN","HETDEL",109,"10",87930001,88511700,581700,6,6,"ENSE00001156327",87952118,87952259,87952118,87952259,142,1,TRUE,0.827129859387924,6,"low_resolution_75_90pct",TRUE,TRUE
"CNA_event_000109","PAUJYN","HETDEL",109,"10",87930001,88511700,581700,7,7,"ENSE00003725338",87957853,87958019,87957853,87958019,167,1,TRUE,0.827129859387924,6,"low_resolution_75_90pct",TRUE,TRUE
"CNA_event_000109","PAUJYN","HETDEL",109,"10",87930001,88511700,581700,8,8,"ENSE00001156315",87960894,87961118,87960894,87961118,225,1,TRUE,0.827129859387924,6,"low_resolution_75_90pct",TRUE,TRUE
"CNA_event_000109","PAUJYN","HETDEL",109,"10",87930001,88511700,581700,9,9,"ENSE00001456541",87965287,87965469,87965287,87965469,183,1,TRUE,0.827129859387924,6,"low_resolution_75_90pct",TRUE,TRUE
"CNA_event_000110","PAUEIL","HETDEL",110,"10",87814701,88780700,966000,1,1,"ENSE00004011725",87864470,87864548,87864470,87864548,79,1,TRUE,1,9,"whole_coding_sequence",TRUE,FALSE
"CNA_event_000110","PAUEIL","HETDEL",110,"10",87814701,88780700,966000,2,2,"ENSE00001156351",87894025,87894109,87894025,87894109,85,1,TRUE,1,9,"whole_coding_sequence",TRUE,FALSE
"CNA_event_000110","PAUEIL","HETDEL",110,"10",87814701,88780700,966000,3,3,"ENSE00001156344",87925513,87925557,87925513,87925557,45,1,TRUE,1,9,"whole_coding_sequence",TRUE,FALSE
"CNA_event_000110","PAUEIL","HETDEL",110,"10",87814701,88780700,966000,4,4,"ENSE00003595610",87931046,87931089,87931046,87931089,44,1,TRUE,1,9,"whole_coding_sequence",TRUE,FALSE
"CNA_event_000110","PAUEIL","HETDEL",110,"10",87814701,88780700,966000,5,5,"ENSE00001156330",87933013,87933251,87933013,87933251,239,1,TRUE,1,9,"whole_coding_sequence",TRUE,FALSE
"CNA_event_000110","PAUEIL","HETDEL",110,"10",87814701,88780700,966000,6,6,"ENSE00001156327",87952118,87952259,87952118,87952259,142,1,TRUE,1,9,"whole_coding_sequence",TRUE,FALSE
"CNA_event_000110","PAUEIL","HETDEL",110,"10",87814701,88780700,966000,7,7,"ENSE00003725338",87957853,87958019,87957853,87958019,167,1,TRUE,1,9,"whole_coding_sequence",TRUE,FALSE
"CNA_event_000110","PAUEIL","HETDEL",110,"10",87814701,88780700,966000,8,8,"ENSE00001156315",87960894,87961118,87960894,87961118,225,1,TRUE,1,9,"whole_coding_sequence",TRUE,FALSE
"CNA_event_000110","PAUEIL","HETDEL",110,"10",87814701,88780700,966000,9,9,"ENSE00001456541",87965287,87965469,87965287,87965469,183,1,TRUE,1,9,"whole_coding_sequence",TRUE,FALSE
"CNA_event_000111","PATXNK","HETDEL",111,"10",87865301,88172400,307100,2,2,"ENSE00001156351",87894025,87894109,87894025,87894109,85,1,TRUE,0.934656741108354,8,"very_low_resolution_90_lt_100pct",TRUE,TRUE
"CNA_event_000111","PATXNK","HETDEL",111,"10",87865301,88172400,307100,3,3,"ENSE00001156344",87925513,87925557,87925513,87925557,45,1,TRUE,0.934656741108354,8,"very_low_resolution_90_lt_100pct",TRUE,TRUE
"CNA_event_000111","PATXNK","HETDEL",111,"10",87865301,88172400,307100,4,4,"ENSE00003595610",87931046,87931089,87931046,87931089,44,1,TRUE,0.934656741108354,8,"very_low_resolution_90_lt_100pct",TRUE,TRUE
"CNA_event_000111","PATXNK","HETDEL",111,"10",87865301,88172400,307100,5,5,"ENSE00001156330",87933013,87933251,87933013,87933251,239,1,TRUE,0.934656741108354,8,"very_low_resolution_90_lt_100pct",TRUE,TRUE
"CNA_event_000111","PATXNK","HETDEL",111,"10",87865301,88172400,307100,6,6,"ENSE00001156327",87952118,87952259,87952118,87952259,142,1,TRUE,0.934656741108354,8,"very_low_resolution_90_lt_100pct",TRUE,TRUE
"CNA_event_000111","PATXNK","HETDEL",111,"10",87865301,88172400,307100,7,7,"ENSE00003725338",87957853,87958019,87957853,87958019,167,1,TRUE,0.934656741108354,8,"very_low_resolution_90_lt_100pct",TRUE,TRUE
"CNA_event_000111","PATXNK","HETDEL",111,"10",87865301,88172400,307100,8,8,"ENSE00001156315",87960894,87961118,87960894,87961118,225,1,TRUE,0.934656741108354,8,"very_low_resolution_90_lt_100pct",TRUE,TRUE
"CNA_event_000111","PATXNK","HETDEL",111,"10",87865301,88172400,307100,9,9,"ENSE00001456541",87965287,87965469,87965287,87965469,183,1,TRUE,0.934656741108354,8,"very_low_resolution_90_lt_100pct",TRUE,TRUE
"CNA_event_000113","PATSIL","HETDEL",113,"10",87944601,89720200,1775600,6,6,"ENSE00001156327",87952118,87952259,87952118,87952259,142,1,TRUE,0.593052109181141,4,"moderate_resolution_50_75pct",TRUE,TRUE
"CNA_event_000113","PATSIL","HETDEL",113,"10",87944601,89720200,1775600,7,7,"ENSE00003725338",87957853,87958019,87957853,87958019,167,1,TRUE,0.593052109181141,4,"moderate_resolution_50_75pct",TRUE,TRUE
"CNA_event_000113","PATSIL","HETDEL",113,"10",87944601,89720200,1775600,8,8,"ENSE00001156315",87960894,87961118,87960894,87961118,225,1,TRUE,0.593052109181141,4,"moderate_resolution_50_75pct",TRUE,TRUE
"CNA_event_000113","PATSIL","HETDEL",113,"10",87944601,89720200,1775600,9,9,"ENSE00001456541",87965287,87965469,87965287,87965469,183,1,TRUE,0.593052109181141,4,"moderate_resolution_50_75pct",TRUE,TRUE
"CNA_event_000114","PATLUU","HETDEL",114,"10",87877601,89943600,2066000,2,2,"ENSE00001156351",87894025,87894109,87894025,87894109,85,1,TRUE,0.934656741108354,8,"very_low_resolution_90_lt_100pct",TRUE,TRUE
"CNA_event_000114","PATLUU","HETDEL",114,"10",87877601,89943600,2066000,3,3,"ENSE00001156344",87925513,87925557,87925513,87925557,45,1,TRUE,0.934656741108354,8,"very_low_resolution_90_lt_100pct",TRUE,TRUE
"CNA_event_000114","PATLUU","HETDEL",114,"10",87877601,89943600,2066000,4,4,"ENSE00003595610",87931046,87931089,87931046,87931089,44,1,TRUE,0.934656741108354,8,"very_low_resolution_90_lt_100pct",TRUE,TRUE
"CNA_event_000114","PATLUU","HETDEL",114,"10",87877601,89943600,2066000,5,5,"ENSE00001156330",87933013,87933251,87933013,87933251,239,1,TRUE,0.934656741108354,8,"very_low_resolution_90_lt_100pct",TRUE,TRUE
"CNA_event_000114","PATLUU","HETDEL",114,"10",87877601,89943600,2066000,6,6,"ENSE00001156327",87952118,87952259,87952118,87952259,142,1,TRUE,0.934656741108354,8,"very_low_resolution_90_lt_100pct",TRUE,TRUE
"CNA_event_000114","PATLUU","HETDEL",114,"10",87877601,89943600,2066000,7,7,"ENSE00003725338",87957853,87958019,87957853,87958019,167,1,TRUE,0.934656741108354,8,"very_low_resolution_90_lt_100pct",TRUE,TRUE
"CNA_event_000114","PATLUU","HETDEL",114,"10",87877601,89943600,2066000,8,8,"ENSE00001156315",87960894,87961118,87960894,87961118,225,1,TRUE,0.934656741108354,8,"very_low_resolution_90_lt_100pct",TRUE,TRUE
"CNA_event_000114","PATLUU","HETDEL",114,"10",87877601,89943600,2066000,9,9,"ENSE00001456541",87965287,87965469,87965287,87965469,183,1,TRUE,0.934656741108354,8,"very_low_resolution_90_lt_100pct",TRUE,TRUE
"CNA_event_000115","PATKPW","HETDEL",115,"10",87867801,87971000,103200,2,2,"ENSE00001156351",87894025,87894109,87894025,87894109,85,1,TRUE,0.934656741108354,8,"very_low_resolution_90_lt_100pct",TRUE,TRUE
"CNA_event_000115","PATKPW","HETDEL",115,"10",87867801,87971000,103200,3,3,"ENSE00001156344",87925513,87925557,87925513,87925557,45,1,TRUE,0.934656741108354,8,"very_low_resolution_90_lt_100pct",TRUE,TRUE
"CNA_event_000115","PATKPW","HETDEL",115,"10",87867801,87971000,103200,4,4,"ENSE00003595610",87931046,87931089,87931046,87931089,44,1,TRUE,0.934656741108354,8,"very_low_resolution_90_lt_100pct",TRUE,TRUE
"CNA_event_000115","PATKPW","HETDEL",115,"10",87867801,87971000,103200,5,5,"ENSE00001156330",87933013,87933251,87933013,87933251,239,1,TRUE,0.934656741108354,8,"very_low_resolution_90_lt_100pct",TRUE,TRUE
"CNA_event_000115","PATKPW","HETDEL",115,"10",87867801,87971000,103200,6,6,"ENSE00001156327",87952118,87952259,87952118,87952259,142,1,TRUE,0.934656741108354,8,"very_low_resolution_90_lt_100pct",TRUE,TRUE
"CNA_event_000115","PATKPW","HETDEL",115,"10",87867801,87971000,103200,7,7,"ENSE00003725338",87957853,87958019,87957853,87958019,167,1,TRUE,0.934656741108354,8,"very_low_resolution_90_lt_100pct",TRUE,TRUE
"CNA_event_000115","PATKPW","HETDEL",115,"10",87867801,87971000,103200,8,8,"ENSE00001156315",87960894,87961118,87960894,87961118,225,1,TRUE,0.934656741108354,8,"very_low_resolution_90_lt_100pct",TRUE,TRUE
"CNA_event_000115","PATKPW","HETDEL",115,"10",87867801,87971000,103200,9,9,"ENSE00001456541",87965287,87965469,87965287,87965469,183,1,TRUE,0.934656741108354,8,"very_low_resolution_90_lt_100pct",TRUE,TRUE
"CNA_event_000116","PATKKV","HETDEL",116,"10",87942101,88268600,326500,6,6,"ENSE00001156327",87952118,87952259,87952118,87952259,142,1,TRUE,0.593052109181141,4,"moderate_resolution_50_75pct",TRUE,TRUE
"CNA_event_000116","PATKKV","HETDEL",116,"10",87942101,88268600,326500,7,7,"ENSE00003725338",87957853,87958019,87957853,87958019,167,1,TRUE,0.593052109181141,4,"moderate_resolution_50_75pct",TRUE,TRUE
"CNA_event_000116","PATKKV","HETDEL",116,"10",87942101,88268600,326500,8,8,"ENSE00001156315",87960894,87961118,87960894,87961118,225,1,TRUE,0.593052109181141,4,"moderate_resolution_50_75pct",TRUE,TRUE
"CNA_event_000116","PATKKV","HETDEL",116,"10",87942101,88268600,326500,9,9,"ENSE00001456541",87965287,87965469,87965287,87965469,183,1,TRUE,0.593052109181141,4,"moderate_resolution_50_75pct",TRUE,TRUE
"CNA_event_000117","PATHSL","HETDEL",117,"10",87930001,88150600,220600,4,4,"ENSE00003595610",87931046,87931089,87931046,87931089,44,1,TRUE,0.827129859387924,6,"low_resolution_75_90pct",TRUE,TRUE
"CNA_event_000117","PATHSL","HETDEL",117,"10",87930001,88150600,220600,5,5,"ENSE00001156330",87933013,87933251,87933013,87933251,239,1,TRUE,0.827129859387924,6,"low_resolution_75_90pct",TRUE,TRUE
"CNA_event_000117","PATHSL","HETDEL",117,"10",87930001,88150600,220600,6,6,"ENSE00001156327",87952118,87952259,87952118,87952259,142,1,TRUE,0.827129859387924,6,"low_resolution_75_90pct",TRUE,TRUE
"CNA_event_000117","PATHSL","HETDEL",117,"10",87930001,88150600,220600,7,7,"ENSE00003725338",87957853,87958019,87957853,87958019,167,1,TRUE,0.827129859387924,6,"low_resolution_75_90pct",TRUE,TRUE
"CNA_event_000117","PATHSL","HETDEL",117,"10",87930001,88150600,220600,8,8,"ENSE00001156315",87960894,87961118,87960894,87961118,225,1,TRUE,0.827129859387924,6,"low_resolution_75_90pct",TRUE,TRUE
"CNA_event_000117","PATHSL","HETDEL",117,"10",87930001,88150600,220600,9,9,"ENSE00001456541",87965287,87965469,87965287,87965469,183,1,TRUE,0.827129859387924,6,"low_resolution_75_90pct",TRUE,TRUE
"CNA_event_000118","PATHRE","HETDEL",118,"10",87865101,87929900,64800,2,2,"ENSE00001156351",87894025,87894109,87894025,87894109,85,1,TRUE,0.10752688172043,2,"high_resolution_le_50pct",TRUE,TRUE
"CNA_event_000118","PATHRE","HETDEL",118,"10",87865101,87929900,64800,3,3,"ENSE00001156344",87925513,87925557,87925513,87925557,45,1,TRUE,0.10752688172043,2,"high_resolution_le_50pct",TRUE,TRUE
"CNA_event_000119","PATDEK","HETDEL",119,"10",87864501,87944500,80000,1,1,"ENSE00004011725",87864470,87864548,87864501,87864548,48,0.607594936708861,TRUE,0.381306865177833,5,"high_resolution_le_50pct",TRUE,TRUE
"CNA_event_000119","PATDEK","HETDEL",119,"10",87864501,87944500,80000,2,2,"ENSE00001156351",87894025,87894109,87894025,87894109,85,1,TRUE,0.381306865177833,5,"high_resolution_le_50pct",TRUE,TRUE
"CNA_event_000119","PATDEK","HETDEL",119,"10",87864501,87944500,80000,3,3,"ENSE00001156344",87925513,87925557,87925513,87925557,45,1,TRUE,0.381306865177833,5,"high_resolution_le_50pct",TRUE,TRUE
"CNA_event_000119","PATDEK","HETDEL",119,"10",87864501,87944500,80000,4,4,"ENSE00003595610",87931046,87931089,87931046,87931089,44,1,TRUE,0.381306865177833,5,"high_resolution_le_50pct",TRUE,TRUE
"CNA_event_000119","PATDEK","HETDEL",119,"10",87864501,87944500,80000,5,5,"ENSE00001156330",87933013,87933251,87933013,87933251,239,1,TRUE,0.381306865177833,5,"high_resolution_le_50pct",TRUE,TRUE
"CNA_event_000120","PATCWW","HETDEL",120,"10",87865101,87944300,79200,2,2,"ENSE00001156351",87894025,87894109,87894025,87894109,85,1,TRUE,0.341604631927213,4,"high_resolution_le_50pct",TRUE,TRUE
"CNA_event_000120","PATCWW","HETDEL",120,"10",87865101,87944300,79200,3,3,"ENSE00001156344",87925513,87925557,87925513,87925557,45,1,TRUE,0.341604631927213,4,"high_resolution_le_50pct",TRUE,TRUE
"CNA_event_000120","PATCWW","HETDEL",120,"10",87865101,87944300,79200,4,4,"ENSE00003595610",87931046,87931089,87931046,87931089,44,1,TRUE,0.341604631927213,4,"high_resolution_le_50pct",TRUE,TRUE
"CNA_event_000120","PATCWW","HETDEL",120,"10",87865101,87944300,79200,5,5,"ENSE00001156330",87933013,87933251,87933013,87933251,239,1,TRUE,0.341604631927213,4,"high_resolution_le_50pct",TRUE,TRUE
"CNA_event_000121","PASXAY","HETDEL",121,"10",86521501,89644100,3122600,1,1,"ENSE00004011725",87864470,87864548,87864470,87864548,79,1,TRUE,1,9,"whole_coding_sequence",TRUE,FALSE
"CNA_event_000121","PASXAY","HETDEL",121,"10",86521501,89644100,3122600,2,2,"ENSE00001156351",87894025,87894109,87894025,87894109,85,1,TRUE,1,9,"whole_coding_sequence",TRUE,FALSE
"CNA_event_000121","PASXAY","HETDEL",121,"10",86521501,89644100,3122600,3,3,"ENSE00001156344",87925513,87925557,87925513,87925557,45,1,TRUE,1,9,"whole_coding_sequence",TRUE,FALSE
"CNA_event_000121","PASXAY","HETDEL",121,"10",86521501,89644100,3122600,4,4,"ENSE00003595610",87931046,87931089,87931046,87931089,44,1,TRUE,1,9,"whole_coding_sequence",TRUE,FALSE
"CNA_event_000121","PASXAY","HETDEL",121,"10",86521501,89644100,3122600,5,5,"ENSE00001156330",87933013,87933251,87933013,87933251,239,1,TRUE,1,9,"whole_coding_sequence",TRUE,FALSE
"CNA_event_000121","PASXAY","HETDEL",121,"10",86521501,89644100,3122600,6,6,"ENSE00001156327",87952118,87952259,87952118,87952259,142,1,TRUE,1,9,"whole_coding_sequence",TRUE,FALSE
"CNA_event_000121","PASXAY","HETDEL",121,"10",86521501,89644100,3122600,7,7,"ENSE00003725338",87957853,87958019,87957853,87958019,167,1,TRUE,1,9,"whole_coding_sequence",TRUE,FALSE
"CNA_event_000121","PASXAY","HETDEL",121,"10",86521501,89644100,3122600,8,8,"ENSE00001156315",87960894,87961118,87960894,87961118,225,1,TRUE,1,9,"whole_coding_sequence",TRUE,FALSE
"CNA_event_000121","PASXAY","HETDEL",121,"10",86521501,89644100,3122600,9,9,"ENSE00001456541",87965287,87965469,87965287,87965469,183,1,TRUE,1,9,"whole_coding_sequence",TRUE,FALSE
"CNA_event_000122","PASVZJ","HETDEL",122,"10",87865101,87944300,79200,2,2,"ENSE00001156351",87894025,87894109,87894025,87894109,85,1,TRUE,0.341604631927213,4,"high_resolution_le_50pct",TRUE,TRUE
"CNA_event_000122","PASVZJ","HETDEL",122,"10",87865101,87944300,79200,3,3,"ENSE00001156344",87925513,87925557,87925513,87925557,45,1,TRUE,0.341604631927213,4,"high_resolution_le_50pct",TRUE,TRUE
"CNA_event_000122","PASVZJ","HETDEL",122,"10",87865101,87944300,79200,4,4,"ENSE00003595610",87931046,87931089,87931046,87931089,44,1,TRUE,0.341604631927213,4,"high_resolution_le_50pct",TRUE,TRUE
"CNA_event_000122","PASVZJ","HETDEL",122,"10",87865101,87944300,79200,5,5,"ENSE00001156330",87933013,87933251,87933013,87933251,239,1,TRUE,0.341604631927213,4,"high_resolution_le_50pct",TRUE,TRUE
"CNA_event_000123","PASMHF","HETDEL",123,"10",87930201,88172400,242200,4,4,"ENSE00003595610",87931046,87931089,87931046,87931089,44,1,TRUE,0.827129859387924,6,"low_resolution_75_90pct",TRUE,TRUE
"CNA_event_000123","PASMHF","HETDEL",123,"10",87930201,88172400,242200,5,5,"ENSE00001156330",87933013,87933251,87933013,87933251,239,1,TRUE,0.827129859387924,6,"low_resolution_75_90pct",TRUE,TRUE
"CNA_event_000123","PASMHF","HETDEL",123,"10",87930201,88172400,242200,6,6,"ENSE00001156327",87952118,87952259,87952118,87952259,142,1,TRUE,0.827129859387924,6,"low_resolution_75_90pct",TRUE,TRUE
"CNA_event_000123","PASMHF","HETDEL",123,"10",87930201,88172400,242200,7,7,"ENSE00003725338",87957853,87958019,87957853,87958019,167,1,TRUE,0.827129859387924,6,"low_resolution_75_90pct",TRUE,TRUE
"CNA_event_000123","PASMHF","HETDEL",123,"10",87930201,88172400,242200,8,8,"ENSE00001156315",87960894,87961118,87960894,87961118,225,1,TRUE,0.827129859387924,6,"low_resolution_75_90pct",TRUE,TRUE
"CNA_event_000123","PASMHF","HETDEL",123,"10",87930201,88172400,242200,9,9,"ENSE00001456541",87965287,87965469,87965287,87965469,183,1,TRUE,0.827129859387924,6,"low_resolution_75_90pct",TRUE,TRUE
"CNA_event_000125","PASIJX","HETDEL",125,"10",87862701,87929800,67100,1,1,"ENSE00004011725",87864470,87864548,87864470,87864548,79,1,TRUE,0.172870140612076,3,"high_resolution_le_50pct",TRUE,TRUE
"CNA_event_000125","PASIJX","HETDEL",125,"10",87862701,87929800,67100,2,2,"ENSE00001156351",87894025,87894109,87894025,87894109,85,1,TRUE,0.172870140612076,3,"high_resolution_le_50pct",TRUE,TRUE
"CNA_event_000125","PASIJX","HETDEL",125,"10",87862701,87929800,67100,3,3,"ENSE00001156344",87925513,87925557,87925513,87925557,45,1,TRUE,0.172870140612076,3,"high_resolution_le_50pct",TRUE,TRUE
"CNA_event_000126","PASIJX","HETDEL",126,"10",87929801,88499200,569400,4,4,"ENSE00003595610",87931046,87931089,87931046,87931089,44,1,TRUE,0.827129859387924,6,"low_resolution_75_90pct",TRUE,TRUE
"CNA_event_000126","PASIJX","HETDEL",126,"10",87929801,88499200,569400,5,5,"ENSE00001156330",87933013,87933251,87933013,87933251,239,1,TRUE,0.827129859387924,6,"low_resolution_75_90pct",TRUE,TRUE
"CNA_event_000126","PASIJX","HETDEL",126,"10",87929801,88499200,569400,6,6,"ENSE00001156327",87952118,87952259,87952118,87952259,142,1,TRUE,0.827129859387924,6,"low_resolution_75_90pct",TRUE,TRUE
"CNA_event_000126","PASIJX","HETDEL",126,"10",87929801,88499200,569400,7,7,"ENSE00003725338",87957853,87958019,87957853,87958019,167,1,TRUE,0.827129859387924,6,"low_resolution_75_90pct",TRUE,TRUE
"CNA_event_000126","PASIJX","HETDEL",126,"10",87929801,88499200,569400,8,8,"ENSE00001156315",87960894,87961118,87960894,87961118,225,1,TRUE,0.827129859387924,6,"low_resolution_75_90pct",TRUE,TRUE
"CNA_event_000126","PASIJX","HETDEL",126,"10",87929801,88499200,569400,9,9,"ENSE00001456541",87965287,87965469,87965287,87965469,183,1,TRUE,0.827129859387924,6,"low_resolution_75_90pct",TRUE,TRUE
"CNA_event_000127","PASFSI","HETDEL",127,"10",87805501,88172400,366900,1,1,"ENSE00004011725",87864470,87864548,87864470,87864548,79,1,TRUE,1,9,"whole_coding_sequence",TRUE,FALSE
"CNA_event_000127","PASFSI","HETDEL",127,"10",87805501,88172400,366900,2,2,"ENSE00001156351",87894025,87894109,87894025,87894109,85,1,TRUE,1,9,"whole_coding_sequence",TRUE,FALSE
"CNA_event_000127","PASFSI","HETDEL",127,"10",87805501,88172400,366900,3,3,"ENSE00001156344",87925513,87925557,87925513,87925557,45,1,TRUE,1,9,"whole_coding_sequence",TRUE,FALSE
"CNA_event_000127","PASFSI","HETDEL",127,"10",87805501,88172400,366900,4,4,"ENSE00003595610",87931046,87931089,87931046,87931089,44,1,TRUE,1,9,"whole_coding_sequence",TRUE,FALSE
"CNA_event_000127","PASFSI","HETDEL",127,"10",87805501,88172400,366900,5,5,"ENSE00001156330",87933013,87933251,87933013,87933251,239,1,TRUE,1,9,"whole_coding_sequence",TRUE,FALSE
"CNA_event_000127","PASFSI","HETDEL",127,"10",87805501,88172400,366900,6,6,"ENSE00001156327",87952118,87952259,87952118,87952259,142,1,TRUE,1,9,"whole_coding_sequence",TRUE,FALSE
"CNA_event_000127","PASFSI","HETDEL",127,"10",87805501,88172400,366900,7,7,"ENSE00003725338",87957853,87958019,87957853,87958019,167,1,TRUE,1,9,"whole_coding_sequence",TRUE,FALSE
"CNA_event_000127","PASFSI","HETDEL",127,"10",87805501,88172400,366900,8,8,"ENSE00001156315",87960894,87961118,87960894,87961118,225,1,TRUE,1,9,"whole_coding_sequence",TRUE,FALSE
"CNA_event_000127","PASFSI","HETDEL",127,"10",87805501,88172400,366900,9,9,"ENSE00001456541",87965287,87965469,87965287,87965469,183,1,TRUE,1,9,"whole_coding_sequence",TRUE,FALSE
"CNA_event_000128","PARXHT","HETDEL",128,"10",87864801,88172400,307600,2,2,"ENSE00001156351",87894025,87894109,87894025,87894109,85,1,TRUE,0.934656741108354,8,"very_low_resolution_90_lt_100pct",TRUE,TRUE
"CNA_event_000128","PARXHT","HETDEL",128,"10",87864801,88172400,307600,3,3,"ENSE00001156344",87925513,87925557,87925513,87925557,45,1,TRUE,0.934656741108354,8,"very_low_resolution_90_lt_100pct",TRUE,TRUE
"CNA_event_000128","PARXHT","HETDEL",128,"10",87864801,88172400,307600,4,4,"ENSE00003595610",87931046,87931089,87931046,87931089,44,1,TRUE,0.934656741108354,8,"very_low_resolution_90_lt_100pct",TRUE,TRUE
"CNA_event_000128","PARXHT","HETDEL",128,"10",87864801,88172400,307600,5,5,"ENSE00001156330",87933013,87933251,87933013,87933251,239,1,TRUE,0.934656741108354,8,"very_low_resolution_90_lt_100pct",TRUE,TRUE
"CNA_event_000128","PARXHT","HETDEL",128,"10",87864801,88172400,307600,6,6,"ENSE00001156327",87952118,87952259,87952118,87952259,142,1,TRUE,0.934656741108354,8,"very_low_resolution_90_lt_100pct",TRUE,TRUE
"CNA_event_000128","PARXHT","HETDEL",128,"10",87864801,88172400,307600,7,7,"ENSE00003725338",87957853,87958019,87957853,87958019,167,1,TRUE,0.934656741108354,8,"very_low_resolution_90_lt_100pct",TRUE,TRUE
"CNA_event_000128","PARXHT","HETDEL",128,"10",87864801,88172400,307600,8,8,"ENSE00001156315",87960894,87961118,87960894,87961118,225,1,TRUE,0.934656741108354,8,"very_low_resolution_90_lt_100pct",TRUE,TRUE
"CNA_event_000128","PARXHT","HETDEL",128,"10",87864801,88172400,307600,9,9,"ENSE00001456541",87965287,87965469,87965287,87965469,183,1,TRUE,0.934656741108354,8,"very_low_resolution_90_lt_100pct",TRUE,TRUE
"CNA_event_000129","PARMJA","HETDEL",129,"10",87894701,87939600,44900,3,3,"ENSE00001156344",87925513,87925557,87925513,87925557,45,1,TRUE,0.271298593879239,3,"high_resolution_le_50pct",TRUE,TRUE
"CNA_event_000129","PARMJA","HETDEL",129,"10",87894701,87939600,44900,4,4,"ENSE00003595610",87931046,87931089,87931046,87931089,44,1,TRUE,0.271298593879239,3,"high_resolution_le_50pct",TRUE,TRUE
"CNA_event_000129","PARMJA","HETDEL",129,"10",87894701,87939600,44900,5,5,"ENSE00001156330",87933013,87933251,87933013,87933251,239,1,TRUE,0.271298593879239,3,"high_resolution_le_50pct",TRUE,TRUE
"CNA_event_000130","PARGHJ","HETDEL",130,"10",87865101,88172400,307300,2,2,"ENSE00001156351",87894025,87894109,87894025,87894109,85,1,TRUE,0.934656741108354,8,"very_low_resolution_90_lt_100pct",TRUE,TRUE
"CNA_event_000130","PARGHJ","HETDEL",130,"10",87865101,88172400,307300,3,3,"ENSE00001156344",87925513,87925557,87925513,87925557,45,1,TRUE,0.934656741108354,8,"very_low_resolution_90_lt_100pct",TRUE,TRUE
"CNA_event_000130","PARGHJ","HETDEL",130,"10",87865101,88172400,307300,4,4,"ENSE00003595610",87931046,87931089,87931046,87931089,44,1,TRUE,0.934656741108354,8,"very_low_resolution_90_lt_100pct",TRUE,TRUE
"CNA_event_000130","PARGHJ","HETDEL",130,"10",87865101,88172400,307300,5,5,"ENSE00001156330",87933013,87933251,87933013,87933251,239,1,TRUE,0.934656741108354,8,"very_low_resolution_90_lt_100pct",TRUE,TRUE
"CNA_event_000130","PARGHJ","HETDEL",130,"10",87865101,88172400,307300,6,6,"ENSE00001156327",87952118,87952259,87952118,87952259,142,1,TRUE,0.934656741108354,8,"very_low_resolution_90_lt_100pct",TRUE,TRUE
"CNA_event_000130","PARGHJ","HETDEL",130,"10",87865101,88172400,307300,7,7,"ENSE00003725338",87957853,87958019,87957853,87958019,167,1,TRUE,0.934656741108354,8,"very_low_resolution_90_lt_100pct",TRUE,TRUE
"CNA_event_000130","PARGHJ","HETDEL",130,"10",87865101,88172400,307300,8,8,"ENSE00001156315",87960894,87961118,87960894,87961118,225,1,TRUE,0.934656741108354,8,"very_low_resolution_90_lt_100pct",TRUE,TRUE
"CNA_event_000130","PARGHJ","HETDEL",130,"10",87865101,88172400,307300,9,9,"ENSE00001456541",87965287,87965469,87965287,87965469,183,1,TRUE,0.934656741108354,8,"very_low_resolution_90_lt_100pct",TRUE,TRUE
"CNA_event_000131","PARBTF","HETDEL",131,"10",87865201,87940100,74900,2,2,"ENSE00001156351",87894025,87894109,87894025,87894109,85,1,TRUE,0.341604631927213,4,"high_resolution_le_50pct",TRUE,TRUE
"CNA_event_000131","PARBTF","HETDEL",131,"10",87865201,87940100,74900,3,3,"ENSE00001156344",87925513,87925557,87925513,87925557,45,1,TRUE,0.341604631927213,4,"high_resolution_le_50pct",TRUE,TRUE
"CNA_event_000131","PARBTF","HETDEL",131,"10",87865201,87940100,74900,4,4,"ENSE00003595610",87931046,87931089,87931046,87931089,44,1,TRUE,0.341604631927213,4,"high_resolution_le_50pct",TRUE,TRUE
"CNA_event_000131","PARBTF","HETDEL",131,"10",87865201,87940100,74900,5,5,"ENSE00001156330",87933013,87933251,87933013,87933251,239,1,TRUE,0.341604631927213,4,"high_resolution_le_50pct",TRUE,TRUE
"CNA_event_000132","PARBTF","HETDEL",132,"10",87940101,88172600,232500,6,6,"ENSE00001156327",87952118,87952259,87952118,87952259,142,1,TRUE,0.593052109181141,4,"moderate_resolution_50_75pct",TRUE,TRUE
"CNA_event_000132","PARBTF","HETDEL",132,"10",87940101,88172600,232500,7,7,"ENSE00003725338",87957853,87958019,87957853,87958019,167,1,TRUE,0.593052109181141,4,"moderate_resolution_50_75pct",TRUE,TRUE
"CNA_event_000132","PARBTF","HETDEL",132,"10",87940101,88172600,232500,8,8,"ENSE00001156315",87960894,87961118,87960894,87961118,225,1,TRUE,0.593052109181141,4,"moderate_resolution_50_75pct",TRUE,TRUE
"CNA_event_000132","PARBTF","HETDEL",132,"10",87940101,88172600,232500,9,9,"ENSE00001456541",87965287,87965469,87965287,87965469,183,1,TRUE,0.593052109181141,4,"moderate_resolution_50_75pct",TRUE,TRUE
"CNA_event_000133","PAVSZX","HETDEL",133,"10",87861301,87969100,107800,1,1,"ENSE00004011725",87864470,87864548,87864470,87864548,79,1,TRUE,1,9,"whole_coding_sequence",TRUE,FALSE
"CNA_event_000133","PAVSZX","HETDEL",133,"10",87861301,87969100,107800,2,2,"ENSE00001156351",87894025,87894109,87894025,87894109,85,1,TRUE,1,9,"whole_coding_sequence",TRUE,FALSE
"CNA_event_000133","PAVSZX","HETDEL",133,"10",87861301,87969100,107800,3,3,"ENSE00001156344",87925513,87925557,87925513,87925557,45,1,TRUE,1,9,"whole_coding_sequence",TRUE,FALSE
"CNA_event_000133","PAVSZX","HETDEL",133,"10",87861301,87969100,107800,4,4,"ENSE00003595610",87931046,87931089,87931046,87931089,44,1,TRUE,1,9,"whole_coding_sequence",TRUE,FALSE
"CNA_event_000133","PAVSZX","HETDEL",133,"10",87861301,87969100,107800,5,5,"ENSE00001156330",87933013,87933251,87933013,87933251,239,1,TRUE,1,9,"whole_coding_sequence",TRUE,FALSE
"CNA_event_000133","PAVSZX","HETDEL",133,"10",87861301,87969100,107800,6,6,"ENSE00001156327",87952118,87952259,87952118,87952259,142,1,TRUE,1,9,"whole_coding_sequence",TRUE,FALSE
"CNA_event_000133","PAVSZX","HETDEL",133,"10",87861301,87969100,107800,7,7,"ENSE00003725338",87957853,87958019,87957853,87958019,167,1,TRUE,1,9,"whole_coding_sequence",TRUE,FALSE
"CNA_event_000133","PAVSZX","HETDEL",133,"10",87861301,87969100,107800,8,8,"ENSE00001156315",87960894,87961118,87960894,87961118,225,1,TRUE,1,9,"whole_coding_sequence",TRUE,FALSE
"CNA_event_000133","PAVSZX","HETDEL",133,"10",87861301,87969100,107800,9,9,"ENSE00001456541",87965287,87965469,87965287,87965469,183,1,TRUE,1,9,"whole_coding_sequence",TRUE,FALSE
"CNA_event_000134","PAVEUT","HETDEL",134,"10",87863401,87930500,67100,1,1,"ENSE00004011725",87864470,87864548,87864470,87864548,79,1,TRUE,0.172870140612076,3,"high_resolution_le_50pct",TRUE,TRUE
"CNA_event_000134","PAVEUT","HETDEL",134,"10",87863401,87930500,67100,2,2,"ENSE00001156351",87894025,87894109,87894025,87894109,85,1,TRUE,0.172870140612076,3,"high_resolution_le_50pct",TRUE,TRUE
"CNA_event_000134","PAVEUT","HETDEL",134,"10",87863401,87930500,67100,3,3,"ENSE00001156344",87925513,87925557,87925513,87925557,45,1,TRUE,0.172870140612076,3,"high_resolution_le_50pct",TRUE,TRUE
"CNA_event_000135","PAVFAC","HETDEL",135,"10",87865101,87941300,76200,2,2,"ENSE00001156351",87894025,87894109,87894025,87894109,85,1,TRUE,0.341604631927213,4,"high_resolution_le_50pct",TRUE,TRUE
"CNA_event_000135","PAVFAC","HETDEL",135,"10",87865101,87941300,76200,3,3,"ENSE00001156344",87925513,87925557,87925513,87925557,45,1,TRUE,0.341604631927213,4,"high_resolution_le_50pct",TRUE,TRUE
"CNA_event_000135","PAVFAC","HETDEL",135,"10",87865101,87941300,76200,4,4,"ENSE00003595610",87931046,87931089,87931046,87931089,44,1,TRUE,0.341604631927213,4,"high_resolution_le_50pct",TRUE,TRUE
"CNA_event_000135","PAVFAC","HETDEL",135,"10",87865101,87941300,76200,5,5,"ENSE00001156330",87933013,87933251,87933013,87933251,239,1,TRUE,0.341604631927213,4,"high_resolution_le_50pct",TRUE,TRUE
"CNA_event_000136","PAUPVR","HETDEL",136,"10",87944401,88172300,227900,6,6,"ENSE00001156327",87952118,87952259,87952118,87952259,142,1,TRUE,0.593052109181141,4,"moderate_resolution_50_75pct",TRUE,TRUE
"CNA_event_000136","PAUPVR","HETDEL",136,"10",87944401,88172300,227900,7,7,"ENSE00003725338",87957853,87958019,87957853,87958019,167,1,TRUE,0.593052109181141,4,"moderate_resolution_50_75pct",TRUE,TRUE
"CNA_event_000136","PAUPVR","HETDEL",136,"10",87944401,88172300,227900,8,8,"ENSE00001156315",87960894,87961118,87960894,87961118,225,1,TRUE,0.593052109181141,4,"moderate_resolution_50_75pct",TRUE,TRUE
"CNA_event_000136","PAUPVR","HETDEL",136,"10",87944401,88172300,227900,9,9,"ENSE00001456541",87965287,87965469,87965287,87965469,183,1,TRUE,0.593052109181141,4,"moderate_resolution_50_75pct",TRUE,TRUE
"CNA_event_000137","PAUEGE","HETDEL",137,"10",87929901,88172200,242300,4,4,"ENSE00003595610",87931046,87931089,87931046,87931089,44,1,TRUE,0.827129859387924,6,"low_resolution_75_90pct",TRUE,TRUE
"CNA_event_000137","PAUEGE","HETDEL",137,"10",87929901,88172200,242300,5,5,"ENSE00001156330",87933013,87933251,87933013,87933251,239,1,TRUE,0.827129859387924,6,"low_resolution_75_90pct",TRUE,TRUE
"CNA_event_000137","PAUEGE","HETDEL",137,"10",87929901,88172200,242300,6,6,"ENSE00001156327",87952118,87952259,87952118,87952259,142,1,TRUE,0.827129859387924,6,"low_resolution_75_90pct",TRUE,TRUE
"CNA_event_000137","PAUEGE","HETDEL",137,"10",87929901,88172200,242300,7,7,"ENSE00003725338",87957853,87958019,87957853,87958019,167,1,TRUE,0.827129859387924,6,"low_resolution_75_90pct",TRUE,TRUE
"CNA_event_000137","PAUEGE","HETDEL",137,"10",87929901,88172200,242300,8,8,"ENSE00001156315",87960894,87961118,87960894,87961118,225,1,TRUE,0.827129859387924,6,"low_resolution_75_90pct",TRUE,TRUE
"CNA_event_000137","PAUEGE","HETDEL",137,"10",87929901,88172200,242300,9,9,"ENSE00001456541",87965287,87965469,87965287,87965469,183,1,TRUE,0.827129859387924,6,"low_resolution_75_90pct",TRUE,TRUE
"CNA_event_000138","PAVRLT","HETDEL",138,"10",87865101,88172200,307100,2,2,"ENSE00001156351",87894025,87894109,87894025,87894109,85,1,TRUE,0.934656741108354,8,"very_low_resolution_90_lt_100pct",TRUE,TRUE
"CNA_event_000138","PAVRLT","HETDEL",138,"10",87865101,88172200,307100,3,3,"ENSE00001156344",87925513,87925557,87925513,87925557,45,1,TRUE,0.934656741108354,8,"very_low_resolution_90_lt_100pct",TRUE,TRUE
"CNA_event_000138","PAVRLT","HETDEL",138,"10",87865101,88172200,307100,4,4,"ENSE00003595610",87931046,87931089,87931046,87931089,44,1,TRUE,0.934656741108354,8,"very_low_resolution_90_lt_100pct",TRUE,TRUE
"CNA_event_000138","PAVRLT","HETDEL",138,"10",87865101,88172200,307100,5,5,"ENSE00001156330",87933013,87933251,87933013,87933251,239,1,TRUE,0.934656741108354,8,"very_low_resolution_90_lt_100pct",TRUE,TRUE
"CNA_event_000138","PAVRLT","HETDEL",138,"10",87865101,88172200,307100,6,6,"ENSE00001156327",87952118,87952259,87952118,87952259,142,1,TRUE,0.934656741108354,8,"very_low_resolution_90_lt_100pct",TRUE,TRUE
"CNA_event_000138","PAVRLT","HETDEL",138,"10",87865101,88172200,307100,7,7,"ENSE00003725338",87957853,87958019,87957853,87958019,167,1,TRUE,0.934656741108354,8,"very_low_resolution_90_lt_100pct",TRUE,TRUE
"CNA_event_000138","PAVRLT","HETDEL",138,"10",87865101,88172200,307100,8,8,"ENSE00001156315",87960894,87961118,87960894,87961118,225,1,TRUE,0.934656741108354,8,"very_low_resolution_90_lt_100pct",TRUE,TRUE
"CNA_event_000138","PAVRLT","HETDEL",138,"10",87865101,88172200,307100,9,9,"ENSE00001456541",87965287,87965469,87965287,87965469,183,1,TRUE,0.934656741108354,8,"very_low_resolution_90_lt_100pct",TRUE,TRUE
"CNA_event_000139","PATUWK","HETDEL",139,"10",87929501,87958000,28500,4,4,"ENSE00003595610",87931046,87931089,87931046,87931089,44,1,TRUE,0.47394540942928,4,"high_resolution_le_50pct",TRUE,TRUE
"CNA_event_000139","PATUWK","HETDEL",139,"10",87929501,87958000,28500,5,5,"ENSE00001156330",87933013,87933251,87933013,87933251,239,1,TRUE,0.47394540942928,4,"high_resolution_le_50pct",TRUE,TRUE
"CNA_event_000139","PATUWK","HETDEL",139,"10",87929501,87958000,28500,6,6,"ENSE00001156327",87952118,87952259,87952118,87952259,142,1,TRUE,0.47394540942928,4,"high_resolution_le_50pct",TRUE,TRUE
"CNA_event_000139","PATUWK","HETDEL",139,"10",87929501,87958000,28500,7,7,"ENSE00003725338",87957853,87958019,87957853,87958000,148,0.88622754491018,TRUE,0.47394540942928,4,"high_resolution_le_50pct",TRUE,TRUE
"CNA_event_000140","PATKWU","HETDEL",140,"10",87150001,87943900,793900,1,1,"ENSE00004011725",87864470,87864548,87864470,87864548,79,1,TRUE,0.406947890818859,5,"high_resolution_le_50pct",TRUE,TRUE
"CNA_event_000140","PATKWU","HETDEL",140,"10",87150001,87943900,793900,2,2,"ENSE00001156351",87894025,87894109,87894025,87894109,85,1,TRUE,0.406947890818859,5,"high_resolution_le_50pct",TRUE,TRUE
"CNA_event_000140","PATKWU","HETDEL",140,"10",87150001,87943900,793900,3,3,"ENSE00001156344",87925513,87925557,87925513,87925557,45,1,TRUE,0.406947890818859,5,"high_resolution_le_50pct",TRUE,TRUE
"CNA_event_000140","PATKWU","HETDEL",140,"10",87150001,87943900,793900,4,4,"ENSE00003595610",87931046,87931089,87931046,87931089,44,1,TRUE,0.406947890818859,5,"high_resolution_le_50pct",TRUE,TRUE
"CNA_event_000140","PATKWU","HETDEL",140,"10",87150001,87943900,793900,5,5,"ENSE00001156330",87933013,87933251,87933013,87933251,239,1,TRUE,0.406947890818859,5,"high_resolution_le_50pct",TRUE,TRUE
"CNA_event_000141","PASLXY","HETDEL",141,"10",87865701,87929900,64200,2,2,"ENSE00001156351",87894025,87894109,87894025,87894109,85,1,TRUE,0.10752688172043,2,"high_resolution_le_50pct",TRUE,TRUE
"CNA_event_000141","PASLXY","HETDEL",141,"10",87865701,87929900,64200,3,3,"ENSE00001156344",87925513,87925557,87925513,87925557,45,1,TRUE,0.10752688172043,2,"high_resolution_le_50pct",TRUE,TRUE
"CNA_event_000142","PASGEC","HETDEL",142,"10",87521401,89223000,1701600,1,1,"ENSE00004011725",87864470,87864548,87864470,87864548,79,1,TRUE,1,9,"whole_coding_sequence",TRUE,FALSE
"CNA_event_000142","PASGEC","HETDEL",142,"10",87521401,89223000,1701600,2,2,"ENSE00001156351",87894025,87894109,87894025,87894109,85,1,TRUE,1,9,"whole_coding_sequence",TRUE,FALSE
"CNA_event_000142","PASGEC","HETDEL",142,"10",87521401,89223000,1701600,3,3,"ENSE00001156344",87925513,87925557,87925513,87925557,45,1,TRUE,1,9,"whole_coding_sequence",TRUE,FALSE
"CNA_event_000142","PASGEC","HETDEL",142,"10",87521401,89223000,1701600,4,4,"ENSE00003595610",87931046,87931089,87931046,87931089,44,1,TRUE,1,9,"whole_coding_sequence",TRUE,FALSE
"CNA_event_000142","PASGEC","HETDEL",142,"10",87521401,89223000,1701600,5,5,"ENSE00001156330",87933013,87933251,87933013,87933251,239,1,TRUE,1,9,"whole_coding_sequence",TRUE,FALSE
"CNA_event_000142","PASGEC","HETDEL",142,"10",87521401,89223000,1701600,6,6,"ENSE00001156327",87952118,87952259,87952118,87952259,142,1,TRUE,1,9,"whole_coding_sequence",TRUE,FALSE
"CNA_event_000142","PASGEC","HETDEL",142,"10",87521401,89223000,1701600,7,7,"ENSE00003725338",87957853,87958019,87957853,87958019,167,1,TRUE,1,9,"whole_coding_sequence",TRUE,FALSE
"CNA_event_000142","PASGEC","HETDEL",142,"10",87521401,89223000,1701600,8,8,"ENSE00001156315",87960894,87961118,87960894,87961118,225,1,TRUE,1,9,"whole_coding_sequence",TRUE,FALSE
"CNA_event_000142","PASGEC","HETDEL",142,"10",87521401,89223000,1701600,9,9,"ENSE00001456541",87965287,87965469,87965287,87965469,183,1,TRUE,1,9,"whole_coding_sequence",TRUE,FALSE
"CNA_event_000143","PAWCUT","HETDEL",143,"10",87865092,87944333,79242,2,2,"ENSE00001156351",87894025,87894109,87894025,87894109,85,1,TRUE,0.341604631927213,4,"high_resolution_le_50pct",TRUE,TRUE
"CNA_event_000143","PAWCUT","HETDEL",143,"10",87865092,87944333,79242,3,3,"ENSE00001156344",87925513,87925557,87925513,87925557,45,1,TRUE,0.341604631927213,4,"high_resolution_le_50pct",TRUE,TRUE
"CNA_event_000143","PAWCUT","HETDEL",143,"10",87865092,87944333,79242,4,4,"ENSE00003595610",87931046,87931089,87931046,87931089,44,1,TRUE,0.341604631927213,4,"high_resolution_le_50pct",TRUE,TRUE
"CNA_event_000143","PAWCUT","HETDEL",143,"10",87865092,87944333,79242,5,5,"ENSE00001156330",87933013,87933251,87933013,87933251,239,1,TRUE,0.341604631927213,4,"high_resolution_le_50pct",TRUE,TRUE
"CNA_event_000144","PAVMVL","HETDEL",144,"10",87865104,88172379,307276,2,2,"ENSE00001156351",87894025,87894109,87894025,87894109,85,1,TRUE,0.934656741108354,8,"very_low_resolution_90_lt_100pct",TRUE,TRUE
"CNA_event_000144","PAVMVL","HETDEL",144,"10",87865104,88172379,307276,3,3,"ENSE00001156344",87925513,87925557,87925513,87925557,45,1,TRUE,0.934656741108354,8,"very_low_resolution_90_lt_100pct",TRUE,TRUE
"CNA_event_000144","PAVMVL","HETDEL",144,"10",87865104,88172379,307276,4,4,"ENSE00003595610",87931046,87931089,87931046,87931089,44,1,TRUE,0.934656741108354,8,"very_low_resolution_90_lt_100pct",TRUE,TRUE
"CNA_event_000144","PAVMVL","HETDEL",144,"10",87865104,88172379,307276,5,5,"ENSE00001156330",87933013,87933251,87933013,87933251,239,1,TRUE,0.934656741108354,8,"very_low_resolution_90_lt_100pct",TRUE,TRUE
"CNA_event_000144","PAVMVL","HETDEL",144,"10",87865104,88172379,307276,6,6,"ENSE00001156327",87952118,87952259,87952118,87952259,142,1,TRUE,0.934656741108354,8,"very_low_resolution_90_lt_100pct",TRUE,TRUE
"CNA_event_000144","PAVMVL","HETDEL",144,"10",87865104,88172379,307276,7,7,"ENSE00003725338",87957853,87958019,87957853,87958019,167,1,TRUE,0.934656741108354,8,"very_low_resolution_90_lt_100pct",TRUE,TRUE
"CNA_event_000144","PAVMVL","HETDEL",144,"10",87865104,88172379,307276,8,8,"ENSE00001156315",87960894,87961118,87960894,87961118,225,1,TRUE,0.934656741108354,8,"very_low_resolution_90_lt_100pct",TRUE,TRUE
"CNA_event_000144","PAVMVL","HETDEL",144,"10",87865104,88172379,307276,9,9,"ENSE00001456541",87965287,87965469,87965287,87965469,183,1,TRUE,0.934656741108354,8,"very_low_resolution_90_lt_100pct",TRUE,TRUE
"CNA_event_000146","PAUKMA","HETDEL",146,"10",87857701,87894300,36600,1,1,"ENSE00004011725",87864470,87864548,87864470,87864548,79,1,TRUE,0.13564929693962,2,"high_resolution_le_50pct",TRUE,TRUE
"CNA_event_000146","PAUKMA","HETDEL",146,"10",87857701,87894300,36600,2,2,"ENSE00001156351",87894025,87894109,87894025,87894109,85,1,TRUE,0.13564929693962,2,"high_resolution_le_50pct",TRUE,TRUE
"CNA_event_000147","PATDRC","HETDEL",147,"10",87353101,93863400,6510300,1,1,"ENSE00004011725",87864470,87864548,87864470,87864548,79,1,TRUE,1,9,"whole_coding_sequence",TRUE,FALSE
"CNA_event_000147","PATDRC","HETDEL",147,"10",87353101,93863400,6510300,2,2,"ENSE00001156351",87894025,87894109,87894025,87894109,85,1,TRUE,1,9,"whole_coding_sequence",TRUE,FALSE
"CNA_event_000147","PATDRC","HETDEL",147,"10",87353101,93863400,6510300,3,3,"ENSE00001156344",87925513,87925557,87925513,87925557,45,1,TRUE,1,9,"whole_coding_sequence",TRUE,FALSE
"CNA_event_000147","PATDRC","HETDEL",147,"10",87353101,93863400,6510300,4,4,"ENSE00003595610",87931046,87931089,87931046,87931089,44,1,TRUE,1,9,"whole_coding_sequence",TRUE,FALSE
"CNA_event_000147","PATDRC","HETDEL",147,"10",87353101,93863400,6510300,5,5,"ENSE00001156330",87933013,87933251,87933013,87933251,239,1,TRUE,1,9,"whole_coding_sequence",TRUE,FALSE
"CNA_event_000147","PATDRC","HETDEL",147,"10",87353101,93863400,6510300,6,6,"ENSE00001156327",87952118,87952259,87952118,87952259,142,1,TRUE,1,9,"whole_coding_sequence",TRUE,FALSE
"CNA_event_000147","PATDRC","HETDEL",147,"10",87353101,93863400,6510300,7,7,"ENSE00003725338",87957853,87958019,87957853,87958019,167,1,TRUE,1,9,"whole_coding_sequence",TRUE,FALSE
"CNA_event_000147","PATDRC","HETDEL",147,"10",87353101,93863400,6510300,8,8,"ENSE00001156315",87960894,87961118,87960894,87961118,225,1,TRUE,1,9,"whole_coding_sequence",TRUE,FALSE
"CNA_event_000147","PATDRC","HETDEL",147,"10",87353101,93863400,6510300,9,9,"ENSE00001456541",87965287,87965469,87965287,87965469,183,1,TRUE,1,9,"whole_coding_sequence",TRUE,FALSE
"CNA_event_000148","PAWGTV","HETDEL",148,"10",76501201,88966900,12465700,1,1,"ENSE00004011725",87864470,87864548,87864470,87864548,79,1,TRUE,1,9,"whole_coding_sequence",TRUE,FALSE
"CNA_event_000148","PAWGTV","HETDEL",148,"10",76501201,88966900,12465700,2,2,"ENSE00001156351",87894025,87894109,87894025,87894109,85,1,TRUE,1,9,"whole_coding_sequence",TRUE,FALSE
"CNA_event_000148","PAWGTV","HETDEL",148,"10",76501201,88966900,12465700,3,3,"ENSE00001156344",87925513,87925557,87925513,87925557,45,1,TRUE,1,9,"whole_coding_sequence",TRUE,FALSE
"CNA_event_000148","PAWGTV","HETDEL",148,"10",76501201,88966900,12465700,4,4,"ENSE00003595610",87931046,87931089,87931046,87931089,44,1,TRUE,1,9,"whole_coding_sequence",TRUE,FALSE
"CNA_event_000148","PAWGTV","HETDEL",148,"10",76501201,88966900,12465700,5,5,"ENSE00001156330",87933013,87933251,87933013,87933251,239,1,TRUE,1,9,"whole_coding_sequence",TRUE,FALSE
"CNA_event_000148","PAWGTV","HETDEL",148,"10",76501201,88966900,12465700,6,6,"ENSE00001156327",87952118,87952259,87952118,87952259,142,1,TRUE,1,9,"whole_coding_sequence",TRUE,FALSE
"CNA_event_000148","PAWGTV","HETDEL",148,"10",76501201,88966900,12465700,7,7,"ENSE00003725338",87957853,87958019,87957853,87958019,167,1,TRUE,1,9,"whole_coding_sequence",TRUE,FALSE
"CNA_event_000148","PAWGTV","HETDEL",148,"10",76501201,88966900,12465700,8,8,"ENSE00001156315",87960894,87961118,87960894,87961118,225,1,TRUE,1,9,"whole_coding_sequence",TRUE,FALSE
"CNA_event_000148","PAWGTV","HETDEL",148,"10",76501201,88966900,12465700,9,9,"ENSE00001456541",87965287,87965469,87965287,87965469,183,1,TRUE,1,9,"whole_coding_sequence",TRUE,FALSE
"CNA_event_000149","PAWFBT","HETDEL",149,"10",86595301,89978600,3383300,1,1,"ENSE00004011725",87864470,87864548,87864470,87864548,79,1,TRUE,1,9,"whole_coding_sequence",TRUE,FALSE
"CNA_event_000149","PAWFBT","HETDEL",149,"10",86595301,89978600,3383300,2,2,"ENSE00001156351",87894025,87894109,87894025,87894109,85,1,TRUE,1,9,"whole_coding_sequence",TRUE,FALSE
"CNA_event_000149","PAWFBT","HETDEL",149,"10",86595301,89978600,3383300,3,3,"ENSE00001156344",87925513,87925557,87925513,87925557,45,1,TRUE,1,9,"whole_coding_sequence",TRUE,FALSE
"CNA_event_000149","PAWFBT","HETDEL",149,"10",86595301,89978600,3383300,4,4,"ENSE00003595610",87931046,87931089,87931046,87931089,44,1,TRUE,1,9,"whole_coding_sequence",TRUE,FALSE
"CNA_event_000149","PAWFBT","HETDEL",149,"10",86595301,89978600,3383300,5,5,"ENSE00001156330",87933013,87933251,87933013,87933251,239,1,TRUE,1,9,"whole_coding_sequence",TRUE,FALSE
"CNA_event_000149","PAWFBT","HETDEL",149,"10",86595301,89978600,3383300,6,6,"ENSE00001156327",87952118,87952259,87952118,87952259,142,1,TRUE,1,9,"whole_coding_sequence",TRUE,FALSE
"CNA_event_000149","PAWFBT","HETDEL",149,"10",86595301,89978600,3383300,7,7,"ENSE00003725338",87957853,87958019,87957853,87958019,167,1,TRUE,1,9,"whole_coding_sequence",TRUE,FALSE
"CNA_event_000149","PAWFBT","HETDEL",149,"10",86595301,89978600,3383300,8,8,"ENSE00001156315",87960894,87961118,87960894,87961118,225,1,TRUE,1,9,"whole_coding_sequence",TRUE,FALSE
"CNA_event_000149","PAWFBT","HETDEL",149,"10",86595301,89978600,3383300,9,9,"ENSE00001456541",87965287,87965469,87965287,87965469,183,1,TRUE,1,9,"whole_coding_sequence",TRUE,FALSE
"CNA_event_000150","PAVKLI","HETDEL",150,"10",87248401,90881500,3633100,1,1,"ENSE00004011725",87864470,87864548,87864470,87864548,79,1,TRUE,1,9,"whole_coding_sequence",TRUE,FALSE
"CNA_event_000150","PAVKLI","HETDEL",150,"10",87248401,90881500,3633100,2,2,"ENSE00001156351",87894025,87894109,87894025,87894109,85,1,TRUE,1,9,"whole_coding_sequence",TRUE,FALSE
"CNA_event_000150","PAVKLI","HETDEL",150,"10",87248401,90881500,3633100,3,3,"ENSE00001156344",87925513,87925557,87925513,87925557,45,1,TRUE,1,9,"whole_coding_sequence",TRUE,FALSE
"CNA_event_000150","PAVKLI","HETDEL",150,"10",87248401,90881500,3633100,4,4,"ENSE00003595610",87931046,87931089,87931046,87931089,44,1,TRUE,1,9,"whole_coding_sequence",TRUE,FALSE
"CNA_event_000150","PAVKLI","HETDEL",150,"10",87248401,90881500,3633100,5,5,"ENSE00001156330",87933013,87933251,87933013,87933251,239,1,TRUE,1,9,"whole_coding_sequence",TRUE,FALSE
"CNA_event_000150","PAVKLI","HETDEL",150,"10",87248401,90881500,3633100,6,6,"ENSE00001156327",87952118,87952259,87952118,87952259,142,1,TRUE,1,9,"whole_coding_sequence",TRUE,FALSE
"CNA_event_000150","PAVKLI","HETDEL",150,"10",87248401,90881500,3633100,7,7,"ENSE00003725338",87957853,87958019,87957853,87958019,167,1,TRUE,1,9,"whole_coding_sequence",TRUE,FALSE
"CNA_event_000150","PAVKLI","HETDEL",150,"10",87248401,90881500,3633100,8,8,"ENSE00001156315",87960894,87961118,87960894,87961118,225,1,TRUE,1,9,"whole_coding_sequence",TRUE,FALSE
"CNA_event_000150","PAVKLI","HETDEL",150,"10",87248401,90881500,3633100,9,9,"ENSE00001456541",87965287,87965469,87965287,87965469,183,1,TRUE,1,9,"whole_coding_sequence",TRUE,FALSE
"CNA_event_000151","PAULMU","HETDEL",151,"10",86095901,87964000,1868100,1,1,"ENSE00004011725",87864470,87864548,87864470,87864548,79,1,TRUE,0.84863523573201,8,"low_resolution_75_90pct",TRUE,TRUE
"CNA_event_000151","PAULMU","HETDEL",151,"10",86095901,87964000,1868100,2,2,"ENSE00001156351",87894025,87894109,87894025,87894109,85,1,TRUE,0.84863523573201,8,"low_resolution_75_90pct",TRUE,TRUE
"CNA_event_000151","PAULMU","HETDEL",151,"10",86095901,87964000,1868100,3,3,"ENSE00001156344",87925513,87925557,87925513,87925557,45,1,TRUE,0.84863523573201,8,"low_resolution_75_90pct",TRUE,TRUE
"CNA_event_000151","PAULMU","HETDEL",151,"10",86095901,87964000,1868100,4,4,"ENSE00003595610",87931046,87931089,87931046,87931089,44,1,TRUE,0.84863523573201,8,"low_resolution_75_90pct",TRUE,TRUE
"CNA_event_000151","PAULMU","HETDEL",151,"10",86095901,87964000,1868100,5,5,"ENSE00001156330",87933013,87933251,87933013,87933251,239,1,TRUE,0.84863523573201,8,"low_resolution_75_90pct",TRUE,TRUE
"CNA_event_000151","PAULMU","HETDEL",151,"10",86095901,87964000,1868100,6,6,"ENSE00001156327",87952118,87952259,87952118,87952259,142,1,TRUE,0.84863523573201,8,"low_resolution_75_90pct",TRUE,TRUE
"CNA_event_000151","PAULMU","HETDEL",151,"10",86095901,87964000,1868100,7,7,"ENSE00003725338",87957853,87958019,87957853,87958019,167,1,TRUE,0.84863523573201,8,"low_resolution_75_90pct",TRUE,TRUE
"CNA_event_000151","PAULMU","HETDEL",151,"10",86095901,87964000,1868100,8,8,"ENSE00001156315",87960894,87961118,87960894,87961118,225,1,TRUE,0.84863523573201,8,"low_resolution_75_90pct",TRUE,TRUE
"CNA_event_000152","PATHJF","HETDEL",152,"10",87779001,88589900,810900,1,1,"ENSE00004011725",87864470,87864548,87864470,87864548,79,1,TRUE,1,9,"whole_coding_sequence",TRUE,FALSE
"CNA_event_000152","PATHJF","HETDEL",152,"10",87779001,88589900,810900,2,2,"ENSE00001156351",87894025,87894109,87894025,87894109,85,1,TRUE,1,9,"whole_coding_sequence",TRUE,FALSE
"CNA_event_000152","PATHJF","HETDEL",152,"10",87779001,88589900,810900,3,3,"ENSE00001156344",87925513,87925557,87925513,87925557,45,1,TRUE,1,9,"whole_coding_sequence",TRUE,FALSE
"CNA_event_000152","PATHJF","HETDEL",152,"10",87779001,88589900,810900,4,4,"ENSE00003595610",87931046,87931089,87931046,87931089,44,1,TRUE,1,9,"whole_coding_sequence",TRUE,FALSE
"CNA_event_000152","PATHJF","HETDEL",152,"10",87779001,88589900,810900,5,5,"ENSE00001156330",87933013,87933251,87933013,87933251,239,1,TRUE,1,9,"whole_coding_sequence",TRUE,FALSE
"CNA_event_000152","PATHJF","HETDEL",152,"10",87779001,88589900,810900,6,6,"ENSE00001156327",87952118,87952259,87952118,87952259,142,1,TRUE,1,9,"whole_coding_sequence",TRUE,FALSE
"CNA_event_000152","PATHJF","HETDEL",152,"10",87779001,88589900,810900,7,7,"ENSE00003725338",87957853,87958019,87957853,87958019,167,1,TRUE,1,9,"whole_coding_sequence",TRUE,FALSE
"CNA_event_000152","PATHJF","HETDEL",152,"10",87779001,88589900,810900,8,8,"ENSE00001156315",87960894,87961118,87960894,87961118,225,1,TRUE,1,9,"whole_coding_sequence",TRUE,FALSE
"CNA_event_000152","PATHJF","HETDEL",152,"10",87779001,88589900,810900,9,9,"ENSE00001456541",87965287,87965469,87965287,87965469,183,1,TRUE,1,9,"whole_coding_sequence",TRUE,FALSE
"CNA_event_000153","PAWCXD","GAIN",153,"10",53699301,100594100,46894800,1,1,"ENSE00004011725",87864470,87864548,87864470,87864548,79,1,TRUE,1,9,"whole_coding_sequence",TRUE,FALSE
"CNA_event_000153","PAWCXD","GAIN",153,"10",53699301,100594100,46894800,2,2,"ENSE00001156351",87894025,87894109,87894025,87894109,85,1,TRUE,1,9,"whole_coding_sequence",TRUE,FALSE
"CNA_event_000153","PAWCXD","GAIN",153,"10",53699301,100594100,46894800,3,3,"ENSE00001156344",87925513,87925557,87925513,87925557,45,1,TRUE,1,9,"whole_coding_sequence",TRUE,FALSE
"CNA_event_000153","PAWCXD","GAIN",153,"10",53699301,100594100,46894800,4,4,"ENSE00003595610",87931046,87931089,87931046,87931089,44,1,TRUE,1,9,"whole_coding_sequence",TRUE,FALSE
"CNA_event_000153","PAWCXD","GAIN",153,"10",53699301,100594100,46894800,5,5,"ENSE00001156330",87933013,87933251,87933013,87933251,239,1,TRUE,1,9,"whole_coding_sequence",TRUE,FALSE
"CNA_event_000153","PAWCXD","GAIN",153,"10",53699301,100594100,46894800,6,6,"ENSE00001156327",87952118,87952259,87952118,87952259,142,1,TRUE,1,9,"whole_coding_sequence",TRUE,FALSE
"CNA_event_000153","PAWCXD","GAIN",153,"10",53699301,100594100,46894800,7,7,"ENSE00003725338",87957853,87958019,87957853,87958019,167,1,TRUE,1,9,"whole_coding_sequence",TRUE,FALSE
"CNA_event_000153","PAWCXD","GAIN",153,"10",53699301,100594100,46894800,8,8,"ENSE00001156315",87960894,87961118,87960894,87961118,225,1,TRUE,1,9,"whole_coding_sequence",TRUE,FALSE
"CNA_event_000153","PAWCXD","GAIN",153,"10",53699301,100594100,46894800,9,9,"ENSE00001456541",87965287,87965469,87965287,87965469,183,1,TRUE,1,9,"whole_coding_sequence",TRUE,FALSE
"CNA_event_000154","PAWAFV","GAIN",154,"10",49472281,87873055,38400775,1,1,"ENSE00004011725",87864470,87864548,87864470,87864548,79,1,TRUE,0.065343258891646,1,"high_resolution_le_50pct",TRUE,TRUE
"CNA_event_000155","PATRTG","GAIN",155,"10",25940943,121328588,95387646,1,1,"ENSE00004011725",87864470,87864548,87864470,87864548,79,1,TRUE,1,9,"whole_coding_sequence",TRUE,FALSE
"CNA_event_000155","PATRTG","GAIN",155,"10",25940943,121328588,95387646,2,2,"ENSE00001156351",87894025,87894109,87894025,87894109,85,1,TRUE,1,9,"whole_coding_sequence",TRUE,FALSE
"CNA_event_000155","PATRTG","GAIN",155,"10",25940943,121328588,95387646,3,3,"ENSE00001156344",87925513,87925557,87925513,87925557,45,1,TRUE,1,9,"whole_coding_sequence",TRUE,FALSE
"CNA_event_000155","PATRTG","GAIN",155,"10",25940943,121328588,95387646,4,4,"ENSE00003595610",87931046,87931089,87931046,87931089,44,1,TRUE,1,9,"whole_coding_sequence",TRUE,FALSE
"CNA_event_000155","PATRTG","GAIN",155,"10",25940943,121328588,95387646,5,5,"ENSE00001156330",87933013,87933251,87933013,87933251,239,1,TRUE,1,9,"whole_coding_sequence",TRUE,FALSE
"CNA_event_000155","PATRTG","GAIN",155,"10",25940943,121328588,95387646,6,6,"ENSE00001156327",87952118,87952259,87952118,87952259,142,1,TRUE,1,9,"whole_coding_sequence",TRUE,FALSE
"CNA_event_000155","PATRTG","GAIN",155,"10",25940943,121328588,95387646,7,7,"ENSE00003725338",87957853,87958019,87957853,87958019,167,1,TRUE,1,9,"whole_coding_sequence",TRUE,FALSE
"CNA_event_000155","PATRTG","GAIN",155,"10",25940943,121328588,95387646,8,8,"ENSE00001156315",87960894,87961118,87960894,87961118,225,1,TRUE,1,9,"whole_coding_sequence",TRUE,FALSE
"CNA_event_000155","PATRTG","GAIN",155,"10",25940943,121328588,95387646,9,9,"ENSE00001456541",87965287,87965469,87965287,87965469,183,1,TRUE,1,9,"whole_coding_sequence",TRUE,FALSE
"CNA_event_000156","PAWDXE","GAIN",156,"10",74961901,91128800,16166900,1,1,"ENSE00004011725",87864470,87864548,87864470,87864548,79,1,TRUE,1,9,"whole_coding_sequence",TRUE,FALSE
"CNA_event_000156","PAWDXE","GAIN",156,"10",74961901,91128800,16166900,2,2,"ENSE00001156351",87894025,87894109,87894025,87894109,85,1,TRUE,1,9,"whole_coding_sequence",TRUE,FALSE
"CNA_event_000156","PAWDXE","GAIN",156,"10",74961901,91128800,16166900,3,3,"ENSE00001156344",87925513,87925557,87925513,87925557,45,1,TRUE,1,9,"whole_coding_sequence",TRUE,FALSE
"CNA_event_000156","PAWDXE","GAIN",156,"10",74961901,91128800,16166900,4,4,"ENSE00003595610",87931046,87931089,87931046,87931089,44,1,TRUE,1,9,"whole_coding_sequence",TRUE,FALSE
"CNA_event_000156","PAWDXE","GAIN",156,"10",74961901,91128800,16166900,5,5,"ENSE00001156330",87933013,87933251,87933013,87933251,239,1,TRUE,1,9,"whole_coding_sequence",TRUE,FALSE
"CNA_event_000156","PAWDXE","GAIN",156,"10",74961901,91128800,16166900,6,6,"ENSE00001156327",87952118,87952259,87952118,87952259,142,1,TRUE,1,9,"whole_coding_sequence",TRUE,FALSE
"CNA_event_000156","PAWDXE","GAIN",156,"10",74961901,91128800,16166900,7,7,"ENSE00003725338",87957853,87958019,87957853,87958019,167,1,TRUE,1,9,"whole_coding_sequence",TRUE,FALSE
"CNA_event_000156","PAWDXE","GAIN",156,"10",74961901,91128800,16166900,8,8,"ENSE00001156315",87960894,87961118,87960894,87961118,225,1,TRUE,1,9,"whole_coding_sequence",TRUE,FALSE
"CNA_event_000156","PAWDXE","GAIN",156,"10",74961901,91128800,16166900,9,9,"ENSE00001456541",87965287,87965469,87965287,87965469,183,1,TRUE,1,9,"whole_coding_sequence",TRUE,FALSE
"CNA_event_000157","PAUTBB","GAIN",157,"10",87897701,91025000,3127300,3,3,"ENSE00001156344",87925513,87925557,87925513,87925557,45,1,TRUE,0.864350703060381,7,"low_resolution_75_90pct",TRUE,TRUE
"CNA_event_000157","PAUTBB","GAIN",157,"10",87897701,91025000,3127300,4,4,"ENSE00003595610",87931046,87931089,87931046,87931089,44,1,TRUE,0.864350703060381,7,"low_resolution_75_90pct",TRUE,TRUE
"CNA_event_000157","PAUTBB","GAIN",157,"10",87897701,91025000,3127300,5,5,"ENSE00001156330",87933013,87933251,87933013,87933251,239,1,TRUE,0.864350703060381,7,"low_resolution_75_90pct",TRUE,TRUE
"CNA_event_000157","PAUTBB","GAIN",157,"10",87897701,91025000,3127300,6,6,"ENSE00001156327",87952118,87952259,87952118,87952259,142,1,TRUE,0.864350703060381,7,"low_resolution_75_90pct",TRUE,TRUE
"CNA_event_000157","PAUTBB","GAIN",157,"10",87897701,91025000,3127300,7,7,"ENSE00003725338",87957853,87958019,87957853,87958019,167,1,TRUE,0.864350703060381,7,"low_resolution_75_90pct",TRUE,TRUE
"CNA_event_000157","PAUTBB","GAIN",157,"10",87897701,91025000,3127300,8,8,"ENSE00001156315",87960894,87961118,87960894,87961118,225,1,TRUE,0.864350703060381,7,"low_resolution_75_90pct",TRUE,TRUE
"CNA_event_000157","PAUTBB","GAIN",157,"10",87897701,91025000,3127300,9,9,"ENSE00001456541",87965287,87965469,87965287,87965469,183,1,TRUE,0.864350703060381,7,"low_resolution_75_90pct",TRUE,TRUE
"CNA_event_000158","PAWGIT","GAIN",158,"10",87936401,88958500,1022100,6,6,"ENSE00001156327",87952118,87952259,87952118,87952259,142,1,TRUE,0.593052109181141,4,"moderate_resolution_50_75pct",TRUE,TRUE
"CNA_event_000158","PAWGIT","GAIN",158,"10",87936401,88958500,1022100,7,7,"ENSE00003725338",87957853,87958019,87957853,87958019,167,1,TRUE,0.593052109181141,4,"moderate_resolution_50_75pct",TRUE,TRUE
"CNA_event_000158","PAWGIT","GAIN",158,"10",87936401,88958500,1022100,8,8,"ENSE00001156315",87960894,87961118,87960894,87961118,225,1,TRUE,0.593052109181141,4,"moderate_resolution_50_75pct",TRUE,TRUE
"CNA_event_000158","PAWGIT","GAIN",158,"10",87936401,88958500,1022100,9,9,"ENSE00001456541",87965287,87965469,87965287,87965469,183,1,TRUE,0.593052109181141,4,"moderate_resolution_50_75pct",TRUE,TRUE
"CNA_event_000159","PAWFNJ","GAIN",159,"10",87957567,87958464,898,7,7,"ENSE00003725338",87957853,87958019,87957853,87958019,167,1,TRUE,0.138130686517783,1,"high_resolution_le_50pct",TRUE,TRUE
"CNA_event_000160","PAUPFF","GAIN",160,"10",76501201,93785800,17284600,1,1,"ENSE00004011725",87864470,87864548,87864470,87864548,79,1,TRUE,1,9,"whole_coding_sequence",TRUE,FALSE
"CNA_event_000160","PAUPFF","GAIN",160,"10",76501201,93785800,17284600,2,2,"ENSE00001156351",87894025,87894109,87894025,87894109,85,1,TRUE,1,9,"whole_coding_sequence",TRUE,FALSE
"CNA_event_000160","PAUPFF","GAIN",160,"10",76501201,93785800,17284600,3,3,"ENSE00001156344",87925513,87925557,87925513,87925557,45,1,TRUE,1,9,"whole_coding_sequence",TRUE,FALSE
"CNA_event_000160","PAUPFF","GAIN",160,"10",76501201,93785800,17284600,4,4,"ENSE00003595610",87931046,87931089,87931046,87931089,44,1,TRUE,1,9,"whole_coding_sequence",TRUE,FALSE
"CNA_event_000160","PAUPFF","GAIN",160,"10",76501201,93785800,17284600,5,5,"ENSE00001156330",87933013,87933251,87933013,87933251,239,1,TRUE,1,9,"whole_coding_sequence",TRUE,FALSE
"CNA_event_000160","PAUPFF","GAIN",160,"10",76501201,93785800,17284600,6,6,"ENSE00001156327",87952118,87952259,87952118,87952259,142,1,TRUE,1,9,"whole_coding_sequence",TRUE,FALSE
"CNA_event_000160","PAUPFF","GAIN",160,"10",76501201,93785800,17284600,7,7,"ENSE00003725338",87957853,87958019,87957853,87958019,167,1,TRUE,1,9,"whole_coding_sequence",TRUE,FALSE
"CNA_event_000160","PAUPFF","GAIN",160,"10",76501201,93785800,17284600,8,8,"ENSE00001156315",87960894,87961118,87960894,87961118,225,1,TRUE,1,9,"whole_coding_sequence",TRUE,FALSE
"CNA_event_000160","PAUPFF","GAIN",160,"10",76501201,93785800,17284600,9,9,"ENSE00001456541",87965287,87965469,87965287,87965469,183,1,TRUE,1,9,"whole_coding_sequence",TRUE,FALSE
"CNA_event_000161","PASXUC","GAIN",161,"10",32120601,130180100,98059500,1,1,"ENSE00004011725",87864470,87864548,87864470,87864548,79,1,TRUE,1,9,"whole_coding_sequence",TRUE,FALSE
"CNA_event_000161","PASXUC","GAIN",161,"10",32120601,130180100,98059500,2,2,"ENSE00001156351",87894025,87894109,87894025,87894109,85,1,TRUE,1,9,"whole_coding_sequence",TRUE,FALSE
"CNA_event_000161","PASXUC","GAIN",161,"10",32120601,130180100,98059500,3,3,"ENSE00001156344",87925513,87925557,87925513,87925557,45,1,TRUE,1,9,"whole_coding_sequence",TRUE,FALSE
"CNA_event_000161","PASXUC","GAIN",161,"10",32120601,130180100,98059500,4,4,"ENSE00003595610",87931046,87931089,87931046,87931089,44,1,TRUE,1,9,"whole_coding_sequence",TRUE,FALSE
"CNA_event_000161","PASXUC","GAIN",161,"10",32120601,130180100,98059500,5,5,"ENSE00001156330",87933013,87933251,87933013,87933251,239,1,TRUE,1,9,"whole_coding_sequence",TRUE,FALSE
"CNA_event_000161","PASXUC","GAIN",161,"10",32120601,130180100,98059500,6,6,"ENSE00001156327",87952118,87952259,87952118,87952259,142,1,TRUE,1,9,"whole_coding_sequence",TRUE,FALSE
"CNA_event_000161","PASXUC","GAIN",161,"10",32120601,130180100,98059500,7,7,"ENSE00003725338",87957853,87958019,87957853,87958019,167,1,TRUE,1,9,"whole_coding_sequence",TRUE,FALSE
"CNA_event_000161","PASXUC","GAIN",161,"10",32120601,130180100,98059500,8,8,"ENSE00001156315",87960894,87961118,87960894,87961118,225,1,TRUE,1,9,"whole_coding_sequence",TRUE,FALSE
"CNA_event_000161","PASXUC","GAIN",161,"10",32120601,130180100,98059500,9,9,"ENSE00001456541",87965287,87965469,87965287,87965469,183,1,TRUE,1,9,"whole_coding_sequence",TRUE,FALSE
"CNA_event_000162","PASIWE","GAIN",162,"10",76501201,91871100,15369900,1,1,"ENSE00004011725",87864470,87864548,87864470,87864548,79,1,TRUE,1,9,"whole_coding_sequence",TRUE,FALSE
"CNA_event_000162","PASIWE","GAIN",162,"10",76501201,91871100,15369900,2,2,"ENSE00001156351",87894025,87894109,87894025,87894109,85,1,TRUE,1,9,"whole_coding_sequence",TRUE,FALSE
"CNA_event_000162","PASIWE","GAIN",162,"10",76501201,91871100,15369900,3,3,"ENSE00001156344",87925513,87925557,87925513,87925557,45,1,TRUE,1,9,"whole_coding_sequence",TRUE,FALSE
"CNA_event_000162","PASIWE","GAIN",162,"10",76501201,91871100,15369900,4,4,"ENSE00003595610",87931046,87931089,87931046,87931089,44,1,TRUE,1,9,"whole_coding_sequence",TRUE,FALSE
"CNA_event_000162","PASIWE","GAIN",162,"10",76501201,91871100,15369900,5,5,"ENSE00001156330",87933013,87933251,87933013,87933251,239,1,TRUE,1,9,"whole_coding_sequence",TRUE,FALSE
"CNA_event_000162","PASIWE","GAIN",162,"10",76501201,91871100,15369900,6,6,"ENSE00001156327",87952118,87952259,87952118,87952259,142,1,TRUE,1,9,"whole_coding_sequence",TRUE,FALSE
"CNA_event_000162","PASIWE","GAIN",162,"10",76501201,91871100,15369900,7,7,"ENSE00003725338",87957853,87958019,87957853,87958019,167,1,TRUE,1,9,"whole_coding_sequence",TRUE,FALSE
"CNA_event_000162","PASIWE","GAIN",162,"10",76501201,91871100,15369900,8,8,"ENSE00001156315",87960894,87961118,87960894,87961118,225,1,TRUE,1,9,"whole_coding_sequence",TRUE,FALSE
"CNA_event_000162","PASIWE","GAIN",162,"10",76501201,91871100,15369900,9,9,"ENSE00001456541",87965287,87965469,87965287,87965469,183,1,TRUE,1,9,"whole_coding_sequence",TRUE,FALSE
"CNA_event_000163","PARUCV","GAIN",163,"10",76501301,105292700,28791400,1,1,"ENSE00004011725",87864470,87864548,87864470,87864548,79,1,TRUE,1,9,"whole_coding_sequence",TRUE,FALSE
"CNA_event_000163","PARUCV","GAIN",163,"10",76501301,105292700,28791400,2,2,"ENSE00001156351",87894025,87894109,87894025,87894109,85,1,TRUE,1,9,"whole_coding_sequence",TRUE,FALSE
"CNA_event_000163","PARUCV","GAIN",163,"10",76501301,105292700,28791400,3,3,"ENSE00001156344",87925513,87925557,87925513,87925557,45,1,TRUE,1,9,"whole_coding_sequence",TRUE,FALSE
"CNA_event_000163","PARUCV","GAIN",163,"10",76501301,105292700,28791400,4,4,"ENSE00003595610",87931046,87931089,87931046,87931089,44,1,TRUE,1,9,"whole_coding_sequence",TRUE,FALSE
"CNA_event_000163","PARUCV","GAIN",163,"10",76501301,105292700,28791400,5,5,"ENSE00001156330",87933013,87933251,87933013,87933251,239,1,TRUE,1,9,"whole_coding_sequence",TRUE,FALSE
"CNA_event_000163","PARUCV","GAIN",163,"10",76501301,105292700,28791400,6,6,"ENSE00001156327",87952118,87952259,87952118,87952259,142,1,TRUE,1,9,"whole_coding_sequence",TRUE,FALSE
"CNA_event_000163","PARUCV","GAIN",163,"10",76501301,105292700,28791400,7,7,"ENSE00003725338",87957853,87958019,87957853,87958019,167,1,TRUE,1,9,"whole_coding_sequence",TRUE,FALSE
"CNA_event_000163","PARUCV","GAIN",163,"10",76501301,105292700,28791400,8,8,"ENSE00001156315",87960894,87961118,87960894,87961118,225,1,TRUE,1,9,"whole_coding_sequence",TRUE,FALSE
"CNA_event_000163","PARUCV","GAIN",163,"10",76501301,105292700,28791400,9,9,"ENSE00001456541",87965287,87965469,87965287,87965469,183,1,TRUE,1,9,"whole_coding_sequence",TRUE,FALSE
"CNA_event_000164","PARHBT","GAIN",164,"10",77602901,94523800,16920900,1,1,"ENSE00004011725",87864470,87864548,87864470,87864548,79,1,TRUE,1,9,"whole_coding_sequence",TRUE,FALSE
"CNA_event_000164","PARHBT","GAIN",164,"10",77602901,94523800,16920900,2,2,"ENSE00001156351",87894025,87894109,87894025,87894109,85,1,TRUE,1,9,"whole_coding_sequence",TRUE,FALSE
"CNA_event_000164","PARHBT","GAIN",164,"10",77602901,94523800,16920900,3,3,"ENSE00001156344",87925513,87925557,87925513,87925557,45,1,TRUE,1,9,"whole_coding_sequence",TRUE,FALSE
"CNA_event_000164","PARHBT","GAIN",164,"10",77602901,94523800,16920900,4,4,"ENSE00003595610",87931046,87931089,87931046,87931089,44,1,TRUE,1,9,"whole_coding_sequence",TRUE,FALSE
"CNA_event_000164","PARHBT","GAIN",164,"10",77602901,94523800,16920900,5,5,"ENSE00001156330",87933013,87933251,87933013,87933251,239,1,TRUE,1,9,"whole_coding_sequence",TRUE,FALSE
"CNA_event_000164","PARHBT","GAIN",164,"10",77602901,94523800,16920900,6,6,"ENSE00001156327",87952118,87952259,87952118,87952259,142,1,TRUE,1,9,"whole_coding_sequence",TRUE,FALSE
"CNA_event_000164","PARHBT","GAIN",164,"10",77602901,94523800,16920900,7,7,"ENSE00003725338",87957853,87958019,87957853,87958019,167,1,TRUE,1,9,"whole_coding_sequence",TRUE,FALSE
"CNA_event_000164","PARHBT","GAIN",164,"10",77602901,94523800,16920900,8,8,"ENSE00001156315",87960894,87961118,87960894,87961118,225,1,TRUE,1,9,"whole_coding_sequence",TRUE,FALSE
"CNA_event_000164","PARHBT","GAIN",164,"10",77602901,94523800,16920900,9,9,"ENSE00001456541",87965287,87965469,87965287,87965469,183,1,TRUE,1,9,"whole_coding_sequence",TRUE,FALSE
"CNA_event_000165","PAVARZ","GAIN",165,"10",79150601,97500600,18350000,1,1,"ENSE00004011725",87864470,87864548,87864470,87864548,79,1,TRUE,1,9,"whole_coding_sequence",TRUE,FALSE
"CNA_event_000165","PAVARZ","GAIN",165,"10",79150601,97500600,18350000,2,2,"ENSE00001156351",87894025,87894109,87894025,87894109,85,1,TRUE,1,9,"whole_coding_sequence",TRUE,FALSE
"CNA_event_000165","PAVARZ","GAIN",165,"10",79150601,97500600,18350000,3,3,"ENSE00001156344",87925513,87925557,87925513,87925557,45,1,TRUE,1,9,"whole_coding_sequence",TRUE,FALSE
"CNA_event_000165","PAVARZ","GAIN",165,"10",79150601,97500600,18350000,4,4,"ENSE00003595610",87931046,87931089,87931046,87931089,44,1,TRUE,1,9,"whole_coding_sequence",TRUE,FALSE
"CNA_event_000165","PAVARZ","GAIN",165,"10",79150601,97500600,18350000,5,5,"ENSE00001156330",87933013,87933251,87933013,87933251,239,1,TRUE,1,9,"whole_coding_sequence",TRUE,FALSE
"CNA_event_000165","PAVARZ","GAIN",165,"10",79150601,97500600,18350000,6,6,"ENSE00001156327",87952118,87952259,87952118,87952259,142,1,TRUE,1,9,"whole_coding_sequence",TRUE,FALSE
"CNA_event_000165","PAVARZ","GAIN",165,"10",79150601,97500600,18350000,7,7,"ENSE00003725338",87957853,87958019,87957853,87958019,167,1,TRUE,1,9,"whole_coding_sequence",TRUE,FALSE
"CNA_event_000165","PAVARZ","GAIN",165,"10",79150601,97500600,18350000,8,8,"ENSE00001156315",87960894,87961118,87960894,87961118,225,1,TRUE,1,9,"whole_coding_sequence",TRUE,FALSE
"CNA_event_000165","PAVARZ","GAIN",165,"10",79150601,97500600,18350000,9,9,"ENSE00001456541",87965287,87965469,87965287,87965469,183,1,TRUE,1,9,"whole_coding_sequence",TRUE,FALSE
"CNA_event_000166","PATALJ","GAIN",166,"10",87928695,87933239,4545,4,4,"ENSE00003595610",87931046,87931089,87931046,87931089,44,1,TRUE,0.224152191894127,2,"high_resolution_le_50pct",TRUE,TRUE
"CNA_event_000166","PATALJ","GAIN",166,"10",87928695,87933239,4545,5,5,"ENSE00001156330",87933013,87933251,87933013,87933239,227,0.949790794979079,TRUE,0.224152191894127,2,"high_resolution_le_50pct",TRUE,TRUE
"CNA_event_000167","PAWGPI","GAIN",167,"10",85537301,91411800,5874500,1,1,"ENSE00004011725",87864470,87864548,87864470,87864548,79,1,TRUE,1,9,"whole_coding_sequence",TRUE,FALSE
"CNA_event_000167","PAWGPI","GAIN",167,"10",85537301,91411800,5874500,2,2,"ENSE00001156351",87894025,87894109,87894025,87894109,85,1,TRUE,1,9,"whole_coding_sequence",TRUE,FALSE
"CNA_event_000167","PAWGPI","GAIN",167,"10",85537301,91411800,5874500,3,3,"ENSE00001156344",87925513,87925557,87925513,87925557,45,1,TRUE,1,9,"whole_coding_sequence",TRUE,FALSE
"CNA_event_000167","PAWGPI","GAIN",167,"10",85537301,91411800,5874500,4,4,"ENSE00003595610",87931046,87931089,87931046,87931089,44,1,TRUE,1,9,"whole_coding_sequence",TRUE,FALSE
"CNA_event_000167","PAWGPI","GAIN",167,"10",85537301,91411800,5874500,5,5,"ENSE00001156330",87933013,87933251,87933013,87933251,239,1,TRUE,1,9,"whole_coding_sequence",TRUE,FALSE
"CNA_event_000167","PAWGPI","GAIN",167,"10",85537301,91411800,5874500,6,6,"ENSE00001156327",87952118,87952259,87952118,87952259,142,1,TRUE,1,9,"whole_coding_sequence",TRUE,FALSE
"CNA_event_000167","PAWGPI","GAIN",167,"10",85537301,91411800,5874500,7,7,"ENSE00003725338",87957853,87958019,87957853,87958019,167,1,TRUE,1,9,"whole_coding_sequence",TRUE,FALSE
"CNA_event_000167","PAWGPI","GAIN",167,"10",85537301,91411800,5874500,8,8,"ENSE00001156315",87960894,87961118,87960894,87961118,225,1,TRUE,1,9,"whole_coding_sequence",TRUE,FALSE
"CNA_event_000167","PAWGPI","GAIN",167,"10",85537301,91411800,5874500,9,9,"ENSE00001456541",87965287,87965469,87965287,87965469,183,1,TRUE,1,9,"whole_coding_sequence",TRUE,FALSE
"CNA_event_000168","PAVLGT","GAIN",168,"10",79496301,112352000,32855700,1,1,"ENSE00004011725",87864470,87864548,87864470,87864548,79,1,TRUE,1,9,"whole_coding_sequence",TRUE,FALSE
"CNA_event_000168","PAVLGT","GAIN",168,"10",79496301,112352000,32855700,2,2,"ENSE00001156351",87894025,87894109,87894025,87894109,85,1,TRUE,1,9,"whole_coding_sequence",TRUE,FALSE
"CNA_event_000168","PAVLGT","GAIN",168,"10",79496301,112352000,32855700,3,3,"ENSE00001156344",87925513,87925557,87925513,87925557,45,1,TRUE,1,9,"whole_coding_sequence",TRUE,FALSE
"CNA_event_000168","PAVLGT","GAIN",168,"10",79496301,112352000,32855700,4,4,"ENSE00003595610",87931046,87931089,87931046,87931089,44,1,TRUE,1,9,"whole_coding_sequence",TRUE,FALSE
"CNA_event_000168","PAVLGT","GAIN",168,"10",79496301,112352000,32855700,5,5,"ENSE00001156330",87933013,87933251,87933013,87933251,239,1,TRUE,1,9,"whole_coding_sequence",TRUE,FALSE
"CNA_event_000168","PAVLGT","GAIN",168,"10",79496301,112352000,32855700,6,6,"ENSE00001156327",87952118,87952259,87952118,87952259,142,1,TRUE,1,9,"whole_coding_sequence",TRUE,FALSE
"CNA_event_000168","PAVLGT","GAIN",168,"10",79496301,112352000,32855700,7,7,"ENSE00003725338",87957853,87958019,87957853,87958019,167,1,TRUE,1,9,"whole_coding_sequence",TRUE,FALSE
"CNA_event_000168","PAVLGT","GAIN",168,"10",79496301,112352000,32855700,8,8,"ENSE00001156315",87960894,87961118,87960894,87961118,225,1,TRUE,1,9,"whole_coding_sequence",TRUE,FALSE
"CNA_event_000168","PAVLGT","GAIN",168,"10",79496301,112352000,32855700,9,9,"ENSE00001456541",87965287,87965469,87965287,87965469,183,1,TRUE,1,9,"whole_coding_sequence",TRUE,FALSE
"CNA_event_000169","PAUNZE","GAIN",169,"10",76501401,106114000,29612600,1,1,"ENSE00004011725",87864470,87864548,87864470,87864548,79,1,TRUE,1,9,"whole_coding_sequence",TRUE,FALSE
"CNA_event_000169","PAUNZE","GAIN",169,"10",76501401,106114000,29612600,2,2,"ENSE00001156351",87894025,87894109,87894025,87894109,85,1,TRUE,1,9,"whole_coding_sequence",TRUE,FALSE
"CNA_event_000169","PAUNZE","GAIN",169,"10",76501401,106114000,29612600,3,3,"ENSE00001156344",87925513,87925557,87925513,87925557,45,1,TRUE,1,9,"whole_coding_sequence",TRUE,FALSE
"CNA_event_000169","PAUNZE","GAIN",169,"10",76501401,106114000,29612600,4,4,"ENSE00003595610",87931046,87931089,87931046,87931089,44,1,TRUE,1,9,"whole_coding_sequence",TRUE,FALSE
"CNA_event_000169","PAUNZE","GAIN",169,"10",76501401,106114000,29612600,5,5,"ENSE00001156330",87933013,87933251,87933013,87933251,239,1,TRUE,1,9,"whole_coding_sequence",TRUE,FALSE
"CNA_event_000169","PAUNZE","GAIN",169,"10",76501401,106114000,29612600,6,6,"ENSE00001156327",87952118,87952259,87952118,87952259,142,1,TRUE,1,9,"whole_coding_sequence",TRUE,FALSE
"CNA_event_000169","PAUNZE","GAIN",169,"10",76501401,106114000,29612600,7,7,"ENSE00003725338",87957853,87958019,87957853,87958019,167,1,TRUE,1,9,"whole_coding_sequence",TRUE,FALSE
"CNA_event_000169","PAUNZE","GAIN",169,"10",76501401,106114000,29612600,8,8,"ENSE00001156315",87960894,87961118,87960894,87961118,225,1,TRUE,1,9,"whole_coding_sequence",TRUE,FALSE
"CNA_event_000169","PAUNZE","GAIN",169,"10",76501401,106114000,29612600,9,9,"ENSE00001456541",87965287,87965469,87965287,87965469,183,1,TRUE,1,9,"whole_coding_sequence",TRUE,FALSE
"CNA_event_000170","PAUNDK","GAIN",170,"10",64800001,132783200,67983200,1,1,"ENSE00004011725",87864470,87864548,87864470,87864548,79,1,TRUE,1,9,"whole_coding_sequence",TRUE,FALSE
"CNA_event_000170","PAUNDK","GAIN",170,"10",64800001,132783200,67983200,2,2,"ENSE00001156351",87894025,87894109,87894025,87894109,85,1,TRUE,1,9,"whole_coding_sequence",TRUE,FALSE
"CNA_event_000170","PAUNDK","GAIN",170,"10",64800001,132783200,67983200,3,3,"ENSE00001156344",87925513,87925557,87925513,87925557,45,1,TRUE,1,9,"whole_coding_sequence",TRUE,FALSE
"CNA_event_000170","PAUNDK","GAIN",170,"10",64800001,132783200,67983200,4,4,"ENSE00003595610",87931046,87931089,87931046,87931089,44,1,TRUE,1,9,"whole_coding_sequence",TRUE,FALSE
"CNA_event_000170","PAUNDK","GAIN",170,"10",64800001,132783200,67983200,5,5,"ENSE00001156330",87933013,87933251,87933013,87933251,239,1,TRUE,1,9,"whole_coding_sequence",TRUE,FALSE
"CNA_event_000170","PAUNDK","GAIN",170,"10",64800001,132783200,67983200,6,6,"ENSE00001156327",87952118,87952259,87952118,87952259,142,1,TRUE,1,9,"whole_coding_sequence",TRUE,FALSE
"CNA_event_000170","PAUNDK","GAIN",170,"10",64800001,132783200,67983200,7,7,"ENSE00003725338",87957853,87958019,87957853,87958019,167,1,TRUE,1,9,"whole_coding_sequence",TRUE,FALSE
"CNA_event_000170","PAUNDK","GAIN",170,"10",64800001,132783200,67983200,8,8,"ENSE00001156315",87960894,87961118,87960894,87961118,225,1,TRUE,1,9,"whole_coding_sequence",TRUE,FALSE
"CNA_event_000170","PAUNDK","GAIN",170,"10",64800001,132783200,67983200,9,9,"ENSE00001456541",87965287,87965469,87965287,87965469,183,1,TRUE,1,9,"whole_coding_sequence",TRUE,FALSE
"CNA_event_000171","PAUEYF","GAIN",171,"10",73621701,133787300,60165600,1,1,"ENSE00004011725",87864470,87864548,87864470,87864548,79,1,TRUE,1,9,"whole_coding_sequence",TRUE,FALSE
"CNA_event_000171","PAUEYF","GAIN",171,"10",73621701,133787300,60165600,2,2,"ENSE00001156351",87894025,87894109,87894025,87894109,85,1,TRUE,1,9,"whole_coding_sequence",TRUE,FALSE
"CNA_event_000171","PAUEYF","GAIN",171,"10",73621701,133787300,60165600,3,3,"ENSE00001156344",87925513,87925557,87925513,87925557,45,1,TRUE,1,9,"whole_coding_sequence",TRUE,FALSE
"CNA_event_000171","PAUEYF","GAIN",171,"10",73621701,133787300,60165600,4,4,"ENSE00003595610",87931046,87931089,87931046,87931089,44,1,TRUE,1,9,"whole_coding_sequence",TRUE,FALSE
"CNA_event_000171","PAUEYF","GAIN",171,"10",73621701,133787300,60165600,5,5,"ENSE00001156330",87933013,87933251,87933013,87933251,239,1,TRUE,1,9,"whole_coding_sequence",TRUE,FALSE
"CNA_event_000171","PAUEYF","GAIN",171,"10",73621701,133787300,60165600,6,6,"ENSE00001156327",87952118,87952259,87952118,87952259,142,1,TRUE,1,9,"whole_coding_sequence",TRUE,FALSE
"CNA_event_000171","PAUEYF","GAIN",171,"10",73621701,133787300,60165600,7,7,"ENSE00003725338",87957853,87958019,87957853,87958019,167,1,TRUE,1,9,"whole_coding_sequence",TRUE,FALSE
"CNA_event_000171","PAUEYF","GAIN",171,"10",73621701,133787300,60165600,8,8,"ENSE00001156315",87960894,87961118,87960894,87961118,225,1,TRUE,1,9,"whole_coding_sequence",TRUE,FALSE
"CNA_event_000171","PAUEYF","GAIN",171,"10",73621701,133787300,60165600,9,9,"ENSE00001456541",87965287,87965469,87965287,87965469,183,1,TRUE,1,9,"whole_coding_sequence",TRUE,FALSE
"CNA_event_000172","PATRNH","GAIN",172,"10",41915601,88653600,46738000,1,1,"ENSE00004011725",87864470,87864548,87864470,87864548,79,1,TRUE,1,9,"whole_coding_sequence",TRUE,FALSE
"CNA_event_000172","PATRNH","GAIN",172,"10",41915601,88653600,46738000,2,2,"ENSE00001156351",87894025,87894109,87894025,87894109,85,1,TRUE,1,9,"whole_coding_sequence",TRUE,FALSE
"CNA_event_000172","PATRNH","GAIN",172,"10",41915601,88653600,46738000,3,3,"ENSE00001156344",87925513,87925557,87925513,87925557,45,1,TRUE,1,9,"whole_coding_sequence",TRUE,FALSE
"CNA_event_000172","PATRNH","GAIN",172,"10",41915601,88653600,46738000,4,4,"ENSE00003595610",87931046,87931089,87931046,87931089,44,1,TRUE,1,9,"whole_coding_sequence",TRUE,FALSE
"CNA_event_000172","PATRNH","GAIN",172,"10",41915601,88653600,46738000,5,5,"ENSE00001156330",87933013,87933251,87933013,87933251,239,1,TRUE,1,9,"whole_coding_sequence",TRUE,FALSE
"CNA_event_000172","PATRNH","GAIN",172,"10",41915601,88653600,46738000,6,6,"ENSE00001156327",87952118,87952259,87952118,87952259,142,1,TRUE,1,9,"whole_coding_sequence",TRUE,FALSE
"CNA_event_000172","PATRNH","GAIN",172,"10",41915601,88653600,46738000,7,7,"ENSE00003725338",87957853,87958019,87957853,87958019,167,1,TRUE,1,9,"whole_coding_sequence",TRUE,FALSE
"CNA_event_000172","PATRNH","GAIN",172,"10",41915601,88653600,46738000,8,8,"ENSE00001156315",87960894,87961118,87960894,87961118,225,1,TRUE,1,9,"whole_coding_sequence",TRUE,FALSE
"CNA_event_000172","PATRNH","GAIN",172,"10",41915601,88653600,46738000,9,9,"ENSE00001456541",87965287,87965469,87965287,87965469,183,1,TRUE,1,9,"whole_coding_sequence",TRUE,FALSE
"CNA_event_000173","PATGZA","GAIN",173,"10",51454601,89180700,37726100,1,1,"ENSE00004011725",87864470,87864548,87864470,87864548,79,1,TRUE,1,9,"whole_coding_sequence",TRUE,FALSE
"CNA_event_000173","PATGZA","GAIN",173,"10",51454601,89180700,37726100,2,2,"ENSE00001156351",87894025,87894109,87894025,87894109,85,1,TRUE,1,9,"whole_coding_sequence",TRUE,FALSE
"CNA_event_000173","PATGZA","GAIN",173,"10",51454601,89180700,37726100,3,3,"ENSE00001156344",87925513,87925557,87925513,87925557,45,1,TRUE,1,9,"whole_coding_sequence",TRUE,FALSE
"CNA_event_000173","PATGZA","GAIN",173,"10",51454601,89180700,37726100,4,4,"ENSE00003595610",87931046,87931089,87931046,87931089,44,1,TRUE,1,9,"whole_coding_sequence",TRUE,FALSE
"CNA_event_000173","PATGZA","GAIN",173,"10",51454601,89180700,37726100,5,5,"ENSE00001156330",87933013,87933251,87933013,87933251,239,1,TRUE,1,9,"whole_coding_sequence",TRUE,FALSE
"CNA_event_000173","PATGZA","GAIN",173,"10",51454601,89180700,37726100,6,6,"ENSE00001156327",87952118,87952259,87952118,87952259,142,1,TRUE,1,9,"whole_coding_sequence",TRUE,FALSE
"CNA_event_000173","PATGZA","GAIN",173,"10",51454601,89180700,37726100,7,7,"ENSE00003725338",87957853,87958019,87957853,87958019,167,1,TRUE,1,9,"whole_coding_sequence",TRUE,FALSE
"CNA_event_000173","PATGZA","GAIN",173,"10",51454601,89180700,37726100,8,8,"ENSE00001156315",87960894,87961118,87960894,87961118,225,1,TRUE,1,9,"whole_coding_sequence",TRUE,FALSE
"CNA_event_000173","PATGZA","GAIN",173,"10",51454601,89180700,37726100,9,9,"ENSE00001456541",87965287,87965469,87965287,87965469,183,1,TRUE,1,9,"whole_coding_sequence",TRUE,FALSE
"CNA_event_000174","PATCKV","GAIN",174,"10",87797401,87969000,171600,1,1,"ENSE00004011725",87864470,87864548,87864470,87864548,79,1,TRUE,1,9,"whole_coding_sequence",TRUE,FALSE
"CNA_event_000174","PATCKV","GAIN",174,"10",87797401,87969000,171600,2,2,"ENSE00001156351",87894025,87894109,87894025,87894109,85,1,TRUE,1,9,"whole_coding_sequence",TRUE,FALSE
"CNA_event_000174","PATCKV","GAIN",174,"10",87797401,87969000,171600,3,3,"ENSE00001156344",87925513,87925557,87925513,87925557,45,1,TRUE,1,9,"whole_coding_sequence",TRUE,FALSE
"CNA_event_000174","PATCKV","GAIN",174,"10",87797401,87969000,171600,4,4,"ENSE00003595610",87931046,87931089,87931046,87931089,44,1,TRUE,1,9,"whole_coding_sequence",TRUE,FALSE
"CNA_event_000174","PATCKV","GAIN",174,"10",87797401,87969000,171600,5,5,"ENSE00001156330",87933013,87933251,87933013,87933251,239,1,TRUE,1,9,"whole_coding_sequence",TRUE,FALSE
"CNA_event_000174","PATCKV","GAIN",174,"10",87797401,87969000,171600,6,6,"ENSE00001156327",87952118,87952259,87952118,87952259,142,1,TRUE,1,9,"whole_coding_sequence",TRUE,FALSE
"CNA_event_000174","PATCKV","GAIN",174,"10",87797401,87969000,171600,7,7,"ENSE00003725338",87957853,87958019,87957853,87958019,167,1,TRUE,1,9,"whole_coding_sequence",TRUE,FALSE
"CNA_event_000174","PATCKV","GAIN",174,"10",87797401,87969000,171600,8,8,"ENSE00001156315",87960894,87961118,87960894,87961118,225,1,TRUE,1,9,"whole_coding_sequence",TRUE,FALSE
"CNA_event_000174","PATCKV","GAIN",174,"10",87797401,87969000,171600,9,9,"ENSE00001456541",87965287,87965469,87965287,87965469,183,1,TRUE,1,9,"whole_coding_sequence",TRUE,FALSE
"CNA_event_000176","PASYKJ","GAIN",176,"10",76501601,112352400,35850800,1,1,"ENSE00004011725",87864470,87864548,87864470,87864548,79,1,TRUE,1,9,"whole_coding_sequence",TRUE,FALSE
"CNA_event_000176","PASYKJ","GAIN",176,"10",76501601,112352400,35850800,2,2,"ENSE00001156351",87894025,87894109,87894025,87894109,85,1,TRUE,1,9,"whole_coding_sequence",TRUE,FALSE
"CNA_event_000176","PASYKJ","GAIN",176,"10",76501601,112352400,35850800,3,3,"ENSE00001156344",87925513,87925557,87925513,87925557,45,1,TRUE,1,9,"whole_coding_sequence",TRUE,FALSE
"CNA_event_000176","PASYKJ","GAIN",176,"10",76501601,112352400,35850800,4,4,"ENSE00003595610",87931046,87931089,87931046,87931089,44,1,TRUE,1,9,"whole_coding_sequence",TRUE,FALSE
"CNA_event_000176","PASYKJ","GAIN",176,"10",76501601,112352400,35850800,5,5,"ENSE00001156330",87933013,87933251,87933013,87933251,239,1,TRUE,1,9,"whole_coding_sequence",TRUE,FALSE
"CNA_event_000176","PASYKJ","GAIN",176,"10",76501601,112352400,35850800,6,6,"ENSE00001156327",87952118,87952259,87952118,87952259,142,1,TRUE,1,9,"whole_coding_sequence",TRUE,FALSE
"CNA_event_000176","PASYKJ","GAIN",176,"10",76501601,112352400,35850800,7,7,"ENSE00003725338",87957853,87958019,87957853,87958019,167,1,TRUE,1,9,"whole_coding_sequence",TRUE,FALSE
"CNA_event_000176","PASYKJ","GAIN",176,"10",76501601,112352400,35850800,8,8,"ENSE00001156315",87960894,87961118,87960894,87961118,225,1,TRUE,1,9,"whole_coding_sequence",TRUE,FALSE
"CNA_event_000176","PASYKJ","GAIN",176,"10",76501601,112352400,35850800,9,9,"ENSE00001456541",87965287,87965469,87965287,87965469,183,1,TRUE,1,9,"whole_coding_sequence",TRUE,FALSE
"CNA_event_000177","PASKSY","GAIN",177,"10",49802701,105295500,55492800,1,1,"ENSE00004011725",87864470,87864548,87864470,87864548,79,1,TRUE,1,9,"whole_coding_sequence",TRUE,FALSE
"CNA_event_000177","PASKSY","GAIN",177,"10",49802701,105295500,55492800,2,2,"ENSE00001156351",87894025,87894109,87894025,87894109,85,1,TRUE,1,9,"whole_coding_sequence",TRUE,FALSE
"CNA_event_000177","PASKSY","GAIN",177,"10",49802701,105295500,55492800,3,3,"ENSE00001156344",87925513,87925557,87925513,87925557,45,1,TRUE,1,9,"whole_coding_sequence",TRUE,FALSE
"CNA_event_000177","PASKSY","GAIN",177,"10",49802701,105295500,55492800,4,4,"ENSE00003595610",87931046,87931089,87931046,87931089,44,1,TRUE,1,9,"whole_coding_sequence",TRUE,FALSE
"CNA_event_000177","PASKSY","GAIN",177,"10",49802701,105295500,55492800,5,5,"ENSE00001156330",87933013,87933251,87933013,87933251,239,1,TRUE,1,9,"whole_coding_sequence",TRUE,FALSE
"CNA_event_000177","PASKSY","GAIN",177,"10",49802701,105295500,55492800,6,6,"ENSE00001156327",87952118,87952259,87952118,87952259,142,1,TRUE,1,9,"whole_coding_sequence",TRUE,FALSE
"CNA_event_000177","PASKSY","GAIN",177,"10",49802701,105295500,55492800,7,7,"ENSE00003725338",87957853,87958019,87957853,87958019,167,1,TRUE,1,9,"whole_coding_sequence",TRUE,FALSE
"CNA_event_000177","PASKSY","GAIN",177,"10",49802701,105295500,55492800,8,8,"ENSE00001156315",87960894,87961118,87960894,87961118,225,1,TRUE,1,9,"whole_coding_sequence",TRUE,FALSE
"CNA_event_000177","PASKSY","GAIN",177,"10",49802701,105295500,55492800,9,9,"ENSE00001456541",87965287,87965469,87965287,87965469,183,1,TRUE,1,9,"whole_coding_sequence",TRUE,FALSE
"CNA_event_000178","PASGRU","GAIN",178,"10",51454601,87883000,36428400,1,1,"ENSE00004011725",87864470,87864548,87864470,87864548,79,1,TRUE,0.065343258891646,1,"high_resolution_le_50pct",TRUE,TRUE
"CNA_event_000180","PASGRU","GAIN",180,"10",87888601,112352300,24463700,2,2,"ENSE00001156351",87894025,87894109,87894025,87894109,85,1,TRUE,0.934656741108354,8,"very_low_resolution_90_lt_100pct",TRUE,TRUE
"CNA_event_000180","PASGRU","GAIN",180,"10",87888601,112352300,24463700,3,3,"ENSE00001156344",87925513,87925557,87925513,87925557,45,1,TRUE,0.934656741108354,8,"very_low_resolution_90_lt_100pct",TRUE,TRUE
"CNA_event_000180","PASGRU","GAIN",180,"10",87888601,112352300,24463700,4,4,"ENSE00003595610",87931046,87931089,87931046,87931089,44,1,TRUE,0.934656741108354,8,"very_low_resolution_90_lt_100pct",TRUE,TRUE
"CNA_event_000180","PASGRU","GAIN",180,"10",87888601,112352300,24463700,5,5,"ENSE00001156330",87933013,87933251,87933013,87933251,239,1,TRUE,0.934656741108354,8,"very_low_resolution_90_lt_100pct",TRUE,TRUE
"CNA_event_000180","PASGRU","GAIN",180,"10",87888601,112352300,24463700,6,6,"ENSE00001156327",87952118,87952259,87952118,87952259,142,1,TRUE,0.934656741108354,8,"very_low_resolution_90_lt_100pct",TRUE,TRUE
"CNA_event_000180","PASGRU","GAIN",180,"10",87888601,112352300,24463700,7,7,"ENSE00003725338",87957853,87958019,87957853,87958019,167,1,TRUE,0.934656741108354,8,"very_low_resolution_90_lt_100pct",TRUE,TRUE
"CNA_event_000180","PASGRU","GAIN",180,"10",87888601,112352300,24463700,8,8,"ENSE00001156315",87960894,87961118,87960894,87961118,225,1,TRUE,0.934656741108354,8,"very_low_resolution_90_lt_100pct",TRUE,TRUE
"CNA_event_000180","PASGRU","GAIN",180,"10",87888601,112352300,24463700,9,9,"ENSE00001456541",87965287,87965469,87965287,87965469,183,1,TRUE,0.934656741108354,8,"very_low_resolution_90_lt_100pct",TRUE,TRUE
"CNA_event_000181","PARRWT","GAIN",181,"10",76502501,133787300,57284800,1,1,"ENSE00004011725",87864470,87864548,87864470,87864548,79,1,TRUE,1,9,"whole_coding_sequence",TRUE,FALSE
"CNA_event_000181","PARRWT","GAIN",181,"10",76502501,133787300,57284800,2,2,"ENSE00001156351",87894025,87894109,87894025,87894109,85,1,TRUE,1,9,"whole_coding_sequence",TRUE,FALSE
"CNA_event_000181","PARRWT","GAIN",181,"10",76502501,133787300,57284800,3,3,"ENSE00001156344",87925513,87925557,87925513,87925557,45,1,TRUE,1,9,"whole_coding_sequence",TRUE,FALSE
"CNA_event_000181","PARRWT","GAIN",181,"10",76502501,133787300,57284800,4,4,"ENSE00003595610",87931046,87931089,87931046,87931089,44,1,TRUE,1,9,"whole_coding_sequence",TRUE,FALSE
"CNA_event_000181","PARRWT","GAIN",181,"10",76502501,133787300,57284800,5,5,"ENSE00001156330",87933013,87933251,87933013,87933251,239,1,TRUE,1,9,"whole_coding_sequence",TRUE,FALSE
"CNA_event_000181","PARRWT","GAIN",181,"10",76502501,133787300,57284800,6,6,"ENSE00001156327",87952118,87952259,87952118,87952259,142,1,TRUE,1,9,"whole_coding_sequence",TRUE,FALSE
"CNA_event_000181","PARRWT","GAIN",181,"10",76502501,133787300,57284800,7,7,"ENSE00003725338",87957853,87958019,87957853,87958019,167,1,TRUE,1,9,"whole_coding_sequence",TRUE,FALSE
"CNA_event_000181","PARRWT","GAIN",181,"10",76502501,133787300,57284800,8,8,"ENSE00001156315",87960894,87961118,87960894,87961118,225,1,TRUE,1,9,"whole_coding_sequence",TRUE,FALSE
"CNA_event_000181","PARRWT","GAIN",181,"10",76502501,133787300,57284800,9,9,"ENSE00001456541",87965287,87965469,87965287,87965469,183,1,TRUE,1,9,"whole_coding_sequence",TRUE,FALSE
"CNA_event_000182","PARNPX","GAIN",182,"10",82370601,98926100,16555500,1,1,"ENSE00004011725",87864470,87864548,87864470,87864548,79,1,TRUE,1,9,"whole_coding_sequence",TRUE,FALSE
"CNA_event_000182","PARNPX","GAIN",182,"10",82370601,98926100,16555500,2,2,"ENSE00001156351",87894025,87894109,87894025,87894109,85,1,TRUE,1,9,"whole_coding_sequence",TRUE,FALSE
"CNA_event_000182","PARNPX","GAIN",182,"10",82370601,98926100,16555500,3,3,"ENSE00001156344",87925513,87925557,87925513,87925557,45,1,TRUE,1,9,"whole_coding_sequence",TRUE,FALSE
"CNA_event_000182","PARNPX","GAIN",182,"10",82370601,98926100,16555500,4,4,"ENSE00003595610",87931046,87931089,87931046,87931089,44,1,TRUE,1,9,"whole_coding_sequence",TRUE,FALSE
"CNA_event_000182","PARNPX","GAIN",182,"10",82370601,98926100,16555500,5,5,"ENSE00001156330",87933013,87933251,87933013,87933251,239,1,TRUE,1,9,"whole_coding_sequence",TRUE,FALSE
"CNA_event_000182","PARNPX","GAIN",182,"10",82370601,98926100,16555500,6,6,"ENSE00001156327",87952118,87952259,87952118,87952259,142,1,TRUE,1,9,"whole_coding_sequence",TRUE,FALSE
"CNA_event_000182","PARNPX","GAIN",182,"10",82370601,98926100,16555500,7,7,"ENSE00003725338",87957853,87958019,87957853,87958019,167,1,TRUE,1,9,"whole_coding_sequence",TRUE,FALSE
"CNA_event_000182","PARNPX","GAIN",182,"10",82370601,98926100,16555500,8,8,"ENSE00001156315",87960894,87961118,87960894,87961118,225,1,TRUE,1,9,"whole_coding_sequence",TRUE,FALSE
"CNA_event_000182","PARNPX","GAIN",182,"10",82370601,98926100,16555500,9,9,"ENSE00001456541",87965287,87965469,87965287,87965469,183,1,TRUE,1,9,"whole_coding_sequence",TRUE,FALSE
"CNA_event_000183","PARHEL","GAIN",183,"10",76503301,106270600,29767300,1,1,"ENSE00004011725",87864470,87864548,87864470,87864548,79,1,TRUE,1,9,"whole_coding_sequence",TRUE,FALSE
"CNA_event_000183","PARHEL","GAIN",183,"10",76503301,106270600,29767300,2,2,"ENSE00001156351",87894025,87894109,87894025,87894109,85,1,TRUE,1,9,"whole_coding_sequence",TRUE,FALSE
"CNA_event_000183","PARHEL","GAIN",183,"10",76503301,106270600,29767300,3,3,"ENSE00001156344",87925513,87925557,87925513,87925557,45,1,TRUE,1,9,"whole_coding_sequence",TRUE,FALSE
"CNA_event_000183","PARHEL","GAIN",183,"10",76503301,106270600,29767300,4,4,"ENSE00003595610",87931046,87931089,87931046,87931089,44,1,TRUE,1,9,"whole_coding_sequence",TRUE,FALSE
"CNA_event_000183","PARHEL","GAIN",183,"10",76503301,106270600,29767300,5,5,"ENSE00001156330",87933013,87933251,87933013,87933251,239,1,TRUE,1,9,"whole_coding_sequence",TRUE,FALSE
"CNA_event_000183","PARHEL","GAIN",183,"10",76503301,106270600,29767300,6,6,"ENSE00001156327",87952118,87952259,87952118,87952259,142,1,TRUE,1,9,"whole_coding_sequence",TRUE,FALSE
"CNA_event_000183","PARHEL","GAIN",183,"10",76503301,106270600,29767300,7,7,"ENSE00003725338",87957853,87958019,87957853,87958019,167,1,TRUE,1,9,"whole_coding_sequence",TRUE,FALSE
"CNA_event_000183","PARHEL","GAIN",183,"10",76503301,106270600,29767300,8,8,"ENSE00001156315",87960894,87961118,87960894,87961118,225,1,TRUE,1,9,"whole_coding_sequence",TRUE,FALSE
"CNA_event_000183","PARHEL","GAIN",183,"10",76503301,106270600,29767300,9,9,"ENSE00001456541",87965287,87965469,87965287,87965469,183,1,TRUE,1,9,"whole_coding_sequence",TRUE,FALSE
"CNA_event_000184","PARDFP","GAIN",184,"10",80755301,133787300,53032000,1,1,"ENSE00004011725",87864470,87864548,87864470,87864548,79,1,TRUE,1,9,"whole_coding_sequence",TRUE,FALSE
"CNA_event_000184","PARDFP","GAIN",184,"10",80755301,133787300,53032000,2,2,"ENSE00001156351",87894025,87894109,87894025,87894109,85,1,TRUE,1,9,"whole_coding_sequence",TRUE,FALSE
"CNA_event_000184","PARDFP","GAIN",184,"10",80755301,133787300,53032000,3,3,"ENSE00001156344",87925513,87925557,87925513,87925557,45,1,TRUE,1,9,"whole_coding_sequence",TRUE,FALSE
"CNA_event_000184","PARDFP","GAIN",184,"10",80755301,133787300,53032000,4,4,"ENSE00003595610",87931046,87931089,87931046,87931089,44,1,TRUE,1,9,"whole_coding_sequence",TRUE,FALSE
"CNA_event_000184","PARDFP","GAIN",184,"10",80755301,133787300,53032000,5,5,"ENSE00001156330",87933013,87933251,87933013,87933251,239,1,TRUE,1,9,"whole_coding_sequence",TRUE,FALSE
"CNA_event_000184","PARDFP","GAIN",184,"10",80755301,133787300,53032000,6,6,"ENSE00001156327",87952118,87952259,87952118,87952259,142,1,TRUE,1,9,"whole_coding_sequence",TRUE,FALSE
"CNA_event_000184","PARDFP","GAIN",184,"10",80755301,133787300,53032000,7,7,"ENSE00003725338",87957853,87958019,87957853,87958019,167,1,TRUE,1,9,"whole_coding_sequence",TRUE,FALSE
"CNA_event_000184","PARDFP","GAIN",184,"10",80755301,133787300,53032000,8,8,"ENSE00001156315",87960894,87961118,87960894,87961118,225,1,TRUE,1,9,"whole_coding_sequence",TRUE,FALSE
"CNA_event_000184","PARDFP","GAIN",184,"10",80755301,133787300,53032000,9,9,"ENSE00001456541",87965287,87965469,87965287,87965469,183,1,TRUE,1,9,"whole_coding_sequence",TRUE,FALSE
"CNA_event_000185","PATTWG","GAIN",185,"10",73622601,109286900,35664300,1,1,"ENSE00004011725",87864470,87864548,87864470,87864548,79,1,TRUE,1,9,"whole_coding_sequence",TRUE,FALSE
"CNA_event_000185","PATTWG","GAIN",185,"10",73622601,109286900,35664300,2,2,"ENSE00001156351",87894025,87894109,87894025,87894109,85,1,TRUE,1,9,"whole_coding_sequence",TRUE,FALSE
"CNA_event_000185","PATTWG","GAIN",185,"10",73622601,109286900,35664300,3,3,"ENSE00001156344",87925513,87925557,87925513,87925557,45,1,TRUE,1,9,"whole_coding_sequence",TRUE,FALSE
"CNA_event_000185","PATTWG","GAIN",185,"10",73622601,109286900,35664300,4,4,"ENSE00003595610",87931046,87931089,87931046,87931089,44,1,TRUE,1,9,"whole_coding_sequence",TRUE,FALSE
"CNA_event_000185","PATTWG","GAIN",185,"10",73622601,109286900,35664300,5,5,"ENSE00001156330",87933013,87933251,87933013,87933251,239,1,TRUE,1,9,"whole_coding_sequence",TRUE,FALSE
"CNA_event_000185","PATTWG","GAIN",185,"10",73622601,109286900,35664300,6,6,"ENSE00001156327",87952118,87952259,87952118,87952259,142,1,TRUE,1,9,"whole_coding_sequence",TRUE,FALSE
"CNA_event_000185","PATTWG","GAIN",185,"10",73622601,109286900,35664300,7,7,"ENSE00003725338",87957853,87958019,87957853,87958019,167,1,TRUE,1,9,"whole_coding_sequence",TRUE,FALSE
"CNA_event_000185","PATTWG","GAIN",185,"10",73622601,109286900,35664300,8,8,"ENSE00001156315",87960894,87961118,87960894,87961118,225,1,TRUE,1,9,"whole_coding_sequence",TRUE,FALSE
"CNA_event_000185","PATTWG","GAIN",185,"10",73622601,109286900,35664300,9,9,"ENSE00001456541",87965287,87965469,87965287,87965469,183,1,TRUE,1,9,"whole_coding_sequence",TRUE,FALSE
