"cluster_id","event_id","subject_id","loc_start","loc_end","span_aa","affected_residues_in_cluster"
"cluster_0001","18","PARLIB",423,423,1,"423"
"cluster_0001","42","PASHNK",423,423,1,"423"
"cluster_0001","82","PATALJ",423,423,1,"423"
"cluster_0001","88","PATCZN",423,423,1,"423"
"cluster_0001","147","PAUEZV",423,423,1,"423"
"cluster_0001","157","PAUIXW",423,423,1,"423"
"cluster_0001","184","PAUTSB",423,423,1,"423"
"cluster_0001","241","PAVUFK",423,423,1,"423"
"cluster_0001","2","PAVYDR",423,423,1,"423"
"cluster_0001","261","PAWAMT",423,423,1,"423"
"cluster_0001","270","PAWGXI",423,423,1,"423"
"cluster_0001","292","PAWLYX",423,423,1,"423"
"cluster_0002","293","PAREDN",465,465,1,"465"
"cluster_0002","6","PARGFL",465,465,1,"465"
"cluster_0002","9","PARHLS",465,465,1,"465"
"cluster_0002","12","PARJNX",465,465,1,"465"
"cluster_0002","13","PARJSM",465,465,1,"465"
"cluster_0002","15","PARJXW",465,465,1,"465"
"cluster_0002","17","PARLGK",465,465,1,"465"
"cluster_0002","22","PARMIA",465,465,1,"465"
"cluster_0002","27","PARPUL",465,465,1,"465"
"cluster_0002","296","PARPYK",465,465,1,"465"
"cluster_0002","32","PARWMF",465,465,1,"465"
"cluster_0002","34","PARXFY",465,465,1,"465"
"cluster_0002","35","PARXVS",465,465,1,"465"
"cluster_0002","40","PASGUH",465,465,1,"465"
"cluster_0002","43","PASHXL",465,465,1,"465"
"cluster_0002","300","PASHYJ",465,465,1,"465"
"cluster_0002","45","PASJFJ",465,465,1,"465"
"cluster_0002","48","PASKRN",465,465,1,"465"
"cluster_0002","49","PASKVH",465,465,1,"465"
"cluster_0002","50","PASKVH",465,465,1,"465"
"cluster_0002","54","PASLPH",465,465,1,"465"
"cluster_0002","55","PASNNM",465,465,1,"465"
"cluster_0002","56","PASPBU",465,465,1,"465"
"cluster_0002","57","PASPBU",465,465,1,"465"
"cluster_0002","61","PASRUK",465,465,1,"465"
"cluster_0002","62","PASSEF",465,465,1,"465"
"cluster_0002","64","PASTLI",465,465,1,"465"
"cluster_0002","65","PASTPT",465,465,1,"465"
"cluster_0002","66","PASTPT",465,465,1,"465"
"cluster_0002","68","PASVIN",465,465,1,"465"
"cluster_0002","69","PASVRC",465,465,1,"465"
"cluster_0002","70","PASVYP",465,465,1,"465"
"cluster_0002","71","PASVZJ",465,465,1,"465"
"cluster_0002","302","PASXFB",465,465,1,"465"
"cluster_0002","78","PASXSI",465,465,1,"465"
"cluster_0002","83","PATAUC",465,465,1,"465"
"cluster_0002","84","PATAUZ",465,465,1,"465"
"cluster_0002","85","PATBPY",465,465,1,"465"
"cluster_0002","91","PATDBU",465,465,1,"465"
"cluster_0002","92","PATDBU",465,465,1,"465"
"cluster_0002","97","PATEAK",465,465,1,"465"
"cluster_0002","98","PATEBX",465,465,1,"465"
"cluster_0002","99","PATFVG",465,465,1,"465"
"cluster_0002","107","PATJBC",465,465,1,"465"
"cluster_0002","109","PATJRX",465,465,1,"465"
"cluster_0002","110","PATJZK",465,465,1,"465"
"cluster_0002","112","PATKGP",465,465,1,"465"
"cluster_0002","116","PATKRF",465,465,1,"465"
"cluster_0002","117","PATLGU",465,465,1,"465"
"cluster_0002","118","PATLNS",465,465,1,"465"
"cluster_0002","119","PATMPM",465,465,1,"465"
"cluster_0002","120","PATMVH",465,465,1,"465"
"cluster_0002","121","PATRFD",465,465,1,"465"
"cluster_0002","124","PATRNH",465,465,1,"465"
"cluster_0002","125","PATSEZ",465,465,1,"465"
"cluster_0002","128","PATUDM",465,465,1,"465"
"cluster_0002","129","PATUDM",465,465,1,"465"
"cluster_0002","135","PATYMP",465,465,1,"465"
"cluster_0002","136","PATZSL",465,465,1,"465"
"cluster_0002","138","PATZYE",465,465,1,"465"
"cluster_0002","139","PAUAMR",465,465,1,"465"
"cluster_0002","140","PAUAVW",465,465,1,"465"
"cluster_0002","308","PAUBGA",465,465,1,"465"
"cluster_0002","143","PAUBLL",465,465,1,"465"
"cluster_0002","144","PAUCWP",465,465,1,"465"
"cluster_0002","146","PAUEUC",465,465,1,"465"
"cluster_0002","148","PAUGAP",465,465,1,"465"
"cluster_0002","151","PAUGLK",465,465,1,"465"
"cluster_0002","152","PAUHDN",465,465,1,"465"
"cluster_0002","153","PAUHHF",465,465,1,"465"
"cluster_0002","5","PAUHTB",465,465,1,"465"
"cluster_0002","321","PAUIFC",465,465,1,"465"
"cluster_0002","154","PAUIGD",465,465,1,"465"
"cluster_0002","155","PAUIMK",465,465,1,"465"
"cluster_0002","314","PAUISV",465,465,1,"465"
"cluster_0002","156","PAUIXW",465,465,1,"465"
"cluster_0002","159","PAUJVL",465,465,1,"465"
"cluster_0002","163","PAULGR",465,465,1,"465"
"cluster_0002","164","PAULGX",465,465,1,"465"
"cluster_0002","165","PAULIU",465,465,1,"465"
"cluster_0002","176","PAURTD",465,465,1,"465"
"cluster_0002","178","PAUSIS",465,465,1,"465"
"cluster_0002","179","PAUTBM",465,465,1,"465"
"cluster_0002","180","PAUTLJ",465,465,1,"465"
"cluster_0002","187","PAUTWN",465,465,1,"465"
"cluster_0002","189","PAUVTP",465,465,1,"465"
"cluster_0002","190","PAUVZI",465,465,1,"465"
"cluster_0002","320","PAUWNU",465,465,1,"465"
"cluster_0002","191","PAUXKE",465,465,1,"465"
"cluster_0002","192","PAUXRV",465,465,1,"465"
"cluster_0002","196","PAUYMH",465,465,1,"465"
"cluster_0002","197","PAUZHK",465,465,1,"465"
"cluster_0002","198","PAUZZA",465,465,1,"465"
"cluster_0002","200","PAVBAW",465,465,1,"465"
"cluster_0002","201","PAVBPR",465,465,1,"465"
"cluster_0002","203","PAVCRK",465,465,1,"465"
"cluster_0002","205","PAVCYV",465,465,1,"465"
"cluster_0002","211","PAVFXU",465,465,1,"465"
"cluster_0002","213","PAVJHG",465,465,1,"465"
"cluster_0002","214","PAVJJK",465,465,1,"465"
"cluster_0002","215","PAVJJU",465,465,1,"465"
"cluster_0002","221","PAVKWV",465,465,1,"465"
"cluster_0002","223","PAVLMX",465,465,1,"465"
"cluster_0002","226","PAVMPB",465,465,1,"465"
"cluster_0002","228","PAVNDL",465,465,1,"465"
"cluster_0002","315","PAVNSM",465,465,1,"465"
"cluster_0002","230","PAVPCZ",465,465,1,"465"
"cluster_0002","240","PAVSHE",465,465,1,"465"
"cluster_0002","243","PAVUVZ",465,465,1,"465"
"cluster_0002","245","PAVVEI",465,465,1,"465"
"cluster_0002","246","PAVVHL",465,465,1,"465"
"cluster_0002","248","PAVWDF",465,465,1,"465"
"cluster_0002","250","PAVXBS",465,465,1,"465"
"cluster_0002","251","PAVXPD",465,465,1,"465"
"cluster_0002","252","PAVXYS",465,465,1,"465"
"cluster_0002","253","PAVXYS",465,465,1,"465"
"cluster_0002","254","PAVYTZ",465,465,1,"465"
"cluster_0002","255","PAVZJI",465,465,1,"465"
"cluster_0002","258","PAWAIH",465,465,1,"465"
"cluster_0002","259","PAWAMR",465,465,1,"465"
"cluster_0002","260","PAWAMT",465,465,1,"465"
"cluster_0002","263","PAWDMI",465,465,1,"465"
"cluster_0002","267","PAWGHS",465,465,1,"465"
"cluster_0002","268","PAWGPI",465,465,1,"465"
"cluster_0002","271","PAWGXW",465,465,1,"465"
"cluster_0002","272","PAWGYU",465,465,1,"465"
"cluster_0002","273","PAWHGU",465,465,1,"465"
"cluster_0002","275","PAWHIG",465,465,1,"465"
"cluster_0002","277","PAWIPA",465,465,1,"465"
"cluster_0002","279","PAWIWN",465,465,1,"465"
"cluster_0002","284","PAWJVB",465,465,1,"465"
"cluster_0002","285","PAWKAN",465,465,1,"465"
"cluster_0002","287","PAWKSC",465,465,1,"465"
"cluster_0002","290","PAWKZZ",465,465,1,"465"
"cluster_0002","291","PAWLFC",465,465,1,"465"
"cluster_0003","11","PARJAY",479,479,1,"479"
"cluster_0003","16","PARKLK",479,479,1,"479"
"cluster_0003","294","PARMED",479,479,1,"479"
"cluster_0003","19","PARMFF",479,479,1,"479"
"cluster_0003","21","PARMIA",479,479,1,"479"
"cluster_0003","1","PARMJA",479,479,1,"479"
"cluster_0003","24","PARMMV",479,479,1,"479"
"cluster_0003","297","PARRJR",479,479,1,"479"
"cluster_0003","37","PASFKA",479,479,1,"479"
"cluster_0003","47","PASKIC",479,479,1,"479"
"cluster_0003","326","PASKMG",479,479,1,"479"
"cluster_0003","53","PASKXA",479,479,1,"479"
"cluster_0003","58","PASPNW",479,479,1,"479"
"cluster_0003","59","PASPPN",479,479,1,"479"
"cluster_0003","67","PASUSV",479,479,1,"479"
"cluster_0003","76","PASWSR",479,479,1,"479"
"cluster_0003","77","PASXIL",479,479,1,"479"
"cluster_0003","79","PASYHN",479,479,1,"479"
"cluster_0003","80","PASZAY",479,479,1,"479"
"cluster_0003","81","PATADU",479,479,1,"479"
"cluster_0003","86","PATCDZ",479,479,1,"479"
"cluster_0003","89","PATDBC",479,479,1,"479"
"cluster_0003","100","PATGMP",479,479,1,"479"
"cluster_0003","101","PATGVX",479,479,1,"479"
"cluster_0003","325","PATHAA",479,479,1,"479"
"cluster_0003","102","PATHFE",479,479,1,"479"
"cluster_0003","104","PATIHV",479,479,1,"479"
"cluster_0003","106","PATITY",479,479,1,"479"
"cluster_0003","304","PATJCZ",479,479,1,"479"
"cluster_0003","108","PATJRX",479,479,1,"479"
"cluster_0003","114","PATKHZ",479,479,1,"479"
"cluster_0003","127","PATUDM",479,479,1,"479"
"cluster_0003","131","PATWIJ",479,479,1,"479"
"cluster_0003","132","PATXAL",479,479,1,"479"
"cluster_0003","134","PATYMP",479,479,1,"479"
"cluster_0003","323","PAUAZV",479,479,1,"479"
"cluster_0003","311","PAUCIB",479,479,1,"479"
"cluster_0003","145","PAUEFT",479,479,1,"479"
"cluster_0003","313","PAUIEM",479,479,1,"479"
"cluster_0003","158","PAUJRU",479,479,1,"479"
"cluster_0003","167","PAUMNE",479,479,1,"479"
"cluster_0003","169","PAUMVW",479,479,1,"479"
"cluster_0003","173","PAURGS",479,479,1,"479"
"cluster_0003","177","PAUSIS",479,479,1,"479"
"cluster_0003","193","PAUXSD",479,479,1,"479"
"cluster_0003","195","PAUYJF",479,479,1,"479"
"cluster_0003","204","PAVCYV",479,479,1,"479"
"cluster_0003","210","PAVFWF",479,479,1,"479"
"cluster_0003","222","PAVLCX",479,479,1,"479"
"cluster_0003","229","PAVNWE",479,479,1,"479"
"cluster_0003","231","PAVPLD",479,479,1,"479"
"cluster_0003","233","PAVRAP",479,479,1,"479"
"cluster_0003","234","PAVRDC",479,479,1,"479"
"cluster_0003","235","PAVRLH",479,479,1,"479"
"cluster_0003","239","PAVRWC",479,479,1,"479"
"cluster_0003","249","PAVWWF",479,479,1,"479"
"cluster_0003","269","PAWGWC",479,479,1,"479"
"cluster_0003","322","PAWIGC",479,479,1,"479"
"cluster_0003","281","PAWJJC",479,479,1,"479"
"cluster_0003","283","PAWJKX",479,479,1,"479"
"cluster_0003","288","PAWKYL",479,479,1,"479"
"cluster_0003","318","PAWLSM",479,479,1,"479"
"cluster_0004","7","PARHBI",505,505,1,"505"
"cluster_0004","23","PARMMV",505,505,1,"505"
"cluster_0004","26","PARPUL",505,505,1,"505"
"cluster_0004","28","PARSNX",505,505,1,"505"
"cluster_0004","29","PARVMR",505,505,1,"505"
"cluster_0004","30","PARVSC",505,505,1,"505"
"cluster_0004","31","PARWMF",505,505,1,"505"
"cluster_0004","36","PARYHC",505,505,1,"505"
"cluster_0004","41","PASGUX",505,505,1,"505"
"cluster_0004","52","PASKWG",505,505,1,"505"
"cluster_0004","301","PASVVA",505,505,1,"505"
"cluster_0004","74","PASWNU",505,505,1,"505"
"cluster_0004","87","PATCTL",505,505,1,"505"
"cluster_0004","93","PATDDZ",505,505,1,"505"
"cluster_0004","94","PATDFE",505,505,1,"505"
"cluster_0004","303","PATDTL",505,505,1,"505"
"cluster_0004","115","PATKNX",505,505,1,"505"
"cluster_0004","123","PATRGV",505,505,1,"505"
"cluster_0004","133","PATXTC",505,505,1,"505"
"cluster_0004","306","PATXTY",505,505,1,"505"
"cluster_0004","319","PAUAZV",505,505,1,"505"
"cluster_0004","307","PAUBBJ",505,505,1,"505"
"cluster_0004","141","PAUBGT",505,505,1,"505"
"cluster_0004","142","PAUBGT",505,505,1,"505"
"cluster_0004","310","PAUCIB",505,505,1,"505"
"cluster_0004","172","PAURGS",505,505,1,"505"
"cluster_0004","175","PAURSX",505,505,1,"505"
"cluster_0004","181","PAUTRX",505,505,1,"505"
"cluster_0004","202","PAVCRK",505,505,1,"505"
"cluster_0004","208","PAVEUZ",505,505,1,"505"
"cluster_0004","209","PAVFHF",505,505,1,"505"
"cluster_0004","212","PAVJBF",505,505,1,"505"
"cluster_0004","217","PAVJLJ",505,505,1,"505"
"cluster_0004","220","PAVJNX",505,505,1,"505"
"cluster_0004","224","PAVLMY",505,505,1,"505"
"cluster_0004","232","PAVPLN",505,505,1,"505"
"cluster_0004","238","PAVRTX",505,505,1,"505"
"cluster_0004","247","PAVVVF",505,505,1,"505"
"cluster_0004","4","PAVXTB",505,505,1,"505"
"cluster_0004","264","PAWETD",505,505,1,"505"
"cluster_0004","276","PAWHRW",505,505,1,"505"
"cluster_0004","278","PAWIWN",505,505,1,"505"
"cluster_0004","280","PAWIXS",505,505,1,"505"
"cluster_0004","317","PAWKXN",505,505,1,"505"
"cluster_0004","289","PAWKZX",505,505,1,"505"
"cluster_0005","10","PARIZN",689,689,1,"689"
"cluster_0005","14","PARJXW",689,689,1,"689"
"cluster_0005","298","PARTFR",689,689,1,"689"
"cluster_0005","324","PARTUK",689,689,1,"689"
"cluster_0005","33","PARWTI",689,689,1,"689"
"cluster_0005","39","PASGUH",689,689,1,"689"
"cluster_0005","44","PASIIY",689,689,1,"689"
"cluster_0005","46","PASJLN",689,689,1,"689"
"cluster_0005","95","PATEAK",689,689,1,"689"
"cluster_0005","96","PATEAK",689,689,1,"689"
"cluster_0005","113","PATKHZ",689,689,1,"689"
"cluster_0005","137","PATZYE",689,689,1,"689"
"cluster_0005","309","PAUCIB",689,689,1,"689"
"cluster_0005","150","PAUGEJ",689,689,1,"689"
"cluster_0005","160","PAUKIF",689,689,1,"689"
"cluster_0005","162","PAUKTD",689,689,1,"689"
"cluster_0005","170","PAUPFF",689,689,1,"689"
"cluster_0005","171","PAURCM",689,689,1,"689"
"cluster_0005","188","PAUVTP",689,689,1,"689"
"cluster_0005","199","PAVAWP",689,689,1,"689"
"cluster_0005","207","PAVEUZ",689,689,1,"689"
"cluster_0005","242","PAVUTN",689,689,1,"689"
"cluster_0005","244","PAVVDS",689,689,1,"689"
"cluster_0005","256","PAVZKL",689,689,1,"689"
"cluster_0005","257","PAVZLS",689,689,1,"689"
"cluster_0006","18","PARLIB",423,423,1,"423"
"cluster_0006","42","PASHNK",423,423,1,"423"
"cluster_0006","82","PATALJ",423,423,1,"423"
"cluster_0006","88","PATCZN",423,423,1,"423"
"cluster_0006","147","PAUEZV",423,423,1,"423"
"cluster_0006","157","PAUIXW",423,423,1,"423"
"cluster_0006","182","PAUTRX",422,422,1,"422"
"cluster_0006","184","PAUTSB",423,423,1,"423"
"cluster_0006","241","PAVUFK",423,423,1,"423"
"cluster_0006","2","PAVYDR",423,423,1,"423"
"cluster_0006","261","PAWAMT",423,423,1,"423"
"cluster_0006","262","PAWAMT",422,422,1,"422"
"cluster_0006","270","PAWGXI",423,423,1,"423"
"cluster_0006","292","PAWLYX",423,423,1,"423"
"cluster_0007","11","PARJAY",479,479,1,"479"
"cluster_0007","16","PARKLK",479,479,1,"479"
"cluster_0007","294","PARMED",479,479,1,"479"
"cluster_0007","19","PARMFF",479,479,1,"479"
"cluster_0007","21","PARMIA",479,479,1,"479"
"cluster_0007","1","PARMJA",479,479,1,"479"
"cluster_0007","24","PARMMV",479,479,1,"479"
"cluster_0007","297","PARRJR",479,479,1,"479"
"cluster_0007","37","PASFKA",479,479,1,"479"
"cluster_0007","47","PASKIC",479,479,1,"479"
"cluster_0007","326","PASKMG",479,479,1,"479"
"cluster_0007","53","PASKXA",479,479,1,"479"
"cluster_0007","58","PASPNW",479,479,1,"479"
"cluster_0007","59","PASPPN",479,479,1,"479"
"cluster_0007","67","PASUSV",479,479,1,"479"
"cluster_0007","76","PASWSR",479,479,1,"479"
"cluster_0007","77","PASXIL",479,479,1,"479"
"cluster_0007","79","PASYHN",479,479,1,"479"
"cluster_0007","80","PASZAY",479,479,1,"479"
"cluster_0007","81","PATADU",479,479,1,"479"
"cluster_0007","86","PATCDZ",479,479,1,"479"
"cluster_0007","89","PATDBC",479,479,1,"479"
"cluster_0007","100","PATGMP",479,479,1,"479"
"cluster_0007","101","PATGVX",479,479,1,"479"
"cluster_0007","325","PATHAA",479,479,1,"479"
"cluster_0007","102","PATHFE",479,479,1,"479"
"cluster_0007","104","PATIHV",479,479,1,"479"
"cluster_0007","106","PATITY",479,479,1,"479"
"cluster_0007","304","PATJCZ",479,479,1,"479"
"cluster_0007","108","PATJRX",479,479,1,"479"
"cluster_0007","111","PATKGP",480,480,1,"480"
"cluster_0007","114","PATKHZ",479,479,1,"479"
"cluster_0007","127","PATUDM",479,479,1,"479"
"cluster_0007","131","PATWIJ",479,479,1,"479"
"cluster_0007","132","PATXAL",479,479,1,"479"
"cluster_0007","134","PATYMP",479,479,1,"479"
"cluster_0007","323","PAUAZV",479,479,1,"479"
"cluster_0007","311","PAUCIB",479,479,1,"479"
"cluster_0007","145","PAUEFT",479,479,1,"479"
"cluster_0007","313","PAUIEM",479,479,1,"479"
"cluster_0007","158","PAUJRU",479,479,1,"479"
"cluster_0007","167","PAUMNE",479,479,1,"479"
"cluster_0007","169","PAUMVW",479,479,1,"479"
"cluster_0007","173","PAURGS",479,479,1,"479"
"cluster_0007","177","PAUSIS",479,479,1,"479"
"cluster_0007","193","PAUXSD",479,479,1,"479"
"cluster_0007","195","PAUYJF",479,479,1,"479"
"cluster_0007","204","PAVCYV",479,479,1,"479"
"cluster_0007","210","PAVFWF",479,479,1,"479"
"cluster_0007","222","PAVLCX",479,479,1,"479"
"cluster_0007","229","PAVNWE",479,479,1,"479"
"cluster_0007","231","PAVPLD",479,479,1,"479"
"cluster_0007","233","PAVRAP",479,479,1,"479"
"cluster_0007","234","PAVRDC",479,479,1,"479"
"cluster_0007","235","PAVRLH",479,479,1,"479"
"cluster_0007","239","PAVRWC",479,479,1,"479"
"cluster_0007","249","PAVWWF",479,479,1,"479"
"cluster_0007","269","PAWGWC",479,479,1,"479"
"cluster_0007","322","PAWIGC",479,479,1,"479"
"cluster_0007","281","PAWJJC",479,479,1,"479"
"cluster_0007","283","PAWJKX",479,479,1,"479"
"cluster_0007","288","PAWKYL",479,479,1,"479"
"cluster_0007","318","PAWLSM",479,479,1,"479"
"cluster_0008","293","PAREDN",465,465,1,"465"
"cluster_0008","6","PARGFL",465,465,1,"465"
"cluster_0008","9","PARHLS",465,465,1,"465"
"cluster_0008","12","PARJNX",465,465,1,"465"
"cluster_0008","13","PARJSM",465,465,1,"465"
"cluster_0008","15","PARJXW",465,465,1,"465"
"cluster_0008","17","PARLGK",465,465,1,"465"
"cluster_0008","22","PARMIA",465,465,1,"465"
"cluster_0008","27","PARPUL",465,465,1,"465"
"cluster_0008","296","PARPYK",465,465,1,"465"
"cluster_0008","32","PARWMF",465,465,1,"465"
"cluster_0008","34","PARXFY",465,465,1,"465"
"cluster_0008","35","PARXVS",465,465,1,"465"
"cluster_0008","40","PASGUH",465,465,1,"465"
"cluster_0008","43","PASHXL",465,465,1,"465"
"cluster_0008","300","PASHYJ",465,465,1,"465"
"cluster_0008","45","PASJFJ",465,465,1,"465"
"cluster_0008","48","PASKRN",465,465,1,"465"
"cluster_0008","49","PASKVH",465,465,1,"465"
"cluster_0008","50","PASKVH",465,465,1,"465"
"cluster_0008","54","PASLPH",465,465,1,"465"
"cluster_0008","55","PASNNM",465,465,1,"465"
"cluster_0008","56","PASPBU",465,465,1,"465"
"cluster_0008","57","PASPBU",465,465,1,"465"
"cluster_0008","61","PASRUK",465,465,1,"465"
"cluster_0008","62","PASSEF",465,465,1,"465"
"cluster_0008","64","PASTLI",465,465,1,"465"
"cluster_0008","65","PASTPT",465,465,1,"465"
"cluster_0008","66","PASTPT",465,465,1,"465"
"cluster_0008","68","PASVIN",465,465,1,"465"
"cluster_0008","69","PASVRC",465,465,1,"465"
"cluster_0008","70","PASVYP",465,465,1,"465"
"cluster_0008","71","PASVZJ",465,465,1,"465"
"cluster_0008","302","PASXFB",465,465,1,"465"
"cluster_0008","78","PASXSI",465,465,1,"465"
"cluster_0008","83","PATAUC",465,465,1,"465"
"cluster_0008","84","PATAUZ",465,465,1,"465"
"cluster_0008","85","PATBPY",465,465,1,"465"
"cluster_0008","91","PATDBU",465,465,1,"465"
"cluster_0008","92","PATDBU",465,465,1,"465"
"cluster_0008","97","PATEAK",465,465,1,"465"
"cluster_0008","98","PATEBX",465,465,1,"465"
"cluster_0008","99","PATFVG",465,465,1,"465"
"cluster_0008","107","PATJBC",465,465,1,"465"
"cluster_0008","109","PATJRX",465,465,1,"465"
"cluster_0008","110","PATJZK",465,465,1,"465"
"cluster_0008","112","PATKGP",465,465,1,"465"
"cluster_0008","116","PATKRF",465,465,1,"465"
"cluster_0008","117","PATLGU",465,465,1,"465"
"cluster_0008","118","PATLNS",465,465,1,"465"
"cluster_0008","119","PATMPM",465,465,1,"465"
"cluster_0008","120","PATMVH",465,465,1,"465"
"cluster_0008","121","PATRFD",465,465,1,"465"
"cluster_0008","124","PATRNH",465,465,1,"465"
"cluster_0008","125","PATSEZ",465,465,1,"465"
"cluster_0008","128","PATUDM",465,465,1,"465"
"cluster_0008","129","PATUDM",465,465,1,"465"
"cluster_0008","135","PATYMP",465,465,1,"465"
"cluster_0008","136","PATZSL",465,465,1,"465"
"cluster_0008","138","PATZYE",465,465,1,"465"
"cluster_0008","139","PAUAMR",465,465,1,"465"
"cluster_0008","140","PAUAVW",465,465,1,"465"
"cluster_0008","308","PAUBGA",465,465,1,"465"
"cluster_0008","143","PAUBLL",465,465,1,"465"
"cluster_0008","144","PAUCWP",465,465,1,"465"
"cluster_0008","146","PAUEUC",465,465,1,"465"
"cluster_0008","148","PAUGAP",465,465,1,"465"
"cluster_0008","151","PAUGLK",465,465,1,"465"
"cluster_0008","152","PAUHDN",465,465,1,"465"
"cluster_0008","153","PAUHHF",465,465,1,"465"
"cluster_0008","5","PAUHTB",465,465,1,"465"
"cluster_0008","321","PAUIFC",465,465,1,"465"
"cluster_0008","154","PAUIGD",465,465,1,"465"
"cluster_0008","155","PAUIMK",465,465,1,"465"
"cluster_0008","314","PAUISV",465,465,1,"465"
"cluster_0008","156","PAUIXW",465,465,1,"465"
"cluster_0008","159","PAUJVL",465,465,1,"465"
"cluster_0008","163","PAULGR",465,465,1,"465"
"cluster_0008","164","PAULGX",465,465,1,"465"
"cluster_0008","165","PAULIU",465,465,1,"465"
"cluster_0008","176","PAURTD",465,465,1,"465"
"cluster_0008","178","PAUSIS",465,465,1,"465"
"cluster_0008","179","PAUTBM",465,465,1,"465"
"cluster_0008","180","PAUTLJ",465,465,1,"465"
"cluster_0008","187","PAUTWN",465,465,1,"465"
"cluster_0008","189","PAUVTP",465,465,1,"465"
"cluster_0008","190","PAUVZI",465,465,1,"465"
"cluster_0008","320","PAUWNU",465,465,1,"465"
"cluster_0008","191","PAUXKE",465,465,1,"465"
"cluster_0008","192","PAUXRV",465,465,1,"465"
"cluster_0008","196","PAUYMH",465,465,1,"465"
"cluster_0008","197","PAUZHK",465,465,1,"465"
"cluster_0008","198","PAUZZA",465,465,1,"465"
"cluster_0008","200","PAVBAW",465,465,1,"465"
"cluster_0008","201","PAVBPR",465,465,1,"465"
"cluster_0008","203","PAVCRK",465,465,1,"465"
"cluster_0008","205","PAVCYV",465,465,1,"465"
"cluster_0008","211","PAVFXU",465,465,1,"465"
"cluster_0008","213","PAVJHG",465,465,1,"465"
"cluster_0008","214","PAVJJK",465,465,1,"465"
"cluster_0008","215","PAVJJU",465,465,1,"465"
"cluster_0008","221","PAVKWV",465,465,1,"465"
"cluster_0008","223","PAVLMX",465,465,1,"465"
"cluster_0008","226","PAVMPB",465,465,1,"465"
"cluster_0008","228","PAVNDL",465,465,1,"465"
"cluster_0008","315","PAVNSM",465,465,1,"465"
"cluster_0008","230","PAVPCZ",465,465,1,"465"
"cluster_0008","236","PAVRLN",463,463,1,"463"
"cluster_0008","240","PAVSHE",465,465,1,"465"
"cluster_0008","243","PAVUVZ",465,465,1,"465"
"cluster_0008","245","PAVVEI",465,465,1,"465"
"cluster_0008","246","PAVVHL",465,465,1,"465"
"cluster_0008","248","PAVWDF",465,465,1,"465"
"cluster_0008","250","PAVXBS",465,465,1,"465"
"cluster_0008","251","PAVXPD",465,465,1,"465"
"cluster_0008","252","PAVXYS",465,465,1,"465"
"cluster_0008","253","PAVXYS",465,465,1,"465"
"cluster_0008","254","PAVYTZ",465,465,1,"465"
"cluster_0008","255","PAVZJI",465,465,1,"465"
"cluster_0008","258","PAWAIH",465,465,1,"465"
"cluster_0008","259","PAWAMR",465,465,1,"465"
"cluster_0008","260","PAWAMT",465,465,1,"465"
"cluster_0008","263","PAWDMI",465,465,1,"465"
"cluster_0008","267","PAWGHS",465,465,1,"465"
"cluster_0008","268","PAWGPI",465,465,1,"465"
"cluster_0008","271","PAWGXW",465,465,1,"465"
"cluster_0008","272","PAWGYU",465,465,1,"465"
"cluster_0008","273","PAWHGU",465,465,1,"465"
"cluster_0008","275","PAWHIG",465,465,1,"465"
"cluster_0008","277","PAWIPA",465,465,1,"465"
"cluster_0008","279","PAWIWN",465,465,1,"465"
"cluster_0008","284","PAWJVB",465,465,1,"465"
"cluster_0008","285","PAWKAN",465,465,1,"465"
"cluster_0008","287","PAWKSC",465,465,1,"465"
"cluster_0008","290","PAWKZZ",465,465,1,"465"
"cluster_0008","291","PAWLFC",465,465,1,"465"
"cluster_0009","11","PARJAY",479,479,1,"479"
"cluster_0009","16","PARKLK",479,479,1,"479"
"cluster_0009","294","PARMED",479,479,1,"479"
"cluster_0009","19","PARMFF",479,479,1,"479"
"cluster_0009","21","PARMIA",479,479,1,"479"
"cluster_0009","1","PARMJA",479,479,1,"479"
"cluster_0009","24","PARMMV",479,479,1,"479"
"cluster_0009","297","PARRJR",479,479,1,"479"
"cluster_0009","37","PASFKA",479,479,1,"479"
"cluster_0009","47","PASKIC",479,479,1,"479"
"cluster_0009","326","PASKMG",479,479,1,"479"
"cluster_0009","53","PASKXA",479,479,1,"479"
"cluster_0009","58","PASPNW",479,479,1,"479"
"cluster_0009","59","PASPPN",479,479,1,"479"
"cluster_0009","67","PASUSV",479,479,1,"479"
"cluster_0009","76","PASWSR",479,479,1,"479"
"cluster_0009","77","PASXIL",479,479,1,"479"
"cluster_0009","79","PASYHN",479,479,1,"479"
"cluster_0009","80","PASZAY",479,479,1,"479"
"cluster_0009","81","PATADU",479,479,1,"479"
"cluster_0009","86","PATCDZ",479,479,1,"479"
"cluster_0009","89","PATDBC",479,479,1,"479"
"cluster_0009","100","PATGMP",479,479,1,"479"
"cluster_0009","101","PATGVX",479,479,1,"479"
"cluster_0009","325","PATHAA",479,479,1,"479"
"cluster_0009","102","PATHFE",479,479,1,"479"
"cluster_0009","104","PATIHV",479,479,1,"479"
"cluster_0009","106","PATITY",479,479,1,"479"
"cluster_0009","304","PATJCZ",479,479,1,"479"
"cluster_0009","108","PATJRX",479,479,1,"479"
"cluster_0009","111","PATKGP",480,480,1,"480"
"cluster_0009","114","PATKHZ",479,479,1,"479"
"cluster_0009","127","PATUDM",479,479,1,"479"
"cluster_0009","130","PATVTZ",503,503,1,"503"
"cluster_0009","131","PATWIJ",479,479,1,"479"
"cluster_0009","132","PATXAL",479,479,1,"479"
"cluster_0009","134","PATYMP",479,479,1,"479"
"cluster_0009","323","PAUAZV",479,479,1,"479"
"cluster_0009","311","PAUCIB",479,479,1,"479"
"cluster_0009","145","PAUEFT",479,479,1,"479"
"cluster_0009","313","PAUIEM",479,479,1,"479"
"cluster_0009","158","PAUJRU",479,479,1,"479"
"cluster_0009","167","PAUMNE",479,479,1,"479"
"cluster_0009","169","PAUMVW",479,479,1,"479"
"cluster_0009","173","PAURGS",479,479,1,"479"
"cluster_0009","177","PAUSIS",479,479,1,"479"
"cluster_0009","193","PAUXSD",479,479,1,"479"
"cluster_0009","195","PAUYJF",479,479,1,"479"
"cluster_0009","204","PAVCYV",479,479,1,"479"
"cluster_0009","210","PAVFWF",479,479,1,"479"
"cluster_0009","222","PAVLCX",479,479,1,"479"
"cluster_0009","229","PAVNWE",479,479,1,"479"
"cluster_0009","231","PAVPLD",479,479,1,"479"
"cluster_0009","233","PAVRAP",479,479,1,"479"
"cluster_0009","234","PAVRDC",479,479,1,"479"
"cluster_0009","235","PAVRLH",479,479,1,"479"
"cluster_0009","239","PAVRWC",479,479,1,"479"
"cluster_0009","249","PAVWWF",479,479,1,"479"
"cluster_0009","269","PAWGWC",479,479,1,"479"
"cluster_0009","322","PAWIGC",479,479,1,"479"
"cluster_0009","281","PAWJJC",479,479,1,"479"
"cluster_0009","283","PAWJKX",479,479,1,"479"
"cluster_0009","288","PAWKYL",479,479,1,"479"
"cluster_0009","318","PAWLSM",479,479,1,"479"
"cluster_0010","293","PAREDN",465,465,1,"465"
"cluster_0010","6","PARGFL",465,465,1,"465"
"cluster_0010","9","PARHLS",465,465,1,"465"
"cluster_0010","12","PARJNX",465,465,1,"465"
"cluster_0010","13","PARJSM",465,465,1,"465"
"cluster_0010","15","PARJXW",465,465,1,"465"
"cluster_0010","17","PARLGK",465,465,1,"465"
"cluster_0010","22","PARMIA",465,465,1,"465"
"cluster_0010","27","PARPUL",465,465,1,"465"
"cluster_0010","296","PARPYK",465,465,1,"465"
"cluster_0010","32","PARWMF",465,465,1,"465"
"cluster_0010","34","PARXFY",465,465,1,"465"
"cluster_0010","35","PARXVS",465,465,1,"465"
"cluster_0010","40","PASGUH",465,465,1,"465"
"cluster_0010","43","PASHXL",465,465,1,"465"
"cluster_0010","300","PASHYJ",465,465,1,"465"
"cluster_0010","45","PASJFJ",465,465,1,"465"
"cluster_0010","48","PASKRN",465,465,1,"465"
"cluster_0010","49","PASKVH",465,465,1,"465"
"cluster_0010","50","PASKVH",465,465,1,"465"
"cluster_0010","54","PASLPH",465,465,1,"465"
"cluster_0010","55","PASNNM",465,465,1,"465"
"cluster_0010","56","PASPBU",465,465,1,"465"
"cluster_0010","57","PASPBU",465,465,1,"465"
"cluster_0010","61","PASRUK",465,465,1,"465"
"cluster_0010","62","PASSEF",465,465,1,"465"
"cluster_0010","64","PASTLI",465,465,1,"465"
"cluster_0010","65","PASTPT",465,465,1,"465"
"cluster_0010","66","PASTPT",465,465,1,"465"
"cluster_0010","68","PASVIN",465,465,1,"465"
"cluster_0010","69","PASVRC",465,465,1,"465"
"cluster_0010","70","PASVYP",465,465,1,"465"
"cluster_0010","71","PASVZJ",465,465,1,"465"
"cluster_0010","302","PASXFB",465,465,1,"465"
"cluster_0010","78","PASXSI",465,465,1,"465"
"cluster_0010","83","PATAUC",465,465,1,"465"
"cluster_0010","84","PATAUZ",465,465,1,"465"
"cluster_0010","85","PATBPY",465,465,1,"465"
"cluster_0010","91","PATDBU",465,465,1,"465"
"cluster_0010","92","PATDBU",465,465,1,"465"
"cluster_0010","97","PATEAK",465,465,1,"465"
"cluster_0010","98","PATEBX",465,465,1,"465"
"cluster_0010","99","PATFVG",465,465,1,"465"
"cluster_0010","107","PATJBC",465,465,1,"465"
"cluster_0010","109","PATJRX",465,465,1,"465"
"cluster_0010","110","PATJZK",465,465,1,"465"
"cluster_0010","112","PATKGP",465,465,1,"465"
"cluster_0010","116","PATKRF",465,465,1,"465"
"cluster_0010","117","PATLGU",465,465,1,"465"
"cluster_0010","118","PATLNS",465,465,1,"465"
"cluster_0010","119","PATMPM",465,465,1,"465"
"cluster_0010","120","PATMVH",465,465,1,"465"
"cluster_0010","121","PATRFD",465,465,1,"465"
"cluster_0010","124","PATRNH",465,465,1,"465"
"cluster_0010","125","PATSEZ",465,465,1,"465"
"cluster_0010","128","PATUDM",465,465,1,"465"
"cluster_0010","129","PATUDM",465,465,1,"465"
"cluster_0010","135","PATYMP",465,465,1,"465"
"cluster_0010","136","PATZSL",465,465,1,"465"
"cluster_0010","138","PATZYE",465,465,1,"465"
"cluster_0010","139","PAUAMR",465,465,1,"465"
"cluster_0010","140","PAUAVW",465,465,1,"465"
"cluster_0010","308","PAUBGA",465,465,1,"465"
"cluster_0010","143","PAUBLL",465,465,1,"465"
"cluster_0010","144","PAUCWP",465,465,1,"465"
"cluster_0010","146","PAUEUC",465,465,1,"465"
"cluster_0010","148","PAUGAP",465,465,1,"465"
"cluster_0010","151","PAUGLK",465,465,1,"465"
"cluster_0010","152","PAUHDN",465,465,1,"465"
"cluster_0010","153","PAUHHF",465,465,1,"465"
"cluster_0010","5","PAUHTB",465,465,1,"465"
"cluster_0010","321","PAUIFC",465,465,1,"465"
"cluster_0010","154","PAUIGD",465,465,1,"465"
"cluster_0010","155","PAUIMK",465,465,1,"465"
"cluster_0010","314","PAUISV",465,465,1,"465"
"cluster_0010","156","PAUIXW",465,465,1,"465"
"cluster_0010","159","PAUJVL",465,465,1,"465"
"cluster_0010","163","PAULGR",465,465,1,"465"
"cluster_0010","164","PAULGX",465,465,1,"465"
"cluster_0010","165","PAULIU",465,465,1,"465"
"cluster_0010","176","PAURTD",465,465,1,"465"
"cluster_0010","178","PAUSIS",465,465,1,"465"
"cluster_0010","179","PAUTBM",465,465,1,"465"
"cluster_0010","180","PAUTLJ",465,465,1,"465"
"cluster_0010","187","PAUTWN",465,465,1,"465"
"cluster_0010","189","PAUVTP",465,465,1,"465"
"cluster_0010","190","PAUVZI",465,465,1,"465"
"cluster_0010","320","PAUWNU",465,465,1,"465"
"cluster_0010","191","PAUXKE",465,465,1,"465"
"cluster_0010","192","PAUXRV",465,465,1,"465"
"cluster_0010","196","PAUYMH",465,465,1,"465"
"cluster_0010","197","PAUZHK",465,465,1,"465"
"cluster_0010","198","PAUZZA",465,465,1,"465"
"cluster_0010","200","PAVBAW",465,465,1,"465"
"cluster_0010","201","PAVBPR",465,465,1,"465"
"cluster_0010","203","PAVCRK",465,465,1,"465"
"cluster_0010","205","PAVCYV",465,465,1,"465"
"cluster_0010","211","PAVFXU",465,465,1,"465"
"cluster_0010","213","PAVJHG",465,465,1,"465"
"cluster_0010","214","PAVJJK",465,465,1,"465"
"cluster_0010","215","PAVJJU",465,465,1,"465"
"cluster_0010","221","PAVKWV",465,465,1,"465"
"cluster_0010","223","PAVLMX",465,465,1,"465"
"cluster_0010","226","PAVMPB",465,465,1,"465"
"cluster_0010","228","PAVNDL",465,465,1,"465"
"cluster_0010","315","PAVNSM",465,465,1,"465"
"cluster_0010","230","PAVPCZ",465,465,1,"465"
"cluster_0010","240","PAVSHE",465,465,1,"465"
"cluster_0010","243","PAVUVZ",465,465,1,"465"
"cluster_0010","245","PAVVEI",465,465,1,"465"
"cluster_0010","246","PAVVHL",465,465,1,"465"
"cluster_0010","248","PAVWDF",465,465,1,"465"
"cluster_0010","250","PAVXBS",465,465,1,"465"
"cluster_0010","251","PAVXPD",465,465,1,"465"
"cluster_0010","252","PAVXYS",465,465,1,"465"
"cluster_0010","253","PAVXYS",465,465,1,"465"
"cluster_0010","254","PAVYTZ",465,465,1,"465"
"cluster_0010","255","PAVZJI",465,465,1,"465"
"cluster_0010","258","PAWAIH",465,465,1,"465"
"cluster_0010","259","PAWAMR",465,465,1,"465"
"cluster_0010","260","PAWAMT",465,465,1,"465"
"cluster_0010","263","PAWDMI",465,465,1,"465"
"cluster_0010","267","PAWGHS",465,465,1,"465"
"cluster_0010","268","PAWGPI",465,465,1,"465"
"cluster_0010","271","PAWGXW",465,465,1,"465"
"cluster_0010","272","PAWGYU",465,465,1,"465"
"cluster_0010","273","PAWHGU",465,465,1,"465"
"cluster_0010","274","PAWHIG",477,477,1,"477"
"cluster_0010","275","PAWHIG",465,465,1,"465"
"cluster_0010","277","PAWIPA",465,465,1,"465"
"cluster_0010","279","PAWIWN",465,465,1,"465"
"cluster_0010","282","PAWJKL",477,477,1,"477"
"cluster_0010","284","PAWJVB",465,465,1,"465"
"cluster_0010","285","PAWKAN",465,465,1,"465"
"cluster_0010","287","PAWKSC",465,465,1,"465"
"cluster_0010","290","PAWKZZ",465,465,1,"465"
"cluster_0010","291","PAWLFC",465,465,1,"465"
"cluster_0011","7","PARHBI",505,505,1,"505"
"cluster_0011","23","PARMMV",505,505,1,"505"
"cluster_0011","26","PARPUL",505,505,1,"505"
"cluster_0011","28","PARSNX",505,505,1,"505"
"cluster_0011","29","PARVMR",505,505,1,"505"
"cluster_0011","30","PARVSC",505,505,1,"505"
"cluster_0011","31","PARWMF",505,505,1,"505"
"cluster_0011","36","PARYHC",505,505,1,"505"
"cluster_0011","41","PASGUX",505,505,1,"505"
"cluster_0011","52","PASKWG",505,505,1,"505"
"cluster_0011","301","PASVVA",505,505,1,"505"
"cluster_0011","74","PASWNU",505,505,1,"505"
"cluster_0011","87","PATCTL",505,505,1,"505"
"cluster_0011","93","PATDDZ",505,505,1,"505"
"cluster_0011","94","PATDFE",505,505,1,"505"
"cluster_0011","303","PATDTL",505,505,1,"505"
"cluster_0011","115","PATKNX",505,505,1,"505"
"cluster_0011","123","PATRGV",505,505,1,"505"
"cluster_0011","130","PATVTZ",503,503,1,"503"
"cluster_0011","133","PATXTC",505,505,1,"505"
"cluster_0011","306","PATXTY",505,505,1,"505"
"cluster_0011","319","PAUAZV",505,505,1,"505"
"cluster_0011","307","PAUBBJ",505,505,1,"505"
"cluster_0011","141","PAUBGT",505,505,1,"505"
"cluster_0011","142","PAUBGT",505,505,1,"505"
"cluster_0011","310","PAUCIB",505,505,1,"505"
"cluster_0011","172","PAURGS",505,505,1,"505"
"cluster_0011","175","PAURSX",505,505,1,"505"
"cluster_0011","181","PAUTRX",505,505,1,"505"
"cluster_0011","202","PAVCRK",505,505,1,"505"
"cluster_0011","208","PAVEUZ",505,505,1,"505"
"cluster_0011","209","PAVFHF",505,505,1,"505"
"cluster_0011","212","PAVJBF",505,505,1,"505"
"cluster_0011","217","PAVJLJ",505,505,1,"505"
"cluster_0011","220","PAVJNX",505,505,1,"505"
"cluster_0011","224","PAVLMY",505,505,1,"505"
"cluster_0011","232","PAVPLN",505,505,1,"505"
"cluster_0011","238","PAVRTX",505,505,1,"505"
"cluster_0011","247","PAVVVF",505,505,1,"505"
"cluster_0011","4","PAVXTB",505,505,1,"505"
"cluster_0011","264","PAWETD",505,505,1,"505"
"cluster_0011","276","PAWHRW",505,505,1,"505"
"cluster_0011","278","PAWIWN",505,505,1,"505"
"cluster_0011","280","PAWIXS",505,505,1,"505"
"cluster_0011","317","PAWKXN",505,505,1,"505"
"cluster_0011","289","PAWKZX",505,505,1,"505"
"cluster_0012","293","PAREDN",465,465,1,"465"
"cluster_0012","6","PARGFL",465,465,1,"465"
"cluster_0012","7","PARHBI",505,505,1,"505"
"cluster_0012","9","PARHLS",465,465,1,"465"
"cluster_0012","12","PARJNX",465,465,1,"465"
"cluster_0012","13","PARJSM",465,465,1,"465"
"cluster_0012","15","PARJXW",465,465,1,"465"
"cluster_0012","17","PARLGK",465,465,1,"465"
"cluster_0012","22","PARMIA",465,465,1,"465"
"cluster_0012","23","PARMMV",505,505,1,"505"
"cluster_0012","26","PARPUL",505,505,1,"505"
"cluster_0012","27","PARPUL",465,465,1,"465"
"cluster_0012","296","PARPYK",465,465,1,"465"
"cluster_0012","28","PARSNX",505,505,1,"505"
"cluster_0012","29","PARVMR",505,505,1,"505"
"cluster_0012","30","PARVSC",505,505,1,"505"
"cluster_0012","31","PARWMF",505,505,1,"505"
"cluster_0012","32","PARWMF",465,465,1,"465"
"cluster_0012","34","PARXFY",465,465,1,"465"
"cluster_0012","35","PARXVS",465,465,1,"465"
"cluster_0012","36","PARYHC",505,505,1,"505"
"cluster_0012","40","PASGUH",465,465,1,"465"
"cluster_0012","41","PASGUX",505,505,1,"505"
"cluster_0012","43","PASHXL",465,465,1,"465"
"cluster_0012","300","PASHYJ",465,465,1,"465"
"cluster_0012","45","PASJFJ",465,465,1,"465"
"cluster_0012","48","PASKRN",465,465,1,"465"
"cluster_0012","49","PASKVH",465,465,1,"465"
"cluster_0012","50","PASKVH",465,465,1,"465"
"cluster_0012","52","PASKWG",505,505,1,"505"
"cluster_0012","54","PASLPH",465,465,1,"465"
"cluster_0012","55","PASNNM",465,465,1,"465"
"cluster_0012","56","PASPBU",465,465,1,"465"
"cluster_0012","57","PASPBU",465,465,1,"465"
"cluster_0012","61","PASRUK",465,465,1,"465"
"cluster_0012","62","PASSEF",465,465,1,"465"
"cluster_0012","64","PASTLI",465,465,1,"465"
"cluster_0012","65","PASTPT",465,465,1,"465"
"cluster_0012","66","PASTPT",465,465,1,"465"
"cluster_0012","68","PASVIN",465,465,1,"465"
"cluster_0012","69","PASVRC",465,465,1,"465"
"cluster_0012","301","PASVVA",505,505,1,"505"
"cluster_0012","70","PASVYP",465,465,1,"465"
"cluster_0012","71","PASVZJ",465,465,1,"465"
"cluster_0012","74","PASWNU",505,505,1,"505"
"cluster_0012","302","PASXFB",465,465,1,"465"
"cluster_0012","78","PASXSI",465,465,1,"465"
"cluster_0012","83","PATAUC",465,465,1,"465"
"cluster_0012","84","PATAUZ",465,465,1,"465"
"cluster_0012","85","PATBPY",465,465,1,"465"
"cluster_0012","87","PATCTL",505,505,1,"505"
"cluster_0012","91","PATDBU",465,465,1,"465"
"cluster_0012","92","PATDBU",465,465,1,"465"
"cluster_0012","93","PATDDZ",505,505,1,"505"
"cluster_0012","94","PATDFE",505,505,1,"505"
"cluster_0012","303","PATDTL",505,505,1,"505"
"cluster_0012","97","PATEAK",465,465,1,"465"
"cluster_0012","98","PATEBX",465,465,1,"465"
"cluster_0012","99","PATFVG",465,465,1,"465"
"cluster_0012","107","PATJBC",465,465,1,"465"
"cluster_0012","109","PATJRX",465,465,1,"465"
"cluster_0012","110","PATJZK",465,465,1,"465"
"cluster_0012","112","PATKGP",465,465,1,"465"
"cluster_0012","115","PATKNX",505,505,1,"505"
"cluster_0012","116","PATKRF",465,465,1,"465"
"cluster_0012","117","PATLGU",465,465,1,"465"
"cluster_0012","118","PATLNS",465,465,1,"465"
"cluster_0012","119","PATMPM",465,465,1,"465"
"cluster_0012","120","PATMVH",465,465,1,"465"
"cluster_0012","121","PATRFD",465,465,1,"465"
"cluster_0012","123","PATRGV",505,505,1,"505"
"cluster_0012","124","PATRNH",465,465,1,"465"
"cluster_0012","125","PATSEZ",465,465,1,"465"
"cluster_0012","128","PATUDM",465,465,1,"465"
"cluster_0012","129","PATUDM",465,465,1,"465"
"cluster_0012","133","PATXTC",505,505,1,"505"
"cluster_0012","306","PATXTY",505,505,1,"505"
"cluster_0012","135","PATYMP",465,465,1,"465"
"cluster_0012","136","PATZSL",465,465,1,"465"
"cluster_0012","138","PATZYE",465,465,1,"465"
"cluster_0012","139","PAUAMR",465,465,1,"465"
"cluster_0012","140","PAUAVW",465,465,1,"465"
"cluster_0012","319","PAUAZV",505,505,1,"505"
"cluster_0012","307","PAUBBJ",505,505,1,"505"
"cluster_0012","308","PAUBGA",465,465,1,"465"
"cluster_0012","141","PAUBGT",505,505,1,"505"
"cluster_0012","142","PAUBGT",505,505,1,"505"
"cluster_0012","143","PAUBLL",465,465,1,"465"
"cluster_0012","310","PAUCIB",505,505,1,"505"
"cluster_0012","144","PAUCWP",465,465,1,"465"
"cluster_0012","146","PAUEUC",465,465,1,"465"
"cluster_0012","148","PAUGAP",465,465,1,"465"
"cluster_0012","151","PAUGLK",465,465,1,"465"
"cluster_0012","152","PAUHDN",465,465,1,"465"
"cluster_0012","153","PAUHHF",465,465,1,"465"
"cluster_0012","5","PAUHTB",465,465,1,"465"
"cluster_0012","321","PAUIFC",465,465,1,"465"
"cluster_0012","154","PAUIGD",465,465,1,"465"
"cluster_0012","155","PAUIMK",465,465,1,"465"
"cluster_0012","314","PAUISV",465,465,1,"465"
"cluster_0012","156","PAUIXW",465,465,1,"465"
"cluster_0012","159","PAUJVL",465,465,1,"465"
"cluster_0012","163","PAULGR",465,465,1,"465"
"cluster_0012","164","PAULGX",465,465,1,"465"
"cluster_0012","165","PAULIU",465,465,1,"465"
"cluster_0012","172","PAURGS",505,505,1,"505"
"cluster_0012","175","PAURSX",505,505,1,"505"
"cluster_0012","176","PAURTD",465,465,1,"465"
"cluster_0012","178","PAUSIS",465,465,1,"465"
"cluster_0012","179","PAUTBM",465,465,1,"465"
"cluster_0012","180","PAUTLJ",465,465,1,"465"
"cluster_0012","181","PAUTRX",505,505,1,"505"
"cluster_0012","187","PAUTWN",465,465,1,"465"
"cluster_0012","189","PAUVTP",465,465,1,"465"
"cluster_0012","190","PAUVZI",465,465,1,"465"
"cluster_0012","320","PAUWNU",465,465,1,"465"
"cluster_0012","191","PAUXKE",465,465,1,"465"
"cluster_0012","192","PAUXRV",465,465,1,"465"
"cluster_0012","196","PAUYMH",465,465,1,"465"
"cluster_0012","197","PAUZHK",465,465,1,"465"
"cluster_0012","198","PAUZZA",465,465,1,"465"
"cluster_0012","200","PAVBAW",465,465,1,"465"
"cluster_0012","201","PAVBPR",465,465,1,"465"
"cluster_0012","202","PAVCRK",505,505,1,"505"
"cluster_0012","203","PAVCRK",465,465,1,"465"
"cluster_0012","205","PAVCYV",465,465,1,"465"
"cluster_0012","208","PAVEUZ",505,505,1,"505"
"cluster_0012","209","PAVFHF",505,505,1,"505"
"cluster_0012","211","PAVFXU",465,465,1,"465"
"cluster_0012","212","PAVJBF",505,505,1,"505"
"cluster_0012","213","PAVJHG",465,465,1,"465"
"cluster_0012","214","PAVJJK",465,465,1,"465"
"cluster_0012","215","PAVJJU",465,465,1,"465"
"cluster_0012","217","PAVJLJ",505,505,1,"505"
"cluster_0012","220","PAVJNX",505,505,1,"505"
"cluster_0012","221","PAVKWV",465,465,1,"465"
"cluster_0012","223","PAVLMX",465,465,1,"465"
"cluster_0012","224","PAVLMY",505,505,1,"505"
"cluster_0012","226","PAVMPB",465,465,1,"465"
"cluster_0012","228","PAVNDL",465,465,1,"465"
"cluster_0012","315","PAVNSM",465,465,1,"465"
"cluster_0012","230","PAVPCZ",465,465,1,"465"
"cluster_0012","232","PAVPLN",505,505,1,"505"
"cluster_0012","238","PAVRTX",505,505,1,"505"
"cluster_0012","240","PAVSHE",465,465,1,"465"
"cluster_0012","243","PAVUVZ",465,465,1,"465"
"cluster_0012","245","PAVVEI",465,465,1,"465"
"cluster_0012","246","PAVVHL",465,465,1,"465"
"cluster_0012","247","PAVVVF",505,505,1,"505"
"cluster_0012","248","PAVWDF",465,465,1,"465"
"cluster_0012","250","PAVXBS",465,465,1,"465"
"cluster_0012","251","PAVXPD",465,465,1,"465"
"cluster_0012","4","PAVXTB",505,505,1,"505"
"cluster_0012","252","PAVXYS",465,465,1,"465"
"cluster_0012","253","PAVXYS",465,465,1,"465"
"cluster_0012","254","PAVYTZ",465,465,1,"465"
"cluster_0012","255","PAVZJI",465,465,1,"465"
"cluster_0012","258","PAWAIH",465,465,1,"465"
"cluster_0012","259","PAWAMR",465,465,1,"465"
"cluster_0012","260","PAWAMT",465,465,1,"465"
"cluster_0012","263","PAWDMI",465,465,1,"465"
"cluster_0012","264","PAWETD",505,505,1,"505"
"cluster_0012","267","PAWGHS",465,465,1,"465"
"cluster_0012","268","PAWGPI",465,465,1,"465"
"cluster_0012","271","PAWGXW",465,465,1,"465"
"cluster_0012","272","PAWGYU",465,465,1,"465"
"cluster_0012","273","PAWHGU",465,465,1,"465"
"cluster_0012","274","PAWHIG",477,477,1,"477"
"cluster_0012","275","PAWHIG",465,465,1,"465"
"cluster_0012","276","PAWHRW",505,505,1,"505"
"cluster_0012","277","PAWIPA",465,465,1,"465"
"cluster_0012","278","PAWIWN",505,505,1,"505"
"cluster_0012","279","PAWIWN",465,465,1,"465"
"cluster_0012","280","PAWIXS",505,505,1,"505"
"cluster_0012","282","PAWJKL",477,477,1,"477"
"cluster_0012","284","PAWJVB",465,465,1,"465"
"cluster_0012","285","PAWKAN",465,465,1,"465"
"cluster_0012","287","PAWKSC",465,465,1,"465"
"cluster_0012","317","PAWKXN",505,505,1,"505"
"cluster_0012","289","PAWKZX",505,505,1,"505"
"cluster_0012","290","PAWKZZ",465,465,1,"465"
"cluster_0012","291","PAWLFC",465,465,1,"465"
"cluster_0013","11","PARJAY",479,479,1,"479"
"cluster_0013","16","PARKLK",479,479,1,"479"
"cluster_0013","294","PARMED",479,479,1,"479"
"cluster_0013","19","PARMFF",479,479,1,"479"
"cluster_0013","21","PARMIA",479,479,1,"479"
"cluster_0013","1","PARMJA",479,479,1,"479"
"cluster_0013","24","PARMMV",479,479,1,"479"
"cluster_0013","297","PARRJR",479,479,1,"479"
"cluster_0013","37","PASFKA",479,479,1,"479"
"cluster_0013","47","PASKIC",479,479,1,"479"
"cluster_0013","326","PASKMG",479,479,1,"479"
"cluster_0013","53","PASKXA",479,479,1,"479"
"cluster_0013","58","PASPNW",479,479,1,"479"
"cluster_0013","59","PASPPN",479,479,1,"479"
"cluster_0013","67","PASUSV",479,479,1,"479"
"cluster_0013","76","PASWSR",479,479,1,"479"
"cluster_0013","77","PASXIL",479,479,1,"479"
"cluster_0013","79","PASYHN",479,479,1,"479"
"cluster_0013","80","PASZAY",479,479,1,"479"
"cluster_0013","81","PATADU",479,479,1,"479"
"cluster_0013","86","PATCDZ",479,479,1,"479"
"cluster_0013","89","PATDBC",479,479,1,"479"
"cluster_0013","100","PATGMP",479,479,1,"479"
"cluster_0013","101","PATGVX",479,479,1,"479"
"cluster_0013","325","PATHAA",479,479,1,"479"
"cluster_0013","102","PATHFE",479,479,1,"479"
"cluster_0013","104","PATIHV",479,479,1,"479"
"cluster_0013","106","PATITY",479,479,1,"479"
"cluster_0013","304","PATJCZ",479,479,1,"479"
"cluster_0013","108","PATJRX",479,479,1,"479"
"cluster_0013","111","PATKGP",480,480,1,"480"
"cluster_0013","114","PATKHZ",479,479,1,"479"
"cluster_0013","127","PATUDM",479,479,1,"479"
"cluster_0013","131","PATWIJ",479,479,1,"479"
"cluster_0013","132","PATXAL",479,479,1,"479"
"cluster_0013","134","PATYMP",479,479,1,"479"
"cluster_0013","323","PAUAZV",479,479,1,"479"
"cluster_0013","311","PAUCIB",479,479,1,"479"
"cluster_0013","145","PAUEFT",479,479,1,"479"
"cluster_0013","313","PAUIEM",479,479,1,"479"
"cluster_0013","158","PAUJRU",479,479,1,"479"
"cluster_0013","167","PAUMNE",479,479,1,"479"
"cluster_0013","169","PAUMVW",479,479,1,"479"
"cluster_0013","173","PAURGS",479,479,1,"479"
"cluster_0013","177","PAUSIS",479,479,1,"479"
"cluster_0013","193","PAUXSD",479,479,1,"479"
"cluster_0013","195","PAUYJF",479,479,1,"479"
"cluster_0013","204","PAVCYV",479,479,1,"479"
"cluster_0013","210","PAVFWF",479,479,1,"479"
"cluster_0013","222","PAVLCX",479,479,1,"479"
"cluster_0013","229","PAVNWE",479,479,1,"479"
"cluster_0013","231","PAVPLD",479,479,1,"479"
"cluster_0013","233","PAVRAP",479,479,1,"479"
"cluster_0013","234","PAVRDC",479,479,1,"479"
"cluster_0013","235","PAVRLH",479,479,1,"479"
"cluster_0013","239","PAVRWC",479,479,1,"479"
"cluster_0013","249","PAVWWF",479,479,1,"479"
"cluster_0013","269","PAWGWC",479,479,1,"479"
"cluster_0013","274","PAWHIG",477,477,1,"477"
"cluster_0013","322","PAWIGC",479,479,1,"479"
"cluster_0013","281","PAWJJC",479,479,1,"479"
"cluster_0013","282","PAWJKL",477,477,1,"477"
"cluster_0013","283","PAWJKX",479,479,1,"479"
"cluster_0013","288","PAWKYL",479,479,1,"479"
"cluster_0013","318","PAWLSM",479,479,1,"479"
"cluster_0014","293","PAREDN",465,465,1,"465"
"cluster_0014","6","PARGFL",465,465,1,"465"
"cluster_0014","9","PARHLS",465,465,1,"465"
"cluster_0014","11","PARJAY",479,479,1,"479"
"cluster_0014","12","PARJNX",465,465,1,"465"
"cluster_0014","13","PARJSM",465,465,1,"465"
"cluster_0014","15","PARJXW",465,465,1,"465"
"cluster_0014","16","PARKLK",479,479,1,"479"
"cluster_0014","17","PARLGK",465,465,1,"465"
"cluster_0014","294","PARMED",479,479,1,"479"
"cluster_0014","19","PARMFF",479,479,1,"479"
"cluster_0014","21","PARMIA",479,479,1,"479"
"cluster_0014","22","PARMIA",465,465,1,"465"
"cluster_0014","1","PARMJA",479,479,1,"479"
"cluster_0014","24","PARMMV",479,479,1,"479"
"cluster_0014","27","PARPUL",465,465,1,"465"
"cluster_0014","296","PARPYK",465,465,1,"465"
"cluster_0014","297","PARRJR",479,479,1,"479"
"cluster_0014","32","PARWMF",465,465,1,"465"
"cluster_0014","34","PARXFY",465,465,1,"465"
"cluster_0014","35","PARXVS",465,465,1,"465"
"cluster_0014","37","PASFKA",479,479,1,"479"
"cluster_0014","40","PASGUH",465,465,1,"465"
"cluster_0014","43","PASHXL",465,465,1,"465"
"cluster_0014","300","PASHYJ",465,465,1,"465"
"cluster_0014","45","PASJFJ",465,465,1,"465"
"cluster_0014","47","PASKIC",479,479,1,"479"
"cluster_0014","326","PASKMG",479,479,1,"479"
"cluster_0014","48","PASKRN",465,465,1,"465"
"cluster_0014","49","PASKVH",465,465,1,"465"
"cluster_0014","50","PASKVH",465,465,1,"465"
"cluster_0014","53","PASKXA",479,479,1,"479"
"cluster_0014","54","PASLPH",465,465,1,"465"
"cluster_0014","55","PASNNM",465,465,1,"465"
"cluster_0014","56","PASPBU",465,465,1,"465"
"cluster_0014","57","PASPBU",465,465,1,"465"
"cluster_0014","58","PASPNW",479,479,1,"479"
"cluster_0014","59","PASPPN",479,479,1,"479"
"cluster_0014","61","PASRUK",465,465,1,"465"
"cluster_0014","62","PASSEF",465,465,1,"465"
"cluster_0014","64","PASTLI",465,465,1,"465"
"cluster_0014","65","PASTPT",465,465,1,"465"
"cluster_0014","66","PASTPT",465,465,1,"465"
"cluster_0014","67","PASUSV",479,479,1,"479"
"cluster_0014","68","PASVIN",465,465,1,"465"
"cluster_0014","69","PASVRC",465,465,1,"465"
"cluster_0014","70","PASVYP",465,465,1,"465"
"cluster_0014","71","PASVZJ",465,465,1,"465"
"cluster_0014","76","PASWSR",479,479,1,"479"
"cluster_0014","302","PASXFB",465,465,1,"465"
"cluster_0014","77","PASXIL",479,479,1,"479"
"cluster_0014","78","PASXSI",465,465,1,"465"
"cluster_0014","79","PASYHN",479,479,1,"479"
"cluster_0014","80","PASZAY",479,479,1,"479"
"cluster_0014","81","PATADU",479,479,1,"479"
"cluster_0014","83","PATAUC",465,465,1,"465"
"cluster_0014","84","PATAUZ",465,465,1,"465"
"cluster_0014","85","PATBPY",465,465,1,"465"
"cluster_0014","86","PATCDZ",479,479,1,"479"
"cluster_0014","89","PATDBC",479,479,1,"479"
"cluster_0014","91","PATDBU",465,465,1,"465"
"cluster_0014","92","PATDBU",465,465,1,"465"
"cluster_0014","97","PATEAK",465,465,1,"465"
"cluster_0014","98","PATEBX",465,465,1,"465"
"cluster_0014","99","PATFVG",465,465,1,"465"
"cluster_0014","100","PATGMP",479,479,1,"479"
"cluster_0014","101","PATGVX",479,479,1,"479"
"cluster_0014","325","PATHAA",479,479,1,"479"
"cluster_0014","102","PATHFE",479,479,1,"479"
"cluster_0014","104","PATIHV",479,479,1,"479"
"cluster_0014","106","PATITY",479,479,1,"479"
"cluster_0014","107","PATJBC",465,465,1,"465"
"cluster_0014","304","PATJCZ",479,479,1,"479"
"cluster_0014","108","PATJRX",479,479,1,"479"
"cluster_0014","109","PATJRX",465,465,1,"465"
"cluster_0014","110","PATJZK",465,465,1,"465"
"cluster_0014","111","PATKGP",480,480,1,"480"
"cluster_0014","112","PATKGP",465,465,1,"465"
"cluster_0014","114","PATKHZ",479,479,1,"479"
"cluster_0014","116","PATKRF",465,465,1,"465"
"cluster_0014","117","PATLGU",465,465,1,"465"
"cluster_0014","118","PATLNS",465,465,1,"465"
"cluster_0014","119","PATMPM",465,465,1,"465"
"cluster_0014","120","PATMVH",465,465,1,"465"
"cluster_0014","121","PATRFD",465,465,1,"465"
"cluster_0014","124","PATRNH",465,465,1,"465"
"cluster_0014","125","PATSEZ",465,465,1,"465"
"cluster_0014","127","PATUDM",479,479,1,"479"
"cluster_0014","128","PATUDM",465,465,1,"465"
"cluster_0014","129","PATUDM",465,465,1,"465"
"cluster_0014","131","PATWIJ",479,479,1,"479"
"cluster_0014","132","PATXAL",479,479,1,"479"
"cluster_0014","134","PATYMP",479,479,1,"479"
"cluster_0014","135","PATYMP",465,465,1,"465"
"cluster_0014","136","PATZSL",465,465,1,"465"
"cluster_0014","138","PATZYE",465,465,1,"465"
"cluster_0014","139","PAUAMR",465,465,1,"465"
"cluster_0014","140","PAUAVW",465,465,1,"465"
"cluster_0014","323","PAUAZV",479,479,1,"479"
"cluster_0014","308","PAUBGA",465,465,1,"465"
"cluster_0014","143","PAUBLL",465,465,1,"465"
"cluster_0014","311","PAUCIB",479,479,1,"479"
"cluster_0014","144","PAUCWP",465,465,1,"465"
"cluster_0014","145","PAUEFT",479,479,1,"479"
"cluster_0014","146","PAUEUC",465,465,1,"465"
"cluster_0014","148","PAUGAP",465,465,1,"465"
"cluster_0014","151","PAUGLK",465,465,1,"465"
"cluster_0014","152","PAUHDN",465,465,1,"465"
"cluster_0014","153","PAUHHF",465,465,1,"465"
"cluster_0014","5","PAUHTB",465,465,1,"465"
"cluster_0014","313","PAUIEM",479,479,1,"479"
"cluster_0014","321","PAUIFC",465,465,1,"465"
"cluster_0014","154","PAUIGD",465,465,1,"465"
"cluster_0014","155","PAUIMK",465,465,1,"465"
"cluster_0014","314","PAUISV",465,465,1,"465"
"cluster_0014","156","PAUIXW",465,465,1,"465"
"cluster_0014","158","PAUJRU",479,479,1,"479"
"cluster_0014","159","PAUJVL",465,465,1,"465"
"cluster_0014","163","PAULGR",465,465,1,"465"
"cluster_0014","164","PAULGX",465,465,1,"465"
"cluster_0014","165","PAULIU",465,465,1,"465"
"cluster_0014","167","PAUMNE",479,479,1,"479"
"cluster_0014","169","PAUMVW",479,479,1,"479"
"cluster_0014","173","PAURGS",479,479,1,"479"
"cluster_0014","176","PAURTD",465,465,1,"465"
"cluster_0014","177","PAUSIS",479,479,1,"479"
"cluster_0014","178","PAUSIS",465,465,1,"465"
"cluster_0014","179","PAUTBM",465,465,1,"465"
"cluster_0014","180","PAUTLJ",465,465,1,"465"
"cluster_0014","187","PAUTWN",465,465,1,"465"
"cluster_0014","189","PAUVTP",465,465,1,"465"
"cluster_0014","190","PAUVZI",465,465,1,"465"
"cluster_0014","320","PAUWNU",465,465,1,"465"
"cluster_0014","191","PAUXKE",465,465,1,"465"
"cluster_0014","192","PAUXRV",465,465,1,"465"
"cluster_0014","193","PAUXSD",479,479,1,"479"
"cluster_0014","195","PAUYJF",479,479,1,"479"
"cluster_0014","196","PAUYMH",465,465,1,"465"
"cluster_0014","197","PAUZHK",465,465,1,"465"
"cluster_0014","198","PAUZZA",465,465,1,"465"
"cluster_0014","200","PAVBAW",465,465,1,"465"
"cluster_0014","201","PAVBPR",465,465,1,"465"
"cluster_0014","203","PAVCRK",465,465,1,"465"
"cluster_0014","204","PAVCYV",479,479,1,"479"
"cluster_0014","205","PAVCYV",465,465,1,"465"
"cluster_0014","210","PAVFWF",479,479,1,"479"
"cluster_0014","211","PAVFXU",465,465,1,"465"
"cluster_0014","213","PAVJHG",465,465,1,"465"
"cluster_0014","214","PAVJJK",465,465,1,"465"
"cluster_0014","215","PAVJJU",465,465,1,"465"
"cluster_0014","221","PAVKWV",465,465,1,"465"
"cluster_0014","222","PAVLCX",479,479,1,"479"
"cluster_0014","223","PAVLMX",465,465,1,"465"
"cluster_0014","226","PAVMPB",465,465,1,"465"
"cluster_0014","228","PAVNDL",465,465,1,"465"
"cluster_0014","315","PAVNSM",465,465,1,"465"
"cluster_0014","229","PAVNWE",479,479,1,"479"
"cluster_0014","230","PAVPCZ",465,465,1,"465"
"cluster_0014","231","PAVPLD",479,479,1,"479"
"cluster_0014","233","PAVRAP",479,479,1,"479"
"cluster_0014","234","PAVRDC",479,479,1,"479"
"cluster_0014","235","PAVRLH",479,479,1,"479"
"cluster_0014","236","PAVRLN",463,463,1,"463"
"cluster_0014","239","PAVRWC",479,479,1,"479"
"cluster_0014","240","PAVSHE",465,465,1,"465"
"cluster_0014","243","PAVUVZ",465,465,1,"465"
"cluster_0014","245","PAVVEI",465,465,1,"465"
"cluster_0014","246","PAVVHL",465,465,1,"465"
"cluster_0014","248","PAVWDF",465,465,1,"465"
"cluster_0014","249","PAVWWF",479,479,1,"479"
"cluster_0014","250","PAVXBS",465,465,1,"465"
"cluster_0014","251","PAVXPD",465,465,1,"465"
"cluster_0014","252","PAVXYS",465,465,1,"465"
"cluster_0014","253","PAVXYS",465,465,1,"465"
"cluster_0014","254","PAVYTZ",465,465,1,"465"
"cluster_0014","255","PAVZJI",465,465,1,"465"
"cluster_0014","258","PAWAIH",465,465,1,"465"
"cluster_0014","259","PAWAMR",465,465,1,"465"
"cluster_0014","260","PAWAMT",465,465,1,"465"
"cluster_0014","263","PAWDMI",465,465,1,"465"
"cluster_0014","267","PAWGHS",465,465,1,"465"
"cluster_0014","268","PAWGPI",465,465,1,"465"
"cluster_0014","269","PAWGWC",479,479,1,"479"
"cluster_0014","271","PAWGXW",465,465,1,"465"
"cluster_0014","272","PAWGYU",465,465,1,"465"
"cluster_0014","273","PAWHGU",465,465,1,"465"
"cluster_0014","274","PAWHIG",477,477,1,"477"
"cluster_0014","275","PAWHIG",465,465,1,"465"
"cluster_0014","322","PAWIGC",479,479,1,"479"
"cluster_0014","277","PAWIPA",465,465,1,"465"
"cluster_0014","279","PAWIWN",465,465,1,"465"
"cluster_0014","281","PAWJJC",479,479,1,"479"
"cluster_0014","282","PAWJKL",477,477,1,"477"
"cluster_0014","283","PAWJKX",479,479,1,"479"
"cluster_0014","284","PAWJVB",465,465,1,"465"
"cluster_0014","285","PAWKAN",465,465,1,"465"
"cluster_0014","287","PAWKSC",465,465,1,"465"
"cluster_0014","288","PAWKYL",479,479,1,"479"
"cluster_0014","290","PAWKZZ",465,465,1,"465"
"cluster_0014","291","PAWLFC",465,465,1,"465"
"cluster_0014","318","PAWLSM",479,479,1,"479"
"cluster_0015","293","PAREDN",465,465,1,"465"
"cluster_0015","6","PARGFL",465,465,1,"465"
"cluster_0015","7","PARHBI",505,505,1,"505"
"cluster_0015","9","PARHLS",465,465,1,"465"
"cluster_0015","11","PARJAY",479,479,1,"479"
"cluster_0015","12","PARJNX",465,465,1,"465"
"cluster_0015","13","PARJSM",465,465,1,"465"
"cluster_0015","15","PARJXW",465,465,1,"465"
"cluster_0015","16","PARKLK",479,479,1,"479"
"cluster_0015","17","PARLGK",465,465,1,"465"
"cluster_0015","294","PARMED",479,479,1,"479"
"cluster_0015","19","PARMFF",479,479,1,"479"
"cluster_0015","21","PARMIA",479,479,1,"479"
"cluster_0015","22","PARMIA",465,465,1,"465"
"cluster_0015","1","PARMJA",479,479,1,"479"
"cluster_0015","23","PARMMV",505,505,1,"505"
"cluster_0015","24","PARMMV",479,479,1,"479"
"cluster_0015","26","PARPUL",505,505,1,"505"
"cluster_0015","27","PARPUL",465,465,1,"465"
"cluster_0015","296","PARPYK",465,465,1,"465"
"cluster_0015","297","PARRJR",479,479,1,"479"
"cluster_0015","28","PARSNX",505,505,1,"505"
"cluster_0015","29","PARVMR",505,505,1,"505"
"cluster_0015","30","PARVSC",505,505,1,"505"
"cluster_0015","31","PARWMF",505,505,1,"505"
"cluster_0015","32","PARWMF",465,465,1,"465"
"cluster_0015","34","PARXFY",465,465,1,"465"
"cluster_0015","35","PARXVS",465,465,1,"465"
"cluster_0015","36","PARYHC",505,505,1,"505"
"cluster_0015","37","PASFKA",479,479,1,"479"
"cluster_0015","40","PASGUH",465,465,1,"465"
"cluster_0015","41","PASGUX",505,505,1,"505"
"cluster_0015","43","PASHXL",465,465,1,"465"
"cluster_0015","300","PASHYJ",465,465,1,"465"
"cluster_0015","45","PASJFJ",465,465,1,"465"
"cluster_0015","47","PASKIC",479,479,1,"479"
"cluster_0015","326","PASKMG",479,479,1,"479"
"cluster_0015","48","PASKRN",465,465,1,"465"
"cluster_0015","49","PASKVH",465,465,1,"465"
"cluster_0015","50","PASKVH",465,465,1,"465"
"cluster_0015","52","PASKWG",505,505,1,"505"
"cluster_0015","53","PASKXA",479,479,1,"479"
"cluster_0015","54","PASLPH",465,465,1,"465"
"cluster_0015","55","PASNNM",465,465,1,"465"
"cluster_0015","56","PASPBU",465,465,1,"465"
"cluster_0015","57","PASPBU",465,465,1,"465"
"cluster_0015","58","PASPNW",479,479,1,"479"
"cluster_0015","59","PASPPN",479,479,1,"479"
"cluster_0015","61","PASRUK",465,465,1,"465"
"cluster_0015","62","PASSEF",465,465,1,"465"
"cluster_0015","64","PASTLI",465,465,1,"465"
"cluster_0015","65","PASTPT",465,465,1,"465"
"cluster_0015","66","PASTPT",465,465,1,"465"
"cluster_0015","67","PASUSV",479,479,1,"479"
"cluster_0015","68","PASVIN",465,465,1,"465"
"cluster_0015","69","PASVRC",465,465,1,"465"
"cluster_0015","301","PASVVA",505,505,1,"505"
"cluster_0015","70","PASVYP",465,465,1,"465"
"cluster_0015","71","PASVZJ",465,465,1,"465"
"cluster_0015","74","PASWNU",505,505,1,"505"
"cluster_0015","76","PASWSR",479,479,1,"479"
"cluster_0015","302","PASXFB",465,465,1,"465"
"cluster_0015","77","PASXIL",479,479,1,"479"
"cluster_0015","78","PASXSI",465,465,1,"465"
"cluster_0015","79","PASYHN",479,479,1,"479"
"cluster_0015","80","PASZAY",479,479,1,"479"
"cluster_0015","81","PATADU",479,479,1,"479"
"cluster_0015","83","PATAUC",465,465,1,"465"
"cluster_0015","84","PATAUZ",465,465,1,"465"
"cluster_0015","85","PATBPY",465,465,1,"465"
"cluster_0015","86","PATCDZ",479,479,1,"479"
"cluster_0015","87","PATCTL",505,505,1,"505"
"cluster_0015","89","PATDBC",479,479,1,"479"
"cluster_0015","91","PATDBU",465,465,1,"465"
"cluster_0015","92","PATDBU",465,465,1,"465"
"cluster_0015","93","PATDDZ",505,505,1,"505"
"cluster_0015","94","PATDFE",505,505,1,"505"
"cluster_0015","303","PATDTL",505,505,1,"505"
"cluster_0015","97","PATEAK",465,465,1,"465"
"cluster_0015","98","PATEBX",465,465,1,"465"
"cluster_0015","99","PATFVG",465,465,1,"465"
"cluster_0015","100","PATGMP",479,479,1,"479"
"cluster_0015","101","PATGVX",479,479,1,"479"
"cluster_0015","325","PATHAA",479,479,1,"479"
"cluster_0015","102","PATHFE",479,479,1,"479"
"cluster_0015","104","PATIHV",479,479,1,"479"
"cluster_0015","106","PATITY",479,479,1,"479"
"cluster_0015","107","PATJBC",465,465,1,"465"
"cluster_0015","304","PATJCZ",479,479,1,"479"
"cluster_0015","108","PATJRX",479,479,1,"479"
"cluster_0015","109","PATJRX",465,465,1,"465"
"cluster_0015","110","PATJZK",465,465,1,"465"
"cluster_0015","111","PATKGP",480,480,1,"480"
"cluster_0015","112","PATKGP",465,465,1,"465"
"cluster_0015","114","PATKHZ",479,479,1,"479"
"cluster_0015","115","PATKNX",505,505,1,"505"
"cluster_0015","116","PATKRF",465,465,1,"465"
"cluster_0015","117","PATLGU",465,465,1,"465"
"cluster_0015","118","PATLNS",465,465,1,"465"
"cluster_0015","119","PATMPM",465,465,1,"465"
"cluster_0015","120","PATMVH",465,465,1,"465"
"cluster_0015","121","PATRFD",465,465,1,"465"
"cluster_0015","123","PATRGV",505,505,1,"505"
"cluster_0015","124","PATRNH",465,465,1,"465"
"cluster_0015","125","PATSEZ",465,465,1,"465"
"cluster_0015","127","PATUDM",479,479,1,"479"
"cluster_0015","128","PATUDM",465,465,1,"465"
"cluster_0015","129","PATUDM",465,465,1,"465"
"cluster_0015","130","PATVTZ",503,503,1,"503"
"cluster_0015","131","PATWIJ",479,479,1,"479"
"cluster_0015","132","PATXAL",479,479,1,"479"
"cluster_0015","133","PATXTC",505,505,1,"505"
"cluster_0015","306","PATXTY",505,505,1,"505"
"cluster_0015","134","PATYMP",479,479,1,"479"
"cluster_0015","135","PATYMP",465,465,1,"465"
"cluster_0015","136","PATZSL",465,465,1,"465"
"cluster_0015","138","PATZYE",465,465,1,"465"
"cluster_0015","139","PAUAMR",465,465,1,"465"
"cluster_0015","140","PAUAVW",465,465,1,"465"
"cluster_0015","319","PAUAZV",505,505,1,"505"
"cluster_0015","323","PAUAZV",479,479,1,"479"
"cluster_0015","307","PAUBBJ",505,505,1,"505"
"cluster_0015","308","PAUBGA",465,465,1,"465"
"cluster_0015","141","PAUBGT",505,505,1,"505"
"cluster_0015","142","PAUBGT",505,505,1,"505"
"cluster_0015","143","PAUBLL",465,465,1,"465"
"cluster_0015","310","PAUCIB",505,505,1,"505"
"cluster_0015","311","PAUCIB",479,479,1,"479"
"cluster_0015","144","PAUCWP",465,465,1,"465"
"cluster_0015","145","PAUEFT",479,479,1,"479"
"cluster_0015","146","PAUEUC",465,465,1,"465"
"cluster_0015","148","PAUGAP",465,465,1,"465"
"cluster_0015","151","PAUGLK",465,465,1,"465"
"cluster_0015","152","PAUHDN",465,465,1,"465"
"cluster_0015","153","PAUHHF",465,465,1,"465"
"cluster_0015","5","PAUHTB",465,465,1,"465"
"cluster_0015","313","PAUIEM",479,479,1,"479"
"cluster_0015","321","PAUIFC",465,465,1,"465"
"cluster_0015","154","PAUIGD",465,465,1,"465"
"cluster_0015","155","PAUIMK",465,465,1,"465"
"cluster_0015","314","PAUISV",465,465,1,"465"
"cluster_0015","156","PAUIXW",465,465,1,"465"
"cluster_0015","158","PAUJRU",479,479,1,"479"
"cluster_0015","159","PAUJVL",465,465,1,"465"
"cluster_0015","163","PAULGR",465,465,1,"465"
"cluster_0015","164","PAULGX",465,465,1,"465"
"cluster_0015","165","PAULIU",465,465,1,"465"
"cluster_0015","167","PAUMNE",479,479,1,"479"
"cluster_0015","169","PAUMVW",479,479,1,"479"
"cluster_0015","172","PAURGS",505,505,1,"505"
"cluster_0015","173","PAURGS",479,479,1,"479"
"cluster_0015","175","PAURSX",505,505,1,"505"
"cluster_0015","176","PAURTD",465,465,1,"465"
"cluster_0015","177","PAUSIS",479,479,1,"479"
"cluster_0015","178","PAUSIS",465,465,1,"465"
"cluster_0015","179","PAUTBM",465,465,1,"465"
"cluster_0015","180","PAUTLJ",465,465,1,"465"
"cluster_0015","181","PAUTRX",505,505,1,"505"
"cluster_0015","187","PAUTWN",465,465,1,"465"
"cluster_0015","189","PAUVTP",465,465,1,"465"
"cluster_0015","190","PAUVZI",465,465,1,"465"
"cluster_0015","320","PAUWNU",465,465,1,"465"
"cluster_0015","191","PAUXKE",465,465,1,"465"
"cluster_0015","192","PAUXRV",465,465,1,"465"
"cluster_0015","193","PAUXSD",479,479,1,"479"
"cluster_0015","195","PAUYJF",479,479,1,"479"
"cluster_0015","196","PAUYMH",465,465,1,"465"
"cluster_0015","197","PAUZHK",465,465,1,"465"
"cluster_0015","198","PAUZZA",465,465,1,"465"
"cluster_0015","200","PAVBAW",465,465,1,"465"
"cluster_0015","201","PAVBPR",465,465,1,"465"
"cluster_0015","202","PAVCRK",505,505,1,"505"
"cluster_0015","203","PAVCRK",465,465,1,"465"
"cluster_0015","204","PAVCYV",479,479,1,"479"
"cluster_0015","205","PAVCYV",465,465,1,"465"
"cluster_0015","208","PAVEUZ",505,505,1,"505"
"cluster_0015","209","PAVFHF",505,505,1,"505"
"cluster_0015","210","PAVFWF",479,479,1,"479"
"cluster_0015","211","PAVFXU",465,465,1,"465"
"cluster_0015","212","PAVJBF",505,505,1,"505"
"cluster_0015","213","PAVJHG",465,465,1,"465"
"cluster_0015","214","PAVJJK",465,465,1,"465"
"cluster_0015","215","PAVJJU",465,465,1,"465"
"cluster_0015","217","PAVJLJ",505,505,1,"505"
"cluster_0015","220","PAVJNX",505,505,1,"505"
"cluster_0015","221","PAVKWV",465,465,1,"465"
"cluster_0015","222","PAVLCX",479,479,1,"479"
"cluster_0015","223","PAVLMX",465,465,1,"465"
"cluster_0015","224","PAVLMY",505,505,1,"505"
"cluster_0015","226","PAVMPB",465,465,1,"465"
"cluster_0015","228","PAVNDL",465,465,1,"465"
"cluster_0015","315","PAVNSM",465,465,1,"465"
"cluster_0015","229","PAVNWE",479,479,1,"479"
"cluster_0015","230","PAVPCZ",465,465,1,"465"
"cluster_0015","231","PAVPLD",479,479,1,"479"
"cluster_0015","232","PAVPLN",505,505,1,"505"
"cluster_0015","233","PAVRAP",479,479,1,"479"
"cluster_0015","234","PAVRDC",479,479,1,"479"
"cluster_0015","235","PAVRLH",479,479,1,"479"
"cluster_0015","236","PAVRLN",463,463,1,"463"
"cluster_0015","238","PAVRTX",505,505,1,"505"
"cluster_0015","239","PAVRWC",479,479,1,"479"
"cluster_0015","240","PAVSHE",465,465,1,"465"
"cluster_0015","243","PAVUVZ",465,465,1,"465"
"cluster_0015","245","PAVVEI",465,465,1,"465"
"cluster_0015","246","PAVVHL",465,465,1,"465"
"cluster_0015","247","PAVVVF",505,505,1,"505"
"cluster_0015","248","PAVWDF",465,465,1,"465"
"cluster_0015","249","PAVWWF",479,479,1,"479"
"cluster_0015","250","PAVXBS",465,465,1,"465"
"cluster_0015","251","PAVXPD",465,465,1,"465"
"cluster_0015","4","PAVXTB",505,505,1,"505"
"cluster_0015","252","PAVXYS",465,465,1,"465"
"cluster_0015","253","PAVXYS",465,465,1,"465"
"cluster_0015","254","PAVYTZ",465,465,1,"465"
"cluster_0015","255","PAVZJI",465,465,1,"465"
"cluster_0015","258","PAWAIH",465,465,1,"465"
"cluster_0015","259","PAWAMR",465,465,1,"465"
"cluster_0015","260","PAWAMT",465,465,1,"465"
"cluster_0015","263","PAWDMI",465,465,1,"465"
"cluster_0015","264","PAWETD",505,505,1,"505"
"cluster_0015","267","PAWGHS",465,465,1,"465"
"cluster_0015","268","PAWGPI",465,465,1,"465"
"cluster_0015","269","PAWGWC",479,479,1,"479"
"cluster_0015","271","PAWGXW",465,465,1,"465"
"cluster_0015","272","PAWGYU",465,465,1,"465"
"cluster_0015","273","PAWHGU",465,465,1,"465"
"cluster_0015","274","PAWHIG",477,477,1,"477"
"cluster_0015","275","PAWHIG",465,465,1,"465"
"cluster_0015","276","PAWHRW",505,505,1,"505"
"cluster_0015","322","PAWIGC",479,479,1,"479"
"cluster_0015","277","PAWIPA",465,465,1,"465"
"cluster_0015","278","PAWIWN",505,505,1,"505"
"cluster_0015","279","PAWIWN",465,465,1,"465"
"cluster_0015","280","PAWIXS",505,505,1,"505"
"cluster_0015","281","PAWJJC",479,479,1,"479"
"cluster_0015","282","PAWJKL",477,477,1,"477"
"cluster_0015","283","PAWJKX",479,479,1,"479"
"cluster_0015","284","PAWJVB",465,465,1,"465"
"cluster_0015","285","PAWKAN",465,465,1,"465"
"cluster_0015","287","PAWKSC",465,465,1,"465"
"cluster_0015","317","PAWKXN",505,505,1,"505"
"cluster_0015","288","PAWKYL",479,479,1,"479"
"cluster_0015","289","PAWKZX",505,505,1,"505"
"cluster_0015","290","PAWKZZ",465,465,1,"465"
"cluster_0015","291","PAWLFC",465,465,1,"465"
"cluster_0015","318","PAWLSM",479,479,1,"479"
"cluster_0016","293","PAREDN",465,465,1,"465"
"cluster_0016","6","PARGFL",465,465,1,"465"
"cluster_0016","7","PARHBI",505,505,1,"505"
"cluster_0016","9","PARHLS",465,465,1,"465"
"cluster_0016","11","PARJAY",479,479,1,"479"
"cluster_0016","12","PARJNX",465,465,1,"465"
"cluster_0016","13","PARJSM",465,465,1,"465"
"cluster_0016","15","PARJXW",465,465,1,"465"
"cluster_0016","16","PARKLK",479,479,1,"479"
"cluster_0016","17","PARLGK",465,465,1,"465"
"cluster_0016","294","PARMED",479,479,1,"479"
"cluster_0016","19","PARMFF",479,479,1,"479"
"cluster_0016","21","PARMIA",479,479,1,"479"
"cluster_0016","22","PARMIA",465,465,1,"465"
"cluster_0016","1","PARMJA",479,479,1,"479"
"cluster_0016","23","PARMMV",505,505,1,"505"
"cluster_0016","24","PARMMV",479,479,1,"479"
"cluster_0016","26","PARPUL",505,505,1,"505"
"cluster_0016","27","PARPUL",465,465,1,"465"
"cluster_0016","296","PARPYK",465,465,1,"465"
"cluster_0016","297","PARRJR",479,479,1,"479"
"cluster_0016","28","PARSNX",505,505,1,"505"
"cluster_0016","29","PARVMR",505,505,1,"505"
"cluster_0016","30","PARVSC",505,505,1,"505"
"cluster_0016","31","PARWMF",505,505,1,"505"
"cluster_0016","32","PARWMF",465,465,1,"465"
"cluster_0016","34","PARXFY",465,465,1,"465"
"cluster_0016","35","PARXVS",465,465,1,"465"
"cluster_0016","36","PARYHC",505,505,1,"505"
"cluster_0016","37","PASFKA",479,479,1,"479"
"cluster_0016","40","PASGUH",465,465,1,"465"
"cluster_0016","41","PASGUX",505,505,1,"505"
"cluster_0016","43","PASHXL",465,465,1,"465"
"cluster_0016","300","PASHYJ",465,465,1,"465"
"cluster_0016","45","PASJFJ",465,465,1,"465"
"cluster_0016","47","PASKIC",479,479,1,"479"
"cluster_0016","326","PASKMG",479,479,1,"479"
"cluster_0016","48","PASKRN",465,465,1,"465"
"cluster_0016","49","PASKVH",465,465,1,"465"
"cluster_0016","50","PASKVH",465,465,1,"465"
"cluster_0016","52","PASKWG",505,505,1,"505"
"cluster_0016","53","PASKXA",479,479,1,"479"
"cluster_0016","54","PASLPH",465,465,1,"465"
"cluster_0016","55","PASNNM",465,465,1,"465"
"cluster_0016","56","PASPBU",465,465,1,"465"
"cluster_0016","57","PASPBU",465,465,1,"465"
"cluster_0016","58","PASPNW",479,479,1,"479"
"cluster_0016","59","PASPPN",479,479,1,"479"
"cluster_0016","61","PASRUK",465,465,1,"465"
"cluster_0016","62","PASSEF",465,465,1,"465"
"cluster_0016","64","PASTLI",465,465,1,"465"
"cluster_0016","65","PASTPT",465,465,1,"465"
"cluster_0016","66","PASTPT",465,465,1,"465"
"cluster_0016","67","PASUSV",479,479,1,"479"
"cluster_0016","68","PASVIN",465,465,1,"465"
"cluster_0016","69","PASVRC",465,465,1,"465"
"cluster_0016","301","PASVVA",505,505,1,"505"
"cluster_0016","70","PASVYP",465,465,1,"465"
"cluster_0016","71","PASVZJ",465,465,1,"465"
"cluster_0016","74","PASWNU",505,505,1,"505"
"cluster_0016","76","PASWSR",479,479,1,"479"
"cluster_0016","302","PASXFB",465,465,1,"465"
"cluster_0016","77","PASXIL",479,479,1,"479"
"cluster_0016","78","PASXSI",465,465,1,"465"
"cluster_0016","79","PASYHN",479,479,1,"479"
"cluster_0016","80","PASZAY",479,479,1,"479"
"cluster_0016","81","PATADU",479,479,1,"479"
"cluster_0016","83","PATAUC",465,465,1,"465"
"cluster_0016","84","PATAUZ",465,465,1,"465"
"cluster_0016","85","PATBPY",465,465,1,"465"
"cluster_0016","86","PATCDZ",479,479,1,"479"
"cluster_0016","87","PATCTL",505,505,1,"505"
"cluster_0016","89","PATDBC",479,479,1,"479"
"cluster_0016","91","PATDBU",465,465,1,"465"
"cluster_0016","92","PATDBU",465,465,1,"465"
"cluster_0016","93","PATDDZ",505,505,1,"505"
"cluster_0016","94","PATDFE",505,505,1,"505"
"cluster_0016","303","PATDTL",505,505,1,"505"
"cluster_0016","97","PATEAK",465,465,1,"465"
"cluster_0016","98","PATEBX",465,465,1,"465"
"cluster_0016","99","PATFVG",465,465,1,"465"
"cluster_0016","100","PATGMP",479,479,1,"479"
"cluster_0016","101","PATGVX",479,479,1,"479"
"cluster_0016","325","PATHAA",479,479,1,"479"
"cluster_0016","102","PATHFE",479,479,1,"479"
"cluster_0016","104","PATIHV",479,479,1,"479"
"cluster_0016","106","PATITY",479,479,1,"479"
"cluster_0016","107","PATJBC",465,465,1,"465"
"cluster_0016","304","PATJCZ",479,479,1,"479"
"cluster_0016","108","PATJRX",479,479,1,"479"
"cluster_0016","109","PATJRX",465,465,1,"465"
"cluster_0016","110","PATJZK",465,465,1,"465"
"cluster_0016","111","PATKGP",480,480,1,"480"
"cluster_0016","112","PATKGP",465,465,1,"465"
"cluster_0016","114","PATKHZ",479,479,1,"479"
"cluster_0016","115","PATKNX",505,505,1,"505"
"cluster_0016","116","PATKRF",465,465,1,"465"
"cluster_0016","117","PATLGU",465,465,1,"465"
"cluster_0016","118","PATLNS",465,465,1,"465"
"cluster_0016","119","PATMPM",465,465,1,"465"
"cluster_0016","120","PATMVH",465,465,1,"465"
"cluster_0016","121","PATRFD",465,465,1,"465"
"cluster_0016","123","PATRGV",505,505,1,"505"
"cluster_0016","124","PATRNH",465,465,1,"465"
"cluster_0016","125","PATSEZ",465,465,1,"465"
"cluster_0016","127","PATUDM",479,479,1,"479"
"cluster_0016","128","PATUDM",465,465,1,"465"
"cluster_0016","129","PATUDM",465,465,1,"465"
"cluster_0016","130","PATVTZ",503,503,1,"503"
"cluster_0016","131","PATWIJ",479,479,1,"479"
"cluster_0016","132","PATXAL",479,479,1,"479"
"cluster_0016","133","PATXTC",505,505,1,"505"
"cluster_0016","306","PATXTY",505,505,1,"505"
"cluster_0016","134","PATYMP",479,479,1,"479"
"cluster_0016","135","PATYMP",465,465,1,"465"
"cluster_0016","136","PATZSL",465,465,1,"465"
"cluster_0016","138","PATZYE",465,465,1,"465"
"cluster_0016","139","PAUAMR",465,465,1,"465"
"cluster_0016","140","PAUAVW",465,465,1,"465"
"cluster_0016","319","PAUAZV",505,505,1,"505"
"cluster_0016","323","PAUAZV",479,479,1,"479"
"cluster_0016","307","PAUBBJ",505,505,1,"505"
"cluster_0016","308","PAUBGA",465,465,1,"465"
"cluster_0016","141","PAUBGT",505,505,1,"505"
"cluster_0016","142","PAUBGT",505,505,1,"505"
"cluster_0016","143","PAUBLL",465,465,1,"465"
"cluster_0016","310","PAUCIB",505,505,1,"505"
"cluster_0016","311","PAUCIB",479,479,1,"479"
"cluster_0016","144","PAUCWP",465,465,1,"465"
"cluster_0016","145","PAUEFT",479,479,1,"479"
"cluster_0016","146","PAUEUC",465,465,1,"465"
"cluster_0016","148","PAUGAP",465,465,1,"465"
"cluster_0016","151","PAUGLK",465,465,1,"465"
"cluster_0016","152","PAUHDN",465,465,1,"465"
"cluster_0016","153","PAUHHF",465,465,1,"465"
"cluster_0016","5","PAUHTB",465,465,1,"465"
"cluster_0016","313","PAUIEM",479,479,1,"479"
"cluster_0016","321","PAUIFC",465,465,1,"465"
"cluster_0016","154","PAUIGD",465,465,1,"465"
"cluster_0016","155","PAUIMK",465,465,1,"465"
"cluster_0016","314","PAUISV",465,465,1,"465"
"cluster_0016","156","PAUIXW",465,465,1,"465"
"cluster_0016","158","PAUJRU",479,479,1,"479"
"cluster_0016","159","PAUJVL",465,465,1,"465"
"cluster_0016","163","PAULGR",465,465,1,"465"
"cluster_0016","164","PAULGX",465,465,1,"465"
"cluster_0016","165","PAULIU",465,465,1,"465"
"cluster_0016","167","PAUMNE",479,479,1,"479"
"cluster_0016","169","PAUMVW",479,479,1,"479"
"cluster_0016","172","PAURGS",505,505,1,"505"
"cluster_0016","173","PAURGS",479,479,1,"479"
"cluster_0016","175","PAURSX",505,505,1,"505"
"cluster_0016","176","PAURTD",465,465,1,"465"
"cluster_0016","177","PAUSIS",479,479,1,"479"
"cluster_0016","178","PAUSIS",465,465,1,"465"
"cluster_0016","179","PAUTBM",465,465,1,"465"
"cluster_0016","180","PAUTLJ",465,465,1,"465"
"cluster_0016","181","PAUTRX",505,505,1,"505"
"cluster_0016","187","PAUTWN",465,465,1,"465"
"cluster_0016","189","PAUVTP",465,465,1,"465"
"cluster_0016","190","PAUVZI",465,465,1,"465"
"cluster_0016","320","PAUWNU",465,465,1,"465"
"cluster_0016","191","PAUXKE",465,465,1,"465"
"cluster_0016","192","PAUXRV",465,465,1,"465"
"cluster_0016","193","PAUXSD",479,479,1,"479"
"cluster_0016","195","PAUYJF",479,479,1,"479"
"cluster_0016","196","PAUYMH",465,465,1,"465"
"cluster_0016","197","PAUZHK",465,465,1,"465"
"cluster_0016","198","PAUZZA",465,465,1,"465"
"cluster_0016","200","PAVBAW",465,465,1,"465"
"cluster_0016","201","PAVBPR",465,465,1,"465"
"cluster_0016","202","PAVCRK",505,505,1,"505"
"cluster_0016","203","PAVCRK",465,465,1,"465"
"cluster_0016","204","PAVCYV",479,479,1,"479"
"cluster_0016","205","PAVCYV",465,465,1,"465"
"cluster_0016","208","PAVEUZ",505,505,1,"505"
"cluster_0016","209","PAVFHF",505,505,1,"505"
"cluster_0016","210","PAVFWF",479,479,1,"479"
"cluster_0016","211","PAVFXU",465,465,1,"465"
"cluster_0016","212","PAVJBF",505,505,1,"505"
"cluster_0016","213","PAVJHG",465,465,1,"465"
"cluster_0016","214","PAVJJK",465,465,1,"465"
"cluster_0016","215","PAVJJU",465,465,1,"465"
"cluster_0016","217","PAVJLJ",505,505,1,"505"
"cluster_0016","220","PAVJNX",505,505,1,"505"
"cluster_0016","221","PAVKWV",465,465,1,"465"
"cluster_0016","222","PAVLCX",479,479,1,"479"
"cluster_0016","223","PAVLMX",465,465,1,"465"
"cluster_0016","224","PAVLMY",505,505,1,"505"
"cluster_0016","226","PAVMPB",465,465,1,"465"
"cluster_0016","228","PAVNDL",465,465,1,"465"
"cluster_0016","315","PAVNSM",465,465,1,"465"
"cluster_0016","229","PAVNWE",479,479,1,"479"
"cluster_0016","230","PAVPCZ",465,465,1,"465"
"cluster_0016","231","PAVPLD",479,479,1,"479"
"cluster_0016","232","PAVPLN",505,505,1,"505"
"cluster_0016","233","PAVRAP",479,479,1,"479"
"cluster_0016","234","PAVRDC",479,479,1,"479"
"cluster_0016","235","PAVRLH",479,479,1,"479"
"cluster_0016","238","PAVRTX",505,505,1,"505"
"cluster_0016","239","PAVRWC",479,479,1,"479"
"cluster_0016","240","PAVSHE",465,465,1,"465"
"cluster_0016","243","PAVUVZ",465,465,1,"465"
"cluster_0016","245","PAVVEI",465,465,1,"465"
"cluster_0016","246","PAVVHL",465,465,1,"465"
"cluster_0016","247","PAVVVF",505,505,1,"505"
"cluster_0016","248","PAVWDF",465,465,1,"465"
"cluster_0016","249","PAVWWF",479,479,1,"479"
"cluster_0016","250","PAVXBS",465,465,1,"465"
"cluster_0016","251","PAVXPD",465,465,1,"465"
"cluster_0016","4","PAVXTB",505,505,1,"505"
"cluster_0016","252","PAVXYS",465,465,1,"465"
"cluster_0016","253","PAVXYS",465,465,1,"465"
"cluster_0016","254","PAVYTZ",465,465,1,"465"
"cluster_0016","255","PAVZJI",465,465,1,"465"
"cluster_0016","258","PAWAIH",465,465,1,"465"
"cluster_0016","259","PAWAMR",465,465,1,"465"
"cluster_0016","260","PAWAMT",465,465,1,"465"
"cluster_0016","263","PAWDMI",465,465,1,"465"
"cluster_0016","264","PAWETD",505,505,1,"505"
"cluster_0016","267","PAWGHS",465,465,1,"465"
"cluster_0016","268","PAWGPI",465,465,1,"465"
"cluster_0016","269","PAWGWC",479,479,1,"479"
"cluster_0016","271","PAWGXW",465,465,1,"465"
"cluster_0016","272","PAWGYU",465,465,1,"465"
"cluster_0016","273","PAWHGU",465,465,1,"465"
"cluster_0016","274","PAWHIG",477,477,1,"477"
"cluster_0016","275","PAWHIG",465,465,1,"465"
"cluster_0016","276","PAWHRW",505,505,1,"505"
"cluster_0016","322","PAWIGC",479,479,1,"479"
"cluster_0016","277","PAWIPA",465,465,1,"465"
"cluster_0016","278","PAWIWN",505,505,1,"505"
"cluster_0016","279","PAWIWN",465,465,1,"465"
"cluster_0016","280","PAWIXS",505,505,1,"505"
"cluster_0016","281","PAWJJC",479,479,1,"479"
"cluster_0016","282","PAWJKL",477,477,1,"477"
"cluster_0016","283","PAWJKX",479,479,1,"479"
"cluster_0016","284","PAWJVB",465,465,1,"465"
"cluster_0016","285","PAWKAN",465,465,1,"465"
"cluster_0016","287","PAWKSC",465,465,1,"465"
"cluster_0016","317","PAWKXN",505,505,1,"505"
"cluster_0016","288","PAWKYL",479,479,1,"479"
"cluster_0016","289","PAWKZX",505,505,1,"505"
"cluster_0016","290","PAWKZZ",465,465,1,"465"
"cluster_0016","291","PAWLFC",465,465,1,"465"
"cluster_0016","318","PAWLSM",479,479,1,"479"
"cluster_0017","293","PAREDN",465,465,1,"465"
"cluster_0017","6","PARGFL",465,465,1,"465"
"cluster_0017","7","PARHBI",505,505,1,"505"
"cluster_0017","8","PARHES",425,425,1,"425"
"cluster_0017","9","PARHLS",465,465,1,"465"
"cluster_0017","11","PARJAY",479,479,1,"479"
"cluster_0017","12","PARJNX",465,465,1,"465"
"cluster_0017","13","PARJSM",465,465,1,"465"
"cluster_0017","15","PARJXW",465,465,1,"465"
"cluster_0017","16","PARKLK",479,479,1,"479"
"cluster_0017","17","PARLGK",465,465,1,"465"
"cluster_0017","18","PARLIB",423,423,1,"423"
"cluster_0017","294","PARMED",479,479,1,"479"
"cluster_0017","295","PARMED",444,444,1,"444"
"cluster_0017","19","PARMFF",479,479,1,"479"
"cluster_0017","21","PARMIA",479,479,1,"479"
"cluster_0017","22","PARMIA",465,465,1,"465"
"cluster_0017","1","PARMJA",479,479,1,"479"
"cluster_0017","23","PARMMV",505,505,1,"505"
"cluster_0017","24","PARMMV",479,479,1,"479"
"cluster_0017","25","PARMRF",441,441,1,"441"
"cluster_0017","26","PARPUL",505,505,1,"505"
"cluster_0017","27","PARPUL",465,465,1,"465"
"cluster_0017","296","PARPYK",465,465,1,"465"
"cluster_0017","297","PARRJR",479,479,1,"479"
"cluster_0017","28","PARSNX",505,505,1,"505"
"cluster_0017","29","PARVMR",505,505,1,"505"
"cluster_0017","30","PARVSC",505,505,1,"505"
"cluster_0017","31","PARWMF",505,505,1,"505"
"cluster_0017","32","PARWMF",465,465,1,"465"
"cluster_0017","34","PARXFY",465,465,1,"465"
"cluster_0017","35","PARXVS",465,465,1,"465"
"cluster_0017","36","PARYHC",505,505,1,"505"
"cluster_0017","37","PASFKA",479,479,1,"479"
"cluster_0017","38","PASGKL",437,437,1,"437"
"cluster_0017","299","PASGMR",426,426,1,"426"
"cluster_0017","40","PASGUH",465,465,1,"465"
"cluster_0017","41","PASGUX",505,505,1,"505"
"cluster_0017","42","PASHNK",423,423,1,"423"
"cluster_0017","43","PASHXL",465,465,1,"465"
"cluster_0017","300","PASHYJ",465,465,1,"465"
"cluster_0017","45","PASJFJ",465,465,1,"465"
"cluster_0017","47","PASKIC",479,479,1,"479"
"cluster_0017","326","PASKMG",479,479,1,"479"
"cluster_0017","48","PASKRN",465,465,1,"465"
"cluster_0017","49","PASKVH",465,465,1,"465"
"cluster_0017","50","PASKVH",465,465,1,"465"
"cluster_0017","52","PASKWG",505,505,1,"505"
"cluster_0017","53","PASKXA",479,479,1,"479"
"cluster_0017","54","PASLPH",465,465,1,"465"
"cluster_0017","55","PASNNM",465,465,1,"465"
"cluster_0017","56","PASPBU",465,465,1,"465"
"cluster_0017","57","PASPBU",465,465,1,"465"
"cluster_0017","58","PASPNW",479,479,1,"479"
"cluster_0017","59","PASPPN",479,479,1,"479"
"cluster_0017","61","PASRUK",465,465,1,"465"
"cluster_0017","62","PASSEF",465,465,1,"465"
"cluster_0017","64","PASTLI",465,465,1,"465"
"cluster_0017","65","PASTPT",465,465,1,"465"
"cluster_0017","66","PASTPT",465,465,1,"465"
"cluster_0017","67","PASUSV",479,479,1,"479"
"cluster_0017","68","PASVIN",465,465,1,"465"
"cluster_0017","69","PASVRC",465,465,1,"465"
"cluster_0017","301","PASVVA",505,505,1,"505"
"cluster_0017","70","PASVYP",465,465,1,"465"
"cluster_0017","71","PASVZJ",465,465,1,"465"
"cluster_0017","74","PASWNU",505,505,1,"505"
"cluster_0017","76","PASWSR",479,479,1,"479"
"cluster_0017","302","PASXFB",465,465,1,"465"
"cluster_0017","77","PASXIL",479,479,1,"479"
"cluster_0017","78","PASXSI",465,465,1,"465"
"cluster_0017","79","PASYHN",479,479,1,"479"
"cluster_0017","80","PASZAY",479,479,1,"479"
"cluster_0017","81","PATADU",479,479,1,"479"
"cluster_0017","82","PATALJ",423,423,1,"423"
"cluster_0017","83","PATAUC",465,465,1,"465"
"cluster_0017","84","PATAUZ",465,465,1,"465"
"cluster_0017","85","PATBPY",465,465,1,"465"
"cluster_0017","86","PATCDZ",479,479,1,"479"
"cluster_0017","87","PATCTL",505,505,1,"505"
"cluster_0017","88","PATCZN",423,423,1,"423"
"cluster_0017","89","PATDBC",479,479,1,"479"
"cluster_0017","91","PATDBU",465,465,1,"465"
"cluster_0017","92","PATDBU",465,465,1,"465"
"cluster_0017","93","PATDDZ",505,505,1,"505"
"cluster_0017","94","PATDFE",505,505,1,"505"
"cluster_0017","303","PATDTL",505,505,1,"505"
"cluster_0017","97","PATEAK",465,465,1,"465"
"cluster_0017","98","PATEBX",465,465,1,"465"
"cluster_0017","99","PATFVG",465,465,1,"465"
"cluster_0017","100","PATGMP",479,479,1,"479"
"cluster_0017","101","PATGVX",479,479,1,"479"
"cluster_0017","325","PATHAA",479,479,1,"479"
"cluster_0017","102","PATHFE",479,479,1,"479"
"cluster_0017","104","PATIHV",479,479,1,"479"
"cluster_0017","105","PATISS",441,441,1,"441"
"cluster_0017","106","PATITY",479,479,1,"479"
"cluster_0017","107","PATJBC",465,465,1,"465"
"cluster_0017","304","PATJCZ",479,479,1,"479"
"cluster_0017","108","PATJRX",479,479,1,"479"
"cluster_0017","109","PATJRX",465,465,1,"465"
"cluster_0017","110","PATJZK",465,465,1,"465"
"cluster_0017","111","PATKGP",480,480,1,"480"
"cluster_0017","112","PATKGP",465,465,1,"465"
"cluster_0017","114","PATKHZ",479,479,1,"479"
"cluster_0017","115","PATKNX",505,505,1,"505"
"cluster_0017","116","PATKRF",465,465,1,"465"
"cluster_0017","117","PATLGU",465,465,1,"465"
"cluster_0017","118","PATLNS",465,465,1,"465"
"cluster_0017","119","PATMPM",465,465,1,"465"
"cluster_0017","120","PATMVH",465,465,1,"465"
"cluster_0017","121","PATRFD",465,465,1,"465"
"cluster_0017","123","PATRGV",505,505,1,"505"
"cluster_0017","124","PATRNH",465,465,1,"465"
"cluster_0017","125","PATSEZ",465,465,1,"465"
"cluster_0017","127","PATUDM",479,479,1,"479"
"cluster_0017","128","PATUDM",465,465,1,"465"
"cluster_0017","129","PATUDM",465,465,1,"465"
"cluster_0017","130","PATVTZ",503,503,1,"503"
"cluster_0017","131","PATWIJ",479,479,1,"479"
"cluster_0017","132","PATXAL",479,479,1,"479"
"cluster_0017","305","PATXTA",419,419,1,"419"
"cluster_0017","133","PATXTC",505,505,1,"505"
"cluster_0017","306","PATXTY",505,505,1,"505"
"cluster_0017","134","PATYMP",479,479,1,"479"
"cluster_0017","135","PATYMP",465,465,1,"465"
"cluster_0017","136","PATZSL",465,465,1,"465"
"cluster_0017","138","PATZYE",465,465,1,"465"
"cluster_0017","139","PAUAMR",465,465,1,"465"
"cluster_0017","140","PAUAVW",465,465,1,"465"
"cluster_0017","319","PAUAZV",505,505,1,"505"
"cluster_0017","323","PAUAZV",479,479,1,"479"
"cluster_0017","307","PAUBBJ",505,505,1,"505"
"cluster_0017","308","PAUBGA",465,465,1,"465"
"cluster_0017","141","PAUBGT",505,505,1,"505"
"cluster_0017","142","PAUBGT",505,505,1,"505"
"cluster_0017","143","PAUBLL",465,465,1,"465"
"cluster_0017","310","PAUCIB",505,505,1,"505"
"cluster_0017","311","PAUCIB",479,479,1,"479"
"cluster_0017","144","PAUCWP",465,465,1,"465"
"cluster_0017","145","PAUEFT",479,479,1,"479"
"cluster_0017","146","PAUEUC",465,465,1,"465"
"cluster_0017","147","PAUEZV",423,423,1,"423"
"cluster_0017","148","PAUGAP",465,465,1,"465"
"cluster_0017","151","PAUGLK",465,465,1,"465"
"cluster_0017","152","PAUHDN",465,465,1,"465"
"cluster_0017","153","PAUHHF",465,465,1,"465"
"cluster_0017","5","PAUHTB",465,465,1,"465"
"cluster_0017","313","PAUIEM",479,479,1,"479"
"cluster_0017","321","PAUIFC",465,465,1,"465"
"cluster_0017","154","PAUIGD",465,465,1,"465"
"cluster_0017","155","PAUIMK",465,465,1,"465"
"cluster_0017","314","PAUISV",465,465,1,"465"
"cluster_0017","156","PAUIXW",465,465,1,"465"
"cluster_0017","157","PAUIXW",423,423,1,"423"
"cluster_0017","158","PAUJRU",479,479,1,"479"
"cluster_0017","159","PAUJVL",465,465,1,"465"
"cluster_0017","163","PAULGR",465,465,1,"465"
"cluster_0017","164","PAULGX",465,465,1,"465"
"cluster_0017","165","PAULIU",465,465,1,"465"
"cluster_0017","167","PAUMNE",479,479,1,"479"
"cluster_0017","169","PAUMVW",479,479,1,"479"
"cluster_0017","172","PAURGS",505,505,1,"505"
"cluster_0017","173","PAURGS",479,479,1,"479"
"cluster_0017","175","PAURSX",505,505,1,"505"
"cluster_0017","176","PAURTD",465,465,1,"465"
"cluster_0017","177","PAUSIS",479,479,1,"479"
"cluster_0017","178","PAUSIS",465,465,1,"465"
"cluster_0017","179","PAUTBM",465,465,1,"465"
"cluster_0017","180","PAUTLJ",465,465,1,"465"
"cluster_0017","181","PAUTRX",505,505,1,"505"
"cluster_0017","182","PAUTRX",422,422,1,"422"
"cluster_0017","184","PAUTSB",423,423,1,"423"
"cluster_0017","187","PAUTWN",465,465,1,"465"
"cluster_0017","189","PAUVTP",465,465,1,"465"
"cluster_0017","190","PAUVZI",465,465,1,"465"
"cluster_0017","320","PAUWNU",465,465,1,"465"
"cluster_0017","191","PAUXKE",465,465,1,"465"
"cluster_0017","192","PAUXRV",465,465,1,"465"
"cluster_0017","193","PAUXSD",479,479,1,"479"
"cluster_0017","195","PAUYJF",479,479,1,"479"
"cluster_0017","196","PAUYMH",465,465,1,"465"
"cluster_0017","197","PAUZHK",465,465,1,"465"
"cluster_0017","198","PAUZZA",465,465,1,"465"
"cluster_0017","200","PAVBAW",465,465,1,"465"
"cluster_0017","201","PAVBPR",465,465,1,"465"
"cluster_0017","202","PAVCRK",505,505,1,"505"
"cluster_0017","203","PAVCRK",465,465,1,"465"
"cluster_0017","204","PAVCYV",479,479,1,"479"
"cluster_0017","205","PAVCYV",465,465,1,"465"
"cluster_0017","208","PAVEUZ",505,505,1,"505"
"cluster_0017","209","PAVFHF",505,505,1,"505"
"cluster_0017","210","PAVFWF",479,479,1,"479"
"cluster_0017","211","PAVFXU",465,465,1,"465"
"cluster_0017","212","PAVJBF",505,505,1,"505"
"cluster_0017","213","PAVJHG",465,465,1,"465"
"cluster_0017","214","PAVJJK",465,465,1,"465"
"cluster_0017","215","PAVJJU",465,465,1,"465"
"cluster_0017","217","PAVJLJ",505,505,1,"505"
"cluster_0017","218","PAVJLJ",437,437,1,"437"
"cluster_0017","220","PAVJNX",505,505,1,"505"
"cluster_0017","221","PAVKWV",465,465,1,"465"
"cluster_0017","222","PAVLCX",479,479,1,"479"
"cluster_0017","223","PAVLMX",465,465,1,"465"
"cluster_0017","224","PAVLMY",505,505,1,"505"
"cluster_0017","226","PAVMPB",465,465,1,"465"
"cluster_0017","227","PAVMZJ",425,425,1,"425"
"cluster_0017","228","PAVNDL",465,465,1,"465"
"cluster_0017","315","PAVNSM",465,465,1,"465"
"cluster_0017","229","PAVNWE",479,479,1,"479"
"cluster_0017","230","PAVPCZ",465,465,1,"465"
"cluster_0017","231","PAVPLD",479,479,1,"479"
"cluster_0017","232","PAVPLN",505,505,1,"505"
"cluster_0017","233","PAVRAP",479,479,1,"479"
"cluster_0017","234","PAVRDC",479,479,1,"479"
"cluster_0017","235","PAVRLH",479,479,1,"479"
"cluster_0017","236","PAVRLN",463,463,1,"463"
"cluster_0017","237","PAVRLN",441,441,1,"441"
"cluster_0017","238","PAVRTX",505,505,1,"505"
"cluster_0017","239","PAVRWC",479,479,1,"479"
"cluster_0017","240","PAVSHE",465,465,1,"465"
"cluster_0017","241","PAVUFK",423,423,1,"423"
"cluster_0017","243","PAVUVZ",465,465,1,"465"
"cluster_0017","245","PAVVEI",465,465,1,"465"
"cluster_0017","246","PAVVHL",465,465,1,"465"
"cluster_0017","247","PAVVVF",505,505,1,"505"
"cluster_0017","248","PAVWDF",465,465,1,"465"
"cluster_0017","249","PAVWWF",479,479,1,"479"
"cluster_0017","250","PAVXBS",465,465,1,"465"
"cluster_0017","251","PAVXPD",465,465,1,"465"
"cluster_0017","4","PAVXTB",505,505,1,"505"
"cluster_0017","252","PAVXYS",465,465,1,"465"
"cluster_0017","253","PAVXYS",465,465,1,"465"
"cluster_0017","2","PAVYDR",423,423,1,"423"
"cluster_0017","254","PAVYTZ",465,465,1,"465"
"cluster_0017","255","PAVZJI",465,465,1,"465"
"cluster_0017","258","PAWAIH",465,465,1,"465"
"cluster_0017","259","PAWAMR",465,465,1,"465"
"cluster_0017","260","PAWAMT",465,465,1,"465"
"cluster_0017","261","PAWAMT",423,423,1,"423"
"cluster_0017","262","PAWAMT",422,422,1,"422"
"cluster_0017","263","PAWDMI",465,465,1,"465"
"cluster_0017","264","PAWETD",505,505,1,"505"
"cluster_0017","266","PAWFYE",441,441,1,"441"
"cluster_0017","267","PAWGHS",465,465,1,"465"
"cluster_0017","268","PAWGPI",465,465,1,"465"
"cluster_0017","269","PAWGWC",479,479,1,"479"
"cluster_0017","270","PAWGXI",423,423,1,"423"
"cluster_0017","271","PAWGXW",465,465,1,"465"
"cluster_0017","272","PAWGYU",465,465,1,"465"
"cluster_0017","273","PAWHGU",465,465,1,"465"
"cluster_0017","274","PAWHIG",477,477,1,"477"
"cluster_0017","275","PAWHIG",465,465,1,"465"
"cluster_0017","276","PAWHRW",505,505,1,"505"
"cluster_0017","322","PAWIGC",479,479,1,"479"
"cluster_0017","277","PAWIPA",465,465,1,"465"
"cluster_0017","278","PAWIWN",505,505,1,"505"
"cluster_0017","279","PAWIWN",465,465,1,"465"
"cluster_0017","280","PAWIXS",505,505,1,"505"
"cluster_0017","281","PAWJJC",479,479,1,"479"
"cluster_0017","282","PAWJKL",477,477,1,"477"
"cluster_0017","283","PAWJKX",479,479,1,"479"
"cluster_0017","284","PAWJVB",465,465,1,"465"
"cluster_0017","285","PAWKAN",465,465,1,"465"
"cluster_0017","286","PAWKKF",425,425,1,"425"
"cluster_0017","287","PAWKSC",465,465,1,"465"
"cluster_0017","317","PAWKXN",505,505,1,"505"
"cluster_0017","288","PAWKYL",479,479,1,"479"
"cluster_0017","289","PAWKZX",505,505,1,"505"
"cluster_0017","290","PAWKZZ",465,465,1,"465"
"cluster_0017","291","PAWLFC",465,465,1,"465"
"cluster_0017","318","PAWLSM",479,479,1,"479"
"cluster_0017","292","PAWLYX",423,423,1,"423"
"cluster_0018","293","PAREDN",465,465,1,"465"
"cluster_0018","6","PARGFL",465,465,1,"465"
"cluster_0018","7","PARHBI",505,505,1,"505"
"cluster_0018","9","PARHLS",465,465,1,"465"
"cluster_0018","11","PARJAY",479,479,1,"479"
"cluster_0018","12","PARJNX",465,465,1,"465"
"cluster_0018","13","PARJSM",465,465,1,"465"
"cluster_0018","15","PARJXW",465,465,1,"465"
"cluster_0018","16","PARKLK",479,479,1,"479"
"cluster_0018","17","PARLGK",465,465,1,"465"
"cluster_0018","294","PARMED",479,479,1,"479"
"cluster_0018","19","PARMFF",479,479,1,"479"
"cluster_0018","21","PARMIA",479,479,1,"479"
"cluster_0018","22","PARMIA",465,465,1,"465"
"cluster_0018","1","PARMJA",479,479,1,"479"
"cluster_0018","23","PARMMV",505,505,1,"505"
"cluster_0018","24","PARMMV",479,479,1,"479"
"cluster_0018","26","PARPUL",505,505,1,"505"
"cluster_0018","27","PARPUL",465,465,1,"465"
"cluster_0018","296","PARPYK",465,465,1,"465"
"cluster_0018","297","PARRJR",479,479,1,"479"
"cluster_0018","28","PARSNX",505,505,1,"505"
"cluster_0018","29","PARVMR",505,505,1,"505"
"cluster_0018","30","PARVSC",505,505,1,"505"
"cluster_0018","31","PARWMF",505,505,1,"505"
"cluster_0018","32","PARWMF",465,465,1,"465"
"cluster_0018","34","PARXFY",465,465,1,"465"
"cluster_0018","35","PARXVS",465,465,1,"465"
"cluster_0018","36","PARYHC",505,505,1,"505"
"cluster_0018","37","PASFKA",479,479,1,"479"
"cluster_0018","40","PASGUH",465,465,1,"465"
"cluster_0018","41","PASGUX",505,505,1,"505"
"cluster_0018","43","PASHXL",465,465,1,"465"
"cluster_0018","300","PASHYJ",465,465,1,"465"
"cluster_0018","45","PASJFJ",465,465,1,"465"
"cluster_0018","47","PASKIC",479,479,1,"479"
"cluster_0018","326","PASKMG",479,479,1,"479"
"cluster_0018","48","PASKRN",465,465,1,"465"
"cluster_0018","49","PASKVH",465,465,1,"465"
"cluster_0018","50","PASKVH",465,465,1,"465"
"cluster_0018","51","PASKWG",564,564,1,"564"
"cluster_0018","52","PASKWG",505,505,1,"505"
"cluster_0018","53","PASKXA",479,479,1,"479"
"cluster_0018","54","PASLPH",465,465,1,"465"
"cluster_0018","55","PASNNM",465,465,1,"465"
"cluster_0018","56","PASPBU",465,465,1,"465"
"cluster_0018","57","PASPBU",465,465,1,"465"
"cluster_0018","58","PASPNW",479,479,1,"479"
"cluster_0018","59","PASPPN",479,479,1,"479"
"cluster_0018","61","PASRUK",465,465,1,"465"
"cluster_0018","62","PASSEF",465,465,1,"465"
"cluster_0018","64","PASTLI",465,465,1,"465"
"cluster_0018","65","PASTPT",465,465,1,"465"
"cluster_0018","66","PASTPT",465,465,1,"465"
"cluster_0018","67","PASUSV",479,479,1,"479"
"cluster_0018","68","PASVIN",465,465,1,"465"
"cluster_0018","69","PASVRC",465,465,1,"465"
"cluster_0018","301","PASVVA",505,505,1,"505"
"cluster_0018","70","PASVYP",465,465,1,"465"
"cluster_0018","71","PASVZJ",465,465,1,"465"
"cluster_0018","74","PASWNU",505,505,1,"505"
"cluster_0018","76","PASWSR",479,479,1,"479"
"cluster_0018","302","PASXFB",465,465,1,"465"
"cluster_0018","77","PASXIL",479,479,1,"479"
"cluster_0018","78","PASXSI",465,465,1,"465"
"cluster_0018","79","PASYHN",479,479,1,"479"
"cluster_0018","80","PASZAY",479,479,1,"479"
"cluster_0018","81","PATADU",479,479,1,"479"
"cluster_0018","83","PATAUC",465,465,1,"465"
"cluster_0018","84","PATAUZ",465,465,1,"465"
"cluster_0018","85","PATBPY",465,465,1,"465"
"cluster_0018","86","PATCDZ",479,479,1,"479"
"cluster_0018","87","PATCTL",505,505,1,"505"
"cluster_0018","89","PATDBC",479,479,1,"479"
"cluster_0018","91","PATDBU",465,465,1,"465"
"cluster_0018","92","PATDBU",465,465,1,"465"
"cluster_0018","93","PATDDZ",505,505,1,"505"
"cluster_0018","94","PATDFE",505,505,1,"505"
"cluster_0018","303","PATDTL",505,505,1,"505"
"cluster_0018","97","PATEAK",465,465,1,"465"
"cluster_0018","98","PATEBX",465,465,1,"465"
"cluster_0018","99","PATFVG",465,465,1,"465"
"cluster_0018","100","PATGMP",479,479,1,"479"
"cluster_0018","101","PATGVX",479,479,1,"479"
"cluster_0018","325","PATHAA",479,479,1,"479"
"cluster_0018","102","PATHFE",479,479,1,"479"
"cluster_0018","104","PATIHV",479,479,1,"479"
"cluster_0018","106","PATITY",479,479,1,"479"
"cluster_0018","107","PATJBC",465,465,1,"465"
"cluster_0018","304","PATJCZ",479,479,1,"479"
"cluster_0018","108","PATJRX",479,479,1,"479"
"cluster_0018","109","PATJRX",465,465,1,"465"
"cluster_0018","110","PATJZK",465,465,1,"465"
"cluster_0018","111","PATKGP",480,480,1,"480"
"cluster_0018","112","PATKGP",465,465,1,"465"
"cluster_0018","114","PATKHZ",479,479,1,"479"
"cluster_0018","115","PATKNX",505,505,1,"505"
"cluster_0018","116","PATKRF",465,465,1,"465"
"cluster_0018","117","PATLGU",465,465,1,"465"
"cluster_0018","118","PATLNS",465,465,1,"465"
"cluster_0018","119","PATMPM",465,465,1,"465"
"cluster_0018","120","PATMVH",465,465,1,"465"
"cluster_0018","121","PATRFD",465,465,1,"465"
"cluster_0018","122","PATRGV",526,526,1,"526"
"cluster_0018","123","PATRGV",505,505,1,"505"
"cluster_0018","124","PATRNH",465,465,1,"465"
"cluster_0018","125","PATSEZ",465,465,1,"465"
"cluster_0018","126","PATTHM",564,564,1,"564"
"cluster_0018","127","PATUDM",479,479,1,"479"
"cluster_0018","128","PATUDM",465,465,1,"465"
"cluster_0018","129","PATUDM",465,465,1,"465"
"cluster_0018","130","PATVTZ",503,503,1,"503"
"cluster_0018","131","PATWIJ",479,479,1,"479"
"cluster_0018","132","PATXAL",479,479,1,"479"
"cluster_0018","133","PATXTC",505,505,1,"505"
"cluster_0018","306","PATXTY",505,505,1,"505"
"cluster_0018","134","PATYMP",479,479,1,"479"
"cluster_0018","135","PATYMP",465,465,1,"465"
"cluster_0018","136","PATZSL",465,465,1,"465"
"cluster_0018","138","PATZYE",465,465,1,"465"
"cluster_0018","139","PAUAMR",465,465,1,"465"
"cluster_0018","140","PAUAVW",465,465,1,"465"
"cluster_0018","319","PAUAZV",505,505,1,"505"
"cluster_0018","323","PAUAZV",479,479,1,"479"
"cluster_0018","307","PAUBBJ",505,505,1,"505"
"cluster_0018","308","PAUBGA",465,465,1,"465"
"cluster_0018","141","PAUBGT",505,505,1,"505"
"cluster_0018","142","PAUBGT",505,505,1,"505"
"cluster_0018","143","PAUBLL",465,465,1,"465"
"cluster_0018","310","PAUCIB",505,505,1,"505"
"cluster_0018","311","PAUCIB",479,479,1,"479"
"cluster_0018","144","PAUCWP",465,465,1,"465"
"cluster_0018","145","PAUEFT",479,479,1,"479"
"cluster_0018","146","PAUEUC",465,465,1,"465"
"cluster_0018","148","PAUGAP",465,465,1,"465"
"cluster_0018","151","PAUGLK",465,465,1,"465"
"cluster_0018","152","PAUHDN",465,465,1,"465"
"cluster_0018","153","PAUHHF",465,465,1,"465"
"cluster_0018","5","PAUHTB",465,465,1,"465"
"cluster_0018","313","PAUIEM",479,479,1,"479"
"cluster_0018","321","PAUIFC",465,465,1,"465"
"cluster_0018","154","PAUIGD",465,465,1,"465"
"cluster_0018","155","PAUIMK",465,465,1,"465"
"cluster_0018","314","PAUISV",465,465,1,"465"
"cluster_0018","156","PAUIXW",465,465,1,"465"
"cluster_0018","158","PAUJRU",479,479,1,"479"
"cluster_0018","159","PAUJVL",465,465,1,"465"
"cluster_0018","163","PAULGR",465,465,1,"465"
"cluster_0018","164","PAULGX",465,465,1,"465"
"cluster_0018","165","PAULIU",465,465,1,"465"
"cluster_0018","167","PAUMNE",479,479,1,"479"
"cluster_0018","169","PAUMVW",479,479,1,"479"
"cluster_0018","172","PAURGS",505,505,1,"505"
"cluster_0018","173","PAURGS",479,479,1,"479"
"cluster_0018","174","PAURSX",544,544,1,"544"
"cluster_0018","175","PAURSX",505,505,1,"505"
"cluster_0018","176","PAURTD",465,465,1,"465"
"cluster_0018","177","PAUSIS",479,479,1,"479"
"cluster_0018","178","PAUSIS",465,465,1,"465"
"cluster_0018","179","PAUTBM",465,465,1,"465"
"cluster_0018","180","PAUTLJ",465,465,1,"465"
"cluster_0018","181","PAUTRX",505,505,1,"505"
"cluster_0018","186","PAUTWN",564,564,1,"564"
"cluster_0018","187","PAUTWN",465,465,1,"465"
"cluster_0018","189","PAUVTP",465,465,1,"465"
"cluster_0018","190","PAUVZI",465,465,1,"465"
"cluster_0018","320","PAUWNU",465,465,1,"465"
"cluster_0018","191","PAUXKE",465,465,1,"465"
"cluster_0018","192","PAUXRV",465,465,1,"465"
"cluster_0018","193","PAUXSD",479,479,1,"479"
"cluster_0018","195","PAUYJF",479,479,1,"479"
"cluster_0018","196","PAUYMH",465,465,1,"465"
"cluster_0018","197","PAUZHK",465,465,1,"465"
"cluster_0018","198","PAUZZA",465,465,1,"465"
"cluster_0018","200","PAVBAW",465,465,1,"465"
"cluster_0018","201","PAVBPR",465,465,1,"465"
"cluster_0018","202","PAVCRK",505,505,1,"505"
"cluster_0018","203","PAVCRK",465,465,1,"465"
"cluster_0018","204","PAVCYV",479,479,1,"479"
"cluster_0018","205","PAVCYV",465,465,1,"465"
"cluster_0018","208","PAVEUZ",505,505,1,"505"
"cluster_0018","209","PAVFHF",505,505,1,"505"
"cluster_0018","210","PAVFWF",479,479,1,"479"
"cluster_0018","211","PAVFXU",465,465,1,"465"
"cluster_0018","212","PAVJBF",505,505,1,"505"
"cluster_0018","213","PAVJHG",465,465,1,"465"
"cluster_0018","214","PAVJJK",465,465,1,"465"
"cluster_0018","215","PAVJJU",465,465,1,"465"
"cluster_0018","217","PAVJLJ",505,505,1,"505"
"cluster_0018","220","PAVJNX",505,505,1,"505"
"cluster_0018","221","PAVKWV",465,465,1,"465"
"cluster_0018","222","PAVLCX",479,479,1,"479"
"cluster_0018","223","PAVLMX",465,465,1,"465"
"cluster_0018","224","PAVLMY",505,505,1,"505"
"cluster_0018","226","PAVMPB",465,465,1,"465"
"cluster_0018","228","PAVNDL",465,465,1,"465"
"cluster_0018","315","PAVNSM",465,465,1,"465"
"cluster_0018","229","PAVNWE",479,479,1,"479"
"cluster_0018","230","PAVPCZ",465,465,1,"465"
"cluster_0018","231","PAVPLD",479,479,1,"479"
"cluster_0018","232","PAVPLN",505,505,1,"505"
"cluster_0018","233","PAVRAP",479,479,1,"479"
"cluster_0018","234","PAVRDC",479,479,1,"479"
"cluster_0018","235","PAVRLH",479,479,1,"479"
"cluster_0018","236","PAVRLN",463,463,1,"463"
"cluster_0018","238","PAVRTX",505,505,1,"505"
"cluster_0018","239","PAVRWC",479,479,1,"479"
"cluster_0018","240","PAVSHE",465,465,1,"465"
"cluster_0018","243","PAVUVZ",465,465,1,"465"
"cluster_0018","245","PAVVEI",465,465,1,"465"
"cluster_0018","246","PAVVHL",465,465,1,"465"
"cluster_0018","247","PAVVVF",505,505,1,"505"
"cluster_0018","248","PAVWDF",465,465,1,"465"
"cluster_0018","249","PAVWWF",479,479,1,"479"
"cluster_0018","250","PAVXBS",465,465,1,"465"
"cluster_0018","251","PAVXPD",465,465,1,"465"
"cluster_0018","4","PAVXTB",505,505,1,"505"
"cluster_0018","252","PAVXYS",465,465,1,"465"
"cluster_0018","253","PAVXYS",465,465,1,"465"
"cluster_0018","254","PAVYTZ",465,465,1,"465"
"cluster_0018","255","PAVZJI",465,465,1,"465"
"cluster_0018","258","PAWAIH",465,465,1,"465"
"cluster_0018","259","PAWAMR",465,465,1,"465"
"cluster_0018","260","PAWAMT",465,465,1,"465"
"cluster_0018","263","PAWDMI",465,465,1,"465"
"cluster_0018","264","PAWETD",505,505,1,"505"
"cluster_0018","265","PAWFRE",556,556,1,"556"
"cluster_0018","267","PAWGHS",465,465,1,"465"
"cluster_0018","268","PAWGPI",465,465,1,"465"
"cluster_0018","269","PAWGWC",479,479,1,"479"
"cluster_0018","271","PAWGXW",465,465,1,"465"
"cluster_0018","272","PAWGYU",465,465,1,"465"
"cluster_0018","273","PAWHGU",465,465,1,"465"
"cluster_0018","274","PAWHIG",477,477,1,"477"
"cluster_0018","275","PAWHIG",465,465,1,"465"
"cluster_0018","276","PAWHRW",505,505,1,"505"
"cluster_0018","322","PAWIGC",479,479,1,"479"
"cluster_0018","277","PAWIPA",465,465,1,"465"
"cluster_0018","278","PAWIWN",505,505,1,"505"
"cluster_0018","279","PAWIWN",465,465,1,"465"
"cluster_0018","280","PAWIXS",505,505,1,"505"
"cluster_0018","281","PAWJJC",479,479,1,"479"
"cluster_0018","282","PAWJKL",477,477,1,"477"
"cluster_0018","283","PAWJKX",479,479,1,"479"
"cluster_0018","284","PAWJVB",465,465,1,"465"
"cluster_0018","285","PAWKAN",465,465,1,"465"
"cluster_0018","287","PAWKSC",465,465,1,"465"
"cluster_0018","317","PAWKXN",505,505,1,"505"
"cluster_0018","288","PAWKYL",479,479,1,"479"
"cluster_0018","289","PAWKZX",505,505,1,"505"
"cluster_0018","290","PAWKZZ",465,465,1,"465"
"cluster_0018","291","PAWLFC",465,465,1,"465"
"cluster_0018","318","PAWLSM",479,479,1,"479"
"cluster_0019","293","PAREDN",465,465,1,"465"
"cluster_0019","6","PARGFL",465,465,1,"465"
"cluster_0019","7","PARHBI",505,505,1,"505"
"cluster_0019","8","PARHES",425,425,1,"425"
"cluster_0019","9","PARHLS",465,465,1,"465"
"cluster_0019","11","PARJAY",479,479,1,"479"
"cluster_0019","12","PARJNX",465,465,1,"465"
"cluster_0019","13","PARJSM",465,465,1,"465"
"cluster_0019","15","PARJXW",465,465,1,"465"
"cluster_0019","16","PARKLK",479,479,1,"479"
"cluster_0019","17","PARLGK",465,465,1,"465"
"cluster_0019","18","PARLIB",423,423,1,"423"
"cluster_0019","294","PARMED",479,479,1,"479"
"cluster_0019","295","PARMED",444,444,1,"444"
"cluster_0019","19","PARMFF",479,479,1,"479"
"cluster_0019","21","PARMIA",479,479,1,"479"
"cluster_0019","22","PARMIA",465,465,1,"465"
"cluster_0019","1","PARMJA",479,479,1,"479"
"cluster_0019","23","PARMMV",505,505,1,"505"
"cluster_0019","24","PARMMV",479,479,1,"479"
"cluster_0019","25","PARMRF",441,441,1,"441"
"cluster_0019","26","PARPUL",505,505,1,"505"
"cluster_0019","27","PARPUL",465,465,1,"465"
"cluster_0019","296","PARPYK",465,465,1,"465"
"cluster_0019","297","PARRJR",479,479,1,"479"
"cluster_0019","28","PARSNX",505,505,1,"505"
"cluster_0019","29","PARVMR",505,505,1,"505"
"cluster_0019","30","PARVSC",505,505,1,"505"
"cluster_0019","31","PARWMF",505,505,1,"505"
"cluster_0019","32","PARWMF",465,465,1,"465"
"cluster_0019","34","PARXFY",465,465,1,"465"
"cluster_0019","35","PARXVS",465,465,1,"465"
"cluster_0019","36","PARYHC",505,505,1,"505"
"cluster_0019","37","PASFKA",479,479,1,"479"
"cluster_0019","38","PASGKL",437,437,1,"437"
"cluster_0019","299","PASGMR",426,426,1,"426"
"cluster_0019","40","PASGUH",465,465,1,"465"
"cluster_0019","41","PASGUX",505,505,1,"505"
"cluster_0019","42","PASHNK",423,423,1,"423"
"cluster_0019","43","PASHXL",465,465,1,"465"
"cluster_0019","300","PASHYJ",465,465,1,"465"
"cluster_0019","45","PASJFJ",465,465,1,"465"
"cluster_0019","47","PASKIC",479,479,1,"479"
"cluster_0019","326","PASKMG",479,479,1,"479"
"cluster_0019","48","PASKRN",465,465,1,"465"
"cluster_0019","49","PASKVH",465,465,1,"465"
"cluster_0019","50","PASKVH",465,465,1,"465"
"cluster_0019","51","PASKWG",564,564,1,"564"
"cluster_0019","52","PASKWG",505,505,1,"505"
"cluster_0019","53","PASKXA",479,479,1,"479"
"cluster_0019","54","PASLPH",465,465,1,"465"
"cluster_0019","55","PASNNM",465,465,1,"465"
"cluster_0019","56","PASPBU",465,465,1,"465"
"cluster_0019","57","PASPBU",465,465,1,"465"
"cluster_0019","58","PASPNW",479,479,1,"479"
"cluster_0019","59","PASPPN",479,479,1,"479"
"cluster_0019","60","PASRTM",385,385,1,"385"
"cluster_0019","61","PASRUK",465,465,1,"465"
"cluster_0019","62","PASSEF",465,465,1,"465"
"cluster_0019","64","PASTLI",465,465,1,"465"
"cluster_0019","65","PASTPT",465,465,1,"465"
"cluster_0019","66","PASTPT",465,465,1,"465"
"cluster_0019","67","PASUSV",479,479,1,"479"
"cluster_0019","68","PASVIN",465,465,1,"465"
"cluster_0019","69","PASVRC",465,465,1,"465"
"cluster_0019","301","PASVVA",505,505,1,"505"
"cluster_0019","70","PASVYP",465,465,1,"465"
"cluster_0019","71","PASVZJ",465,465,1,"465"
"cluster_0019","74","PASWNU",505,505,1,"505"
"cluster_0019","76","PASWSR",479,479,1,"479"
"cluster_0019","302","PASXFB",465,465,1,"465"
"cluster_0019","77","PASXIL",479,479,1,"479"
"cluster_0019","78","PASXSI",465,465,1,"465"
"cluster_0019","79","PASYHN",479,479,1,"479"
"cluster_0019","80","PASZAY",479,479,1,"479"
"cluster_0019","81","PATADU",479,479,1,"479"
"cluster_0019","82","PATALJ",423,423,1,"423"
"cluster_0019","83","PATAUC",465,465,1,"465"
"cluster_0019","84","PATAUZ",465,465,1,"465"
"cluster_0019","85","PATBPY",465,465,1,"465"
"cluster_0019","86","PATCDZ",479,479,1,"479"
"cluster_0019","87","PATCTL",505,505,1,"505"
"cluster_0019","88","PATCZN",423,423,1,"423"
"cluster_0019","89","PATDBC",479,479,1,"479"
"cluster_0019","90","PATDBC",393,393,1,"393"
"cluster_0019","91","PATDBU",465,465,1,"465"
"cluster_0019","92","PATDBU",465,465,1,"465"
"cluster_0019","93","PATDDZ",505,505,1,"505"
"cluster_0019","94","PATDFE",505,505,1,"505"
"cluster_0019","303","PATDTL",505,505,1,"505"
"cluster_0019","97","PATEAK",465,465,1,"465"
"cluster_0019","98","PATEBX",465,465,1,"465"
"cluster_0019","99","PATFVG",465,465,1,"465"
"cluster_0019","100","PATGMP",479,479,1,"479"
"cluster_0019","101","PATGVX",479,479,1,"479"
"cluster_0019","325","PATHAA",479,479,1,"479"
"cluster_0019","102","PATHFE",479,479,1,"479"
"cluster_0019","104","PATIHV",479,479,1,"479"
"cluster_0019","105","PATISS",441,441,1,"441"
"cluster_0019","106","PATITY",479,479,1,"479"
"cluster_0019","107","PATJBC",465,465,1,"465"
"cluster_0019","304","PATJCZ",479,479,1,"479"
"cluster_0019","108","PATJRX",479,479,1,"479"
"cluster_0019","109","PATJRX",465,465,1,"465"
"cluster_0019","110","PATJZK",465,465,1,"465"
"cluster_0019","111","PATKGP",480,480,1,"480"
"cluster_0019","112","PATKGP",465,465,1,"465"
"cluster_0019","114","PATKHZ",479,479,1,"479"
"cluster_0019","115","PATKNX",505,505,1,"505"
"cluster_0019","116","PATKRF",465,465,1,"465"
"cluster_0019","117","PATLGU",465,465,1,"465"
"cluster_0019","118","PATLNS",465,465,1,"465"
"cluster_0019","119","PATMPM",465,465,1,"465"
"cluster_0019","120","PATMVH",465,465,1,"465"
"cluster_0019","121","PATRFD",465,465,1,"465"
"cluster_0019","122","PATRGV",526,526,1,"526"
"cluster_0019","123","PATRGV",505,505,1,"505"
"cluster_0019","124","PATRNH",465,465,1,"465"
"cluster_0019","125","PATSEZ",465,465,1,"465"
"cluster_0019","126","PATTHM",564,564,1,"564"
"cluster_0019","127","PATUDM",479,479,1,"479"
"cluster_0019","128","PATUDM",465,465,1,"465"
"cluster_0019","129","PATUDM",465,465,1,"465"
"cluster_0019","130","PATVTZ",503,503,1,"503"
"cluster_0019","131","PATWIJ",479,479,1,"479"
"cluster_0019","132","PATXAL",479,479,1,"479"
"cluster_0019","305","PATXTA",419,419,1,"419"
"cluster_0019","133","PATXTC",505,505,1,"505"
"cluster_0019","306","PATXTY",505,505,1,"505"
"cluster_0019","134","PATYMP",479,479,1,"479"
"cluster_0019","135","PATYMP",465,465,1,"465"
"cluster_0019","136","PATZSL",465,465,1,"465"
"cluster_0019","138","PATZYE",465,465,1,"465"
"cluster_0019","139","PAUAMR",465,465,1,"465"
"cluster_0019","140","PAUAVW",465,465,1,"465"
"cluster_0019","319","PAUAZV",505,505,1,"505"
"cluster_0019","323","PAUAZV",479,479,1,"479"
"cluster_0019","307","PAUBBJ",505,505,1,"505"
"cluster_0019","308","PAUBGA",465,465,1,"465"
"cluster_0019","141","PAUBGT",505,505,1,"505"
"cluster_0019","142","PAUBGT",505,505,1,"505"
"cluster_0019","143","PAUBLL",465,465,1,"465"
"cluster_0019","310","PAUCIB",505,505,1,"505"
"cluster_0019","311","PAUCIB",479,479,1,"479"
"cluster_0019","144","PAUCWP",465,465,1,"465"
"cluster_0019","145","PAUEFT",479,479,1,"479"
"cluster_0019","146","PAUEUC",465,465,1,"465"
"cluster_0019","147","PAUEZV",423,423,1,"423"
"cluster_0019","148","PAUGAP",465,465,1,"465"
"cluster_0019","151","PAUGLK",465,465,1,"465"
"cluster_0019","152","PAUHDN",465,465,1,"465"
"cluster_0019","153","PAUHHF",465,465,1,"465"
"cluster_0019","5","PAUHTB",465,465,1,"465"
"cluster_0019","313","PAUIEM",479,479,1,"479"
"cluster_0019","321","PAUIFC",465,465,1,"465"
"cluster_0019","154","PAUIGD",465,465,1,"465"
"cluster_0019","155","PAUIMK",465,465,1,"465"
"cluster_0019","314","PAUISV",465,465,1,"465"
"cluster_0019","156","PAUIXW",465,465,1,"465"
"cluster_0019","157","PAUIXW",423,423,1,"423"
"cluster_0019","158","PAUJRU",479,479,1,"479"
"cluster_0019","159","PAUJVL",465,465,1,"465"
"cluster_0019","161","PAUKMA",385,385,1,"385"
"cluster_0019","163","PAULGR",465,465,1,"465"
"cluster_0019","164","PAULGX",465,465,1,"465"
"cluster_0019","165","PAULIU",465,465,1,"465"
"cluster_0019","167","PAUMNE",479,479,1,"479"
"cluster_0019","169","PAUMVW",479,479,1,"479"
"cluster_0019","172","PAURGS",505,505,1,"505"
"cluster_0019","173","PAURGS",479,479,1,"479"
"cluster_0019","174","PAURSX",544,544,1,"544"
"cluster_0019","175","PAURSX",505,505,1,"505"
"cluster_0019","176","PAURTD",465,465,1,"465"
"cluster_0019","177","PAUSIS",479,479,1,"479"
"cluster_0019","178","PAUSIS",465,465,1,"465"
"cluster_0019","179","PAUTBM",465,465,1,"465"
"cluster_0019","180","PAUTLJ",465,465,1,"465"
"cluster_0019","181","PAUTRX",505,505,1,"505"
"cluster_0019","182","PAUTRX",422,422,1,"422"
"cluster_0019","184","PAUTSB",423,423,1,"423"
"cluster_0019","186","PAUTWN",564,564,1,"564"
"cluster_0019","187","PAUTWN",465,465,1,"465"
"cluster_0019","189","PAUVTP",465,465,1,"465"
"cluster_0019","190","PAUVZI",465,465,1,"465"
"cluster_0019","320","PAUWNU",465,465,1,"465"
"cluster_0019","191","PAUXKE",465,465,1,"465"
"cluster_0019","192","PAUXRV",465,465,1,"465"
"cluster_0019","193","PAUXSD",479,479,1,"479"
"cluster_0019","195","PAUYJF",479,479,1,"479"
"cluster_0019","196","PAUYMH",465,465,1,"465"
"cluster_0019","197","PAUZHK",465,465,1,"465"
"cluster_0019","198","PAUZZA",465,465,1,"465"
"cluster_0019","200","PAVBAW",465,465,1,"465"
"cluster_0019","201","PAVBPR",465,465,1,"465"
"cluster_0019","202","PAVCRK",505,505,1,"505"
"cluster_0019","203","PAVCRK",465,465,1,"465"
"cluster_0019","204","PAVCYV",479,479,1,"479"
"cluster_0019","205","PAVCYV",465,465,1,"465"
"cluster_0019","208","PAVEUZ",505,505,1,"505"
"cluster_0019","209","PAVFHF",505,505,1,"505"
"cluster_0019","210","PAVFWF",479,479,1,"479"
"cluster_0019","211","PAVFXU",465,465,1,"465"
"cluster_0019","212","PAVJBF",505,505,1,"505"
"cluster_0019","213","PAVJHG",465,465,1,"465"
"cluster_0019","214","PAVJJK",465,465,1,"465"
"cluster_0019","215","PAVJJU",465,465,1,"465"
"cluster_0019","217","PAVJLJ",505,505,1,"505"
"cluster_0019","218","PAVJLJ",437,437,1,"437"
"cluster_0019","220","PAVJNX",505,505,1,"505"
"cluster_0019","221","PAVKWV",465,465,1,"465"
"cluster_0019","222","PAVLCX",479,479,1,"479"
"cluster_0019","223","PAVLMX",465,465,1,"465"
"cluster_0019","224","PAVLMY",505,505,1,"505"
"cluster_0019","226","PAVMPB",465,465,1,"465"
"cluster_0019","227","PAVMZJ",425,425,1,"425"
"cluster_0019","228","PAVNDL",465,465,1,"465"
"cluster_0019","315","PAVNSM",465,465,1,"465"
"cluster_0019","229","PAVNWE",479,479,1,"479"
"cluster_0019","230","PAVPCZ",465,465,1,"465"
"cluster_0019","231","PAVPLD",479,479,1,"479"
"cluster_0019","232","PAVPLN",505,505,1,"505"
"cluster_0019","233","PAVRAP",479,479,1,"479"
"cluster_0019","234","PAVRDC",479,479,1,"479"
"cluster_0019","235","PAVRLH",479,479,1,"479"
"cluster_0019","236","PAVRLN",463,463,1,"463"
"cluster_0019","237","PAVRLN",441,441,1,"441"
"cluster_0019","238","PAVRTX",505,505,1,"505"
"cluster_0019","239","PAVRWC",479,479,1,"479"
"cluster_0019","240","PAVSHE",465,465,1,"465"
"cluster_0019","241","PAVUFK",423,423,1,"423"
"cluster_0019","243","PAVUVZ",465,465,1,"465"
"cluster_0019","245","PAVVEI",465,465,1,"465"
"cluster_0019","246","PAVVHL",465,465,1,"465"
"cluster_0019","247","PAVVVF",505,505,1,"505"
"cluster_0019","248","PAVWDF",465,465,1,"465"
"cluster_0019","249","PAVWWF",479,479,1,"479"
"cluster_0019","250","PAVXBS",465,465,1,"465"
"cluster_0019","251","PAVXPD",465,465,1,"465"
"cluster_0019","4","PAVXTB",505,505,1,"505"
"cluster_0019","252","PAVXYS",465,465,1,"465"
"cluster_0019","253","PAVXYS",465,465,1,"465"
"cluster_0019","2","PAVYDR",423,423,1,"423"
"cluster_0019","254","PAVYTZ",465,465,1,"465"
"cluster_0019","255","PAVZJI",465,465,1,"465"
"cluster_0019","258","PAWAIH",465,465,1,"465"
"cluster_0019","259","PAWAMR",465,465,1,"465"
"cluster_0019","260","PAWAMT",465,465,1,"465"
"cluster_0019","261","PAWAMT",423,423,1,"423"
"cluster_0019","262","PAWAMT",422,422,1,"422"
"cluster_0019","263","PAWDMI",465,465,1,"465"
"cluster_0019","264","PAWETD",505,505,1,"505"
"cluster_0019","265","PAWFRE",556,556,1,"556"
"cluster_0019","266","PAWFYE",441,441,1,"441"
"cluster_0019","267","PAWGHS",465,465,1,"465"
"cluster_0019","268","PAWGPI",465,465,1,"465"
"cluster_0019","269","PAWGWC",479,479,1,"479"
"cluster_0019","270","PAWGXI",423,423,1,"423"
"cluster_0019","271","PAWGXW",465,465,1,"465"
"cluster_0019","272","PAWGYU",465,465,1,"465"
"cluster_0019","273","PAWHGU",465,465,1,"465"
"cluster_0019","274","PAWHIG",477,477,1,"477"
"cluster_0019","275","PAWHIG",465,465,1,"465"
"cluster_0019","276","PAWHRW",505,505,1,"505"
"cluster_0019","322","PAWIGC",479,479,1,"479"
"cluster_0019","277","PAWIPA",465,465,1,"465"
"cluster_0019","278","PAWIWN",505,505,1,"505"
"cluster_0019","279","PAWIWN",465,465,1,"465"
"cluster_0019","280","PAWIXS",505,505,1,"505"
"cluster_0019","281","PAWJJC",479,479,1,"479"
"cluster_0019","282","PAWJKL",477,477,1,"477"
"cluster_0019","283","PAWJKX",479,479,1,"479"
"cluster_0019","284","PAWJVB",465,465,1,"465"
"cluster_0019","285","PAWKAN",465,465,1,"465"
"cluster_0019","286","PAWKKF",425,425,1,"425"
"cluster_0019","287","PAWKSC",465,465,1,"465"
"cluster_0019","317","PAWKXN",505,505,1,"505"
"cluster_0019","288","PAWKYL",479,479,1,"479"
"cluster_0019","289","PAWKZX",505,505,1,"505"
"cluster_0019","290","PAWKZZ",465,465,1,"465"
"cluster_0019","291","PAWLFC",465,465,1,"465"
"cluster_0019","318","PAWLSM",479,479,1,"479"
"cluster_0019","292","PAWLYX",423,423,1,"423"
"cluster_0020","293","PAREDN",465,465,1,"465"
"cluster_0020","6","PARGFL",465,465,1,"465"
"cluster_0020","7","PARHBI",505,505,1,"505"
"cluster_0020","8","PARHES",425,425,1,"425"
"cluster_0020","9","PARHLS",465,465,1,"465"
"cluster_0020","10","PARIZN",689,689,1,"689"
"cluster_0020","11","PARJAY",479,479,1,"479"
"cluster_0020","12","PARJNX",465,465,1,"465"
"cluster_0020","13","PARJSM",465,465,1,"465"
"cluster_0020","14","PARJXW",689,689,1,"689"
"cluster_0020","15","PARJXW",465,465,1,"465"
"cluster_0020","16","PARKLK",479,479,1,"479"
"cluster_0020","17","PARLGK",465,465,1,"465"
"cluster_0020","18","PARLIB",423,423,1,"423"
"cluster_0020","294","PARMED",479,479,1,"479"
"cluster_0020","295","PARMED",444,444,1,"444"
"cluster_0020","19","PARMFF",479,479,1,"479"
"cluster_0020","21","PARMIA",479,479,1,"479"
"cluster_0020","22","PARMIA",465,465,1,"465"
"cluster_0020","1","PARMJA",479,479,1,"479"
"cluster_0020","23","PARMMV",505,505,1,"505"
"cluster_0020","24","PARMMV",479,479,1,"479"
"cluster_0020","25","PARMRF",441,441,1,"441"
"cluster_0020","26","PARPUL",505,505,1,"505"
"cluster_0020","27","PARPUL",465,465,1,"465"
"cluster_0020","296","PARPYK",465,465,1,"465"
"cluster_0020","297","PARRJR",479,479,1,"479"
"cluster_0020","28","PARSNX",505,505,1,"505"
"cluster_0020","298","PARTFR",689,689,1,"689"
"cluster_0020","324","PARTUK",689,689,1,"689"
"cluster_0020","29","PARVMR",505,505,1,"505"
"cluster_0020","30","PARVSC",505,505,1,"505"
"cluster_0020","31","PARWMF",505,505,1,"505"
"cluster_0020","32","PARWMF",465,465,1,"465"
"cluster_0020","33","PARWTI",689,689,1,"689"
"cluster_0020","34","PARXFY",465,465,1,"465"
"cluster_0020","35","PARXVS",465,465,1,"465"
"cluster_0020","36","PARYHC",505,505,1,"505"
"cluster_0020","37","PASFKA",479,479,1,"479"
"cluster_0020","38","PASGKL",437,437,1,"437"
"cluster_0020","299","PASGMR",426,426,1,"426"
"cluster_0020","39","PASGUH",689,689,1,"689"
"cluster_0020","40","PASGUH",465,465,1,"465"
"cluster_0020","41","PASGUX",505,505,1,"505"
"cluster_0020","42","PASHNK",423,423,1,"423"
"cluster_0020","43","PASHXL",465,465,1,"465"
"cluster_0020","300","PASHYJ",465,465,1,"465"
"cluster_0020","44","PASIIY",689,689,1,"689"
"cluster_0020","45","PASJFJ",465,465,1,"465"
"cluster_0020","46","PASJLN",689,689,1,"689"
"cluster_0020","47","PASKIC",479,479,1,"479"
"cluster_0020","326","PASKMG",479,479,1,"479"
"cluster_0020","48","PASKRN",465,465,1,"465"
"cluster_0020","49","PASKVH",465,465,1,"465"
"cluster_0020","50","PASKVH",465,465,1,"465"
"cluster_0020","51","PASKWG",564,564,1,"564"
"cluster_0020","52","PASKWG",505,505,1,"505"
"cluster_0020","53","PASKXA",479,479,1,"479"
"cluster_0020","54","PASLPH",465,465,1,"465"
"cluster_0020","55","PASNNM",465,465,1,"465"
"cluster_0020","56","PASPBU",465,465,1,"465"
"cluster_0020","57","PASPBU",465,465,1,"465"
"cluster_0020","58","PASPNW",479,479,1,"479"
"cluster_0020","59","PASPPN",479,479,1,"479"
"cluster_0020","60","PASRTM",385,385,1,"385"
"cluster_0020","61","PASRUK",465,465,1,"465"
"cluster_0020","62","PASSEF",465,465,1,"465"
"cluster_0020","64","PASTLI",465,465,1,"465"
"cluster_0020","65","PASTPT",465,465,1,"465"
"cluster_0020","66","PASTPT",465,465,1,"465"
"cluster_0020","67","PASUSV",479,479,1,"479"
"cluster_0020","68","PASVIN",465,465,1,"465"
"cluster_0020","69","PASVRC",465,465,1,"465"
"cluster_0020","301","PASVVA",505,505,1,"505"
"cluster_0020","70","PASVYP",465,465,1,"465"
"cluster_0020","71","PASVZJ",465,465,1,"465"
"cluster_0020","72","PASWBJ",611,611,1,"611"
"cluster_0020","73","PASWNU",670,670,1,"670"
"cluster_0020","74","PASWNU",505,505,1,"505"
"cluster_0020","76","PASWSR",479,479,1,"479"
"cluster_0020","302","PASXFB",465,465,1,"465"
"cluster_0020","77","PASXIL",479,479,1,"479"
"cluster_0020","78","PASXSI",465,465,1,"465"
"cluster_0020","79","PASYHN",479,479,1,"479"
"cluster_0020","80","PASZAY",479,479,1,"479"
"cluster_0020","81","PATADU",479,479,1,"479"
"cluster_0020","82","PATALJ",423,423,1,"423"
"cluster_0020","83","PATAUC",465,465,1,"465"
"cluster_0020","84","PATAUZ",465,465,1,"465"
"cluster_0020","85","PATBPY",465,465,1,"465"
"cluster_0020","86","PATCDZ",479,479,1,"479"
"cluster_0020","87","PATCTL",505,505,1,"505"
"cluster_0020","88","PATCZN",423,423,1,"423"
"cluster_0020","89","PATDBC",479,479,1,"479"
"cluster_0020","90","PATDBC",393,393,1,"393"
"cluster_0020","91","PATDBU",465,465,1,"465"
"cluster_0020","92","PATDBU",465,465,1,"465"
"cluster_0020","93","PATDDZ",505,505,1,"505"
"cluster_0020","94","PATDFE",505,505,1,"505"
"cluster_0020","303","PATDTL",505,505,1,"505"
"cluster_0020","95","PATEAK",689,689,1,"689"
"cluster_0020","96","PATEAK",689,689,1,"689"
"cluster_0020","97","PATEAK",465,465,1,"465"
"cluster_0020","98","PATEBX",465,465,1,"465"
"cluster_0020","99","PATFVG",465,465,1,"465"
"cluster_0020","100","PATGMP",479,479,1,"479"
"cluster_0020","101","PATGVX",479,479,1,"479"
"cluster_0020","325","PATHAA",479,479,1,"479"
"cluster_0020","102","PATHFE",479,479,1,"479"
"cluster_0020","104","PATIHV",479,479,1,"479"
"cluster_0020","105","PATISS",441,441,1,"441"
"cluster_0020","106","PATITY",479,479,1,"479"
"cluster_0020","107","PATJBC",465,465,1,"465"
"cluster_0020","304","PATJCZ",479,479,1,"479"
"cluster_0020","108","PATJRX",479,479,1,"479"
"cluster_0020","109","PATJRX",465,465,1,"465"
"cluster_0020","110","PATJZK",465,465,1,"465"
"cluster_0020","111","PATKGP",480,480,1,"480"
"cluster_0020","112","PATKGP",465,465,1,"465"
"cluster_0020","113","PATKHZ",689,689,1,"689"
"cluster_0020","114","PATKHZ",479,479,1,"479"
"cluster_0020","115","PATKNX",505,505,1,"505"
"cluster_0020","116","PATKRF",465,465,1,"465"
"cluster_0020","117","PATLGU",465,465,1,"465"
"cluster_0020","118","PATLNS",465,465,1,"465"
"cluster_0020","119","PATMPM",465,465,1,"465"
"cluster_0020","120","PATMVH",465,465,1,"465"
"cluster_0020","121","PATRFD",465,465,1,"465"
"cluster_0020","122","PATRGV",526,526,1,"526"
"cluster_0020","123","PATRGV",505,505,1,"505"
"cluster_0020","124","PATRNH",465,465,1,"465"
"cluster_0020","125","PATSEZ",465,465,1,"465"
"cluster_0020","126","PATTHM",564,564,1,"564"
"cluster_0020","127","PATUDM",479,479,1,"479"
"cluster_0020","128","PATUDM",465,465,1,"465"
"cluster_0020","129","PATUDM",465,465,1,"465"
"cluster_0020","130","PATVTZ",503,503,1,"503"
"cluster_0020","131","PATWIJ",479,479,1,"479"
"cluster_0020","132","PATXAL",479,479,1,"479"
"cluster_0020","305","PATXTA",419,419,1,"419"
"cluster_0020","133","PATXTC",505,505,1,"505"
"cluster_0020","306","PATXTY",505,505,1,"505"
"cluster_0020","134","PATYMP",479,479,1,"479"
"cluster_0020","135","PATYMP",465,465,1,"465"
"cluster_0020","136","PATZSL",465,465,1,"465"
"cluster_0020","137","PATZYE",689,689,1,"689"
"cluster_0020","138","PATZYE",465,465,1,"465"
"cluster_0020","139","PAUAMR",465,465,1,"465"
"cluster_0020","140","PAUAVW",465,465,1,"465"
"cluster_0020","319","PAUAZV",505,505,1,"505"
"cluster_0020","323","PAUAZV",479,479,1,"479"
"cluster_0020","307","PAUBBJ",505,505,1,"505"
"cluster_0020","308","PAUBGA",465,465,1,"465"
"cluster_0020","141","PAUBGT",505,505,1,"505"
"cluster_0020","142","PAUBGT",505,505,1,"505"
"cluster_0020","143","PAUBLL",465,465,1,"465"
"cluster_0020","309","PAUCIB",689,689,1,"689"
"cluster_0020","310","PAUCIB",505,505,1,"505"
"cluster_0020","311","PAUCIB",479,479,1,"479"
"cluster_0020","144","PAUCWP",465,465,1,"465"
"cluster_0020","145","PAUEFT",479,479,1,"479"
"cluster_0020","146","PAUEUC",465,465,1,"465"
"cluster_0020","147","PAUEZV",423,423,1,"423"
"cluster_0020","312","PAUFGV",670,670,1,"670"
"cluster_0020","148","PAUGAP",465,465,1,"465"
"cluster_0020","149","PAUGDZ",673,673,1,"673"
"cluster_0020","150","PAUGEJ",689,689,1,"689"
"cluster_0020","151","PAUGLK",465,465,1,"465"
"cluster_0020","152","PAUHDN",465,465,1,"465"
"cluster_0020","153","PAUHHF",465,465,1,"465"
"cluster_0020","5","PAUHTB",465,465,1,"465"
"cluster_0020","313","PAUIEM",479,479,1,"479"
"cluster_0020","321","PAUIFC",465,465,1,"465"
"cluster_0020","154","PAUIGD",465,465,1,"465"
"cluster_0020","155","PAUIMK",465,465,1,"465"
"cluster_0020","314","PAUISV",465,465,1,"465"
"cluster_0020","156","PAUIXW",465,465,1,"465"
"cluster_0020","157","PAUIXW",423,423,1,"423"
"cluster_0020","158","PAUJRU",479,479,1,"479"
"cluster_0020","159","PAUJVL",465,465,1,"465"
"cluster_0020","160","PAUKIF",689,689,1,"689"
"cluster_0020","161","PAUKMA",385,385,1,"385"
"cluster_0020","162","PAUKTD",689,689,1,"689"
"cluster_0020","163","PAULGR",465,465,1,"465"
"cluster_0020","164","PAULGX",465,465,1,"465"
"cluster_0020","165","PAULIU",465,465,1,"465"
"cluster_0020","167","PAUMNE",479,479,1,"479"
"cluster_0020","169","PAUMVW",479,479,1,"479"
"cluster_0020","170","PAUPFF",689,689,1,"689"
"cluster_0020","171","PAURCM",689,689,1,"689"
"cluster_0020","172","PAURGS",505,505,1,"505"
"cluster_0020","173","PAURGS",479,479,1,"479"
"cluster_0020","174","PAURSX",544,544,1,"544"
"cluster_0020","175","PAURSX",505,505,1,"505"
"cluster_0020","176","PAURTD",465,465,1,"465"
"cluster_0020","177","PAUSIS",479,479,1,"479"
"cluster_0020","178","PAUSIS",465,465,1,"465"
"cluster_0020","179","PAUTBM",465,465,1,"465"
"cluster_0020","180","PAUTLJ",465,465,1,"465"
"cluster_0020","181","PAUTRX",505,505,1,"505"
"cluster_0020","182","PAUTRX",422,422,1,"422"
"cluster_0020","183","PAUTSB",611,611,1,"611"
"cluster_0020","184","PAUTSB",423,423,1,"423"
"cluster_0020","186","PAUTWN",564,564,1,"564"
"cluster_0020","187","PAUTWN",465,465,1,"465"
"cluster_0020","188","PAUVTP",689,689,1,"689"
"cluster_0020","189","PAUVTP",465,465,1,"465"
"cluster_0020","190","PAUVZI",465,465,1,"465"
"cluster_0020","320","PAUWNU",465,465,1,"465"
"cluster_0020","191","PAUXKE",465,465,1,"465"
"cluster_0020","192","PAUXRV",465,465,1,"465"
"cluster_0020","193","PAUXSD",479,479,1,"479"
"cluster_0020","195","PAUYJF",479,479,1,"479"
"cluster_0020","196","PAUYMH",465,465,1,"465"
"cluster_0020","197","PAUZHK",465,465,1,"465"
"cluster_0020","198","PAUZZA",465,465,1,"465"
"cluster_0020","199","PAVAWP",689,689,1,"689"
"cluster_0020","200","PAVBAW",465,465,1,"465"
"cluster_0020","201","PAVBPR",465,465,1,"465"
"cluster_0020","202","PAVCRK",505,505,1,"505"
"cluster_0020","203","PAVCRK",465,465,1,"465"
"cluster_0020","204","PAVCYV",479,479,1,"479"
"cluster_0020","205","PAVCYV",465,465,1,"465"
"cluster_0020","207","PAVEUZ",689,689,1,"689"
"cluster_0020","208","PAVEUZ",505,505,1,"505"
"cluster_0020","209","PAVFHF",505,505,1,"505"
"cluster_0020","210","PAVFWF",479,479,1,"479"
"cluster_0020","211","PAVFXU",465,465,1,"465"
"cluster_0020","212","PAVJBF",505,505,1,"505"
"cluster_0020","213","PAVJHG",465,465,1,"465"
"cluster_0020","214","PAVJJK",465,465,1,"465"
"cluster_0020","215","PAVJJU",465,465,1,"465"
"cluster_0020","216","PAVJLJ",658,658,1,"658"
"cluster_0020","217","PAVJLJ",505,505,1,"505"
"cluster_0020","218","PAVJLJ",437,437,1,"437"
"cluster_0020","220","PAVJNX",505,505,1,"505"
"cluster_0020","221","PAVKWV",465,465,1,"465"
"cluster_0020","222","PAVLCX",479,479,1,"479"
"cluster_0020","223","PAVLMX",465,465,1,"465"
"cluster_0020","224","PAVLMY",505,505,1,"505"
"cluster_0020","226","PAVMPB",465,465,1,"465"
"cluster_0020","227","PAVMZJ",425,425,1,"425"
"cluster_0020","228","PAVNDL",465,465,1,"465"
"cluster_0020","315","PAVNSM",465,465,1,"465"
"cluster_0020","229","PAVNWE",479,479,1,"479"
"cluster_0020","230","PAVPCZ",465,465,1,"465"
"cluster_0020","231","PAVPLD",479,479,1,"479"
"cluster_0020","232","PAVPLN",505,505,1,"505"
"cluster_0020","233","PAVRAP",479,479,1,"479"
"cluster_0020","234","PAVRDC",479,479,1,"479"
"cluster_0020","235","PAVRLH",479,479,1,"479"
"cluster_0020","236","PAVRLN",463,463,1,"463"
"cluster_0020","237","PAVRLN",441,441,1,"441"
"cluster_0020","238","PAVRTX",505,505,1,"505"
"cluster_0020","239","PAVRWC",479,479,1,"479"
"cluster_0020","240","PAVSHE",465,465,1,"465"
"cluster_0020","241","PAVUFK",423,423,1,"423"
"cluster_0020","242","PAVUTN",689,689,1,"689"
"cluster_0020","243","PAVUVZ",465,465,1,"465"
"cluster_0020","244","PAVVDS",689,689,1,"689"
"cluster_0020","245","PAVVEI",465,465,1,"465"
"cluster_0020","246","PAVVHL",465,465,1,"465"
"cluster_0020","247","PAVVVF",505,505,1,"505"
"cluster_0020","248","PAVWDF",465,465,1,"465"
"cluster_0020","249","PAVWWF",479,479,1,"479"
"cluster_0020","250","PAVXBS",465,465,1,"465"
"cluster_0020","251","PAVXPD",465,465,1,"465"
"cluster_0020","4","PAVXTB",505,505,1,"505"
"cluster_0020","252","PAVXYS",465,465,1,"465"
"cluster_0020","253","PAVXYS",465,465,1,"465"
"cluster_0020","2","PAVYDR",423,423,1,"423"
"cluster_0020","254","PAVYTZ",465,465,1,"465"
"cluster_0020","255","PAVZJI",465,465,1,"465"
"cluster_0020","256","PAVZKL",689,689,1,"689"
"cluster_0020","257","PAVZLS",689,689,1,"689"
"cluster_0020","258","PAWAIH",465,465,1,"465"
"cluster_0020","259","PAWAMR",465,465,1,"465"
"cluster_0020","260","PAWAMT",465,465,1,"465"
"cluster_0020","261","PAWAMT",423,423,1,"423"
"cluster_0020","262","PAWAMT",422,422,1,"422"
"cluster_0020","263","PAWDMI",465,465,1,"465"
"cluster_0020","264","PAWETD",505,505,1,"505"
"cluster_0020","265","PAWFRE",556,556,1,"556"
"cluster_0020","266","PAWFYE",441,441,1,"441"
"cluster_0020","267","PAWGHS",465,465,1,"465"
"cluster_0020","268","PAWGPI",465,465,1,"465"
"cluster_0020","269","PAWGWC",479,479,1,"479"
"cluster_0020","270","PAWGXI",423,423,1,"423"
"cluster_0020","271","PAWGXW",465,465,1,"465"
"cluster_0020","272","PAWGYU",465,465,1,"465"
"cluster_0020","273","PAWHGU",465,465,1,"465"
"cluster_0020","274","PAWHIG",477,477,1,"477"
"cluster_0020","275","PAWHIG",465,465,1,"465"
"cluster_0020","276","PAWHRW",505,505,1,"505"
"cluster_0020","322","PAWIGC",479,479,1,"479"
"cluster_0020","277","PAWIPA",465,465,1,"465"
"cluster_0020","278","PAWIWN",505,505,1,"505"
"cluster_0020","279","PAWIWN",465,465,1,"465"
"cluster_0020","280","PAWIXS",505,505,1,"505"
"cluster_0020","281","PAWJJC",479,479,1,"479"
"cluster_0020","282","PAWJKL",477,477,1,"477"
"cluster_0020","283","PAWJKX",479,479,1,"479"
"cluster_0020","284","PAWJVB",465,465,1,"465"
"cluster_0020","285","PAWKAN",465,465,1,"465"
"cluster_0020","286","PAWKKF",425,425,1,"425"
"cluster_0020","287","PAWKSC",465,465,1,"465"
"cluster_0020","317","PAWKXN",505,505,1,"505"
"cluster_0020","288","PAWKYL",479,479,1,"479"
"cluster_0020","289","PAWKZX",505,505,1,"505"
"cluster_0020","290","PAWKZZ",465,465,1,"465"
"cluster_0020","291","PAWLFC",465,465,1,"465"
"cluster_0020","318","PAWLSM",479,479,1,"479"
"cluster_0020","292","PAWLYX",423,423,1,"423"
"cluster_0021","293","PAREDN",465,465,1,"465"
"cluster_0021","6","PARGFL",465,465,1,"465"
"cluster_0021","7","PARHBI",505,505,1,"505"
"cluster_0021","8","PARHES",425,425,1,"425"
"cluster_0021","9","PARHLS",465,465,1,"465"
"cluster_0021","10","PARIZN",689,689,1,"689"
"cluster_0021","11","PARJAY",479,479,1,"479"
"cluster_0021","12","PARJNX",465,465,1,"465"
"cluster_0021","13","PARJSM",465,465,1,"465"
"cluster_0021","14","PARJXW",689,689,1,"689"
"cluster_0021","15","PARJXW",465,465,1,"465"
"cluster_0021","16","PARKLK",479,479,1,"479"
"cluster_0021","17","PARLGK",465,465,1,"465"
"cluster_0021","18","PARLIB",423,423,1,"423"
"cluster_0021","294","PARMED",479,479,1,"479"
"cluster_0021","295","PARMED",444,444,1,"444"
"cluster_0021","19","PARMFF",479,479,1,"479"
"cluster_0021","21","PARMIA",479,479,1,"479"
"cluster_0021","22","PARMIA",465,465,1,"465"
"cluster_0021","1","PARMJA",479,479,1,"479"
"cluster_0021","23","PARMMV",505,505,1,"505"
"cluster_0021","24","PARMMV",479,479,1,"479"
"cluster_0021","25","PARMRF",441,441,1,"441"
"cluster_0021","26","PARPUL",505,505,1,"505"
"cluster_0021","27","PARPUL",465,465,1,"465"
"cluster_0021","296","PARPYK",465,465,1,"465"
"cluster_0021","297","PARRJR",479,479,1,"479"
"cluster_0021","28","PARSNX",505,505,1,"505"
"cluster_0021","298","PARTFR",689,689,1,"689"
"cluster_0021","324","PARTUK",689,689,1,"689"
"cluster_0021","29","PARVMR",505,505,1,"505"
"cluster_0021","30","PARVSC",505,505,1,"505"
"cluster_0021","31","PARWMF",505,505,1,"505"
"cluster_0021","32","PARWMF",465,465,1,"465"
"cluster_0021","33","PARWTI",689,689,1,"689"
"cluster_0021","34","PARXFY",465,465,1,"465"
"cluster_0021","35","PARXVS",465,465,1,"465"
"cluster_0021","36","PARYHC",505,505,1,"505"
"cluster_0021","37","PASFKA",479,479,1,"479"
"cluster_0021","38","PASGKL",437,437,1,"437"
"cluster_0021","299","PASGMR",426,426,1,"426"
"cluster_0021","39","PASGUH",689,689,1,"689"
"cluster_0021","40","PASGUH",465,465,1,"465"
"cluster_0021","41","PASGUX",505,505,1,"505"
"cluster_0021","42","PASHNK",423,423,1,"423"
"cluster_0021","43","PASHXL",465,465,1,"465"
"cluster_0021","300","PASHYJ",465,465,1,"465"
"cluster_0021","44","PASIIY",689,689,1,"689"
"cluster_0021","45","PASJFJ",465,465,1,"465"
"cluster_0021","46","PASJLN",689,689,1,"689"
"cluster_0021","47","PASKIC",479,479,1,"479"
"cluster_0021","326","PASKMG",479,479,1,"479"
"cluster_0021","48","PASKRN",465,465,1,"465"
"cluster_0021","49","PASKVH",465,465,1,"465"
"cluster_0021","50","PASKVH",465,465,1,"465"
"cluster_0021","51","PASKWG",564,564,1,"564"
"cluster_0021","52","PASKWG",505,505,1,"505"
"cluster_0021","53","PASKXA",479,479,1,"479"
"cluster_0021","54","PASLPH",465,465,1,"465"
"cluster_0021","55","PASNNM",465,465,1,"465"
"cluster_0021","56","PASPBU",465,465,1,"465"
"cluster_0021","57","PASPBU",465,465,1,"465"
"cluster_0021","58","PASPNW",479,479,1,"479"
"cluster_0021","59","PASPPN",479,479,1,"479"
"cluster_0021","60","PASRTM",385,385,1,"385"
"cluster_0021","61","PASRUK",465,465,1,"465"
"cluster_0021","62","PASSEF",465,465,1,"465"
"cluster_0021","64","PASTLI",465,465,1,"465"
"cluster_0021","65","PASTPT",465,465,1,"465"
"cluster_0021","66","PASTPT",465,465,1,"465"
"cluster_0021","67","PASUSV",479,479,1,"479"
"cluster_0021","68","PASVIN",465,465,1,"465"
"cluster_0021","69","PASVRC",465,465,1,"465"
"cluster_0021","301","PASVVA",505,505,1,"505"
"cluster_0021","70","PASVYP",465,465,1,"465"
"cluster_0021","71","PASVZJ",465,465,1,"465"
"cluster_0021","72","PASWBJ",611,611,1,"611"
"cluster_0021","73","PASWNU",670,670,1,"670"
"cluster_0021","74","PASWNU",505,505,1,"505"
"cluster_0021","75","PASWNU",278,278,1,"278"
"cluster_0021","76","PASWSR",479,479,1,"479"
"cluster_0021","302","PASXFB",465,465,1,"465"
"cluster_0021","77","PASXIL",479,479,1,"479"
"cluster_0021","78","PASXSI",465,465,1,"465"
"cluster_0021","79","PASYHN",479,479,1,"479"
"cluster_0021","80","PASZAY",479,479,1,"479"
"cluster_0021","81","PATADU",479,479,1,"479"
"cluster_0021","82","PATALJ",423,423,1,"423"
"cluster_0021","83","PATAUC",465,465,1,"465"
"cluster_0021","84","PATAUZ",465,465,1,"465"
"cluster_0021","85","PATBPY",465,465,1,"465"
"cluster_0021","86","PATCDZ",479,479,1,"479"
"cluster_0021","87","PATCTL",505,505,1,"505"
"cluster_0021","88","PATCZN",423,423,1,"423"
"cluster_0021","89","PATDBC",479,479,1,"479"
"cluster_0021","90","PATDBC",393,393,1,"393"
"cluster_0021","91","PATDBU",465,465,1,"465"
"cluster_0021","92","PATDBU",465,465,1,"465"
"cluster_0021","93","PATDDZ",505,505,1,"505"
"cluster_0021","94","PATDFE",505,505,1,"505"
"cluster_0021","303","PATDTL",505,505,1,"505"
"cluster_0021","95","PATEAK",689,689,1,"689"
"cluster_0021","96","PATEAK",689,689,1,"689"
"cluster_0021","97","PATEAK",465,465,1,"465"
"cluster_0021","98","PATEBX",465,465,1,"465"
"cluster_0021","99","PATFVG",465,465,1,"465"
"cluster_0021","100","PATGMP",479,479,1,"479"
"cluster_0021","101","PATGVX",479,479,1,"479"
"cluster_0021","325","PATHAA",479,479,1,"479"
"cluster_0021","102","PATHFE",479,479,1,"479"
"cluster_0021","103","PATHSL",278,278,1,"278"
"cluster_0021","104","PATIHV",479,479,1,"479"
"cluster_0021","105","PATISS",441,441,1,"441"
"cluster_0021","106","PATITY",479,479,1,"479"
"cluster_0021","107","PATJBC",465,465,1,"465"
"cluster_0021","304","PATJCZ",479,479,1,"479"
"cluster_0021","108","PATJRX",479,479,1,"479"
"cluster_0021","109","PATJRX",465,465,1,"465"
"cluster_0021","110","PATJZK",465,465,1,"465"
"cluster_0021","111","PATKGP",480,480,1,"480"
"cluster_0021","112","PATKGP",465,465,1,"465"
"cluster_0021","113","PATKHZ",689,689,1,"689"
"cluster_0021","114","PATKHZ",479,479,1,"479"
"cluster_0021","115","PATKNX",505,505,1,"505"
"cluster_0021","116","PATKRF",465,465,1,"465"
"cluster_0021","117","PATLGU",465,465,1,"465"
"cluster_0021","118","PATLNS",465,465,1,"465"
"cluster_0021","119","PATMPM",465,465,1,"465"
"cluster_0021","120","PATMVH",465,465,1,"465"
"cluster_0021","121","PATRFD",465,465,1,"465"
"cluster_0021","122","PATRGV",526,526,1,"526"
"cluster_0021","123","PATRGV",505,505,1,"505"
"cluster_0021","124","PATRNH",465,465,1,"465"
"cluster_0021","125","PATSEZ",465,465,1,"465"
"cluster_0021","126","PATTHM",564,564,1,"564"
"cluster_0021","127","PATUDM",479,479,1,"479"
"cluster_0021","128","PATUDM",465,465,1,"465"
"cluster_0021","129","PATUDM",465,465,1,"465"
"cluster_0021","130","PATVTZ",503,503,1,"503"
"cluster_0021","131","PATWIJ",479,479,1,"479"
"cluster_0021","132","PATXAL",479,479,1,"479"
"cluster_0021","305","PATXTA",419,419,1,"419"
"cluster_0021","133","PATXTC",505,505,1,"505"
"cluster_0021","306","PATXTY",505,505,1,"505"
"cluster_0021","134","PATYMP",479,479,1,"479"
"cluster_0021","135","PATYMP",465,465,1,"465"
"cluster_0021","136","PATZSL",465,465,1,"465"
"cluster_0021","137","PATZYE",689,689,1,"689"
"cluster_0021","138","PATZYE",465,465,1,"465"
"cluster_0021","139","PAUAMR",465,465,1,"465"
"cluster_0021","140","PAUAVW",465,465,1,"465"
"cluster_0021","319","PAUAZV",505,505,1,"505"
"cluster_0021","323","PAUAZV",479,479,1,"479"
"cluster_0021","307","PAUBBJ",505,505,1,"505"
"cluster_0021","308","PAUBGA",465,465,1,"465"
"cluster_0021","141","PAUBGT",505,505,1,"505"
"cluster_0021","142","PAUBGT",505,505,1,"505"
"cluster_0021","143","PAUBLL",465,465,1,"465"
"cluster_0021","309","PAUCIB",689,689,1,"689"
"cluster_0021","310","PAUCIB",505,505,1,"505"
"cluster_0021","311","PAUCIB",479,479,1,"479"
"cluster_0021","144","PAUCWP",465,465,1,"465"
"cluster_0021","145","PAUEFT",479,479,1,"479"
"cluster_0021","146","PAUEUC",465,465,1,"465"
"cluster_0021","147","PAUEZV",423,423,1,"423"
"cluster_0021","312","PAUFGV",670,670,1,"670"
"cluster_0021","148","PAUGAP",465,465,1,"465"
"cluster_0021","149","PAUGDZ",673,673,1,"673"
"cluster_0021","150","PAUGEJ",689,689,1,"689"
"cluster_0021","151","PAUGLK",465,465,1,"465"
"cluster_0021","152","PAUHDN",465,465,1,"465"
"cluster_0021","153","PAUHHF",465,465,1,"465"
"cluster_0021","5","PAUHTB",465,465,1,"465"
"cluster_0021","313","PAUIEM",479,479,1,"479"
"cluster_0021","321","PAUIFC",465,465,1,"465"
"cluster_0021","154","PAUIGD",465,465,1,"465"
"cluster_0021","155","PAUIMK",465,465,1,"465"
"cluster_0021","314","PAUISV",465,465,1,"465"
"cluster_0021","156","PAUIXW",465,465,1,"465"
"cluster_0021","157","PAUIXW",423,423,1,"423"
"cluster_0021","158","PAUJRU",479,479,1,"479"
"cluster_0021","159","PAUJVL",465,465,1,"465"
"cluster_0021","160","PAUKIF",689,689,1,"689"
"cluster_0021","161","PAUKMA",385,385,1,"385"
"cluster_0021","162","PAUKTD",689,689,1,"689"
"cluster_0021","163","PAULGR",465,465,1,"465"
"cluster_0021","164","PAULGX",465,465,1,"465"
"cluster_0021","165","PAULIU",465,465,1,"465"
"cluster_0021","166","PAUMKW",321,321,1,"321"
"cluster_0021","167","PAUMNE",479,479,1,"479"
"cluster_0021","169","PAUMVW",479,479,1,"479"
"cluster_0021","170","PAUPFF",689,689,1,"689"
"cluster_0021","171","PAURCM",689,689,1,"689"
"cluster_0021","172","PAURGS",505,505,1,"505"
"cluster_0021","173","PAURGS",479,479,1,"479"
"cluster_0021","174","PAURSX",544,544,1,"544"
"cluster_0021","175","PAURSX",505,505,1,"505"
"cluster_0021","176","PAURTD",465,465,1,"465"
"cluster_0021","177","PAUSIS",479,479,1,"479"
"cluster_0021","178","PAUSIS",465,465,1,"465"
"cluster_0021","179","PAUTBM",465,465,1,"465"
"cluster_0021","180","PAUTLJ",465,465,1,"465"
"cluster_0021","181","PAUTRX",505,505,1,"505"
"cluster_0021","182","PAUTRX",422,422,1,"422"
"cluster_0021","183","PAUTSB",611,611,1,"611"
"cluster_0021","184","PAUTSB",423,423,1,"423"
"cluster_0021","186","PAUTWN",564,564,1,"564"
"cluster_0021","187","PAUTWN",465,465,1,"465"
"cluster_0021","188","PAUVTP",689,689,1,"689"
"cluster_0021","189","PAUVTP",465,465,1,"465"
"cluster_0021","190","PAUVZI",465,465,1,"465"
"cluster_0021","320","PAUWNU",465,465,1,"465"
"cluster_0021","3","PAUXAB",268,268,1,"268"
"cluster_0021","191","PAUXKE",465,465,1,"465"
"cluster_0021","192","PAUXRV",465,465,1,"465"
"cluster_0021","193","PAUXSD",479,479,1,"479"
"cluster_0021","195","PAUYJF",479,479,1,"479"
"cluster_0021","196","PAUYMH",465,465,1,"465"
"cluster_0021","197","PAUZHK",465,465,1,"465"
"cluster_0021","198","PAUZZA",465,465,1,"465"
"cluster_0021","199","PAVAWP",689,689,1,"689"
"cluster_0021","200","PAVBAW",465,465,1,"465"
"cluster_0021","201","PAVBPR",465,465,1,"465"
"cluster_0021","202","PAVCRK",505,505,1,"505"
"cluster_0021","203","PAVCRK",465,465,1,"465"
"cluster_0021","204","PAVCYV",479,479,1,"479"
"cluster_0021","205","PAVCYV",465,465,1,"465"
"cluster_0021","207","PAVEUZ",689,689,1,"689"
"cluster_0021","208","PAVEUZ",505,505,1,"505"
"cluster_0021","209","PAVFHF",505,505,1,"505"
"cluster_0021","210","PAVFWF",479,479,1,"479"
"cluster_0021","211","PAVFXU",465,465,1,"465"
"cluster_0021","212","PAVJBF",505,505,1,"505"
"cluster_0021","213","PAVJHG",465,465,1,"465"
"cluster_0021","214","PAVJJK",465,465,1,"465"
"cluster_0021","215","PAVJJU",465,465,1,"465"
"cluster_0021","216","PAVJLJ",658,658,1,"658"
"cluster_0021","217","PAVJLJ",505,505,1,"505"
"cluster_0021","218","PAVJLJ",437,437,1,"437"
"cluster_0021","219","PAVJLJ",242,242,1,"242"
"cluster_0021","220","PAVJNX",505,505,1,"505"
"cluster_0021","221","PAVKWV",465,465,1,"465"
"cluster_0021","222","PAVLCX",479,479,1,"479"
"cluster_0021","223","PAVLMX",465,465,1,"465"
"cluster_0021","224","PAVLMY",505,505,1,"505"
"cluster_0021","225","PAVLMY",317,317,1,"317"
"cluster_0021","226","PAVMPB",465,465,1,"465"
"cluster_0021","227","PAVMZJ",425,425,1,"425"
"cluster_0021","228","PAVNDL",465,465,1,"465"
"cluster_0021","315","PAVNSM",465,465,1,"465"
"cluster_0021","229","PAVNWE",479,479,1,"479"
"cluster_0021","230","PAVPCZ",465,465,1,"465"
"cluster_0021","231","PAVPLD",479,479,1,"479"
"cluster_0021","232","PAVPLN",505,505,1,"505"
"cluster_0021","233","PAVRAP",479,479,1,"479"
"cluster_0021","234","PAVRDC",479,479,1,"479"
"cluster_0021","235","PAVRLH",479,479,1,"479"
"cluster_0021","236","PAVRLN",463,463,1,"463"
"cluster_0021","237","PAVRLN",441,441,1,"441"
"cluster_0021","238","PAVRTX",505,505,1,"505"
"cluster_0021","239","PAVRWC",479,479,1,"479"
"cluster_0021","240","PAVSHE",465,465,1,"465"
"cluster_0021","241","PAVUFK",423,423,1,"423"
"cluster_0021","242","PAVUTN",689,689,1,"689"
"cluster_0021","243","PAVUVZ",465,465,1,"465"
"cluster_0021","244","PAVVDS",689,689,1,"689"
"cluster_0021","245","PAVVEI",465,465,1,"465"
"cluster_0021","246","PAVVHL",465,465,1,"465"
"cluster_0021","247","PAVVVF",505,505,1,"505"
"cluster_0021","248","PAVWDF",465,465,1,"465"
"cluster_0021","249","PAVWWF",479,479,1,"479"
"cluster_0021","250","PAVXBS",465,465,1,"465"
"cluster_0021","251","PAVXPD",465,465,1,"465"
"cluster_0021","4","PAVXTB",505,505,1,"505"
"cluster_0021","252","PAVXYS",465,465,1,"465"
"cluster_0021","253","PAVXYS",465,465,1,"465"
"cluster_0021","2","PAVYDR",423,423,1,"423"
"cluster_0021","254","PAVYTZ",465,465,1,"465"
"cluster_0021","255","PAVZJI",465,465,1,"465"
"cluster_0021","256","PAVZKL",689,689,1,"689"
"cluster_0021","257","PAVZLS",689,689,1,"689"
"cluster_0021","258","PAWAIH",465,465,1,"465"
"cluster_0021","259","PAWAMR",465,465,1,"465"
"cluster_0021","260","PAWAMT",465,465,1,"465"
"cluster_0021","261","PAWAMT",423,423,1,"423"
"cluster_0021","262","PAWAMT",422,422,1,"422"
"cluster_0021","263","PAWDMI",465,465,1,"465"
"cluster_0021","264","PAWETD",505,505,1,"505"
"cluster_0021","316","PAWEUB",278,278,1,"278"
"cluster_0021","265","PAWFRE",556,556,1,"556"
"cluster_0021","266","PAWFYE",441,441,1,"441"
"cluster_0021","267","PAWGHS",465,465,1,"465"
"cluster_0021","268","PAWGPI",465,465,1,"465"
"cluster_0021","269","PAWGWC",479,479,1,"479"
"cluster_0021","270","PAWGXI",423,423,1,"423"
"cluster_0021","271","PAWGXW",465,465,1,"465"
"cluster_0021","272","PAWGYU",465,465,1,"465"
"cluster_0021","273","PAWHGU",465,465,1,"465"
"cluster_0021","274","PAWHIG",477,477,1,"477"
"cluster_0021","275","PAWHIG",465,465,1,"465"
"cluster_0021","276","PAWHRW",505,505,1,"505"
"cluster_0021","322","PAWIGC",479,479,1,"479"
"cluster_0021","277","PAWIPA",465,465,1,"465"
"cluster_0021","278","PAWIWN",505,505,1,"505"
"cluster_0021","279","PAWIWN",465,465,1,"465"
"cluster_0021","280","PAWIXS",505,505,1,"505"
"cluster_0021","281","PAWJJC",479,479,1,"479"
"cluster_0021","282","PAWJKL",477,477,1,"477"
"cluster_0021","283","PAWJKX",479,479,1,"479"
"cluster_0021","284","PAWJVB",465,465,1,"465"
"cluster_0021","285","PAWKAN",465,465,1,"465"
"cluster_0021","286","PAWKKF",425,425,1,"425"
"cluster_0021","287","PAWKSC",465,465,1,"465"
"cluster_0021","317","PAWKXN",505,505,1,"505"
"cluster_0021","288","PAWKYL",479,479,1,"479"
"cluster_0021","289","PAWKZX",505,505,1,"505"
"cluster_0021","290","PAWKZZ",465,465,1,"465"
"cluster_0021","291","PAWLFC",465,465,1,"465"
"cluster_0021","318","PAWLSM",479,479,1,"479"
"cluster_0021","292","PAWLYX",423,423,1,"423"
"cluster_0022","10","PARIZN",689,689,1,"689"
"cluster_0022","14","PARJXW",689,689,1,"689"
"cluster_0022","298","PARTFR",689,689,1,"689"
"cluster_0022","324","PARTUK",689,689,1,"689"
"cluster_0022","33","PARWTI",689,689,1,"689"
"cluster_0022","39","PASGUH",689,689,1,"689"
"cluster_0022","44","PASIIY",689,689,1,"689"
"cluster_0022","46","PASJLN",689,689,1,"689"
"cluster_0022","73","PASWNU",670,670,1,"670"
"cluster_0022","95","PATEAK",689,689,1,"689"
"cluster_0022","96","PATEAK",689,689,1,"689"
"cluster_0022","113","PATKHZ",689,689,1,"689"
"cluster_0022","137","PATZYE",689,689,1,"689"
"cluster_0022","309","PAUCIB",689,689,1,"689"
"cluster_0022","312","PAUFGV",670,670,1,"670"
"cluster_0022","150","PAUGEJ",689,689,1,"689"
"cluster_0022","160","PAUKIF",689,689,1,"689"
"cluster_0022","162","PAUKTD",689,689,1,"689"
"cluster_0022","170","PAUPFF",689,689,1,"689"
"cluster_0022","171","PAURCM",689,689,1,"689"
"cluster_0022","188","PAUVTP",689,689,1,"689"
"cluster_0022","199","PAVAWP",689,689,1,"689"
"cluster_0022","207","PAVEUZ",689,689,1,"689"
"cluster_0022","242","PAVUTN",689,689,1,"689"
"cluster_0022","244","PAVVDS",689,689,1,"689"
"cluster_0022","256","PAVZKL",689,689,1,"689"
"cluster_0022","257","PAVZLS",689,689,1,"689"
"cluster_0023","8","PARHES",425,425,1,"425"
"cluster_0023","18","PARLIB",423,423,1,"423"
"cluster_0023","25","PARMRF",441,441,1,"441"
"cluster_0023","38","PASGKL",437,437,1,"437"
"cluster_0023","299","PASGMR",426,426,1,"426"
"cluster_0023","42","PASHNK",423,423,1,"423"
"cluster_0023","82","PATALJ",423,423,1,"423"
"cluster_0023","88","PATCZN",423,423,1,"423"
"cluster_0023","105","PATISS",441,441,1,"441"
"cluster_0023","147","PAUEZV",423,423,1,"423"
"cluster_0023","157","PAUIXW",423,423,1,"423"
"cluster_0023","182","PAUTRX",422,422,1,"422"
"cluster_0023","184","PAUTSB",423,423,1,"423"
"cluster_0023","218","PAVJLJ",437,437,1,"437"
"cluster_0023","227","PAVMZJ",425,425,1,"425"
"cluster_0023","236","PAVRLN",463,463,1,"463"
"cluster_0023","237","PAVRLN",441,441,1,"441"
"cluster_0023","241","PAVUFK",423,423,1,"423"
"cluster_0023","2","PAVYDR",423,423,1,"423"
"cluster_0023","261","PAWAMT",423,423,1,"423"
"cluster_0023","262","PAWAMT",422,422,1,"422"
"cluster_0023","266","PAWFYE",441,441,1,"441"
"cluster_0023","270","PAWGXI",423,423,1,"423"
"cluster_0023","286","PAWKKF",425,425,1,"425"
"cluster_0023","292","PAWLYX",423,423,1,"423"
"cluster_0024","10","PARIZN",689,689,1,"689"
"cluster_0024","14","PARJXW",689,689,1,"689"
"cluster_0024","298","PARTFR",689,689,1,"689"
"cluster_0024","324","PARTUK",689,689,1,"689"
"cluster_0024","33","PARWTI",689,689,1,"689"
"cluster_0024","39","PASGUH",689,689,1,"689"
"cluster_0024","44","PASIIY",689,689,1,"689"
"cluster_0024","46","PASJLN",689,689,1,"689"
"cluster_0024","60","PASRTM",385,385,1,"385"
"cluster_0024","73","PASWNU",670,670,1,"670"
"cluster_0024","95","PATEAK",689,689,1,"689"
"cluster_0024","96","PATEAK",689,689,1,"689"
"cluster_0024","113","PATKHZ",689,689,1,"689"
"cluster_0024","137","PATZYE",689,689,1,"689"
"cluster_0024","309","PAUCIB",689,689,1,"689"
"cluster_0024","312","PAUFGV",670,670,1,"670"
"cluster_0024","149","PAUGDZ",673,673,1,"673"
"cluster_0024","150","PAUGEJ",689,689,1,"689"
"cluster_0024","160","PAUKIF",689,689,1,"689"
"cluster_0024","161","PAUKMA",385,385,1,"385"
"cluster_0024","162","PAUKTD",689,689,1,"689"
"cluster_0024","170","PAUPFF",689,689,1,"689"
"cluster_0024","171","PAURCM",689,689,1,"689"
"cluster_0024","188","PAUVTP",689,689,1,"689"
"cluster_0024","199","PAVAWP",689,689,1,"689"
"cluster_0024","207","PAVEUZ",689,689,1,"689"
"cluster_0024","242","PAVUTN",689,689,1,"689"
"cluster_0024","244","PAVVDS",689,689,1,"689"
"cluster_0024","256","PAVZKL",689,689,1,"689"
"cluster_0024","257","PAVZLS",689,689,1,"689"
"cluster_0025","8","PARHES",425,425,1,"425"
"cluster_0025","18","PARLIB",423,423,1,"423"
"cluster_0025","299","PASGMR",426,426,1,"426"
"cluster_0025","42","PASHNK",423,423,1,"423"
"cluster_0025","82","PATALJ",423,423,1,"423"
"cluster_0025","88","PATCZN",423,423,1,"423"
"cluster_0025","305","PATXTA",419,419,1,"419"
"cluster_0025","147","PAUEZV",423,423,1,"423"
"cluster_0025","157","PAUIXW",423,423,1,"423"
"cluster_0025","182","PAUTRX",422,422,1,"422"
"cluster_0025","184","PAUTSB",423,423,1,"423"
"cluster_0025","227","PAVMZJ",425,425,1,"425"
"cluster_0025","241","PAVUFK",423,423,1,"423"
"cluster_0025","2","PAVYDR",423,423,1,"423"
"cluster_0025","261","PAWAMT",423,423,1,"423"
"cluster_0025","262","PAWAMT",422,422,1,"422"
"cluster_0025","270","PAWGXI",423,423,1,"423"
"cluster_0025","286","PAWKKF",425,425,1,"425"
"cluster_0025","292","PAWLYX",423,423,1,"423"
"cluster_0026","18","PARLIB",423,423,1,"423"
"cluster_0026","25","PARMRF",441,441,1,"441"
"cluster_0026","42","PASHNK",423,423,1,"423"
"cluster_0026","82","PATALJ",423,423,1,"423"
"cluster_0026","88","PATCZN",423,423,1,"423"
"cluster_0026","105","PATISS",441,441,1,"441"
"cluster_0026","147","PAUEZV",423,423,1,"423"
"cluster_0026","157","PAUIXW",423,423,1,"423"
"cluster_0026","182","PAUTRX",422,422,1,"422"
"cluster_0026","184","PAUTSB",423,423,1,"423"
"cluster_0026","236","PAVRLN",463,463,1,"463"
"cluster_0026","237","PAVRLN",441,441,1,"441"
"cluster_0026","241","PAVUFK",423,423,1,"423"
"cluster_0026","2","PAVYDR",423,423,1,"423"
"cluster_0026","261","PAWAMT",423,423,1,"423"
"cluster_0026","262","PAWAMT",422,422,1,"422"
"cluster_0026","266","PAWFYE",441,441,1,"441"
"cluster_0026","270","PAWGXI",423,423,1,"423"
"cluster_0026","292","PAWLYX",423,423,1,"423"
"cluster_0027","8","PARHES",425,425,1,"425"
"cluster_0027","18","PARLIB",423,423,1,"423"
"cluster_0027","295","PARMED",444,444,1,"444"
"cluster_0027","25","PARMRF",441,441,1,"441"
"cluster_0027","38","PASGKL",437,437,1,"437"
"cluster_0027","299","PASGMR",426,426,1,"426"
"cluster_0027","42","PASHNK",423,423,1,"423"
"cluster_0027","82","PATALJ",423,423,1,"423"
"cluster_0027","88","PATCZN",423,423,1,"423"
"cluster_0027","105","PATISS",441,441,1,"441"
"cluster_0027","305","PATXTA",419,419,1,"419"
"cluster_0027","147","PAUEZV",423,423,1,"423"
"cluster_0027","157","PAUIXW",423,423,1,"423"
"cluster_0027","182","PAUTRX",422,422,1,"422"
"cluster_0027","184","PAUTSB",423,423,1,"423"
"cluster_0027","218","PAVJLJ",437,437,1,"437"
"cluster_0027","227","PAVMZJ",425,425,1,"425"
"cluster_0027","237","PAVRLN",441,441,1,"441"
"cluster_0027","241","PAVUFK",423,423,1,"423"
"cluster_0027","2","PAVYDR",423,423,1,"423"
"cluster_0027","261","PAWAMT",423,423,1,"423"
"cluster_0027","262","PAWAMT",422,422,1,"422"
"cluster_0027","266","PAWFYE",441,441,1,"441"
"cluster_0027","270","PAWGXI",423,423,1,"423"
"cluster_0027","286","PAWKKF",425,425,1,"425"
"cluster_0027","292","PAWLYX",423,423,1,"423"
"cluster_0028","18","PARLIB",423,423,1,"423"
"cluster_0028","42","PASHNK",423,423,1,"423"
"cluster_0028","82","PATALJ",423,423,1,"423"
"cluster_0028","88","PATCZN",423,423,1,"423"
"cluster_0028","305","PATXTA",419,419,1,"419"
"cluster_0028","147","PAUEZV",423,423,1,"423"
"cluster_0028","157","PAUIXW",423,423,1,"423"
"cluster_0028","182","PAUTRX",422,422,1,"422"
"cluster_0028","184","PAUTSB",423,423,1,"423"
"cluster_0028","241","PAVUFK",423,423,1,"423"
"cluster_0028","2","PAVYDR",423,423,1,"423"
"cluster_0028","261","PAWAMT",423,423,1,"423"
"cluster_0028","262","PAWAMT",422,422,1,"422"
"cluster_0028","270","PAWGXI",423,423,1,"423"
"cluster_0028","292","PAWLYX",423,423,1,"423"
"cluster_0029","8","PARHES",425,425,1,"425"
"cluster_0029","18","PARLIB",423,423,1,"423"
"cluster_0029","295","PARMED",444,444,1,"444"
"cluster_0029","25","PARMRF",441,441,1,"441"
"cluster_0029","38","PASGKL",437,437,1,"437"
"cluster_0029","299","PASGMR",426,426,1,"426"
"cluster_0029","42","PASHNK",423,423,1,"423"
"cluster_0029","82","PATALJ",423,423,1,"423"
"cluster_0029","88","PATCZN",423,423,1,"423"
"cluster_0029","105","PATISS",441,441,1,"441"
"cluster_0029","305","PATXTA",419,419,1,"419"
"cluster_0029","147","PAUEZV",423,423,1,"423"
"cluster_0029","157","PAUIXW",423,423,1,"423"
"cluster_0029","182","PAUTRX",422,422,1,"422"
"cluster_0029","184","PAUTSB",423,423,1,"423"
"cluster_0029","218","PAVJLJ",437,437,1,"437"
"cluster_0029","227","PAVMZJ",425,425,1,"425"
"cluster_0029","236","PAVRLN",463,463,1,"463"
"cluster_0029","237","PAVRLN",441,441,1,"441"
"cluster_0029","241","PAVUFK",423,423,1,"423"
"cluster_0029","2","PAVYDR",423,423,1,"423"
"cluster_0029","261","PAWAMT",423,423,1,"423"
"cluster_0029","262","PAWAMT",422,422,1,"422"
"cluster_0029","266","PAWFYE",441,441,1,"441"
"cluster_0029","270","PAWGXI",423,423,1,"423"
"cluster_0029","286","PAWKKF",425,425,1,"425"
"cluster_0029","292","PAWLYX",423,423,1,"423"
"cluster_0030","10","PARIZN",689,689,1,"689"
"cluster_0030","14","PARJXW",689,689,1,"689"
"cluster_0030","298","PARTFR",689,689,1,"689"
"cluster_0030","324","PARTUK",689,689,1,"689"
"cluster_0030","33","PARWTI",689,689,1,"689"
"cluster_0030","39","PASGUH",689,689,1,"689"
"cluster_0030","44","PASIIY",689,689,1,"689"
"cluster_0030","46","PASJLN",689,689,1,"689"
"cluster_0030","73","PASWNU",670,670,1,"670"
"cluster_0030","95","PATEAK",689,689,1,"689"
"cluster_0030","96","PATEAK",689,689,1,"689"
"cluster_0030","113","PATKHZ",689,689,1,"689"
"cluster_0030","137","PATZYE",689,689,1,"689"
"cluster_0030","309","PAUCIB",689,689,1,"689"
"cluster_0030","312","PAUFGV",670,670,1,"670"
"cluster_0030","149","PAUGDZ",673,673,1,"673"
"cluster_0030","150","PAUGEJ",689,689,1,"689"
"cluster_0030","160","PAUKIF",689,689,1,"689"
"cluster_0030","162","PAUKTD",689,689,1,"689"
"cluster_0030","170","PAUPFF",689,689,1,"689"
"cluster_0030","171","PAURCM",689,689,1,"689"
"cluster_0030","188","PAUVTP",689,689,1,"689"
"cluster_0030","199","PAVAWP",689,689,1,"689"
"cluster_0030","207","PAVEUZ",689,689,1,"689"
"cluster_0030","216","PAVJLJ",658,658,1,"658"
"cluster_0030","242","PAVUTN",689,689,1,"689"
"cluster_0030","244","PAVVDS",689,689,1,"689"
"cluster_0030","256","PAVZKL",689,689,1,"689"
"cluster_0030","257","PAVZLS",689,689,1,"689"
"cluster_0031","75","PASWNU",278,278,1,"278"
"cluster_0031","103","PATHSL",278,278,1,"278"
"cluster_0031","316","PAWEUB",278,278,1,"278"
"cluster_0032","60","PASRTM",385,385,1,"385"
"cluster_0032","161","PAUKMA",385,385,1,"385"
"cluster_0033","182","PAUTRX",422,422,1,"422"
"cluster_0033","262","PAWAMT",422,422,1,"422"
"cluster_0034","8","PARHES",425,425,1,"425"
"cluster_0034","227","PAVMZJ",425,425,1,"425"
"cluster_0034","286","PAWKKF",425,425,1,"425"
"cluster_0035","38","PASGKL",437,437,1,"437"
"cluster_0035","218","PAVJLJ",437,437,1,"437"
"cluster_0036","25","PARMRF",441,441,1,"441"
"cluster_0036","105","PATISS",441,441,1,"441"
"cluster_0036","237","PAVRLN",441,441,1,"441"
"cluster_0036","266","PAWFYE",441,441,1,"441"
"cluster_0037","274","PAWHIG",477,477,1,"477"
"cluster_0037","282","PAWJKL",477,477,1,"477"
"cluster_0038","51","PASKWG",564,564,1,"564"
"cluster_0038","126","PATTHM",564,564,1,"564"
"cluster_0038","186","PAUTWN",564,564,1,"564"
"cluster_0039","72","PASWBJ",611,611,1,"611"
"cluster_0039","183","PAUTSB",611,611,1,"611"
"cluster_0040","73","PASWNU",670,670,1,"670"
"cluster_0040","312","PAUFGV",670,670,1,"670"
"cluster_0041","8","PARHES",425,425,1,"425"
"cluster_0041","299","PASGMR",426,426,1,"426"
"cluster_0041","227","PAVMZJ",425,425,1,"425"
"cluster_0041","286","PAWKKF",425,425,1,"425"
"cluster_0042","25","PARMRF",441,441,1,"441"
"cluster_0042","105","PATISS",441,441,1,"441"
"cluster_0042","236","PAVRLN",463,463,1,"463"
"cluster_0042","237","PAVRLN",441,441,1,"441"
"cluster_0042","266","PAWFYE",441,441,1,"441"
"cluster_0043","51","PASKWG",564,564,1,"564"
"cluster_0043","126","PATTHM",564,564,1,"564"
"cluster_0043","186","PAUTWN",564,564,1,"564"
"cluster_0043","265","PAWFRE",556,556,1,"556"
"cluster_0044","8","PARHES",425,425,1,"425"
"cluster_0044","38","PASGKL",437,437,1,"437"
"cluster_0044","299","PASGMR",426,426,1,"426"
"cluster_0044","218","PAVJLJ",437,437,1,"437"
"cluster_0044","227","PAVMZJ",425,425,1,"425"
"cluster_0044","286","PAWKKF",425,425,1,"425"
"cluster_0045","166","PAUMKW",321,321,1,"321"
"cluster_0045","225","PAVLMY",317,317,1,"317"
"cluster_0046","60","PASRTM",385,385,1,"385"
"cluster_0046","149","PAUGDZ",673,673,1,"673"
"cluster_0046","161","PAUKMA",385,385,1,"385"
"cluster_0047","295","PARMED",444,444,1,"444"
"cluster_0047","305","PATXTA",419,419,1,"419"
"cluster_0048","73","PASWNU",670,670,1,"670"
"cluster_0048","312","PAUFGV",670,670,1,"670"
"cluster_0048","149","PAUGDZ",673,673,1,"673"
"cluster_0049","295","PARMED",444,444,1,"444"
"cluster_0049","25","PARMRF",441,441,1,"441"
"cluster_0049","38","PASGKL",437,437,1,"437"
"cluster_0049","105","PATISS",441,441,1,"441"
"cluster_0049","218","PAVJLJ",437,437,1,"437"
"cluster_0049","237","PAVRLN",441,441,1,"441"
"cluster_0049","266","PAWFYE",441,441,1,"441"
"cluster_0050","295","PARMED",444,444,1,"444"
"cluster_0050","25","PARMRF",441,441,1,"441"
"cluster_0050","105","PATISS",441,441,1,"441"
"cluster_0050","237","PAVRLN",441,441,1,"441"
"cluster_0050","266","PAWFYE",441,441,1,"441"
"cluster_0051","51","PASKWG",564,564,1,"564"
"cluster_0051","126","PATTHM",564,564,1,"564"
"cluster_0051","174","PAURSX",544,544,1,"544"
"cluster_0051","186","PAUTWN",564,564,1,"564"
"cluster_0051","265","PAWFRE",556,556,1,"556"
"cluster_0052","122","PATRGV",526,526,1,"526"
"cluster_0052","174","PAURSX",544,544,1,"544"
"cluster_0053","75","PASWNU",278,278,1,"278"
"cluster_0053","103","PATHSL",278,278,1,"278"
"cluster_0053","3","PAUXAB",268,268,1,"268"
"cluster_0053","316","PAWEUB",278,278,1,"278"
"cluster_0054","60","PASRTM",385,385,1,"385"
"cluster_0054","90","PATDBC",393,393,1,"393"
"cluster_0054","161","PAUKMA",385,385,1,"385"
"cluster_0055","51","PASKWG",564,564,1,"564"
"cluster_0055","122","PATRGV",526,526,1,"526"
"cluster_0055","126","PATTHM",564,564,1,"564"
"cluster_0055","174","PAURSX",544,544,1,"544"
"cluster_0055","186","PAUTWN",564,564,1,"564"
"cluster_0055","265","PAWFRE",556,556,1,"556"
"cluster_0056","73","PASWNU",670,670,1,"670"
"cluster_0056","312","PAUFGV",670,670,1,"670"
"cluster_0056","149","PAUGDZ",673,673,1,"673"
"cluster_0056","216","PAVJLJ",658,658,1,"658"
"cluster_0057","75","PASWNU",278,278,1,"278"
"cluster_0057","103","PATHSL",278,278,1,"278"
"cluster_0057","3","PAUXAB",268,268,1,"268"
"cluster_0057","219","PAVJLJ",242,242,1,"242"
"cluster_0057","316","PAWEUB",278,278,1,"278"
"cluster_0058","51","PASKWG",564,564,1,"564"
"cluster_0058","72","PASWBJ",611,611,1,"611"
"cluster_0058","122","PATRGV",526,526,1,"526"
"cluster_0058","126","PATTHM",564,564,1,"564"
"cluster_0058","174","PAURSX",544,544,1,"544"
"cluster_0058","183","PAUTSB",611,611,1,"611"
"cluster_0058","186","PAUTWN",564,564,1,"564"
"cluster_0058","265","PAWFRE",556,556,1,"556"
"cluster_0059","8","PARHES",425,425,1,"425"
"cluster_0059","18","PARLIB",423,423,1,"423"
"cluster_0059","295","PARMED",444,444,1,"444"
"cluster_0059","25","PARMRF",441,441,1,"441"
"cluster_0059","38","PASGKL",437,437,1,"437"
"cluster_0059","299","PASGMR",426,426,1,"426"
"cluster_0059","42","PASHNK",423,423,1,"423"
"cluster_0059","60","PASRTM",385,385,1,"385"
"cluster_0059","82","PATALJ",423,423,1,"423"
"cluster_0059","88","PATCZN",423,423,1,"423"
"cluster_0059","90","PATDBC",393,393,1,"393"
"cluster_0059","105","PATISS",441,441,1,"441"
"cluster_0059","305","PATXTA",419,419,1,"419"
"cluster_0059","147","PAUEZV",423,423,1,"423"
"cluster_0059","157","PAUIXW",423,423,1,"423"
"cluster_0059","161","PAUKMA",385,385,1,"385"
"cluster_0059","182","PAUTRX",422,422,1,"422"
"cluster_0059","184","PAUTSB",423,423,1,"423"
"cluster_0059","218","PAVJLJ",437,437,1,"437"
"cluster_0059","227","PAVMZJ",425,425,1,"425"
"cluster_0059","237","PAVRLN",441,441,1,"441"
"cluster_0059","241","PAVUFK",423,423,1,"423"
"cluster_0059","2","PAVYDR",423,423,1,"423"
"cluster_0059","261","PAWAMT",423,423,1,"423"
"cluster_0059","262","PAWAMT",422,422,1,"422"
"cluster_0059","266","PAWFYE",441,441,1,"441"
"cluster_0059","270","PAWGXI",423,423,1,"423"
"cluster_0059","286","PAWKKF",425,425,1,"425"
"cluster_0059","292","PAWLYX",423,423,1,"423"
"cluster_0060","10","PARIZN",689,689,1,"689"
"cluster_0060","14","PARJXW",689,689,1,"689"
"cluster_0060","298","PARTFR",689,689,1,"689"
"cluster_0060","324","PARTUK",689,689,1,"689"
"cluster_0060","33","PARWTI",689,689,1,"689"
"cluster_0060","39","PASGUH",689,689,1,"689"
"cluster_0060","44","PASIIY",689,689,1,"689"
"cluster_0060","46","PASJLN",689,689,1,"689"
"cluster_0060","60","PASRTM",385,385,1,"385"
"cluster_0060","73","PASWNU",670,670,1,"670"
"cluster_0060","95","PATEAK",689,689,1,"689"
"cluster_0060","96","PATEAK",689,689,1,"689"
"cluster_0060","113","PATKHZ",689,689,1,"689"
"cluster_0060","137","PATZYE",689,689,1,"689"
"cluster_0060","309","PAUCIB",689,689,1,"689"
"cluster_0060","312","PAUFGV",670,670,1,"670"
"cluster_0060","149","PAUGDZ",673,673,1,"673"
"cluster_0060","150","PAUGEJ",689,689,1,"689"
"cluster_0060","160","PAUKIF",689,689,1,"689"
"cluster_0060","161","PAUKMA",385,385,1,"385"
"cluster_0060","162","PAUKTD",689,689,1,"689"
"cluster_0060","170","PAUPFF",689,689,1,"689"
"cluster_0060","171","PAURCM",689,689,1,"689"
"cluster_0060","188","PAUVTP",689,689,1,"689"
"cluster_0060","199","PAVAWP",689,689,1,"689"
"cluster_0060","207","PAVEUZ",689,689,1,"689"
"cluster_0060","216","PAVJLJ",658,658,1,"658"
"cluster_0060","242","PAVUTN",689,689,1,"689"
"cluster_0060","244","PAVVDS",689,689,1,"689"
"cluster_0060","256","PAVZKL",689,689,1,"689"
"cluster_0060","257","PAVZLS",689,689,1,"689"
"cluster_0061","10","PARIZN",689,689,1,"689"
"cluster_0061","14","PARJXW",689,689,1,"689"
"cluster_0061","298","PARTFR",689,689,1,"689"
"cluster_0061","324","PARTUK",689,689,1,"689"
"cluster_0061","33","PARWTI",689,689,1,"689"
"cluster_0061","39","PASGUH",689,689,1,"689"
"cluster_0061","44","PASIIY",689,689,1,"689"
"cluster_0061","46","PASJLN",689,689,1,"689"
"cluster_0061","60","PASRTM",385,385,1,"385"
"cluster_0061","73","PASWNU",670,670,1,"670"
"cluster_0061","90","PATDBC",393,393,1,"393"
"cluster_0061","95","PATEAK",689,689,1,"689"
"cluster_0061","96","PATEAK",689,689,1,"689"
"cluster_0061","113","PATKHZ",689,689,1,"689"
"cluster_0061","137","PATZYE",689,689,1,"689"
"cluster_0061","309","PAUCIB",689,689,1,"689"
"cluster_0061","312","PAUFGV",670,670,1,"670"
"cluster_0061","149","PAUGDZ",673,673,1,"673"
"cluster_0061","150","PAUGEJ",689,689,1,"689"
"cluster_0061","160","PAUKIF",689,689,1,"689"
"cluster_0061","161","PAUKMA",385,385,1,"385"
"cluster_0061","162","PAUKTD",689,689,1,"689"
"cluster_0061","170","PAUPFF",689,689,1,"689"
"cluster_0061","171","PAURCM",689,689,1,"689"
"cluster_0061","188","PAUVTP",689,689,1,"689"
"cluster_0061","199","PAVAWP",689,689,1,"689"
"cluster_0061","207","PAVEUZ",689,689,1,"689"
"cluster_0061","216","PAVJLJ",658,658,1,"658"
"cluster_0061","242","PAVUTN",689,689,1,"689"
"cluster_0061","244","PAVVDS",689,689,1,"689"
"cluster_0061","256","PAVZKL",689,689,1,"689"
"cluster_0061","257","PAVZLS",689,689,1,"689"
"cluster_0062","10","PARIZN",689,689,1,"689"
"cluster_0062","14","PARJXW",689,689,1,"689"
"cluster_0062","298","PARTFR",689,689,1,"689"
"cluster_0062","324","PARTUK",689,689,1,"689"
"cluster_0062","33","PARWTI",689,689,1,"689"
"cluster_0062","39","PASGUH",689,689,1,"689"
"cluster_0062","44","PASIIY",689,689,1,"689"
"cluster_0062","46","PASJLN",689,689,1,"689"
"cluster_0062","72","PASWBJ",611,611,1,"611"
"cluster_0062","73","PASWNU",670,670,1,"670"
"cluster_0062","95","PATEAK",689,689,1,"689"
"cluster_0062","96","PATEAK",689,689,1,"689"
"cluster_0062","113","PATKHZ",689,689,1,"689"
"cluster_0062","137","PATZYE",689,689,1,"689"
"cluster_0062","309","PAUCIB",689,689,1,"689"
"cluster_0062","312","PAUFGV",670,670,1,"670"
"cluster_0062","149","PAUGDZ",673,673,1,"673"
"cluster_0062","150","PAUGEJ",689,689,1,"689"
"cluster_0062","160","PAUKIF",689,689,1,"689"
"cluster_0062","162","PAUKTD",689,689,1,"689"
"cluster_0062","170","PAUPFF",689,689,1,"689"
"cluster_0062","171","PAURCM",689,689,1,"689"
"cluster_0062","183","PAUTSB",611,611,1,"611"
"cluster_0062","188","PAUVTP",689,689,1,"689"
"cluster_0062","199","PAVAWP",689,689,1,"689"
"cluster_0062","207","PAVEUZ",689,689,1,"689"
"cluster_0062","216","PAVJLJ",658,658,1,"658"
"cluster_0062","242","PAVUTN",689,689,1,"689"
"cluster_0062","244","PAVVDS",689,689,1,"689"
"cluster_0062","256","PAVZKL",689,689,1,"689"
"cluster_0062","257","PAVZLS",689,689,1,"689"
"cluster_0063","10","PARIZN",689,689,1,"689"
"cluster_0063","14","PARJXW",689,689,1,"689"
"cluster_0063","298","PARTFR",689,689,1,"689"
"cluster_0063","324","PARTUK",689,689,1,"689"
"cluster_0063","33","PARWTI",689,689,1,"689"
"cluster_0063","39","PASGUH",689,689,1,"689"
"cluster_0063","44","PASIIY",689,689,1,"689"
"cluster_0063","46","PASJLN",689,689,1,"689"
"cluster_0063","51","PASKWG",564,564,1,"564"
"cluster_0063","60","PASRTM",385,385,1,"385"
"cluster_0063","72","PASWBJ",611,611,1,"611"
"cluster_0063","73","PASWNU",670,670,1,"670"
"cluster_0063","90","PATDBC",393,393,1,"393"
"cluster_0063","95","PATEAK",689,689,1,"689"
"cluster_0063","96","PATEAK",689,689,1,"689"
"cluster_0063","113","PATKHZ",689,689,1,"689"
"cluster_0063","122","PATRGV",526,526,1,"526"
"cluster_0063","126","PATTHM",564,564,1,"564"
"cluster_0063","137","PATZYE",689,689,1,"689"
"cluster_0063","309","PAUCIB",689,689,1,"689"
"cluster_0063","312","PAUFGV",670,670,1,"670"
"cluster_0063","149","PAUGDZ",673,673,1,"673"
"cluster_0063","150","PAUGEJ",689,689,1,"689"
"cluster_0063","160","PAUKIF",689,689,1,"689"
"cluster_0063","161","PAUKMA",385,385,1,"385"
"cluster_0063","162","PAUKTD",689,689,1,"689"
"cluster_0063","170","PAUPFF",689,689,1,"689"
"cluster_0063","171","PAURCM",689,689,1,"689"
"cluster_0063","174","PAURSX",544,544,1,"544"
"cluster_0063","183","PAUTSB",611,611,1,"611"
"cluster_0063","186","PAUTWN",564,564,1,"564"
"cluster_0063","188","PAUVTP",689,689,1,"689"
"cluster_0063","199","PAVAWP",689,689,1,"689"
"cluster_0063","207","PAVEUZ",689,689,1,"689"
"cluster_0063","216","PAVJLJ",658,658,1,"658"
"cluster_0063","242","PAVUTN",689,689,1,"689"
"cluster_0063","244","PAVVDS",689,689,1,"689"
"cluster_0063","256","PAVZKL",689,689,1,"689"
"cluster_0063","257","PAVZLS",689,689,1,"689"
"cluster_0063","265","PAWFRE",556,556,1,"556"
"cluster_0064","75","PASWNU",278,278,1,"278"
"cluster_0064","103","PATHSL",278,278,1,"278"
"cluster_0064","166","PAUMKW",321,321,1,"321"
"cluster_0064","3","PAUXAB",268,268,1,"268"
"cluster_0064","219","PAVJLJ",242,242,1,"242"
"cluster_0064","225","PAVLMY",317,317,1,"317"
"cluster_0064","316","PAWEUB",278,278,1,"278"
