"protein","cluster_id","candidate_key","tree_sources","hotspot_class","significant_1d","significant_3d","significant_any","n_subjects","n_events","n_residues","residues","p_1d_joint","p_3d_joint","p_any_joint","feature_id","annotation_source","source_record_id","annotation_class","feature_category","feature_subcategory","classification_rule","feature_type","feature_name","feature_start","feature_end","feature_segments","relationship","overlap_residues","n_overlap_residues","fraction_cluster_residues_overlapping","fraction_feature_positions_observed_in_cluster","evidence_codes","evidence_ids","source_url"
"JAK3","SNV_cluster_0001","","1D;3D","Sequence-local hotspot also compact in structure",TRUE,TRUE,TRUE,49,49,1,"511",0.010997800439912,0.010997800439912,0.010997800439912,"InterPro:IPR051286:1:570adfd9","InterPro","IPR051286","domain","domain","protein_family","grin3d_annotation_hierarchy_v1:protein_family","family","Janus Kinase (JAK)",11,1101,"11-1101","interval_overlap","511",1,1,0.000917,"database_signature_match","IPR051286","https://www.ebi.ac.uk/interpro/entry/InterPro/IPR051286/"
"JAK3","SNV_cluster_0001","","1D;3D","Sequence-local hotspot also compact in structure",TRUE,TRUE,TRUE,49,49,1,"511",0.010997800439912,0.010997800439912,0.010997800439912,"InterPro:IPR016251:1:1039395f","InterPro","IPR016251","domain","domain","protein_family","grin3d_annotation_hierarchy_v1:protein_family","family","Tyrosine-protein kinase, non-receptor Jak/Tyk2",20,1101,"20-1101","interval_overlap","511",1,1,0.000924,"database_signature_match","IPR016251","https://www.ebi.ac.uk/interpro/entry/InterPro/IPR016251/"
"JAK3","SNV_cluster_0001","","1D;3D","Sequence-local hotspot also compact in structure",TRUE,TRUE,TRUE,49,49,1,"511",0.010997800439912,0.010997800439912,0.010997800439912,"InterPro:IPR036860:1:7cc655e9","InterPro","IPR036860","domain","domain","homologous_superfamily","grin3d_annotation_hierarchy_v1:homologous_superfamily","homologous_superfamily","SH2 domain superfamily",372,538,"372-538","interval_overlap","511",1,1,0.005988,"database_signature_match","IPR036860","https://www.ebi.ac.uk/interpro/entry/InterPro/IPR036860/"
"JAK3","SNV_cluster_0001","","1D;3D","Sequence-local hotspot also compact in structure",TRUE,TRUE,TRUE,49,49,1,"511",0.010997800439912,0.010997800439912,0.010997800439912,"InterPro:IPR011009:1:6ee05de3","InterPro","IPR011009","domain","domain","homologous_superfamily","grin3d_annotation_hierarchy_v1:homologous_superfamily","homologous_superfamily","Protein kinase-like domain superfamily",508,788,"508-788","interval_overlap","511",1,1,0.003559,"database_signature_match","IPR011009","https://www.ebi.ac.uk/interpro/entry/InterPro/IPR011009/"
"JAK3","SNV_cluster_0002","","1D;3D","Sequence-local hotspot also compact in structure",TRUE,TRUE,TRUE,19,19,1,"573",0.010997800439912,0.010997800439912,0.010997800439912,"InterPro:IPR051286:1:570adfd9","InterPro","IPR051286","domain","domain","protein_family","grin3d_annotation_hierarchy_v1:protein_family","family","Janus Kinase (JAK)",11,1101,"11-1101","interval_overlap","573",1,1,0.000917,"database_signature_match","IPR051286","https://www.ebi.ac.uk/interpro/entry/InterPro/IPR051286/"
"JAK3","SNV_cluster_0002","","1D;3D","Sequence-local hotspot also compact in structure",TRUE,TRUE,TRUE,19,19,1,"573",0.010997800439912,0.010997800439912,0.010997800439912,"InterPro:IPR016251:1:1039395f","InterPro","IPR016251","domain","domain","protein_family","grin3d_annotation_hierarchy_v1:protein_family","family","Tyrosine-protein kinase, non-receptor Jak/Tyk2",20,1101,"20-1101","interval_overlap","573",1,1,0.000924,"database_signature_match","IPR016251","https://www.ebi.ac.uk/interpro/entry/InterPro/IPR016251/"
"JAK3","SNV_cluster_0002","","1D;3D","Sequence-local hotspot also compact in structure",TRUE,TRUE,TRUE,19,19,1,"573",0.010997800439912,0.010997800439912,0.010997800439912,"InterPro:IPR011009:1:6ee05de3","InterPro","IPR011009","domain","domain","homologous_superfamily","grin3d_annotation_hierarchy_v1:homologous_superfamily","homologous_superfamily","Protein kinase-like domain superfamily",508,788,"508-788","interval_overlap","573",1,1,0.003559,"database_signature_match","IPR011009","https://www.ebi.ac.uk/interpro/entry/InterPro/IPR011009/"
"JAK3","SNV_cluster_0002","","1D;3D","Sequence-local hotspot also compact in structure",TRUE,TRUE,TRUE,19,19,1,"573",0.010997800439912,0.010997800439912,0.010997800439912,"InterPro:IPR001245:1:6b08f831","InterPro","IPR001245","domain","domain","protein_domain","grin3d_annotation_hierarchy_v1:protein_domain","domain","Serine-threonine/tyrosine-protein kinase, catalytic domain",521,777,"521-777","interval_overlap","573",1,1,0.003891,"database_signature_match","IPR001245","https://www.ebi.ac.uk/interpro/entry/InterPro/IPR001245/"
"JAK3","SNV_cluster_0002","","1D;3D","Sequence-local hotspot also compact in structure",TRUE,TRUE,TRUE,19,19,1,"573",0.010997800439912,0.010997800439912,0.010997800439912,"InterPro:IPR020635:1:6b08f831","InterPro","IPR020635","domain","domain","protein_domain","grin3d_annotation_hierarchy_v1:protein_domain","domain","Tyrosine-protein kinase, catalytic domain",521,777,"521-777","interval_overlap","573",1,1,0.003891,"database_signature_match","IPR020635","https://www.ebi.ac.uk/interpro/entry/InterPro/IPR020635/"
"JAK3","SNV_cluster_0002","","1D;3D","Sequence-local hotspot also compact in structure",TRUE,TRUE,TRUE,19,19,1,"573",0.010997800439912,0.010997800439912,0.010997800439912,"InterPro:IPR000719:1:6b08f8ae","InterPro","IPR000719","domain","domain","protein_domain","grin3d_annotation_hierarchy_v1:protein_domain","domain","Protein kinase domain",521,781,"521-781","interval_overlap","573",1,1,0.003831,"database_signature_match","IPR000719","https://www.ebi.ac.uk/interpro/entry/InterPro/IPR000719/"
"JAK3","SNV_cluster_0002","","1D;3D","Sequence-local hotspot also compact in structure",TRUE,TRUE,TRUE,19,19,1,"573",0.010997800439912,0.010997800439912,0.010997800439912,"UniProtKB:P52333:1806f325","UniProtKB","P52333","domain","domain","protein_domain","grin3d_annotation_hierarchy_v1:protein_domain","Domain","Protein kinase 1",521,781,"521-781","interval_overlap","573",1,1,0.003831,"ECO:0000255","PRU00159","https://www.uniprot.org/uniprotkb/P52333/entry"
"JAK3","SNV_cluster_0003","","1D;3D","Sequence-local hotspot also compact in structure",TRUE,TRUE,TRUE,19,19,1,"657",0.010997800439912,0.010997800439912,0.010997800439912,"InterPro:IPR051286:1:570adfd9","InterPro","IPR051286","domain","domain","protein_family","grin3d_annotation_hierarchy_v1:protein_family","family","Janus Kinase (JAK)",11,1101,"11-1101","interval_overlap","657",1,1,0.000917,"database_signature_match","IPR051286","https://www.ebi.ac.uk/interpro/entry/InterPro/IPR051286/"
"JAK3","SNV_cluster_0003","","1D;3D","Sequence-local hotspot also compact in structure",TRUE,TRUE,TRUE,19,19,1,"657",0.010997800439912,0.010997800439912,0.010997800439912,"InterPro:IPR016251:1:1039395f","InterPro","IPR016251","domain","domain","protein_family","grin3d_annotation_hierarchy_v1:protein_family","family","Tyrosine-protein kinase, non-receptor Jak/Tyk2",20,1101,"20-1101","interval_overlap","657",1,1,0.000924,"database_signature_match","IPR016251","https://www.ebi.ac.uk/interpro/entry/InterPro/IPR016251/"
"JAK3","SNV_cluster_0003","","1D;3D","Sequence-local hotspot also compact in structure",TRUE,TRUE,TRUE,19,19,1,"657",0.010997800439912,0.010997800439912,0.010997800439912,"InterPro:IPR011009:1:6ee05de3","InterPro","IPR011009","domain","domain","homologous_superfamily","grin3d_annotation_hierarchy_v1:homologous_superfamily","homologous_superfamily","Protein kinase-like domain superfamily",508,788,"508-788","interval_overlap","657",1,1,0.003559,"database_signature_match","IPR011009","https://www.ebi.ac.uk/interpro/entry/InterPro/IPR011009/"
"JAK3","SNV_cluster_0003","","1D;3D","Sequence-local hotspot also compact in structure",TRUE,TRUE,TRUE,19,19,1,"657",0.010997800439912,0.010997800439912,0.010997800439912,"InterPro:IPR001245:1:6b08f831","InterPro","IPR001245","domain","domain","protein_domain","grin3d_annotation_hierarchy_v1:protein_domain","domain","Serine-threonine/tyrosine-protein kinase, catalytic domain",521,777,"521-777","interval_overlap","657",1,1,0.003891,"database_signature_match","IPR001245","https://www.ebi.ac.uk/interpro/entry/InterPro/IPR001245/"
"JAK3","SNV_cluster_0003","","1D;3D","Sequence-local hotspot also compact in structure",TRUE,TRUE,TRUE,19,19,1,"657",0.010997800439912,0.010997800439912,0.010997800439912,"InterPro:IPR020635:1:6b08f831","InterPro","IPR020635","domain","domain","protein_domain","grin3d_annotation_hierarchy_v1:protein_domain","domain","Tyrosine-protein kinase, catalytic domain",521,777,"521-777","interval_overlap","657",1,1,0.003891,"database_signature_match","IPR020635","https://www.ebi.ac.uk/interpro/entry/InterPro/IPR020635/"
"JAK3","SNV_cluster_0003","","1D;3D","Sequence-local hotspot also compact in structure",TRUE,TRUE,TRUE,19,19,1,"657",0.010997800439912,0.010997800439912,0.010997800439912,"InterPro:IPR000719:1:6b08f8ae","InterPro","IPR000719","domain","domain","protein_domain","grin3d_annotation_hierarchy_v1:protein_domain","domain","Protein kinase domain",521,781,"521-781","interval_overlap","657",1,1,0.003831,"database_signature_match","IPR000719","https://www.ebi.ac.uk/interpro/entry/InterPro/IPR000719/"
"JAK3","SNV_cluster_0003","","1D;3D","Sequence-local hotspot also compact in structure",TRUE,TRUE,TRUE,19,19,1,"657",0.010997800439912,0.010997800439912,0.010997800439912,"UniProtKB:P52333:1806f325","UniProtKB","P52333","domain","domain","protein_domain","grin3d_annotation_hierarchy_v1:protein_domain","Domain","Protein kinase 1",521,781,"521-781","interval_overlap","657",1,1,0.003831,"ECO:0000255","PRU00159","https://www.uniprot.org/uniprotkb/P52333/entry"
"JAK3","SNV_cluster_0004","","1D;3D","Sequence-local hotspot also compact in structure",TRUE,TRUE,TRUE,6,6,1,"674",0.010997800439912,0.010997800439912,0.010997800439912,"InterPro:IPR051286:1:570adfd9","InterPro","IPR051286","domain","domain","protein_family","grin3d_annotation_hierarchy_v1:protein_family","family","Janus Kinase (JAK)",11,1101,"11-1101","interval_overlap","674",1,1,0.000917,"database_signature_match","IPR051286","https://www.ebi.ac.uk/interpro/entry/InterPro/IPR051286/"
"JAK3","SNV_cluster_0004","","1D;3D","Sequence-local hotspot also compact in structure",TRUE,TRUE,TRUE,6,6,1,"674",0.010997800439912,0.010997800439912,0.010997800439912,"InterPro:IPR016251:1:1039395f","InterPro","IPR016251","domain","domain","protein_family","grin3d_annotation_hierarchy_v1:protein_family","family","Tyrosine-protein kinase, non-receptor Jak/Tyk2",20,1101,"20-1101","interval_overlap","674",1,1,0.000924,"database_signature_match","IPR016251","https://www.ebi.ac.uk/interpro/entry/InterPro/IPR016251/"
"JAK3","SNV_cluster_0004","","1D;3D","Sequence-local hotspot also compact in structure",TRUE,TRUE,TRUE,6,6,1,"674",0.010997800439912,0.010997800439912,0.010997800439912,"InterPro:IPR011009:1:6ee05de3","InterPro","IPR011009","domain","domain","homologous_superfamily","grin3d_annotation_hierarchy_v1:homologous_superfamily","homologous_superfamily","Protein kinase-like domain superfamily",508,788,"508-788","interval_overlap","674",1,1,0.003559,"database_signature_match","IPR011009","https://www.ebi.ac.uk/interpro/entry/InterPro/IPR011009/"
"JAK3","SNV_cluster_0004","","1D;3D","Sequence-local hotspot also compact in structure",TRUE,TRUE,TRUE,6,6,1,"674",0.010997800439912,0.010997800439912,0.010997800439912,"InterPro:IPR001245:1:6b08f831","InterPro","IPR001245","domain","domain","protein_domain","grin3d_annotation_hierarchy_v1:protein_domain","domain","Serine-threonine/tyrosine-protein kinase, catalytic domain",521,777,"521-777","interval_overlap","674",1,1,0.003891,"database_signature_match","IPR001245","https://www.ebi.ac.uk/interpro/entry/InterPro/IPR001245/"
"JAK3","SNV_cluster_0004","","1D;3D","Sequence-local hotspot also compact in structure",TRUE,TRUE,TRUE,6,6,1,"674",0.010997800439912,0.010997800439912,0.010997800439912,"InterPro:IPR020635:1:6b08f831","InterPro","IPR020635","domain","domain","protein_domain","grin3d_annotation_hierarchy_v1:protein_domain","domain","Tyrosine-protein kinase, catalytic domain",521,777,"521-777","interval_overlap","674",1,1,0.003891,"database_signature_match","IPR020635","https://www.ebi.ac.uk/interpro/entry/InterPro/IPR020635/"
"JAK3","SNV_cluster_0004","","1D;3D","Sequence-local hotspot also compact in structure",TRUE,TRUE,TRUE,6,6,1,"674",0.010997800439912,0.010997800439912,0.010997800439912,"InterPro:IPR000719:1:6b08f8ae","InterPro","IPR000719","domain","domain","protein_domain","grin3d_annotation_hierarchy_v1:protein_domain","domain","Protein kinase domain",521,781,"521-781","interval_overlap","674",1,1,0.003831,"database_signature_match","IPR000719","https://www.ebi.ac.uk/interpro/entry/InterPro/IPR000719/"
"JAK3","SNV_cluster_0004","","1D;3D","Sequence-local hotspot also compact in structure",TRUE,TRUE,TRUE,6,6,1,"674",0.010997800439912,0.010997800439912,0.010997800439912,"UniProtKB:P52333:1806f325","UniProtKB","P52333","domain","domain","protein_domain","grin3d_annotation_hierarchy_v1:protein_domain","Domain","Protein kinase 1",521,781,"521-781","interval_overlap","674",1,1,0.003831,"ECO:0000255","PRU00159","https://www.uniprot.org/uniprotkb/P52333/entry"
"JAK3","SNV_cluster_0005","","1D;3D","Sequence-local hotspot also compact in structure",TRUE,TRUE,TRUE,7,7,1,"857",0.010997800439912,0.010997800439912,0.010997800439912,"InterPro:IPR051286:1:570adfd9","InterPro","IPR051286","domain","domain","protein_family","grin3d_annotation_hierarchy_v1:protein_family","family","Janus Kinase (JAK)",11,1101,"11-1101","interval_overlap","857",1,1,0.000917,"database_signature_match","IPR051286","https://www.ebi.ac.uk/interpro/entry/InterPro/IPR051286/"
"JAK3","SNV_cluster_0005","","1D;3D","Sequence-local hotspot also compact in structure",TRUE,TRUE,TRUE,7,7,1,"857",0.010997800439912,0.010997800439912,0.010997800439912,"InterPro:IPR016251:1:1039395f","InterPro","IPR016251","domain","domain","protein_family","grin3d_annotation_hierarchy_v1:protein_family","family","Tyrosine-protein kinase, non-receptor Jak/Tyk2",20,1101,"20-1101","interval_overlap","857",1,1,0.000924,"database_signature_match","IPR016251","https://www.ebi.ac.uk/interpro/entry/InterPro/IPR016251/"
"JAK3","SNV_cluster_0005","","1D;3D","Sequence-local hotspot also compact in structure",TRUE,TRUE,TRUE,7,7,1,"857",0.010997800439912,0.010997800439912,0.010997800439912,"InterPro:IPR011009:2:2f826d53","InterPro","IPR011009","domain","domain","homologous_superfamily","grin3d_annotation_hierarchy_v1:homologous_superfamily","homologous_superfamily","Protein kinase-like domain superfamily",820,1097,"820-1097","interval_overlap","857",1,1,0.003597,"database_signature_match","IPR011009","https://www.ebi.ac.uk/interpro/entry/InterPro/IPR011009/"
"JAK3","SNV_cluster_0005","","1D;3D","Sequence-local hotspot also compact in structure",TRUE,TRUE,TRUE,7,7,1,"857",0.010997800439912,0.010997800439912,0.010997800439912,"InterPro:IPR020635:2:268b045b","InterPro","IPR020635","domain","domain","protein_domain","grin3d_annotation_hierarchy_v1:protein_domain","domain","Tyrosine-protein kinase, catalytic domain",822,1095,"822-1095","interval_overlap","857",1,1,0.00365,"database_signature_match","IPR020635","https://www.ebi.ac.uk/interpro/entry/InterPro/IPR020635/"
"JAK3","SNV_cluster_0005","","1D;3D","Sequence-local hotspot also compact in structure",TRUE,TRUE,TRUE,7,7,1,"857",0.010997800439912,0.010997800439912,0.010997800439912,"InterPro:IPR000719:2:268b4348","InterPro","IPR000719","domain","domain","protein_domain","grin3d_annotation_hierarchy_v1:protein_domain","domain","Protein kinase domain",822,1111,"822-1111","interval_overlap","857",1,1,0.003448,"database_signature_match","IPR000719","https://www.ebi.ac.uk/interpro/entry/InterPro/IPR000719/"
"JAK3","SNV_cluster_0005","","1D;3D","Sequence-local hotspot also compact in structure",TRUE,TRUE,TRUE,7,7,1,"857",0.010997800439912,0.010997800439912,0.010997800439912,"UniProtKB:P52333:424c8d91","UniProtKB","P52333","domain","domain","protein_domain","grin3d_annotation_hierarchy_v1:protein_domain","Domain","Protein kinase 2",822,1111,"822-1111","interval_overlap","857",1,1,0.003448,"ECO:0000255","PRU00159","https://www.uniprot.org/uniprotkb/P52333/entry"
"JAK3","SNV_cluster_0005","","1D;3D","Sequence-local hotspot also compact in structure",TRUE,TRUE,TRUE,7,7,1,"857",0.010997800439912,0.010997800439912,0.010997800439912,"InterPro:IPR001245:2:220f4fdf","InterPro","IPR001245","domain","domain","protein_domain","grin3d_annotation_hierarchy_v1:protein_domain","domain","Serine-threonine/tyrosine-protein kinase, catalytic domain",823,1094,"823-1094","interval_overlap","857",1,1,0.003676,"database_signature_match","IPR001245","https://www.ebi.ac.uk/interpro/entry/InterPro/IPR001245/"
"JAK3","SNV_cluster_0006","","1D;3D","Sequence-local hotspot also compact in structure",TRUE,TRUE,TRUE,20,20,2,"572;573",0.010997800439912,0.010997800439912,0.010997800439912,"InterPro:IPR051286:1:570adfd9","InterPro","IPR051286","domain","domain","protein_family","grin3d_annotation_hierarchy_v1:protein_family","family","Janus Kinase (JAK)",11,1101,"11-1101","interval_overlap","572;573",2,1,0.001833,"database_signature_match","IPR051286","https://www.ebi.ac.uk/interpro/entry/InterPro/IPR051286/"
"JAK3","SNV_cluster_0006","","1D;3D","Sequence-local hotspot also compact in structure",TRUE,TRUE,TRUE,20,20,2,"572;573",0.010997800439912,0.010997800439912,0.010997800439912,"InterPro:IPR016251:1:1039395f","InterPro","IPR016251","domain","domain","protein_family","grin3d_annotation_hierarchy_v1:protein_family","family","Tyrosine-protein kinase, non-receptor Jak/Tyk2",20,1101,"20-1101","interval_overlap","572;573",2,1,0.001848,"database_signature_match","IPR016251","https://www.ebi.ac.uk/interpro/entry/InterPro/IPR016251/"
"JAK3","SNV_cluster_0006","","1D;3D","Sequence-local hotspot also compact in structure",TRUE,TRUE,TRUE,20,20,2,"572;573",0.010997800439912,0.010997800439912,0.010997800439912,"InterPro:IPR011009:1:6ee05de3","InterPro","IPR011009","domain","domain","homologous_superfamily","grin3d_annotation_hierarchy_v1:homologous_superfamily","homologous_superfamily","Protein kinase-like domain superfamily",508,788,"508-788","interval_overlap","572;573",2,1,0.007117,"database_signature_match","IPR011009","https://www.ebi.ac.uk/interpro/entry/InterPro/IPR011009/"
"JAK3","SNV_cluster_0006","","1D;3D","Sequence-local hotspot also compact in structure",TRUE,TRUE,TRUE,20,20,2,"572;573",0.010997800439912,0.010997800439912,0.010997800439912,"InterPro:IPR001245:1:6b08f831","InterPro","IPR001245","domain","domain","protein_domain","grin3d_annotation_hierarchy_v1:protein_domain","domain","Serine-threonine/tyrosine-protein kinase, catalytic domain",521,777,"521-777","interval_overlap","572;573",2,1,0.007782,"database_signature_match","IPR001245","https://www.ebi.ac.uk/interpro/entry/InterPro/IPR001245/"
"JAK3","SNV_cluster_0006","","1D;3D","Sequence-local hotspot also compact in structure",TRUE,TRUE,TRUE,20,20,2,"572;573",0.010997800439912,0.010997800439912,0.010997800439912,"InterPro:IPR020635:1:6b08f831","InterPro","IPR020635","domain","domain","protein_domain","grin3d_annotation_hierarchy_v1:protein_domain","domain","Tyrosine-protein kinase, catalytic domain",521,777,"521-777","interval_overlap","572;573",2,1,0.007782,"database_signature_match","IPR020635","https://www.ebi.ac.uk/interpro/entry/InterPro/IPR020635/"
"JAK3","SNV_cluster_0006","","1D;3D","Sequence-local hotspot also compact in structure",TRUE,TRUE,TRUE,20,20,2,"572;573",0.010997800439912,0.010997800439912,0.010997800439912,"InterPro:IPR000719:1:6b08f8ae","InterPro","IPR000719","domain","domain","protein_domain","grin3d_annotation_hierarchy_v1:protein_domain","domain","Protein kinase domain",521,781,"521-781","interval_overlap","572;573",2,1,0.007663,"database_signature_match","IPR000719","https://www.ebi.ac.uk/interpro/entry/InterPro/IPR000719/"
"JAK3","SNV_cluster_0006","","1D;3D","Sequence-local hotspot also compact in structure",TRUE,TRUE,TRUE,20,20,2,"572;573",0.010997800439912,0.010997800439912,0.010997800439912,"UniProtKB:P52333:1806f325","UniProtKB","P52333","domain","domain","protein_domain","grin3d_annotation_hierarchy_v1:protein_domain","Domain","Protein kinase 1",521,781,"521-781","interval_overlap","572;573",2,1,0.007663,"ECO:0000255","PRU00159","https://www.uniprot.org/uniprotkb/P52333/entry"
"JAK3","SNV_cluster_0007","","1D;3D","Sequence-local hotspot also compact in structure",TRUE,TRUE,TRUE,20,20,2,"657;666",0.010997800439912,0.010997800439912,0.010997800439912,"InterPro:IPR051286:1:570adfd9","InterPro","IPR051286","domain","domain","protein_family","grin3d_annotation_hierarchy_v1:protein_family","family","Janus Kinase (JAK)",11,1101,"11-1101","interval_overlap","657;666",2,1,0.001833,"database_signature_match","IPR051286","https://www.ebi.ac.uk/interpro/entry/InterPro/IPR051286/"
"JAK3","SNV_cluster_0007","","1D;3D","Sequence-local hotspot also compact in structure",TRUE,TRUE,TRUE,20,20,2,"657;666",0.010997800439912,0.010997800439912,0.010997800439912,"InterPro:IPR016251:1:1039395f","InterPro","IPR016251","domain","domain","protein_family","grin3d_annotation_hierarchy_v1:protein_family","family","Tyrosine-protein kinase, non-receptor Jak/Tyk2",20,1101,"20-1101","interval_overlap","657;666",2,1,0.001848,"database_signature_match","IPR016251","https://www.ebi.ac.uk/interpro/entry/InterPro/IPR016251/"
"JAK3","SNV_cluster_0007","","1D;3D","Sequence-local hotspot also compact in structure",TRUE,TRUE,TRUE,20,20,2,"657;666",0.010997800439912,0.010997800439912,0.010997800439912,"InterPro:IPR011009:1:6ee05de3","InterPro","IPR011009","domain","domain","homologous_superfamily","grin3d_annotation_hierarchy_v1:homologous_superfamily","homologous_superfamily","Protein kinase-like domain superfamily",508,788,"508-788","interval_overlap","657;666",2,1,0.007117,"database_signature_match","IPR011009","https://www.ebi.ac.uk/interpro/entry/InterPro/IPR011009/"
"JAK3","SNV_cluster_0007","","1D;3D","Sequence-local hotspot also compact in structure",TRUE,TRUE,TRUE,20,20,2,"657;666",0.010997800439912,0.010997800439912,0.010997800439912,"InterPro:IPR001245:1:6b08f831","InterPro","IPR001245","domain","domain","protein_domain","grin3d_annotation_hierarchy_v1:protein_domain","domain","Serine-threonine/tyrosine-protein kinase, catalytic domain",521,777,"521-777","interval_overlap","657;666",2,1,0.007782,"database_signature_match","IPR001245","https://www.ebi.ac.uk/interpro/entry/InterPro/IPR001245/"
"JAK3","SNV_cluster_0007","","1D;3D","Sequence-local hotspot also compact in structure",TRUE,TRUE,TRUE,20,20,2,"657;666",0.010997800439912,0.010997800439912,0.010997800439912,"InterPro:IPR020635:1:6b08f831","InterPro","IPR020635","domain","domain","protein_domain","grin3d_annotation_hierarchy_v1:protein_domain","domain","Tyrosine-protein kinase, catalytic domain",521,777,"521-777","interval_overlap","657;666",2,1,0.007782,"database_signature_match","IPR020635","https://www.ebi.ac.uk/interpro/entry/InterPro/IPR020635/"
"JAK3","SNV_cluster_0007","","1D;3D","Sequence-local hotspot also compact in structure",TRUE,TRUE,TRUE,20,20,2,"657;666",0.010997800439912,0.010997800439912,0.010997800439912,"InterPro:IPR000719:1:6b08f8ae","InterPro","IPR000719","domain","domain","protein_domain","grin3d_annotation_hierarchy_v1:protein_domain","domain","Protein kinase domain",521,781,"521-781","interval_overlap","657;666",2,1,0.007663,"database_signature_match","IPR000719","https://www.ebi.ac.uk/interpro/entry/InterPro/IPR000719/"
"JAK3","SNV_cluster_0007","","1D;3D","Sequence-local hotspot also compact in structure",TRUE,TRUE,TRUE,20,20,2,"657;666",0.010997800439912,0.010997800439912,0.010997800439912,"UniProtKB:P52333:1806f325","UniProtKB","P52333","domain","domain","protein_domain","grin3d_annotation_hierarchy_v1:protein_domain","Domain","Protein kinase 1",521,781,"521-781","interval_overlap","657;666",2,1,0.007663,"ECO:0000255","PRU00159","https://www.uniprot.org/uniprotkb/P52333/entry"
"JAK3","SNV_cluster_0008","","1D;3D","Sequence-local hotspot also compact in structure",TRUE,TRUE,TRUE,9,9,2,"674;678",0.010997800439912,0.010997800439912,0.010997800439912,"InterPro:IPR051286:1:570adfd9","InterPro","IPR051286","domain","domain","protein_family","grin3d_annotation_hierarchy_v1:protein_family","family","Janus Kinase (JAK)",11,1101,"11-1101","interval_overlap","674;678",2,1,0.001833,"database_signature_match","IPR051286","https://www.ebi.ac.uk/interpro/entry/InterPro/IPR051286/"
"JAK3","SNV_cluster_0008","","1D;3D","Sequence-local hotspot also compact in structure",TRUE,TRUE,TRUE,9,9,2,"674;678",0.010997800439912,0.010997800439912,0.010997800439912,"InterPro:IPR016251:1:1039395f","InterPro","IPR016251","domain","domain","protein_family","grin3d_annotation_hierarchy_v1:protein_family","family","Tyrosine-protein kinase, non-receptor Jak/Tyk2",20,1101,"20-1101","interval_overlap","674;678",2,1,0.001848,"database_signature_match","IPR016251","https://www.ebi.ac.uk/interpro/entry/InterPro/IPR016251/"
"JAK3","SNV_cluster_0008","","1D;3D","Sequence-local hotspot also compact in structure",TRUE,TRUE,TRUE,9,9,2,"674;678",0.010997800439912,0.010997800439912,0.010997800439912,"InterPro:IPR011009:1:6ee05de3","InterPro","IPR011009","domain","domain","homologous_superfamily","grin3d_annotation_hierarchy_v1:homologous_superfamily","homologous_superfamily","Protein kinase-like domain superfamily",508,788,"508-788","interval_overlap","674;678",2,1,0.007117,"database_signature_match","IPR011009","https://www.ebi.ac.uk/interpro/entry/InterPro/IPR011009/"
"JAK3","SNV_cluster_0008","","1D;3D","Sequence-local hotspot also compact in structure",TRUE,TRUE,TRUE,9,9,2,"674;678",0.010997800439912,0.010997800439912,0.010997800439912,"InterPro:IPR001245:1:6b08f831","InterPro","IPR001245","domain","domain","protein_domain","grin3d_annotation_hierarchy_v1:protein_domain","domain","Serine-threonine/tyrosine-protein kinase, catalytic domain",521,777,"521-777","interval_overlap","674;678",2,1,0.007782,"database_signature_match","IPR001245","https://www.ebi.ac.uk/interpro/entry/InterPro/IPR001245/"
"JAK3","SNV_cluster_0008","","1D;3D","Sequence-local hotspot also compact in structure",TRUE,TRUE,TRUE,9,9,2,"674;678",0.010997800439912,0.010997800439912,0.010997800439912,"InterPro:IPR020635:1:6b08f831","InterPro","IPR020635","domain","domain","protein_domain","grin3d_annotation_hierarchy_v1:protein_domain","domain","Tyrosine-protein kinase, catalytic domain",521,777,"521-777","interval_overlap","674;678",2,1,0.007782,"database_signature_match","IPR020635","https://www.ebi.ac.uk/interpro/entry/InterPro/IPR020635/"
"JAK3","SNV_cluster_0008","","1D;3D","Sequence-local hotspot also compact in structure",TRUE,TRUE,TRUE,9,9,2,"674;678",0.010997800439912,0.010997800439912,0.010997800439912,"InterPro:IPR000719:1:6b08f8ae","InterPro","IPR000719","domain","domain","protein_domain","grin3d_annotation_hierarchy_v1:protein_domain","domain","Protein kinase domain",521,781,"521-781","interval_overlap","674;678",2,1,0.007663,"database_signature_match","IPR000719","https://www.ebi.ac.uk/interpro/entry/InterPro/IPR000719/"
"JAK3","SNV_cluster_0008","","1D;3D","Sequence-local hotspot also compact in structure",TRUE,TRUE,TRUE,9,9,2,"674;678",0.010997800439912,0.010997800439912,0.010997800439912,"UniProtKB:P52333:1806f325","UniProtKB","P52333","domain","domain","protein_domain","grin3d_annotation_hierarchy_v1:protein_domain","Domain","Protein kinase 1",521,781,"521-781","interval_overlap","674;678",2,1,0.007663,"ECO:0000255","PRU00159","https://www.uniprot.org/uniprotkb/P52333/entry"
"JAK3","SNV_cluster_0009","","3D","Sequence-local hotspot also compact in structure",TRUE,TRUE,TRUE,65,69,3,"511;572;573",0.010997800439912,0.010997800439912,0.010997800439912,"InterPro:IPR051286:1:570adfd9","InterPro","IPR051286","domain","domain","protein_family","grin3d_annotation_hierarchy_v1:protein_family","family","Janus Kinase (JAK)",11,1101,"11-1101","interval_overlap","511;572;573",3,1,0.00275,"database_signature_match","IPR051286","https://www.ebi.ac.uk/interpro/entry/InterPro/IPR051286/"
"JAK3","SNV_cluster_0009","","3D","Sequence-local hotspot also compact in structure",TRUE,TRUE,TRUE,65,69,3,"511;572;573",0.010997800439912,0.010997800439912,0.010997800439912,"InterPro:IPR016251:1:1039395f","InterPro","IPR016251","domain","domain","protein_family","grin3d_annotation_hierarchy_v1:protein_family","family","Tyrosine-protein kinase, non-receptor Jak/Tyk2",20,1101,"20-1101","interval_overlap","511;572;573",3,1,0.002773,"database_signature_match","IPR016251","https://www.ebi.ac.uk/interpro/entry/InterPro/IPR016251/"
"JAK3","SNV_cluster_0009","","3D","Sequence-local hotspot also compact in structure",TRUE,TRUE,TRUE,65,69,3,"511;572;573",0.010997800439912,0.010997800439912,0.010997800439912,"InterPro:IPR036860:1:7cc655e9","InterPro","IPR036860","domain","domain","homologous_superfamily","grin3d_annotation_hierarchy_v1:homologous_superfamily","homologous_superfamily","SH2 domain superfamily",372,538,"372-538","interval_overlap","511",1,0.333333,0.005988,"database_signature_match","IPR036860","https://www.ebi.ac.uk/interpro/entry/InterPro/IPR036860/"
"JAK3","SNV_cluster_0009","","3D","Sequence-local hotspot also compact in structure",TRUE,TRUE,TRUE,65,69,3,"511;572;573",0.010997800439912,0.010997800439912,0.010997800439912,"InterPro:IPR011009:1:6ee05de3","InterPro","IPR011009","domain","domain","homologous_superfamily","grin3d_annotation_hierarchy_v1:homologous_superfamily","homologous_superfamily","Protein kinase-like domain superfamily",508,788,"508-788","interval_overlap","511;572;573",3,1,0.010676,"database_signature_match","IPR011009","https://www.ebi.ac.uk/interpro/entry/InterPro/IPR011009/"
"JAK3","SNV_cluster_0009","","3D","Sequence-local hotspot also compact in structure",TRUE,TRUE,TRUE,65,69,3,"511;572;573",0.010997800439912,0.010997800439912,0.010997800439912,"InterPro:IPR001245:1:6b08f831","InterPro","IPR001245","domain","domain","protein_domain","grin3d_annotation_hierarchy_v1:protein_domain","domain","Serine-threonine/tyrosine-protein kinase, catalytic domain",521,777,"521-777","interval_overlap","572;573",2,0.666667,0.007782,"database_signature_match","IPR001245","https://www.ebi.ac.uk/interpro/entry/InterPro/IPR001245/"
"JAK3","SNV_cluster_0009","","3D","Sequence-local hotspot also compact in structure",TRUE,TRUE,TRUE,65,69,3,"511;572;573",0.010997800439912,0.010997800439912,0.010997800439912,"InterPro:IPR020635:1:6b08f831","InterPro","IPR020635","domain","domain","protein_domain","grin3d_annotation_hierarchy_v1:protein_domain","domain","Tyrosine-protein kinase, catalytic domain",521,777,"521-777","interval_overlap","572;573",2,0.666667,0.007782,"database_signature_match","IPR020635","https://www.ebi.ac.uk/interpro/entry/InterPro/IPR020635/"
"JAK3","SNV_cluster_0009","","3D","Sequence-local hotspot also compact in structure",TRUE,TRUE,TRUE,65,69,3,"511;572;573",0.010997800439912,0.010997800439912,0.010997800439912,"InterPro:IPR000719:1:6b08f8ae","InterPro","IPR000719","domain","domain","protein_domain","grin3d_annotation_hierarchy_v1:protein_domain","domain","Protein kinase domain",521,781,"521-781","interval_overlap","572;573",2,0.666667,0.007663,"database_signature_match","IPR000719","https://www.ebi.ac.uk/interpro/entry/InterPro/IPR000719/"
"JAK3","SNV_cluster_0009","","3D","Sequence-local hotspot also compact in structure",TRUE,TRUE,TRUE,65,69,3,"511;572;573",0.010997800439912,0.010997800439912,0.010997800439912,"UniProtKB:P52333:1806f325","UniProtKB","P52333","domain","domain","protein_domain","grin3d_annotation_hierarchy_v1:protein_domain","Domain","Protein kinase 1",521,781,"521-781","interval_overlap","572;573",2,0.666667,0.007663,"ECO:0000255","PRU00159","https://www.uniprot.org/uniprotkb/P52333/entry"
"JAK3","SNV_cluster_0010","","1D","Sequence-local hotspot also compact in structure",TRUE,TRUE,TRUE,21,21,3,"572;573;586",0.010997800439912,0.010997800439912,0.010997800439912,"InterPro:IPR051286:1:570adfd9","InterPro","IPR051286","domain","domain","protein_family","grin3d_annotation_hierarchy_v1:protein_family","family","Janus Kinase (JAK)",11,1101,"11-1101","interval_overlap","572;573;586",3,1,0.00275,"database_signature_match","IPR051286","https://www.ebi.ac.uk/interpro/entry/InterPro/IPR051286/"
"JAK3","SNV_cluster_0010","","1D","Sequence-local hotspot also compact in structure",TRUE,TRUE,TRUE,21,21,3,"572;573;586",0.010997800439912,0.010997800439912,0.010997800439912,"InterPro:IPR016251:1:1039395f","InterPro","IPR016251","domain","domain","protein_family","grin3d_annotation_hierarchy_v1:protein_family","family","Tyrosine-protein kinase, non-receptor Jak/Tyk2",20,1101,"20-1101","interval_overlap","572;573;586",3,1,0.002773,"database_signature_match","IPR016251","https://www.ebi.ac.uk/interpro/entry/InterPro/IPR016251/"
"JAK3","SNV_cluster_0010","","1D","Sequence-local hotspot also compact in structure",TRUE,TRUE,TRUE,21,21,3,"572;573;586",0.010997800439912,0.010997800439912,0.010997800439912,"InterPro:IPR011009:1:6ee05de3","InterPro","IPR011009","domain","domain","homologous_superfamily","grin3d_annotation_hierarchy_v1:homologous_superfamily","homologous_superfamily","Protein kinase-like domain superfamily",508,788,"508-788","interval_overlap","572;573;586",3,1,0.010676,"database_signature_match","IPR011009","https://www.ebi.ac.uk/interpro/entry/InterPro/IPR011009/"
"JAK3","SNV_cluster_0010","","1D","Sequence-local hotspot also compact in structure",TRUE,TRUE,TRUE,21,21,3,"572;573;586",0.010997800439912,0.010997800439912,0.010997800439912,"InterPro:IPR001245:1:6b08f831","InterPro","IPR001245","domain","domain","protein_domain","grin3d_annotation_hierarchy_v1:protein_domain","domain","Serine-threonine/tyrosine-protein kinase, catalytic domain",521,777,"521-777","interval_overlap","572;573;586",3,1,0.011673,"database_signature_match","IPR001245","https://www.ebi.ac.uk/interpro/entry/InterPro/IPR001245/"
"JAK3","SNV_cluster_0010","","1D","Sequence-local hotspot also compact in structure",TRUE,TRUE,TRUE,21,21,3,"572;573;586",0.010997800439912,0.010997800439912,0.010997800439912,"InterPro:IPR020635:1:6b08f831","InterPro","IPR020635","domain","domain","protein_domain","grin3d_annotation_hierarchy_v1:protein_domain","domain","Tyrosine-protein kinase, catalytic domain",521,777,"521-777","interval_overlap","572;573;586",3,1,0.011673,"database_signature_match","IPR020635","https://www.ebi.ac.uk/interpro/entry/InterPro/IPR020635/"
"JAK3","SNV_cluster_0010","","1D","Sequence-local hotspot also compact in structure",TRUE,TRUE,TRUE,21,21,3,"572;573;586",0.010997800439912,0.010997800439912,0.010997800439912,"InterPro:IPR000719:1:6b08f8ae","InterPro","IPR000719","domain","domain","protein_domain","grin3d_annotation_hierarchy_v1:protein_domain","domain","Protein kinase domain",521,781,"521-781","interval_overlap","572;573;586",3,1,0.011494,"database_signature_match","IPR000719","https://www.ebi.ac.uk/interpro/entry/InterPro/IPR000719/"
"JAK3","SNV_cluster_0010","","1D","Sequence-local hotspot also compact in structure",TRUE,TRUE,TRUE,21,21,3,"572;573;586",0.010997800439912,0.010997800439912,0.010997800439912,"UniProtKB:P52333:1806f325","UniProtKB","P52333","domain","domain","protein_domain","grin3d_annotation_hierarchy_v1:protein_domain","Domain","Protein kinase 1",521,781,"521-781","interval_overlap","572;573;586",3,1,0.011494,"ECO:0000255","PRU00159","https://www.uniprot.org/uniprotkb/P52333/entry"
"JAK3","SNV_cluster_0011","","3D","Sequence-local hotspot also compact in structure",TRUE,TRUE,TRUE,71,78,5,"511;572;573;674;678",0.010997800439912,0.010997800439912,0.010997800439912,"InterPro:IPR051286:1:570adfd9","InterPro","IPR051286","domain","domain","protein_family","grin3d_annotation_hierarchy_v1:protein_family","family","Janus Kinase (JAK)",11,1101,"11-1101","interval_overlap","511;572;573;674;678",5,1,0.004583,"database_signature_match","IPR051286","https://www.ebi.ac.uk/interpro/entry/InterPro/IPR051286/"
"JAK3","SNV_cluster_0011","","3D","Sequence-local hotspot also compact in structure",TRUE,TRUE,TRUE,71,78,5,"511;572;573;674;678",0.010997800439912,0.010997800439912,0.010997800439912,"InterPro:IPR016251:1:1039395f","InterPro","IPR016251","domain","domain","protein_family","grin3d_annotation_hierarchy_v1:protein_family","family","Tyrosine-protein kinase, non-receptor Jak/Tyk2",20,1101,"20-1101","interval_overlap","511;572;573;674;678",5,1,0.004621,"database_signature_match","IPR016251","https://www.ebi.ac.uk/interpro/entry/InterPro/IPR016251/"
"JAK3","SNV_cluster_0011","","3D","Sequence-local hotspot also compact in structure",TRUE,TRUE,TRUE,71,78,5,"511;572;573;674;678",0.010997800439912,0.010997800439912,0.010997800439912,"InterPro:IPR036860:1:7cc655e9","InterPro","IPR036860","domain","domain","homologous_superfamily","grin3d_annotation_hierarchy_v1:homologous_superfamily","homologous_superfamily","SH2 domain superfamily",372,538,"372-538","interval_overlap","511",1,0.2,0.005988,"database_signature_match","IPR036860","https://www.ebi.ac.uk/interpro/entry/InterPro/IPR036860/"
"JAK3","SNV_cluster_0011","","3D","Sequence-local hotspot also compact in structure",TRUE,TRUE,TRUE,71,78,5,"511;572;573;674;678",0.010997800439912,0.010997800439912,0.010997800439912,"InterPro:IPR011009:1:6ee05de3","InterPro","IPR011009","domain","domain","homologous_superfamily","grin3d_annotation_hierarchy_v1:homologous_superfamily","homologous_superfamily","Protein kinase-like domain superfamily",508,788,"508-788","interval_overlap","511;572;573;674;678",5,1,0.017794,"database_signature_match","IPR011009","https://www.ebi.ac.uk/interpro/entry/InterPro/IPR011009/"
"JAK3","SNV_cluster_0011","","3D","Sequence-local hotspot also compact in structure",TRUE,TRUE,TRUE,71,78,5,"511;572;573;674;678",0.010997800439912,0.010997800439912,0.010997800439912,"InterPro:IPR001245:1:6b08f831","InterPro","IPR001245","domain","domain","protein_domain","grin3d_annotation_hierarchy_v1:protein_domain","domain","Serine-threonine/tyrosine-protein kinase, catalytic domain",521,777,"521-777","interval_overlap","572;573;674;678",4,0.8,0.015564,"database_signature_match","IPR001245","https://www.ebi.ac.uk/interpro/entry/InterPro/IPR001245/"
"JAK3","SNV_cluster_0011","","3D","Sequence-local hotspot also compact in structure",TRUE,TRUE,TRUE,71,78,5,"511;572;573;674;678",0.010997800439912,0.010997800439912,0.010997800439912,"InterPro:IPR020635:1:6b08f831","InterPro","IPR020635","domain","domain","protein_domain","grin3d_annotation_hierarchy_v1:protein_domain","domain","Tyrosine-protein kinase, catalytic domain",521,777,"521-777","interval_overlap","572;573;674;678",4,0.8,0.015564,"database_signature_match","IPR020635","https://www.ebi.ac.uk/interpro/entry/InterPro/IPR020635/"
"JAK3","SNV_cluster_0011","","3D","Sequence-local hotspot also compact in structure",TRUE,TRUE,TRUE,71,78,5,"511;572;573;674;678",0.010997800439912,0.010997800439912,0.010997800439912,"InterPro:IPR000719:1:6b08f8ae","InterPro","IPR000719","domain","domain","protein_domain","grin3d_annotation_hierarchy_v1:protein_domain","domain","Protein kinase domain",521,781,"521-781","interval_overlap","572;573;674;678",4,0.8,0.015326,"database_signature_match","IPR000719","https://www.ebi.ac.uk/interpro/entry/InterPro/IPR000719/"
"JAK3","SNV_cluster_0011","","3D","Sequence-local hotspot also compact in structure",TRUE,TRUE,TRUE,71,78,5,"511;572;573;674;678",0.010997800439912,0.010997800439912,0.010997800439912,"UniProtKB:P52333:1806f325","UniProtKB","P52333","domain","domain","protein_domain","grin3d_annotation_hierarchy_v1:protein_domain","Domain","Protein kinase 1",521,781,"521-781","interval_overlap","572;573;674;678",4,0.8,0.015326,"ECO:0000255","PRU00159","https://www.uniprot.org/uniprotkb/P52333/entry"
"JAK3","SNV_cluster_0012","","1D","Sequence-local hotspot also compact in structure",TRUE,TRUE,TRUE,22,22,4,"549;572;573;586",0.010997800439912,0.010997800439912,0.010997800439912,"InterPro:IPR051286:1:570adfd9","InterPro","IPR051286","domain","domain","protein_family","grin3d_annotation_hierarchy_v1:protein_family","family","Janus Kinase (JAK)",11,1101,"11-1101","interval_overlap","549;572;573;586",4,1,0.003666,"database_signature_match","IPR051286","https://www.ebi.ac.uk/interpro/entry/InterPro/IPR051286/"
"JAK3","SNV_cluster_0012","","1D","Sequence-local hotspot also compact in structure",TRUE,TRUE,TRUE,22,22,4,"549;572;573;586",0.010997800439912,0.010997800439912,0.010997800439912,"InterPro:IPR016251:1:1039395f","InterPro","IPR016251","domain","domain","protein_family","grin3d_annotation_hierarchy_v1:protein_family","family","Tyrosine-protein kinase, non-receptor Jak/Tyk2",20,1101,"20-1101","interval_overlap","549;572;573;586",4,1,0.003697,"database_signature_match","IPR016251","https://www.ebi.ac.uk/interpro/entry/InterPro/IPR016251/"
"JAK3","SNV_cluster_0012","","1D","Sequence-local hotspot also compact in structure",TRUE,TRUE,TRUE,22,22,4,"549;572;573;586",0.010997800439912,0.010997800439912,0.010997800439912,"InterPro:IPR011009:1:6ee05de3","InterPro","IPR011009","domain","domain","homologous_superfamily","grin3d_annotation_hierarchy_v1:homologous_superfamily","homologous_superfamily","Protein kinase-like domain superfamily",508,788,"508-788","interval_overlap","549;572;573;586",4,1,0.014235,"database_signature_match","IPR011009","https://www.ebi.ac.uk/interpro/entry/InterPro/IPR011009/"
"JAK3","SNV_cluster_0012","","1D","Sequence-local hotspot also compact in structure",TRUE,TRUE,TRUE,22,22,4,"549;572;573;586",0.010997800439912,0.010997800439912,0.010997800439912,"InterPro:IPR001245:1:6b08f831","InterPro","IPR001245","domain","domain","protein_domain","grin3d_annotation_hierarchy_v1:protein_domain","domain","Serine-threonine/tyrosine-protein kinase, catalytic domain",521,777,"521-777","interval_overlap","549;572;573;586",4,1,0.015564,"database_signature_match","IPR001245","https://www.ebi.ac.uk/interpro/entry/InterPro/IPR001245/"
"JAK3","SNV_cluster_0012","","1D","Sequence-local hotspot also compact in structure",TRUE,TRUE,TRUE,22,22,4,"549;572;573;586",0.010997800439912,0.010997800439912,0.010997800439912,"InterPro:IPR020635:1:6b08f831","InterPro","IPR020635","domain","domain","protein_domain","grin3d_annotation_hierarchy_v1:protein_domain","domain","Tyrosine-protein kinase, catalytic domain",521,777,"521-777","interval_overlap","549;572;573;586",4,1,0.015564,"database_signature_match","IPR020635","https://www.ebi.ac.uk/interpro/entry/InterPro/IPR020635/"
"JAK3","SNV_cluster_0012","","1D","Sequence-local hotspot also compact in structure",TRUE,TRUE,TRUE,22,22,4,"549;572;573;586",0.010997800439912,0.010997800439912,0.010997800439912,"InterPro:IPR000719:1:6b08f8ae","InterPro","IPR000719","domain","domain","protein_domain","grin3d_annotation_hierarchy_v1:protein_domain","domain","Protein kinase domain",521,781,"521-781","interval_overlap","549;572;573;586",4,1,0.015326,"database_signature_match","IPR000719","https://www.ebi.ac.uk/interpro/entry/InterPro/IPR000719/"
"JAK3","SNV_cluster_0012","","1D","Sequence-local hotspot also compact in structure",TRUE,TRUE,TRUE,22,22,4,"549;572;573;586",0.010997800439912,0.010997800439912,0.010997800439912,"UniProtKB:P52333:1806f325","UniProtKB","P52333","domain","domain","protein_domain","grin3d_annotation_hierarchy_v1:protein_domain","Domain","Protein kinase 1",521,781,"521-781","interval_overlap","549;572;573;586",4,1,0.015326,"ECO:0000255","PRU00159","https://www.uniprot.org/uniprotkb/P52333/entry"
"JAK3","SNV_cluster_0013","","1D","Sequence-local hotspot also compact in structure",TRUE,TRUE,TRUE,29,29,4,"657;666;674;678",0.010997800439912,0.010997800439912,0.010997800439912,"InterPro:IPR051286:1:570adfd9","InterPro","IPR051286","domain","domain","protein_family","grin3d_annotation_hierarchy_v1:protein_family","family","Janus Kinase (JAK)",11,1101,"11-1101","interval_overlap","657;666;674;678",4,1,0.003666,"database_signature_match","IPR051286","https://www.ebi.ac.uk/interpro/entry/InterPro/IPR051286/"
"JAK3","SNV_cluster_0013","","1D","Sequence-local hotspot also compact in structure",TRUE,TRUE,TRUE,29,29,4,"657;666;674;678",0.010997800439912,0.010997800439912,0.010997800439912,"InterPro:IPR016251:1:1039395f","InterPro","IPR016251","domain","domain","protein_family","grin3d_annotation_hierarchy_v1:protein_family","family","Tyrosine-protein kinase, non-receptor Jak/Tyk2",20,1101,"20-1101","interval_overlap","657;666;674;678",4,1,0.003697,"database_signature_match","IPR016251","https://www.ebi.ac.uk/interpro/entry/InterPro/IPR016251/"
"JAK3","SNV_cluster_0013","","1D","Sequence-local hotspot also compact in structure",TRUE,TRUE,TRUE,29,29,4,"657;666;674;678",0.010997800439912,0.010997800439912,0.010997800439912,"InterPro:IPR011009:1:6ee05de3","InterPro","IPR011009","domain","domain","homologous_superfamily","grin3d_annotation_hierarchy_v1:homologous_superfamily","homologous_superfamily","Protein kinase-like domain superfamily",508,788,"508-788","interval_overlap","657;666;674;678",4,1,0.014235,"database_signature_match","IPR011009","https://www.ebi.ac.uk/interpro/entry/InterPro/IPR011009/"
"JAK3","SNV_cluster_0013","","1D","Sequence-local hotspot also compact in structure",TRUE,TRUE,TRUE,29,29,4,"657;666;674;678",0.010997800439912,0.010997800439912,0.010997800439912,"InterPro:IPR001245:1:6b08f831","InterPro","IPR001245","domain","domain","protein_domain","grin3d_annotation_hierarchy_v1:protein_domain","domain","Serine-threonine/tyrosine-protein kinase, catalytic domain",521,777,"521-777","interval_overlap","657;666;674;678",4,1,0.015564,"database_signature_match","IPR001245","https://www.ebi.ac.uk/interpro/entry/InterPro/IPR001245/"
"JAK3","SNV_cluster_0013","","1D","Sequence-local hotspot also compact in structure",TRUE,TRUE,TRUE,29,29,4,"657;666;674;678",0.010997800439912,0.010997800439912,0.010997800439912,"InterPro:IPR020635:1:6b08f831","InterPro","IPR020635","domain","domain","protein_domain","grin3d_annotation_hierarchy_v1:protein_domain","domain","Tyrosine-protein kinase, catalytic domain",521,777,"521-777","interval_overlap","657;666;674;678",4,1,0.015564,"database_signature_match","IPR020635","https://www.ebi.ac.uk/interpro/entry/InterPro/IPR020635/"
"JAK3","SNV_cluster_0013","","1D","Sequence-local hotspot also compact in structure",TRUE,TRUE,TRUE,29,29,4,"657;666;674;678",0.010997800439912,0.010997800439912,0.010997800439912,"InterPro:IPR000719:1:6b08f8ae","InterPro","IPR000719","domain","domain","protein_domain","grin3d_annotation_hierarchy_v1:protein_domain","domain","Protein kinase domain",521,781,"521-781","interval_overlap","657;666;674;678",4,1,0.015326,"database_signature_match","IPR000719","https://www.ebi.ac.uk/interpro/entry/InterPro/IPR000719/"
"JAK3","SNV_cluster_0013","","1D","Sequence-local hotspot also compact in structure",TRUE,TRUE,TRUE,29,29,4,"657;666;674;678",0.010997800439912,0.010997800439912,0.010997800439912,"UniProtKB:P52333:1806f325","UniProtKB","P52333","domain","domain","protein_domain","grin3d_annotation_hierarchy_v1:protein_domain","Domain","Protein kinase 1",521,781,"521-781","interval_overlap","657;666;674;678",4,1,0.015326,"ECO:0000255","PRU00159","https://www.uniprot.org/uniprotkb/P52333/entry"
"JAK3","SNV_cluster_0014","","1D","Sequence-local hotspot also compact in structure",TRUE,TRUE,TRUE,67,72,6,"511;549;572;573;586;613",0.010997800439912,0.010997800439912,0.010997800439912,"InterPro:IPR051286:1:570adfd9","InterPro","IPR051286","domain","domain","protein_family","grin3d_annotation_hierarchy_v1:protein_family","family","Janus Kinase (JAK)",11,1101,"11-1101","interval_overlap","511;549;572;573;586;613",6,1,0.0055,"database_signature_match","IPR051286","https://www.ebi.ac.uk/interpro/entry/InterPro/IPR051286/"
"JAK3","SNV_cluster_0014","","1D","Sequence-local hotspot also compact in structure",TRUE,TRUE,TRUE,67,72,6,"511;549;572;573;586;613",0.010997800439912,0.010997800439912,0.010997800439912,"InterPro:IPR016251:1:1039395f","InterPro","IPR016251","domain","domain","protein_family","grin3d_annotation_hierarchy_v1:protein_family","family","Tyrosine-protein kinase, non-receptor Jak/Tyk2",20,1101,"20-1101","interval_overlap","511;549;572;573;586;613",6,1,0.005545,"database_signature_match","IPR016251","https://www.ebi.ac.uk/interpro/entry/InterPro/IPR016251/"
"JAK3","SNV_cluster_0014","","1D","Sequence-local hotspot also compact in structure",TRUE,TRUE,TRUE,67,72,6,"511;549;572;573;586;613",0.010997800439912,0.010997800439912,0.010997800439912,"InterPro:IPR036860:1:7cc655e9","InterPro","IPR036860","domain","domain","homologous_superfamily","grin3d_annotation_hierarchy_v1:homologous_superfamily","homologous_superfamily","SH2 domain superfamily",372,538,"372-538","interval_overlap","511",1,0.166667,0.005988,"database_signature_match","IPR036860","https://www.ebi.ac.uk/interpro/entry/InterPro/IPR036860/"
"JAK3","SNV_cluster_0014","","1D","Sequence-local hotspot also compact in structure",TRUE,TRUE,TRUE,67,72,6,"511;549;572;573;586;613",0.010997800439912,0.010997800439912,0.010997800439912,"InterPro:IPR011009:1:6ee05de3","InterPro","IPR011009","domain","domain","homologous_superfamily","grin3d_annotation_hierarchy_v1:homologous_superfamily","homologous_superfamily","Protein kinase-like domain superfamily",508,788,"508-788","interval_overlap","511;549;572;573;586;613",6,1,0.021352,"database_signature_match","IPR011009","https://www.ebi.ac.uk/interpro/entry/InterPro/IPR011009/"
"JAK3","SNV_cluster_0014","","1D","Sequence-local hotspot also compact in structure",TRUE,TRUE,TRUE,67,72,6,"511;549;572;573;586;613",0.010997800439912,0.010997800439912,0.010997800439912,"InterPro:IPR001245:1:6b08f831","InterPro","IPR001245","domain","domain","protein_domain","grin3d_annotation_hierarchy_v1:protein_domain","domain","Serine-threonine/tyrosine-protein kinase, catalytic domain",521,777,"521-777","interval_overlap","549;572;573;586;613",5,0.833333,0.019455,"database_signature_match","IPR001245","https://www.ebi.ac.uk/interpro/entry/InterPro/IPR001245/"
"JAK3","SNV_cluster_0014","","1D","Sequence-local hotspot also compact in structure",TRUE,TRUE,TRUE,67,72,6,"511;549;572;573;586;613",0.010997800439912,0.010997800439912,0.010997800439912,"InterPro:IPR020635:1:6b08f831","InterPro","IPR020635","domain","domain","protein_domain","grin3d_annotation_hierarchy_v1:protein_domain","domain","Tyrosine-protein kinase, catalytic domain",521,777,"521-777","interval_overlap","549;572;573;586;613",5,0.833333,0.019455,"database_signature_match","IPR020635","https://www.ebi.ac.uk/interpro/entry/InterPro/IPR020635/"
"JAK3","SNV_cluster_0014","","1D","Sequence-local hotspot also compact in structure",TRUE,TRUE,TRUE,67,72,6,"511;549;572;573;586;613",0.010997800439912,0.010997800439912,0.010997800439912,"InterPro:IPR000719:1:6b08f8ae","InterPro","IPR000719","domain","domain","protein_domain","grin3d_annotation_hierarchy_v1:protein_domain","domain","Protein kinase domain",521,781,"521-781","interval_overlap","549;572;573;586;613",5,0.833333,0.019157,"database_signature_match","IPR000719","https://www.ebi.ac.uk/interpro/entry/InterPro/IPR000719/"
"JAK3","SNV_cluster_0014","","1D","Sequence-local hotspot also compact in structure",TRUE,TRUE,TRUE,67,72,6,"511;549;572;573;586;613",0.010997800439912,0.010997800439912,0.010997800439912,"UniProtKB:P52333:1806f325","UniProtKB","P52333","domain","domain","protein_domain","grin3d_annotation_hierarchy_v1:protein_domain","Domain","Protein kinase 1",521,781,"521-781","interval_overlap","549;572;573;586;613",5,0.833333,0.019157,"ECO:0000255","PRU00159","https://www.uniprot.org/uniprotkb/P52333/entry"
"JAK3","SNV_cluster_0015","","3D","Sequence-local hotspot also compact in structure",TRUE,TRUE,TRUE,92,103,11,"511;572;573;586;613;657;666;674;678;840;848",0.010997800439912,0.010997800439912,0.010997800439912,"InterPro:IPR051286:1:570adfd9","InterPro","IPR051286","domain","domain","protein_family","grin3d_annotation_hierarchy_v1:protein_family","family","Janus Kinase (JAK)",11,1101,"11-1101","interval_overlap","511;572;573;586;613;657;666;674;678;840;848",11,1,0.010082,"database_signature_match","IPR051286","https://www.ebi.ac.uk/interpro/entry/InterPro/IPR051286/"
"JAK3","SNV_cluster_0015","","3D","Sequence-local hotspot also compact in structure",TRUE,TRUE,TRUE,92,103,11,"511;572;573;586;613;657;666;674;678;840;848",0.010997800439912,0.010997800439912,0.010997800439912,"InterPro:IPR016251:1:1039395f","InterPro","IPR016251","domain","domain","protein_family","grin3d_annotation_hierarchy_v1:protein_family","family","Tyrosine-protein kinase, non-receptor Jak/Tyk2",20,1101,"20-1101","interval_overlap","511;572;573;586;613;657;666;674;678;840;848",11,1,0.010166,"database_signature_match","IPR016251","https://www.ebi.ac.uk/interpro/entry/InterPro/IPR016251/"
"JAK3","SNV_cluster_0015","","3D","Sequence-local hotspot also compact in structure",TRUE,TRUE,TRUE,92,103,11,"511;572;573;586;613;657;666;674;678;840;848",0.010997800439912,0.010997800439912,0.010997800439912,"InterPro:IPR036860:1:7cc655e9","InterPro","IPR036860","domain","domain","homologous_superfamily","grin3d_annotation_hierarchy_v1:homologous_superfamily","homologous_superfamily","SH2 domain superfamily",372,538,"372-538","interval_overlap","511",1,0.090909,0.005988,"database_signature_match","IPR036860","https://www.ebi.ac.uk/interpro/entry/InterPro/IPR036860/"
"JAK3","SNV_cluster_0015","","3D","Sequence-local hotspot also compact in structure",TRUE,TRUE,TRUE,92,103,11,"511;572;573;586;613;657;666;674;678;840;848",0.010997800439912,0.010997800439912,0.010997800439912,"InterPro:IPR011009:1:6ee05de3","InterPro","IPR011009","domain","domain","homologous_superfamily","grin3d_annotation_hierarchy_v1:homologous_superfamily","homologous_superfamily","Protein kinase-like domain superfamily",508,788,"508-788","interval_overlap","511;572;573;586;613;657;666;674;678",9,0.818182,0.032028,"database_signature_match","IPR011009","https://www.ebi.ac.uk/interpro/entry/InterPro/IPR011009/"
"JAK3","SNV_cluster_0015","","3D","Sequence-local hotspot also compact in structure",TRUE,TRUE,TRUE,92,103,11,"511;572;573;586;613;657;666;674;678;840;848",0.010997800439912,0.010997800439912,0.010997800439912,"InterPro:IPR001245:1:6b08f831","InterPro","IPR001245","domain","domain","protein_domain","grin3d_annotation_hierarchy_v1:protein_domain","domain","Serine-threonine/tyrosine-protein kinase, catalytic domain",521,777,"521-777","interval_overlap","572;573;586;613;657;666;674;678",8,0.727273,0.031128,"database_signature_match","IPR001245","https://www.ebi.ac.uk/interpro/entry/InterPro/IPR001245/"
"JAK3","SNV_cluster_0015","","3D","Sequence-local hotspot also compact in structure",TRUE,TRUE,TRUE,92,103,11,"511;572;573;586;613;657;666;674;678;840;848",0.010997800439912,0.010997800439912,0.010997800439912,"InterPro:IPR020635:1:6b08f831","InterPro","IPR020635","domain","domain","protein_domain","grin3d_annotation_hierarchy_v1:protein_domain","domain","Tyrosine-protein kinase, catalytic domain",521,777,"521-777","interval_overlap","572;573;586;613;657;666;674;678",8,0.727273,0.031128,"database_signature_match","IPR020635","https://www.ebi.ac.uk/interpro/entry/InterPro/IPR020635/"
"JAK3","SNV_cluster_0015","","3D","Sequence-local hotspot also compact in structure",TRUE,TRUE,TRUE,92,103,11,"511;572;573;586;613;657;666;674;678;840;848",0.010997800439912,0.010997800439912,0.010997800439912,"InterPro:IPR000719:1:6b08f8ae","InterPro","IPR000719","domain","domain","protein_domain","grin3d_annotation_hierarchy_v1:protein_domain","domain","Protein kinase domain",521,781,"521-781","interval_overlap","572;573;586;613;657;666;674;678",8,0.727273,0.030651,"database_signature_match","IPR000719","https://www.ebi.ac.uk/interpro/entry/InterPro/IPR000719/"
"JAK3","SNV_cluster_0015","","3D","Sequence-local hotspot also compact in structure",TRUE,TRUE,TRUE,92,103,11,"511;572;573;586;613;657;666;674;678;840;848",0.010997800439912,0.010997800439912,0.010997800439912,"UniProtKB:P52333:1806f325","UniProtKB","P52333","domain","domain","protein_domain","grin3d_annotation_hierarchy_v1:protein_domain","Domain","Protein kinase 1",521,781,"521-781","interval_overlap","572;573;586;613;657;666;674;678",8,0.727273,0.030651,"ECO:0000255","PRU00159","https://www.uniprot.org/uniprotkb/P52333/entry"
"JAK3","SNV_cluster_0015","","3D","Sequence-local hotspot also compact in structure",TRUE,TRUE,TRUE,92,103,11,"511;572;573;586;613;657;666;674;678;840;848",0.010997800439912,0.010997800439912,0.010997800439912,"InterPro:IPR011009:2:2f826d53","InterPro","IPR011009","domain","domain","homologous_superfamily","grin3d_annotation_hierarchy_v1:homologous_superfamily","homologous_superfamily","Protein kinase-like domain superfamily",820,1097,"820-1097","interval_overlap","840;848",2,0.181818,0.007194,"database_signature_match","IPR011009","https://www.ebi.ac.uk/interpro/entry/InterPro/IPR011009/"
"JAK3","SNV_cluster_0015","","3D","Sequence-local hotspot also compact in structure",TRUE,TRUE,TRUE,92,103,11,"511;572;573;586;613;657;666;674;678;840;848",0.010997800439912,0.010997800439912,0.010997800439912,"InterPro:IPR020635:2:268b045b","InterPro","IPR020635","domain","domain","protein_domain","grin3d_annotation_hierarchy_v1:protein_domain","domain","Tyrosine-protein kinase, catalytic domain",822,1095,"822-1095","interval_overlap","840;848",2,0.181818,0.007299,"database_signature_match","IPR020635","https://www.ebi.ac.uk/interpro/entry/InterPro/IPR020635/"
"JAK3","SNV_cluster_0015","","3D","Sequence-local hotspot also compact in structure",TRUE,TRUE,TRUE,92,103,11,"511;572;573;586;613;657;666;674;678;840;848",0.010997800439912,0.010997800439912,0.010997800439912,"InterPro:IPR000719:2:268b4348","InterPro","IPR000719","domain","domain","protein_domain","grin3d_annotation_hierarchy_v1:protein_domain","domain","Protein kinase domain",822,1111,"822-1111","interval_overlap","840;848",2,0.181818,0.006897,"database_signature_match","IPR000719","https://www.ebi.ac.uk/interpro/entry/InterPro/IPR000719/"
"JAK3","SNV_cluster_0015","","3D","Sequence-local hotspot also compact in structure",TRUE,TRUE,TRUE,92,103,11,"511;572;573;586;613;657;666;674;678;840;848",0.010997800439912,0.010997800439912,0.010997800439912,"UniProtKB:P52333:424c8d91","UniProtKB","P52333","domain","domain","protein_domain","grin3d_annotation_hierarchy_v1:protein_domain","Domain","Protein kinase 2",822,1111,"822-1111","interval_overlap","840;848",2,0.181818,0.006897,"ECO:0000255","PRU00159","https://www.uniprot.org/uniprotkb/P52333/entry"
"JAK3","SNV_cluster_0015","","3D","Sequence-local hotspot also compact in structure",TRUE,TRUE,TRUE,92,103,11,"511;572;573;586;613;657;666;674;678;840;848",0.010997800439912,0.010997800439912,0.010997800439912,"InterPro:IPR001245:2:220f4fdf","InterPro","IPR001245","domain","domain","protein_domain","grin3d_annotation_hierarchy_v1:protein_domain","domain","Serine-threonine/tyrosine-protein kinase, catalytic domain",823,1094,"823-1094","interval_overlap","840;848",2,0.181818,0.007353,"database_signature_match","IPR001245","https://www.ebi.ac.uk/interpro/entry/InterPro/IPR001245/"
"JAK3","SNV_cluster_0015","","3D","Sequence-local hotspot also compact in structure",TRUE,TRUE,TRUE,92,103,11,"511;572;573;586;613;657;666;674;678;840;848",0.010997800439912,0.010997800439912,0.010997800439912,"PDBe-KB:ligand:71790ab5","PDBe-KB/SIFTS","CL","site","binding_site","small_molecule_binding_site","pdbe_kb_sifts_v1:small_molecule_binding_site","experimental ligand contact","Contact with CHLORIDE ION (CL)",825,906,"825-825;840-840;847-847;850-850;851-851;905-905;906-906","experimental_ligand_contact","840",1,0.090909,0.142857,"experimental_structure_contact","3ZC6;7UYV","https://www.ebi.ac.uk/pdbe/pdbe-kb/proteins/P52333"
"JAK3","SNV_cluster_0015","","3D","Sequence-local hotspot also compact in structure",TRUE,TRUE,TRUE,92,103,11,"511;572;573;586;613;657;666;674;678;840;848",0.010997800439912,0.010997800439912,0.010997800439912,"InterPro:IPR017441:1:0401258a","InterPro","IPR017441","functional_region","functional_region","other_functional_region","grin3d_annotation_hierarchy_v1:other_functional_region","binding_site","Protein kinase, ATP binding site",828,855,"828-855","interval_overlap","840;848",2,0.181818,0.071429,"database_signature_match","IPR017441","https://www.ebi.ac.uk/interpro/entry/InterPro/IPR017441/"
"JAK3","SNV_cluster_0016","","1D","Sequence-local hotspot also compact in structure",TRUE,TRUE,TRUE,90,101,10,"511;549;572;573;586;613;657;666;674;678",0.010997800439912,0.010997800439912,0.010997800439912,"InterPro:IPR051286:1:570adfd9","InterPro","IPR051286","domain","domain","protein_family","grin3d_annotation_hierarchy_v1:protein_family","family","Janus Kinase (JAK)",11,1101,"11-1101","interval_overlap","511;549;572;573;586;613;657;666;674;678",10,1,0.009166,"database_signature_match","IPR051286","https://www.ebi.ac.uk/interpro/entry/InterPro/IPR051286/"
"JAK3","SNV_cluster_0016","","1D","Sequence-local hotspot also compact in structure",TRUE,TRUE,TRUE,90,101,10,"511;549;572;573;586;613;657;666;674;678",0.010997800439912,0.010997800439912,0.010997800439912,"InterPro:IPR016251:1:1039395f","InterPro","IPR016251","domain","domain","protein_family","grin3d_annotation_hierarchy_v1:protein_family","family","Tyrosine-protein kinase, non-receptor Jak/Tyk2",20,1101,"20-1101","interval_overlap","511;549;572;573;586;613;657;666;674;678",10,1,0.009242,"database_signature_match","IPR016251","https://www.ebi.ac.uk/interpro/entry/InterPro/IPR016251/"
"JAK3","SNV_cluster_0016","","1D","Sequence-local hotspot also compact in structure",TRUE,TRUE,TRUE,90,101,10,"511;549;572;573;586;613;657;666;674;678",0.010997800439912,0.010997800439912,0.010997800439912,"InterPro:IPR036860:1:7cc655e9","InterPro","IPR036860","domain","domain","homologous_superfamily","grin3d_annotation_hierarchy_v1:homologous_superfamily","homologous_superfamily","SH2 domain superfamily",372,538,"372-538","interval_overlap","511",1,0.1,0.005988,"database_signature_match","IPR036860","https://www.ebi.ac.uk/interpro/entry/InterPro/IPR036860/"
"JAK3","SNV_cluster_0016","","1D","Sequence-local hotspot also compact in structure",TRUE,TRUE,TRUE,90,101,10,"511;549;572;573;586;613;657;666;674;678",0.010997800439912,0.010997800439912,0.010997800439912,"InterPro:IPR011009:1:6ee05de3","InterPro","IPR011009","domain","domain","homologous_superfamily","grin3d_annotation_hierarchy_v1:homologous_superfamily","homologous_superfamily","Protein kinase-like domain superfamily",508,788,"508-788","interval_overlap","511;549;572;573;586;613;657;666;674;678",10,1,0.035587,"database_signature_match","IPR011009","https://www.ebi.ac.uk/interpro/entry/InterPro/IPR011009/"
"JAK3","SNV_cluster_0016","","1D","Sequence-local hotspot also compact in structure",TRUE,TRUE,TRUE,90,101,10,"511;549;572;573;586;613;657;666;674;678",0.010997800439912,0.010997800439912,0.010997800439912,"InterPro:IPR001245:1:6b08f831","InterPro","IPR001245","domain","domain","protein_domain","grin3d_annotation_hierarchy_v1:protein_domain","domain","Serine-threonine/tyrosine-protein kinase, catalytic domain",521,777,"521-777","interval_overlap","549;572;573;586;613;657;666;674;678",9,0.9,0.035019,"database_signature_match","IPR001245","https://www.ebi.ac.uk/interpro/entry/InterPro/IPR001245/"
"JAK3","SNV_cluster_0016","","1D","Sequence-local hotspot also compact in structure",TRUE,TRUE,TRUE,90,101,10,"511;549;572;573;586;613;657;666;674;678",0.010997800439912,0.010997800439912,0.010997800439912,"InterPro:IPR020635:1:6b08f831","InterPro","IPR020635","domain","domain","protein_domain","grin3d_annotation_hierarchy_v1:protein_domain","domain","Tyrosine-protein kinase, catalytic domain",521,777,"521-777","interval_overlap","549;572;573;586;613;657;666;674;678",9,0.9,0.035019,"database_signature_match","IPR020635","https://www.ebi.ac.uk/interpro/entry/InterPro/IPR020635/"
"JAK3","SNV_cluster_0016","","1D","Sequence-local hotspot also compact in structure",TRUE,TRUE,TRUE,90,101,10,"511;549;572;573;586;613;657;666;674;678",0.010997800439912,0.010997800439912,0.010997800439912,"InterPro:IPR000719:1:6b08f8ae","InterPro","IPR000719","domain","domain","protein_domain","grin3d_annotation_hierarchy_v1:protein_domain","domain","Protein kinase domain",521,781,"521-781","interval_overlap","549;572;573;586;613;657;666;674;678",9,0.9,0.034483,"database_signature_match","IPR000719","https://www.ebi.ac.uk/interpro/entry/InterPro/IPR000719/"
"JAK3","SNV_cluster_0016","","1D","Sequence-local hotspot also compact in structure",TRUE,TRUE,TRUE,90,101,10,"511;549;572;573;586;613;657;666;674;678",0.010997800439912,0.010997800439912,0.010997800439912,"UniProtKB:P52333:1806f325","UniProtKB","P52333","domain","domain","protein_domain","grin3d_annotation_hierarchy_v1:protein_domain","Domain","Protein kinase 1",521,781,"521-781","interval_overlap","549;572;573;586;613;657;666;674;678",9,0.9,0.034483,"ECO:0000255","PRU00159","https://www.uniprot.org/uniprotkb/P52333/entry"
"JAK3","SNV_cluster_0017","","1D;3D","Sequence-local hotspot also compact in structure",TRUE,TRUE,TRUE,108,123,20,"511;549;572;573;586;613;657;666;674;678;819;840;848;857;875;886;906;940;958;988",0.010997800439912,0.010997800439912,0.010997800439912,"InterPro:IPR051286:1:570adfd9","InterPro","IPR051286","domain","domain","protein_family","grin3d_annotation_hierarchy_v1:protein_family","family","Janus Kinase (JAK)",11,1101,"11-1101","interval_overlap","511;549;572;573;586;613;657;666;674;678;819;840;848;857;875;886;906;940;958;988",20,1,0.018332,"database_signature_match","IPR051286","https://www.ebi.ac.uk/interpro/entry/InterPro/IPR051286/"
"JAK3","SNV_cluster_0017","","1D;3D","Sequence-local hotspot also compact in structure",TRUE,TRUE,TRUE,108,123,20,"511;549;572;573;586;613;657;666;674;678;819;840;848;857;875;886;906;940;958;988",0.010997800439912,0.010997800439912,0.010997800439912,"InterPro:IPR016251:1:1039395f","InterPro","IPR016251","domain","domain","protein_family","grin3d_annotation_hierarchy_v1:protein_family","family","Tyrosine-protein kinase, non-receptor Jak/Tyk2",20,1101,"20-1101","interval_overlap","511;549;572;573;586;613;657;666;674;678;819;840;848;857;875;886;906;940;958;988",20,1,0.018484,"database_signature_match","IPR016251","https://www.ebi.ac.uk/interpro/entry/InterPro/IPR016251/"
"JAK3","SNV_cluster_0017","","1D;3D","Sequence-local hotspot also compact in structure",TRUE,TRUE,TRUE,108,123,20,"511;549;572;573;586;613;657;666;674;678;819;840;848;857;875;886;906;940;958;988",0.010997800439912,0.010997800439912,0.010997800439912,"InterPro:IPR036860:1:7cc655e9","InterPro","IPR036860","domain","domain","homologous_superfamily","grin3d_annotation_hierarchy_v1:homologous_superfamily","homologous_superfamily","SH2 domain superfamily",372,538,"372-538","interval_overlap","511",1,0.05,0.005988,"database_signature_match","IPR036860","https://www.ebi.ac.uk/interpro/entry/InterPro/IPR036860/"
"JAK3","SNV_cluster_0017","","1D;3D","Sequence-local hotspot also compact in structure",TRUE,TRUE,TRUE,108,123,20,"511;549;572;573;586;613;657;666;674;678;819;840;848;857;875;886;906;940;958;988",0.010997800439912,0.010997800439912,0.010997800439912,"InterPro:IPR011009:1:6ee05de3","InterPro","IPR011009","domain","domain","homologous_superfamily","grin3d_annotation_hierarchy_v1:homologous_superfamily","homologous_superfamily","Protein kinase-like domain superfamily",508,788,"508-788","interval_overlap","511;549;572;573;586;613;657;666;674;678",10,0.5,0.035587,"database_signature_match","IPR011009","https://www.ebi.ac.uk/interpro/entry/InterPro/IPR011009/"
"JAK3","SNV_cluster_0017","","1D;3D","Sequence-local hotspot also compact in structure",TRUE,TRUE,TRUE,108,123,20,"511;549;572;573;586;613;657;666;674;678;819;840;848;857;875;886;906;940;958;988",0.010997800439912,0.010997800439912,0.010997800439912,"InterPro:IPR001245:1:6b08f831","InterPro","IPR001245","domain","domain","protein_domain","grin3d_annotation_hierarchy_v1:protein_domain","domain","Serine-threonine/tyrosine-protein kinase, catalytic domain",521,777,"521-777","interval_overlap","549;572;573;586;613;657;666;674;678",9,0.45,0.035019,"database_signature_match","IPR001245","https://www.ebi.ac.uk/interpro/entry/InterPro/IPR001245/"
"JAK3","SNV_cluster_0017","","1D;3D","Sequence-local hotspot also compact in structure",TRUE,TRUE,TRUE,108,123,20,"511;549;572;573;586;613;657;666;674;678;819;840;848;857;875;886;906;940;958;988",0.010997800439912,0.010997800439912,0.010997800439912,"InterPro:IPR020635:1:6b08f831","InterPro","IPR020635","domain","domain","protein_domain","grin3d_annotation_hierarchy_v1:protein_domain","domain","Tyrosine-protein kinase, catalytic domain",521,777,"521-777","interval_overlap","549;572;573;586;613;657;666;674;678",9,0.45,0.035019,"database_signature_match","IPR020635","https://www.ebi.ac.uk/interpro/entry/InterPro/IPR020635/"
"JAK3","SNV_cluster_0017","","1D;3D","Sequence-local hotspot also compact in structure",TRUE,TRUE,TRUE,108,123,20,"511;549;572;573;586;613;657;666;674;678;819;840;848;857;875;886;906;940;958;988",0.010997800439912,0.010997800439912,0.010997800439912,"InterPro:IPR000719:1:6b08f8ae","InterPro","IPR000719","domain","domain","protein_domain","grin3d_annotation_hierarchy_v1:protein_domain","domain","Protein kinase domain",521,781,"521-781","interval_overlap","549;572;573;586;613;657;666;674;678",9,0.45,0.034483,"database_signature_match","IPR000719","https://www.ebi.ac.uk/interpro/entry/InterPro/IPR000719/"
"JAK3","SNV_cluster_0017","","1D;3D","Sequence-local hotspot also compact in structure",TRUE,TRUE,TRUE,108,123,20,"511;549;572;573;586;613;657;666;674;678;819;840;848;857;875;886;906;940;958;988",0.010997800439912,0.010997800439912,0.010997800439912,"UniProtKB:P52333:1806f325","UniProtKB","P52333","domain","domain","protein_domain","grin3d_annotation_hierarchy_v1:protein_domain","Domain","Protein kinase 1",521,781,"521-781","interval_overlap","549;572;573;586;613;657;666;674;678",9,0.45,0.034483,"ECO:0000255","PRU00159","https://www.uniprot.org/uniprotkb/P52333/entry"
"JAK3","SNV_cluster_0017","","1D;3D","Sequence-local hotspot also compact in structure",TRUE,TRUE,TRUE,108,123,20,"511;549;572;573;586;613;657;666;674;678;819;840;848;857;875;886;906;940;958;988",0.010997800439912,0.010997800439912,0.010997800439912,"InterPro:IPR011009:2:2f826d53","InterPro","IPR011009","domain","domain","homologous_superfamily","grin3d_annotation_hierarchy_v1:homologous_superfamily","homologous_superfamily","Protein kinase-like domain superfamily",820,1097,"820-1097","interval_overlap","840;848;857;875;886;906;940;958;988",9,0.45,0.032374,"database_signature_match","IPR011009","https://www.ebi.ac.uk/interpro/entry/InterPro/IPR011009/"
"JAK3","SNV_cluster_0017","","1D;3D","Sequence-local hotspot also compact in structure",TRUE,TRUE,TRUE,108,123,20,"511;549;572;573;586;613;657;666;674;678;819;840;848;857;875;886;906;940;958;988",0.010997800439912,0.010997800439912,0.010997800439912,"InterPro:IPR020635:2:268b045b","InterPro","IPR020635","domain","domain","protein_domain","grin3d_annotation_hierarchy_v1:protein_domain","domain","Tyrosine-protein kinase, catalytic domain",822,1095,"822-1095","interval_overlap","840;848;857;875;886;906;940;958;988",9,0.45,0.032847,"database_signature_match","IPR020635","https://www.ebi.ac.uk/interpro/entry/InterPro/IPR020635/"
"JAK3","SNV_cluster_0017","","1D;3D","Sequence-local hotspot also compact in structure",TRUE,TRUE,TRUE,108,123,20,"511;549;572;573;586;613;657;666;674;678;819;840;848;857;875;886;906;940;958;988",0.010997800439912,0.010997800439912,0.010997800439912,"InterPro:IPR000719:2:268b4348","InterPro","IPR000719","domain","domain","protein_domain","grin3d_annotation_hierarchy_v1:protein_domain","domain","Protein kinase domain",822,1111,"822-1111","interval_overlap","840;848;857;875;886;906;940;958;988",9,0.45,0.031034,"database_signature_match","IPR000719","https://www.ebi.ac.uk/interpro/entry/InterPro/IPR000719/"
"JAK3","SNV_cluster_0017","","1D;3D","Sequence-local hotspot also compact in structure",TRUE,TRUE,TRUE,108,123,20,"511;549;572;573;586;613;657;666;674;678;819;840;848;857;875;886;906;940;958;988",0.010997800439912,0.010997800439912,0.010997800439912,"UniProtKB:P52333:424c8d91","UniProtKB","P52333","domain","domain","protein_domain","grin3d_annotation_hierarchy_v1:protein_domain","Domain","Protein kinase 2",822,1111,"822-1111","interval_overlap","840;848;857;875;886;906;940;958;988",9,0.45,0.031034,"ECO:0000255","PRU00159","https://www.uniprot.org/uniprotkb/P52333/entry"
"JAK3","SNV_cluster_0017","","1D;3D","Sequence-local hotspot also compact in structure",TRUE,TRUE,TRUE,108,123,20,"511;549;572;573;586;613;657;666;674;678;819;840;848;857;875;886;906;940;958;988",0.010997800439912,0.010997800439912,0.010997800439912,"InterPro:IPR001245:2:220f4fdf","InterPro","IPR001245","domain","domain","protein_domain","grin3d_annotation_hierarchy_v1:protein_domain","domain","Serine-threonine/tyrosine-protein kinase, catalytic domain",823,1094,"823-1094","interval_overlap","840;848;857;875;886;906;940;958;988",9,0.45,0.033088,"database_signature_match","IPR001245","https://www.ebi.ac.uk/interpro/entry/InterPro/IPR001245/"
"JAK3","SNV_cluster_0017","","1D;3D","Sequence-local hotspot also compact in structure",TRUE,TRUE,TRUE,108,123,20,"511;549;572;573;586;613;657;666;674;678;819;840;848;857;875;886;906;940;958;988",0.010997800439912,0.010997800439912,0.010997800439912,"PDBe-KB:ligand:71790ab5","PDBe-KB/SIFTS","CL","site","binding_site","small_molecule_binding_site","pdbe_kb_sifts_v1:small_molecule_binding_site","experimental ligand contact","Contact with CHLORIDE ION (CL)",825,906,"825-825;840-840;847-847;850-850;851-851;905-905;906-906","experimental_ligand_contact","840;906",2,0.1,0.285714,"experimental_structure_contact","3ZC6;7UYV","https://www.ebi.ac.uk/pdbe/pdbe-kb/proteins/P52333"
"JAK3","SNV_cluster_0017","","1D;3D","Sequence-local hotspot also compact in structure",TRUE,TRUE,TRUE,108,123,20,"511;549;572;573;586;613;657;666;674;678;819;840;848;857;875;886;906;940;958;988",0.010997800439912,0.010997800439912,0.010997800439912,"PDBe-KB:ligand:553050f2","PDBe-KB/SIFTS","PEG","site","binding_site","small_molecule_binding_site","pdbe_kb_sifts_v1:small_molecule_binding_site","experimental ligand contact","Contact with DI(HYDROXYETHYL)ETHER (PEG)",826,906,"826-826;904-904;906-906","experimental_ligand_contact","906",1,0.05,0.333333,"experimental_structure_contact","3ZC6","https://www.ebi.ac.uk/pdbe/pdbe-kb/proteins/P52333"
"JAK3","SNV_cluster_0017","","1D;3D","Sequence-local hotspot also compact in structure",TRUE,TRUE,TRUE,108,123,20,"511;549;572;573;586;613;657;666;674;678;819;840;848;857;875;886;906;940;958;988",0.010997800439912,0.010997800439912,0.010997800439912,"InterPro:IPR017441:1:0401258a","InterPro","IPR017441","functional_region","functional_region","other_functional_region","grin3d_annotation_hierarchy_v1:other_functional_region","binding_site","Protein kinase, ATP binding site",828,855,"828-855","interval_overlap","840;848",2,0.1,0.071429,"database_signature_match","IPR017441","https://www.ebi.ac.uk/interpro/entry/InterPro/IPR017441/"
"JAK3","SNV_cluster_0017","","1D;3D","Sequence-local hotspot also compact in structure",TRUE,TRUE,TRUE,108,123,20,"511;549;572;573;586;613;657;666;674;678;819;840;848;857;875;886;906;940;958;988",0.010997800439912,0.010997800439912,0.010997800439912,"PDBe-KB:ligand:59b787a1","PDBe-KB/SIFTS","934","site","binding_site","small_molecule_binding_site","pdbe_kb_sifts_v1:small_molecule_binding_site","experimental ligand contact","Contact with 1-[4-[[2-[(1-methylpyrazol-4-yl)amino]quinazolin-8-yl]amino]piperidin-1-yl]ethanone (934)",828,966,"828-828;830-830;836-836;853-853;884-884;902-902;903-903;904-904;905-905;906-906;908-908;953-953;956-956;966-966","experimental_ligand_contact","906",1,0.05,0.071429,"experimental_structure_contact","7Q6H","https://www.ebi.ac.uk/pdbe/pdbe-kb/proteins/P52333"
"JAK3","SNV_cluster_0017","","1D;3D","Sequence-local hotspot also compact in structure",TRUE,TRUE,TRUE,108,123,20,"511;549;572;573;586;613;657;666;674;678;819;840;848;857;875;886;906;940;958;988",0.010997800439912,0.010997800439912,0.010997800439912,"PDBe-KB:ligand:2fd4627b","PDBe-KB/SIFTS","4LH","site","binding_site","small_molecule_binding_site","pdbe_kb_sifts_v1:small_molecule_binding_site","experimental ligand contact","Contact with N-(3-{[(5-chloro-2-{[2-methoxy-4-(4-methylpiperazin-1-yl)phenyl]amino}pyrimidin-4-yl)amino]methyl}phenyl)prop-2-enamide (4LH)",828,967,"828-828;853-853;884-884;902-902;903-903;904-904;905-905;906-906;908-908;909-909;912-912;953-953;956-956;966-966;967-967","experimental_ligand_contact","906",1,0.05,0.066667,"experimental_structure_contact","4Z16","https://www.ebi.ac.uk/pdbe/pdbe-kb/proteins/P52333"
"JAK3","SNV_cluster_0017","","1D;3D","Sequence-local hotspot also compact in structure",TRUE,TRUE,TRUE,108,123,20,"511;549;572;573;586;613;657;666;674;678;819;840;848;857;875;886;906;940;958;988",0.010997800439912,0.010997800439912,0.010997800439912,"PDBe-KB:ligand:151e2818","PDBe-KB/SIFTS","G9B","site","binding_site","small_molecule_binding_site","pdbe_kb_sifts_v1:small_molecule_binding_site","experimental ligand contact","Contact with N-[3-(2-{3-amino-6-[1-(1-methylpiperidin-4-yl)-1H-pyrazol-4-yl]pyrazin-2-yl}-1H-benzimidazol-1-yl)phenyl]propanamide (G9B)",828,967,"828-828;836-836;853-853;855-855;902-902;903-903;904-904;905-905;906-906;908-908;909-909;911-911;912-912;953-953;956-956;967-967","experimental_ligand_contact","906",1,0.05,0.0625,"experimental_structure_contact","4V0G","https://www.ebi.ac.uk/pdbe/pdbe-kb/proteins/P52333"
"JAK3","SNV_cluster_0017","","1D;3D","Sequence-local hotspot also compact in structure",TRUE,TRUE,TRUE,108,123,20,"511;549;572;573;586;613;657;666;674;678;819;840;848;857;875;886;906;940;958;988",0.010997800439912,0.010997800439912,0.010997800439912,"PDBe-KB:ligand:636df3bc","PDBe-KB/SIFTS","A1JJU","site","binding_site","small_molecule_binding_site","pdbe_kb_sifts_v1:small_molecule_binding_site","experimental ligand contact","Contact with 3-(3-cyclohexyl-3,8,10-triazatricyclo[7.3.0.0^{2,6}]dodeca-1,4,6,8,11-pentaen-5-yl)benzenesulfonyl fluoride (A1JJU)",828,967,"828-828;836-836;853-853;902-902;903-903;904-904;905-905;906-906;908-908;954-954;956-956;966-966;967-967","experimental_ligand_contact","906",1,0.05,0.076923,"experimental_structure_contact","9R5Z","https://www.ebi.ac.uk/pdbe/pdbe-kb/proteins/P52333"
"JAK3","SNV_cluster_0017","","1D;3D","Sequence-local hotspot also compact in structure",TRUE,TRUE,TRUE,108,123,20,"511;549;572;573;586;613;657;666;674;678;819;840;848;857;875;886;906;940;958;988",0.010997800439912,0.010997800439912,0.010997800439912,"PDBe-KB:ligand:00ec1236","PDBe-KB/SIFTS","DTV","site","binding_site","small_molecule_binding_site","pdbe_kb_sifts_v1:small_molecule_binding_site","experimental ligand contact","Contact with (2S,3S)-1,4-DIMERCAPTOBUTANE-2,3-DIOL (DTV)",832,988,"832-832;833-833;835-835;836-836;855-855;877-877;943-943;967-967;969-969;970-970;973-973;988-988","experimental_ligand_contact","988",1,0.05,0.083333,"experimental_structure_contact","1YVJ","https://www.ebi.ac.uk/pdbe/pdbe-kb/proteins/P52333"
"JAK3","SNV_cluster_0018","","3D","Nonlocal, 3D-specific hotspot",FALSE,TRUE,TRUE,21,21,3,"657;666;848",1,0.010997800439912,0.010997800439912,"InterPro:IPR051286:1:570adfd9","InterPro","IPR051286","domain","domain","protein_family","grin3d_annotation_hierarchy_v1:protein_family","family","Janus Kinase (JAK)",11,1101,"11-1101","interval_overlap","657;666;848",3,1,0.00275,"database_signature_match","IPR051286","https://www.ebi.ac.uk/interpro/entry/InterPro/IPR051286/"
"JAK3","SNV_cluster_0018","","3D","Nonlocal, 3D-specific hotspot",FALSE,TRUE,TRUE,21,21,3,"657;666;848",1,0.010997800439912,0.010997800439912,"InterPro:IPR016251:1:1039395f","InterPro","IPR016251","domain","domain","protein_family","grin3d_annotation_hierarchy_v1:protein_family","family","Tyrosine-protein kinase, non-receptor Jak/Tyk2",20,1101,"20-1101","interval_overlap","657;666;848",3,1,0.002773,"database_signature_match","IPR016251","https://www.ebi.ac.uk/interpro/entry/InterPro/IPR016251/"
"JAK3","SNV_cluster_0018","","3D","Nonlocal, 3D-specific hotspot",FALSE,TRUE,TRUE,21,21,3,"657;666;848",1,0.010997800439912,0.010997800439912,"InterPro:IPR011009:1:6ee05de3","InterPro","IPR011009","domain","domain","homologous_superfamily","grin3d_annotation_hierarchy_v1:homologous_superfamily","homologous_superfamily","Protein kinase-like domain superfamily",508,788,"508-788","interval_overlap","657;666",2,0.666667,0.007117,"database_signature_match","IPR011009","https://www.ebi.ac.uk/interpro/entry/InterPro/IPR011009/"
"JAK3","SNV_cluster_0018","","3D","Nonlocal, 3D-specific hotspot",FALSE,TRUE,TRUE,21,21,3,"657;666;848",1,0.010997800439912,0.010997800439912,"InterPro:IPR001245:1:6b08f831","InterPro","IPR001245","domain","domain","protein_domain","grin3d_annotation_hierarchy_v1:protein_domain","domain","Serine-threonine/tyrosine-protein kinase, catalytic domain",521,777,"521-777","interval_overlap","657;666",2,0.666667,0.007782,"database_signature_match","IPR001245","https://www.ebi.ac.uk/interpro/entry/InterPro/IPR001245/"
"JAK3","SNV_cluster_0018","","3D","Nonlocal, 3D-specific hotspot",FALSE,TRUE,TRUE,21,21,3,"657;666;848",1,0.010997800439912,0.010997800439912,"InterPro:IPR020635:1:6b08f831","InterPro","IPR020635","domain","domain","protein_domain","grin3d_annotation_hierarchy_v1:protein_domain","domain","Tyrosine-protein kinase, catalytic domain",521,777,"521-777","interval_overlap","657;666",2,0.666667,0.007782,"database_signature_match","IPR020635","https://www.ebi.ac.uk/interpro/entry/InterPro/IPR020635/"
"JAK3","SNV_cluster_0018","","3D","Nonlocal, 3D-specific hotspot",FALSE,TRUE,TRUE,21,21,3,"657;666;848",1,0.010997800439912,0.010997800439912,"InterPro:IPR000719:1:6b08f8ae","InterPro","IPR000719","domain","domain","protein_domain","grin3d_annotation_hierarchy_v1:protein_domain","domain","Protein kinase domain",521,781,"521-781","interval_overlap","657;666",2,0.666667,0.007663,"database_signature_match","IPR000719","https://www.ebi.ac.uk/interpro/entry/InterPro/IPR000719/"
"JAK3","SNV_cluster_0018","","3D","Nonlocal, 3D-specific hotspot",FALSE,TRUE,TRUE,21,21,3,"657;666;848",1,0.010997800439912,0.010997800439912,"UniProtKB:P52333:1806f325","UniProtKB","P52333","domain","domain","protein_domain","grin3d_annotation_hierarchy_v1:protein_domain","Domain","Protein kinase 1",521,781,"521-781","interval_overlap","657;666",2,0.666667,0.007663,"ECO:0000255","PRU00159","https://www.uniprot.org/uniprotkb/P52333/entry"
"JAK3","SNV_cluster_0018","","3D","Nonlocal, 3D-specific hotspot",FALSE,TRUE,TRUE,21,21,3,"657;666;848",1,0.010997800439912,0.010997800439912,"InterPro:IPR011009:2:2f826d53","InterPro","IPR011009","domain","domain","homologous_superfamily","grin3d_annotation_hierarchy_v1:homologous_superfamily","homologous_superfamily","Protein kinase-like domain superfamily",820,1097,"820-1097","interval_overlap","848",1,0.333333,0.003597,"database_signature_match","IPR011009","https://www.ebi.ac.uk/interpro/entry/InterPro/IPR011009/"
"JAK3","SNV_cluster_0018","","3D","Nonlocal, 3D-specific hotspot",FALSE,TRUE,TRUE,21,21,3,"657;666;848",1,0.010997800439912,0.010997800439912,"InterPro:IPR020635:2:268b045b","InterPro","IPR020635","domain","domain","protein_domain","grin3d_annotation_hierarchy_v1:protein_domain","domain","Tyrosine-protein kinase, catalytic domain",822,1095,"822-1095","interval_overlap","848",1,0.333333,0.00365,"database_signature_match","IPR020635","https://www.ebi.ac.uk/interpro/entry/InterPro/IPR020635/"
"JAK3","SNV_cluster_0018","","3D","Nonlocal, 3D-specific hotspot",FALSE,TRUE,TRUE,21,21,3,"657;666;848",1,0.010997800439912,0.010997800439912,"InterPro:IPR000719:2:268b4348","InterPro","IPR000719","domain","domain","protein_domain","grin3d_annotation_hierarchy_v1:protein_domain","domain","Protein kinase domain",822,1111,"822-1111","interval_overlap","848",1,0.333333,0.003448,"database_signature_match","IPR000719","https://www.ebi.ac.uk/interpro/entry/InterPro/IPR000719/"
"JAK3","SNV_cluster_0018","","3D","Nonlocal, 3D-specific hotspot",FALSE,TRUE,TRUE,21,21,3,"657;666;848",1,0.010997800439912,0.010997800439912,"UniProtKB:P52333:424c8d91","UniProtKB","P52333","domain","domain","protein_domain","grin3d_annotation_hierarchy_v1:protein_domain","Domain","Protein kinase 2",822,1111,"822-1111","interval_overlap","848",1,0.333333,0.003448,"ECO:0000255","PRU00159","https://www.uniprot.org/uniprotkb/P52333/entry"
"JAK3","SNV_cluster_0018","","3D","Nonlocal, 3D-specific hotspot",FALSE,TRUE,TRUE,21,21,3,"657;666;848",1,0.010997800439912,0.010997800439912,"InterPro:IPR001245:2:220f4fdf","InterPro","IPR001245","domain","domain","protein_domain","grin3d_annotation_hierarchy_v1:protein_domain","domain","Serine-threonine/tyrosine-protein kinase, catalytic domain",823,1094,"823-1094","interval_overlap","848",1,0.333333,0.003676,"database_signature_match","IPR001245","https://www.ebi.ac.uk/interpro/entry/InterPro/IPR001245/"
"JAK3","SNV_cluster_0018","","3D","Nonlocal, 3D-specific hotspot",FALSE,TRUE,TRUE,21,21,3,"657;666;848",1,0.010997800439912,0.010997800439912,"InterPro:IPR017441:1:0401258a","InterPro","IPR017441","functional_region","functional_region","other_functional_region","grin3d_annotation_hierarchy_v1:other_functional_region","binding_site","Protein kinase, ATP binding site",828,855,"828-855","interval_overlap","848",1,0.333333,0.035714,"database_signature_match","IPR017441","https://www.ebi.ac.uk/interpro/entry/InterPro/IPR017441/"
"JAK3","SNV_cluster_0019","","3D","Nonlocal, 3D-specific hotspot",FALSE,TRUE,TRUE,24,24,5,"586;657;666;840;848",1,0.010997800439912,0.010997800439912,"InterPro:IPR051286:1:570adfd9","InterPro","IPR051286","domain","domain","protein_family","grin3d_annotation_hierarchy_v1:protein_family","family","Janus Kinase (JAK)",11,1101,"11-1101","interval_overlap","586;657;666;840;848",5,1,0.004583,"database_signature_match","IPR051286","https://www.ebi.ac.uk/interpro/entry/InterPro/IPR051286/"
"JAK3","SNV_cluster_0019","","3D","Nonlocal, 3D-specific hotspot",FALSE,TRUE,TRUE,24,24,5,"586;657;666;840;848",1,0.010997800439912,0.010997800439912,"InterPro:IPR016251:1:1039395f","InterPro","IPR016251","domain","domain","protein_family","grin3d_annotation_hierarchy_v1:protein_family","family","Tyrosine-protein kinase, non-receptor Jak/Tyk2",20,1101,"20-1101","interval_overlap","586;657;666;840;848",5,1,0.004621,"database_signature_match","IPR016251","https://www.ebi.ac.uk/interpro/entry/InterPro/IPR016251/"
"JAK3","SNV_cluster_0019","","3D","Nonlocal, 3D-specific hotspot",FALSE,TRUE,TRUE,24,24,5,"586;657;666;840;848",1,0.010997800439912,0.010997800439912,"InterPro:IPR011009:1:6ee05de3","InterPro","IPR011009","domain","domain","homologous_superfamily","grin3d_annotation_hierarchy_v1:homologous_superfamily","homologous_superfamily","Protein kinase-like domain superfamily",508,788,"508-788","interval_overlap","586;657;666",3,0.6,0.010676,"database_signature_match","IPR011009","https://www.ebi.ac.uk/interpro/entry/InterPro/IPR011009/"
"JAK3","SNV_cluster_0019","","3D","Nonlocal, 3D-specific hotspot",FALSE,TRUE,TRUE,24,24,5,"586;657;666;840;848",1,0.010997800439912,0.010997800439912,"InterPro:IPR001245:1:6b08f831","InterPro","IPR001245","domain","domain","protein_domain","grin3d_annotation_hierarchy_v1:protein_domain","domain","Serine-threonine/tyrosine-protein kinase, catalytic domain",521,777,"521-777","interval_overlap","586;657;666",3,0.6,0.011673,"database_signature_match","IPR001245","https://www.ebi.ac.uk/interpro/entry/InterPro/IPR001245/"
"JAK3","SNV_cluster_0019","","3D","Nonlocal, 3D-specific hotspot",FALSE,TRUE,TRUE,24,24,5,"586;657;666;840;848",1,0.010997800439912,0.010997800439912,"InterPro:IPR020635:1:6b08f831","InterPro","IPR020635","domain","domain","protein_domain","grin3d_annotation_hierarchy_v1:protein_domain","domain","Tyrosine-protein kinase, catalytic domain",521,777,"521-777","interval_overlap","586;657;666",3,0.6,0.011673,"database_signature_match","IPR020635","https://www.ebi.ac.uk/interpro/entry/InterPro/IPR020635/"
"JAK3","SNV_cluster_0019","","3D","Nonlocal, 3D-specific hotspot",FALSE,TRUE,TRUE,24,24,5,"586;657;666;840;848",1,0.010997800439912,0.010997800439912,"InterPro:IPR000719:1:6b08f8ae","InterPro","IPR000719","domain","domain","protein_domain","grin3d_annotation_hierarchy_v1:protein_domain","domain","Protein kinase domain",521,781,"521-781","interval_overlap","586;657;666",3,0.6,0.011494,"database_signature_match","IPR000719","https://www.ebi.ac.uk/interpro/entry/InterPro/IPR000719/"
"JAK3","SNV_cluster_0019","","3D","Nonlocal, 3D-specific hotspot",FALSE,TRUE,TRUE,24,24,5,"586;657;666;840;848",1,0.010997800439912,0.010997800439912,"UniProtKB:P52333:1806f325","UniProtKB","P52333","domain","domain","protein_domain","grin3d_annotation_hierarchy_v1:protein_domain","Domain","Protein kinase 1",521,781,"521-781","interval_overlap","586;657;666",3,0.6,0.011494,"ECO:0000255","PRU00159","https://www.uniprot.org/uniprotkb/P52333/entry"
"JAK3","SNV_cluster_0019","","3D","Nonlocal, 3D-specific hotspot",FALSE,TRUE,TRUE,24,24,5,"586;657;666;840;848",1,0.010997800439912,0.010997800439912,"InterPro:IPR011009:2:2f826d53","InterPro","IPR011009","domain","domain","homologous_superfamily","grin3d_annotation_hierarchy_v1:homologous_superfamily","homologous_superfamily","Protein kinase-like domain superfamily",820,1097,"820-1097","interval_overlap","840;848",2,0.4,0.007194,"database_signature_match","IPR011009","https://www.ebi.ac.uk/interpro/entry/InterPro/IPR011009/"
"JAK3","SNV_cluster_0019","","3D","Nonlocal, 3D-specific hotspot",FALSE,TRUE,TRUE,24,24,5,"586;657;666;840;848",1,0.010997800439912,0.010997800439912,"InterPro:IPR020635:2:268b045b","InterPro","IPR020635","domain","domain","protein_domain","grin3d_annotation_hierarchy_v1:protein_domain","domain","Tyrosine-protein kinase, catalytic domain",822,1095,"822-1095","interval_overlap","840;848",2,0.4,0.007299,"database_signature_match","IPR020635","https://www.ebi.ac.uk/interpro/entry/InterPro/IPR020635/"
"JAK3","SNV_cluster_0019","","3D","Nonlocal, 3D-specific hotspot",FALSE,TRUE,TRUE,24,24,5,"586;657;666;840;848",1,0.010997800439912,0.010997800439912,"InterPro:IPR000719:2:268b4348","InterPro","IPR000719","domain","domain","protein_domain","grin3d_annotation_hierarchy_v1:protein_domain","domain","Protein kinase domain",822,1111,"822-1111","interval_overlap","840;848",2,0.4,0.006897,"database_signature_match","IPR000719","https://www.ebi.ac.uk/interpro/entry/InterPro/IPR000719/"
"JAK3","SNV_cluster_0019","","3D","Nonlocal, 3D-specific hotspot",FALSE,TRUE,TRUE,24,24,5,"586;657;666;840;848",1,0.010997800439912,0.010997800439912,"UniProtKB:P52333:424c8d91","UniProtKB","P52333","domain","domain","protein_domain","grin3d_annotation_hierarchy_v1:protein_domain","Domain","Protein kinase 2",822,1111,"822-1111","interval_overlap","840;848",2,0.4,0.006897,"ECO:0000255","PRU00159","https://www.uniprot.org/uniprotkb/P52333/entry"
"JAK3","SNV_cluster_0019","","3D","Nonlocal, 3D-specific hotspot",FALSE,TRUE,TRUE,24,24,5,"586;657;666;840;848",1,0.010997800439912,0.010997800439912,"InterPro:IPR001245:2:220f4fdf","InterPro","IPR001245","domain","domain","protein_domain","grin3d_annotation_hierarchy_v1:protein_domain","domain","Serine-threonine/tyrosine-protein kinase, catalytic domain",823,1094,"823-1094","interval_overlap","840;848",2,0.4,0.007353,"database_signature_match","IPR001245","https://www.ebi.ac.uk/interpro/entry/InterPro/IPR001245/"
"JAK3","SNV_cluster_0019","","3D","Nonlocal, 3D-specific hotspot",FALSE,TRUE,TRUE,24,24,5,"586;657;666;840;848",1,0.010997800439912,0.010997800439912,"PDBe-KB:ligand:71790ab5","PDBe-KB/SIFTS","CL","site","binding_site","small_molecule_binding_site","pdbe_kb_sifts_v1:small_molecule_binding_site","experimental ligand contact","Contact with CHLORIDE ION (CL)",825,906,"825-825;840-840;847-847;850-850;851-851;905-905;906-906","experimental_ligand_contact","840",1,0.2,0.142857,"experimental_structure_contact","3ZC6;7UYV","https://www.ebi.ac.uk/pdbe/pdbe-kb/proteins/P52333"
"JAK3","SNV_cluster_0019","","3D","Nonlocal, 3D-specific hotspot",FALSE,TRUE,TRUE,24,24,5,"586;657;666;840;848",1,0.010997800439912,0.010997800439912,"InterPro:IPR017441:1:0401258a","InterPro","IPR017441","functional_region","functional_region","other_functional_region","grin3d_annotation_hierarchy_v1:other_functional_region","binding_site","Protein kinase, ATP binding site",828,855,"828-855","interval_overlap","840;848",2,0.4,0.071429,"database_signature_match","IPR017441","https://www.ebi.ac.uk/interpro/entry/InterPro/IPR017441/"
"JAK3","SNV_cluster_0020","","1D","Linear hotspot without independent 3D enrichment",TRUE,FALSE,TRUE,23,23,5,"549;572;573;586;613",0.010997800439912,0.736452709458108,0.010997800439912,"InterPro:IPR051286:1:570adfd9","InterPro","IPR051286","domain","domain","protein_family","grin3d_annotation_hierarchy_v1:protein_family","family","Janus Kinase (JAK)",11,1101,"11-1101","interval_overlap","549;572;573;586;613",5,1,0.004583,"database_signature_match","IPR051286","https://www.ebi.ac.uk/interpro/entry/InterPro/IPR051286/"
"JAK3","SNV_cluster_0020","","1D","Linear hotspot without independent 3D enrichment",TRUE,FALSE,TRUE,23,23,5,"549;572;573;586;613",0.010997800439912,0.736452709458108,0.010997800439912,"InterPro:IPR016251:1:1039395f","InterPro","IPR016251","domain","domain","protein_family","grin3d_annotation_hierarchy_v1:protein_family","family","Tyrosine-protein kinase, non-receptor Jak/Tyk2",20,1101,"20-1101","interval_overlap","549;572;573;586;613",5,1,0.004621,"database_signature_match","IPR016251","https://www.ebi.ac.uk/interpro/entry/InterPro/IPR016251/"
"JAK3","SNV_cluster_0020","","1D","Linear hotspot without independent 3D enrichment",TRUE,FALSE,TRUE,23,23,5,"549;572;573;586;613",0.010997800439912,0.736452709458108,0.010997800439912,"InterPro:IPR011009:1:6ee05de3","InterPro","IPR011009","domain","domain","homologous_superfamily","grin3d_annotation_hierarchy_v1:homologous_superfamily","homologous_superfamily","Protein kinase-like domain superfamily",508,788,"508-788","interval_overlap","549;572;573;586;613",5,1,0.017794,"database_signature_match","IPR011009","https://www.ebi.ac.uk/interpro/entry/InterPro/IPR011009/"
"JAK3","SNV_cluster_0020","","1D","Linear hotspot without independent 3D enrichment",TRUE,FALSE,TRUE,23,23,5,"549;572;573;586;613",0.010997800439912,0.736452709458108,0.010997800439912,"InterPro:IPR001245:1:6b08f831","InterPro","IPR001245","domain","domain","protein_domain","grin3d_annotation_hierarchy_v1:protein_domain","domain","Serine-threonine/tyrosine-protein kinase, catalytic domain",521,777,"521-777","interval_overlap","549;572;573;586;613",5,1,0.019455,"database_signature_match","IPR001245","https://www.ebi.ac.uk/interpro/entry/InterPro/IPR001245/"
"JAK3","SNV_cluster_0020","","1D","Linear hotspot without independent 3D enrichment",TRUE,FALSE,TRUE,23,23,5,"549;572;573;586;613",0.010997800439912,0.736452709458108,0.010997800439912,"InterPro:IPR020635:1:6b08f831","InterPro","IPR020635","domain","domain","protein_domain","grin3d_annotation_hierarchy_v1:protein_domain","domain","Tyrosine-protein kinase, catalytic domain",521,777,"521-777","interval_overlap","549;572;573;586;613",5,1,0.019455,"database_signature_match","IPR020635","https://www.ebi.ac.uk/interpro/entry/InterPro/IPR020635/"
"JAK3","SNV_cluster_0020","","1D","Linear hotspot without independent 3D enrichment",TRUE,FALSE,TRUE,23,23,5,"549;572;573;586;613",0.010997800439912,0.736452709458108,0.010997800439912,"InterPro:IPR000719:1:6b08f8ae","InterPro","IPR000719","domain","domain","protein_domain","grin3d_annotation_hierarchy_v1:protein_domain","domain","Protein kinase domain",521,781,"521-781","interval_overlap","549;572;573;586;613",5,1,0.019157,"database_signature_match","IPR000719","https://www.ebi.ac.uk/interpro/entry/InterPro/IPR000719/"
"JAK3","SNV_cluster_0020","","1D","Linear hotspot without independent 3D enrichment",TRUE,FALSE,TRUE,23,23,5,"549;572;573;586;613",0.010997800439912,0.736452709458108,0.010997800439912,"UniProtKB:P52333:1806f325","UniProtKB","P52333","domain","domain","protein_domain","grin3d_annotation_hierarchy_v1:protein_domain","Domain","Protein kinase 1",521,781,"521-781","interval_overlap","549;572;573;586;613",5,1,0.019157,"ECO:0000255","PRU00159","https://www.uniprot.org/uniprotkb/P52333/entry"
"JAK3","SNV_cluster_0021","","3D","Nonlocal, 3D-specific hotspot",FALSE,TRUE,TRUE,25,25,6,"586;613;657;666;840;848",1,0.0405918816236753,0.0405918816236753,"InterPro:IPR051286:1:570adfd9","InterPro","IPR051286","domain","domain","protein_family","grin3d_annotation_hierarchy_v1:protein_family","family","Janus Kinase (JAK)",11,1101,"11-1101","interval_overlap","586;613;657;666;840;848",6,1,0.0055,"database_signature_match","IPR051286","https://www.ebi.ac.uk/interpro/entry/InterPro/IPR051286/"
"JAK3","SNV_cluster_0021","","3D","Nonlocal, 3D-specific hotspot",FALSE,TRUE,TRUE,25,25,6,"586;613;657;666;840;848",1,0.0405918816236753,0.0405918816236753,"InterPro:IPR016251:1:1039395f","InterPro","IPR016251","domain","domain","protein_family","grin3d_annotation_hierarchy_v1:protein_family","family","Tyrosine-protein kinase, non-receptor Jak/Tyk2",20,1101,"20-1101","interval_overlap","586;613;657;666;840;848",6,1,0.005545,"database_signature_match","IPR016251","https://www.ebi.ac.uk/interpro/entry/InterPro/IPR016251/"
"JAK3","SNV_cluster_0021","","3D","Nonlocal, 3D-specific hotspot",FALSE,TRUE,TRUE,25,25,6,"586;613;657;666;840;848",1,0.0405918816236753,0.0405918816236753,"InterPro:IPR011009:1:6ee05de3","InterPro","IPR011009","domain","domain","homologous_superfamily","grin3d_annotation_hierarchy_v1:homologous_superfamily","homologous_superfamily","Protein kinase-like domain superfamily",508,788,"508-788","interval_overlap","586;613;657;666",4,0.666667,0.014235,"database_signature_match","IPR011009","https://www.ebi.ac.uk/interpro/entry/InterPro/IPR011009/"
"JAK3","SNV_cluster_0021","","3D","Nonlocal, 3D-specific hotspot",FALSE,TRUE,TRUE,25,25,6,"586;613;657;666;840;848",1,0.0405918816236753,0.0405918816236753,"InterPro:IPR001245:1:6b08f831","InterPro","IPR001245","domain","domain","protein_domain","grin3d_annotation_hierarchy_v1:protein_domain","domain","Serine-threonine/tyrosine-protein kinase, catalytic domain",521,777,"521-777","interval_overlap","586;613;657;666",4,0.666667,0.015564,"database_signature_match","IPR001245","https://www.ebi.ac.uk/interpro/entry/InterPro/IPR001245/"
"JAK3","SNV_cluster_0021","","3D","Nonlocal, 3D-specific hotspot",FALSE,TRUE,TRUE,25,25,6,"586;613;657;666;840;848",1,0.0405918816236753,0.0405918816236753,"InterPro:IPR020635:1:6b08f831","InterPro","IPR020635","domain","domain","protein_domain","grin3d_annotation_hierarchy_v1:protein_domain","domain","Tyrosine-protein kinase, catalytic domain",521,777,"521-777","interval_overlap","586;613;657;666",4,0.666667,0.015564,"database_signature_match","IPR020635","https://www.ebi.ac.uk/interpro/entry/InterPro/IPR020635/"
"JAK3","SNV_cluster_0021","","3D","Nonlocal, 3D-specific hotspot",FALSE,TRUE,TRUE,25,25,6,"586;613;657;666;840;848",1,0.0405918816236753,0.0405918816236753,"InterPro:IPR000719:1:6b08f8ae","InterPro","IPR000719","domain","domain","protein_domain","grin3d_annotation_hierarchy_v1:protein_domain","domain","Protein kinase domain",521,781,"521-781","interval_overlap","586;613;657;666",4,0.666667,0.015326,"database_signature_match","IPR000719","https://www.ebi.ac.uk/interpro/entry/InterPro/IPR000719/"
"JAK3","SNV_cluster_0021","","3D","Nonlocal, 3D-specific hotspot",FALSE,TRUE,TRUE,25,25,6,"586;613;657;666;840;848",1,0.0405918816236753,0.0405918816236753,"UniProtKB:P52333:1806f325","UniProtKB","P52333","domain","domain","protein_domain","grin3d_annotation_hierarchy_v1:protein_domain","Domain","Protein kinase 1",521,781,"521-781","interval_overlap","586;613;657;666",4,0.666667,0.015326,"ECO:0000255","PRU00159","https://www.uniprot.org/uniprotkb/P52333/entry"
"JAK3","SNV_cluster_0021","","3D","Nonlocal, 3D-specific hotspot",FALSE,TRUE,TRUE,25,25,6,"586;613;657;666;840;848",1,0.0405918816236753,0.0405918816236753,"InterPro:IPR011009:2:2f826d53","InterPro","IPR011009","domain","domain","homologous_superfamily","grin3d_annotation_hierarchy_v1:homologous_superfamily","homologous_superfamily","Protein kinase-like domain superfamily",820,1097,"820-1097","interval_overlap","840;848",2,0.333333,0.007194,"database_signature_match","IPR011009","https://www.ebi.ac.uk/interpro/entry/InterPro/IPR011009/"
"JAK3","SNV_cluster_0021","","3D","Nonlocal, 3D-specific hotspot",FALSE,TRUE,TRUE,25,25,6,"586;613;657;666;840;848",1,0.0405918816236753,0.0405918816236753,"InterPro:IPR020635:2:268b045b","InterPro","IPR020635","domain","domain","protein_domain","grin3d_annotation_hierarchy_v1:protein_domain","domain","Tyrosine-protein kinase, catalytic domain",822,1095,"822-1095","interval_overlap","840;848",2,0.333333,0.007299,"database_signature_match","IPR020635","https://www.ebi.ac.uk/interpro/entry/InterPro/IPR020635/"
"JAK3","SNV_cluster_0021","","3D","Nonlocal, 3D-specific hotspot",FALSE,TRUE,TRUE,25,25,6,"586;613;657;666;840;848",1,0.0405918816236753,0.0405918816236753,"InterPro:IPR000719:2:268b4348","InterPro","IPR000719","domain","domain","protein_domain","grin3d_annotation_hierarchy_v1:protein_domain","domain","Protein kinase domain",822,1111,"822-1111","interval_overlap","840;848",2,0.333333,0.006897,"database_signature_match","IPR000719","https://www.ebi.ac.uk/interpro/entry/InterPro/IPR000719/"
"JAK3","SNV_cluster_0021","","3D","Nonlocal, 3D-specific hotspot",FALSE,TRUE,TRUE,25,25,6,"586;613;657;666;840;848",1,0.0405918816236753,0.0405918816236753,"UniProtKB:P52333:424c8d91","UniProtKB","P52333","domain","domain","protein_domain","grin3d_annotation_hierarchy_v1:protein_domain","Domain","Protein kinase 2",822,1111,"822-1111","interval_overlap","840;848",2,0.333333,0.006897,"ECO:0000255","PRU00159","https://www.uniprot.org/uniprotkb/P52333/entry"
"JAK3","SNV_cluster_0021","","3D","Nonlocal, 3D-specific hotspot",FALSE,TRUE,TRUE,25,25,6,"586;613;657;666;840;848",1,0.0405918816236753,0.0405918816236753,"InterPro:IPR001245:2:220f4fdf","InterPro","IPR001245","domain","domain","protein_domain","grin3d_annotation_hierarchy_v1:protein_domain","domain","Serine-threonine/tyrosine-protein kinase, catalytic domain",823,1094,"823-1094","interval_overlap","840;848",2,0.333333,0.007353,"database_signature_match","IPR001245","https://www.ebi.ac.uk/interpro/entry/InterPro/IPR001245/"
"JAK3","SNV_cluster_0021","","3D","Nonlocal, 3D-specific hotspot",FALSE,TRUE,TRUE,25,25,6,"586;613;657;666;840;848",1,0.0405918816236753,0.0405918816236753,"PDBe-KB:ligand:71790ab5","PDBe-KB/SIFTS","CL","site","binding_site","small_molecule_binding_site","pdbe_kb_sifts_v1:small_molecule_binding_site","experimental ligand contact","Contact with CHLORIDE ION (CL)",825,906,"825-825;840-840;847-847;850-850;851-851;905-905;906-906","experimental_ligand_contact","840",1,0.166667,0.142857,"experimental_structure_contact","3ZC6;7UYV","https://www.ebi.ac.uk/pdbe/pdbe-kb/proteins/P52333"
"JAK3","SNV_cluster_0021","","3D","Nonlocal, 3D-specific hotspot",FALSE,TRUE,TRUE,25,25,6,"586;613;657;666;840;848",1,0.0405918816236753,0.0405918816236753,"InterPro:IPR017441:1:0401258a","InterPro","IPR017441","functional_region","functional_region","other_functional_region","grin3d_annotation_hierarchy_v1:other_functional_region","binding_site","Protein kinase, ATP binding site",828,855,"828-855","interval_overlap","840;848",2,0.333333,0.071429,"database_signature_match","IPR017441","https://www.ebi.ac.uk/interpro/entry/InterPro/IPR017441/"
"JAK3","SNV_cluster_0022","","1D","Weak clustering evidence",FALSE,FALSE,FALSE,10,10,3,"840;848;857",0.238152369526095,1,0.238152369526095,"InterPro:IPR051286:1:570adfd9","InterPro","IPR051286","domain","domain","protein_family","grin3d_annotation_hierarchy_v1:protein_family","family","Janus Kinase (JAK)",11,1101,"11-1101","interval_overlap","840;848;857",3,1,0.00275,"database_signature_match","IPR051286","https://www.ebi.ac.uk/interpro/entry/InterPro/IPR051286/"
"JAK3","SNV_cluster_0022","","1D","Weak clustering evidence",FALSE,FALSE,FALSE,10,10,3,"840;848;857",0.238152369526095,1,0.238152369526095,"InterPro:IPR016251:1:1039395f","InterPro","IPR016251","domain","domain","protein_family","grin3d_annotation_hierarchy_v1:protein_family","family","Tyrosine-protein kinase, non-receptor Jak/Tyk2",20,1101,"20-1101","interval_overlap","840;848;857",3,1,0.002773,"database_signature_match","IPR016251","https://www.ebi.ac.uk/interpro/entry/InterPro/IPR016251/"
"JAK3","SNV_cluster_0022","","1D","Weak clustering evidence",FALSE,FALSE,FALSE,10,10,3,"840;848;857",0.238152369526095,1,0.238152369526095,"InterPro:IPR011009:2:2f826d53","InterPro","IPR011009","domain","domain","homologous_superfamily","grin3d_annotation_hierarchy_v1:homologous_superfamily","homologous_superfamily","Protein kinase-like domain superfamily",820,1097,"820-1097","interval_overlap","840;848;857",3,1,0.010791,"database_signature_match","IPR011009","https://www.ebi.ac.uk/interpro/entry/InterPro/IPR011009/"
"JAK3","SNV_cluster_0022","","1D","Weak clustering evidence",FALSE,FALSE,FALSE,10,10,3,"840;848;857",0.238152369526095,1,0.238152369526095,"InterPro:IPR020635:2:268b045b","InterPro","IPR020635","domain","domain","protein_domain","grin3d_annotation_hierarchy_v1:protein_domain","domain","Tyrosine-protein kinase, catalytic domain",822,1095,"822-1095","interval_overlap","840;848;857",3,1,0.010949,"database_signature_match","IPR020635","https://www.ebi.ac.uk/interpro/entry/InterPro/IPR020635/"
"JAK3","SNV_cluster_0022","","1D","Weak clustering evidence",FALSE,FALSE,FALSE,10,10,3,"840;848;857",0.238152369526095,1,0.238152369526095,"InterPro:IPR000719:2:268b4348","InterPro","IPR000719","domain","domain","protein_domain","grin3d_annotation_hierarchy_v1:protein_domain","domain","Protein kinase domain",822,1111,"822-1111","interval_overlap","840;848;857",3,1,0.010345,"database_signature_match","IPR000719","https://www.ebi.ac.uk/interpro/entry/InterPro/IPR000719/"
"JAK3","SNV_cluster_0022","","1D","Weak clustering evidence",FALSE,FALSE,FALSE,10,10,3,"840;848;857",0.238152369526095,1,0.238152369526095,"UniProtKB:P52333:424c8d91","UniProtKB","P52333","domain","domain","protein_domain","grin3d_annotation_hierarchy_v1:protein_domain","Domain","Protein kinase 2",822,1111,"822-1111","interval_overlap","840;848;857",3,1,0.010345,"ECO:0000255","PRU00159","https://www.uniprot.org/uniprotkb/P52333/entry"
"JAK3","SNV_cluster_0022","","1D","Weak clustering evidence",FALSE,FALSE,FALSE,10,10,3,"840;848;857",0.238152369526095,1,0.238152369526095,"InterPro:IPR001245:2:220f4fdf","InterPro","IPR001245","domain","domain","protein_domain","grin3d_annotation_hierarchy_v1:protein_domain","domain","Serine-threonine/tyrosine-protein kinase, catalytic domain",823,1094,"823-1094","interval_overlap","840;848;857",3,1,0.011029,"database_signature_match","IPR001245","https://www.ebi.ac.uk/interpro/entry/InterPro/IPR001245/"
"JAK3","SNV_cluster_0022","","1D","Weak clustering evidence",FALSE,FALSE,FALSE,10,10,3,"840;848;857",0.238152369526095,1,0.238152369526095,"PDBe-KB:ligand:71790ab5","PDBe-KB/SIFTS","CL","site","binding_site","small_molecule_binding_site","pdbe_kb_sifts_v1:small_molecule_binding_site","experimental ligand contact","Contact with CHLORIDE ION (CL)",825,906,"825-825;840-840;847-847;850-850;851-851;905-905;906-906","experimental_ligand_contact","840",1,0.333333,0.142857,"experimental_structure_contact","3ZC6;7UYV","https://www.ebi.ac.uk/pdbe/pdbe-kb/proteins/P52333"
"JAK3","SNV_cluster_0022","","1D","Weak clustering evidence",FALSE,FALSE,FALSE,10,10,3,"840;848;857",0.238152369526095,1,0.238152369526095,"InterPro:IPR017441:1:0401258a","InterPro","IPR017441","functional_region","functional_region","other_functional_region","grin3d_annotation_hierarchy_v1:other_functional_region","binding_site","Protein kinase, ATP binding site",828,855,"828-855","interval_overlap","840;848",2,0.666667,0.071429,"database_signature_match","IPR017441","https://www.ebi.ac.uk/interpro/entry/InterPro/IPR017441/"
"JAK3","SNV_cluster_0023","","1D","Weak clustering evidence",FALSE,FALSE,FALSE,18,18,7,"819;840;848;857;875;886;906",0.868226354729054,0.28494301139772,0.28494301139772,"InterPro:IPR051286:1:570adfd9","InterPro","IPR051286","domain","domain","protein_family","grin3d_annotation_hierarchy_v1:protein_family","family","Janus Kinase (JAK)",11,1101,"11-1101","interval_overlap","819;840;848;857;875;886;906",7,1,0.006416,"database_signature_match","IPR051286","https://www.ebi.ac.uk/interpro/entry/InterPro/IPR051286/"
"JAK3","SNV_cluster_0023","","1D","Weak clustering evidence",FALSE,FALSE,FALSE,18,18,7,"819;840;848;857;875;886;906",0.868226354729054,0.28494301139772,0.28494301139772,"InterPro:IPR016251:1:1039395f","InterPro","IPR016251","domain","domain","protein_family","grin3d_annotation_hierarchy_v1:protein_family","family","Tyrosine-protein kinase, non-receptor Jak/Tyk2",20,1101,"20-1101","interval_overlap","819;840;848;857;875;886;906",7,1,0.00647,"database_signature_match","IPR016251","https://www.ebi.ac.uk/interpro/entry/InterPro/IPR016251/"
"JAK3","SNV_cluster_0023","","1D","Weak clustering evidence",FALSE,FALSE,FALSE,18,18,7,"819;840;848;857;875;886;906",0.868226354729054,0.28494301139772,0.28494301139772,"InterPro:IPR011009:2:2f826d53","InterPro","IPR011009","domain","domain","homologous_superfamily","grin3d_annotation_hierarchy_v1:homologous_superfamily","homologous_superfamily","Protein kinase-like domain superfamily",820,1097,"820-1097","interval_overlap","840;848;857;875;886;906",6,0.857143,0.021583,"database_signature_match","IPR011009","https://www.ebi.ac.uk/interpro/entry/InterPro/IPR011009/"
"JAK3","SNV_cluster_0023","","1D","Weak clustering evidence",FALSE,FALSE,FALSE,18,18,7,"819;840;848;857;875;886;906",0.868226354729054,0.28494301139772,0.28494301139772,"InterPro:IPR020635:2:268b045b","InterPro","IPR020635","domain","domain","protein_domain","grin3d_annotation_hierarchy_v1:protein_domain","domain","Tyrosine-protein kinase, catalytic domain",822,1095,"822-1095","interval_overlap","840;848;857;875;886;906",6,0.857143,0.021898,"database_signature_match","IPR020635","https://www.ebi.ac.uk/interpro/entry/InterPro/IPR020635/"
"JAK3","SNV_cluster_0023","","1D","Weak clustering evidence",FALSE,FALSE,FALSE,18,18,7,"819;840;848;857;875;886;906",0.868226354729054,0.28494301139772,0.28494301139772,"InterPro:IPR000719:2:268b4348","InterPro","IPR000719","domain","domain","protein_domain","grin3d_annotation_hierarchy_v1:protein_domain","domain","Protein kinase domain",822,1111,"822-1111","interval_overlap","840;848;857;875;886;906",6,0.857143,0.02069,"database_signature_match","IPR000719","https://www.ebi.ac.uk/interpro/entry/InterPro/IPR000719/"
"JAK3","SNV_cluster_0023","","1D","Weak clustering evidence",FALSE,FALSE,FALSE,18,18,7,"819;840;848;857;875;886;906",0.868226354729054,0.28494301139772,0.28494301139772,"UniProtKB:P52333:424c8d91","UniProtKB","P52333","domain","domain","protein_domain","grin3d_annotation_hierarchy_v1:protein_domain","Domain","Protein kinase 2",822,1111,"822-1111","interval_overlap","840;848;857;875;886;906",6,0.857143,0.02069,"ECO:0000255","PRU00159","https://www.uniprot.org/uniprotkb/P52333/entry"
"JAK3","SNV_cluster_0023","","1D","Weak clustering evidence",FALSE,FALSE,FALSE,18,18,7,"819;840;848;857;875;886;906",0.868226354729054,0.28494301139772,0.28494301139772,"InterPro:IPR001245:2:220f4fdf","InterPro","IPR001245","domain","domain","protein_domain","grin3d_annotation_hierarchy_v1:protein_domain","domain","Serine-threonine/tyrosine-protein kinase, catalytic domain",823,1094,"823-1094","interval_overlap","840;848;857;875;886;906",6,0.857143,0.022059,"database_signature_match","IPR001245","https://www.ebi.ac.uk/interpro/entry/InterPro/IPR001245/"
"JAK3","SNV_cluster_0023","","1D","Weak clustering evidence",FALSE,FALSE,FALSE,18,18,7,"819;840;848;857;875;886;906",0.868226354729054,0.28494301139772,0.28494301139772,"PDBe-KB:ligand:71790ab5","PDBe-KB/SIFTS","CL","site","binding_site","small_molecule_binding_site","pdbe_kb_sifts_v1:small_molecule_binding_site","experimental ligand contact","Contact with CHLORIDE ION (CL)",825,906,"825-825;840-840;847-847;850-850;851-851;905-905;906-906","experimental_ligand_contact","840;906",2,0.285714,0.285714,"experimental_structure_contact","3ZC6;7UYV","https://www.ebi.ac.uk/pdbe/pdbe-kb/proteins/P52333"
"JAK3","SNV_cluster_0023","","1D","Weak clustering evidence",FALSE,FALSE,FALSE,18,18,7,"819;840;848;857;875;886;906",0.868226354729054,0.28494301139772,0.28494301139772,"PDBe-KB:ligand:553050f2","PDBe-KB/SIFTS","PEG","site","binding_site","small_molecule_binding_site","pdbe_kb_sifts_v1:small_molecule_binding_site","experimental ligand contact","Contact with DI(HYDROXYETHYL)ETHER (PEG)",826,906,"826-826;904-904;906-906","experimental_ligand_contact","906",1,0.142857,0.333333,"experimental_structure_contact","3ZC6","https://www.ebi.ac.uk/pdbe/pdbe-kb/proteins/P52333"
"JAK3","SNV_cluster_0023","","1D","Weak clustering evidence",FALSE,FALSE,FALSE,18,18,7,"819;840;848;857;875;886;906",0.868226354729054,0.28494301139772,0.28494301139772,"InterPro:IPR017441:1:0401258a","InterPro","IPR017441","functional_region","functional_region","other_functional_region","grin3d_annotation_hierarchy_v1:other_functional_region","binding_site","Protein kinase, ATP binding site",828,855,"828-855","interval_overlap","840;848",2,0.285714,0.071429,"database_signature_match","IPR017441","https://www.ebi.ac.uk/interpro/entry/InterPro/IPR017441/"
"JAK3","SNV_cluster_0023","","1D","Weak clustering evidence",FALSE,FALSE,FALSE,18,18,7,"819;840;848;857;875;886;906",0.868226354729054,0.28494301139772,0.28494301139772,"PDBe-KB:ligand:59b787a1","PDBe-KB/SIFTS","934","site","binding_site","small_molecule_binding_site","pdbe_kb_sifts_v1:small_molecule_binding_site","experimental ligand contact","Contact with 1-[4-[[2-[(1-methylpyrazol-4-yl)amino]quinazolin-8-yl]amino]piperidin-1-yl]ethanone (934)",828,966,"828-828;830-830;836-836;853-853;884-884;902-902;903-903;904-904;905-905;906-906;908-908;953-953;956-956;966-966","experimental_ligand_contact","906",1,0.142857,0.071429,"experimental_structure_contact","7Q6H","https://www.ebi.ac.uk/pdbe/pdbe-kb/proteins/P52333"
"JAK3","SNV_cluster_0023","","1D","Weak clustering evidence",FALSE,FALSE,FALSE,18,18,7,"819;840;848;857;875;886;906",0.868226354729054,0.28494301139772,0.28494301139772,"PDBe-KB:ligand:2fd4627b","PDBe-KB/SIFTS","4LH","site","binding_site","small_molecule_binding_site","pdbe_kb_sifts_v1:small_molecule_binding_site","experimental ligand contact","Contact with N-(3-{[(5-chloro-2-{[2-methoxy-4-(4-methylpiperazin-1-yl)phenyl]amino}pyrimidin-4-yl)amino]methyl}phenyl)prop-2-enamide (4LH)",828,967,"828-828;853-853;884-884;902-902;903-903;904-904;905-905;906-906;908-908;909-909;912-912;953-953;956-956;966-966;967-967","experimental_ligand_contact","906",1,0.142857,0.066667,"experimental_structure_contact","4Z16","https://www.ebi.ac.uk/pdbe/pdbe-kb/proteins/P52333"
"JAK3","SNV_cluster_0023","","1D","Weak clustering evidence",FALSE,FALSE,FALSE,18,18,7,"819;840;848;857;875;886;906",0.868226354729054,0.28494301139772,0.28494301139772,"PDBe-KB:ligand:151e2818","PDBe-KB/SIFTS","G9B","site","binding_site","small_molecule_binding_site","pdbe_kb_sifts_v1:small_molecule_binding_site","experimental ligand contact","Contact with N-[3-(2-{3-amino-6-[1-(1-methylpiperidin-4-yl)-1H-pyrazol-4-yl]pyrazin-2-yl}-1H-benzimidazol-1-yl)phenyl]propanamide (G9B)",828,967,"828-828;836-836;853-853;855-855;902-902;903-903;904-904;905-905;906-906;908-908;909-909;911-911;912-912;953-953;956-956;967-967","experimental_ligand_contact","906",1,0.142857,0.0625,"experimental_structure_contact","4V0G","https://www.ebi.ac.uk/pdbe/pdbe-kb/proteins/P52333"
"JAK3","SNV_cluster_0023","","1D","Weak clustering evidence",FALSE,FALSE,FALSE,18,18,7,"819;840;848;857;875;886;906",0.868226354729054,0.28494301139772,0.28494301139772,"PDBe-KB:ligand:636df3bc","PDBe-KB/SIFTS","A1JJU","site","binding_site","small_molecule_binding_site","pdbe_kb_sifts_v1:small_molecule_binding_site","experimental ligand contact","Contact with 3-(3-cyclohexyl-3,8,10-triazatricyclo[7.3.0.0^{2,6}]dodeca-1,4,6,8,11-pentaen-5-yl)benzenesulfonyl fluoride (A1JJU)",828,967,"828-828;836-836;853-853;902-902;903-903;904-904;905-905;906-906;908-908;954-954;956-956;966-966;967-967","experimental_ligand_contact","906",1,0.142857,0.076923,"experimental_structure_contact","9R5Z","https://www.ebi.ac.uk/pdbe/pdbe-kb/proteins/P52333"
"JAK3","SNV_cluster_0024","","3D","Weak clustering evidence",FALSE,FALSE,FALSE,8,8,2,"819;857",1,0.970805838832234,0.970805838832234,"InterPro:IPR051286:1:570adfd9","InterPro","IPR051286","domain","domain","protein_family","grin3d_annotation_hierarchy_v1:protein_family","family","Janus Kinase (JAK)",11,1101,"11-1101","interval_overlap","819;857",2,1,0.001833,"database_signature_match","IPR051286","https://www.ebi.ac.uk/interpro/entry/InterPro/IPR051286/"
"JAK3","SNV_cluster_0024","","3D","Weak clustering evidence",FALSE,FALSE,FALSE,8,8,2,"819;857",1,0.970805838832234,0.970805838832234,"InterPro:IPR016251:1:1039395f","InterPro","IPR016251","domain","domain","protein_family","grin3d_annotation_hierarchy_v1:protein_family","family","Tyrosine-protein kinase, non-receptor Jak/Tyk2",20,1101,"20-1101","interval_overlap","819;857",2,1,0.001848,"database_signature_match","IPR016251","https://www.ebi.ac.uk/interpro/entry/InterPro/IPR016251/"
"JAK3","SNV_cluster_0024","","3D","Weak clustering evidence",FALSE,FALSE,FALSE,8,8,2,"819;857",1,0.970805838832234,0.970805838832234,"InterPro:IPR011009:2:2f826d53","InterPro","IPR011009","domain","domain","homologous_superfamily","grin3d_annotation_hierarchy_v1:homologous_superfamily","homologous_superfamily","Protein kinase-like domain superfamily",820,1097,"820-1097","interval_overlap","857",1,0.5,0.003597,"database_signature_match","IPR011009","https://www.ebi.ac.uk/interpro/entry/InterPro/IPR011009/"
"JAK3","SNV_cluster_0024","","3D","Weak clustering evidence",FALSE,FALSE,FALSE,8,8,2,"819;857",1,0.970805838832234,0.970805838832234,"InterPro:IPR020635:2:268b045b","InterPro","IPR020635","domain","domain","protein_domain","grin3d_annotation_hierarchy_v1:protein_domain","domain","Tyrosine-protein kinase, catalytic domain",822,1095,"822-1095","interval_overlap","857",1,0.5,0.00365,"database_signature_match","IPR020635","https://www.ebi.ac.uk/interpro/entry/InterPro/IPR020635/"
"JAK3","SNV_cluster_0024","","3D","Weak clustering evidence",FALSE,FALSE,FALSE,8,8,2,"819;857",1,0.970805838832234,0.970805838832234,"InterPro:IPR000719:2:268b4348","InterPro","IPR000719","domain","domain","protein_domain","grin3d_annotation_hierarchy_v1:protein_domain","domain","Protein kinase domain",822,1111,"822-1111","interval_overlap","857",1,0.5,0.003448,"database_signature_match","IPR000719","https://www.ebi.ac.uk/interpro/entry/InterPro/IPR000719/"
"JAK3","SNV_cluster_0024","","3D","Weak clustering evidence",FALSE,FALSE,FALSE,8,8,2,"819;857",1,0.970805838832234,0.970805838832234,"UniProtKB:P52333:424c8d91","UniProtKB","P52333","domain","domain","protein_domain","grin3d_annotation_hierarchy_v1:protein_domain","Domain","Protein kinase 2",822,1111,"822-1111","interval_overlap","857",1,0.5,0.003448,"ECO:0000255","PRU00159","https://www.uniprot.org/uniprotkb/P52333/entry"
"JAK3","SNV_cluster_0024","","3D","Weak clustering evidence",FALSE,FALSE,FALSE,8,8,2,"819;857",1,0.970805838832234,0.970805838832234,"InterPro:IPR001245:2:220f4fdf","InterPro","IPR001245","domain","domain","protein_domain","grin3d_annotation_hierarchy_v1:protein_domain","domain","Serine-threonine/tyrosine-protein kinase, catalytic domain",823,1094,"823-1094","interval_overlap","857",1,0.5,0.003676,"database_signature_match","IPR001245","https://www.ebi.ac.uk/interpro/entry/InterPro/IPR001245/"
"JAK3","SNV_cluster_0025","","3D","Weak clustering evidence",FALSE,FALSE,FALSE,5,5,2,"906;958",1,0.978404319136173,0.978404319136173,"InterPro:IPR051286:1:570adfd9","InterPro","IPR051286","domain","domain","protein_family","grin3d_annotation_hierarchy_v1:protein_family","family","Janus Kinase (JAK)",11,1101,"11-1101","interval_overlap","906;958",2,1,0.001833,"database_signature_match","IPR051286","https://www.ebi.ac.uk/interpro/entry/InterPro/IPR051286/"
"JAK3","SNV_cluster_0025","","3D","Weak clustering evidence",FALSE,FALSE,FALSE,5,5,2,"906;958",1,0.978404319136173,0.978404319136173,"InterPro:IPR016251:1:1039395f","InterPro","IPR016251","domain","domain","protein_family","grin3d_annotation_hierarchy_v1:protein_family","family","Tyrosine-protein kinase, non-receptor Jak/Tyk2",20,1101,"20-1101","interval_overlap","906;958",2,1,0.001848,"database_signature_match","IPR016251","https://www.ebi.ac.uk/interpro/entry/InterPro/IPR016251/"
"JAK3","SNV_cluster_0025","","3D","Weak clustering evidence",FALSE,FALSE,FALSE,5,5,2,"906;958",1,0.978404319136173,0.978404319136173,"InterPro:IPR011009:2:2f826d53","InterPro","IPR011009","domain","domain","homologous_superfamily","grin3d_annotation_hierarchy_v1:homologous_superfamily","homologous_superfamily","Protein kinase-like domain superfamily",820,1097,"820-1097","interval_overlap","906;958",2,1,0.007194,"database_signature_match","IPR011009","https://www.ebi.ac.uk/interpro/entry/InterPro/IPR011009/"
"JAK3","SNV_cluster_0025","","3D","Weak clustering evidence",FALSE,FALSE,FALSE,5,5,2,"906;958",1,0.978404319136173,0.978404319136173,"InterPro:IPR020635:2:268b045b","InterPro","IPR020635","domain","domain","protein_domain","grin3d_annotation_hierarchy_v1:protein_domain","domain","Tyrosine-protein kinase, catalytic domain",822,1095,"822-1095","interval_overlap","906;958",2,1,0.007299,"database_signature_match","IPR020635","https://www.ebi.ac.uk/interpro/entry/InterPro/IPR020635/"
"JAK3","SNV_cluster_0025","","3D","Weak clustering evidence",FALSE,FALSE,FALSE,5,5,2,"906;958",1,0.978404319136173,0.978404319136173,"InterPro:IPR000719:2:268b4348","InterPro","IPR000719","domain","domain","protein_domain","grin3d_annotation_hierarchy_v1:protein_domain","domain","Protein kinase domain",822,1111,"822-1111","interval_overlap","906;958",2,1,0.006897,"database_signature_match","IPR000719","https://www.ebi.ac.uk/interpro/entry/InterPro/IPR000719/"
"JAK3","SNV_cluster_0025","","3D","Weak clustering evidence",FALSE,FALSE,FALSE,5,5,2,"906;958",1,0.978404319136173,0.978404319136173,"UniProtKB:P52333:424c8d91","UniProtKB","P52333","domain","domain","protein_domain","grin3d_annotation_hierarchy_v1:protein_domain","Domain","Protein kinase 2",822,1111,"822-1111","interval_overlap","906;958",2,1,0.006897,"ECO:0000255","PRU00159","https://www.uniprot.org/uniprotkb/P52333/entry"
"JAK3","SNV_cluster_0025","","3D","Weak clustering evidence",FALSE,FALSE,FALSE,5,5,2,"906;958",1,0.978404319136173,0.978404319136173,"InterPro:IPR001245:2:220f4fdf","InterPro","IPR001245","domain","domain","protein_domain","grin3d_annotation_hierarchy_v1:protein_domain","domain","Serine-threonine/tyrosine-protein kinase, catalytic domain",823,1094,"823-1094","interval_overlap","906;958",2,1,0.007353,"database_signature_match","IPR001245","https://www.ebi.ac.uk/interpro/entry/InterPro/IPR001245/"
"JAK3","SNV_cluster_0025","","3D","Weak clustering evidence",FALSE,FALSE,FALSE,5,5,2,"906;958",1,0.978404319136173,0.978404319136173,"PDBe-KB:ligand:71790ab5","PDBe-KB/SIFTS","CL","site","binding_site","small_molecule_binding_site","pdbe_kb_sifts_v1:small_molecule_binding_site","experimental ligand contact","Contact with CHLORIDE ION (CL)",825,906,"825-825;840-840;847-847;850-850;851-851;905-905;906-906","experimental_ligand_contact","906",1,0.5,0.142857,"experimental_structure_contact","3ZC6;7UYV","https://www.ebi.ac.uk/pdbe/pdbe-kb/proteins/P52333"
"JAK3","SNV_cluster_0025","","3D","Weak clustering evidence",FALSE,FALSE,FALSE,5,5,2,"906;958",1,0.978404319136173,0.978404319136173,"PDBe-KB:ligand:553050f2","PDBe-KB/SIFTS","PEG","site","binding_site","small_molecule_binding_site","pdbe_kb_sifts_v1:small_molecule_binding_site","experimental ligand contact","Contact with DI(HYDROXYETHYL)ETHER (PEG)",826,906,"826-826;904-904;906-906","experimental_ligand_contact","906",1,0.5,0.333333,"experimental_structure_contact","3ZC6","https://www.ebi.ac.uk/pdbe/pdbe-kb/proteins/P52333"
"JAK3","SNV_cluster_0025","","3D","Weak clustering evidence",FALSE,FALSE,FALSE,5,5,2,"906;958",1,0.978404319136173,0.978404319136173,"PDBe-KB:ligand:59b787a1","PDBe-KB/SIFTS","934","site","binding_site","small_molecule_binding_site","pdbe_kb_sifts_v1:small_molecule_binding_site","experimental ligand contact","Contact with 1-[4-[[2-[(1-methylpyrazol-4-yl)amino]quinazolin-8-yl]amino]piperidin-1-yl]ethanone (934)",828,966,"828-828;830-830;836-836;853-853;884-884;902-902;903-903;904-904;905-905;906-906;908-908;953-953;956-956;966-966","experimental_ligand_contact","906",1,0.5,0.071429,"experimental_structure_contact","7Q6H","https://www.ebi.ac.uk/pdbe/pdbe-kb/proteins/P52333"
"JAK3","SNV_cluster_0025","","3D","Weak clustering evidence",FALSE,FALSE,FALSE,5,5,2,"906;958",1,0.978404319136173,0.978404319136173,"PDBe-KB:ligand:2fd4627b","PDBe-KB/SIFTS","4LH","site","binding_site","small_molecule_binding_site","pdbe_kb_sifts_v1:small_molecule_binding_site","experimental ligand contact","Contact with N-(3-{[(5-chloro-2-{[2-methoxy-4-(4-methylpiperazin-1-yl)phenyl]amino}pyrimidin-4-yl)amino]methyl}phenyl)prop-2-enamide (4LH)",828,967,"828-828;853-853;884-884;902-902;903-903;904-904;905-905;906-906;908-908;909-909;912-912;953-953;956-956;966-966;967-967","experimental_ligand_contact","906",1,0.5,0.066667,"experimental_structure_contact","4Z16","https://www.ebi.ac.uk/pdbe/pdbe-kb/proteins/P52333"
"JAK3","SNV_cluster_0025","","3D","Weak clustering evidence",FALSE,FALSE,FALSE,5,5,2,"906;958",1,0.978404319136173,0.978404319136173,"PDBe-KB:ligand:151e2818","PDBe-KB/SIFTS","G9B","site","binding_site","small_molecule_binding_site","pdbe_kb_sifts_v1:small_molecule_binding_site","experimental ligand contact","Contact with N-[3-(2-{3-amino-6-[1-(1-methylpiperidin-4-yl)-1H-pyrazol-4-yl]pyrazin-2-yl}-1H-benzimidazol-1-yl)phenyl]propanamide (G9B)",828,967,"828-828;836-836;853-853;855-855;902-902;903-903;904-904;905-905;906-906;908-908;909-909;911-911;912-912;953-953;956-956;967-967","experimental_ligand_contact","906",1,0.5,0.0625,"experimental_structure_contact","4V0G","https://www.ebi.ac.uk/pdbe/pdbe-kb/proteins/P52333"
"JAK3","SNV_cluster_0025","","3D","Weak clustering evidence",FALSE,FALSE,FALSE,5,5,2,"906;958",1,0.978404319136173,0.978404319136173,"PDBe-KB:ligand:636df3bc","PDBe-KB/SIFTS","A1JJU","site","binding_site","small_molecule_binding_site","pdbe_kb_sifts_v1:small_molecule_binding_site","experimental ligand contact","Contact with 3-(3-cyclohexyl-3,8,10-triazatricyclo[7.3.0.0^{2,6}]dodeca-1,4,6,8,11-pentaen-5-yl)benzenesulfonyl fluoride (A1JJU)",828,967,"828-828;836-836;853-853;902-902;903-903;904-904;905-905;906-906;908-908;954-954;956-956;966-966;967-967","experimental_ligand_contact","906",1,0.5,0.076923,"experimental_structure_contact","9R5Z","https://www.ebi.ac.uk/pdbe/pdbe-kb/proteins/P52333"
"JAK3","SNV_cluster_0026","","1D","Weak clustering evidence",FALSE,FALSE,FALSE,11,11,4,"819;840;848;857",0.987602479504099,1,0.987602479504099,"InterPro:IPR051286:1:570adfd9","InterPro","IPR051286","domain","domain","protein_family","grin3d_annotation_hierarchy_v1:protein_family","family","Janus Kinase (JAK)",11,1101,"11-1101","interval_overlap","819;840;848;857",4,1,0.003666,"database_signature_match","IPR051286","https://www.ebi.ac.uk/interpro/entry/InterPro/IPR051286/"
"JAK3","SNV_cluster_0026","","1D","Weak clustering evidence",FALSE,FALSE,FALSE,11,11,4,"819;840;848;857",0.987602479504099,1,0.987602479504099,"InterPro:IPR016251:1:1039395f","InterPro","IPR016251","domain","domain","protein_family","grin3d_annotation_hierarchy_v1:protein_family","family","Tyrosine-protein kinase, non-receptor Jak/Tyk2",20,1101,"20-1101","interval_overlap","819;840;848;857",4,1,0.003697,"database_signature_match","IPR016251","https://www.ebi.ac.uk/interpro/entry/InterPro/IPR016251/"
"JAK3","SNV_cluster_0026","","1D","Weak clustering evidence",FALSE,FALSE,FALSE,11,11,4,"819;840;848;857",0.987602479504099,1,0.987602479504099,"InterPro:IPR011009:2:2f826d53","InterPro","IPR011009","domain","domain","homologous_superfamily","grin3d_annotation_hierarchy_v1:homologous_superfamily","homologous_superfamily","Protein kinase-like domain superfamily",820,1097,"820-1097","interval_overlap","840;848;857",3,0.75,0.010791,"database_signature_match","IPR011009","https://www.ebi.ac.uk/interpro/entry/InterPro/IPR011009/"
"JAK3","SNV_cluster_0026","","1D","Weak clustering evidence",FALSE,FALSE,FALSE,11,11,4,"819;840;848;857",0.987602479504099,1,0.987602479504099,"InterPro:IPR020635:2:268b045b","InterPro","IPR020635","domain","domain","protein_domain","grin3d_annotation_hierarchy_v1:protein_domain","domain","Tyrosine-protein kinase, catalytic domain",822,1095,"822-1095","interval_overlap","840;848;857",3,0.75,0.010949,"database_signature_match","IPR020635","https://www.ebi.ac.uk/interpro/entry/InterPro/IPR020635/"
"JAK3","SNV_cluster_0026","","1D","Weak clustering evidence",FALSE,FALSE,FALSE,11,11,4,"819;840;848;857",0.987602479504099,1,0.987602479504099,"InterPro:IPR000719:2:268b4348","InterPro","IPR000719","domain","domain","protein_domain","grin3d_annotation_hierarchy_v1:protein_domain","domain","Protein kinase domain",822,1111,"822-1111","interval_overlap","840;848;857",3,0.75,0.010345,"database_signature_match","IPR000719","https://www.ebi.ac.uk/interpro/entry/InterPro/IPR000719/"
"JAK3","SNV_cluster_0026","","1D","Weak clustering evidence",FALSE,FALSE,FALSE,11,11,4,"819;840;848;857",0.987602479504099,1,0.987602479504099,"UniProtKB:P52333:424c8d91","UniProtKB","P52333","domain","domain","protein_domain","grin3d_annotation_hierarchy_v1:protein_domain","Domain","Protein kinase 2",822,1111,"822-1111","interval_overlap","840;848;857",3,0.75,0.010345,"ECO:0000255","PRU00159","https://www.uniprot.org/uniprotkb/P52333/entry"
"JAK3","SNV_cluster_0026","","1D","Weak clustering evidence",FALSE,FALSE,FALSE,11,11,4,"819;840;848;857",0.987602479504099,1,0.987602479504099,"InterPro:IPR001245:2:220f4fdf","InterPro","IPR001245","domain","domain","protein_domain","grin3d_annotation_hierarchy_v1:protein_domain","domain","Serine-threonine/tyrosine-protein kinase, catalytic domain",823,1094,"823-1094","interval_overlap","840;848;857",3,0.75,0.011029,"database_signature_match","IPR001245","https://www.ebi.ac.uk/interpro/entry/InterPro/IPR001245/"
"JAK3","SNV_cluster_0026","","1D","Weak clustering evidence",FALSE,FALSE,FALSE,11,11,4,"819;840;848;857",0.987602479504099,1,0.987602479504099,"PDBe-KB:ligand:71790ab5","PDBe-KB/SIFTS","CL","site","binding_site","small_molecule_binding_site","pdbe_kb_sifts_v1:small_molecule_binding_site","experimental ligand contact","Contact with CHLORIDE ION (CL)",825,906,"825-825;840-840;847-847;850-850;851-851;905-905;906-906","experimental_ligand_contact","840",1,0.25,0.142857,"experimental_structure_contact","3ZC6;7UYV","https://www.ebi.ac.uk/pdbe/pdbe-kb/proteins/P52333"
"JAK3","SNV_cluster_0026","","1D","Weak clustering evidence",FALSE,FALSE,FALSE,11,11,4,"819;840;848;857",0.987602479504099,1,0.987602479504099,"InterPro:IPR017441:1:0401258a","InterPro","IPR017441","functional_region","functional_region","other_functional_region","grin3d_annotation_hierarchy_v1:other_functional_region","binding_site","Protein kinase, ATP binding site",828,855,"828-855","interval_overlap","840;848",2,0.5,0.071429,"database_signature_match","IPR017441","https://www.ebi.ac.uk/interpro/entry/InterPro/IPR017441/"
"JAK3","SNV_cluster_0027","","1D","Weak clustering evidence",FALSE,FALSE,FALSE,21,22,10,"819;840;848;857;875;886;906;940;958;988",1,0.998600279944011,0.998600279944011,"InterPro:IPR051286:1:570adfd9","InterPro","IPR051286","domain","domain","protein_family","grin3d_annotation_hierarchy_v1:protein_family","family","Janus Kinase (JAK)",11,1101,"11-1101","interval_overlap","819;840;848;857;875;886;906;940;958;988",10,1,0.009166,"database_signature_match","IPR051286","https://www.ebi.ac.uk/interpro/entry/InterPro/IPR051286/"
"JAK3","SNV_cluster_0027","","1D","Weak clustering evidence",FALSE,FALSE,FALSE,21,22,10,"819;840;848;857;875;886;906;940;958;988",1,0.998600279944011,0.998600279944011,"InterPro:IPR016251:1:1039395f","InterPro","IPR016251","domain","domain","protein_family","grin3d_annotation_hierarchy_v1:protein_family","family","Tyrosine-protein kinase, non-receptor Jak/Tyk2",20,1101,"20-1101","interval_overlap","819;840;848;857;875;886;906;940;958;988",10,1,0.009242,"database_signature_match","IPR016251","https://www.ebi.ac.uk/interpro/entry/InterPro/IPR016251/"
"JAK3","SNV_cluster_0027","","1D","Weak clustering evidence",FALSE,FALSE,FALSE,21,22,10,"819;840;848;857;875;886;906;940;958;988",1,0.998600279944011,0.998600279944011,"InterPro:IPR011009:2:2f826d53","InterPro","IPR011009","domain","domain","homologous_superfamily","grin3d_annotation_hierarchy_v1:homologous_superfamily","homologous_superfamily","Protein kinase-like domain superfamily",820,1097,"820-1097","interval_overlap","840;848;857;875;886;906;940;958;988",9,0.9,0.032374,"database_signature_match","IPR011009","https://www.ebi.ac.uk/interpro/entry/InterPro/IPR011009/"
"JAK3","SNV_cluster_0027","","1D","Weak clustering evidence",FALSE,FALSE,FALSE,21,22,10,"819;840;848;857;875;886;906;940;958;988",1,0.998600279944011,0.998600279944011,"InterPro:IPR020635:2:268b045b","InterPro","IPR020635","domain","domain","protein_domain","grin3d_annotation_hierarchy_v1:protein_domain","domain","Tyrosine-protein kinase, catalytic domain",822,1095,"822-1095","interval_overlap","840;848;857;875;886;906;940;958;988",9,0.9,0.032847,"database_signature_match","IPR020635","https://www.ebi.ac.uk/interpro/entry/InterPro/IPR020635/"
"JAK3","SNV_cluster_0027","","1D","Weak clustering evidence",FALSE,FALSE,FALSE,21,22,10,"819;840;848;857;875;886;906;940;958;988",1,0.998600279944011,0.998600279944011,"InterPro:IPR000719:2:268b4348","InterPro","IPR000719","domain","domain","protein_domain","grin3d_annotation_hierarchy_v1:protein_domain","domain","Protein kinase domain",822,1111,"822-1111","interval_overlap","840;848;857;875;886;906;940;958;988",9,0.9,0.031034,"database_signature_match","IPR000719","https://www.ebi.ac.uk/interpro/entry/InterPro/IPR000719/"
"JAK3","SNV_cluster_0027","","1D","Weak clustering evidence",FALSE,FALSE,FALSE,21,22,10,"819;840;848;857;875;886;906;940;958;988",1,0.998600279944011,0.998600279944011,"UniProtKB:P52333:424c8d91","UniProtKB","P52333","domain","domain","protein_domain","grin3d_annotation_hierarchy_v1:protein_domain","Domain","Protein kinase 2",822,1111,"822-1111","interval_overlap","840;848;857;875;886;906;940;958;988",9,0.9,0.031034,"ECO:0000255","PRU00159","https://www.uniprot.org/uniprotkb/P52333/entry"
"JAK3","SNV_cluster_0027","","1D","Weak clustering evidence",FALSE,FALSE,FALSE,21,22,10,"819;840;848;857;875;886;906;940;958;988",1,0.998600279944011,0.998600279944011,"InterPro:IPR001245:2:220f4fdf","InterPro","IPR001245","domain","domain","protein_domain","grin3d_annotation_hierarchy_v1:protein_domain","domain","Serine-threonine/tyrosine-protein kinase, catalytic domain",823,1094,"823-1094","interval_overlap","840;848;857;875;886;906;940;958;988",9,0.9,0.033088,"database_signature_match","IPR001245","https://www.ebi.ac.uk/interpro/entry/InterPro/IPR001245/"
"JAK3","SNV_cluster_0027","","1D","Weak clustering evidence",FALSE,FALSE,FALSE,21,22,10,"819;840;848;857;875;886;906;940;958;988",1,0.998600279944011,0.998600279944011,"PDBe-KB:ligand:71790ab5","PDBe-KB/SIFTS","CL","site","binding_site","small_molecule_binding_site","pdbe_kb_sifts_v1:small_molecule_binding_site","experimental ligand contact","Contact with CHLORIDE ION (CL)",825,906,"825-825;840-840;847-847;850-850;851-851;905-905;906-906","experimental_ligand_contact","840;906",2,0.2,0.285714,"experimental_structure_contact","3ZC6;7UYV","https://www.ebi.ac.uk/pdbe/pdbe-kb/proteins/P52333"
"JAK3","SNV_cluster_0027","","1D","Weak clustering evidence",FALSE,FALSE,FALSE,21,22,10,"819;840;848;857;875;886;906;940;958;988",1,0.998600279944011,0.998600279944011,"PDBe-KB:ligand:553050f2","PDBe-KB/SIFTS","PEG","site","binding_site","small_molecule_binding_site","pdbe_kb_sifts_v1:small_molecule_binding_site","experimental ligand contact","Contact with DI(HYDROXYETHYL)ETHER (PEG)",826,906,"826-826;904-904;906-906","experimental_ligand_contact","906",1,0.1,0.333333,"experimental_structure_contact","3ZC6","https://www.ebi.ac.uk/pdbe/pdbe-kb/proteins/P52333"
"JAK3","SNV_cluster_0027","","1D","Weak clustering evidence",FALSE,FALSE,FALSE,21,22,10,"819;840;848;857;875;886;906;940;958;988",1,0.998600279944011,0.998600279944011,"InterPro:IPR017441:1:0401258a","InterPro","IPR017441","functional_region","functional_region","other_functional_region","grin3d_annotation_hierarchy_v1:other_functional_region","binding_site","Protein kinase, ATP binding site",828,855,"828-855","interval_overlap","840;848",2,0.2,0.071429,"database_signature_match","IPR017441","https://www.ebi.ac.uk/interpro/entry/InterPro/IPR017441/"
"JAK3","SNV_cluster_0027","","1D","Weak clustering evidence",FALSE,FALSE,FALSE,21,22,10,"819;840;848;857;875;886;906;940;958;988",1,0.998600279944011,0.998600279944011,"PDBe-KB:ligand:59b787a1","PDBe-KB/SIFTS","934","site","binding_site","small_molecule_binding_site","pdbe_kb_sifts_v1:small_molecule_binding_site","experimental ligand contact","Contact with 1-[4-[[2-[(1-methylpyrazol-4-yl)amino]quinazolin-8-yl]amino]piperidin-1-yl]ethanone (934)",828,966,"828-828;830-830;836-836;853-853;884-884;902-902;903-903;904-904;905-905;906-906;908-908;953-953;956-956;966-966","experimental_ligand_contact","906",1,0.1,0.071429,"experimental_structure_contact","7Q6H","https://www.ebi.ac.uk/pdbe/pdbe-kb/proteins/P52333"
"JAK3","SNV_cluster_0027","","1D","Weak clustering evidence",FALSE,FALSE,FALSE,21,22,10,"819;840;848;857;875;886;906;940;958;988",1,0.998600279944011,0.998600279944011,"PDBe-KB:ligand:2fd4627b","PDBe-KB/SIFTS","4LH","site","binding_site","small_molecule_binding_site","pdbe_kb_sifts_v1:small_molecule_binding_site","experimental ligand contact","Contact with N-(3-{[(5-chloro-2-{[2-methoxy-4-(4-methylpiperazin-1-yl)phenyl]amino}pyrimidin-4-yl)amino]methyl}phenyl)prop-2-enamide (4LH)",828,967,"828-828;853-853;884-884;902-902;903-903;904-904;905-905;906-906;908-908;909-909;912-912;953-953;956-956;966-966;967-967","experimental_ligand_contact","906",1,0.1,0.066667,"experimental_structure_contact","4Z16","https://www.ebi.ac.uk/pdbe/pdbe-kb/proteins/P52333"
"JAK3","SNV_cluster_0027","","1D","Weak clustering evidence",FALSE,FALSE,FALSE,21,22,10,"819;840;848;857;875;886;906;940;958;988",1,0.998600279944011,0.998600279944011,"PDBe-KB:ligand:151e2818","PDBe-KB/SIFTS","G9B","site","binding_site","small_molecule_binding_site","pdbe_kb_sifts_v1:small_molecule_binding_site","experimental ligand contact","Contact with N-[3-(2-{3-amino-6-[1-(1-methylpiperidin-4-yl)-1H-pyrazol-4-yl]pyrazin-2-yl}-1H-benzimidazol-1-yl)phenyl]propanamide (G9B)",828,967,"828-828;836-836;853-853;855-855;902-902;903-903;904-904;905-905;906-906;908-908;909-909;911-911;912-912;953-953;956-956;967-967","experimental_ligand_contact","906",1,0.1,0.0625,"experimental_structure_contact","4V0G","https://www.ebi.ac.uk/pdbe/pdbe-kb/proteins/P52333"
"JAK3","SNV_cluster_0027","","1D","Weak clustering evidence",FALSE,FALSE,FALSE,21,22,10,"819;840;848;857;875;886;906;940;958;988",1,0.998600279944011,0.998600279944011,"PDBe-KB:ligand:636df3bc","PDBe-KB/SIFTS","A1JJU","site","binding_site","small_molecule_binding_site","pdbe_kb_sifts_v1:small_molecule_binding_site","experimental ligand contact","Contact with 3-(3-cyclohexyl-3,8,10-triazatricyclo[7.3.0.0^{2,6}]dodeca-1,4,6,8,11-pentaen-5-yl)benzenesulfonyl fluoride (A1JJU)",828,967,"828-828;836-836;853-853;902-902;903-903;904-904;905-905;906-906;908-908;954-954;956-956;966-966;967-967","experimental_ligand_contact","906",1,0.1,0.076923,"experimental_structure_contact","9R5Z","https://www.ebi.ac.uk/pdbe/pdbe-kb/proteins/P52333"
"JAK3","SNV_cluster_0027","","1D","Weak clustering evidence",FALSE,FALSE,FALSE,21,22,10,"819;840;848;857;875;886;906;940;958;988",1,0.998600279944011,0.998600279944011,"PDBe-KB:ligand:00ec1236","PDBe-KB/SIFTS","DTV","site","binding_site","small_molecule_binding_site","pdbe_kb_sifts_v1:small_molecule_binding_site","experimental ligand contact","Contact with (2S,3S)-1,4-DIMERCAPTOBUTANE-2,3-DIOL (DTV)",832,988,"832-832;833-833;835-835;836-836;855-855;877-877;943-943;967-967;969-969;970-970;973-973;988-988","experimental_ligand_contact","988",1,0.1,0.083333,"experimental_structure_contact","1YVJ","https://www.ebi.ac.uk/pdbe/pdbe-kb/proteins/P52333"
"JAK3","SNV_cluster_0028","","3D","Weak clustering evidence",FALSE,FALSE,FALSE,9,9,3,"549;819;857",1,0.999200159968006,0.999200159968006,"InterPro:IPR051286:1:570adfd9","InterPro","IPR051286","domain","domain","protein_family","grin3d_annotation_hierarchy_v1:protein_family","family","Janus Kinase (JAK)",11,1101,"11-1101","interval_overlap","549;819;857",3,1,0.00275,"database_signature_match","IPR051286","https://www.ebi.ac.uk/interpro/entry/InterPro/IPR051286/"
"JAK3","SNV_cluster_0028","","3D","Weak clustering evidence",FALSE,FALSE,FALSE,9,9,3,"549;819;857",1,0.999200159968006,0.999200159968006,"InterPro:IPR016251:1:1039395f","InterPro","IPR016251","domain","domain","protein_family","grin3d_annotation_hierarchy_v1:protein_family","family","Tyrosine-protein kinase, non-receptor Jak/Tyk2",20,1101,"20-1101","interval_overlap","549;819;857",3,1,0.002773,"database_signature_match","IPR016251","https://www.ebi.ac.uk/interpro/entry/InterPro/IPR016251/"
"JAK3","SNV_cluster_0028","","3D","Weak clustering evidence",FALSE,FALSE,FALSE,9,9,3,"549;819;857",1,0.999200159968006,0.999200159968006,"InterPro:IPR011009:1:6ee05de3","InterPro","IPR011009","domain","domain","homologous_superfamily","grin3d_annotation_hierarchy_v1:homologous_superfamily","homologous_superfamily","Protein kinase-like domain superfamily",508,788,"508-788","interval_overlap","549",1,0.333333,0.003559,"database_signature_match","IPR011009","https://www.ebi.ac.uk/interpro/entry/InterPro/IPR011009/"
"JAK3","SNV_cluster_0028","","3D","Weak clustering evidence",FALSE,FALSE,FALSE,9,9,3,"549;819;857",1,0.999200159968006,0.999200159968006,"InterPro:IPR001245:1:6b08f831","InterPro","IPR001245","domain","domain","protein_domain","grin3d_annotation_hierarchy_v1:protein_domain","domain","Serine-threonine/tyrosine-protein kinase, catalytic domain",521,777,"521-777","interval_overlap","549",1,0.333333,0.003891,"database_signature_match","IPR001245","https://www.ebi.ac.uk/interpro/entry/InterPro/IPR001245/"
"JAK3","SNV_cluster_0028","","3D","Weak clustering evidence",FALSE,FALSE,FALSE,9,9,3,"549;819;857",1,0.999200159968006,0.999200159968006,"InterPro:IPR020635:1:6b08f831","InterPro","IPR020635","domain","domain","protein_domain","grin3d_annotation_hierarchy_v1:protein_domain","domain","Tyrosine-protein kinase, catalytic domain",521,777,"521-777","interval_overlap","549",1,0.333333,0.003891,"database_signature_match","IPR020635","https://www.ebi.ac.uk/interpro/entry/InterPro/IPR020635/"
"JAK3","SNV_cluster_0028","","3D","Weak clustering evidence",FALSE,FALSE,FALSE,9,9,3,"549;819;857",1,0.999200159968006,0.999200159968006,"InterPro:IPR000719:1:6b08f8ae","InterPro","IPR000719","domain","domain","protein_domain","grin3d_annotation_hierarchy_v1:protein_domain","domain","Protein kinase domain",521,781,"521-781","interval_overlap","549",1,0.333333,0.003831,"database_signature_match","IPR000719","https://www.ebi.ac.uk/interpro/entry/InterPro/IPR000719/"
"JAK3","SNV_cluster_0028","","3D","Weak clustering evidence",FALSE,FALSE,FALSE,9,9,3,"549;819;857",1,0.999200159968006,0.999200159968006,"UniProtKB:P52333:1806f325","UniProtKB","P52333","domain","domain","protein_domain","grin3d_annotation_hierarchy_v1:protein_domain","Domain","Protein kinase 1",521,781,"521-781","interval_overlap","549",1,0.333333,0.003831,"ECO:0000255","PRU00159","https://www.uniprot.org/uniprotkb/P52333/entry"
"JAK3","SNV_cluster_0028","","3D","Weak clustering evidence",FALSE,FALSE,FALSE,9,9,3,"549;819;857",1,0.999200159968006,0.999200159968006,"InterPro:IPR011009:2:2f826d53","InterPro","IPR011009","domain","domain","homologous_superfamily","grin3d_annotation_hierarchy_v1:homologous_superfamily","homologous_superfamily","Protein kinase-like domain superfamily",820,1097,"820-1097","interval_overlap","857",1,0.333333,0.003597,"database_signature_match","IPR011009","https://www.ebi.ac.uk/interpro/entry/InterPro/IPR011009/"
"JAK3","SNV_cluster_0028","","3D","Weak clustering evidence",FALSE,FALSE,FALSE,9,9,3,"549;819;857",1,0.999200159968006,0.999200159968006,"InterPro:IPR020635:2:268b045b","InterPro","IPR020635","domain","domain","protein_domain","grin3d_annotation_hierarchy_v1:protein_domain","domain","Tyrosine-protein kinase, catalytic domain",822,1095,"822-1095","interval_overlap","857",1,0.333333,0.00365,"database_signature_match","IPR020635","https://www.ebi.ac.uk/interpro/entry/InterPro/IPR020635/"
"JAK3","SNV_cluster_0028","","3D","Weak clustering evidence",FALSE,FALSE,FALSE,9,9,3,"549;819;857",1,0.999200159968006,0.999200159968006,"InterPro:IPR000719:2:268b4348","InterPro","IPR000719","domain","domain","protein_domain","grin3d_annotation_hierarchy_v1:protein_domain","domain","Protein kinase domain",822,1111,"822-1111","interval_overlap","857",1,0.333333,0.003448,"database_signature_match","IPR000719","https://www.ebi.ac.uk/interpro/entry/InterPro/IPR000719/"
"JAK3","SNV_cluster_0028","","3D","Weak clustering evidence",FALSE,FALSE,FALSE,9,9,3,"549;819;857",1,0.999200159968006,0.999200159968006,"UniProtKB:P52333:424c8d91","UniProtKB","P52333","domain","domain","protein_domain","grin3d_annotation_hierarchy_v1:protein_domain","Domain","Protein kinase 2",822,1111,"822-1111","interval_overlap","857",1,0.333333,0.003448,"ECO:0000255","PRU00159","https://www.uniprot.org/uniprotkb/P52333/entry"
"JAK3","SNV_cluster_0028","","3D","Weak clustering evidence",FALSE,FALSE,FALSE,9,9,3,"549;819;857",1,0.999200159968006,0.999200159968006,"InterPro:IPR001245:2:220f4fdf","InterPro","IPR001245","domain","domain","protein_domain","grin3d_annotation_hierarchy_v1:protein_domain","domain","Serine-threonine/tyrosine-protein kinase, catalytic domain",823,1094,"823-1094","interval_overlap","857",1,0.333333,0.003676,"database_signature_match","IPR001245","https://www.ebi.ac.uk/interpro/entry/InterPro/IPR001245/"
"JAK3","SNV_cluster_0029","","1D;3D","Weak clustering evidence",FALSE,FALSE,FALSE,3,3,1,"678",0.999400119976005,0.999400119976005,0.999400119976005,"InterPro:IPR051286:1:570adfd9","InterPro","IPR051286","domain","domain","protein_family","grin3d_annotation_hierarchy_v1:protein_family","family","Janus Kinase (JAK)",11,1101,"11-1101","interval_overlap","678",1,1,0.000917,"database_signature_match","IPR051286","https://www.ebi.ac.uk/interpro/entry/InterPro/IPR051286/"
"JAK3","SNV_cluster_0029","","1D;3D","Weak clustering evidence",FALSE,FALSE,FALSE,3,3,1,"678",0.999400119976005,0.999400119976005,0.999400119976005,"InterPro:IPR016251:1:1039395f","InterPro","IPR016251","domain","domain","protein_family","grin3d_annotation_hierarchy_v1:protein_family","family","Tyrosine-protein kinase, non-receptor Jak/Tyk2",20,1101,"20-1101","interval_overlap","678",1,1,0.000924,"database_signature_match","IPR016251","https://www.ebi.ac.uk/interpro/entry/InterPro/IPR016251/"
"JAK3","SNV_cluster_0029","","1D;3D","Weak clustering evidence",FALSE,FALSE,FALSE,3,3,1,"678",0.999400119976005,0.999400119976005,0.999400119976005,"InterPro:IPR011009:1:6ee05de3","InterPro","IPR011009","domain","domain","homologous_superfamily","grin3d_annotation_hierarchy_v1:homologous_superfamily","homologous_superfamily","Protein kinase-like domain superfamily",508,788,"508-788","interval_overlap","678",1,1,0.003559,"database_signature_match","IPR011009","https://www.ebi.ac.uk/interpro/entry/InterPro/IPR011009/"
"JAK3","SNV_cluster_0029","","1D;3D","Weak clustering evidence",FALSE,FALSE,FALSE,3,3,1,"678",0.999400119976005,0.999400119976005,0.999400119976005,"InterPro:IPR001245:1:6b08f831","InterPro","IPR001245","domain","domain","protein_domain","grin3d_annotation_hierarchy_v1:protein_domain","domain","Serine-threonine/tyrosine-protein kinase, catalytic domain",521,777,"521-777","interval_overlap","678",1,1,0.003891,"database_signature_match","IPR001245","https://www.ebi.ac.uk/interpro/entry/InterPro/IPR001245/"
"JAK3","SNV_cluster_0029","","1D;3D","Weak clustering evidence",FALSE,FALSE,FALSE,3,3,1,"678",0.999400119976005,0.999400119976005,0.999400119976005,"InterPro:IPR020635:1:6b08f831","InterPro","IPR020635","domain","domain","protein_domain","grin3d_annotation_hierarchy_v1:protein_domain","domain","Tyrosine-protein kinase, catalytic domain",521,777,"521-777","interval_overlap","678",1,1,0.003891,"database_signature_match","IPR020635","https://www.ebi.ac.uk/interpro/entry/InterPro/IPR020635/"
"JAK3","SNV_cluster_0029","","1D;3D","Weak clustering evidence",FALSE,FALSE,FALSE,3,3,1,"678",0.999400119976005,0.999400119976005,0.999400119976005,"InterPro:IPR000719:1:6b08f8ae","InterPro","IPR000719","domain","domain","protein_domain","grin3d_annotation_hierarchy_v1:protein_domain","domain","Protein kinase domain",521,781,"521-781","interval_overlap","678",1,1,0.003831,"database_signature_match","IPR000719","https://www.ebi.ac.uk/interpro/entry/InterPro/IPR000719/"
"JAK3","SNV_cluster_0029","","1D;3D","Weak clustering evidence",FALSE,FALSE,FALSE,3,3,1,"678",0.999400119976005,0.999400119976005,0.999400119976005,"UniProtKB:P52333:1806f325","UniProtKB","P52333","domain","domain","protein_domain","grin3d_annotation_hierarchy_v1:protein_domain","Domain","Protein kinase 1",521,781,"521-781","interval_overlap","678",1,1,0.003831,"ECO:0000255","PRU00159","https://www.uniprot.org/uniprotkb/P52333/entry"
"JAK3","SNV_cluster_0030","","1D;3D","Weak clustering evidence",FALSE,FALSE,FALSE,3,3,1,"875",0.999400119976005,0.999400119976005,0.999400119976005,"InterPro:IPR051286:1:570adfd9","InterPro","IPR051286","domain","domain","protein_family","grin3d_annotation_hierarchy_v1:protein_family","family","Janus Kinase (JAK)",11,1101,"11-1101","interval_overlap","875",1,1,0.000917,"database_signature_match","IPR051286","https://www.ebi.ac.uk/interpro/entry/InterPro/IPR051286/"
"JAK3","SNV_cluster_0030","","1D;3D","Weak clustering evidence",FALSE,FALSE,FALSE,3,3,1,"875",0.999400119976005,0.999400119976005,0.999400119976005,"InterPro:IPR016251:1:1039395f","InterPro","IPR016251","domain","domain","protein_family","grin3d_annotation_hierarchy_v1:protein_family","family","Tyrosine-protein kinase, non-receptor Jak/Tyk2",20,1101,"20-1101","interval_overlap","875",1,1,0.000924,"database_signature_match","IPR016251","https://www.ebi.ac.uk/interpro/entry/InterPro/IPR016251/"
"JAK3","SNV_cluster_0030","","1D;3D","Weak clustering evidence",FALSE,FALSE,FALSE,3,3,1,"875",0.999400119976005,0.999400119976005,0.999400119976005,"InterPro:IPR011009:2:2f826d53","InterPro","IPR011009","domain","domain","homologous_superfamily","grin3d_annotation_hierarchy_v1:homologous_superfamily","homologous_superfamily","Protein kinase-like domain superfamily",820,1097,"820-1097","interval_overlap","875",1,1,0.003597,"database_signature_match","IPR011009","https://www.ebi.ac.uk/interpro/entry/InterPro/IPR011009/"
"JAK3","SNV_cluster_0030","","1D;3D","Weak clustering evidence",FALSE,FALSE,FALSE,3,3,1,"875",0.999400119976005,0.999400119976005,0.999400119976005,"InterPro:IPR020635:2:268b045b","InterPro","IPR020635","domain","domain","protein_domain","grin3d_annotation_hierarchy_v1:protein_domain","domain","Tyrosine-protein kinase, catalytic domain",822,1095,"822-1095","interval_overlap","875",1,1,0.00365,"database_signature_match","IPR020635","https://www.ebi.ac.uk/interpro/entry/InterPro/IPR020635/"
"JAK3","SNV_cluster_0030","","1D;3D","Weak clustering evidence",FALSE,FALSE,FALSE,3,3,1,"875",0.999400119976005,0.999400119976005,0.999400119976005,"InterPro:IPR000719:2:268b4348","InterPro","IPR000719","domain","domain","protein_domain","grin3d_annotation_hierarchy_v1:protein_domain","domain","Protein kinase domain",822,1111,"822-1111","interval_overlap","875",1,1,0.003448,"database_signature_match","IPR000719","https://www.ebi.ac.uk/interpro/entry/InterPro/IPR000719/"
"JAK3","SNV_cluster_0030","","1D;3D","Weak clustering evidence",FALSE,FALSE,FALSE,3,3,1,"875",0.999400119976005,0.999400119976005,0.999400119976005,"UniProtKB:P52333:424c8d91","UniProtKB","P52333","domain","domain","protein_domain","grin3d_annotation_hierarchy_v1:protein_domain","Domain","Protein kinase 2",822,1111,"822-1111","interval_overlap","875",1,1,0.003448,"ECO:0000255","PRU00159","https://www.uniprot.org/uniprotkb/P52333/entry"
"JAK3","SNV_cluster_0030","","1D;3D","Weak clustering evidence",FALSE,FALSE,FALSE,3,3,1,"875",0.999400119976005,0.999400119976005,0.999400119976005,"InterPro:IPR001245:2:220f4fdf","InterPro","IPR001245","domain","domain","protein_domain","grin3d_annotation_hierarchy_v1:protein_domain","domain","Serine-threonine/tyrosine-protein kinase, catalytic domain",823,1094,"823-1094","interval_overlap","875",1,1,0.003676,"database_signature_match","IPR001245","https://www.ebi.ac.uk/interpro/entry/InterPro/IPR001245/"
"JAK3","SNV_cluster_0031","","1D;3D","Weak clustering evidence",FALSE,FALSE,FALSE,3,3,1,"906",0.999400119976005,0.999400119976005,0.999400119976005,"InterPro:IPR051286:1:570adfd9","InterPro","IPR051286","domain","domain","protein_family","grin3d_annotation_hierarchy_v1:protein_family","family","Janus Kinase (JAK)",11,1101,"11-1101","interval_overlap","906",1,1,0.000917,"database_signature_match","IPR051286","https://www.ebi.ac.uk/interpro/entry/InterPro/IPR051286/"
"JAK3","SNV_cluster_0031","","1D;3D","Weak clustering evidence",FALSE,FALSE,FALSE,3,3,1,"906",0.999400119976005,0.999400119976005,0.999400119976005,"InterPro:IPR016251:1:1039395f","InterPro","IPR016251","domain","domain","protein_family","grin3d_annotation_hierarchy_v1:protein_family","family","Tyrosine-protein kinase, non-receptor Jak/Tyk2",20,1101,"20-1101","interval_overlap","906",1,1,0.000924,"database_signature_match","IPR016251","https://www.ebi.ac.uk/interpro/entry/InterPro/IPR016251/"
"JAK3","SNV_cluster_0031","","1D;3D","Weak clustering evidence",FALSE,FALSE,FALSE,3,3,1,"906",0.999400119976005,0.999400119976005,0.999400119976005,"InterPro:IPR011009:2:2f826d53","InterPro","IPR011009","domain","domain","homologous_superfamily","grin3d_annotation_hierarchy_v1:homologous_superfamily","homologous_superfamily","Protein kinase-like domain superfamily",820,1097,"820-1097","interval_overlap","906",1,1,0.003597,"database_signature_match","IPR011009","https://www.ebi.ac.uk/interpro/entry/InterPro/IPR011009/"
"JAK3","SNV_cluster_0031","","1D;3D","Weak clustering evidence",FALSE,FALSE,FALSE,3,3,1,"906",0.999400119976005,0.999400119976005,0.999400119976005,"InterPro:IPR020635:2:268b045b","InterPro","IPR020635","domain","domain","protein_domain","grin3d_annotation_hierarchy_v1:protein_domain","domain","Tyrosine-protein kinase, catalytic domain",822,1095,"822-1095","interval_overlap","906",1,1,0.00365,"database_signature_match","IPR020635","https://www.ebi.ac.uk/interpro/entry/InterPro/IPR020635/"
"JAK3","SNV_cluster_0031","","1D;3D","Weak clustering evidence",FALSE,FALSE,FALSE,3,3,1,"906",0.999400119976005,0.999400119976005,0.999400119976005,"InterPro:IPR000719:2:268b4348","InterPro","IPR000719","domain","domain","protein_domain","grin3d_annotation_hierarchy_v1:protein_domain","domain","Protein kinase domain",822,1111,"822-1111","interval_overlap","906",1,1,0.003448,"database_signature_match","IPR000719","https://www.ebi.ac.uk/interpro/entry/InterPro/IPR000719/"
"JAK3","SNV_cluster_0031","","1D;3D","Weak clustering evidence",FALSE,FALSE,FALSE,3,3,1,"906",0.999400119976005,0.999400119976005,0.999400119976005,"UniProtKB:P52333:424c8d91","UniProtKB","P52333","domain","domain","protein_domain","grin3d_annotation_hierarchy_v1:protein_domain","Domain","Protein kinase 2",822,1111,"822-1111","interval_overlap","906",1,1,0.003448,"ECO:0000255","PRU00159","https://www.uniprot.org/uniprotkb/P52333/entry"
"JAK3","SNV_cluster_0031","","1D;3D","Weak clustering evidence",FALSE,FALSE,FALSE,3,3,1,"906",0.999400119976005,0.999400119976005,0.999400119976005,"InterPro:IPR001245:2:220f4fdf","InterPro","IPR001245","domain","domain","protein_domain","grin3d_annotation_hierarchy_v1:protein_domain","domain","Serine-threonine/tyrosine-protein kinase, catalytic domain",823,1094,"823-1094","interval_overlap","906",1,1,0.003676,"database_signature_match","IPR001245","https://www.ebi.ac.uk/interpro/entry/InterPro/IPR001245/"
"JAK3","SNV_cluster_0031","","1D;3D","Weak clustering evidence",FALSE,FALSE,FALSE,3,3,1,"906",0.999400119976005,0.999400119976005,0.999400119976005,"PDBe-KB:ligand:71790ab5","PDBe-KB/SIFTS","CL","site","binding_site","small_molecule_binding_site","pdbe_kb_sifts_v1:small_molecule_binding_site","experimental ligand contact","Contact with CHLORIDE ION (CL)",825,906,"825-825;840-840;847-847;850-850;851-851;905-905;906-906","experimental_ligand_contact","906",1,1,0.142857,"experimental_structure_contact","3ZC6;7UYV","https://www.ebi.ac.uk/pdbe/pdbe-kb/proteins/P52333"
"JAK3","SNV_cluster_0031","","1D;3D","Weak clustering evidence",FALSE,FALSE,FALSE,3,3,1,"906",0.999400119976005,0.999400119976005,0.999400119976005,"PDBe-KB:ligand:553050f2","PDBe-KB/SIFTS","PEG","site","binding_site","small_molecule_binding_site","pdbe_kb_sifts_v1:small_molecule_binding_site","experimental ligand contact","Contact with DI(HYDROXYETHYL)ETHER (PEG)",826,906,"826-826;904-904;906-906","experimental_ligand_contact","906",1,1,0.333333,"experimental_structure_contact","3ZC6","https://www.ebi.ac.uk/pdbe/pdbe-kb/proteins/P52333"
"JAK3","SNV_cluster_0031","","1D;3D","Weak clustering evidence",FALSE,FALSE,FALSE,3,3,1,"906",0.999400119976005,0.999400119976005,0.999400119976005,"PDBe-KB:ligand:59b787a1","PDBe-KB/SIFTS","934","site","binding_site","small_molecule_binding_site","pdbe_kb_sifts_v1:small_molecule_binding_site","experimental ligand contact","Contact with 1-[4-[[2-[(1-methylpyrazol-4-yl)amino]quinazolin-8-yl]amino]piperidin-1-yl]ethanone (934)",828,966,"828-828;830-830;836-836;853-853;884-884;902-902;903-903;904-904;905-905;906-906;908-908;953-953;956-956;966-966","experimental_ligand_contact","906",1,1,0.071429,"experimental_structure_contact","7Q6H","https://www.ebi.ac.uk/pdbe/pdbe-kb/proteins/P52333"
"JAK3","SNV_cluster_0031","","1D;3D","Weak clustering evidence",FALSE,FALSE,FALSE,3,3,1,"906",0.999400119976005,0.999400119976005,0.999400119976005,"PDBe-KB:ligand:2fd4627b","PDBe-KB/SIFTS","4LH","site","binding_site","small_molecule_binding_site","pdbe_kb_sifts_v1:small_molecule_binding_site","experimental ligand contact","Contact with N-(3-{[(5-chloro-2-{[2-methoxy-4-(4-methylpiperazin-1-yl)phenyl]amino}pyrimidin-4-yl)amino]methyl}phenyl)prop-2-enamide (4LH)",828,967,"828-828;853-853;884-884;902-902;903-903;904-904;905-905;906-906;908-908;909-909;912-912;953-953;956-956;966-966;967-967","experimental_ligand_contact","906",1,1,0.066667,"experimental_structure_contact","4Z16","https://www.ebi.ac.uk/pdbe/pdbe-kb/proteins/P52333"
"JAK3","SNV_cluster_0031","","1D;3D","Weak clustering evidence",FALSE,FALSE,FALSE,3,3,1,"906",0.999400119976005,0.999400119976005,0.999400119976005,"PDBe-KB:ligand:151e2818","PDBe-KB/SIFTS","G9B","site","binding_site","small_molecule_binding_site","pdbe_kb_sifts_v1:small_molecule_binding_site","experimental ligand contact","Contact with N-[3-(2-{3-amino-6-[1-(1-methylpiperidin-4-yl)-1H-pyrazol-4-yl]pyrazin-2-yl}-1H-benzimidazol-1-yl)phenyl]propanamide (G9B)",828,967,"828-828;836-836;853-853;855-855;902-902;903-903;904-904;905-905;906-906;908-908;909-909;911-911;912-912;953-953;956-956;967-967","experimental_ligand_contact","906",1,1,0.0625,"experimental_structure_contact","4V0G","https://www.ebi.ac.uk/pdbe/pdbe-kb/proteins/P52333"
"JAK3","SNV_cluster_0031","","1D;3D","Weak clustering evidence",FALSE,FALSE,FALSE,3,3,1,"906",0.999400119976005,0.999400119976005,0.999400119976005,"PDBe-KB:ligand:636df3bc","PDBe-KB/SIFTS","A1JJU","site","binding_site","small_molecule_binding_site","pdbe_kb_sifts_v1:small_molecule_binding_site","experimental ligand contact","Contact with 3-(3-cyclohexyl-3,8,10-triazatricyclo[7.3.0.0^{2,6}]dodeca-1,4,6,8,11-pentaen-5-yl)benzenesulfonyl fluoride (A1JJU)",828,967,"828-828;836-836;853-853;902-902;903-903;904-904;905-905;906-906;908-908;954-954;956-956;966-966;967-967","experimental_ligand_contact","906",1,1,0.076923,"experimental_structure_contact","9R5Z","https://www.ebi.ac.uk/pdbe/pdbe-kb/proteins/P52333"
"JAK3","SNV_cluster_0032","","1D;3D","Weak clustering evidence",FALSE,FALSE,FALSE,2,2,1,"840",1,1,1,"InterPro:IPR051286:1:570adfd9","InterPro","IPR051286","domain","domain","protein_family","grin3d_annotation_hierarchy_v1:protein_family","family","Janus Kinase (JAK)",11,1101,"11-1101","interval_overlap","840",1,1,0.000917,"database_signature_match","IPR051286","https://www.ebi.ac.uk/interpro/entry/InterPro/IPR051286/"
"JAK3","SNV_cluster_0032","","1D;3D","Weak clustering evidence",FALSE,FALSE,FALSE,2,2,1,"840",1,1,1,"InterPro:IPR016251:1:1039395f","InterPro","IPR016251","domain","domain","protein_family","grin3d_annotation_hierarchy_v1:protein_family","family","Tyrosine-protein kinase, non-receptor Jak/Tyk2",20,1101,"20-1101","interval_overlap","840",1,1,0.000924,"database_signature_match","IPR016251","https://www.ebi.ac.uk/interpro/entry/InterPro/IPR016251/"
"JAK3","SNV_cluster_0032","","1D;3D","Weak clustering evidence",FALSE,FALSE,FALSE,2,2,1,"840",1,1,1,"InterPro:IPR011009:2:2f826d53","InterPro","IPR011009","domain","domain","homologous_superfamily","grin3d_annotation_hierarchy_v1:homologous_superfamily","homologous_superfamily","Protein kinase-like domain superfamily",820,1097,"820-1097","interval_overlap","840",1,1,0.003597,"database_signature_match","IPR011009","https://www.ebi.ac.uk/interpro/entry/InterPro/IPR011009/"
"JAK3","SNV_cluster_0032","","1D;3D","Weak clustering evidence",FALSE,FALSE,FALSE,2,2,1,"840",1,1,1,"InterPro:IPR020635:2:268b045b","InterPro","IPR020635","domain","domain","protein_domain","grin3d_annotation_hierarchy_v1:protein_domain","domain","Tyrosine-protein kinase, catalytic domain",822,1095,"822-1095","interval_overlap","840",1,1,0.00365,"database_signature_match","IPR020635","https://www.ebi.ac.uk/interpro/entry/InterPro/IPR020635/"
"JAK3","SNV_cluster_0032","","1D;3D","Weak clustering evidence",FALSE,FALSE,FALSE,2,2,1,"840",1,1,1,"InterPro:IPR000719:2:268b4348","InterPro","IPR000719","domain","domain","protein_domain","grin3d_annotation_hierarchy_v1:protein_domain","domain","Protein kinase domain",822,1111,"822-1111","interval_overlap","840",1,1,0.003448,"database_signature_match","IPR000719","https://www.ebi.ac.uk/interpro/entry/InterPro/IPR000719/"
"JAK3","SNV_cluster_0032","","1D;3D","Weak clustering evidence",FALSE,FALSE,FALSE,2,2,1,"840",1,1,1,"UniProtKB:P52333:424c8d91","UniProtKB","P52333","domain","domain","protein_domain","grin3d_annotation_hierarchy_v1:protein_domain","Domain","Protein kinase 2",822,1111,"822-1111","interval_overlap","840",1,1,0.003448,"ECO:0000255","PRU00159","https://www.uniprot.org/uniprotkb/P52333/entry"
"JAK3","SNV_cluster_0032","","1D;3D","Weak clustering evidence",FALSE,FALSE,FALSE,2,2,1,"840",1,1,1,"InterPro:IPR001245:2:220f4fdf","InterPro","IPR001245","domain","domain","protein_domain","grin3d_annotation_hierarchy_v1:protein_domain","domain","Serine-threonine/tyrosine-protein kinase, catalytic domain",823,1094,"823-1094","interval_overlap","840",1,1,0.003676,"database_signature_match","IPR001245","https://www.ebi.ac.uk/interpro/entry/InterPro/IPR001245/"
"JAK3","SNV_cluster_0032","","1D;3D","Weak clustering evidence",FALSE,FALSE,FALSE,2,2,1,"840",1,1,1,"PDBe-KB:ligand:71790ab5","PDBe-KB/SIFTS","CL","site","binding_site","small_molecule_binding_site","pdbe_kb_sifts_v1:small_molecule_binding_site","experimental ligand contact","Contact with CHLORIDE ION (CL)",825,906,"825-825;840-840;847-847;850-850;851-851;905-905;906-906","experimental_ligand_contact","840",1,1,0.142857,"experimental_structure_contact","3ZC6;7UYV","https://www.ebi.ac.uk/pdbe/pdbe-kb/proteins/P52333"
"JAK3","SNV_cluster_0032","","1D;3D","Weak clustering evidence",FALSE,FALSE,FALSE,2,2,1,"840",1,1,1,"InterPro:IPR017441:1:0401258a","InterPro","IPR017441","functional_region","functional_region","other_functional_region","grin3d_annotation_hierarchy_v1:other_functional_region","binding_site","Protein kinase, ATP binding site",828,855,"828-855","interval_overlap","840",1,1,0.035714,"database_signature_match","IPR017441","https://www.ebi.ac.uk/interpro/entry/InterPro/IPR017441/"
"JAK3","SNV_cluster_0033","","1D;3D","Weak clustering evidence",FALSE,FALSE,FALSE,2,2,1,"958",1,1,1,"InterPro:IPR051286:1:570adfd9","InterPro","IPR051286","domain","domain","protein_family","grin3d_annotation_hierarchy_v1:protein_family","family","Janus Kinase (JAK)",11,1101,"11-1101","interval_overlap","958",1,1,0.000917,"database_signature_match","IPR051286","https://www.ebi.ac.uk/interpro/entry/InterPro/IPR051286/"
"JAK3","SNV_cluster_0033","","1D;3D","Weak clustering evidence",FALSE,FALSE,FALSE,2,2,1,"958",1,1,1,"InterPro:IPR016251:1:1039395f","InterPro","IPR016251","domain","domain","protein_family","grin3d_annotation_hierarchy_v1:protein_family","family","Tyrosine-protein kinase, non-receptor Jak/Tyk2",20,1101,"20-1101","interval_overlap","958",1,1,0.000924,"database_signature_match","IPR016251","https://www.ebi.ac.uk/interpro/entry/InterPro/IPR016251/"
"JAK3","SNV_cluster_0033","","1D;3D","Weak clustering evidence",FALSE,FALSE,FALSE,2,2,1,"958",1,1,1,"InterPro:IPR011009:2:2f826d53","InterPro","IPR011009","domain","domain","homologous_superfamily","grin3d_annotation_hierarchy_v1:homologous_superfamily","homologous_superfamily","Protein kinase-like domain superfamily",820,1097,"820-1097","interval_overlap","958",1,1,0.003597,"database_signature_match","IPR011009","https://www.ebi.ac.uk/interpro/entry/InterPro/IPR011009/"
"JAK3","SNV_cluster_0033","","1D;3D","Weak clustering evidence",FALSE,FALSE,FALSE,2,2,1,"958",1,1,1,"InterPro:IPR020635:2:268b045b","InterPro","IPR020635","domain","domain","protein_domain","grin3d_annotation_hierarchy_v1:protein_domain","domain","Tyrosine-protein kinase, catalytic domain",822,1095,"822-1095","interval_overlap","958",1,1,0.00365,"database_signature_match","IPR020635","https://www.ebi.ac.uk/interpro/entry/InterPro/IPR020635/"
"JAK3","SNV_cluster_0033","","1D;3D","Weak clustering evidence",FALSE,FALSE,FALSE,2,2,1,"958",1,1,1,"InterPro:IPR000719:2:268b4348","InterPro","IPR000719","domain","domain","protein_domain","grin3d_annotation_hierarchy_v1:protein_domain","domain","Protein kinase domain",822,1111,"822-1111","interval_overlap","958",1,1,0.003448,"database_signature_match","IPR000719","https://www.ebi.ac.uk/interpro/entry/InterPro/IPR000719/"
"JAK3","SNV_cluster_0033","","1D;3D","Weak clustering evidence",FALSE,FALSE,FALSE,2,2,1,"958",1,1,1,"UniProtKB:P52333:424c8d91","UniProtKB","P52333","domain","domain","protein_domain","grin3d_annotation_hierarchy_v1:protein_domain","Domain","Protein kinase 2",822,1111,"822-1111","interval_overlap","958",1,1,0.003448,"ECO:0000255","PRU00159","https://www.uniprot.org/uniprotkb/P52333/entry"
"JAK3","SNV_cluster_0033","","1D;3D","Weak clustering evidence",FALSE,FALSE,FALSE,2,2,1,"958",1,1,1,"InterPro:IPR001245:2:220f4fdf","InterPro","IPR001245","domain","domain","protein_domain","grin3d_annotation_hierarchy_v1:protein_domain","domain","Serine-threonine/tyrosine-protein kinase, catalytic domain",823,1094,"823-1094","interval_overlap","958",1,1,0.003676,"database_signature_match","IPR001245","https://www.ebi.ac.uk/interpro/entry/InterPro/IPR001245/"
"JAK3","SNV_cluster_0034","","1D;3D","Weak clustering evidence",FALSE,FALSE,FALSE,4,4,2,"875;886",1,1,1,"InterPro:IPR051286:1:570adfd9","InterPro","IPR051286","domain","domain","protein_family","grin3d_annotation_hierarchy_v1:protein_family","family","Janus Kinase (JAK)",11,1101,"11-1101","interval_overlap","875;886",2,1,0.001833,"database_signature_match","IPR051286","https://www.ebi.ac.uk/interpro/entry/InterPro/IPR051286/"
"JAK3","SNV_cluster_0034","","1D;3D","Weak clustering evidence",FALSE,FALSE,FALSE,4,4,2,"875;886",1,1,1,"InterPro:IPR016251:1:1039395f","InterPro","IPR016251","domain","domain","protein_family","grin3d_annotation_hierarchy_v1:protein_family","family","Tyrosine-protein kinase, non-receptor Jak/Tyk2",20,1101,"20-1101","interval_overlap","875;886",2,1,0.001848,"database_signature_match","IPR016251","https://www.ebi.ac.uk/interpro/entry/InterPro/IPR016251/"
"JAK3","SNV_cluster_0034","","1D;3D","Weak clustering evidence",FALSE,FALSE,FALSE,4,4,2,"875;886",1,1,1,"InterPro:IPR011009:2:2f826d53","InterPro","IPR011009","domain","domain","homologous_superfamily","grin3d_annotation_hierarchy_v1:homologous_superfamily","homologous_superfamily","Protein kinase-like domain superfamily",820,1097,"820-1097","interval_overlap","875;886",2,1,0.007194,"database_signature_match","IPR011009","https://www.ebi.ac.uk/interpro/entry/InterPro/IPR011009/"
"JAK3","SNV_cluster_0034","","1D;3D","Weak clustering evidence",FALSE,FALSE,FALSE,4,4,2,"875;886",1,1,1,"InterPro:IPR020635:2:268b045b","InterPro","IPR020635","domain","domain","protein_domain","grin3d_annotation_hierarchy_v1:protein_domain","domain","Tyrosine-protein kinase, catalytic domain",822,1095,"822-1095","interval_overlap","875;886",2,1,0.007299,"database_signature_match","IPR020635","https://www.ebi.ac.uk/interpro/entry/InterPro/IPR020635/"
"JAK3","SNV_cluster_0034","","1D;3D","Weak clustering evidence",FALSE,FALSE,FALSE,4,4,2,"875;886",1,1,1,"InterPro:IPR000719:2:268b4348","InterPro","IPR000719","domain","domain","protein_domain","grin3d_annotation_hierarchy_v1:protein_domain","domain","Protein kinase domain",822,1111,"822-1111","interval_overlap","875;886",2,1,0.006897,"database_signature_match","IPR000719","https://www.ebi.ac.uk/interpro/entry/InterPro/IPR000719/"
"JAK3","SNV_cluster_0034","","1D;3D","Weak clustering evidence",FALSE,FALSE,FALSE,4,4,2,"875;886",1,1,1,"UniProtKB:P52333:424c8d91","UniProtKB","P52333","domain","domain","protein_domain","grin3d_annotation_hierarchy_v1:protein_domain","Domain","Protein kinase 2",822,1111,"822-1111","interval_overlap","875;886",2,1,0.006897,"ECO:0000255","PRU00159","https://www.uniprot.org/uniprotkb/P52333/entry"
"JAK3","SNV_cluster_0034","","1D;3D","Weak clustering evidence",FALSE,FALSE,FALSE,4,4,2,"875;886",1,1,1,"InterPro:IPR001245:2:220f4fdf","InterPro","IPR001245","domain","domain","protein_domain","grin3d_annotation_hierarchy_v1:protein_domain","domain","Serine-threonine/tyrosine-protein kinase, catalytic domain",823,1094,"823-1094","interval_overlap","875;886",2,1,0.007353,"database_signature_match","IPR001245","https://www.ebi.ac.uk/interpro/entry/InterPro/IPR001245/"
"JAK3","SNV_cluster_0035","","1D","Weak clustering evidence",FALSE,FALSE,FALSE,3,3,2,"840;848",1,1,1,"InterPro:IPR051286:1:570adfd9","InterPro","IPR051286","domain","domain","protein_family","grin3d_annotation_hierarchy_v1:protein_family","family","Janus Kinase (JAK)",11,1101,"11-1101","interval_overlap","840;848",2,1,0.001833,"database_signature_match","IPR051286","https://www.ebi.ac.uk/interpro/entry/InterPro/IPR051286/"
"JAK3","SNV_cluster_0035","","1D","Weak clustering evidence",FALSE,FALSE,FALSE,3,3,2,"840;848",1,1,1,"InterPro:IPR016251:1:1039395f","InterPro","IPR016251","domain","domain","protein_family","grin3d_annotation_hierarchy_v1:protein_family","family","Tyrosine-protein kinase, non-receptor Jak/Tyk2",20,1101,"20-1101","interval_overlap","840;848",2,1,0.001848,"database_signature_match","IPR016251","https://www.ebi.ac.uk/interpro/entry/InterPro/IPR016251/"
"JAK3","SNV_cluster_0035","","1D","Weak clustering evidence",FALSE,FALSE,FALSE,3,3,2,"840;848",1,1,1,"InterPro:IPR011009:2:2f826d53","InterPro","IPR011009","domain","domain","homologous_superfamily","grin3d_annotation_hierarchy_v1:homologous_superfamily","homologous_superfamily","Protein kinase-like domain superfamily",820,1097,"820-1097","interval_overlap","840;848",2,1,0.007194,"database_signature_match","IPR011009","https://www.ebi.ac.uk/interpro/entry/InterPro/IPR011009/"
"JAK3","SNV_cluster_0035","","1D","Weak clustering evidence",FALSE,FALSE,FALSE,3,3,2,"840;848",1,1,1,"InterPro:IPR020635:2:268b045b","InterPro","IPR020635","domain","domain","protein_domain","grin3d_annotation_hierarchy_v1:protein_domain","domain","Tyrosine-protein kinase, catalytic domain",822,1095,"822-1095","interval_overlap","840;848",2,1,0.007299,"database_signature_match","IPR020635","https://www.ebi.ac.uk/interpro/entry/InterPro/IPR020635/"
"JAK3","SNV_cluster_0035","","1D","Weak clustering evidence",FALSE,FALSE,FALSE,3,3,2,"840;848",1,1,1,"InterPro:IPR000719:2:268b4348","InterPro","IPR000719","domain","domain","protein_domain","grin3d_annotation_hierarchy_v1:protein_domain","domain","Protein kinase domain",822,1111,"822-1111","interval_overlap","840;848",2,1,0.006897,"database_signature_match","IPR000719","https://www.ebi.ac.uk/interpro/entry/InterPro/IPR000719/"
"JAK3","SNV_cluster_0035","","1D","Weak clustering evidence",FALSE,FALSE,FALSE,3,3,2,"840;848",1,1,1,"UniProtKB:P52333:424c8d91","UniProtKB","P52333","domain","domain","protein_domain","grin3d_annotation_hierarchy_v1:protein_domain","Domain","Protein kinase 2",822,1111,"822-1111","interval_overlap","840;848",2,1,0.006897,"ECO:0000255","PRU00159","https://www.uniprot.org/uniprotkb/P52333/entry"
"JAK3","SNV_cluster_0035","","1D","Weak clustering evidence",FALSE,FALSE,FALSE,3,3,2,"840;848",1,1,1,"InterPro:IPR001245:2:220f4fdf","InterPro","IPR001245","domain","domain","protein_domain","grin3d_annotation_hierarchy_v1:protein_domain","domain","Serine-threonine/tyrosine-protein kinase, catalytic domain",823,1094,"823-1094","interval_overlap","840;848",2,1,0.007353,"database_signature_match","IPR001245","https://www.ebi.ac.uk/interpro/entry/InterPro/IPR001245/"
"JAK3","SNV_cluster_0035","","1D","Weak clustering evidence",FALSE,FALSE,FALSE,3,3,2,"840;848",1,1,1,"PDBe-KB:ligand:71790ab5","PDBe-KB/SIFTS","CL","site","binding_site","small_molecule_binding_site","pdbe_kb_sifts_v1:small_molecule_binding_site","experimental ligand contact","Contact with CHLORIDE ION (CL)",825,906,"825-825;840-840;847-847;850-850;851-851;905-905;906-906","experimental_ligand_contact","840",1,0.5,0.142857,"experimental_structure_contact","3ZC6;7UYV","https://www.ebi.ac.uk/pdbe/pdbe-kb/proteins/P52333"
"JAK3","SNV_cluster_0035","","1D","Weak clustering evidence",FALSE,FALSE,FALSE,3,3,2,"840;848",1,1,1,"InterPro:IPR017441:1:0401258a","InterPro","IPR017441","functional_region","functional_region","other_functional_region","grin3d_annotation_hierarchy_v1:other_functional_region","binding_site","Protein kinase, ATP binding site",828,855,"828-855","interval_overlap","840;848",2,1,0.071429,"database_signature_match","IPR017441","https://www.ebi.ac.uk/interpro/entry/InterPro/IPR017441/"
"JAK3","SNV_cluster_0036","","3D","Weak clustering evidence",FALSE,FALSE,FALSE,3,3,2,"586;840",1,1,1,"InterPro:IPR051286:1:570adfd9","InterPro","IPR051286","domain","domain","protein_family","grin3d_annotation_hierarchy_v1:protein_family","family","Janus Kinase (JAK)",11,1101,"11-1101","interval_overlap","586;840",2,1,0.001833,"database_signature_match","IPR051286","https://www.ebi.ac.uk/interpro/entry/InterPro/IPR051286/"
"JAK3","SNV_cluster_0036","","3D","Weak clustering evidence",FALSE,FALSE,FALSE,3,3,2,"586;840",1,1,1,"InterPro:IPR016251:1:1039395f","InterPro","IPR016251","domain","domain","protein_family","grin3d_annotation_hierarchy_v1:protein_family","family","Tyrosine-protein kinase, non-receptor Jak/Tyk2",20,1101,"20-1101","interval_overlap","586;840",2,1,0.001848,"database_signature_match","IPR016251","https://www.ebi.ac.uk/interpro/entry/InterPro/IPR016251/"
"JAK3","SNV_cluster_0036","","3D","Weak clustering evidence",FALSE,FALSE,FALSE,3,3,2,"586;840",1,1,1,"InterPro:IPR011009:1:6ee05de3","InterPro","IPR011009","domain","domain","homologous_superfamily","grin3d_annotation_hierarchy_v1:homologous_superfamily","homologous_superfamily","Protein kinase-like domain superfamily",508,788,"508-788","interval_overlap","586",1,0.5,0.003559,"database_signature_match","IPR011009","https://www.ebi.ac.uk/interpro/entry/InterPro/IPR011009/"
"JAK3","SNV_cluster_0036","","3D","Weak clustering evidence",FALSE,FALSE,FALSE,3,3,2,"586;840",1,1,1,"InterPro:IPR001245:1:6b08f831","InterPro","IPR001245","domain","domain","protein_domain","grin3d_annotation_hierarchy_v1:protein_domain","domain","Serine-threonine/tyrosine-protein kinase, catalytic domain",521,777,"521-777","interval_overlap","586",1,0.5,0.003891,"database_signature_match","IPR001245","https://www.ebi.ac.uk/interpro/entry/InterPro/IPR001245/"
"JAK3","SNV_cluster_0036","","3D","Weak clustering evidence",FALSE,FALSE,FALSE,3,3,2,"586;840",1,1,1,"InterPro:IPR020635:1:6b08f831","InterPro","IPR020635","domain","domain","protein_domain","grin3d_annotation_hierarchy_v1:protein_domain","domain","Tyrosine-protein kinase, catalytic domain",521,777,"521-777","interval_overlap","586",1,0.5,0.003891,"database_signature_match","IPR020635","https://www.ebi.ac.uk/interpro/entry/InterPro/IPR020635/"
"JAK3","SNV_cluster_0036","","3D","Weak clustering evidence",FALSE,FALSE,FALSE,3,3,2,"586;840",1,1,1,"InterPro:IPR000719:1:6b08f8ae","InterPro","IPR000719","domain","domain","protein_domain","grin3d_annotation_hierarchy_v1:protein_domain","domain","Protein kinase domain",521,781,"521-781","interval_overlap","586",1,0.5,0.003831,"database_signature_match","IPR000719","https://www.ebi.ac.uk/interpro/entry/InterPro/IPR000719/"
"JAK3","SNV_cluster_0036","","3D","Weak clustering evidence",FALSE,FALSE,FALSE,3,3,2,"586;840",1,1,1,"UniProtKB:P52333:1806f325","UniProtKB","P52333","domain","domain","protein_domain","grin3d_annotation_hierarchy_v1:protein_domain","Domain","Protein kinase 1",521,781,"521-781","interval_overlap","586",1,0.5,0.003831,"ECO:0000255","PRU00159","https://www.uniprot.org/uniprotkb/P52333/entry"
"JAK3","SNV_cluster_0036","","3D","Weak clustering evidence",FALSE,FALSE,FALSE,3,3,2,"586;840",1,1,1,"InterPro:IPR011009:2:2f826d53","InterPro","IPR011009","domain","domain","homologous_superfamily","grin3d_annotation_hierarchy_v1:homologous_superfamily","homologous_superfamily","Protein kinase-like domain superfamily",820,1097,"820-1097","interval_overlap","840",1,0.5,0.003597,"database_signature_match","IPR011009","https://www.ebi.ac.uk/interpro/entry/InterPro/IPR011009/"
"JAK3","SNV_cluster_0036","","3D","Weak clustering evidence",FALSE,FALSE,FALSE,3,3,2,"586;840",1,1,1,"InterPro:IPR020635:2:268b045b","InterPro","IPR020635","domain","domain","protein_domain","grin3d_annotation_hierarchy_v1:protein_domain","domain","Tyrosine-protein kinase, catalytic domain",822,1095,"822-1095","interval_overlap","840",1,0.5,0.00365,"database_signature_match","IPR020635","https://www.ebi.ac.uk/interpro/entry/InterPro/IPR020635/"
"JAK3","SNV_cluster_0036","","3D","Weak clustering evidence",FALSE,FALSE,FALSE,3,3,2,"586;840",1,1,1,"InterPro:IPR000719:2:268b4348","InterPro","IPR000719","domain","domain","protein_domain","grin3d_annotation_hierarchy_v1:protein_domain","domain","Protein kinase domain",822,1111,"822-1111","interval_overlap","840",1,0.5,0.003448,"database_signature_match","IPR000719","https://www.ebi.ac.uk/interpro/entry/InterPro/IPR000719/"
"JAK3","SNV_cluster_0036","","3D","Weak clustering evidence",FALSE,FALSE,FALSE,3,3,2,"586;840",1,1,1,"UniProtKB:P52333:424c8d91","UniProtKB","P52333","domain","domain","protein_domain","grin3d_annotation_hierarchy_v1:protein_domain","Domain","Protein kinase 2",822,1111,"822-1111","interval_overlap","840",1,0.5,0.003448,"ECO:0000255","PRU00159","https://www.uniprot.org/uniprotkb/P52333/entry"
"JAK3","SNV_cluster_0036","","3D","Weak clustering evidence",FALSE,FALSE,FALSE,3,3,2,"586;840",1,1,1,"InterPro:IPR001245:2:220f4fdf","InterPro","IPR001245","domain","domain","protein_domain","grin3d_annotation_hierarchy_v1:protein_domain","domain","Serine-threonine/tyrosine-protein kinase, catalytic domain",823,1094,"823-1094","interval_overlap","840",1,0.5,0.003676,"database_signature_match","IPR001245","https://www.ebi.ac.uk/interpro/entry/InterPro/IPR001245/"
"JAK3","SNV_cluster_0036","","3D","Weak clustering evidence",FALSE,FALSE,FALSE,3,3,2,"586;840",1,1,1,"PDBe-KB:ligand:71790ab5","PDBe-KB/SIFTS","CL","site","binding_site","small_molecule_binding_site","pdbe_kb_sifts_v1:small_molecule_binding_site","experimental ligand contact","Contact with CHLORIDE ION (CL)",825,906,"825-825;840-840;847-847;850-850;851-851;905-905;906-906","experimental_ligand_contact","840",1,0.5,0.142857,"experimental_structure_contact","3ZC6;7UYV","https://www.ebi.ac.uk/pdbe/pdbe-kb/proteins/P52333"
"JAK3","SNV_cluster_0036","","3D","Weak clustering evidence",FALSE,FALSE,FALSE,3,3,2,"586;840",1,1,1,"InterPro:IPR017441:1:0401258a","InterPro","IPR017441","functional_region","functional_region","other_functional_region","grin3d_annotation_hierarchy_v1:other_functional_region","binding_site","Protein kinase, ATP binding site",828,855,"828-855","interval_overlap","840",1,0.5,0.035714,"database_signature_match","IPR017441","https://www.ebi.ac.uk/interpro/entry/InterPro/IPR017441/"
"JAK3","SNV_cluster_0037","","3D","Weak clustering evidence",FALSE,FALSE,FALSE,5,5,3,"875;886;940",1,1,1,"InterPro:IPR051286:1:570adfd9","InterPro","IPR051286","domain","domain","protein_family","grin3d_annotation_hierarchy_v1:protein_family","family","Janus Kinase (JAK)",11,1101,"11-1101","interval_overlap","875;886;940",3,1,0.00275,"database_signature_match","IPR051286","https://www.ebi.ac.uk/interpro/entry/InterPro/IPR051286/"
"JAK3","SNV_cluster_0037","","3D","Weak clustering evidence",FALSE,FALSE,FALSE,5,5,3,"875;886;940",1,1,1,"InterPro:IPR016251:1:1039395f","InterPro","IPR016251","domain","domain","protein_family","grin3d_annotation_hierarchy_v1:protein_family","family","Tyrosine-protein kinase, non-receptor Jak/Tyk2",20,1101,"20-1101","interval_overlap","875;886;940",3,1,0.002773,"database_signature_match","IPR016251","https://www.ebi.ac.uk/interpro/entry/InterPro/IPR016251/"
"JAK3","SNV_cluster_0037","","3D","Weak clustering evidence",FALSE,FALSE,FALSE,5,5,3,"875;886;940",1,1,1,"InterPro:IPR011009:2:2f826d53","InterPro","IPR011009","domain","domain","homologous_superfamily","grin3d_annotation_hierarchy_v1:homologous_superfamily","homologous_superfamily","Protein kinase-like domain superfamily",820,1097,"820-1097","interval_overlap","875;886;940",3,1,0.010791,"database_signature_match","IPR011009","https://www.ebi.ac.uk/interpro/entry/InterPro/IPR011009/"
"JAK3","SNV_cluster_0037","","3D","Weak clustering evidence",FALSE,FALSE,FALSE,5,5,3,"875;886;940",1,1,1,"InterPro:IPR020635:2:268b045b","InterPro","IPR020635","domain","domain","protein_domain","grin3d_annotation_hierarchy_v1:protein_domain","domain","Tyrosine-protein kinase, catalytic domain",822,1095,"822-1095","interval_overlap","875;886;940",3,1,0.010949,"database_signature_match","IPR020635","https://www.ebi.ac.uk/interpro/entry/InterPro/IPR020635/"
"JAK3","SNV_cluster_0037","","3D","Weak clustering evidence",FALSE,FALSE,FALSE,5,5,3,"875;886;940",1,1,1,"InterPro:IPR000719:2:268b4348","InterPro","IPR000719","domain","domain","protein_domain","grin3d_annotation_hierarchy_v1:protein_domain","domain","Protein kinase domain",822,1111,"822-1111","interval_overlap","875;886;940",3,1,0.010345,"database_signature_match","IPR000719","https://www.ebi.ac.uk/interpro/entry/InterPro/IPR000719/"
"JAK3","SNV_cluster_0037","","3D","Weak clustering evidence",FALSE,FALSE,FALSE,5,5,3,"875;886;940",1,1,1,"UniProtKB:P52333:424c8d91","UniProtKB","P52333","domain","domain","protein_domain","grin3d_annotation_hierarchy_v1:protein_domain","Domain","Protein kinase 2",822,1111,"822-1111","interval_overlap","875;886;940",3,1,0.010345,"ECO:0000255","PRU00159","https://www.uniprot.org/uniprotkb/P52333/entry"
"JAK3","SNV_cluster_0037","","3D","Weak clustering evidence",FALSE,FALSE,FALSE,5,5,3,"875;886;940",1,1,1,"InterPro:IPR001245:2:220f4fdf","InterPro","IPR001245","domain","domain","protein_domain","grin3d_annotation_hierarchy_v1:protein_domain","domain","Serine-threonine/tyrosine-protein kinase, catalytic domain",823,1094,"823-1094","interval_overlap","875;886;940",3,1,0.011029,"database_signature_match","IPR001245","https://www.ebi.ac.uk/interpro/entry/InterPro/IPR001245/"
"JAK3","SNV_cluster_0038","","1D","Weak clustering evidence",FALSE,FALSE,FALSE,3,3,2,"940;958",1,1,1,"InterPro:IPR051286:1:570adfd9","InterPro","IPR051286","domain","domain","protein_family","grin3d_annotation_hierarchy_v1:protein_family","family","Janus Kinase (JAK)",11,1101,"11-1101","interval_overlap","940;958",2,1,0.001833,"database_signature_match","IPR051286","https://www.ebi.ac.uk/interpro/entry/InterPro/IPR051286/"
"JAK3","SNV_cluster_0038","","1D","Weak clustering evidence",FALSE,FALSE,FALSE,3,3,2,"940;958",1,1,1,"InterPro:IPR016251:1:1039395f","InterPro","IPR016251","domain","domain","protein_family","grin3d_annotation_hierarchy_v1:protein_family","family","Tyrosine-protein kinase, non-receptor Jak/Tyk2",20,1101,"20-1101","interval_overlap","940;958",2,1,0.001848,"database_signature_match","IPR016251","https://www.ebi.ac.uk/interpro/entry/InterPro/IPR016251/"
"JAK3","SNV_cluster_0038","","1D","Weak clustering evidence",FALSE,FALSE,FALSE,3,3,2,"940;958",1,1,1,"InterPro:IPR011009:2:2f826d53","InterPro","IPR011009","domain","domain","homologous_superfamily","grin3d_annotation_hierarchy_v1:homologous_superfamily","homologous_superfamily","Protein kinase-like domain superfamily",820,1097,"820-1097","interval_overlap","940;958",2,1,0.007194,"database_signature_match","IPR011009","https://www.ebi.ac.uk/interpro/entry/InterPro/IPR011009/"
"JAK3","SNV_cluster_0038","","1D","Weak clustering evidence",FALSE,FALSE,FALSE,3,3,2,"940;958",1,1,1,"InterPro:IPR020635:2:268b045b","InterPro","IPR020635","domain","domain","protein_domain","grin3d_annotation_hierarchy_v1:protein_domain","domain","Tyrosine-protein kinase, catalytic domain",822,1095,"822-1095","interval_overlap","940;958",2,1,0.007299,"database_signature_match","IPR020635","https://www.ebi.ac.uk/interpro/entry/InterPro/IPR020635/"
"JAK3","SNV_cluster_0038","","1D","Weak clustering evidence",FALSE,FALSE,FALSE,3,3,2,"940;958",1,1,1,"InterPro:IPR000719:2:268b4348","InterPro","IPR000719","domain","domain","protein_domain","grin3d_annotation_hierarchy_v1:protein_domain","domain","Protein kinase domain",822,1111,"822-1111","interval_overlap","940;958",2,1,0.006897,"database_signature_match","IPR000719","https://www.ebi.ac.uk/interpro/entry/InterPro/IPR000719/"
"JAK3","SNV_cluster_0038","","1D","Weak clustering evidence",FALSE,FALSE,FALSE,3,3,2,"940;958",1,1,1,"UniProtKB:P52333:424c8d91","UniProtKB","P52333","domain","domain","protein_domain","grin3d_annotation_hierarchy_v1:protein_domain","Domain","Protein kinase 2",822,1111,"822-1111","interval_overlap","940;958",2,1,0.006897,"ECO:0000255","PRU00159","https://www.uniprot.org/uniprotkb/P52333/entry"
"JAK3","SNV_cluster_0038","","1D","Weak clustering evidence",FALSE,FALSE,FALSE,3,3,2,"940;958",1,1,1,"InterPro:IPR001245:2:220f4fdf","InterPro","IPR001245","domain","domain","protein_domain","grin3d_annotation_hierarchy_v1:protein_domain","domain","Serine-threonine/tyrosine-protein kinase, catalytic domain",823,1094,"823-1094","interval_overlap","940;958",2,1,0.007353,"database_signature_match","IPR001245","https://www.ebi.ac.uk/interpro/entry/InterPro/IPR001245/"
"JAK3","SNV_cluster_0039","","1D","Weak clustering evidence",FALSE,FALSE,FALSE,7,7,3,"875;886;906",1,1,1,"InterPro:IPR051286:1:570adfd9","InterPro","IPR051286","domain","domain","protein_family","grin3d_annotation_hierarchy_v1:protein_family","family","Janus Kinase (JAK)",11,1101,"11-1101","interval_overlap","875;886;906",3,1,0.00275,"database_signature_match","IPR051286","https://www.ebi.ac.uk/interpro/entry/InterPro/IPR051286/"
"JAK3","SNV_cluster_0039","","1D","Weak clustering evidence",FALSE,FALSE,FALSE,7,7,3,"875;886;906",1,1,1,"InterPro:IPR016251:1:1039395f","InterPro","IPR016251","domain","domain","protein_family","grin3d_annotation_hierarchy_v1:protein_family","family","Tyrosine-protein kinase, non-receptor Jak/Tyk2",20,1101,"20-1101","interval_overlap","875;886;906",3,1,0.002773,"database_signature_match","IPR016251","https://www.ebi.ac.uk/interpro/entry/InterPro/IPR016251/"
"JAK3","SNV_cluster_0039","","1D","Weak clustering evidence",FALSE,FALSE,FALSE,7,7,3,"875;886;906",1,1,1,"InterPro:IPR011009:2:2f826d53","InterPro","IPR011009","domain","domain","homologous_superfamily","grin3d_annotation_hierarchy_v1:homologous_superfamily","homologous_superfamily","Protein kinase-like domain superfamily",820,1097,"820-1097","interval_overlap","875;886;906",3,1,0.010791,"database_signature_match","IPR011009","https://www.ebi.ac.uk/interpro/entry/InterPro/IPR011009/"
"JAK3","SNV_cluster_0039","","1D","Weak clustering evidence",FALSE,FALSE,FALSE,7,7,3,"875;886;906",1,1,1,"InterPro:IPR020635:2:268b045b","InterPro","IPR020635","domain","domain","protein_domain","grin3d_annotation_hierarchy_v1:protein_domain","domain","Tyrosine-protein kinase, catalytic domain",822,1095,"822-1095","interval_overlap","875;886;906",3,1,0.010949,"database_signature_match","IPR020635","https://www.ebi.ac.uk/interpro/entry/InterPro/IPR020635/"
"JAK3","SNV_cluster_0039","","1D","Weak clustering evidence",FALSE,FALSE,FALSE,7,7,3,"875;886;906",1,1,1,"InterPro:IPR000719:2:268b4348","InterPro","IPR000719","domain","domain","protein_domain","grin3d_annotation_hierarchy_v1:protein_domain","domain","Protein kinase domain",822,1111,"822-1111","interval_overlap","875;886;906",3,1,0.010345,"database_signature_match","IPR000719","https://www.ebi.ac.uk/interpro/entry/InterPro/IPR000719/"
"JAK3","SNV_cluster_0039","","1D","Weak clustering evidence",FALSE,FALSE,FALSE,7,7,3,"875;886;906",1,1,1,"UniProtKB:P52333:424c8d91","UniProtKB","P52333","domain","domain","protein_domain","grin3d_annotation_hierarchy_v1:protein_domain","Domain","Protein kinase 2",822,1111,"822-1111","interval_overlap","875;886;906",3,1,0.010345,"ECO:0000255","PRU00159","https://www.uniprot.org/uniprotkb/P52333/entry"
"JAK3","SNV_cluster_0039","","1D","Weak clustering evidence",FALSE,FALSE,FALSE,7,7,3,"875;886;906",1,1,1,"InterPro:IPR001245:2:220f4fdf","InterPro","IPR001245","domain","domain","protein_domain","grin3d_annotation_hierarchy_v1:protein_domain","domain","Serine-threonine/tyrosine-protein kinase, catalytic domain",823,1094,"823-1094","interval_overlap","875;886;906",3,1,0.011029,"database_signature_match","IPR001245","https://www.ebi.ac.uk/interpro/entry/InterPro/IPR001245/"
"JAK3","SNV_cluster_0039","","1D","Weak clustering evidence",FALSE,FALSE,FALSE,7,7,3,"875;886;906",1,1,1,"PDBe-KB:ligand:71790ab5","PDBe-KB/SIFTS","CL","site","binding_site","small_molecule_binding_site","pdbe_kb_sifts_v1:small_molecule_binding_site","experimental ligand contact","Contact with CHLORIDE ION (CL)",825,906,"825-825;840-840;847-847;850-850;851-851;905-905;906-906","experimental_ligand_contact","906",1,0.333333,0.142857,"experimental_structure_contact","3ZC6;7UYV","https://www.ebi.ac.uk/pdbe/pdbe-kb/proteins/P52333"
"JAK3","SNV_cluster_0039","","1D","Weak clustering evidence",FALSE,FALSE,FALSE,7,7,3,"875;886;906",1,1,1,"PDBe-KB:ligand:553050f2","PDBe-KB/SIFTS","PEG","site","binding_site","small_molecule_binding_site","pdbe_kb_sifts_v1:small_molecule_binding_site","experimental ligand contact","Contact with DI(HYDROXYETHYL)ETHER (PEG)",826,906,"826-826;904-904;906-906","experimental_ligand_contact","906",1,0.333333,0.333333,"experimental_structure_contact","3ZC6","https://www.ebi.ac.uk/pdbe/pdbe-kb/proteins/P52333"
"JAK3","SNV_cluster_0039","","1D","Weak clustering evidence",FALSE,FALSE,FALSE,7,7,3,"875;886;906",1,1,1,"PDBe-KB:ligand:59b787a1","PDBe-KB/SIFTS","934","site","binding_site","small_molecule_binding_site","pdbe_kb_sifts_v1:small_molecule_binding_site","experimental ligand contact","Contact with 1-[4-[[2-[(1-methylpyrazol-4-yl)amino]quinazolin-8-yl]amino]piperidin-1-yl]ethanone (934)",828,966,"828-828;830-830;836-836;853-853;884-884;902-902;903-903;904-904;905-905;906-906;908-908;953-953;956-956;966-966","experimental_ligand_contact","906",1,0.333333,0.071429,"experimental_structure_contact","7Q6H","https://www.ebi.ac.uk/pdbe/pdbe-kb/proteins/P52333"
"JAK3","SNV_cluster_0039","","1D","Weak clustering evidence",FALSE,FALSE,FALSE,7,7,3,"875;886;906",1,1,1,"PDBe-KB:ligand:2fd4627b","PDBe-KB/SIFTS","4LH","site","binding_site","small_molecule_binding_site","pdbe_kb_sifts_v1:small_molecule_binding_site","experimental ligand contact","Contact with N-(3-{[(5-chloro-2-{[2-methoxy-4-(4-methylpiperazin-1-yl)phenyl]amino}pyrimidin-4-yl)amino]methyl}phenyl)prop-2-enamide (4LH)",828,967,"828-828;853-853;884-884;902-902;903-903;904-904;905-905;906-906;908-908;909-909;912-912;953-953;956-956;966-966;967-967","experimental_ligand_contact","906",1,0.333333,0.066667,"experimental_structure_contact","4Z16","https://www.ebi.ac.uk/pdbe/pdbe-kb/proteins/P52333"
"JAK3","SNV_cluster_0039","","1D","Weak clustering evidence",FALSE,FALSE,FALSE,7,7,3,"875;886;906",1,1,1,"PDBe-KB:ligand:151e2818","PDBe-KB/SIFTS","G9B","site","binding_site","small_molecule_binding_site","pdbe_kb_sifts_v1:small_molecule_binding_site","experimental ligand contact","Contact with N-[3-(2-{3-amino-6-[1-(1-methylpiperidin-4-yl)-1H-pyrazol-4-yl]pyrazin-2-yl}-1H-benzimidazol-1-yl)phenyl]propanamide (G9B)",828,967,"828-828;836-836;853-853;855-855;902-902;903-903;904-904;905-905;906-906;908-908;909-909;911-911;912-912;953-953;956-956;967-967","experimental_ligand_contact","906",1,0.333333,0.0625,"experimental_structure_contact","4V0G","https://www.ebi.ac.uk/pdbe/pdbe-kb/proteins/P52333"
"JAK3","SNV_cluster_0039","","1D","Weak clustering evidence",FALSE,FALSE,FALSE,7,7,3,"875;886;906",1,1,1,"PDBe-KB:ligand:636df3bc","PDBe-KB/SIFTS","A1JJU","site","binding_site","small_molecule_binding_site","pdbe_kb_sifts_v1:small_molecule_binding_site","experimental ligand contact","Contact with 3-(3-cyclohexyl-3,8,10-triazatricyclo[7.3.0.0^{2,6}]dodeca-1,4,6,8,11-pentaen-5-yl)benzenesulfonyl fluoride (A1JJU)",828,967,"828-828;836-836;853-853;902-902;903-903;904-904;905-905;906-906;908-908;954-954;956-956;966-966;967-967","experimental_ligand_contact","906",1,0.333333,0.076923,"experimental_structure_contact","9R5Z","https://www.ebi.ac.uk/pdbe/pdbe-kb/proteins/P52333"
"JAK3","SNV_cluster_0040","","3D","Weak clustering evidence",FALSE,FALSE,FALSE,10,10,5,"875;886;906;940;958",1,1,1,"InterPro:IPR051286:1:570adfd9","InterPro","IPR051286","domain","domain","protein_family","grin3d_annotation_hierarchy_v1:protein_family","family","Janus Kinase (JAK)",11,1101,"11-1101","interval_overlap","875;886;906;940;958",5,1,0.004583,"database_signature_match","IPR051286","https://www.ebi.ac.uk/interpro/entry/InterPro/IPR051286/"
"JAK3","SNV_cluster_0040","","3D","Weak clustering evidence",FALSE,FALSE,FALSE,10,10,5,"875;886;906;940;958",1,1,1,"InterPro:IPR016251:1:1039395f","InterPro","IPR016251","domain","domain","protein_family","grin3d_annotation_hierarchy_v1:protein_family","family","Tyrosine-protein kinase, non-receptor Jak/Tyk2",20,1101,"20-1101","interval_overlap","875;886;906;940;958",5,1,0.004621,"database_signature_match","IPR016251","https://www.ebi.ac.uk/interpro/entry/InterPro/IPR016251/"
"JAK3","SNV_cluster_0040","","3D","Weak clustering evidence",FALSE,FALSE,FALSE,10,10,5,"875;886;906;940;958",1,1,1,"InterPro:IPR011009:2:2f826d53","InterPro","IPR011009","domain","domain","homologous_superfamily","grin3d_annotation_hierarchy_v1:homologous_superfamily","homologous_superfamily","Protein kinase-like domain superfamily",820,1097,"820-1097","interval_overlap","875;886;906;940;958",5,1,0.017986,"database_signature_match","IPR011009","https://www.ebi.ac.uk/interpro/entry/InterPro/IPR011009/"
"JAK3","SNV_cluster_0040","","3D","Weak clustering evidence",FALSE,FALSE,FALSE,10,10,5,"875;886;906;940;958",1,1,1,"InterPro:IPR020635:2:268b045b","InterPro","IPR020635","domain","domain","protein_domain","grin3d_annotation_hierarchy_v1:protein_domain","domain","Tyrosine-protein kinase, catalytic domain",822,1095,"822-1095","interval_overlap","875;886;906;940;958",5,1,0.018248,"database_signature_match","IPR020635","https://www.ebi.ac.uk/interpro/entry/InterPro/IPR020635/"
"JAK3","SNV_cluster_0040","","3D","Weak clustering evidence",FALSE,FALSE,FALSE,10,10,5,"875;886;906;940;958",1,1,1,"InterPro:IPR000719:2:268b4348","InterPro","IPR000719","domain","domain","protein_domain","grin3d_annotation_hierarchy_v1:protein_domain","domain","Protein kinase domain",822,1111,"822-1111","interval_overlap","875;886;906;940;958",5,1,0.017241,"database_signature_match","IPR000719","https://www.ebi.ac.uk/interpro/entry/InterPro/IPR000719/"
"JAK3","SNV_cluster_0040","","3D","Weak clustering evidence",FALSE,FALSE,FALSE,10,10,5,"875;886;906;940;958",1,1,1,"UniProtKB:P52333:424c8d91","UniProtKB","P52333","domain","domain","protein_domain","grin3d_annotation_hierarchy_v1:protein_domain","Domain","Protein kinase 2",822,1111,"822-1111","interval_overlap","875;886;906;940;958",5,1,0.017241,"ECO:0000255","PRU00159","https://www.uniprot.org/uniprotkb/P52333/entry"
"JAK3","SNV_cluster_0040","","3D","Weak clustering evidence",FALSE,FALSE,FALSE,10,10,5,"875;886;906;940;958",1,1,1,"InterPro:IPR001245:2:220f4fdf","InterPro","IPR001245","domain","domain","protein_domain","grin3d_annotation_hierarchy_v1:protein_domain","domain","Serine-threonine/tyrosine-protein kinase, catalytic domain",823,1094,"823-1094","interval_overlap","875;886;906;940;958",5,1,0.018382,"database_signature_match","IPR001245","https://www.ebi.ac.uk/interpro/entry/InterPro/IPR001245/"
"JAK3","SNV_cluster_0040","","3D","Weak clustering evidence",FALSE,FALSE,FALSE,10,10,5,"875;886;906;940;958",1,1,1,"PDBe-KB:ligand:71790ab5","PDBe-KB/SIFTS","CL","site","binding_site","small_molecule_binding_site","pdbe_kb_sifts_v1:small_molecule_binding_site","experimental ligand contact","Contact with CHLORIDE ION (CL)",825,906,"825-825;840-840;847-847;850-850;851-851;905-905;906-906","experimental_ligand_contact","906",1,0.2,0.142857,"experimental_structure_contact","3ZC6;7UYV","https://www.ebi.ac.uk/pdbe/pdbe-kb/proteins/P52333"
"JAK3","SNV_cluster_0040","","3D","Weak clustering evidence",FALSE,FALSE,FALSE,10,10,5,"875;886;906;940;958",1,1,1,"PDBe-KB:ligand:553050f2","PDBe-KB/SIFTS","PEG","site","binding_site","small_molecule_binding_site","pdbe_kb_sifts_v1:small_molecule_binding_site","experimental ligand contact","Contact with DI(HYDROXYETHYL)ETHER (PEG)",826,906,"826-826;904-904;906-906","experimental_ligand_contact","906",1,0.2,0.333333,"experimental_structure_contact","3ZC6","https://www.ebi.ac.uk/pdbe/pdbe-kb/proteins/P52333"
"JAK3","SNV_cluster_0040","","3D","Weak clustering evidence",FALSE,FALSE,FALSE,10,10,5,"875;886;906;940;958",1,1,1,"PDBe-KB:ligand:59b787a1","PDBe-KB/SIFTS","934","site","binding_site","small_molecule_binding_site","pdbe_kb_sifts_v1:small_molecule_binding_site","experimental ligand contact","Contact with 1-[4-[[2-[(1-methylpyrazol-4-yl)amino]quinazolin-8-yl]amino]piperidin-1-yl]ethanone (934)",828,966,"828-828;830-830;836-836;853-853;884-884;902-902;903-903;904-904;905-905;906-906;908-908;953-953;956-956;966-966","experimental_ligand_contact","906",1,0.2,0.071429,"experimental_structure_contact","7Q6H","https://www.ebi.ac.uk/pdbe/pdbe-kb/proteins/P52333"
"JAK3","SNV_cluster_0040","","3D","Weak clustering evidence",FALSE,FALSE,FALSE,10,10,5,"875;886;906;940;958",1,1,1,"PDBe-KB:ligand:2fd4627b","PDBe-KB/SIFTS","4LH","site","binding_site","small_molecule_binding_site","pdbe_kb_sifts_v1:small_molecule_binding_site","experimental ligand contact","Contact with N-(3-{[(5-chloro-2-{[2-methoxy-4-(4-methylpiperazin-1-yl)phenyl]amino}pyrimidin-4-yl)amino]methyl}phenyl)prop-2-enamide (4LH)",828,967,"828-828;853-853;884-884;902-902;903-903;904-904;905-905;906-906;908-908;909-909;912-912;953-953;956-956;966-966;967-967","experimental_ligand_contact","906",1,0.2,0.066667,"experimental_structure_contact","4Z16","https://www.ebi.ac.uk/pdbe/pdbe-kb/proteins/P52333"
"JAK3","SNV_cluster_0040","","3D","Weak clustering evidence",FALSE,FALSE,FALSE,10,10,5,"875;886;906;940;958",1,1,1,"PDBe-KB:ligand:151e2818","PDBe-KB/SIFTS","G9B","site","binding_site","small_molecule_binding_site","pdbe_kb_sifts_v1:small_molecule_binding_site","experimental ligand contact","Contact with N-[3-(2-{3-amino-6-[1-(1-methylpiperidin-4-yl)-1H-pyrazol-4-yl]pyrazin-2-yl}-1H-benzimidazol-1-yl)phenyl]propanamide (G9B)",828,967,"828-828;836-836;853-853;855-855;902-902;903-903;904-904;905-905;906-906;908-908;909-909;911-911;912-912;953-953;956-956;967-967","experimental_ligand_contact","906",1,0.2,0.0625,"experimental_structure_contact","4V0G","https://www.ebi.ac.uk/pdbe/pdbe-kb/proteins/P52333"
"JAK3","SNV_cluster_0040","","3D","Weak clustering evidence",FALSE,FALSE,FALSE,10,10,5,"875;886;906;940;958",1,1,1,"PDBe-KB:ligand:636df3bc","PDBe-KB/SIFTS","A1JJU","site","binding_site","small_molecule_binding_site","pdbe_kb_sifts_v1:small_molecule_binding_site","experimental ligand contact","Contact with 3-(3-cyclohexyl-3,8,10-triazatricyclo[7.3.0.0^{2,6}]dodeca-1,4,6,8,11-pentaen-5-yl)benzenesulfonyl fluoride (A1JJU)",828,967,"828-828;836-836;853-853;902-902;903-903;904-904;905-905;906-906;908-908;954-954;956-956;966-966;967-967","experimental_ligand_contact","906",1,0.2,0.076923,"experimental_structure_contact","9R5Z","https://www.ebi.ac.uk/pdbe/pdbe-kb/proteins/P52333"
"JAK3","SNV_cluster_0041","","3D","Weak clustering evidence",FALSE,FALSE,FALSE,11,11,6,"875;886;906;940;958;988",1,1,1,"InterPro:IPR051286:1:570adfd9","InterPro","IPR051286","domain","domain","protein_family","grin3d_annotation_hierarchy_v1:protein_family","family","Janus Kinase (JAK)",11,1101,"11-1101","interval_overlap","875;886;906;940;958;988",6,1,0.0055,"database_signature_match","IPR051286","https://www.ebi.ac.uk/interpro/entry/InterPro/IPR051286/"
"JAK3","SNV_cluster_0041","","3D","Weak clustering evidence",FALSE,FALSE,FALSE,11,11,6,"875;886;906;940;958;988",1,1,1,"InterPro:IPR016251:1:1039395f","InterPro","IPR016251","domain","domain","protein_family","grin3d_annotation_hierarchy_v1:protein_family","family","Tyrosine-protein kinase, non-receptor Jak/Tyk2",20,1101,"20-1101","interval_overlap","875;886;906;940;958;988",6,1,0.005545,"database_signature_match","IPR016251","https://www.ebi.ac.uk/interpro/entry/InterPro/IPR016251/"
"JAK3","SNV_cluster_0041","","3D","Weak clustering evidence",FALSE,FALSE,FALSE,11,11,6,"875;886;906;940;958;988",1,1,1,"InterPro:IPR011009:2:2f826d53","InterPro","IPR011009","domain","domain","homologous_superfamily","grin3d_annotation_hierarchy_v1:homologous_superfamily","homologous_superfamily","Protein kinase-like domain superfamily",820,1097,"820-1097","interval_overlap","875;886;906;940;958;988",6,1,0.021583,"database_signature_match","IPR011009","https://www.ebi.ac.uk/interpro/entry/InterPro/IPR011009/"
"JAK3","SNV_cluster_0041","","3D","Weak clustering evidence",FALSE,FALSE,FALSE,11,11,6,"875;886;906;940;958;988",1,1,1,"InterPro:IPR020635:2:268b045b","InterPro","IPR020635","domain","domain","protein_domain","grin3d_annotation_hierarchy_v1:protein_domain","domain","Tyrosine-protein kinase, catalytic domain",822,1095,"822-1095","interval_overlap","875;886;906;940;958;988",6,1,0.021898,"database_signature_match","IPR020635","https://www.ebi.ac.uk/interpro/entry/InterPro/IPR020635/"
"JAK3","SNV_cluster_0041","","3D","Weak clustering evidence",FALSE,FALSE,FALSE,11,11,6,"875;886;906;940;958;988",1,1,1,"InterPro:IPR000719:2:268b4348","InterPro","IPR000719","domain","domain","protein_domain","grin3d_annotation_hierarchy_v1:protein_domain","domain","Protein kinase domain",822,1111,"822-1111","interval_overlap","875;886;906;940;958;988",6,1,0.02069,"database_signature_match","IPR000719","https://www.ebi.ac.uk/interpro/entry/InterPro/IPR000719/"
"JAK3","SNV_cluster_0041","","3D","Weak clustering evidence",FALSE,FALSE,FALSE,11,11,6,"875;886;906;940;958;988",1,1,1,"UniProtKB:P52333:424c8d91","UniProtKB","P52333","domain","domain","protein_domain","grin3d_annotation_hierarchy_v1:protein_domain","Domain","Protein kinase 2",822,1111,"822-1111","interval_overlap","875;886;906;940;958;988",6,1,0.02069,"ECO:0000255","PRU00159","https://www.uniprot.org/uniprotkb/P52333/entry"
"JAK3","SNV_cluster_0041","","3D","Weak clustering evidence",FALSE,FALSE,FALSE,11,11,6,"875;886;906;940;958;988",1,1,1,"InterPro:IPR001245:2:220f4fdf","InterPro","IPR001245","domain","domain","protein_domain","grin3d_annotation_hierarchy_v1:protein_domain","domain","Serine-threonine/tyrosine-protein kinase, catalytic domain",823,1094,"823-1094","interval_overlap","875;886;906;940;958;988",6,1,0.022059,"database_signature_match","IPR001245","https://www.ebi.ac.uk/interpro/entry/InterPro/IPR001245/"
"JAK3","SNV_cluster_0041","","3D","Weak clustering evidence",FALSE,FALSE,FALSE,11,11,6,"875;886;906;940;958;988",1,1,1,"PDBe-KB:ligand:71790ab5","PDBe-KB/SIFTS","CL","site","binding_site","small_molecule_binding_site","pdbe_kb_sifts_v1:small_molecule_binding_site","experimental ligand contact","Contact with CHLORIDE ION (CL)",825,906,"825-825;840-840;847-847;850-850;851-851;905-905;906-906","experimental_ligand_contact","906",1,0.166667,0.142857,"experimental_structure_contact","3ZC6;7UYV","https://www.ebi.ac.uk/pdbe/pdbe-kb/proteins/P52333"
"JAK3","SNV_cluster_0041","","3D","Weak clustering evidence",FALSE,FALSE,FALSE,11,11,6,"875;886;906;940;958;988",1,1,1,"PDBe-KB:ligand:553050f2","PDBe-KB/SIFTS","PEG","site","binding_site","small_molecule_binding_site","pdbe_kb_sifts_v1:small_molecule_binding_site","experimental ligand contact","Contact with DI(HYDROXYETHYL)ETHER (PEG)",826,906,"826-826;904-904;906-906","experimental_ligand_contact","906",1,0.166667,0.333333,"experimental_structure_contact","3ZC6","https://www.ebi.ac.uk/pdbe/pdbe-kb/proteins/P52333"
"JAK3","SNV_cluster_0041","","3D","Weak clustering evidence",FALSE,FALSE,FALSE,11,11,6,"875;886;906;940;958;988",1,1,1,"PDBe-KB:ligand:59b787a1","PDBe-KB/SIFTS","934","site","binding_site","small_molecule_binding_site","pdbe_kb_sifts_v1:small_molecule_binding_site","experimental ligand contact","Contact with 1-[4-[[2-[(1-methylpyrazol-4-yl)amino]quinazolin-8-yl]amino]piperidin-1-yl]ethanone (934)",828,966,"828-828;830-830;836-836;853-853;884-884;902-902;903-903;904-904;905-905;906-906;908-908;953-953;956-956;966-966","experimental_ligand_contact","906",1,0.166667,0.071429,"experimental_structure_contact","7Q6H","https://www.ebi.ac.uk/pdbe/pdbe-kb/proteins/P52333"
"JAK3","SNV_cluster_0041","","3D","Weak clustering evidence",FALSE,FALSE,FALSE,11,11,6,"875;886;906;940;958;988",1,1,1,"PDBe-KB:ligand:2fd4627b","PDBe-KB/SIFTS","4LH","site","binding_site","small_molecule_binding_site","pdbe_kb_sifts_v1:small_molecule_binding_site","experimental ligand contact","Contact with N-(3-{[(5-chloro-2-{[2-methoxy-4-(4-methylpiperazin-1-yl)phenyl]amino}pyrimidin-4-yl)amino]methyl}phenyl)prop-2-enamide (4LH)",828,967,"828-828;853-853;884-884;902-902;903-903;904-904;905-905;906-906;908-908;909-909;912-912;953-953;956-956;966-966;967-967","experimental_ligand_contact","906",1,0.166667,0.066667,"experimental_structure_contact","4Z16","https://www.ebi.ac.uk/pdbe/pdbe-kb/proteins/P52333"
"JAK3","SNV_cluster_0041","","3D","Weak clustering evidence",FALSE,FALSE,FALSE,11,11,6,"875;886;906;940;958;988",1,1,1,"PDBe-KB:ligand:151e2818","PDBe-KB/SIFTS","G9B","site","binding_site","small_molecule_binding_site","pdbe_kb_sifts_v1:small_molecule_binding_site","experimental ligand contact","Contact with N-[3-(2-{3-amino-6-[1-(1-methylpiperidin-4-yl)-1H-pyrazol-4-yl]pyrazin-2-yl}-1H-benzimidazol-1-yl)phenyl]propanamide (G9B)",828,967,"828-828;836-836;853-853;855-855;902-902;903-903;904-904;905-905;906-906;908-908;909-909;911-911;912-912;953-953;956-956;967-967","experimental_ligand_contact","906",1,0.166667,0.0625,"experimental_structure_contact","4V0G","https://www.ebi.ac.uk/pdbe/pdbe-kb/proteins/P52333"
"JAK3","SNV_cluster_0041","","3D","Weak clustering evidence",FALSE,FALSE,FALSE,11,11,6,"875;886;906;940;958;988",1,1,1,"PDBe-KB:ligand:636df3bc","PDBe-KB/SIFTS","A1JJU","site","binding_site","small_molecule_binding_site","pdbe_kb_sifts_v1:small_molecule_binding_site","experimental ligand contact","Contact with 3-(3-cyclohexyl-3,8,10-triazatricyclo[7.3.0.0^{2,6}]dodeca-1,4,6,8,11-pentaen-5-yl)benzenesulfonyl fluoride (A1JJU)",828,967,"828-828;836-836;853-853;902-902;903-903;904-904;905-905;906-906;908-908;954-954;956-956;966-966;967-967","experimental_ligand_contact","906",1,0.166667,0.076923,"experimental_structure_contact","9R5Z","https://www.ebi.ac.uk/pdbe/pdbe-kb/proteins/P52333"
"JAK3","SNV_cluster_0041","","3D","Weak clustering evidence",FALSE,FALSE,FALSE,11,11,6,"875;886;906;940;958;988",1,1,1,"PDBe-KB:ligand:00ec1236","PDBe-KB/SIFTS","DTV","site","binding_site","small_molecule_binding_site","pdbe_kb_sifts_v1:small_molecule_binding_site","experimental ligand contact","Contact with (2S,3S)-1,4-DIMERCAPTOBUTANE-2,3-DIOL (DTV)",832,988,"832-832;833-833;835-835;836-836;855-855;877-877;943-943;967-967;969-969;970-970;973-973;988-988","experimental_ligand_contact","988",1,0.166667,0.083333,"experimental_structure_contact","1YVJ","https://www.ebi.ac.uk/pdbe/pdbe-kb/proteins/P52333"
"JAK3","SNV_cluster_0042","","1D","Weak clustering evidence",FALSE,FALSE,FALSE,4,4,3,"940;958;988",1,1,1,"InterPro:IPR051286:1:570adfd9","InterPro","IPR051286","domain","domain","protein_family","grin3d_annotation_hierarchy_v1:protein_family","family","Janus Kinase (JAK)",11,1101,"11-1101","interval_overlap","940;958;988",3,1,0.00275,"database_signature_match","IPR051286","https://www.ebi.ac.uk/interpro/entry/InterPro/IPR051286/"
"JAK3","SNV_cluster_0042","","1D","Weak clustering evidence",FALSE,FALSE,FALSE,4,4,3,"940;958;988",1,1,1,"InterPro:IPR016251:1:1039395f","InterPro","IPR016251","domain","domain","protein_family","grin3d_annotation_hierarchy_v1:protein_family","family","Tyrosine-protein kinase, non-receptor Jak/Tyk2",20,1101,"20-1101","interval_overlap","940;958;988",3,1,0.002773,"database_signature_match","IPR016251","https://www.ebi.ac.uk/interpro/entry/InterPro/IPR016251/"
"JAK3","SNV_cluster_0042","","1D","Weak clustering evidence",FALSE,FALSE,FALSE,4,4,3,"940;958;988",1,1,1,"InterPro:IPR011009:2:2f826d53","InterPro","IPR011009","domain","domain","homologous_superfamily","grin3d_annotation_hierarchy_v1:homologous_superfamily","homologous_superfamily","Protein kinase-like domain superfamily",820,1097,"820-1097","interval_overlap","940;958;988",3,1,0.010791,"database_signature_match","IPR011009","https://www.ebi.ac.uk/interpro/entry/InterPro/IPR011009/"
"JAK3","SNV_cluster_0042","","1D","Weak clustering evidence",FALSE,FALSE,FALSE,4,4,3,"940;958;988",1,1,1,"InterPro:IPR020635:2:268b045b","InterPro","IPR020635","domain","domain","protein_domain","grin3d_annotation_hierarchy_v1:protein_domain","domain","Tyrosine-protein kinase, catalytic domain",822,1095,"822-1095","interval_overlap","940;958;988",3,1,0.010949,"database_signature_match","IPR020635","https://www.ebi.ac.uk/interpro/entry/InterPro/IPR020635/"
"JAK3","SNV_cluster_0042","","1D","Weak clustering evidence",FALSE,FALSE,FALSE,4,4,3,"940;958;988",1,1,1,"InterPro:IPR000719:2:268b4348","InterPro","IPR000719","domain","domain","protein_domain","grin3d_annotation_hierarchy_v1:protein_domain","domain","Protein kinase domain",822,1111,"822-1111","interval_overlap","940;958;988",3,1,0.010345,"database_signature_match","IPR000719","https://www.ebi.ac.uk/interpro/entry/InterPro/IPR000719/"
"JAK3","SNV_cluster_0042","","1D","Weak clustering evidence",FALSE,FALSE,FALSE,4,4,3,"940;958;988",1,1,1,"UniProtKB:P52333:424c8d91","UniProtKB","P52333","domain","domain","protein_domain","grin3d_annotation_hierarchy_v1:protein_domain","Domain","Protein kinase 2",822,1111,"822-1111","interval_overlap","940;958;988",3,1,0.010345,"ECO:0000255","PRU00159","https://www.uniprot.org/uniprotkb/P52333/entry"
"JAK3","SNV_cluster_0042","","1D","Weak clustering evidence",FALSE,FALSE,FALSE,4,4,3,"940;958;988",1,1,1,"InterPro:IPR001245:2:220f4fdf","InterPro","IPR001245","domain","domain","protein_domain","grin3d_annotation_hierarchy_v1:protein_domain","domain","Serine-threonine/tyrosine-protein kinase, catalytic domain",823,1094,"823-1094","interval_overlap","940;958;988",3,1,0.011029,"database_signature_match","IPR001245","https://www.ebi.ac.uk/interpro/entry/InterPro/IPR001245/"
"JAK3","SNV_cluster_0042","","1D","Weak clustering evidence",FALSE,FALSE,FALSE,4,4,3,"940;958;988",1,1,1,"PDBe-KB:ligand:00ec1236","PDBe-KB/SIFTS","DTV","site","binding_site","small_molecule_binding_site","pdbe_kb_sifts_v1:small_molecule_binding_site","experimental ligand contact","Contact with (2S,3S)-1,4-DIMERCAPTOBUTANE-2,3-DIOL (DTV)",832,988,"832-832;833-833;835-835;836-836;855-855;877-877;943-943;967-967;969-969;970-970;973-973;988-988","experimental_ligand_contact","988",1,0.333333,0.083333,"experimental_structure_contact","1YVJ","https://www.ebi.ac.uk/pdbe/pdbe-kb/proteins/P52333"
"JAK3","SNV_cluster_0043","","3D","Weak clustering evidence",FALSE,FALSE,FALSE,19,20,9,"549;819;857;875;886;906;940;958;988",1,1,1,"InterPro:IPR051286:1:570adfd9","InterPro","IPR051286","domain","domain","protein_family","grin3d_annotation_hierarchy_v1:protein_family","family","Janus Kinase (JAK)",11,1101,"11-1101","interval_overlap","549;819;857;875;886;906;940;958;988",9,1,0.008249,"database_signature_match","IPR051286","https://www.ebi.ac.uk/interpro/entry/InterPro/IPR051286/"
"JAK3","SNV_cluster_0043","","3D","Weak clustering evidence",FALSE,FALSE,FALSE,19,20,9,"549;819;857;875;886;906;940;958;988",1,1,1,"InterPro:IPR016251:1:1039395f","InterPro","IPR016251","domain","domain","protein_family","grin3d_annotation_hierarchy_v1:protein_family","family","Tyrosine-protein kinase, non-receptor Jak/Tyk2",20,1101,"20-1101","interval_overlap","549;819;857;875;886;906;940;958;988",9,1,0.008318,"database_signature_match","IPR016251","https://www.ebi.ac.uk/interpro/entry/InterPro/IPR016251/"
"JAK3","SNV_cluster_0043","","3D","Weak clustering evidence",FALSE,FALSE,FALSE,19,20,9,"549;819;857;875;886;906;940;958;988",1,1,1,"InterPro:IPR011009:1:6ee05de3","InterPro","IPR011009","domain","domain","homologous_superfamily","grin3d_annotation_hierarchy_v1:homologous_superfamily","homologous_superfamily","Protein kinase-like domain superfamily",508,788,"508-788","interval_overlap","549",1,0.111111,0.003559,"database_signature_match","IPR011009","https://www.ebi.ac.uk/interpro/entry/InterPro/IPR011009/"
"JAK3","SNV_cluster_0043","","3D","Weak clustering evidence",FALSE,FALSE,FALSE,19,20,9,"549;819;857;875;886;906;940;958;988",1,1,1,"InterPro:IPR001245:1:6b08f831","InterPro","IPR001245","domain","domain","protein_domain","grin3d_annotation_hierarchy_v1:protein_domain","domain","Serine-threonine/tyrosine-protein kinase, catalytic domain",521,777,"521-777","interval_overlap","549",1,0.111111,0.003891,"database_signature_match","IPR001245","https://www.ebi.ac.uk/interpro/entry/InterPro/IPR001245/"
"JAK3","SNV_cluster_0043","","3D","Weak clustering evidence",FALSE,FALSE,FALSE,19,20,9,"549;819;857;875;886;906;940;958;988",1,1,1,"InterPro:IPR020635:1:6b08f831","InterPro","IPR020635","domain","domain","protein_domain","grin3d_annotation_hierarchy_v1:protein_domain","domain","Tyrosine-protein kinase, catalytic domain",521,777,"521-777","interval_overlap","549",1,0.111111,0.003891,"database_signature_match","IPR020635","https://www.ebi.ac.uk/interpro/entry/InterPro/IPR020635/"
"JAK3","SNV_cluster_0043","","3D","Weak clustering evidence",FALSE,FALSE,FALSE,19,20,9,"549;819;857;875;886;906;940;958;988",1,1,1,"InterPro:IPR000719:1:6b08f8ae","InterPro","IPR000719","domain","domain","protein_domain","grin3d_annotation_hierarchy_v1:protein_domain","domain","Protein kinase domain",521,781,"521-781","interval_overlap","549",1,0.111111,0.003831,"database_signature_match","IPR000719","https://www.ebi.ac.uk/interpro/entry/InterPro/IPR000719/"
"JAK3","SNV_cluster_0043","","3D","Weak clustering evidence",FALSE,FALSE,FALSE,19,20,9,"549;819;857;875;886;906;940;958;988",1,1,1,"UniProtKB:P52333:1806f325","UniProtKB","P52333","domain","domain","protein_domain","grin3d_annotation_hierarchy_v1:protein_domain","Domain","Protein kinase 1",521,781,"521-781","interval_overlap","549",1,0.111111,0.003831,"ECO:0000255","PRU00159","https://www.uniprot.org/uniprotkb/P52333/entry"
"JAK3","SNV_cluster_0043","","3D","Weak clustering evidence",FALSE,FALSE,FALSE,19,20,9,"549;819;857;875;886;906;940;958;988",1,1,1,"InterPro:IPR011009:2:2f826d53","InterPro","IPR011009","domain","domain","homologous_superfamily","grin3d_annotation_hierarchy_v1:homologous_superfamily","homologous_superfamily","Protein kinase-like domain superfamily",820,1097,"820-1097","interval_overlap","857;875;886;906;940;958;988",7,0.777778,0.02518,"database_signature_match","IPR011009","https://www.ebi.ac.uk/interpro/entry/InterPro/IPR011009/"
"JAK3","SNV_cluster_0043","","3D","Weak clustering evidence",FALSE,FALSE,FALSE,19,20,9,"549;819;857;875;886;906;940;958;988",1,1,1,"InterPro:IPR020635:2:268b045b","InterPro","IPR020635","domain","domain","protein_domain","grin3d_annotation_hierarchy_v1:protein_domain","domain","Tyrosine-protein kinase, catalytic domain",822,1095,"822-1095","interval_overlap","857;875;886;906;940;958;988",7,0.777778,0.025547,"database_signature_match","IPR020635","https://www.ebi.ac.uk/interpro/entry/InterPro/IPR020635/"
"JAK3","SNV_cluster_0043","","3D","Weak clustering evidence",FALSE,FALSE,FALSE,19,20,9,"549;819;857;875;886;906;940;958;988",1,1,1,"InterPro:IPR000719:2:268b4348","InterPro","IPR000719","domain","domain","protein_domain","grin3d_annotation_hierarchy_v1:protein_domain","domain","Protein kinase domain",822,1111,"822-1111","interval_overlap","857;875;886;906;940;958;988",7,0.777778,0.024138,"database_signature_match","IPR000719","https://www.ebi.ac.uk/interpro/entry/InterPro/IPR000719/"
"JAK3","SNV_cluster_0043","","3D","Weak clustering evidence",FALSE,FALSE,FALSE,19,20,9,"549;819;857;875;886;906;940;958;988",1,1,1,"UniProtKB:P52333:424c8d91","UniProtKB","P52333","domain","domain","protein_domain","grin3d_annotation_hierarchy_v1:protein_domain","Domain","Protein kinase 2",822,1111,"822-1111","interval_overlap","857;875;886;906;940;958;988",7,0.777778,0.024138,"ECO:0000255","PRU00159","https://www.uniprot.org/uniprotkb/P52333/entry"
"JAK3","SNV_cluster_0043","","3D","Weak clustering evidence",FALSE,FALSE,FALSE,19,20,9,"549;819;857;875;886;906;940;958;988",1,1,1,"InterPro:IPR001245:2:220f4fdf","InterPro","IPR001245","domain","domain","protein_domain","grin3d_annotation_hierarchy_v1:protein_domain","domain","Serine-threonine/tyrosine-protein kinase, catalytic domain",823,1094,"823-1094","interval_overlap","857;875;886;906;940;958;988",7,0.777778,0.025735,"database_signature_match","IPR001245","https://www.ebi.ac.uk/interpro/entry/InterPro/IPR001245/"
"JAK3","SNV_cluster_0043","","3D","Weak clustering evidence",FALSE,FALSE,FALSE,19,20,9,"549;819;857;875;886;906;940;958;988",1,1,1,"PDBe-KB:ligand:71790ab5","PDBe-KB/SIFTS","CL","site","binding_site","small_molecule_binding_site","pdbe_kb_sifts_v1:small_molecule_binding_site","experimental ligand contact","Contact with CHLORIDE ION (CL)",825,906,"825-825;840-840;847-847;850-850;851-851;905-905;906-906","experimental_ligand_contact","906",1,0.111111,0.142857,"experimental_structure_contact","3ZC6;7UYV","https://www.ebi.ac.uk/pdbe/pdbe-kb/proteins/P52333"
"JAK3","SNV_cluster_0043","","3D","Weak clustering evidence",FALSE,FALSE,FALSE,19,20,9,"549;819;857;875;886;906;940;958;988",1,1,1,"PDBe-KB:ligand:553050f2","PDBe-KB/SIFTS","PEG","site","binding_site","small_molecule_binding_site","pdbe_kb_sifts_v1:small_molecule_binding_site","experimental ligand contact","Contact with DI(HYDROXYETHYL)ETHER (PEG)",826,906,"826-826;904-904;906-906","experimental_ligand_contact","906",1,0.111111,0.333333,"experimental_structure_contact","3ZC6","https://www.ebi.ac.uk/pdbe/pdbe-kb/proteins/P52333"
"JAK3","SNV_cluster_0043","","3D","Weak clustering evidence",FALSE,FALSE,FALSE,19,20,9,"549;819;857;875;886;906;940;958;988",1,1,1,"PDBe-KB:ligand:59b787a1","PDBe-KB/SIFTS","934","site","binding_site","small_molecule_binding_site","pdbe_kb_sifts_v1:small_molecule_binding_site","experimental ligand contact","Contact with 1-[4-[[2-[(1-methylpyrazol-4-yl)amino]quinazolin-8-yl]amino]piperidin-1-yl]ethanone (934)",828,966,"828-828;830-830;836-836;853-853;884-884;902-902;903-903;904-904;905-905;906-906;908-908;953-953;956-956;966-966","experimental_ligand_contact","906",1,0.111111,0.071429,"experimental_structure_contact","7Q6H","https://www.ebi.ac.uk/pdbe/pdbe-kb/proteins/P52333"
"JAK3","SNV_cluster_0043","","3D","Weak clustering evidence",FALSE,FALSE,FALSE,19,20,9,"549;819;857;875;886;906;940;958;988",1,1,1,"PDBe-KB:ligand:2fd4627b","PDBe-KB/SIFTS","4LH","site","binding_site","small_molecule_binding_site","pdbe_kb_sifts_v1:small_molecule_binding_site","experimental ligand contact","Contact with N-(3-{[(5-chloro-2-{[2-methoxy-4-(4-methylpiperazin-1-yl)phenyl]amino}pyrimidin-4-yl)amino]methyl}phenyl)prop-2-enamide (4LH)",828,967,"828-828;853-853;884-884;902-902;903-903;904-904;905-905;906-906;908-908;909-909;912-912;953-953;956-956;966-966;967-967","experimental_ligand_contact","906",1,0.111111,0.066667,"experimental_structure_contact","4Z16","https://www.ebi.ac.uk/pdbe/pdbe-kb/proteins/P52333"
"JAK3","SNV_cluster_0043","","3D","Weak clustering evidence",FALSE,FALSE,FALSE,19,20,9,"549;819;857;875;886;906;940;958;988",1,1,1,"PDBe-KB:ligand:151e2818","PDBe-KB/SIFTS","G9B","site","binding_site","small_molecule_binding_site","pdbe_kb_sifts_v1:small_molecule_binding_site","experimental ligand contact","Contact with N-[3-(2-{3-amino-6-[1-(1-methylpiperidin-4-yl)-1H-pyrazol-4-yl]pyrazin-2-yl}-1H-benzimidazol-1-yl)phenyl]propanamide (G9B)",828,967,"828-828;836-836;853-853;855-855;902-902;903-903;904-904;905-905;906-906;908-908;909-909;911-911;912-912;953-953;956-956;967-967","experimental_ligand_contact","906",1,0.111111,0.0625,"experimental_structure_contact","4V0G","https://www.ebi.ac.uk/pdbe/pdbe-kb/proteins/P52333"
"JAK3","SNV_cluster_0043","","3D","Weak clustering evidence",FALSE,FALSE,FALSE,19,20,9,"549;819;857;875;886;906;940;958;988",1,1,1,"PDBe-KB:ligand:636df3bc","PDBe-KB/SIFTS","A1JJU","site","binding_site","small_molecule_binding_site","pdbe_kb_sifts_v1:small_molecule_binding_site","experimental ligand contact","Contact with 3-(3-cyclohexyl-3,8,10-triazatricyclo[7.3.0.0^{2,6}]dodeca-1,4,6,8,11-pentaen-5-yl)benzenesulfonyl fluoride (A1JJU)",828,967,"828-828;836-836;853-853;902-902;903-903;904-904;905-905;906-906;908-908;954-954;956-956;966-966;967-967","experimental_ligand_contact","906",1,0.111111,0.076923,"experimental_structure_contact","9R5Z","https://www.ebi.ac.uk/pdbe/pdbe-kb/proteins/P52333"
"JAK3","SNV_cluster_0043","","3D","Weak clustering evidence",FALSE,FALSE,FALSE,19,20,9,"549;819;857;875;886;906;940;958;988",1,1,1,"PDBe-KB:ligand:00ec1236","PDBe-KB/SIFTS","DTV","site","binding_site","small_molecule_binding_site","pdbe_kb_sifts_v1:small_molecule_binding_site","experimental ligand contact","Contact with (2S,3S)-1,4-DIMERCAPTOBUTANE-2,3-DIOL (DTV)",832,988,"832-832;833-833;835-835;836-836;855-855;877-877;943-943;967-967;969-969;970-970;973-973;988-988","experimental_ligand_contact","988",1,0.111111,0.083333,"experimental_structure_contact","1YVJ","https://www.ebi.ac.uk/pdbe/pdbe-kb/proteins/P52333"
"JAK3","INDEL_cluster_0001","","1D;3D","Sequence-local hotspot also compact in structure",TRUE,TRUE,TRUE,3,3,2,"879;881",0.00379924015196961,0.0107978404319136,0.00379924015196961,"InterPro:IPR051286:1:570adfd9","InterPro","IPR051286","domain","domain","protein_family","grin3d_annotation_hierarchy_v1:protein_family","family","Janus Kinase (JAK)",11,1101,"11-1101","interval_overlap","879;881",2,1,0.001833,"database_signature_match","IPR051286","https://www.ebi.ac.uk/interpro/entry/InterPro/IPR051286/"
"JAK3","INDEL_cluster_0001","","1D;3D","Sequence-local hotspot also compact in structure",TRUE,TRUE,TRUE,3,3,2,"879;881",0.00379924015196961,0.0107978404319136,0.00379924015196961,"InterPro:IPR016251:1:1039395f","InterPro","IPR016251","domain","domain","protein_family","grin3d_annotation_hierarchy_v1:protein_family","family","Tyrosine-protein kinase, non-receptor Jak/Tyk2",20,1101,"20-1101","interval_overlap","879;881",2,1,0.001848,"database_signature_match","IPR016251","https://www.ebi.ac.uk/interpro/entry/InterPro/IPR016251/"
"JAK3","INDEL_cluster_0001","","1D;3D","Sequence-local hotspot also compact in structure",TRUE,TRUE,TRUE,3,3,2,"879;881",0.00379924015196961,0.0107978404319136,0.00379924015196961,"InterPro:IPR011009:2:2f826d53","InterPro","IPR011009","domain","domain","homologous_superfamily","grin3d_annotation_hierarchy_v1:homologous_superfamily","homologous_superfamily","Protein kinase-like domain superfamily",820,1097,"820-1097","interval_overlap","879;881",2,1,0.007194,"database_signature_match","IPR011009","https://www.ebi.ac.uk/interpro/entry/InterPro/IPR011009/"
"JAK3","INDEL_cluster_0001","","1D;3D","Sequence-local hotspot also compact in structure",TRUE,TRUE,TRUE,3,3,2,"879;881",0.00379924015196961,0.0107978404319136,0.00379924015196961,"InterPro:IPR020635:2:268b045b","InterPro","IPR020635","domain","domain","protein_domain","grin3d_annotation_hierarchy_v1:protein_domain","domain","Tyrosine-protein kinase, catalytic domain",822,1095,"822-1095","interval_overlap","879;881",2,1,0.007299,"database_signature_match","IPR020635","https://www.ebi.ac.uk/interpro/entry/InterPro/IPR020635/"
"JAK3","INDEL_cluster_0001","","1D;3D","Sequence-local hotspot also compact in structure",TRUE,TRUE,TRUE,3,3,2,"879;881",0.00379924015196961,0.0107978404319136,0.00379924015196961,"InterPro:IPR000719:2:268b4348","InterPro","IPR000719","domain","domain","protein_domain","grin3d_annotation_hierarchy_v1:protein_domain","domain","Protein kinase domain",822,1111,"822-1111","interval_overlap","879;881",2,1,0.006897,"database_signature_match","IPR000719","https://www.ebi.ac.uk/interpro/entry/InterPro/IPR000719/"
"JAK3","INDEL_cluster_0001","","1D;3D","Sequence-local hotspot also compact in structure",TRUE,TRUE,TRUE,3,3,2,"879;881",0.00379924015196961,0.0107978404319136,0.00379924015196961,"UniProtKB:P52333:424c8d91","UniProtKB","P52333","domain","domain","protein_domain","grin3d_annotation_hierarchy_v1:protein_domain","Domain","Protein kinase 2",822,1111,"822-1111","interval_overlap","879;881",2,1,0.006897,"ECO:0000255","PRU00159","https://www.uniprot.org/uniprotkb/P52333/entry"
"JAK3","INDEL_cluster_0001","","1D;3D","Sequence-local hotspot also compact in structure",TRUE,TRUE,TRUE,3,3,2,"879;881",0.00379924015196961,0.0107978404319136,0.00379924015196961,"InterPro:IPR001245:2:220f4fdf","InterPro","IPR001245","domain","domain","protein_domain","grin3d_annotation_hierarchy_v1:protein_domain","domain","Serine-threonine/tyrosine-protein kinase, catalytic domain",823,1094,"823-1094","interval_overlap","879;881",2,1,0.007353,"database_signature_match","IPR001245","https://www.ebi.ac.uk/interpro/entry/InterPro/IPR001245/"
"JAK3","INDEL_cluster_0002","","1D;3D","Sequence-local hotspot also compact in structure",TRUE,TRUE,TRUE,4,4,3,"816;879;881",0.0469906018796241,0.0377924415116977,0.0377924415116977,"InterPro:IPR051286:1:570adfd9","InterPro","IPR051286","domain","domain","protein_family","grin3d_annotation_hierarchy_v1:protein_family","family","Janus Kinase (JAK)",11,1101,"11-1101","interval_overlap","816;879;881",3,1,0.00275,"database_signature_match","IPR051286","https://www.ebi.ac.uk/interpro/entry/InterPro/IPR051286/"
"JAK3","INDEL_cluster_0002","","1D;3D","Sequence-local hotspot also compact in structure",TRUE,TRUE,TRUE,4,4,3,"816;879;881",0.0469906018796241,0.0377924415116977,0.0377924415116977,"InterPro:IPR016251:1:1039395f","InterPro","IPR016251","domain","domain","protein_family","grin3d_annotation_hierarchy_v1:protein_family","family","Tyrosine-protein kinase, non-receptor Jak/Tyk2",20,1101,"20-1101","interval_overlap","816;879;881",3,1,0.002773,"database_signature_match","IPR016251","https://www.ebi.ac.uk/interpro/entry/InterPro/IPR016251/"
"JAK3","INDEL_cluster_0002","","1D;3D","Sequence-local hotspot also compact in structure",TRUE,TRUE,TRUE,4,4,3,"816;879;881",0.0469906018796241,0.0377924415116977,0.0377924415116977,"InterPro:IPR011009:2:2f826d53","InterPro","IPR011009","domain","domain","homologous_superfamily","grin3d_annotation_hierarchy_v1:homologous_superfamily","homologous_superfamily","Protein kinase-like domain superfamily",820,1097,"820-1097","interval_overlap","879;881",2,0.666667,0.007194,"database_signature_match","IPR011009","https://www.ebi.ac.uk/interpro/entry/InterPro/IPR011009/"
"JAK3","INDEL_cluster_0002","","1D;3D","Sequence-local hotspot also compact in structure",TRUE,TRUE,TRUE,4,4,3,"816;879;881",0.0469906018796241,0.0377924415116977,0.0377924415116977,"InterPro:IPR020635:2:268b045b","InterPro","IPR020635","domain","domain","protein_domain","grin3d_annotation_hierarchy_v1:protein_domain","domain","Tyrosine-protein kinase, catalytic domain",822,1095,"822-1095","interval_overlap","879;881",2,0.666667,0.007299,"database_signature_match","IPR020635","https://www.ebi.ac.uk/interpro/entry/InterPro/IPR020635/"
"JAK3","INDEL_cluster_0002","","1D;3D","Sequence-local hotspot also compact in structure",TRUE,TRUE,TRUE,4,4,3,"816;879;881",0.0469906018796241,0.0377924415116977,0.0377924415116977,"InterPro:IPR000719:2:268b4348","InterPro","IPR000719","domain","domain","protein_domain","grin3d_annotation_hierarchy_v1:protein_domain","domain","Protein kinase domain",822,1111,"822-1111","interval_overlap","879;881",2,0.666667,0.006897,"database_signature_match","IPR000719","https://www.ebi.ac.uk/interpro/entry/InterPro/IPR000719/"
"JAK3","INDEL_cluster_0002","","1D;3D","Sequence-local hotspot also compact in structure",TRUE,TRUE,TRUE,4,4,3,"816;879;881",0.0469906018796241,0.0377924415116977,0.0377924415116977,"UniProtKB:P52333:424c8d91","UniProtKB","P52333","domain","domain","protein_domain","grin3d_annotation_hierarchy_v1:protein_domain","Domain","Protein kinase 2",822,1111,"822-1111","interval_overlap","879;881",2,0.666667,0.006897,"ECO:0000255","PRU00159","https://www.uniprot.org/uniprotkb/P52333/entry"
"JAK3","INDEL_cluster_0002","","1D;3D","Sequence-local hotspot also compact in structure",TRUE,TRUE,TRUE,4,4,3,"816;879;881",0.0469906018796241,0.0377924415116977,0.0377924415116977,"InterPro:IPR001245:2:220f4fdf","InterPro","IPR001245","domain","domain","protein_domain","grin3d_annotation_hierarchy_v1:protein_domain","domain","Serine-threonine/tyrosine-protein kinase, catalytic domain",823,1094,"823-1094","interval_overlap","879;881",2,0.666667,0.007353,"database_signature_match","IPR001245","https://www.ebi.ac.uk/interpro/entry/InterPro/IPR001245/"
"JAK3","INDEL_cluster_0003","","1D;3D","Linear hotspot without independent 3D enrichment",TRUE,FALSE,TRUE,6,6,8,"563;564;565;566;614;816;879;881",0.0407918416316737,0.140971805638872,0.0407918416316737,"InterPro:IPR051286:1:570adfd9","InterPro","IPR051286","domain","domain","protein_family","grin3d_annotation_hierarchy_v1:protein_family","family","Janus Kinase (JAK)",11,1101,"11-1101","interval_overlap","563;564;565;566;614;816;879;881",8,1,0.007333,"database_signature_match","IPR051286","https://www.ebi.ac.uk/interpro/entry/InterPro/IPR051286/"
"JAK3","INDEL_cluster_0003","","1D;3D","Linear hotspot without independent 3D enrichment",TRUE,FALSE,TRUE,6,6,8,"563;564;565;566;614;816;879;881",0.0407918416316737,0.140971805638872,0.0407918416316737,"InterPro:IPR016251:1:1039395f","InterPro","IPR016251","domain","domain","protein_family","grin3d_annotation_hierarchy_v1:protein_family","family","Tyrosine-protein kinase, non-receptor Jak/Tyk2",20,1101,"20-1101","interval_overlap","563;564;565;566;614;816;879;881",8,1,0.007394,"database_signature_match","IPR016251","https://www.ebi.ac.uk/interpro/entry/InterPro/IPR016251/"
"JAK3","INDEL_cluster_0003","","1D;3D","Linear hotspot without independent 3D enrichment",TRUE,FALSE,TRUE,6,6,8,"563;564;565;566;614;816;879;881",0.0407918416316737,0.140971805638872,0.0407918416316737,"InterPro:IPR011009:1:6ee05de3","InterPro","IPR011009","domain","domain","homologous_superfamily","grin3d_annotation_hierarchy_v1:homologous_superfamily","homologous_superfamily","Protein kinase-like domain superfamily",508,788,"508-788","interval_overlap","563;564;565;566;614",5,0.625,0.017794,"database_signature_match","IPR011009","https://www.ebi.ac.uk/interpro/entry/InterPro/IPR011009/"
"JAK3","INDEL_cluster_0003","","1D;3D","Linear hotspot without independent 3D enrichment",TRUE,FALSE,TRUE,6,6,8,"563;564;565;566;614;816;879;881",0.0407918416316737,0.140971805638872,0.0407918416316737,"InterPro:IPR001245:1:6b08f831","InterPro","IPR001245","domain","domain","protein_domain","grin3d_annotation_hierarchy_v1:protein_domain","domain","Serine-threonine/tyrosine-protein kinase, catalytic domain",521,777,"521-777","interval_overlap","563;564;565;566;614",5,0.625,0.019455,"database_signature_match","IPR001245","https://www.ebi.ac.uk/interpro/entry/InterPro/IPR001245/"
"JAK3","INDEL_cluster_0003","","1D;3D","Linear hotspot without independent 3D enrichment",TRUE,FALSE,TRUE,6,6,8,"563;564;565;566;614;816;879;881",0.0407918416316737,0.140971805638872,0.0407918416316737,"InterPro:IPR020635:1:6b08f831","InterPro","IPR020635","domain","domain","protein_domain","grin3d_annotation_hierarchy_v1:protein_domain","domain","Tyrosine-protein kinase, catalytic domain",521,777,"521-777","interval_overlap","563;564;565;566;614",5,0.625,0.019455,"database_signature_match","IPR020635","https://www.ebi.ac.uk/interpro/entry/InterPro/IPR020635/"
"JAK3","INDEL_cluster_0003","","1D;3D","Linear hotspot without independent 3D enrichment",TRUE,FALSE,TRUE,6,6,8,"563;564;565;566;614;816;879;881",0.0407918416316737,0.140971805638872,0.0407918416316737,"InterPro:IPR000719:1:6b08f8ae","InterPro","IPR000719","domain","domain","protein_domain","grin3d_annotation_hierarchy_v1:protein_domain","domain","Protein kinase domain",521,781,"521-781","interval_overlap","563;564;565;566;614",5,0.625,0.019157,"database_signature_match","IPR000719","https://www.ebi.ac.uk/interpro/entry/InterPro/IPR000719/"
"JAK3","INDEL_cluster_0003","","1D;3D","Linear hotspot without independent 3D enrichment",TRUE,FALSE,TRUE,6,6,8,"563;564;565;566;614;816;879;881",0.0407918416316737,0.140971805638872,0.0407918416316737,"UniProtKB:P52333:1806f325","UniProtKB","P52333","domain","domain","protein_domain","grin3d_annotation_hierarchy_v1:protein_domain","Domain","Protein kinase 1",521,781,"521-781","interval_overlap","563;564;565;566;614",5,0.625,0.019157,"ECO:0000255","PRU00159","https://www.uniprot.org/uniprotkb/P52333/entry"
"JAK3","INDEL_cluster_0003","","1D;3D","Linear hotspot without independent 3D enrichment",TRUE,FALSE,TRUE,6,6,8,"563;564;565;566;614;816;879;881",0.0407918416316737,0.140971805638872,0.0407918416316737,"InterPro:IPR011009:2:2f826d53","InterPro","IPR011009","domain","domain","homologous_superfamily","grin3d_annotation_hierarchy_v1:homologous_superfamily","homologous_superfamily","Protein kinase-like domain superfamily",820,1097,"820-1097","interval_overlap","879;881",2,0.25,0.007194,"database_signature_match","IPR011009","https://www.ebi.ac.uk/interpro/entry/InterPro/IPR011009/"
"JAK3","INDEL_cluster_0003","","1D;3D","Linear hotspot without independent 3D enrichment",TRUE,FALSE,TRUE,6,6,8,"563;564;565;566;614;816;879;881",0.0407918416316737,0.140971805638872,0.0407918416316737,"InterPro:IPR020635:2:268b045b","InterPro","IPR020635","domain","domain","protein_domain","grin3d_annotation_hierarchy_v1:protein_domain","domain","Tyrosine-protein kinase, catalytic domain",822,1095,"822-1095","interval_overlap","879;881",2,0.25,0.007299,"database_signature_match","IPR020635","https://www.ebi.ac.uk/interpro/entry/InterPro/IPR020635/"
"JAK3","INDEL_cluster_0003","","1D;3D","Linear hotspot without independent 3D enrichment",TRUE,FALSE,TRUE,6,6,8,"563;564;565;566;614;816;879;881",0.0407918416316737,0.140971805638872,0.0407918416316737,"InterPro:IPR000719:2:268b4348","InterPro","IPR000719","domain","domain","protein_domain","grin3d_annotation_hierarchy_v1:protein_domain","domain","Protein kinase domain",822,1111,"822-1111","interval_overlap","879;881",2,0.25,0.006897,"database_signature_match","IPR000719","https://www.ebi.ac.uk/interpro/entry/InterPro/IPR000719/"
"JAK3","INDEL_cluster_0003","","1D;3D","Linear hotspot without independent 3D enrichment",TRUE,FALSE,TRUE,6,6,8,"563;564;565;566;614;816;879;881",0.0407918416316737,0.140971805638872,0.0407918416316737,"UniProtKB:P52333:424c8d91","UniProtKB","P52333","domain","domain","protein_domain","grin3d_annotation_hierarchy_v1:protein_domain","Domain","Protein kinase 2",822,1111,"822-1111","interval_overlap","879;881",2,0.25,0.006897,"ECO:0000255","PRU00159","https://www.uniprot.org/uniprotkb/P52333/entry"
"JAK3","INDEL_cluster_0003","","1D;3D","Linear hotspot without independent 3D enrichment",TRUE,FALSE,TRUE,6,6,8,"563;564;565;566;614;816;879;881",0.0407918416316737,0.140971805638872,0.0407918416316737,"InterPro:IPR001245:2:220f4fdf","InterPro","IPR001245","domain","domain","protein_domain","grin3d_annotation_hierarchy_v1:protein_domain","domain","Serine-threonine/tyrosine-protein kinase, catalytic domain",823,1094,"823-1094","interval_overlap","879;881",2,0.25,0.007353,"database_signature_match","IPR001245","https://www.ebi.ac.uk/interpro/entry/InterPro/IPR001245/"
"JAK3","INDEL_cluster_0004","","1D;3D","Weak clustering evidence",FALSE,FALSE,FALSE,2,2,1,"879",0.131773645270946,0.131773645270946,0.131773645270946,"InterPro:IPR051286:1:570adfd9","InterPro","IPR051286","domain","domain","protein_family","grin3d_annotation_hierarchy_v1:protein_family","family","Janus Kinase (JAK)",11,1101,"11-1101","interval_overlap","879",1,1,0.000917,"database_signature_match","IPR051286","https://www.ebi.ac.uk/interpro/entry/InterPro/IPR051286/"
"JAK3","INDEL_cluster_0004","","1D;3D","Weak clustering evidence",FALSE,FALSE,FALSE,2,2,1,"879",0.131773645270946,0.131773645270946,0.131773645270946,"InterPro:IPR016251:1:1039395f","InterPro","IPR016251","domain","domain","protein_family","grin3d_annotation_hierarchy_v1:protein_family","family","Tyrosine-protein kinase, non-receptor Jak/Tyk2",20,1101,"20-1101","interval_overlap","879",1,1,0.000924,"database_signature_match","IPR016251","https://www.ebi.ac.uk/interpro/entry/InterPro/IPR016251/"
"JAK3","INDEL_cluster_0004","","1D;3D","Weak clustering evidence",FALSE,FALSE,FALSE,2,2,1,"879",0.131773645270946,0.131773645270946,0.131773645270946,"InterPro:IPR011009:2:2f826d53","InterPro","IPR011009","domain","domain","homologous_superfamily","grin3d_annotation_hierarchy_v1:homologous_superfamily","homologous_superfamily","Protein kinase-like domain superfamily",820,1097,"820-1097","interval_overlap","879",1,1,0.003597,"database_signature_match","IPR011009","https://www.ebi.ac.uk/interpro/entry/InterPro/IPR011009/"
"JAK3","INDEL_cluster_0004","","1D;3D","Weak clustering evidence",FALSE,FALSE,FALSE,2,2,1,"879",0.131773645270946,0.131773645270946,0.131773645270946,"InterPro:IPR020635:2:268b045b","InterPro","IPR020635","domain","domain","protein_domain","grin3d_annotation_hierarchy_v1:protein_domain","domain","Tyrosine-protein kinase, catalytic domain",822,1095,"822-1095","interval_overlap","879",1,1,0.00365,"database_signature_match","IPR020635","https://www.ebi.ac.uk/interpro/entry/InterPro/IPR020635/"
"JAK3","INDEL_cluster_0004","","1D;3D","Weak clustering evidence",FALSE,FALSE,FALSE,2,2,1,"879",0.131773645270946,0.131773645270946,0.131773645270946,"InterPro:IPR000719:2:268b4348","InterPro","IPR000719","domain","domain","protein_domain","grin3d_annotation_hierarchy_v1:protein_domain","domain","Protein kinase domain",822,1111,"822-1111","interval_overlap","879",1,1,0.003448,"database_signature_match","IPR000719","https://www.ebi.ac.uk/interpro/entry/InterPro/IPR000719/"
"JAK3","INDEL_cluster_0004","","1D;3D","Weak clustering evidence",FALSE,FALSE,FALSE,2,2,1,"879",0.131773645270946,0.131773645270946,0.131773645270946,"UniProtKB:P52333:424c8d91","UniProtKB","P52333","domain","domain","protein_domain","grin3d_annotation_hierarchy_v1:protein_domain","Domain","Protein kinase 2",822,1111,"822-1111","interval_overlap","879",1,1,0.003448,"ECO:0000255","PRU00159","https://www.uniprot.org/uniprotkb/P52333/entry"
"JAK3","INDEL_cluster_0004","","1D;3D","Weak clustering evidence",FALSE,FALSE,FALSE,2,2,1,"879",0.131773645270946,0.131773645270946,0.131773645270946,"InterPro:IPR001245:2:220f4fdf","InterPro","IPR001245","domain","domain","protein_domain","grin3d_annotation_hierarchy_v1:protein_domain","domain","Serine-threonine/tyrosine-protein kinase, catalytic domain",823,1094,"823-1094","interval_overlap","879",1,1,0.003676,"database_signature_match","IPR001245","https://www.ebi.ac.uk/interpro/entry/InterPro/IPR001245/"
"JAK3","INDEL_cluster_0005","","1D;3D","Weak clustering evidence",FALSE,FALSE,FALSE,2,2,5,"563;564;565;566;614",0.999800039992002,1,0.999800039992002,"InterPro:IPR051286:1:570adfd9","InterPro","IPR051286","domain","domain","protein_family","grin3d_annotation_hierarchy_v1:protein_family","family","Janus Kinase (JAK)",11,1101,"11-1101","interval_overlap","563;564;565;566;614",5,1,0.004583,"database_signature_match","IPR051286","https://www.ebi.ac.uk/interpro/entry/InterPro/IPR051286/"
"JAK3","INDEL_cluster_0005","","1D;3D","Weak clustering evidence",FALSE,FALSE,FALSE,2,2,5,"563;564;565;566;614",0.999800039992002,1,0.999800039992002,"InterPro:IPR016251:1:1039395f","InterPro","IPR016251","domain","domain","protein_family","grin3d_annotation_hierarchy_v1:protein_family","family","Tyrosine-protein kinase, non-receptor Jak/Tyk2",20,1101,"20-1101","interval_overlap","563;564;565;566;614",5,1,0.004621,"database_signature_match","IPR016251","https://www.ebi.ac.uk/interpro/entry/InterPro/IPR016251/"
"JAK3","INDEL_cluster_0005","","1D;3D","Weak clustering evidence",FALSE,FALSE,FALSE,2,2,5,"563;564;565;566;614",0.999800039992002,1,0.999800039992002,"InterPro:IPR011009:1:6ee05de3","InterPro","IPR011009","domain","domain","homologous_superfamily","grin3d_annotation_hierarchy_v1:homologous_superfamily","homologous_superfamily","Protein kinase-like domain superfamily",508,788,"508-788","interval_overlap","563;564;565;566;614",5,1,0.017794,"database_signature_match","IPR011009","https://www.ebi.ac.uk/interpro/entry/InterPro/IPR011009/"
"JAK3","INDEL_cluster_0005","","1D;3D","Weak clustering evidence",FALSE,FALSE,FALSE,2,2,5,"563;564;565;566;614",0.999800039992002,1,0.999800039992002,"InterPro:IPR001245:1:6b08f831","InterPro","IPR001245","domain","domain","protein_domain","grin3d_annotation_hierarchy_v1:protein_domain","domain","Serine-threonine/tyrosine-protein kinase, catalytic domain",521,777,"521-777","interval_overlap","563;564;565;566;614",5,1,0.019455,"database_signature_match","IPR001245","https://www.ebi.ac.uk/interpro/entry/InterPro/IPR001245/"
"JAK3","INDEL_cluster_0005","","1D;3D","Weak clustering evidence",FALSE,FALSE,FALSE,2,2,5,"563;564;565;566;614",0.999800039992002,1,0.999800039992002,"InterPro:IPR020635:1:6b08f831","InterPro","IPR020635","domain","domain","protein_domain","grin3d_annotation_hierarchy_v1:protein_domain","domain","Tyrosine-protein kinase, catalytic domain",521,777,"521-777","interval_overlap","563;564;565;566;614",5,1,0.019455,"database_signature_match","IPR020635","https://www.ebi.ac.uk/interpro/entry/InterPro/IPR020635/"
"JAK3","INDEL_cluster_0005","","1D;3D","Weak clustering evidence",FALSE,FALSE,FALSE,2,2,5,"563;564;565;566;614",0.999800039992002,1,0.999800039992002,"InterPro:IPR000719:1:6b08f8ae","InterPro","IPR000719","domain","domain","protein_domain","grin3d_annotation_hierarchy_v1:protein_domain","domain","Protein kinase domain",521,781,"521-781","interval_overlap","563;564;565;566;614",5,1,0.019157,"database_signature_match","IPR000719","https://www.ebi.ac.uk/interpro/entry/InterPro/IPR000719/"
"JAK3","INDEL_cluster_0005","","1D;3D","Weak clustering evidence",FALSE,FALSE,FALSE,2,2,5,"563;564;565;566;614",0.999800039992002,1,0.999800039992002,"UniProtKB:P52333:1806f325","UniProtKB","P52333","domain","domain","protein_domain","grin3d_annotation_hierarchy_v1:protein_domain","Domain","Protein kinase 1",521,781,"521-781","interval_overlap","563;564;565;566;614",5,1,0.019157,"ECO:0000255","PRU00159","https://www.uniprot.org/uniprotkb/P52333/entry"
