"cluster_id","analysis_type","cna_type","supports_analysis_type","event_id","subject_id","event_coding_fraction","event_localization_class","n_cluster_exons_hit_by_event","spans_multiple_cluster_exons","affected_exon_orders_in_cluster","affected_transcript_exon_ranks_in_cluster","affected_exon_ids_in_cluster"
"HETDEL_cluster_0001","HETDEL","HETDEL",TRUE,"CNA_event_000001","PARFLD",0.167919799498747,"high_resolution_le_50pct",1,FALSE,"3","3","ENSE00003515141"
"HETDEL_cluster_0001","HETDEL","HETDEL",TRUE,"CNA_event_000002","PARJAY",0.167919799498747,"high_resolution_le_50pct",1,FALSE,"3","3","ENSE00003515141"
"HETDEL_cluster_0001","HETDEL","HETDEL",TRUE,"CNA_event_000003","PARJPL",0.167919799498747,"high_resolution_le_50pct",1,FALSE,"3","3","ENSE00003515141"
"HETDEL_cluster_0001","HETDEL","HETDEL",TRUE,"CNA_event_000004","PARNXJ",0.822055137844611,"low_resolution_75_90pct",2,TRUE,"3;7","3;7","ENSE00003478404;ENSE00003515141"
"HETDEL_cluster_0001","HETDEL","HETDEL",TRUE,"CNA_event_000005","PARPET",0.167919799498747,"high_resolution_le_50pct",1,FALSE,"3","3","ENSE00003515141"
"HETDEL_cluster_0001","HETDEL","HOMDEL",FALSE,"CNA_event_000150","PARSLA",0.167919799498747,"high_resolution_le_50pct",1,FALSE,"3","3","ENSE00003515141"
"HETDEL_cluster_0001","HETDEL","HETDEL",TRUE,"CNA_event_000007","PARSNX",0.289891395154553,"high_resolution_le_50pct",1,FALSE,"3","3","ENSE00003515141"
"HETDEL_cluster_0001","HETDEL","HETDEL",TRUE,"CNA_event_000008","PARWNW",0.654135338345865,"moderate_resolution_50_75pct",1,FALSE,"7","7","ENSE00003478404"
"HETDEL_cluster_0001","HETDEL","HOMDEL",FALSE,"CNA_event_000151","PARWNW",0.167919799498747,"high_resolution_le_50pct",1,FALSE,"3","3","ENSE00003515141"
"HETDEL_cluster_0001","HETDEL","HETDEL",TRUE,"CNA_event_000009","PARXDJ",0.167919799498747,"high_resolution_le_50pct",1,FALSE,"3","3","ENSE00003515141"
"HETDEL_cluster_0001","HETDEL","HETDEL",TRUE,"CNA_event_000010","PARXPZ",0.822055137844611,"low_resolution_75_90pct",2,TRUE,"3;7","3;7","ENSE00003478404;ENSE00003515141"
"HETDEL_cluster_0001","HETDEL","HETDEL",TRUE,"CNA_event_000011","PASGDZ",0.167919799498747,"high_resolution_le_50pct",1,FALSE,"3","3","ENSE00003515141"
"HETDEL_cluster_0001","HETDEL","HETDEL",TRUE,"CNA_event_000012","PASGUH",0.167919799498747,"high_resolution_le_50pct",1,FALSE,"3","3","ENSE00003515141"
"HETDEL_cluster_0001","HETDEL","HOMDEL",FALSE,"CNA_event_000152","PASILW",0.167919799498747,"high_resolution_le_50pct",1,FALSE,"3","3","ENSE00003515141"
"HETDEL_cluster_0001","HETDEL","HETDEL",TRUE,"CNA_event_000015","PASINX",0.345864661654135,"high_resolution_le_50pct",1,FALSE,"3","3","ENSE00003515141"
"HETDEL_cluster_0001","HETDEL","HETDEL",TRUE,"CNA_event_000016","PASIPN",0.111946532999165,"high_resolution_le_50pct",1,FALSE,"3","3","ENSE00003515141"
"HETDEL_cluster_0001","HETDEL","HETDEL",TRUE,"CNA_event_000018","PASJGV",0.167919799498747,"high_resolution_le_50pct",1,FALSE,"3","3","ENSE00003515141"
"HETDEL_cluster_0001","HETDEL","HETDEL",TRUE,"CNA_event_000019","PASKAD",0.654135338345865,"moderate_resolution_50_75pct",1,FALSE,"7","7","ENSE00003478404"
"HETDEL_cluster_0001","HETDEL","HOMDEL",FALSE,"CNA_event_000153","PASKAD",0.167919799498747,"high_resolution_le_50pct",1,FALSE,"3","3","ENSE00003515141"
"HETDEL_cluster_0001","HETDEL","HOMDEL",FALSE,"CNA_event_000154","PASKLU",0.167919799498747,"high_resolution_le_50pct",1,FALSE,"3","3","ENSE00003515141"
"HETDEL_cluster_0001","HETDEL","HETDEL",TRUE,"CNA_event_000021","PASKWG",0.654135338345865,"moderate_resolution_50_75pct",1,FALSE,"7","7","ENSE00003478404"
"HETDEL_cluster_0001","HETDEL","HOMDEL",FALSE,"CNA_event_000155","PASKWG",0.167919799498747,"high_resolution_le_50pct",1,FALSE,"3","3","ENSE00003515141"
"HETDEL_cluster_0001","HETDEL","HETDEL",TRUE,"CNA_event_000022","PASKXA",0.167919799498747,"high_resolution_le_50pct",1,FALSE,"3","3","ENSE00003515141"
"HETDEL_cluster_0001","HETDEL","HETDEL",TRUE,"CNA_event_000023","PASLXY",0.345864661654135,"high_resolution_le_50pct",1,FALSE,"3","3","ENSE00003515141"
"HETDEL_cluster_0001","HETDEL","HETDEL",TRUE,"CNA_event_000024","PASPDS",0.355054302422723,"high_resolution_le_50pct",1,FALSE,"3","3","ENSE00003515141"
"HETDEL_cluster_0001","HETDEL","HETDEL",TRUE,"CNA_event_000025","PASPLG",0.425229741019215,"high_resolution_le_50pct",1,FALSE,"3","3","ENSE00003515141"
"HETDEL_cluster_0001","HETDEL","HETDEL",TRUE,"CNA_event_000026","PASPNW",0.822055137844611,"low_resolution_75_90pct",2,TRUE,"3;7","3;7","ENSE00003478404;ENSE00003515141"
"HETDEL_cluster_0001","HETDEL","HETDEL",TRUE,"CNA_event_000027","PASRAF",0.167919799498747,"high_resolution_le_50pct",1,FALSE,"3","3","ENSE00003515141"
"HETDEL_cluster_0001","HETDEL","HETDEL",TRUE,"CNA_event_000028","PASRMM",0.345864661654135,"high_resolution_le_50pct",1,FALSE,"3","3","ENSE00003515141"
"HETDEL_cluster_0001","HETDEL","HOMDEL",FALSE,"CNA_event_000156","PASRPV",0.345864661654135,"high_resolution_le_50pct",1,FALSE,"3","3","ENSE00003515141"
"HETDEL_cluster_0001","HETDEL","HETDEL",TRUE,"CNA_event_000030","PASRSE",0.167919799498747,"high_resolution_le_50pct",1,FALSE,"3","3","ENSE00003515141"
"HETDEL_cluster_0001","HETDEL","HETDEL",TRUE,"CNA_event_000031","PASRUK",0.167919799498747,"high_resolution_le_50pct",1,FALSE,"3","3","ENSE00003515141"
"HETDEL_cluster_0001","HETDEL","HETDEL",TRUE,"CNA_event_000032","PASTCH",0.456975772765246,"high_resolution_le_50pct",1,FALSE,"3","3","ENSE00003515141"
"HETDEL_cluster_0001","HETDEL","HETDEL",TRUE,"CNA_event_000033","PASTHE",0.425229741019215,"high_resolution_le_50pct",1,FALSE,"3","3","ENSE00003515141"
"HETDEL_cluster_0001","HETDEL","HETDEL",TRUE,"CNA_event_000034","PASUSV",0.822055137844611,"low_resolution_75_90pct",2,TRUE,"3;7","3;7","ENSE00003478404;ENSE00003515141"
"HETDEL_cluster_0001","HETDEL","HETDEL",TRUE,"CNA_event_000035","PASVWH",0.167919799498747,"high_resolution_le_50pct",1,FALSE,"3","3","ENSE00003515141"
"HETDEL_cluster_0001","HETDEL","HETDEL",TRUE,"CNA_event_000036","PASVZJ",0.167919799498747,"high_resolution_le_50pct",1,FALSE,"3","3","ENSE00003515141"
"HETDEL_cluster_0001","HETDEL","HETDEL",TRUE,"CNA_event_000037","PASWXB",0.167919799498747,"high_resolution_le_50pct",1,FALSE,"3","3","ENSE00003515141"
"HETDEL_cluster_0001","HETDEL","HETDEL",TRUE,"CNA_event_000038","PASWYU",0.586466165413534,"moderate_resolution_50_75pct",1,FALSE,"7","7","ENSE00003478404"
"HETDEL_cluster_0001","HETDEL","HOMDEL",FALSE,"CNA_event_000157","PASWYU",0.167919799498747,"high_resolution_le_50pct",1,FALSE,"3","3","ENSE00003515141"
"HETDEL_cluster_0001","HETDEL","HETDEL",TRUE,"CNA_event_000039","PASYNX",0.360066833751044,"high_resolution_le_50pct",1,FALSE,"7","7","ENSE00003478404"
"HETDEL_cluster_0001","HETDEL","HETDEL",TRUE,"CNA_event_000040","PASYSJ",0.167919799498747,"high_resolution_le_50pct",1,FALSE,"3","3","ENSE00003515141"
"HETDEL_cluster_0001","HETDEL","HETDEL",TRUE,"CNA_event_000041","PASYVU",0.167919799498747,"high_resolution_le_50pct",1,FALSE,"3","3","ENSE00003515141"
"HETDEL_cluster_0001","HETDEL","HETDEL",TRUE,"CNA_event_000042","PASYWF",0.654135338345865,"moderate_resolution_50_75pct",1,FALSE,"7","7","ENSE00003478404"
"HETDEL_cluster_0001","HETDEL","HOMDEL",FALSE,"CNA_event_000158","PASYWF",0.167919799498747,"high_resolution_le_50pct",1,FALSE,"3","3","ENSE00003515141"
"HETDEL_cluster_0001","HETDEL","HETDEL",TRUE,"CNA_event_000043","PASZAY",0.167919799498747,"high_resolution_le_50pct",1,FALSE,"3","3","ENSE00003515141"
"HETDEL_cluster_0001","HETDEL","HETDEL",TRUE,"CNA_event_000044","PATALF",0.425229741019215,"high_resolution_le_50pct",1,FALSE,"3","3","ENSE00003515141"
"HETDEL_cluster_0001","HETDEL","HETDEL",TRUE,"CNA_event_000045","PATBTX",0.167919799498747,"high_resolution_le_50pct",1,FALSE,"3","3","ENSE00003515141"
"HETDEL_cluster_0001","HETDEL","HOMDEL",FALSE,"CNA_event_000159","PATCTR",0.345864661654135,"high_resolution_le_50pct",1,FALSE,"3","3","ENSE00003515141"
"HETDEL_cluster_0001","HETDEL","HETDEL",TRUE,"CNA_event_000047","PATDTN",0.167919799498747,"high_resolution_le_50pct",1,FALSE,"3","3","ENSE00003515141"
"HETDEL_cluster_0001","HETDEL","HETDEL",TRUE,"CNA_event_000048","PATFPU",0.167919799498747,"high_resolution_le_50pct",1,FALSE,"3","3","ENSE00003515141"
"HETDEL_cluster_0001","HETDEL","HOMDEL",FALSE,"CNA_event_000160","PATGBY",0.167919799498747,"high_resolution_le_50pct",1,FALSE,"3","3","ENSE00003515141"
"HETDEL_cluster_0001","HETDEL","HETDEL",TRUE,"CNA_event_000050","PATHFE",0.822055137844611,"low_resolution_75_90pct",2,TRUE,"3;7","3;7","ENSE00003478404;ENSE00003515141"
"HETDEL_cluster_0001","HETDEL","HETDEL",TRUE,"CNA_event_000052","PATJLY",0.355054302422723,"high_resolution_le_50pct",1,FALSE,"3","3","ENSE00003515141"
"HETDEL_cluster_0001","HETDEL","HOMDEL",FALSE,"CNA_event_000161","PATJRX",0.167919799498747,"high_resolution_le_50pct",1,FALSE,"3","3","ENSE00003515141"
"HETDEL_cluster_0001","HETDEL","HOMDEL",FALSE,"CNA_event_000162","PATKVD",0.167919799498747,"high_resolution_le_50pct",1,FALSE,"3","3","ENSE00003515141"
"HETDEL_cluster_0001","HETDEL","HETDEL",TRUE,"CNA_event_000054","PATKZH",0.345864661654135,"high_resolution_le_50pct",1,FALSE,"3","3","ENSE00003515141"
"HETDEL_cluster_0001","HETDEL","HETDEL",TRUE,"CNA_event_000055","PATLLH",0.425229741019215,"high_resolution_le_50pct",1,FALSE,"3","3","ENSE00003515141"
"HETDEL_cluster_0001","HETDEL","HETDEL",TRUE,"CNA_event_000057","PATPDA",0.664160401002506,"moderate_resolution_50_75pct",2,TRUE,"3;7","3;7","ENSE00003478404;ENSE00003515141"
"HETDEL_cluster_0001","HETDEL","HETDEL",TRUE,"CNA_event_000058","PATRAB",0.167919799498747,"high_resolution_le_50pct",1,FALSE,"3","3","ENSE00003515141"
"HETDEL_cluster_0001","HETDEL","HETDEL",TRUE,"CNA_event_000059","PATRKV",0.223057644110276,"high_resolution_le_50pct",1,FALSE,"3","3","ENSE00003515141"
"HETDEL_cluster_0001","HETDEL","HETDEL",TRUE,"CNA_event_000060","PATSPG",0.345864661654135,"high_resolution_le_50pct",1,FALSE,"3","3","ENSE00003515141"
"HETDEL_cluster_0001","HETDEL","HETDEL",TRUE,"CNA_event_000061","PATWJU",0.167919799498747,"high_resolution_le_50pct",1,FALSE,"3","3","ENSE00003515141"
"HETDEL_cluster_0001","HETDEL","HOMDEL",FALSE,"CNA_event_000163","PATYWV",0.167919799498747,"high_resolution_le_50pct",1,FALSE,"3","3","ENSE00003515141"
"HETDEL_cluster_0001","HETDEL","HETDEL",TRUE,"CNA_event_000063","PATZST",0.167919799498747,"high_resolution_le_50pct",1,FALSE,"3","3","ENSE00003515141"
"HETDEL_cluster_0001","HETDEL","HETDEL",TRUE,"CNA_event_000064","PATZYR",0.167919799498747,"high_resolution_le_50pct",1,FALSE,"3","3","ENSE00003515141"
"HETDEL_cluster_0001","HETDEL","HETDEL",TRUE,"CNA_event_000065","PAUAKN",0.167919799498747,"high_resolution_le_50pct",1,FALSE,"3","3","ENSE00003515141"
"HETDEL_cluster_0001","HETDEL","HETDEL",TRUE,"CNA_event_000066","PAUAZV",0.167919799498747,"high_resolution_le_50pct",1,FALSE,"3","3","ENSE00003515141"
"HETDEL_cluster_0001","HETDEL","HETDEL",TRUE,"CNA_event_000067","PAUBCT",0.167919799498747,"high_resolution_le_50pct",1,FALSE,"3","3","ENSE00003515141"
"HETDEL_cluster_0001","HETDEL","HOMDEL",FALSE,"CNA_event_000164","PAUBTC",0.167919799498747,"high_resolution_le_50pct",1,FALSE,"3","3","ENSE00003515141"
"HETDEL_cluster_0001","HETDEL","HETDEL",TRUE,"CNA_event_000070","PAUCDC",0.822055137844611,"low_resolution_75_90pct",2,TRUE,"3;7","3;7","ENSE00003478404;ENSE00003515141"
"HETDEL_cluster_0001","HETDEL","HETDEL",TRUE,"CNA_event_000071","PAUEDT",0.167919799498747,"high_resolution_le_50pct",1,FALSE,"3","3","ENSE00003515141"
"HETDEL_cluster_0001","HETDEL","HOMDEL",FALSE,"CNA_event_000165","PAUEUC",0.167919799498747,"high_resolution_le_50pct",1,FALSE,"3","3","ENSE00003515141"
"HETDEL_cluster_0001","HETDEL","HETDEL",TRUE,"CNA_event_000074","PAUEVJ",0.167919799498747,"high_resolution_le_50pct",1,FALSE,"3","3","ENSE00003515141"
"HETDEL_cluster_0001","HETDEL","HETDEL",TRUE,"CNA_event_000075","PAUEXN",0.206349206349206,"high_resolution_le_50pct",1,FALSE,"3","3","ENSE00003515141"
"HETDEL_cluster_0001","HETDEL","HETDEL",TRUE,"CNA_event_000077","PAUGDT",0.167919799498747,"high_resolution_le_50pct",1,FALSE,"3","3","ENSE00003515141"
"HETDEL_cluster_0001","HETDEL","HETDEL",TRUE,"CNA_event_000078","PAUGLY",0.345864661654135,"high_resolution_le_50pct",1,FALSE,"3","3","ENSE00003515141"
"HETDEL_cluster_0001","HETDEL","HETDEL",TRUE,"CNA_event_000079","PAUIEM",0.654135338345865,"moderate_resolution_50_75pct",1,FALSE,"7","7","ENSE00003478404"
"HETDEL_cluster_0001","HETDEL","HOMDEL",FALSE,"CNA_event_000166","PAUIEM",0.167919799498747,"high_resolution_le_50pct",1,FALSE,"3","3","ENSE00003515141"
"HETDEL_cluster_0001","HETDEL","HETDEL",TRUE,"CNA_event_000080","PAUIFA",0.167919799498747,"high_resolution_le_50pct",1,FALSE,"3","3","ENSE00003515141"
"HETDEL_cluster_0001","HETDEL","HETDEL",TRUE,"CNA_event_000081","PAUJVL",0.345864661654135,"high_resolution_le_50pct",1,FALSE,"3","3","ENSE00003515141"
"HETDEL_cluster_0001","HETDEL","HETDEL",TRUE,"CNA_event_000083","PAUKZJ",0.608187134502924,"moderate_resolution_50_75pct",2,TRUE,"3;7","3;7","ENSE00003478404;ENSE00003515141"
"HETDEL_cluster_0001","HETDEL","HETDEL",TRUE,"CNA_event_000084","PAULCK",0.167919799498747,"high_resolution_le_50pct",1,FALSE,"3","3","ENSE00003515141"
"HETDEL_cluster_0001","HETDEL","HETDEL",TRUE,"CNA_event_000085","PAULGX",0.238930659983292,"high_resolution_le_50pct",1,FALSE,"7","7","ENSE00003478404"
"HETDEL_cluster_0001","HETDEL","HOMDEL",FALSE,"CNA_event_000167","PAULGX",0.603174603174603,"moderate_resolution_50_75pct",1,FALSE,"3","3","ENSE00003515141"
"HETDEL_cluster_0001","HETDEL","HOMDEL",FALSE,"CNA_event_000168","PAUMIB",0.345864661654135,"high_resolution_le_50pct",1,FALSE,"3","3","ENSE00003515141"
"HETDEL_cluster_0001","HETDEL","HETDEL",TRUE,"CNA_event_000087","PAUMLX",0.345864661654135,"high_resolution_le_50pct",1,FALSE,"3","3","ENSE00003515141"
"HETDEL_cluster_0001","HETDEL","HETDEL",TRUE,"CNA_event_000088","PAUMXB",0.345864661654135,"high_resolution_le_50pct",1,FALSE,"3","3","ENSE00003515141"
"HETDEL_cluster_0001","HETDEL","HETDEL",TRUE,"CNA_event_000089","PAUPUW",0.167919799498747,"high_resolution_le_50pct",1,FALSE,"3","3","ENSE00003515141"
"HETDEL_cluster_0001","HETDEL","HETDEL",TRUE,"CNA_event_000090","PAURLU",0.167919799498747,"high_resolution_le_50pct",1,FALSE,"3","3","ENSE00003515141"
"HETDEL_cluster_0001","HETDEL","HETDEL",TRUE,"CNA_event_000091","PAUSIS",0.822055137844611,"low_resolution_75_90pct",2,TRUE,"3;7","3;7","ENSE00003478404;ENSE00003515141"
"HETDEL_cluster_0001","HETDEL","HETDEL",TRUE,"CNA_event_000092","PAUTBB",0.167919799498747,"high_resolution_le_50pct",1,FALSE,"3","3","ENSE00003515141"
"HETDEL_cluster_0001","HETDEL","HETDEL",TRUE,"CNA_event_000093","PAUTUL",0.664160401002506,"moderate_resolution_50_75pct",2,TRUE,"3;7","3;7","ENSE00003478404;ENSE00003515141"
"HETDEL_cluster_0001","HETDEL","HETDEL",TRUE,"CNA_event_000094","PAUUAL",0.167919799498747,"high_resolution_le_50pct",1,FALSE,"3","3","ENSE00003515141"
"HETDEL_cluster_0001","HETDEL","HOMDEL",FALSE,"CNA_event_000169","PAUUBG",0.167919799498747,"high_resolution_le_50pct",1,FALSE,"3","3","ENSE00003515141"
"HETDEL_cluster_0001","HETDEL","HETDEL",TRUE,"CNA_event_000095","PAUUIK",0.167919799498747,"high_resolution_le_50pct",1,FALSE,"3","3","ENSE00003515141"
"HETDEL_cluster_0001","HETDEL","HETDEL",TRUE,"CNA_event_000096","PAUWMZ",0.167919799498747,"high_resolution_le_50pct",1,FALSE,"3","3","ENSE00003515141"
"HETDEL_cluster_0001","HETDEL","HETDEL",TRUE,"CNA_event_000097","PAUWXI",0.822055137844611,"low_resolution_75_90pct",2,TRUE,"3;7","3;7","ENSE00003478404;ENSE00003515141"
"HETDEL_cluster_0001","HETDEL","HETDEL",TRUE,"CNA_event_000098","PAUXCW",0.167919799498747,"high_resolution_le_50pct",1,FALSE,"3","3","ENSE00003515141"
"HETDEL_cluster_0001","HETDEL","HETDEL",TRUE,"CNA_event_000099","PAUXKE",0.167919799498747,"high_resolution_le_50pct",1,FALSE,"3","3","ENSE00003515141"
"HETDEL_cluster_0001","HETDEL","HETDEL",TRUE,"CNA_event_000100","PAUXRM",0.279030910609858,"high_resolution_le_50pct",1,FALSE,"3","3","ENSE00003515141"
"HETDEL_cluster_0001","HETDEL","HETDEL",TRUE,"CNA_event_000101","PAUXYI",0.355054302422723,"high_resolution_le_50pct",1,FALSE,"3","3","ENSE00003515141"
"HETDEL_cluster_0001","HETDEL","HETDEL",TRUE,"CNA_event_000102","PAUYJF",0.425229741019215,"high_resolution_le_50pct",1,FALSE,"3","3","ENSE00003515141"
"HETDEL_cluster_0001","HETDEL","HOMDEL",FALSE,"CNA_event_000170","PAVBFC",0.167919799498747,"high_resolution_le_50pct",1,FALSE,"3","3","ENSE00003515141"
"HETDEL_cluster_0001","HETDEL","HETDEL",TRUE,"CNA_event_000104","PAVCRK",0.167919799498747,"high_resolution_le_50pct",1,FALSE,"3","3","ENSE00003515141"
"HETDEL_cluster_0001","HETDEL","HOMDEL",FALSE,"CNA_event_000171","PAVESF",0.167919799498747,"high_resolution_le_50pct",1,FALSE,"3","3","ENSE00003515141"
"HETDEL_cluster_0001","HETDEL","HETDEL",TRUE,"CNA_event_000105","PAVFAX",0.167919799498747,"high_resolution_le_50pct",1,FALSE,"3","3","ENSE00003515141"
"HETDEL_cluster_0001","HETDEL","HETDEL",TRUE,"CNA_event_000106","PAVHAA",0.167919799498747,"high_resolution_le_50pct",1,FALSE,"3","3","ENSE00003515141"
"HETDEL_cluster_0001","HETDEL","HETDEL",TRUE,"CNA_event_000107","PAVHBL",0.167919799498747,"high_resolution_le_50pct",1,FALSE,"3","3","ENSE00003515141"
"HETDEL_cluster_0001","HETDEL","HETDEL",TRUE,"CNA_event_000108","PAVHGX",0.167919799498747,"high_resolution_le_50pct",1,FALSE,"3","3","ENSE00003515141"
"HETDEL_cluster_0001","HETDEL","HOMDEL",FALSE,"CNA_event_000172","PAVKCV",0.167919799498747,"high_resolution_le_50pct",1,FALSE,"3","3","ENSE00003515141"
"HETDEL_cluster_0001","HETDEL","HETDEL",TRUE,"CNA_event_000112","PAVKPV",0.167919799498747,"high_resolution_le_50pct",1,FALSE,"3","3","ENSE00003515141"
"HETDEL_cluster_0001","HETDEL","HOMDEL",FALSE,"CNA_event_000173","PAVKWV",0.167919799498747,"high_resolution_le_50pct",1,FALSE,"3","3","ENSE00003515141"
"HETDEL_cluster_0001","HETDEL","HETDEL",TRUE,"CNA_event_000114","PAVLLU",0.167919799498747,"high_resolution_le_50pct",1,FALSE,"3","3","ENSE00003515141"
"HETDEL_cluster_0001","HETDEL","HOMDEL",FALSE,"CNA_event_000174","PAVLMY",0.167919799498747,"high_resolution_le_50pct",1,FALSE,"3","3","ENSE00003515141"
"HETDEL_cluster_0001","HETDEL","HETDEL",TRUE,"CNA_event_000115","PAVMKN",0.167919799498747,"high_resolution_le_50pct",1,FALSE,"3","3","ENSE00003515141"
"HETDEL_cluster_0001","HETDEL","HETDEL",TRUE,"CNA_event_000116","PAVMPT",0.279030910609858,"high_resolution_le_50pct",1,FALSE,"3","3","ENSE00003515141"
"HETDEL_cluster_0001","HETDEL","HETDEL",TRUE,"CNA_event_000117","PAVNGZ",0.167919799498747,"high_resolution_le_50pct",1,FALSE,"3","3","ENSE00003515141"
"HETDEL_cluster_0001","HETDEL","HETDEL",TRUE,"CNA_event_000119","PAVNTB",0.167919799498747,"high_resolution_le_50pct",1,FALSE,"3","3","ENSE00003515141"
"HETDEL_cluster_0001","HETDEL","HETDEL",TRUE,"CNA_event_000120","PAVPCB",0.206349206349206,"high_resolution_le_50pct",1,FALSE,"3","3","ENSE00003515141"
"HETDEL_cluster_0001","HETDEL","HETDEL",TRUE,"CNA_event_000121","PAVRXK",0.932330827067669,"very_low_resolution_90_lt_100pct",2,TRUE,"3;7","3;7","ENSE00003478404;ENSE00003515141"
"HETDEL_cluster_0001","HETDEL","HOMDEL",FALSE,"CNA_event_000175","PAVVBE",0.754385964912281,"low_resolution_75_90pct",2,TRUE,"3;7","3;7","ENSE00003478404;ENSE00003515141"
"HETDEL_cluster_0001","HETDEL","HOMDEL",FALSE,"CNA_event_000176","PAVVDS",0.167919799498747,"high_resolution_le_50pct",1,FALSE,"3","3","ENSE00003515141"
"HETDEL_cluster_0001","HETDEL","HETDEL",TRUE,"CNA_event_000124","PAVWDF",0.167919799498747,"high_resolution_le_50pct",1,FALSE,"3","3","ENSE00003515141"
"HETDEL_cluster_0001","HETDEL","HETDEL",TRUE,"CNA_event_000125","PAVWNL",0.345864661654135,"high_resolution_le_50pct",1,FALSE,"3","3","ENSE00003515141"
"HETDEL_cluster_0001","HETDEL","HOMDEL",FALSE,"CNA_event_000177","PAVYAZ",0.167919799498747,"high_resolution_le_50pct",1,FALSE,"3","3","ENSE00003515141"
"HETDEL_cluster_0001","HETDEL","HOMDEL",FALSE,"CNA_event_000178","PAVYGR",0.167919799498747,"high_resolution_le_50pct",1,FALSE,"3","3","ENSE00003515141"
"HETDEL_cluster_0001","HETDEL","HETDEL",TRUE,"CNA_event_000129","PAVYTZ",0.167919799498747,"high_resolution_le_50pct",1,FALSE,"3","3","ENSE00003515141"
"HETDEL_cluster_0001","HETDEL","HETDEL",TRUE,"CNA_event_000130","PAVZCF",0.425229741019215,"high_resolution_le_50pct",1,FALSE,"3","3","ENSE00003515141"
"HETDEL_cluster_0001","HETDEL","HETDEL",TRUE,"CNA_event_000131","PAWAIM",0.167919799498747,"high_resolution_le_50pct",1,FALSE,"3","3","ENSE00003515141"
"HETDEL_cluster_0001","HETDEL","HETDEL",TRUE,"CNA_event_000132","PAWAIN",0.167919799498747,"high_resolution_le_50pct",1,FALSE,"3","3","ENSE00003515141"
"HETDEL_cluster_0001","HETDEL","HETDEL",TRUE,"CNA_event_000133","PAWAKA",0.167919799498747,"high_resolution_le_50pct",1,FALSE,"3","3","ENSE00003515141"
"HETDEL_cluster_0001","HETDEL","HETDEL",TRUE,"CNA_event_000134","PAWDEK",0.167919799498747,"high_resolution_le_50pct",1,FALSE,"3","3","ENSE00003515141"
"HETDEL_cluster_0001","HETDEL","HETDEL",TRUE,"CNA_event_000135","PAWDMI",0.167919799498747,"high_resolution_le_50pct",1,FALSE,"3","3","ENSE00003515141"
"HETDEL_cluster_0001","HETDEL","HETDEL",TRUE,"CNA_event_000136","PAWDWJ",0.822055137844611,"low_resolution_75_90pct",2,TRUE,"3;7","3;7","ENSE00003478404;ENSE00003515141"
"HETDEL_cluster_0001","HETDEL","HETDEL",TRUE,"CNA_event_000137","PAWEEC",0.167919799498747,"high_resolution_le_50pct",1,FALSE,"3","3","ENSE00003515141"
"HETDEL_cluster_0001","HETDEL","HETDEL",TRUE,"CNA_event_000138","PAWEEX",0.111946532999165,"high_resolution_le_50pct",1,FALSE,"3","3","ENSE00003515141"
"HETDEL_cluster_0001","HETDEL","HETDEL",TRUE,"CNA_event_000139","PAWESJ",0.345864661654135,"high_resolution_le_50pct",1,FALSE,"3","3","ENSE00003515141"
"HETDEL_cluster_0001","HETDEL","HETDEL",TRUE,"CNA_event_000140","PAWETD",0.822055137844611,"low_resolution_75_90pct",2,TRUE,"3;7","3;7","ENSE00003478404;ENSE00003515141"
"HETDEL_cluster_0001","HETDEL","HETDEL",TRUE,"CNA_event_000141","PAWFNJ",0.345864661654135,"high_resolution_le_50pct",1,FALSE,"3","3","ENSE00003515141"
"HETDEL_cluster_0001","HETDEL","HETDEL",TRUE,"CNA_event_000142","PAWFWF",0.345864661654135,"high_resolution_le_50pct",1,FALSE,"3","3","ENSE00003515141"
"HETDEL_cluster_0001","HETDEL","HETDEL",TRUE,"CNA_event_000143","PAWGCK",0.167919799498747,"high_resolution_le_50pct",1,FALSE,"3","3","ENSE00003515141"
"HETDEL_cluster_0001","HETDEL","HETDEL",TRUE,"CNA_event_000144","PAWGIT",0.167919799498747,"high_resolution_le_50pct",1,FALSE,"3","3","ENSE00003515141"
"HETDEL_cluster_0001","HETDEL","HETDEL",TRUE,"CNA_event_000145","PAWGXM",0.496240601503759,"high_resolution_le_50pct",1,FALSE,"7","7","ENSE00003478404"
"HETDEL_cluster_0001","HETDEL","HETDEL",TRUE,"CNA_event_000146","PAWGZM",0.167919799498747,"high_resolution_le_50pct",1,FALSE,"3","3","ENSE00003515141"
"HETDEL_cluster_0001","HETDEL","HETDEL",TRUE,"CNA_event_000147","PAWIWS",0.355054302422723,"high_resolution_le_50pct",1,FALSE,"3","3","ENSE00003515141"
"HETDEL_cluster_0001","HETDEL","HETDEL",TRUE,"CNA_event_000148","PAWJKX",0.167919799498747,"high_resolution_le_50pct",1,FALSE,"3","3","ENSE00003515141"
"HETDEL_cluster_0001","HETDEL","HETDEL",TRUE,"CNA_event_000149","PAWJYN",0.345864661654135,"high_resolution_le_50pct",1,FALSE,"3","3","ENSE00003515141"
"HETDEL_cluster_0001","HETDEL","HOMDEL",FALSE,"CNA_event_000179","PAWKAN",0.167919799498747,"high_resolution_le_50pct",1,FALSE,"3","3","ENSE00003515141"
"HETDEL_cluster_0002","HETDEL","HETDEL",TRUE,"CNA_event_000001","PARFLD",0.167919799498747,"high_resolution_le_50pct",1,FALSE,"2","2","ENSE00003638064"
"HETDEL_cluster_0002","HETDEL","HETDEL",TRUE,"CNA_event_000002","PARJAY",0.167919799498747,"high_resolution_le_50pct",1,FALSE,"2","2","ENSE00003638064"
"HETDEL_cluster_0002","HETDEL","HETDEL",TRUE,"CNA_event_000003","PARJPL",0.167919799498747,"high_resolution_le_50pct",1,FALSE,"2","2","ENSE00003638064"
"HETDEL_cluster_0002","HETDEL","HETDEL",TRUE,"CNA_event_000004","PARNXJ",0.822055137844611,"low_resolution_75_90pct",1,FALSE,"2","2","ENSE00003638064"
"HETDEL_cluster_0002","HETDEL","HETDEL",TRUE,"CNA_event_000005","PARPET",0.167919799498747,"high_resolution_le_50pct",1,FALSE,"2","2","ENSE00003638064"
"HETDEL_cluster_0002","HETDEL","HOMDEL",FALSE,"CNA_event_000150","PARSLA",0.167919799498747,"high_resolution_le_50pct",1,FALSE,"2","2","ENSE00003638064"
"HETDEL_cluster_0002","HETDEL","HETDEL",TRUE,"CNA_event_000007","PARSNX",0.289891395154553,"high_resolution_le_50pct",2,TRUE,"1;2","1;2","ENSE00001136349;ENSE00003638064"
"HETDEL_cluster_0002","HETDEL","HOMDEL",FALSE,"CNA_event_000151","PARWNW",0.167919799498747,"high_resolution_le_50pct",1,FALSE,"2","2","ENSE00003638064"
"HETDEL_cluster_0002","HETDEL","HETDEL",TRUE,"CNA_event_000009","PARXDJ",0.167919799498747,"high_resolution_le_50pct",1,FALSE,"2","2","ENSE00003638064"
"HETDEL_cluster_0002","HETDEL","HETDEL",TRUE,"CNA_event_000010","PARXPZ",0.822055137844611,"low_resolution_75_90pct",1,FALSE,"2","2","ENSE00003638064"
"HETDEL_cluster_0002","HETDEL","HETDEL",TRUE,"CNA_event_000011","PASGDZ",0.167919799498747,"high_resolution_le_50pct",1,FALSE,"2","2","ENSE00003638064"
"HETDEL_cluster_0002","HETDEL","HETDEL",TRUE,"CNA_event_000012","PASGUH",0.167919799498747,"high_resolution_le_50pct",1,FALSE,"2","2","ENSE00003638064"
"HETDEL_cluster_0002","HETDEL","HETDEL",TRUE,"CNA_event_000013","PASILW",0.177944862155388,"high_resolution_le_50pct",1,FALSE,"1","1","ENSE00001136349"
"HETDEL_cluster_0002","HETDEL","HOMDEL",FALSE,"CNA_event_000152","PASILW",0.167919799498747,"high_resolution_le_50pct",1,FALSE,"2","2","ENSE00003638064"
"HETDEL_cluster_0002","HETDEL","HETDEL",TRUE,"CNA_event_000015","PASINX",0.345864661654135,"high_resolution_le_50pct",2,TRUE,"1;2","1;2","ENSE00001136349;ENSE00003638064"
"HETDEL_cluster_0002","HETDEL","HETDEL",TRUE,"CNA_event_000017","PASIPN",0.0559732664995823,"high_resolution_le_50pct",1,FALSE,"2","2","ENSE00003638064"
"HETDEL_cluster_0002","HETDEL","HETDEL",TRUE,"CNA_event_000018","PASJGV",0.167919799498747,"high_resolution_le_50pct",1,FALSE,"2","2","ENSE00003638064"
"HETDEL_cluster_0002","HETDEL","HOMDEL",FALSE,"CNA_event_000153","PASKAD",0.167919799498747,"high_resolution_le_50pct",1,FALSE,"2","2","ENSE00003638064"
"HETDEL_cluster_0002","HETDEL","HOMDEL",FALSE,"CNA_event_000154","PASKLU",0.167919799498747,"high_resolution_le_50pct",1,FALSE,"2","2","ENSE00003638064"
"HETDEL_cluster_0002","HETDEL","HOMDEL",FALSE,"CNA_event_000155","PASKWG",0.167919799498747,"high_resolution_le_50pct",1,FALSE,"2","2","ENSE00003638064"
"HETDEL_cluster_0002","HETDEL","HETDEL",TRUE,"CNA_event_000022","PASKXA",0.167919799498747,"high_resolution_le_50pct",1,FALSE,"2","2","ENSE00003638064"
"HETDEL_cluster_0002","HETDEL","HETDEL",TRUE,"CNA_event_000023","PASLXY",0.345864661654135,"high_resolution_le_50pct",2,TRUE,"1;2","1;2","ENSE00001136349;ENSE00003638064"
"HETDEL_cluster_0002","HETDEL","HETDEL",TRUE,"CNA_event_000024","PASPDS",0.355054302422723,"high_resolution_le_50pct",1,FALSE,"2","2","ENSE00003638064"
"HETDEL_cluster_0002","HETDEL","HETDEL",TRUE,"CNA_event_000025","PASPLG",0.425229741019215,"high_resolution_le_50pct",1,FALSE,"2","2","ENSE00003638064"
"HETDEL_cluster_0002","HETDEL","HETDEL",TRUE,"CNA_event_000026","PASPNW",0.822055137844611,"low_resolution_75_90pct",1,FALSE,"2","2","ENSE00003638064"
"HETDEL_cluster_0002","HETDEL","HETDEL",TRUE,"CNA_event_000027","PASRAF",0.167919799498747,"high_resolution_le_50pct",1,FALSE,"2","2","ENSE00003638064"
"HETDEL_cluster_0002","HETDEL","HETDEL",TRUE,"CNA_event_000028","PASRMM",0.345864661654135,"high_resolution_le_50pct",2,TRUE,"1;2","1;2","ENSE00001136349;ENSE00003638064"
"HETDEL_cluster_0002","HETDEL","HOMDEL",FALSE,"CNA_event_000156","PASRPV",0.345864661654135,"high_resolution_le_50pct",2,TRUE,"1;2","1;2","ENSE00001136349;ENSE00003638064"
"HETDEL_cluster_0002","HETDEL","HETDEL",TRUE,"CNA_event_000030","PASRSE",0.167919799498747,"high_resolution_le_50pct",1,FALSE,"2","2","ENSE00003638064"
"HETDEL_cluster_0002","HETDEL","HETDEL",TRUE,"CNA_event_000031","PASRUK",0.167919799498747,"high_resolution_le_50pct",1,FALSE,"2","2","ENSE00003638064"
"HETDEL_cluster_0002","HETDEL","HETDEL",TRUE,"CNA_event_000032","PASTCH",0.456975772765246,"high_resolution_le_50pct",2,TRUE,"1;2","1;2","ENSE00001136349;ENSE00003638064"
"HETDEL_cluster_0002","HETDEL","HETDEL",TRUE,"CNA_event_000033","PASTHE",0.425229741019215,"high_resolution_le_50pct",1,FALSE,"2","2","ENSE00003638064"
"HETDEL_cluster_0002","HETDEL","HETDEL",TRUE,"CNA_event_000034","PASUSV",0.822055137844611,"low_resolution_75_90pct",1,FALSE,"2","2","ENSE00003638064"
"HETDEL_cluster_0002","HETDEL","HETDEL",TRUE,"CNA_event_000035","PASVWH",0.167919799498747,"high_resolution_le_50pct",1,FALSE,"2","2","ENSE00003638064"
"HETDEL_cluster_0002","HETDEL","HETDEL",TRUE,"CNA_event_000036","PASVZJ",0.167919799498747,"high_resolution_le_50pct",1,FALSE,"2","2","ENSE00003638064"
"HETDEL_cluster_0002","HETDEL","HETDEL",TRUE,"CNA_event_000037","PASWXB",0.167919799498747,"high_resolution_le_50pct",1,FALSE,"2","2","ENSE00003638064"
"HETDEL_cluster_0002","HETDEL","HOMDEL",FALSE,"CNA_event_000157","PASWYU",0.167919799498747,"high_resolution_le_50pct",1,FALSE,"2","2","ENSE00003638064"
"HETDEL_cluster_0002","HETDEL","HETDEL",TRUE,"CNA_event_000040","PASYSJ",0.167919799498747,"high_resolution_le_50pct",1,FALSE,"2","2","ENSE00003638064"
"HETDEL_cluster_0002","HETDEL","HETDEL",TRUE,"CNA_event_000041","PASYVU",0.167919799498747,"high_resolution_le_50pct",1,FALSE,"2","2","ENSE00003638064"
"HETDEL_cluster_0002","HETDEL","HOMDEL",FALSE,"CNA_event_000158","PASYWF",0.167919799498747,"high_resolution_le_50pct",1,FALSE,"2","2","ENSE00003638064"
"HETDEL_cluster_0002","HETDEL","HETDEL",TRUE,"CNA_event_000043","PASZAY",0.167919799498747,"high_resolution_le_50pct",1,FALSE,"2","2","ENSE00003638064"
"HETDEL_cluster_0002","HETDEL","HETDEL",TRUE,"CNA_event_000044","PATALF",0.425229741019215,"high_resolution_le_50pct",1,FALSE,"2","2","ENSE00003638064"
"HETDEL_cluster_0002","HETDEL","HETDEL",TRUE,"CNA_event_000045","PATBTX",0.167919799498747,"high_resolution_le_50pct",1,FALSE,"2","2","ENSE00003638064"
"HETDEL_cluster_0002","HETDEL","HOMDEL",FALSE,"CNA_event_000159","PATCTR",0.345864661654135,"high_resolution_le_50pct",2,TRUE,"1;2","1;2","ENSE00001136349;ENSE00003638064"
"HETDEL_cluster_0002","HETDEL","HETDEL",TRUE,"CNA_event_000047","PATDTN",0.167919799498747,"high_resolution_le_50pct",1,FALSE,"2","2","ENSE00003638064"
"HETDEL_cluster_0002","HETDEL","HETDEL",TRUE,"CNA_event_000048","PATFPU",0.167919799498747,"high_resolution_le_50pct",1,FALSE,"2","2","ENSE00003638064"
"HETDEL_cluster_0002","HETDEL","HOMDEL",FALSE,"CNA_event_000160","PATGBY",0.167919799498747,"high_resolution_le_50pct",1,FALSE,"2","2","ENSE00003638064"
"HETDEL_cluster_0002","HETDEL","HETDEL",TRUE,"CNA_event_000050","PATHFE",0.822055137844611,"low_resolution_75_90pct",1,FALSE,"2","2","ENSE00003638064"
"HETDEL_cluster_0002","HETDEL","HETDEL",TRUE,"CNA_event_000052","PATJLY",0.355054302422723,"high_resolution_le_50pct",1,FALSE,"2","2","ENSE00003638064"
"HETDEL_cluster_0002","HETDEL","HOMDEL",FALSE,"CNA_event_000161","PATJRX",0.167919799498747,"high_resolution_le_50pct",1,FALSE,"2","2","ENSE00003638064"
"HETDEL_cluster_0002","HETDEL","HOMDEL",FALSE,"CNA_event_000162","PATKVD",0.167919799498747,"high_resolution_le_50pct",1,FALSE,"2","2","ENSE00003638064"
"HETDEL_cluster_0002","HETDEL","HETDEL",TRUE,"CNA_event_000054","PATKZH",0.345864661654135,"high_resolution_le_50pct",2,TRUE,"1;2","1;2","ENSE00001136349;ENSE00003638064"
"HETDEL_cluster_0002","HETDEL","HETDEL",TRUE,"CNA_event_000055","PATLLH",0.425229741019215,"high_resolution_le_50pct",1,FALSE,"2","2","ENSE00003638064"
"HETDEL_cluster_0002","HETDEL","HETDEL",TRUE,"CNA_event_000056","PATNAM",0.233918128654971,"high_resolution_le_50pct",2,TRUE,"1;2","1;2","ENSE00001136349;ENSE00003638064"
"HETDEL_cluster_0002","HETDEL","HETDEL",TRUE,"CNA_event_000057","PATPDA",0.664160401002506,"moderate_resolution_50_75pct",1,FALSE,"2","2","ENSE00003638064"
"HETDEL_cluster_0002","HETDEL","HETDEL",TRUE,"CNA_event_000058","PATRAB",0.167919799498747,"high_resolution_le_50pct",1,FALSE,"2","2","ENSE00003638064"
"HETDEL_cluster_0002","HETDEL","HETDEL",TRUE,"CNA_event_000060","PATSPG",0.345864661654135,"high_resolution_le_50pct",2,TRUE,"1;2","1;2","ENSE00001136349;ENSE00003638064"
"HETDEL_cluster_0002","HETDEL","HETDEL",TRUE,"CNA_event_000061","PATWJU",0.167919799498747,"high_resolution_le_50pct",1,FALSE,"2","2","ENSE00003638064"
"HETDEL_cluster_0002","HETDEL","HOMDEL",FALSE,"CNA_event_000163","PATYWV",0.167919799498747,"high_resolution_le_50pct",1,FALSE,"2","2","ENSE00003638064"
"HETDEL_cluster_0002","HETDEL","HETDEL",TRUE,"CNA_event_000063","PATZST",0.167919799498747,"high_resolution_le_50pct",1,FALSE,"2","2","ENSE00003638064"
"HETDEL_cluster_0002","HETDEL","HETDEL",TRUE,"CNA_event_000064","PATZYR",0.167919799498747,"high_resolution_le_50pct",1,FALSE,"2","2","ENSE00003638064"
"HETDEL_cluster_0002","HETDEL","HETDEL",TRUE,"CNA_event_000065","PAUAKN",0.167919799498747,"high_resolution_le_50pct",1,FALSE,"2","2","ENSE00003638064"
"HETDEL_cluster_0002","HETDEL","HETDEL",TRUE,"CNA_event_000066","PAUAZV",0.167919799498747,"high_resolution_le_50pct",1,FALSE,"2","2","ENSE00003638064"
"HETDEL_cluster_0002","HETDEL","HETDEL",TRUE,"CNA_event_000067","PAUBCT",0.167919799498747,"high_resolution_le_50pct",1,FALSE,"2","2","ENSE00003638064"
"HETDEL_cluster_0002","HETDEL","HOMDEL",FALSE,"CNA_event_000164","PAUBTC",0.167919799498747,"high_resolution_le_50pct",1,FALSE,"2","2","ENSE00003638064"
"HETDEL_cluster_0002","HETDEL","HETDEL",TRUE,"CNA_event_000070","PAUCDC",0.822055137844611,"low_resolution_75_90pct",1,FALSE,"2","2","ENSE00003638064"
"HETDEL_cluster_0002","HETDEL","HETDEL",TRUE,"CNA_event_000071","PAUEDT",0.167919799498747,"high_resolution_le_50pct",1,FALSE,"2","2","ENSE00003638064"
"HETDEL_cluster_0002","HETDEL","HETDEL",TRUE,"CNA_event_000072","PAUEUC",0.177944862155388,"high_resolution_le_50pct",1,FALSE,"1","1","ENSE00001136349"
"HETDEL_cluster_0002","HETDEL","HOMDEL",FALSE,"CNA_event_000165","PAUEUC",0.167919799498747,"high_resolution_le_50pct",1,FALSE,"2","2","ENSE00003638064"
"HETDEL_cluster_0002","HETDEL","HETDEL",TRUE,"CNA_event_000074","PAUEVJ",0.167919799498747,"high_resolution_le_50pct",1,FALSE,"2","2","ENSE00003638064"
"HETDEL_cluster_0002","HETDEL","HETDEL",TRUE,"CNA_event_000075","PAUEXN",0.206349206349206,"high_resolution_le_50pct",2,TRUE,"1;2","1;2","ENSE00001136349;ENSE00003638064"
"HETDEL_cluster_0002","HETDEL","HETDEL",TRUE,"CNA_event_000077","PAUGDT",0.167919799498747,"high_resolution_le_50pct",1,FALSE,"2","2","ENSE00003638064"
"HETDEL_cluster_0002","HETDEL","HETDEL",TRUE,"CNA_event_000078","PAUGLY",0.345864661654135,"high_resolution_le_50pct",2,TRUE,"1;2","1;2","ENSE00001136349;ENSE00003638064"
"HETDEL_cluster_0002","HETDEL","HOMDEL",FALSE,"CNA_event_000166","PAUIEM",0.167919799498747,"high_resolution_le_50pct",1,FALSE,"2","2","ENSE00003638064"
"HETDEL_cluster_0002","HETDEL","HETDEL",TRUE,"CNA_event_000080","PAUIFA",0.167919799498747,"high_resolution_le_50pct",1,FALSE,"2","2","ENSE00003638064"
"HETDEL_cluster_0002","HETDEL","HETDEL",TRUE,"CNA_event_000081","PAUJVL",0.345864661654135,"high_resolution_le_50pct",2,TRUE,"1;2","1;2","ENSE00001136349;ENSE00003638064"
"HETDEL_cluster_0002","HETDEL","HETDEL",TRUE,"CNA_event_000084","PAULCK",0.167919799498747,"high_resolution_le_50pct",1,FALSE,"2","2","ENSE00003638064"
"HETDEL_cluster_0002","HETDEL","HOMDEL",FALSE,"CNA_event_000167","PAULGX",0.603174603174603,"moderate_resolution_50_75pct",2,TRUE,"1;2","1;2","ENSE00001136349;ENSE00003638064"
"HETDEL_cluster_0002","HETDEL","HOMDEL",FALSE,"CNA_event_000168","PAUMIB",0.345864661654135,"high_resolution_le_50pct",2,TRUE,"1;2","1;2","ENSE00001136349;ENSE00003638064"
"HETDEL_cluster_0002","HETDEL","HETDEL",TRUE,"CNA_event_000087","PAUMLX",0.345864661654135,"high_resolution_le_50pct",2,TRUE,"1;2","1;2","ENSE00001136349;ENSE00003638064"
"HETDEL_cluster_0002","HETDEL","HETDEL",TRUE,"CNA_event_000088","PAUMXB",0.345864661654135,"high_resolution_le_50pct",2,TRUE,"1;2","1;2","ENSE00001136349;ENSE00003638064"
"HETDEL_cluster_0002","HETDEL","HETDEL",TRUE,"CNA_event_000089","PAUPUW",0.167919799498747,"high_resolution_le_50pct",1,FALSE,"2","2","ENSE00003638064"
"HETDEL_cluster_0002","HETDEL","HETDEL",TRUE,"CNA_event_000090","PAURLU",0.167919799498747,"high_resolution_le_50pct",1,FALSE,"2","2","ENSE00003638064"
"HETDEL_cluster_0002","HETDEL","HETDEL",TRUE,"CNA_event_000091","PAUSIS",0.822055137844611,"low_resolution_75_90pct",1,FALSE,"2","2","ENSE00003638064"
"HETDEL_cluster_0002","HETDEL","HETDEL",TRUE,"CNA_event_000092","PAUTBB",0.167919799498747,"high_resolution_le_50pct",1,FALSE,"2","2","ENSE00003638064"
"HETDEL_cluster_0002","HETDEL","HETDEL",TRUE,"CNA_event_000093","PAUTUL",0.664160401002506,"moderate_resolution_50_75pct",1,FALSE,"2","2","ENSE00003638064"
"HETDEL_cluster_0002","HETDEL","HETDEL",TRUE,"CNA_event_000094","PAUUAL",0.167919799498747,"high_resolution_le_50pct",1,FALSE,"2","2","ENSE00003638064"
"HETDEL_cluster_0002","HETDEL","HOMDEL",FALSE,"CNA_event_000169","PAUUBG",0.167919799498747,"high_resolution_le_50pct",1,FALSE,"2","2","ENSE00003638064"
"HETDEL_cluster_0002","HETDEL","HETDEL",TRUE,"CNA_event_000095","PAUUIK",0.167919799498747,"high_resolution_le_50pct",1,FALSE,"2","2","ENSE00003638064"
"HETDEL_cluster_0002","HETDEL","HETDEL",TRUE,"CNA_event_000096","PAUWMZ",0.167919799498747,"high_resolution_le_50pct",1,FALSE,"2","2","ENSE00003638064"
"HETDEL_cluster_0002","HETDEL","HETDEL",TRUE,"CNA_event_000097","PAUWXI",0.822055137844611,"low_resolution_75_90pct",1,FALSE,"2","2","ENSE00003638064"
"HETDEL_cluster_0002","HETDEL","HETDEL",TRUE,"CNA_event_000098","PAUXCW",0.167919799498747,"high_resolution_le_50pct",1,FALSE,"2","2","ENSE00003638064"
"HETDEL_cluster_0002","HETDEL","HETDEL",TRUE,"CNA_event_000099","PAUXKE",0.167919799498747,"high_resolution_le_50pct",1,FALSE,"2","2","ENSE00003638064"
"HETDEL_cluster_0002","HETDEL","HETDEL",TRUE,"CNA_event_000100","PAUXRM",0.279030910609858,"high_resolution_le_50pct",1,FALSE,"2","2","ENSE00003638064"
"HETDEL_cluster_0002","HETDEL","HETDEL",TRUE,"CNA_event_000101","PAUXYI",0.355054302422723,"high_resolution_le_50pct",1,FALSE,"2","2","ENSE00003638064"
"HETDEL_cluster_0002","HETDEL","HETDEL",TRUE,"CNA_event_000102","PAUYJF",0.425229741019215,"high_resolution_le_50pct",1,FALSE,"2","2","ENSE00003638064"
"HETDEL_cluster_0002","HETDEL","HOMDEL",FALSE,"CNA_event_000170","PAVBFC",0.167919799498747,"high_resolution_le_50pct",1,FALSE,"2","2","ENSE00003638064"
"HETDEL_cluster_0002","HETDEL","HETDEL",TRUE,"CNA_event_000104","PAVCRK",0.167919799498747,"high_resolution_le_50pct",1,FALSE,"2","2","ENSE00003638064"
"HETDEL_cluster_0002","HETDEL","HOMDEL",FALSE,"CNA_event_000171","PAVESF",0.167919799498747,"high_resolution_le_50pct",1,FALSE,"2","2","ENSE00003638064"
"HETDEL_cluster_0002","HETDEL","HETDEL",TRUE,"CNA_event_000105","PAVFAX",0.167919799498747,"high_resolution_le_50pct",1,FALSE,"2","2","ENSE00003638064"
"HETDEL_cluster_0002","HETDEL","HETDEL",TRUE,"CNA_event_000106","PAVHAA",0.167919799498747,"high_resolution_le_50pct",1,FALSE,"2","2","ENSE00003638064"
"HETDEL_cluster_0002","HETDEL","HETDEL",TRUE,"CNA_event_000107","PAVHBL",0.167919799498747,"high_resolution_le_50pct",1,FALSE,"2","2","ENSE00003638064"
"HETDEL_cluster_0002","HETDEL","HETDEL",TRUE,"CNA_event_000108","PAVHGX",0.167919799498747,"high_resolution_le_50pct",1,FALSE,"2","2","ENSE00003638064"
"HETDEL_cluster_0002","HETDEL","HETDEL",TRUE,"CNA_event_000110","PAVKCV",0.177944862155388,"high_resolution_le_50pct",1,FALSE,"1","1","ENSE00001136349"
"HETDEL_cluster_0002","HETDEL","HOMDEL",FALSE,"CNA_event_000172","PAVKCV",0.167919799498747,"high_resolution_le_50pct",1,FALSE,"2","2","ENSE00003638064"
"HETDEL_cluster_0002","HETDEL","HETDEL",TRUE,"CNA_event_000112","PAVKPV",0.167919799498747,"high_resolution_le_50pct",1,FALSE,"2","2","ENSE00003638064"
"HETDEL_cluster_0002","HETDEL","HOMDEL",FALSE,"CNA_event_000173","PAVKWV",0.167919799498747,"high_resolution_le_50pct",1,FALSE,"2","2","ENSE00003638064"
"HETDEL_cluster_0002","HETDEL","HETDEL",TRUE,"CNA_event_000114","PAVLLU",0.167919799498747,"high_resolution_le_50pct",1,FALSE,"2","2","ENSE00003638064"
"HETDEL_cluster_0002","HETDEL","HOMDEL",FALSE,"CNA_event_000174","PAVLMY",0.167919799498747,"high_resolution_le_50pct",1,FALSE,"2","2","ENSE00003638064"
"HETDEL_cluster_0002","HETDEL","HETDEL",TRUE,"CNA_event_000115","PAVMKN",0.167919799498747,"high_resolution_le_50pct",1,FALSE,"2","2","ENSE00003638064"
"HETDEL_cluster_0002","HETDEL","HETDEL",TRUE,"CNA_event_000116","PAVMPT",0.279030910609858,"high_resolution_le_50pct",1,FALSE,"2","2","ENSE00003638064"
"HETDEL_cluster_0002","HETDEL","HETDEL",TRUE,"CNA_event_000117","PAVNGZ",0.167919799498747,"high_resolution_le_50pct",1,FALSE,"2","2","ENSE00003638064"
"HETDEL_cluster_0002","HETDEL","HETDEL",TRUE,"CNA_event_000119","PAVNTB",0.167919799498747,"high_resolution_le_50pct",1,FALSE,"2","2","ENSE00003638064"
"HETDEL_cluster_0002","HETDEL","HETDEL",TRUE,"CNA_event_000120","PAVPCB",0.206349206349206,"high_resolution_le_50pct",2,TRUE,"1;2","1;2","ENSE00001136349;ENSE00003638064"
"HETDEL_cluster_0002","HETDEL","HETDEL",TRUE,"CNA_event_000121","PAVRXK",0.932330827067669,"very_low_resolution_90_lt_100pct",2,TRUE,"1;2","1;2","ENSE00001136349;ENSE00003638064"
"HETDEL_cluster_0002","HETDEL","HETDEL",TRUE,"CNA_event_000122","PAVVBE",0.177944862155388,"high_resolution_le_50pct",1,FALSE,"1","1","ENSE00001136349"
"HETDEL_cluster_0002","HETDEL","HOMDEL",FALSE,"CNA_event_000175","PAVVBE",0.754385964912281,"low_resolution_75_90pct",1,FALSE,"2","2","ENSE00003638064"
"HETDEL_cluster_0002","HETDEL","HOMDEL",FALSE,"CNA_event_000176","PAVVDS",0.167919799498747,"high_resolution_le_50pct",1,FALSE,"2","2","ENSE00003638064"
"HETDEL_cluster_0002","HETDEL","HETDEL",TRUE,"CNA_event_000124","PAVWDF",0.167919799498747,"high_resolution_le_50pct",1,FALSE,"2","2","ENSE00003638064"
"HETDEL_cluster_0002","HETDEL","HETDEL",TRUE,"CNA_event_000125","PAVWNL",0.345864661654135,"high_resolution_le_50pct",2,TRUE,"1;2","1;2","ENSE00001136349;ENSE00003638064"
"HETDEL_cluster_0002","HETDEL","HETDEL",TRUE,"CNA_event_000126","PAVYAZ",0.177944862155388,"high_resolution_le_50pct",1,FALSE,"1","1","ENSE00001136349"
"HETDEL_cluster_0002","HETDEL","HOMDEL",FALSE,"CNA_event_000177","PAVYAZ",0.167919799498747,"high_resolution_le_50pct",1,FALSE,"2","2","ENSE00003638064"
"HETDEL_cluster_0002","HETDEL","HOMDEL",FALSE,"CNA_event_000178","PAVYGR",0.167919799498747,"high_resolution_le_50pct",1,FALSE,"2","2","ENSE00003638064"
"HETDEL_cluster_0002","HETDEL","HETDEL",TRUE,"CNA_event_000129","PAVYTZ",0.167919799498747,"high_resolution_le_50pct",1,FALSE,"2","2","ENSE00003638064"
"HETDEL_cluster_0002","HETDEL","HETDEL",TRUE,"CNA_event_000130","PAVZCF",0.425229741019215,"high_resolution_le_50pct",1,FALSE,"2","2","ENSE00003638064"
"HETDEL_cluster_0002","HETDEL","HETDEL",TRUE,"CNA_event_000131","PAWAIM",0.167919799498747,"high_resolution_le_50pct",1,FALSE,"2","2","ENSE00003638064"
"HETDEL_cluster_0002","HETDEL","HETDEL",TRUE,"CNA_event_000132","PAWAIN",0.167919799498747,"high_resolution_le_50pct",1,FALSE,"2","2","ENSE00003638064"
"HETDEL_cluster_0002","HETDEL","HETDEL",TRUE,"CNA_event_000133","PAWAKA",0.167919799498747,"high_resolution_le_50pct",1,FALSE,"2","2","ENSE00003638064"
"HETDEL_cluster_0002","HETDEL","HETDEL",TRUE,"CNA_event_000134","PAWDEK",0.167919799498747,"high_resolution_le_50pct",1,FALSE,"2","2","ENSE00003638064"
"HETDEL_cluster_0002","HETDEL","HETDEL",TRUE,"CNA_event_000135","PAWDMI",0.167919799498747,"high_resolution_le_50pct",1,FALSE,"2","2","ENSE00003638064"
"HETDEL_cluster_0002","HETDEL","HETDEL",TRUE,"CNA_event_000136","PAWDWJ",0.822055137844611,"low_resolution_75_90pct",1,FALSE,"2","2","ENSE00003638064"
"HETDEL_cluster_0002","HETDEL","HETDEL",TRUE,"CNA_event_000137","PAWEEC",0.167919799498747,"high_resolution_le_50pct",1,FALSE,"2","2","ENSE00003638064"
"HETDEL_cluster_0002","HETDEL","HETDEL",TRUE,"CNA_event_000139","PAWESJ",0.345864661654135,"high_resolution_le_50pct",2,TRUE,"1;2","1;2","ENSE00001136349;ENSE00003638064"
"HETDEL_cluster_0002","HETDEL","HETDEL",TRUE,"CNA_event_000140","PAWETD",0.822055137844611,"low_resolution_75_90pct",1,FALSE,"2","2","ENSE00003638064"
"HETDEL_cluster_0002","HETDEL","HETDEL",TRUE,"CNA_event_000141","PAWFNJ",0.345864661654135,"high_resolution_le_50pct",2,TRUE,"1;2","1;2","ENSE00001136349;ENSE00003638064"
"HETDEL_cluster_0002","HETDEL","HETDEL",TRUE,"CNA_event_000142","PAWFWF",0.345864661654135,"high_resolution_le_50pct",2,TRUE,"1;2","1;2","ENSE00001136349;ENSE00003638064"
"HETDEL_cluster_0002","HETDEL","HETDEL",TRUE,"CNA_event_000143","PAWGCK",0.167919799498747,"high_resolution_le_50pct",1,FALSE,"2","2","ENSE00003638064"
"HETDEL_cluster_0002","HETDEL","HETDEL",TRUE,"CNA_event_000144","PAWGIT",0.167919799498747,"high_resolution_le_50pct",1,FALSE,"2","2","ENSE00003638064"
"HETDEL_cluster_0002","HETDEL","HETDEL",TRUE,"CNA_event_000146","PAWGZM",0.167919799498747,"high_resolution_le_50pct",1,FALSE,"2","2","ENSE00003638064"
"HETDEL_cluster_0002","HETDEL","HETDEL",TRUE,"CNA_event_000147","PAWIWS",0.355054302422723,"high_resolution_le_50pct",1,FALSE,"2","2","ENSE00003638064"
"HETDEL_cluster_0002","HETDEL","HETDEL",TRUE,"CNA_event_000148","PAWJKX",0.167919799498747,"high_resolution_le_50pct",1,FALSE,"2","2","ENSE00003638064"
"HETDEL_cluster_0002","HETDEL","HETDEL",TRUE,"CNA_event_000149","PAWJYN",0.345864661654135,"high_resolution_le_50pct",2,TRUE,"1;2","1;2","ENSE00001136349;ENSE00003638064"
"HETDEL_cluster_0002","HETDEL","HOMDEL",FALSE,"CNA_event_000179","PAWKAN",0.167919799498747,"high_resolution_le_50pct",1,FALSE,"2","2","ENSE00003638064"
"HETDEL_cluster_0003","HETDEL","HETDEL",TRUE,"CNA_event_000001","PARFLD",0.167919799498747,"high_resolution_le_50pct",1,FALSE,"3","3","ENSE00003515141"
"HETDEL_cluster_0003","HETDEL","HETDEL",TRUE,"CNA_event_000002","PARJAY",0.167919799498747,"high_resolution_le_50pct",1,FALSE,"3","3","ENSE00003515141"
"HETDEL_cluster_0003","HETDEL","HETDEL",TRUE,"CNA_event_000003","PARJPL",0.167919799498747,"high_resolution_le_50pct",1,FALSE,"3","3","ENSE00003515141"
"HETDEL_cluster_0003","HETDEL","HETDEL",TRUE,"CNA_event_000004","PARNXJ",0.822055137844611,"low_resolution_75_90pct",2,TRUE,"3;4","3;4","ENSE00003515141;ENSE00003558404"
"HETDEL_cluster_0003","HETDEL","HETDEL",TRUE,"CNA_event_000005","PARPET",0.167919799498747,"high_resolution_le_50pct",1,FALSE,"3","3","ENSE00003515141"
"HETDEL_cluster_0003","HETDEL","HOMDEL",FALSE,"CNA_event_000150","PARSLA",0.167919799498747,"high_resolution_le_50pct",1,FALSE,"3","3","ENSE00003515141"
"HETDEL_cluster_0003","HETDEL","HETDEL",TRUE,"CNA_event_000007","PARSNX",0.289891395154553,"high_resolution_le_50pct",1,FALSE,"3","3","ENSE00003515141"
"HETDEL_cluster_0003","HETDEL","HETDEL",TRUE,"CNA_event_000008","PARWNW",0.654135338345865,"moderate_resolution_50_75pct",1,FALSE,"4","4","ENSE00003558404"
"HETDEL_cluster_0003","HETDEL","HOMDEL",FALSE,"CNA_event_000151","PARWNW",0.167919799498747,"high_resolution_le_50pct",1,FALSE,"3","3","ENSE00003515141"
"HETDEL_cluster_0003","HETDEL","HETDEL",TRUE,"CNA_event_000009","PARXDJ",0.167919799498747,"high_resolution_le_50pct",1,FALSE,"3","3","ENSE00003515141"
"HETDEL_cluster_0003","HETDEL","HETDEL",TRUE,"CNA_event_000010","PARXPZ",0.822055137844611,"low_resolution_75_90pct",2,TRUE,"3;4","3;4","ENSE00003515141;ENSE00003558404"
"HETDEL_cluster_0003","HETDEL","HETDEL",TRUE,"CNA_event_000011","PASGDZ",0.167919799498747,"high_resolution_le_50pct",1,FALSE,"3","3","ENSE00003515141"
"HETDEL_cluster_0003","HETDEL","HETDEL",TRUE,"CNA_event_000012","PASGUH",0.167919799498747,"high_resolution_le_50pct",1,FALSE,"3","3","ENSE00003515141"
"HETDEL_cluster_0003","HETDEL","HOMDEL",FALSE,"CNA_event_000152","PASILW",0.167919799498747,"high_resolution_le_50pct",1,FALSE,"3","3","ENSE00003515141"
"HETDEL_cluster_0003","HETDEL","HETDEL",TRUE,"CNA_event_000015","PASINX",0.345864661654135,"high_resolution_le_50pct",1,FALSE,"3","3","ENSE00003515141"
"HETDEL_cluster_0003","HETDEL","HETDEL",TRUE,"CNA_event_000016","PASIPN",0.111946532999165,"high_resolution_le_50pct",1,FALSE,"3","3","ENSE00003515141"
"HETDEL_cluster_0003","HETDEL","HETDEL",TRUE,"CNA_event_000018","PASJGV",0.167919799498747,"high_resolution_le_50pct",1,FALSE,"3","3","ENSE00003515141"
"HETDEL_cluster_0003","HETDEL","HETDEL",TRUE,"CNA_event_000019","PASKAD",0.654135338345865,"moderate_resolution_50_75pct",1,FALSE,"4","4","ENSE00003558404"
"HETDEL_cluster_0003","HETDEL","HOMDEL",FALSE,"CNA_event_000153","PASKAD",0.167919799498747,"high_resolution_le_50pct",1,FALSE,"3","3","ENSE00003515141"
"HETDEL_cluster_0003","HETDEL","HETDEL",TRUE,"CNA_event_000020","PASKLU",0.111111111111111,"high_resolution_le_50pct",1,FALSE,"4","4","ENSE00003558404"
"HETDEL_cluster_0003","HETDEL","HOMDEL",FALSE,"CNA_event_000154","PASKLU",0.167919799498747,"high_resolution_le_50pct",1,FALSE,"3","3","ENSE00003515141"
"HETDEL_cluster_0003","HETDEL","HETDEL",TRUE,"CNA_event_000021","PASKWG",0.654135338345865,"moderate_resolution_50_75pct",1,FALSE,"4","4","ENSE00003558404"
"HETDEL_cluster_0003","HETDEL","HOMDEL",FALSE,"CNA_event_000155","PASKWG",0.167919799498747,"high_resolution_le_50pct",1,FALSE,"3","3","ENSE00003515141"
"HETDEL_cluster_0003","HETDEL","HETDEL",TRUE,"CNA_event_000022","PASKXA",0.167919799498747,"high_resolution_le_50pct",1,FALSE,"3","3","ENSE00003515141"
"HETDEL_cluster_0003","HETDEL","HETDEL",TRUE,"CNA_event_000023","PASLXY",0.345864661654135,"high_resolution_le_50pct",1,FALSE,"3","3","ENSE00003515141"
"HETDEL_cluster_0003","HETDEL","HETDEL",TRUE,"CNA_event_000024","PASPDS",0.355054302422723,"high_resolution_le_50pct",2,TRUE,"3;4","3;4","ENSE00003515141;ENSE00003558404"
"HETDEL_cluster_0003","HETDEL","HETDEL",TRUE,"CNA_event_000025","PASPLG",0.425229741019215,"high_resolution_le_50pct",2,TRUE,"3;4","3;4","ENSE00003515141;ENSE00003558404"
"HETDEL_cluster_0003","HETDEL","HETDEL",TRUE,"CNA_event_000026","PASPNW",0.822055137844611,"low_resolution_75_90pct",2,TRUE,"3;4","3;4","ENSE00003515141;ENSE00003558404"
"HETDEL_cluster_0003","HETDEL","HETDEL",TRUE,"CNA_event_000027","PASRAF",0.167919799498747,"high_resolution_le_50pct",1,FALSE,"3","3","ENSE00003515141"
"HETDEL_cluster_0003","HETDEL","HETDEL",TRUE,"CNA_event_000028","PASRMM",0.345864661654135,"high_resolution_le_50pct",1,FALSE,"3","3","ENSE00003515141"
"HETDEL_cluster_0003","HETDEL","HOMDEL",FALSE,"CNA_event_000156","PASRPV",0.345864661654135,"high_resolution_le_50pct",1,FALSE,"3","3","ENSE00003515141"
"HETDEL_cluster_0003","HETDEL","HETDEL",TRUE,"CNA_event_000030","PASRSE",0.167919799498747,"high_resolution_le_50pct",1,FALSE,"3","3","ENSE00003515141"
"HETDEL_cluster_0003","HETDEL","HETDEL",TRUE,"CNA_event_000031","PASRUK",0.167919799498747,"high_resolution_le_50pct",1,FALSE,"3","3","ENSE00003515141"
"HETDEL_cluster_0003","HETDEL","HETDEL",TRUE,"CNA_event_000032","PASTCH",0.456975772765246,"high_resolution_le_50pct",2,TRUE,"3;4","3;4","ENSE00003515141;ENSE00003558404"
"HETDEL_cluster_0003","HETDEL","HETDEL",TRUE,"CNA_event_000033","PASTHE",0.425229741019215,"high_resolution_le_50pct",2,TRUE,"3;4","3;4","ENSE00003515141;ENSE00003558404"
"HETDEL_cluster_0003","HETDEL","HETDEL",TRUE,"CNA_event_000034","PASUSV",0.822055137844611,"low_resolution_75_90pct",2,TRUE,"3;4","3;4","ENSE00003515141;ENSE00003558404"
"HETDEL_cluster_0003","HETDEL","HETDEL",TRUE,"CNA_event_000035","PASVWH",0.167919799498747,"high_resolution_le_50pct",1,FALSE,"3","3","ENSE00003515141"
"HETDEL_cluster_0003","HETDEL","HETDEL",TRUE,"CNA_event_000036","PASVZJ",0.167919799498747,"high_resolution_le_50pct",1,FALSE,"3","3","ENSE00003515141"
"HETDEL_cluster_0003","HETDEL","HETDEL",TRUE,"CNA_event_000037","PASWXB",0.167919799498747,"high_resolution_le_50pct",1,FALSE,"3","3","ENSE00003515141"
"HETDEL_cluster_0003","HETDEL","HETDEL",TRUE,"CNA_event_000038","PASWYU",0.586466165413534,"moderate_resolution_50_75pct",1,FALSE,"4","4","ENSE00003558404"
"HETDEL_cluster_0003","HETDEL","HOMDEL",FALSE,"CNA_event_000157","PASWYU",0.167919799498747,"high_resolution_le_50pct",1,FALSE,"3","3","ENSE00003515141"
"HETDEL_cluster_0003","HETDEL","HETDEL",TRUE,"CNA_event_000039","PASYNX",0.360066833751044,"high_resolution_le_50pct",1,FALSE,"4","4","ENSE00003558404"
"HETDEL_cluster_0003","HETDEL","HETDEL",TRUE,"CNA_event_000040","PASYSJ",0.167919799498747,"high_resolution_le_50pct",1,FALSE,"3","3","ENSE00003515141"
"HETDEL_cluster_0003","HETDEL","HETDEL",TRUE,"CNA_event_000041","PASYVU",0.167919799498747,"high_resolution_le_50pct",1,FALSE,"3","3","ENSE00003515141"
"HETDEL_cluster_0003","HETDEL","HETDEL",TRUE,"CNA_event_000042","PASYWF",0.654135338345865,"moderate_resolution_50_75pct",1,FALSE,"4","4","ENSE00003558404"
"HETDEL_cluster_0003","HETDEL","HOMDEL",FALSE,"CNA_event_000158","PASYWF",0.167919799498747,"high_resolution_le_50pct",1,FALSE,"3","3","ENSE00003515141"
"HETDEL_cluster_0003","HETDEL","HETDEL",TRUE,"CNA_event_000043","PASZAY",0.167919799498747,"high_resolution_le_50pct",1,FALSE,"3","3","ENSE00003515141"
"HETDEL_cluster_0003","HETDEL","HETDEL",TRUE,"CNA_event_000044","PATALF",0.425229741019215,"high_resolution_le_50pct",2,TRUE,"3;4","3;4","ENSE00003515141;ENSE00003558404"
"HETDEL_cluster_0003","HETDEL","HETDEL",TRUE,"CNA_event_000045","PATBTX",0.167919799498747,"high_resolution_le_50pct",1,FALSE,"3","3","ENSE00003515141"
"HETDEL_cluster_0003","HETDEL","HETDEL",TRUE,"CNA_event_000046","PATCTR",0.257309941520468,"high_resolution_le_50pct",1,FALSE,"4","4","ENSE00003558404"
"HETDEL_cluster_0003","HETDEL","HOMDEL",FALSE,"CNA_event_000159","PATCTR",0.345864661654135,"high_resolution_le_50pct",1,FALSE,"3","3","ENSE00003515141"
"HETDEL_cluster_0003","HETDEL","HETDEL",TRUE,"CNA_event_000047","PATDTN",0.167919799498747,"high_resolution_le_50pct",1,FALSE,"3","3","ENSE00003515141"
"HETDEL_cluster_0003","HETDEL","HETDEL",TRUE,"CNA_event_000048","PATFPU",0.167919799498747,"high_resolution_le_50pct",1,FALSE,"3","3","ENSE00003515141"
"HETDEL_cluster_0003","HETDEL","HOMDEL",FALSE,"CNA_event_000160","PATGBY",0.167919799498747,"high_resolution_le_50pct",1,FALSE,"3","3","ENSE00003515141"
"HETDEL_cluster_0003","HETDEL","HETDEL",TRUE,"CNA_event_000050","PATHFE",0.822055137844611,"low_resolution_75_90pct",2,TRUE,"3;4","3;4","ENSE00003515141;ENSE00003558404"
"HETDEL_cluster_0003","HETDEL","HETDEL",TRUE,"CNA_event_000052","PATJLY",0.355054302422723,"high_resolution_le_50pct",2,TRUE,"3;4","3;4","ENSE00003515141;ENSE00003558404"
"HETDEL_cluster_0003","HETDEL","HOMDEL",FALSE,"CNA_event_000161","PATJRX",0.167919799498747,"high_resolution_le_50pct",1,FALSE,"3","3","ENSE00003515141"
"HETDEL_cluster_0003","HETDEL","HOMDEL",FALSE,"CNA_event_000162","PATKVD",0.167919799498747,"high_resolution_le_50pct",1,FALSE,"3","3","ENSE00003515141"
"HETDEL_cluster_0003","HETDEL","HETDEL",TRUE,"CNA_event_000054","PATKZH",0.345864661654135,"high_resolution_le_50pct",1,FALSE,"3","3","ENSE00003515141"
"HETDEL_cluster_0003","HETDEL","HETDEL",TRUE,"CNA_event_000055","PATLLH",0.425229741019215,"high_resolution_le_50pct",2,TRUE,"3;4","3;4","ENSE00003515141;ENSE00003558404"
"HETDEL_cluster_0003","HETDEL","HETDEL",TRUE,"CNA_event_000057","PATPDA",0.664160401002506,"moderate_resolution_50_75pct",2,TRUE,"3;4","3;4","ENSE00003515141;ENSE00003558404"
"HETDEL_cluster_0003","HETDEL","HETDEL",TRUE,"CNA_event_000058","PATRAB",0.167919799498747,"high_resolution_le_50pct",1,FALSE,"3","3","ENSE00003515141"
"HETDEL_cluster_0003","HETDEL","HETDEL",TRUE,"CNA_event_000059","PATRKV",0.223057644110276,"high_resolution_le_50pct",2,TRUE,"3;4","3;4","ENSE00003515141;ENSE00003558404"
"HETDEL_cluster_0003","HETDEL","HETDEL",TRUE,"CNA_event_000060","PATSPG",0.345864661654135,"high_resolution_le_50pct",1,FALSE,"3","3","ENSE00003515141"
"HETDEL_cluster_0003","HETDEL","HETDEL",TRUE,"CNA_event_000061","PATWJU",0.167919799498747,"high_resolution_le_50pct",1,FALSE,"3","3","ENSE00003515141"
"HETDEL_cluster_0003","HETDEL","HOMDEL",FALSE,"CNA_event_000163","PATYWV",0.167919799498747,"high_resolution_le_50pct",1,FALSE,"3","3","ENSE00003515141"
"HETDEL_cluster_0003","HETDEL","HETDEL",TRUE,"CNA_event_000063","PATZST",0.167919799498747,"high_resolution_le_50pct",1,FALSE,"3","3","ENSE00003515141"
"HETDEL_cluster_0003","HETDEL","HETDEL",TRUE,"CNA_event_000064","PATZYR",0.167919799498747,"high_resolution_le_50pct",1,FALSE,"3","3","ENSE00003515141"
"HETDEL_cluster_0003","HETDEL","HETDEL",TRUE,"CNA_event_000065","PAUAKN",0.167919799498747,"high_resolution_le_50pct",1,FALSE,"3","3","ENSE00003515141"
"HETDEL_cluster_0003","HETDEL","HETDEL",TRUE,"CNA_event_000066","PAUAZV",0.167919799498747,"high_resolution_le_50pct",1,FALSE,"3","3","ENSE00003515141"
"HETDEL_cluster_0003","HETDEL","HETDEL",TRUE,"CNA_event_000067","PAUBCT",0.167919799498747,"high_resolution_le_50pct",1,FALSE,"3","3","ENSE00003515141"
"HETDEL_cluster_0003","HETDEL","HOMDEL",FALSE,"CNA_event_000164","PAUBTC",0.167919799498747,"high_resolution_le_50pct",1,FALSE,"3","3","ENSE00003515141"
"HETDEL_cluster_0003","HETDEL","HETDEL",TRUE,"CNA_event_000070","PAUCDC",0.822055137844611,"low_resolution_75_90pct",2,TRUE,"3;4","3;4","ENSE00003515141;ENSE00003558404"
"HETDEL_cluster_0003","HETDEL","HETDEL",TRUE,"CNA_event_000071","PAUEDT",0.167919799498747,"high_resolution_le_50pct",1,FALSE,"3","3","ENSE00003515141"
"HETDEL_cluster_0003","HETDEL","HOMDEL",FALSE,"CNA_event_000165","PAUEUC",0.167919799498747,"high_resolution_le_50pct",1,FALSE,"3","3","ENSE00003515141"
"HETDEL_cluster_0003","HETDEL","HETDEL",TRUE,"CNA_event_000074","PAUEVJ",0.167919799498747,"high_resolution_le_50pct",1,FALSE,"3","3","ENSE00003515141"
"HETDEL_cluster_0003","HETDEL","HETDEL",TRUE,"CNA_event_000075","PAUEXN",0.206349206349206,"high_resolution_le_50pct",1,FALSE,"3","3","ENSE00003515141"
"HETDEL_cluster_0003","HETDEL","HETDEL",TRUE,"CNA_event_000077","PAUGDT",0.167919799498747,"high_resolution_le_50pct",1,FALSE,"3","3","ENSE00003515141"
"HETDEL_cluster_0003","HETDEL","HETDEL",TRUE,"CNA_event_000078","PAUGLY",0.345864661654135,"high_resolution_le_50pct",1,FALSE,"3","3","ENSE00003515141"
"HETDEL_cluster_0003","HETDEL","HETDEL",TRUE,"CNA_event_000079","PAUIEM",0.654135338345865,"moderate_resolution_50_75pct",1,FALSE,"4","4","ENSE00003558404"
"HETDEL_cluster_0003","HETDEL","HOMDEL",FALSE,"CNA_event_000166","PAUIEM",0.167919799498747,"high_resolution_le_50pct",1,FALSE,"3","3","ENSE00003515141"
"HETDEL_cluster_0003","HETDEL","HETDEL",TRUE,"CNA_event_000080","PAUIFA",0.167919799498747,"high_resolution_le_50pct",1,FALSE,"3","3","ENSE00003515141"
"HETDEL_cluster_0003","HETDEL","HETDEL",TRUE,"CNA_event_000081","PAUJVL",0.345864661654135,"high_resolution_le_50pct",1,FALSE,"3","3","ENSE00003515141"
"HETDEL_cluster_0003","HETDEL","HETDEL",TRUE,"CNA_event_000083","PAUKZJ",0.608187134502924,"moderate_resolution_50_75pct",2,TRUE,"3;4","3;4","ENSE00003515141;ENSE00003558404"
"HETDEL_cluster_0003","HETDEL","HETDEL",TRUE,"CNA_event_000084","PAULCK",0.167919799498747,"high_resolution_le_50pct",1,FALSE,"3","3","ENSE00003515141"
"HETDEL_cluster_0003","HETDEL","HOMDEL",FALSE,"CNA_event_000167","PAULGX",0.603174603174603,"moderate_resolution_50_75pct",2,TRUE,"3;4","3;4","ENSE00003515141;ENSE00003558404"
"HETDEL_cluster_0003","HETDEL","HOMDEL",FALSE,"CNA_event_000168","PAUMIB",0.345864661654135,"high_resolution_le_50pct",1,FALSE,"3","3","ENSE00003515141"
"HETDEL_cluster_0003","HETDEL","HETDEL",TRUE,"CNA_event_000087","PAUMLX",0.345864661654135,"high_resolution_le_50pct",1,FALSE,"3","3","ENSE00003515141"
"HETDEL_cluster_0003","HETDEL","HETDEL",TRUE,"CNA_event_000088","PAUMXB",0.345864661654135,"high_resolution_le_50pct",1,FALSE,"3","3","ENSE00003515141"
"HETDEL_cluster_0003","HETDEL","HETDEL",TRUE,"CNA_event_000089","PAUPUW",0.167919799498747,"high_resolution_le_50pct",1,FALSE,"3","3","ENSE00003515141"
"HETDEL_cluster_0003","HETDEL","HETDEL",TRUE,"CNA_event_000090","PAURLU",0.167919799498747,"high_resolution_le_50pct",1,FALSE,"3","3","ENSE00003515141"
"HETDEL_cluster_0003","HETDEL","HETDEL",TRUE,"CNA_event_000091","PAUSIS",0.822055137844611,"low_resolution_75_90pct",2,TRUE,"3;4","3;4","ENSE00003515141;ENSE00003558404"
"HETDEL_cluster_0003","HETDEL","HETDEL",TRUE,"CNA_event_000092","PAUTBB",0.167919799498747,"high_resolution_le_50pct",1,FALSE,"3","3","ENSE00003515141"
"HETDEL_cluster_0003","HETDEL","HETDEL",TRUE,"CNA_event_000093","PAUTUL",0.664160401002506,"moderate_resolution_50_75pct",2,TRUE,"3;4","3;4","ENSE00003515141;ENSE00003558404"
"HETDEL_cluster_0003","HETDEL","HETDEL",TRUE,"CNA_event_000094","PAUUAL",0.167919799498747,"high_resolution_le_50pct",1,FALSE,"3","3","ENSE00003515141"
"HETDEL_cluster_0003","HETDEL","HOMDEL",FALSE,"CNA_event_000169","PAUUBG",0.167919799498747,"high_resolution_le_50pct",1,FALSE,"3","3","ENSE00003515141"
"HETDEL_cluster_0003","HETDEL","HETDEL",TRUE,"CNA_event_000095","PAUUIK",0.167919799498747,"high_resolution_le_50pct",1,FALSE,"3","3","ENSE00003515141"
"HETDEL_cluster_0003","HETDEL","HETDEL",TRUE,"CNA_event_000096","PAUWMZ",0.167919799498747,"high_resolution_le_50pct",1,FALSE,"3","3","ENSE00003515141"
"HETDEL_cluster_0003","HETDEL","HETDEL",TRUE,"CNA_event_000097","PAUWXI",0.822055137844611,"low_resolution_75_90pct",2,TRUE,"3;4","3;4","ENSE00003515141;ENSE00003558404"
"HETDEL_cluster_0003","HETDEL","HETDEL",TRUE,"CNA_event_000098","PAUXCW",0.167919799498747,"high_resolution_le_50pct",1,FALSE,"3","3","ENSE00003515141"
"HETDEL_cluster_0003","HETDEL","HETDEL",TRUE,"CNA_event_000099","PAUXKE",0.167919799498747,"high_resolution_le_50pct",1,FALSE,"3","3","ENSE00003515141"
"HETDEL_cluster_0003","HETDEL","HETDEL",TRUE,"CNA_event_000100","PAUXRM",0.279030910609858,"high_resolution_le_50pct",2,TRUE,"3;4","3;4","ENSE00003515141;ENSE00003558404"
"HETDEL_cluster_0003","HETDEL","HETDEL",TRUE,"CNA_event_000101","PAUXYI",0.355054302422723,"high_resolution_le_50pct",2,TRUE,"3;4","3;4","ENSE00003515141;ENSE00003558404"
"HETDEL_cluster_0003","HETDEL","HETDEL",TRUE,"CNA_event_000102","PAUYJF",0.425229741019215,"high_resolution_le_50pct",2,TRUE,"3;4","3;4","ENSE00003515141;ENSE00003558404"
"HETDEL_cluster_0003","HETDEL","HOMDEL",FALSE,"CNA_event_000170","PAVBFC",0.167919799498747,"high_resolution_le_50pct",1,FALSE,"3","3","ENSE00003515141"
"HETDEL_cluster_0003","HETDEL","HETDEL",TRUE,"CNA_event_000104","PAVCRK",0.167919799498747,"high_resolution_le_50pct",1,FALSE,"3","3","ENSE00003515141"
"HETDEL_cluster_0003","HETDEL","HOMDEL",FALSE,"CNA_event_000171","PAVESF",0.167919799498747,"high_resolution_le_50pct",1,FALSE,"3","3","ENSE00003515141"
"HETDEL_cluster_0003","HETDEL","HETDEL",TRUE,"CNA_event_000105","PAVFAX",0.167919799498747,"high_resolution_le_50pct",1,FALSE,"3","3","ENSE00003515141"
"HETDEL_cluster_0003","HETDEL","HETDEL",TRUE,"CNA_event_000106","PAVHAA",0.167919799498747,"high_resolution_le_50pct",1,FALSE,"3","3","ENSE00003515141"
"HETDEL_cluster_0003","HETDEL","HETDEL",TRUE,"CNA_event_000107","PAVHBL",0.167919799498747,"high_resolution_le_50pct",1,FALSE,"3","3","ENSE00003515141"
"HETDEL_cluster_0003","HETDEL","HETDEL",TRUE,"CNA_event_000108","PAVHGX",0.167919799498747,"high_resolution_le_50pct",1,FALSE,"3","3","ENSE00003515141"
"HETDEL_cluster_0003","HETDEL","HOMDEL",FALSE,"CNA_event_000172","PAVKCV",0.167919799498747,"high_resolution_le_50pct",1,FALSE,"3","3","ENSE00003515141"
"HETDEL_cluster_0003","HETDEL","HETDEL",TRUE,"CNA_event_000112","PAVKPV",0.167919799498747,"high_resolution_le_50pct",1,FALSE,"3","3","ENSE00003515141"
"HETDEL_cluster_0003","HETDEL","HOMDEL",FALSE,"CNA_event_000173","PAVKWV",0.167919799498747,"high_resolution_le_50pct",1,FALSE,"3","3","ENSE00003515141"
"HETDEL_cluster_0003","HETDEL","HETDEL",TRUE,"CNA_event_000114","PAVLLU",0.167919799498747,"high_resolution_le_50pct",1,FALSE,"3","3","ENSE00003515141"
"HETDEL_cluster_0003","HETDEL","HOMDEL",FALSE,"CNA_event_000174","PAVLMY",0.167919799498747,"high_resolution_le_50pct",1,FALSE,"3","3","ENSE00003515141"
"HETDEL_cluster_0003","HETDEL","HETDEL",TRUE,"CNA_event_000115","PAVMKN",0.167919799498747,"high_resolution_le_50pct",1,FALSE,"3","3","ENSE00003515141"
"HETDEL_cluster_0003","HETDEL","HETDEL",TRUE,"CNA_event_000116","PAVMPT",0.279030910609858,"high_resolution_le_50pct",2,TRUE,"3;4","3;4","ENSE00003515141;ENSE00003558404"
"HETDEL_cluster_0003","HETDEL","HETDEL",TRUE,"CNA_event_000117","PAVNGZ",0.167919799498747,"high_resolution_le_50pct",1,FALSE,"3","3","ENSE00003515141"
"HETDEL_cluster_0003","HETDEL","HETDEL",TRUE,"CNA_event_000119","PAVNTB",0.167919799498747,"high_resolution_le_50pct",1,FALSE,"3","3","ENSE00003515141"
"HETDEL_cluster_0003","HETDEL","HETDEL",TRUE,"CNA_event_000120","PAVPCB",0.206349206349206,"high_resolution_le_50pct",1,FALSE,"3","3","ENSE00003515141"
"HETDEL_cluster_0003","HETDEL","HETDEL",TRUE,"CNA_event_000121","PAVRXK",0.932330827067669,"very_low_resolution_90_lt_100pct",2,TRUE,"3;4","3;4","ENSE00003515141;ENSE00003558404"
"HETDEL_cluster_0003","HETDEL","HOMDEL",FALSE,"CNA_event_000175","PAVVBE",0.754385964912281,"low_resolution_75_90pct",2,TRUE,"3;4","3;4","ENSE00003515141;ENSE00003558404"
"HETDEL_cluster_0003","HETDEL","HETDEL",TRUE,"CNA_event_000123","PAVVDS",0.257309941520468,"high_resolution_le_50pct",1,FALSE,"4","4","ENSE00003558404"
"HETDEL_cluster_0003","HETDEL","HOMDEL",FALSE,"CNA_event_000176","PAVVDS",0.167919799498747,"high_resolution_le_50pct",1,FALSE,"3","3","ENSE00003515141"
"HETDEL_cluster_0003","HETDEL","HETDEL",TRUE,"CNA_event_000124","PAVWDF",0.167919799498747,"high_resolution_le_50pct",1,FALSE,"3","3","ENSE00003515141"
"HETDEL_cluster_0003","HETDEL","HETDEL",TRUE,"CNA_event_000125","PAVWNL",0.345864661654135,"high_resolution_le_50pct",1,FALSE,"3","3","ENSE00003515141"
"HETDEL_cluster_0003","HETDEL","HOMDEL",FALSE,"CNA_event_000177","PAVYAZ",0.167919799498747,"high_resolution_le_50pct",1,FALSE,"3","3","ENSE00003515141"
"HETDEL_cluster_0003","HETDEL","HOMDEL",FALSE,"CNA_event_000178","PAVYGR",0.167919799498747,"high_resolution_le_50pct",1,FALSE,"3","3","ENSE00003515141"
"HETDEL_cluster_0003","HETDEL","HETDEL",TRUE,"CNA_event_000129","PAVYTZ",0.167919799498747,"high_resolution_le_50pct",1,FALSE,"3","3","ENSE00003515141"
"HETDEL_cluster_0003","HETDEL","HETDEL",TRUE,"CNA_event_000130","PAVZCF",0.425229741019215,"high_resolution_le_50pct",2,TRUE,"3;4","3;4","ENSE00003515141;ENSE00003558404"
"HETDEL_cluster_0003","HETDEL","HETDEL",TRUE,"CNA_event_000131","PAWAIM",0.167919799498747,"high_resolution_le_50pct",1,FALSE,"3","3","ENSE00003515141"
"HETDEL_cluster_0003","HETDEL","HETDEL",TRUE,"CNA_event_000132","PAWAIN",0.167919799498747,"high_resolution_le_50pct",1,FALSE,"3","3","ENSE00003515141"
"HETDEL_cluster_0003","HETDEL","HETDEL",TRUE,"CNA_event_000133","PAWAKA",0.167919799498747,"high_resolution_le_50pct",1,FALSE,"3","3","ENSE00003515141"
"HETDEL_cluster_0003","HETDEL","HETDEL",TRUE,"CNA_event_000134","PAWDEK",0.167919799498747,"high_resolution_le_50pct",1,FALSE,"3","3","ENSE00003515141"
"HETDEL_cluster_0003","HETDEL","HETDEL",TRUE,"CNA_event_000135","PAWDMI",0.167919799498747,"high_resolution_le_50pct",1,FALSE,"3","3","ENSE00003515141"
"HETDEL_cluster_0003","HETDEL","HETDEL",TRUE,"CNA_event_000136","PAWDWJ",0.822055137844611,"low_resolution_75_90pct",2,TRUE,"3;4","3;4","ENSE00003515141;ENSE00003558404"
"HETDEL_cluster_0003","HETDEL","HETDEL",TRUE,"CNA_event_000137","PAWEEC",0.167919799498747,"high_resolution_le_50pct",1,FALSE,"3","3","ENSE00003515141"
"HETDEL_cluster_0003","HETDEL","HETDEL",TRUE,"CNA_event_000138","PAWEEX",0.111946532999165,"high_resolution_le_50pct",1,FALSE,"3","3","ENSE00003515141"
"HETDEL_cluster_0003","HETDEL","HETDEL",TRUE,"CNA_event_000139","PAWESJ",0.345864661654135,"high_resolution_le_50pct",1,FALSE,"3","3","ENSE00003515141"
"HETDEL_cluster_0003","HETDEL","HETDEL",TRUE,"CNA_event_000140","PAWETD",0.822055137844611,"low_resolution_75_90pct",2,TRUE,"3;4","3;4","ENSE00003515141;ENSE00003558404"
"HETDEL_cluster_0003","HETDEL","HETDEL",TRUE,"CNA_event_000141","PAWFNJ",0.345864661654135,"high_resolution_le_50pct",1,FALSE,"3","3","ENSE00003515141"
"HETDEL_cluster_0003","HETDEL","HETDEL",TRUE,"CNA_event_000142","PAWFWF",0.345864661654135,"high_resolution_le_50pct",1,FALSE,"3","3","ENSE00003515141"
"HETDEL_cluster_0003","HETDEL","HETDEL",TRUE,"CNA_event_000143","PAWGCK",0.167919799498747,"high_resolution_le_50pct",1,FALSE,"3","3","ENSE00003515141"
"HETDEL_cluster_0003","HETDEL","HETDEL",TRUE,"CNA_event_000144","PAWGIT",0.167919799498747,"high_resolution_le_50pct",1,FALSE,"3","3","ENSE00003515141"
"HETDEL_cluster_0003","HETDEL","HETDEL",TRUE,"CNA_event_000145","PAWGXM",0.496240601503759,"high_resolution_le_50pct",1,FALSE,"4","4","ENSE00003558404"
"HETDEL_cluster_0003","HETDEL","HETDEL",TRUE,"CNA_event_000146","PAWGZM",0.167919799498747,"high_resolution_le_50pct",1,FALSE,"3","3","ENSE00003515141"
"HETDEL_cluster_0003","HETDEL","HETDEL",TRUE,"CNA_event_000147","PAWIWS",0.355054302422723,"high_resolution_le_50pct",2,TRUE,"3;4","3;4","ENSE00003515141;ENSE00003558404"
"HETDEL_cluster_0003","HETDEL","HETDEL",TRUE,"CNA_event_000148","PAWJKX",0.167919799498747,"high_resolution_le_50pct",1,FALSE,"3","3","ENSE00003515141"
"HETDEL_cluster_0003","HETDEL","HETDEL",TRUE,"CNA_event_000149","PAWJYN",0.345864661654135,"high_resolution_le_50pct",1,FALSE,"3","3","ENSE00003515141"
"HETDEL_cluster_0003","HETDEL","HOMDEL",FALSE,"CNA_event_000179","PAWKAN",0.167919799498747,"high_resolution_le_50pct",1,FALSE,"3","3","ENSE00003515141"
"HETDEL_cluster_0004","HETDEL","HETDEL",TRUE,"CNA_event_000001","PARFLD",0.167919799498747,"high_resolution_le_50pct",2,TRUE,"2;3","2;3","ENSE00003515141;ENSE00003638064"
"HETDEL_cluster_0004","HETDEL","HETDEL",TRUE,"CNA_event_000002","PARJAY",0.167919799498747,"high_resolution_le_50pct",2,TRUE,"2;3","2;3","ENSE00003515141;ENSE00003638064"
"HETDEL_cluster_0004","HETDEL","HETDEL",TRUE,"CNA_event_000003","PARJPL",0.167919799498747,"high_resolution_le_50pct",2,TRUE,"2;3","2;3","ENSE00003515141;ENSE00003638064"
"HETDEL_cluster_0004","HETDEL","HETDEL",TRUE,"CNA_event_000004","PARNXJ",0.822055137844611,"low_resolution_75_90pct",3,TRUE,"2;3;7","2;3;7","ENSE00003478404;ENSE00003515141;ENSE00003638064"
"HETDEL_cluster_0004","HETDEL","HETDEL",TRUE,"CNA_event_000005","PARPET",0.167919799498747,"high_resolution_le_50pct",2,TRUE,"2;3","2;3","ENSE00003515141;ENSE00003638064"
"HETDEL_cluster_0004","HETDEL","HOMDEL",FALSE,"CNA_event_000150","PARSLA",0.167919799498747,"high_resolution_le_50pct",2,TRUE,"2;3","2;3","ENSE00003515141;ENSE00003638064"
"HETDEL_cluster_0004","HETDEL","HETDEL",TRUE,"CNA_event_000007","PARSNX",0.289891395154553,"high_resolution_le_50pct",2,TRUE,"2;3","2;3","ENSE00003515141;ENSE00003638064"
"HETDEL_cluster_0004","HETDEL","HETDEL",TRUE,"CNA_event_000008","PARWNW",0.654135338345865,"moderate_resolution_50_75pct",1,FALSE,"7","7","ENSE00003478404"
"HETDEL_cluster_0004","HETDEL","HOMDEL",FALSE,"CNA_event_000151","PARWNW",0.167919799498747,"high_resolution_le_50pct",2,TRUE,"2;3","2;3","ENSE00003515141;ENSE00003638064"
"HETDEL_cluster_0004","HETDEL","HETDEL",TRUE,"CNA_event_000009","PARXDJ",0.167919799498747,"high_resolution_le_50pct",2,TRUE,"2;3","2;3","ENSE00003515141;ENSE00003638064"
"HETDEL_cluster_0004","HETDEL","HETDEL",TRUE,"CNA_event_000010","PARXPZ",0.822055137844611,"low_resolution_75_90pct",3,TRUE,"2;3;7","2;3;7","ENSE00003478404;ENSE00003515141;ENSE00003638064"
"HETDEL_cluster_0004","HETDEL","HETDEL",TRUE,"CNA_event_000011","PASGDZ",0.167919799498747,"high_resolution_le_50pct",2,TRUE,"2;3","2;3","ENSE00003515141;ENSE00003638064"
"HETDEL_cluster_0004","HETDEL","HETDEL",TRUE,"CNA_event_000012","PASGUH",0.167919799498747,"high_resolution_le_50pct",2,TRUE,"2;3","2;3","ENSE00003515141;ENSE00003638064"
"HETDEL_cluster_0004","HETDEL","HOMDEL",FALSE,"CNA_event_000152","PASILW",0.167919799498747,"high_resolution_le_50pct",2,TRUE,"2;3","2;3","ENSE00003515141;ENSE00003638064"
"HETDEL_cluster_0004","HETDEL","HETDEL",TRUE,"CNA_event_000015","PASINX",0.345864661654135,"high_resolution_le_50pct",2,TRUE,"2;3","2;3","ENSE00003515141;ENSE00003638064"
"HETDEL_cluster_0004","HETDEL","HETDEL",TRUE,"CNA_event_000016","PASIPN",0.111946532999165,"high_resolution_le_50pct",1,FALSE,"3","3","ENSE00003515141"
"HETDEL_cluster_0004","HETDEL","HETDEL",TRUE,"CNA_event_000017","PASIPN",0.0559732664995823,"high_resolution_le_50pct",1,FALSE,"2","2","ENSE00003638064"
"HETDEL_cluster_0004","HETDEL","HETDEL",TRUE,"CNA_event_000018","PASJGV",0.167919799498747,"high_resolution_le_50pct",2,TRUE,"2;3","2;3","ENSE00003515141;ENSE00003638064"
"HETDEL_cluster_0004","HETDEL","HETDEL",TRUE,"CNA_event_000019","PASKAD",0.654135338345865,"moderate_resolution_50_75pct",1,FALSE,"7","7","ENSE00003478404"
"HETDEL_cluster_0004","HETDEL","HOMDEL",FALSE,"CNA_event_000153","PASKAD",0.167919799498747,"high_resolution_le_50pct",2,TRUE,"2;3","2;3","ENSE00003515141;ENSE00003638064"
"HETDEL_cluster_0004","HETDEL","HOMDEL",FALSE,"CNA_event_000154","PASKLU",0.167919799498747,"high_resolution_le_50pct",2,TRUE,"2;3","2;3","ENSE00003515141;ENSE00003638064"
"HETDEL_cluster_0004","HETDEL","HETDEL",TRUE,"CNA_event_000021","PASKWG",0.654135338345865,"moderate_resolution_50_75pct",1,FALSE,"7","7","ENSE00003478404"
"HETDEL_cluster_0004","HETDEL","HOMDEL",FALSE,"CNA_event_000155","PASKWG",0.167919799498747,"high_resolution_le_50pct",2,TRUE,"2;3","2;3","ENSE00003515141;ENSE00003638064"
"HETDEL_cluster_0004","HETDEL","HETDEL",TRUE,"CNA_event_000022","PASKXA",0.167919799498747,"high_resolution_le_50pct",2,TRUE,"2;3","2;3","ENSE00003515141;ENSE00003638064"
"HETDEL_cluster_0004","HETDEL","HETDEL",TRUE,"CNA_event_000023","PASLXY",0.345864661654135,"high_resolution_le_50pct",2,TRUE,"2;3","2;3","ENSE00003515141;ENSE00003638064"
"HETDEL_cluster_0004","HETDEL","HETDEL",TRUE,"CNA_event_000024","PASPDS",0.355054302422723,"high_resolution_le_50pct",2,TRUE,"2;3","2;3","ENSE00003515141;ENSE00003638064"
"HETDEL_cluster_0004","HETDEL","HETDEL",TRUE,"CNA_event_000025","PASPLG",0.425229741019215,"high_resolution_le_50pct",2,TRUE,"2;3","2;3","ENSE00003515141;ENSE00003638064"
"HETDEL_cluster_0004","HETDEL","HETDEL",TRUE,"CNA_event_000026","PASPNW",0.822055137844611,"low_resolution_75_90pct",3,TRUE,"2;3;7","2;3;7","ENSE00003478404;ENSE00003515141;ENSE00003638064"
"HETDEL_cluster_0004","HETDEL","HETDEL",TRUE,"CNA_event_000027","PASRAF",0.167919799498747,"high_resolution_le_50pct",2,TRUE,"2;3","2;3","ENSE00003515141;ENSE00003638064"
"HETDEL_cluster_0004","HETDEL","HETDEL",TRUE,"CNA_event_000028","PASRMM",0.345864661654135,"high_resolution_le_50pct",2,TRUE,"2;3","2;3","ENSE00003515141;ENSE00003638064"
"HETDEL_cluster_0004","HETDEL","HOMDEL",FALSE,"CNA_event_000156","PASRPV",0.345864661654135,"high_resolution_le_50pct",2,TRUE,"2;3","2;3","ENSE00003515141;ENSE00003638064"
"HETDEL_cluster_0004","HETDEL","HETDEL",TRUE,"CNA_event_000030","PASRSE",0.167919799498747,"high_resolution_le_50pct",2,TRUE,"2;3","2;3","ENSE00003515141;ENSE00003638064"
"HETDEL_cluster_0004","HETDEL","HETDEL",TRUE,"CNA_event_000031","PASRUK",0.167919799498747,"high_resolution_le_50pct",2,TRUE,"2;3","2;3","ENSE00003515141;ENSE00003638064"
"HETDEL_cluster_0004","HETDEL","HETDEL",TRUE,"CNA_event_000032","PASTCH",0.456975772765246,"high_resolution_le_50pct",2,TRUE,"2;3","2;3","ENSE00003515141;ENSE00003638064"
"HETDEL_cluster_0004","HETDEL","HETDEL",TRUE,"CNA_event_000033","PASTHE",0.425229741019215,"high_resolution_le_50pct",2,TRUE,"2;3","2;3","ENSE00003515141;ENSE00003638064"
"HETDEL_cluster_0004","HETDEL","HETDEL",TRUE,"CNA_event_000034","PASUSV",0.822055137844611,"low_resolution_75_90pct",3,TRUE,"2;3;7","2;3;7","ENSE00003478404;ENSE00003515141;ENSE00003638064"
"HETDEL_cluster_0004","HETDEL","HETDEL",TRUE,"CNA_event_000035","PASVWH",0.167919799498747,"high_resolution_le_50pct",2,TRUE,"2;3","2;3","ENSE00003515141;ENSE00003638064"
"HETDEL_cluster_0004","HETDEL","HETDEL",TRUE,"CNA_event_000036","PASVZJ",0.167919799498747,"high_resolution_le_50pct",2,TRUE,"2;3","2;3","ENSE00003515141;ENSE00003638064"
"HETDEL_cluster_0004","HETDEL","HETDEL",TRUE,"CNA_event_000037","PASWXB",0.167919799498747,"high_resolution_le_50pct",2,TRUE,"2;3","2;3","ENSE00003515141;ENSE00003638064"
"HETDEL_cluster_0004","HETDEL","HETDEL",TRUE,"CNA_event_000038","PASWYU",0.586466165413534,"moderate_resolution_50_75pct",1,FALSE,"7","7","ENSE00003478404"
"HETDEL_cluster_0004","HETDEL","HOMDEL",FALSE,"CNA_event_000157","PASWYU",0.167919799498747,"high_resolution_le_50pct",2,TRUE,"2;3","2;3","ENSE00003515141;ENSE00003638064"
"HETDEL_cluster_0004","HETDEL","HETDEL",TRUE,"CNA_event_000039","PASYNX",0.360066833751044,"high_resolution_le_50pct",1,FALSE,"7","7","ENSE00003478404"
"HETDEL_cluster_0004","HETDEL","HETDEL",TRUE,"CNA_event_000040","PASYSJ",0.167919799498747,"high_resolution_le_50pct",2,TRUE,"2;3","2;3","ENSE00003515141;ENSE00003638064"
"HETDEL_cluster_0004","HETDEL","HETDEL",TRUE,"CNA_event_000041","PASYVU",0.167919799498747,"high_resolution_le_50pct",2,TRUE,"2;3","2;3","ENSE00003515141;ENSE00003638064"
"HETDEL_cluster_0004","HETDEL","HETDEL",TRUE,"CNA_event_000042","PASYWF",0.654135338345865,"moderate_resolution_50_75pct",1,FALSE,"7","7","ENSE00003478404"
"HETDEL_cluster_0004","HETDEL","HOMDEL",FALSE,"CNA_event_000158","PASYWF",0.167919799498747,"high_resolution_le_50pct",2,TRUE,"2;3","2;3","ENSE00003515141;ENSE00003638064"
"HETDEL_cluster_0004","HETDEL","HETDEL",TRUE,"CNA_event_000043","PASZAY",0.167919799498747,"high_resolution_le_50pct",2,TRUE,"2;3","2;3","ENSE00003515141;ENSE00003638064"
"HETDEL_cluster_0004","HETDEL","HETDEL",TRUE,"CNA_event_000044","PATALF",0.425229741019215,"high_resolution_le_50pct",2,TRUE,"2;3","2;3","ENSE00003515141;ENSE00003638064"
"HETDEL_cluster_0004","HETDEL","HETDEL",TRUE,"CNA_event_000045","PATBTX",0.167919799498747,"high_resolution_le_50pct",2,TRUE,"2;3","2;3","ENSE00003515141;ENSE00003638064"
"HETDEL_cluster_0004","HETDEL","HOMDEL",FALSE,"CNA_event_000159","PATCTR",0.345864661654135,"high_resolution_le_50pct",2,TRUE,"2;3","2;3","ENSE00003515141;ENSE00003638064"
"HETDEL_cluster_0004","HETDEL","HETDEL",TRUE,"CNA_event_000047","PATDTN",0.167919799498747,"high_resolution_le_50pct",2,TRUE,"2;3","2;3","ENSE00003515141;ENSE00003638064"
"HETDEL_cluster_0004","HETDEL","HETDEL",TRUE,"CNA_event_000048","PATFPU",0.167919799498747,"high_resolution_le_50pct",2,TRUE,"2;3","2;3","ENSE00003515141;ENSE00003638064"
"HETDEL_cluster_0004","HETDEL","HOMDEL",FALSE,"CNA_event_000160","PATGBY",0.167919799498747,"high_resolution_le_50pct",2,TRUE,"2;3","2;3","ENSE00003515141;ENSE00003638064"
"HETDEL_cluster_0004","HETDEL","HETDEL",TRUE,"CNA_event_000050","PATHFE",0.822055137844611,"low_resolution_75_90pct",3,TRUE,"2;3;7","2;3;7","ENSE00003478404;ENSE00003515141;ENSE00003638064"
"HETDEL_cluster_0004","HETDEL","HETDEL",TRUE,"CNA_event_000052","PATJLY",0.355054302422723,"high_resolution_le_50pct",2,TRUE,"2;3","2;3","ENSE00003515141;ENSE00003638064"
"HETDEL_cluster_0004","HETDEL","HOMDEL",FALSE,"CNA_event_000161","PATJRX",0.167919799498747,"high_resolution_le_50pct",2,TRUE,"2;3","2;3","ENSE00003515141;ENSE00003638064"
"HETDEL_cluster_0004","HETDEL","HOMDEL",FALSE,"CNA_event_000162","PATKVD",0.167919799498747,"high_resolution_le_50pct",2,TRUE,"2;3","2;3","ENSE00003515141;ENSE00003638064"
"HETDEL_cluster_0004","HETDEL","HETDEL",TRUE,"CNA_event_000054","PATKZH",0.345864661654135,"high_resolution_le_50pct",2,TRUE,"2;3","2;3","ENSE00003515141;ENSE00003638064"
"HETDEL_cluster_0004","HETDEL","HETDEL",TRUE,"CNA_event_000055","PATLLH",0.425229741019215,"high_resolution_le_50pct",2,TRUE,"2;3","2;3","ENSE00003515141;ENSE00003638064"
"HETDEL_cluster_0004","HETDEL","HETDEL",TRUE,"CNA_event_000056","PATNAM",0.233918128654971,"high_resolution_le_50pct",1,FALSE,"2","2","ENSE00003638064"
"HETDEL_cluster_0004","HETDEL","HETDEL",TRUE,"CNA_event_000057","PATPDA",0.664160401002506,"moderate_resolution_50_75pct",3,TRUE,"2;3;7","2;3;7","ENSE00003478404;ENSE00003515141;ENSE00003638064"
"HETDEL_cluster_0004","HETDEL","HETDEL",TRUE,"CNA_event_000058","PATRAB",0.167919799498747,"high_resolution_le_50pct",2,TRUE,"2;3","2;3","ENSE00003515141;ENSE00003638064"
"HETDEL_cluster_0004","HETDEL","HETDEL",TRUE,"CNA_event_000059","PATRKV",0.223057644110276,"high_resolution_le_50pct",1,FALSE,"3","3","ENSE00003515141"
"HETDEL_cluster_0004","HETDEL","HETDEL",TRUE,"CNA_event_000060","PATSPG",0.345864661654135,"high_resolution_le_50pct",2,TRUE,"2;3","2;3","ENSE00003515141;ENSE00003638064"
"HETDEL_cluster_0004","HETDEL","HETDEL",TRUE,"CNA_event_000061","PATWJU",0.167919799498747,"high_resolution_le_50pct",2,TRUE,"2;3","2;3","ENSE00003515141;ENSE00003638064"
"HETDEL_cluster_0004","HETDEL","HOMDEL",FALSE,"CNA_event_000163","PATYWV",0.167919799498747,"high_resolution_le_50pct",2,TRUE,"2;3","2;3","ENSE00003515141;ENSE00003638064"
"HETDEL_cluster_0004","HETDEL","HETDEL",TRUE,"CNA_event_000063","PATZST",0.167919799498747,"high_resolution_le_50pct",2,TRUE,"2;3","2;3","ENSE00003515141;ENSE00003638064"
"HETDEL_cluster_0004","HETDEL","HETDEL",TRUE,"CNA_event_000064","PATZYR",0.167919799498747,"high_resolution_le_50pct",2,TRUE,"2;3","2;3","ENSE00003515141;ENSE00003638064"
"HETDEL_cluster_0004","HETDEL","HETDEL",TRUE,"CNA_event_000065","PAUAKN",0.167919799498747,"high_resolution_le_50pct",2,TRUE,"2;3","2;3","ENSE00003515141;ENSE00003638064"
"HETDEL_cluster_0004","HETDEL","HETDEL",TRUE,"CNA_event_000066","PAUAZV",0.167919799498747,"high_resolution_le_50pct",2,TRUE,"2;3","2;3","ENSE00003515141;ENSE00003638064"
"HETDEL_cluster_0004","HETDEL","HETDEL",TRUE,"CNA_event_000067","PAUBCT",0.167919799498747,"high_resolution_le_50pct",2,TRUE,"2;3","2;3","ENSE00003515141;ENSE00003638064"
"HETDEL_cluster_0004","HETDEL","HOMDEL",FALSE,"CNA_event_000164","PAUBTC",0.167919799498747,"high_resolution_le_50pct",2,TRUE,"2;3","2;3","ENSE00003515141;ENSE00003638064"
"HETDEL_cluster_0004","HETDEL","HETDEL",TRUE,"CNA_event_000070","PAUCDC",0.822055137844611,"low_resolution_75_90pct",3,TRUE,"2;3;7","2;3;7","ENSE00003478404;ENSE00003515141;ENSE00003638064"
"HETDEL_cluster_0004","HETDEL","HETDEL",TRUE,"CNA_event_000071","PAUEDT",0.167919799498747,"high_resolution_le_50pct",2,TRUE,"2;3","2;3","ENSE00003515141;ENSE00003638064"
"HETDEL_cluster_0004","HETDEL","HOMDEL",FALSE,"CNA_event_000165","PAUEUC",0.167919799498747,"high_resolution_le_50pct",2,TRUE,"2;3","2;3","ENSE00003515141;ENSE00003638064"
"HETDEL_cluster_0004","HETDEL","HETDEL",TRUE,"CNA_event_000074","PAUEVJ",0.167919799498747,"high_resolution_le_50pct",2,TRUE,"2;3","2;3","ENSE00003515141;ENSE00003638064"
"HETDEL_cluster_0004","HETDEL","HETDEL",TRUE,"CNA_event_000075","PAUEXN",0.206349206349206,"high_resolution_le_50pct",2,TRUE,"2;3","2;3","ENSE00003515141;ENSE00003638064"
"HETDEL_cluster_0004","HETDEL","HETDEL",TRUE,"CNA_event_000077","PAUGDT",0.167919799498747,"high_resolution_le_50pct",2,TRUE,"2;3","2;3","ENSE00003515141;ENSE00003638064"
"HETDEL_cluster_0004","HETDEL","HETDEL",TRUE,"CNA_event_000078","PAUGLY",0.345864661654135,"high_resolution_le_50pct",2,TRUE,"2;3","2;3","ENSE00003515141;ENSE00003638064"
"HETDEL_cluster_0004","HETDEL","HETDEL",TRUE,"CNA_event_000079","PAUIEM",0.654135338345865,"moderate_resolution_50_75pct",1,FALSE,"7","7","ENSE00003478404"
"HETDEL_cluster_0004","HETDEL","HOMDEL",FALSE,"CNA_event_000166","PAUIEM",0.167919799498747,"high_resolution_le_50pct",2,TRUE,"2;3","2;3","ENSE00003515141;ENSE00003638064"
"HETDEL_cluster_0004","HETDEL","HETDEL",TRUE,"CNA_event_000080","PAUIFA",0.167919799498747,"high_resolution_le_50pct",2,TRUE,"2;3","2;3","ENSE00003515141;ENSE00003638064"
"HETDEL_cluster_0004","HETDEL","HETDEL",TRUE,"CNA_event_000081","PAUJVL",0.345864661654135,"high_resolution_le_50pct",2,TRUE,"2;3","2;3","ENSE00003515141;ENSE00003638064"
"HETDEL_cluster_0004","HETDEL","HETDEL",TRUE,"CNA_event_000083","PAUKZJ",0.608187134502924,"moderate_resolution_50_75pct",2,TRUE,"3;7","3;7","ENSE00003478404;ENSE00003515141"
"HETDEL_cluster_0004","HETDEL","HETDEL",TRUE,"CNA_event_000084","PAULCK",0.167919799498747,"high_resolution_le_50pct",2,TRUE,"2;3","2;3","ENSE00003515141;ENSE00003638064"
"HETDEL_cluster_0004","HETDEL","HETDEL",TRUE,"CNA_event_000085","PAULGX",0.238930659983292,"high_resolution_le_50pct",1,FALSE,"7","7","ENSE00003478404"
"HETDEL_cluster_0004","HETDEL","HOMDEL",FALSE,"CNA_event_000167","PAULGX",0.603174603174603,"moderate_resolution_50_75pct",2,TRUE,"2;3","2;3","ENSE00003515141;ENSE00003638064"
"HETDEL_cluster_0004","HETDEL","HOMDEL",FALSE,"CNA_event_000168","PAUMIB",0.345864661654135,"high_resolution_le_50pct",2,TRUE,"2;3","2;3","ENSE00003515141;ENSE00003638064"
"HETDEL_cluster_0004","HETDEL","HETDEL",TRUE,"CNA_event_000087","PAUMLX",0.345864661654135,"high_resolution_le_50pct",2,TRUE,"2;3","2;3","ENSE00003515141;ENSE00003638064"
"HETDEL_cluster_0004","HETDEL","HETDEL",TRUE,"CNA_event_000088","PAUMXB",0.345864661654135,"high_resolution_le_50pct",2,TRUE,"2;3","2;3","ENSE00003515141;ENSE00003638064"
"HETDEL_cluster_0004","HETDEL","HETDEL",TRUE,"CNA_event_000089","PAUPUW",0.167919799498747,"high_resolution_le_50pct",2,TRUE,"2;3","2;3","ENSE00003515141;ENSE00003638064"
"HETDEL_cluster_0004","HETDEL","HETDEL",TRUE,"CNA_event_000090","PAURLU",0.167919799498747,"high_resolution_le_50pct",2,TRUE,"2;3","2;3","ENSE00003515141;ENSE00003638064"
"HETDEL_cluster_0004","HETDEL","HETDEL",TRUE,"CNA_event_000091","PAUSIS",0.822055137844611,"low_resolution_75_90pct",3,TRUE,"2;3;7","2;3;7","ENSE00003478404;ENSE00003515141;ENSE00003638064"
"HETDEL_cluster_0004","HETDEL","HETDEL",TRUE,"CNA_event_000092","PAUTBB",0.167919799498747,"high_resolution_le_50pct",2,TRUE,"2;3","2;3","ENSE00003515141;ENSE00003638064"
"HETDEL_cluster_0004","HETDEL","HETDEL",TRUE,"CNA_event_000093","PAUTUL",0.664160401002506,"moderate_resolution_50_75pct",3,TRUE,"2;3;7","2;3;7","ENSE00003478404;ENSE00003515141;ENSE00003638064"
"HETDEL_cluster_0004","HETDEL","HETDEL",TRUE,"CNA_event_000094","PAUUAL",0.167919799498747,"high_resolution_le_50pct",2,TRUE,"2;3","2;3","ENSE00003515141;ENSE00003638064"
"HETDEL_cluster_0004","HETDEL","HOMDEL",FALSE,"CNA_event_000169","PAUUBG",0.167919799498747,"high_resolution_le_50pct",2,TRUE,"2;3","2;3","ENSE00003515141;ENSE00003638064"
"HETDEL_cluster_0004","HETDEL","HETDEL",TRUE,"CNA_event_000095","PAUUIK",0.167919799498747,"high_resolution_le_50pct",2,TRUE,"2;3","2;3","ENSE00003515141;ENSE00003638064"
"HETDEL_cluster_0004","HETDEL","HETDEL",TRUE,"CNA_event_000096","PAUWMZ",0.167919799498747,"high_resolution_le_50pct",2,TRUE,"2;3","2;3","ENSE00003515141;ENSE00003638064"
"HETDEL_cluster_0004","HETDEL","HETDEL",TRUE,"CNA_event_000097","PAUWXI",0.822055137844611,"low_resolution_75_90pct",3,TRUE,"2;3;7","2;3;7","ENSE00003478404;ENSE00003515141;ENSE00003638064"
"HETDEL_cluster_0004","HETDEL","HETDEL",TRUE,"CNA_event_000098","PAUXCW",0.167919799498747,"high_resolution_le_50pct",2,TRUE,"2;3","2;3","ENSE00003515141;ENSE00003638064"
"HETDEL_cluster_0004","HETDEL","HETDEL",TRUE,"CNA_event_000099","PAUXKE",0.167919799498747,"high_resolution_le_50pct",2,TRUE,"2;3","2;3","ENSE00003515141;ENSE00003638064"
"HETDEL_cluster_0004","HETDEL","HETDEL",TRUE,"CNA_event_000100","PAUXRM",0.279030910609858,"high_resolution_le_50pct",2,TRUE,"2;3","2;3","ENSE00003515141;ENSE00003638064"
"HETDEL_cluster_0004","HETDEL","HETDEL",TRUE,"CNA_event_000101","PAUXYI",0.355054302422723,"high_resolution_le_50pct",2,TRUE,"2;3","2;3","ENSE00003515141;ENSE00003638064"
"HETDEL_cluster_0004","HETDEL","HETDEL",TRUE,"CNA_event_000102","PAUYJF",0.425229741019215,"high_resolution_le_50pct",2,TRUE,"2;3","2;3","ENSE00003515141;ENSE00003638064"
"HETDEL_cluster_0004","HETDEL","HOMDEL",FALSE,"CNA_event_000170","PAVBFC",0.167919799498747,"high_resolution_le_50pct",2,TRUE,"2;3","2;3","ENSE00003515141;ENSE00003638064"
"HETDEL_cluster_0004","HETDEL","HETDEL",TRUE,"CNA_event_000104","PAVCRK",0.167919799498747,"high_resolution_le_50pct",2,TRUE,"2;3","2;3","ENSE00003515141;ENSE00003638064"
"HETDEL_cluster_0004","HETDEL","HOMDEL",FALSE,"CNA_event_000171","PAVESF",0.167919799498747,"high_resolution_le_50pct",2,TRUE,"2;3","2;3","ENSE00003515141;ENSE00003638064"
"HETDEL_cluster_0004","HETDEL","HETDEL",TRUE,"CNA_event_000105","PAVFAX",0.167919799498747,"high_resolution_le_50pct",2,TRUE,"2;3","2;3","ENSE00003515141;ENSE00003638064"
"HETDEL_cluster_0004","HETDEL","HETDEL",TRUE,"CNA_event_000106","PAVHAA",0.167919799498747,"high_resolution_le_50pct",2,TRUE,"2;3","2;3","ENSE00003515141;ENSE00003638064"
"HETDEL_cluster_0004","HETDEL","HETDEL",TRUE,"CNA_event_000107","PAVHBL",0.167919799498747,"high_resolution_le_50pct",2,TRUE,"2;3","2;3","ENSE00003515141;ENSE00003638064"
"HETDEL_cluster_0004","HETDEL","HETDEL",TRUE,"CNA_event_000108","PAVHGX",0.167919799498747,"high_resolution_le_50pct",2,TRUE,"2;3","2;3","ENSE00003515141;ENSE00003638064"
"HETDEL_cluster_0004","HETDEL","HOMDEL",FALSE,"CNA_event_000172","PAVKCV",0.167919799498747,"high_resolution_le_50pct",2,TRUE,"2;3","2;3","ENSE00003515141;ENSE00003638064"
"HETDEL_cluster_0004","HETDEL","HETDEL",TRUE,"CNA_event_000112","PAVKPV",0.167919799498747,"high_resolution_le_50pct",2,TRUE,"2;3","2;3","ENSE00003515141;ENSE00003638064"
"HETDEL_cluster_0004","HETDEL","HOMDEL",FALSE,"CNA_event_000173","PAVKWV",0.167919799498747,"high_resolution_le_50pct",2,TRUE,"2;3","2;3","ENSE00003515141;ENSE00003638064"
"HETDEL_cluster_0004","HETDEL","HETDEL",TRUE,"CNA_event_000114","PAVLLU",0.167919799498747,"high_resolution_le_50pct",2,TRUE,"2;3","2;3","ENSE00003515141;ENSE00003638064"
"HETDEL_cluster_0004","HETDEL","HOMDEL",FALSE,"CNA_event_000174","PAVLMY",0.167919799498747,"high_resolution_le_50pct",2,TRUE,"2;3","2;3","ENSE00003515141;ENSE00003638064"
"HETDEL_cluster_0004","HETDEL","HETDEL",TRUE,"CNA_event_000115","PAVMKN",0.167919799498747,"high_resolution_le_50pct",2,TRUE,"2;3","2;3","ENSE00003515141;ENSE00003638064"
"HETDEL_cluster_0004","HETDEL","HETDEL",TRUE,"CNA_event_000116","PAVMPT",0.279030910609858,"high_resolution_le_50pct",2,TRUE,"2;3","2;3","ENSE00003515141;ENSE00003638064"
"HETDEL_cluster_0004","HETDEL","HETDEL",TRUE,"CNA_event_000117","PAVNGZ",0.167919799498747,"high_resolution_le_50pct",2,TRUE,"2;3","2;3","ENSE00003515141;ENSE00003638064"
"HETDEL_cluster_0004","HETDEL","HETDEL",TRUE,"CNA_event_000119","PAVNTB",0.167919799498747,"high_resolution_le_50pct",2,TRUE,"2;3","2;3","ENSE00003515141;ENSE00003638064"
"HETDEL_cluster_0004","HETDEL","HETDEL",TRUE,"CNA_event_000120","PAVPCB",0.206349206349206,"high_resolution_le_50pct",2,TRUE,"2;3","2;3","ENSE00003515141;ENSE00003638064"
"HETDEL_cluster_0004","HETDEL","HETDEL",TRUE,"CNA_event_000121","PAVRXK",0.932330827067669,"very_low_resolution_90_lt_100pct",3,TRUE,"2;3;7","2;3;7","ENSE00003478404;ENSE00003515141;ENSE00003638064"
"HETDEL_cluster_0004","HETDEL","HOMDEL",FALSE,"CNA_event_000175","PAVVBE",0.754385964912281,"low_resolution_75_90pct",3,TRUE,"2;3;7","2;3;7","ENSE00003478404;ENSE00003515141;ENSE00003638064"
"HETDEL_cluster_0004","HETDEL","HOMDEL",FALSE,"CNA_event_000176","PAVVDS",0.167919799498747,"high_resolution_le_50pct",2,TRUE,"2;3","2;3","ENSE00003515141;ENSE00003638064"
"HETDEL_cluster_0004","HETDEL","HETDEL",TRUE,"CNA_event_000124","PAVWDF",0.167919799498747,"high_resolution_le_50pct",2,TRUE,"2;3","2;3","ENSE00003515141;ENSE00003638064"
"HETDEL_cluster_0004","HETDEL","HETDEL",TRUE,"CNA_event_000125","PAVWNL",0.345864661654135,"high_resolution_le_50pct",2,TRUE,"2;3","2;3","ENSE00003515141;ENSE00003638064"
"HETDEL_cluster_0004","HETDEL","HOMDEL",FALSE,"CNA_event_000177","PAVYAZ",0.167919799498747,"high_resolution_le_50pct",2,TRUE,"2;3","2;3","ENSE00003515141;ENSE00003638064"
"HETDEL_cluster_0004","HETDEL","HOMDEL",FALSE,"CNA_event_000178","PAVYGR",0.167919799498747,"high_resolution_le_50pct",2,TRUE,"2;3","2;3","ENSE00003515141;ENSE00003638064"
"HETDEL_cluster_0004","HETDEL","HETDEL",TRUE,"CNA_event_000129","PAVYTZ",0.167919799498747,"high_resolution_le_50pct",2,TRUE,"2;3","2;3","ENSE00003515141;ENSE00003638064"
"HETDEL_cluster_0004","HETDEL","HETDEL",TRUE,"CNA_event_000130","PAVZCF",0.425229741019215,"high_resolution_le_50pct",2,TRUE,"2;3","2;3","ENSE00003515141;ENSE00003638064"
"HETDEL_cluster_0004","HETDEL","HETDEL",TRUE,"CNA_event_000131","PAWAIM",0.167919799498747,"high_resolution_le_50pct",2,TRUE,"2;3","2;3","ENSE00003515141;ENSE00003638064"
"HETDEL_cluster_0004","HETDEL","HETDEL",TRUE,"CNA_event_000132","PAWAIN",0.167919799498747,"high_resolution_le_50pct",2,TRUE,"2;3","2;3","ENSE00003515141;ENSE00003638064"
"HETDEL_cluster_0004","HETDEL","HETDEL",TRUE,"CNA_event_000133","PAWAKA",0.167919799498747,"high_resolution_le_50pct",2,TRUE,"2;3","2;3","ENSE00003515141;ENSE00003638064"
"HETDEL_cluster_0004","HETDEL","HETDEL",TRUE,"CNA_event_000134","PAWDEK",0.167919799498747,"high_resolution_le_50pct",2,TRUE,"2;3","2;3","ENSE00003515141;ENSE00003638064"
"HETDEL_cluster_0004","HETDEL","HETDEL",TRUE,"CNA_event_000135","PAWDMI",0.167919799498747,"high_resolution_le_50pct",2,TRUE,"2;3","2;3","ENSE00003515141;ENSE00003638064"
"HETDEL_cluster_0004","HETDEL","HETDEL",TRUE,"CNA_event_000136","PAWDWJ",0.822055137844611,"low_resolution_75_90pct",3,TRUE,"2;3;7","2;3;7","ENSE00003478404;ENSE00003515141;ENSE00003638064"
"HETDEL_cluster_0004","HETDEL","HETDEL",TRUE,"CNA_event_000137","PAWEEC",0.167919799498747,"high_resolution_le_50pct",2,TRUE,"2;3","2;3","ENSE00003515141;ENSE00003638064"
"HETDEL_cluster_0004","HETDEL","HETDEL",TRUE,"CNA_event_000138","PAWEEX",0.111946532999165,"high_resolution_le_50pct",1,FALSE,"3","3","ENSE00003515141"
"HETDEL_cluster_0004","HETDEL","HETDEL",TRUE,"CNA_event_000139","PAWESJ",0.345864661654135,"high_resolution_le_50pct",2,TRUE,"2;3","2;3","ENSE00003515141;ENSE00003638064"
"HETDEL_cluster_0004","HETDEL","HETDEL",TRUE,"CNA_event_000140","PAWETD",0.822055137844611,"low_resolution_75_90pct",3,TRUE,"2;3;7","2;3;7","ENSE00003478404;ENSE00003515141;ENSE00003638064"
"HETDEL_cluster_0004","HETDEL","HETDEL",TRUE,"CNA_event_000141","PAWFNJ",0.345864661654135,"high_resolution_le_50pct",2,TRUE,"2;3","2;3","ENSE00003515141;ENSE00003638064"
"HETDEL_cluster_0004","HETDEL","HETDEL",TRUE,"CNA_event_000142","PAWFWF",0.345864661654135,"high_resolution_le_50pct",2,TRUE,"2;3","2;3","ENSE00003515141;ENSE00003638064"
"HETDEL_cluster_0004","HETDEL","HETDEL",TRUE,"CNA_event_000143","PAWGCK",0.167919799498747,"high_resolution_le_50pct",2,TRUE,"2;3","2;3","ENSE00003515141;ENSE00003638064"
"HETDEL_cluster_0004","HETDEL","HETDEL",TRUE,"CNA_event_000144","PAWGIT",0.167919799498747,"high_resolution_le_50pct",2,TRUE,"2;3","2;3","ENSE00003515141;ENSE00003638064"
"HETDEL_cluster_0004","HETDEL","HETDEL",TRUE,"CNA_event_000145","PAWGXM",0.496240601503759,"high_resolution_le_50pct",1,FALSE,"7","7","ENSE00003478404"
"HETDEL_cluster_0004","HETDEL","HETDEL",TRUE,"CNA_event_000146","PAWGZM",0.167919799498747,"high_resolution_le_50pct",2,TRUE,"2;3","2;3","ENSE00003515141;ENSE00003638064"
"HETDEL_cluster_0004","HETDEL","HETDEL",TRUE,"CNA_event_000147","PAWIWS",0.355054302422723,"high_resolution_le_50pct",2,TRUE,"2;3","2;3","ENSE00003515141;ENSE00003638064"
"HETDEL_cluster_0004","HETDEL","HETDEL",TRUE,"CNA_event_000148","PAWJKX",0.167919799498747,"high_resolution_le_50pct",2,TRUE,"2;3","2;3","ENSE00003515141;ENSE00003638064"
"HETDEL_cluster_0004","HETDEL","HETDEL",TRUE,"CNA_event_000149","PAWJYN",0.345864661654135,"high_resolution_le_50pct",2,TRUE,"2;3","2;3","ENSE00003515141;ENSE00003638064"
"HETDEL_cluster_0004","HETDEL","HOMDEL",FALSE,"CNA_event_000179","PAWKAN",0.167919799498747,"high_resolution_le_50pct",2,TRUE,"2;3","2;3","ENSE00003515141;ENSE00003638064"
"HETDEL_cluster_0005","HETDEL","HETDEL",TRUE,"CNA_event_000004","PARNXJ",0.822055137844611,"low_resolution_75_90pct",2,TRUE,"8;9","8;9","ENSE00003604670;ENSE00003651348"
"HETDEL_cluster_0005","HETDEL","HETDEL",TRUE,"CNA_event_000008","PARWNW",0.654135338345865,"moderate_resolution_50_75pct",2,TRUE,"8;9","8;9","ENSE00003604670;ENSE00003651348"
"HETDEL_cluster_0005","HETDEL","HETDEL",TRUE,"CNA_event_000010","PARXPZ",0.822055137844611,"low_resolution_75_90pct",2,TRUE,"8;9","8;9","ENSE00003604670;ENSE00003651348"
"HETDEL_cluster_0005","HETDEL","HETDEL",TRUE,"CNA_event_000019","PASKAD",0.654135338345865,"moderate_resolution_50_75pct",2,TRUE,"8;9","8;9","ENSE00003604670;ENSE00003651348"
"HETDEL_cluster_0005","HETDEL","HETDEL",TRUE,"CNA_event_000021","PASKWG",0.654135338345865,"moderate_resolution_50_75pct",2,TRUE,"8;9","8;9","ENSE00003604670;ENSE00003651348"
"HETDEL_cluster_0005","HETDEL","HETDEL",TRUE,"CNA_event_000026","PASPNW",0.822055137844611,"low_resolution_75_90pct",2,TRUE,"8;9","8;9","ENSE00003604670;ENSE00003651348"
"HETDEL_cluster_0005","HETDEL","HETDEL",TRUE,"CNA_event_000034","PASUSV",0.822055137844611,"low_resolution_75_90pct",2,TRUE,"8;9","8;9","ENSE00003604670;ENSE00003651348"
"HETDEL_cluster_0005","HETDEL","HETDEL",TRUE,"CNA_event_000038","PASWYU",0.586466165413534,"moderate_resolution_50_75pct",2,TRUE,"8;9","8;9","ENSE00003604670;ENSE00003651348"
"HETDEL_cluster_0005","HETDEL","HETDEL",TRUE,"CNA_event_000042","PASYWF",0.654135338345865,"moderate_resolution_50_75pct",2,TRUE,"8;9","8;9","ENSE00003604670;ENSE00003651348"
"HETDEL_cluster_0005","HETDEL","HETDEL",TRUE,"CNA_event_000050","PATHFE",0.822055137844611,"low_resolution_75_90pct",2,TRUE,"8;9","8;9","ENSE00003604670;ENSE00003651348"
"HETDEL_cluster_0005","HETDEL","HETDEL",TRUE,"CNA_event_000057","PATPDA",0.664160401002506,"moderate_resolution_50_75pct",1,FALSE,"8","8","ENSE00003604670"
"HETDEL_cluster_0005","HETDEL","HETDEL",TRUE,"CNA_event_000070","PAUCDC",0.822055137844611,"low_resolution_75_90pct",2,TRUE,"8;9","8;9","ENSE00003604670;ENSE00003651348"
"HETDEL_cluster_0005","HETDEL","HETDEL",TRUE,"CNA_event_000079","PAUIEM",0.654135338345865,"moderate_resolution_50_75pct",2,TRUE,"8;9","8;9","ENSE00003604670;ENSE00003651348"
"HETDEL_cluster_0005","HETDEL","HETDEL",TRUE,"CNA_event_000083","PAUKZJ",0.608187134502924,"moderate_resolution_50_75pct",1,FALSE,"8","8","ENSE00003604670"
"HETDEL_cluster_0005","HETDEL","HETDEL",TRUE,"CNA_event_000085","PAULGX",0.238930659983292,"high_resolution_le_50pct",1,FALSE,"8","8","ENSE00003604670"
"HETDEL_cluster_0005","HETDEL","HETDEL",TRUE,"CNA_event_000091","PAUSIS",0.822055137844611,"low_resolution_75_90pct",2,TRUE,"8;9","8;9","ENSE00003604670;ENSE00003651348"
"HETDEL_cluster_0005","HETDEL","HETDEL",TRUE,"CNA_event_000093","PAUTUL",0.664160401002506,"moderate_resolution_50_75pct",1,FALSE,"8","8","ENSE00003604670"
"HETDEL_cluster_0005","HETDEL","HETDEL",TRUE,"CNA_event_000097","PAUWXI",0.822055137844611,"low_resolution_75_90pct",2,TRUE,"8;9","8;9","ENSE00003604670;ENSE00003651348"
"HETDEL_cluster_0005","HETDEL","HETDEL",TRUE,"CNA_event_000121","PAVRXK",0.932330827067669,"very_low_resolution_90_lt_100pct",2,TRUE,"8;9","8;9","ENSE00003604670;ENSE00003651348"
"HETDEL_cluster_0005","HETDEL","HOMDEL",FALSE,"CNA_event_000175","PAVVBE",0.754385964912281,"low_resolution_75_90pct",2,TRUE,"8;9","8;9","ENSE00003604670;ENSE00003651348"
"HETDEL_cluster_0005","HETDEL","HETDEL",TRUE,"CNA_event_000136","PAWDWJ",0.822055137844611,"low_resolution_75_90pct",2,TRUE,"8;9","8;9","ENSE00003604670;ENSE00003651348"
"HETDEL_cluster_0005","HETDEL","HETDEL",TRUE,"CNA_event_000140","PAWETD",0.822055137844611,"low_resolution_75_90pct",2,TRUE,"8;9","8;9","ENSE00003604670;ENSE00003651348"
"HETDEL_cluster_0005","HETDEL","HETDEL",TRUE,"CNA_event_000145","PAWGXM",0.496240601503759,"high_resolution_le_50pct",1,FALSE,"8","8","ENSE00003604670"
"HETDEL_cluster_0006","HETDEL","HETDEL",TRUE,"CNA_event_000004","PARNXJ",0.822055137844611,"low_resolution_75_90pct",2,TRUE,"7;8","7;8","ENSE00003478404;ENSE00003604670"
"HETDEL_cluster_0006","HETDEL","HETDEL",TRUE,"CNA_event_000008","PARWNW",0.654135338345865,"moderate_resolution_50_75pct",2,TRUE,"7;8","7;8","ENSE00003478404;ENSE00003604670"
"HETDEL_cluster_0006","HETDEL","HETDEL",TRUE,"CNA_event_000010","PARXPZ",0.822055137844611,"low_resolution_75_90pct",2,TRUE,"7;8","7;8","ENSE00003478404;ENSE00003604670"
"HETDEL_cluster_0006","HETDEL","HETDEL",TRUE,"CNA_event_000019","PASKAD",0.654135338345865,"moderate_resolution_50_75pct",2,TRUE,"7;8","7;8","ENSE00003478404;ENSE00003604670"
"HETDEL_cluster_0006","HETDEL","HETDEL",TRUE,"CNA_event_000021","PASKWG",0.654135338345865,"moderate_resolution_50_75pct",2,TRUE,"7;8","7;8","ENSE00003478404;ENSE00003604670"
"HETDEL_cluster_0006","HETDEL","HETDEL",TRUE,"CNA_event_000026","PASPNW",0.822055137844611,"low_resolution_75_90pct",2,TRUE,"7;8","7;8","ENSE00003478404;ENSE00003604670"
"HETDEL_cluster_0006","HETDEL","HETDEL",TRUE,"CNA_event_000034","PASUSV",0.822055137844611,"low_resolution_75_90pct",2,TRUE,"7;8","7;8","ENSE00003478404;ENSE00003604670"
"HETDEL_cluster_0006","HETDEL","HETDEL",TRUE,"CNA_event_000038","PASWYU",0.586466165413534,"moderate_resolution_50_75pct",2,TRUE,"7;8","7;8","ENSE00003478404;ENSE00003604670"
"HETDEL_cluster_0006","HETDEL","HETDEL",TRUE,"CNA_event_000039","PASYNX",0.360066833751044,"high_resolution_le_50pct",1,FALSE,"7","7","ENSE00003478404"
"HETDEL_cluster_0006","HETDEL","HETDEL",TRUE,"CNA_event_000042","PASYWF",0.654135338345865,"moderate_resolution_50_75pct",2,TRUE,"7;8","7;8","ENSE00003478404;ENSE00003604670"
"HETDEL_cluster_0006","HETDEL","HETDEL",TRUE,"CNA_event_000050","PATHFE",0.822055137844611,"low_resolution_75_90pct",2,TRUE,"7;8","7;8","ENSE00003478404;ENSE00003604670"
"HETDEL_cluster_0006","HETDEL","HETDEL",TRUE,"CNA_event_000057","PATPDA",0.664160401002506,"moderate_resolution_50_75pct",2,TRUE,"7;8","7;8","ENSE00003478404;ENSE00003604670"
"HETDEL_cluster_0006","HETDEL","HETDEL",TRUE,"CNA_event_000070","PAUCDC",0.822055137844611,"low_resolution_75_90pct",2,TRUE,"7;8","7;8","ENSE00003478404;ENSE00003604670"
"HETDEL_cluster_0006","HETDEL","HETDEL",TRUE,"CNA_event_000079","PAUIEM",0.654135338345865,"moderate_resolution_50_75pct",2,TRUE,"7;8","7;8","ENSE00003478404;ENSE00003604670"
"HETDEL_cluster_0006","HETDEL","HETDEL",TRUE,"CNA_event_000083","PAUKZJ",0.608187134502924,"moderate_resolution_50_75pct",2,TRUE,"7;8","7;8","ENSE00003478404;ENSE00003604670"
"HETDEL_cluster_0006","HETDEL","HETDEL",TRUE,"CNA_event_000085","PAULGX",0.238930659983292,"high_resolution_le_50pct",2,TRUE,"7;8","7;8","ENSE00003478404;ENSE00003604670"
"HETDEL_cluster_0006","HETDEL","HETDEL",TRUE,"CNA_event_000091","PAUSIS",0.822055137844611,"low_resolution_75_90pct",2,TRUE,"7;8","7;8","ENSE00003478404;ENSE00003604670"
"HETDEL_cluster_0006","HETDEL","HETDEL",TRUE,"CNA_event_000093","PAUTUL",0.664160401002506,"moderate_resolution_50_75pct",2,TRUE,"7;8","7;8","ENSE00003478404;ENSE00003604670"
"HETDEL_cluster_0006","HETDEL","HETDEL",TRUE,"CNA_event_000097","PAUWXI",0.822055137844611,"low_resolution_75_90pct",2,TRUE,"7;8","7;8","ENSE00003478404;ENSE00003604670"
"HETDEL_cluster_0006","HETDEL","HETDEL",TRUE,"CNA_event_000121","PAVRXK",0.932330827067669,"very_low_resolution_90_lt_100pct",2,TRUE,"7;8","7;8","ENSE00003478404;ENSE00003604670"
"HETDEL_cluster_0006","HETDEL","HOMDEL",FALSE,"CNA_event_000175","PAVVBE",0.754385964912281,"low_resolution_75_90pct",2,TRUE,"7;8","7;8","ENSE00003478404;ENSE00003604670"
"HETDEL_cluster_0006","HETDEL","HETDEL",TRUE,"CNA_event_000136","PAWDWJ",0.822055137844611,"low_resolution_75_90pct",2,TRUE,"7;8","7;8","ENSE00003478404;ENSE00003604670"
"HETDEL_cluster_0006","HETDEL","HETDEL",TRUE,"CNA_event_000140","PAWETD",0.822055137844611,"low_resolution_75_90pct",2,TRUE,"7;8","7;8","ENSE00003478404;ENSE00003604670"
"HETDEL_cluster_0006","HETDEL","HETDEL",TRUE,"CNA_event_000145","PAWGXM",0.496240601503759,"high_resolution_le_50pct",2,TRUE,"7;8","7;8","ENSE00003478404;ENSE00003604670"
"HETDEL_cluster_0007","HETDEL","HETDEL",TRUE,"CNA_event_000004","PARNXJ",0.822055137844611,"low_resolution_75_90pct",2,TRUE,"6;10","6;10","ENSE00003468993;ENSE00003530344"
"HETDEL_cluster_0007","HETDEL","HETDEL",TRUE,"CNA_event_000008","PARWNW",0.654135338345865,"moderate_resolution_50_75pct",2,TRUE,"6;10","6;10","ENSE00003468993;ENSE00003530344"
"HETDEL_cluster_0007","HETDEL","HETDEL",TRUE,"CNA_event_000010","PARXPZ",0.822055137844611,"low_resolution_75_90pct",2,TRUE,"6;10","6;10","ENSE00003468993;ENSE00003530344"
"HETDEL_cluster_0007","HETDEL","HETDEL",TRUE,"CNA_event_000019","PASKAD",0.654135338345865,"moderate_resolution_50_75pct",2,TRUE,"6;10","6;10","ENSE00003468993;ENSE00003530344"
"HETDEL_cluster_0007","HETDEL","HETDEL",TRUE,"CNA_event_000021","PASKWG",0.654135338345865,"moderate_resolution_50_75pct",2,TRUE,"6;10","6;10","ENSE00003468993;ENSE00003530344"
"HETDEL_cluster_0007","HETDEL","HETDEL",TRUE,"CNA_event_000025","PASPLG",0.425229741019215,"high_resolution_le_50pct",1,FALSE,"6","6","ENSE00003468993"
"HETDEL_cluster_0007","HETDEL","HETDEL",TRUE,"CNA_event_000026","PASPNW",0.822055137844611,"low_resolution_75_90pct",2,TRUE,"6;10","6;10","ENSE00003468993;ENSE00003530344"
"HETDEL_cluster_0007","HETDEL","HETDEL",TRUE,"CNA_event_000033","PASTHE",0.425229741019215,"high_resolution_le_50pct",1,FALSE,"6","6","ENSE00003468993"
"HETDEL_cluster_0007","HETDEL","HETDEL",TRUE,"CNA_event_000034","PASUSV",0.822055137844611,"low_resolution_75_90pct",2,TRUE,"6;10","6;10","ENSE00003468993;ENSE00003530344"
"HETDEL_cluster_0007","HETDEL","HETDEL",TRUE,"CNA_event_000038","PASWYU",0.586466165413534,"moderate_resolution_50_75pct",1,FALSE,"6","6","ENSE00003468993"
"HETDEL_cluster_0007","HETDEL","HETDEL",TRUE,"CNA_event_000039","PASYNX",0.360066833751044,"high_resolution_le_50pct",1,FALSE,"6","6","ENSE00003468993"
"HETDEL_cluster_0007","HETDEL","HETDEL",TRUE,"CNA_event_000042","PASYWF",0.654135338345865,"moderate_resolution_50_75pct",2,TRUE,"6;10","6;10","ENSE00003468993;ENSE00003530344"
"HETDEL_cluster_0007","HETDEL","HETDEL",TRUE,"CNA_event_000044","PATALF",0.425229741019215,"high_resolution_le_50pct",1,FALSE,"6","6","ENSE00003468993"
"HETDEL_cluster_0007","HETDEL","HETDEL",TRUE,"CNA_event_000046","PATCTR",0.257309941520468,"high_resolution_le_50pct",1,FALSE,"6","6","ENSE00003468993"
"HETDEL_cluster_0007","HETDEL","HETDEL",TRUE,"CNA_event_000050","PATHFE",0.822055137844611,"low_resolution_75_90pct",2,TRUE,"6;10","6;10","ENSE00003468993;ENSE00003530344"
"HETDEL_cluster_0007","HETDEL","HETDEL",TRUE,"CNA_event_000055","PATLLH",0.425229741019215,"high_resolution_le_50pct",1,FALSE,"6","6","ENSE00003468993"
"HETDEL_cluster_0007","HETDEL","HETDEL",TRUE,"CNA_event_000057","PATPDA",0.664160401002506,"moderate_resolution_50_75pct",1,FALSE,"6","6","ENSE00003468993"
"HETDEL_cluster_0007","HETDEL","HETDEL",TRUE,"CNA_event_000070","PAUCDC",0.822055137844611,"low_resolution_75_90pct",2,TRUE,"6;10","6;10","ENSE00003468993;ENSE00003530344"
"HETDEL_cluster_0007","HETDEL","HETDEL",TRUE,"CNA_event_000079","PAUIEM",0.654135338345865,"moderate_resolution_50_75pct",2,TRUE,"6;10","6;10","ENSE00003468993;ENSE00003530344"
"HETDEL_cluster_0007","HETDEL","HETDEL",TRUE,"CNA_event_000083","PAUKZJ",0.608187134502924,"moderate_resolution_50_75pct",1,FALSE,"6","6","ENSE00003468993"
"HETDEL_cluster_0007","HETDEL","HOMDEL",FALSE,"CNA_event_000167","PAULGX",0.603174603174603,"moderate_resolution_50_75pct",1,FALSE,"6","6","ENSE00003468993"
"HETDEL_cluster_0007","HETDEL","HETDEL",TRUE,"CNA_event_000091","PAUSIS",0.822055137844611,"low_resolution_75_90pct",2,TRUE,"6;10","6;10","ENSE00003468993;ENSE00003530344"
"HETDEL_cluster_0007","HETDEL","HETDEL",TRUE,"CNA_event_000093","PAUTUL",0.664160401002506,"moderate_resolution_50_75pct",1,FALSE,"6","6","ENSE00003468993"
"HETDEL_cluster_0007","HETDEL","HETDEL",TRUE,"CNA_event_000097","PAUWXI",0.822055137844611,"low_resolution_75_90pct",2,TRUE,"6;10","6;10","ENSE00003468993;ENSE00003530344"
"HETDEL_cluster_0007","HETDEL","HETDEL",TRUE,"CNA_event_000102","PAUYJF",0.425229741019215,"high_resolution_le_50pct",1,FALSE,"6","6","ENSE00003468993"
"HETDEL_cluster_0007","HETDEL","HETDEL",TRUE,"CNA_event_000121","PAVRXK",0.932330827067669,"very_low_resolution_90_lt_100pct",1,FALSE,"6","6","ENSE00003468993"
"HETDEL_cluster_0007","HETDEL","HOMDEL",FALSE,"CNA_event_000175","PAVVBE",0.754385964912281,"low_resolution_75_90pct",1,FALSE,"6","6","ENSE00003468993"
"HETDEL_cluster_0007","HETDEL","HETDEL",TRUE,"CNA_event_000123","PAVVDS",0.257309941520468,"high_resolution_le_50pct",1,FALSE,"6","6","ENSE00003468993"
"HETDEL_cluster_0007","HETDEL","HETDEL",TRUE,"CNA_event_000130","PAVZCF",0.425229741019215,"high_resolution_le_50pct",1,FALSE,"6","6","ENSE00003468993"
"HETDEL_cluster_0007","HETDEL","HETDEL",TRUE,"CNA_event_000136","PAWDWJ",0.822055137844611,"low_resolution_75_90pct",2,TRUE,"6;10","6;10","ENSE00003468993;ENSE00003530344"
"HETDEL_cluster_0007","HETDEL","HETDEL",TRUE,"CNA_event_000140","PAWETD",0.822055137844611,"low_resolution_75_90pct",2,TRUE,"6;10","6;10","ENSE00003468993;ENSE00003530344"
"HETDEL_cluster_0007","HETDEL","HETDEL",TRUE,"CNA_event_000145","PAWGXM",0.496240601503759,"high_resolution_le_50pct",1,FALSE,"6","6","ENSE00003468993"
"HETDEL_cluster_0008","HETDEL","HETDEL",TRUE,"CNA_event_000004","PARNXJ",0.822055137844611,"low_resolution_75_90pct",2,TRUE,"9;10","9;10","ENSE00003530344;ENSE00003651348"
"HETDEL_cluster_0008","HETDEL","HETDEL",TRUE,"CNA_event_000008","PARWNW",0.654135338345865,"moderate_resolution_50_75pct",2,TRUE,"9;10","9;10","ENSE00003530344;ENSE00003651348"
"HETDEL_cluster_0008","HETDEL","HETDEL",TRUE,"CNA_event_000010","PARXPZ",0.822055137844611,"low_resolution_75_90pct",2,TRUE,"9;10","9;10","ENSE00003530344;ENSE00003651348"
"HETDEL_cluster_0008","HETDEL","HETDEL",TRUE,"CNA_event_000019","PASKAD",0.654135338345865,"moderate_resolution_50_75pct",2,TRUE,"9;10","9;10","ENSE00003530344;ENSE00003651348"
"HETDEL_cluster_0008","HETDEL","HETDEL",TRUE,"CNA_event_000021","PASKWG",0.654135338345865,"moderate_resolution_50_75pct",2,TRUE,"9;10","9;10","ENSE00003530344;ENSE00003651348"
"HETDEL_cluster_0008","HETDEL","HETDEL",TRUE,"CNA_event_000026","PASPNW",0.822055137844611,"low_resolution_75_90pct",2,TRUE,"9;10","9;10","ENSE00003530344;ENSE00003651348"
"HETDEL_cluster_0008","HETDEL","HETDEL",TRUE,"CNA_event_000034","PASUSV",0.822055137844611,"low_resolution_75_90pct",2,TRUE,"9;10","9;10","ENSE00003530344;ENSE00003651348"
"HETDEL_cluster_0008","HETDEL","HETDEL",TRUE,"CNA_event_000038","PASWYU",0.586466165413534,"moderate_resolution_50_75pct",1,FALSE,"9","9","ENSE00003651348"
"HETDEL_cluster_0008","HETDEL","HETDEL",TRUE,"CNA_event_000042","PASYWF",0.654135338345865,"moderate_resolution_50_75pct",2,TRUE,"9;10","9;10","ENSE00003530344;ENSE00003651348"
"HETDEL_cluster_0008","HETDEL","HETDEL",TRUE,"CNA_event_000050","PATHFE",0.822055137844611,"low_resolution_75_90pct",2,TRUE,"9;10","9;10","ENSE00003530344;ENSE00003651348"
"HETDEL_cluster_0008","HETDEL","HETDEL",TRUE,"CNA_event_000070","PAUCDC",0.822055137844611,"low_resolution_75_90pct",2,TRUE,"9;10","9;10","ENSE00003530344;ENSE00003651348"
"HETDEL_cluster_0008","HETDEL","HETDEL",TRUE,"CNA_event_000079","PAUIEM",0.654135338345865,"moderate_resolution_50_75pct",2,TRUE,"9;10","9;10","ENSE00003530344;ENSE00003651348"
"HETDEL_cluster_0008","HETDEL","HETDEL",TRUE,"CNA_event_000091","PAUSIS",0.822055137844611,"low_resolution_75_90pct",2,TRUE,"9;10","9;10","ENSE00003530344;ENSE00003651348"
"HETDEL_cluster_0008","HETDEL","HETDEL",TRUE,"CNA_event_000097","PAUWXI",0.822055137844611,"low_resolution_75_90pct",2,TRUE,"9;10","9;10","ENSE00003530344;ENSE00003651348"
"HETDEL_cluster_0008","HETDEL","HETDEL",TRUE,"CNA_event_000121","PAVRXK",0.932330827067669,"very_low_resolution_90_lt_100pct",1,FALSE,"9","9","ENSE00003651348"
"HETDEL_cluster_0008","HETDEL","HOMDEL",FALSE,"CNA_event_000175","PAVVBE",0.754385964912281,"low_resolution_75_90pct",1,FALSE,"9","9","ENSE00003651348"
"HETDEL_cluster_0008","HETDEL","HETDEL",TRUE,"CNA_event_000136","PAWDWJ",0.822055137844611,"low_resolution_75_90pct",2,TRUE,"9;10","9;10","ENSE00003530344;ENSE00003651348"
"HETDEL_cluster_0008","HETDEL","HETDEL",TRUE,"CNA_event_000140","PAWETD",0.822055137844611,"low_resolution_75_90pct",2,TRUE,"9;10","9;10","ENSE00003530344;ENSE00003651348"
"HETDEL_cluster_0009","HETDEL","HETDEL",TRUE,"CNA_event_000004","PARNXJ",0.822055137844611,"low_resolution_75_90pct",3,TRUE,"9;10;11","9;10;11","ENSE00003510092;ENSE00003530344;ENSE00003651348"
"HETDEL_cluster_0009","HETDEL","HETDEL",TRUE,"CNA_event_000008","PARWNW",0.654135338345865,"moderate_resolution_50_75pct",3,TRUE,"9;10;11","9;10;11","ENSE00003510092;ENSE00003530344;ENSE00003651348"
"HETDEL_cluster_0009","HETDEL","HETDEL",TRUE,"CNA_event_000010","PARXPZ",0.822055137844611,"low_resolution_75_90pct",3,TRUE,"9;10;11","9;10;11","ENSE00003510092;ENSE00003530344;ENSE00003651348"
"HETDEL_cluster_0009","HETDEL","HETDEL",TRUE,"CNA_event_000019","PASKAD",0.654135338345865,"moderate_resolution_50_75pct",3,TRUE,"9;10;11","9;10;11","ENSE00003510092;ENSE00003530344;ENSE00003651348"
"HETDEL_cluster_0009","HETDEL","HETDEL",TRUE,"CNA_event_000021","PASKWG",0.654135338345865,"moderate_resolution_50_75pct",3,TRUE,"9;10;11","9;10;11","ENSE00003510092;ENSE00003530344;ENSE00003651348"
"HETDEL_cluster_0009","HETDEL","HETDEL",TRUE,"CNA_event_000026","PASPNW",0.822055137844611,"low_resolution_75_90pct",3,TRUE,"9;10;11","9;10;11","ENSE00003510092;ENSE00003530344;ENSE00003651348"
"HETDEL_cluster_0009","HETDEL","HETDEL",TRUE,"CNA_event_000034","PASUSV",0.822055137844611,"low_resolution_75_90pct",3,TRUE,"9;10;11","9;10;11","ENSE00003510092;ENSE00003530344;ENSE00003651348"
"HETDEL_cluster_0009","HETDEL","HETDEL",TRUE,"CNA_event_000038","PASWYU",0.586466165413534,"moderate_resolution_50_75pct",1,FALSE,"9","9","ENSE00003651348"
"HETDEL_cluster_0009","HETDEL","HETDEL",TRUE,"CNA_event_000042","PASYWF",0.654135338345865,"moderate_resolution_50_75pct",3,TRUE,"9;10;11","9;10;11","ENSE00003510092;ENSE00003530344;ENSE00003651348"
"HETDEL_cluster_0009","HETDEL","HETDEL",TRUE,"CNA_event_000050","PATHFE",0.822055137844611,"low_resolution_75_90pct",3,TRUE,"9;10;11","9;10;11","ENSE00003510092;ENSE00003530344;ENSE00003651348"
"HETDEL_cluster_0009","HETDEL","HETDEL",TRUE,"CNA_event_000070","PAUCDC",0.822055137844611,"low_resolution_75_90pct",3,TRUE,"9;10;11","9;10;11","ENSE00003510092;ENSE00003530344;ENSE00003651348"
"HETDEL_cluster_0009","HETDEL","HETDEL",TRUE,"CNA_event_000079","PAUIEM",0.654135338345865,"moderate_resolution_50_75pct",3,TRUE,"9;10;11","9;10;11","ENSE00003510092;ENSE00003530344;ENSE00003651348"
"HETDEL_cluster_0009","HETDEL","HETDEL",TRUE,"CNA_event_000091","PAUSIS",0.822055137844611,"low_resolution_75_90pct",3,TRUE,"9;10;11","9;10;11","ENSE00003510092;ENSE00003530344;ENSE00003651348"
"HETDEL_cluster_0009","HETDEL","HETDEL",TRUE,"CNA_event_000097","PAUWXI",0.822055137844611,"low_resolution_75_90pct",3,TRUE,"9;10;11","9;10;11","ENSE00003510092;ENSE00003530344;ENSE00003651348"
"HETDEL_cluster_0009","HETDEL","HETDEL",TRUE,"CNA_event_000121","PAVRXK",0.932330827067669,"very_low_resolution_90_lt_100pct",1,FALSE,"9","9","ENSE00003651348"
"HETDEL_cluster_0009","HETDEL","HOMDEL",FALSE,"CNA_event_000175","PAVVBE",0.754385964912281,"low_resolution_75_90pct",1,FALSE,"9","9","ENSE00003651348"
"HETDEL_cluster_0009","HETDEL","HETDEL",TRUE,"CNA_event_000136","PAWDWJ",0.822055137844611,"low_resolution_75_90pct",3,TRUE,"9;10;11","9;10;11","ENSE00003510092;ENSE00003530344;ENSE00003651348"
"HETDEL_cluster_0009","HETDEL","HETDEL",TRUE,"CNA_event_000140","PAWETD",0.822055137844611,"low_resolution_75_90pct",3,TRUE,"9;10;11","9;10;11","ENSE00003510092;ENSE00003530344;ENSE00003651348"
"HETDEL_cluster_0010","HETDEL","HETDEL",TRUE,"CNA_event_000004","PARNXJ",0.822055137844611,"low_resolution_75_90pct",4,TRUE,"5;6;7;8","5;6;7;8","ENSE00003468993;ENSE00003478404;ENSE00003604670;ENSE00003663409"
"HETDEL_cluster_0010","HETDEL","HETDEL",TRUE,"CNA_event_000008","PARWNW",0.654135338345865,"moderate_resolution_50_75pct",4,TRUE,"5;6;7;8","5;6;7;8","ENSE00003468993;ENSE00003478404;ENSE00003604670;ENSE00003663409"
"HETDEL_cluster_0010","HETDEL","HETDEL",TRUE,"CNA_event_000010","PARXPZ",0.822055137844611,"low_resolution_75_90pct",4,TRUE,"5;6;7;8","5;6;7;8","ENSE00003468993;ENSE00003478404;ENSE00003604670;ENSE00003663409"
"HETDEL_cluster_0010","HETDEL","HETDEL",TRUE,"CNA_event_000019","PASKAD",0.654135338345865,"moderate_resolution_50_75pct",4,TRUE,"5;6;7;8","5;6;7;8","ENSE00003468993;ENSE00003478404;ENSE00003604670;ENSE00003663409"
"HETDEL_cluster_0010","HETDEL","HETDEL",TRUE,"CNA_event_000021","PASKWG",0.654135338345865,"moderate_resolution_50_75pct",4,TRUE,"5;6;7;8","5;6;7;8","ENSE00003468993;ENSE00003478404;ENSE00003604670;ENSE00003663409"
"HETDEL_cluster_0010","HETDEL","HETDEL",TRUE,"CNA_event_000024","PASPDS",0.355054302422723,"high_resolution_le_50pct",1,FALSE,"5","5","ENSE00003663409"
"HETDEL_cluster_0010","HETDEL","HETDEL",TRUE,"CNA_event_000025","PASPLG",0.425229741019215,"high_resolution_le_50pct",2,TRUE,"5;6","5;6","ENSE00003468993;ENSE00003663409"
"HETDEL_cluster_0010","HETDEL","HETDEL",TRUE,"CNA_event_000026","PASPNW",0.822055137844611,"low_resolution_75_90pct",4,TRUE,"5;6;7;8","5;6;7;8","ENSE00003468993;ENSE00003478404;ENSE00003604670;ENSE00003663409"
"HETDEL_cluster_0010","HETDEL","HETDEL",TRUE,"CNA_event_000033","PASTHE",0.425229741019215,"high_resolution_le_50pct",2,TRUE,"5;6","5;6","ENSE00003468993;ENSE00003663409"
"HETDEL_cluster_0010","HETDEL","HETDEL",TRUE,"CNA_event_000034","PASUSV",0.822055137844611,"low_resolution_75_90pct",4,TRUE,"5;6;7;8","5;6;7;8","ENSE00003468993;ENSE00003478404;ENSE00003604670;ENSE00003663409"
"HETDEL_cluster_0010","HETDEL","HETDEL",TRUE,"CNA_event_000038","PASWYU",0.586466165413534,"moderate_resolution_50_75pct",4,TRUE,"5;6;7;8","5;6;7;8","ENSE00003468993;ENSE00003478404;ENSE00003604670;ENSE00003663409"
"HETDEL_cluster_0010","HETDEL","HETDEL",TRUE,"CNA_event_000039","PASYNX",0.360066833751044,"high_resolution_le_50pct",3,TRUE,"5;6;7","5;6;7","ENSE00003468993;ENSE00003478404;ENSE00003663409"
"HETDEL_cluster_0010","HETDEL","HETDEL",TRUE,"CNA_event_000042","PASYWF",0.654135338345865,"moderate_resolution_50_75pct",4,TRUE,"5;6;7;8","5;6;7;8","ENSE00003468993;ENSE00003478404;ENSE00003604670;ENSE00003663409"
"HETDEL_cluster_0010","HETDEL","HETDEL",TRUE,"CNA_event_000044","PATALF",0.425229741019215,"high_resolution_le_50pct",2,TRUE,"5;6","5;6","ENSE00003468993;ENSE00003663409"
"HETDEL_cluster_0010","HETDEL","HETDEL",TRUE,"CNA_event_000046","PATCTR",0.257309941520468,"high_resolution_le_50pct",2,TRUE,"5;6","5;6","ENSE00003468993;ENSE00003663409"
"HETDEL_cluster_0010","HETDEL","HETDEL",TRUE,"CNA_event_000050","PATHFE",0.822055137844611,"low_resolution_75_90pct",4,TRUE,"5;6;7;8","5;6;7;8","ENSE00003468993;ENSE00003478404;ENSE00003604670;ENSE00003663409"
"HETDEL_cluster_0010","HETDEL","HETDEL",TRUE,"CNA_event_000052","PATJLY",0.355054302422723,"high_resolution_le_50pct",1,FALSE,"5","5","ENSE00003663409"
"HETDEL_cluster_0010","HETDEL","HETDEL",TRUE,"CNA_event_000055","PATLLH",0.425229741019215,"high_resolution_le_50pct",2,TRUE,"5;6","5;6","ENSE00003468993;ENSE00003663409"
"HETDEL_cluster_0010","HETDEL","HETDEL",TRUE,"CNA_event_000057","PATPDA",0.664160401002506,"moderate_resolution_50_75pct",4,TRUE,"5;6;7;8","5;6;7;8","ENSE00003468993;ENSE00003478404;ENSE00003604670;ENSE00003663409"
"HETDEL_cluster_0010","HETDEL","HETDEL",TRUE,"CNA_event_000070","PAUCDC",0.822055137844611,"low_resolution_75_90pct",4,TRUE,"5;6;7;8","5;6;7;8","ENSE00003468993;ENSE00003478404;ENSE00003604670;ENSE00003663409"
"HETDEL_cluster_0010","HETDEL","HETDEL",TRUE,"CNA_event_000079","PAUIEM",0.654135338345865,"moderate_resolution_50_75pct",4,TRUE,"5;6;7;8","5;6;7;8","ENSE00003468993;ENSE00003478404;ENSE00003604670;ENSE00003663409"
"HETDEL_cluster_0010","HETDEL","HETDEL",TRUE,"CNA_event_000083","PAUKZJ",0.608187134502924,"moderate_resolution_50_75pct",4,TRUE,"5;6;7;8","5;6;7;8","ENSE00003468993;ENSE00003478404;ENSE00003604670;ENSE00003663409"
"HETDEL_cluster_0010","HETDEL","HETDEL",TRUE,"CNA_event_000085","PAULGX",0.238930659983292,"high_resolution_le_50pct",2,TRUE,"7;8","7;8","ENSE00003478404;ENSE00003604670"
"HETDEL_cluster_0010","HETDEL","HOMDEL",FALSE,"CNA_event_000167","PAULGX",0.603174603174603,"moderate_resolution_50_75pct",2,TRUE,"5;6","5;6","ENSE00003468993;ENSE00003663409"
"HETDEL_cluster_0010","HETDEL","HETDEL",TRUE,"CNA_event_000091","PAUSIS",0.822055137844611,"low_resolution_75_90pct",4,TRUE,"5;6;7;8","5;6;7;8","ENSE00003468993;ENSE00003478404;ENSE00003604670;ENSE00003663409"
"HETDEL_cluster_0010","HETDEL","HETDEL",TRUE,"CNA_event_000093","PAUTUL",0.664160401002506,"moderate_resolution_50_75pct",4,TRUE,"5;6;7;8","5;6;7;8","ENSE00003468993;ENSE00003478404;ENSE00003604670;ENSE00003663409"
"HETDEL_cluster_0010","HETDEL","HETDEL",TRUE,"CNA_event_000097","PAUWXI",0.822055137844611,"low_resolution_75_90pct",4,TRUE,"5;6;7;8","5;6;7;8","ENSE00003468993;ENSE00003478404;ENSE00003604670;ENSE00003663409"
"HETDEL_cluster_0010","HETDEL","HETDEL",TRUE,"CNA_event_000101","PAUXYI",0.355054302422723,"high_resolution_le_50pct",1,FALSE,"5","5","ENSE00003663409"
"HETDEL_cluster_0010","HETDEL","HETDEL",TRUE,"CNA_event_000102","PAUYJF",0.425229741019215,"high_resolution_le_50pct",2,TRUE,"5;6","5;6","ENSE00003468993;ENSE00003663409"
"HETDEL_cluster_0010","HETDEL","HETDEL",TRUE,"CNA_event_000121","PAVRXK",0.932330827067669,"very_low_resolution_90_lt_100pct",4,TRUE,"5;6;7;8","5;6;7;8","ENSE00003468993;ENSE00003478404;ENSE00003604670;ENSE00003663409"
"HETDEL_cluster_0010","HETDEL","HOMDEL",FALSE,"CNA_event_000175","PAVVBE",0.754385964912281,"low_resolution_75_90pct",4,TRUE,"5;6;7;8","5;6;7;8","ENSE00003468993;ENSE00003478404;ENSE00003604670;ENSE00003663409"
"HETDEL_cluster_0010","HETDEL","HETDEL",TRUE,"CNA_event_000123","PAVVDS",0.257309941520468,"high_resolution_le_50pct",2,TRUE,"5;6","5;6","ENSE00003468993;ENSE00003663409"
"HETDEL_cluster_0010","HETDEL","HETDEL",TRUE,"CNA_event_000130","PAVZCF",0.425229741019215,"high_resolution_le_50pct",2,TRUE,"5;6","5;6","ENSE00003468993;ENSE00003663409"
"HETDEL_cluster_0010","HETDEL","HETDEL",TRUE,"CNA_event_000136","PAWDWJ",0.822055137844611,"low_resolution_75_90pct",4,TRUE,"5;6;7;8","5;6;7;8","ENSE00003468993;ENSE00003478404;ENSE00003604670;ENSE00003663409"
"HETDEL_cluster_0010","HETDEL","HETDEL",TRUE,"CNA_event_000140","PAWETD",0.822055137844611,"low_resolution_75_90pct",4,TRUE,"5;6;7;8","5;6;7;8","ENSE00003468993;ENSE00003478404;ENSE00003604670;ENSE00003663409"
"HETDEL_cluster_0010","HETDEL","HETDEL",TRUE,"CNA_event_000145","PAWGXM",0.496240601503759,"high_resolution_le_50pct",4,TRUE,"5;6;7;8","5;6;7;8","ENSE00003468993;ENSE00003478404;ENSE00003604670;ENSE00003663409"
"HETDEL_cluster_0010","HETDEL","HETDEL",TRUE,"CNA_event_000147","PAWIWS",0.355054302422723,"high_resolution_le_50pct",1,FALSE,"5","5","ENSE00003663409"
"HETDEL_cluster_0011","HETDEL","HETDEL",TRUE,"CNA_event_000004","PARNXJ",0.822055137844611,"low_resolution_75_90pct",7,TRUE,"5;6;7;8;9;10;11","5;6;7;8;9;10;11","ENSE00003468993;ENSE00003478404;ENSE00003510092;ENSE00003530344;ENSE00003604670;ENSE00003651348;ENSE00003663409"
"HETDEL_cluster_0011","HETDEL","HETDEL",TRUE,"CNA_event_000008","PARWNW",0.654135338345865,"moderate_resolution_50_75pct",7,TRUE,"5;6;7;8;9;10;11","5;6;7;8;9;10;11","ENSE00003468993;ENSE00003478404;ENSE00003510092;ENSE00003530344;ENSE00003604670;ENSE00003651348;ENSE00003663409"
"HETDEL_cluster_0011","HETDEL","HETDEL",TRUE,"CNA_event_000010","PARXPZ",0.822055137844611,"low_resolution_75_90pct",7,TRUE,"5;6;7;8;9;10;11","5;6;7;8;9;10;11","ENSE00003468993;ENSE00003478404;ENSE00003510092;ENSE00003530344;ENSE00003604670;ENSE00003651348;ENSE00003663409"
"HETDEL_cluster_0011","HETDEL","HETDEL",TRUE,"CNA_event_000019","PASKAD",0.654135338345865,"moderate_resolution_50_75pct",7,TRUE,"5;6;7;8;9;10;11","5;6;7;8;9;10;11","ENSE00003468993;ENSE00003478404;ENSE00003510092;ENSE00003530344;ENSE00003604670;ENSE00003651348;ENSE00003663409"
"HETDEL_cluster_0011","HETDEL","HETDEL",TRUE,"CNA_event_000021","PASKWG",0.654135338345865,"moderate_resolution_50_75pct",7,TRUE,"5;6;7;8;9;10;11","5;6;7;8;9;10;11","ENSE00003468993;ENSE00003478404;ENSE00003510092;ENSE00003530344;ENSE00003604670;ENSE00003651348;ENSE00003663409"
"HETDEL_cluster_0011","HETDEL","HETDEL",TRUE,"CNA_event_000024","PASPDS",0.355054302422723,"high_resolution_le_50pct",1,FALSE,"5","5","ENSE00003663409"
"HETDEL_cluster_0011","HETDEL","HETDEL",TRUE,"CNA_event_000025","PASPLG",0.425229741019215,"high_resolution_le_50pct",2,TRUE,"5;6","5;6","ENSE00003468993;ENSE00003663409"
"HETDEL_cluster_0011","HETDEL","HETDEL",TRUE,"CNA_event_000026","PASPNW",0.822055137844611,"low_resolution_75_90pct",7,TRUE,"5;6;7;8;9;10;11","5;6;7;8;9;10;11","ENSE00003468993;ENSE00003478404;ENSE00003510092;ENSE00003530344;ENSE00003604670;ENSE00003651348;ENSE00003663409"
"HETDEL_cluster_0011","HETDEL","HETDEL",TRUE,"CNA_event_000033","PASTHE",0.425229741019215,"high_resolution_le_50pct",2,TRUE,"5;6","5;6","ENSE00003468993;ENSE00003663409"
"HETDEL_cluster_0011","HETDEL","HETDEL",TRUE,"CNA_event_000034","PASUSV",0.822055137844611,"low_resolution_75_90pct",7,TRUE,"5;6;7;8;9;10;11","5;6;7;8;9;10;11","ENSE00003468993;ENSE00003478404;ENSE00003510092;ENSE00003530344;ENSE00003604670;ENSE00003651348;ENSE00003663409"
"HETDEL_cluster_0011","HETDEL","HETDEL",TRUE,"CNA_event_000038","PASWYU",0.586466165413534,"moderate_resolution_50_75pct",5,TRUE,"5;6;7;8;9","5;6;7;8;9","ENSE00003468993;ENSE00003478404;ENSE00003604670;ENSE00003651348;ENSE00003663409"
"HETDEL_cluster_0011","HETDEL","HETDEL",TRUE,"CNA_event_000039","PASYNX",0.360066833751044,"high_resolution_le_50pct",3,TRUE,"5;6;7","5;6;7","ENSE00003468993;ENSE00003478404;ENSE00003663409"
"HETDEL_cluster_0011","HETDEL","HETDEL",TRUE,"CNA_event_000042","PASYWF",0.654135338345865,"moderate_resolution_50_75pct",7,TRUE,"5;6;7;8;9;10;11","5;6;7;8;9;10;11","ENSE00003468993;ENSE00003478404;ENSE00003510092;ENSE00003530344;ENSE00003604670;ENSE00003651348;ENSE00003663409"
"HETDEL_cluster_0011","HETDEL","HETDEL",TRUE,"CNA_event_000044","PATALF",0.425229741019215,"high_resolution_le_50pct",2,TRUE,"5;6","5;6","ENSE00003468993;ENSE00003663409"
"HETDEL_cluster_0011","HETDEL","HETDEL",TRUE,"CNA_event_000046","PATCTR",0.257309941520468,"high_resolution_le_50pct",2,TRUE,"5;6","5;6","ENSE00003468993;ENSE00003663409"
"HETDEL_cluster_0011","HETDEL","HETDEL",TRUE,"CNA_event_000050","PATHFE",0.822055137844611,"low_resolution_75_90pct",7,TRUE,"5;6;7;8;9;10;11","5;6;7;8;9;10;11","ENSE00003468993;ENSE00003478404;ENSE00003510092;ENSE00003530344;ENSE00003604670;ENSE00003651348;ENSE00003663409"
"HETDEL_cluster_0011","HETDEL","HETDEL",TRUE,"CNA_event_000052","PATJLY",0.355054302422723,"high_resolution_le_50pct",1,FALSE,"5","5","ENSE00003663409"
"HETDEL_cluster_0011","HETDEL","HETDEL",TRUE,"CNA_event_000055","PATLLH",0.425229741019215,"high_resolution_le_50pct",2,TRUE,"5;6","5;6","ENSE00003468993;ENSE00003663409"
"HETDEL_cluster_0011","HETDEL","HETDEL",TRUE,"CNA_event_000057","PATPDA",0.664160401002506,"moderate_resolution_50_75pct",4,TRUE,"5;6;7;8","5;6;7;8","ENSE00003468993;ENSE00003478404;ENSE00003604670;ENSE00003663409"
"HETDEL_cluster_0011","HETDEL","HETDEL",TRUE,"CNA_event_000070","PAUCDC",0.822055137844611,"low_resolution_75_90pct",7,TRUE,"5;6;7;8;9;10;11","5;6;7;8;9;10;11","ENSE00003468993;ENSE00003478404;ENSE00003510092;ENSE00003530344;ENSE00003604670;ENSE00003651348;ENSE00003663409"
"HETDEL_cluster_0011","HETDEL","HETDEL",TRUE,"CNA_event_000079","PAUIEM",0.654135338345865,"moderate_resolution_50_75pct",7,TRUE,"5;6;7;8;9;10;11","5;6;7;8;9;10;11","ENSE00003468993;ENSE00003478404;ENSE00003510092;ENSE00003530344;ENSE00003604670;ENSE00003651348;ENSE00003663409"
"HETDEL_cluster_0011","HETDEL","HETDEL",TRUE,"CNA_event_000083","PAUKZJ",0.608187134502924,"moderate_resolution_50_75pct",4,TRUE,"5;6;7;8","5;6;7;8","ENSE00003468993;ENSE00003478404;ENSE00003604670;ENSE00003663409"
"HETDEL_cluster_0011","HETDEL","HETDEL",TRUE,"CNA_event_000085","PAULGX",0.238930659983292,"high_resolution_le_50pct",2,TRUE,"7;8","7;8","ENSE00003478404;ENSE00003604670"
"HETDEL_cluster_0011","HETDEL","HOMDEL",FALSE,"CNA_event_000167","PAULGX",0.603174603174603,"moderate_resolution_50_75pct",2,TRUE,"5;6","5;6","ENSE00003468993;ENSE00003663409"
"HETDEL_cluster_0011","HETDEL","HETDEL",TRUE,"CNA_event_000091","PAUSIS",0.822055137844611,"low_resolution_75_90pct",7,TRUE,"5;6;7;8;9;10;11","5;6;7;8;9;10;11","ENSE00003468993;ENSE00003478404;ENSE00003510092;ENSE00003530344;ENSE00003604670;ENSE00003651348;ENSE00003663409"
"HETDEL_cluster_0011","HETDEL","HETDEL",TRUE,"CNA_event_000093","PAUTUL",0.664160401002506,"moderate_resolution_50_75pct",4,TRUE,"5;6;7;8","5;6;7;8","ENSE00003468993;ENSE00003478404;ENSE00003604670;ENSE00003663409"
"HETDEL_cluster_0011","HETDEL","HETDEL",TRUE,"CNA_event_000097","PAUWXI",0.822055137844611,"low_resolution_75_90pct",7,TRUE,"5;6;7;8;9;10;11","5;6;7;8;9;10;11","ENSE00003468993;ENSE00003478404;ENSE00003510092;ENSE00003530344;ENSE00003604670;ENSE00003651348;ENSE00003663409"
"HETDEL_cluster_0011","HETDEL","HETDEL",TRUE,"CNA_event_000101","PAUXYI",0.355054302422723,"high_resolution_le_50pct",1,FALSE,"5","5","ENSE00003663409"
"HETDEL_cluster_0011","HETDEL","HETDEL",TRUE,"CNA_event_000102","PAUYJF",0.425229741019215,"high_resolution_le_50pct",2,TRUE,"5;6","5;6","ENSE00003468993;ENSE00003663409"
"HETDEL_cluster_0011","HETDEL","HETDEL",TRUE,"CNA_event_000121","PAVRXK",0.932330827067669,"very_low_resolution_90_lt_100pct",5,TRUE,"5;6;7;8;9","5;6;7;8;9","ENSE00003468993;ENSE00003478404;ENSE00003604670;ENSE00003651348;ENSE00003663409"
"HETDEL_cluster_0011","HETDEL","HOMDEL",FALSE,"CNA_event_000175","PAVVBE",0.754385964912281,"low_resolution_75_90pct",5,TRUE,"5;6;7;8;9","5;6;7;8;9","ENSE00003468993;ENSE00003478404;ENSE00003604670;ENSE00003651348;ENSE00003663409"
"HETDEL_cluster_0011","HETDEL","HETDEL",TRUE,"CNA_event_000123","PAVVDS",0.257309941520468,"high_resolution_le_50pct",2,TRUE,"5;6","5;6","ENSE00003468993;ENSE00003663409"
"HETDEL_cluster_0011","HETDEL","HETDEL",TRUE,"CNA_event_000130","PAVZCF",0.425229741019215,"high_resolution_le_50pct",2,TRUE,"5;6","5;6","ENSE00003468993;ENSE00003663409"
"HETDEL_cluster_0011","HETDEL","HETDEL",TRUE,"CNA_event_000136","PAWDWJ",0.822055137844611,"low_resolution_75_90pct",7,TRUE,"5;6;7;8;9;10;11","5;6;7;8;9;10;11","ENSE00003468993;ENSE00003478404;ENSE00003510092;ENSE00003530344;ENSE00003604670;ENSE00003651348;ENSE00003663409"
"HETDEL_cluster_0011","HETDEL","HETDEL",TRUE,"CNA_event_000140","PAWETD",0.822055137844611,"low_resolution_75_90pct",7,TRUE,"5;6;7;8;9;10;11","5;6;7;8;9;10;11","ENSE00003468993;ENSE00003478404;ENSE00003510092;ENSE00003530344;ENSE00003604670;ENSE00003651348;ENSE00003663409"
"HETDEL_cluster_0011","HETDEL","HETDEL",TRUE,"CNA_event_000145","PAWGXM",0.496240601503759,"high_resolution_le_50pct",4,TRUE,"5;6;7;8","5;6;7;8","ENSE00003468993;ENSE00003478404;ENSE00003604670;ENSE00003663409"
"HETDEL_cluster_0011","HETDEL","HETDEL",TRUE,"CNA_event_000147","PAWIWS",0.355054302422723,"high_resolution_le_50pct",1,FALSE,"5","5","ENSE00003663409"
"HETDEL_cluster_0012","HETDEL","HETDEL",TRUE,"CNA_event_000004","PARNXJ",0.822055137844611,"low_resolution_75_90pct",2,TRUE,"5;11","5;11","ENSE00003510092;ENSE00003663409"
"HETDEL_cluster_0012","HETDEL","HETDEL",TRUE,"CNA_event_000008","PARWNW",0.654135338345865,"moderate_resolution_50_75pct",2,TRUE,"5;11","5;11","ENSE00003510092;ENSE00003663409"
"HETDEL_cluster_0012","HETDEL","HETDEL",TRUE,"CNA_event_000010","PARXPZ",0.822055137844611,"low_resolution_75_90pct",2,TRUE,"5;11","5;11","ENSE00003510092;ENSE00003663409"
"HETDEL_cluster_0012","HETDEL","HETDEL",TRUE,"CNA_event_000019","PASKAD",0.654135338345865,"moderate_resolution_50_75pct",2,TRUE,"5;11","5;11","ENSE00003510092;ENSE00003663409"
"HETDEL_cluster_0012","HETDEL","HETDEL",TRUE,"CNA_event_000021","PASKWG",0.654135338345865,"moderate_resolution_50_75pct",2,TRUE,"5;11","5;11","ENSE00003510092;ENSE00003663409"
"HETDEL_cluster_0012","HETDEL","HETDEL",TRUE,"CNA_event_000024","PASPDS",0.355054302422723,"high_resolution_le_50pct",1,FALSE,"5","5","ENSE00003663409"
"HETDEL_cluster_0012","HETDEL","HETDEL",TRUE,"CNA_event_000025","PASPLG",0.425229741019215,"high_resolution_le_50pct",1,FALSE,"5","5","ENSE00003663409"
"HETDEL_cluster_0012","HETDEL","HETDEL",TRUE,"CNA_event_000026","PASPNW",0.822055137844611,"low_resolution_75_90pct",2,TRUE,"5;11","5;11","ENSE00003510092;ENSE00003663409"
"HETDEL_cluster_0012","HETDEL","HETDEL",TRUE,"CNA_event_000033","PASTHE",0.425229741019215,"high_resolution_le_50pct",1,FALSE,"5","5","ENSE00003663409"
"HETDEL_cluster_0012","HETDEL","HETDEL",TRUE,"CNA_event_000034","PASUSV",0.822055137844611,"low_resolution_75_90pct",2,TRUE,"5;11","5;11","ENSE00003510092;ENSE00003663409"
"HETDEL_cluster_0012","HETDEL","HETDEL",TRUE,"CNA_event_000038","PASWYU",0.586466165413534,"moderate_resolution_50_75pct",1,FALSE,"5","5","ENSE00003663409"
"HETDEL_cluster_0012","HETDEL","HETDEL",TRUE,"CNA_event_000039","PASYNX",0.360066833751044,"high_resolution_le_50pct",1,FALSE,"5","5","ENSE00003663409"
"HETDEL_cluster_0012","HETDEL","HETDEL",TRUE,"CNA_event_000042","PASYWF",0.654135338345865,"moderate_resolution_50_75pct",2,TRUE,"5;11","5;11","ENSE00003510092;ENSE00003663409"
"HETDEL_cluster_0012","HETDEL","HETDEL",TRUE,"CNA_event_000044","PATALF",0.425229741019215,"high_resolution_le_50pct",1,FALSE,"5","5","ENSE00003663409"
"HETDEL_cluster_0012","HETDEL","HETDEL",TRUE,"CNA_event_000046","PATCTR",0.257309941520468,"high_resolution_le_50pct",1,FALSE,"5","5","ENSE00003663409"
"HETDEL_cluster_0012","HETDEL","HETDEL",TRUE,"CNA_event_000050","PATHFE",0.822055137844611,"low_resolution_75_90pct",2,TRUE,"5;11","5;11","ENSE00003510092;ENSE00003663409"
"HETDEL_cluster_0012","HETDEL","HETDEL",TRUE,"CNA_event_000052","PATJLY",0.355054302422723,"high_resolution_le_50pct",1,FALSE,"5","5","ENSE00003663409"
"HETDEL_cluster_0012","HETDEL","HETDEL",TRUE,"CNA_event_000055","PATLLH",0.425229741019215,"high_resolution_le_50pct",1,FALSE,"5","5","ENSE00003663409"
"HETDEL_cluster_0012","HETDEL","HETDEL",TRUE,"CNA_event_000057","PATPDA",0.664160401002506,"moderate_resolution_50_75pct",1,FALSE,"5","5","ENSE00003663409"
"HETDEL_cluster_0012","HETDEL","HETDEL",TRUE,"CNA_event_000070","PAUCDC",0.822055137844611,"low_resolution_75_90pct",2,TRUE,"5;11","5;11","ENSE00003510092;ENSE00003663409"
"HETDEL_cluster_0012","HETDEL","HETDEL",TRUE,"CNA_event_000079","PAUIEM",0.654135338345865,"moderate_resolution_50_75pct",2,TRUE,"5;11","5;11","ENSE00003510092;ENSE00003663409"
"HETDEL_cluster_0012","HETDEL","HETDEL",TRUE,"CNA_event_000083","PAUKZJ",0.608187134502924,"moderate_resolution_50_75pct",1,FALSE,"5","5","ENSE00003663409"
"HETDEL_cluster_0012","HETDEL","HOMDEL",FALSE,"CNA_event_000167","PAULGX",0.603174603174603,"moderate_resolution_50_75pct",1,FALSE,"5","5","ENSE00003663409"
"HETDEL_cluster_0012","HETDEL","HETDEL",TRUE,"CNA_event_000091","PAUSIS",0.822055137844611,"low_resolution_75_90pct",2,TRUE,"5;11","5;11","ENSE00003510092;ENSE00003663409"
"HETDEL_cluster_0012","HETDEL","HETDEL",TRUE,"CNA_event_000093","PAUTUL",0.664160401002506,"moderate_resolution_50_75pct",1,FALSE,"5","5","ENSE00003663409"
"HETDEL_cluster_0012","HETDEL","HETDEL",TRUE,"CNA_event_000097","PAUWXI",0.822055137844611,"low_resolution_75_90pct",2,TRUE,"5;11","5;11","ENSE00003510092;ENSE00003663409"
"HETDEL_cluster_0012","HETDEL","HETDEL",TRUE,"CNA_event_000101","PAUXYI",0.355054302422723,"high_resolution_le_50pct",1,FALSE,"5","5","ENSE00003663409"
"HETDEL_cluster_0012","HETDEL","HETDEL",TRUE,"CNA_event_000102","PAUYJF",0.425229741019215,"high_resolution_le_50pct",1,FALSE,"5","5","ENSE00003663409"
"HETDEL_cluster_0012","HETDEL","HETDEL",TRUE,"CNA_event_000121","PAVRXK",0.932330827067669,"very_low_resolution_90_lt_100pct",1,FALSE,"5","5","ENSE00003663409"
"HETDEL_cluster_0012","HETDEL","HOMDEL",FALSE,"CNA_event_000175","PAVVBE",0.754385964912281,"low_resolution_75_90pct",1,FALSE,"5","5","ENSE00003663409"
"HETDEL_cluster_0012","HETDEL","HETDEL",TRUE,"CNA_event_000123","PAVVDS",0.257309941520468,"high_resolution_le_50pct",1,FALSE,"5","5","ENSE00003663409"
"HETDEL_cluster_0012","HETDEL","HETDEL",TRUE,"CNA_event_000130","PAVZCF",0.425229741019215,"high_resolution_le_50pct",1,FALSE,"5","5","ENSE00003663409"
"HETDEL_cluster_0012","HETDEL","HETDEL",TRUE,"CNA_event_000136","PAWDWJ",0.822055137844611,"low_resolution_75_90pct",2,TRUE,"5;11","5;11","ENSE00003510092;ENSE00003663409"
"HETDEL_cluster_0012","HETDEL","HETDEL",TRUE,"CNA_event_000140","PAWETD",0.822055137844611,"low_resolution_75_90pct",2,TRUE,"5;11","5;11","ENSE00003510092;ENSE00003663409"
"HETDEL_cluster_0012","HETDEL","HETDEL",TRUE,"CNA_event_000145","PAWGXM",0.496240601503759,"high_resolution_le_50pct",1,FALSE,"5","5","ENSE00003663409"
"HETDEL_cluster_0012","HETDEL","HETDEL",TRUE,"CNA_event_000147","PAWIWS",0.355054302422723,"high_resolution_le_50pct",1,FALSE,"5","5","ENSE00003663409"
"HETDEL_cluster_0013","HETDEL","HETDEL",TRUE,"CNA_event_000004","PARNXJ",0.822055137844611,"low_resolution_75_90pct",2,TRUE,"5;6","5;6","ENSE00003468993;ENSE00003663409"
"HETDEL_cluster_0013","HETDEL","HETDEL",TRUE,"CNA_event_000008","PARWNW",0.654135338345865,"moderate_resolution_50_75pct",2,TRUE,"5;6","5;6","ENSE00003468993;ENSE00003663409"
"HETDEL_cluster_0013","HETDEL","HETDEL",TRUE,"CNA_event_000010","PARXPZ",0.822055137844611,"low_resolution_75_90pct",2,TRUE,"5;6","5;6","ENSE00003468993;ENSE00003663409"
"HETDEL_cluster_0013","HETDEL","HETDEL",TRUE,"CNA_event_000019","PASKAD",0.654135338345865,"moderate_resolution_50_75pct",2,TRUE,"5;6","5;6","ENSE00003468993;ENSE00003663409"
"HETDEL_cluster_0013","HETDEL","HETDEL",TRUE,"CNA_event_000021","PASKWG",0.654135338345865,"moderate_resolution_50_75pct",2,TRUE,"5;6","5;6","ENSE00003468993;ENSE00003663409"
"HETDEL_cluster_0013","HETDEL","HETDEL",TRUE,"CNA_event_000024","PASPDS",0.355054302422723,"high_resolution_le_50pct",1,FALSE,"5","5","ENSE00003663409"
"HETDEL_cluster_0013","HETDEL","HETDEL",TRUE,"CNA_event_000025","PASPLG",0.425229741019215,"high_resolution_le_50pct",2,TRUE,"5;6","5;6","ENSE00003468993;ENSE00003663409"
"HETDEL_cluster_0013","HETDEL","HETDEL",TRUE,"CNA_event_000026","PASPNW",0.822055137844611,"low_resolution_75_90pct",2,TRUE,"5;6","5;6","ENSE00003468993;ENSE00003663409"
"HETDEL_cluster_0013","HETDEL","HETDEL",TRUE,"CNA_event_000033","PASTHE",0.425229741019215,"high_resolution_le_50pct",2,TRUE,"5;6","5;6","ENSE00003468993;ENSE00003663409"
"HETDEL_cluster_0013","HETDEL","HETDEL",TRUE,"CNA_event_000034","PASUSV",0.822055137844611,"low_resolution_75_90pct",2,TRUE,"5;6","5;6","ENSE00003468993;ENSE00003663409"
"HETDEL_cluster_0013","HETDEL","HETDEL",TRUE,"CNA_event_000038","PASWYU",0.586466165413534,"moderate_resolution_50_75pct",2,TRUE,"5;6","5;6","ENSE00003468993;ENSE00003663409"
"HETDEL_cluster_0013","HETDEL","HETDEL",TRUE,"CNA_event_000039","PASYNX",0.360066833751044,"high_resolution_le_50pct",2,TRUE,"5;6","5;6","ENSE00003468993;ENSE00003663409"
"HETDEL_cluster_0013","HETDEL","HETDEL",TRUE,"CNA_event_000042","PASYWF",0.654135338345865,"moderate_resolution_50_75pct",2,TRUE,"5;6","5;6","ENSE00003468993;ENSE00003663409"
"HETDEL_cluster_0013","HETDEL","HETDEL",TRUE,"CNA_event_000044","PATALF",0.425229741019215,"high_resolution_le_50pct",2,TRUE,"5;6","5;6","ENSE00003468993;ENSE00003663409"
"HETDEL_cluster_0013","HETDEL","HETDEL",TRUE,"CNA_event_000046","PATCTR",0.257309941520468,"high_resolution_le_50pct",2,TRUE,"5;6","5;6","ENSE00003468993;ENSE00003663409"
"HETDEL_cluster_0013","HETDEL","HETDEL",TRUE,"CNA_event_000050","PATHFE",0.822055137844611,"low_resolution_75_90pct",2,TRUE,"5;6","5;6","ENSE00003468993;ENSE00003663409"
"HETDEL_cluster_0013","HETDEL","HETDEL",TRUE,"CNA_event_000052","PATJLY",0.355054302422723,"high_resolution_le_50pct",1,FALSE,"5","5","ENSE00003663409"
"HETDEL_cluster_0013","HETDEL","HETDEL",TRUE,"CNA_event_000055","PATLLH",0.425229741019215,"high_resolution_le_50pct",2,TRUE,"5;6","5;6","ENSE00003468993;ENSE00003663409"
"HETDEL_cluster_0013","HETDEL","HETDEL",TRUE,"CNA_event_000057","PATPDA",0.664160401002506,"moderate_resolution_50_75pct",2,TRUE,"5;6","5;6","ENSE00003468993;ENSE00003663409"
"HETDEL_cluster_0013","HETDEL","HETDEL",TRUE,"CNA_event_000070","PAUCDC",0.822055137844611,"low_resolution_75_90pct",2,TRUE,"5;6","5;6","ENSE00003468993;ENSE00003663409"
"HETDEL_cluster_0013","HETDEL","HETDEL",TRUE,"CNA_event_000079","PAUIEM",0.654135338345865,"moderate_resolution_50_75pct",2,TRUE,"5;6","5;6","ENSE00003468993;ENSE00003663409"
"HETDEL_cluster_0013","HETDEL","HETDEL",TRUE,"CNA_event_000083","PAUKZJ",0.608187134502924,"moderate_resolution_50_75pct",2,TRUE,"5;6","5;6","ENSE00003468993;ENSE00003663409"
"HETDEL_cluster_0013","HETDEL","HOMDEL",FALSE,"CNA_event_000167","PAULGX",0.603174603174603,"moderate_resolution_50_75pct",2,TRUE,"5;6","5;6","ENSE00003468993;ENSE00003663409"
"HETDEL_cluster_0013","HETDEL","HETDEL",TRUE,"CNA_event_000091","PAUSIS",0.822055137844611,"low_resolution_75_90pct",2,TRUE,"5;6","5;6","ENSE00003468993;ENSE00003663409"
"HETDEL_cluster_0013","HETDEL","HETDEL",TRUE,"CNA_event_000093","PAUTUL",0.664160401002506,"moderate_resolution_50_75pct",2,TRUE,"5;6","5;6","ENSE00003468993;ENSE00003663409"
"HETDEL_cluster_0013","HETDEL","HETDEL",TRUE,"CNA_event_000097","PAUWXI",0.822055137844611,"low_resolution_75_90pct",2,TRUE,"5;6","5;6","ENSE00003468993;ENSE00003663409"
"HETDEL_cluster_0013","HETDEL","HETDEL",TRUE,"CNA_event_000101","PAUXYI",0.355054302422723,"high_resolution_le_50pct",1,FALSE,"5","5","ENSE00003663409"
"HETDEL_cluster_0013","HETDEL","HETDEL",TRUE,"CNA_event_000102","PAUYJF",0.425229741019215,"high_resolution_le_50pct",2,TRUE,"5;6","5;6","ENSE00003468993;ENSE00003663409"
"HETDEL_cluster_0013","HETDEL","HETDEL",TRUE,"CNA_event_000121","PAVRXK",0.932330827067669,"very_low_resolution_90_lt_100pct",2,TRUE,"5;6","5;6","ENSE00003468993;ENSE00003663409"
"HETDEL_cluster_0013","HETDEL","HOMDEL",FALSE,"CNA_event_000175","PAVVBE",0.754385964912281,"low_resolution_75_90pct",2,TRUE,"5;6","5;6","ENSE00003468993;ENSE00003663409"
"HETDEL_cluster_0013","HETDEL","HETDEL",TRUE,"CNA_event_000123","PAVVDS",0.257309941520468,"high_resolution_le_50pct",2,TRUE,"5;6","5;6","ENSE00003468993;ENSE00003663409"
"HETDEL_cluster_0013","HETDEL","HETDEL",TRUE,"CNA_event_000130","PAVZCF",0.425229741019215,"high_resolution_le_50pct",2,TRUE,"5;6","5;6","ENSE00003468993;ENSE00003663409"
"HETDEL_cluster_0013","HETDEL","HETDEL",TRUE,"CNA_event_000136","PAWDWJ",0.822055137844611,"low_resolution_75_90pct",2,TRUE,"5;6","5;6","ENSE00003468993;ENSE00003663409"
"HETDEL_cluster_0013","HETDEL","HETDEL",TRUE,"CNA_event_000140","PAWETD",0.822055137844611,"low_resolution_75_90pct",2,TRUE,"5;6","5;6","ENSE00003468993;ENSE00003663409"
"HETDEL_cluster_0013","HETDEL","HETDEL",TRUE,"CNA_event_000145","PAWGXM",0.496240601503759,"high_resolution_le_50pct",2,TRUE,"5;6","5;6","ENSE00003468993;ENSE00003663409"
"HETDEL_cluster_0013","HETDEL","HETDEL",TRUE,"CNA_event_000147","PAWIWS",0.355054302422723,"high_resolution_le_50pct",1,FALSE,"5","5","ENSE00003663409"
"HETDEL_cluster_0014","HETDEL","HETDEL",TRUE,"CNA_event_000004","PARNXJ",0.822055137844611,"low_resolution_75_90pct",4,TRUE,"5;6;10;11","5;6;10;11","ENSE00003468993;ENSE00003510092;ENSE00003530344;ENSE00003663409"
"HETDEL_cluster_0014","HETDEL","HETDEL",TRUE,"CNA_event_000008","PARWNW",0.654135338345865,"moderate_resolution_50_75pct",4,TRUE,"5;6;10;11","5;6;10;11","ENSE00003468993;ENSE00003510092;ENSE00003530344;ENSE00003663409"
"HETDEL_cluster_0014","HETDEL","HETDEL",TRUE,"CNA_event_000010","PARXPZ",0.822055137844611,"low_resolution_75_90pct",4,TRUE,"5;6;10;11","5;6;10;11","ENSE00003468993;ENSE00003510092;ENSE00003530344;ENSE00003663409"
"HETDEL_cluster_0014","HETDEL","HETDEL",TRUE,"CNA_event_000019","PASKAD",0.654135338345865,"moderate_resolution_50_75pct",4,TRUE,"5;6;10;11","5;6;10;11","ENSE00003468993;ENSE00003510092;ENSE00003530344;ENSE00003663409"
"HETDEL_cluster_0014","HETDEL","HETDEL",TRUE,"CNA_event_000021","PASKWG",0.654135338345865,"moderate_resolution_50_75pct",4,TRUE,"5;6;10;11","5;6;10;11","ENSE00003468993;ENSE00003510092;ENSE00003530344;ENSE00003663409"
"HETDEL_cluster_0014","HETDEL","HETDEL",TRUE,"CNA_event_000024","PASPDS",0.355054302422723,"high_resolution_le_50pct",1,FALSE,"5","5","ENSE00003663409"
"HETDEL_cluster_0014","HETDEL","HETDEL",TRUE,"CNA_event_000025","PASPLG",0.425229741019215,"high_resolution_le_50pct",2,TRUE,"5;6","5;6","ENSE00003468993;ENSE00003663409"
"HETDEL_cluster_0014","HETDEL","HETDEL",TRUE,"CNA_event_000026","PASPNW",0.822055137844611,"low_resolution_75_90pct",4,TRUE,"5;6;10;11","5;6;10;11","ENSE00003468993;ENSE00003510092;ENSE00003530344;ENSE00003663409"
"HETDEL_cluster_0014","HETDEL","HETDEL",TRUE,"CNA_event_000033","PASTHE",0.425229741019215,"high_resolution_le_50pct",2,TRUE,"5;6","5;6","ENSE00003468993;ENSE00003663409"
"HETDEL_cluster_0014","HETDEL","HETDEL",TRUE,"CNA_event_000034","PASUSV",0.822055137844611,"low_resolution_75_90pct",4,TRUE,"5;6;10;11","5;6;10;11","ENSE00003468993;ENSE00003510092;ENSE00003530344;ENSE00003663409"
"HETDEL_cluster_0014","HETDEL","HETDEL",TRUE,"CNA_event_000038","PASWYU",0.586466165413534,"moderate_resolution_50_75pct",2,TRUE,"5;6","5;6","ENSE00003468993;ENSE00003663409"
"HETDEL_cluster_0014","HETDEL","HETDEL",TRUE,"CNA_event_000039","PASYNX",0.360066833751044,"high_resolution_le_50pct",2,TRUE,"5;6","5;6","ENSE00003468993;ENSE00003663409"
"HETDEL_cluster_0014","HETDEL","HETDEL",TRUE,"CNA_event_000042","PASYWF",0.654135338345865,"moderate_resolution_50_75pct",4,TRUE,"5;6;10;11","5;6;10;11","ENSE00003468993;ENSE00003510092;ENSE00003530344;ENSE00003663409"
"HETDEL_cluster_0014","HETDEL","HETDEL",TRUE,"CNA_event_000044","PATALF",0.425229741019215,"high_resolution_le_50pct",2,TRUE,"5;6","5;6","ENSE00003468993;ENSE00003663409"
"HETDEL_cluster_0014","HETDEL","HETDEL",TRUE,"CNA_event_000046","PATCTR",0.257309941520468,"high_resolution_le_50pct",2,TRUE,"5;6","5;6","ENSE00003468993;ENSE00003663409"
"HETDEL_cluster_0014","HETDEL","HETDEL",TRUE,"CNA_event_000050","PATHFE",0.822055137844611,"low_resolution_75_90pct",4,TRUE,"5;6;10;11","5;6;10;11","ENSE00003468993;ENSE00003510092;ENSE00003530344;ENSE00003663409"
"HETDEL_cluster_0014","HETDEL","HETDEL",TRUE,"CNA_event_000052","PATJLY",0.355054302422723,"high_resolution_le_50pct",1,FALSE,"5","5","ENSE00003663409"
"HETDEL_cluster_0014","HETDEL","HETDEL",TRUE,"CNA_event_000055","PATLLH",0.425229741019215,"high_resolution_le_50pct",2,TRUE,"5;6","5;6","ENSE00003468993;ENSE00003663409"
"HETDEL_cluster_0014","HETDEL","HETDEL",TRUE,"CNA_event_000057","PATPDA",0.664160401002506,"moderate_resolution_50_75pct",2,TRUE,"5;6","5;6","ENSE00003468993;ENSE00003663409"
"HETDEL_cluster_0014","HETDEL","HETDEL",TRUE,"CNA_event_000070","PAUCDC",0.822055137844611,"low_resolution_75_90pct",4,TRUE,"5;6;10;11","5;6;10;11","ENSE00003468993;ENSE00003510092;ENSE00003530344;ENSE00003663409"
"HETDEL_cluster_0014","HETDEL","HETDEL",TRUE,"CNA_event_000079","PAUIEM",0.654135338345865,"moderate_resolution_50_75pct",4,TRUE,"5;6;10;11","5;6;10;11","ENSE00003468993;ENSE00003510092;ENSE00003530344;ENSE00003663409"
"HETDEL_cluster_0014","HETDEL","HETDEL",TRUE,"CNA_event_000083","PAUKZJ",0.608187134502924,"moderate_resolution_50_75pct",2,TRUE,"5;6","5;6","ENSE00003468993;ENSE00003663409"
"HETDEL_cluster_0014","HETDEL","HOMDEL",FALSE,"CNA_event_000167","PAULGX",0.603174603174603,"moderate_resolution_50_75pct",2,TRUE,"5;6","5;6","ENSE00003468993;ENSE00003663409"
"HETDEL_cluster_0014","HETDEL","HETDEL",TRUE,"CNA_event_000091","PAUSIS",0.822055137844611,"low_resolution_75_90pct",4,TRUE,"5;6;10;11","5;6;10;11","ENSE00003468993;ENSE00003510092;ENSE00003530344;ENSE00003663409"
"HETDEL_cluster_0014","HETDEL","HETDEL",TRUE,"CNA_event_000093","PAUTUL",0.664160401002506,"moderate_resolution_50_75pct",2,TRUE,"5;6","5;6","ENSE00003468993;ENSE00003663409"
"HETDEL_cluster_0014","HETDEL","HETDEL",TRUE,"CNA_event_000097","PAUWXI",0.822055137844611,"low_resolution_75_90pct",4,TRUE,"5;6;10;11","5;6;10;11","ENSE00003468993;ENSE00003510092;ENSE00003530344;ENSE00003663409"
"HETDEL_cluster_0014","HETDEL","HETDEL",TRUE,"CNA_event_000101","PAUXYI",0.355054302422723,"high_resolution_le_50pct",1,FALSE,"5","5","ENSE00003663409"
"HETDEL_cluster_0014","HETDEL","HETDEL",TRUE,"CNA_event_000102","PAUYJF",0.425229741019215,"high_resolution_le_50pct",2,TRUE,"5;6","5;6","ENSE00003468993;ENSE00003663409"
"HETDEL_cluster_0014","HETDEL","HETDEL",TRUE,"CNA_event_000121","PAVRXK",0.932330827067669,"very_low_resolution_90_lt_100pct",2,TRUE,"5;6","5;6","ENSE00003468993;ENSE00003663409"
"HETDEL_cluster_0014","HETDEL","HOMDEL",FALSE,"CNA_event_000175","PAVVBE",0.754385964912281,"low_resolution_75_90pct",2,TRUE,"5;6","5;6","ENSE00003468993;ENSE00003663409"
"HETDEL_cluster_0014","HETDEL","HETDEL",TRUE,"CNA_event_000123","PAVVDS",0.257309941520468,"high_resolution_le_50pct",2,TRUE,"5;6","5;6","ENSE00003468993;ENSE00003663409"
"HETDEL_cluster_0014","HETDEL","HETDEL",TRUE,"CNA_event_000130","PAVZCF",0.425229741019215,"high_resolution_le_50pct",2,TRUE,"5;6","5;6","ENSE00003468993;ENSE00003663409"
"HETDEL_cluster_0014","HETDEL","HETDEL",TRUE,"CNA_event_000136","PAWDWJ",0.822055137844611,"low_resolution_75_90pct",4,TRUE,"5;6;10;11","5;6;10;11","ENSE00003468993;ENSE00003510092;ENSE00003530344;ENSE00003663409"
"HETDEL_cluster_0014","HETDEL","HETDEL",TRUE,"CNA_event_000140","PAWETD",0.822055137844611,"low_resolution_75_90pct",4,TRUE,"5;6;10;11","5;6;10;11","ENSE00003468993;ENSE00003510092;ENSE00003530344;ENSE00003663409"
"HETDEL_cluster_0014","HETDEL","HETDEL",TRUE,"CNA_event_000145","PAWGXM",0.496240601503759,"high_resolution_le_50pct",2,TRUE,"5;6","5;6","ENSE00003468993;ENSE00003663409"
"HETDEL_cluster_0014","HETDEL","HETDEL",TRUE,"CNA_event_000147","PAWIWS",0.355054302422723,"high_resolution_le_50pct",1,FALSE,"5","5","ENSE00003663409"
"HETDEL_cluster_0015","HETDEL","HETDEL",TRUE,"CNA_event_000004","PARNXJ",0.822055137844611,"low_resolution_75_90pct",3,TRUE,"4;8;9","4;8;9","ENSE00003558404;ENSE00003604670;ENSE00003651348"
"HETDEL_cluster_0015","HETDEL","HETDEL",TRUE,"CNA_event_000007","PARSNX",0.289891395154553,"high_resolution_le_50pct",1,FALSE,"1","1","ENSE00001136349"
"HETDEL_cluster_0015","HETDEL","HETDEL",TRUE,"CNA_event_000008","PARWNW",0.654135338345865,"moderate_resolution_50_75pct",3,TRUE,"4;8;9","4;8;9","ENSE00003558404;ENSE00003604670;ENSE00003651348"
"HETDEL_cluster_0015","HETDEL","HETDEL",TRUE,"CNA_event_000010","PARXPZ",0.822055137844611,"low_resolution_75_90pct",3,TRUE,"4;8;9","4;8;9","ENSE00003558404;ENSE00003604670;ENSE00003651348"
"HETDEL_cluster_0015","HETDEL","HETDEL",TRUE,"CNA_event_000013","PASILW",0.177944862155388,"high_resolution_le_50pct",1,FALSE,"1","1","ENSE00001136349"
"HETDEL_cluster_0015","HETDEL","HETDEL",TRUE,"CNA_event_000015","PASINX",0.345864661654135,"high_resolution_le_50pct",1,FALSE,"1","1","ENSE00001136349"
"HETDEL_cluster_0015","HETDEL","HETDEL",TRUE,"CNA_event_000019","PASKAD",0.654135338345865,"moderate_resolution_50_75pct",3,TRUE,"4;8;9","4;8;9","ENSE00003558404;ENSE00003604670;ENSE00003651348"
"HETDEL_cluster_0015","HETDEL","HETDEL",TRUE,"CNA_event_000020","PASKLU",0.111111111111111,"high_resolution_le_50pct",1,FALSE,"4","4","ENSE00003558404"
"HETDEL_cluster_0015","HETDEL","HETDEL",TRUE,"CNA_event_000021","PASKWG",0.654135338345865,"moderate_resolution_50_75pct",3,TRUE,"4;8;9","4;8;9","ENSE00003558404;ENSE00003604670;ENSE00003651348"
"HETDEL_cluster_0015","HETDEL","HETDEL",TRUE,"CNA_event_000023","PASLXY",0.345864661654135,"high_resolution_le_50pct",1,FALSE,"1","1","ENSE00001136349"
"HETDEL_cluster_0015","HETDEL","HETDEL",TRUE,"CNA_event_000024","PASPDS",0.355054302422723,"high_resolution_le_50pct",1,FALSE,"4","4","ENSE00003558404"
"HETDEL_cluster_0015","HETDEL","HETDEL",TRUE,"CNA_event_000025","PASPLG",0.425229741019215,"high_resolution_le_50pct",1,FALSE,"4","4","ENSE00003558404"
"HETDEL_cluster_0015","HETDEL","HETDEL",TRUE,"CNA_event_000026","PASPNW",0.822055137844611,"low_resolution_75_90pct",3,TRUE,"4;8;9","4;8;9","ENSE00003558404;ENSE00003604670;ENSE00003651348"
"HETDEL_cluster_0015","HETDEL","HETDEL",TRUE,"CNA_event_000028","PASRMM",0.345864661654135,"high_resolution_le_50pct",1,FALSE,"1","1","ENSE00001136349"
"HETDEL_cluster_0015","HETDEL","HOMDEL",FALSE,"CNA_event_000156","PASRPV",0.345864661654135,"high_resolution_le_50pct",1,FALSE,"1","1","ENSE00001136349"
"HETDEL_cluster_0015","HETDEL","HETDEL",TRUE,"CNA_event_000032","PASTCH",0.456975772765246,"high_resolution_le_50pct",2,TRUE,"1;4","1;4","ENSE00001136349;ENSE00003558404"
"HETDEL_cluster_0015","HETDEL","HETDEL",TRUE,"CNA_event_000033","PASTHE",0.425229741019215,"high_resolution_le_50pct",1,FALSE,"4","4","ENSE00003558404"
"HETDEL_cluster_0015","HETDEL","HETDEL",TRUE,"CNA_event_000034","PASUSV",0.822055137844611,"low_resolution_75_90pct",3,TRUE,"4;8;9","4;8;9","ENSE00003558404;ENSE00003604670;ENSE00003651348"
"HETDEL_cluster_0015","HETDEL","HETDEL",TRUE,"CNA_event_000038","PASWYU",0.586466165413534,"moderate_resolution_50_75pct",3,TRUE,"4;8;9","4;8;9","ENSE00003558404;ENSE00003604670;ENSE00003651348"
"HETDEL_cluster_0015","HETDEL","HETDEL",TRUE,"CNA_event_000039","PASYNX",0.360066833751044,"high_resolution_le_50pct",1,FALSE,"4","4","ENSE00003558404"
"HETDEL_cluster_0015","HETDEL","HETDEL",TRUE,"CNA_event_000042","PASYWF",0.654135338345865,"moderate_resolution_50_75pct",3,TRUE,"4;8;9","4;8;9","ENSE00003558404;ENSE00003604670;ENSE00003651348"
"HETDEL_cluster_0015","HETDEL","HETDEL",TRUE,"CNA_event_000044","PATALF",0.425229741019215,"high_resolution_le_50pct",1,FALSE,"4","4","ENSE00003558404"
"HETDEL_cluster_0015","HETDEL","HETDEL",TRUE,"CNA_event_000046","PATCTR",0.257309941520468,"high_resolution_le_50pct",1,FALSE,"4","4","ENSE00003558404"
"HETDEL_cluster_0015","HETDEL","HOMDEL",FALSE,"CNA_event_000159","PATCTR",0.345864661654135,"high_resolution_le_50pct",1,FALSE,"1","1","ENSE00001136349"
"HETDEL_cluster_0015","HETDEL","HETDEL",TRUE,"CNA_event_000050","PATHFE",0.822055137844611,"low_resolution_75_90pct",3,TRUE,"4;8;9","4;8;9","ENSE00003558404;ENSE00003604670;ENSE00003651348"
"HETDEL_cluster_0015","HETDEL","HETDEL",TRUE,"CNA_event_000052","PATJLY",0.355054302422723,"high_resolution_le_50pct",1,FALSE,"4","4","ENSE00003558404"
"HETDEL_cluster_0015","HETDEL","HETDEL",TRUE,"CNA_event_000054","PATKZH",0.345864661654135,"high_resolution_le_50pct",1,FALSE,"1","1","ENSE00001136349"
"HETDEL_cluster_0015","HETDEL","HETDEL",TRUE,"CNA_event_000055","PATLLH",0.425229741019215,"high_resolution_le_50pct",1,FALSE,"4","4","ENSE00003558404"
"HETDEL_cluster_0015","HETDEL","HETDEL",TRUE,"CNA_event_000056","PATNAM",0.233918128654971,"high_resolution_le_50pct",1,FALSE,"1","1","ENSE00001136349"
"HETDEL_cluster_0015","HETDEL","HETDEL",TRUE,"CNA_event_000057","PATPDA",0.664160401002506,"moderate_resolution_50_75pct",2,TRUE,"4;8","4;8","ENSE00003558404;ENSE00003604670"
"HETDEL_cluster_0015","HETDEL","HETDEL",TRUE,"CNA_event_000059","PATRKV",0.223057644110276,"high_resolution_le_50pct",1,FALSE,"4","4","ENSE00003558404"
"HETDEL_cluster_0015","HETDEL","HETDEL",TRUE,"CNA_event_000060","PATSPG",0.345864661654135,"high_resolution_le_50pct",1,FALSE,"1","1","ENSE00001136349"
"HETDEL_cluster_0015","HETDEL","HETDEL",TRUE,"CNA_event_000070","PAUCDC",0.822055137844611,"low_resolution_75_90pct",3,TRUE,"4;8;9","4;8;9","ENSE00003558404;ENSE00003604670;ENSE00003651348"
"HETDEL_cluster_0015","HETDEL","HETDEL",TRUE,"CNA_event_000072","PAUEUC",0.177944862155388,"high_resolution_le_50pct",1,FALSE,"1","1","ENSE00001136349"
"HETDEL_cluster_0015","HETDEL","HETDEL",TRUE,"CNA_event_000075","PAUEXN",0.206349206349206,"high_resolution_le_50pct",1,FALSE,"1","1","ENSE00001136349"
"HETDEL_cluster_0015","HETDEL","HETDEL",TRUE,"CNA_event_000078","PAUGLY",0.345864661654135,"high_resolution_le_50pct",1,FALSE,"1","1","ENSE00001136349"
"HETDEL_cluster_0015","HETDEL","HETDEL",TRUE,"CNA_event_000079","PAUIEM",0.654135338345865,"moderate_resolution_50_75pct",3,TRUE,"4;8;9","4;8;9","ENSE00003558404;ENSE00003604670;ENSE00003651348"
"HETDEL_cluster_0015","HETDEL","HETDEL",TRUE,"CNA_event_000081","PAUJVL",0.345864661654135,"high_resolution_le_50pct",1,FALSE,"1","1","ENSE00001136349"
"HETDEL_cluster_0015","HETDEL","HETDEL",TRUE,"CNA_event_000083","PAUKZJ",0.608187134502924,"moderate_resolution_50_75pct",2,TRUE,"4;8","4;8","ENSE00003558404;ENSE00003604670"
"HETDEL_cluster_0015","HETDEL","HETDEL",TRUE,"CNA_event_000085","PAULGX",0.238930659983292,"high_resolution_le_50pct",1,FALSE,"8","8","ENSE00003604670"
"HETDEL_cluster_0015","HETDEL","HOMDEL",FALSE,"CNA_event_000167","PAULGX",0.603174603174603,"moderate_resolution_50_75pct",2,TRUE,"1;4","1;4","ENSE00001136349;ENSE00003558404"
"HETDEL_cluster_0015","HETDEL","HOMDEL",FALSE,"CNA_event_000168","PAUMIB",0.345864661654135,"high_resolution_le_50pct",1,FALSE,"1","1","ENSE00001136349"
"HETDEL_cluster_0015","HETDEL","HETDEL",TRUE,"CNA_event_000087","PAUMLX",0.345864661654135,"high_resolution_le_50pct",1,FALSE,"1","1","ENSE00001136349"
"HETDEL_cluster_0015","HETDEL","HETDEL",TRUE,"CNA_event_000088","PAUMXB",0.345864661654135,"high_resolution_le_50pct",1,FALSE,"1","1","ENSE00001136349"
"HETDEL_cluster_0015","HETDEL","HETDEL",TRUE,"CNA_event_000091","PAUSIS",0.822055137844611,"low_resolution_75_90pct",3,TRUE,"4;8;9","4;8;9","ENSE00003558404;ENSE00003604670;ENSE00003651348"
"HETDEL_cluster_0015","HETDEL","HETDEL",TRUE,"CNA_event_000093","PAUTUL",0.664160401002506,"moderate_resolution_50_75pct",2,TRUE,"4;8","4;8","ENSE00003558404;ENSE00003604670"
"HETDEL_cluster_0015","HETDEL","HETDEL",TRUE,"CNA_event_000097","PAUWXI",0.822055137844611,"low_resolution_75_90pct",3,TRUE,"4;8;9","4;8;9","ENSE00003558404;ENSE00003604670;ENSE00003651348"
"HETDEL_cluster_0015","HETDEL","HETDEL",TRUE,"CNA_event_000100","PAUXRM",0.279030910609858,"high_resolution_le_50pct",1,FALSE,"4","4","ENSE00003558404"
"HETDEL_cluster_0015","HETDEL","HETDEL",TRUE,"CNA_event_000101","PAUXYI",0.355054302422723,"high_resolution_le_50pct",1,FALSE,"4","4","ENSE00003558404"
"HETDEL_cluster_0015","HETDEL","HETDEL",TRUE,"CNA_event_000102","PAUYJF",0.425229741019215,"high_resolution_le_50pct",1,FALSE,"4","4","ENSE00003558404"
"HETDEL_cluster_0015","HETDEL","HETDEL",TRUE,"CNA_event_000110","PAVKCV",0.177944862155388,"high_resolution_le_50pct",1,FALSE,"1","1","ENSE00001136349"
"HETDEL_cluster_0015","HETDEL","HETDEL",TRUE,"CNA_event_000116","PAVMPT",0.279030910609858,"high_resolution_le_50pct",1,FALSE,"4","4","ENSE00003558404"
"HETDEL_cluster_0015","HETDEL","HETDEL",TRUE,"CNA_event_000120","PAVPCB",0.206349206349206,"high_resolution_le_50pct",1,FALSE,"1","1","ENSE00001136349"
"HETDEL_cluster_0015","HETDEL","HETDEL",TRUE,"CNA_event_000121","PAVRXK",0.932330827067669,"very_low_resolution_90_lt_100pct",4,TRUE,"1;4;8;9","1;4;8;9","ENSE00001136349;ENSE00003558404;ENSE00003604670;ENSE00003651348"
"HETDEL_cluster_0015","HETDEL","HETDEL",TRUE,"CNA_event_000122","PAVVBE",0.177944862155388,"high_resolution_le_50pct",1,FALSE,"1","1","ENSE00001136349"
"HETDEL_cluster_0015","HETDEL","HOMDEL",FALSE,"CNA_event_000175","PAVVBE",0.754385964912281,"low_resolution_75_90pct",3,TRUE,"4;8;9","4;8;9","ENSE00003558404;ENSE00003604670;ENSE00003651348"
"HETDEL_cluster_0015","HETDEL","HETDEL",TRUE,"CNA_event_000123","PAVVDS",0.257309941520468,"high_resolution_le_50pct",1,FALSE,"4","4","ENSE00003558404"
"HETDEL_cluster_0015","HETDEL","HETDEL",TRUE,"CNA_event_000125","PAVWNL",0.345864661654135,"high_resolution_le_50pct",1,FALSE,"1","1","ENSE00001136349"
"HETDEL_cluster_0015","HETDEL","HETDEL",TRUE,"CNA_event_000126","PAVYAZ",0.177944862155388,"high_resolution_le_50pct",1,FALSE,"1","1","ENSE00001136349"
"HETDEL_cluster_0015","HETDEL","HETDEL",TRUE,"CNA_event_000130","PAVZCF",0.425229741019215,"high_resolution_le_50pct",1,FALSE,"4","4","ENSE00003558404"
"HETDEL_cluster_0015","HETDEL","HETDEL",TRUE,"CNA_event_000136","PAWDWJ",0.822055137844611,"low_resolution_75_90pct",3,TRUE,"4;8;9","4;8;9","ENSE00003558404;ENSE00003604670;ENSE00003651348"
"HETDEL_cluster_0015","HETDEL","HETDEL",TRUE,"CNA_event_000139","PAWESJ",0.345864661654135,"high_resolution_le_50pct",1,FALSE,"1","1","ENSE00001136349"
"HETDEL_cluster_0015","HETDEL","HETDEL",TRUE,"CNA_event_000140","PAWETD",0.822055137844611,"low_resolution_75_90pct",3,TRUE,"4;8;9","4;8;9","ENSE00003558404;ENSE00003604670;ENSE00003651348"
"HETDEL_cluster_0015","HETDEL","HETDEL",TRUE,"CNA_event_000141","PAWFNJ",0.345864661654135,"high_resolution_le_50pct",1,FALSE,"1","1","ENSE00001136349"
"HETDEL_cluster_0015","HETDEL","HETDEL",TRUE,"CNA_event_000142","PAWFWF",0.345864661654135,"high_resolution_le_50pct",1,FALSE,"1","1","ENSE00001136349"
"HETDEL_cluster_0015","HETDEL","HETDEL",TRUE,"CNA_event_000145","PAWGXM",0.496240601503759,"high_resolution_le_50pct",2,TRUE,"4;8","4;8","ENSE00003558404;ENSE00003604670"
"HETDEL_cluster_0015","HETDEL","HETDEL",TRUE,"CNA_event_000147","PAWIWS",0.355054302422723,"high_resolution_le_50pct",1,FALSE,"4","4","ENSE00003558404"
"HETDEL_cluster_0015","HETDEL","HETDEL",TRUE,"CNA_event_000149","PAWJYN",0.345864661654135,"high_resolution_le_50pct",1,FALSE,"1","1","ENSE00001136349"
"HETDEL_cluster_0016","HETDEL","HETDEL",TRUE,"CNA_event_000004","PARNXJ",0.822055137844611,"low_resolution_75_90pct",7,TRUE,"4;5;6;8;9;10;11","4;5;6;8;9;10;11","ENSE00003468993;ENSE00003510092;ENSE00003530344;ENSE00003558404;ENSE00003604670;ENSE00003651348;ENSE00003663409"
"HETDEL_cluster_0016","HETDEL","HETDEL",TRUE,"CNA_event_000007","PARSNX",0.289891395154553,"high_resolution_le_50pct",1,FALSE,"1","1","ENSE00001136349"
"HETDEL_cluster_0016","HETDEL","HETDEL",TRUE,"CNA_event_000008","PARWNW",0.654135338345865,"moderate_resolution_50_75pct",7,TRUE,"4;5;6;8;9;10;11","4;5;6;8;9;10;11","ENSE00003468993;ENSE00003510092;ENSE00003530344;ENSE00003558404;ENSE00003604670;ENSE00003651348;ENSE00003663409"
"HETDEL_cluster_0016","HETDEL","HETDEL",TRUE,"CNA_event_000010","PARXPZ",0.822055137844611,"low_resolution_75_90pct",7,TRUE,"4;5;6;8;9;10;11","4;5;6;8;9;10;11","ENSE00003468993;ENSE00003510092;ENSE00003530344;ENSE00003558404;ENSE00003604670;ENSE00003651348;ENSE00003663409"
"HETDEL_cluster_0016","HETDEL","HETDEL",TRUE,"CNA_event_000013","PASILW",0.177944862155388,"high_resolution_le_50pct",1,FALSE,"1","1","ENSE00001136349"
"HETDEL_cluster_0016","HETDEL","HETDEL",TRUE,"CNA_event_000015","PASINX",0.345864661654135,"high_resolution_le_50pct",1,FALSE,"1","1","ENSE00001136349"
"HETDEL_cluster_0016","HETDEL","HETDEL",TRUE,"CNA_event_000019","PASKAD",0.654135338345865,"moderate_resolution_50_75pct",7,TRUE,"4;5;6;8;9;10;11","4;5;6;8;9;10;11","ENSE00003468993;ENSE00003510092;ENSE00003530344;ENSE00003558404;ENSE00003604670;ENSE00003651348;ENSE00003663409"
"HETDEL_cluster_0016","HETDEL","HETDEL",TRUE,"CNA_event_000020","PASKLU",0.111111111111111,"high_resolution_le_50pct",1,FALSE,"4","4","ENSE00003558404"
"HETDEL_cluster_0016","HETDEL","HETDEL",TRUE,"CNA_event_000021","PASKWG",0.654135338345865,"moderate_resolution_50_75pct",7,TRUE,"4;5;6;8;9;10;11","4;5;6;8;9;10;11","ENSE00003468993;ENSE00003510092;ENSE00003530344;ENSE00003558404;ENSE00003604670;ENSE00003651348;ENSE00003663409"
"HETDEL_cluster_0016","HETDEL","HETDEL",TRUE,"CNA_event_000023","PASLXY",0.345864661654135,"high_resolution_le_50pct",1,FALSE,"1","1","ENSE00001136349"
"HETDEL_cluster_0016","HETDEL","HETDEL",TRUE,"CNA_event_000024","PASPDS",0.355054302422723,"high_resolution_le_50pct",2,TRUE,"4;5","4;5","ENSE00003558404;ENSE00003663409"
"HETDEL_cluster_0016","HETDEL","HETDEL",TRUE,"CNA_event_000025","PASPLG",0.425229741019215,"high_resolution_le_50pct",3,TRUE,"4;5;6","4;5;6","ENSE00003468993;ENSE00003558404;ENSE00003663409"
"HETDEL_cluster_0016","HETDEL","HETDEL",TRUE,"CNA_event_000026","PASPNW",0.822055137844611,"low_resolution_75_90pct",7,TRUE,"4;5;6;8;9;10;11","4;5;6;8;9;10;11","ENSE00003468993;ENSE00003510092;ENSE00003530344;ENSE00003558404;ENSE00003604670;ENSE00003651348;ENSE00003663409"
"HETDEL_cluster_0016","HETDEL","HETDEL",TRUE,"CNA_event_000028","PASRMM",0.345864661654135,"high_resolution_le_50pct",1,FALSE,"1","1","ENSE00001136349"
"HETDEL_cluster_0016","HETDEL","HOMDEL",FALSE,"CNA_event_000156","PASRPV",0.345864661654135,"high_resolution_le_50pct",1,FALSE,"1","1","ENSE00001136349"
"HETDEL_cluster_0016","HETDEL","HETDEL",TRUE,"CNA_event_000032","PASTCH",0.456975772765246,"high_resolution_le_50pct",2,TRUE,"1;4","1;4","ENSE00001136349;ENSE00003558404"
"HETDEL_cluster_0016","HETDEL","HETDEL",TRUE,"CNA_event_000033","PASTHE",0.425229741019215,"high_resolution_le_50pct",3,TRUE,"4;5;6","4;5;6","ENSE00003468993;ENSE00003558404;ENSE00003663409"
"HETDEL_cluster_0016","HETDEL","HETDEL",TRUE,"CNA_event_000034","PASUSV",0.822055137844611,"low_resolution_75_90pct",7,TRUE,"4;5;6;8;9;10;11","4;5;6;8;9;10;11","ENSE00003468993;ENSE00003510092;ENSE00003530344;ENSE00003558404;ENSE00003604670;ENSE00003651348;ENSE00003663409"
"HETDEL_cluster_0016","HETDEL","HETDEL",TRUE,"CNA_event_000038","PASWYU",0.586466165413534,"moderate_resolution_50_75pct",5,TRUE,"4;5;6;8;9","4;5;6;8;9","ENSE00003468993;ENSE00003558404;ENSE00003604670;ENSE00003651348;ENSE00003663409"
"HETDEL_cluster_0016","HETDEL","HETDEL",TRUE,"CNA_event_000039","PASYNX",0.360066833751044,"high_resolution_le_50pct",3,TRUE,"4;5;6","4;5;6","ENSE00003468993;ENSE00003558404;ENSE00003663409"
"HETDEL_cluster_0016","HETDEL","HETDEL",TRUE,"CNA_event_000042","PASYWF",0.654135338345865,"moderate_resolution_50_75pct",7,TRUE,"4;5;6;8;9;10;11","4;5;6;8;9;10;11","ENSE00003468993;ENSE00003510092;ENSE00003530344;ENSE00003558404;ENSE00003604670;ENSE00003651348;ENSE00003663409"
"HETDEL_cluster_0016","HETDEL","HETDEL",TRUE,"CNA_event_000044","PATALF",0.425229741019215,"high_resolution_le_50pct",3,TRUE,"4;5;6","4;5;6","ENSE00003468993;ENSE00003558404;ENSE00003663409"
"HETDEL_cluster_0016","HETDEL","HETDEL",TRUE,"CNA_event_000046","PATCTR",0.257309941520468,"high_resolution_le_50pct",3,TRUE,"4;5;6","4;5;6","ENSE00003468993;ENSE00003558404;ENSE00003663409"
"HETDEL_cluster_0016","HETDEL","HOMDEL",FALSE,"CNA_event_000159","PATCTR",0.345864661654135,"high_resolution_le_50pct",1,FALSE,"1","1","ENSE00001136349"
"HETDEL_cluster_0016","HETDEL","HETDEL",TRUE,"CNA_event_000050","PATHFE",0.822055137844611,"low_resolution_75_90pct",7,TRUE,"4;5;6;8;9;10;11","4;5;6;8;9;10;11","ENSE00003468993;ENSE00003510092;ENSE00003530344;ENSE00003558404;ENSE00003604670;ENSE00003651348;ENSE00003663409"
"HETDEL_cluster_0016","HETDEL","HETDEL",TRUE,"CNA_event_000052","PATJLY",0.355054302422723,"high_resolution_le_50pct",2,TRUE,"4;5","4;5","ENSE00003558404;ENSE00003663409"
"HETDEL_cluster_0016","HETDEL","HETDEL",TRUE,"CNA_event_000054","PATKZH",0.345864661654135,"high_resolution_le_50pct",1,FALSE,"1","1","ENSE00001136349"
"HETDEL_cluster_0016","HETDEL","HETDEL",TRUE,"CNA_event_000055","PATLLH",0.425229741019215,"high_resolution_le_50pct",3,TRUE,"4;5;6","4;5;6","ENSE00003468993;ENSE00003558404;ENSE00003663409"
"HETDEL_cluster_0016","HETDEL","HETDEL",TRUE,"CNA_event_000056","PATNAM",0.233918128654971,"high_resolution_le_50pct",1,FALSE,"1","1","ENSE00001136349"
"HETDEL_cluster_0016","HETDEL","HETDEL",TRUE,"CNA_event_000057","PATPDA",0.664160401002506,"moderate_resolution_50_75pct",4,TRUE,"4;5;6;8","4;5;6;8","ENSE00003468993;ENSE00003558404;ENSE00003604670;ENSE00003663409"
"HETDEL_cluster_0016","HETDEL","HETDEL",TRUE,"CNA_event_000059","PATRKV",0.223057644110276,"high_resolution_le_50pct",1,FALSE,"4","4","ENSE00003558404"
"HETDEL_cluster_0016","HETDEL","HETDEL",TRUE,"CNA_event_000060","PATSPG",0.345864661654135,"high_resolution_le_50pct",1,FALSE,"1","1","ENSE00001136349"
"HETDEL_cluster_0016","HETDEL","HETDEL",TRUE,"CNA_event_000070","PAUCDC",0.822055137844611,"low_resolution_75_90pct",7,TRUE,"4;5;6;8;9;10;11","4;5;6;8;9;10;11","ENSE00003468993;ENSE00003510092;ENSE00003530344;ENSE00003558404;ENSE00003604670;ENSE00003651348;ENSE00003663409"
"HETDEL_cluster_0016","HETDEL","HETDEL",TRUE,"CNA_event_000072","PAUEUC",0.177944862155388,"high_resolution_le_50pct",1,FALSE,"1","1","ENSE00001136349"
"HETDEL_cluster_0016","HETDEL","HETDEL",TRUE,"CNA_event_000075","PAUEXN",0.206349206349206,"high_resolution_le_50pct",1,FALSE,"1","1","ENSE00001136349"
"HETDEL_cluster_0016","HETDEL","HETDEL",TRUE,"CNA_event_000078","PAUGLY",0.345864661654135,"high_resolution_le_50pct",1,FALSE,"1","1","ENSE00001136349"
"HETDEL_cluster_0016","HETDEL","HETDEL",TRUE,"CNA_event_000079","PAUIEM",0.654135338345865,"moderate_resolution_50_75pct",7,TRUE,"4;5;6;8;9;10;11","4;5;6;8;9;10;11","ENSE00003468993;ENSE00003510092;ENSE00003530344;ENSE00003558404;ENSE00003604670;ENSE00003651348;ENSE00003663409"
"HETDEL_cluster_0016","HETDEL","HETDEL",TRUE,"CNA_event_000081","PAUJVL",0.345864661654135,"high_resolution_le_50pct",1,FALSE,"1","1","ENSE00001136349"
"HETDEL_cluster_0016","HETDEL","HETDEL",TRUE,"CNA_event_000083","PAUKZJ",0.608187134502924,"moderate_resolution_50_75pct",4,TRUE,"4;5;6;8","4;5;6;8","ENSE00003468993;ENSE00003558404;ENSE00003604670;ENSE00003663409"
"HETDEL_cluster_0016","HETDEL","HETDEL",TRUE,"CNA_event_000085","PAULGX",0.238930659983292,"high_resolution_le_50pct",1,FALSE,"8","8","ENSE00003604670"
"HETDEL_cluster_0016","HETDEL","HOMDEL",FALSE,"CNA_event_000167","PAULGX",0.603174603174603,"moderate_resolution_50_75pct",4,TRUE,"1;4;5;6","1;4;5;6","ENSE00001136349;ENSE00003468993;ENSE00003558404;ENSE00003663409"
"HETDEL_cluster_0016","HETDEL","HOMDEL",FALSE,"CNA_event_000168","PAUMIB",0.345864661654135,"high_resolution_le_50pct",1,FALSE,"1","1","ENSE00001136349"
"HETDEL_cluster_0016","HETDEL","HETDEL",TRUE,"CNA_event_000087","PAUMLX",0.345864661654135,"high_resolution_le_50pct",1,FALSE,"1","1","ENSE00001136349"
"HETDEL_cluster_0016","HETDEL","HETDEL",TRUE,"CNA_event_000088","PAUMXB",0.345864661654135,"high_resolution_le_50pct",1,FALSE,"1","1","ENSE00001136349"
"HETDEL_cluster_0016","HETDEL","HETDEL",TRUE,"CNA_event_000091","PAUSIS",0.822055137844611,"low_resolution_75_90pct",7,TRUE,"4;5;6;8;9;10;11","4;5;6;8;9;10;11","ENSE00003468993;ENSE00003510092;ENSE00003530344;ENSE00003558404;ENSE00003604670;ENSE00003651348;ENSE00003663409"
"HETDEL_cluster_0016","HETDEL","HETDEL",TRUE,"CNA_event_000093","PAUTUL",0.664160401002506,"moderate_resolution_50_75pct",4,TRUE,"4;5;6;8","4;5;6;8","ENSE00003468993;ENSE00003558404;ENSE00003604670;ENSE00003663409"
"HETDEL_cluster_0016","HETDEL","HETDEL",TRUE,"CNA_event_000097","PAUWXI",0.822055137844611,"low_resolution_75_90pct",7,TRUE,"4;5;6;8;9;10;11","4;5;6;8;9;10;11","ENSE00003468993;ENSE00003510092;ENSE00003530344;ENSE00003558404;ENSE00003604670;ENSE00003651348;ENSE00003663409"
"HETDEL_cluster_0016","HETDEL","HETDEL",TRUE,"CNA_event_000100","PAUXRM",0.279030910609858,"high_resolution_le_50pct",1,FALSE,"4","4","ENSE00003558404"
"HETDEL_cluster_0016","HETDEL","HETDEL",TRUE,"CNA_event_000101","PAUXYI",0.355054302422723,"high_resolution_le_50pct",2,TRUE,"4;5","4;5","ENSE00003558404;ENSE00003663409"
"HETDEL_cluster_0016","HETDEL","HETDEL",TRUE,"CNA_event_000102","PAUYJF",0.425229741019215,"high_resolution_le_50pct",3,TRUE,"4;5;6","4;5;6","ENSE00003468993;ENSE00003558404;ENSE00003663409"
"HETDEL_cluster_0016","HETDEL","HETDEL",TRUE,"CNA_event_000110","PAVKCV",0.177944862155388,"high_resolution_le_50pct",1,FALSE,"1","1","ENSE00001136349"
"HETDEL_cluster_0016","HETDEL","HETDEL",TRUE,"CNA_event_000116","PAVMPT",0.279030910609858,"high_resolution_le_50pct",1,FALSE,"4","4","ENSE00003558404"
"HETDEL_cluster_0016","HETDEL","HETDEL",TRUE,"CNA_event_000120","PAVPCB",0.206349206349206,"high_resolution_le_50pct",1,FALSE,"1","1","ENSE00001136349"
"HETDEL_cluster_0016","HETDEL","HETDEL",TRUE,"CNA_event_000121","PAVRXK",0.932330827067669,"very_low_resolution_90_lt_100pct",6,TRUE,"1;4;5;6;8;9","1;4;5;6;8;9","ENSE00001136349;ENSE00003468993;ENSE00003558404;ENSE00003604670;ENSE00003651348;ENSE00003663409"
"HETDEL_cluster_0016","HETDEL","HETDEL",TRUE,"CNA_event_000122","PAVVBE",0.177944862155388,"high_resolution_le_50pct",1,FALSE,"1","1","ENSE00001136349"
"HETDEL_cluster_0016","HETDEL","HOMDEL",FALSE,"CNA_event_000175","PAVVBE",0.754385964912281,"low_resolution_75_90pct",5,TRUE,"4;5;6;8;9","4;5;6;8;9","ENSE00003468993;ENSE00003558404;ENSE00003604670;ENSE00003651348;ENSE00003663409"
"HETDEL_cluster_0016","HETDEL","HETDEL",TRUE,"CNA_event_000123","PAVVDS",0.257309941520468,"high_resolution_le_50pct",3,TRUE,"4;5;6","4;5;6","ENSE00003468993;ENSE00003558404;ENSE00003663409"
"HETDEL_cluster_0016","HETDEL","HETDEL",TRUE,"CNA_event_000125","PAVWNL",0.345864661654135,"high_resolution_le_50pct",1,FALSE,"1","1","ENSE00001136349"
"HETDEL_cluster_0016","HETDEL","HETDEL",TRUE,"CNA_event_000126","PAVYAZ",0.177944862155388,"high_resolution_le_50pct",1,FALSE,"1","1","ENSE00001136349"
"HETDEL_cluster_0016","HETDEL","HETDEL",TRUE,"CNA_event_000130","PAVZCF",0.425229741019215,"high_resolution_le_50pct",3,TRUE,"4;5;6","4;5;6","ENSE00003468993;ENSE00003558404;ENSE00003663409"
"HETDEL_cluster_0016","HETDEL","HETDEL",TRUE,"CNA_event_000136","PAWDWJ",0.822055137844611,"low_resolution_75_90pct",7,TRUE,"4;5;6;8;9;10;11","4;5;6;8;9;10;11","ENSE00003468993;ENSE00003510092;ENSE00003530344;ENSE00003558404;ENSE00003604670;ENSE00003651348;ENSE00003663409"
"HETDEL_cluster_0016","HETDEL","HETDEL",TRUE,"CNA_event_000139","PAWESJ",0.345864661654135,"high_resolution_le_50pct",1,FALSE,"1","1","ENSE00001136349"
"HETDEL_cluster_0016","HETDEL","HETDEL",TRUE,"CNA_event_000140","PAWETD",0.822055137844611,"low_resolution_75_90pct",7,TRUE,"4;5;6;8;9;10;11","4;5;6;8;9;10;11","ENSE00003468993;ENSE00003510092;ENSE00003530344;ENSE00003558404;ENSE00003604670;ENSE00003651348;ENSE00003663409"
"HETDEL_cluster_0016","HETDEL","HETDEL",TRUE,"CNA_event_000141","PAWFNJ",0.345864661654135,"high_resolution_le_50pct",1,FALSE,"1","1","ENSE00001136349"
"HETDEL_cluster_0016","HETDEL","HETDEL",TRUE,"CNA_event_000142","PAWFWF",0.345864661654135,"high_resolution_le_50pct",1,FALSE,"1","1","ENSE00001136349"
"HETDEL_cluster_0016","HETDEL","HETDEL",TRUE,"CNA_event_000145","PAWGXM",0.496240601503759,"high_resolution_le_50pct",4,TRUE,"4;5;6;8","4;5;6;8","ENSE00003468993;ENSE00003558404;ENSE00003604670;ENSE00003663409"
"HETDEL_cluster_0016","HETDEL","HETDEL",TRUE,"CNA_event_000147","PAWIWS",0.355054302422723,"high_resolution_le_50pct",2,TRUE,"4;5","4;5","ENSE00003558404;ENSE00003663409"
"HETDEL_cluster_0016","HETDEL","HETDEL",TRUE,"CNA_event_000149","PAWJYN",0.345864661654135,"high_resolution_le_50pct",1,FALSE,"1","1","ENSE00001136349"
"HETDEL_cluster_0017","HETDEL","HETDEL",TRUE,"CNA_event_000004","PARNXJ",0.822055137844611,"low_resolution_75_90pct",2,TRUE,"8;9","8;9","ENSE00003604670;ENSE00003651348"
"HETDEL_cluster_0017","HETDEL","HETDEL",TRUE,"CNA_event_000007","PARSNX",0.289891395154553,"high_resolution_le_50pct",1,FALSE,"1","1","ENSE00001136349"
"HETDEL_cluster_0017","HETDEL","HETDEL",TRUE,"CNA_event_000008","PARWNW",0.654135338345865,"moderate_resolution_50_75pct",2,TRUE,"8;9","8;9","ENSE00003604670;ENSE00003651348"
"HETDEL_cluster_0017","HETDEL","HETDEL",TRUE,"CNA_event_000010","PARXPZ",0.822055137844611,"low_resolution_75_90pct",2,TRUE,"8;9","8;9","ENSE00003604670;ENSE00003651348"
"HETDEL_cluster_0017","HETDEL","HETDEL",TRUE,"CNA_event_000013","PASILW",0.177944862155388,"high_resolution_le_50pct",1,FALSE,"1","1","ENSE00001136349"
"HETDEL_cluster_0017","HETDEL","HETDEL",TRUE,"CNA_event_000015","PASINX",0.345864661654135,"high_resolution_le_50pct",1,FALSE,"1","1","ENSE00001136349"
"HETDEL_cluster_0017","HETDEL","HETDEL",TRUE,"CNA_event_000019","PASKAD",0.654135338345865,"moderate_resolution_50_75pct",2,TRUE,"8;9","8;9","ENSE00003604670;ENSE00003651348"
"HETDEL_cluster_0017","HETDEL","HETDEL",TRUE,"CNA_event_000021","PASKWG",0.654135338345865,"moderate_resolution_50_75pct",2,TRUE,"8;9","8;9","ENSE00003604670;ENSE00003651348"
"HETDEL_cluster_0017","HETDEL","HETDEL",TRUE,"CNA_event_000023","PASLXY",0.345864661654135,"high_resolution_le_50pct",1,FALSE,"1","1","ENSE00001136349"
"HETDEL_cluster_0017","HETDEL","HETDEL",TRUE,"CNA_event_000026","PASPNW",0.822055137844611,"low_resolution_75_90pct",2,TRUE,"8;9","8;9","ENSE00003604670;ENSE00003651348"
"HETDEL_cluster_0017","HETDEL","HETDEL",TRUE,"CNA_event_000028","PASRMM",0.345864661654135,"high_resolution_le_50pct",1,FALSE,"1","1","ENSE00001136349"
"HETDEL_cluster_0017","HETDEL","HOMDEL",FALSE,"CNA_event_000156","PASRPV",0.345864661654135,"high_resolution_le_50pct",1,FALSE,"1","1","ENSE00001136349"
"HETDEL_cluster_0017","HETDEL","HETDEL",TRUE,"CNA_event_000032","PASTCH",0.456975772765246,"high_resolution_le_50pct",1,FALSE,"1","1","ENSE00001136349"
"HETDEL_cluster_0017","HETDEL","HETDEL",TRUE,"CNA_event_000034","PASUSV",0.822055137844611,"low_resolution_75_90pct",2,TRUE,"8;9","8;9","ENSE00003604670;ENSE00003651348"
"HETDEL_cluster_0017","HETDEL","HETDEL",TRUE,"CNA_event_000038","PASWYU",0.586466165413534,"moderate_resolution_50_75pct",2,TRUE,"8;9","8;9","ENSE00003604670;ENSE00003651348"
"HETDEL_cluster_0017","HETDEL","HETDEL",TRUE,"CNA_event_000042","PASYWF",0.654135338345865,"moderate_resolution_50_75pct",2,TRUE,"8;9","8;9","ENSE00003604670;ENSE00003651348"
"HETDEL_cluster_0017","HETDEL","HOMDEL",FALSE,"CNA_event_000159","PATCTR",0.345864661654135,"high_resolution_le_50pct",1,FALSE,"1","1","ENSE00001136349"
"HETDEL_cluster_0017","HETDEL","HETDEL",TRUE,"CNA_event_000050","PATHFE",0.822055137844611,"low_resolution_75_90pct",2,TRUE,"8;9","8;9","ENSE00003604670;ENSE00003651348"
"HETDEL_cluster_0017","HETDEL","HETDEL",TRUE,"CNA_event_000054","PATKZH",0.345864661654135,"high_resolution_le_50pct",1,FALSE,"1","1","ENSE00001136349"
"HETDEL_cluster_0017","HETDEL","HETDEL",TRUE,"CNA_event_000056","PATNAM",0.233918128654971,"high_resolution_le_50pct",1,FALSE,"1","1","ENSE00001136349"
"HETDEL_cluster_0017","HETDEL","HETDEL",TRUE,"CNA_event_000057","PATPDA",0.664160401002506,"moderate_resolution_50_75pct",1,FALSE,"8","8","ENSE00003604670"
"HETDEL_cluster_0017","HETDEL","HETDEL",TRUE,"CNA_event_000060","PATSPG",0.345864661654135,"high_resolution_le_50pct",1,FALSE,"1","1","ENSE00001136349"
"HETDEL_cluster_0017","HETDEL","HETDEL",TRUE,"CNA_event_000070","PAUCDC",0.822055137844611,"low_resolution_75_90pct",2,TRUE,"8;9","8;9","ENSE00003604670;ENSE00003651348"
"HETDEL_cluster_0017","HETDEL","HETDEL",TRUE,"CNA_event_000072","PAUEUC",0.177944862155388,"high_resolution_le_50pct",1,FALSE,"1","1","ENSE00001136349"
"HETDEL_cluster_0017","HETDEL","HETDEL",TRUE,"CNA_event_000075","PAUEXN",0.206349206349206,"high_resolution_le_50pct",1,FALSE,"1","1","ENSE00001136349"
"HETDEL_cluster_0017","HETDEL","HETDEL",TRUE,"CNA_event_000078","PAUGLY",0.345864661654135,"high_resolution_le_50pct",1,FALSE,"1","1","ENSE00001136349"
"HETDEL_cluster_0017","HETDEL","HETDEL",TRUE,"CNA_event_000079","PAUIEM",0.654135338345865,"moderate_resolution_50_75pct",2,TRUE,"8;9","8;9","ENSE00003604670;ENSE00003651348"
"HETDEL_cluster_0017","HETDEL","HETDEL",TRUE,"CNA_event_000081","PAUJVL",0.345864661654135,"high_resolution_le_50pct",1,FALSE,"1","1","ENSE00001136349"
"HETDEL_cluster_0017","HETDEL","HETDEL",TRUE,"CNA_event_000083","PAUKZJ",0.608187134502924,"moderate_resolution_50_75pct",1,FALSE,"8","8","ENSE00003604670"
"HETDEL_cluster_0017","HETDEL","HETDEL",TRUE,"CNA_event_000085","PAULGX",0.238930659983292,"high_resolution_le_50pct",1,FALSE,"8","8","ENSE00003604670"
"HETDEL_cluster_0017","HETDEL","HOMDEL",FALSE,"CNA_event_000167","PAULGX",0.603174603174603,"moderate_resolution_50_75pct",1,FALSE,"1","1","ENSE00001136349"
"HETDEL_cluster_0017","HETDEL","HOMDEL",FALSE,"CNA_event_000168","PAUMIB",0.345864661654135,"high_resolution_le_50pct",1,FALSE,"1","1","ENSE00001136349"
"HETDEL_cluster_0017","HETDEL","HETDEL",TRUE,"CNA_event_000087","PAUMLX",0.345864661654135,"high_resolution_le_50pct",1,FALSE,"1","1","ENSE00001136349"
"HETDEL_cluster_0017","HETDEL","HETDEL",TRUE,"CNA_event_000088","PAUMXB",0.345864661654135,"high_resolution_le_50pct",1,FALSE,"1","1","ENSE00001136349"
"HETDEL_cluster_0017","HETDEL","HETDEL",TRUE,"CNA_event_000091","PAUSIS",0.822055137844611,"low_resolution_75_90pct",2,TRUE,"8;9","8;9","ENSE00003604670;ENSE00003651348"
"HETDEL_cluster_0017","HETDEL","HETDEL",TRUE,"CNA_event_000093","PAUTUL",0.664160401002506,"moderate_resolution_50_75pct",1,FALSE,"8","8","ENSE00003604670"
"HETDEL_cluster_0017","HETDEL","HETDEL",TRUE,"CNA_event_000097","PAUWXI",0.822055137844611,"low_resolution_75_90pct",2,TRUE,"8;9","8;9","ENSE00003604670;ENSE00003651348"
"HETDEL_cluster_0017","HETDEL","HETDEL",TRUE,"CNA_event_000110","PAVKCV",0.177944862155388,"high_resolution_le_50pct",1,FALSE,"1","1","ENSE00001136349"
"HETDEL_cluster_0017","HETDEL","HETDEL",TRUE,"CNA_event_000120","PAVPCB",0.206349206349206,"high_resolution_le_50pct",1,FALSE,"1","1","ENSE00001136349"
"HETDEL_cluster_0017","HETDEL","HETDEL",TRUE,"CNA_event_000121","PAVRXK",0.932330827067669,"very_low_resolution_90_lt_100pct",3,TRUE,"1;8;9","1;8;9","ENSE00001136349;ENSE00003604670;ENSE00003651348"
"HETDEL_cluster_0017","HETDEL","HETDEL",TRUE,"CNA_event_000122","PAVVBE",0.177944862155388,"high_resolution_le_50pct",1,FALSE,"1","1","ENSE00001136349"
"HETDEL_cluster_0017","HETDEL","HOMDEL",FALSE,"CNA_event_000175","PAVVBE",0.754385964912281,"low_resolution_75_90pct",2,TRUE,"8;9","8;9","ENSE00003604670;ENSE00003651348"
"HETDEL_cluster_0017","HETDEL","HETDEL",TRUE,"CNA_event_000125","PAVWNL",0.345864661654135,"high_resolution_le_50pct",1,FALSE,"1","1","ENSE00001136349"
"HETDEL_cluster_0017","HETDEL","HETDEL",TRUE,"CNA_event_000126","PAVYAZ",0.177944862155388,"high_resolution_le_50pct",1,FALSE,"1","1","ENSE00001136349"
"HETDEL_cluster_0017","HETDEL","HETDEL",TRUE,"CNA_event_000136","PAWDWJ",0.822055137844611,"low_resolution_75_90pct",2,TRUE,"8;9","8;9","ENSE00003604670;ENSE00003651348"
"HETDEL_cluster_0017","HETDEL","HETDEL",TRUE,"CNA_event_000139","PAWESJ",0.345864661654135,"high_resolution_le_50pct",1,FALSE,"1","1","ENSE00001136349"
"HETDEL_cluster_0017","HETDEL","HETDEL",TRUE,"CNA_event_000140","PAWETD",0.822055137844611,"low_resolution_75_90pct",2,TRUE,"8;9","8;9","ENSE00003604670;ENSE00003651348"
"HETDEL_cluster_0017","HETDEL","HETDEL",TRUE,"CNA_event_000141","PAWFNJ",0.345864661654135,"high_resolution_le_50pct",1,FALSE,"1","1","ENSE00001136349"
"HETDEL_cluster_0017","HETDEL","HETDEL",TRUE,"CNA_event_000142","PAWFWF",0.345864661654135,"high_resolution_le_50pct",1,FALSE,"1","1","ENSE00001136349"
"HETDEL_cluster_0017","HETDEL","HETDEL",TRUE,"CNA_event_000145","PAWGXM",0.496240601503759,"high_resolution_le_50pct",1,FALSE,"8","8","ENSE00003604670"
"HETDEL_cluster_0017","HETDEL","HETDEL",TRUE,"CNA_event_000149","PAWJYN",0.345864661654135,"high_resolution_le_50pct",1,FALSE,"1","1","ENSE00001136349"
"HETDEL_cluster_0018","HETDEL","HETDEL",TRUE,"CNA_event_000007","PARSNX",0.289891395154553,"high_resolution_le_50pct",1,FALSE,"1","1","ENSE00001136349"
"HETDEL_cluster_0018","HETDEL","HETDEL",TRUE,"CNA_event_000013","PASILW",0.177944862155388,"high_resolution_le_50pct",1,FALSE,"1","1","ENSE00001136349"
"HETDEL_cluster_0018","HETDEL","HETDEL",TRUE,"CNA_event_000015","PASINX",0.345864661654135,"high_resolution_le_50pct",1,FALSE,"1","1","ENSE00001136349"
"HETDEL_cluster_0018","HETDEL","HETDEL",TRUE,"CNA_event_000023","PASLXY",0.345864661654135,"high_resolution_le_50pct",1,FALSE,"1","1","ENSE00001136349"
"HETDEL_cluster_0018","HETDEL","HETDEL",TRUE,"CNA_event_000028","PASRMM",0.345864661654135,"high_resolution_le_50pct",1,FALSE,"1","1","ENSE00001136349"
"HETDEL_cluster_0018","HETDEL","HOMDEL",FALSE,"CNA_event_000156","PASRPV",0.345864661654135,"high_resolution_le_50pct",1,FALSE,"1","1","ENSE00001136349"
"HETDEL_cluster_0018","HETDEL","HETDEL",TRUE,"CNA_event_000032","PASTCH",0.456975772765246,"high_resolution_le_50pct",1,FALSE,"1","1","ENSE00001136349"
"HETDEL_cluster_0018","HETDEL","HOMDEL",FALSE,"CNA_event_000159","PATCTR",0.345864661654135,"high_resolution_le_50pct",1,FALSE,"1","1","ENSE00001136349"
"HETDEL_cluster_0018","HETDEL","HETDEL",TRUE,"CNA_event_000054","PATKZH",0.345864661654135,"high_resolution_le_50pct",1,FALSE,"1","1","ENSE00001136349"
"HETDEL_cluster_0018","HETDEL","HETDEL",TRUE,"CNA_event_000056","PATNAM",0.233918128654971,"high_resolution_le_50pct",1,FALSE,"1","1","ENSE00001136349"
"HETDEL_cluster_0018","HETDEL","HETDEL",TRUE,"CNA_event_000060","PATSPG",0.345864661654135,"high_resolution_le_50pct",1,FALSE,"1","1","ENSE00001136349"
"HETDEL_cluster_0018","HETDEL","HETDEL",TRUE,"CNA_event_000072","PAUEUC",0.177944862155388,"high_resolution_le_50pct",1,FALSE,"1","1","ENSE00001136349"
"HETDEL_cluster_0018","HETDEL","HETDEL",TRUE,"CNA_event_000075","PAUEXN",0.206349206349206,"high_resolution_le_50pct",1,FALSE,"1","1","ENSE00001136349"
"HETDEL_cluster_0018","HETDEL","HETDEL",TRUE,"CNA_event_000078","PAUGLY",0.345864661654135,"high_resolution_le_50pct",1,FALSE,"1","1","ENSE00001136349"
"HETDEL_cluster_0018","HETDEL","HETDEL",TRUE,"CNA_event_000081","PAUJVL",0.345864661654135,"high_resolution_le_50pct",1,FALSE,"1","1","ENSE00001136349"
"HETDEL_cluster_0018","HETDEL","HOMDEL",FALSE,"CNA_event_000167","PAULGX",0.603174603174603,"moderate_resolution_50_75pct",1,FALSE,"1","1","ENSE00001136349"
"HETDEL_cluster_0018","HETDEL","HOMDEL",FALSE,"CNA_event_000168","PAUMIB",0.345864661654135,"high_resolution_le_50pct",1,FALSE,"1","1","ENSE00001136349"
"HETDEL_cluster_0018","HETDEL","HETDEL",TRUE,"CNA_event_000087","PAUMLX",0.345864661654135,"high_resolution_le_50pct",1,FALSE,"1","1","ENSE00001136349"
"HETDEL_cluster_0018","HETDEL","HETDEL",TRUE,"CNA_event_000088","PAUMXB",0.345864661654135,"high_resolution_le_50pct",1,FALSE,"1","1","ENSE00001136349"
"HETDEL_cluster_0018","HETDEL","HETDEL",TRUE,"CNA_event_000110","PAVKCV",0.177944862155388,"high_resolution_le_50pct",1,FALSE,"1","1","ENSE00001136349"
"HETDEL_cluster_0018","HETDEL","HETDEL",TRUE,"CNA_event_000120","PAVPCB",0.206349206349206,"high_resolution_le_50pct",1,FALSE,"1","1","ENSE00001136349"
"HETDEL_cluster_0018","HETDEL","HETDEL",TRUE,"CNA_event_000121","PAVRXK",0.932330827067669,"very_low_resolution_90_lt_100pct",1,FALSE,"1","1","ENSE00001136349"
"HETDEL_cluster_0018","HETDEL","HETDEL",TRUE,"CNA_event_000122","PAVVBE",0.177944862155388,"high_resolution_le_50pct",1,FALSE,"1","1","ENSE00001136349"
"HETDEL_cluster_0018","HETDEL","HETDEL",TRUE,"CNA_event_000125","PAVWNL",0.345864661654135,"high_resolution_le_50pct",1,FALSE,"1","1","ENSE00001136349"
"HETDEL_cluster_0018","HETDEL","HETDEL",TRUE,"CNA_event_000126","PAVYAZ",0.177944862155388,"high_resolution_le_50pct",1,FALSE,"1","1","ENSE00001136349"
"HETDEL_cluster_0018","HETDEL","HETDEL",TRUE,"CNA_event_000139","PAWESJ",0.345864661654135,"high_resolution_le_50pct",1,FALSE,"1","1","ENSE00001136349"
"HETDEL_cluster_0018","HETDEL","HETDEL",TRUE,"CNA_event_000141","PAWFNJ",0.345864661654135,"high_resolution_le_50pct",1,FALSE,"1","1","ENSE00001136349"
"HETDEL_cluster_0018","HETDEL","HETDEL",TRUE,"CNA_event_000142","PAWFWF",0.345864661654135,"high_resolution_le_50pct",1,FALSE,"1","1","ENSE00001136349"
"HETDEL_cluster_0018","HETDEL","HETDEL",TRUE,"CNA_event_000149","PAWJYN",0.345864661654135,"high_resolution_le_50pct",1,FALSE,"1","1","ENSE00001136349"
"HETDEL_cluster_0019","HETDEL","HETDEL",TRUE,"CNA_event_000004","PARNXJ",0.822055137844611,"low_resolution_75_90pct",1,FALSE,"10","10","ENSE00003530344"
"HETDEL_cluster_0019","HETDEL","HETDEL",TRUE,"CNA_event_000008","PARWNW",0.654135338345865,"moderate_resolution_50_75pct",1,FALSE,"10","10","ENSE00003530344"
"HETDEL_cluster_0019","HETDEL","HETDEL",TRUE,"CNA_event_000010","PARXPZ",0.822055137844611,"low_resolution_75_90pct",1,FALSE,"10","10","ENSE00003530344"
"HETDEL_cluster_0019","HETDEL","HETDEL",TRUE,"CNA_event_000019","PASKAD",0.654135338345865,"moderate_resolution_50_75pct",1,FALSE,"10","10","ENSE00003530344"
"HETDEL_cluster_0019","HETDEL","HETDEL",TRUE,"CNA_event_000021","PASKWG",0.654135338345865,"moderate_resolution_50_75pct",1,FALSE,"10","10","ENSE00003530344"
"HETDEL_cluster_0019","HETDEL","HETDEL",TRUE,"CNA_event_000026","PASPNW",0.822055137844611,"low_resolution_75_90pct",1,FALSE,"10","10","ENSE00003530344"
"HETDEL_cluster_0019","HETDEL","HETDEL",TRUE,"CNA_event_000034","PASUSV",0.822055137844611,"low_resolution_75_90pct",1,FALSE,"10","10","ENSE00003530344"
"HETDEL_cluster_0019","HETDEL","HETDEL",TRUE,"CNA_event_000042","PASYWF",0.654135338345865,"moderate_resolution_50_75pct",1,FALSE,"10","10","ENSE00003530344"
"HETDEL_cluster_0019","HETDEL","HETDEL",TRUE,"CNA_event_000050","PATHFE",0.822055137844611,"low_resolution_75_90pct",1,FALSE,"10","10","ENSE00003530344"
"HETDEL_cluster_0019","HETDEL","HETDEL",TRUE,"CNA_event_000070","PAUCDC",0.822055137844611,"low_resolution_75_90pct",1,FALSE,"10","10","ENSE00003530344"
"HETDEL_cluster_0019","HETDEL","HETDEL",TRUE,"CNA_event_000079","PAUIEM",0.654135338345865,"moderate_resolution_50_75pct",1,FALSE,"10","10","ENSE00003530344"
"HETDEL_cluster_0019","HETDEL","HETDEL",TRUE,"CNA_event_000091","PAUSIS",0.822055137844611,"low_resolution_75_90pct",1,FALSE,"10","10","ENSE00003530344"
"HETDEL_cluster_0019","HETDEL","HETDEL",TRUE,"CNA_event_000097","PAUWXI",0.822055137844611,"low_resolution_75_90pct",1,FALSE,"10","10","ENSE00003530344"
"HETDEL_cluster_0019","HETDEL","HETDEL",TRUE,"CNA_event_000136","PAWDWJ",0.822055137844611,"low_resolution_75_90pct",1,FALSE,"10","10","ENSE00003530344"
"HETDEL_cluster_0019","HETDEL","HETDEL",TRUE,"CNA_event_000140","PAWETD",0.822055137844611,"low_resolution_75_90pct",1,FALSE,"10","10","ENSE00003530344"
"HETDEL_cluster_0020","HETDEL","HETDEL",TRUE,"CNA_event_000004","PARNXJ",0.822055137844611,"low_resolution_75_90pct",1,FALSE,"11","11","ENSE00003510092"
"HETDEL_cluster_0020","HETDEL","HETDEL",TRUE,"CNA_event_000008","PARWNW",0.654135338345865,"moderate_resolution_50_75pct",1,FALSE,"11","11","ENSE00003510092"
"HETDEL_cluster_0020","HETDEL","HETDEL",TRUE,"CNA_event_000010","PARXPZ",0.822055137844611,"low_resolution_75_90pct",1,FALSE,"11","11","ENSE00003510092"
"HETDEL_cluster_0020","HETDEL","HETDEL",TRUE,"CNA_event_000019","PASKAD",0.654135338345865,"moderate_resolution_50_75pct",1,FALSE,"11","11","ENSE00003510092"
"HETDEL_cluster_0020","HETDEL","HETDEL",TRUE,"CNA_event_000021","PASKWG",0.654135338345865,"moderate_resolution_50_75pct",1,FALSE,"11","11","ENSE00003510092"
"HETDEL_cluster_0020","HETDEL","HETDEL",TRUE,"CNA_event_000026","PASPNW",0.822055137844611,"low_resolution_75_90pct",1,FALSE,"11","11","ENSE00003510092"
"HETDEL_cluster_0020","HETDEL","HETDEL",TRUE,"CNA_event_000034","PASUSV",0.822055137844611,"low_resolution_75_90pct",1,FALSE,"11","11","ENSE00003510092"
"HETDEL_cluster_0020","HETDEL","HETDEL",TRUE,"CNA_event_000042","PASYWF",0.654135338345865,"moderate_resolution_50_75pct",1,FALSE,"11","11","ENSE00003510092"
"HETDEL_cluster_0020","HETDEL","HETDEL",TRUE,"CNA_event_000050","PATHFE",0.822055137844611,"low_resolution_75_90pct",1,FALSE,"11","11","ENSE00003510092"
"HETDEL_cluster_0020","HETDEL","HETDEL",TRUE,"CNA_event_000070","PAUCDC",0.822055137844611,"low_resolution_75_90pct",1,FALSE,"11","11","ENSE00003510092"
"HETDEL_cluster_0020","HETDEL","HETDEL",TRUE,"CNA_event_000079","PAUIEM",0.654135338345865,"moderate_resolution_50_75pct",1,FALSE,"11","11","ENSE00003510092"
"HETDEL_cluster_0020","HETDEL","HETDEL",TRUE,"CNA_event_000091","PAUSIS",0.822055137844611,"low_resolution_75_90pct",1,FALSE,"11","11","ENSE00003510092"
"HETDEL_cluster_0020","HETDEL","HETDEL",TRUE,"CNA_event_000097","PAUWXI",0.822055137844611,"low_resolution_75_90pct",1,FALSE,"11","11","ENSE00003510092"
"HETDEL_cluster_0020","HETDEL","HETDEL",TRUE,"CNA_event_000136","PAWDWJ",0.822055137844611,"low_resolution_75_90pct",1,FALSE,"11","11","ENSE00003510092"
"HETDEL_cluster_0020","HETDEL","HETDEL",TRUE,"CNA_event_000140","PAWETD",0.822055137844611,"low_resolution_75_90pct",1,FALSE,"11","11","ENSE00003510092"
"HETDEL_cluster_0021","HETDEL","HETDEL",TRUE,"CNA_event_000001","PARFLD",0.167919799498747,"high_resolution_le_50pct",1,FALSE,"2","2","ENSE00003638064"
"HETDEL_cluster_0021","HETDEL","HETDEL",TRUE,"CNA_event_000002","PARJAY",0.167919799498747,"high_resolution_le_50pct",1,FALSE,"2","2","ENSE00003638064"
"HETDEL_cluster_0021","HETDEL","HETDEL",TRUE,"CNA_event_000003","PARJPL",0.167919799498747,"high_resolution_le_50pct",1,FALSE,"2","2","ENSE00003638064"
"HETDEL_cluster_0021","HETDEL","HETDEL",TRUE,"CNA_event_000004","PARNXJ",0.822055137844611,"low_resolution_75_90pct",1,FALSE,"2","2","ENSE00003638064"
"HETDEL_cluster_0021","HETDEL","HETDEL",TRUE,"CNA_event_000005","PARPET",0.167919799498747,"high_resolution_le_50pct",1,FALSE,"2","2","ENSE00003638064"
"HETDEL_cluster_0021","HETDEL","HOMDEL",FALSE,"CNA_event_000150","PARSLA",0.167919799498747,"high_resolution_le_50pct",1,FALSE,"2","2","ENSE00003638064"
"HETDEL_cluster_0021","HETDEL","HETDEL",TRUE,"CNA_event_000007","PARSNX",0.289891395154553,"high_resolution_le_50pct",1,FALSE,"2","2","ENSE00003638064"
"HETDEL_cluster_0021","HETDEL","HOMDEL",FALSE,"CNA_event_000151","PARWNW",0.167919799498747,"high_resolution_le_50pct",1,FALSE,"2","2","ENSE00003638064"
"HETDEL_cluster_0021","HETDEL","HETDEL",TRUE,"CNA_event_000009","PARXDJ",0.167919799498747,"high_resolution_le_50pct",1,FALSE,"2","2","ENSE00003638064"
"HETDEL_cluster_0021","HETDEL","HETDEL",TRUE,"CNA_event_000010","PARXPZ",0.822055137844611,"low_resolution_75_90pct",1,FALSE,"2","2","ENSE00003638064"
"HETDEL_cluster_0021","HETDEL","HETDEL",TRUE,"CNA_event_000011","PASGDZ",0.167919799498747,"high_resolution_le_50pct",1,FALSE,"2","2","ENSE00003638064"
"HETDEL_cluster_0021","HETDEL","HETDEL",TRUE,"CNA_event_000012","PASGUH",0.167919799498747,"high_resolution_le_50pct",1,FALSE,"2","2","ENSE00003638064"
"HETDEL_cluster_0021","HETDEL","HOMDEL",FALSE,"CNA_event_000152","PASILW",0.167919799498747,"high_resolution_le_50pct",1,FALSE,"2","2","ENSE00003638064"
"HETDEL_cluster_0021","HETDEL","HETDEL",TRUE,"CNA_event_000015","PASINX",0.345864661654135,"high_resolution_le_50pct",1,FALSE,"2","2","ENSE00003638064"
"HETDEL_cluster_0021","HETDEL","HETDEL",TRUE,"CNA_event_000017","PASIPN",0.0559732664995823,"high_resolution_le_50pct",1,FALSE,"2","2","ENSE00003638064"
"HETDEL_cluster_0021","HETDEL","HETDEL",TRUE,"CNA_event_000018","PASJGV",0.167919799498747,"high_resolution_le_50pct",1,FALSE,"2","2","ENSE00003638064"
"HETDEL_cluster_0021","HETDEL","HOMDEL",FALSE,"CNA_event_000153","PASKAD",0.167919799498747,"high_resolution_le_50pct",1,FALSE,"2","2","ENSE00003638064"
"HETDEL_cluster_0021","HETDEL","HOMDEL",FALSE,"CNA_event_000154","PASKLU",0.167919799498747,"high_resolution_le_50pct",1,FALSE,"2","2","ENSE00003638064"
"HETDEL_cluster_0021","HETDEL","HOMDEL",FALSE,"CNA_event_000155","PASKWG",0.167919799498747,"high_resolution_le_50pct",1,FALSE,"2","2","ENSE00003638064"
"HETDEL_cluster_0021","HETDEL","HETDEL",TRUE,"CNA_event_000022","PASKXA",0.167919799498747,"high_resolution_le_50pct",1,FALSE,"2","2","ENSE00003638064"
"HETDEL_cluster_0021","HETDEL","HETDEL",TRUE,"CNA_event_000023","PASLXY",0.345864661654135,"high_resolution_le_50pct",1,FALSE,"2","2","ENSE00003638064"
"HETDEL_cluster_0021","HETDEL","HETDEL",TRUE,"CNA_event_000024","PASPDS",0.355054302422723,"high_resolution_le_50pct",1,FALSE,"2","2","ENSE00003638064"
"HETDEL_cluster_0021","HETDEL","HETDEL",TRUE,"CNA_event_000025","PASPLG",0.425229741019215,"high_resolution_le_50pct",1,FALSE,"2","2","ENSE00003638064"
"HETDEL_cluster_0021","HETDEL","HETDEL",TRUE,"CNA_event_000026","PASPNW",0.822055137844611,"low_resolution_75_90pct",1,FALSE,"2","2","ENSE00003638064"
"HETDEL_cluster_0021","HETDEL","HETDEL",TRUE,"CNA_event_000027","PASRAF",0.167919799498747,"high_resolution_le_50pct",1,FALSE,"2","2","ENSE00003638064"
"HETDEL_cluster_0021","HETDEL","HETDEL",TRUE,"CNA_event_000028","PASRMM",0.345864661654135,"high_resolution_le_50pct",1,FALSE,"2","2","ENSE00003638064"
"HETDEL_cluster_0021","HETDEL","HOMDEL",FALSE,"CNA_event_000156","PASRPV",0.345864661654135,"high_resolution_le_50pct",1,FALSE,"2","2","ENSE00003638064"
"HETDEL_cluster_0021","HETDEL","HETDEL",TRUE,"CNA_event_000030","PASRSE",0.167919799498747,"high_resolution_le_50pct",1,FALSE,"2","2","ENSE00003638064"
"HETDEL_cluster_0021","HETDEL","HETDEL",TRUE,"CNA_event_000031","PASRUK",0.167919799498747,"high_resolution_le_50pct",1,FALSE,"2","2","ENSE00003638064"
"HETDEL_cluster_0021","HETDEL","HETDEL",TRUE,"CNA_event_000032","PASTCH",0.456975772765246,"high_resolution_le_50pct",1,FALSE,"2","2","ENSE00003638064"
"HETDEL_cluster_0021","HETDEL","HETDEL",TRUE,"CNA_event_000033","PASTHE",0.425229741019215,"high_resolution_le_50pct",1,FALSE,"2","2","ENSE00003638064"
"HETDEL_cluster_0021","HETDEL","HETDEL",TRUE,"CNA_event_000034","PASUSV",0.822055137844611,"low_resolution_75_90pct",1,FALSE,"2","2","ENSE00003638064"
"HETDEL_cluster_0021","HETDEL","HETDEL",TRUE,"CNA_event_000035","PASVWH",0.167919799498747,"high_resolution_le_50pct",1,FALSE,"2","2","ENSE00003638064"
"HETDEL_cluster_0021","HETDEL","HETDEL",TRUE,"CNA_event_000036","PASVZJ",0.167919799498747,"high_resolution_le_50pct",1,FALSE,"2","2","ENSE00003638064"
"HETDEL_cluster_0021","HETDEL","HETDEL",TRUE,"CNA_event_000037","PASWXB",0.167919799498747,"high_resolution_le_50pct",1,FALSE,"2","2","ENSE00003638064"
"HETDEL_cluster_0021","HETDEL","HOMDEL",FALSE,"CNA_event_000157","PASWYU",0.167919799498747,"high_resolution_le_50pct",1,FALSE,"2","2","ENSE00003638064"
"HETDEL_cluster_0021","HETDEL","HETDEL",TRUE,"CNA_event_000040","PASYSJ",0.167919799498747,"high_resolution_le_50pct",1,FALSE,"2","2","ENSE00003638064"
"HETDEL_cluster_0021","HETDEL","HETDEL",TRUE,"CNA_event_000041","PASYVU",0.167919799498747,"high_resolution_le_50pct",1,FALSE,"2","2","ENSE00003638064"
"HETDEL_cluster_0021","HETDEL","HOMDEL",FALSE,"CNA_event_000158","PASYWF",0.167919799498747,"high_resolution_le_50pct",1,FALSE,"2","2","ENSE00003638064"
"HETDEL_cluster_0021","HETDEL","HETDEL",TRUE,"CNA_event_000043","PASZAY",0.167919799498747,"high_resolution_le_50pct",1,FALSE,"2","2","ENSE00003638064"
"HETDEL_cluster_0021","HETDEL","HETDEL",TRUE,"CNA_event_000044","PATALF",0.425229741019215,"high_resolution_le_50pct",1,FALSE,"2","2","ENSE00003638064"
"HETDEL_cluster_0021","HETDEL","HETDEL",TRUE,"CNA_event_000045","PATBTX",0.167919799498747,"high_resolution_le_50pct",1,FALSE,"2","2","ENSE00003638064"
"HETDEL_cluster_0021","HETDEL","HOMDEL",FALSE,"CNA_event_000159","PATCTR",0.345864661654135,"high_resolution_le_50pct",1,FALSE,"2","2","ENSE00003638064"
"HETDEL_cluster_0021","HETDEL","HETDEL",TRUE,"CNA_event_000047","PATDTN",0.167919799498747,"high_resolution_le_50pct",1,FALSE,"2","2","ENSE00003638064"
"HETDEL_cluster_0021","HETDEL","HETDEL",TRUE,"CNA_event_000048","PATFPU",0.167919799498747,"high_resolution_le_50pct",1,FALSE,"2","2","ENSE00003638064"
"HETDEL_cluster_0021","HETDEL","HOMDEL",FALSE,"CNA_event_000160","PATGBY",0.167919799498747,"high_resolution_le_50pct",1,FALSE,"2","2","ENSE00003638064"
"HETDEL_cluster_0021","HETDEL","HETDEL",TRUE,"CNA_event_000050","PATHFE",0.822055137844611,"low_resolution_75_90pct",1,FALSE,"2","2","ENSE00003638064"
"HETDEL_cluster_0021","HETDEL","HETDEL",TRUE,"CNA_event_000052","PATJLY",0.355054302422723,"high_resolution_le_50pct",1,FALSE,"2","2","ENSE00003638064"
"HETDEL_cluster_0021","HETDEL","HOMDEL",FALSE,"CNA_event_000161","PATJRX",0.167919799498747,"high_resolution_le_50pct",1,FALSE,"2","2","ENSE00003638064"
"HETDEL_cluster_0021","HETDEL","HOMDEL",FALSE,"CNA_event_000162","PATKVD",0.167919799498747,"high_resolution_le_50pct",1,FALSE,"2","2","ENSE00003638064"
"HETDEL_cluster_0021","HETDEL","HETDEL",TRUE,"CNA_event_000054","PATKZH",0.345864661654135,"high_resolution_le_50pct",1,FALSE,"2","2","ENSE00003638064"
"HETDEL_cluster_0021","HETDEL","HETDEL",TRUE,"CNA_event_000055","PATLLH",0.425229741019215,"high_resolution_le_50pct",1,FALSE,"2","2","ENSE00003638064"
"HETDEL_cluster_0021","HETDEL","HETDEL",TRUE,"CNA_event_000056","PATNAM",0.233918128654971,"high_resolution_le_50pct",1,FALSE,"2","2","ENSE00003638064"
"HETDEL_cluster_0021","HETDEL","HETDEL",TRUE,"CNA_event_000057","PATPDA",0.664160401002506,"moderate_resolution_50_75pct",1,FALSE,"2","2","ENSE00003638064"
"HETDEL_cluster_0021","HETDEL","HETDEL",TRUE,"CNA_event_000058","PATRAB",0.167919799498747,"high_resolution_le_50pct",1,FALSE,"2","2","ENSE00003638064"
"HETDEL_cluster_0021","HETDEL","HETDEL",TRUE,"CNA_event_000060","PATSPG",0.345864661654135,"high_resolution_le_50pct",1,FALSE,"2","2","ENSE00003638064"
"HETDEL_cluster_0021","HETDEL","HETDEL",TRUE,"CNA_event_000061","PATWJU",0.167919799498747,"high_resolution_le_50pct",1,FALSE,"2","2","ENSE00003638064"
"HETDEL_cluster_0021","HETDEL","HOMDEL",FALSE,"CNA_event_000163","PATYWV",0.167919799498747,"high_resolution_le_50pct",1,FALSE,"2","2","ENSE00003638064"
"HETDEL_cluster_0021","HETDEL","HETDEL",TRUE,"CNA_event_000063","PATZST",0.167919799498747,"high_resolution_le_50pct",1,FALSE,"2","2","ENSE00003638064"
"HETDEL_cluster_0021","HETDEL","HETDEL",TRUE,"CNA_event_000064","PATZYR",0.167919799498747,"high_resolution_le_50pct",1,FALSE,"2","2","ENSE00003638064"
"HETDEL_cluster_0021","HETDEL","HETDEL",TRUE,"CNA_event_000065","PAUAKN",0.167919799498747,"high_resolution_le_50pct",1,FALSE,"2","2","ENSE00003638064"
"HETDEL_cluster_0021","HETDEL","HETDEL",TRUE,"CNA_event_000066","PAUAZV",0.167919799498747,"high_resolution_le_50pct",1,FALSE,"2","2","ENSE00003638064"
"HETDEL_cluster_0021","HETDEL","HETDEL",TRUE,"CNA_event_000067","PAUBCT",0.167919799498747,"high_resolution_le_50pct",1,FALSE,"2","2","ENSE00003638064"
"HETDEL_cluster_0021","HETDEL","HOMDEL",FALSE,"CNA_event_000164","PAUBTC",0.167919799498747,"high_resolution_le_50pct",1,FALSE,"2","2","ENSE00003638064"
"HETDEL_cluster_0021","HETDEL","HETDEL",TRUE,"CNA_event_000070","PAUCDC",0.822055137844611,"low_resolution_75_90pct",1,FALSE,"2","2","ENSE00003638064"
"HETDEL_cluster_0021","HETDEL","HETDEL",TRUE,"CNA_event_000071","PAUEDT",0.167919799498747,"high_resolution_le_50pct",1,FALSE,"2","2","ENSE00003638064"
"HETDEL_cluster_0021","HETDEL","HOMDEL",FALSE,"CNA_event_000165","PAUEUC",0.167919799498747,"high_resolution_le_50pct",1,FALSE,"2","2","ENSE00003638064"
"HETDEL_cluster_0021","HETDEL","HETDEL",TRUE,"CNA_event_000074","PAUEVJ",0.167919799498747,"high_resolution_le_50pct",1,FALSE,"2","2","ENSE00003638064"
"HETDEL_cluster_0021","HETDEL","HETDEL",TRUE,"CNA_event_000075","PAUEXN",0.206349206349206,"high_resolution_le_50pct",1,FALSE,"2","2","ENSE00003638064"
"HETDEL_cluster_0021","HETDEL","HETDEL",TRUE,"CNA_event_000077","PAUGDT",0.167919799498747,"high_resolution_le_50pct",1,FALSE,"2","2","ENSE00003638064"
"HETDEL_cluster_0021","HETDEL","HETDEL",TRUE,"CNA_event_000078","PAUGLY",0.345864661654135,"high_resolution_le_50pct",1,FALSE,"2","2","ENSE00003638064"
"HETDEL_cluster_0021","HETDEL","HOMDEL",FALSE,"CNA_event_000166","PAUIEM",0.167919799498747,"high_resolution_le_50pct",1,FALSE,"2","2","ENSE00003638064"
"HETDEL_cluster_0021","HETDEL","HETDEL",TRUE,"CNA_event_000080","PAUIFA",0.167919799498747,"high_resolution_le_50pct",1,FALSE,"2","2","ENSE00003638064"
"HETDEL_cluster_0021","HETDEL","HETDEL",TRUE,"CNA_event_000081","PAUJVL",0.345864661654135,"high_resolution_le_50pct",1,FALSE,"2","2","ENSE00003638064"
"HETDEL_cluster_0021","HETDEL","HETDEL",TRUE,"CNA_event_000084","PAULCK",0.167919799498747,"high_resolution_le_50pct",1,FALSE,"2","2","ENSE00003638064"
"HETDEL_cluster_0021","HETDEL","HOMDEL",FALSE,"CNA_event_000167","PAULGX",0.603174603174603,"moderate_resolution_50_75pct",1,FALSE,"2","2","ENSE00003638064"
"HETDEL_cluster_0021","HETDEL","HOMDEL",FALSE,"CNA_event_000168","PAUMIB",0.345864661654135,"high_resolution_le_50pct",1,FALSE,"2","2","ENSE00003638064"
"HETDEL_cluster_0021","HETDEL","HETDEL",TRUE,"CNA_event_000087","PAUMLX",0.345864661654135,"high_resolution_le_50pct",1,FALSE,"2","2","ENSE00003638064"
"HETDEL_cluster_0021","HETDEL","HETDEL",TRUE,"CNA_event_000088","PAUMXB",0.345864661654135,"high_resolution_le_50pct",1,FALSE,"2","2","ENSE00003638064"
"HETDEL_cluster_0021","HETDEL","HETDEL",TRUE,"CNA_event_000089","PAUPUW",0.167919799498747,"high_resolution_le_50pct",1,FALSE,"2","2","ENSE00003638064"
"HETDEL_cluster_0021","HETDEL","HETDEL",TRUE,"CNA_event_000090","PAURLU",0.167919799498747,"high_resolution_le_50pct",1,FALSE,"2","2","ENSE00003638064"
"HETDEL_cluster_0021","HETDEL","HETDEL",TRUE,"CNA_event_000091","PAUSIS",0.822055137844611,"low_resolution_75_90pct",1,FALSE,"2","2","ENSE00003638064"
"HETDEL_cluster_0021","HETDEL","HETDEL",TRUE,"CNA_event_000092","PAUTBB",0.167919799498747,"high_resolution_le_50pct",1,FALSE,"2","2","ENSE00003638064"
"HETDEL_cluster_0021","HETDEL","HETDEL",TRUE,"CNA_event_000093","PAUTUL",0.664160401002506,"moderate_resolution_50_75pct",1,FALSE,"2","2","ENSE00003638064"
"HETDEL_cluster_0021","HETDEL","HETDEL",TRUE,"CNA_event_000094","PAUUAL",0.167919799498747,"high_resolution_le_50pct",1,FALSE,"2","2","ENSE00003638064"
"HETDEL_cluster_0021","HETDEL","HOMDEL",FALSE,"CNA_event_000169","PAUUBG",0.167919799498747,"high_resolution_le_50pct",1,FALSE,"2","2","ENSE00003638064"
"HETDEL_cluster_0021","HETDEL","HETDEL",TRUE,"CNA_event_000095","PAUUIK",0.167919799498747,"high_resolution_le_50pct",1,FALSE,"2","2","ENSE00003638064"
"HETDEL_cluster_0021","HETDEL","HETDEL",TRUE,"CNA_event_000096","PAUWMZ",0.167919799498747,"high_resolution_le_50pct",1,FALSE,"2","2","ENSE00003638064"
"HETDEL_cluster_0021","HETDEL","HETDEL",TRUE,"CNA_event_000097","PAUWXI",0.822055137844611,"low_resolution_75_90pct",1,FALSE,"2","2","ENSE00003638064"
"HETDEL_cluster_0021","HETDEL","HETDEL",TRUE,"CNA_event_000098","PAUXCW",0.167919799498747,"high_resolution_le_50pct",1,FALSE,"2","2","ENSE00003638064"
"HETDEL_cluster_0021","HETDEL","HETDEL",TRUE,"CNA_event_000099","PAUXKE",0.167919799498747,"high_resolution_le_50pct",1,FALSE,"2","2","ENSE00003638064"
"HETDEL_cluster_0021","HETDEL","HETDEL",TRUE,"CNA_event_000100","PAUXRM",0.279030910609858,"high_resolution_le_50pct",1,FALSE,"2","2","ENSE00003638064"
"HETDEL_cluster_0021","HETDEL","HETDEL",TRUE,"CNA_event_000101","PAUXYI",0.355054302422723,"high_resolution_le_50pct",1,FALSE,"2","2","ENSE00003638064"
"HETDEL_cluster_0021","HETDEL","HETDEL",TRUE,"CNA_event_000102","PAUYJF",0.425229741019215,"high_resolution_le_50pct",1,FALSE,"2","2","ENSE00003638064"
"HETDEL_cluster_0021","HETDEL","HOMDEL",FALSE,"CNA_event_000170","PAVBFC",0.167919799498747,"high_resolution_le_50pct",1,FALSE,"2","2","ENSE00003638064"
"HETDEL_cluster_0021","HETDEL","HETDEL",TRUE,"CNA_event_000104","PAVCRK",0.167919799498747,"high_resolution_le_50pct",1,FALSE,"2","2","ENSE00003638064"
"HETDEL_cluster_0021","HETDEL","HOMDEL",FALSE,"CNA_event_000171","PAVESF",0.167919799498747,"high_resolution_le_50pct",1,FALSE,"2","2","ENSE00003638064"
"HETDEL_cluster_0021","HETDEL","HETDEL",TRUE,"CNA_event_000105","PAVFAX",0.167919799498747,"high_resolution_le_50pct",1,FALSE,"2","2","ENSE00003638064"
"HETDEL_cluster_0021","HETDEL","HETDEL",TRUE,"CNA_event_000106","PAVHAA",0.167919799498747,"high_resolution_le_50pct",1,FALSE,"2","2","ENSE00003638064"
"HETDEL_cluster_0021","HETDEL","HETDEL",TRUE,"CNA_event_000107","PAVHBL",0.167919799498747,"high_resolution_le_50pct",1,FALSE,"2","2","ENSE00003638064"
"HETDEL_cluster_0021","HETDEL","HETDEL",TRUE,"CNA_event_000108","PAVHGX",0.167919799498747,"high_resolution_le_50pct",1,FALSE,"2","2","ENSE00003638064"
"HETDEL_cluster_0021","HETDEL","HOMDEL",FALSE,"CNA_event_000172","PAVKCV",0.167919799498747,"high_resolution_le_50pct",1,FALSE,"2","2","ENSE00003638064"
"HETDEL_cluster_0021","HETDEL","HETDEL",TRUE,"CNA_event_000112","PAVKPV",0.167919799498747,"high_resolution_le_50pct",1,FALSE,"2","2","ENSE00003638064"
"HETDEL_cluster_0021","HETDEL","HOMDEL",FALSE,"CNA_event_000173","PAVKWV",0.167919799498747,"high_resolution_le_50pct",1,FALSE,"2","2","ENSE00003638064"
"HETDEL_cluster_0021","HETDEL","HETDEL",TRUE,"CNA_event_000114","PAVLLU",0.167919799498747,"high_resolution_le_50pct",1,FALSE,"2","2","ENSE00003638064"
"HETDEL_cluster_0021","HETDEL","HOMDEL",FALSE,"CNA_event_000174","PAVLMY",0.167919799498747,"high_resolution_le_50pct",1,FALSE,"2","2","ENSE00003638064"
"HETDEL_cluster_0021","HETDEL","HETDEL",TRUE,"CNA_event_000115","PAVMKN",0.167919799498747,"high_resolution_le_50pct",1,FALSE,"2","2","ENSE00003638064"
"HETDEL_cluster_0021","HETDEL","HETDEL",TRUE,"CNA_event_000116","PAVMPT",0.279030910609858,"high_resolution_le_50pct",1,FALSE,"2","2","ENSE00003638064"
"HETDEL_cluster_0021","HETDEL","HETDEL",TRUE,"CNA_event_000117","PAVNGZ",0.167919799498747,"high_resolution_le_50pct",1,FALSE,"2","2","ENSE00003638064"
"HETDEL_cluster_0021","HETDEL","HETDEL",TRUE,"CNA_event_000119","PAVNTB",0.167919799498747,"high_resolution_le_50pct",1,FALSE,"2","2","ENSE00003638064"
"HETDEL_cluster_0021","HETDEL","HETDEL",TRUE,"CNA_event_000120","PAVPCB",0.206349206349206,"high_resolution_le_50pct",1,FALSE,"2","2","ENSE00003638064"
"HETDEL_cluster_0021","HETDEL","HETDEL",TRUE,"CNA_event_000121","PAVRXK",0.932330827067669,"very_low_resolution_90_lt_100pct",1,FALSE,"2","2","ENSE00003638064"
"HETDEL_cluster_0021","HETDEL","HOMDEL",FALSE,"CNA_event_000175","PAVVBE",0.754385964912281,"low_resolution_75_90pct",1,FALSE,"2","2","ENSE00003638064"
"HETDEL_cluster_0021","HETDEL","HOMDEL",FALSE,"CNA_event_000176","PAVVDS",0.167919799498747,"high_resolution_le_50pct",1,FALSE,"2","2","ENSE00003638064"
"HETDEL_cluster_0021","HETDEL","HETDEL",TRUE,"CNA_event_000124","PAVWDF",0.167919799498747,"high_resolution_le_50pct",1,FALSE,"2","2","ENSE00003638064"
"HETDEL_cluster_0021","HETDEL","HETDEL",TRUE,"CNA_event_000125","PAVWNL",0.345864661654135,"high_resolution_le_50pct",1,FALSE,"2","2","ENSE00003638064"
"HETDEL_cluster_0021","HETDEL","HOMDEL",FALSE,"CNA_event_000177","PAVYAZ",0.167919799498747,"high_resolution_le_50pct",1,FALSE,"2","2","ENSE00003638064"
"HETDEL_cluster_0021","HETDEL","HOMDEL",FALSE,"CNA_event_000178","PAVYGR",0.167919799498747,"high_resolution_le_50pct",1,FALSE,"2","2","ENSE00003638064"
"HETDEL_cluster_0021","HETDEL","HETDEL",TRUE,"CNA_event_000129","PAVYTZ",0.167919799498747,"high_resolution_le_50pct",1,FALSE,"2","2","ENSE00003638064"
"HETDEL_cluster_0021","HETDEL","HETDEL",TRUE,"CNA_event_000130","PAVZCF",0.425229741019215,"high_resolution_le_50pct",1,FALSE,"2","2","ENSE00003638064"
"HETDEL_cluster_0021","HETDEL","HETDEL",TRUE,"CNA_event_000131","PAWAIM",0.167919799498747,"high_resolution_le_50pct",1,FALSE,"2","2","ENSE00003638064"
"HETDEL_cluster_0021","HETDEL","HETDEL",TRUE,"CNA_event_000132","PAWAIN",0.167919799498747,"high_resolution_le_50pct",1,FALSE,"2","2","ENSE00003638064"
"HETDEL_cluster_0021","HETDEL","HETDEL",TRUE,"CNA_event_000133","PAWAKA",0.167919799498747,"high_resolution_le_50pct",1,FALSE,"2","2","ENSE00003638064"
"HETDEL_cluster_0021","HETDEL","HETDEL",TRUE,"CNA_event_000134","PAWDEK",0.167919799498747,"high_resolution_le_50pct",1,FALSE,"2","2","ENSE00003638064"
"HETDEL_cluster_0021","HETDEL","HETDEL",TRUE,"CNA_event_000135","PAWDMI",0.167919799498747,"high_resolution_le_50pct",1,FALSE,"2","2","ENSE00003638064"
"HETDEL_cluster_0021","HETDEL","HETDEL",TRUE,"CNA_event_000136","PAWDWJ",0.822055137844611,"low_resolution_75_90pct",1,FALSE,"2","2","ENSE00003638064"
"HETDEL_cluster_0021","HETDEL","HETDEL",TRUE,"CNA_event_000137","PAWEEC",0.167919799498747,"high_resolution_le_50pct",1,FALSE,"2","2","ENSE00003638064"
"HETDEL_cluster_0021","HETDEL","HETDEL",TRUE,"CNA_event_000139","PAWESJ",0.345864661654135,"high_resolution_le_50pct",1,FALSE,"2","2","ENSE00003638064"
"HETDEL_cluster_0021","HETDEL","HETDEL",TRUE,"CNA_event_000140","PAWETD",0.822055137844611,"low_resolution_75_90pct",1,FALSE,"2","2","ENSE00003638064"
"HETDEL_cluster_0021","HETDEL","HETDEL",TRUE,"CNA_event_000141","PAWFNJ",0.345864661654135,"high_resolution_le_50pct",1,FALSE,"2","2","ENSE00003638064"
"HETDEL_cluster_0021","HETDEL","HETDEL",TRUE,"CNA_event_000142","PAWFWF",0.345864661654135,"high_resolution_le_50pct",1,FALSE,"2","2","ENSE00003638064"
"HETDEL_cluster_0021","HETDEL","HETDEL",TRUE,"CNA_event_000143","PAWGCK",0.167919799498747,"high_resolution_le_50pct",1,FALSE,"2","2","ENSE00003638064"
"HETDEL_cluster_0021","HETDEL","HETDEL",TRUE,"CNA_event_000144","PAWGIT",0.167919799498747,"high_resolution_le_50pct",1,FALSE,"2","2","ENSE00003638064"
"HETDEL_cluster_0021","HETDEL","HETDEL",TRUE,"CNA_event_000146","PAWGZM",0.167919799498747,"high_resolution_le_50pct",1,FALSE,"2","2","ENSE00003638064"
"HETDEL_cluster_0021","HETDEL","HETDEL",TRUE,"CNA_event_000147","PAWIWS",0.355054302422723,"high_resolution_le_50pct",1,FALSE,"2","2","ENSE00003638064"
"HETDEL_cluster_0021","HETDEL","HETDEL",TRUE,"CNA_event_000148","PAWJKX",0.167919799498747,"high_resolution_le_50pct",1,FALSE,"2","2","ENSE00003638064"
"HETDEL_cluster_0021","HETDEL","HETDEL",TRUE,"CNA_event_000149","PAWJYN",0.345864661654135,"high_resolution_le_50pct",1,FALSE,"2","2","ENSE00003638064"
"HETDEL_cluster_0021","HETDEL","HOMDEL",FALSE,"CNA_event_000179","PAWKAN",0.167919799498747,"high_resolution_le_50pct",1,FALSE,"2","2","ENSE00003638064"
"HETDEL_cluster_0022","HETDEL","HETDEL",TRUE,"CNA_event_000001","PARFLD",0.167919799498747,"high_resolution_le_50pct",1,FALSE,"3","3","ENSE00003515141"
"HETDEL_cluster_0022","HETDEL","HETDEL",TRUE,"CNA_event_000002","PARJAY",0.167919799498747,"high_resolution_le_50pct",1,FALSE,"3","3","ENSE00003515141"
"HETDEL_cluster_0022","HETDEL","HETDEL",TRUE,"CNA_event_000003","PARJPL",0.167919799498747,"high_resolution_le_50pct",1,FALSE,"3","3","ENSE00003515141"
"HETDEL_cluster_0022","HETDEL","HETDEL",TRUE,"CNA_event_000004","PARNXJ",0.822055137844611,"low_resolution_75_90pct",1,FALSE,"3","3","ENSE00003515141"
"HETDEL_cluster_0022","HETDEL","HETDEL",TRUE,"CNA_event_000005","PARPET",0.167919799498747,"high_resolution_le_50pct",1,FALSE,"3","3","ENSE00003515141"
"HETDEL_cluster_0022","HETDEL","HOMDEL",FALSE,"CNA_event_000150","PARSLA",0.167919799498747,"high_resolution_le_50pct",1,FALSE,"3","3","ENSE00003515141"
"HETDEL_cluster_0022","HETDEL","HETDEL",TRUE,"CNA_event_000007","PARSNX",0.289891395154553,"high_resolution_le_50pct",1,FALSE,"3","3","ENSE00003515141"
"HETDEL_cluster_0022","HETDEL","HOMDEL",FALSE,"CNA_event_000151","PARWNW",0.167919799498747,"high_resolution_le_50pct",1,FALSE,"3","3","ENSE00003515141"
"HETDEL_cluster_0022","HETDEL","HETDEL",TRUE,"CNA_event_000009","PARXDJ",0.167919799498747,"high_resolution_le_50pct",1,FALSE,"3","3","ENSE00003515141"
"HETDEL_cluster_0022","HETDEL","HETDEL",TRUE,"CNA_event_000010","PARXPZ",0.822055137844611,"low_resolution_75_90pct",1,FALSE,"3","3","ENSE00003515141"
"HETDEL_cluster_0022","HETDEL","HETDEL",TRUE,"CNA_event_000011","PASGDZ",0.167919799498747,"high_resolution_le_50pct",1,FALSE,"3","3","ENSE00003515141"
"HETDEL_cluster_0022","HETDEL","HETDEL",TRUE,"CNA_event_000012","PASGUH",0.167919799498747,"high_resolution_le_50pct",1,FALSE,"3","3","ENSE00003515141"
"HETDEL_cluster_0022","HETDEL","HOMDEL",FALSE,"CNA_event_000152","PASILW",0.167919799498747,"high_resolution_le_50pct",1,FALSE,"3","3","ENSE00003515141"
"HETDEL_cluster_0022","HETDEL","HETDEL",TRUE,"CNA_event_000015","PASINX",0.345864661654135,"high_resolution_le_50pct",1,FALSE,"3","3","ENSE00003515141"
"HETDEL_cluster_0022","HETDEL","HETDEL",TRUE,"CNA_event_000016","PASIPN",0.111946532999165,"high_resolution_le_50pct",1,FALSE,"3","3","ENSE00003515141"
"HETDEL_cluster_0022","HETDEL","HETDEL",TRUE,"CNA_event_000018","PASJGV",0.167919799498747,"high_resolution_le_50pct",1,FALSE,"3","3","ENSE00003515141"
"HETDEL_cluster_0022","HETDEL","HOMDEL",FALSE,"CNA_event_000153","PASKAD",0.167919799498747,"high_resolution_le_50pct",1,FALSE,"3","3","ENSE00003515141"
"HETDEL_cluster_0022","HETDEL","HOMDEL",FALSE,"CNA_event_000154","PASKLU",0.167919799498747,"high_resolution_le_50pct",1,FALSE,"3","3","ENSE00003515141"
"HETDEL_cluster_0022","HETDEL","HOMDEL",FALSE,"CNA_event_000155","PASKWG",0.167919799498747,"high_resolution_le_50pct",1,FALSE,"3","3","ENSE00003515141"
"HETDEL_cluster_0022","HETDEL","HETDEL",TRUE,"CNA_event_000022","PASKXA",0.167919799498747,"high_resolution_le_50pct",1,FALSE,"3","3","ENSE00003515141"
"HETDEL_cluster_0022","HETDEL","HETDEL",TRUE,"CNA_event_000023","PASLXY",0.345864661654135,"high_resolution_le_50pct",1,FALSE,"3","3","ENSE00003515141"
"HETDEL_cluster_0022","HETDEL","HETDEL",TRUE,"CNA_event_000024","PASPDS",0.355054302422723,"high_resolution_le_50pct",1,FALSE,"3","3","ENSE00003515141"
"HETDEL_cluster_0022","HETDEL","HETDEL",TRUE,"CNA_event_000025","PASPLG",0.425229741019215,"high_resolution_le_50pct",1,FALSE,"3","3","ENSE00003515141"
"HETDEL_cluster_0022","HETDEL","HETDEL",TRUE,"CNA_event_000026","PASPNW",0.822055137844611,"low_resolution_75_90pct",1,FALSE,"3","3","ENSE00003515141"
"HETDEL_cluster_0022","HETDEL","HETDEL",TRUE,"CNA_event_000027","PASRAF",0.167919799498747,"high_resolution_le_50pct",1,FALSE,"3","3","ENSE00003515141"
"HETDEL_cluster_0022","HETDEL","HETDEL",TRUE,"CNA_event_000028","PASRMM",0.345864661654135,"high_resolution_le_50pct",1,FALSE,"3","3","ENSE00003515141"
"HETDEL_cluster_0022","HETDEL","HOMDEL",FALSE,"CNA_event_000156","PASRPV",0.345864661654135,"high_resolution_le_50pct",1,FALSE,"3","3","ENSE00003515141"
"HETDEL_cluster_0022","HETDEL","HETDEL",TRUE,"CNA_event_000030","PASRSE",0.167919799498747,"high_resolution_le_50pct",1,FALSE,"3","3","ENSE00003515141"
"HETDEL_cluster_0022","HETDEL","HETDEL",TRUE,"CNA_event_000031","PASRUK",0.167919799498747,"high_resolution_le_50pct",1,FALSE,"3","3","ENSE00003515141"
"HETDEL_cluster_0022","HETDEL","HETDEL",TRUE,"CNA_event_000032","PASTCH",0.456975772765246,"high_resolution_le_50pct",1,FALSE,"3","3","ENSE00003515141"
"HETDEL_cluster_0022","HETDEL","HETDEL",TRUE,"CNA_event_000033","PASTHE",0.425229741019215,"high_resolution_le_50pct",1,FALSE,"3","3","ENSE00003515141"
"HETDEL_cluster_0022","HETDEL","HETDEL",TRUE,"CNA_event_000034","PASUSV",0.822055137844611,"low_resolution_75_90pct",1,FALSE,"3","3","ENSE00003515141"
"HETDEL_cluster_0022","HETDEL","HETDEL",TRUE,"CNA_event_000035","PASVWH",0.167919799498747,"high_resolution_le_50pct",1,FALSE,"3","3","ENSE00003515141"
"HETDEL_cluster_0022","HETDEL","HETDEL",TRUE,"CNA_event_000036","PASVZJ",0.167919799498747,"high_resolution_le_50pct",1,FALSE,"3","3","ENSE00003515141"
"HETDEL_cluster_0022","HETDEL","HETDEL",TRUE,"CNA_event_000037","PASWXB",0.167919799498747,"high_resolution_le_50pct",1,FALSE,"3","3","ENSE00003515141"
"HETDEL_cluster_0022","HETDEL","HOMDEL",FALSE,"CNA_event_000157","PASWYU",0.167919799498747,"high_resolution_le_50pct",1,FALSE,"3","3","ENSE00003515141"
"HETDEL_cluster_0022","HETDEL","HETDEL",TRUE,"CNA_event_000040","PASYSJ",0.167919799498747,"high_resolution_le_50pct",1,FALSE,"3","3","ENSE00003515141"
"HETDEL_cluster_0022","HETDEL","HETDEL",TRUE,"CNA_event_000041","PASYVU",0.167919799498747,"high_resolution_le_50pct",1,FALSE,"3","3","ENSE00003515141"
"HETDEL_cluster_0022","HETDEL","HOMDEL",FALSE,"CNA_event_000158","PASYWF",0.167919799498747,"high_resolution_le_50pct",1,FALSE,"3","3","ENSE00003515141"
"HETDEL_cluster_0022","HETDEL","HETDEL",TRUE,"CNA_event_000043","PASZAY",0.167919799498747,"high_resolution_le_50pct",1,FALSE,"3","3","ENSE00003515141"
"HETDEL_cluster_0022","HETDEL","HETDEL",TRUE,"CNA_event_000044","PATALF",0.425229741019215,"high_resolution_le_50pct",1,FALSE,"3","3","ENSE00003515141"
"HETDEL_cluster_0022","HETDEL","HETDEL",TRUE,"CNA_event_000045","PATBTX",0.167919799498747,"high_resolution_le_50pct",1,FALSE,"3","3","ENSE00003515141"
"HETDEL_cluster_0022","HETDEL","HOMDEL",FALSE,"CNA_event_000159","PATCTR",0.345864661654135,"high_resolution_le_50pct",1,FALSE,"3","3","ENSE00003515141"
"HETDEL_cluster_0022","HETDEL","HETDEL",TRUE,"CNA_event_000047","PATDTN",0.167919799498747,"high_resolution_le_50pct",1,FALSE,"3","3","ENSE00003515141"
"HETDEL_cluster_0022","HETDEL","HETDEL",TRUE,"CNA_event_000048","PATFPU",0.167919799498747,"high_resolution_le_50pct",1,FALSE,"3","3","ENSE00003515141"
"HETDEL_cluster_0022","HETDEL","HOMDEL",FALSE,"CNA_event_000160","PATGBY",0.167919799498747,"high_resolution_le_50pct",1,FALSE,"3","3","ENSE00003515141"
"HETDEL_cluster_0022","HETDEL","HETDEL",TRUE,"CNA_event_000050","PATHFE",0.822055137844611,"low_resolution_75_90pct",1,FALSE,"3","3","ENSE00003515141"
"HETDEL_cluster_0022","HETDEL","HETDEL",TRUE,"CNA_event_000052","PATJLY",0.355054302422723,"high_resolution_le_50pct",1,FALSE,"3","3","ENSE00003515141"
"HETDEL_cluster_0022","HETDEL","HOMDEL",FALSE,"CNA_event_000161","PATJRX",0.167919799498747,"high_resolution_le_50pct",1,FALSE,"3","3","ENSE00003515141"
"HETDEL_cluster_0022","HETDEL","HOMDEL",FALSE,"CNA_event_000162","PATKVD",0.167919799498747,"high_resolution_le_50pct",1,FALSE,"3","3","ENSE00003515141"
"HETDEL_cluster_0022","HETDEL","HETDEL",TRUE,"CNA_event_000054","PATKZH",0.345864661654135,"high_resolution_le_50pct",1,FALSE,"3","3","ENSE00003515141"
"HETDEL_cluster_0022","HETDEL","HETDEL",TRUE,"CNA_event_000055","PATLLH",0.425229741019215,"high_resolution_le_50pct",1,FALSE,"3","3","ENSE00003515141"
"HETDEL_cluster_0022","HETDEL","HETDEL",TRUE,"CNA_event_000057","PATPDA",0.664160401002506,"moderate_resolution_50_75pct",1,FALSE,"3","3","ENSE00003515141"
"HETDEL_cluster_0022","HETDEL","HETDEL",TRUE,"CNA_event_000058","PATRAB",0.167919799498747,"high_resolution_le_50pct",1,FALSE,"3","3","ENSE00003515141"
"HETDEL_cluster_0022","HETDEL","HETDEL",TRUE,"CNA_event_000059","PATRKV",0.223057644110276,"high_resolution_le_50pct",1,FALSE,"3","3","ENSE00003515141"
"HETDEL_cluster_0022","HETDEL","HETDEL",TRUE,"CNA_event_000060","PATSPG",0.345864661654135,"high_resolution_le_50pct",1,FALSE,"3","3","ENSE00003515141"
"HETDEL_cluster_0022","HETDEL","HETDEL",TRUE,"CNA_event_000061","PATWJU",0.167919799498747,"high_resolution_le_50pct",1,FALSE,"3","3","ENSE00003515141"
"HETDEL_cluster_0022","HETDEL","HOMDEL",FALSE,"CNA_event_000163","PATYWV",0.167919799498747,"high_resolution_le_50pct",1,FALSE,"3","3","ENSE00003515141"
"HETDEL_cluster_0022","HETDEL","HETDEL",TRUE,"CNA_event_000063","PATZST",0.167919799498747,"high_resolution_le_50pct",1,FALSE,"3","3","ENSE00003515141"
"HETDEL_cluster_0022","HETDEL","HETDEL",TRUE,"CNA_event_000064","PATZYR",0.167919799498747,"high_resolution_le_50pct",1,FALSE,"3","3","ENSE00003515141"
"HETDEL_cluster_0022","HETDEL","HETDEL",TRUE,"CNA_event_000065","PAUAKN",0.167919799498747,"high_resolution_le_50pct",1,FALSE,"3","3","ENSE00003515141"
"HETDEL_cluster_0022","HETDEL","HETDEL",TRUE,"CNA_event_000066","PAUAZV",0.167919799498747,"high_resolution_le_50pct",1,FALSE,"3","3","ENSE00003515141"
"HETDEL_cluster_0022","HETDEL","HETDEL",TRUE,"CNA_event_000067","PAUBCT",0.167919799498747,"high_resolution_le_50pct",1,FALSE,"3","3","ENSE00003515141"
"HETDEL_cluster_0022","HETDEL","HOMDEL",FALSE,"CNA_event_000164","PAUBTC",0.167919799498747,"high_resolution_le_50pct",1,FALSE,"3","3","ENSE00003515141"
"HETDEL_cluster_0022","HETDEL","HETDEL",TRUE,"CNA_event_000070","PAUCDC",0.822055137844611,"low_resolution_75_90pct",1,FALSE,"3","3","ENSE00003515141"
"HETDEL_cluster_0022","HETDEL","HETDEL",TRUE,"CNA_event_000071","PAUEDT",0.167919799498747,"high_resolution_le_50pct",1,FALSE,"3","3","ENSE00003515141"
"HETDEL_cluster_0022","HETDEL","HOMDEL",FALSE,"CNA_event_000165","PAUEUC",0.167919799498747,"high_resolution_le_50pct",1,FALSE,"3","3","ENSE00003515141"
"HETDEL_cluster_0022","HETDEL","HETDEL",TRUE,"CNA_event_000074","PAUEVJ",0.167919799498747,"high_resolution_le_50pct",1,FALSE,"3","3","ENSE00003515141"
"HETDEL_cluster_0022","HETDEL","HETDEL",TRUE,"CNA_event_000075","PAUEXN",0.206349206349206,"high_resolution_le_50pct",1,FALSE,"3","3","ENSE00003515141"
"HETDEL_cluster_0022","HETDEL","HETDEL",TRUE,"CNA_event_000077","PAUGDT",0.167919799498747,"high_resolution_le_50pct",1,FALSE,"3","3","ENSE00003515141"
"HETDEL_cluster_0022","HETDEL","HETDEL",TRUE,"CNA_event_000078","PAUGLY",0.345864661654135,"high_resolution_le_50pct",1,FALSE,"3","3","ENSE00003515141"
"HETDEL_cluster_0022","HETDEL","HOMDEL",FALSE,"CNA_event_000166","PAUIEM",0.167919799498747,"high_resolution_le_50pct",1,FALSE,"3","3","ENSE00003515141"
"HETDEL_cluster_0022","HETDEL","HETDEL",TRUE,"CNA_event_000080","PAUIFA",0.167919799498747,"high_resolution_le_50pct",1,FALSE,"3","3","ENSE00003515141"
"HETDEL_cluster_0022","HETDEL","HETDEL",TRUE,"CNA_event_000081","PAUJVL",0.345864661654135,"high_resolution_le_50pct",1,FALSE,"3","3","ENSE00003515141"
"HETDEL_cluster_0022","HETDEL","HETDEL",TRUE,"CNA_event_000083","PAUKZJ",0.608187134502924,"moderate_resolution_50_75pct",1,FALSE,"3","3","ENSE00003515141"
"HETDEL_cluster_0022","HETDEL","HETDEL",TRUE,"CNA_event_000084","PAULCK",0.167919799498747,"high_resolution_le_50pct",1,FALSE,"3","3","ENSE00003515141"
"HETDEL_cluster_0022","HETDEL","HOMDEL",FALSE,"CNA_event_000167","PAULGX",0.603174603174603,"moderate_resolution_50_75pct",1,FALSE,"3","3","ENSE00003515141"
"HETDEL_cluster_0022","HETDEL","HOMDEL",FALSE,"CNA_event_000168","PAUMIB",0.345864661654135,"high_resolution_le_50pct",1,FALSE,"3","3","ENSE00003515141"
"HETDEL_cluster_0022","HETDEL","HETDEL",TRUE,"CNA_event_000087","PAUMLX",0.345864661654135,"high_resolution_le_50pct",1,FALSE,"3","3","ENSE00003515141"
"HETDEL_cluster_0022","HETDEL","HETDEL",TRUE,"CNA_event_000088","PAUMXB",0.345864661654135,"high_resolution_le_50pct",1,FALSE,"3","3","ENSE00003515141"
"HETDEL_cluster_0022","HETDEL","HETDEL",TRUE,"CNA_event_000089","PAUPUW",0.167919799498747,"high_resolution_le_50pct",1,FALSE,"3","3","ENSE00003515141"
"HETDEL_cluster_0022","HETDEL","HETDEL",TRUE,"CNA_event_000090","PAURLU",0.167919799498747,"high_resolution_le_50pct",1,FALSE,"3","3","ENSE00003515141"
"HETDEL_cluster_0022","HETDEL","HETDEL",TRUE,"CNA_event_000091","PAUSIS",0.822055137844611,"low_resolution_75_90pct",1,FALSE,"3","3","ENSE00003515141"
"HETDEL_cluster_0022","HETDEL","HETDEL",TRUE,"CNA_event_000092","PAUTBB",0.167919799498747,"high_resolution_le_50pct",1,FALSE,"3","3","ENSE00003515141"
"HETDEL_cluster_0022","HETDEL","HETDEL",TRUE,"CNA_event_000093","PAUTUL",0.664160401002506,"moderate_resolution_50_75pct",1,FALSE,"3","3","ENSE00003515141"
"HETDEL_cluster_0022","HETDEL","HETDEL",TRUE,"CNA_event_000094","PAUUAL",0.167919799498747,"high_resolution_le_50pct",1,FALSE,"3","3","ENSE00003515141"
"HETDEL_cluster_0022","HETDEL","HOMDEL",FALSE,"CNA_event_000169","PAUUBG",0.167919799498747,"high_resolution_le_50pct",1,FALSE,"3","3","ENSE00003515141"
"HETDEL_cluster_0022","HETDEL","HETDEL",TRUE,"CNA_event_000095","PAUUIK",0.167919799498747,"high_resolution_le_50pct",1,FALSE,"3","3","ENSE00003515141"
"HETDEL_cluster_0022","HETDEL","HETDEL",TRUE,"CNA_event_000096","PAUWMZ",0.167919799498747,"high_resolution_le_50pct",1,FALSE,"3","3","ENSE00003515141"
"HETDEL_cluster_0022","HETDEL","HETDEL",TRUE,"CNA_event_000097","PAUWXI",0.822055137844611,"low_resolution_75_90pct",1,FALSE,"3","3","ENSE00003515141"
"HETDEL_cluster_0022","HETDEL","HETDEL",TRUE,"CNA_event_000098","PAUXCW",0.167919799498747,"high_resolution_le_50pct",1,FALSE,"3","3","ENSE00003515141"
"HETDEL_cluster_0022","HETDEL","HETDEL",TRUE,"CNA_event_000099","PAUXKE",0.167919799498747,"high_resolution_le_50pct",1,FALSE,"3","3","ENSE00003515141"
"HETDEL_cluster_0022","HETDEL","HETDEL",TRUE,"CNA_event_000100","PAUXRM",0.279030910609858,"high_resolution_le_50pct",1,FALSE,"3","3","ENSE00003515141"
"HETDEL_cluster_0022","HETDEL","HETDEL",TRUE,"CNA_event_000101","PAUXYI",0.355054302422723,"high_resolution_le_50pct",1,FALSE,"3","3","ENSE00003515141"
"HETDEL_cluster_0022","HETDEL","HETDEL",TRUE,"CNA_event_000102","PAUYJF",0.425229741019215,"high_resolution_le_50pct",1,FALSE,"3","3","ENSE00003515141"
"HETDEL_cluster_0022","HETDEL","HOMDEL",FALSE,"CNA_event_000170","PAVBFC",0.167919799498747,"high_resolution_le_50pct",1,FALSE,"3","3","ENSE00003515141"
"HETDEL_cluster_0022","HETDEL","HETDEL",TRUE,"CNA_event_000104","PAVCRK",0.167919799498747,"high_resolution_le_50pct",1,FALSE,"3","3","ENSE00003515141"
"HETDEL_cluster_0022","HETDEL","HOMDEL",FALSE,"CNA_event_000171","PAVESF",0.167919799498747,"high_resolution_le_50pct",1,FALSE,"3","3","ENSE00003515141"
"HETDEL_cluster_0022","HETDEL","HETDEL",TRUE,"CNA_event_000105","PAVFAX",0.167919799498747,"high_resolution_le_50pct",1,FALSE,"3","3","ENSE00003515141"
"HETDEL_cluster_0022","HETDEL","HETDEL",TRUE,"CNA_event_000106","PAVHAA",0.167919799498747,"high_resolution_le_50pct",1,FALSE,"3","3","ENSE00003515141"
"HETDEL_cluster_0022","HETDEL","HETDEL",TRUE,"CNA_event_000107","PAVHBL",0.167919799498747,"high_resolution_le_50pct",1,FALSE,"3","3","ENSE00003515141"
"HETDEL_cluster_0022","HETDEL","HETDEL",TRUE,"CNA_event_000108","PAVHGX",0.167919799498747,"high_resolution_le_50pct",1,FALSE,"3","3","ENSE00003515141"
"HETDEL_cluster_0022","HETDEL","HOMDEL",FALSE,"CNA_event_000172","PAVKCV",0.167919799498747,"high_resolution_le_50pct",1,FALSE,"3","3","ENSE00003515141"
"HETDEL_cluster_0022","HETDEL","HETDEL",TRUE,"CNA_event_000112","PAVKPV",0.167919799498747,"high_resolution_le_50pct",1,FALSE,"3","3","ENSE00003515141"
"HETDEL_cluster_0022","HETDEL","HOMDEL",FALSE,"CNA_event_000173","PAVKWV",0.167919799498747,"high_resolution_le_50pct",1,FALSE,"3","3","ENSE00003515141"
"HETDEL_cluster_0022","HETDEL","HETDEL",TRUE,"CNA_event_000114","PAVLLU",0.167919799498747,"high_resolution_le_50pct",1,FALSE,"3","3","ENSE00003515141"
"HETDEL_cluster_0022","HETDEL","HOMDEL",FALSE,"CNA_event_000174","PAVLMY",0.167919799498747,"high_resolution_le_50pct",1,FALSE,"3","3","ENSE00003515141"
"HETDEL_cluster_0022","HETDEL","HETDEL",TRUE,"CNA_event_000115","PAVMKN",0.167919799498747,"high_resolution_le_50pct",1,FALSE,"3","3","ENSE00003515141"
"HETDEL_cluster_0022","HETDEL","HETDEL",TRUE,"CNA_event_000116","PAVMPT",0.279030910609858,"high_resolution_le_50pct",1,FALSE,"3","3","ENSE00003515141"
"HETDEL_cluster_0022","HETDEL","HETDEL",TRUE,"CNA_event_000117","PAVNGZ",0.167919799498747,"high_resolution_le_50pct",1,FALSE,"3","3","ENSE00003515141"
"HETDEL_cluster_0022","HETDEL","HETDEL",TRUE,"CNA_event_000119","PAVNTB",0.167919799498747,"high_resolution_le_50pct",1,FALSE,"3","3","ENSE00003515141"
"HETDEL_cluster_0022","HETDEL","HETDEL",TRUE,"CNA_event_000120","PAVPCB",0.206349206349206,"high_resolution_le_50pct",1,FALSE,"3","3","ENSE00003515141"
"HETDEL_cluster_0022","HETDEL","HETDEL",TRUE,"CNA_event_000121","PAVRXK",0.932330827067669,"very_low_resolution_90_lt_100pct",1,FALSE,"3","3","ENSE00003515141"
"HETDEL_cluster_0022","HETDEL","HOMDEL",FALSE,"CNA_event_000175","PAVVBE",0.754385964912281,"low_resolution_75_90pct",1,FALSE,"3","3","ENSE00003515141"
"HETDEL_cluster_0022","HETDEL","HOMDEL",FALSE,"CNA_event_000176","PAVVDS",0.167919799498747,"high_resolution_le_50pct",1,FALSE,"3","3","ENSE00003515141"
"HETDEL_cluster_0022","HETDEL","HETDEL",TRUE,"CNA_event_000124","PAVWDF",0.167919799498747,"high_resolution_le_50pct",1,FALSE,"3","3","ENSE00003515141"
"HETDEL_cluster_0022","HETDEL","HETDEL",TRUE,"CNA_event_000125","PAVWNL",0.345864661654135,"high_resolution_le_50pct",1,FALSE,"3","3","ENSE00003515141"
"HETDEL_cluster_0022","HETDEL","HOMDEL",FALSE,"CNA_event_000177","PAVYAZ",0.167919799498747,"high_resolution_le_50pct",1,FALSE,"3","3","ENSE00003515141"
"HETDEL_cluster_0022","HETDEL","HOMDEL",FALSE,"CNA_event_000178","PAVYGR",0.167919799498747,"high_resolution_le_50pct",1,FALSE,"3","3","ENSE00003515141"
"HETDEL_cluster_0022","HETDEL","HETDEL",TRUE,"CNA_event_000129","PAVYTZ",0.167919799498747,"high_resolution_le_50pct",1,FALSE,"3","3","ENSE00003515141"
"HETDEL_cluster_0022","HETDEL","HETDEL",TRUE,"CNA_event_000130","PAVZCF",0.425229741019215,"high_resolution_le_50pct",1,FALSE,"3","3","ENSE00003515141"
"HETDEL_cluster_0022","HETDEL","HETDEL",TRUE,"CNA_event_000131","PAWAIM",0.167919799498747,"high_resolution_le_50pct",1,FALSE,"3","3","ENSE00003515141"
"HETDEL_cluster_0022","HETDEL","HETDEL",TRUE,"CNA_event_000132","PAWAIN",0.167919799498747,"high_resolution_le_50pct",1,FALSE,"3","3","ENSE00003515141"
"HETDEL_cluster_0022","HETDEL","HETDEL",TRUE,"CNA_event_000133","PAWAKA",0.167919799498747,"high_resolution_le_50pct",1,FALSE,"3","3","ENSE00003515141"
"HETDEL_cluster_0022","HETDEL","HETDEL",TRUE,"CNA_event_000134","PAWDEK",0.167919799498747,"high_resolution_le_50pct",1,FALSE,"3","3","ENSE00003515141"
"HETDEL_cluster_0022","HETDEL","HETDEL",TRUE,"CNA_event_000135","PAWDMI",0.167919799498747,"high_resolution_le_50pct",1,FALSE,"3","3","ENSE00003515141"
"HETDEL_cluster_0022","HETDEL","HETDEL",TRUE,"CNA_event_000136","PAWDWJ",0.822055137844611,"low_resolution_75_90pct",1,FALSE,"3","3","ENSE00003515141"
"HETDEL_cluster_0022","HETDEL","HETDEL",TRUE,"CNA_event_000137","PAWEEC",0.167919799498747,"high_resolution_le_50pct",1,FALSE,"3","3","ENSE00003515141"
"HETDEL_cluster_0022","HETDEL","HETDEL",TRUE,"CNA_event_000138","PAWEEX",0.111946532999165,"high_resolution_le_50pct",1,FALSE,"3","3","ENSE00003515141"
"HETDEL_cluster_0022","HETDEL","HETDEL",TRUE,"CNA_event_000139","PAWESJ",0.345864661654135,"high_resolution_le_50pct",1,FALSE,"3","3","ENSE00003515141"
"HETDEL_cluster_0022","HETDEL","HETDEL",TRUE,"CNA_event_000140","PAWETD",0.822055137844611,"low_resolution_75_90pct",1,FALSE,"3","3","ENSE00003515141"
"HETDEL_cluster_0022","HETDEL","HETDEL",TRUE,"CNA_event_000141","PAWFNJ",0.345864661654135,"high_resolution_le_50pct",1,FALSE,"3","3","ENSE00003515141"
"HETDEL_cluster_0022","HETDEL","HETDEL",TRUE,"CNA_event_000142","PAWFWF",0.345864661654135,"high_resolution_le_50pct",1,FALSE,"3","3","ENSE00003515141"
"HETDEL_cluster_0022","HETDEL","HETDEL",TRUE,"CNA_event_000143","PAWGCK",0.167919799498747,"high_resolution_le_50pct",1,FALSE,"3","3","ENSE00003515141"
"HETDEL_cluster_0022","HETDEL","HETDEL",TRUE,"CNA_event_000144","PAWGIT",0.167919799498747,"high_resolution_le_50pct",1,FALSE,"3","3","ENSE00003515141"
"HETDEL_cluster_0022","HETDEL","HETDEL",TRUE,"CNA_event_000146","PAWGZM",0.167919799498747,"high_resolution_le_50pct",1,FALSE,"3","3","ENSE00003515141"
"HETDEL_cluster_0022","HETDEL","HETDEL",TRUE,"CNA_event_000147","PAWIWS",0.355054302422723,"high_resolution_le_50pct",1,FALSE,"3","3","ENSE00003515141"
"HETDEL_cluster_0022","HETDEL","HETDEL",TRUE,"CNA_event_000148","PAWJKX",0.167919799498747,"high_resolution_le_50pct",1,FALSE,"3","3","ENSE00003515141"
"HETDEL_cluster_0022","HETDEL","HETDEL",TRUE,"CNA_event_000149","PAWJYN",0.345864661654135,"high_resolution_le_50pct",1,FALSE,"3","3","ENSE00003515141"
"HETDEL_cluster_0022","HETDEL","HOMDEL",FALSE,"CNA_event_000179","PAWKAN",0.167919799498747,"high_resolution_le_50pct",1,FALSE,"3","3","ENSE00003515141"
"HETDEL_cluster_0023","HETDEL","HETDEL",TRUE,"CNA_event_000004","PARNXJ",0.822055137844611,"low_resolution_75_90pct",1,FALSE,"4","4","ENSE00003558404"
"HETDEL_cluster_0023","HETDEL","HETDEL",TRUE,"CNA_event_000008","PARWNW",0.654135338345865,"moderate_resolution_50_75pct",1,FALSE,"4","4","ENSE00003558404"
"HETDEL_cluster_0023","HETDEL","HETDEL",TRUE,"CNA_event_000010","PARXPZ",0.822055137844611,"low_resolution_75_90pct",1,FALSE,"4","4","ENSE00003558404"
"HETDEL_cluster_0023","HETDEL","HETDEL",TRUE,"CNA_event_000019","PASKAD",0.654135338345865,"moderate_resolution_50_75pct",1,FALSE,"4","4","ENSE00003558404"
"HETDEL_cluster_0023","HETDEL","HETDEL",TRUE,"CNA_event_000020","PASKLU",0.111111111111111,"high_resolution_le_50pct",1,FALSE,"4","4","ENSE00003558404"
"HETDEL_cluster_0023","HETDEL","HETDEL",TRUE,"CNA_event_000021","PASKWG",0.654135338345865,"moderate_resolution_50_75pct",1,FALSE,"4","4","ENSE00003558404"
"HETDEL_cluster_0023","HETDEL","HETDEL",TRUE,"CNA_event_000024","PASPDS",0.355054302422723,"high_resolution_le_50pct",1,FALSE,"4","4","ENSE00003558404"
"HETDEL_cluster_0023","HETDEL","HETDEL",TRUE,"CNA_event_000025","PASPLG",0.425229741019215,"high_resolution_le_50pct",1,FALSE,"4","4","ENSE00003558404"
"HETDEL_cluster_0023","HETDEL","HETDEL",TRUE,"CNA_event_000026","PASPNW",0.822055137844611,"low_resolution_75_90pct",1,FALSE,"4","4","ENSE00003558404"
"HETDEL_cluster_0023","HETDEL","HETDEL",TRUE,"CNA_event_000032","PASTCH",0.456975772765246,"high_resolution_le_50pct",1,FALSE,"4","4","ENSE00003558404"
"HETDEL_cluster_0023","HETDEL","HETDEL",TRUE,"CNA_event_000033","PASTHE",0.425229741019215,"high_resolution_le_50pct",1,FALSE,"4","4","ENSE00003558404"
"HETDEL_cluster_0023","HETDEL","HETDEL",TRUE,"CNA_event_000034","PASUSV",0.822055137844611,"low_resolution_75_90pct",1,FALSE,"4","4","ENSE00003558404"
"HETDEL_cluster_0023","HETDEL","HETDEL",TRUE,"CNA_event_000038","PASWYU",0.586466165413534,"moderate_resolution_50_75pct",1,FALSE,"4","4","ENSE00003558404"
"HETDEL_cluster_0023","HETDEL","HETDEL",TRUE,"CNA_event_000039","PASYNX",0.360066833751044,"high_resolution_le_50pct",1,FALSE,"4","4","ENSE00003558404"
"HETDEL_cluster_0023","HETDEL","HETDEL",TRUE,"CNA_event_000042","PASYWF",0.654135338345865,"moderate_resolution_50_75pct",1,FALSE,"4","4","ENSE00003558404"
"HETDEL_cluster_0023","HETDEL","HETDEL",TRUE,"CNA_event_000044","PATALF",0.425229741019215,"high_resolution_le_50pct",1,FALSE,"4","4","ENSE00003558404"
"HETDEL_cluster_0023","HETDEL","HETDEL",TRUE,"CNA_event_000046","PATCTR",0.257309941520468,"high_resolution_le_50pct",1,FALSE,"4","4","ENSE00003558404"
"HETDEL_cluster_0023","HETDEL","HETDEL",TRUE,"CNA_event_000050","PATHFE",0.822055137844611,"low_resolution_75_90pct",1,FALSE,"4","4","ENSE00003558404"
"HETDEL_cluster_0023","HETDEL","HETDEL",TRUE,"CNA_event_000052","PATJLY",0.355054302422723,"high_resolution_le_50pct",1,FALSE,"4","4","ENSE00003558404"
"HETDEL_cluster_0023","HETDEL","HETDEL",TRUE,"CNA_event_000055","PATLLH",0.425229741019215,"high_resolution_le_50pct",1,FALSE,"4","4","ENSE00003558404"
"HETDEL_cluster_0023","HETDEL","HETDEL",TRUE,"CNA_event_000057","PATPDA",0.664160401002506,"moderate_resolution_50_75pct",1,FALSE,"4","4","ENSE00003558404"
"HETDEL_cluster_0023","HETDEL","HETDEL",TRUE,"CNA_event_000059","PATRKV",0.223057644110276,"high_resolution_le_50pct",1,FALSE,"4","4","ENSE00003558404"
"HETDEL_cluster_0023","HETDEL","HETDEL",TRUE,"CNA_event_000070","PAUCDC",0.822055137844611,"low_resolution_75_90pct",1,FALSE,"4","4","ENSE00003558404"
"HETDEL_cluster_0023","HETDEL","HETDEL",TRUE,"CNA_event_000079","PAUIEM",0.654135338345865,"moderate_resolution_50_75pct",1,FALSE,"4","4","ENSE00003558404"
"HETDEL_cluster_0023","HETDEL","HETDEL",TRUE,"CNA_event_000083","PAUKZJ",0.608187134502924,"moderate_resolution_50_75pct",1,FALSE,"4","4","ENSE00003558404"
"HETDEL_cluster_0023","HETDEL","HOMDEL",FALSE,"CNA_event_000167","PAULGX",0.603174603174603,"moderate_resolution_50_75pct",1,FALSE,"4","4","ENSE00003558404"
"HETDEL_cluster_0023","HETDEL","HETDEL",TRUE,"CNA_event_000091","PAUSIS",0.822055137844611,"low_resolution_75_90pct",1,FALSE,"4","4","ENSE00003558404"
"HETDEL_cluster_0023","HETDEL","HETDEL",TRUE,"CNA_event_000093","PAUTUL",0.664160401002506,"moderate_resolution_50_75pct",1,FALSE,"4","4","ENSE00003558404"
"HETDEL_cluster_0023","HETDEL","HETDEL",TRUE,"CNA_event_000097","PAUWXI",0.822055137844611,"low_resolution_75_90pct",1,FALSE,"4","4","ENSE00003558404"
"HETDEL_cluster_0023","HETDEL","HETDEL",TRUE,"CNA_event_000100","PAUXRM",0.279030910609858,"high_resolution_le_50pct",1,FALSE,"4","4","ENSE00003558404"
"HETDEL_cluster_0023","HETDEL","HETDEL",TRUE,"CNA_event_000101","PAUXYI",0.355054302422723,"high_resolution_le_50pct",1,FALSE,"4","4","ENSE00003558404"
"HETDEL_cluster_0023","HETDEL","HETDEL",TRUE,"CNA_event_000102","PAUYJF",0.425229741019215,"high_resolution_le_50pct",1,FALSE,"4","4","ENSE00003558404"
"HETDEL_cluster_0023","HETDEL","HETDEL",TRUE,"CNA_event_000116","PAVMPT",0.279030910609858,"high_resolution_le_50pct",1,FALSE,"4","4","ENSE00003558404"
"HETDEL_cluster_0023","HETDEL","HETDEL",TRUE,"CNA_event_000121","PAVRXK",0.932330827067669,"very_low_resolution_90_lt_100pct",1,FALSE,"4","4","ENSE00003558404"
"HETDEL_cluster_0023","HETDEL","HOMDEL",FALSE,"CNA_event_000175","PAVVBE",0.754385964912281,"low_resolution_75_90pct",1,FALSE,"4","4","ENSE00003558404"
"HETDEL_cluster_0023","HETDEL","HETDEL",TRUE,"CNA_event_000123","PAVVDS",0.257309941520468,"high_resolution_le_50pct",1,FALSE,"4","4","ENSE00003558404"
"HETDEL_cluster_0023","HETDEL","HETDEL",TRUE,"CNA_event_000130","PAVZCF",0.425229741019215,"high_resolution_le_50pct",1,FALSE,"4","4","ENSE00003558404"
"HETDEL_cluster_0023","HETDEL","HETDEL",TRUE,"CNA_event_000136","PAWDWJ",0.822055137844611,"low_resolution_75_90pct",1,FALSE,"4","4","ENSE00003558404"
"HETDEL_cluster_0023","HETDEL","HETDEL",TRUE,"CNA_event_000140","PAWETD",0.822055137844611,"low_resolution_75_90pct",1,FALSE,"4","4","ENSE00003558404"
"HETDEL_cluster_0023","HETDEL","HETDEL",TRUE,"CNA_event_000145","PAWGXM",0.496240601503759,"high_resolution_le_50pct",1,FALSE,"4","4","ENSE00003558404"
"HETDEL_cluster_0023","HETDEL","HETDEL",TRUE,"CNA_event_000147","PAWIWS",0.355054302422723,"high_resolution_le_50pct",1,FALSE,"4","4","ENSE00003558404"
"HETDEL_cluster_0024","HETDEL","HETDEL",TRUE,"CNA_event_000004","PARNXJ",0.822055137844611,"low_resolution_75_90pct",1,FALSE,"5","5","ENSE00003663409"
"HETDEL_cluster_0024","HETDEL","HETDEL",TRUE,"CNA_event_000008","PARWNW",0.654135338345865,"moderate_resolution_50_75pct",1,FALSE,"5","5","ENSE00003663409"
"HETDEL_cluster_0024","HETDEL","HETDEL",TRUE,"CNA_event_000010","PARXPZ",0.822055137844611,"low_resolution_75_90pct",1,FALSE,"5","5","ENSE00003663409"
"HETDEL_cluster_0024","HETDEL","HETDEL",TRUE,"CNA_event_000019","PASKAD",0.654135338345865,"moderate_resolution_50_75pct",1,FALSE,"5","5","ENSE00003663409"
"HETDEL_cluster_0024","HETDEL","HETDEL",TRUE,"CNA_event_000021","PASKWG",0.654135338345865,"moderate_resolution_50_75pct",1,FALSE,"5","5","ENSE00003663409"
"HETDEL_cluster_0024","HETDEL","HETDEL",TRUE,"CNA_event_000024","PASPDS",0.355054302422723,"high_resolution_le_50pct",1,FALSE,"5","5","ENSE00003663409"
"HETDEL_cluster_0024","HETDEL","HETDEL",TRUE,"CNA_event_000025","PASPLG",0.425229741019215,"high_resolution_le_50pct",1,FALSE,"5","5","ENSE00003663409"
"HETDEL_cluster_0024","HETDEL","HETDEL",TRUE,"CNA_event_000026","PASPNW",0.822055137844611,"low_resolution_75_90pct",1,FALSE,"5","5","ENSE00003663409"
"HETDEL_cluster_0024","HETDEL","HETDEL",TRUE,"CNA_event_000033","PASTHE",0.425229741019215,"high_resolution_le_50pct",1,FALSE,"5","5","ENSE00003663409"
"HETDEL_cluster_0024","HETDEL","HETDEL",TRUE,"CNA_event_000034","PASUSV",0.822055137844611,"low_resolution_75_90pct",1,FALSE,"5","5","ENSE00003663409"
"HETDEL_cluster_0024","HETDEL","HETDEL",TRUE,"CNA_event_000038","PASWYU",0.586466165413534,"moderate_resolution_50_75pct",1,FALSE,"5","5","ENSE00003663409"
"HETDEL_cluster_0024","HETDEL","HETDEL",TRUE,"CNA_event_000039","PASYNX",0.360066833751044,"high_resolution_le_50pct",1,FALSE,"5","5","ENSE00003663409"
"HETDEL_cluster_0024","HETDEL","HETDEL",TRUE,"CNA_event_000042","PASYWF",0.654135338345865,"moderate_resolution_50_75pct",1,FALSE,"5","5","ENSE00003663409"
"HETDEL_cluster_0024","HETDEL","HETDEL",TRUE,"CNA_event_000044","PATALF",0.425229741019215,"high_resolution_le_50pct",1,FALSE,"5","5","ENSE00003663409"
"HETDEL_cluster_0024","HETDEL","HETDEL",TRUE,"CNA_event_000046","PATCTR",0.257309941520468,"high_resolution_le_50pct",1,FALSE,"5","5","ENSE00003663409"
"HETDEL_cluster_0024","HETDEL","HETDEL",TRUE,"CNA_event_000050","PATHFE",0.822055137844611,"low_resolution_75_90pct",1,FALSE,"5","5","ENSE00003663409"
"HETDEL_cluster_0024","HETDEL","HETDEL",TRUE,"CNA_event_000052","PATJLY",0.355054302422723,"high_resolution_le_50pct",1,FALSE,"5","5","ENSE00003663409"
"HETDEL_cluster_0024","HETDEL","HETDEL",TRUE,"CNA_event_000055","PATLLH",0.425229741019215,"high_resolution_le_50pct",1,FALSE,"5","5","ENSE00003663409"
"HETDEL_cluster_0024","HETDEL","HETDEL",TRUE,"CNA_event_000057","PATPDA",0.664160401002506,"moderate_resolution_50_75pct",1,FALSE,"5","5","ENSE00003663409"
"HETDEL_cluster_0024","HETDEL","HETDEL",TRUE,"CNA_event_000070","PAUCDC",0.822055137844611,"low_resolution_75_90pct",1,FALSE,"5","5","ENSE00003663409"
"HETDEL_cluster_0024","HETDEL","HETDEL",TRUE,"CNA_event_000079","PAUIEM",0.654135338345865,"moderate_resolution_50_75pct",1,FALSE,"5","5","ENSE00003663409"
"HETDEL_cluster_0024","HETDEL","HETDEL",TRUE,"CNA_event_000083","PAUKZJ",0.608187134502924,"moderate_resolution_50_75pct",1,FALSE,"5","5","ENSE00003663409"
"HETDEL_cluster_0024","HETDEL","HOMDEL",FALSE,"CNA_event_000167","PAULGX",0.603174603174603,"moderate_resolution_50_75pct",1,FALSE,"5","5","ENSE00003663409"
"HETDEL_cluster_0024","HETDEL","HETDEL",TRUE,"CNA_event_000091","PAUSIS",0.822055137844611,"low_resolution_75_90pct",1,FALSE,"5","5","ENSE00003663409"
"HETDEL_cluster_0024","HETDEL","HETDEL",TRUE,"CNA_event_000093","PAUTUL",0.664160401002506,"moderate_resolution_50_75pct",1,FALSE,"5","5","ENSE00003663409"
"HETDEL_cluster_0024","HETDEL","HETDEL",TRUE,"CNA_event_000097","PAUWXI",0.822055137844611,"low_resolution_75_90pct",1,FALSE,"5","5","ENSE00003663409"
"HETDEL_cluster_0024","HETDEL","HETDEL",TRUE,"CNA_event_000101","PAUXYI",0.355054302422723,"high_resolution_le_50pct",1,FALSE,"5","5","ENSE00003663409"
"HETDEL_cluster_0024","HETDEL","HETDEL",TRUE,"CNA_event_000102","PAUYJF",0.425229741019215,"high_resolution_le_50pct",1,FALSE,"5","5","ENSE00003663409"
"HETDEL_cluster_0024","HETDEL","HETDEL",TRUE,"CNA_event_000121","PAVRXK",0.932330827067669,"very_low_resolution_90_lt_100pct",1,FALSE,"5","5","ENSE00003663409"
"HETDEL_cluster_0024","HETDEL","HOMDEL",FALSE,"CNA_event_000175","PAVVBE",0.754385964912281,"low_resolution_75_90pct",1,FALSE,"5","5","ENSE00003663409"
"HETDEL_cluster_0024","HETDEL","HETDEL",TRUE,"CNA_event_000123","PAVVDS",0.257309941520468,"high_resolution_le_50pct",1,FALSE,"5","5","ENSE00003663409"
"HETDEL_cluster_0024","HETDEL","HETDEL",TRUE,"CNA_event_000130","PAVZCF",0.425229741019215,"high_resolution_le_50pct",1,FALSE,"5","5","ENSE00003663409"
"HETDEL_cluster_0024","HETDEL","HETDEL",TRUE,"CNA_event_000136","PAWDWJ",0.822055137844611,"low_resolution_75_90pct",1,FALSE,"5","5","ENSE00003663409"
"HETDEL_cluster_0024","HETDEL","HETDEL",TRUE,"CNA_event_000140","PAWETD",0.822055137844611,"low_resolution_75_90pct",1,FALSE,"5","5","ENSE00003663409"
"HETDEL_cluster_0024","HETDEL","HETDEL",TRUE,"CNA_event_000145","PAWGXM",0.496240601503759,"high_resolution_le_50pct",1,FALSE,"5","5","ENSE00003663409"
"HETDEL_cluster_0024","HETDEL","HETDEL",TRUE,"CNA_event_000147","PAWIWS",0.355054302422723,"high_resolution_le_50pct",1,FALSE,"5","5","ENSE00003663409"
"HETDEL_cluster_0025","HETDEL","HETDEL",TRUE,"CNA_event_000004","PARNXJ",0.822055137844611,"low_resolution_75_90pct",1,FALSE,"6","6","ENSE00003468993"
"HETDEL_cluster_0025","HETDEL","HETDEL",TRUE,"CNA_event_000008","PARWNW",0.654135338345865,"moderate_resolution_50_75pct",1,FALSE,"6","6","ENSE00003468993"
"HETDEL_cluster_0025","HETDEL","HETDEL",TRUE,"CNA_event_000010","PARXPZ",0.822055137844611,"low_resolution_75_90pct",1,FALSE,"6","6","ENSE00003468993"
"HETDEL_cluster_0025","HETDEL","HETDEL",TRUE,"CNA_event_000019","PASKAD",0.654135338345865,"moderate_resolution_50_75pct",1,FALSE,"6","6","ENSE00003468993"
"HETDEL_cluster_0025","HETDEL","HETDEL",TRUE,"CNA_event_000021","PASKWG",0.654135338345865,"moderate_resolution_50_75pct",1,FALSE,"6","6","ENSE00003468993"
"HETDEL_cluster_0025","HETDEL","HETDEL",TRUE,"CNA_event_000025","PASPLG",0.425229741019215,"high_resolution_le_50pct",1,FALSE,"6","6","ENSE00003468993"
"HETDEL_cluster_0025","HETDEL","HETDEL",TRUE,"CNA_event_000026","PASPNW",0.822055137844611,"low_resolution_75_90pct",1,FALSE,"6","6","ENSE00003468993"
"HETDEL_cluster_0025","HETDEL","HETDEL",TRUE,"CNA_event_000033","PASTHE",0.425229741019215,"high_resolution_le_50pct",1,FALSE,"6","6","ENSE00003468993"
"HETDEL_cluster_0025","HETDEL","HETDEL",TRUE,"CNA_event_000034","PASUSV",0.822055137844611,"low_resolution_75_90pct",1,FALSE,"6","6","ENSE00003468993"
"HETDEL_cluster_0025","HETDEL","HETDEL",TRUE,"CNA_event_000038","PASWYU",0.586466165413534,"moderate_resolution_50_75pct",1,FALSE,"6","6","ENSE00003468993"
"HETDEL_cluster_0025","HETDEL","HETDEL",TRUE,"CNA_event_000039","PASYNX",0.360066833751044,"high_resolution_le_50pct",1,FALSE,"6","6","ENSE00003468993"
"HETDEL_cluster_0025","HETDEL","HETDEL",TRUE,"CNA_event_000042","PASYWF",0.654135338345865,"moderate_resolution_50_75pct",1,FALSE,"6","6","ENSE00003468993"
"HETDEL_cluster_0025","HETDEL","HETDEL",TRUE,"CNA_event_000044","PATALF",0.425229741019215,"high_resolution_le_50pct",1,FALSE,"6","6","ENSE00003468993"
"HETDEL_cluster_0025","HETDEL","HETDEL",TRUE,"CNA_event_000046","PATCTR",0.257309941520468,"high_resolution_le_50pct",1,FALSE,"6","6","ENSE00003468993"
"HETDEL_cluster_0025","HETDEL","HETDEL",TRUE,"CNA_event_000050","PATHFE",0.822055137844611,"low_resolution_75_90pct",1,FALSE,"6","6","ENSE00003468993"
"HETDEL_cluster_0025","HETDEL","HETDEL",TRUE,"CNA_event_000055","PATLLH",0.425229741019215,"high_resolution_le_50pct",1,FALSE,"6","6","ENSE00003468993"
"HETDEL_cluster_0025","HETDEL","HETDEL",TRUE,"CNA_event_000057","PATPDA",0.664160401002506,"moderate_resolution_50_75pct",1,FALSE,"6","6","ENSE00003468993"
"HETDEL_cluster_0025","HETDEL","HETDEL",TRUE,"CNA_event_000070","PAUCDC",0.822055137844611,"low_resolution_75_90pct",1,FALSE,"6","6","ENSE00003468993"
"HETDEL_cluster_0025","HETDEL","HETDEL",TRUE,"CNA_event_000079","PAUIEM",0.654135338345865,"moderate_resolution_50_75pct",1,FALSE,"6","6","ENSE00003468993"
"HETDEL_cluster_0025","HETDEL","HETDEL",TRUE,"CNA_event_000083","PAUKZJ",0.608187134502924,"moderate_resolution_50_75pct",1,FALSE,"6","6","ENSE00003468993"
"HETDEL_cluster_0025","HETDEL","HOMDEL",FALSE,"CNA_event_000167","PAULGX",0.603174603174603,"moderate_resolution_50_75pct",1,FALSE,"6","6","ENSE00003468993"
"HETDEL_cluster_0025","HETDEL","HETDEL",TRUE,"CNA_event_000091","PAUSIS",0.822055137844611,"low_resolution_75_90pct",1,FALSE,"6","6","ENSE00003468993"
"HETDEL_cluster_0025","HETDEL","HETDEL",TRUE,"CNA_event_000093","PAUTUL",0.664160401002506,"moderate_resolution_50_75pct",1,FALSE,"6","6","ENSE00003468993"
"HETDEL_cluster_0025","HETDEL","HETDEL",TRUE,"CNA_event_000097","PAUWXI",0.822055137844611,"low_resolution_75_90pct",1,FALSE,"6","6","ENSE00003468993"
"HETDEL_cluster_0025","HETDEL","HETDEL",TRUE,"CNA_event_000102","PAUYJF",0.425229741019215,"high_resolution_le_50pct",1,FALSE,"6","6","ENSE00003468993"
"HETDEL_cluster_0025","HETDEL","HETDEL",TRUE,"CNA_event_000121","PAVRXK",0.932330827067669,"very_low_resolution_90_lt_100pct",1,FALSE,"6","6","ENSE00003468993"
"HETDEL_cluster_0025","HETDEL","HOMDEL",FALSE,"CNA_event_000175","PAVVBE",0.754385964912281,"low_resolution_75_90pct",1,FALSE,"6","6","ENSE00003468993"
"HETDEL_cluster_0025","HETDEL","HETDEL",TRUE,"CNA_event_000123","PAVVDS",0.257309941520468,"high_resolution_le_50pct",1,FALSE,"6","6","ENSE00003468993"
"HETDEL_cluster_0025","HETDEL","HETDEL",TRUE,"CNA_event_000130","PAVZCF",0.425229741019215,"high_resolution_le_50pct",1,FALSE,"6","6","ENSE00003468993"
"HETDEL_cluster_0025","HETDEL","HETDEL",TRUE,"CNA_event_000136","PAWDWJ",0.822055137844611,"low_resolution_75_90pct",1,FALSE,"6","6","ENSE00003468993"
"HETDEL_cluster_0025","HETDEL","HETDEL",TRUE,"CNA_event_000140","PAWETD",0.822055137844611,"low_resolution_75_90pct",1,FALSE,"6","6","ENSE00003468993"
"HETDEL_cluster_0025","HETDEL","HETDEL",TRUE,"CNA_event_000145","PAWGXM",0.496240601503759,"high_resolution_le_50pct",1,FALSE,"6","6","ENSE00003468993"
"HETDEL_cluster_0026","HETDEL","HETDEL",TRUE,"CNA_event_000004","PARNXJ",0.822055137844611,"low_resolution_75_90pct",1,FALSE,"7","7","ENSE00003478404"
"HETDEL_cluster_0026","HETDEL","HETDEL",TRUE,"CNA_event_000008","PARWNW",0.654135338345865,"moderate_resolution_50_75pct",1,FALSE,"7","7","ENSE00003478404"
"HETDEL_cluster_0026","HETDEL","HETDEL",TRUE,"CNA_event_000010","PARXPZ",0.822055137844611,"low_resolution_75_90pct",1,FALSE,"7","7","ENSE00003478404"
"HETDEL_cluster_0026","HETDEL","HETDEL",TRUE,"CNA_event_000019","PASKAD",0.654135338345865,"moderate_resolution_50_75pct",1,FALSE,"7","7","ENSE00003478404"
"HETDEL_cluster_0026","HETDEL","HETDEL",TRUE,"CNA_event_000021","PASKWG",0.654135338345865,"moderate_resolution_50_75pct",1,FALSE,"7","7","ENSE00003478404"
"HETDEL_cluster_0026","HETDEL","HETDEL",TRUE,"CNA_event_000026","PASPNW",0.822055137844611,"low_resolution_75_90pct",1,FALSE,"7","7","ENSE00003478404"
"HETDEL_cluster_0026","HETDEL","HETDEL",TRUE,"CNA_event_000034","PASUSV",0.822055137844611,"low_resolution_75_90pct",1,FALSE,"7","7","ENSE00003478404"
"HETDEL_cluster_0026","HETDEL","HETDEL",TRUE,"CNA_event_000038","PASWYU",0.586466165413534,"moderate_resolution_50_75pct",1,FALSE,"7","7","ENSE00003478404"
"HETDEL_cluster_0026","HETDEL","HETDEL",TRUE,"CNA_event_000039","PASYNX",0.360066833751044,"high_resolution_le_50pct",1,FALSE,"7","7","ENSE00003478404"
"HETDEL_cluster_0026","HETDEL","HETDEL",TRUE,"CNA_event_000042","PASYWF",0.654135338345865,"moderate_resolution_50_75pct",1,FALSE,"7","7","ENSE00003478404"
"HETDEL_cluster_0026","HETDEL","HETDEL",TRUE,"CNA_event_000050","PATHFE",0.822055137844611,"low_resolution_75_90pct",1,FALSE,"7","7","ENSE00003478404"
"HETDEL_cluster_0026","HETDEL","HETDEL",TRUE,"CNA_event_000057","PATPDA",0.664160401002506,"moderate_resolution_50_75pct",1,FALSE,"7","7","ENSE00003478404"
"HETDEL_cluster_0026","HETDEL","HETDEL",TRUE,"CNA_event_000070","PAUCDC",0.822055137844611,"low_resolution_75_90pct",1,FALSE,"7","7","ENSE00003478404"
"HETDEL_cluster_0026","HETDEL","HETDEL",TRUE,"CNA_event_000079","PAUIEM",0.654135338345865,"moderate_resolution_50_75pct",1,FALSE,"7","7","ENSE00003478404"
"HETDEL_cluster_0026","HETDEL","HETDEL",TRUE,"CNA_event_000083","PAUKZJ",0.608187134502924,"moderate_resolution_50_75pct",1,FALSE,"7","7","ENSE00003478404"
"HETDEL_cluster_0026","HETDEL","HETDEL",TRUE,"CNA_event_000085","PAULGX",0.238930659983292,"high_resolution_le_50pct",1,FALSE,"7","7","ENSE00003478404"
"HETDEL_cluster_0026","HETDEL","HETDEL",TRUE,"CNA_event_000091","PAUSIS",0.822055137844611,"low_resolution_75_90pct",1,FALSE,"7","7","ENSE00003478404"
"HETDEL_cluster_0026","HETDEL","HETDEL",TRUE,"CNA_event_000093","PAUTUL",0.664160401002506,"moderate_resolution_50_75pct",1,FALSE,"7","7","ENSE00003478404"
"HETDEL_cluster_0026","HETDEL","HETDEL",TRUE,"CNA_event_000097","PAUWXI",0.822055137844611,"low_resolution_75_90pct",1,FALSE,"7","7","ENSE00003478404"
"HETDEL_cluster_0026","HETDEL","HETDEL",TRUE,"CNA_event_000121","PAVRXK",0.932330827067669,"very_low_resolution_90_lt_100pct",1,FALSE,"7","7","ENSE00003478404"
"HETDEL_cluster_0026","HETDEL","HOMDEL",FALSE,"CNA_event_000175","PAVVBE",0.754385964912281,"low_resolution_75_90pct",1,FALSE,"7","7","ENSE00003478404"
"HETDEL_cluster_0026","HETDEL","HETDEL",TRUE,"CNA_event_000136","PAWDWJ",0.822055137844611,"low_resolution_75_90pct",1,FALSE,"7","7","ENSE00003478404"
"HETDEL_cluster_0026","HETDEL","HETDEL",TRUE,"CNA_event_000140","PAWETD",0.822055137844611,"low_resolution_75_90pct",1,FALSE,"7","7","ENSE00003478404"
"HETDEL_cluster_0026","HETDEL","HETDEL",TRUE,"CNA_event_000145","PAWGXM",0.496240601503759,"high_resolution_le_50pct",1,FALSE,"7","7","ENSE00003478404"
"HETDEL_cluster_0027","HETDEL","HETDEL",TRUE,"CNA_event_000004","PARNXJ",0.822055137844611,"low_resolution_75_90pct",1,FALSE,"8","8","ENSE00003604670"
"HETDEL_cluster_0027","HETDEL","HETDEL",TRUE,"CNA_event_000008","PARWNW",0.654135338345865,"moderate_resolution_50_75pct",1,FALSE,"8","8","ENSE00003604670"
"HETDEL_cluster_0027","HETDEL","HETDEL",TRUE,"CNA_event_000010","PARXPZ",0.822055137844611,"low_resolution_75_90pct",1,FALSE,"8","8","ENSE00003604670"
"HETDEL_cluster_0027","HETDEL","HETDEL",TRUE,"CNA_event_000019","PASKAD",0.654135338345865,"moderate_resolution_50_75pct",1,FALSE,"8","8","ENSE00003604670"
"HETDEL_cluster_0027","HETDEL","HETDEL",TRUE,"CNA_event_000021","PASKWG",0.654135338345865,"moderate_resolution_50_75pct",1,FALSE,"8","8","ENSE00003604670"
"HETDEL_cluster_0027","HETDEL","HETDEL",TRUE,"CNA_event_000026","PASPNW",0.822055137844611,"low_resolution_75_90pct",1,FALSE,"8","8","ENSE00003604670"
"HETDEL_cluster_0027","HETDEL","HETDEL",TRUE,"CNA_event_000034","PASUSV",0.822055137844611,"low_resolution_75_90pct",1,FALSE,"8","8","ENSE00003604670"
"HETDEL_cluster_0027","HETDEL","HETDEL",TRUE,"CNA_event_000038","PASWYU",0.586466165413534,"moderate_resolution_50_75pct",1,FALSE,"8","8","ENSE00003604670"
"HETDEL_cluster_0027","HETDEL","HETDEL",TRUE,"CNA_event_000042","PASYWF",0.654135338345865,"moderate_resolution_50_75pct",1,FALSE,"8","8","ENSE00003604670"
"HETDEL_cluster_0027","HETDEL","HETDEL",TRUE,"CNA_event_000050","PATHFE",0.822055137844611,"low_resolution_75_90pct",1,FALSE,"8","8","ENSE00003604670"
"HETDEL_cluster_0027","HETDEL","HETDEL",TRUE,"CNA_event_000057","PATPDA",0.664160401002506,"moderate_resolution_50_75pct",1,FALSE,"8","8","ENSE00003604670"
"HETDEL_cluster_0027","HETDEL","HETDEL",TRUE,"CNA_event_000070","PAUCDC",0.822055137844611,"low_resolution_75_90pct",1,FALSE,"8","8","ENSE00003604670"
"HETDEL_cluster_0027","HETDEL","HETDEL",TRUE,"CNA_event_000079","PAUIEM",0.654135338345865,"moderate_resolution_50_75pct",1,FALSE,"8","8","ENSE00003604670"
"HETDEL_cluster_0027","HETDEL","HETDEL",TRUE,"CNA_event_000083","PAUKZJ",0.608187134502924,"moderate_resolution_50_75pct",1,FALSE,"8","8","ENSE00003604670"
"HETDEL_cluster_0027","HETDEL","HETDEL",TRUE,"CNA_event_000085","PAULGX",0.238930659983292,"high_resolution_le_50pct",1,FALSE,"8","8","ENSE00003604670"
"HETDEL_cluster_0027","HETDEL","HETDEL",TRUE,"CNA_event_000091","PAUSIS",0.822055137844611,"low_resolution_75_90pct",1,FALSE,"8","8","ENSE00003604670"
"HETDEL_cluster_0027","HETDEL","HETDEL",TRUE,"CNA_event_000093","PAUTUL",0.664160401002506,"moderate_resolution_50_75pct",1,FALSE,"8","8","ENSE00003604670"
"HETDEL_cluster_0027","HETDEL","HETDEL",TRUE,"CNA_event_000097","PAUWXI",0.822055137844611,"low_resolution_75_90pct",1,FALSE,"8","8","ENSE00003604670"
"HETDEL_cluster_0027","HETDEL","HETDEL",TRUE,"CNA_event_000121","PAVRXK",0.932330827067669,"very_low_resolution_90_lt_100pct",1,FALSE,"8","8","ENSE00003604670"
"HETDEL_cluster_0027","HETDEL","HOMDEL",FALSE,"CNA_event_000175","PAVVBE",0.754385964912281,"low_resolution_75_90pct",1,FALSE,"8","8","ENSE00003604670"
"HETDEL_cluster_0027","HETDEL","HETDEL",TRUE,"CNA_event_000136","PAWDWJ",0.822055137844611,"low_resolution_75_90pct",1,FALSE,"8","8","ENSE00003604670"
"HETDEL_cluster_0027","HETDEL","HETDEL",TRUE,"CNA_event_000140","PAWETD",0.822055137844611,"low_resolution_75_90pct",1,FALSE,"8","8","ENSE00003604670"
"HETDEL_cluster_0027","HETDEL","HETDEL",TRUE,"CNA_event_000145","PAWGXM",0.496240601503759,"high_resolution_le_50pct",1,FALSE,"8","8","ENSE00003604670"
"HETDEL_cluster_0028","HETDEL","HETDEL",TRUE,"CNA_event_000004","PARNXJ",0.822055137844611,"low_resolution_75_90pct",1,FALSE,"9","9","ENSE00003651348"
"HETDEL_cluster_0028","HETDEL","HETDEL",TRUE,"CNA_event_000008","PARWNW",0.654135338345865,"moderate_resolution_50_75pct",1,FALSE,"9","9","ENSE00003651348"
"HETDEL_cluster_0028","HETDEL","HETDEL",TRUE,"CNA_event_000010","PARXPZ",0.822055137844611,"low_resolution_75_90pct",1,FALSE,"9","9","ENSE00003651348"
"HETDEL_cluster_0028","HETDEL","HETDEL",TRUE,"CNA_event_000019","PASKAD",0.654135338345865,"moderate_resolution_50_75pct",1,FALSE,"9","9","ENSE00003651348"
"HETDEL_cluster_0028","HETDEL","HETDEL",TRUE,"CNA_event_000021","PASKWG",0.654135338345865,"moderate_resolution_50_75pct",1,FALSE,"9","9","ENSE00003651348"
"HETDEL_cluster_0028","HETDEL","HETDEL",TRUE,"CNA_event_000026","PASPNW",0.822055137844611,"low_resolution_75_90pct",1,FALSE,"9","9","ENSE00003651348"
"HETDEL_cluster_0028","HETDEL","HETDEL",TRUE,"CNA_event_000034","PASUSV",0.822055137844611,"low_resolution_75_90pct",1,FALSE,"9","9","ENSE00003651348"
"HETDEL_cluster_0028","HETDEL","HETDEL",TRUE,"CNA_event_000038","PASWYU",0.586466165413534,"moderate_resolution_50_75pct",1,FALSE,"9","9","ENSE00003651348"
"HETDEL_cluster_0028","HETDEL","HETDEL",TRUE,"CNA_event_000042","PASYWF",0.654135338345865,"moderate_resolution_50_75pct",1,FALSE,"9","9","ENSE00003651348"
"HETDEL_cluster_0028","HETDEL","HETDEL",TRUE,"CNA_event_000050","PATHFE",0.822055137844611,"low_resolution_75_90pct",1,FALSE,"9","9","ENSE00003651348"
"HETDEL_cluster_0028","HETDEL","HETDEL",TRUE,"CNA_event_000070","PAUCDC",0.822055137844611,"low_resolution_75_90pct",1,FALSE,"9","9","ENSE00003651348"
"HETDEL_cluster_0028","HETDEL","HETDEL",TRUE,"CNA_event_000079","PAUIEM",0.654135338345865,"moderate_resolution_50_75pct",1,FALSE,"9","9","ENSE00003651348"
"HETDEL_cluster_0028","HETDEL","HETDEL",TRUE,"CNA_event_000091","PAUSIS",0.822055137844611,"low_resolution_75_90pct",1,FALSE,"9","9","ENSE00003651348"
"HETDEL_cluster_0028","HETDEL","HETDEL",TRUE,"CNA_event_000097","PAUWXI",0.822055137844611,"low_resolution_75_90pct",1,FALSE,"9","9","ENSE00003651348"
"HETDEL_cluster_0028","HETDEL","HETDEL",TRUE,"CNA_event_000121","PAVRXK",0.932330827067669,"very_low_resolution_90_lt_100pct",1,FALSE,"9","9","ENSE00003651348"
"HETDEL_cluster_0028","HETDEL","HOMDEL",FALSE,"CNA_event_000175","PAVVBE",0.754385964912281,"low_resolution_75_90pct",1,FALSE,"9","9","ENSE00003651348"
"HETDEL_cluster_0028","HETDEL","HETDEL",TRUE,"CNA_event_000136","PAWDWJ",0.822055137844611,"low_resolution_75_90pct",1,FALSE,"9","9","ENSE00003651348"
"HETDEL_cluster_0028","HETDEL","HETDEL",TRUE,"CNA_event_000140","PAWETD",0.822055137844611,"low_resolution_75_90pct",1,FALSE,"9","9","ENSE00003651348"
"HETDEL_cluster_0029","HETDEL","HETDEL",TRUE,"CNA_event_000001","PARFLD",0.167919799498747,"high_resolution_le_50pct",2,TRUE,"2;3","2;3","ENSE00003515141;ENSE00003638064"
"HETDEL_cluster_0029","HETDEL","HETDEL",TRUE,"CNA_event_000002","PARJAY",0.167919799498747,"high_resolution_le_50pct",2,TRUE,"2;3","2;3","ENSE00003515141;ENSE00003638064"
"HETDEL_cluster_0029","HETDEL","HETDEL",TRUE,"CNA_event_000003","PARJPL",0.167919799498747,"high_resolution_le_50pct",2,TRUE,"2;3","2;3","ENSE00003515141;ENSE00003638064"
"HETDEL_cluster_0029","HETDEL","HETDEL",TRUE,"CNA_event_000004","PARNXJ",0.822055137844611,"low_resolution_75_90pct",3,TRUE,"2;3;4","2;3;4","ENSE00003515141;ENSE00003558404;ENSE00003638064"
"HETDEL_cluster_0029","HETDEL","HETDEL",TRUE,"CNA_event_000005","PARPET",0.167919799498747,"high_resolution_le_50pct",2,TRUE,"2;3","2;3","ENSE00003515141;ENSE00003638064"
"HETDEL_cluster_0029","HETDEL","HOMDEL",FALSE,"CNA_event_000150","PARSLA",0.167919799498747,"high_resolution_le_50pct",2,TRUE,"2;3","2;3","ENSE00003515141;ENSE00003638064"
"HETDEL_cluster_0029","HETDEL","HETDEL",TRUE,"CNA_event_000007","PARSNX",0.289891395154553,"high_resolution_le_50pct",3,TRUE,"1;2;3","1;2;3","ENSE00001136349;ENSE00003515141;ENSE00003638064"
"HETDEL_cluster_0029","HETDEL","HETDEL",TRUE,"CNA_event_000008","PARWNW",0.654135338345865,"moderate_resolution_50_75pct",1,FALSE,"4","4","ENSE00003558404"
"HETDEL_cluster_0029","HETDEL","HOMDEL",FALSE,"CNA_event_000151","PARWNW",0.167919799498747,"high_resolution_le_50pct",2,TRUE,"2;3","2;3","ENSE00003515141;ENSE00003638064"
"HETDEL_cluster_0029","HETDEL","HETDEL",TRUE,"CNA_event_000009","PARXDJ",0.167919799498747,"high_resolution_le_50pct",2,TRUE,"2;3","2;3","ENSE00003515141;ENSE00003638064"
"HETDEL_cluster_0029","HETDEL","HETDEL",TRUE,"CNA_event_000010","PARXPZ",0.822055137844611,"low_resolution_75_90pct",3,TRUE,"2;3;4","2;3;4","ENSE00003515141;ENSE00003558404;ENSE00003638064"
"HETDEL_cluster_0029","HETDEL","HETDEL",TRUE,"CNA_event_000011","PASGDZ",0.167919799498747,"high_resolution_le_50pct",2,TRUE,"2;3","2;3","ENSE00003515141;ENSE00003638064"
"HETDEL_cluster_0029","HETDEL","HETDEL",TRUE,"CNA_event_000012","PASGUH",0.167919799498747,"high_resolution_le_50pct",2,TRUE,"2;3","2;3","ENSE00003515141;ENSE00003638064"
"HETDEL_cluster_0029","HETDEL","HETDEL",TRUE,"CNA_event_000013","PASILW",0.177944862155388,"high_resolution_le_50pct",1,FALSE,"1","1","ENSE00001136349"
"HETDEL_cluster_0029","HETDEL","HOMDEL",FALSE,"CNA_event_000152","PASILW",0.167919799498747,"high_resolution_le_50pct",2,TRUE,"2;3","2;3","ENSE00003515141;ENSE00003638064"
"HETDEL_cluster_0029","HETDEL","HETDEL",TRUE,"CNA_event_000015","PASINX",0.345864661654135,"high_resolution_le_50pct",3,TRUE,"1;2;3","1;2;3","ENSE00001136349;ENSE00003515141;ENSE00003638064"
"HETDEL_cluster_0029","HETDEL","HETDEL",TRUE,"CNA_event_000016","PASIPN",0.111946532999165,"high_resolution_le_50pct",1,FALSE,"3","3","ENSE00003515141"
"HETDEL_cluster_0029","HETDEL","HETDEL",TRUE,"CNA_event_000017","PASIPN",0.0559732664995823,"high_resolution_le_50pct",1,FALSE,"2","2","ENSE00003638064"
"HETDEL_cluster_0029","HETDEL","HETDEL",TRUE,"CNA_event_000018","PASJGV",0.167919799498747,"high_resolution_le_50pct",2,TRUE,"2;3","2;3","ENSE00003515141;ENSE00003638064"
"HETDEL_cluster_0029","HETDEL","HETDEL",TRUE,"CNA_event_000019","PASKAD",0.654135338345865,"moderate_resolution_50_75pct",1,FALSE,"4","4","ENSE00003558404"
"HETDEL_cluster_0029","HETDEL","HOMDEL",FALSE,"CNA_event_000153","PASKAD",0.167919799498747,"high_resolution_le_50pct",2,TRUE,"2;3","2;3","ENSE00003515141;ENSE00003638064"
"HETDEL_cluster_0029","HETDEL","HETDEL",TRUE,"CNA_event_000020","PASKLU",0.111111111111111,"high_resolution_le_50pct",1,FALSE,"4","4","ENSE00003558404"
"HETDEL_cluster_0029","HETDEL","HOMDEL",FALSE,"CNA_event_000154","PASKLU",0.167919799498747,"high_resolution_le_50pct",2,TRUE,"2;3","2;3","ENSE00003515141;ENSE00003638064"
"HETDEL_cluster_0029","HETDEL","HETDEL",TRUE,"CNA_event_000021","PASKWG",0.654135338345865,"moderate_resolution_50_75pct",1,FALSE,"4","4","ENSE00003558404"
"HETDEL_cluster_0029","HETDEL","HOMDEL",FALSE,"CNA_event_000155","PASKWG",0.167919799498747,"high_resolution_le_50pct",2,TRUE,"2;3","2;3","ENSE00003515141;ENSE00003638064"
"HETDEL_cluster_0029","HETDEL","HETDEL",TRUE,"CNA_event_000022","PASKXA",0.167919799498747,"high_resolution_le_50pct",2,TRUE,"2;3","2;3","ENSE00003515141;ENSE00003638064"
"HETDEL_cluster_0029","HETDEL","HETDEL",TRUE,"CNA_event_000023","PASLXY",0.345864661654135,"high_resolution_le_50pct",3,TRUE,"1;2;3","1;2;3","ENSE00001136349;ENSE00003515141;ENSE00003638064"
"HETDEL_cluster_0029","HETDEL","HETDEL",TRUE,"CNA_event_000024","PASPDS",0.355054302422723,"high_resolution_le_50pct",3,TRUE,"2;3;4","2;3;4","ENSE00003515141;ENSE00003558404;ENSE00003638064"
"HETDEL_cluster_0029","HETDEL","HETDEL",TRUE,"CNA_event_000025","PASPLG",0.425229741019215,"high_resolution_le_50pct",3,TRUE,"2;3;4","2;3;4","ENSE00003515141;ENSE00003558404;ENSE00003638064"
"HETDEL_cluster_0029","HETDEL","HETDEL",TRUE,"CNA_event_000026","PASPNW",0.822055137844611,"low_resolution_75_90pct",3,TRUE,"2;3;4","2;3;4","ENSE00003515141;ENSE00003558404;ENSE00003638064"
"HETDEL_cluster_0029","HETDEL","HETDEL",TRUE,"CNA_event_000027","PASRAF",0.167919799498747,"high_resolution_le_50pct",2,TRUE,"2;3","2;3","ENSE00003515141;ENSE00003638064"
"HETDEL_cluster_0029","HETDEL","HETDEL",TRUE,"CNA_event_000028","PASRMM",0.345864661654135,"high_resolution_le_50pct",3,TRUE,"1;2;3","1;2;3","ENSE00001136349;ENSE00003515141;ENSE00003638064"
"HETDEL_cluster_0029","HETDEL","HOMDEL",FALSE,"CNA_event_000156","PASRPV",0.345864661654135,"high_resolution_le_50pct",3,TRUE,"1;2;3","1;2;3","ENSE00001136349;ENSE00003515141;ENSE00003638064"
"HETDEL_cluster_0029","HETDEL","HETDEL",TRUE,"CNA_event_000030","PASRSE",0.167919799498747,"high_resolution_le_50pct",2,TRUE,"2;3","2;3","ENSE00003515141;ENSE00003638064"
"HETDEL_cluster_0029","HETDEL","HETDEL",TRUE,"CNA_event_000031","PASRUK",0.167919799498747,"high_resolution_le_50pct",2,TRUE,"2;3","2;3","ENSE00003515141;ENSE00003638064"
"HETDEL_cluster_0029","HETDEL","HETDEL",TRUE,"CNA_event_000032","PASTCH",0.456975772765246,"high_resolution_le_50pct",4,TRUE,"1;2;3;4","1;2;3;4","ENSE00001136349;ENSE00003515141;ENSE00003558404;ENSE00003638064"
"HETDEL_cluster_0029","HETDEL","HETDEL",TRUE,"CNA_event_000033","PASTHE",0.425229741019215,"high_resolution_le_50pct",3,TRUE,"2;3;4","2;3;4","ENSE00003515141;ENSE00003558404;ENSE00003638064"
"HETDEL_cluster_0029","HETDEL","HETDEL",TRUE,"CNA_event_000034","PASUSV",0.822055137844611,"low_resolution_75_90pct",3,TRUE,"2;3;4","2;3;4","ENSE00003515141;ENSE00003558404;ENSE00003638064"
"HETDEL_cluster_0029","HETDEL","HETDEL",TRUE,"CNA_event_000035","PASVWH",0.167919799498747,"high_resolution_le_50pct",2,TRUE,"2;3","2;3","ENSE00003515141;ENSE00003638064"
"HETDEL_cluster_0029","HETDEL","HETDEL",TRUE,"CNA_event_000036","PASVZJ",0.167919799498747,"high_resolution_le_50pct",2,TRUE,"2;3","2;3","ENSE00003515141;ENSE00003638064"
"HETDEL_cluster_0029","HETDEL","HETDEL",TRUE,"CNA_event_000037","PASWXB",0.167919799498747,"high_resolution_le_50pct",2,TRUE,"2;3","2;3","ENSE00003515141;ENSE00003638064"
"HETDEL_cluster_0029","HETDEL","HETDEL",TRUE,"CNA_event_000038","PASWYU",0.586466165413534,"moderate_resolution_50_75pct",1,FALSE,"4","4","ENSE00003558404"
"HETDEL_cluster_0029","HETDEL","HOMDEL",FALSE,"CNA_event_000157","PASWYU",0.167919799498747,"high_resolution_le_50pct",2,TRUE,"2;3","2;3","ENSE00003515141;ENSE00003638064"
"HETDEL_cluster_0029","HETDEL","HETDEL",TRUE,"CNA_event_000039","PASYNX",0.360066833751044,"high_resolution_le_50pct",1,FALSE,"4","4","ENSE00003558404"
"HETDEL_cluster_0029","HETDEL","HETDEL",TRUE,"CNA_event_000040","PASYSJ",0.167919799498747,"high_resolution_le_50pct",2,TRUE,"2;3","2;3","ENSE00003515141;ENSE00003638064"
"HETDEL_cluster_0029","HETDEL","HETDEL",TRUE,"CNA_event_000041","PASYVU",0.167919799498747,"high_resolution_le_50pct",2,TRUE,"2;3","2;3","ENSE00003515141;ENSE00003638064"
"HETDEL_cluster_0029","HETDEL","HETDEL",TRUE,"CNA_event_000042","PASYWF",0.654135338345865,"moderate_resolution_50_75pct",1,FALSE,"4","4","ENSE00003558404"
"HETDEL_cluster_0029","HETDEL","HOMDEL",FALSE,"CNA_event_000158","PASYWF",0.167919799498747,"high_resolution_le_50pct",2,TRUE,"2;3","2;3","ENSE00003515141;ENSE00003638064"
"HETDEL_cluster_0029","HETDEL","HETDEL",TRUE,"CNA_event_000043","PASZAY",0.167919799498747,"high_resolution_le_50pct",2,TRUE,"2;3","2;3","ENSE00003515141;ENSE00003638064"
"HETDEL_cluster_0029","HETDEL","HETDEL",TRUE,"CNA_event_000044","PATALF",0.425229741019215,"high_resolution_le_50pct",3,TRUE,"2;3;4","2;3;4","ENSE00003515141;ENSE00003558404;ENSE00003638064"
"HETDEL_cluster_0029","HETDEL","HETDEL",TRUE,"CNA_event_000045","PATBTX",0.167919799498747,"high_resolution_le_50pct",2,TRUE,"2;3","2;3","ENSE00003515141;ENSE00003638064"
"HETDEL_cluster_0029","HETDEL","HETDEL",TRUE,"CNA_event_000046","PATCTR",0.257309941520468,"high_resolution_le_50pct",1,FALSE,"4","4","ENSE00003558404"
"HETDEL_cluster_0029","HETDEL","HOMDEL",FALSE,"CNA_event_000159","PATCTR",0.345864661654135,"high_resolution_le_50pct",3,TRUE,"1;2;3","1;2;3","ENSE00001136349;ENSE00003515141;ENSE00003638064"
"HETDEL_cluster_0029","HETDEL","HETDEL",TRUE,"CNA_event_000047","PATDTN",0.167919799498747,"high_resolution_le_50pct",2,TRUE,"2;3","2;3","ENSE00003515141;ENSE00003638064"
"HETDEL_cluster_0029","HETDEL","HETDEL",TRUE,"CNA_event_000048","PATFPU",0.167919799498747,"high_resolution_le_50pct",2,TRUE,"2;3","2;3","ENSE00003515141;ENSE00003638064"
"HETDEL_cluster_0029","HETDEL","HOMDEL",FALSE,"CNA_event_000160","PATGBY",0.167919799498747,"high_resolution_le_50pct",2,TRUE,"2;3","2;3","ENSE00003515141;ENSE00003638064"
"HETDEL_cluster_0029","HETDEL","HETDEL",TRUE,"CNA_event_000050","PATHFE",0.822055137844611,"low_resolution_75_90pct",3,TRUE,"2;3;4","2;3;4","ENSE00003515141;ENSE00003558404;ENSE00003638064"
"HETDEL_cluster_0029","HETDEL","HETDEL",TRUE,"CNA_event_000052","PATJLY",0.355054302422723,"high_resolution_le_50pct",3,TRUE,"2;3;4","2;3;4","ENSE00003515141;ENSE00003558404;ENSE00003638064"
"HETDEL_cluster_0029","HETDEL","HOMDEL",FALSE,"CNA_event_000161","PATJRX",0.167919799498747,"high_resolution_le_50pct",2,TRUE,"2;3","2;3","ENSE00003515141;ENSE00003638064"
"HETDEL_cluster_0029","HETDEL","HOMDEL",FALSE,"CNA_event_000162","PATKVD",0.167919799498747,"high_resolution_le_50pct",2,TRUE,"2;3","2;3","ENSE00003515141;ENSE00003638064"
"HETDEL_cluster_0029","HETDEL","HETDEL",TRUE,"CNA_event_000054","PATKZH",0.345864661654135,"high_resolution_le_50pct",3,TRUE,"1;2;3","1;2;3","ENSE00001136349;ENSE00003515141;ENSE00003638064"
"HETDEL_cluster_0029","HETDEL","HETDEL",TRUE,"CNA_event_000055","PATLLH",0.425229741019215,"high_resolution_le_50pct",3,TRUE,"2;3;4","2;3;4","ENSE00003515141;ENSE00003558404;ENSE00003638064"
"HETDEL_cluster_0029","HETDEL","HETDEL",TRUE,"CNA_event_000056","PATNAM",0.233918128654971,"high_resolution_le_50pct",2,TRUE,"1;2","1;2","ENSE00001136349;ENSE00003638064"
"HETDEL_cluster_0029","HETDEL","HETDEL",TRUE,"CNA_event_000057","PATPDA",0.664160401002506,"moderate_resolution_50_75pct",3,TRUE,"2;3;4","2;3;4","ENSE00003515141;ENSE00003558404;ENSE00003638064"
"HETDEL_cluster_0029","HETDEL","HETDEL",TRUE,"CNA_event_000058","PATRAB",0.167919799498747,"high_resolution_le_50pct",2,TRUE,"2;3","2;3","ENSE00003515141;ENSE00003638064"
"HETDEL_cluster_0029","HETDEL","HETDEL",TRUE,"CNA_event_000059","PATRKV",0.223057644110276,"high_resolution_le_50pct",2,TRUE,"3;4","3;4","ENSE00003515141;ENSE00003558404"
"HETDEL_cluster_0029","HETDEL","HETDEL",TRUE,"CNA_event_000060","PATSPG",0.345864661654135,"high_resolution_le_50pct",3,TRUE,"1;2;3","1;2;3","ENSE00001136349;ENSE00003515141;ENSE00003638064"
"HETDEL_cluster_0029","HETDEL","HETDEL",TRUE,"CNA_event_000061","PATWJU",0.167919799498747,"high_resolution_le_50pct",2,TRUE,"2;3","2;3","ENSE00003515141;ENSE00003638064"
"HETDEL_cluster_0029","HETDEL","HOMDEL",FALSE,"CNA_event_000163","PATYWV",0.167919799498747,"high_resolution_le_50pct",2,TRUE,"2;3","2;3","ENSE00003515141;ENSE00003638064"
"HETDEL_cluster_0029","HETDEL","HETDEL",TRUE,"CNA_event_000063","PATZST",0.167919799498747,"high_resolution_le_50pct",2,TRUE,"2;3","2;3","ENSE00003515141;ENSE00003638064"
"HETDEL_cluster_0029","HETDEL","HETDEL",TRUE,"CNA_event_000064","PATZYR",0.167919799498747,"high_resolution_le_50pct",2,TRUE,"2;3","2;3","ENSE00003515141;ENSE00003638064"
"HETDEL_cluster_0029","HETDEL","HETDEL",TRUE,"CNA_event_000065","PAUAKN",0.167919799498747,"high_resolution_le_50pct",2,TRUE,"2;3","2;3","ENSE00003515141;ENSE00003638064"
"HETDEL_cluster_0029","HETDEL","HETDEL",TRUE,"CNA_event_000066","PAUAZV",0.167919799498747,"high_resolution_le_50pct",2,TRUE,"2;3","2;3","ENSE00003515141;ENSE00003638064"
"HETDEL_cluster_0029","HETDEL","HETDEL",TRUE,"CNA_event_000067","PAUBCT",0.167919799498747,"high_resolution_le_50pct",2,TRUE,"2;3","2;3","ENSE00003515141;ENSE00003638064"
"HETDEL_cluster_0029","HETDEL","HOMDEL",FALSE,"CNA_event_000164","PAUBTC",0.167919799498747,"high_resolution_le_50pct",2,TRUE,"2;3","2;3","ENSE00003515141;ENSE00003638064"
"HETDEL_cluster_0029","HETDEL","HETDEL",TRUE,"CNA_event_000070","PAUCDC",0.822055137844611,"low_resolution_75_90pct",3,TRUE,"2;3;4","2;3;4","ENSE00003515141;ENSE00003558404;ENSE00003638064"
"HETDEL_cluster_0029","HETDEL","HETDEL",TRUE,"CNA_event_000071","PAUEDT",0.167919799498747,"high_resolution_le_50pct",2,TRUE,"2;3","2;3","ENSE00003515141;ENSE00003638064"
"HETDEL_cluster_0029","HETDEL","HETDEL",TRUE,"CNA_event_000072","PAUEUC",0.177944862155388,"high_resolution_le_50pct",1,FALSE,"1","1","ENSE00001136349"
"HETDEL_cluster_0029","HETDEL","HOMDEL",FALSE,"CNA_event_000165","PAUEUC",0.167919799498747,"high_resolution_le_50pct",2,TRUE,"2;3","2;3","ENSE00003515141;ENSE00003638064"
"HETDEL_cluster_0029","HETDEL","HETDEL",TRUE,"CNA_event_000074","PAUEVJ",0.167919799498747,"high_resolution_le_50pct",2,TRUE,"2;3","2;3","ENSE00003515141;ENSE00003638064"
"HETDEL_cluster_0029","HETDEL","HETDEL",TRUE,"CNA_event_000075","PAUEXN",0.206349206349206,"high_resolution_le_50pct",3,TRUE,"1;2;3","1;2;3","ENSE00001136349;ENSE00003515141;ENSE00003638064"
"HETDEL_cluster_0029","HETDEL","HETDEL",TRUE,"CNA_event_000077","PAUGDT",0.167919799498747,"high_resolution_le_50pct",2,TRUE,"2;3","2;3","ENSE00003515141;ENSE00003638064"
"HETDEL_cluster_0029","HETDEL","HETDEL",TRUE,"CNA_event_000078","PAUGLY",0.345864661654135,"high_resolution_le_50pct",3,TRUE,"1;2;3","1;2;3","ENSE00001136349;ENSE00003515141;ENSE00003638064"
"HETDEL_cluster_0029","HETDEL","HETDEL",TRUE,"CNA_event_000079","PAUIEM",0.654135338345865,"moderate_resolution_50_75pct",1,FALSE,"4","4","ENSE00003558404"
"HETDEL_cluster_0029","HETDEL","HOMDEL",FALSE,"CNA_event_000166","PAUIEM",0.167919799498747,"high_resolution_le_50pct",2,TRUE,"2;3","2;3","ENSE00003515141;ENSE00003638064"
"HETDEL_cluster_0029","HETDEL","HETDEL",TRUE,"CNA_event_000080","PAUIFA",0.167919799498747,"high_resolution_le_50pct",2,TRUE,"2;3","2;3","ENSE00003515141;ENSE00003638064"
"HETDEL_cluster_0029","HETDEL","HETDEL",TRUE,"CNA_event_000081","PAUJVL",0.345864661654135,"high_resolution_le_50pct",3,TRUE,"1;2;3","1;2;3","ENSE00001136349;ENSE00003515141;ENSE00003638064"
"HETDEL_cluster_0029","HETDEL","HETDEL",TRUE,"CNA_event_000083","PAUKZJ",0.608187134502924,"moderate_resolution_50_75pct",2,TRUE,"3;4","3;4","ENSE00003515141;ENSE00003558404"
"HETDEL_cluster_0029","HETDEL","HETDEL",TRUE,"CNA_event_000084","PAULCK",0.167919799498747,"high_resolution_le_50pct",2,TRUE,"2;3","2;3","ENSE00003515141;ENSE00003638064"
"HETDEL_cluster_0029","HETDEL","HOMDEL",FALSE,"CNA_event_000167","PAULGX",0.603174603174603,"moderate_resolution_50_75pct",4,TRUE,"1;2;3;4","1;2;3;4","ENSE00001136349;ENSE00003515141;ENSE00003558404;ENSE00003638064"
"HETDEL_cluster_0029","HETDEL","HOMDEL",FALSE,"CNA_event_000168","PAUMIB",0.345864661654135,"high_resolution_le_50pct",3,TRUE,"1;2;3","1;2;3","ENSE00001136349;ENSE00003515141;ENSE00003638064"
"HETDEL_cluster_0029","HETDEL","HETDEL",TRUE,"CNA_event_000087","PAUMLX",0.345864661654135,"high_resolution_le_50pct",3,TRUE,"1;2;3","1;2;3","ENSE00001136349;ENSE00003515141;ENSE00003638064"
"HETDEL_cluster_0029","HETDEL","HETDEL",TRUE,"CNA_event_000088","PAUMXB",0.345864661654135,"high_resolution_le_50pct",3,TRUE,"1;2;3","1;2;3","ENSE00001136349;ENSE00003515141;ENSE00003638064"
"HETDEL_cluster_0029","HETDEL","HETDEL",TRUE,"CNA_event_000089","PAUPUW",0.167919799498747,"high_resolution_le_50pct",2,TRUE,"2;3","2;3","ENSE00003515141;ENSE00003638064"
"HETDEL_cluster_0029","HETDEL","HETDEL",TRUE,"CNA_event_000090","PAURLU",0.167919799498747,"high_resolution_le_50pct",2,TRUE,"2;3","2;3","ENSE00003515141;ENSE00003638064"
"HETDEL_cluster_0029","HETDEL","HETDEL",TRUE,"CNA_event_000091","PAUSIS",0.822055137844611,"low_resolution_75_90pct",3,TRUE,"2;3;4","2;3;4","ENSE00003515141;ENSE00003558404;ENSE00003638064"
"HETDEL_cluster_0029","HETDEL","HETDEL",TRUE,"CNA_event_000092","PAUTBB",0.167919799498747,"high_resolution_le_50pct",2,TRUE,"2;3","2;3","ENSE00003515141;ENSE00003638064"
"HETDEL_cluster_0029","HETDEL","HETDEL",TRUE,"CNA_event_000093","PAUTUL",0.664160401002506,"moderate_resolution_50_75pct",3,TRUE,"2;3;4","2;3;4","ENSE00003515141;ENSE00003558404;ENSE00003638064"
"HETDEL_cluster_0029","HETDEL","HETDEL",TRUE,"CNA_event_000094","PAUUAL",0.167919799498747,"high_resolution_le_50pct",2,TRUE,"2;3","2;3","ENSE00003515141;ENSE00003638064"
"HETDEL_cluster_0029","HETDEL","HOMDEL",FALSE,"CNA_event_000169","PAUUBG",0.167919799498747,"high_resolution_le_50pct",2,TRUE,"2;3","2;3","ENSE00003515141;ENSE00003638064"
"HETDEL_cluster_0029","HETDEL","HETDEL",TRUE,"CNA_event_000095","PAUUIK",0.167919799498747,"high_resolution_le_50pct",2,TRUE,"2;3","2;3","ENSE00003515141;ENSE00003638064"
"HETDEL_cluster_0029","HETDEL","HETDEL",TRUE,"CNA_event_000096","PAUWMZ",0.167919799498747,"high_resolution_le_50pct",2,TRUE,"2;3","2;3","ENSE00003515141;ENSE00003638064"
"HETDEL_cluster_0029","HETDEL","HETDEL",TRUE,"CNA_event_000097","PAUWXI",0.822055137844611,"low_resolution_75_90pct",3,TRUE,"2;3;4","2;3;4","ENSE00003515141;ENSE00003558404;ENSE00003638064"
"HETDEL_cluster_0029","HETDEL","HETDEL",TRUE,"CNA_event_000098","PAUXCW",0.167919799498747,"high_resolution_le_50pct",2,TRUE,"2;3","2;3","ENSE00003515141;ENSE00003638064"
"HETDEL_cluster_0029","HETDEL","HETDEL",TRUE,"CNA_event_000099","PAUXKE",0.167919799498747,"high_resolution_le_50pct",2,TRUE,"2;3","2;3","ENSE00003515141;ENSE00003638064"
"HETDEL_cluster_0029","HETDEL","HETDEL",TRUE,"CNA_event_000100","PAUXRM",0.279030910609858,"high_resolution_le_50pct",3,TRUE,"2;3;4","2;3;4","ENSE00003515141;ENSE00003558404;ENSE00003638064"
"HETDEL_cluster_0029","HETDEL","HETDEL",TRUE,"CNA_event_000101","PAUXYI",0.355054302422723,"high_resolution_le_50pct",3,TRUE,"2;3;4","2;3;4","ENSE00003515141;ENSE00003558404;ENSE00003638064"
"HETDEL_cluster_0029","HETDEL","HETDEL",TRUE,"CNA_event_000102","PAUYJF",0.425229741019215,"high_resolution_le_50pct",3,TRUE,"2;3;4","2;3;4","ENSE00003515141;ENSE00003558404;ENSE00003638064"
"HETDEL_cluster_0029","HETDEL","HOMDEL",FALSE,"CNA_event_000170","PAVBFC",0.167919799498747,"high_resolution_le_50pct",2,TRUE,"2;3","2;3","ENSE00003515141;ENSE00003638064"
"HETDEL_cluster_0029","HETDEL","HETDEL",TRUE,"CNA_event_000104","PAVCRK",0.167919799498747,"high_resolution_le_50pct",2,TRUE,"2;3","2;3","ENSE00003515141;ENSE00003638064"
"HETDEL_cluster_0029","HETDEL","HOMDEL",FALSE,"CNA_event_000171","PAVESF",0.167919799498747,"high_resolution_le_50pct",2,TRUE,"2;3","2;3","ENSE00003515141;ENSE00003638064"
"HETDEL_cluster_0029","HETDEL","HETDEL",TRUE,"CNA_event_000105","PAVFAX",0.167919799498747,"high_resolution_le_50pct",2,TRUE,"2;3","2;3","ENSE00003515141;ENSE00003638064"
"HETDEL_cluster_0029","HETDEL","HETDEL",TRUE,"CNA_event_000106","PAVHAA",0.167919799498747,"high_resolution_le_50pct",2,TRUE,"2;3","2;3","ENSE00003515141;ENSE00003638064"
"HETDEL_cluster_0029","HETDEL","HETDEL",TRUE,"CNA_event_000107","PAVHBL",0.167919799498747,"high_resolution_le_50pct",2,TRUE,"2;3","2;3","ENSE00003515141;ENSE00003638064"
"HETDEL_cluster_0029","HETDEL","HETDEL",TRUE,"CNA_event_000108","PAVHGX",0.167919799498747,"high_resolution_le_50pct",2,TRUE,"2;3","2;3","ENSE00003515141;ENSE00003638064"
"HETDEL_cluster_0029","HETDEL","HETDEL",TRUE,"CNA_event_000110","PAVKCV",0.177944862155388,"high_resolution_le_50pct",1,FALSE,"1","1","ENSE00001136349"
"HETDEL_cluster_0029","HETDEL","HOMDEL",FALSE,"CNA_event_000172","PAVKCV",0.167919799498747,"high_resolution_le_50pct",2,TRUE,"2;3","2;3","ENSE00003515141;ENSE00003638064"
"HETDEL_cluster_0029","HETDEL","HETDEL",TRUE,"CNA_event_000112","PAVKPV",0.167919799498747,"high_resolution_le_50pct",2,TRUE,"2;3","2;3","ENSE00003515141;ENSE00003638064"
"HETDEL_cluster_0029","HETDEL","HOMDEL",FALSE,"CNA_event_000173","PAVKWV",0.167919799498747,"high_resolution_le_50pct",2,TRUE,"2;3","2;3","ENSE00003515141;ENSE00003638064"
"HETDEL_cluster_0029","HETDEL","HETDEL",TRUE,"CNA_event_000114","PAVLLU",0.167919799498747,"high_resolution_le_50pct",2,TRUE,"2;3","2;3","ENSE00003515141;ENSE00003638064"
"HETDEL_cluster_0029","HETDEL","HOMDEL",FALSE,"CNA_event_000174","PAVLMY",0.167919799498747,"high_resolution_le_50pct",2,TRUE,"2;3","2;3","ENSE00003515141;ENSE00003638064"
"HETDEL_cluster_0029","HETDEL","HETDEL",TRUE,"CNA_event_000115","PAVMKN",0.167919799498747,"high_resolution_le_50pct",2,TRUE,"2;3","2;3","ENSE00003515141;ENSE00003638064"
"HETDEL_cluster_0029","HETDEL","HETDEL",TRUE,"CNA_event_000116","PAVMPT",0.279030910609858,"high_resolution_le_50pct",3,TRUE,"2;3;4","2;3;4","ENSE00003515141;ENSE00003558404;ENSE00003638064"
"HETDEL_cluster_0029","HETDEL","HETDEL",TRUE,"CNA_event_000117","PAVNGZ",0.167919799498747,"high_resolution_le_50pct",2,TRUE,"2;3","2;3","ENSE00003515141;ENSE00003638064"
"HETDEL_cluster_0029","HETDEL","HETDEL",TRUE,"CNA_event_000119","PAVNTB",0.167919799498747,"high_resolution_le_50pct",2,TRUE,"2;3","2;3","ENSE00003515141;ENSE00003638064"
"HETDEL_cluster_0029","HETDEL","HETDEL",TRUE,"CNA_event_000120","PAVPCB",0.206349206349206,"high_resolution_le_50pct",3,TRUE,"1;2;3","1;2;3","ENSE00001136349;ENSE00003515141;ENSE00003638064"
"HETDEL_cluster_0029","HETDEL","HETDEL",TRUE,"CNA_event_000121","PAVRXK",0.932330827067669,"very_low_resolution_90_lt_100pct",4,TRUE,"1;2;3;4","1;2;3;4","ENSE00001136349;ENSE00003515141;ENSE00003558404;ENSE00003638064"
"HETDEL_cluster_0029","HETDEL","HETDEL",TRUE,"CNA_event_000122","PAVVBE",0.177944862155388,"high_resolution_le_50pct",1,FALSE,"1","1","ENSE00001136349"
"HETDEL_cluster_0029","HETDEL","HOMDEL",FALSE,"CNA_event_000175","PAVVBE",0.754385964912281,"low_resolution_75_90pct",3,TRUE,"2;3;4","2;3;4","ENSE00003515141;ENSE00003558404;ENSE00003638064"
"HETDEL_cluster_0029","HETDEL","HETDEL",TRUE,"CNA_event_000123","PAVVDS",0.257309941520468,"high_resolution_le_50pct",1,FALSE,"4","4","ENSE00003558404"
"HETDEL_cluster_0029","HETDEL","HOMDEL",FALSE,"CNA_event_000176","PAVVDS",0.167919799498747,"high_resolution_le_50pct",2,TRUE,"2;3","2;3","ENSE00003515141;ENSE00003638064"
"HETDEL_cluster_0029","HETDEL","HETDEL",TRUE,"CNA_event_000124","PAVWDF",0.167919799498747,"high_resolution_le_50pct",2,TRUE,"2;3","2;3","ENSE00003515141;ENSE00003638064"
"HETDEL_cluster_0029","HETDEL","HETDEL",TRUE,"CNA_event_000125","PAVWNL",0.345864661654135,"high_resolution_le_50pct",3,TRUE,"1;2;3","1;2;3","ENSE00001136349;ENSE00003515141;ENSE00003638064"
"HETDEL_cluster_0029","HETDEL","HETDEL",TRUE,"CNA_event_000126","PAVYAZ",0.177944862155388,"high_resolution_le_50pct",1,FALSE,"1","1","ENSE00001136349"
"HETDEL_cluster_0029","HETDEL","HOMDEL",FALSE,"CNA_event_000177","PAVYAZ",0.167919799498747,"high_resolution_le_50pct",2,TRUE,"2;3","2;3","ENSE00003515141;ENSE00003638064"
"HETDEL_cluster_0029","HETDEL","HOMDEL",FALSE,"CNA_event_000178","PAVYGR",0.167919799498747,"high_resolution_le_50pct",2,TRUE,"2;3","2;3","ENSE00003515141;ENSE00003638064"
"HETDEL_cluster_0029","HETDEL","HETDEL",TRUE,"CNA_event_000129","PAVYTZ",0.167919799498747,"high_resolution_le_50pct",2,TRUE,"2;3","2;3","ENSE00003515141;ENSE00003638064"
"HETDEL_cluster_0029","HETDEL","HETDEL",TRUE,"CNA_event_000130","PAVZCF",0.425229741019215,"high_resolution_le_50pct",3,TRUE,"2;3;4","2;3;4","ENSE00003515141;ENSE00003558404;ENSE00003638064"
"HETDEL_cluster_0029","HETDEL","HETDEL",TRUE,"CNA_event_000131","PAWAIM",0.167919799498747,"high_resolution_le_50pct",2,TRUE,"2;3","2;3","ENSE00003515141;ENSE00003638064"
"HETDEL_cluster_0029","HETDEL","HETDEL",TRUE,"CNA_event_000132","PAWAIN",0.167919799498747,"high_resolution_le_50pct",2,TRUE,"2;3","2;3","ENSE00003515141;ENSE00003638064"
"HETDEL_cluster_0029","HETDEL","HETDEL",TRUE,"CNA_event_000133","PAWAKA",0.167919799498747,"high_resolution_le_50pct",2,TRUE,"2;3","2;3","ENSE00003515141;ENSE00003638064"
"HETDEL_cluster_0029","HETDEL","HETDEL",TRUE,"CNA_event_000134","PAWDEK",0.167919799498747,"high_resolution_le_50pct",2,TRUE,"2;3","2;3","ENSE00003515141;ENSE00003638064"
"HETDEL_cluster_0029","HETDEL","HETDEL",TRUE,"CNA_event_000135","PAWDMI",0.167919799498747,"high_resolution_le_50pct",2,TRUE,"2;3","2;3","ENSE00003515141;ENSE00003638064"
"HETDEL_cluster_0029","HETDEL","HETDEL",TRUE,"CNA_event_000136","PAWDWJ",0.822055137844611,"low_resolution_75_90pct",3,TRUE,"2;3;4","2;3;4","ENSE00003515141;ENSE00003558404;ENSE00003638064"
"HETDEL_cluster_0029","HETDEL","HETDEL",TRUE,"CNA_event_000137","PAWEEC",0.167919799498747,"high_resolution_le_50pct",2,TRUE,"2;3","2;3","ENSE00003515141;ENSE00003638064"
"HETDEL_cluster_0029","HETDEL","HETDEL",TRUE,"CNA_event_000138","PAWEEX",0.111946532999165,"high_resolution_le_50pct",1,FALSE,"3","3","ENSE00003515141"
"HETDEL_cluster_0029","HETDEL","HETDEL",TRUE,"CNA_event_000139","PAWESJ",0.345864661654135,"high_resolution_le_50pct",3,TRUE,"1;2;3","1;2;3","ENSE00001136349;ENSE00003515141;ENSE00003638064"
"HETDEL_cluster_0029","HETDEL","HETDEL",TRUE,"CNA_event_000140","PAWETD",0.822055137844611,"low_resolution_75_90pct",3,TRUE,"2;3;4","2;3;4","ENSE00003515141;ENSE00003558404;ENSE00003638064"
"HETDEL_cluster_0029","HETDEL","HETDEL",TRUE,"CNA_event_000141","PAWFNJ",0.345864661654135,"high_resolution_le_50pct",3,TRUE,"1;2;3","1;2;3","ENSE00001136349;ENSE00003515141;ENSE00003638064"
"HETDEL_cluster_0029","HETDEL","HETDEL",TRUE,"CNA_event_000142","PAWFWF",0.345864661654135,"high_resolution_le_50pct",3,TRUE,"1;2;3","1;2;3","ENSE00001136349;ENSE00003515141;ENSE00003638064"
"HETDEL_cluster_0029","HETDEL","HETDEL",TRUE,"CNA_event_000143","PAWGCK",0.167919799498747,"high_resolution_le_50pct",2,TRUE,"2;3","2;3","ENSE00003515141;ENSE00003638064"
"HETDEL_cluster_0029","HETDEL","HETDEL",TRUE,"CNA_event_000144","PAWGIT",0.167919799498747,"high_resolution_le_50pct",2,TRUE,"2;3","2;3","ENSE00003515141;ENSE00003638064"
"HETDEL_cluster_0029","HETDEL","HETDEL",TRUE,"CNA_event_000145","PAWGXM",0.496240601503759,"high_resolution_le_50pct",1,FALSE,"4","4","ENSE00003558404"
"HETDEL_cluster_0029","HETDEL","HETDEL",TRUE,"CNA_event_000146","PAWGZM",0.167919799498747,"high_resolution_le_50pct",2,TRUE,"2;3","2;3","ENSE00003515141;ENSE00003638064"
"HETDEL_cluster_0029","HETDEL","HETDEL",TRUE,"CNA_event_000147","PAWIWS",0.355054302422723,"high_resolution_le_50pct",3,TRUE,"2;3;4","2;3;4","ENSE00003515141;ENSE00003558404;ENSE00003638064"
"HETDEL_cluster_0029","HETDEL","HETDEL",TRUE,"CNA_event_000148","PAWJKX",0.167919799498747,"high_resolution_le_50pct",2,TRUE,"2;3","2;3","ENSE00003515141;ENSE00003638064"
"HETDEL_cluster_0029","HETDEL","HETDEL",TRUE,"CNA_event_000149","PAWJYN",0.345864661654135,"high_resolution_le_50pct",3,TRUE,"1;2;3","1;2;3","ENSE00001136349;ENSE00003515141;ENSE00003638064"
"HETDEL_cluster_0029","HETDEL","HOMDEL",FALSE,"CNA_event_000179","PAWKAN",0.167919799498747,"high_resolution_le_50pct",2,TRUE,"2;3","2;3","ENSE00003515141;ENSE00003638064"
"HETDEL_cluster_0030","HETDEL","HETDEL",TRUE,"CNA_event_000001","PARFLD",0.167919799498747,"high_resolution_le_50pct",2,TRUE,"2;3","2;3","ENSE00003515141;ENSE00003638064"
"HETDEL_cluster_0030","HETDEL","HETDEL",TRUE,"CNA_event_000002","PARJAY",0.167919799498747,"high_resolution_le_50pct",2,TRUE,"2;3","2;3","ENSE00003515141;ENSE00003638064"
"HETDEL_cluster_0030","HETDEL","HETDEL",TRUE,"CNA_event_000003","PARJPL",0.167919799498747,"high_resolution_le_50pct",2,TRUE,"2;3","2;3","ENSE00003515141;ENSE00003638064"
"HETDEL_cluster_0030","HETDEL","HETDEL",TRUE,"CNA_event_000004","PARNXJ",0.822055137844611,"low_resolution_75_90pct",10,TRUE,"2;3;4;5;6;7;8;9;10;11","2;3;4;5;6;7;8;9;10;11","ENSE00003468993;ENSE00003478404;ENSE00003510092;ENSE00003515141;ENSE00003530344;ENSE00003558404;ENSE00003604670;ENSE00003638064;ENSE00003651348;ENSE00003663409"
"HETDEL_cluster_0030","HETDEL","HETDEL",TRUE,"CNA_event_000005","PARPET",0.167919799498747,"high_resolution_le_50pct",2,TRUE,"2;3","2;3","ENSE00003515141;ENSE00003638064"
"HETDEL_cluster_0030","HETDEL","HOMDEL",FALSE,"CNA_event_000150","PARSLA",0.167919799498747,"high_resolution_le_50pct",2,TRUE,"2;3","2;3","ENSE00003515141;ENSE00003638064"
"HETDEL_cluster_0030","HETDEL","HETDEL",TRUE,"CNA_event_000007","PARSNX",0.289891395154553,"high_resolution_le_50pct",3,TRUE,"1;2;3","1;2;3","ENSE00001136349;ENSE00003515141;ENSE00003638064"
"HETDEL_cluster_0030","HETDEL","HETDEL",TRUE,"CNA_event_000008","PARWNW",0.654135338345865,"moderate_resolution_50_75pct",8,TRUE,"4;5;6;7;8;9;10;11","4;5;6;7;8;9;10;11","ENSE00003468993;ENSE00003478404;ENSE00003510092;ENSE00003530344;ENSE00003558404;ENSE00003604670;ENSE00003651348;ENSE00003663409"
"HETDEL_cluster_0030","HETDEL","HOMDEL",FALSE,"CNA_event_000151","PARWNW",0.167919799498747,"high_resolution_le_50pct",2,TRUE,"2;3","2;3","ENSE00003515141;ENSE00003638064"
"HETDEL_cluster_0030","HETDEL","HETDEL",TRUE,"CNA_event_000009","PARXDJ",0.167919799498747,"high_resolution_le_50pct",2,TRUE,"2;3","2;3","ENSE00003515141;ENSE00003638064"
"HETDEL_cluster_0030","HETDEL","HETDEL",TRUE,"CNA_event_000010","PARXPZ",0.822055137844611,"low_resolution_75_90pct",10,TRUE,"2;3;4;5;6;7;8;9;10;11","2;3;4;5;6;7;8;9;10;11","ENSE00003468993;ENSE00003478404;ENSE00003510092;ENSE00003515141;ENSE00003530344;ENSE00003558404;ENSE00003604670;ENSE00003638064;ENSE00003651348;ENSE00003663409"
"HETDEL_cluster_0030","HETDEL","HETDEL",TRUE,"CNA_event_000011","PASGDZ",0.167919799498747,"high_resolution_le_50pct",2,TRUE,"2;3","2;3","ENSE00003515141;ENSE00003638064"
"HETDEL_cluster_0030","HETDEL","HETDEL",TRUE,"CNA_event_000012","PASGUH",0.167919799498747,"high_resolution_le_50pct",2,TRUE,"2;3","2;3","ENSE00003515141;ENSE00003638064"
"HETDEL_cluster_0030","HETDEL","HETDEL",TRUE,"CNA_event_000013","PASILW",0.177944862155388,"high_resolution_le_50pct",1,FALSE,"1","1","ENSE00001136349"
"HETDEL_cluster_0030","HETDEL","HOMDEL",FALSE,"CNA_event_000152","PASILW",0.167919799498747,"high_resolution_le_50pct",2,TRUE,"2;3","2;3","ENSE00003515141;ENSE00003638064"
"HETDEL_cluster_0030","HETDEL","HETDEL",TRUE,"CNA_event_000015","PASINX",0.345864661654135,"high_resolution_le_50pct",3,TRUE,"1;2;3","1;2;3","ENSE00001136349;ENSE00003515141;ENSE00003638064"
"HETDEL_cluster_0030","HETDEL","HETDEL",TRUE,"CNA_event_000016","PASIPN",0.111946532999165,"high_resolution_le_50pct",1,FALSE,"3","3","ENSE00003515141"
"HETDEL_cluster_0030","HETDEL","HETDEL",TRUE,"CNA_event_000017","PASIPN",0.0559732664995823,"high_resolution_le_50pct",1,FALSE,"2","2","ENSE00003638064"
"HETDEL_cluster_0030","HETDEL","HETDEL",TRUE,"CNA_event_000018","PASJGV",0.167919799498747,"high_resolution_le_50pct",2,TRUE,"2;3","2;3","ENSE00003515141;ENSE00003638064"
"HETDEL_cluster_0030","HETDEL","HETDEL",TRUE,"CNA_event_000019","PASKAD",0.654135338345865,"moderate_resolution_50_75pct",8,TRUE,"4;5;6;7;8;9;10;11","4;5;6;7;8;9;10;11","ENSE00003468993;ENSE00003478404;ENSE00003510092;ENSE00003530344;ENSE00003558404;ENSE00003604670;ENSE00003651348;ENSE00003663409"
"HETDEL_cluster_0030","HETDEL","HOMDEL",FALSE,"CNA_event_000153","PASKAD",0.167919799498747,"high_resolution_le_50pct",2,TRUE,"2;3","2;3","ENSE00003515141;ENSE00003638064"
"HETDEL_cluster_0030","HETDEL","HETDEL",TRUE,"CNA_event_000020","PASKLU",0.111111111111111,"high_resolution_le_50pct",1,FALSE,"4","4","ENSE00003558404"
"HETDEL_cluster_0030","HETDEL","HOMDEL",FALSE,"CNA_event_000154","PASKLU",0.167919799498747,"high_resolution_le_50pct",2,TRUE,"2;3","2;3","ENSE00003515141;ENSE00003638064"
"HETDEL_cluster_0030","HETDEL","HETDEL",TRUE,"CNA_event_000021","PASKWG",0.654135338345865,"moderate_resolution_50_75pct",8,TRUE,"4;5;6;7;8;9;10;11","4;5;6;7;8;9;10;11","ENSE00003468993;ENSE00003478404;ENSE00003510092;ENSE00003530344;ENSE00003558404;ENSE00003604670;ENSE00003651348;ENSE00003663409"
"HETDEL_cluster_0030","HETDEL","HOMDEL",FALSE,"CNA_event_000155","PASKWG",0.167919799498747,"high_resolution_le_50pct",2,TRUE,"2;3","2;3","ENSE00003515141;ENSE00003638064"
"HETDEL_cluster_0030","HETDEL","HETDEL",TRUE,"CNA_event_000022","PASKXA",0.167919799498747,"high_resolution_le_50pct",2,TRUE,"2;3","2;3","ENSE00003515141;ENSE00003638064"
"HETDEL_cluster_0030","HETDEL","HETDEL",TRUE,"CNA_event_000023","PASLXY",0.345864661654135,"high_resolution_le_50pct",3,TRUE,"1;2;3","1;2;3","ENSE00001136349;ENSE00003515141;ENSE00003638064"
"HETDEL_cluster_0030","HETDEL","HETDEL",TRUE,"CNA_event_000024","PASPDS",0.355054302422723,"high_resolution_le_50pct",4,TRUE,"2;3;4;5","2;3;4;5","ENSE00003515141;ENSE00003558404;ENSE00003638064;ENSE00003663409"
"HETDEL_cluster_0030","HETDEL","HETDEL",TRUE,"CNA_event_000025","PASPLG",0.425229741019215,"high_resolution_le_50pct",5,TRUE,"2;3;4;5;6","2;3;4;5;6","ENSE00003468993;ENSE00003515141;ENSE00003558404;ENSE00003638064;ENSE00003663409"
"HETDEL_cluster_0030","HETDEL","HETDEL",TRUE,"CNA_event_000026","PASPNW",0.822055137844611,"low_resolution_75_90pct",10,TRUE,"2;3;4;5;6;7;8;9;10;11","2;3;4;5;6;7;8;9;10;11","ENSE00003468993;ENSE00003478404;ENSE00003510092;ENSE00003515141;ENSE00003530344;ENSE00003558404;ENSE00003604670;ENSE00003638064;ENSE00003651348;ENSE00003663409"
"HETDEL_cluster_0030","HETDEL","HETDEL",TRUE,"CNA_event_000027","PASRAF",0.167919799498747,"high_resolution_le_50pct",2,TRUE,"2;3","2;3","ENSE00003515141;ENSE00003638064"
"HETDEL_cluster_0030","HETDEL","HETDEL",TRUE,"CNA_event_000028","PASRMM",0.345864661654135,"high_resolution_le_50pct",3,TRUE,"1;2;3","1;2;3","ENSE00001136349;ENSE00003515141;ENSE00003638064"
"HETDEL_cluster_0030","HETDEL","HOMDEL",FALSE,"CNA_event_000156","PASRPV",0.345864661654135,"high_resolution_le_50pct",3,TRUE,"1;2;3","1;2;3","ENSE00001136349;ENSE00003515141;ENSE00003638064"
"HETDEL_cluster_0030","HETDEL","HETDEL",TRUE,"CNA_event_000030","PASRSE",0.167919799498747,"high_resolution_le_50pct",2,TRUE,"2;3","2;3","ENSE00003515141;ENSE00003638064"
"HETDEL_cluster_0030","HETDEL","HETDEL",TRUE,"CNA_event_000031","PASRUK",0.167919799498747,"high_resolution_le_50pct",2,TRUE,"2;3","2;3","ENSE00003515141;ENSE00003638064"
"HETDEL_cluster_0030","HETDEL","HETDEL",TRUE,"CNA_event_000032","PASTCH",0.456975772765246,"high_resolution_le_50pct",4,TRUE,"1;2;3;4","1;2;3;4","ENSE00001136349;ENSE00003515141;ENSE00003558404;ENSE00003638064"
"HETDEL_cluster_0030","HETDEL","HETDEL",TRUE,"CNA_event_000033","PASTHE",0.425229741019215,"high_resolution_le_50pct",5,TRUE,"2;3;4;5;6","2;3;4;5;6","ENSE00003468993;ENSE00003515141;ENSE00003558404;ENSE00003638064;ENSE00003663409"
"HETDEL_cluster_0030","HETDEL","HETDEL",TRUE,"CNA_event_000034","PASUSV",0.822055137844611,"low_resolution_75_90pct",10,TRUE,"2;3;4;5;6;7;8;9;10;11","2;3;4;5;6;7;8;9;10;11","ENSE00003468993;ENSE00003478404;ENSE00003510092;ENSE00003515141;ENSE00003530344;ENSE00003558404;ENSE00003604670;ENSE00003638064;ENSE00003651348;ENSE00003663409"
"HETDEL_cluster_0030","HETDEL","HETDEL",TRUE,"CNA_event_000035","PASVWH",0.167919799498747,"high_resolution_le_50pct",2,TRUE,"2;3","2;3","ENSE00003515141;ENSE00003638064"
"HETDEL_cluster_0030","HETDEL","HETDEL",TRUE,"CNA_event_000036","PASVZJ",0.167919799498747,"high_resolution_le_50pct",2,TRUE,"2;3","2;3","ENSE00003515141;ENSE00003638064"
"HETDEL_cluster_0030","HETDEL","HETDEL",TRUE,"CNA_event_000037","PASWXB",0.167919799498747,"high_resolution_le_50pct",2,TRUE,"2;3","2;3","ENSE00003515141;ENSE00003638064"
"HETDEL_cluster_0030","HETDEL","HETDEL",TRUE,"CNA_event_000038","PASWYU",0.586466165413534,"moderate_resolution_50_75pct",6,TRUE,"4;5;6;7;8;9","4;5;6;7;8;9","ENSE00003468993;ENSE00003478404;ENSE00003558404;ENSE00003604670;ENSE00003651348;ENSE00003663409"
"HETDEL_cluster_0030","HETDEL","HOMDEL",FALSE,"CNA_event_000157","PASWYU",0.167919799498747,"high_resolution_le_50pct",2,TRUE,"2;3","2;3","ENSE00003515141;ENSE00003638064"
"HETDEL_cluster_0030","HETDEL","HETDEL",TRUE,"CNA_event_000039","PASYNX",0.360066833751044,"high_resolution_le_50pct",4,TRUE,"4;5;6;7","4;5;6;7","ENSE00003468993;ENSE00003478404;ENSE00003558404;ENSE00003663409"
"HETDEL_cluster_0030","HETDEL","HETDEL",TRUE,"CNA_event_000040","PASYSJ",0.167919799498747,"high_resolution_le_50pct",2,TRUE,"2;3","2;3","ENSE00003515141;ENSE00003638064"
"HETDEL_cluster_0030","HETDEL","HETDEL",TRUE,"CNA_event_000041","PASYVU",0.167919799498747,"high_resolution_le_50pct",2,TRUE,"2;3","2;3","ENSE00003515141;ENSE00003638064"
"HETDEL_cluster_0030","HETDEL","HETDEL",TRUE,"CNA_event_000042","PASYWF",0.654135338345865,"moderate_resolution_50_75pct",8,TRUE,"4;5;6;7;8;9;10;11","4;5;6;7;8;9;10;11","ENSE00003468993;ENSE00003478404;ENSE00003510092;ENSE00003530344;ENSE00003558404;ENSE00003604670;ENSE00003651348;ENSE00003663409"
"HETDEL_cluster_0030","HETDEL","HOMDEL",FALSE,"CNA_event_000158","PASYWF",0.167919799498747,"high_resolution_le_50pct",2,TRUE,"2;3","2;3","ENSE00003515141;ENSE00003638064"
"HETDEL_cluster_0030","HETDEL","HETDEL",TRUE,"CNA_event_000043","PASZAY",0.167919799498747,"high_resolution_le_50pct",2,TRUE,"2;3","2;3","ENSE00003515141;ENSE00003638064"
"HETDEL_cluster_0030","HETDEL","HETDEL",TRUE,"CNA_event_000044","PATALF",0.425229741019215,"high_resolution_le_50pct",5,TRUE,"2;3;4;5;6","2;3;4;5;6","ENSE00003468993;ENSE00003515141;ENSE00003558404;ENSE00003638064;ENSE00003663409"
"HETDEL_cluster_0030","HETDEL","HETDEL",TRUE,"CNA_event_000045","PATBTX",0.167919799498747,"high_resolution_le_50pct",2,TRUE,"2;3","2;3","ENSE00003515141;ENSE00003638064"
"HETDEL_cluster_0030","HETDEL","HETDEL",TRUE,"CNA_event_000046","PATCTR",0.257309941520468,"high_resolution_le_50pct",3,TRUE,"4;5;6","4;5;6","ENSE00003468993;ENSE00003558404;ENSE00003663409"
"HETDEL_cluster_0030","HETDEL","HOMDEL",FALSE,"CNA_event_000159","PATCTR",0.345864661654135,"high_resolution_le_50pct",3,TRUE,"1;2;3","1;2;3","ENSE00001136349;ENSE00003515141;ENSE00003638064"
"HETDEL_cluster_0030","HETDEL","HETDEL",TRUE,"CNA_event_000047","PATDTN",0.167919799498747,"high_resolution_le_50pct",2,TRUE,"2;3","2;3","ENSE00003515141;ENSE00003638064"
"HETDEL_cluster_0030","HETDEL","HETDEL",TRUE,"CNA_event_000048","PATFPU",0.167919799498747,"high_resolution_le_50pct",2,TRUE,"2;3","2;3","ENSE00003515141;ENSE00003638064"
"HETDEL_cluster_0030","HETDEL","HOMDEL",FALSE,"CNA_event_000160","PATGBY",0.167919799498747,"high_resolution_le_50pct",2,TRUE,"2;3","2;3","ENSE00003515141;ENSE00003638064"
"HETDEL_cluster_0030","HETDEL","HETDEL",TRUE,"CNA_event_000050","PATHFE",0.822055137844611,"low_resolution_75_90pct",10,TRUE,"2;3;4;5;6;7;8;9;10;11","2;3;4;5;6;7;8;9;10;11","ENSE00003468993;ENSE00003478404;ENSE00003510092;ENSE00003515141;ENSE00003530344;ENSE00003558404;ENSE00003604670;ENSE00003638064;ENSE00003651348;ENSE00003663409"
"HETDEL_cluster_0030","HETDEL","HETDEL",TRUE,"CNA_event_000052","PATJLY",0.355054302422723,"high_resolution_le_50pct",4,TRUE,"2;3;4;5","2;3;4;5","ENSE00003515141;ENSE00003558404;ENSE00003638064;ENSE00003663409"
"HETDEL_cluster_0030","HETDEL","HOMDEL",FALSE,"CNA_event_000161","PATJRX",0.167919799498747,"high_resolution_le_50pct",2,TRUE,"2;3","2;3","ENSE00003515141;ENSE00003638064"
"HETDEL_cluster_0030","HETDEL","HOMDEL",FALSE,"CNA_event_000162","PATKVD",0.167919799498747,"high_resolution_le_50pct",2,TRUE,"2;3","2;3","ENSE00003515141;ENSE00003638064"
"HETDEL_cluster_0030","HETDEL","HETDEL",TRUE,"CNA_event_000054","PATKZH",0.345864661654135,"high_resolution_le_50pct",3,TRUE,"1;2;3","1;2;3","ENSE00001136349;ENSE00003515141;ENSE00003638064"
"HETDEL_cluster_0030","HETDEL","HETDEL",TRUE,"CNA_event_000055","PATLLH",0.425229741019215,"high_resolution_le_50pct",5,TRUE,"2;3;4;5;6","2;3;4;5;6","ENSE00003468993;ENSE00003515141;ENSE00003558404;ENSE00003638064;ENSE00003663409"
"HETDEL_cluster_0030","HETDEL","HETDEL",TRUE,"CNA_event_000056","PATNAM",0.233918128654971,"high_resolution_le_50pct",2,TRUE,"1;2","1;2","ENSE00001136349;ENSE00003638064"
"HETDEL_cluster_0030","HETDEL","HETDEL",TRUE,"CNA_event_000057","PATPDA",0.664160401002506,"moderate_resolution_50_75pct",7,TRUE,"2;3;4;5;6;7;8","2;3;4;5;6;7;8","ENSE00003468993;ENSE00003478404;ENSE00003515141;ENSE00003558404;ENSE00003604670;ENSE00003638064;ENSE00003663409"
"HETDEL_cluster_0030","HETDEL","HETDEL",TRUE,"CNA_event_000058","PATRAB",0.167919799498747,"high_resolution_le_50pct",2,TRUE,"2;3","2;3","ENSE00003515141;ENSE00003638064"
"HETDEL_cluster_0030","HETDEL","HETDEL",TRUE,"CNA_event_000059","PATRKV",0.223057644110276,"high_resolution_le_50pct",2,TRUE,"3;4","3;4","ENSE00003515141;ENSE00003558404"
"HETDEL_cluster_0030","HETDEL","HETDEL",TRUE,"CNA_event_000060","PATSPG",0.345864661654135,"high_resolution_le_50pct",3,TRUE,"1;2;3","1;2;3","ENSE00001136349;ENSE00003515141;ENSE00003638064"
"HETDEL_cluster_0030","HETDEL","HETDEL",TRUE,"CNA_event_000061","PATWJU",0.167919799498747,"high_resolution_le_50pct",2,TRUE,"2;3","2;3","ENSE00003515141;ENSE00003638064"
"HETDEL_cluster_0030","HETDEL","HOMDEL",FALSE,"CNA_event_000163","PATYWV",0.167919799498747,"high_resolution_le_50pct",2,TRUE,"2;3","2;3","ENSE00003515141;ENSE00003638064"
"HETDEL_cluster_0030","HETDEL","HETDEL",TRUE,"CNA_event_000063","PATZST",0.167919799498747,"high_resolution_le_50pct",2,TRUE,"2;3","2;3","ENSE00003515141;ENSE00003638064"
"HETDEL_cluster_0030","HETDEL","HETDEL",TRUE,"CNA_event_000064","PATZYR",0.167919799498747,"high_resolution_le_50pct",2,TRUE,"2;3","2;3","ENSE00003515141;ENSE00003638064"
"HETDEL_cluster_0030","HETDEL","HETDEL",TRUE,"CNA_event_000065","PAUAKN",0.167919799498747,"high_resolution_le_50pct",2,TRUE,"2;3","2;3","ENSE00003515141;ENSE00003638064"
"HETDEL_cluster_0030","HETDEL","HETDEL",TRUE,"CNA_event_000066","PAUAZV",0.167919799498747,"high_resolution_le_50pct",2,TRUE,"2;3","2;3","ENSE00003515141;ENSE00003638064"
"HETDEL_cluster_0030","HETDEL","HETDEL",TRUE,"CNA_event_000067","PAUBCT",0.167919799498747,"high_resolution_le_50pct",2,TRUE,"2;3","2;3","ENSE00003515141;ENSE00003638064"
"HETDEL_cluster_0030","HETDEL","HOMDEL",FALSE,"CNA_event_000164","PAUBTC",0.167919799498747,"high_resolution_le_50pct",2,TRUE,"2;3","2;3","ENSE00003515141;ENSE00003638064"
"HETDEL_cluster_0030","HETDEL","HETDEL",TRUE,"CNA_event_000070","PAUCDC",0.822055137844611,"low_resolution_75_90pct",10,TRUE,"2;3;4;5;6;7;8;9;10;11","2;3;4;5;6;7;8;9;10;11","ENSE00003468993;ENSE00003478404;ENSE00003510092;ENSE00003515141;ENSE00003530344;ENSE00003558404;ENSE00003604670;ENSE00003638064;ENSE00003651348;ENSE00003663409"
"HETDEL_cluster_0030","HETDEL","HETDEL",TRUE,"CNA_event_000071","PAUEDT",0.167919799498747,"high_resolution_le_50pct",2,TRUE,"2;3","2;3","ENSE00003515141;ENSE00003638064"
"HETDEL_cluster_0030","HETDEL","HETDEL",TRUE,"CNA_event_000072","PAUEUC",0.177944862155388,"high_resolution_le_50pct",1,FALSE,"1","1","ENSE00001136349"
"HETDEL_cluster_0030","HETDEL","HOMDEL",FALSE,"CNA_event_000165","PAUEUC",0.167919799498747,"high_resolution_le_50pct",2,TRUE,"2;3","2;3","ENSE00003515141;ENSE00003638064"
"HETDEL_cluster_0030","HETDEL","HETDEL",TRUE,"CNA_event_000074","PAUEVJ",0.167919799498747,"high_resolution_le_50pct",2,TRUE,"2;3","2;3","ENSE00003515141;ENSE00003638064"
"HETDEL_cluster_0030","HETDEL","HETDEL",TRUE,"CNA_event_000075","PAUEXN",0.206349206349206,"high_resolution_le_50pct",3,TRUE,"1;2;3","1;2;3","ENSE00001136349;ENSE00003515141;ENSE00003638064"
"HETDEL_cluster_0030","HETDEL","HETDEL",TRUE,"CNA_event_000077","PAUGDT",0.167919799498747,"high_resolution_le_50pct",2,TRUE,"2;3","2;3","ENSE00003515141;ENSE00003638064"
"HETDEL_cluster_0030","HETDEL","HETDEL",TRUE,"CNA_event_000078","PAUGLY",0.345864661654135,"high_resolution_le_50pct",3,TRUE,"1;2;3","1;2;3","ENSE00001136349;ENSE00003515141;ENSE00003638064"
"HETDEL_cluster_0030","HETDEL","HETDEL",TRUE,"CNA_event_000079","PAUIEM",0.654135338345865,"moderate_resolution_50_75pct",8,TRUE,"4;5;6;7;8;9;10;11","4;5;6;7;8;9;10;11","ENSE00003468993;ENSE00003478404;ENSE00003510092;ENSE00003530344;ENSE00003558404;ENSE00003604670;ENSE00003651348;ENSE00003663409"
"HETDEL_cluster_0030","HETDEL","HOMDEL",FALSE,"CNA_event_000166","PAUIEM",0.167919799498747,"high_resolution_le_50pct",2,TRUE,"2;3","2;3","ENSE00003515141;ENSE00003638064"
"HETDEL_cluster_0030","HETDEL","HETDEL",TRUE,"CNA_event_000080","PAUIFA",0.167919799498747,"high_resolution_le_50pct",2,TRUE,"2;3","2;3","ENSE00003515141;ENSE00003638064"
"HETDEL_cluster_0030","HETDEL","HETDEL",TRUE,"CNA_event_000081","PAUJVL",0.345864661654135,"high_resolution_le_50pct",3,TRUE,"1;2;3","1;2;3","ENSE00001136349;ENSE00003515141;ENSE00003638064"
"HETDEL_cluster_0030","HETDEL","HETDEL",TRUE,"CNA_event_000083","PAUKZJ",0.608187134502924,"moderate_resolution_50_75pct",6,TRUE,"3;4;5;6;7;8","3;4;5;6;7;8","ENSE00003468993;ENSE00003478404;ENSE00003515141;ENSE00003558404;ENSE00003604670;ENSE00003663409"
"HETDEL_cluster_0030","HETDEL","HETDEL",TRUE,"CNA_event_000084","PAULCK",0.167919799498747,"high_resolution_le_50pct",2,TRUE,"2;3","2;3","ENSE00003515141;ENSE00003638064"
"HETDEL_cluster_0030","HETDEL","HETDEL",TRUE,"CNA_event_000085","PAULGX",0.238930659983292,"high_resolution_le_50pct",2,TRUE,"7;8","7;8","ENSE00003478404;ENSE00003604670"
"HETDEL_cluster_0030","HETDEL","HOMDEL",FALSE,"CNA_event_000167","PAULGX",0.603174603174603,"moderate_resolution_50_75pct",6,TRUE,"1;2;3;4;5;6","1;2;3;4;5;6","ENSE00001136349;ENSE00003468993;ENSE00003515141;ENSE00003558404;ENSE00003638064;ENSE00003663409"
"HETDEL_cluster_0030","HETDEL","HOMDEL",FALSE,"CNA_event_000168","PAUMIB",0.345864661654135,"high_resolution_le_50pct",3,TRUE,"1;2;3","1;2;3","ENSE00001136349;ENSE00003515141;ENSE00003638064"
"HETDEL_cluster_0030","HETDEL","HETDEL",TRUE,"CNA_event_000087","PAUMLX",0.345864661654135,"high_resolution_le_50pct",3,TRUE,"1;2;3","1;2;3","ENSE00001136349;ENSE00003515141;ENSE00003638064"
"HETDEL_cluster_0030","HETDEL","HETDEL",TRUE,"CNA_event_000088","PAUMXB",0.345864661654135,"high_resolution_le_50pct",3,TRUE,"1;2;3","1;2;3","ENSE00001136349;ENSE00003515141;ENSE00003638064"
"HETDEL_cluster_0030","HETDEL","HETDEL",TRUE,"CNA_event_000089","PAUPUW",0.167919799498747,"high_resolution_le_50pct",2,TRUE,"2;3","2;3","ENSE00003515141;ENSE00003638064"
"HETDEL_cluster_0030","HETDEL","HETDEL",TRUE,"CNA_event_000090","PAURLU",0.167919799498747,"high_resolution_le_50pct",2,TRUE,"2;3","2;3","ENSE00003515141;ENSE00003638064"
"HETDEL_cluster_0030","HETDEL","HETDEL",TRUE,"CNA_event_000091","PAUSIS",0.822055137844611,"low_resolution_75_90pct",10,TRUE,"2;3;4;5;6;7;8;9;10;11","2;3;4;5;6;7;8;9;10;11","ENSE00003468993;ENSE00003478404;ENSE00003510092;ENSE00003515141;ENSE00003530344;ENSE00003558404;ENSE00003604670;ENSE00003638064;ENSE00003651348;ENSE00003663409"
"HETDEL_cluster_0030","HETDEL","HETDEL",TRUE,"CNA_event_000092","PAUTBB",0.167919799498747,"high_resolution_le_50pct",2,TRUE,"2;3","2;3","ENSE00003515141;ENSE00003638064"
"HETDEL_cluster_0030","HETDEL","HETDEL",TRUE,"CNA_event_000093","PAUTUL",0.664160401002506,"moderate_resolution_50_75pct",7,TRUE,"2;3;4;5;6;7;8","2;3;4;5;6;7;8","ENSE00003468993;ENSE00003478404;ENSE00003515141;ENSE00003558404;ENSE00003604670;ENSE00003638064;ENSE00003663409"
"HETDEL_cluster_0030","HETDEL","HETDEL",TRUE,"CNA_event_000094","PAUUAL",0.167919799498747,"high_resolution_le_50pct",2,TRUE,"2;3","2;3","ENSE00003515141;ENSE00003638064"
"HETDEL_cluster_0030","HETDEL","HOMDEL",FALSE,"CNA_event_000169","PAUUBG",0.167919799498747,"high_resolution_le_50pct",2,TRUE,"2;3","2;3","ENSE00003515141;ENSE00003638064"
"HETDEL_cluster_0030","HETDEL","HETDEL",TRUE,"CNA_event_000095","PAUUIK",0.167919799498747,"high_resolution_le_50pct",2,TRUE,"2;3","2;3","ENSE00003515141;ENSE00003638064"
"HETDEL_cluster_0030","HETDEL","HETDEL",TRUE,"CNA_event_000096","PAUWMZ",0.167919799498747,"high_resolution_le_50pct",2,TRUE,"2;3","2;3","ENSE00003515141;ENSE00003638064"
"HETDEL_cluster_0030","HETDEL","HETDEL",TRUE,"CNA_event_000097","PAUWXI",0.822055137844611,"low_resolution_75_90pct",10,TRUE,"2;3;4;5;6;7;8;9;10;11","2;3;4;5;6;7;8;9;10;11","ENSE00003468993;ENSE00003478404;ENSE00003510092;ENSE00003515141;ENSE00003530344;ENSE00003558404;ENSE00003604670;ENSE00003638064;ENSE00003651348;ENSE00003663409"
"HETDEL_cluster_0030","HETDEL","HETDEL",TRUE,"CNA_event_000098","PAUXCW",0.167919799498747,"high_resolution_le_50pct",2,TRUE,"2;3","2;3","ENSE00003515141;ENSE00003638064"
"HETDEL_cluster_0030","HETDEL","HETDEL",TRUE,"CNA_event_000099","PAUXKE",0.167919799498747,"high_resolution_le_50pct",2,TRUE,"2;3","2;3","ENSE00003515141;ENSE00003638064"
"HETDEL_cluster_0030","HETDEL","HETDEL",TRUE,"CNA_event_000100","PAUXRM",0.279030910609858,"high_resolution_le_50pct",3,TRUE,"2;3;4","2;3;4","ENSE00003515141;ENSE00003558404;ENSE00003638064"
"HETDEL_cluster_0030","HETDEL","HETDEL",TRUE,"CNA_event_000101","PAUXYI",0.355054302422723,"high_resolution_le_50pct",4,TRUE,"2;3;4;5","2;3;4;5","ENSE00003515141;ENSE00003558404;ENSE00003638064;ENSE00003663409"
"HETDEL_cluster_0030","HETDEL","HETDEL",TRUE,"CNA_event_000102","PAUYJF",0.425229741019215,"high_resolution_le_50pct",5,TRUE,"2;3;4;5;6","2;3;4;5;6","ENSE00003468993;ENSE00003515141;ENSE00003558404;ENSE00003638064;ENSE00003663409"
"HETDEL_cluster_0030","HETDEL","HOMDEL",FALSE,"CNA_event_000170","PAVBFC",0.167919799498747,"high_resolution_le_50pct",2,TRUE,"2;3","2;3","ENSE00003515141;ENSE00003638064"
"HETDEL_cluster_0030","HETDEL","HETDEL",TRUE,"CNA_event_000104","PAVCRK",0.167919799498747,"high_resolution_le_50pct",2,TRUE,"2;3","2;3","ENSE00003515141;ENSE00003638064"
"HETDEL_cluster_0030","HETDEL","HOMDEL",FALSE,"CNA_event_000171","PAVESF",0.167919799498747,"high_resolution_le_50pct",2,TRUE,"2;3","2;3","ENSE00003515141;ENSE00003638064"
"HETDEL_cluster_0030","HETDEL","HETDEL",TRUE,"CNA_event_000105","PAVFAX",0.167919799498747,"high_resolution_le_50pct",2,TRUE,"2;3","2;3","ENSE00003515141;ENSE00003638064"
"HETDEL_cluster_0030","HETDEL","HETDEL",TRUE,"CNA_event_000106","PAVHAA",0.167919799498747,"high_resolution_le_50pct",2,TRUE,"2;3","2;3","ENSE00003515141;ENSE00003638064"
"HETDEL_cluster_0030","HETDEL","HETDEL",TRUE,"CNA_event_000107","PAVHBL",0.167919799498747,"high_resolution_le_50pct",2,TRUE,"2;3","2;3","ENSE00003515141;ENSE00003638064"
"HETDEL_cluster_0030","HETDEL","HETDEL",TRUE,"CNA_event_000108","PAVHGX",0.167919799498747,"high_resolution_le_50pct",2,TRUE,"2;3","2;3","ENSE00003515141;ENSE00003638064"
"HETDEL_cluster_0030","HETDEL","HETDEL",TRUE,"CNA_event_000110","PAVKCV",0.177944862155388,"high_resolution_le_50pct",1,FALSE,"1","1","ENSE00001136349"
"HETDEL_cluster_0030","HETDEL","HOMDEL",FALSE,"CNA_event_000172","PAVKCV",0.167919799498747,"high_resolution_le_50pct",2,TRUE,"2;3","2;3","ENSE00003515141;ENSE00003638064"
"HETDEL_cluster_0030","HETDEL","HETDEL",TRUE,"CNA_event_000112","PAVKPV",0.167919799498747,"high_resolution_le_50pct",2,TRUE,"2;3","2;3","ENSE00003515141;ENSE00003638064"
"HETDEL_cluster_0030","HETDEL","HOMDEL",FALSE,"CNA_event_000173","PAVKWV",0.167919799498747,"high_resolution_le_50pct",2,TRUE,"2;3","2;3","ENSE00003515141;ENSE00003638064"
"HETDEL_cluster_0030","HETDEL","HETDEL",TRUE,"CNA_event_000114","PAVLLU",0.167919799498747,"high_resolution_le_50pct",2,TRUE,"2;3","2;3","ENSE00003515141;ENSE00003638064"
"HETDEL_cluster_0030","HETDEL","HOMDEL",FALSE,"CNA_event_000174","PAVLMY",0.167919799498747,"high_resolution_le_50pct",2,TRUE,"2;3","2;3","ENSE00003515141;ENSE00003638064"
"HETDEL_cluster_0030","HETDEL","HETDEL",TRUE,"CNA_event_000115","PAVMKN",0.167919799498747,"high_resolution_le_50pct",2,TRUE,"2;3","2;3","ENSE00003515141;ENSE00003638064"
"HETDEL_cluster_0030","HETDEL","HETDEL",TRUE,"CNA_event_000116","PAVMPT",0.279030910609858,"high_resolution_le_50pct",3,TRUE,"2;3;4","2;3;4","ENSE00003515141;ENSE00003558404;ENSE00003638064"
"HETDEL_cluster_0030","HETDEL","HETDEL",TRUE,"CNA_event_000117","PAVNGZ",0.167919799498747,"high_resolution_le_50pct",2,TRUE,"2;3","2;3","ENSE00003515141;ENSE00003638064"
"HETDEL_cluster_0030","HETDEL","HETDEL",TRUE,"CNA_event_000119","PAVNTB",0.167919799498747,"high_resolution_le_50pct",2,TRUE,"2;3","2;3","ENSE00003515141;ENSE00003638064"
"HETDEL_cluster_0030","HETDEL","HETDEL",TRUE,"CNA_event_000120","PAVPCB",0.206349206349206,"high_resolution_le_50pct",3,TRUE,"1;2;3","1;2;3","ENSE00001136349;ENSE00003515141;ENSE00003638064"
"HETDEL_cluster_0030","HETDEL","HETDEL",TRUE,"CNA_event_000121","PAVRXK",0.932330827067669,"very_low_resolution_90_lt_100pct",9,TRUE,"1;2;3;4;5;6;7;8;9","1;2;3;4;5;6;7;8;9","ENSE00001136349;ENSE00003468993;ENSE00003478404;ENSE00003515141;ENSE00003558404;ENSE00003604670;ENSE00003638064;ENSE00003651348;ENSE00003663409"
"HETDEL_cluster_0030","HETDEL","HETDEL",TRUE,"CNA_event_000122","PAVVBE",0.177944862155388,"high_resolution_le_50pct",1,FALSE,"1","1","ENSE00001136349"
"HETDEL_cluster_0030","HETDEL","HOMDEL",FALSE,"CNA_event_000175","PAVVBE",0.754385964912281,"low_resolution_75_90pct",8,TRUE,"2;3;4;5;6;7;8;9","2;3;4;5;6;7;8;9","ENSE00003468993;ENSE00003478404;ENSE00003515141;ENSE00003558404;ENSE00003604670;ENSE00003638064;ENSE00003651348;ENSE00003663409"
"HETDEL_cluster_0030","HETDEL","HETDEL",TRUE,"CNA_event_000123","PAVVDS",0.257309941520468,"high_resolution_le_50pct",3,TRUE,"4;5;6","4;5;6","ENSE00003468993;ENSE00003558404;ENSE00003663409"
"HETDEL_cluster_0030","HETDEL","HOMDEL",FALSE,"CNA_event_000176","PAVVDS",0.167919799498747,"high_resolution_le_50pct",2,TRUE,"2;3","2;3","ENSE00003515141;ENSE00003638064"
"HETDEL_cluster_0030","HETDEL","HETDEL",TRUE,"CNA_event_000124","PAVWDF",0.167919799498747,"high_resolution_le_50pct",2,TRUE,"2;3","2;3","ENSE00003515141;ENSE00003638064"
"HETDEL_cluster_0030","HETDEL","HETDEL",TRUE,"CNA_event_000125","PAVWNL",0.345864661654135,"high_resolution_le_50pct",3,TRUE,"1;2;3","1;2;3","ENSE00001136349;ENSE00003515141;ENSE00003638064"
"HETDEL_cluster_0030","HETDEL","HETDEL",TRUE,"CNA_event_000126","PAVYAZ",0.177944862155388,"high_resolution_le_50pct",1,FALSE,"1","1","ENSE00001136349"
"HETDEL_cluster_0030","HETDEL","HOMDEL",FALSE,"CNA_event_000177","PAVYAZ",0.167919799498747,"high_resolution_le_50pct",2,TRUE,"2;3","2;3","ENSE00003515141;ENSE00003638064"
"HETDEL_cluster_0030","HETDEL","HOMDEL",FALSE,"CNA_event_000178","PAVYGR",0.167919799498747,"high_resolution_le_50pct",2,TRUE,"2;3","2;3","ENSE00003515141;ENSE00003638064"
"HETDEL_cluster_0030","HETDEL","HETDEL",TRUE,"CNA_event_000129","PAVYTZ",0.167919799498747,"high_resolution_le_50pct",2,TRUE,"2;3","2;3","ENSE00003515141;ENSE00003638064"
"HETDEL_cluster_0030","HETDEL","HETDEL",TRUE,"CNA_event_000130","PAVZCF",0.425229741019215,"high_resolution_le_50pct",5,TRUE,"2;3;4;5;6","2;3;4;5;6","ENSE00003468993;ENSE00003515141;ENSE00003558404;ENSE00003638064;ENSE00003663409"
"HETDEL_cluster_0030","HETDEL","HETDEL",TRUE,"CNA_event_000131","PAWAIM",0.167919799498747,"high_resolution_le_50pct",2,TRUE,"2;3","2;3","ENSE00003515141;ENSE00003638064"
"HETDEL_cluster_0030","HETDEL","HETDEL",TRUE,"CNA_event_000132","PAWAIN",0.167919799498747,"high_resolution_le_50pct",2,TRUE,"2;3","2;3","ENSE00003515141;ENSE00003638064"
"HETDEL_cluster_0030","HETDEL","HETDEL",TRUE,"CNA_event_000133","PAWAKA",0.167919799498747,"high_resolution_le_50pct",2,TRUE,"2;3","2;3","ENSE00003515141;ENSE00003638064"
"HETDEL_cluster_0030","HETDEL","HETDEL",TRUE,"CNA_event_000134","PAWDEK",0.167919799498747,"high_resolution_le_50pct",2,TRUE,"2;3","2;3","ENSE00003515141;ENSE00003638064"
"HETDEL_cluster_0030","HETDEL","HETDEL",TRUE,"CNA_event_000135","PAWDMI",0.167919799498747,"high_resolution_le_50pct",2,TRUE,"2;3","2;3","ENSE00003515141;ENSE00003638064"
"HETDEL_cluster_0030","HETDEL","HETDEL",TRUE,"CNA_event_000136","PAWDWJ",0.822055137844611,"low_resolution_75_90pct",10,TRUE,"2;3;4;5;6;7;8;9;10;11","2;3;4;5;6;7;8;9;10;11","ENSE00003468993;ENSE00003478404;ENSE00003510092;ENSE00003515141;ENSE00003530344;ENSE00003558404;ENSE00003604670;ENSE00003638064;ENSE00003651348;ENSE00003663409"
"HETDEL_cluster_0030","HETDEL","HETDEL",TRUE,"CNA_event_000137","PAWEEC",0.167919799498747,"high_resolution_le_50pct",2,TRUE,"2;3","2;3","ENSE00003515141;ENSE00003638064"
"HETDEL_cluster_0030","HETDEL","HETDEL",TRUE,"CNA_event_000138","PAWEEX",0.111946532999165,"high_resolution_le_50pct",1,FALSE,"3","3","ENSE00003515141"
"HETDEL_cluster_0030","HETDEL","HETDEL",TRUE,"CNA_event_000139","PAWESJ",0.345864661654135,"high_resolution_le_50pct",3,TRUE,"1;2;3","1;2;3","ENSE00001136349;ENSE00003515141;ENSE00003638064"
"HETDEL_cluster_0030","HETDEL","HETDEL",TRUE,"CNA_event_000140","PAWETD",0.822055137844611,"low_resolution_75_90pct",10,TRUE,"2;3;4;5;6;7;8;9;10;11","2;3;4;5;6;7;8;9;10;11","ENSE00003468993;ENSE00003478404;ENSE00003510092;ENSE00003515141;ENSE00003530344;ENSE00003558404;ENSE00003604670;ENSE00003638064;ENSE00003651348;ENSE00003663409"
"HETDEL_cluster_0030","HETDEL","HETDEL",TRUE,"CNA_event_000141","PAWFNJ",0.345864661654135,"high_resolution_le_50pct",3,TRUE,"1;2;3","1;2;3","ENSE00001136349;ENSE00003515141;ENSE00003638064"
"HETDEL_cluster_0030","HETDEL","HETDEL",TRUE,"CNA_event_000142","PAWFWF",0.345864661654135,"high_resolution_le_50pct",3,TRUE,"1;2;3","1;2;3","ENSE00001136349;ENSE00003515141;ENSE00003638064"
"HETDEL_cluster_0030","HETDEL","HETDEL",TRUE,"CNA_event_000143","PAWGCK",0.167919799498747,"high_resolution_le_50pct",2,TRUE,"2;3","2;3","ENSE00003515141;ENSE00003638064"
"HETDEL_cluster_0030","HETDEL","HETDEL",TRUE,"CNA_event_000144","PAWGIT",0.167919799498747,"high_resolution_le_50pct",2,TRUE,"2;3","2;3","ENSE00003515141;ENSE00003638064"
"HETDEL_cluster_0030","HETDEL","HETDEL",TRUE,"CNA_event_000145","PAWGXM",0.496240601503759,"high_resolution_le_50pct",5,TRUE,"4;5;6;7;8","4;5;6;7;8","ENSE00003468993;ENSE00003478404;ENSE00003558404;ENSE00003604670;ENSE00003663409"
"HETDEL_cluster_0030","HETDEL","HETDEL",TRUE,"CNA_event_000146","PAWGZM",0.167919799498747,"high_resolution_le_50pct",2,TRUE,"2;3","2;3","ENSE00003515141;ENSE00003638064"
"HETDEL_cluster_0030","HETDEL","HETDEL",TRUE,"CNA_event_000147","PAWIWS",0.355054302422723,"high_resolution_le_50pct",4,TRUE,"2;3;4;5","2;3;4;5","ENSE00003515141;ENSE00003558404;ENSE00003638064;ENSE00003663409"
"HETDEL_cluster_0030","HETDEL","HETDEL",TRUE,"CNA_event_000148","PAWJKX",0.167919799498747,"high_resolution_le_50pct",2,TRUE,"2;3","2;3","ENSE00003515141;ENSE00003638064"
"HETDEL_cluster_0030","HETDEL","HETDEL",TRUE,"CNA_event_000149","PAWJYN",0.345864661654135,"high_resolution_le_50pct",3,TRUE,"1;2;3","1;2;3","ENSE00001136349;ENSE00003515141;ENSE00003638064"
"HETDEL_cluster_0030","HETDEL","HOMDEL",FALSE,"CNA_event_000179","PAWKAN",0.167919799498747,"high_resolution_le_50pct",2,TRUE,"2;3","2;3","ENSE00003515141;ENSE00003638064"
"HOMDEL_cluster_0001","HOMDEL","HETDEL",FALSE,"CNA_event_000001","PARFLD",0.167919799498747,"high_resolution_le_50pct",1,FALSE,"3","3","ENSE00003515141"
"HOMDEL_cluster_0001","HOMDEL","HETDEL",FALSE,"CNA_event_000002","PARJAY",0.167919799498747,"high_resolution_le_50pct",1,FALSE,"3","3","ENSE00003515141"
"HOMDEL_cluster_0001","HOMDEL","HETDEL",FALSE,"CNA_event_000003","PARJPL",0.167919799498747,"high_resolution_le_50pct",1,FALSE,"3","3","ENSE00003515141"
"HOMDEL_cluster_0001","HOMDEL","HETDEL",FALSE,"CNA_event_000004","PARNXJ",0.822055137844611,"low_resolution_75_90pct",2,TRUE,"3;7","3;7","ENSE00003478404;ENSE00003515141"
"HOMDEL_cluster_0001","HOMDEL","HETDEL",FALSE,"CNA_event_000005","PARPET",0.167919799498747,"high_resolution_le_50pct",1,FALSE,"3","3","ENSE00003515141"
"HOMDEL_cluster_0001","HOMDEL","HOMDEL",TRUE,"CNA_event_000150","PARSLA",0.167919799498747,"high_resolution_le_50pct",1,FALSE,"3","3","ENSE00003515141"
"HOMDEL_cluster_0001","HOMDEL","HETDEL",FALSE,"CNA_event_000007","PARSNX",0.289891395154553,"high_resolution_le_50pct",1,FALSE,"3","3","ENSE00003515141"
"HOMDEL_cluster_0001","HOMDEL","HETDEL",FALSE,"CNA_event_000008","PARWNW",0.654135338345865,"moderate_resolution_50_75pct",1,FALSE,"7","7","ENSE00003478404"
"HOMDEL_cluster_0001","HOMDEL","HOMDEL",TRUE,"CNA_event_000151","PARWNW",0.167919799498747,"high_resolution_le_50pct",1,FALSE,"3","3","ENSE00003515141"
"HOMDEL_cluster_0001","HOMDEL","HETDEL",FALSE,"CNA_event_000009","PARXDJ",0.167919799498747,"high_resolution_le_50pct",1,FALSE,"3","3","ENSE00003515141"
"HOMDEL_cluster_0001","HOMDEL","HETDEL",FALSE,"CNA_event_000010","PARXPZ",0.822055137844611,"low_resolution_75_90pct",2,TRUE,"3;7","3;7","ENSE00003478404;ENSE00003515141"
"HOMDEL_cluster_0001","HOMDEL","HETDEL",FALSE,"CNA_event_000011","PASGDZ",0.167919799498747,"high_resolution_le_50pct",1,FALSE,"3","3","ENSE00003515141"
"HOMDEL_cluster_0001","HOMDEL","HETDEL",FALSE,"CNA_event_000012","PASGUH",0.167919799498747,"high_resolution_le_50pct",1,FALSE,"3","3","ENSE00003515141"
"HOMDEL_cluster_0001","HOMDEL","HOMDEL",TRUE,"CNA_event_000152","PASILW",0.167919799498747,"high_resolution_le_50pct",1,FALSE,"3","3","ENSE00003515141"
"HOMDEL_cluster_0001","HOMDEL","HETDEL",FALSE,"CNA_event_000015","PASINX",0.345864661654135,"high_resolution_le_50pct",1,FALSE,"3","3","ENSE00003515141"
"HOMDEL_cluster_0001","HOMDEL","HETDEL",FALSE,"CNA_event_000016","PASIPN",0.111946532999165,"high_resolution_le_50pct",1,FALSE,"3","3","ENSE00003515141"
"HOMDEL_cluster_0001","HOMDEL","HETDEL",FALSE,"CNA_event_000018","PASJGV",0.167919799498747,"high_resolution_le_50pct",1,FALSE,"3","3","ENSE00003515141"
"HOMDEL_cluster_0001","HOMDEL","HETDEL",FALSE,"CNA_event_000019","PASKAD",0.654135338345865,"moderate_resolution_50_75pct",1,FALSE,"7","7","ENSE00003478404"
"HOMDEL_cluster_0001","HOMDEL","HOMDEL",TRUE,"CNA_event_000153","PASKAD",0.167919799498747,"high_resolution_le_50pct",1,FALSE,"3","3","ENSE00003515141"
"HOMDEL_cluster_0001","HOMDEL","HOMDEL",TRUE,"CNA_event_000154","PASKLU",0.167919799498747,"high_resolution_le_50pct",1,FALSE,"3","3","ENSE00003515141"
"HOMDEL_cluster_0001","HOMDEL","HETDEL",FALSE,"CNA_event_000021","PASKWG",0.654135338345865,"moderate_resolution_50_75pct",1,FALSE,"7","7","ENSE00003478404"
"HOMDEL_cluster_0001","HOMDEL","HOMDEL",TRUE,"CNA_event_000155","PASKWG",0.167919799498747,"high_resolution_le_50pct",1,FALSE,"3","3","ENSE00003515141"
"HOMDEL_cluster_0001","HOMDEL","HETDEL",FALSE,"CNA_event_000022","PASKXA",0.167919799498747,"high_resolution_le_50pct",1,FALSE,"3","3","ENSE00003515141"
"HOMDEL_cluster_0001","HOMDEL","HETDEL",FALSE,"CNA_event_000023","PASLXY",0.345864661654135,"high_resolution_le_50pct",1,FALSE,"3","3","ENSE00003515141"
"HOMDEL_cluster_0001","HOMDEL","HETDEL",FALSE,"CNA_event_000024","PASPDS",0.355054302422723,"high_resolution_le_50pct",1,FALSE,"3","3","ENSE00003515141"
"HOMDEL_cluster_0001","HOMDEL","HETDEL",FALSE,"CNA_event_000025","PASPLG",0.425229741019215,"high_resolution_le_50pct",1,FALSE,"3","3","ENSE00003515141"
"HOMDEL_cluster_0001","HOMDEL","HETDEL",FALSE,"CNA_event_000026","PASPNW",0.822055137844611,"low_resolution_75_90pct",2,TRUE,"3;7","3;7","ENSE00003478404;ENSE00003515141"
"HOMDEL_cluster_0001","HOMDEL","HETDEL",FALSE,"CNA_event_000027","PASRAF",0.167919799498747,"high_resolution_le_50pct",1,FALSE,"3","3","ENSE00003515141"
"HOMDEL_cluster_0001","HOMDEL","HETDEL",FALSE,"CNA_event_000028","PASRMM",0.345864661654135,"high_resolution_le_50pct",1,FALSE,"3","3","ENSE00003515141"
"HOMDEL_cluster_0001","HOMDEL","HOMDEL",TRUE,"CNA_event_000156","PASRPV",0.345864661654135,"high_resolution_le_50pct",1,FALSE,"3","3","ENSE00003515141"
"HOMDEL_cluster_0001","HOMDEL","HETDEL",FALSE,"CNA_event_000030","PASRSE",0.167919799498747,"high_resolution_le_50pct",1,FALSE,"3","3","ENSE00003515141"
"HOMDEL_cluster_0001","HOMDEL","HETDEL",FALSE,"CNA_event_000031","PASRUK",0.167919799498747,"high_resolution_le_50pct",1,FALSE,"3","3","ENSE00003515141"
"HOMDEL_cluster_0001","HOMDEL","HETDEL",FALSE,"CNA_event_000032","PASTCH",0.456975772765246,"high_resolution_le_50pct",1,FALSE,"3","3","ENSE00003515141"
"HOMDEL_cluster_0001","HOMDEL","HETDEL",FALSE,"CNA_event_000033","PASTHE",0.425229741019215,"high_resolution_le_50pct",1,FALSE,"3","3","ENSE00003515141"
"HOMDEL_cluster_0001","HOMDEL","HETDEL",FALSE,"CNA_event_000034","PASUSV",0.822055137844611,"low_resolution_75_90pct",2,TRUE,"3;7","3;7","ENSE00003478404;ENSE00003515141"
"HOMDEL_cluster_0001","HOMDEL","HETDEL",FALSE,"CNA_event_000035","PASVWH",0.167919799498747,"high_resolution_le_50pct",1,FALSE,"3","3","ENSE00003515141"
"HOMDEL_cluster_0001","HOMDEL","HETDEL",FALSE,"CNA_event_000036","PASVZJ",0.167919799498747,"high_resolution_le_50pct",1,FALSE,"3","3","ENSE00003515141"
"HOMDEL_cluster_0001","HOMDEL","HETDEL",FALSE,"CNA_event_000037","PASWXB",0.167919799498747,"high_resolution_le_50pct",1,FALSE,"3","3","ENSE00003515141"
"HOMDEL_cluster_0001","HOMDEL","HETDEL",FALSE,"CNA_event_000038","PASWYU",0.586466165413534,"moderate_resolution_50_75pct",1,FALSE,"7","7","ENSE00003478404"
"HOMDEL_cluster_0001","HOMDEL","HOMDEL",TRUE,"CNA_event_000157","PASWYU",0.167919799498747,"high_resolution_le_50pct",1,FALSE,"3","3","ENSE00003515141"
"HOMDEL_cluster_0001","HOMDEL","HETDEL",FALSE,"CNA_event_000039","PASYNX",0.360066833751044,"high_resolution_le_50pct",1,FALSE,"7","7","ENSE00003478404"
"HOMDEL_cluster_0001","HOMDEL","HETDEL",FALSE,"CNA_event_000040","PASYSJ",0.167919799498747,"high_resolution_le_50pct",1,FALSE,"3","3","ENSE00003515141"
"HOMDEL_cluster_0001","HOMDEL","HETDEL",FALSE,"CNA_event_000041","PASYVU",0.167919799498747,"high_resolution_le_50pct",1,FALSE,"3","3","ENSE00003515141"
"HOMDEL_cluster_0001","HOMDEL","HETDEL",FALSE,"CNA_event_000042","PASYWF",0.654135338345865,"moderate_resolution_50_75pct",1,FALSE,"7","7","ENSE00003478404"
"HOMDEL_cluster_0001","HOMDEL","HOMDEL",TRUE,"CNA_event_000158","PASYWF",0.167919799498747,"high_resolution_le_50pct",1,FALSE,"3","3","ENSE00003515141"
"HOMDEL_cluster_0001","HOMDEL","HETDEL",FALSE,"CNA_event_000043","PASZAY",0.167919799498747,"high_resolution_le_50pct",1,FALSE,"3","3","ENSE00003515141"
"HOMDEL_cluster_0001","HOMDEL","HETDEL",FALSE,"CNA_event_000044","PATALF",0.425229741019215,"high_resolution_le_50pct",1,FALSE,"3","3","ENSE00003515141"
"HOMDEL_cluster_0001","HOMDEL","HETDEL",FALSE,"CNA_event_000045","PATBTX",0.167919799498747,"high_resolution_le_50pct",1,FALSE,"3","3","ENSE00003515141"
"HOMDEL_cluster_0001","HOMDEL","HOMDEL",TRUE,"CNA_event_000159","PATCTR",0.345864661654135,"high_resolution_le_50pct",1,FALSE,"3","3","ENSE00003515141"
"HOMDEL_cluster_0001","HOMDEL","HETDEL",FALSE,"CNA_event_000047","PATDTN",0.167919799498747,"high_resolution_le_50pct",1,FALSE,"3","3","ENSE00003515141"
"HOMDEL_cluster_0001","HOMDEL","HETDEL",FALSE,"CNA_event_000048","PATFPU",0.167919799498747,"high_resolution_le_50pct",1,FALSE,"3","3","ENSE00003515141"
"HOMDEL_cluster_0001","HOMDEL","HOMDEL",TRUE,"CNA_event_000160","PATGBY",0.167919799498747,"high_resolution_le_50pct",1,FALSE,"3","3","ENSE00003515141"
"HOMDEL_cluster_0001","HOMDEL","HETDEL",FALSE,"CNA_event_000050","PATHFE",0.822055137844611,"low_resolution_75_90pct",2,TRUE,"3;7","3;7","ENSE00003478404;ENSE00003515141"
"HOMDEL_cluster_0001","HOMDEL","HETDEL",FALSE,"CNA_event_000052","PATJLY",0.355054302422723,"high_resolution_le_50pct",1,FALSE,"3","3","ENSE00003515141"
"HOMDEL_cluster_0001","HOMDEL","HOMDEL",TRUE,"CNA_event_000161","PATJRX",0.167919799498747,"high_resolution_le_50pct",1,FALSE,"3","3","ENSE00003515141"
"HOMDEL_cluster_0001","HOMDEL","HOMDEL",TRUE,"CNA_event_000162","PATKVD",0.167919799498747,"high_resolution_le_50pct",1,FALSE,"3","3","ENSE00003515141"
"HOMDEL_cluster_0001","HOMDEL","HETDEL",FALSE,"CNA_event_000054","PATKZH",0.345864661654135,"high_resolution_le_50pct",1,FALSE,"3","3","ENSE00003515141"
"HOMDEL_cluster_0001","HOMDEL","HETDEL",FALSE,"CNA_event_000055","PATLLH",0.425229741019215,"high_resolution_le_50pct",1,FALSE,"3","3","ENSE00003515141"
"HOMDEL_cluster_0001","HOMDEL","HETDEL",FALSE,"CNA_event_000057","PATPDA",0.664160401002506,"moderate_resolution_50_75pct",2,TRUE,"3;7","3;7","ENSE00003478404;ENSE00003515141"
"HOMDEL_cluster_0001","HOMDEL","HETDEL",FALSE,"CNA_event_000058","PATRAB",0.167919799498747,"high_resolution_le_50pct",1,FALSE,"3","3","ENSE00003515141"
"HOMDEL_cluster_0001","HOMDEL","HETDEL",FALSE,"CNA_event_000059","PATRKV",0.223057644110276,"high_resolution_le_50pct",1,FALSE,"3","3","ENSE00003515141"
"HOMDEL_cluster_0001","HOMDEL","HETDEL",FALSE,"CNA_event_000060","PATSPG",0.345864661654135,"high_resolution_le_50pct",1,FALSE,"3","3","ENSE00003515141"
"HOMDEL_cluster_0001","HOMDEL","HETDEL",FALSE,"CNA_event_000061","PATWJU",0.167919799498747,"high_resolution_le_50pct",1,FALSE,"3","3","ENSE00003515141"
"HOMDEL_cluster_0001","HOMDEL","HOMDEL",TRUE,"CNA_event_000163","PATYWV",0.167919799498747,"high_resolution_le_50pct",1,FALSE,"3","3","ENSE00003515141"
"HOMDEL_cluster_0001","HOMDEL","HETDEL",FALSE,"CNA_event_000063","PATZST",0.167919799498747,"high_resolution_le_50pct",1,FALSE,"3","3","ENSE00003515141"
"HOMDEL_cluster_0001","HOMDEL","HETDEL",FALSE,"CNA_event_000064","PATZYR",0.167919799498747,"high_resolution_le_50pct",1,FALSE,"3","3","ENSE00003515141"
"HOMDEL_cluster_0001","HOMDEL","HETDEL",FALSE,"CNA_event_000065","PAUAKN",0.167919799498747,"high_resolution_le_50pct",1,FALSE,"3","3","ENSE00003515141"
"HOMDEL_cluster_0001","HOMDEL","HETDEL",FALSE,"CNA_event_000066","PAUAZV",0.167919799498747,"high_resolution_le_50pct",1,FALSE,"3","3","ENSE00003515141"
"HOMDEL_cluster_0001","HOMDEL","HETDEL",FALSE,"CNA_event_000067","PAUBCT",0.167919799498747,"high_resolution_le_50pct",1,FALSE,"3","3","ENSE00003515141"
"HOMDEL_cluster_0001","HOMDEL","HOMDEL",TRUE,"CNA_event_000164","PAUBTC",0.167919799498747,"high_resolution_le_50pct",1,FALSE,"3","3","ENSE00003515141"
"HOMDEL_cluster_0001","HOMDEL","HETDEL",FALSE,"CNA_event_000070","PAUCDC",0.822055137844611,"low_resolution_75_90pct",2,TRUE,"3;7","3;7","ENSE00003478404;ENSE00003515141"
"HOMDEL_cluster_0001","HOMDEL","HETDEL",FALSE,"CNA_event_000071","PAUEDT",0.167919799498747,"high_resolution_le_50pct",1,FALSE,"3","3","ENSE00003515141"
"HOMDEL_cluster_0001","HOMDEL","HOMDEL",TRUE,"CNA_event_000165","PAUEUC",0.167919799498747,"high_resolution_le_50pct",1,FALSE,"3","3","ENSE00003515141"
"HOMDEL_cluster_0001","HOMDEL","HETDEL",FALSE,"CNA_event_000074","PAUEVJ",0.167919799498747,"high_resolution_le_50pct",1,FALSE,"3","3","ENSE00003515141"
"HOMDEL_cluster_0001","HOMDEL","HETDEL",FALSE,"CNA_event_000075","PAUEXN",0.206349206349206,"high_resolution_le_50pct",1,FALSE,"3","3","ENSE00003515141"
"HOMDEL_cluster_0001","HOMDEL","HETDEL",FALSE,"CNA_event_000077","PAUGDT",0.167919799498747,"high_resolution_le_50pct",1,FALSE,"3","3","ENSE00003515141"
"HOMDEL_cluster_0001","HOMDEL","HETDEL",FALSE,"CNA_event_000078","PAUGLY",0.345864661654135,"high_resolution_le_50pct",1,FALSE,"3","3","ENSE00003515141"
"HOMDEL_cluster_0001","HOMDEL","HETDEL",FALSE,"CNA_event_000079","PAUIEM",0.654135338345865,"moderate_resolution_50_75pct",1,FALSE,"7","7","ENSE00003478404"
"HOMDEL_cluster_0001","HOMDEL","HOMDEL",TRUE,"CNA_event_000166","PAUIEM",0.167919799498747,"high_resolution_le_50pct",1,FALSE,"3","3","ENSE00003515141"
"HOMDEL_cluster_0001","HOMDEL","HETDEL",FALSE,"CNA_event_000080","PAUIFA",0.167919799498747,"high_resolution_le_50pct",1,FALSE,"3","3","ENSE00003515141"
"HOMDEL_cluster_0001","HOMDEL","HETDEL",FALSE,"CNA_event_000081","PAUJVL",0.345864661654135,"high_resolution_le_50pct",1,FALSE,"3","3","ENSE00003515141"
"HOMDEL_cluster_0001","HOMDEL","HETDEL",FALSE,"CNA_event_000083","PAUKZJ",0.608187134502924,"moderate_resolution_50_75pct",2,TRUE,"3;7","3;7","ENSE00003478404;ENSE00003515141"
"HOMDEL_cluster_0001","HOMDEL","HETDEL",FALSE,"CNA_event_000084","PAULCK",0.167919799498747,"high_resolution_le_50pct",1,FALSE,"3","3","ENSE00003515141"
"HOMDEL_cluster_0001","HOMDEL","HETDEL",FALSE,"CNA_event_000085","PAULGX",0.238930659983292,"high_resolution_le_50pct",1,FALSE,"7","7","ENSE00003478404"
"HOMDEL_cluster_0001","HOMDEL","HOMDEL",TRUE,"CNA_event_000167","PAULGX",0.603174603174603,"moderate_resolution_50_75pct",1,FALSE,"3","3","ENSE00003515141"
"HOMDEL_cluster_0001","HOMDEL","HOMDEL",TRUE,"CNA_event_000168","PAUMIB",0.345864661654135,"high_resolution_le_50pct",1,FALSE,"3","3","ENSE00003515141"
"HOMDEL_cluster_0001","HOMDEL","HETDEL",FALSE,"CNA_event_000087","PAUMLX",0.345864661654135,"high_resolution_le_50pct",1,FALSE,"3","3","ENSE00003515141"
"HOMDEL_cluster_0001","HOMDEL","HETDEL",FALSE,"CNA_event_000088","PAUMXB",0.345864661654135,"high_resolution_le_50pct",1,FALSE,"3","3","ENSE00003515141"
"HOMDEL_cluster_0001","HOMDEL","HETDEL",FALSE,"CNA_event_000089","PAUPUW",0.167919799498747,"high_resolution_le_50pct",1,FALSE,"3","3","ENSE00003515141"
"HOMDEL_cluster_0001","HOMDEL","HETDEL",FALSE,"CNA_event_000090","PAURLU",0.167919799498747,"high_resolution_le_50pct",1,FALSE,"3","3","ENSE00003515141"
"HOMDEL_cluster_0001","HOMDEL","HETDEL",FALSE,"CNA_event_000091","PAUSIS",0.822055137844611,"low_resolution_75_90pct",2,TRUE,"3;7","3;7","ENSE00003478404;ENSE00003515141"
"HOMDEL_cluster_0001","HOMDEL","HETDEL",FALSE,"CNA_event_000092","PAUTBB",0.167919799498747,"high_resolution_le_50pct",1,FALSE,"3","3","ENSE00003515141"
"HOMDEL_cluster_0001","HOMDEL","HETDEL",FALSE,"CNA_event_000093","PAUTUL",0.664160401002506,"moderate_resolution_50_75pct",2,TRUE,"3;7","3;7","ENSE00003478404;ENSE00003515141"
"HOMDEL_cluster_0001","HOMDEL","HETDEL",FALSE,"CNA_event_000094","PAUUAL",0.167919799498747,"high_resolution_le_50pct",1,FALSE,"3","3","ENSE00003515141"
"HOMDEL_cluster_0001","HOMDEL","HOMDEL",TRUE,"CNA_event_000169","PAUUBG",0.167919799498747,"high_resolution_le_50pct",1,FALSE,"3","3","ENSE00003515141"
"HOMDEL_cluster_0001","HOMDEL","HETDEL",FALSE,"CNA_event_000095","PAUUIK",0.167919799498747,"high_resolution_le_50pct",1,FALSE,"3","3","ENSE00003515141"
"HOMDEL_cluster_0001","HOMDEL","HETDEL",FALSE,"CNA_event_000096","PAUWMZ",0.167919799498747,"high_resolution_le_50pct",1,FALSE,"3","3","ENSE00003515141"
"HOMDEL_cluster_0001","HOMDEL","HETDEL",FALSE,"CNA_event_000097","PAUWXI",0.822055137844611,"low_resolution_75_90pct",2,TRUE,"3;7","3;7","ENSE00003478404;ENSE00003515141"
"HOMDEL_cluster_0001","HOMDEL","HETDEL",FALSE,"CNA_event_000098","PAUXCW",0.167919799498747,"high_resolution_le_50pct",1,FALSE,"3","3","ENSE00003515141"
"HOMDEL_cluster_0001","HOMDEL","HETDEL",FALSE,"CNA_event_000099","PAUXKE",0.167919799498747,"high_resolution_le_50pct",1,FALSE,"3","3","ENSE00003515141"
"HOMDEL_cluster_0001","HOMDEL","HETDEL",FALSE,"CNA_event_000100","PAUXRM",0.279030910609858,"high_resolution_le_50pct",1,FALSE,"3","3","ENSE00003515141"
"HOMDEL_cluster_0001","HOMDEL","HETDEL",FALSE,"CNA_event_000101","PAUXYI",0.355054302422723,"high_resolution_le_50pct",1,FALSE,"3","3","ENSE00003515141"
"HOMDEL_cluster_0001","HOMDEL","HETDEL",FALSE,"CNA_event_000102","PAUYJF",0.425229741019215,"high_resolution_le_50pct",1,FALSE,"3","3","ENSE00003515141"
"HOMDEL_cluster_0001","HOMDEL","HOMDEL",TRUE,"CNA_event_000170","PAVBFC",0.167919799498747,"high_resolution_le_50pct",1,FALSE,"3","3","ENSE00003515141"
"HOMDEL_cluster_0001","HOMDEL","HETDEL",FALSE,"CNA_event_000104","PAVCRK",0.167919799498747,"high_resolution_le_50pct",1,FALSE,"3","3","ENSE00003515141"
"HOMDEL_cluster_0001","HOMDEL","HOMDEL",TRUE,"CNA_event_000171","PAVESF",0.167919799498747,"high_resolution_le_50pct",1,FALSE,"3","3","ENSE00003515141"
"HOMDEL_cluster_0001","HOMDEL","HETDEL",FALSE,"CNA_event_000105","PAVFAX",0.167919799498747,"high_resolution_le_50pct",1,FALSE,"3","3","ENSE00003515141"
"HOMDEL_cluster_0001","HOMDEL","HETDEL",FALSE,"CNA_event_000106","PAVHAA",0.167919799498747,"high_resolution_le_50pct",1,FALSE,"3","3","ENSE00003515141"
"HOMDEL_cluster_0001","HOMDEL","HETDEL",FALSE,"CNA_event_000107","PAVHBL",0.167919799498747,"high_resolution_le_50pct",1,FALSE,"3","3","ENSE00003515141"
"HOMDEL_cluster_0001","HOMDEL","HETDEL",FALSE,"CNA_event_000108","PAVHGX",0.167919799498747,"high_resolution_le_50pct",1,FALSE,"3","3","ENSE00003515141"
"HOMDEL_cluster_0001","HOMDEL","HOMDEL",TRUE,"CNA_event_000172","PAVKCV",0.167919799498747,"high_resolution_le_50pct",1,FALSE,"3","3","ENSE00003515141"
"HOMDEL_cluster_0001","HOMDEL","HETDEL",FALSE,"CNA_event_000112","PAVKPV",0.167919799498747,"high_resolution_le_50pct",1,FALSE,"3","3","ENSE00003515141"
"HOMDEL_cluster_0001","HOMDEL","HOMDEL",TRUE,"CNA_event_000173","PAVKWV",0.167919799498747,"high_resolution_le_50pct",1,FALSE,"3","3","ENSE00003515141"
"HOMDEL_cluster_0001","HOMDEL","HETDEL",FALSE,"CNA_event_000114","PAVLLU",0.167919799498747,"high_resolution_le_50pct",1,FALSE,"3","3","ENSE00003515141"
"HOMDEL_cluster_0001","HOMDEL","HOMDEL",TRUE,"CNA_event_000174","PAVLMY",0.167919799498747,"high_resolution_le_50pct",1,FALSE,"3","3","ENSE00003515141"
"HOMDEL_cluster_0001","HOMDEL","HETDEL",FALSE,"CNA_event_000115","PAVMKN",0.167919799498747,"high_resolution_le_50pct",1,FALSE,"3","3","ENSE00003515141"
"HOMDEL_cluster_0001","HOMDEL","HETDEL",FALSE,"CNA_event_000116","PAVMPT",0.279030910609858,"high_resolution_le_50pct",1,FALSE,"3","3","ENSE00003515141"
"HOMDEL_cluster_0001","HOMDEL","HETDEL",FALSE,"CNA_event_000117","PAVNGZ",0.167919799498747,"high_resolution_le_50pct",1,FALSE,"3","3","ENSE00003515141"
"HOMDEL_cluster_0001","HOMDEL","HETDEL",FALSE,"CNA_event_000119","PAVNTB",0.167919799498747,"high_resolution_le_50pct",1,FALSE,"3","3","ENSE00003515141"
"HOMDEL_cluster_0001","HOMDEL","HETDEL",FALSE,"CNA_event_000120","PAVPCB",0.206349206349206,"high_resolution_le_50pct",1,FALSE,"3","3","ENSE00003515141"
"HOMDEL_cluster_0001","HOMDEL","HETDEL",FALSE,"CNA_event_000121","PAVRXK",0.932330827067669,"very_low_resolution_90_lt_100pct",2,TRUE,"3;7","3;7","ENSE00003478404;ENSE00003515141"
"HOMDEL_cluster_0001","HOMDEL","HOMDEL",TRUE,"CNA_event_000175","PAVVBE",0.754385964912281,"low_resolution_75_90pct",2,TRUE,"3;7","3;7","ENSE00003478404;ENSE00003515141"
"HOMDEL_cluster_0001","HOMDEL","HOMDEL",TRUE,"CNA_event_000176","PAVVDS",0.167919799498747,"high_resolution_le_50pct",1,FALSE,"3","3","ENSE00003515141"
"HOMDEL_cluster_0001","HOMDEL","HETDEL",FALSE,"CNA_event_000124","PAVWDF",0.167919799498747,"high_resolution_le_50pct",1,FALSE,"3","3","ENSE00003515141"
"HOMDEL_cluster_0001","HOMDEL","HETDEL",FALSE,"CNA_event_000125","PAVWNL",0.345864661654135,"high_resolution_le_50pct",1,FALSE,"3","3","ENSE00003515141"
"HOMDEL_cluster_0001","HOMDEL","HOMDEL",TRUE,"CNA_event_000177","PAVYAZ",0.167919799498747,"high_resolution_le_50pct",1,FALSE,"3","3","ENSE00003515141"
"HOMDEL_cluster_0001","HOMDEL","HOMDEL",TRUE,"CNA_event_000178","PAVYGR",0.167919799498747,"high_resolution_le_50pct",1,FALSE,"3","3","ENSE00003515141"
"HOMDEL_cluster_0001","HOMDEL","HETDEL",FALSE,"CNA_event_000129","PAVYTZ",0.167919799498747,"high_resolution_le_50pct",1,FALSE,"3","3","ENSE00003515141"
"HOMDEL_cluster_0001","HOMDEL","HETDEL",FALSE,"CNA_event_000130","PAVZCF",0.425229741019215,"high_resolution_le_50pct",1,FALSE,"3","3","ENSE00003515141"
"HOMDEL_cluster_0001","HOMDEL","HETDEL",FALSE,"CNA_event_000131","PAWAIM",0.167919799498747,"high_resolution_le_50pct",1,FALSE,"3","3","ENSE00003515141"
"HOMDEL_cluster_0001","HOMDEL","HETDEL",FALSE,"CNA_event_000132","PAWAIN",0.167919799498747,"high_resolution_le_50pct",1,FALSE,"3","3","ENSE00003515141"
"HOMDEL_cluster_0001","HOMDEL","HETDEL",FALSE,"CNA_event_000133","PAWAKA",0.167919799498747,"high_resolution_le_50pct",1,FALSE,"3","3","ENSE00003515141"
"HOMDEL_cluster_0001","HOMDEL","HETDEL",FALSE,"CNA_event_000134","PAWDEK",0.167919799498747,"high_resolution_le_50pct",1,FALSE,"3","3","ENSE00003515141"
"HOMDEL_cluster_0001","HOMDEL","HETDEL",FALSE,"CNA_event_000135","PAWDMI",0.167919799498747,"high_resolution_le_50pct",1,FALSE,"3","3","ENSE00003515141"
"HOMDEL_cluster_0001","HOMDEL","HETDEL",FALSE,"CNA_event_000136","PAWDWJ",0.822055137844611,"low_resolution_75_90pct",2,TRUE,"3;7","3;7","ENSE00003478404;ENSE00003515141"
"HOMDEL_cluster_0001","HOMDEL","HETDEL",FALSE,"CNA_event_000137","PAWEEC",0.167919799498747,"high_resolution_le_50pct",1,FALSE,"3","3","ENSE00003515141"
"HOMDEL_cluster_0001","HOMDEL","HETDEL",FALSE,"CNA_event_000138","PAWEEX",0.111946532999165,"high_resolution_le_50pct",1,FALSE,"3","3","ENSE00003515141"
"HOMDEL_cluster_0001","HOMDEL","HETDEL",FALSE,"CNA_event_000139","PAWESJ",0.345864661654135,"high_resolution_le_50pct",1,FALSE,"3","3","ENSE00003515141"
"HOMDEL_cluster_0001","HOMDEL","HETDEL",FALSE,"CNA_event_000140","PAWETD",0.822055137844611,"low_resolution_75_90pct",2,TRUE,"3;7","3;7","ENSE00003478404;ENSE00003515141"
"HOMDEL_cluster_0001","HOMDEL","HETDEL",FALSE,"CNA_event_000141","PAWFNJ",0.345864661654135,"high_resolution_le_50pct",1,FALSE,"3","3","ENSE00003515141"
"HOMDEL_cluster_0001","HOMDEL","HETDEL",FALSE,"CNA_event_000142","PAWFWF",0.345864661654135,"high_resolution_le_50pct",1,FALSE,"3","3","ENSE00003515141"
"HOMDEL_cluster_0001","HOMDEL","HETDEL",FALSE,"CNA_event_000143","PAWGCK",0.167919799498747,"high_resolution_le_50pct",1,FALSE,"3","3","ENSE00003515141"
"HOMDEL_cluster_0001","HOMDEL","HETDEL",FALSE,"CNA_event_000144","PAWGIT",0.167919799498747,"high_resolution_le_50pct",1,FALSE,"3","3","ENSE00003515141"
"HOMDEL_cluster_0001","HOMDEL","HETDEL",FALSE,"CNA_event_000145","PAWGXM",0.496240601503759,"high_resolution_le_50pct",1,FALSE,"7","7","ENSE00003478404"
"HOMDEL_cluster_0001","HOMDEL","HETDEL",FALSE,"CNA_event_000146","PAWGZM",0.167919799498747,"high_resolution_le_50pct",1,FALSE,"3","3","ENSE00003515141"
"HOMDEL_cluster_0001","HOMDEL","HETDEL",FALSE,"CNA_event_000147","PAWIWS",0.355054302422723,"high_resolution_le_50pct",1,FALSE,"3","3","ENSE00003515141"
"HOMDEL_cluster_0001","HOMDEL","HETDEL",FALSE,"CNA_event_000148","PAWJKX",0.167919799498747,"high_resolution_le_50pct",1,FALSE,"3","3","ENSE00003515141"
"HOMDEL_cluster_0001","HOMDEL","HETDEL",FALSE,"CNA_event_000149","PAWJYN",0.345864661654135,"high_resolution_le_50pct",1,FALSE,"3","3","ENSE00003515141"
"HOMDEL_cluster_0001","HOMDEL","HOMDEL",TRUE,"CNA_event_000179","PAWKAN",0.167919799498747,"high_resolution_le_50pct",1,FALSE,"3","3","ENSE00003515141"
"HOMDEL_cluster_0002","HOMDEL","HETDEL",FALSE,"CNA_event_000001","PARFLD",0.167919799498747,"high_resolution_le_50pct",1,FALSE,"2","2","ENSE00003638064"
"HOMDEL_cluster_0002","HOMDEL","HETDEL",FALSE,"CNA_event_000002","PARJAY",0.167919799498747,"high_resolution_le_50pct",1,FALSE,"2","2","ENSE00003638064"
"HOMDEL_cluster_0002","HOMDEL","HETDEL",FALSE,"CNA_event_000003","PARJPL",0.167919799498747,"high_resolution_le_50pct",1,FALSE,"2","2","ENSE00003638064"
"HOMDEL_cluster_0002","HOMDEL","HETDEL",FALSE,"CNA_event_000004","PARNXJ",0.822055137844611,"low_resolution_75_90pct",1,FALSE,"2","2","ENSE00003638064"
"HOMDEL_cluster_0002","HOMDEL","HETDEL",FALSE,"CNA_event_000005","PARPET",0.167919799498747,"high_resolution_le_50pct",1,FALSE,"2","2","ENSE00003638064"
"HOMDEL_cluster_0002","HOMDEL","HOMDEL",TRUE,"CNA_event_000150","PARSLA",0.167919799498747,"high_resolution_le_50pct",1,FALSE,"2","2","ENSE00003638064"
"HOMDEL_cluster_0002","HOMDEL","HETDEL",FALSE,"CNA_event_000007","PARSNX",0.289891395154553,"high_resolution_le_50pct",2,TRUE,"1;2","1;2","ENSE00001136349;ENSE00003638064"
"HOMDEL_cluster_0002","HOMDEL","HOMDEL",TRUE,"CNA_event_000151","PARWNW",0.167919799498747,"high_resolution_le_50pct",1,FALSE,"2","2","ENSE00003638064"
"HOMDEL_cluster_0002","HOMDEL","HETDEL",FALSE,"CNA_event_000009","PARXDJ",0.167919799498747,"high_resolution_le_50pct",1,FALSE,"2","2","ENSE00003638064"
"HOMDEL_cluster_0002","HOMDEL","HETDEL",FALSE,"CNA_event_000010","PARXPZ",0.822055137844611,"low_resolution_75_90pct",1,FALSE,"2","2","ENSE00003638064"
"HOMDEL_cluster_0002","HOMDEL","HETDEL",FALSE,"CNA_event_000011","PASGDZ",0.167919799498747,"high_resolution_le_50pct",1,FALSE,"2","2","ENSE00003638064"
"HOMDEL_cluster_0002","HOMDEL","HETDEL",FALSE,"CNA_event_000012","PASGUH",0.167919799498747,"high_resolution_le_50pct",1,FALSE,"2","2","ENSE00003638064"
"HOMDEL_cluster_0002","HOMDEL","HETDEL",FALSE,"CNA_event_000013","PASILW",0.177944862155388,"high_resolution_le_50pct",1,FALSE,"1","1","ENSE00001136349"
"HOMDEL_cluster_0002","HOMDEL","HOMDEL",TRUE,"CNA_event_000152","PASILW",0.167919799498747,"high_resolution_le_50pct",1,FALSE,"2","2","ENSE00003638064"
"HOMDEL_cluster_0002","HOMDEL","HETDEL",FALSE,"CNA_event_000015","PASINX",0.345864661654135,"high_resolution_le_50pct",2,TRUE,"1;2","1;2","ENSE00001136349;ENSE00003638064"
"HOMDEL_cluster_0002","HOMDEL","HETDEL",FALSE,"CNA_event_000017","PASIPN",0.0559732664995823,"high_resolution_le_50pct",1,FALSE,"2","2","ENSE00003638064"
"HOMDEL_cluster_0002","HOMDEL","HETDEL",FALSE,"CNA_event_000018","PASJGV",0.167919799498747,"high_resolution_le_50pct",1,FALSE,"2","2","ENSE00003638064"
"HOMDEL_cluster_0002","HOMDEL","HOMDEL",TRUE,"CNA_event_000153","PASKAD",0.167919799498747,"high_resolution_le_50pct",1,FALSE,"2","2","ENSE00003638064"
"HOMDEL_cluster_0002","HOMDEL","HOMDEL",TRUE,"CNA_event_000154","PASKLU",0.167919799498747,"high_resolution_le_50pct",1,FALSE,"2","2","ENSE00003638064"
"HOMDEL_cluster_0002","HOMDEL","HOMDEL",TRUE,"CNA_event_000155","PASKWG",0.167919799498747,"high_resolution_le_50pct",1,FALSE,"2","2","ENSE00003638064"
"HOMDEL_cluster_0002","HOMDEL","HETDEL",FALSE,"CNA_event_000022","PASKXA",0.167919799498747,"high_resolution_le_50pct",1,FALSE,"2","2","ENSE00003638064"
"HOMDEL_cluster_0002","HOMDEL","HETDEL",FALSE,"CNA_event_000023","PASLXY",0.345864661654135,"high_resolution_le_50pct",2,TRUE,"1;2","1;2","ENSE00001136349;ENSE00003638064"
"HOMDEL_cluster_0002","HOMDEL","HETDEL",FALSE,"CNA_event_000024","PASPDS",0.355054302422723,"high_resolution_le_50pct",1,FALSE,"2","2","ENSE00003638064"
"HOMDEL_cluster_0002","HOMDEL","HETDEL",FALSE,"CNA_event_000025","PASPLG",0.425229741019215,"high_resolution_le_50pct",1,FALSE,"2","2","ENSE00003638064"
"HOMDEL_cluster_0002","HOMDEL","HETDEL",FALSE,"CNA_event_000026","PASPNW",0.822055137844611,"low_resolution_75_90pct",1,FALSE,"2","2","ENSE00003638064"
"HOMDEL_cluster_0002","HOMDEL","HETDEL",FALSE,"CNA_event_000027","PASRAF",0.167919799498747,"high_resolution_le_50pct",1,FALSE,"2","2","ENSE00003638064"
"HOMDEL_cluster_0002","HOMDEL","HETDEL",FALSE,"CNA_event_000028","PASRMM",0.345864661654135,"high_resolution_le_50pct",2,TRUE,"1;2","1;2","ENSE00001136349;ENSE00003638064"
"HOMDEL_cluster_0002","HOMDEL","HOMDEL",TRUE,"CNA_event_000156","PASRPV",0.345864661654135,"high_resolution_le_50pct",2,TRUE,"1;2","1;2","ENSE00001136349;ENSE00003638064"
"HOMDEL_cluster_0002","HOMDEL","HETDEL",FALSE,"CNA_event_000030","PASRSE",0.167919799498747,"high_resolution_le_50pct",1,FALSE,"2","2","ENSE00003638064"
"HOMDEL_cluster_0002","HOMDEL","HETDEL",FALSE,"CNA_event_000031","PASRUK",0.167919799498747,"high_resolution_le_50pct",1,FALSE,"2","2","ENSE00003638064"
"HOMDEL_cluster_0002","HOMDEL","HETDEL",FALSE,"CNA_event_000032","PASTCH",0.456975772765246,"high_resolution_le_50pct",2,TRUE,"1;2","1;2","ENSE00001136349;ENSE00003638064"
"HOMDEL_cluster_0002","HOMDEL","HETDEL",FALSE,"CNA_event_000033","PASTHE",0.425229741019215,"high_resolution_le_50pct",1,FALSE,"2","2","ENSE00003638064"
"HOMDEL_cluster_0002","HOMDEL","HETDEL",FALSE,"CNA_event_000034","PASUSV",0.822055137844611,"low_resolution_75_90pct",1,FALSE,"2","2","ENSE00003638064"
"HOMDEL_cluster_0002","HOMDEL","HETDEL",FALSE,"CNA_event_000035","PASVWH",0.167919799498747,"high_resolution_le_50pct",1,FALSE,"2","2","ENSE00003638064"
"HOMDEL_cluster_0002","HOMDEL","HETDEL",FALSE,"CNA_event_000036","PASVZJ",0.167919799498747,"high_resolution_le_50pct",1,FALSE,"2","2","ENSE00003638064"
"HOMDEL_cluster_0002","HOMDEL","HETDEL",FALSE,"CNA_event_000037","PASWXB",0.167919799498747,"high_resolution_le_50pct",1,FALSE,"2","2","ENSE00003638064"
"HOMDEL_cluster_0002","HOMDEL","HOMDEL",TRUE,"CNA_event_000157","PASWYU",0.167919799498747,"high_resolution_le_50pct",1,FALSE,"2","2","ENSE00003638064"
"HOMDEL_cluster_0002","HOMDEL","HETDEL",FALSE,"CNA_event_000040","PASYSJ",0.167919799498747,"high_resolution_le_50pct",1,FALSE,"2","2","ENSE00003638064"
"HOMDEL_cluster_0002","HOMDEL","HETDEL",FALSE,"CNA_event_000041","PASYVU",0.167919799498747,"high_resolution_le_50pct",1,FALSE,"2","2","ENSE00003638064"
"HOMDEL_cluster_0002","HOMDEL","HOMDEL",TRUE,"CNA_event_000158","PASYWF",0.167919799498747,"high_resolution_le_50pct",1,FALSE,"2","2","ENSE00003638064"
"HOMDEL_cluster_0002","HOMDEL","HETDEL",FALSE,"CNA_event_000043","PASZAY",0.167919799498747,"high_resolution_le_50pct",1,FALSE,"2","2","ENSE00003638064"
"HOMDEL_cluster_0002","HOMDEL","HETDEL",FALSE,"CNA_event_000044","PATALF",0.425229741019215,"high_resolution_le_50pct",1,FALSE,"2","2","ENSE00003638064"
"HOMDEL_cluster_0002","HOMDEL","HETDEL",FALSE,"CNA_event_000045","PATBTX",0.167919799498747,"high_resolution_le_50pct",1,FALSE,"2","2","ENSE00003638064"
"HOMDEL_cluster_0002","HOMDEL","HOMDEL",TRUE,"CNA_event_000159","PATCTR",0.345864661654135,"high_resolution_le_50pct",2,TRUE,"1;2","1;2","ENSE00001136349;ENSE00003638064"
"HOMDEL_cluster_0002","HOMDEL","HETDEL",FALSE,"CNA_event_000047","PATDTN",0.167919799498747,"high_resolution_le_50pct",1,FALSE,"2","2","ENSE00003638064"
"HOMDEL_cluster_0002","HOMDEL","HETDEL",FALSE,"CNA_event_000048","PATFPU",0.167919799498747,"high_resolution_le_50pct",1,FALSE,"2","2","ENSE00003638064"
"HOMDEL_cluster_0002","HOMDEL","HOMDEL",TRUE,"CNA_event_000160","PATGBY",0.167919799498747,"high_resolution_le_50pct",1,FALSE,"2","2","ENSE00003638064"
"HOMDEL_cluster_0002","HOMDEL","HETDEL",FALSE,"CNA_event_000050","PATHFE",0.822055137844611,"low_resolution_75_90pct",1,FALSE,"2","2","ENSE00003638064"
"HOMDEL_cluster_0002","HOMDEL","HETDEL",FALSE,"CNA_event_000052","PATJLY",0.355054302422723,"high_resolution_le_50pct",1,FALSE,"2","2","ENSE00003638064"
"HOMDEL_cluster_0002","HOMDEL","HOMDEL",TRUE,"CNA_event_000161","PATJRX",0.167919799498747,"high_resolution_le_50pct",1,FALSE,"2","2","ENSE00003638064"
"HOMDEL_cluster_0002","HOMDEL","HOMDEL",TRUE,"CNA_event_000162","PATKVD",0.167919799498747,"high_resolution_le_50pct",1,FALSE,"2","2","ENSE00003638064"
"HOMDEL_cluster_0002","HOMDEL","HETDEL",FALSE,"CNA_event_000054","PATKZH",0.345864661654135,"high_resolution_le_50pct",2,TRUE,"1;2","1;2","ENSE00001136349;ENSE00003638064"
"HOMDEL_cluster_0002","HOMDEL","HETDEL",FALSE,"CNA_event_000055","PATLLH",0.425229741019215,"high_resolution_le_50pct",1,FALSE,"2","2","ENSE00003638064"
"HOMDEL_cluster_0002","HOMDEL","HETDEL",FALSE,"CNA_event_000056","PATNAM",0.233918128654971,"high_resolution_le_50pct",2,TRUE,"1;2","1;2","ENSE00001136349;ENSE00003638064"
"HOMDEL_cluster_0002","HOMDEL","HETDEL",FALSE,"CNA_event_000057","PATPDA",0.664160401002506,"moderate_resolution_50_75pct",1,FALSE,"2","2","ENSE00003638064"
"HOMDEL_cluster_0002","HOMDEL","HETDEL",FALSE,"CNA_event_000058","PATRAB",0.167919799498747,"high_resolution_le_50pct",1,FALSE,"2","2","ENSE00003638064"
"HOMDEL_cluster_0002","HOMDEL","HETDEL",FALSE,"CNA_event_000060","PATSPG",0.345864661654135,"high_resolution_le_50pct",2,TRUE,"1;2","1;2","ENSE00001136349;ENSE00003638064"
"HOMDEL_cluster_0002","HOMDEL","HETDEL",FALSE,"CNA_event_000061","PATWJU",0.167919799498747,"high_resolution_le_50pct",1,FALSE,"2","2","ENSE00003638064"
"HOMDEL_cluster_0002","HOMDEL","HOMDEL",TRUE,"CNA_event_000163","PATYWV",0.167919799498747,"high_resolution_le_50pct",1,FALSE,"2","2","ENSE00003638064"
"HOMDEL_cluster_0002","HOMDEL","HETDEL",FALSE,"CNA_event_000063","PATZST",0.167919799498747,"high_resolution_le_50pct",1,FALSE,"2","2","ENSE00003638064"
"HOMDEL_cluster_0002","HOMDEL","HETDEL",FALSE,"CNA_event_000064","PATZYR",0.167919799498747,"high_resolution_le_50pct",1,FALSE,"2","2","ENSE00003638064"
"HOMDEL_cluster_0002","HOMDEL","HETDEL",FALSE,"CNA_event_000065","PAUAKN",0.167919799498747,"high_resolution_le_50pct",1,FALSE,"2","2","ENSE00003638064"
"HOMDEL_cluster_0002","HOMDEL","HETDEL",FALSE,"CNA_event_000066","PAUAZV",0.167919799498747,"high_resolution_le_50pct",1,FALSE,"2","2","ENSE00003638064"
"HOMDEL_cluster_0002","HOMDEL","HETDEL",FALSE,"CNA_event_000067","PAUBCT",0.167919799498747,"high_resolution_le_50pct",1,FALSE,"2","2","ENSE00003638064"
"HOMDEL_cluster_0002","HOMDEL","HOMDEL",TRUE,"CNA_event_000164","PAUBTC",0.167919799498747,"high_resolution_le_50pct",1,FALSE,"2","2","ENSE00003638064"
"HOMDEL_cluster_0002","HOMDEL","HETDEL",FALSE,"CNA_event_000070","PAUCDC",0.822055137844611,"low_resolution_75_90pct",1,FALSE,"2","2","ENSE00003638064"
"HOMDEL_cluster_0002","HOMDEL","HETDEL",FALSE,"CNA_event_000071","PAUEDT",0.167919799498747,"high_resolution_le_50pct",1,FALSE,"2","2","ENSE00003638064"
"HOMDEL_cluster_0002","HOMDEL","HETDEL",FALSE,"CNA_event_000072","PAUEUC",0.177944862155388,"high_resolution_le_50pct",1,FALSE,"1","1","ENSE00001136349"
"HOMDEL_cluster_0002","HOMDEL","HOMDEL",TRUE,"CNA_event_000165","PAUEUC",0.167919799498747,"high_resolution_le_50pct",1,FALSE,"2","2","ENSE00003638064"
"HOMDEL_cluster_0002","HOMDEL","HETDEL",FALSE,"CNA_event_000074","PAUEVJ",0.167919799498747,"high_resolution_le_50pct",1,FALSE,"2","2","ENSE00003638064"
"HOMDEL_cluster_0002","HOMDEL","HETDEL",FALSE,"CNA_event_000075","PAUEXN",0.206349206349206,"high_resolution_le_50pct",2,TRUE,"1;2","1;2","ENSE00001136349;ENSE00003638064"
"HOMDEL_cluster_0002","HOMDEL","HETDEL",FALSE,"CNA_event_000077","PAUGDT",0.167919799498747,"high_resolution_le_50pct",1,FALSE,"2","2","ENSE00003638064"
"HOMDEL_cluster_0002","HOMDEL","HETDEL",FALSE,"CNA_event_000078","PAUGLY",0.345864661654135,"high_resolution_le_50pct",2,TRUE,"1;2","1;2","ENSE00001136349;ENSE00003638064"
"HOMDEL_cluster_0002","HOMDEL","HOMDEL",TRUE,"CNA_event_000166","PAUIEM",0.167919799498747,"high_resolution_le_50pct",1,FALSE,"2","2","ENSE00003638064"
"HOMDEL_cluster_0002","HOMDEL","HETDEL",FALSE,"CNA_event_000080","PAUIFA",0.167919799498747,"high_resolution_le_50pct",1,FALSE,"2","2","ENSE00003638064"
"HOMDEL_cluster_0002","HOMDEL","HETDEL",FALSE,"CNA_event_000081","PAUJVL",0.345864661654135,"high_resolution_le_50pct",2,TRUE,"1;2","1;2","ENSE00001136349;ENSE00003638064"
"HOMDEL_cluster_0002","HOMDEL","HETDEL",FALSE,"CNA_event_000084","PAULCK",0.167919799498747,"high_resolution_le_50pct",1,FALSE,"2","2","ENSE00003638064"
"HOMDEL_cluster_0002","HOMDEL","HOMDEL",TRUE,"CNA_event_000167","PAULGX",0.603174603174603,"moderate_resolution_50_75pct",2,TRUE,"1;2","1;2","ENSE00001136349;ENSE00003638064"
"HOMDEL_cluster_0002","HOMDEL","HOMDEL",TRUE,"CNA_event_000168","PAUMIB",0.345864661654135,"high_resolution_le_50pct",2,TRUE,"1;2","1;2","ENSE00001136349;ENSE00003638064"
"HOMDEL_cluster_0002","HOMDEL","HETDEL",FALSE,"CNA_event_000087","PAUMLX",0.345864661654135,"high_resolution_le_50pct",2,TRUE,"1;2","1;2","ENSE00001136349;ENSE00003638064"
"HOMDEL_cluster_0002","HOMDEL","HETDEL",FALSE,"CNA_event_000088","PAUMXB",0.345864661654135,"high_resolution_le_50pct",2,TRUE,"1;2","1;2","ENSE00001136349;ENSE00003638064"
"HOMDEL_cluster_0002","HOMDEL","HETDEL",FALSE,"CNA_event_000089","PAUPUW",0.167919799498747,"high_resolution_le_50pct",1,FALSE,"2","2","ENSE00003638064"
"HOMDEL_cluster_0002","HOMDEL","HETDEL",FALSE,"CNA_event_000090","PAURLU",0.167919799498747,"high_resolution_le_50pct",1,FALSE,"2","2","ENSE00003638064"
"HOMDEL_cluster_0002","HOMDEL","HETDEL",FALSE,"CNA_event_000091","PAUSIS",0.822055137844611,"low_resolution_75_90pct",1,FALSE,"2","2","ENSE00003638064"
"HOMDEL_cluster_0002","HOMDEL","HETDEL",FALSE,"CNA_event_000092","PAUTBB",0.167919799498747,"high_resolution_le_50pct",1,FALSE,"2","2","ENSE00003638064"
"HOMDEL_cluster_0002","HOMDEL","HETDEL",FALSE,"CNA_event_000093","PAUTUL",0.664160401002506,"moderate_resolution_50_75pct",1,FALSE,"2","2","ENSE00003638064"
"HOMDEL_cluster_0002","HOMDEL","HETDEL",FALSE,"CNA_event_000094","PAUUAL",0.167919799498747,"high_resolution_le_50pct",1,FALSE,"2","2","ENSE00003638064"
"HOMDEL_cluster_0002","HOMDEL","HOMDEL",TRUE,"CNA_event_000169","PAUUBG",0.167919799498747,"high_resolution_le_50pct",1,FALSE,"2","2","ENSE00003638064"
"HOMDEL_cluster_0002","HOMDEL","HETDEL",FALSE,"CNA_event_000095","PAUUIK",0.167919799498747,"high_resolution_le_50pct",1,FALSE,"2","2","ENSE00003638064"
"HOMDEL_cluster_0002","HOMDEL","HETDEL",FALSE,"CNA_event_000096","PAUWMZ",0.167919799498747,"high_resolution_le_50pct",1,FALSE,"2","2","ENSE00003638064"
"HOMDEL_cluster_0002","HOMDEL","HETDEL",FALSE,"CNA_event_000097","PAUWXI",0.822055137844611,"low_resolution_75_90pct",1,FALSE,"2","2","ENSE00003638064"
"HOMDEL_cluster_0002","HOMDEL","HETDEL",FALSE,"CNA_event_000098","PAUXCW",0.167919799498747,"high_resolution_le_50pct",1,FALSE,"2","2","ENSE00003638064"
"HOMDEL_cluster_0002","HOMDEL","HETDEL",FALSE,"CNA_event_000099","PAUXKE",0.167919799498747,"high_resolution_le_50pct",1,FALSE,"2","2","ENSE00003638064"
"HOMDEL_cluster_0002","HOMDEL","HETDEL",FALSE,"CNA_event_000100","PAUXRM",0.279030910609858,"high_resolution_le_50pct",1,FALSE,"2","2","ENSE00003638064"
"HOMDEL_cluster_0002","HOMDEL","HETDEL",FALSE,"CNA_event_000101","PAUXYI",0.355054302422723,"high_resolution_le_50pct",1,FALSE,"2","2","ENSE00003638064"
"HOMDEL_cluster_0002","HOMDEL","HETDEL",FALSE,"CNA_event_000102","PAUYJF",0.425229741019215,"high_resolution_le_50pct",1,FALSE,"2","2","ENSE00003638064"
"HOMDEL_cluster_0002","HOMDEL","HOMDEL",TRUE,"CNA_event_000170","PAVBFC",0.167919799498747,"high_resolution_le_50pct",1,FALSE,"2","2","ENSE00003638064"
"HOMDEL_cluster_0002","HOMDEL","HETDEL",FALSE,"CNA_event_000104","PAVCRK",0.167919799498747,"high_resolution_le_50pct",1,FALSE,"2","2","ENSE00003638064"
"HOMDEL_cluster_0002","HOMDEL","HOMDEL",TRUE,"CNA_event_000171","PAVESF",0.167919799498747,"high_resolution_le_50pct",1,FALSE,"2","2","ENSE00003638064"
"HOMDEL_cluster_0002","HOMDEL","HETDEL",FALSE,"CNA_event_000105","PAVFAX",0.167919799498747,"high_resolution_le_50pct",1,FALSE,"2","2","ENSE00003638064"
"HOMDEL_cluster_0002","HOMDEL","HETDEL",FALSE,"CNA_event_000106","PAVHAA",0.167919799498747,"high_resolution_le_50pct",1,FALSE,"2","2","ENSE00003638064"
"HOMDEL_cluster_0002","HOMDEL","HETDEL",FALSE,"CNA_event_000107","PAVHBL",0.167919799498747,"high_resolution_le_50pct",1,FALSE,"2","2","ENSE00003638064"
"HOMDEL_cluster_0002","HOMDEL","HETDEL",FALSE,"CNA_event_000108","PAVHGX",0.167919799498747,"high_resolution_le_50pct",1,FALSE,"2","2","ENSE00003638064"
"HOMDEL_cluster_0002","HOMDEL","HETDEL",FALSE,"CNA_event_000110","PAVKCV",0.177944862155388,"high_resolution_le_50pct",1,FALSE,"1","1","ENSE00001136349"
"HOMDEL_cluster_0002","HOMDEL","HOMDEL",TRUE,"CNA_event_000172","PAVKCV",0.167919799498747,"high_resolution_le_50pct",1,FALSE,"2","2","ENSE00003638064"
"HOMDEL_cluster_0002","HOMDEL","HETDEL",FALSE,"CNA_event_000112","PAVKPV",0.167919799498747,"high_resolution_le_50pct",1,FALSE,"2","2","ENSE00003638064"
"HOMDEL_cluster_0002","HOMDEL","HOMDEL",TRUE,"CNA_event_000173","PAVKWV",0.167919799498747,"high_resolution_le_50pct",1,FALSE,"2","2","ENSE00003638064"
"HOMDEL_cluster_0002","HOMDEL","HETDEL",FALSE,"CNA_event_000114","PAVLLU",0.167919799498747,"high_resolution_le_50pct",1,FALSE,"2","2","ENSE00003638064"
"HOMDEL_cluster_0002","HOMDEL","HOMDEL",TRUE,"CNA_event_000174","PAVLMY",0.167919799498747,"high_resolution_le_50pct",1,FALSE,"2","2","ENSE00003638064"
"HOMDEL_cluster_0002","HOMDEL","HETDEL",FALSE,"CNA_event_000115","PAVMKN",0.167919799498747,"high_resolution_le_50pct",1,FALSE,"2","2","ENSE00003638064"
"HOMDEL_cluster_0002","HOMDEL","HETDEL",FALSE,"CNA_event_000116","PAVMPT",0.279030910609858,"high_resolution_le_50pct",1,FALSE,"2","2","ENSE00003638064"
"HOMDEL_cluster_0002","HOMDEL","HETDEL",FALSE,"CNA_event_000117","PAVNGZ",0.167919799498747,"high_resolution_le_50pct",1,FALSE,"2","2","ENSE00003638064"
"HOMDEL_cluster_0002","HOMDEL","HETDEL",FALSE,"CNA_event_000119","PAVNTB",0.167919799498747,"high_resolution_le_50pct",1,FALSE,"2","2","ENSE00003638064"
"HOMDEL_cluster_0002","HOMDEL","HETDEL",FALSE,"CNA_event_000120","PAVPCB",0.206349206349206,"high_resolution_le_50pct",2,TRUE,"1;2","1;2","ENSE00001136349;ENSE00003638064"
"HOMDEL_cluster_0002","HOMDEL","HETDEL",FALSE,"CNA_event_000121","PAVRXK",0.932330827067669,"very_low_resolution_90_lt_100pct",2,TRUE,"1;2","1;2","ENSE00001136349;ENSE00003638064"
"HOMDEL_cluster_0002","HOMDEL","HETDEL",FALSE,"CNA_event_000122","PAVVBE",0.177944862155388,"high_resolution_le_50pct",1,FALSE,"1","1","ENSE00001136349"
"HOMDEL_cluster_0002","HOMDEL","HOMDEL",TRUE,"CNA_event_000175","PAVVBE",0.754385964912281,"low_resolution_75_90pct",1,FALSE,"2","2","ENSE00003638064"
"HOMDEL_cluster_0002","HOMDEL","HOMDEL",TRUE,"CNA_event_000176","PAVVDS",0.167919799498747,"high_resolution_le_50pct",1,FALSE,"2","2","ENSE00003638064"
"HOMDEL_cluster_0002","HOMDEL","HETDEL",FALSE,"CNA_event_000124","PAVWDF",0.167919799498747,"high_resolution_le_50pct",1,FALSE,"2","2","ENSE00003638064"
"HOMDEL_cluster_0002","HOMDEL","HETDEL",FALSE,"CNA_event_000125","PAVWNL",0.345864661654135,"high_resolution_le_50pct",2,TRUE,"1;2","1;2","ENSE00001136349;ENSE00003638064"
"HOMDEL_cluster_0002","HOMDEL","HETDEL",FALSE,"CNA_event_000126","PAVYAZ",0.177944862155388,"high_resolution_le_50pct",1,FALSE,"1","1","ENSE00001136349"
"HOMDEL_cluster_0002","HOMDEL","HOMDEL",TRUE,"CNA_event_000177","PAVYAZ",0.167919799498747,"high_resolution_le_50pct",1,FALSE,"2","2","ENSE00003638064"
"HOMDEL_cluster_0002","HOMDEL","HOMDEL",TRUE,"CNA_event_000178","PAVYGR",0.167919799498747,"high_resolution_le_50pct",1,FALSE,"2","2","ENSE00003638064"
"HOMDEL_cluster_0002","HOMDEL","HETDEL",FALSE,"CNA_event_000129","PAVYTZ",0.167919799498747,"high_resolution_le_50pct",1,FALSE,"2","2","ENSE00003638064"
"HOMDEL_cluster_0002","HOMDEL","HETDEL",FALSE,"CNA_event_000130","PAVZCF",0.425229741019215,"high_resolution_le_50pct",1,FALSE,"2","2","ENSE00003638064"
"HOMDEL_cluster_0002","HOMDEL","HETDEL",FALSE,"CNA_event_000131","PAWAIM",0.167919799498747,"high_resolution_le_50pct",1,FALSE,"2","2","ENSE00003638064"
"HOMDEL_cluster_0002","HOMDEL","HETDEL",FALSE,"CNA_event_000132","PAWAIN",0.167919799498747,"high_resolution_le_50pct",1,FALSE,"2","2","ENSE00003638064"
"HOMDEL_cluster_0002","HOMDEL","HETDEL",FALSE,"CNA_event_000133","PAWAKA",0.167919799498747,"high_resolution_le_50pct",1,FALSE,"2","2","ENSE00003638064"
"HOMDEL_cluster_0002","HOMDEL","HETDEL",FALSE,"CNA_event_000134","PAWDEK",0.167919799498747,"high_resolution_le_50pct",1,FALSE,"2","2","ENSE00003638064"
"HOMDEL_cluster_0002","HOMDEL","HETDEL",FALSE,"CNA_event_000135","PAWDMI",0.167919799498747,"high_resolution_le_50pct",1,FALSE,"2","2","ENSE00003638064"
"HOMDEL_cluster_0002","HOMDEL","HETDEL",FALSE,"CNA_event_000136","PAWDWJ",0.822055137844611,"low_resolution_75_90pct",1,FALSE,"2","2","ENSE00003638064"
"HOMDEL_cluster_0002","HOMDEL","HETDEL",FALSE,"CNA_event_000137","PAWEEC",0.167919799498747,"high_resolution_le_50pct",1,FALSE,"2","2","ENSE00003638064"
"HOMDEL_cluster_0002","HOMDEL","HETDEL",FALSE,"CNA_event_000139","PAWESJ",0.345864661654135,"high_resolution_le_50pct",2,TRUE,"1;2","1;2","ENSE00001136349;ENSE00003638064"
"HOMDEL_cluster_0002","HOMDEL","HETDEL",FALSE,"CNA_event_000140","PAWETD",0.822055137844611,"low_resolution_75_90pct",1,FALSE,"2","2","ENSE00003638064"
"HOMDEL_cluster_0002","HOMDEL","HETDEL",FALSE,"CNA_event_000141","PAWFNJ",0.345864661654135,"high_resolution_le_50pct",2,TRUE,"1;2","1;2","ENSE00001136349;ENSE00003638064"
"HOMDEL_cluster_0002","HOMDEL","HETDEL",FALSE,"CNA_event_000142","PAWFWF",0.345864661654135,"high_resolution_le_50pct",2,TRUE,"1;2","1;2","ENSE00001136349;ENSE00003638064"
"HOMDEL_cluster_0002","HOMDEL","HETDEL",FALSE,"CNA_event_000143","PAWGCK",0.167919799498747,"high_resolution_le_50pct",1,FALSE,"2","2","ENSE00003638064"
"HOMDEL_cluster_0002","HOMDEL","HETDEL",FALSE,"CNA_event_000144","PAWGIT",0.167919799498747,"high_resolution_le_50pct",1,FALSE,"2","2","ENSE00003638064"
"HOMDEL_cluster_0002","HOMDEL","HETDEL",FALSE,"CNA_event_000146","PAWGZM",0.167919799498747,"high_resolution_le_50pct",1,FALSE,"2","2","ENSE00003638064"
"HOMDEL_cluster_0002","HOMDEL","HETDEL",FALSE,"CNA_event_000147","PAWIWS",0.355054302422723,"high_resolution_le_50pct",1,FALSE,"2","2","ENSE00003638064"
"HOMDEL_cluster_0002","HOMDEL","HETDEL",FALSE,"CNA_event_000148","PAWJKX",0.167919799498747,"high_resolution_le_50pct",1,FALSE,"2","2","ENSE00003638064"
"HOMDEL_cluster_0002","HOMDEL","HETDEL",FALSE,"CNA_event_000149","PAWJYN",0.345864661654135,"high_resolution_le_50pct",2,TRUE,"1;2","1;2","ENSE00001136349;ENSE00003638064"
"HOMDEL_cluster_0002","HOMDEL","HOMDEL",TRUE,"CNA_event_000179","PAWKAN",0.167919799498747,"high_resolution_le_50pct",1,FALSE,"2","2","ENSE00003638064"
"HOMDEL_cluster_0003","HOMDEL","HETDEL",FALSE,"CNA_event_000001","PARFLD",0.167919799498747,"high_resolution_le_50pct",1,FALSE,"3","3","ENSE00003515141"
"HOMDEL_cluster_0003","HOMDEL","HETDEL",FALSE,"CNA_event_000002","PARJAY",0.167919799498747,"high_resolution_le_50pct",1,FALSE,"3","3","ENSE00003515141"
"HOMDEL_cluster_0003","HOMDEL","HETDEL",FALSE,"CNA_event_000003","PARJPL",0.167919799498747,"high_resolution_le_50pct",1,FALSE,"3","3","ENSE00003515141"
"HOMDEL_cluster_0003","HOMDEL","HETDEL",FALSE,"CNA_event_000004","PARNXJ",0.822055137844611,"low_resolution_75_90pct",2,TRUE,"3;4","3;4","ENSE00003515141;ENSE00003558404"
"HOMDEL_cluster_0003","HOMDEL","HETDEL",FALSE,"CNA_event_000005","PARPET",0.167919799498747,"high_resolution_le_50pct",1,FALSE,"3","3","ENSE00003515141"
"HOMDEL_cluster_0003","HOMDEL","HOMDEL",TRUE,"CNA_event_000150","PARSLA",0.167919799498747,"high_resolution_le_50pct",1,FALSE,"3","3","ENSE00003515141"
"HOMDEL_cluster_0003","HOMDEL","HETDEL",FALSE,"CNA_event_000007","PARSNX",0.289891395154553,"high_resolution_le_50pct",1,FALSE,"3","3","ENSE00003515141"
"HOMDEL_cluster_0003","HOMDEL","HETDEL",FALSE,"CNA_event_000008","PARWNW",0.654135338345865,"moderate_resolution_50_75pct",1,FALSE,"4","4","ENSE00003558404"
"HOMDEL_cluster_0003","HOMDEL","HOMDEL",TRUE,"CNA_event_000151","PARWNW",0.167919799498747,"high_resolution_le_50pct",1,FALSE,"3","3","ENSE00003515141"
"HOMDEL_cluster_0003","HOMDEL","HETDEL",FALSE,"CNA_event_000009","PARXDJ",0.167919799498747,"high_resolution_le_50pct",1,FALSE,"3","3","ENSE00003515141"
"HOMDEL_cluster_0003","HOMDEL","HETDEL",FALSE,"CNA_event_000010","PARXPZ",0.822055137844611,"low_resolution_75_90pct",2,TRUE,"3;4","3;4","ENSE00003515141;ENSE00003558404"
"HOMDEL_cluster_0003","HOMDEL","HETDEL",FALSE,"CNA_event_000011","PASGDZ",0.167919799498747,"high_resolution_le_50pct",1,FALSE,"3","3","ENSE00003515141"
"HOMDEL_cluster_0003","HOMDEL","HETDEL",FALSE,"CNA_event_000012","PASGUH",0.167919799498747,"high_resolution_le_50pct",1,FALSE,"3","3","ENSE00003515141"
"HOMDEL_cluster_0003","HOMDEL","HOMDEL",TRUE,"CNA_event_000152","PASILW",0.167919799498747,"high_resolution_le_50pct",1,FALSE,"3","3","ENSE00003515141"
"HOMDEL_cluster_0003","HOMDEL","HETDEL",FALSE,"CNA_event_000015","PASINX",0.345864661654135,"high_resolution_le_50pct",1,FALSE,"3","3","ENSE00003515141"
"HOMDEL_cluster_0003","HOMDEL","HETDEL",FALSE,"CNA_event_000016","PASIPN",0.111946532999165,"high_resolution_le_50pct",1,FALSE,"3","3","ENSE00003515141"
"HOMDEL_cluster_0003","HOMDEL","HETDEL",FALSE,"CNA_event_000018","PASJGV",0.167919799498747,"high_resolution_le_50pct",1,FALSE,"3","3","ENSE00003515141"
"HOMDEL_cluster_0003","HOMDEL","HETDEL",FALSE,"CNA_event_000019","PASKAD",0.654135338345865,"moderate_resolution_50_75pct",1,FALSE,"4","4","ENSE00003558404"
"HOMDEL_cluster_0003","HOMDEL","HOMDEL",TRUE,"CNA_event_000153","PASKAD",0.167919799498747,"high_resolution_le_50pct",1,FALSE,"3","3","ENSE00003515141"
"HOMDEL_cluster_0003","HOMDEL","HETDEL",FALSE,"CNA_event_000020","PASKLU",0.111111111111111,"high_resolution_le_50pct",1,FALSE,"4","4","ENSE00003558404"
"HOMDEL_cluster_0003","HOMDEL","HOMDEL",TRUE,"CNA_event_000154","PASKLU",0.167919799498747,"high_resolution_le_50pct",1,FALSE,"3","3","ENSE00003515141"
"HOMDEL_cluster_0003","HOMDEL","HETDEL",FALSE,"CNA_event_000021","PASKWG",0.654135338345865,"moderate_resolution_50_75pct",1,FALSE,"4","4","ENSE00003558404"
"HOMDEL_cluster_0003","HOMDEL","HOMDEL",TRUE,"CNA_event_000155","PASKWG",0.167919799498747,"high_resolution_le_50pct",1,FALSE,"3","3","ENSE00003515141"
"HOMDEL_cluster_0003","HOMDEL","HETDEL",FALSE,"CNA_event_000022","PASKXA",0.167919799498747,"high_resolution_le_50pct",1,FALSE,"3","3","ENSE00003515141"
"HOMDEL_cluster_0003","HOMDEL","HETDEL",FALSE,"CNA_event_000023","PASLXY",0.345864661654135,"high_resolution_le_50pct",1,FALSE,"3","3","ENSE00003515141"
"HOMDEL_cluster_0003","HOMDEL","HETDEL",FALSE,"CNA_event_000024","PASPDS",0.355054302422723,"high_resolution_le_50pct",2,TRUE,"3;4","3;4","ENSE00003515141;ENSE00003558404"
"HOMDEL_cluster_0003","HOMDEL","HETDEL",FALSE,"CNA_event_000025","PASPLG",0.425229741019215,"high_resolution_le_50pct",2,TRUE,"3;4","3;4","ENSE00003515141;ENSE00003558404"
"HOMDEL_cluster_0003","HOMDEL","HETDEL",FALSE,"CNA_event_000026","PASPNW",0.822055137844611,"low_resolution_75_90pct",2,TRUE,"3;4","3;4","ENSE00003515141;ENSE00003558404"
"HOMDEL_cluster_0003","HOMDEL","HETDEL",FALSE,"CNA_event_000027","PASRAF",0.167919799498747,"high_resolution_le_50pct",1,FALSE,"3","3","ENSE00003515141"
"HOMDEL_cluster_0003","HOMDEL","HETDEL",FALSE,"CNA_event_000028","PASRMM",0.345864661654135,"high_resolution_le_50pct",1,FALSE,"3","3","ENSE00003515141"
"HOMDEL_cluster_0003","HOMDEL","HOMDEL",TRUE,"CNA_event_000156","PASRPV",0.345864661654135,"high_resolution_le_50pct",1,FALSE,"3","3","ENSE00003515141"
"HOMDEL_cluster_0003","HOMDEL","HETDEL",FALSE,"CNA_event_000030","PASRSE",0.167919799498747,"high_resolution_le_50pct",1,FALSE,"3","3","ENSE00003515141"
"HOMDEL_cluster_0003","HOMDEL","HETDEL",FALSE,"CNA_event_000031","PASRUK",0.167919799498747,"high_resolution_le_50pct",1,FALSE,"3","3","ENSE00003515141"
"HOMDEL_cluster_0003","HOMDEL","HETDEL",FALSE,"CNA_event_000032","PASTCH",0.456975772765246,"high_resolution_le_50pct",2,TRUE,"3;4","3;4","ENSE00003515141;ENSE00003558404"
"HOMDEL_cluster_0003","HOMDEL","HETDEL",FALSE,"CNA_event_000033","PASTHE",0.425229741019215,"high_resolution_le_50pct",2,TRUE,"3;4","3;4","ENSE00003515141;ENSE00003558404"
"HOMDEL_cluster_0003","HOMDEL","HETDEL",FALSE,"CNA_event_000034","PASUSV",0.822055137844611,"low_resolution_75_90pct",2,TRUE,"3;4","3;4","ENSE00003515141;ENSE00003558404"
"HOMDEL_cluster_0003","HOMDEL","HETDEL",FALSE,"CNA_event_000035","PASVWH",0.167919799498747,"high_resolution_le_50pct",1,FALSE,"3","3","ENSE00003515141"
"HOMDEL_cluster_0003","HOMDEL","HETDEL",FALSE,"CNA_event_000036","PASVZJ",0.167919799498747,"high_resolution_le_50pct",1,FALSE,"3","3","ENSE00003515141"
"HOMDEL_cluster_0003","HOMDEL","HETDEL",FALSE,"CNA_event_000037","PASWXB",0.167919799498747,"high_resolution_le_50pct",1,FALSE,"3","3","ENSE00003515141"
"HOMDEL_cluster_0003","HOMDEL","HETDEL",FALSE,"CNA_event_000038","PASWYU",0.586466165413534,"moderate_resolution_50_75pct",1,FALSE,"4","4","ENSE00003558404"
"HOMDEL_cluster_0003","HOMDEL","HOMDEL",TRUE,"CNA_event_000157","PASWYU",0.167919799498747,"high_resolution_le_50pct",1,FALSE,"3","3","ENSE00003515141"
"HOMDEL_cluster_0003","HOMDEL","HETDEL",FALSE,"CNA_event_000039","PASYNX",0.360066833751044,"high_resolution_le_50pct",1,FALSE,"4","4","ENSE00003558404"
"HOMDEL_cluster_0003","HOMDEL","HETDEL",FALSE,"CNA_event_000040","PASYSJ",0.167919799498747,"high_resolution_le_50pct",1,FALSE,"3","3","ENSE00003515141"
"HOMDEL_cluster_0003","HOMDEL","HETDEL",FALSE,"CNA_event_000041","PASYVU",0.167919799498747,"high_resolution_le_50pct",1,FALSE,"3","3","ENSE00003515141"
"HOMDEL_cluster_0003","HOMDEL","HETDEL",FALSE,"CNA_event_000042","PASYWF",0.654135338345865,"moderate_resolution_50_75pct",1,FALSE,"4","4","ENSE00003558404"
"HOMDEL_cluster_0003","HOMDEL","HOMDEL",TRUE,"CNA_event_000158","PASYWF",0.167919799498747,"high_resolution_le_50pct",1,FALSE,"3","3","ENSE00003515141"
"HOMDEL_cluster_0003","HOMDEL","HETDEL",FALSE,"CNA_event_000043","PASZAY",0.167919799498747,"high_resolution_le_50pct",1,FALSE,"3","3","ENSE00003515141"
"HOMDEL_cluster_0003","HOMDEL","HETDEL",FALSE,"CNA_event_000044","PATALF",0.425229741019215,"high_resolution_le_50pct",2,TRUE,"3;4","3;4","ENSE00003515141;ENSE00003558404"
"HOMDEL_cluster_0003","HOMDEL","HETDEL",FALSE,"CNA_event_000045","PATBTX",0.167919799498747,"high_resolution_le_50pct",1,FALSE,"3","3","ENSE00003515141"
"HOMDEL_cluster_0003","HOMDEL","HETDEL",FALSE,"CNA_event_000046","PATCTR",0.257309941520468,"high_resolution_le_50pct",1,FALSE,"4","4","ENSE00003558404"
"HOMDEL_cluster_0003","HOMDEL","HOMDEL",TRUE,"CNA_event_000159","PATCTR",0.345864661654135,"high_resolution_le_50pct",1,FALSE,"3","3","ENSE00003515141"
"HOMDEL_cluster_0003","HOMDEL","HETDEL",FALSE,"CNA_event_000047","PATDTN",0.167919799498747,"high_resolution_le_50pct",1,FALSE,"3","3","ENSE00003515141"
"HOMDEL_cluster_0003","HOMDEL","HETDEL",FALSE,"CNA_event_000048","PATFPU",0.167919799498747,"high_resolution_le_50pct",1,FALSE,"3","3","ENSE00003515141"
"HOMDEL_cluster_0003","HOMDEL","HOMDEL",TRUE,"CNA_event_000160","PATGBY",0.167919799498747,"high_resolution_le_50pct",1,FALSE,"3","3","ENSE00003515141"
"HOMDEL_cluster_0003","HOMDEL","HETDEL",FALSE,"CNA_event_000050","PATHFE",0.822055137844611,"low_resolution_75_90pct",2,TRUE,"3;4","3;4","ENSE00003515141;ENSE00003558404"
"HOMDEL_cluster_0003","HOMDEL","HETDEL",FALSE,"CNA_event_000052","PATJLY",0.355054302422723,"high_resolution_le_50pct",2,TRUE,"3;4","3;4","ENSE00003515141;ENSE00003558404"
"HOMDEL_cluster_0003","HOMDEL","HOMDEL",TRUE,"CNA_event_000161","PATJRX",0.167919799498747,"high_resolution_le_50pct",1,FALSE,"3","3","ENSE00003515141"
"HOMDEL_cluster_0003","HOMDEL","HOMDEL",TRUE,"CNA_event_000162","PATKVD",0.167919799498747,"high_resolution_le_50pct",1,FALSE,"3","3","ENSE00003515141"
"HOMDEL_cluster_0003","HOMDEL","HETDEL",FALSE,"CNA_event_000054","PATKZH",0.345864661654135,"high_resolution_le_50pct",1,FALSE,"3","3","ENSE00003515141"
"HOMDEL_cluster_0003","HOMDEL","HETDEL",FALSE,"CNA_event_000055","PATLLH",0.425229741019215,"high_resolution_le_50pct",2,TRUE,"3;4","3;4","ENSE00003515141;ENSE00003558404"
"HOMDEL_cluster_0003","HOMDEL","HETDEL",FALSE,"CNA_event_000057","PATPDA",0.664160401002506,"moderate_resolution_50_75pct",2,TRUE,"3;4","3;4","ENSE00003515141;ENSE00003558404"
"HOMDEL_cluster_0003","HOMDEL","HETDEL",FALSE,"CNA_event_000058","PATRAB",0.167919799498747,"high_resolution_le_50pct",1,FALSE,"3","3","ENSE00003515141"
"HOMDEL_cluster_0003","HOMDEL","HETDEL",FALSE,"CNA_event_000059","PATRKV",0.223057644110276,"high_resolution_le_50pct",2,TRUE,"3;4","3;4","ENSE00003515141;ENSE00003558404"
"HOMDEL_cluster_0003","HOMDEL","HETDEL",FALSE,"CNA_event_000060","PATSPG",0.345864661654135,"high_resolution_le_50pct",1,FALSE,"3","3","ENSE00003515141"
"HOMDEL_cluster_0003","HOMDEL","HETDEL",FALSE,"CNA_event_000061","PATWJU",0.167919799498747,"high_resolution_le_50pct",1,FALSE,"3","3","ENSE00003515141"
"HOMDEL_cluster_0003","HOMDEL","HOMDEL",TRUE,"CNA_event_000163","PATYWV",0.167919799498747,"high_resolution_le_50pct",1,FALSE,"3","3","ENSE00003515141"
"HOMDEL_cluster_0003","HOMDEL","HETDEL",FALSE,"CNA_event_000063","PATZST",0.167919799498747,"high_resolution_le_50pct",1,FALSE,"3","3","ENSE00003515141"
"HOMDEL_cluster_0003","HOMDEL","HETDEL",FALSE,"CNA_event_000064","PATZYR",0.167919799498747,"high_resolution_le_50pct",1,FALSE,"3","3","ENSE00003515141"
"HOMDEL_cluster_0003","HOMDEL","HETDEL",FALSE,"CNA_event_000065","PAUAKN",0.167919799498747,"high_resolution_le_50pct",1,FALSE,"3","3","ENSE00003515141"
"HOMDEL_cluster_0003","HOMDEL","HETDEL",FALSE,"CNA_event_000066","PAUAZV",0.167919799498747,"high_resolution_le_50pct",1,FALSE,"3","3","ENSE00003515141"
"HOMDEL_cluster_0003","HOMDEL","HETDEL",FALSE,"CNA_event_000067","PAUBCT",0.167919799498747,"high_resolution_le_50pct",1,FALSE,"3","3","ENSE00003515141"
"HOMDEL_cluster_0003","HOMDEL","HOMDEL",TRUE,"CNA_event_000164","PAUBTC",0.167919799498747,"high_resolution_le_50pct",1,FALSE,"3","3","ENSE00003515141"
"HOMDEL_cluster_0003","HOMDEL","HETDEL",FALSE,"CNA_event_000070","PAUCDC",0.822055137844611,"low_resolution_75_90pct",2,TRUE,"3;4","3;4","ENSE00003515141;ENSE00003558404"
"HOMDEL_cluster_0003","HOMDEL","HETDEL",FALSE,"CNA_event_000071","PAUEDT",0.167919799498747,"high_resolution_le_50pct",1,FALSE,"3","3","ENSE00003515141"
"HOMDEL_cluster_0003","HOMDEL","HOMDEL",TRUE,"CNA_event_000165","PAUEUC",0.167919799498747,"high_resolution_le_50pct",1,FALSE,"3","3","ENSE00003515141"
"HOMDEL_cluster_0003","HOMDEL","HETDEL",FALSE,"CNA_event_000074","PAUEVJ",0.167919799498747,"high_resolution_le_50pct",1,FALSE,"3","3","ENSE00003515141"
"HOMDEL_cluster_0003","HOMDEL","HETDEL",FALSE,"CNA_event_000075","PAUEXN",0.206349206349206,"high_resolution_le_50pct",1,FALSE,"3","3","ENSE00003515141"
"HOMDEL_cluster_0003","HOMDEL","HETDEL",FALSE,"CNA_event_000077","PAUGDT",0.167919799498747,"high_resolution_le_50pct",1,FALSE,"3","3","ENSE00003515141"
"HOMDEL_cluster_0003","HOMDEL","HETDEL",FALSE,"CNA_event_000078","PAUGLY",0.345864661654135,"high_resolution_le_50pct",1,FALSE,"3","3","ENSE00003515141"
"HOMDEL_cluster_0003","HOMDEL","HETDEL",FALSE,"CNA_event_000079","PAUIEM",0.654135338345865,"moderate_resolution_50_75pct",1,FALSE,"4","4","ENSE00003558404"
"HOMDEL_cluster_0003","HOMDEL","HOMDEL",TRUE,"CNA_event_000166","PAUIEM",0.167919799498747,"high_resolution_le_50pct",1,FALSE,"3","3","ENSE00003515141"
"HOMDEL_cluster_0003","HOMDEL","HETDEL",FALSE,"CNA_event_000080","PAUIFA",0.167919799498747,"high_resolution_le_50pct",1,FALSE,"3","3","ENSE00003515141"
"HOMDEL_cluster_0003","HOMDEL","HETDEL",FALSE,"CNA_event_000081","PAUJVL",0.345864661654135,"high_resolution_le_50pct",1,FALSE,"3","3","ENSE00003515141"
"HOMDEL_cluster_0003","HOMDEL","HETDEL",FALSE,"CNA_event_000083","PAUKZJ",0.608187134502924,"moderate_resolution_50_75pct",2,TRUE,"3;4","3;4","ENSE00003515141;ENSE00003558404"
"HOMDEL_cluster_0003","HOMDEL","HETDEL",FALSE,"CNA_event_000084","PAULCK",0.167919799498747,"high_resolution_le_50pct",1,FALSE,"3","3","ENSE00003515141"
"HOMDEL_cluster_0003","HOMDEL","HOMDEL",TRUE,"CNA_event_000167","PAULGX",0.603174603174603,"moderate_resolution_50_75pct",2,TRUE,"3;4","3;4","ENSE00003515141;ENSE00003558404"
"HOMDEL_cluster_0003","HOMDEL","HOMDEL",TRUE,"CNA_event_000168","PAUMIB",0.345864661654135,"high_resolution_le_50pct",1,FALSE,"3","3","ENSE00003515141"
"HOMDEL_cluster_0003","HOMDEL","HETDEL",FALSE,"CNA_event_000087","PAUMLX",0.345864661654135,"high_resolution_le_50pct",1,FALSE,"3","3","ENSE00003515141"
"HOMDEL_cluster_0003","HOMDEL","HETDEL",FALSE,"CNA_event_000088","PAUMXB",0.345864661654135,"high_resolution_le_50pct",1,FALSE,"3","3","ENSE00003515141"
"HOMDEL_cluster_0003","HOMDEL","HETDEL",FALSE,"CNA_event_000089","PAUPUW",0.167919799498747,"high_resolution_le_50pct",1,FALSE,"3","3","ENSE00003515141"
"HOMDEL_cluster_0003","HOMDEL","HETDEL",FALSE,"CNA_event_000090","PAURLU",0.167919799498747,"high_resolution_le_50pct",1,FALSE,"3","3","ENSE00003515141"
"HOMDEL_cluster_0003","HOMDEL","HETDEL",FALSE,"CNA_event_000091","PAUSIS",0.822055137844611,"low_resolution_75_90pct",2,TRUE,"3;4","3;4","ENSE00003515141;ENSE00003558404"
"HOMDEL_cluster_0003","HOMDEL","HETDEL",FALSE,"CNA_event_000092","PAUTBB",0.167919799498747,"high_resolution_le_50pct",1,FALSE,"3","3","ENSE00003515141"
"HOMDEL_cluster_0003","HOMDEL","HETDEL",FALSE,"CNA_event_000093","PAUTUL",0.664160401002506,"moderate_resolution_50_75pct",2,TRUE,"3;4","3;4","ENSE00003515141;ENSE00003558404"
"HOMDEL_cluster_0003","HOMDEL","HETDEL",FALSE,"CNA_event_000094","PAUUAL",0.167919799498747,"high_resolution_le_50pct",1,FALSE,"3","3","ENSE00003515141"
"HOMDEL_cluster_0003","HOMDEL","HOMDEL",TRUE,"CNA_event_000169","PAUUBG",0.167919799498747,"high_resolution_le_50pct",1,FALSE,"3","3","ENSE00003515141"
"HOMDEL_cluster_0003","HOMDEL","HETDEL",FALSE,"CNA_event_000095","PAUUIK",0.167919799498747,"high_resolution_le_50pct",1,FALSE,"3","3","ENSE00003515141"
"HOMDEL_cluster_0003","HOMDEL","HETDEL",FALSE,"CNA_event_000096","PAUWMZ",0.167919799498747,"high_resolution_le_50pct",1,FALSE,"3","3","ENSE00003515141"
"HOMDEL_cluster_0003","HOMDEL","HETDEL",FALSE,"CNA_event_000097","PAUWXI",0.822055137844611,"low_resolution_75_90pct",2,TRUE,"3;4","3;4","ENSE00003515141;ENSE00003558404"
"HOMDEL_cluster_0003","HOMDEL","HETDEL",FALSE,"CNA_event_000098","PAUXCW",0.167919799498747,"high_resolution_le_50pct",1,FALSE,"3","3","ENSE00003515141"
"HOMDEL_cluster_0003","HOMDEL","HETDEL",FALSE,"CNA_event_000099","PAUXKE",0.167919799498747,"high_resolution_le_50pct",1,FALSE,"3","3","ENSE00003515141"
"HOMDEL_cluster_0003","HOMDEL","HETDEL",FALSE,"CNA_event_000100","PAUXRM",0.279030910609858,"high_resolution_le_50pct",2,TRUE,"3;4","3;4","ENSE00003515141;ENSE00003558404"
"HOMDEL_cluster_0003","HOMDEL","HETDEL",FALSE,"CNA_event_000101","PAUXYI",0.355054302422723,"high_resolution_le_50pct",2,TRUE,"3;4","3;4","ENSE00003515141;ENSE00003558404"
"HOMDEL_cluster_0003","HOMDEL","HETDEL",FALSE,"CNA_event_000102","PAUYJF",0.425229741019215,"high_resolution_le_50pct",2,TRUE,"3;4","3;4","ENSE00003515141;ENSE00003558404"
"HOMDEL_cluster_0003","HOMDEL","HOMDEL",TRUE,"CNA_event_000170","PAVBFC",0.167919799498747,"high_resolution_le_50pct",1,FALSE,"3","3","ENSE00003515141"
"HOMDEL_cluster_0003","HOMDEL","HETDEL",FALSE,"CNA_event_000104","PAVCRK",0.167919799498747,"high_resolution_le_50pct",1,FALSE,"3","3","ENSE00003515141"
"HOMDEL_cluster_0003","HOMDEL","HOMDEL",TRUE,"CNA_event_000171","PAVESF",0.167919799498747,"high_resolution_le_50pct",1,FALSE,"3","3","ENSE00003515141"
"HOMDEL_cluster_0003","HOMDEL","HETDEL",FALSE,"CNA_event_000105","PAVFAX",0.167919799498747,"high_resolution_le_50pct",1,FALSE,"3","3","ENSE00003515141"
"HOMDEL_cluster_0003","HOMDEL","HETDEL",FALSE,"CNA_event_000106","PAVHAA",0.167919799498747,"high_resolution_le_50pct",1,FALSE,"3","3","ENSE00003515141"
"HOMDEL_cluster_0003","HOMDEL","HETDEL",FALSE,"CNA_event_000107","PAVHBL",0.167919799498747,"high_resolution_le_50pct",1,FALSE,"3","3","ENSE00003515141"
"HOMDEL_cluster_0003","HOMDEL","HETDEL",FALSE,"CNA_event_000108","PAVHGX",0.167919799498747,"high_resolution_le_50pct",1,FALSE,"3","3","ENSE00003515141"
"HOMDEL_cluster_0003","HOMDEL","HOMDEL",TRUE,"CNA_event_000172","PAVKCV",0.167919799498747,"high_resolution_le_50pct",1,FALSE,"3","3","ENSE00003515141"
"HOMDEL_cluster_0003","HOMDEL","HETDEL",FALSE,"CNA_event_000112","PAVKPV",0.167919799498747,"high_resolution_le_50pct",1,FALSE,"3","3","ENSE00003515141"
"HOMDEL_cluster_0003","HOMDEL","HOMDEL",TRUE,"CNA_event_000173","PAVKWV",0.167919799498747,"high_resolution_le_50pct",1,FALSE,"3","3","ENSE00003515141"
"HOMDEL_cluster_0003","HOMDEL","HETDEL",FALSE,"CNA_event_000114","PAVLLU",0.167919799498747,"high_resolution_le_50pct",1,FALSE,"3","3","ENSE00003515141"
"HOMDEL_cluster_0003","HOMDEL","HOMDEL",TRUE,"CNA_event_000174","PAVLMY",0.167919799498747,"high_resolution_le_50pct",1,FALSE,"3","3","ENSE00003515141"
"HOMDEL_cluster_0003","HOMDEL","HETDEL",FALSE,"CNA_event_000115","PAVMKN",0.167919799498747,"high_resolution_le_50pct",1,FALSE,"3","3","ENSE00003515141"
"HOMDEL_cluster_0003","HOMDEL","HETDEL",FALSE,"CNA_event_000116","PAVMPT",0.279030910609858,"high_resolution_le_50pct",2,TRUE,"3;4","3;4","ENSE00003515141;ENSE00003558404"
"HOMDEL_cluster_0003","HOMDEL","HETDEL",FALSE,"CNA_event_000117","PAVNGZ",0.167919799498747,"high_resolution_le_50pct",1,FALSE,"3","3","ENSE00003515141"
"HOMDEL_cluster_0003","HOMDEL","HETDEL",FALSE,"CNA_event_000119","PAVNTB",0.167919799498747,"high_resolution_le_50pct",1,FALSE,"3","3","ENSE00003515141"
"HOMDEL_cluster_0003","HOMDEL","HETDEL",FALSE,"CNA_event_000120","PAVPCB",0.206349206349206,"high_resolution_le_50pct",1,FALSE,"3","3","ENSE00003515141"
"HOMDEL_cluster_0003","HOMDEL","HETDEL",FALSE,"CNA_event_000121","PAVRXK",0.932330827067669,"very_low_resolution_90_lt_100pct",2,TRUE,"3;4","3;4","ENSE00003515141;ENSE00003558404"
"HOMDEL_cluster_0003","HOMDEL","HOMDEL",TRUE,"CNA_event_000175","PAVVBE",0.754385964912281,"low_resolution_75_90pct",2,TRUE,"3;4","3;4","ENSE00003515141;ENSE00003558404"
"HOMDEL_cluster_0003","HOMDEL","HETDEL",FALSE,"CNA_event_000123","PAVVDS",0.257309941520468,"high_resolution_le_50pct",1,FALSE,"4","4","ENSE00003558404"
"HOMDEL_cluster_0003","HOMDEL","HOMDEL",TRUE,"CNA_event_000176","PAVVDS",0.167919799498747,"high_resolution_le_50pct",1,FALSE,"3","3","ENSE00003515141"
"HOMDEL_cluster_0003","HOMDEL","HETDEL",FALSE,"CNA_event_000124","PAVWDF",0.167919799498747,"high_resolution_le_50pct",1,FALSE,"3","3","ENSE00003515141"
"HOMDEL_cluster_0003","HOMDEL","HETDEL",FALSE,"CNA_event_000125","PAVWNL",0.345864661654135,"high_resolution_le_50pct",1,FALSE,"3","3","ENSE00003515141"
"HOMDEL_cluster_0003","HOMDEL","HOMDEL",TRUE,"CNA_event_000177","PAVYAZ",0.167919799498747,"high_resolution_le_50pct",1,FALSE,"3","3","ENSE00003515141"
"HOMDEL_cluster_0003","HOMDEL","HOMDEL",TRUE,"CNA_event_000178","PAVYGR",0.167919799498747,"high_resolution_le_50pct",1,FALSE,"3","3","ENSE00003515141"
"HOMDEL_cluster_0003","HOMDEL","HETDEL",FALSE,"CNA_event_000129","PAVYTZ",0.167919799498747,"high_resolution_le_50pct",1,FALSE,"3","3","ENSE00003515141"
"HOMDEL_cluster_0003","HOMDEL","HETDEL",FALSE,"CNA_event_000130","PAVZCF",0.425229741019215,"high_resolution_le_50pct",2,TRUE,"3;4","3;4","ENSE00003515141;ENSE00003558404"
"HOMDEL_cluster_0003","HOMDEL","HETDEL",FALSE,"CNA_event_000131","PAWAIM",0.167919799498747,"high_resolution_le_50pct",1,FALSE,"3","3","ENSE00003515141"
"HOMDEL_cluster_0003","HOMDEL","HETDEL",FALSE,"CNA_event_000132","PAWAIN",0.167919799498747,"high_resolution_le_50pct",1,FALSE,"3","3","ENSE00003515141"
"HOMDEL_cluster_0003","HOMDEL","HETDEL",FALSE,"CNA_event_000133","PAWAKA",0.167919799498747,"high_resolution_le_50pct",1,FALSE,"3","3","ENSE00003515141"
"HOMDEL_cluster_0003","HOMDEL","HETDEL",FALSE,"CNA_event_000134","PAWDEK",0.167919799498747,"high_resolution_le_50pct",1,FALSE,"3","3","ENSE00003515141"
"HOMDEL_cluster_0003","HOMDEL","HETDEL",FALSE,"CNA_event_000135","PAWDMI",0.167919799498747,"high_resolution_le_50pct",1,FALSE,"3","3","ENSE00003515141"
"HOMDEL_cluster_0003","HOMDEL","HETDEL",FALSE,"CNA_event_000136","PAWDWJ",0.822055137844611,"low_resolution_75_90pct",2,TRUE,"3;4","3;4","ENSE00003515141;ENSE00003558404"
"HOMDEL_cluster_0003","HOMDEL","HETDEL",FALSE,"CNA_event_000137","PAWEEC",0.167919799498747,"high_resolution_le_50pct",1,FALSE,"3","3","ENSE00003515141"
"HOMDEL_cluster_0003","HOMDEL","HETDEL",FALSE,"CNA_event_000138","PAWEEX",0.111946532999165,"high_resolution_le_50pct",1,FALSE,"3","3","ENSE00003515141"
"HOMDEL_cluster_0003","HOMDEL","HETDEL",FALSE,"CNA_event_000139","PAWESJ",0.345864661654135,"high_resolution_le_50pct",1,FALSE,"3","3","ENSE00003515141"
"HOMDEL_cluster_0003","HOMDEL","HETDEL",FALSE,"CNA_event_000140","PAWETD",0.822055137844611,"low_resolution_75_90pct",2,TRUE,"3;4","3;4","ENSE00003515141;ENSE00003558404"
"HOMDEL_cluster_0003","HOMDEL","HETDEL",FALSE,"CNA_event_000141","PAWFNJ",0.345864661654135,"high_resolution_le_50pct",1,FALSE,"3","3","ENSE00003515141"
"HOMDEL_cluster_0003","HOMDEL","HETDEL",FALSE,"CNA_event_000142","PAWFWF",0.345864661654135,"high_resolution_le_50pct",1,FALSE,"3","3","ENSE00003515141"
"HOMDEL_cluster_0003","HOMDEL","HETDEL",FALSE,"CNA_event_000143","PAWGCK",0.167919799498747,"high_resolution_le_50pct",1,FALSE,"3","3","ENSE00003515141"
"HOMDEL_cluster_0003","HOMDEL","HETDEL",FALSE,"CNA_event_000144","PAWGIT",0.167919799498747,"high_resolution_le_50pct",1,FALSE,"3","3","ENSE00003515141"
"HOMDEL_cluster_0003","HOMDEL","HETDEL",FALSE,"CNA_event_000145","PAWGXM",0.496240601503759,"high_resolution_le_50pct",1,FALSE,"4","4","ENSE00003558404"
"HOMDEL_cluster_0003","HOMDEL","HETDEL",FALSE,"CNA_event_000146","PAWGZM",0.167919799498747,"high_resolution_le_50pct",1,FALSE,"3","3","ENSE00003515141"
"HOMDEL_cluster_0003","HOMDEL","HETDEL",FALSE,"CNA_event_000147","PAWIWS",0.355054302422723,"high_resolution_le_50pct",2,TRUE,"3;4","3;4","ENSE00003515141;ENSE00003558404"
"HOMDEL_cluster_0003","HOMDEL","HETDEL",FALSE,"CNA_event_000148","PAWJKX",0.167919799498747,"high_resolution_le_50pct",1,FALSE,"3","3","ENSE00003515141"
"HOMDEL_cluster_0003","HOMDEL","HETDEL",FALSE,"CNA_event_000149","PAWJYN",0.345864661654135,"high_resolution_le_50pct",1,FALSE,"3","3","ENSE00003515141"
"HOMDEL_cluster_0003","HOMDEL","HOMDEL",TRUE,"CNA_event_000179","PAWKAN",0.167919799498747,"high_resolution_le_50pct",1,FALSE,"3","3","ENSE00003515141"
"HOMDEL_cluster_0004","HOMDEL","HETDEL",FALSE,"CNA_event_000001","PARFLD",0.167919799498747,"high_resolution_le_50pct",2,TRUE,"2;3","2;3","ENSE00003515141;ENSE00003638064"
"HOMDEL_cluster_0004","HOMDEL","HETDEL",FALSE,"CNA_event_000002","PARJAY",0.167919799498747,"high_resolution_le_50pct",2,TRUE,"2;3","2;3","ENSE00003515141;ENSE00003638064"
"HOMDEL_cluster_0004","HOMDEL","HETDEL",FALSE,"CNA_event_000003","PARJPL",0.167919799498747,"high_resolution_le_50pct",2,TRUE,"2;3","2;3","ENSE00003515141;ENSE00003638064"
"HOMDEL_cluster_0004","HOMDEL","HETDEL",FALSE,"CNA_event_000004","PARNXJ",0.822055137844611,"low_resolution_75_90pct",3,TRUE,"2;3;7","2;3;7","ENSE00003478404;ENSE00003515141;ENSE00003638064"
"HOMDEL_cluster_0004","HOMDEL","HETDEL",FALSE,"CNA_event_000005","PARPET",0.167919799498747,"high_resolution_le_50pct",2,TRUE,"2;3","2;3","ENSE00003515141;ENSE00003638064"
"HOMDEL_cluster_0004","HOMDEL","HOMDEL",TRUE,"CNA_event_000150","PARSLA",0.167919799498747,"high_resolution_le_50pct",2,TRUE,"2;3","2;3","ENSE00003515141;ENSE00003638064"
"HOMDEL_cluster_0004","HOMDEL","HETDEL",FALSE,"CNA_event_000007","PARSNX",0.289891395154553,"high_resolution_le_50pct",2,TRUE,"2;3","2;3","ENSE00003515141;ENSE00003638064"
"HOMDEL_cluster_0004","HOMDEL","HETDEL",FALSE,"CNA_event_000008","PARWNW",0.654135338345865,"moderate_resolution_50_75pct",1,FALSE,"7","7","ENSE00003478404"
"HOMDEL_cluster_0004","HOMDEL","HOMDEL",TRUE,"CNA_event_000151","PARWNW",0.167919799498747,"high_resolution_le_50pct",2,TRUE,"2;3","2;3","ENSE00003515141;ENSE00003638064"
"HOMDEL_cluster_0004","HOMDEL","HETDEL",FALSE,"CNA_event_000009","PARXDJ",0.167919799498747,"high_resolution_le_50pct",2,TRUE,"2;3","2;3","ENSE00003515141;ENSE00003638064"
"HOMDEL_cluster_0004","HOMDEL","HETDEL",FALSE,"CNA_event_000010","PARXPZ",0.822055137844611,"low_resolution_75_90pct",3,TRUE,"2;3;7","2;3;7","ENSE00003478404;ENSE00003515141;ENSE00003638064"
"HOMDEL_cluster_0004","HOMDEL","HETDEL",FALSE,"CNA_event_000011","PASGDZ",0.167919799498747,"high_resolution_le_50pct",2,TRUE,"2;3","2;3","ENSE00003515141;ENSE00003638064"
"HOMDEL_cluster_0004","HOMDEL","HETDEL",FALSE,"CNA_event_000012","PASGUH",0.167919799498747,"high_resolution_le_50pct",2,TRUE,"2;3","2;3","ENSE00003515141;ENSE00003638064"
"HOMDEL_cluster_0004","HOMDEL","HOMDEL",TRUE,"CNA_event_000152","PASILW",0.167919799498747,"high_resolution_le_50pct",2,TRUE,"2;3","2;3","ENSE00003515141;ENSE00003638064"
"HOMDEL_cluster_0004","HOMDEL","HETDEL",FALSE,"CNA_event_000015","PASINX",0.345864661654135,"high_resolution_le_50pct",2,TRUE,"2;3","2;3","ENSE00003515141;ENSE00003638064"
"HOMDEL_cluster_0004","HOMDEL","HETDEL",FALSE,"CNA_event_000016","PASIPN",0.111946532999165,"high_resolution_le_50pct",1,FALSE,"3","3","ENSE00003515141"
"HOMDEL_cluster_0004","HOMDEL","HETDEL",FALSE,"CNA_event_000017","PASIPN",0.0559732664995823,"high_resolution_le_50pct",1,FALSE,"2","2","ENSE00003638064"
"HOMDEL_cluster_0004","HOMDEL","HETDEL",FALSE,"CNA_event_000018","PASJGV",0.167919799498747,"high_resolution_le_50pct",2,TRUE,"2;3","2;3","ENSE00003515141;ENSE00003638064"
"HOMDEL_cluster_0004","HOMDEL","HETDEL",FALSE,"CNA_event_000019","PASKAD",0.654135338345865,"moderate_resolution_50_75pct",1,FALSE,"7","7","ENSE00003478404"
"HOMDEL_cluster_0004","HOMDEL","HOMDEL",TRUE,"CNA_event_000153","PASKAD",0.167919799498747,"high_resolution_le_50pct",2,TRUE,"2;3","2;3","ENSE00003515141;ENSE00003638064"
"HOMDEL_cluster_0004","HOMDEL","HOMDEL",TRUE,"CNA_event_000154","PASKLU",0.167919799498747,"high_resolution_le_50pct",2,TRUE,"2;3","2;3","ENSE00003515141;ENSE00003638064"
"HOMDEL_cluster_0004","HOMDEL","HETDEL",FALSE,"CNA_event_000021","PASKWG",0.654135338345865,"moderate_resolution_50_75pct",1,FALSE,"7","7","ENSE00003478404"
"HOMDEL_cluster_0004","HOMDEL","HOMDEL",TRUE,"CNA_event_000155","PASKWG",0.167919799498747,"high_resolution_le_50pct",2,TRUE,"2;3","2;3","ENSE00003515141;ENSE00003638064"
"HOMDEL_cluster_0004","HOMDEL","HETDEL",FALSE,"CNA_event_000022","PASKXA",0.167919799498747,"high_resolution_le_50pct",2,TRUE,"2;3","2;3","ENSE00003515141;ENSE00003638064"
"HOMDEL_cluster_0004","HOMDEL","HETDEL",FALSE,"CNA_event_000023","PASLXY",0.345864661654135,"high_resolution_le_50pct",2,TRUE,"2;3","2;3","ENSE00003515141;ENSE00003638064"
"HOMDEL_cluster_0004","HOMDEL","HETDEL",FALSE,"CNA_event_000024","PASPDS",0.355054302422723,"high_resolution_le_50pct",2,TRUE,"2;3","2;3","ENSE00003515141;ENSE00003638064"
"HOMDEL_cluster_0004","HOMDEL","HETDEL",FALSE,"CNA_event_000025","PASPLG",0.425229741019215,"high_resolution_le_50pct",2,TRUE,"2;3","2;3","ENSE00003515141;ENSE00003638064"
"HOMDEL_cluster_0004","HOMDEL","HETDEL",FALSE,"CNA_event_000026","PASPNW",0.822055137844611,"low_resolution_75_90pct",3,TRUE,"2;3;7","2;3;7","ENSE00003478404;ENSE00003515141;ENSE00003638064"
"HOMDEL_cluster_0004","HOMDEL","HETDEL",FALSE,"CNA_event_000027","PASRAF",0.167919799498747,"high_resolution_le_50pct",2,TRUE,"2;3","2;3","ENSE00003515141;ENSE00003638064"
"HOMDEL_cluster_0004","HOMDEL","HETDEL",FALSE,"CNA_event_000028","PASRMM",0.345864661654135,"high_resolution_le_50pct",2,TRUE,"2;3","2;3","ENSE00003515141;ENSE00003638064"
"HOMDEL_cluster_0004","HOMDEL","HOMDEL",TRUE,"CNA_event_000156","PASRPV",0.345864661654135,"high_resolution_le_50pct",2,TRUE,"2;3","2;3","ENSE00003515141;ENSE00003638064"
"HOMDEL_cluster_0004","HOMDEL","HETDEL",FALSE,"CNA_event_000030","PASRSE",0.167919799498747,"high_resolution_le_50pct",2,TRUE,"2;3","2;3","ENSE00003515141;ENSE00003638064"
"HOMDEL_cluster_0004","HOMDEL","HETDEL",FALSE,"CNA_event_000031","PASRUK",0.167919799498747,"high_resolution_le_50pct",2,TRUE,"2;3","2;3","ENSE00003515141;ENSE00003638064"
"HOMDEL_cluster_0004","HOMDEL","HETDEL",FALSE,"CNA_event_000032","PASTCH",0.456975772765246,"high_resolution_le_50pct",2,TRUE,"2;3","2;3","ENSE00003515141;ENSE00003638064"
"HOMDEL_cluster_0004","HOMDEL","HETDEL",FALSE,"CNA_event_000033","PASTHE",0.425229741019215,"high_resolution_le_50pct",2,TRUE,"2;3","2;3","ENSE00003515141;ENSE00003638064"
"HOMDEL_cluster_0004","HOMDEL","HETDEL",FALSE,"CNA_event_000034","PASUSV",0.822055137844611,"low_resolution_75_90pct",3,TRUE,"2;3;7","2;3;7","ENSE00003478404;ENSE00003515141;ENSE00003638064"
"HOMDEL_cluster_0004","HOMDEL","HETDEL",FALSE,"CNA_event_000035","PASVWH",0.167919799498747,"high_resolution_le_50pct",2,TRUE,"2;3","2;3","ENSE00003515141;ENSE00003638064"
"HOMDEL_cluster_0004","HOMDEL","HETDEL",FALSE,"CNA_event_000036","PASVZJ",0.167919799498747,"high_resolution_le_50pct",2,TRUE,"2;3","2;3","ENSE00003515141;ENSE00003638064"
"HOMDEL_cluster_0004","HOMDEL","HETDEL",FALSE,"CNA_event_000037","PASWXB",0.167919799498747,"high_resolution_le_50pct",2,TRUE,"2;3","2;3","ENSE00003515141;ENSE00003638064"
"HOMDEL_cluster_0004","HOMDEL","HETDEL",FALSE,"CNA_event_000038","PASWYU",0.586466165413534,"moderate_resolution_50_75pct",1,FALSE,"7","7","ENSE00003478404"
"HOMDEL_cluster_0004","HOMDEL","HOMDEL",TRUE,"CNA_event_000157","PASWYU",0.167919799498747,"high_resolution_le_50pct",2,TRUE,"2;3","2;3","ENSE00003515141;ENSE00003638064"
"HOMDEL_cluster_0004","HOMDEL","HETDEL",FALSE,"CNA_event_000039","PASYNX",0.360066833751044,"high_resolution_le_50pct",1,FALSE,"7","7","ENSE00003478404"
"HOMDEL_cluster_0004","HOMDEL","HETDEL",FALSE,"CNA_event_000040","PASYSJ",0.167919799498747,"high_resolution_le_50pct",2,TRUE,"2;3","2;3","ENSE00003515141;ENSE00003638064"
"HOMDEL_cluster_0004","HOMDEL","HETDEL",FALSE,"CNA_event_000041","PASYVU",0.167919799498747,"high_resolution_le_50pct",2,TRUE,"2;3","2;3","ENSE00003515141;ENSE00003638064"
"HOMDEL_cluster_0004","HOMDEL","HETDEL",FALSE,"CNA_event_000042","PASYWF",0.654135338345865,"moderate_resolution_50_75pct",1,FALSE,"7","7","ENSE00003478404"
"HOMDEL_cluster_0004","HOMDEL","HOMDEL",TRUE,"CNA_event_000158","PASYWF",0.167919799498747,"high_resolution_le_50pct",2,TRUE,"2;3","2;3","ENSE00003515141;ENSE00003638064"
"HOMDEL_cluster_0004","HOMDEL","HETDEL",FALSE,"CNA_event_000043","PASZAY",0.167919799498747,"high_resolution_le_50pct",2,TRUE,"2;3","2;3","ENSE00003515141;ENSE00003638064"
"HOMDEL_cluster_0004","HOMDEL","HETDEL",FALSE,"CNA_event_000044","PATALF",0.425229741019215,"high_resolution_le_50pct",2,TRUE,"2;3","2;3","ENSE00003515141;ENSE00003638064"
"HOMDEL_cluster_0004","HOMDEL","HETDEL",FALSE,"CNA_event_000045","PATBTX",0.167919799498747,"high_resolution_le_50pct",2,TRUE,"2;3","2;3","ENSE00003515141;ENSE00003638064"
"HOMDEL_cluster_0004","HOMDEL","HOMDEL",TRUE,"CNA_event_000159","PATCTR",0.345864661654135,"high_resolution_le_50pct",2,TRUE,"2;3","2;3","ENSE00003515141;ENSE00003638064"
"HOMDEL_cluster_0004","HOMDEL","HETDEL",FALSE,"CNA_event_000047","PATDTN",0.167919799498747,"high_resolution_le_50pct",2,TRUE,"2;3","2;3","ENSE00003515141;ENSE00003638064"
"HOMDEL_cluster_0004","HOMDEL","HETDEL",FALSE,"CNA_event_000048","PATFPU",0.167919799498747,"high_resolution_le_50pct",2,TRUE,"2;3","2;3","ENSE00003515141;ENSE00003638064"
"HOMDEL_cluster_0004","HOMDEL","HOMDEL",TRUE,"CNA_event_000160","PATGBY",0.167919799498747,"high_resolution_le_50pct",2,TRUE,"2;3","2;3","ENSE00003515141;ENSE00003638064"
"HOMDEL_cluster_0004","HOMDEL","HETDEL",FALSE,"CNA_event_000050","PATHFE",0.822055137844611,"low_resolution_75_90pct",3,TRUE,"2;3;7","2;3;7","ENSE00003478404;ENSE00003515141;ENSE00003638064"
"HOMDEL_cluster_0004","HOMDEL","HETDEL",FALSE,"CNA_event_000052","PATJLY",0.355054302422723,"high_resolution_le_50pct",2,TRUE,"2;3","2;3","ENSE00003515141;ENSE00003638064"
"HOMDEL_cluster_0004","HOMDEL","HOMDEL",TRUE,"CNA_event_000161","PATJRX",0.167919799498747,"high_resolution_le_50pct",2,TRUE,"2;3","2;3","ENSE00003515141;ENSE00003638064"
"HOMDEL_cluster_0004","HOMDEL","HOMDEL",TRUE,"CNA_event_000162","PATKVD",0.167919799498747,"high_resolution_le_50pct",2,TRUE,"2;3","2;3","ENSE00003515141;ENSE00003638064"
"HOMDEL_cluster_0004","HOMDEL","HETDEL",FALSE,"CNA_event_000054","PATKZH",0.345864661654135,"high_resolution_le_50pct",2,TRUE,"2;3","2;3","ENSE00003515141;ENSE00003638064"
"HOMDEL_cluster_0004","HOMDEL","HETDEL",FALSE,"CNA_event_000055","PATLLH",0.425229741019215,"high_resolution_le_50pct",2,TRUE,"2;3","2;3","ENSE00003515141;ENSE00003638064"
"HOMDEL_cluster_0004","HOMDEL","HETDEL",FALSE,"CNA_event_000056","PATNAM",0.233918128654971,"high_resolution_le_50pct",1,FALSE,"2","2","ENSE00003638064"
"HOMDEL_cluster_0004","HOMDEL","HETDEL",FALSE,"CNA_event_000057","PATPDA",0.664160401002506,"moderate_resolution_50_75pct",3,TRUE,"2;3;7","2;3;7","ENSE00003478404;ENSE00003515141;ENSE00003638064"
"HOMDEL_cluster_0004","HOMDEL","HETDEL",FALSE,"CNA_event_000058","PATRAB",0.167919799498747,"high_resolution_le_50pct",2,TRUE,"2;3","2;3","ENSE00003515141;ENSE00003638064"
"HOMDEL_cluster_0004","HOMDEL","HETDEL",FALSE,"CNA_event_000059","PATRKV",0.223057644110276,"high_resolution_le_50pct",1,FALSE,"3","3","ENSE00003515141"
"HOMDEL_cluster_0004","HOMDEL","HETDEL",FALSE,"CNA_event_000060","PATSPG",0.345864661654135,"high_resolution_le_50pct",2,TRUE,"2;3","2;3","ENSE00003515141;ENSE00003638064"
"HOMDEL_cluster_0004","HOMDEL","HETDEL",FALSE,"CNA_event_000061","PATWJU",0.167919799498747,"high_resolution_le_50pct",2,TRUE,"2;3","2;3","ENSE00003515141;ENSE00003638064"
"HOMDEL_cluster_0004","HOMDEL","HOMDEL",TRUE,"CNA_event_000163","PATYWV",0.167919799498747,"high_resolution_le_50pct",2,TRUE,"2;3","2;3","ENSE00003515141;ENSE00003638064"
"HOMDEL_cluster_0004","HOMDEL","HETDEL",FALSE,"CNA_event_000063","PATZST",0.167919799498747,"high_resolution_le_50pct",2,TRUE,"2;3","2;3","ENSE00003515141;ENSE00003638064"
"HOMDEL_cluster_0004","HOMDEL","HETDEL",FALSE,"CNA_event_000064","PATZYR",0.167919799498747,"high_resolution_le_50pct",2,TRUE,"2;3","2;3","ENSE00003515141;ENSE00003638064"
"HOMDEL_cluster_0004","HOMDEL","HETDEL",FALSE,"CNA_event_000065","PAUAKN",0.167919799498747,"high_resolution_le_50pct",2,TRUE,"2;3","2;3","ENSE00003515141;ENSE00003638064"
"HOMDEL_cluster_0004","HOMDEL","HETDEL",FALSE,"CNA_event_000066","PAUAZV",0.167919799498747,"high_resolution_le_50pct",2,TRUE,"2;3","2;3","ENSE00003515141;ENSE00003638064"
"HOMDEL_cluster_0004","HOMDEL","HETDEL",FALSE,"CNA_event_000067","PAUBCT",0.167919799498747,"high_resolution_le_50pct",2,TRUE,"2;3","2;3","ENSE00003515141;ENSE00003638064"
"HOMDEL_cluster_0004","HOMDEL","HOMDEL",TRUE,"CNA_event_000164","PAUBTC",0.167919799498747,"high_resolution_le_50pct",2,TRUE,"2;3","2;3","ENSE00003515141;ENSE00003638064"
"HOMDEL_cluster_0004","HOMDEL","HETDEL",FALSE,"CNA_event_000070","PAUCDC",0.822055137844611,"low_resolution_75_90pct",3,TRUE,"2;3;7","2;3;7","ENSE00003478404;ENSE00003515141;ENSE00003638064"
"HOMDEL_cluster_0004","HOMDEL","HETDEL",FALSE,"CNA_event_000071","PAUEDT",0.167919799498747,"high_resolution_le_50pct",2,TRUE,"2;3","2;3","ENSE00003515141;ENSE00003638064"
"HOMDEL_cluster_0004","HOMDEL","HOMDEL",TRUE,"CNA_event_000165","PAUEUC",0.167919799498747,"high_resolution_le_50pct",2,TRUE,"2;3","2;3","ENSE00003515141;ENSE00003638064"
"HOMDEL_cluster_0004","HOMDEL","HETDEL",FALSE,"CNA_event_000074","PAUEVJ",0.167919799498747,"high_resolution_le_50pct",2,TRUE,"2;3","2;3","ENSE00003515141;ENSE00003638064"
"HOMDEL_cluster_0004","HOMDEL","HETDEL",FALSE,"CNA_event_000075","PAUEXN",0.206349206349206,"high_resolution_le_50pct",2,TRUE,"2;3","2;3","ENSE00003515141;ENSE00003638064"
"HOMDEL_cluster_0004","HOMDEL","HETDEL",FALSE,"CNA_event_000077","PAUGDT",0.167919799498747,"high_resolution_le_50pct",2,TRUE,"2;3","2;3","ENSE00003515141;ENSE00003638064"
"HOMDEL_cluster_0004","HOMDEL","HETDEL",FALSE,"CNA_event_000078","PAUGLY",0.345864661654135,"high_resolution_le_50pct",2,TRUE,"2;3","2;3","ENSE00003515141;ENSE00003638064"
"HOMDEL_cluster_0004","HOMDEL","HETDEL",FALSE,"CNA_event_000079","PAUIEM",0.654135338345865,"moderate_resolution_50_75pct",1,FALSE,"7","7","ENSE00003478404"
"HOMDEL_cluster_0004","HOMDEL","HOMDEL",TRUE,"CNA_event_000166","PAUIEM",0.167919799498747,"high_resolution_le_50pct",2,TRUE,"2;3","2;3","ENSE00003515141;ENSE00003638064"
"HOMDEL_cluster_0004","HOMDEL","HETDEL",FALSE,"CNA_event_000080","PAUIFA",0.167919799498747,"high_resolution_le_50pct",2,TRUE,"2;3","2;3","ENSE00003515141;ENSE00003638064"
"HOMDEL_cluster_0004","HOMDEL","HETDEL",FALSE,"CNA_event_000081","PAUJVL",0.345864661654135,"high_resolution_le_50pct",2,TRUE,"2;3","2;3","ENSE00003515141;ENSE00003638064"
"HOMDEL_cluster_0004","HOMDEL","HETDEL",FALSE,"CNA_event_000083","PAUKZJ",0.608187134502924,"moderate_resolution_50_75pct",2,TRUE,"3;7","3;7","ENSE00003478404;ENSE00003515141"
"HOMDEL_cluster_0004","HOMDEL","HETDEL",FALSE,"CNA_event_000084","PAULCK",0.167919799498747,"high_resolution_le_50pct",2,TRUE,"2;3","2;3","ENSE00003515141;ENSE00003638064"
"HOMDEL_cluster_0004","HOMDEL","HETDEL",FALSE,"CNA_event_000085","PAULGX",0.238930659983292,"high_resolution_le_50pct",1,FALSE,"7","7","ENSE00003478404"
"HOMDEL_cluster_0004","HOMDEL","HOMDEL",TRUE,"CNA_event_000167","PAULGX",0.603174603174603,"moderate_resolution_50_75pct",2,TRUE,"2;3","2;3","ENSE00003515141;ENSE00003638064"
"HOMDEL_cluster_0004","HOMDEL","HOMDEL",TRUE,"CNA_event_000168","PAUMIB",0.345864661654135,"high_resolution_le_50pct",2,TRUE,"2;3","2;3","ENSE00003515141;ENSE00003638064"
"HOMDEL_cluster_0004","HOMDEL","HETDEL",FALSE,"CNA_event_000087","PAUMLX",0.345864661654135,"high_resolution_le_50pct",2,TRUE,"2;3","2;3","ENSE00003515141;ENSE00003638064"
"HOMDEL_cluster_0004","HOMDEL","HETDEL",FALSE,"CNA_event_000088","PAUMXB",0.345864661654135,"high_resolution_le_50pct",2,TRUE,"2;3","2;3","ENSE00003515141;ENSE00003638064"
"HOMDEL_cluster_0004","HOMDEL","HETDEL",FALSE,"CNA_event_000089","PAUPUW",0.167919799498747,"high_resolution_le_50pct",2,TRUE,"2;3","2;3","ENSE00003515141;ENSE00003638064"
"HOMDEL_cluster_0004","HOMDEL","HETDEL",FALSE,"CNA_event_000090","PAURLU",0.167919799498747,"high_resolution_le_50pct",2,TRUE,"2;3","2;3","ENSE00003515141;ENSE00003638064"
"HOMDEL_cluster_0004","HOMDEL","HETDEL",FALSE,"CNA_event_000091","PAUSIS",0.822055137844611,"low_resolution_75_90pct",3,TRUE,"2;3;7","2;3;7","ENSE00003478404;ENSE00003515141;ENSE00003638064"
"HOMDEL_cluster_0004","HOMDEL","HETDEL",FALSE,"CNA_event_000092","PAUTBB",0.167919799498747,"high_resolution_le_50pct",2,TRUE,"2;3","2;3","ENSE00003515141;ENSE00003638064"
"HOMDEL_cluster_0004","HOMDEL","HETDEL",FALSE,"CNA_event_000093","PAUTUL",0.664160401002506,"moderate_resolution_50_75pct",3,TRUE,"2;3;7","2;3;7","ENSE00003478404;ENSE00003515141;ENSE00003638064"
"HOMDEL_cluster_0004","HOMDEL","HETDEL",FALSE,"CNA_event_000094","PAUUAL",0.167919799498747,"high_resolution_le_50pct",2,TRUE,"2;3","2;3","ENSE00003515141;ENSE00003638064"
"HOMDEL_cluster_0004","HOMDEL","HOMDEL",TRUE,"CNA_event_000169","PAUUBG",0.167919799498747,"high_resolution_le_50pct",2,TRUE,"2;3","2;3","ENSE00003515141;ENSE00003638064"
"HOMDEL_cluster_0004","HOMDEL","HETDEL",FALSE,"CNA_event_000095","PAUUIK",0.167919799498747,"high_resolution_le_50pct",2,TRUE,"2;3","2;3","ENSE00003515141;ENSE00003638064"
"HOMDEL_cluster_0004","HOMDEL","HETDEL",FALSE,"CNA_event_000096","PAUWMZ",0.167919799498747,"high_resolution_le_50pct",2,TRUE,"2;3","2;3","ENSE00003515141;ENSE00003638064"
"HOMDEL_cluster_0004","HOMDEL","HETDEL",FALSE,"CNA_event_000097","PAUWXI",0.822055137844611,"low_resolution_75_90pct",3,TRUE,"2;3;7","2;3;7","ENSE00003478404;ENSE00003515141;ENSE00003638064"
"HOMDEL_cluster_0004","HOMDEL","HETDEL",FALSE,"CNA_event_000098","PAUXCW",0.167919799498747,"high_resolution_le_50pct",2,TRUE,"2;3","2;3","ENSE00003515141;ENSE00003638064"
"HOMDEL_cluster_0004","HOMDEL","HETDEL",FALSE,"CNA_event_000099","PAUXKE",0.167919799498747,"high_resolution_le_50pct",2,TRUE,"2;3","2;3","ENSE00003515141;ENSE00003638064"
"HOMDEL_cluster_0004","HOMDEL","HETDEL",FALSE,"CNA_event_000100","PAUXRM",0.279030910609858,"high_resolution_le_50pct",2,TRUE,"2;3","2;3","ENSE00003515141;ENSE00003638064"
"HOMDEL_cluster_0004","HOMDEL","HETDEL",FALSE,"CNA_event_000101","PAUXYI",0.355054302422723,"high_resolution_le_50pct",2,TRUE,"2;3","2;3","ENSE00003515141;ENSE00003638064"
"HOMDEL_cluster_0004","HOMDEL","HETDEL",FALSE,"CNA_event_000102","PAUYJF",0.425229741019215,"high_resolution_le_50pct",2,TRUE,"2;3","2;3","ENSE00003515141;ENSE00003638064"
"HOMDEL_cluster_0004","HOMDEL","HOMDEL",TRUE,"CNA_event_000170","PAVBFC",0.167919799498747,"high_resolution_le_50pct",2,TRUE,"2;3","2;3","ENSE00003515141;ENSE00003638064"
"HOMDEL_cluster_0004","HOMDEL","HETDEL",FALSE,"CNA_event_000104","PAVCRK",0.167919799498747,"high_resolution_le_50pct",2,TRUE,"2;3","2;3","ENSE00003515141;ENSE00003638064"
"HOMDEL_cluster_0004","HOMDEL","HOMDEL",TRUE,"CNA_event_000171","PAVESF",0.167919799498747,"high_resolution_le_50pct",2,TRUE,"2;3","2;3","ENSE00003515141;ENSE00003638064"
"HOMDEL_cluster_0004","HOMDEL","HETDEL",FALSE,"CNA_event_000105","PAVFAX",0.167919799498747,"high_resolution_le_50pct",2,TRUE,"2;3","2;3","ENSE00003515141;ENSE00003638064"
"HOMDEL_cluster_0004","HOMDEL","HETDEL",FALSE,"CNA_event_000106","PAVHAA",0.167919799498747,"high_resolution_le_50pct",2,TRUE,"2;3","2;3","ENSE00003515141;ENSE00003638064"
"HOMDEL_cluster_0004","HOMDEL","HETDEL",FALSE,"CNA_event_000107","PAVHBL",0.167919799498747,"high_resolution_le_50pct",2,TRUE,"2;3","2;3","ENSE00003515141;ENSE00003638064"
"HOMDEL_cluster_0004","HOMDEL","HETDEL",FALSE,"CNA_event_000108","PAVHGX",0.167919799498747,"high_resolution_le_50pct",2,TRUE,"2;3","2;3","ENSE00003515141;ENSE00003638064"
"HOMDEL_cluster_0004","HOMDEL","HOMDEL",TRUE,"CNA_event_000172","PAVKCV",0.167919799498747,"high_resolution_le_50pct",2,TRUE,"2;3","2;3","ENSE00003515141;ENSE00003638064"
"HOMDEL_cluster_0004","HOMDEL","HETDEL",FALSE,"CNA_event_000112","PAVKPV",0.167919799498747,"high_resolution_le_50pct",2,TRUE,"2;3","2;3","ENSE00003515141;ENSE00003638064"
"HOMDEL_cluster_0004","HOMDEL","HOMDEL",TRUE,"CNA_event_000173","PAVKWV",0.167919799498747,"high_resolution_le_50pct",2,TRUE,"2;3","2;3","ENSE00003515141;ENSE00003638064"
"HOMDEL_cluster_0004","HOMDEL","HETDEL",FALSE,"CNA_event_000114","PAVLLU",0.167919799498747,"high_resolution_le_50pct",2,TRUE,"2;3","2;3","ENSE00003515141;ENSE00003638064"
"HOMDEL_cluster_0004","HOMDEL","HOMDEL",TRUE,"CNA_event_000174","PAVLMY",0.167919799498747,"high_resolution_le_50pct",2,TRUE,"2;3","2;3","ENSE00003515141;ENSE00003638064"
"HOMDEL_cluster_0004","HOMDEL","HETDEL",FALSE,"CNA_event_000115","PAVMKN",0.167919799498747,"high_resolution_le_50pct",2,TRUE,"2;3","2;3","ENSE00003515141;ENSE00003638064"
"HOMDEL_cluster_0004","HOMDEL","HETDEL",FALSE,"CNA_event_000116","PAVMPT",0.279030910609858,"high_resolution_le_50pct",2,TRUE,"2;3","2;3","ENSE00003515141;ENSE00003638064"
"HOMDEL_cluster_0004","HOMDEL","HETDEL",FALSE,"CNA_event_000117","PAVNGZ",0.167919799498747,"high_resolution_le_50pct",2,TRUE,"2;3","2;3","ENSE00003515141;ENSE00003638064"
"HOMDEL_cluster_0004","HOMDEL","HETDEL",FALSE,"CNA_event_000119","PAVNTB",0.167919799498747,"high_resolution_le_50pct",2,TRUE,"2;3","2;3","ENSE00003515141;ENSE00003638064"
"HOMDEL_cluster_0004","HOMDEL","HETDEL",FALSE,"CNA_event_000120","PAVPCB",0.206349206349206,"high_resolution_le_50pct",2,TRUE,"2;3","2;3","ENSE00003515141;ENSE00003638064"
"HOMDEL_cluster_0004","HOMDEL","HETDEL",FALSE,"CNA_event_000121","PAVRXK",0.932330827067669,"very_low_resolution_90_lt_100pct",3,TRUE,"2;3;7","2;3;7","ENSE00003478404;ENSE00003515141;ENSE00003638064"
"HOMDEL_cluster_0004","HOMDEL","HOMDEL",TRUE,"CNA_event_000175","PAVVBE",0.754385964912281,"low_resolution_75_90pct",3,TRUE,"2;3;7","2;3;7","ENSE00003478404;ENSE00003515141;ENSE00003638064"
"HOMDEL_cluster_0004","HOMDEL","HOMDEL",TRUE,"CNA_event_000176","PAVVDS",0.167919799498747,"high_resolution_le_50pct",2,TRUE,"2;3","2;3","ENSE00003515141;ENSE00003638064"
"HOMDEL_cluster_0004","HOMDEL","HETDEL",FALSE,"CNA_event_000124","PAVWDF",0.167919799498747,"high_resolution_le_50pct",2,TRUE,"2;3","2;3","ENSE00003515141;ENSE00003638064"
"HOMDEL_cluster_0004","HOMDEL","HETDEL",FALSE,"CNA_event_000125","PAVWNL",0.345864661654135,"high_resolution_le_50pct",2,TRUE,"2;3","2;3","ENSE00003515141;ENSE00003638064"
"HOMDEL_cluster_0004","HOMDEL","HOMDEL",TRUE,"CNA_event_000177","PAVYAZ",0.167919799498747,"high_resolution_le_50pct",2,TRUE,"2;3","2;3","ENSE00003515141;ENSE00003638064"
"HOMDEL_cluster_0004","HOMDEL","HOMDEL",TRUE,"CNA_event_000178","PAVYGR",0.167919799498747,"high_resolution_le_50pct",2,TRUE,"2;3","2;3","ENSE00003515141;ENSE00003638064"
"HOMDEL_cluster_0004","HOMDEL","HETDEL",FALSE,"CNA_event_000129","PAVYTZ",0.167919799498747,"high_resolution_le_50pct",2,TRUE,"2;3","2;3","ENSE00003515141;ENSE00003638064"
"HOMDEL_cluster_0004","HOMDEL","HETDEL",FALSE,"CNA_event_000130","PAVZCF",0.425229741019215,"high_resolution_le_50pct",2,TRUE,"2;3","2;3","ENSE00003515141;ENSE00003638064"
"HOMDEL_cluster_0004","HOMDEL","HETDEL",FALSE,"CNA_event_000131","PAWAIM",0.167919799498747,"high_resolution_le_50pct",2,TRUE,"2;3","2;3","ENSE00003515141;ENSE00003638064"
"HOMDEL_cluster_0004","HOMDEL","HETDEL",FALSE,"CNA_event_000132","PAWAIN",0.167919799498747,"high_resolution_le_50pct",2,TRUE,"2;3","2;3","ENSE00003515141;ENSE00003638064"
"HOMDEL_cluster_0004","HOMDEL","HETDEL",FALSE,"CNA_event_000133","PAWAKA",0.167919799498747,"high_resolution_le_50pct",2,TRUE,"2;3","2;3","ENSE00003515141;ENSE00003638064"
"HOMDEL_cluster_0004","HOMDEL","HETDEL",FALSE,"CNA_event_000134","PAWDEK",0.167919799498747,"high_resolution_le_50pct",2,TRUE,"2;3","2;3","ENSE00003515141;ENSE00003638064"
"HOMDEL_cluster_0004","HOMDEL","HETDEL",FALSE,"CNA_event_000135","PAWDMI",0.167919799498747,"high_resolution_le_50pct",2,TRUE,"2;3","2;3","ENSE00003515141;ENSE00003638064"
"HOMDEL_cluster_0004","HOMDEL","HETDEL",FALSE,"CNA_event_000136","PAWDWJ",0.822055137844611,"low_resolution_75_90pct",3,TRUE,"2;3;7","2;3;7","ENSE00003478404;ENSE00003515141;ENSE00003638064"
"HOMDEL_cluster_0004","HOMDEL","HETDEL",FALSE,"CNA_event_000137","PAWEEC",0.167919799498747,"high_resolution_le_50pct",2,TRUE,"2;3","2;3","ENSE00003515141;ENSE00003638064"
"HOMDEL_cluster_0004","HOMDEL","HETDEL",FALSE,"CNA_event_000138","PAWEEX",0.111946532999165,"high_resolution_le_50pct",1,FALSE,"3","3","ENSE00003515141"
"HOMDEL_cluster_0004","HOMDEL","HETDEL",FALSE,"CNA_event_000139","PAWESJ",0.345864661654135,"high_resolution_le_50pct",2,TRUE,"2;3","2;3","ENSE00003515141;ENSE00003638064"
"HOMDEL_cluster_0004","HOMDEL","HETDEL",FALSE,"CNA_event_000140","PAWETD",0.822055137844611,"low_resolution_75_90pct",3,TRUE,"2;3;7","2;3;7","ENSE00003478404;ENSE00003515141;ENSE00003638064"
"HOMDEL_cluster_0004","HOMDEL","HETDEL",FALSE,"CNA_event_000141","PAWFNJ",0.345864661654135,"high_resolution_le_50pct",2,TRUE,"2;3","2;3","ENSE00003515141;ENSE00003638064"
"HOMDEL_cluster_0004","HOMDEL","HETDEL",FALSE,"CNA_event_000142","PAWFWF",0.345864661654135,"high_resolution_le_50pct",2,TRUE,"2;3","2;3","ENSE00003515141;ENSE00003638064"
"HOMDEL_cluster_0004","HOMDEL","HETDEL",FALSE,"CNA_event_000143","PAWGCK",0.167919799498747,"high_resolution_le_50pct",2,TRUE,"2;3","2;3","ENSE00003515141;ENSE00003638064"
"HOMDEL_cluster_0004","HOMDEL","HETDEL",FALSE,"CNA_event_000144","PAWGIT",0.167919799498747,"high_resolution_le_50pct",2,TRUE,"2;3","2;3","ENSE00003515141;ENSE00003638064"
"HOMDEL_cluster_0004","HOMDEL","HETDEL",FALSE,"CNA_event_000145","PAWGXM",0.496240601503759,"high_resolution_le_50pct",1,FALSE,"7","7","ENSE00003478404"
"HOMDEL_cluster_0004","HOMDEL","HETDEL",FALSE,"CNA_event_000146","PAWGZM",0.167919799498747,"high_resolution_le_50pct",2,TRUE,"2;3","2;3","ENSE00003515141;ENSE00003638064"
"HOMDEL_cluster_0004","HOMDEL","HETDEL",FALSE,"CNA_event_000147","PAWIWS",0.355054302422723,"high_resolution_le_50pct",2,TRUE,"2;3","2;3","ENSE00003515141;ENSE00003638064"
"HOMDEL_cluster_0004","HOMDEL","HETDEL",FALSE,"CNA_event_000148","PAWJKX",0.167919799498747,"high_resolution_le_50pct",2,TRUE,"2;3","2;3","ENSE00003515141;ENSE00003638064"
"HOMDEL_cluster_0004","HOMDEL","HETDEL",FALSE,"CNA_event_000149","PAWJYN",0.345864661654135,"high_resolution_le_50pct",2,TRUE,"2;3","2;3","ENSE00003515141;ENSE00003638064"
"HOMDEL_cluster_0004","HOMDEL","HOMDEL",TRUE,"CNA_event_000179","PAWKAN",0.167919799498747,"high_resolution_le_50pct",2,TRUE,"2;3","2;3","ENSE00003515141;ENSE00003638064"
"HOMDEL_cluster_0005","HOMDEL","HETDEL",FALSE,"CNA_event_000001","PARFLD",0.167919799498747,"high_resolution_le_50pct",2,TRUE,"2;3","2;3","ENSE00003515141;ENSE00003638064"
"HOMDEL_cluster_0005","HOMDEL","HETDEL",FALSE,"CNA_event_000002","PARJAY",0.167919799498747,"high_resolution_le_50pct",2,TRUE,"2;3","2;3","ENSE00003515141;ENSE00003638064"
"HOMDEL_cluster_0005","HOMDEL","HETDEL",FALSE,"CNA_event_000003","PARJPL",0.167919799498747,"high_resolution_le_50pct",2,TRUE,"2;3","2;3","ENSE00003515141;ENSE00003638064"
"HOMDEL_cluster_0005","HOMDEL","HETDEL",FALSE,"CNA_event_000004","PARNXJ",0.822055137844611,"low_resolution_75_90pct",3,TRUE,"2;3;4","2;3;4","ENSE00003515141;ENSE00003558404;ENSE00003638064"
"HOMDEL_cluster_0005","HOMDEL","HETDEL",FALSE,"CNA_event_000005","PARPET",0.167919799498747,"high_resolution_le_50pct",2,TRUE,"2;3","2;3","ENSE00003515141;ENSE00003638064"
"HOMDEL_cluster_0005","HOMDEL","HOMDEL",TRUE,"CNA_event_000150","PARSLA",0.167919799498747,"high_resolution_le_50pct",2,TRUE,"2;3","2;3","ENSE00003515141;ENSE00003638064"
"HOMDEL_cluster_0005","HOMDEL","HETDEL",FALSE,"CNA_event_000007","PARSNX",0.289891395154553,"high_resolution_le_50pct",3,TRUE,"1;2;3","1;2;3","ENSE00001136349;ENSE00003515141;ENSE00003638064"
"HOMDEL_cluster_0005","HOMDEL","HETDEL",FALSE,"CNA_event_000008","PARWNW",0.654135338345865,"moderate_resolution_50_75pct",1,FALSE,"4","4","ENSE00003558404"
"HOMDEL_cluster_0005","HOMDEL","HOMDEL",TRUE,"CNA_event_000151","PARWNW",0.167919799498747,"high_resolution_le_50pct",2,TRUE,"2;3","2;3","ENSE00003515141;ENSE00003638064"
"HOMDEL_cluster_0005","HOMDEL","HETDEL",FALSE,"CNA_event_000009","PARXDJ",0.167919799498747,"high_resolution_le_50pct",2,TRUE,"2;3","2;3","ENSE00003515141;ENSE00003638064"
"HOMDEL_cluster_0005","HOMDEL","HETDEL",FALSE,"CNA_event_000010","PARXPZ",0.822055137844611,"low_resolution_75_90pct",3,TRUE,"2;3;4","2;3;4","ENSE00003515141;ENSE00003558404;ENSE00003638064"
"HOMDEL_cluster_0005","HOMDEL","HETDEL",FALSE,"CNA_event_000011","PASGDZ",0.167919799498747,"high_resolution_le_50pct",2,TRUE,"2;3","2;3","ENSE00003515141;ENSE00003638064"
"HOMDEL_cluster_0005","HOMDEL","HETDEL",FALSE,"CNA_event_000012","PASGUH",0.167919799498747,"high_resolution_le_50pct",2,TRUE,"2;3","2;3","ENSE00003515141;ENSE00003638064"
"HOMDEL_cluster_0005","HOMDEL","HETDEL",FALSE,"CNA_event_000013","PASILW",0.177944862155388,"high_resolution_le_50pct",1,FALSE,"1","1","ENSE00001136349"
"HOMDEL_cluster_0005","HOMDEL","HOMDEL",TRUE,"CNA_event_000152","PASILW",0.167919799498747,"high_resolution_le_50pct",2,TRUE,"2;3","2;3","ENSE00003515141;ENSE00003638064"
"HOMDEL_cluster_0005","HOMDEL","HETDEL",FALSE,"CNA_event_000015","PASINX",0.345864661654135,"high_resolution_le_50pct",3,TRUE,"1;2;3","1;2;3","ENSE00001136349;ENSE00003515141;ENSE00003638064"
"HOMDEL_cluster_0005","HOMDEL","HETDEL",FALSE,"CNA_event_000016","PASIPN",0.111946532999165,"high_resolution_le_50pct",1,FALSE,"3","3","ENSE00003515141"
"HOMDEL_cluster_0005","HOMDEL","HETDEL",FALSE,"CNA_event_000017","PASIPN",0.0559732664995823,"high_resolution_le_50pct",1,FALSE,"2","2","ENSE00003638064"
"HOMDEL_cluster_0005","HOMDEL","HETDEL",FALSE,"CNA_event_000018","PASJGV",0.167919799498747,"high_resolution_le_50pct",2,TRUE,"2;3","2;3","ENSE00003515141;ENSE00003638064"
"HOMDEL_cluster_0005","HOMDEL","HETDEL",FALSE,"CNA_event_000019","PASKAD",0.654135338345865,"moderate_resolution_50_75pct",1,FALSE,"4","4","ENSE00003558404"
"HOMDEL_cluster_0005","HOMDEL","HOMDEL",TRUE,"CNA_event_000153","PASKAD",0.167919799498747,"high_resolution_le_50pct",2,TRUE,"2;3","2;3","ENSE00003515141;ENSE00003638064"
"HOMDEL_cluster_0005","HOMDEL","HETDEL",FALSE,"CNA_event_000020","PASKLU",0.111111111111111,"high_resolution_le_50pct",1,FALSE,"4","4","ENSE00003558404"
"HOMDEL_cluster_0005","HOMDEL","HOMDEL",TRUE,"CNA_event_000154","PASKLU",0.167919799498747,"high_resolution_le_50pct",2,TRUE,"2;3","2;3","ENSE00003515141;ENSE00003638064"
"HOMDEL_cluster_0005","HOMDEL","HETDEL",FALSE,"CNA_event_000021","PASKWG",0.654135338345865,"moderate_resolution_50_75pct",1,FALSE,"4","4","ENSE00003558404"
"HOMDEL_cluster_0005","HOMDEL","HOMDEL",TRUE,"CNA_event_000155","PASKWG",0.167919799498747,"high_resolution_le_50pct",2,TRUE,"2;3","2;3","ENSE00003515141;ENSE00003638064"
"HOMDEL_cluster_0005","HOMDEL","HETDEL",FALSE,"CNA_event_000022","PASKXA",0.167919799498747,"high_resolution_le_50pct",2,TRUE,"2;3","2;3","ENSE00003515141;ENSE00003638064"
"HOMDEL_cluster_0005","HOMDEL","HETDEL",FALSE,"CNA_event_000023","PASLXY",0.345864661654135,"high_resolution_le_50pct",3,TRUE,"1;2;3","1;2;3","ENSE00001136349;ENSE00003515141;ENSE00003638064"
"HOMDEL_cluster_0005","HOMDEL","HETDEL",FALSE,"CNA_event_000024","PASPDS",0.355054302422723,"high_resolution_le_50pct",3,TRUE,"2;3;4","2;3;4","ENSE00003515141;ENSE00003558404;ENSE00003638064"
"HOMDEL_cluster_0005","HOMDEL","HETDEL",FALSE,"CNA_event_000025","PASPLG",0.425229741019215,"high_resolution_le_50pct",3,TRUE,"2;3;4","2;3;4","ENSE00003515141;ENSE00003558404;ENSE00003638064"
"HOMDEL_cluster_0005","HOMDEL","HETDEL",FALSE,"CNA_event_000026","PASPNW",0.822055137844611,"low_resolution_75_90pct",3,TRUE,"2;3;4","2;3;4","ENSE00003515141;ENSE00003558404;ENSE00003638064"
"HOMDEL_cluster_0005","HOMDEL","HETDEL",FALSE,"CNA_event_000027","PASRAF",0.167919799498747,"high_resolution_le_50pct",2,TRUE,"2;3","2;3","ENSE00003515141;ENSE00003638064"
"HOMDEL_cluster_0005","HOMDEL","HETDEL",FALSE,"CNA_event_000028","PASRMM",0.345864661654135,"high_resolution_le_50pct",3,TRUE,"1;2;3","1;2;3","ENSE00001136349;ENSE00003515141;ENSE00003638064"
"HOMDEL_cluster_0005","HOMDEL","HOMDEL",TRUE,"CNA_event_000156","PASRPV",0.345864661654135,"high_resolution_le_50pct",3,TRUE,"1;2;3","1;2;3","ENSE00001136349;ENSE00003515141;ENSE00003638064"
"HOMDEL_cluster_0005","HOMDEL","HETDEL",FALSE,"CNA_event_000030","PASRSE",0.167919799498747,"high_resolution_le_50pct",2,TRUE,"2;3","2;3","ENSE00003515141;ENSE00003638064"
"HOMDEL_cluster_0005","HOMDEL","HETDEL",FALSE,"CNA_event_000031","PASRUK",0.167919799498747,"high_resolution_le_50pct",2,TRUE,"2;3","2;3","ENSE00003515141;ENSE00003638064"
"HOMDEL_cluster_0005","HOMDEL","HETDEL",FALSE,"CNA_event_000032","PASTCH",0.456975772765246,"high_resolution_le_50pct",4,TRUE,"1;2;3;4","1;2;3;4","ENSE00001136349;ENSE00003515141;ENSE00003558404;ENSE00003638064"
"HOMDEL_cluster_0005","HOMDEL","HETDEL",FALSE,"CNA_event_000033","PASTHE",0.425229741019215,"high_resolution_le_50pct",3,TRUE,"2;3;4","2;3;4","ENSE00003515141;ENSE00003558404;ENSE00003638064"
"HOMDEL_cluster_0005","HOMDEL","HETDEL",FALSE,"CNA_event_000034","PASUSV",0.822055137844611,"low_resolution_75_90pct",3,TRUE,"2;3;4","2;3;4","ENSE00003515141;ENSE00003558404;ENSE00003638064"
"HOMDEL_cluster_0005","HOMDEL","HETDEL",FALSE,"CNA_event_000035","PASVWH",0.167919799498747,"high_resolution_le_50pct",2,TRUE,"2;3","2;3","ENSE00003515141;ENSE00003638064"
"HOMDEL_cluster_0005","HOMDEL","HETDEL",FALSE,"CNA_event_000036","PASVZJ",0.167919799498747,"high_resolution_le_50pct",2,TRUE,"2;3","2;3","ENSE00003515141;ENSE00003638064"
"HOMDEL_cluster_0005","HOMDEL","HETDEL",FALSE,"CNA_event_000037","PASWXB",0.167919799498747,"high_resolution_le_50pct",2,TRUE,"2;3","2;3","ENSE00003515141;ENSE00003638064"
"HOMDEL_cluster_0005","HOMDEL","HETDEL",FALSE,"CNA_event_000038","PASWYU",0.586466165413534,"moderate_resolution_50_75pct",1,FALSE,"4","4","ENSE00003558404"
"HOMDEL_cluster_0005","HOMDEL","HOMDEL",TRUE,"CNA_event_000157","PASWYU",0.167919799498747,"high_resolution_le_50pct",2,TRUE,"2;3","2;3","ENSE00003515141;ENSE00003638064"
"HOMDEL_cluster_0005","HOMDEL","HETDEL",FALSE,"CNA_event_000039","PASYNX",0.360066833751044,"high_resolution_le_50pct",1,FALSE,"4","4","ENSE00003558404"
"HOMDEL_cluster_0005","HOMDEL","HETDEL",FALSE,"CNA_event_000040","PASYSJ",0.167919799498747,"high_resolution_le_50pct",2,TRUE,"2;3","2;3","ENSE00003515141;ENSE00003638064"
"HOMDEL_cluster_0005","HOMDEL","HETDEL",FALSE,"CNA_event_000041","PASYVU",0.167919799498747,"high_resolution_le_50pct",2,TRUE,"2;3","2;3","ENSE00003515141;ENSE00003638064"
"HOMDEL_cluster_0005","HOMDEL","HETDEL",FALSE,"CNA_event_000042","PASYWF",0.654135338345865,"moderate_resolution_50_75pct",1,FALSE,"4","4","ENSE00003558404"
"HOMDEL_cluster_0005","HOMDEL","HOMDEL",TRUE,"CNA_event_000158","PASYWF",0.167919799498747,"high_resolution_le_50pct",2,TRUE,"2;3","2;3","ENSE00003515141;ENSE00003638064"
"HOMDEL_cluster_0005","HOMDEL","HETDEL",FALSE,"CNA_event_000043","PASZAY",0.167919799498747,"high_resolution_le_50pct",2,TRUE,"2;3","2;3","ENSE00003515141;ENSE00003638064"
"HOMDEL_cluster_0005","HOMDEL","HETDEL",FALSE,"CNA_event_000044","PATALF",0.425229741019215,"high_resolution_le_50pct",3,TRUE,"2;3;4","2;3;4","ENSE00003515141;ENSE00003558404;ENSE00003638064"
"HOMDEL_cluster_0005","HOMDEL","HETDEL",FALSE,"CNA_event_000045","PATBTX",0.167919799498747,"high_resolution_le_50pct",2,TRUE,"2;3","2;3","ENSE00003515141;ENSE00003638064"
"HOMDEL_cluster_0005","HOMDEL","HETDEL",FALSE,"CNA_event_000046","PATCTR",0.257309941520468,"high_resolution_le_50pct",1,FALSE,"4","4","ENSE00003558404"
"HOMDEL_cluster_0005","HOMDEL","HOMDEL",TRUE,"CNA_event_000159","PATCTR",0.345864661654135,"high_resolution_le_50pct",3,TRUE,"1;2;3","1;2;3","ENSE00001136349;ENSE00003515141;ENSE00003638064"
"HOMDEL_cluster_0005","HOMDEL","HETDEL",FALSE,"CNA_event_000047","PATDTN",0.167919799498747,"high_resolution_le_50pct",2,TRUE,"2;3","2;3","ENSE00003515141;ENSE00003638064"
"HOMDEL_cluster_0005","HOMDEL","HETDEL",FALSE,"CNA_event_000048","PATFPU",0.167919799498747,"high_resolution_le_50pct",2,TRUE,"2;3","2;3","ENSE00003515141;ENSE00003638064"
"HOMDEL_cluster_0005","HOMDEL","HOMDEL",TRUE,"CNA_event_000160","PATGBY",0.167919799498747,"high_resolution_le_50pct",2,TRUE,"2;3","2;3","ENSE00003515141;ENSE00003638064"
"HOMDEL_cluster_0005","HOMDEL","HETDEL",FALSE,"CNA_event_000050","PATHFE",0.822055137844611,"low_resolution_75_90pct",3,TRUE,"2;3;4","2;3;4","ENSE00003515141;ENSE00003558404;ENSE00003638064"
"HOMDEL_cluster_0005","HOMDEL","HETDEL",FALSE,"CNA_event_000052","PATJLY",0.355054302422723,"high_resolution_le_50pct",3,TRUE,"2;3;4","2;3;4","ENSE00003515141;ENSE00003558404;ENSE00003638064"
"HOMDEL_cluster_0005","HOMDEL","HOMDEL",TRUE,"CNA_event_000161","PATJRX",0.167919799498747,"high_resolution_le_50pct",2,TRUE,"2;3","2;3","ENSE00003515141;ENSE00003638064"
"HOMDEL_cluster_0005","HOMDEL","HOMDEL",TRUE,"CNA_event_000162","PATKVD",0.167919799498747,"high_resolution_le_50pct",2,TRUE,"2;3","2;3","ENSE00003515141;ENSE00003638064"
"HOMDEL_cluster_0005","HOMDEL","HETDEL",FALSE,"CNA_event_000054","PATKZH",0.345864661654135,"high_resolution_le_50pct",3,TRUE,"1;2;3","1;2;3","ENSE00001136349;ENSE00003515141;ENSE00003638064"
"HOMDEL_cluster_0005","HOMDEL","HETDEL",FALSE,"CNA_event_000055","PATLLH",0.425229741019215,"high_resolution_le_50pct",3,TRUE,"2;3;4","2;3;4","ENSE00003515141;ENSE00003558404;ENSE00003638064"
"HOMDEL_cluster_0005","HOMDEL","HETDEL",FALSE,"CNA_event_000056","PATNAM",0.233918128654971,"high_resolution_le_50pct",2,TRUE,"1;2","1;2","ENSE00001136349;ENSE00003638064"
"HOMDEL_cluster_0005","HOMDEL","HETDEL",FALSE,"CNA_event_000057","PATPDA",0.664160401002506,"moderate_resolution_50_75pct",3,TRUE,"2;3;4","2;3;4","ENSE00003515141;ENSE00003558404;ENSE00003638064"
"HOMDEL_cluster_0005","HOMDEL","HETDEL",FALSE,"CNA_event_000058","PATRAB",0.167919799498747,"high_resolution_le_50pct",2,TRUE,"2;3","2;3","ENSE00003515141;ENSE00003638064"
"HOMDEL_cluster_0005","HOMDEL","HETDEL",FALSE,"CNA_event_000059","PATRKV",0.223057644110276,"high_resolution_le_50pct",2,TRUE,"3;4","3;4","ENSE00003515141;ENSE00003558404"
"HOMDEL_cluster_0005","HOMDEL","HETDEL",FALSE,"CNA_event_000060","PATSPG",0.345864661654135,"high_resolution_le_50pct",3,TRUE,"1;2;3","1;2;3","ENSE00001136349;ENSE00003515141;ENSE00003638064"
"HOMDEL_cluster_0005","HOMDEL","HETDEL",FALSE,"CNA_event_000061","PATWJU",0.167919799498747,"high_resolution_le_50pct",2,TRUE,"2;3","2;3","ENSE00003515141;ENSE00003638064"
"HOMDEL_cluster_0005","HOMDEL","HOMDEL",TRUE,"CNA_event_000163","PATYWV",0.167919799498747,"high_resolution_le_50pct",2,TRUE,"2;3","2;3","ENSE00003515141;ENSE00003638064"
"HOMDEL_cluster_0005","HOMDEL","HETDEL",FALSE,"CNA_event_000063","PATZST",0.167919799498747,"high_resolution_le_50pct",2,TRUE,"2;3","2;3","ENSE00003515141;ENSE00003638064"
"HOMDEL_cluster_0005","HOMDEL","HETDEL",FALSE,"CNA_event_000064","PATZYR",0.167919799498747,"high_resolution_le_50pct",2,TRUE,"2;3","2;3","ENSE00003515141;ENSE00003638064"
"HOMDEL_cluster_0005","HOMDEL","HETDEL",FALSE,"CNA_event_000065","PAUAKN",0.167919799498747,"high_resolution_le_50pct",2,TRUE,"2;3","2;3","ENSE00003515141;ENSE00003638064"
"HOMDEL_cluster_0005","HOMDEL","HETDEL",FALSE,"CNA_event_000066","PAUAZV",0.167919799498747,"high_resolution_le_50pct",2,TRUE,"2;3","2;3","ENSE00003515141;ENSE00003638064"
"HOMDEL_cluster_0005","HOMDEL","HETDEL",FALSE,"CNA_event_000067","PAUBCT",0.167919799498747,"high_resolution_le_50pct",2,TRUE,"2;3","2;3","ENSE00003515141;ENSE00003638064"
"HOMDEL_cluster_0005","HOMDEL","HOMDEL",TRUE,"CNA_event_000164","PAUBTC",0.167919799498747,"high_resolution_le_50pct",2,TRUE,"2;3","2;3","ENSE00003515141;ENSE00003638064"
"HOMDEL_cluster_0005","HOMDEL","HETDEL",FALSE,"CNA_event_000070","PAUCDC",0.822055137844611,"low_resolution_75_90pct",3,TRUE,"2;3;4","2;3;4","ENSE00003515141;ENSE00003558404;ENSE00003638064"
"HOMDEL_cluster_0005","HOMDEL","HETDEL",FALSE,"CNA_event_000071","PAUEDT",0.167919799498747,"high_resolution_le_50pct",2,TRUE,"2;3","2;3","ENSE00003515141;ENSE00003638064"
"HOMDEL_cluster_0005","HOMDEL","HETDEL",FALSE,"CNA_event_000072","PAUEUC",0.177944862155388,"high_resolution_le_50pct",1,FALSE,"1","1","ENSE00001136349"
"HOMDEL_cluster_0005","HOMDEL","HOMDEL",TRUE,"CNA_event_000165","PAUEUC",0.167919799498747,"high_resolution_le_50pct",2,TRUE,"2;3","2;3","ENSE00003515141;ENSE00003638064"
"HOMDEL_cluster_0005","HOMDEL","HETDEL",FALSE,"CNA_event_000074","PAUEVJ",0.167919799498747,"high_resolution_le_50pct",2,TRUE,"2;3","2;3","ENSE00003515141;ENSE00003638064"
"HOMDEL_cluster_0005","HOMDEL","HETDEL",FALSE,"CNA_event_000075","PAUEXN",0.206349206349206,"high_resolution_le_50pct",3,TRUE,"1;2;3","1;2;3","ENSE00001136349;ENSE00003515141;ENSE00003638064"
"HOMDEL_cluster_0005","HOMDEL","HETDEL",FALSE,"CNA_event_000077","PAUGDT",0.167919799498747,"high_resolution_le_50pct",2,TRUE,"2;3","2;3","ENSE00003515141;ENSE00003638064"
"HOMDEL_cluster_0005","HOMDEL","HETDEL",FALSE,"CNA_event_000078","PAUGLY",0.345864661654135,"high_resolution_le_50pct",3,TRUE,"1;2;3","1;2;3","ENSE00001136349;ENSE00003515141;ENSE00003638064"
"HOMDEL_cluster_0005","HOMDEL","HETDEL",FALSE,"CNA_event_000079","PAUIEM",0.654135338345865,"moderate_resolution_50_75pct",1,FALSE,"4","4","ENSE00003558404"
"HOMDEL_cluster_0005","HOMDEL","HOMDEL",TRUE,"CNA_event_000166","PAUIEM",0.167919799498747,"high_resolution_le_50pct",2,TRUE,"2;3","2;3","ENSE00003515141;ENSE00003638064"
"HOMDEL_cluster_0005","HOMDEL","HETDEL",FALSE,"CNA_event_000080","PAUIFA",0.167919799498747,"high_resolution_le_50pct",2,TRUE,"2;3","2;3","ENSE00003515141;ENSE00003638064"
"HOMDEL_cluster_0005","HOMDEL","HETDEL",FALSE,"CNA_event_000081","PAUJVL",0.345864661654135,"high_resolution_le_50pct",3,TRUE,"1;2;3","1;2;3","ENSE00001136349;ENSE00003515141;ENSE00003638064"
"HOMDEL_cluster_0005","HOMDEL","HETDEL",FALSE,"CNA_event_000083","PAUKZJ",0.608187134502924,"moderate_resolution_50_75pct",2,TRUE,"3;4","3;4","ENSE00003515141;ENSE00003558404"
"HOMDEL_cluster_0005","HOMDEL","HETDEL",FALSE,"CNA_event_000084","PAULCK",0.167919799498747,"high_resolution_le_50pct",2,TRUE,"2;3","2;3","ENSE00003515141;ENSE00003638064"
"HOMDEL_cluster_0005","HOMDEL","HOMDEL",TRUE,"CNA_event_000167","PAULGX",0.603174603174603,"moderate_resolution_50_75pct",4,TRUE,"1;2;3;4","1;2;3;4","ENSE00001136349;ENSE00003515141;ENSE00003558404;ENSE00003638064"
"HOMDEL_cluster_0005","HOMDEL","HOMDEL",TRUE,"CNA_event_000168","PAUMIB",0.345864661654135,"high_resolution_le_50pct",3,TRUE,"1;2;3","1;2;3","ENSE00001136349;ENSE00003515141;ENSE00003638064"
"HOMDEL_cluster_0005","HOMDEL","HETDEL",FALSE,"CNA_event_000087","PAUMLX",0.345864661654135,"high_resolution_le_50pct",3,TRUE,"1;2;3","1;2;3","ENSE00001136349;ENSE00003515141;ENSE00003638064"
"HOMDEL_cluster_0005","HOMDEL","HETDEL",FALSE,"CNA_event_000088","PAUMXB",0.345864661654135,"high_resolution_le_50pct",3,TRUE,"1;2;3","1;2;3","ENSE00001136349;ENSE00003515141;ENSE00003638064"
"HOMDEL_cluster_0005","HOMDEL","HETDEL",FALSE,"CNA_event_000089","PAUPUW",0.167919799498747,"high_resolution_le_50pct",2,TRUE,"2;3","2;3","ENSE00003515141;ENSE00003638064"
"HOMDEL_cluster_0005","HOMDEL","HETDEL",FALSE,"CNA_event_000090","PAURLU",0.167919799498747,"high_resolution_le_50pct",2,TRUE,"2;3","2;3","ENSE00003515141;ENSE00003638064"
"HOMDEL_cluster_0005","HOMDEL","HETDEL",FALSE,"CNA_event_000091","PAUSIS",0.822055137844611,"low_resolution_75_90pct",3,TRUE,"2;3;4","2;3;4","ENSE00003515141;ENSE00003558404;ENSE00003638064"
"HOMDEL_cluster_0005","HOMDEL","HETDEL",FALSE,"CNA_event_000092","PAUTBB",0.167919799498747,"high_resolution_le_50pct",2,TRUE,"2;3","2;3","ENSE00003515141;ENSE00003638064"
"HOMDEL_cluster_0005","HOMDEL","HETDEL",FALSE,"CNA_event_000093","PAUTUL",0.664160401002506,"moderate_resolution_50_75pct",3,TRUE,"2;3;4","2;3;4","ENSE00003515141;ENSE00003558404;ENSE00003638064"
"HOMDEL_cluster_0005","HOMDEL","HETDEL",FALSE,"CNA_event_000094","PAUUAL",0.167919799498747,"high_resolution_le_50pct",2,TRUE,"2;3","2;3","ENSE00003515141;ENSE00003638064"
"HOMDEL_cluster_0005","HOMDEL","HOMDEL",TRUE,"CNA_event_000169","PAUUBG",0.167919799498747,"high_resolution_le_50pct",2,TRUE,"2;3","2;3","ENSE00003515141;ENSE00003638064"
"HOMDEL_cluster_0005","HOMDEL","HETDEL",FALSE,"CNA_event_000095","PAUUIK",0.167919799498747,"high_resolution_le_50pct",2,TRUE,"2;3","2;3","ENSE00003515141;ENSE00003638064"
"HOMDEL_cluster_0005","HOMDEL","HETDEL",FALSE,"CNA_event_000096","PAUWMZ",0.167919799498747,"high_resolution_le_50pct",2,TRUE,"2;3","2;3","ENSE00003515141;ENSE00003638064"
"HOMDEL_cluster_0005","HOMDEL","HETDEL",FALSE,"CNA_event_000097","PAUWXI",0.822055137844611,"low_resolution_75_90pct",3,TRUE,"2;3;4","2;3;4","ENSE00003515141;ENSE00003558404;ENSE00003638064"
"HOMDEL_cluster_0005","HOMDEL","HETDEL",FALSE,"CNA_event_000098","PAUXCW",0.167919799498747,"high_resolution_le_50pct",2,TRUE,"2;3","2;3","ENSE00003515141;ENSE00003638064"
"HOMDEL_cluster_0005","HOMDEL","HETDEL",FALSE,"CNA_event_000099","PAUXKE",0.167919799498747,"high_resolution_le_50pct",2,TRUE,"2;3","2;3","ENSE00003515141;ENSE00003638064"
"HOMDEL_cluster_0005","HOMDEL","HETDEL",FALSE,"CNA_event_000100","PAUXRM",0.279030910609858,"high_resolution_le_50pct",3,TRUE,"2;3;4","2;3;4","ENSE00003515141;ENSE00003558404;ENSE00003638064"
"HOMDEL_cluster_0005","HOMDEL","HETDEL",FALSE,"CNA_event_000101","PAUXYI",0.355054302422723,"high_resolution_le_50pct",3,TRUE,"2;3;4","2;3;4","ENSE00003515141;ENSE00003558404;ENSE00003638064"
"HOMDEL_cluster_0005","HOMDEL","HETDEL",FALSE,"CNA_event_000102","PAUYJF",0.425229741019215,"high_resolution_le_50pct",3,TRUE,"2;3;4","2;3;4","ENSE00003515141;ENSE00003558404;ENSE00003638064"
"HOMDEL_cluster_0005","HOMDEL","HOMDEL",TRUE,"CNA_event_000170","PAVBFC",0.167919799498747,"high_resolution_le_50pct",2,TRUE,"2;3","2;3","ENSE00003515141;ENSE00003638064"
"HOMDEL_cluster_0005","HOMDEL","HETDEL",FALSE,"CNA_event_000104","PAVCRK",0.167919799498747,"high_resolution_le_50pct",2,TRUE,"2;3","2;3","ENSE00003515141;ENSE00003638064"
"HOMDEL_cluster_0005","HOMDEL","HOMDEL",TRUE,"CNA_event_000171","PAVESF",0.167919799498747,"high_resolution_le_50pct",2,TRUE,"2;3","2;3","ENSE00003515141;ENSE00003638064"
"HOMDEL_cluster_0005","HOMDEL","HETDEL",FALSE,"CNA_event_000105","PAVFAX",0.167919799498747,"high_resolution_le_50pct",2,TRUE,"2;3","2;3","ENSE00003515141;ENSE00003638064"
"HOMDEL_cluster_0005","HOMDEL","HETDEL",FALSE,"CNA_event_000106","PAVHAA",0.167919799498747,"high_resolution_le_50pct",2,TRUE,"2;3","2;3","ENSE00003515141;ENSE00003638064"
"HOMDEL_cluster_0005","HOMDEL","HETDEL",FALSE,"CNA_event_000107","PAVHBL",0.167919799498747,"high_resolution_le_50pct",2,TRUE,"2;3","2;3","ENSE00003515141;ENSE00003638064"
"HOMDEL_cluster_0005","HOMDEL","HETDEL",FALSE,"CNA_event_000108","PAVHGX",0.167919799498747,"high_resolution_le_50pct",2,TRUE,"2;3","2;3","ENSE00003515141;ENSE00003638064"
"HOMDEL_cluster_0005","HOMDEL","HETDEL",FALSE,"CNA_event_000110","PAVKCV",0.177944862155388,"high_resolution_le_50pct",1,FALSE,"1","1","ENSE00001136349"
"HOMDEL_cluster_0005","HOMDEL","HOMDEL",TRUE,"CNA_event_000172","PAVKCV",0.167919799498747,"high_resolution_le_50pct",2,TRUE,"2;3","2;3","ENSE00003515141;ENSE00003638064"
"HOMDEL_cluster_0005","HOMDEL","HETDEL",FALSE,"CNA_event_000112","PAVKPV",0.167919799498747,"high_resolution_le_50pct",2,TRUE,"2;3","2;3","ENSE00003515141;ENSE00003638064"
"HOMDEL_cluster_0005","HOMDEL","HOMDEL",TRUE,"CNA_event_000173","PAVKWV",0.167919799498747,"high_resolution_le_50pct",2,TRUE,"2;3","2;3","ENSE00003515141;ENSE00003638064"
"HOMDEL_cluster_0005","HOMDEL","HETDEL",FALSE,"CNA_event_000114","PAVLLU",0.167919799498747,"high_resolution_le_50pct",2,TRUE,"2;3","2;3","ENSE00003515141;ENSE00003638064"
"HOMDEL_cluster_0005","HOMDEL","HOMDEL",TRUE,"CNA_event_000174","PAVLMY",0.167919799498747,"high_resolution_le_50pct",2,TRUE,"2;3","2;3","ENSE00003515141;ENSE00003638064"
"HOMDEL_cluster_0005","HOMDEL","HETDEL",FALSE,"CNA_event_000115","PAVMKN",0.167919799498747,"high_resolution_le_50pct",2,TRUE,"2;3","2;3","ENSE00003515141;ENSE00003638064"
"HOMDEL_cluster_0005","HOMDEL","HETDEL",FALSE,"CNA_event_000116","PAVMPT",0.279030910609858,"high_resolution_le_50pct",3,TRUE,"2;3;4","2;3;4","ENSE00003515141;ENSE00003558404;ENSE00003638064"
"HOMDEL_cluster_0005","HOMDEL","HETDEL",FALSE,"CNA_event_000117","PAVNGZ",0.167919799498747,"high_resolution_le_50pct",2,TRUE,"2;3","2;3","ENSE00003515141;ENSE00003638064"
"HOMDEL_cluster_0005","HOMDEL","HETDEL",FALSE,"CNA_event_000119","PAVNTB",0.167919799498747,"high_resolution_le_50pct",2,TRUE,"2;3","2;3","ENSE00003515141;ENSE00003638064"
"HOMDEL_cluster_0005","HOMDEL","HETDEL",FALSE,"CNA_event_000120","PAVPCB",0.206349206349206,"high_resolution_le_50pct",3,TRUE,"1;2;3","1;2;3","ENSE00001136349;ENSE00003515141;ENSE00003638064"
"HOMDEL_cluster_0005","HOMDEL","HETDEL",FALSE,"CNA_event_000121","PAVRXK",0.932330827067669,"very_low_resolution_90_lt_100pct",4,TRUE,"1;2;3;4","1;2;3;4","ENSE00001136349;ENSE00003515141;ENSE00003558404;ENSE00003638064"
"HOMDEL_cluster_0005","HOMDEL","HETDEL",FALSE,"CNA_event_000122","PAVVBE",0.177944862155388,"high_resolution_le_50pct",1,FALSE,"1","1","ENSE00001136349"
"HOMDEL_cluster_0005","HOMDEL","HOMDEL",TRUE,"CNA_event_000175","PAVVBE",0.754385964912281,"low_resolution_75_90pct",3,TRUE,"2;3;4","2;3;4","ENSE00003515141;ENSE00003558404;ENSE00003638064"
"HOMDEL_cluster_0005","HOMDEL","HETDEL",FALSE,"CNA_event_000123","PAVVDS",0.257309941520468,"high_resolution_le_50pct",1,FALSE,"4","4","ENSE00003558404"
"HOMDEL_cluster_0005","HOMDEL","HOMDEL",TRUE,"CNA_event_000176","PAVVDS",0.167919799498747,"high_resolution_le_50pct",2,TRUE,"2;3","2;3","ENSE00003515141;ENSE00003638064"
"HOMDEL_cluster_0005","HOMDEL","HETDEL",FALSE,"CNA_event_000124","PAVWDF",0.167919799498747,"high_resolution_le_50pct",2,TRUE,"2;3","2;3","ENSE00003515141;ENSE00003638064"
"HOMDEL_cluster_0005","HOMDEL","HETDEL",FALSE,"CNA_event_000125","PAVWNL",0.345864661654135,"high_resolution_le_50pct",3,TRUE,"1;2;3","1;2;3","ENSE00001136349;ENSE00003515141;ENSE00003638064"
"HOMDEL_cluster_0005","HOMDEL","HETDEL",FALSE,"CNA_event_000126","PAVYAZ",0.177944862155388,"high_resolution_le_50pct",1,FALSE,"1","1","ENSE00001136349"
"HOMDEL_cluster_0005","HOMDEL","HOMDEL",TRUE,"CNA_event_000177","PAVYAZ",0.167919799498747,"high_resolution_le_50pct",2,TRUE,"2;3","2;3","ENSE00003515141;ENSE00003638064"
"HOMDEL_cluster_0005","HOMDEL","HOMDEL",TRUE,"CNA_event_000178","PAVYGR",0.167919799498747,"high_resolution_le_50pct",2,TRUE,"2;3","2;3","ENSE00003515141;ENSE00003638064"
"HOMDEL_cluster_0005","HOMDEL","HETDEL",FALSE,"CNA_event_000129","PAVYTZ",0.167919799498747,"high_resolution_le_50pct",2,TRUE,"2;3","2;3","ENSE00003515141;ENSE00003638064"
"HOMDEL_cluster_0005","HOMDEL","HETDEL",FALSE,"CNA_event_000130","PAVZCF",0.425229741019215,"high_resolution_le_50pct",3,TRUE,"2;3;4","2;3;4","ENSE00003515141;ENSE00003558404;ENSE00003638064"
"HOMDEL_cluster_0005","HOMDEL","HETDEL",FALSE,"CNA_event_000131","PAWAIM",0.167919799498747,"high_resolution_le_50pct",2,TRUE,"2;3","2;3","ENSE00003515141;ENSE00003638064"
"HOMDEL_cluster_0005","HOMDEL","HETDEL",FALSE,"CNA_event_000132","PAWAIN",0.167919799498747,"high_resolution_le_50pct",2,TRUE,"2;3","2;3","ENSE00003515141;ENSE00003638064"
"HOMDEL_cluster_0005","HOMDEL","HETDEL",FALSE,"CNA_event_000133","PAWAKA",0.167919799498747,"high_resolution_le_50pct",2,TRUE,"2;3","2;3","ENSE00003515141;ENSE00003638064"
"HOMDEL_cluster_0005","HOMDEL","HETDEL",FALSE,"CNA_event_000134","PAWDEK",0.167919799498747,"high_resolution_le_50pct",2,TRUE,"2;3","2;3","ENSE00003515141;ENSE00003638064"
"HOMDEL_cluster_0005","HOMDEL","HETDEL",FALSE,"CNA_event_000135","PAWDMI",0.167919799498747,"high_resolution_le_50pct",2,TRUE,"2;3","2;3","ENSE00003515141;ENSE00003638064"
"HOMDEL_cluster_0005","HOMDEL","HETDEL",FALSE,"CNA_event_000136","PAWDWJ",0.822055137844611,"low_resolution_75_90pct",3,TRUE,"2;3;4","2;3;4","ENSE00003515141;ENSE00003558404;ENSE00003638064"
"HOMDEL_cluster_0005","HOMDEL","HETDEL",FALSE,"CNA_event_000137","PAWEEC",0.167919799498747,"high_resolution_le_50pct",2,TRUE,"2;3","2;3","ENSE00003515141;ENSE00003638064"
"HOMDEL_cluster_0005","HOMDEL","HETDEL",FALSE,"CNA_event_000138","PAWEEX",0.111946532999165,"high_resolution_le_50pct",1,FALSE,"3","3","ENSE00003515141"
"HOMDEL_cluster_0005","HOMDEL","HETDEL",FALSE,"CNA_event_000139","PAWESJ",0.345864661654135,"high_resolution_le_50pct",3,TRUE,"1;2;3","1;2;3","ENSE00001136349;ENSE00003515141;ENSE00003638064"
"HOMDEL_cluster_0005","HOMDEL","HETDEL",FALSE,"CNA_event_000140","PAWETD",0.822055137844611,"low_resolution_75_90pct",3,TRUE,"2;3;4","2;3;4","ENSE00003515141;ENSE00003558404;ENSE00003638064"
"HOMDEL_cluster_0005","HOMDEL","HETDEL",FALSE,"CNA_event_000141","PAWFNJ",0.345864661654135,"high_resolution_le_50pct",3,TRUE,"1;2;3","1;2;3","ENSE00001136349;ENSE00003515141;ENSE00003638064"
"HOMDEL_cluster_0005","HOMDEL","HETDEL",FALSE,"CNA_event_000142","PAWFWF",0.345864661654135,"high_resolution_le_50pct",3,TRUE,"1;2;3","1;2;3","ENSE00001136349;ENSE00003515141;ENSE00003638064"
"HOMDEL_cluster_0005","HOMDEL","HETDEL",FALSE,"CNA_event_000143","PAWGCK",0.167919799498747,"high_resolution_le_50pct",2,TRUE,"2;3","2;3","ENSE00003515141;ENSE00003638064"
"HOMDEL_cluster_0005","HOMDEL","HETDEL",FALSE,"CNA_event_000144","PAWGIT",0.167919799498747,"high_resolution_le_50pct",2,TRUE,"2;3","2;3","ENSE00003515141;ENSE00003638064"
"HOMDEL_cluster_0005","HOMDEL","HETDEL",FALSE,"CNA_event_000145","PAWGXM",0.496240601503759,"high_resolution_le_50pct",1,FALSE,"4","4","ENSE00003558404"
"HOMDEL_cluster_0005","HOMDEL","HETDEL",FALSE,"CNA_event_000146","PAWGZM",0.167919799498747,"high_resolution_le_50pct",2,TRUE,"2;3","2;3","ENSE00003515141;ENSE00003638064"
"HOMDEL_cluster_0005","HOMDEL","HETDEL",FALSE,"CNA_event_000147","PAWIWS",0.355054302422723,"high_resolution_le_50pct",3,TRUE,"2;3;4","2;3;4","ENSE00003515141;ENSE00003558404;ENSE00003638064"
"HOMDEL_cluster_0005","HOMDEL","HETDEL",FALSE,"CNA_event_000148","PAWJKX",0.167919799498747,"high_resolution_le_50pct",2,TRUE,"2;3","2;3","ENSE00003515141;ENSE00003638064"
"HOMDEL_cluster_0005","HOMDEL","HETDEL",FALSE,"CNA_event_000149","PAWJYN",0.345864661654135,"high_resolution_le_50pct",3,TRUE,"1;2;3","1;2;3","ENSE00001136349;ENSE00003515141;ENSE00003638064"
"HOMDEL_cluster_0005","HOMDEL","HOMDEL",TRUE,"CNA_event_000179","PAWKAN",0.167919799498747,"high_resolution_le_50pct",2,TRUE,"2;3","2;3","ENSE00003515141;ENSE00003638064"
"HOMDEL_cluster_0006","HOMDEL","HETDEL",FALSE,"CNA_event_000001","PARFLD",0.167919799498747,"high_resolution_le_50pct",2,TRUE,"2;3","2;3","ENSE00003515141;ENSE00003638064"
"HOMDEL_cluster_0006","HOMDEL","HETDEL",FALSE,"CNA_event_000002","PARJAY",0.167919799498747,"high_resolution_le_50pct",2,TRUE,"2;3","2;3","ENSE00003515141;ENSE00003638064"
"HOMDEL_cluster_0006","HOMDEL","HETDEL",FALSE,"CNA_event_000003","PARJPL",0.167919799498747,"high_resolution_le_50pct",2,TRUE,"2;3","2;3","ENSE00003515141;ENSE00003638064"
"HOMDEL_cluster_0006","HOMDEL","HETDEL",FALSE,"CNA_event_000004","PARNXJ",0.822055137844611,"low_resolution_75_90pct",8,TRUE,"2;3;4;5;6;7;8;9","2;3;4;5;6;7;8;9","ENSE00003468993;ENSE00003478404;ENSE00003515141;ENSE00003558404;ENSE00003604670;ENSE00003638064;ENSE00003651348;ENSE00003663409"
"HOMDEL_cluster_0006","HOMDEL","HETDEL",FALSE,"CNA_event_000005","PARPET",0.167919799498747,"high_resolution_le_50pct",2,TRUE,"2;3","2;3","ENSE00003515141;ENSE00003638064"
"HOMDEL_cluster_0006","HOMDEL","HOMDEL",TRUE,"CNA_event_000150","PARSLA",0.167919799498747,"high_resolution_le_50pct",2,TRUE,"2;3","2;3","ENSE00003515141;ENSE00003638064"
"HOMDEL_cluster_0006","HOMDEL","HETDEL",FALSE,"CNA_event_000007","PARSNX",0.289891395154553,"high_resolution_le_50pct",3,TRUE,"1;2;3","1;2;3","ENSE00001136349;ENSE00003515141;ENSE00003638064"
"HOMDEL_cluster_0006","HOMDEL","HETDEL",FALSE,"CNA_event_000008","PARWNW",0.654135338345865,"moderate_resolution_50_75pct",6,TRUE,"4;5;6;7;8;9","4;5;6;7;8;9","ENSE00003468993;ENSE00003478404;ENSE00003558404;ENSE00003604670;ENSE00003651348;ENSE00003663409"
"HOMDEL_cluster_0006","HOMDEL","HOMDEL",TRUE,"CNA_event_000151","PARWNW",0.167919799498747,"high_resolution_le_50pct",2,TRUE,"2;3","2;3","ENSE00003515141;ENSE00003638064"
"HOMDEL_cluster_0006","HOMDEL","HETDEL",FALSE,"CNA_event_000009","PARXDJ",0.167919799498747,"high_resolution_le_50pct",2,TRUE,"2;3","2;3","ENSE00003515141;ENSE00003638064"
"HOMDEL_cluster_0006","HOMDEL","HETDEL",FALSE,"CNA_event_000010","PARXPZ",0.822055137844611,"low_resolution_75_90pct",8,TRUE,"2;3;4;5;6;7;8;9","2;3;4;5;6;7;8;9","ENSE00003468993;ENSE00003478404;ENSE00003515141;ENSE00003558404;ENSE00003604670;ENSE00003638064;ENSE00003651348;ENSE00003663409"
"HOMDEL_cluster_0006","HOMDEL","HETDEL",FALSE,"CNA_event_000011","PASGDZ",0.167919799498747,"high_resolution_le_50pct",2,TRUE,"2;3","2;3","ENSE00003515141;ENSE00003638064"
"HOMDEL_cluster_0006","HOMDEL","HETDEL",FALSE,"CNA_event_000012","PASGUH",0.167919799498747,"high_resolution_le_50pct",2,TRUE,"2;3","2;3","ENSE00003515141;ENSE00003638064"
"HOMDEL_cluster_0006","HOMDEL","HETDEL",FALSE,"CNA_event_000013","PASILW",0.177944862155388,"high_resolution_le_50pct",1,FALSE,"1","1","ENSE00001136349"
"HOMDEL_cluster_0006","HOMDEL","HOMDEL",TRUE,"CNA_event_000152","PASILW",0.167919799498747,"high_resolution_le_50pct",2,TRUE,"2;3","2;3","ENSE00003515141;ENSE00003638064"
"HOMDEL_cluster_0006","HOMDEL","HETDEL",FALSE,"CNA_event_000015","PASINX",0.345864661654135,"high_resolution_le_50pct",3,TRUE,"1;2;3","1;2;3","ENSE00001136349;ENSE00003515141;ENSE00003638064"
"HOMDEL_cluster_0006","HOMDEL","HETDEL",FALSE,"CNA_event_000016","PASIPN",0.111946532999165,"high_resolution_le_50pct",1,FALSE,"3","3","ENSE00003515141"
"HOMDEL_cluster_0006","HOMDEL","HETDEL",FALSE,"CNA_event_000017","PASIPN",0.0559732664995823,"high_resolution_le_50pct",1,FALSE,"2","2","ENSE00003638064"
"HOMDEL_cluster_0006","HOMDEL","HETDEL",FALSE,"CNA_event_000018","PASJGV",0.167919799498747,"high_resolution_le_50pct",2,TRUE,"2;3","2;3","ENSE00003515141;ENSE00003638064"
"HOMDEL_cluster_0006","HOMDEL","HETDEL",FALSE,"CNA_event_000019","PASKAD",0.654135338345865,"moderate_resolution_50_75pct",6,TRUE,"4;5;6;7;8;9","4;5;6;7;8;9","ENSE00003468993;ENSE00003478404;ENSE00003558404;ENSE00003604670;ENSE00003651348;ENSE00003663409"
"HOMDEL_cluster_0006","HOMDEL","HOMDEL",TRUE,"CNA_event_000153","PASKAD",0.167919799498747,"high_resolution_le_50pct",2,TRUE,"2;3","2;3","ENSE00003515141;ENSE00003638064"
"HOMDEL_cluster_0006","HOMDEL","HETDEL",FALSE,"CNA_event_000020","PASKLU",0.111111111111111,"high_resolution_le_50pct",1,FALSE,"4","4","ENSE00003558404"
"HOMDEL_cluster_0006","HOMDEL","HOMDEL",TRUE,"CNA_event_000154","PASKLU",0.167919799498747,"high_resolution_le_50pct",2,TRUE,"2;3","2;3","ENSE00003515141;ENSE00003638064"
"HOMDEL_cluster_0006","HOMDEL","HETDEL",FALSE,"CNA_event_000021","PASKWG",0.654135338345865,"moderate_resolution_50_75pct",6,TRUE,"4;5;6;7;8;9","4;5;6;7;8;9","ENSE00003468993;ENSE00003478404;ENSE00003558404;ENSE00003604670;ENSE00003651348;ENSE00003663409"
"HOMDEL_cluster_0006","HOMDEL","HOMDEL",TRUE,"CNA_event_000155","PASKWG",0.167919799498747,"high_resolution_le_50pct",2,TRUE,"2;3","2;3","ENSE00003515141;ENSE00003638064"
"HOMDEL_cluster_0006","HOMDEL","HETDEL",FALSE,"CNA_event_000022","PASKXA",0.167919799498747,"high_resolution_le_50pct",2,TRUE,"2;3","2;3","ENSE00003515141;ENSE00003638064"
"HOMDEL_cluster_0006","HOMDEL","HETDEL",FALSE,"CNA_event_000023","PASLXY",0.345864661654135,"high_resolution_le_50pct",3,TRUE,"1;2;3","1;2;3","ENSE00001136349;ENSE00003515141;ENSE00003638064"
"HOMDEL_cluster_0006","HOMDEL","HETDEL",FALSE,"CNA_event_000024","PASPDS",0.355054302422723,"high_resolution_le_50pct",4,TRUE,"2;3;4;5","2;3;4;5","ENSE00003515141;ENSE00003558404;ENSE00003638064;ENSE00003663409"
"HOMDEL_cluster_0006","HOMDEL","HETDEL",FALSE,"CNA_event_000025","PASPLG",0.425229741019215,"high_resolution_le_50pct",5,TRUE,"2;3;4;5;6","2;3;4;5;6","ENSE00003468993;ENSE00003515141;ENSE00003558404;ENSE00003638064;ENSE00003663409"
"HOMDEL_cluster_0006","HOMDEL","HETDEL",FALSE,"CNA_event_000026","PASPNW",0.822055137844611,"low_resolution_75_90pct",8,TRUE,"2;3;4;5;6;7;8;9","2;3;4;5;6;7;8;9","ENSE00003468993;ENSE00003478404;ENSE00003515141;ENSE00003558404;ENSE00003604670;ENSE00003638064;ENSE00003651348;ENSE00003663409"
"HOMDEL_cluster_0006","HOMDEL","HETDEL",FALSE,"CNA_event_000027","PASRAF",0.167919799498747,"high_resolution_le_50pct",2,TRUE,"2;3","2;3","ENSE00003515141;ENSE00003638064"
"HOMDEL_cluster_0006","HOMDEL","HETDEL",FALSE,"CNA_event_000028","PASRMM",0.345864661654135,"high_resolution_le_50pct",3,TRUE,"1;2;3","1;2;3","ENSE00001136349;ENSE00003515141;ENSE00003638064"
"HOMDEL_cluster_0006","HOMDEL","HOMDEL",TRUE,"CNA_event_000156","PASRPV",0.345864661654135,"high_resolution_le_50pct",3,TRUE,"1;2;3","1;2;3","ENSE00001136349;ENSE00003515141;ENSE00003638064"
"HOMDEL_cluster_0006","HOMDEL","HETDEL",FALSE,"CNA_event_000030","PASRSE",0.167919799498747,"high_resolution_le_50pct",2,TRUE,"2;3","2;3","ENSE00003515141;ENSE00003638064"
"HOMDEL_cluster_0006","HOMDEL","HETDEL",FALSE,"CNA_event_000031","PASRUK",0.167919799498747,"high_resolution_le_50pct",2,TRUE,"2;3","2;3","ENSE00003515141;ENSE00003638064"
"HOMDEL_cluster_0006","HOMDEL","HETDEL",FALSE,"CNA_event_000032","PASTCH",0.456975772765246,"high_resolution_le_50pct",4,TRUE,"1;2;3;4","1;2;3;4","ENSE00001136349;ENSE00003515141;ENSE00003558404;ENSE00003638064"
"HOMDEL_cluster_0006","HOMDEL","HETDEL",FALSE,"CNA_event_000033","PASTHE",0.425229741019215,"high_resolution_le_50pct",5,TRUE,"2;3;4;5;6","2;3;4;5;6","ENSE00003468993;ENSE00003515141;ENSE00003558404;ENSE00003638064;ENSE00003663409"
"HOMDEL_cluster_0006","HOMDEL","HETDEL",FALSE,"CNA_event_000034","PASUSV",0.822055137844611,"low_resolution_75_90pct",8,TRUE,"2;3;4;5;6;7;8;9","2;3;4;5;6;7;8;9","ENSE00003468993;ENSE00003478404;ENSE00003515141;ENSE00003558404;ENSE00003604670;ENSE00003638064;ENSE00003651348;ENSE00003663409"
"HOMDEL_cluster_0006","HOMDEL","HETDEL",FALSE,"CNA_event_000035","PASVWH",0.167919799498747,"high_resolution_le_50pct",2,TRUE,"2;3","2;3","ENSE00003515141;ENSE00003638064"
"HOMDEL_cluster_0006","HOMDEL","HETDEL",FALSE,"CNA_event_000036","PASVZJ",0.167919799498747,"high_resolution_le_50pct",2,TRUE,"2;3","2;3","ENSE00003515141;ENSE00003638064"
"HOMDEL_cluster_0006","HOMDEL","HETDEL",FALSE,"CNA_event_000037","PASWXB",0.167919799498747,"high_resolution_le_50pct",2,TRUE,"2;3","2;3","ENSE00003515141;ENSE00003638064"
"HOMDEL_cluster_0006","HOMDEL","HETDEL",FALSE,"CNA_event_000038","PASWYU",0.586466165413534,"moderate_resolution_50_75pct",6,TRUE,"4;5;6;7;8;9","4;5;6;7;8;9","ENSE00003468993;ENSE00003478404;ENSE00003558404;ENSE00003604670;ENSE00003651348;ENSE00003663409"
"HOMDEL_cluster_0006","HOMDEL","HOMDEL",TRUE,"CNA_event_000157","PASWYU",0.167919799498747,"high_resolution_le_50pct",2,TRUE,"2;3","2;3","ENSE00003515141;ENSE00003638064"
"HOMDEL_cluster_0006","HOMDEL","HETDEL",FALSE,"CNA_event_000039","PASYNX",0.360066833751044,"high_resolution_le_50pct",4,TRUE,"4;5;6;7","4;5;6;7","ENSE00003468993;ENSE00003478404;ENSE00003558404;ENSE00003663409"
"HOMDEL_cluster_0006","HOMDEL","HETDEL",FALSE,"CNA_event_000040","PASYSJ",0.167919799498747,"high_resolution_le_50pct",2,TRUE,"2;3","2;3","ENSE00003515141;ENSE00003638064"
"HOMDEL_cluster_0006","HOMDEL","HETDEL",FALSE,"CNA_event_000041","PASYVU",0.167919799498747,"high_resolution_le_50pct",2,TRUE,"2;3","2;3","ENSE00003515141;ENSE00003638064"
"HOMDEL_cluster_0006","HOMDEL","HETDEL",FALSE,"CNA_event_000042","PASYWF",0.654135338345865,"moderate_resolution_50_75pct",6,TRUE,"4;5;6;7;8;9","4;5;6;7;8;9","ENSE00003468993;ENSE00003478404;ENSE00003558404;ENSE00003604670;ENSE00003651348;ENSE00003663409"
"HOMDEL_cluster_0006","HOMDEL","HOMDEL",TRUE,"CNA_event_000158","PASYWF",0.167919799498747,"high_resolution_le_50pct",2,TRUE,"2;3","2;3","ENSE00003515141;ENSE00003638064"
"HOMDEL_cluster_0006","HOMDEL","HETDEL",FALSE,"CNA_event_000043","PASZAY",0.167919799498747,"high_resolution_le_50pct",2,TRUE,"2;3","2;3","ENSE00003515141;ENSE00003638064"
"HOMDEL_cluster_0006","HOMDEL","HETDEL",FALSE,"CNA_event_000044","PATALF",0.425229741019215,"high_resolution_le_50pct",5,TRUE,"2;3;4;5;6","2;3;4;5;6","ENSE00003468993;ENSE00003515141;ENSE00003558404;ENSE00003638064;ENSE00003663409"
"HOMDEL_cluster_0006","HOMDEL","HETDEL",FALSE,"CNA_event_000045","PATBTX",0.167919799498747,"high_resolution_le_50pct",2,TRUE,"2;3","2;3","ENSE00003515141;ENSE00003638064"
"HOMDEL_cluster_0006","HOMDEL","HETDEL",FALSE,"CNA_event_000046","PATCTR",0.257309941520468,"high_resolution_le_50pct",3,TRUE,"4;5;6","4;5;6","ENSE00003468993;ENSE00003558404;ENSE00003663409"
"HOMDEL_cluster_0006","HOMDEL","HOMDEL",TRUE,"CNA_event_000159","PATCTR",0.345864661654135,"high_resolution_le_50pct",3,TRUE,"1;2;3","1;2;3","ENSE00001136349;ENSE00003515141;ENSE00003638064"
"HOMDEL_cluster_0006","HOMDEL","HETDEL",FALSE,"CNA_event_000047","PATDTN",0.167919799498747,"high_resolution_le_50pct",2,TRUE,"2;3","2;3","ENSE00003515141;ENSE00003638064"
"HOMDEL_cluster_0006","HOMDEL","HETDEL",FALSE,"CNA_event_000048","PATFPU",0.167919799498747,"high_resolution_le_50pct",2,TRUE,"2;3","2;3","ENSE00003515141;ENSE00003638064"
"HOMDEL_cluster_0006","HOMDEL","HOMDEL",TRUE,"CNA_event_000160","PATGBY",0.167919799498747,"high_resolution_le_50pct",2,TRUE,"2;3","2;3","ENSE00003515141;ENSE00003638064"
"HOMDEL_cluster_0006","HOMDEL","HETDEL",FALSE,"CNA_event_000050","PATHFE",0.822055137844611,"low_resolution_75_90pct",8,TRUE,"2;3;4;5;6;7;8;9","2;3;4;5;6;7;8;9","ENSE00003468993;ENSE00003478404;ENSE00003515141;ENSE00003558404;ENSE00003604670;ENSE00003638064;ENSE00003651348;ENSE00003663409"
"HOMDEL_cluster_0006","HOMDEL","HETDEL",FALSE,"CNA_event_000052","PATJLY",0.355054302422723,"high_resolution_le_50pct",4,TRUE,"2;3;4;5","2;3;4;5","ENSE00003515141;ENSE00003558404;ENSE00003638064;ENSE00003663409"
"HOMDEL_cluster_0006","HOMDEL","HOMDEL",TRUE,"CNA_event_000161","PATJRX",0.167919799498747,"high_resolution_le_50pct",2,TRUE,"2;3","2;3","ENSE00003515141;ENSE00003638064"
"HOMDEL_cluster_0006","HOMDEL","HOMDEL",TRUE,"CNA_event_000162","PATKVD",0.167919799498747,"high_resolution_le_50pct",2,TRUE,"2;3","2;3","ENSE00003515141;ENSE00003638064"
"HOMDEL_cluster_0006","HOMDEL","HETDEL",FALSE,"CNA_event_000054","PATKZH",0.345864661654135,"high_resolution_le_50pct",3,TRUE,"1;2;3","1;2;3","ENSE00001136349;ENSE00003515141;ENSE00003638064"
"HOMDEL_cluster_0006","HOMDEL","HETDEL",FALSE,"CNA_event_000055","PATLLH",0.425229741019215,"high_resolution_le_50pct",5,TRUE,"2;3;4;5;6","2;3;4;5;6","ENSE00003468993;ENSE00003515141;ENSE00003558404;ENSE00003638064;ENSE00003663409"
"HOMDEL_cluster_0006","HOMDEL","HETDEL",FALSE,"CNA_event_000056","PATNAM",0.233918128654971,"high_resolution_le_50pct",2,TRUE,"1;2","1;2","ENSE00001136349;ENSE00003638064"
"HOMDEL_cluster_0006","HOMDEL","HETDEL",FALSE,"CNA_event_000057","PATPDA",0.664160401002506,"moderate_resolution_50_75pct",7,TRUE,"2;3;4;5;6;7;8","2;3;4;5;6;7;8","ENSE00003468993;ENSE00003478404;ENSE00003515141;ENSE00003558404;ENSE00003604670;ENSE00003638064;ENSE00003663409"
"HOMDEL_cluster_0006","HOMDEL","HETDEL",FALSE,"CNA_event_000058","PATRAB",0.167919799498747,"high_resolution_le_50pct",2,TRUE,"2;3","2;3","ENSE00003515141;ENSE00003638064"
"HOMDEL_cluster_0006","HOMDEL","HETDEL",FALSE,"CNA_event_000059","PATRKV",0.223057644110276,"high_resolution_le_50pct",2,TRUE,"3;4","3;4","ENSE00003515141;ENSE00003558404"
"HOMDEL_cluster_0006","HOMDEL","HETDEL",FALSE,"CNA_event_000060","PATSPG",0.345864661654135,"high_resolution_le_50pct",3,TRUE,"1;2;3","1;2;3","ENSE00001136349;ENSE00003515141;ENSE00003638064"
"HOMDEL_cluster_0006","HOMDEL","HETDEL",FALSE,"CNA_event_000061","PATWJU",0.167919799498747,"high_resolution_le_50pct",2,TRUE,"2;3","2;3","ENSE00003515141;ENSE00003638064"
"HOMDEL_cluster_0006","HOMDEL","HOMDEL",TRUE,"CNA_event_000163","PATYWV",0.167919799498747,"high_resolution_le_50pct",2,TRUE,"2;3","2;3","ENSE00003515141;ENSE00003638064"
"HOMDEL_cluster_0006","HOMDEL","HETDEL",FALSE,"CNA_event_000063","PATZST",0.167919799498747,"high_resolution_le_50pct",2,TRUE,"2;3","2;3","ENSE00003515141;ENSE00003638064"
"HOMDEL_cluster_0006","HOMDEL","HETDEL",FALSE,"CNA_event_000064","PATZYR",0.167919799498747,"high_resolution_le_50pct",2,TRUE,"2;3","2;3","ENSE00003515141;ENSE00003638064"
"HOMDEL_cluster_0006","HOMDEL","HETDEL",FALSE,"CNA_event_000065","PAUAKN",0.167919799498747,"high_resolution_le_50pct",2,TRUE,"2;3","2;3","ENSE00003515141;ENSE00003638064"
"HOMDEL_cluster_0006","HOMDEL","HETDEL",FALSE,"CNA_event_000066","PAUAZV",0.167919799498747,"high_resolution_le_50pct",2,TRUE,"2;3","2;3","ENSE00003515141;ENSE00003638064"
"HOMDEL_cluster_0006","HOMDEL","HETDEL",FALSE,"CNA_event_000067","PAUBCT",0.167919799498747,"high_resolution_le_50pct",2,TRUE,"2;3","2;3","ENSE00003515141;ENSE00003638064"
"HOMDEL_cluster_0006","HOMDEL","HOMDEL",TRUE,"CNA_event_000164","PAUBTC",0.167919799498747,"high_resolution_le_50pct",2,TRUE,"2;3","2;3","ENSE00003515141;ENSE00003638064"
"HOMDEL_cluster_0006","HOMDEL","HETDEL",FALSE,"CNA_event_000070","PAUCDC",0.822055137844611,"low_resolution_75_90pct",8,TRUE,"2;3;4;5;6;7;8;9","2;3;4;5;6;7;8;9","ENSE00003468993;ENSE00003478404;ENSE00003515141;ENSE00003558404;ENSE00003604670;ENSE00003638064;ENSE00003651348;ENSE00003663409"
"HOMDEL_cluster_0006","HOMDEL","HETDEL",FALSE,"CNA_event_000071","PAUEDT",0.167919799498747,"high_resolution_le_50pct",2,TRUE,"2;3","2;3","ENSE00003515141;ENSE00003638064"
"HOMDEL_cluster_0006","HOMDEL","HETDEL",FALSE,"CNA_event_000072","PAUEUC",0.177944862155388,"high_resolution_le_50pct",1,FALSE,"1","1","ENSE00001136349"
"HOMDEL_cluster_0006","HOMDEL","HOMDEL",TRUE,"CNA_event_000165","PAUEUC",0.167919799498747,"high_resolution_le_50pct",2,TRUE,"2;3","2;3","ENSE00003515141;ENSE00003638064"
"HOMDEL_cluster_0006","HOMDEL","HETDEL",FALSE,"CNA_event_000074","PAUEVJ",0.167919799498747,"high_resolution_le_50pct",2,TRUE,"2;3","2;3","ENSE00003515141;ENSE00003638064"
"HOMDEL_cluster_0006","HOMDEL","HETDEL",FALSE,"CNA_event_000075","PAUEXN",0.206349206349206,"high_resolution_le_50pct",3,TRUE,"1;2;3","1;2;3","ENSE00001136349;ENSE00003515141;ENSE00003638064"
"HOMDEL_cluster_0006","HOMDEL","HETDEL",FALSE,"CNA_event_000077","PAUGDT",0.167919799498747,"high_resolution_le_50pct",2,TRUE,"2;3","2;3","ENSE00003515141;ENSE00003638064"
"HOMDEL_cluster_0006","HOMDEL","HETDEL",FALSE,"CNA_event_000078","PAUGLY",0.345864661654135,"high_resolution_le_50pct",3,TRUE,"1;2;3","1;2;3","ENSE00001136349;ENSE00003515141;ENSE00003638064"
"HOMDEL_cluster_0006","HOMDEL","HETDEL",FALSE,"CNA_event_000079","PAUIEM",0.654135338345865,"moderate_resolution_50_75pct",6,TRUE,"4;5;6;7;8;9","4;5;6;7;8;9","ENSE00003468993;ENSE00003478404;ENSE00003558404;ENSE00003604670;ENSE00003651348;ENSE00003663409"
"HOMDEL_cluster_0006","HOMDEL","HOMDEL",TRUE,"CNA_event_000166","PAUIEM",0.167919799498747,"high_resolution_le_50pct",2,TRUE,"2;3","2;3","ENSE00003515141;ENSE00003638064"
"HOMDEL_cluster_0006","HOMDEL","HETDEL",FALSE,"CNA_event_000080","PAUIFA",0.167919799498747,"high_resolution_le_50pct",2,TRUE,"2;3","2;3","ENSE00003515141;ENSE00003638064"
"HOMDEL_cluster_0006","HOMDEL","HETDEL",FALSE,"CNA_event_000081","PAUJVL",0.345864661654135,"high_resolution_le_50pct",3,TRUE,"1;2;3","1;2;3","ENSE00001136349;ENSE00003515141;ENSE00003638064"
"HOMDEL_cluster_0006","HOMDEL","HETDEL",FALSE,"CNA_event_000083","PAUKZJ",0.608187134502924,"moderate_resolution_50_75pct",6,TRUE,"3;4;5;6;7;8","3;4;5;6;7;8","ENSE00003468993;ENSE00003478404;ENSE00003515141;ENSE00003558404;ENSE00003604670;ENSE00003663409"
"HOMDEL_cluster_0006","HOMDEL","HETDEL",FALSE,"CNA_event_000084","PAULCK",0.167919799498747,"high_resolution_le_50pct",2,TRUE,"2;3","2;3","ENSE00003515141;ENSE00003638064"
"HOMDEL_cluster_0006","HOMDEL","HETDEL",FALSE,"CNA_event_000085","PAULGX",0.238930659983292,"high_resolution_le_50pct",2,TRUE,"7;8","7;8","ENSE00003478404;ENSE00003604670"
"HOMDEL_cluster_0006","HOMDEL","HOMDEL",TRUE,"CNA_event_000167","PAULGX",0.603174603174603,"moderate_resolution_50_75pct",6,TRUE,"1;2;3;4;5;6","1;2;3;4;5;6","ENSE00001136349;ENSE00003468993;ENSE00003515141;ENSE00003558404;ENSE00003638064;ENSE00003663409"
"HOMDEL_cluster_0006","HOMDEL","HOMDEL",TRUE,"CNA_event_000168","PAUMIB",0.345864661654135,"high_resolution_le_50pct",3,TRUE,"1;2;3","1;2;3","ENSE00001136349;ENSE00003515141;ENSE00003638064"
"HOMDEL_cluster_0006","HOMDEL","HETDEL",FALSE,"CNA_event_000087","PAUMLX",0.345864661654135,"high_resolution_le_50pct",3,TRUE,"1;2;3","1;2;3","ENSE00001136349;ENSE00003515141;ENSE00003638064"
"HOMDEL_cluster_0006","HOMDEL","HETDEL",FALSE,"CNA_event_000088","PAUMXB",0.345864661654135,"high_resolution_le_50pct",3,TRUE,"1;2;3","1;2;3","ENSE00001136349;ENSE00003515141;ENSE00003638064"
"HOMDEL_cluster_0006","HOMDEL","HETDEL",FALSE,"CNA_event_000089","PAUPUW",0.167919799498747,"high_resolution_le_50pct",2,TRUE,"2;3","2;3","ENSE00003515141;ENSE00003638064"
"HOMDEL_cluster_0006","HOMDEL","HETDEL",FALSE,"CNA_event_000090","PAURLU",0.167919799498747,"high_resolution_le_50pct",2,TRUE,"2;3","2;3","ENSE00003515141;ENSE00003638064"
"HOMDEL_cluster_0006","HOMDEL","HETDEL",FALSE,"CNA_event_000091","PAUSIS",0.822055137844611,"low_resolution_75_90pct",8,TRUE,"2;3;4;5;6;7;8;9","2;3;4;5;6;7;8;9","ENSE00003468993;ENSE00003478404;ENSE00003515141;ENSE00003558404;ENSE00003604670;ENSE00003638064;ENSE00003651348;ENSE00003663409"
"HOMDEL_cluster_0006","HOMDEL","HETDEL",FALSE,"CNA_event_000092","PAUTBB",0.167919799498747,"high_resolution_le_50pct",2,TRUE,"2;3","2;3","ENSE00003515141;ENSE00003638064"
"HOMDEL_cluster_0006","HOMDEL","HETDEL",FALSE,"CNA_event_000093","PAUTUL",0.664160401002506,"moderate_resolution_50_75pct",7,TRUE,"2;3;4;5;6;7;8","2;3;4;5;6;7;8","ENSE00003468993;ENSE00003478404;ENSE00003515141;ENSE00003558404;ENSE00003604670;ENSE00003638064;ENSE00003663409"
"HOMDEL_cluster_0006","HOMDEL","HETDEL",FALSE,"CNA_event_000094","PAUUAL",0.167919799498747,"high_resolution_le_50pct",2,TRUE,"2;3","2;3","ENSE00003515141;ENSE00003638064"
"HOMDEL_cluster_0006","HOMDEL","HOMDEL",TRUE,"CNA_event_000169","PAUUBG",0.167919799498747,"high_resolution_le_50pct",2,TRUE,"2;3","2;3","ENSE00003515141;ENSE00003638064"
"HOMDEL_cluster_0006","HOMDEL","HETDEL",FALSE,"CNA_event_000095","PAUUIK",0.167919799498747,"high_resolution_le_50pct",2,TRUE,"2;3","2;3","ENSE00003515141;ENSE00003638064"
"HOMDEL_cluster_0006","HOMDEL","HETDEL",FALSE,"CNA_event_000096","PAUWMZ",0.167919799498747,"high_resolution_le_50pct",2,TRUE,"2;3","2;3","ENSE00003515141;ENSE00003638064"
"HOMDEL_cluster_0006","HOMDEL","HETDEL",FALSE,"CNA_event_000097","PAUWXI",0.822055137844611,"low_resolution_75_90pct",8,TRUE,"2;3;4;5;6;7;8;9","2;3;4;5;6;7;8;9","ENSE00003468993;ENSE00003478404;ENSE00003515141;ENSE00003558404;ENSE00003604670;ENSE00003638064;ENSE00003651348;ENSE00003663409"
"HOMDEL_cluster_0006","HOMDEL","HETDEL",FALSE,"CNA_event_000098","PAUXCW",0.167919799498747,"high_resolution_le_50pct",2,TRUE,"2;3","2;3","ENSE00003515141;ENSE00003638064"
"HOMDEL_cluster_0006","HOMDEL","HETDEL",FALSE,"CNA_event_000099","PAUXKE",0.167919799498747,"high_resolution_le_50pct",2,TRUE,"2;3","2;3","ENSE00003515141;ENSE00003638064"
"HOMDEL_cluster_0006","HOMDEL","HETDEL",FALSE,"CNA_event_000100","PAUXRM",0.279030910609858,"high_resolution_le_50pct",3,TRUE,"2;3;4","2;3;4","ENSE00003515141;ENSE00003558404;ENSE00003638064"
"HOMDEL_cluster_0006","HOMDEL","HETDEL",FALSE,"CNA_event_000101","PAUXYI",0.355054302422723,"high_resolution_le_50pct",4,TRUE,"2;3;4;5","2;3;4;5","ENSE00003515141;ENSE00003558404;ENSE00003638064;ENSE00003663409"
"HOMDEL_cluster_0006","HOMDEL","HETDEL",FALSE,"CNA_event_000102","PAUYJF",0.425229741019215,"high_resolution_le_50pct",5,TRUE,"2;3;4;5;6","2;3;4;5;6","ENSE00003468993;ENSE00003515141;ENSE00003558404;ENSE00003638064;ENSE00003663409"
"HOMDEL_cluster_0006","HOMDEL","HOMDEL",TRUE,"CNA_event_000170","PAVBFC",0.167919799498747,"high_resolution_le_50pct",2,TRUE,"2;3","2;3","ENSE00003515141;ENSE00003638064"
"HOMDEL_cluster_0006","HOMDEL","HETDEL",FALSE,"CNA_event_000104","PAVCRK",0.167919799498747,"high_resolution_le_50pct",2,TRUE,"2;3","2;3","ENSE00003515141;ENSE00003638064"
"HOMDEL_cluster_0006","HOMDEL","HOMDEL",TRUE,"CNA_event_000171","PAVESF",0.167919799498747,"high_resolution_le_50pct",2,TRUE,"2;3","2;3","ENSE00003515141;ENSE00003638064"
"HOMDEL_cluster_0006","HOMDEL","HETDEL",FALSE,"CNA_event_000105","PAVFAX",0.167919799498747,"high_resolution_le_50pct",2,TRUE,"2;3","2;3","ENSE00003515141;ENSE00003638064"
"HOMDEL_cluster_0006","HOMDEL","HETDEL",FALSE,"CNA_event_000106","PAVHAA",0.167919799498747,"high_resolution_le_50pct",2,TRUE,"2;3","2;3","ENSE00003515141;ENSE00003638064"
"HOMDEL_cluster_0006","HOMDEL","HETDEL",FALSE,"CNA_event_000107","PAVHBL",0.167919799498747,"high_resolution_le_50pct",2,TRUE,"2;3","2;3","ENSE00003515141;ENSE00003638064"
"HOMDEL_cluster_0006","HOMDEL","HETDEL",FALSE,"CNA_event_000108","PAVHGX",0.167919799498747,"high_resolution_le_50pct",2,TRUE,"2;3","2;3","ENSE00003515141;ENSE00003638064"
"HOMDEL_cluster_0006","HOMDEL","HETDEL",FALSE,"CNA_event_000110","PAVKCV",0.177944862155388,"high_resolution_le_50pct",1,FALSE,"1","1","ENSE00001136349"
"HOMDEL_cluster_0006","HOMDEL","HOMDEL",TRUE,"CNA_event_000172","PAVKCV",0.167919799498747,"high_resolution_le_50pct",2,TRUE,"2;3","2;3","ENSE00003515141;ENSE00003638064"
"HOMDEL_cluster_0006","HOMDEL","HETDEL",FALSE,"CNA_event_000112","PAVKPV",0.167919799498747,"high_resolution_le_50pct",2,TRUE,"2;3","2;3","ENSE00003515141;ENSE00003638064"
"HOMDEL_cluster_0006","HOMDEL","HOMDEL",TRUE,"CNA_event_000173","PAVKWV",0.167919799498747,"high_resolution_le_50pct",2,TRUE,"2;3","2;3","ENSE00003515141;ENSE00003638064"
"HOMDEL_cluster_0006","HOMDEL","HETDEL",FALSE,"CNA_event_000114","PAVLLU",0.167919799498747,"high_resolution_le_50pct",2,TRUE,"2;3","2;3","ENSE00003515141;ENSE00003638064"
"HOMDEL_cluster_0006","HOMDEL","HOMDEL",TRUE,"CNA_event_000174","PAVLMY",0.167919799498747,"high_resolution_le_50pct",2,TRUE,"2;3","2;3","ENSE00003515141;ENSE00003638064"
"HOMDEL_cluster_0006","HOMDEL","HETDEL",FALSE,"CNA_event_000115","PAVMKN",0.167919799498747,"high_resolution_le_50pct",2,TRUE,"2;3","2;3","ENSE00003515141;ENSE00003638064"
"HOMDEL_cluster_0006","HOMDEL","HETDEL",FALSE,"CNA_event_000116","PAVMPT",0.279030910609858,"high_resolution_le_50pct",3,TRUE,"2;3;4","2;3;4","ENSE00003515141;ENSE00003558404;ENSE00003638064"
"HOMDEL_cluster_0006","HOMDEL","HETDEL",FALSE,"CNA_event_000117","PAVNGZ",0.167919799498747,"high_resolution_le_50pct",2,TRUE,"2;3","2;3","ENSE00003515141;ENSE00003638064"
"HOMDEL_cluster_0006","HOMDEL","HETDEL",FALSE,"CNA_event_000119","PAVNTB",0.167919799498747,"high_resolution_le_50pct",2,TRUE,"2;3","2;3","ENSE00003515141;ENSE00003638064"
"HOMDEL_cluster_0006","HOMDEL","HETDEL",FALSE,"CNA_event_000120","PAVPCB",0.206349206349206,"high_resolution_le_50pct",3,TRUE,"1;2;3","1;2;3","ENSE00001136349;ENSE00003515141;ENSE00003638064"
"HOMDEL_cluster_0006","HOMDEL","HETDEL",FALSE,"CNA_event_000121","PAVRXK",0.932330827067669,"very_low_resolution_90_lt_100pct",9,TRUE,"1;2;3;4;5;6;7;8;9","1;2;3;4;5;6;7;8;9","ENSE00001136349;ENSE00003468993;ENSE00003478404;ENSE00003515141;ENSE00003558404;ENSE00003604670;ENSE00003638064;ENSE00003651348;ENSE00003663409"
"HOMDEL_cluster_0006","HOMDEL","HETDEL",FALSE,"CNA_event_000122","PAVVBE",0.177944862155388,"high_resolution_le_50pct",1,FALSE,"1","1","ENSE00001136349"
"HOMDEL_cluster_0006","HOMDEL","HOMDEL",TRUE,"CNA_event_000175","PAVVBE",0.754385964912281,"low_resolution_75_90pct",8,TRUE,"2;3;4;5;6;7;8;9","2;3;4;5;6;7;8;9","ENSE00003468993;ENSE00003478404;ENSE00003515141;ENSE00003558404;ENSE00003604670;ENSE00003638064;ENSE00003651348;ENSE00003663409"
"HOMDEL_cluster_0006","HOMDEL","HETDEL",FALSE,"CNA_event_000123","PAVVDS",0.257309941520468,"high_resolution_le_50pct",3,TRUE,"4;5;6","4;5;6","ENSE00003468993;ENSE00003558404;ENSE00003663409"
"HOMDEL_cluster_0006","HOMDEL","HOMDEL",TRUE,"CNA_event_000176","PAVVDS",0.167919799498747,"high_resolution_le_50pct",2,TRUE,"2;3","2;3","ENSE00003515141;ENSE00003638064"
"HOMDEL_cluster_0006","HOMDEL","HETDEL",FALSE,"CNA_event_000124","PAVWDF",0.167919799498747,"high_resolution_le_50pct",2,TRUE,"2;3","2;3","ENSE00003515141;ENSE00003638064"
"HOMDEL_cluster_0006","HOMDEL","HETDEL",FALSE,"CNA_event_000125","PAVWNL",0.345864661654135,"high_resolution_le_50pct",3,TRUE,"1;2;3","1;2;3","ENSE00001136349;ENSE00003515141;ENSE00003638064"
"HOMDEL_cluster_0006","HOMDEL","HETDEL",FALSE,"CNA_event_000126","PAVYAZ",0.177944862155388,"high_resolution_le_50pct",1,FALSE,"1","1","ENSE00001136349"
"HOMDEL_cluster_0006","HOMDEL","HOMDEL",TRUE,"CNA_event_000177","PAVYAZ",0.167919799498747,"high_resolution_le_50pct",2,TRUE,"2;3","2;3","ENSE00003515141;ENSE00003638064"
"HOMDEL_cluster_0006","HOMDEL","HOMDEL",TRUE,"CNA_event_000178","PAVYGR",0.167919799498747,"high_resolution_le_50pct",2,TRUE,"2;3","2;3","ENSE00003515141;ENSE00003638064"
"HOMDEL_cluster_0006","HOMDEL","HETDEL",FALSE,"CNA_event_000129","PAVYTZ",0.167919799498747,"high_resolution_le_50pct",2,TRUE,"2;3","2;3","ENSE00003515141;ENSE00003638064"
"HOMDEL_cluster_0006","HOMDEL","HETDEL",FALSE,"CNA_event_000130","PAVZCF",0.425229741019215,"high_resolution_le_50pct",5,TRUE,"2;3;4;5;6","2;3;4;5;6","ENSE00003468993;ENSE00003515141;ENSE00003558404;ENSE00003638064;ENSE00003663409"
"HOMDEL_cluster_0006","HOMDEL","HETDEL",FALSE,"CNA_event_000131","PAWAIM",0.167919799498747,"high_resolution_le_50pct",2,TRUE,"2;3","2;3","ENSE00003515141;ENSE00003638064"
"HOMDEL_cluster_0006","HOMDEL","HETDEL",FALSE,"CNA_event_000132","PAWAIN",0.167919799498747,"high_resolution_le_50pct",2,TRUE,"2;3","2;3","ENSE00003515141;ENSE00003638064"
"HOMDEL_cluster_0006","HOMDEL","HETDEL",FALSE,"CNA_event_000133","PAWAKA",0.167919799498747,"high_resolution_le_50pct",2,TRUE,"2;3","2;3","ENSE00003515141;ENSE00003638064"
"HOMDEL_cluster_0006","HOMDEL","HETDEL",FALSE,"CNA_event_000134","PAWDEK",0.167919799498747,"high_resolution_le_50pct",2,TRUE,"2;3","2;3","ENSE00003515141;ENSE00003638064"
"HOMDEL_cluster_0006","HOMDEL","HETDEL",FALSE,"CNA_event_000135","PAWDMI",0.167919799498747,"high_resolution_le_50pct",2,TRUE,"2;3","2;3","ENSE00003515141;ENSE00003638064"
"HOMDEL_cluster_0006","HOMDEL","HETDEL",FALSE,"CNA_event_000136","PAWDWJ",0.822055137844611,"low_resolution_75_90pct",8,TRUE,"2;3;4;5;6;7;8;9","2;3;4;5;6;7;8;9","ENSE00003468993;ENSE00003478404;ENSE00003515141;ENSE00003558404;ENSE00003604670;ENSE00003638064;ENSE00003651348;ENSE00003663409"
"HOMDEL_cluster_0006","HOMDEL","HETDEL",FALSE,"CNA_event_000137","PAWEEC",0.167919799498747,"high_resolution_le_50pct",2,TRUE,"2;3","2;3","ENSE00003515141;ENSE00003638064"
"HOMDEL_cluster_0006","HOMDEL","HETDEL",FALSE,"CNA_event_000138","PAWEEX",0.111946532999165,"high_resolution_le_50pct",1,FALSE,"3","3","ENSE00003515141"
"HOMDEL_cluster_0006","HOMDEL","HETDEL",FALSE,"CNA_event_000139","PAWESJ",0.345864661654135,"high_resolution_le_50pct",3,TRUE,"1;2;3","1;2;3","ENSE00001136349;ENSE00003515141;ENSE00003638064"
"HOMDEL_cluster_0006","HOMDEL","HETDEL",FALSE,"CNA_event_000140","PAWETD",0.822055137844611,"low_resolution_75_90pct",8,TRUE,"2;3;4;5;6;7;8;9","2;3;4;5;6;7;8;9","ENSE00003468993;ENSE00003478404;ENSE00003515141;ENSE00003558404;ENSE00003604670;ENSE00003638064;ENSE00003651348;ENSE00003663409"
"HOMDEL_cluster_0006","HOMDEL","HETDEL",FALSE,"CNA_event_000141","PAWFNJ",0.345864661654135,"high_resolution_le_50pct",3,TRUE,"1;2;3","1;2;3","ENSE00001136349;ENSE00003515141;ENSE00003638064"
"HOMDEL_cluster_0006","HOMDEL","HETDEL",FALSE,"CNA_event_000142","PAWFWF",0.345864661654135,"high_resolution_le_50pct",3,TRUE,"1;2;3","1;2;3","ENSE00001136349;ENSE00003515141;ENSE00003638064"
"HOMDEL_cluster_0006","HOMDEL","HETDEL",FALSE,"CNA_event_000143","PAWGCK",0.167919799498747,"high_resolution_le_50pct",2,TRUE,"2;3","2;3","ENSE00003515141;ENSE00003638064"
"HOMDEL_cluster_0006","HOMDEL","HETDEL",FALSE,"CNA_event_000144","PAWGIT",0.167919799498747,"high_resolution_le_50pct",2,TRUE,"2;3","2;3","ENSE00003515141;ENSE00003638064"
"HOMDEL_cluster_0006","HOMDEL","HETDEL",FALSE,"CNA_event_000145","PAWGXM",0.496240601503759,"high_resolution_le_50pct",5,TRUE,"4;5;6;7;8","4;5;6;7;8","ENSE00003468993;ENSE00003478404;ENSE00003558404;ENSE00003604670;ENSE00003663409"
"HOMDEL_cluster_0006","HOMDEL","HETDEL",FALSE,"CNA_event_000146","PAWGZM",0.167919799498747,"high_resolution_le_50pct",2,TRUE,"2;3","2;3","ENSE00003515141;ENSE00003638064"
"HOMDEL_cluster_0006","HOMDEL","HETDEL",FALSE,"CNA_event_000147","PAWIWS",0.355054302422723,"high_resolution_le_50pct",4,TRUE,"2;3;4;5","2;3;4;5","ENSE00003515141;ENSE00003558404;ENSE00003638064;ENSE00003663409"
"HOMDEL_cluster_0006","HOMDEL","HETDEL",FALSE,"CNA_event_000148","PAWJKX",0.167919799498747,"high_resolution_le_50pct",2,TRUE,"2;3","2;3","ENSE00003515141;ENSE00003638064"
"HOMDEL_cluster_0006","HOMDEL","HETDEL",FALSE,"CNA_event_000149","PAWJYN",0.345864661654135,"high_resolution_le_50pct",3,TRUE,"1;2;3","1;2;3","ENSE00001136349;ENSE00003515141;ENSE00003638064"
"HOMDEL_cluster_0006","HOMDEL","HOMDEL",TRUE,"CNA_event_000179","PAWKAN",0.167919799498747,"high_resolution_le_50pct",2,TRUE,"2;3","2;3","ENSE00003515141;ENSE00003638064"
"HOMDEL_cluster_0007","HOMDEL","HETDEL",FALSE,"CNA_event_000004","PARNXJ",0.822055137844611,"low_resolution_75_90pct",2,TRUE,"5;6","5;6","ENSE00003468993;ENSE00003663409"
"HOMDEL_cluster_0007","HOMDEL","HETDEL",FALSE,"CNA_event_000008","PARWNW",0.654135338345865,"moderate_resolution_50_75pct",2,TRUE,"5;6","5;6","ENSE00003468993;ENSE00003663409"
"HOMDEL_cluster_0007","HOMDEL","HETDEL",FALSE,"CNA_event_000010","PARXPZ",0.822055137844611,"low_resolution_75_90pct",2,TRUE,"5;6","5;6","ENSE00003468993;ENSE00003663409"
"HOMDEL_cluster_0007","HOMDEL","HETDEL",FALSE,"CNA_event_000019","PASKAD",0.654135338345865,"moderate_resolution_50_75pct",2,TRUE,"5;6","5;6","ENSE00003468993;ENSE00003663409"
"HOMDEL_cluster_0007","HOMDEL","HETDEL",FALSE,"CNA_event_000021","PASKWG",0.654135338345865,"moderate_resolution_50_75pct",2,TRUE,"5;6","5;6","ENSE00003468993;ENSE00003663409"
"HOMDEL_cluster_0007","HOMDEL","HETDEL",FALSE,"CNA_event_000024","PASPDS",0.355054302422723,"high_resolution_le_50pct",1,FALSE,"5","5","ENSE00003663409"
"HOMDEL_cluster_0007","HOMDEL","HETDEL",FALSE,"CNA_event_000025","PASPLG",0.425229741019215,"high_resolution_le_50pct",2,TRUE,"5;6","5;6","ENSE00003468993;ENSE00003663409"
"HOMDEL_cluster_0007","HOMDEL","HETDEL",FALSE,"CNA_event_000026","PASPNW",0.822055137844611,"low_resolution_75_90pct",2,TRUE,"5;6","5;6","ENSE00003468993;ENSE00003663409"
"HOMDEL_cluster_0007","HOMDEL","HETDEL",FALSE,"CNA_event_000033","PASTHE",0.425229741019215,"high_resolution_le_50pct",2,TRUE,"5;6","5;6","ENSE00003468993;ENSE00003663409"
"HOMDEL_cluster_0007","HOMDEL","HETDEL",FALSE,"CNA_event_000034","PASUSV",0.822055137844611,"low_resolution_75_90pct",2,TRUE,"5;6","5;6","ENSE00003468993;ENSE00003663409"
"HOMDEL_cluster_0007","HOMDEL","HETDEL",FALSE,"CNA_event_000038","PASWYU",0.586466165413534,"moderate_resolution_50_75pct",2,TRUE,"5;6","5;6","ENSE00003468993;ENSE00003663409"
"HOMDEL_cluster_0007","HOMDEL","HETDEL",FALSE,"CNA_event_000039","PASYNX",0.360066833751044,"high_resolution_le_50pct",2,TRUE,"5;6","5;6","ENSE00003468993;ENSE00003663409"
"HOMDEL_cluster_0007","HOMDEL","HETDEL",FALSE,"CNA_event_000042","PASYWF",0.654135338345865,"moderate_resolution_50_75pct",2,TRUE,"5;6","5;6","ENSE00003468993;ENSE00003663409"
"HOMDEL_cluster_0007","HOMDEL","HETDEL",FALSE,"CNA_event_000044","PATALF",0.425229741019215,"high_resolution_le_50pct",2,TRUE,"5;6","5;6","ENSE00003468993;ENSE00003663409"
"HOMDEL_cluster_0007","HOMDEL","HETDEL",FALSE,"CNA_event_000046","PATCTR",0.257309941520468,"high_resolution_le_50pct",2,TRUE,"5;6","5;6","ENSE00003468993;ENSE00003663409"
"HOMDEL_cluster_0007","HOMDEL","HETDEL",FALSE,"CNA_event_000050","PATHFE",0.822055137844611,"low_resolution_75_90pct",2,TRUE,"5;6","5;6","ENSE00003468993;ENSE00003663409"
"HOMDEL_cluster_0007","HOMDEL","HETDEL",FALSE,"CNA_event_000052","PATJLY",0.355054302422723,"high_resolution_le_50pct",1,FALSE,"5","5","ENSE00003663409"
"HOMDEL_cluster_0007","HOMDEL","HETDEL",FALSE,"CNA_event_000055","PATLLH",0.425229741019215,"high_resolution_le_50pct",2,TRUE,"5;6","5;6","ENSE00003468993;ENSE00003663409"
"HOMDEL_cluster_0007","HOMDEL","HETDEL",FALSE,"CNA_event_000057","PATPDA",0.664160401002506,"moderate_resolution_50_75pct",2,TRUE,"5;6","5;6","ENSE00003468993;ENSE00003663409"
"HOMDEL_cluster_0007","HOMDEL","HETDEL",FALSE,"CNA_event_000070","PAUCDC",0.822055137844611,"low_resolution_75_90pct",2,TRUE,"5;6","5;6","ENSE00003468993;ENSE00003663409"
"HOMDEL_cluster_0007","HOMDEL","HETDEL",FALSE,"CNA_event_000079","PAUIEM",0.654135338345865,"moderate_resolution_50_75pct",2,TRUE,"5;6","5;6","ENSE00003468993;ENSE00003663409"
"HOMDEL_cluster_0007","HOMDEL","HETDEL",FALSE,"CNA_event_000083","PAUKZJ",0.608187134502924,"moderate_resolution_50_75pct",2,TRUE,"5;6","5;6","ENSE00003468993;ENSE00003663409"
"HOMDEL_cluster_0007","HOMDEL","HOMDEL",TRUE,"CNA_event_000167","PAULGX",0.603174603174603,"moderate_resolution_50_75pct",2,TRUE,"5;6","5;6","ENSE00003468993;ENSE00003663409"
"HOMDEL_cluster_0007","HOMDEL","HETDEL",FALSE,"CNA_event_000091","PAUSIS",0.822055137844611,"low_resolution_75_90pct",2,TRUE,"5;6","5;6","ENSE00003468993;ENSE00003663409"
"HOMDEL_cluster_0007","HOMDEL","HETDEL",FALSE,"CNA_event_000093","PAUTUL",0.664160401002506,"moderate_resolution_50_75pct",2,TRUE,"5;6","5;6","ENSE00003468993;ENSE00003663409"
"HOMDEL_cluster_0007","HOMDEL","HETDEL",FALSE,"CNA_event_000097","PAUWXI",0.822055137844611,"low_resolution_75_90pct",2,TRUE,"5;6","5;6","ENSE00003468993;ENSE00003663409"
"HOMDEL_cluster_0007","HOMDEL","HETDEL",FALSE,"CNA_event_000101","PAUXYI",0.355054302422723,"high_resolution_le_50pct",1,FALSE,"5","5","ENSE00003663409"
"HOMDEL_cluster_0007","HOMDEL","HETDEL",FALSE,"CNA_event_000102","PAUYJF",0.425229741019215,"high_resolution_le_50pct",2,TRUE,"5;6","5;6","ENSE00003468993;ENSE00003663409"
"HOMDEL_cluster_0007","HOMDEL","HETDEL",FALSE,"CNA_event_000121","PAVRXK",0.932330827067669,"very_low_resolution_90_lt_100pct",2,TRUE,"5;6","5;6","ENSE00003468993;ENSE00003663409"
"HOMDEL_cluster_0007","HOMDEL","HOMDEL",TRUE,"CNA_event_000175","PAVVBE",0.754385964912281,"low_resolution_75_90pct",2,TRUE,"5;6","5;6","ENSE00003468993;ENSE00003663409"
"HOMDEL_cluster_0007","HOMDEL","HETDEL",FALSE,"CNA_event_000123","PAVVDS",0.257309941520468,"high_resolution_le_50pct",2,TRUE,"5;6","5;6","ENSE00003468993;ENSE00003663409"
"HOMDEL_cluster_0007","HOMDEL","HETDEL",FALSE,"CNA_event_000130","PAVZCF",0.425229741019215,"high_resolution_le_50pct",2,TRUE,"5;6","5;6","ENSE00003468993;ENSE00003663409"
"HOMDEL_cluster_0007","HOMDEL","HETDEL",FALSE,"CNA_event_000136","PAWDWJ",0.822055137844611,"low_resolution_75_90pct",2,TRUE,"5;6","5;6","ENSE00003468993;ENSE00003663409"
"HOMDEL_cluster_0007","HOMDEL","HETDEL",FALSE,"CNA_event_000140","PAWETD",0.822055137844611,"low_resolution_75_90pct",2,TRUE,"5;6","5;6","ENSE00003468993;ENSE00003663409"
"HOMDEL_cluster_0007","HOMDEL","HETDEL",FALSE,"CNA_event_000145","PAWGXM",0.496240601503759,"high_resolution_le_50pct",2,TRUE,"5;6","5;6","ENSE00003468993;ENSE00003663409"
"HOMDEL_cluster_0007","HOMDEL","HETDEL",FALSE,"CNA_event_000147","PAWIWS",0.355054302422723,"high_resolution_le_50pct",1,FALSE,"5","5","ENSE00003663409"
"HOMDEL_cluster_0008","HOMDEL","HETDEL",FALSE,"CNA_event_000004","PARNXJ",0.822055137844611,"low_resolution_75_90pct",3,TRUE,"4;5;6","4;5;6","ENSE00003468993;ENSE00003558404;ENSE00003663409"
"HOMDEL_cluster_0008","HOMDEL","HETDEL",FALSE,"CNA_event_000008","PARWNW",0.654135338345865,"moderate_resolution_50_75pct",3,TRUE,"4;5;6","4;5;6","ENSE00003468993;ENSE00003558404;ENSE00003663409"
"HOMDEL_cluster_0008","HOMDEL","HETDEL",FALSE,"CNA_event_000010","PARXPZ",0.822055137844611,"low_resolution_75_90pct",3,TRUE,"4;5;6","4;5;6","ENSE00003468993;ENSE00003558404;ENSE00003663409"
"HOMDEL_cluster_0008","HOMDEL","HETDEL",FALSE,"CNA_event_000019","PASKAD",0.654135338345865,"moderate_resolution_50_75pct",3,TRUE,"4;5;6","4;5;6","ENSE00003468993;ENSE00003558404;ENSE00003663409"
"HOMDEL_cluster_0008","HOMDEL","HETDEL",FALSE,"CNA_event_000020","PASKLU",0.111111111111111,"high_resolution_le_50pct",1,FALSE,"4","4","ENSE00003558404"
"HOMDEL_cluster_0008","HOMDEL","HETDEL",FALSE,"CNA_event_000021","PASKWG",0.654135338345865,"moderate_resolution_50_75pct",3,TRUE,"4;5;6","4;5;6","ENSE00003468993;ENSE00003558404;ENSE00003663409"
"HOMDEL_cluster_0008","HOMDEL","HETDEL",FALSE,"CNA_event_000024","PASPDS",0.355054302422723,"high_resolution_le_50pct",2,TRUE,"4;5","4;5","ENSE00003558404;ENSE00003663409"
"HOMDEL_cluster_0008","HOMDEL","HETDEL",FALSE,"CNA_event_000025","PASPLG",0.425229741019215,"high_resolution_le_50pct",3,TRUE,"4;5;6","4;5;6","ENSE00003468993;ENSE00003558404;ENSE00003663409"
"HOMDEL_cluster_0008","HOMDEL","HETDEL",FALSE,"CNA_event_000026","PASPNW",0.822055137844611,"low_resolution_75_90pct",3,TRUE,"4;5;6","4;5;6","ENSE00003468993;ENSE00003558404;ENSE00003663409"
"HOMDEL_cluster_0008","HOMDEL","HETDEL",FALSE,"CNA_event_000032","PASTCH",0.456975772765246,"high_resolution_le_50pct",1,FALSE,"4","4","ENSE00003558404"
"HOMDEL_cluster_0008","HOMDEL","HETDEL",FALSE,"CNA_event_000033","PASTHE",0.425229741019215,"high_resolution_le_50pct",3,TRUE,"4;5;6","4;5;6","ENSE00003468993;ENSE00003558404;ENSE00003663409"
"HOMDEL_cluster_0008","HOMDEL","HETDEL",FALSE,"CNA_event_000034","PASUSV",0.822055137844611,"low_resolution_75_90pct",3,TRUE,"4;5;6","4;5;6","ENSE00003468993;ENSE00003558404;ENSE00003663409"
"HOMDEL_cluster_0008","HOMDEL","HETDEL",FALSE,"CNA_event_000038","PASWYU",0.586466165413534,"moderate_resolution_50_75pct",3,TRUE,"4;5;6","4;5;6","ENSE00003468993;ENSE00003558404;ENSE00003663409"
"HOMDEL_cluster_0008","HOMDEL","HETDEL",FALSE,"CNA_event_000039","PASYNX",0.360066833751044,"high_resolution_le_50pct",3,TRUE,"4;5;6","4;5;6","ENSE00003468993;ENSE00003558404;ENSE00003663409"
"HOMDEL_cluster_0008","HOMDEL","HETDEL",FALSE,"CNA_event_000042","PASYWF",0.654135338345865,"moderate_resolution_50_75pct",3,TRUE,"4;5;6","4;5;6","ENSE00003468993;ENSE00003558404;ENSE00003663409"
"HOMDEL_cluster_0008","HOMDEL","HETDEL",FALSE,"CNA_event_000044","PATALF",0.425229741019215,"high_resolution_le_50pct",3,TRUE,"4;5;6","4;5;6","ENSE00003468993;ENSE00003558404;ENSE00003663409"
"HOMDEL_cluster_0008","HOMDEL","HETDEL",FALSE,"CNA_event_000046","PATCTR",0.257309941520468,"high_resolution_le_50pct",3,TRUE,"4;5;6","4;5;6","ENSE00003468993;ENSE00003558404;ENSE00003663409"
"HOMDEL_cluster_0008","HOMDEL","HETDEL",FALSE,"CNA_event_000050","PATHFE",0.822055137844611,"low_resolution_75_90pct",3,TRUE,"4;5;6","4;5;6","ENSE00003468993;ENSE00003558404;ENSE00003663409"
"HOMDEL_cluster_0008","HOMDEL","HETDEL",FALSE,"CNA_event_000052","PATJLY",0.355054302422723,"high_resolution_le_50pct",2,TRUE,"4;5","4;5","ENSE00003558404;ENSE00003663409"
"HOMDEL_cluster_0008","HOMDEL","HETDEL",FALSE,"CNA_event_000055","PATLLH",0.425229741019215,"high_resolution_le_50pct",3,TRUE,"4;5;6","4;5;6","ENSE00003468993;ENSE00003558404;ENSE00003663409"
"HOMDEL_cluster_0008","HOMDEL","HETDEL",FALSE,"CNA_event_000057","PATPDA",0.664160401002506,"moderate_resolution_50_75pct",3,TRUE,"4;5;6","4;5;6","ENSE00003468993;ENSE00003558404;ENSE00003663409"
"HOMDEL_cluster_0008","HOMDEL","HETDEL",FALSE,"CNA_event_000059","PATRKV",0.223057644110276,"high_resolution_le_50pct",1,FALSE,"4","4","ENSE00003558404"
"HOMDEL_cluster_0008","HOMDEL","HETDEL",FALSE,"CNA_event_000070","PAUCDC",0.822055137844611,"low_resolution_75_90pct",3,TRUE,"4;5;6","4;5;6","ENSE00003468993;ENSE00003558404;ENSE00003663409"
"HOMDEL_cluster_0008","HOMDEL","HETDEL",FALSE,"CNA_event_000079","PAUIEM",0.654135338345865,"moderate_resolution_50_75pct",3,TRUE,"4;5;6","4;5;6","ENSE00003468993;ENSE00003558404;ENSE00003663409"
"HOMDEL_cluster_0008","HOMDEL","HETDEL",FALSE,"CNA_event_000083","PAUKZJ",0.608187134502924,"moderate_resolution_50_75pct",3,TRUE,"4;5;6","4;5;6","ENSE00003468993;ENSE00003558404;ENSE00003663409"
"HOMDEL_cluster_0008","HOMDEL","HOMDEL",TRUE,"CNA_event_000167","PAULGX",0.603174603174603,"moderate_resolution_50_75pct",3,TRUE,"4;5;6","4;5;6","ENSE00003468993;ENSE00003558404;ENSE00003663409"
"HOMDEL_cluster_0008","HOMDEL","HETDEL",FALSE,"CNA_event_000091","PAUSIS",0.822055137844611,"low_resolution_75_90pct",3,TRUE,"4;5;6","4;5;6","ENSE00003468993;ENSE00003558404;ENSE00003663409"
"HOMDEL_cluster_0008","HOMDEL","HETDEL",FALSE,"CNA_event_000093","PAUTUL",0.664160401002506,"moderate_resolution_50_75pct",3,TRUE,"4;5;6","4;5;6","ENSE00003468993;ENSE00003558404;ENSE00003663409"
"HOMDEL_cluster_0008","HOMDEL","HETDEL",FALSE,"CNA_event_000097","PAUWXI",0.822055137844611,"low_resolution_75_90pct",3,TRUE,"4;5;6","4;5;6","ENSE00003468993;ENSE00003558404;ENSE00003663409"
"HOMDEL_cluster_0008","HOMDEL","HETDEL",FALSE,"CNA_event_000100","PAUXRM",0.279030910609858,"high_resolution_le_50pct",1,FALSE,"4","4","ENSE00003558404"
"HOMDEL_cluster_0008","HOMDEL","HETDEL",FALSE,"CNA_event_000101","PAUXYI",0.355054302422723,"high_resolution_le_50pct",2,TRUE,"4;5","4;5","ENSE00003558404;ENSE00003663409"
"HOMDEL_cluster_0008","HOMDEL","HETDEL",FALSE,"CNA_event_000102","PAUYJF",0.425229741019215,"high_resolution_le_50pct",3,TRUE,"4;5;6","4;5;6","ENSE00003468993;ENSE00003558404;ENSE00003663409"
"HOMDEL_cluster_0008","HOMDEL","HETDEL",FALSE,"CNA_event_000116","PAVMPT",0.279030910609858,"high_resolution_le_50pct",1,FALSE,"4","4","ENSE00003558404"
"HOMDEL_cluster_0008","HOMDEL","HETDEL",FALSE,"CNA_event_000121","PAVRXK",0.932330827067669,"very_low_resolution_90_lt_100pct",3,TRUE,"4;5;6","4;5;6","ENSE00003468993;ENSE00003558404;ENSE00003663409"
"HOMDEL_cluster_0008","HOMDEL","HOMDEL",TRUE,"CNA_event_000175","PAVVBE",0.754385964912281,"low_resolution_75_90pct",3,TRUE,"4;5;6","4;5;6","ENSE00003468993;ENSE00003558404;ENSE00003663409"
"HOMDEL_cluster_0008","HOMDEL","HETDEL",FALSE,"CNA_event_000123","PAVVDS",0.257309941520468,"high_resolution_le_50pct",3,TRUE,"4;5;6","4;5;6","ENSE00003468993;ENSE00003558404;ENSE00003663409"
"HOMDEL_cluster_0008","HOMDEL","HETDEL",FALSE,"CNA_event_000130","PAVZCF",0.425229741019215,"high_resolution_le_50pct",3,TRUE,"4;5;6","4;5;6","ENSE00003468993;ENSE00003558404;ENSE00003663409"
"HOMDEL_cluster_0008","HOMDEL","HETDEL",FALSE,"CNA_event_000136","PAWDWJ",0.822055137844611,"low_resolution_75_90pct",3,TRUE,"4;5;6","4;5;6","ENSE00003468993;ENSE00003558404;ENSE00003663409"
"HOMDEL_cluster_0008","HOMDEL","HETDEL",FALSE,"CNA_event_000140","PAWETD",0.822055137844611,"low_resolution_75_90pct",3,TRUE,"4;5;6","4;5;6","ENSE00003468993;ENSE00003558404;ENSE00003663409"
"HOMDEL_cluster_0008","HOMDEL","HETDEL",FALSE,"CNA_event_000145","PAWGXM",0.496240601503759,"high_resolution_le_50pct",3,TRUE,"4;5;6","4;5;6","ENSE00003468993;ENSE00003558404;ENSE00003663409"
"HOMDEL_cluster_0008","HOMDEL","HETDEL",FALSE,"CNA_event_000147","PAWIWS",0.355054302422723,"high_resolution_le_50pct",2,TRUE,"4;5","4;5","ENSE00003558404;ENSE00003663409"
"HOMDEL_cluster_0009","HOMDEL","HETDEL",FALSE,"CNA_event_000004","PARNXJ",0.822055137844611,"low_resolution_75_90pct",5,TRUE,"5;6;7;8;9","5;6;7;8;9","ENSE00003468993;ENSE00003478404;ENSE00003604670;ENSE00003651348;ENSE00003663409"
"HOMDEL_cluster_0009","HOMDEL","HETDEL",FALSE,"CNA_event_000008","PARWNW",0.654135338345865,"moderate_resolution_50_75pct",5,TRUE,"5;6;7;8;9","5;6;7;8;9","ENSE00003468993;ENSE00003478404;ENSE00003604670;ENSE00003651348;ENSE00003663409"
"HOMDEL_cluster_0009","HOMDEL","HETDEL",FALSE,"CNA_event_000010","PARXPZ",0.822055137844611,"low_resolution_75_90pct",5,TRUE,"5;6;7;8;9","5;6;7;8;9","ENSE00003468993;ENSE00003478404;ENSE00003604670;ENSE00003651348;ENSE00003663409"
"HOMDEL_cluster_0009","HOMDEL","HETDEL",FALSE,"CNA_event_000019","PASKAD",0.654135338345865,"moderate_resolution_50_75pct",5,TRUE,"5;6;7;8;9","5;6;7;8;9","ENSE00003468993;ENSE00003478404;ENSE00003604670;ENSE00003651348;ENSE00003663409"
"HOMDEL_cluster_0009","HOMDEL","HETDEL",FALSE,"CNA_event_000021","PASKWG",0.654135338345865,"moderate_resolution_50_75pct",5,TRUE,"5;6;7;8;9","5;6;7;8;9","ENSE00003468993;ENSE00003478404;ENSE00003604670;ENSE00003651348;ENSE00003663409"
"HOMDEL_cluster_0009","HOMDEL","HETDEL",FALSE,"CNA_event_000024","PASPDS",0.355054302422723,"high_resolution_le_50pct",1,FALSE,"5","5","ENSE00003663409"
"HOMDEL_cluster_0009","HOMDEL","HETDEL",FALSE,"CNA_event_000025","PASPLG",0.425229741019215,"high_resolution_le_50pct",2,TRUE,"5;6","5;6","ENSE00003468993;ENSE00003663409"
"HOMDEL_cluster_0009","HOMDEL","HETDEL",FALSE,"CNA_event_000026","PASPNW",0.822055137844611,"low_resolution_75_90pct",5,TRUE,"5;6;7;8;9","5;6;7;8;9","ENSE00003468993;ENSE00003478404;ENSE00003604670;ENSE00003651348;ENSE00003663409"
"HOMDEL_cluster_0009","HOMDEL","HETDEL",FALSE,"CNA_event_000033","PASTHE",0.425229741019215,"high_resolution_le_50pct",2,TRUE,"5;6","5;6","ENSE00003468993;ENSE00003663409"
"HOMDEL_cluster_0009","HOMDEL","HETDEL",FALSE,"CNA_event_000034","PASUSV",0.822055137844611,"low_resolution_75_90pct",5,TRUE,"5;6;7;8;9","5;6;7;8;9","ENSE00003468993;ENSE00003478404;ENSE00003604670;ENSE00003651348;ENSE00003663409"
"HOMDEL_cluster_0009","HOMDEL","HETDEL",FALSE,"CNA_event_000038","PASWYU",0.586466165413534,"moderate_resolution_50_75pct",5,TRUE,"5;6;7;8;9","5;6;7;8;9","ENSE00003468993;ENSE00003478404;ENSE00003604670;ENSE00003651348;ENSE00003663409"
"HOMDEL_cluster_0009","HOMDEL","HETDEL",FALSE,"CNA_event_000039","PASYNX",0.360066833751044,"high_resolution_le_50pct",3,TRUE,"5;6;7","5;6;7","ENSE00003468993;ENSE00003478404;ENSE00003663409"
"HOMDEL_cluster_0009","HOMDEL","HETDEL",FALSE,"CNA_event_000042","PASYWF",0.654135338345865,"moderate_resolution_50_75pct",5,TRUE,"5;6;7;8;9","5;6;7;8;9","ENSE00003468993;ENSE00003478404;ENSE00003604670;ENSE00003651348;ENSE00003663409"
"HOMDEL_cluster_0009","HOMDEL","HETDEL",FALSE,"CNA_event_000044","PATALF",0.425229741019215,"high_resolution_le_50pct",2,TRUE,"5;6","5;6","ENSE00003468993;ENSE00003663409"
"HOMDEL_cluster_0009","HOMDEL","HETDEL",FALSE,"CNA_event_000046","PATCTR",0.257309941520468,"high_resolution_le_50pct",2,TRUE,"5;6","5;6","ENSE00003468993;ENSE00003663409"
"HOMDEL_cluster_0009","HOMDEL","HETDEL",FALSE,"CNA_event_000050","PATHFE",0.822055137844611,"low_resolution_75_90pct",5,TRUE,"5;6;7;8;9","5;6;7;8;9","ENSE00003468993;ENSE00003478404;ENSE00003604670;ENSE00003651348;ENSE00003663409"
"HOMDEL_cluster_0009","HOMDEL","HETDEL",FALSE,"CNA_event_000052","PATJLY",0.355054302422723,"high_resolution_le_50pct",1,FALSE,"5","5","ENSE00003663409"
"HOMDEL_cluster_0009","HOMDEL","HETDEL",FALSE,"CNA_event_000055","PATLLH",0.425229741019215,"high_resolution_le_50pct",2,TRUE,"5;6","5;6","ENSE00003468993;ENSE00003663409"
"HOMDEL_cluster_0009","HOMDEL","HETDEL",FALSE,"CNA_event_000057","PATPDA",0.664160401002506,"moderate_resolution_50_75pct",4,TRUE,"5;6;7;8","5;6;7;8","ENSE00003468993;ENSE00003478404;ENSE00003604670;ENSE00003663409"
"HOMDEL_cluster_0009","HOMDEL","HETDEL",FALSE,"CNA_event_000070","PAUCDC",0.822055137844611,"low_resolution_75_90pct",5,TRUE,"5;6;7;8;9","5;6;7;8;9","ENSE00003468993;ENSE00003478404;ENSE00003604670;ENSE00003651348;ENSE00003663409"
"HOMDEL_cluster_0009","HOMDEL","HETDEL",FALSE,"CNA_event_000079","PAUIEM",0.654135338345865,"moderate_resolution_50_75pct",5,TRUE,"5;6;7;8;9","5;6;7;8;9","ENSE00003468993;ENSE00003478404;ENSE00003604670;ENSE00003651348;ENSE00003663409"
"HOMDEL_cluster_0009","HOMDEL","HETDEL",FALSE,"CNA_event_000083","PAUKZJ",0.608187134502924,"moderate_resolution_50_75pct",4,TRUE,"5;6;7;8","5;6;7;8","ENSE00003468993;ENSE00003478404;ENSE00003604670;ENSE00003663409"
"HOMDEL_cluster_0009","HOMDEL","HETDEL",FALSE,"CNA_event_000085","PAULGX",0.238930659983292,"high_resolution_le_50pct",2,TRUE,"7;8","7;8","ENSE00003478404;ENSE00003604670"
"HOMDEL_cluster_0009","HOMDEL","HOMDEL",TRUE,"CNA_event_000167","PAULGX",0.603174603174603,"moderate_resolution_50_75pct",2,TRUE,"5;6","5;6","ENSE00003468993;ENSE00003663409"
"HOMDEL_cluster_0009","HOMDEL","HETDEL",FALSE,"CNA_event_000091","PAUSIS",0.822055137844611,"low_resolution_75_90pct",5,TRUE,"5;6;7;8;9","5;6;7;8;9","ENSE00003468993;ENSE00003478404;ENSE00003604670;ENSE00003651348;ENSE00003663409"
"HOMDEL_cluster_0009","HOMDEL","HETDEL",FALSE,"CNA_event_000093","PAUTUL",0.664160401002506,"moderate_resolution_50_75pct",4,TRUE,"5;6;7;8","5;6;7;8","ENSE00003468993;ENSE00003478404;ENSE00003604670;ENSE00003663409"
"HOMDEL_cluster_0009","HOMDEL","HETDEL",FALSE,"CNA_event_000097","PAUWXI",0.822055137844611,"low_resolution_75_90pct",5,TRUE,"5;6;7;8;9","5;6;7;8;9","ENSE00003468993;ENSE00003478404;ENSE00003604670;ENSE00003651348;ENSE00003663409"
"HOMDEL_cluster_0009","HOMDEL","HETDEL",FALSE,"CNA_event_000101","PAUXYI",0.355054302422723,"high_resolution_le_50pct",1,FALSE,"5","5","ENSE00003663409"
"HOMDEL_cluster_0009","HOMDEL","HETDEL",FALSE,"CNA_event_000102","PAUYJF",0.425229741019215,"high_resolution_le_50pct",2,TRUE,"5;6","5;6","ENSE00003468993;ENSE00003663409"
"HOMDEL_cluster_0009","HOMDEL","HETDEL",FALSE,"CNA_event_000121","PAVRXK",0.932330827067669,"very_low_resolution_90_lt_100pct",5,TRUE,"5;6;7;8;9","5;6;7;8;9","ENSE00003468993;ENSE00003478404;ENSE00003604670;ENSE00003651348;ENSE00003663409"
"HOMDEL_cluster_0009","HOMDEL","HOMDEL",TRUE,"CNA_event_000175","PAVVBE",0.754385964912281,"low_resolution_75_90pct",5,TRUE,"5;6;7;8;9","5;6;7;8;9","ENSE00003468993;ENSE00003478404;ENSE00003604670;ENSE00003651348;ENSE00003663409"
"HOMDEL_cluster_0009","HOMDEL","HETDEL",FALSE,"CNA_event_000123","PAVVDS",0.257309941520468,"high_resolution_le_50pct",2,TRUE,"5;6","5;6","ENSE00003468993;ENSE00003663409"
"HOMDEL_cluster_0009","HOMDEL","HETDEL",FALSE,"CNA_event_000130","PAVZCF",0.425229741019215,"high_resolution_le_50pct",2,TRUE,"5;6","5;6","ENSE00003468993;ENSE00003663409"
"HOMDEL_cluster_0009","HOMDEL","HETDEL",FALSE,"CNA_event_000136","PAWDWJ",0.822055137844611,"low_resolution_75_90pct",5,TRUE,"5;6;7;8;9","5;6;7;8;9","ENSE00003468993;ENSE00003478404;ENSE00003604670;ENSE00003651348;ENSE00003663409"
"HOMDEL_cluster_0009","HOMDEL","HETDEL",FALSE,"CNA_event_000140","PAWETD",0.822055137844611,"low_resolution_75_90pct",5,TRUE,"5;6;7;8;9","5;6;7;8;9","ENSE00003468993;ENSE00003478404;ENSE00003604670;ENSE00003651348;ENSE00003663409"
"HOMDEL_cluster_0009","HOMDEL","HETDEL",FALSE,"CNA_event_000145","PAWGXM",0.496240601503759,"high_resolution_le_50pct",4,TRUE,"5;6;7;8","5;6;7;8","ENSE00003468993;ENSE00003478404;ENSE00003604670;ENSE00003663409"
"HOMDEL_cluster_0009","HOMDEL","HETDEL",FALSE,"CNA_event_000147","PAWIWS",0.355054302422723,"high_resolution_le_50pct",1,FALSE,"5","5","ENSE00003663409"
"HOMDEL_cluster_0010","HOMDEL","HETDEL",FALSE,"CNA_event_000004","PARNXJ",0.822055137844611,"low_resolution_75_90pct",2,TRUE,"8;9","8;9","ENSE00003604670;ENSE00003651348"
"HOMDEL_cluster_0010","HOMDEL","HETDEL",FALSE,"CNA_event_000007","PARSNX",0.289891395154553,"high_resolution_le_50pct",1,FALSE,"1","1","ENSE00001136349"
"HOMDEL_cluster_0010","HOMDEL","HETDEL",FALSE,"CNA_event_000008","PARWNW",0.654135338345865,"moderate_resolution_50_75pct",2,TRUE,"8;9","8;9","ENSE00003604670;ENSE00003651348"
"HOMDEL_cluster_0010","HOMDEL","HETDEL",FALSE,"CNA_event_000010","PARXPZ",0.822055137844611,"low_resolution_75_90pct",2,TRUE,"8;9","8;9","ENSE00003604670;ENSE00003651348"
"HOMDEL_cluster_0010","HOMDEL","HETDEL",FALSE,"CNA_event_000013","PASILW",0.177944862155388,"high_resolution_le_50pct",1,FALSE,"1","1","ENSE00001136349"
"HOMDEL_cluster_0010","HOMDEL","HETDEL",FALSE,"CNA_event_000015","PASINX",0.345864661654135,"high_resolution_le_50pct",1,FALSE,"1","1","ENSE00001136349"
"HOMDEL_cluster_0010","HOMDEL","HETDEL",FALSE,"CNA_event_000019","PASKAD",0.654135338345865,"moderate_resolution_50_75pct",2,TRUE,"8;9","8;9","ENSE00003604670;ENSE00003651348"
"HOMDEL_cluster_0010","HOMDEL","HETDEL",FALSE,"CNA_event_000021","PASKWG",0.654135338345865,"moderate_resolution_50_75pct",2,TRUE,"8;9","8;9","ENSE00003604670;ENSE00003651348"
"HOMDEL_cluster_0010","HOMDEL","HETDEL",FALSE,"CNA_event_000023","PASLXY",0.345864661654135,"high_resolution_le_50pct",1,FALSE,"1","1","ENSE00001136349"
"HOMDEL_cluster_0010","HOMDEL","HETDEL",FALSE,"CNA_event_000026","PASPNW",0.822055137844611,"low_resolution_75_90pct",2,TRUE,"8;9","8;9","ENSE00003604670;ENSE00003651348"
"HOMDEL_cluster_0010","HOMDEL","HETDEL",FALSE,"CNA_event_000028","PASRMM",0.345864661654135,"high_resolution_le_50pct",1,FALSE,"1","1","ENSE00001136349"
"HOMDEL_cluster_0010","HOMDEL","HOMDEL",TRUE,"CNA_event_000156","PASRPV",0.345864661654135,"high_resolution_le_50pct",1,FALSE,"1","1","ENSE00001136349"
"HOMDEL_cluster_0010","HOMDEL","HETDEL",FALSE,"CNA_event_000032","PASTCH",0.456975772765246,"high_resolution_le_50pct",1,FALSE,"1","1","ENSE00001136349"
"HOMDEL_cluster_0010","HOMDEL","HETDEL",FALSE,"CNA_event_000034","PASUSV",0.822055137844611,"low_resolution_75_90pct",2,TRUE,"8;9","8;9","ENSE00003604670;ENSE00003651348"
"HOMDEL_cluster_0010","HOMDEL","HETDEL",FALSE,"CNA_event_000038","PASWYU",0.586466165413534,"moderate_resolution_50_75pct",2,TRUE,"8;9","8;9","ENSE00003604670;ENSE00003651348"
"HOMDEL_cluster_0010","HOMDEL","HETDEL",FALSE,"CNA_event_000042","PASYWF",0.654135338345865,"moderate_resolution_50_75pct",2,TRUE,"8;9","8;9","ENSE00003604670;ENSE00003651348"
"HOMDEL_cluster_0010","HOMDEL","HOMDEL",TRUE,"CNA_event_000159","PATCTR",0.345864661654135,"high_resolution_le_50pct",1,FALSE,"1","1","ENSE00001136349"
"HOMDEL_cluster_0010","HOMDEL","HETDEL",FALSE,"CNA_event_000050","PATHFE",0.822055137844611,"low_resolution_75_90pct",2,TRUE,"8;9","8;9","ENSE00003604670;ENSE00003651348"
"HOMDEL_cluster_0010","HOMDEL","HETDEL",FALSE,"CNA_event_000054","PATKZH",0.345864661654135,"high_resolution_le_50pct",1,FALSE,"1","1","ENSE00001136349"
"HOMDEL_cluster_0010","HOMDEL","HETDEL",FALSE,"CNA_event_000056","PATNAM",0.233918128654971,"high_resolution_le_50pct",1,FALSE,"1","1","ENSE00001136349"
"HOMDEL_cluster_0010","HOMDEL","HETDEL",FALSE,"CNA_event_000057","PATPDA",0.664160401002506,"moderate_resolution_50_75pct",1,FALSE,"8","8","ENSE00003604670"
"HOMDEL_cluster_0010","HOMDEL","HETDEL",FALSE,"CNA_event_000060","PATSPG",0.345864661654135,"high_resolution_le_50pct",1,FALSE,"1","1","ENSE00001136349"
"HOMDEL_cluster_0010","HOMDEL","HETDEL",FALSE,"CNA_event_000070","PAUCDC",0.822055137844611,"low_resolution_75_90pct",2,TRUE,"8;9","8;9","ENSE00003604670;ENSE00003651348"
"HOMDEL_cluster_0010","HOMDEL","HETDEL",FALSE,"CNA_event_000072","PAUEUC",0.177944862155388,"high_resolution_le_50pct",1,FALSE,"1","1","ENSE00001136349"
"HOMDEL_cluster_0010","HOMDEL","HETDEL",FALSE,"CNA_event_000075","PAUEXN",0.206349206349206,"high_resolution_le_50pct",1,FALSE,"1","1","ENSE00001136349"
"HOMDEL_cluster_0010","HOMDEL","HETDEL",FALSE,"CNA_event_000078","PAUGLY",0.345864661654135,"high_resolution_le_50pct",1,FALSE,"1","1","ENSE00001136349"
"HOMDEL_cluster_0010","HOMDEL","HETDEL",FALSE,"CNA_event_000079","PAUIEM",0.654135338345865,"moderate_resolution_50_75pct",2,TRUE,"8;9","8;9","ENSE00003604670;ENSE00003651348"
"HOMDEL_cluster_0010","HOMDEL","HETDEL",FALSE,"CNA_event_000081","PAUJVL",0.345864661654135,"high_resolution_le_50pct",1,FALSE,"1","1","ENSE00001136349"
"HOMDEL_cluster_0010","HOMDEL","HETDEL",FALSE,"CNA_event_000083","PAUKZJ",0.608187134502924,"moderate_resolution_50_75pct",1,FALSE,"8","8","ENSE00003604670"
"HOMDEL_cluster_0010","HOMDEL","HETDEL",FALSE,"CNA_event_000085","PAULGX",0.238930659983292,"high_resolution_le_50pct",1,FALSE,"8","8","ENSE00003604670"
"HOMDEL_cluster_0010","HOMDEL","HOMDEL",TRUE,"CNA_event_000167","PAULGX",0.603174603174603,"moderate_resolution_50_75pct",1,FALSE,"1","1","ENSE00001136349"
"HOMDEL_cluster_0010","HOMDEL","HOMDEL",TRUE,"CNA_event_000168","PAUMIB",0.345864661654135,"high_resolution_le_50pct",1,FALSE,"1","1","ENSE00001136349"
"HOMDEL_cluster_0010","HOMDEL","HETDEL",FALSE,"CNA_event_000087","PAUMLX",0.345864661654135,"high_resolution_le_50pct",1,FALSE,"1","1","ENSE00001136349"
"HOMDEL_cluster_0010","HOMDEL","HETDEL",FALSE,"CNA_event_000088","PAUMXB",0.345864661654135,"high_resolution_le_50pct",1,FALSE,"1","1","ENSE00001136349"
"HOMDEL_cluster_0010","HOMDEL","HETDEL",FALSE,"CNA_event_000091","PAUSIS",0.822055137844611,"low_resolution_75_90pct",2,TRUE,"8;9","8;9","ENSE00003604670;ENSE00003651348"
"HOMDEL_cluster_0010","HOMDEL","HETDEL",FALSE,"CNA_event_000093","PAUTUL",0.664160401002506,"moderate_resolution_50_75pct",1,FALSE,"8","8","ENSE00003604670"
"HOMDEL_cluster_0010","HOMDEL","HETDEL",FALSE,"CNA_event_000097","PAUWXI",0.822055137844611,"low_resolution_75_90pct",2,TRUE,"8;9","8;9","ENSE00003604670;ENSE00003651348"
"HOMDEL_cluster_0010","HOMDEL","HETDEL",FALSE,"CNA_event_000110","PAVKCV",0.177944862155388,"high_resolution_le_50pct",1,FALSE,"1","1","ENSE00001136349"
"HOMDEL_cluster_0010","HOMDEL","HETDEL",FALSE,"CNA_event_000120","PAVPCB",0.206349206349206,"high_resolution_le_50pct",1,FALSE,"1","1","ENSE00001136349"
"HOMDEL_cluster_0010","HOMDEL","HETDEL",FALSE,"CNA_event_000121","PAVRXK",0.932330827067669,"very_low_resolution_90_lt_100pct",3,TRUE,"1;8;9","1;8;9","ENSE00001136349;ENSE00003604670;ENSE00003651348"
"HOMDEL_cluster_0010","HOMDEL","HETDEL",FALSE,"CNA_event_000122","PAVVBE",0.177944862155388,"high_resolution_le_50pct",1,FALSE,"1","1","ENSE00001136349"
"HOMDEL_cluster_0010","HOMDEL","HOMDEL",TRUE,"CNA_event_000175","PAVVBE",0.754385964912281,"low_resolution_75_90pct",2,TRUE,"8;9","8;9","ENSE00003604670;ENSE00003651348"
"HOMDEL_cluster_0010","HOMDEL","HETDEL",FALSE,"CNA_event_000125","PAVWNL",0.345864661654135,"high_resolution_le_50pct",1,FALSE,"1","1","ENSE00001136349"
"HOMDEL_cluster_0010","HOMDEL","HETDEL",FALSE,"CNA_event_000126","PAVYAZ",0.177944862155388,"high_resolution_le_50pct",1,FALSE,"1","1","ENSE00001136349"
"HOMDEL_cluster_0010","HOMDEL","HETDEL",FALSE,"CNA_event_000136","PAWDWJ",0.822055137844611,"low_resolution_75_90pct",2,TRUE,"8;9","8;9","ENSE00003604670;ENSE00003651348"
"HOMDEL_cluster_0010","HOMDEL","HETDEL",FALSE,"CNA_event_000139","PAWESJ",0.345864661654135,"high_resolution_le_50pct",1,FALSE,"1","1","ENSE00001136349"
"HOMDEL_cluster_0010","HOMDEL","HETDEL",FALSE,"CNA_event_000140","PAWETD",0.822055137844611,"low_resolution_75_90pct",2,TRUE,"8;9","8;9","ENSE00003604670;ENSE00003651348"
"HOMDEL_cluster_0010","HOMDEL","HETDEL",FALSE,"CNA_event_000141","PAWFNJ",0.345864661654135,"high_resolution_le_50pct",1,FALSE,"1","1","ENSE00001136349"
"HOMDEL_cluster_0010","HOMDEL","HETDEL",FALSE,"CNA_event_000142","PAWFWF",0.345864661654135,"high_resolution_le_50pct",1,FALSE,"1","1","ENSE00001136349"
"HOMDEL_cluster_0010","HOMDEL","HETDEL",FALSE,"CNA_event_000145","PAWGXM",0.496240601503759,"high_resolution_le_50pct",1,FALSE,"8","8","ENSE00003604670"
"HOMDEL_cluster_0010","HOMDEL","HETDEL",FALSE,"CNA_event_000149","PAWJYN",0.345864661654135,"high_resolution_le_50pct",1,FALSE,"1","1","ENSE00001136349"
"HOMDEL_cluster_0011","HOMDEL","HETDEL",FALSE,"CNA_event_000004","PARNXJ",0.822055137844611,"low_resolution_75_90pct",5,TRUE,"4;5;6;8;9","4;5;6;8;9","ENSE00003468993;ENSE00003558404;ENSE00003604670;ENSE00003651348;ENSE00003663409"
"HOMDEL_cluster_0011","HOMDEL","HETDEL",FALSE,"CNA_event_000007","PARSNX",0.289891395154553,"high_resolution_le_50pct",1,FALSE,"1","1","ENSE00001136349"
"HOMDEL_cluster_0011","HOMDEL","HETDEL",FALSE,"CNA_event_000008","PARWNW",0.654135338345865,"moderate_resolution_50_75pct",5,TRUE,"4;5;6;8;9","4;5;6;8;9","ENSE00003468993;ENSE00003558404;ENSE00003604670;ENSE00003651348;ENSE00003663409"
"HOMDEL_cluster_0011","HOMDEL","HETDEL",FALSE,"CNA_event_000010","PARXPZ",0.822055137844611,"low_resolution_75_90pct",5,TRUE,"4;5;6;8;9","4;5;6;8;9","ENSE00003468993;ENSE00003558404;ENSE00003604670;ENSE00003651348;ENSE00003663409"
"HOMDEL_cluster_0011","HOMDEL","HETDEL",FALSE,"CNA_event_000013","PASILW",0.177944862155388,"high_resolution_le_50pct",1,FALSE,"1","1","ENSE00001136349"
"HOMDEL_cluster_0011","HOMDEL","HETDEL",FALSE,"CNA_event_000015","PASINX",0.345864661654135,"high_resolution_le_50pct",1,FALSE,"1","1","ENSE00001136349"
"HOMDEL_cluster_0011","HOMDEL","HETDEL",FALSE,"CNA_event_000019","PASKAD",0.654135338345865,"moderate_resolution_50_75pct",5,TRUE,"4;5;6;8;9","4;5;6;8;9","ENSE00003468993;ENSE00003558404;ENSE00003604670;ENSE00003651348;ENSE00003663409"
"HOMDEL_cluster_0011","HOMDEL","HETDEL",FALSE,"CNA_event_000020","PASKLU",0.111111111111111,"high_resolution_le_50pct",1,FALSE,"4","4","ENSE00003558404"
"HOMDEL_cluster_0011","HOMDEL","HETDEL",FALSE,"CNA_event_000021","PASKWG",0.654135338345865,"moderate_resolution_50_75pct",5,TRUE,"4;5;6;8;9","4;5;6;8;9","ENSE00003468993;ENSE00003558404;ENSE00003604670;ENSE00003651348;ENSE00003663409"
"HOMDEL_cluster_0011","HOMDEL","HETDEL",FALSE,"CNA_event_000023","PASLXY",0.345864661654135,"high_resolution_le_50pct",1,FALSE,"1","1","ENSE00001136349"
"HOMDEL_cluster_0011","HOMDEL","HETDEL",FALSE,"CNA_event_000024","PASPDS",0.355054302422723,"high_resolution_le_50pct",2,TRUE,"4;5","4;5","ENSE00003558404;ENSE00003663409"
"HOMDEL_cluster_0011","HOMDEL","HETDEL",FALSE,"CNA_event_000025","PASPLG",0.425229741019215,"high_resolution_le_50pct",3,TRUE,"4;5;6","4;5;6","ENSE00003468993;ENSE00003558404;ENSE00003663409"
"HOMDEL_cluster_0011","HOMDEL","HETDEL",FALSE,"CNA_event_000026","PASPNW",0.822055137844611,"low_resolution_75_90pct",5,TRUE,"4;5;6;8;9","4;5;6;8;9","ENSE00003468993;ENSE00003558404;ENSE00003604670;ENSE00003651348;ENSE00003663409"
"HOMDEL_cluster_0011","HOMDEL","HETDEL",FALSE,"CNA_event_000028","PASRMM",0.345864661654135,"high_resolution_le_50pct",1,FALSE,"1","1","ENSE00001136349"
"HOMDEL_cluster_0011","HOMDEL","HOMDEL",TRUE,"CNA_event_000156","PASRPV",0.345864661654135,"high_resolution_le_50pct",1,FALSE,"1","1","ENSE00001136349"
"HOMDEL_cluster_0011","HOMDEL","HETDEL",FALSE,"CNA_event_000032","PASTCH",0.456975772765246,"high_resolution_le_50pct",2,TRUE,"1;4","1;4","ENSE00001136349;ENSE00003558404"
"HOMDEL_cluster_0011","HOMDEL","HETDEL",FALSE,"CNA_event_000033","PASTHE",0.425229741019215,"high_resolution_le_50pct",3,TRUE,"4;5;6","4;5;6","ENSE00003468993;ENSE00003558404;ENSE00003663409"
"HOMDEL_cluster_0011","HOMDEL","HETDEL",FALSE,"CNA_event_000034","PASUSV",0.822055137844611,"low_resolution_75_90pct",5,TRUE,"4;5;6;8;9","4;5;6;8;9","ENSE00003468993;ENSE00003558404;ENSE00003604670;ENSE00003651348;ENSE00003663409"
"HOMDEL_cluster_0011","HOMDEL","HETDEL",FALSE,"CNA_event_000038","PASWYU",0.586466165413534,"moderate_resolution_50_75pct",5,TRUE,"4;5;6;8;9","4;5;6;8;9","ENSE00003468993;ENSE00003558404;ENSE00003604670;ENSE00003651348;ENSE00003663409"
"HOMDEL_cluster_0011","HOMDEL","HETDEL",FALSE,"CNA_event_000039","PASYNX",0.360066833751044,"high_resolution_le_50pct",3,TRUE,"4;5;6","4;5;6","ENSE00003468993;ENSE00003558404;ENSE00003663409"
"HOMDEL_cluster_0011","HOMDEL","HETDEL",FALSE,"CNA_event_000042","PASYWF",0.654135338345865,"moderate_resolution_50_75pct",5,TRUE,"4;5;6;8;9","4;5;6;8;9","ENSE00003468993;ENSE00003558404;ENSE00003604670;ENSE00003651348;ENSE00003663409"
"HOMDEL_cluster_0011","HOMDEL","HETDEL",FALSE,"CNA_event_000044","PATALF",0.425229741019215,"high_resolution_le_50pct",3,TRUE,"4;5;6","4;5;6","ENSE00003468993;ENSE00003558404;ENSE00003663409"
"HOMDEL_cluster_0011","HOMDEL","HETDEL",FALSE,"CNA_event_000046","PATCTR",0.257309941520468,"high_resolution_le_50pct",3,TRUE,"4;5;6","4;5;6","ENSE00003468993;ENSE00003558404;ENSE00003663409"
"HOMDEL_cluster_0011","HOMDEL","HOMDEL",TRUE,"CNA_event_000159","PATCTR",0.345864661654135,"high_resolution_le_50pct",1,FALSE,"1","1","ENSE00001136349"
"HOMDEL_cluster_0011","HOMDEL","HETDEL",FALSE,"CNA_event_000050","PATHFE",0.822055137844611,"low_resolution_75_90pct",5,TRUE,"4;5;6;8;9","4;5;6;8;9","ENSE00003468993;ENSE00003558404;ENSE00003604670;ENSE00003651348;ENSE00003663409"
"HOMDEL_cluster_0011","HOMDEL","HETDEL",FALSE,"CNA_event_000052","PATJLY",0.355054302422723,"high_resolution_le_50pct",2,TRUE,"4;5","4;5","ENSE00003558404;ENSE00003663409"
"HOMDEL_cluster_0011","HOMDEL","HETDEL",FALSE,"CNA_event_000054","PATKZH",0.345864661654135,"high_resolution_le_50pct",1,FALSE,"1","1","ENSE00001136349"
"HOMDEL_cluster_0011","HOMDEL","HETDEL",FALSE,"CNA_event_000055","PATLLH",0.425229741019215,"high_resolution_le_50pct",3,TRUE,"4;5;6","4;5;6","ENSE00003468993;ENSE00003558404;ENSE00003663409"
"HOMDEL_cluster_0011","HOMDEL","HETDEL",FALSE,"CNA_event_000056","PATNAM",0.233918128654971,"high_resolution_le_50pct",1,FALSE,"1","1","ENSE00001136349"
"HOMDEL_cluster_0011","HOMDEL","HETDEL",FALSE,"CNA_event_000057","PATPDA",0.664160401002506,"moderate_resolution_50_75pct",4,TRUE,"4;5;6;8","4;5;6;8","ENSE00003468993;ENSE00003558404;ENSE00003604670;ENSE00003663409"
"HOMDEL_cluster_0011","HOMDEL","HETDEL",FALSE,"CNA_event_000059","PATRKV",0.223057644110276,"high_resolution_le_50pct",1,FALSE,"4","4","ENSE00003558404"
"HOMDEL_cluster_0011","HOMDEL","HETDEL",FALSE,"CNA_event_000060","PATSPG",0.345864661654135,"high_resolution_le_50pct",1,FALSE,"1","1","ENSE00001136349"
"HOMDEL_cluster_0011","HOMDEL","HETDEL",FALSE,"CNA_event_000070","PAUCDC",0.822055137844611,"low_resolution_75_90pct",5,TRUE,"4;5;6;8;9","4;5;6;8;9","ENSE00003468993;ENSE00003558404;ENSE00003604670;ENSE00003651348;ENSE00003663409"
"HOMDEL_cluster_0011","HOMDEL","HETDEL",FALSE,"CNA_event_000072","PAUEUC",0.177944862155388,"high_resolution_le_50pct",1,FALSE,"1","1","ENSE00001136349"
"HOMDEL_cluster_0011","HOMDEL","HETDEL",FALSE,"CNA_event_000075","PAUEXN",0.206349206349206,"high_resolution_le_50pct",1,FALSE,"1","1","ENSE00001136349"
"HOMDEL_cluster_0011","HOMDEL","HETDEL",FALSE,"CNA_event_000078","PAUGLY",0.345864661654135,"high_resolution_le_50pct",1,FALSE,"1","1","ENSE00001136349"
"HOMDEL_cluster_0011","HOMDEL","HETDEL",FALSE,"CNA_event_000079","PAUIEM",0.654135338345865,"moderate_resolution_50_75pct",5,TRUE,"4;5;6;8;9","4;5;6;8;9","ENSE00003468993;ENSE00003558404;ENSE00003604670;ENSE00003651348;ENSE00003663409"
"HOMDEL_cluster_0011","HOMDEL","HETDEL",FALSE,"CNA_event_000081","PAUJVL",0.345864661654135,"high_resolution_le_50pct",1,FALSE,"1","1","ENSE00001136349"
"HOMDEL_cluster_0011","HOMDEL","HETDEL",FALSE,"CNA_event_000083","PAUKZJ",0.608187134502924,"moderate_resolution_50_75pct",4,TRUE,"4;5;6;8","4;5;6;8","ENSE00003468993;ENSE00003558404;ENSE00003604670;ENSE00003663409"
"HOMDEL_cluster_0011","HOMDEL","HETDEL",FALSE,"CNA_event_000085","PAULGX",0.238930659983292,"high_resolution_le_50pct",1,FALSE,"8","8","ENSE00003604670"
"HOMDEL_cluster_0011","HOMDEL","HOMDEL",TRUE,"CNA_event_000167","PAULGX",0.603174603174603,"moderate_resolution_50_75pct",4,TRUE,"1;4;5;6","1;4;5;6","ENSE00001136349;ENSE00003468993;ENSE00003558404;ENSE00003663409"
"HOMDEL_cluster_0011","HOMDEL","HOMDEL",TRUE,"CNA_event_000168","PAUMIB",0.345864661654135,"high_resolution_le_50pct",1,FALSE,"1","1","ENSE00001136349"
"HOMDEL_cluster_0011","HOMDEL","HETDEL",FALSE,"CNA_event_000087","PAUMLX",0.345864661654135,"high_resolution_le_50pct",1,FALSE,"1","1","ENSE00001136349"
"HOMDEL_cluster_0011","HOMDEL","HETDEL",FALSE,"CNA_event_000088","PAUMXB",0.345864661654135,"high_resolution_le_50pct",1,FALSE,"1","1","ENSE00001136349"
"HOMDEL_cluster_0011","HOMDEL","HETDEL",FALSE,"CNA_event_000091","PAUSIS",0.822055137844611,"low_resolution_75_90pct",5,TRUE,"4;5;6;8;9","4;5;6;8;9","ENSE00003468993;ENSE00003558404;ENSE00003604670;ENSE00003651348;ENSE00003663409"
"HOMDEL_cluster_0011","HOMDEL","HETDEL",FALSE,"CNA_event_000093","PAUTUL",0.664160401002506,"moderate_resolution_50_75pct",4,TRUE,"4;5;6;8","4;5;6;8","ENSE00003468993;ENSE00003558404;ENSE00003604670;ENSE00003663409"
"HOMDEL_cluster_0011","HOMDEL","HETDEL",FALSE,"CNA_event_000097","PAUWXI",0.822055137844611,"low_resolution_75_90pct",5,TRUE,"4;5;6;8;9","4;5;6;8;9","ENSE00003468993;ENSE00003558404;ENSE00003604670;ENSE00003651348;ENSE00003663409"
"HOMDEL_cluster_0011","HOMDEL","HETDEL",FALSE,"CNA_event_000100","PAUXRM",0.279030910609858,"high_resolution_le_50pct",1,FALSE,"4","4","ENSE00003558404"
"HOMDEL_cluster_0011","HOMDEL","HETDEL",FALSE,"CNA_event_000101","PAUXYI",0.355054302422723,"high_resolution_le_50pct",2,TRUE,"4;5","4;5","ENSE00003558404;ENSE00003663409"
"HOMDEL_cluster_0011","HOMDEL","HETDEL",FALSE,"CNA_event_000102","PAUYJF",0.425229741019215,"high_resolution_le_50pct",3,TRUE,"4;5;6","4;5;6","ENSE00003468993;ENSE00003558404;ENSE00003663409"
"HOMDEL_cluster_0011","HOMDEL","HETDEL",FALSE,"CNA_event_000110","PAVKCV",0.177944862155388,"high_resolution_le_50pct",1,FALSE,"1","1","ENSE00001136349"
"HOMDEL_cluster_0011","HOMDEL","HETDEL",FALSE,"CNA_event_000116","PAVMPT",0.279030910609858,"high_resolution_le_50pct",1,FALSE,"4","4","ENSE00003558404"
"HOMDEL_cluster_0011","HOMDEL","HETDEL",FALSE,"CNA_event_000120","PAVPCB",0.206349206349206,"high_resolution_le_50pct",1,FALSE,"1","1","ENSE00001136349"
"HOMDEL_cluster_0011","HOMDEL","HETDEL",FALSE,"CNA_event_000121","PAVRXK",0.932330827067669,"very_low_resolution_90_lt_100pct",6,TRUE,"1;4;5;6;8;9","1;4;5;6;8;9","ENSE00001136349;ENSE00003468993;ENSE00003558404;ENSE00003604670;ENSE00003651348;ENSE00003663409"
"HOMDEL_cluster_0011","HOMDEL","HETDEL",FALSE,"CNA_event_000122","PAVVBE",0.177944862155388,"high_resolution_le_50pct",1,FALSE,"1","1","ENSE00001136349"
"HOMDEL_cluster_0011","HOMDEL","HOMDEL",TRUE,"CNA_event_000175","PAVVBE",0.754385964912281,"low_resolution_75_90pct",5,TRUE,"4;5;6;8;9","4;5;6;8;9","ENSE00003468993;ENSE00003558404;ENSE00003604670;ENSE00003651348;ENSE00003663409"
"HOMDEL_cluster_0011","HOMDEL","HETDEL",FALSE,"CNA_event_000123","PAVVDS",0.257309941520468,"high_resolution_le_50pct",3,TRUE,"4;5;6","4;5;6","ENSE00003468993;ENSE00003558404;ENSE00003663409"
"HOMDEL_cluster_0011","HOMDEL","HETDEL",FALSE,"CNA_event_000125","PAVWNL",0.345864661654135,"high_resolution_le_50pct",1,FALSE,"1","1","ENSE00001136349"
"HOMDEL_cluster_0011","HOMDEL","HETDEL",FALSE,"CNA_event_000126","PAVYAZ",0.177944862155388,"high_resolution_le_50pct",1,FALSE,"1","1","ENSE00001136349"
"HOMDEL_cluster_0011","HOMDEL","HETDEL",FALSE,"CNA_event_000130","PAVZCF",0.425229741019215,"high_resolution_le_50pct",3,TRUE,"4;5;6","4;5;6","ENSE00003468993;ENSE00003558404;ENSE00003663409"
"HOMDEL_cluster_0011","HOMDEL","HETDEL",FALSE,"CNA_event_000136","PAWDWJ",0.822055137844611,"low_resolution_75_90pct",5,TRUE,"4;5;6;8;9","4;5;6;8;9","ENSE00003468993;ENSE00003558404;ENSE00003604670;ENSE00003651348;ENSE00003663409"
"HOMDEL_cluster_0011","HOMDEL","HETDEL",FALSE,"CNA_event_000139","PAWESJ",0.345864661654135,"high_resolution_le_50pct",1,FALSE,"1","1","ENSE00001136349"
"HOMDEL_cluster_0011","HOMDEL","HETDEL",FALSE,"CNA_event_000140","PAWETD",0.822055137844611,"low_resolution_75_90pct",5,TRUE,"4;5;6;8;9","4;5;6;8;9","ENSE00003468993;ENSE00003558404;ENSE00003604670;ENSE00003651348;ENSE00003663409"
"HOMDEL_cluster_0011","HOMDEL","HETDEL",FALSE,"CNA_event_000141","PAWFNJ",0.345864661654135,"high_resolution_le_50pct",1,FALSE,"1","1","ENSE00001136349"
"HOMDEL_cluster_0011","HOMDEL","HETDEL",FALSE,"CNA_event_000142","PAWFWF",0.345864661654135,"high_resolution_le_50pct",1,FALSE,"1","1","ENSE00001136349"
"HOMDEL_cluster_0011","HOMDEL","HETDEL",FALSE,"CNA_event_000145","PAWGXM",0.496240601503759,"high_resolution_le_50pct",4,TRUE,"4;5;6;8","4;5;6;8","ENSE00003468993;ENSE00003558404;ENSE00003604670;ENSE00003663409"
"HOMDEL_cluster_0011","HOMDEL","HETDEL",FALSE,"CNA_event_000147","PAWIWS",0.355054302422723,"high_resolution_le_50pct",2,TRUE,"4;5","4;5","ENSE00003558404;ENSE00003663409"
"HOMDEL_cluster_0011","HOMDEL","HETDEL",FALSE,"CNA_event_000149","PAWJYN",0.345864661654135,"high_resolution_le_50pct",1,FALSE,"1","1","ENSE00001136349"
"HOMDEL_cluster_0012","HOMDEL","HETDEL",FALSE,"CNA_event_000007","PARSNX",0.289891395154553,"high_resolution_le_50pct",1,FALSE,"1","1","ENSE00001136349"
"HOMDEL_cluster_0012","HOMDEL","HETDEL",FALSE,"CNA_event_000013","PASILW",0.177944862155388,"high_resolution_le_50pct",1,FALSE,"1","1","ENSE00001136349"
"HOMDEL_cluster_0012","HOMDEL","HETDEL",FALSE,"CNA_event_000015","PASINX",0.345864661654135,"high_resolution_le_50pct",1,FALSE,"1","1","ENSE00001136349"
"HOMDEL_cluster_0012","HOMDEL","HETDEL",FALSE,"CNA_event_000023","PASLXY",0.345864661654135,"high_resolution_le_50pct",1,FALSE,"1","1","ENSE00001136349"
"HOMDEL_cluster_0012","HOMDEL","HETDEL",FALSE,"CNA_event_000028","PASRMM",0.345864661654135,"high_resolution_le_50pct",1,FALSE,"1","1","ENSE00001136349"
"HOMDEL_cluster_0012","HOMDEL","HOMDEL",TRUE,"CNA_event_000156","PASRPV",0.345864661654135,"high_resolution_le_50pct",1,FALSE,"1","1","ENSE00001136349"
"HOMDEL_cluster_0012","HOMDEL","HETDEL",FALSE,"CNA_event_000032","PASTCH",0.456975772765246,"high_resolution_le_50pct",1,FALSE,"1","1","ENSE00001136349"
"HOMDEL_cluster_0012","HOMDEL","HOMDEL",TRUE,"CNA_event_000159","PATCTR",0.345864661654135,"high_resolution_le_50pct",1,FALSE,"1","1","ENSE00001136349"
"HOMDEL_cluster_0012","HOMDEL","HETDEL",FALSE,"CNA_event_000054","PATKZH",0.345864661654135,"high_resolution_le_50pct",1,FALSE,"1","1","ENSE00001136349"
"HOMDEL_cluster_0012","HOMDEL","HETDEL",FALSE,"CNA_event_000056","PATNAM",0.233918128654971,"high_resolution_le_50pct",1,FALSE,"1","1","ENSE00001136349"
"HOMDEL_cluster_0012","HOMDEL","HETDEL",FALSE,"CNA_event_000060","PATSPG",0.345864661654135,"high_resolution_le_50pct",1,FALSE,"1","1","ENSE00001136349"
"HOMDEL_cluster_0012","HOMDEL","HETDEL",FALSE,"CNA_event_000072","PAUEUC",0.177944862155388,"high_resolution_le_50pct",1,FALSE,"1","1","ENSE00001136349"
"HOMDEL_cluster_0012","HOMDEL","HETDEL",FALSE,"CNA_event_000075","PAUEXN",0.206349206349206,"high_resolution_le_50pct",1,FALSE,"1","1","ENSE00001136349"
"HOMDEL_cluster_0012","HOMDEL","HETDEL",FALSE,"CNA_event_000078","PAUGLY",0.345864661654135,"high_resolution_le_50pct",1,FALSE,"1","1","ENSE00001136349"
"HOMDEL_cluster_0012","HOMDEL","HETDEL",FALSE,"CNA_event_000081","PAUJVL",0.345864661654135,"high_resolution_le_50pct",1,FALSE,"1","1","ENSE00001136349"
"HOMDEL_cluster_0012","HOMDEL","HOMDEL",TRUE,"CNA_event_000167","PAULGX",0.603174603174603,"moderate_resolution_50_75pct",1,FALSE,"1","1","ENSE00001136349"
"HOMDEL_cluster_0012","HOMDEL","HOMDEL",TRUE,"CNA_event_000168","PAUMIB",0.345864661654135,"high_resolution_le_50pct",1,FALSE,"1","1","ENSE00001136349"
"HOMDEL_cluster_0012","HOMDEL","HETDEL",FALSE,"CNA_event_000087","PAUMLX",0.345864661654135,"high_resolution_le_50pct",1,FALSE,"1","1","ENSE00001136349"
"HOMDEL_cluster_0012","HOMDEL","HETDEL",FALSE,"CNA_event_000088","PAUMXB",0.345864661654135,"high_resolution_le_50pct",1,FALSE,"1","1","ENSE00001136349"
"HOMDEL_cluster_0012","HOMDEL","HETDEL",FALSE,"CNA_event_000110","PAVKCV",0.177944862155388,"high_resolution_le_50pct",1,FALSE,"1","1","ENSE00001136349"
"HOMDEL_cluster_0012","HOMDEL","HETDEL",FALSE,"CNA_event_000120","PAVPCB",0.206349206349206,"high_resolution_le_50pct",1,FALSE,"1","1","ENSE00001136349"
"HOMDEL_cluster_0012","HOMDEL","HETDEL",FALSE,"CNA_event_000121","PAVRXK",0.932330827067669,"very_low_resolution_90_lt_100pct",1,FALSE,"1","1","ENSE00001136349"
"HOMDEL_cluster_0012","HOMDEL","HETDEL",FALSE,"CNA_event_000122","PAVVBE",0.177944862155388,"high_resolution_le_50pct",1,FALSE,"1","1","ENSE00001136349"
"HOMDEL_cluster_0012","HOMDEL","HETDEL",FALSE,"CNA_event_000125","PAVWNL",0.345864661654135,"high_resolution_le_50pct",1,FALSE,"1","1","ENSE00001136349"
"HOMDEL_cluster_0012","HOMDEL","HETDEL",FALSE,"CNA_event_000126","PAVYAZ",0.177944862155388,"high_resolution_le_50pct",1,FALSE,"1","1","ENSE00001136349"
"HOMDEL_cluster_0012","HOMDEL","HETDEL",FALSE,"CNA_event_000139","PAWESJ",0.345864661654135,"high_resolution_le_50pct",1,FALSE,"1","1","ENSE00001136349"
"HOMDEL_cluster_0012","HOMDEL","HETDEL",FALSE,"CNA_event_000141","PAWFNJ",0.345864661654135,"high_resolution_le_50pct",1,FALSE,"1","1","ENSE00001136349"
"HOMDEL_cluster_0012","HOMDEL","HETDEL",FALSE,"CNA_event_000142","PAWFWF",0.345864661654135,"high_resolution_le_50pct",1,FALSE,"1","1","ENSE00001136349"
"HOMDEL_cluster_0012","HOMDEL","HETDEL",FALSE,"CNA_event_000149","PAWJYN",0.345864661654135,"high_resolution_le_50pct",1,FALSE,"1","1","ENSE00001136349"
"HOMDEL_cluster_0013","HOMDEL","HETDEL",FALSE,"CNA_event_000001","PARFLD",0.167919799498747,"high_resolution_le_50pct",1,FALSE,"2","2","ENSE00003638064"
"HOMDEL_cluster_0013","HOMDEL","HETDEL",FALSE,"CNA_event_000002","PARJAY",0.167919799498747,"high_resolution_le_50pct",1,FALSE,"2","2","ENSE00003638064"
"HOMDEL_cluster_0013","HOMDEL","HETDEL",FALSE,"CNA_event_000003","PARJPL",0.167919799498747,"high_resolution_le_50pct",1,FALSE,"2","2","ENSE00003638064"
"HOMDEL_cluster_0013","HOMDEL","HETDEL",FALSE,"CNA_event_000004","PARNXJ",0.822055137844611,"low_resolution_75_90pct",1,FALSE,"2","2","ENSE00003638064"
"HOMDEL_cluster_0013","HOMDEL","HETDEL",FALSE,"CNA_event_000005","PARPET",0.167919799498747,"high_resolution_le_50pct",1,FALSE,"2","2","ENSE00003638064"
"HOMDEL_cluster_0013","HOMDEL","HOMDEL",TRUE,"CNA_event_000150","PARSLA",0.167919799498747,"high_resolution_le_50pct",1,FALSE,"2","2","ENSE00003638064"
"HOMDEL_cluster_0013","HOMDEL","HETDEL",FALSE,"CNA_event_000007","PARSNX",0.289891395154553,"high_resolution_le_50pct",1,FALSE,"2","2","ENSE00003638064"
"HOMDEL_cluster_0013","HOMDEL","HOMDEL",TRUE,"CNA_event_000151","PARWNW",0.167919799498747,"high_resolution_le_50pct",1,FALSE,"2","2","ENSE00003638064"
"HOMDEL_cluster_0013","HOMDEL","HETDEL",FALSE,"CNA_event_000009","PARXDJ",0.167919799498747,"high_resolution_le_50pct",1,FALSE,"2","2","ENSE00003638064"
"HOMDEL_cluster_0013","HOMDEL","HETDEL",FALSE,"CNA_event_000010","PARXPZ",0.822055137844611,"low_resolution_75_90pct",1,FALSE,"2","2","ENSE00003638064"
"HOMDEL_cluster_0013","HOMDEL","HETDEL",FALSE,"CNA_event_000011","PASGDZ",0.167919799498747,"high_resolution_le_50pct",1,FALSE,"2","2","ENSE00003638064"
"HOMDEL_cluster_0013","HOMDEL","HETDEL",FALSE,"CNA_event_000012","PASGUH",0.167919799498747,"high_resolution_le_50pct",1,FALSE,"2","2","ENSE00003638064"
"HOMDEL_cluster_0013","HOMDEL","HOMDEL",TRUE,"CNA_event_000152","PASILW",0.167919799498747,"high_resolution_le_50pct",1,FALSE,"2","2","ENSE00003638064"
"HOMDEL_cluster_0013","HOMDEL","HETDEL",FALSE,"CNA_event_000015","PASINX",0.345864661654135,"high_resolution_le_50pct",1,FALSE,"2","2","ENSE00003638064"
"HOMDEL_cluster_0013","HOMDEL","HETDEL",FALSE,"CNA_event_000017","PASIPN",0.0559732664995823,"high_resolution_le_50pct",1,FALSE,"2","2","ENSE00003638064"
"HOMDEL_cluster_0013","HOMDEL","HETDEL",FALSE,"CNA_event_000018","PASJGV",0.167919799498747,"high_resolution_le_50pct",1,FALSE,"2","2","ENSE00003638064"
"HOMDEL_cluster_0013","HOMDEL","HOMDEL",TRUE,"CNA_event_000153","PASKAD",0.167919799498747,"high_resolution_le_50pct",1,FALSE,"2","2","ENSE00003638064"
"HOMDEL_cluster_0013","HOMDEL","HOMDEL",TRUE,"CNA_event_000154","PASKLU",0.167919799498747,"high_resolution_le_50pct",1,FALSE,"2","2","ENSE00003638064"
"HOMDEL_cluster_0013","HOMDEL","HOMDEL",TRUE,"CNA_event_000155","PASKWG",0.167919799498747,"high_resolution_le_50pct",1,FALSE,"2","2","ENSE00003638064"
"HOMDEL_cluster_0013","HOMDEL","HETDEL",FALSE,"CNA_event_000022","PASKXA",0.167919799498747,"high_resolution_le_50pct",1,FALSE,"2","2","ENSE00003638064"
"HOMDEL_cluster_0013","HOMDEL","HETDEL",FALSE,"CNA_event_000023","PASLXY",0.345864661654135,"high_resolution_le_50pct",1,FALSE,"2","2","ENSE00003638064"
"HOMDEL_cluster_0013","HOMDEL","HETDEL",FALSE,"CNA_event_000024","PASPDS",0.355054302422723,"high_resolution_le_50pct",1,FALSE,"2","2","ENSE00003638064"
"HOMDEL_cluster_0013","HOMDEL","HETDEL",FALSE,"CNA_event_000025","PASPLG",0.425229741019215,"high_resolution_le_50pct",1,FALSE,"2","2","ENSE00003638064"
"HOMDEL_cluster_0013","HOMDEL","HETDEL",FALSE,"CNA_event_000026","PASPNW",0.822055137844611,"low_resolution_75_90pct",1,FALSE,"2","2","ENSE00003638064"
"HOMDEL_cluster_0013","HOMDEL","HETDEL",FALSE,"CNA_event_000027","PASRAF",0.167919799498747,"high_resolution_le_50pct",1,FALSE,"2","2","ENSE00003638064"
"HOMDEL_cluster_0013","HOMDEL","HETDEL",FALSE,"CNA_event_000028","PASRMM",0.345864661654135,"high_resolution_le_50pct",1,FALSE,"2","2","ENSE00003638064"
"HOMDEL_cluster_0013","HOMDEL","HOMDEL",TRUE,"CNA_event_000156","PASRPV",0.345864661654135,"high_resolution_le_50pct",1,FALSE,"2","2","ENSE00003638064"
"HOMDEL_cluster_0013","HOMDEL","HETDEL",FALSE,"CNA_event_000030","PASRSE",0.167919799498747,"high_resolution_le_50pct",1,FALSE,"2","2","ENSE00003638064"
"HOMDEL_cluster_0013","HOMDEL","HETDEL",FALSE,"CNA_event_000031","PASRUK",0.167919799498747,"high_resolution_le_50pct",1,FALSE,"2","2","ENSE00003638064"
"HOMDEL_cluster_0013","HOMDEL","HETDEL",FALSE,"CNA_event_000032","PASTCH",0.456975772765246,"high_resolution_le_50pct",1,FALSE,"2","2","ENSE00003638064"
"HOMDEL_cluster_0013","HOMDEL","HETDEL",FALSE,"CNA_event_000033","PASTHE",0.425229741019215,"high_resolution_le_50pct",1,FALSE,"2","2","ENSE00003638064"
"HOMDEL_cluster_0013","HOMDEL","HETDEL",FALSE,"CNA_event_000034","PASUSV",0.822055137844611,"low_resolution_75_90pct",1,FALSE,"2","2","ENSE00003638064"
"HOMDEL_cluster_0013","HOMDEL","HETDEL",FALSE,"CNA_event_000035","PASVWH",0.167919799498747,"high_resolution_le_50pct",1,FALSE,"2","2","ENSE00003638064"
"HOMDEL_cluster_0013","HOMDEL","HETDEL",FALSE,"CNA_event_000036","PASVZJ",0.167919799498747,"high_resolution_le_50pct",1,FALSE,"2","2","ENSE00003638064"
"HOMDEL_cluster_0013","HOMDEL","HETDEL",FALSE,"CNA_event_000037","PASWXB",0.167919799498747,"high_resolution_le_50pct",1,FALSE,"2","2","ENSE00003638064"
"HOMDEL_cluster_0013","HOMDEL","HOMDEL",TRUE,"CNA_event_000157","PASWYU",0.167919799498747,"high_resolution_le_50pct",1,FALSE,"2","2","ENSE00003638064"
"HOMDEL_cluster_0013","HOMDEL","HETDEL",FALSE,"CNA_event_000040","PASYSJ",0.167919799498747,"high_resolution_le_50pct",1,FALSE,"2","2","ENSE00003638064"
"HOMDEL_cluster_0013","HOMDEL","HETDEL",FALSE,"CNA_event_000041","PASYVU",0.167919799498747,"high_resolution_le_50pct",1,FALSE,"2","2","ENSE00003638064"
"HOMDEL_cluster_0013","HOMDEL","HOMDEL",TRUE,"CNA_event_000158","PASYWF",0.167919799498747,"high_resolution_le_50pct",1,FALSE,"2","2","ENSE00003638064"
"HOMDEL_cluster_0013","HOMDEL","HETDEL",FALSE,"CNA_event_000043","PASZAY",0.167919799498747,"high_resolution_le_50pct",1,FALSE,"2","2","ENSE00003638064"
"HOMDEL_cluster_0013","HOMDEL","HETDEL",FALSE,"CNA_event_000044","PATALF",0.425229741019215,"high_resolution_le_50pct",1,FALSE,"2","2","ENSE00003638064"
"HOMDEL_cluster_0013","HOMDEL","HETDEL",FALSE,"CNA_event_000045","PATBTX",0.167919799498747,"high_resolution_le_50pct",1,FALSE,"2","2","ENSE00003638064"
"HOMDEL_cluster_0013","HOMDEL","HOMDEL",TRUE,"CNA_event_000159","PATCTR",0.345864661654135,"high_resolution_le_50pct",1,FALSE,"2","2","ENSE00003638064"
"HOMDEL_cluster_0013","HOMDEL","HETDEL",FALSE,"CNA_event_000047","PATDTN",0.167919799498747,"high_resolution_le_50pct",1,FALSE,"2","2","ENSE00003638064"
"HOMDEL_cluster_0013","HOMDEL","HETDEL",FALSE,"CNA_event_000048","PATFPU",0.167919799498747,"high_resolution_le_50pct",1,FALSE,"2","2","ENSE00003638064"
"HOMDEL_cluster_0013","HOMDEL","HOMDEL",TRUE,"CNA_event_000160","PATGBY",0.167919799498747,"high_resolution_le_50pct",1,FALSE,"2","2","ENSE00003638064"
"HOMDEL_cluster_0013","HOMDEL","HETDEL",FALSE,"CNA_event_000050","PATHFE",0.822055137844611,"low_resolution_75_90pct",1,FALSE,"2","2","ENSE00003638064"
"HOMDEL_cluster_0013","HOMDEL","HETDEL",FALSE,"CNA_event_000052","PATJLY",0.355054302422723,"high_resolution_le_50pct",1,FALSE,"2","2","ENSE00003638064"
"HOMDEL_cluster_0013","HOMDEL","HOMDEL",TRUE,"CNA_event_000161","PATJRX",0.167919799498747,"high_resolution_le_50pct",1,FALSE,"2","2","ENSE00003638064"
"HOMDEL_cluster_0013","HOMDEL","HOMDEL",TRUE,"CNA_event_000162","PATKVD",0.167919799498747,"high_resolution_le_50pct",1,FALSE,"2","2","ENSE00003638064"
"HOMDEL_cluster_0013","HOMDEL","HETDEL",FALSE,"CNA_event_000054","PATKZH",0.345864661654135,"high_resolution_le_50pct",1,FALSE,"2","2","ENSE00003638064"
"HOMDEL_cluster_0013","HOMDEL","HETDEL",FALSE,"CNA_event_000055","PATLLH",0.425229741019215,"high_resolution_le_50pct",1,FALSE,"2","2","ENSE00003638064"
"HOMDEL_cluster_0013","HOMDEL","HETDEL",FALSE,"CNA_event_000056","PATNAM",0.233918128654971,"high_resolution_le_50pct",1,FALSE,"2","2","ENSE00003638064"
"HOMDEL_cluster_0013","HOMDEL","HETDEL",FALSE,"CNA_event_000057","PATPDA",0.664160401002506,"moderate_resolution_50_75pct",1,FALSE,"2","2","ENSE00003638064"
"HOMDEL_cluster_0013","HOMDEL","HETDEL",FALSE,"CNA_event_000058","PATRAB",0.167919799498747,"high_resolution_le_50pct",1,FALSE,"2","2","ENSE00003638064"
"HOMDEL_cluster_0013","HOMDEL","HETDEL",FALSE,"CNA_event_000060","PATSPG",0.345864661654135,"high_resolution_le_50pct",1,FALSE,"2","2","ENSE00003638064"
"HOMDEL_cluster_0013","HOMDEL","HETDEL",FALSE,"CNA_event_000061","PATWJU",0.167919799498747,"high_resolution_le_50pct",1,FALSE,"2","2","ENSE00003638064"
"HOMDEL_cluster_0013","HOMDEL","HOMDEL",TRUE,"CNA_event_000163","PATYWV",0.167919799498747,"high_resolution_le_50pct",1,FALSE,"2","2","ENSE00003638064"
"HOMDEL_cluster_0013","HOMDEL","HETDEL",FALSE,"CNA_event_000063","PATZST",0.167919799498747,"high_resolution_le_50pct",1,FALSE,"2","2","ENSE00003638064"
"HOMDEL_cluster_0013","HOMDEL","HETDEL",FALSE,"CNA_event_000064","PATZYR",0.167919799498747,"high_resolution_le_50pct",1,FALSE,"2","2","ENSE00003638064"
"HOMDEL_cluster_0013","HOMDEL","HETDEL",FALSE,"CNA_event_000065","PAUAKN",0.167919799498747,"high_resolution_le_50pct",1,FALSE,"2","2","ENSE00003638064"
"HOMDEL_cluster_0013","HOMDEL","HETDEL",FALSE,"CNA_event_000066","PAUAZV",0.167919799498747,"high_resolution_le_50pct",1,FALSE,"2","2","ENSE00003638064"
"HOMDEL_cluster_0013","HOMDEL","HETDEL",FALSE,"CNA_event_000067","PAUBCT",0.167919799498747,"high_resolution_le_50pct",1,FALSE,"2","2","ENSE00003638064"
"HOMDEL_cluster_0013","HOMDEL","HOMDEL",TRUE,"CNA_event_000164","PAUBTC",0.167919799498747,"high_resolution_le_50pct",1,FALSE,"2","2","ENSE00003638064"
"HOMDEL_cluster_0013","HOMDEL","HETDEL",FALSE,"CNA_event_000070","PAUCDC",0.822055137844611,"low_resolution_75_90pct",1,FALSE,"2","2","ENSE00003638064"
"HOMDEL_cluster_0013","HOMDEL","HETDEL",FALSE,"CNA_event_000071","PAUEDT",0.167919799498747,"high_resolution_le_50pct",1,FALSE,"2","2","ENSE00003638064"
"HOMDEL_cluster_0013","HOMDEL","HOMDEL",TRUE,"CNA_event_000165","PAUEUC",0.167919799498747,"high_resolution_le_50pct",1,FALSE,"2","2","ENSE00003638064"
"HOMDEL_cluster_0013","HOMDEL","HETDEL",FALSE,"CNA_event_000074","PAUEVJ",0.167919799498747,"high_resolution_le_50pct",1,FALSE,"2","2","ENSE00003638064"
"HOMDEL_cluster_0013","HOMDEL","HETDEL",FALSE,"CNA_event_000075","PAUEXN",0.206349206349206,"high_resolution_le_50pct",1,FALSE,"2","2","ENSE00003638064"
"HOMDEL_cluster_0013","HOMDEL","HETDEL",FALSE,"CNA_event_000077","PAUGDT",0.167919799498747,"high_resolution_le_50pct",1,FALSE,"2","2","ENSE00003638064"
"HOMDEL_cluster_0013","HOMDEL","HETDEL",FALSE,"CNA_event_000078","PAUGLY",0.345864661654135,"high_resolution_le_50pct",1,FALSE,"2","2","ENSE00003638064"
"HOMDEL_cluster_0013","HOMDEL","HOMDEL",TRUE,"CNA_event_000166","PAUIEM",0.167919799498747,"high_resolution_le_50pct",1,FALSE,"2","2","ENSE00003638064"
"HOMDEL_cluster_0013","HOMDEL","HETDEL",FALSE,"CNA_event_000080","PAUIFA",0.167919799498747,"high_resolution_le_50pct",1,FALSE,"2","2","ENSE00003638064"
"HOMDEL_cluster_0013","HOMDEL","HETDEL",FALSE,"CNA_event_000081","PAUJVL",0.345864661654135,"high_resolution_le_50pct",1,FALSE,"2","2","ENSE00003638064"
"HOMDEL_cluster_0013","HOMDEL","HETDEL",FALSE,"CNA_event_000084","PAULCK",0.167919799498747,"high_resolution_le_50pct",1,FALSE,"2","2","ENSE00003638064"
"HOMDEL_cluster_0013","HOMDEL","HOMDEL",TRUE,"CNA_event_000167","PAULGX",0.603174603174603,"moderate_resolution_50_75pct",1,FALSE,"2","2","ENSE00003638064"
"HOMDEL_cluster_0013","HOMDEL","HOMDEL",TRUE,"CNA_event_000168","PAUMIB",0.345864661654135,"high_resolution_le_50pct",1,FALSE,"2","2","ENSE00003638064"
"HOMDEL_cluster_0013","HOMDEL","HETDEL",FALSE,"CNA_event_000087","PAUMLX",0.345864661654135,"high_resolution_le_50pct",1,FALSE,"2","2","ENSE00003638064"
"HOMDEL_cluster_0013","HOMDEL","HETDEL",FALSE,"CNA_event_000088","PAUMXB",0.345864661654135,"high_resolution_le_50pct",1,FALSE,"2","2","ENSE00003638064"
"HOMDEL_cluster_0013","HOMDEL","HETDEL",FALSE,"CNA_event_000089","PAUPUW",0.167919799498747,"high_resolution_le_50pct",1,FALSE,"2","2","ENSE00003638064"
"HOMDEL_cluster_0013","HOMDEL","HETDEL",FALSE,"CNA_event_000090","PAURLU",0.167919799498747,"high_resolution_le_50pct",1,FALSE,"2","2","ENSE00003638064"
"HOMDEL_cluster_0013","HOMDEL","HETDEL",FALSE,"CNA_event_000091","PAUSIS",0.822055137844611,"low_resolution_75_90pct",1,FALSE,"2","2","ENSE00003638064"
"HOMDEL_cluster_0013","HOMDEL","HETDEL",FALSE,"CNA_event_000092","PAUTBB",0.167919799498747,"high_resolution_le_50pct",1,FALSE,"2","2","ENSE00003638064"
"HOMDEL_cluster_0013","HOMDEL","HETDEL",FALSE,"CNA_event_000093","PAUTUL",0.664160401002506,"moderate_resolution_50_75pct",1,FALSE,"2","2","ENSE00003638064"
"HOMDEL_cluster_0013","HOMDEL","HETDEL",FALSE,"CNA_event_000094","PAUUAL",0.167919799498747,"high_resolution_le_50pct",1,FALSE,"2","2","ENSE00003638064"
"HOMDEL_cluster_0013","HOMDEL","HOMDEL",TRUE,"CNA_event_000169","PAUUBG",0.167919799498747,"high_resolution_le_50pct",1,FALSE,"2","2","ENSE00003638064"
"HOMDEL_cluster_0013","HOMDEL","HETDEL",FALSE,"CNA_event_000095","PAUUIK",0.167919799498747,"high_resolution_le_50pct",1,FALSE,"2","2","ENSE00003638064"
"HOMDEL_cluster_0013","HOMDEL","HETDEL",FALSE,"CNA_event_000096","PAUWMZ",0.167919799498747,"high_resolution_le_50pct",1,FALSE,"2","2","ENSE00003638064"
"HOMDEL_cluster_0013","HOMDEL","HETDEL",FALSE,"CNA_event_000097","PAUWXI",0.822055137844611,"low_resolution_75_90pct",1,FALSE,"2","2","ENSE00003638064"
"HOMDEL_cluster_0013","HOMDEL","HETDEL",FALSE,"CNA_event_000098","PAUXCW",0.167919799498747,"high_resolution_le_50pct",1,FALSE,"2","2","ENSE00003638064"
"HOMDEL_cluster_0013","HOMDEL","HETDEL",FALSE,"CNA_event_000099","PAUXKE",0.167919799498747,"high_resolution_le_50pct",1,FALSE,"2","2","ENSE00003638064"
"HOMDEL_cluster_0013","HOMDEL","HETDEL",FALSE,"CNA_event_000100","PAUXRM",0.279030910609858,"high_resolution_le_50pct",1,FALSE,"2","2","ENSE00003638064"
"HOMDEL_cluster_0013","HOMDEL","HETDEL",FALSE,"CNA_event_000101","PAUXYI",0.355054302422723,"high_resolution_le_50pct",1,FALSE,"2","2","ENSE00003638064"
"HOMDEL_cluster_0013","HOMDEL","HETDEL",FALSE,"CNA_event_000102","PAUYJF",0.425229741019215,"high_resolution_le_50pct",1,FALSE,"2","2","ENSE00003638064"
"HOMDEL_cluster_0013","HOMDEL","HOMDEL",TRUE,"CNA_event_000170","PAVBFC",0.167919799498747,"high_resolution_le_50pct",1,FALSE,"2","2","ENSE00003638064"
"HOMDEL_cluster_0013","HOMDEL","HETDEL",FALSE,"CNA_event_000104","PAVCRK",0.167919799498747,"high_resolution_le_50pct",1,FALSE,"2","2","ENSE00003638064"
"HOMDEL_cluster_0013","HOMDEL","HOMDEL",TRUE,"CNA_event_000171","PAVESF",0.167919799498747,"high_resolution_le_50pct",1,FALSE,"2","2","ENSE00003638064"
"HOMDEL_cluster_0013","HOMDEL","HETDEL",FALSE,"CNA_event_000105","PAVFAX",0.167919799498747,"high_resolution_le_50pct",1,FALSE,"2","2","ENSE00003638064"
"HOMDEL_cluster_0013","HOMDEL","HETDEL",FALSE,"CNA_event_000106","PAVHAA",0.167919799498747,"high_resolution_le_50pct",1,FALSE,"2","2","ENSE00003638064"
"HOMDEL_cluster_0013","HOMDEL","HETDEL",FALSE,"CNA_event_000107","PAVHBL",0.167919799498747,"high_resolution_le_50pct",1,FALSE,"2","2","ENSE00003638064"
"HOMDEL_cluster_0013","HOMDEL","HETDEL",FALSE,"CNA_event_000108","PAVHGX",0.167919799498747,"high_resolution_le_50pct",1,FALSE,"2","2","ENSE00003638064"
"HOMDEL_cluster_0013","HOMDEL","HOMDEL",TRUE,"CNA_event_000172","PAVKCV",0.167919799498747,"high_resolution_le_50pct",1,FALSE,"2","2","ENSE00003638064"
"HOMDEL_cluster_0013","HOMDEL","HETDEL",FALSE,"CNA_event_000112","PAVKPV",0.167919799498747,"high_resolution_le_50pct",1,FALSE,"2","2","ENSE00003638064"
"HOMDEL_cluster_0013","HOMDEL","HOMDEL",TRUE,"CNA_event_000173","PAVKWV",0.167919799498747,"high_resolution_le_50pct",1,FALSE,"2","2","ENSE00003638064"
"HOMDEL_cluster_0013","HOMDEL","HETDEL",FALSE,"CNA_event_000114","PAVLLU",0.167919799498747,"high_resolution_le_50pct",1,FALSE,"2","2","ENSE00003638064"
"HOMDEL_cluster_0013","HOMDEL","HOMDEL",TRUE,"CNA_event_000174","PAVLMY",0.167919799498747,"high_resolution_le_50pct",1,FALSE,"2","2","ENSE00003638064"
"HOMDEL_cluster_0013","HOMDEL","HETDEL",FALSE,"CNA_event_000115","PAVMKN",0.167919799498747,"high_resolution_le_50pct",1,FALSE,"2","2","ENSE00003638064"
"HOMDEL_cluster_0013","HOMDEL","HETDEL",FALSE,"CNA_event_000116","PAVMPT",0.279030910609858,"high_resolution_le_50pct",1,FALSE,"2","2","ENSE00003638064"
"HOMDEL_cluster_0013","HOMDEL","HETDEL",FALSE,"CNA_event_000117","PAVNGZ",0.167919799498747,"high_resolution_le_50pct",1,FALSE,"2","2","ENSE00003638064"
"HOMDEL_cluster_0013","HOMDEL","HETDEL",FALSE,"CNA_event_000119","PAVNTB",0.167919799498747,"high_resolution_le_50pct",1,FALSE,"2","2","ENSE00003638064"
"HOMDEL_cluster_0013","HOMDEL","HETDEL",FALSE,"CNA_event_000120","PAVPCB",0.206349206349206,"high_resolution_le_50pct",1,FALSE,"2","2","ENSE00003638064"
"HOMDEL_cluster_0013","HOMDEL","HETDEL",FALSE,"CNA_event_000121","PAVRXK",0.932330827067669,"very_low_resolution_90_lt_100pct",1,FALSE,"2","2","ENSE00003638064"
"HOMDEL_cluster_0013","HOMDEL","HOMDEL",TRUE,"CNA_event_000175","PAVVBE",0.754385964912281,"low_resolution_75_90pct",1,FALSE,"2","2","ENSE00003638064"
"HOMDEL_cluster_0013","HOMDEL","HOMDEL",TRUE,"CNA_event_000176","PAVVDS",0.167919799498747,"high_resolution_le_50pct",1,FALSE,"2","2","ENSE00003638064"
"HOMDEL_cluster_0013","HOMDEL","HETDEL",FALSE,"CNA_event_000124","PAVWDF",0.167919799498747,"high_resolution_le_50pct",1,FALSE,"2","2","ENSE00003638064"
"HOMDEL_cluster_0013","HOMDEL","HETDEL",FALSE,"CNA_event_000125","PAVWNL",0.345864661654135,"high_resolution_le_50pct",1,FALSE,"2","2","ENSE00003638064"
"HOMDEL_cluster_0013","HOMDEL","HOMDEL",TRUE,"CNA_event_000177","PAVYAZ",0.167919799498747,"high_resolution_le_50pct",1,FALSE,"2","2","ENSE00003638064"
"HOMDEL_cluster_0013","HOMDEL","HOMDEL",TRUE,"CNA_event_000178","PAVYGR",0.167919799498747,"high_resolution_le_50pct",1,FALSE,"2","2","ENSE00003638064"
"HOMDEL_cluster_0013","HOMDEL","HETDEL",FALSE,"CNA_event_000129","PAVYTZ",0.167919799498747,"high_resolution_le_50pct",1,FALSE,"2","2","ENSE00003638064"
"HOMDEL_cluster_0013","HOMDEL","HETDEL",FALSE,"CNA_event_000130","PAVZCF",0.425229741019215,"high_resolution_le_50pct",1,FALSE,"2","2","ENSE00003638064"
"HOMDEL_cluster_0013","HOMDEL","HETDEL",FALSE,"CNA_event_000131","PAWAIM",0.167919799498747,"high_resolution_le_50pct",1,FALSE,"2","2","ENSE00003638064"
"HOMDEL_cluster_0013","HOMDEL","HETDEL",FALSE,"CNA_event_000132","PAWAIN",0.167919799498747,"high_resolution_le_50pct",1,FALSE,"2","2","ENSE00003638064"
"HOMDEL_cluster_0013","HOMDEL","HETDEL",FALSE,"CNA_event_000133","PAWAKA",0.167919799498747,"high_resolution_le_50pct",1,FALSE,"2","2","ENSE00003638064"
"HOMDEL_cluster_0013","HOMDEL","HETDEL",FALSE,"CNA_event_000134","PAWDEK",0.167919799498747,"high_resolution_le_50pct",1,FALSE,"2","2","ENSE00003638064"
"HOMDEL_cluster_0013","HOMDEL","HETDEL",FALSE,"CNA_event_000135","PAWDMI",0.167919799498747,"high_resolution_le_50pct",1,FALSE,"2","2","ENSE00003638064"
"HOMDEL_cluster_0013","HOMDEL","HETDEL",FALSE,"CNA_event_000136","PAWDWJ",0.822055137844611,"low_resolution_75_90pct",1,FALSE,"2","2","ENSE00003638064"
"HOMDEL_cluster_0013","HOMDEL","HETDEL",FALSE,"CNA_event_000137","PAWEEC",0.167919799498747,"high_resolution_le_50pct",1,FALSE,"2","2","ENSE00003638064"
"HOMDEL_cluster_0013","HOMDEL","HETDEL",FALSE,"CNA_event_000139","PAWESJ",0.345864661654135,"high_resolution_le_50pct",1,FALSE,"2","2","ENSE00003638064"
"HOMDEL_cluster_0013","HOMDEL","HETDEL",FALSE,"CNA_event_000140","PAWETD",0.822055137844611,"low_resolution_75_90pct",1,FALSE,"2","2","ENSE00003638064"
"HOMDEL_cluster_0013","HOMDEL","HETDEL",FALSE,"CNA_event_000141","PAWFNJ",0.345864661654135,"high_resolution_le_50pct",1,FALSE,"2","2","ENSE00003638064"
"HOMDEL_cluster_0013","HOMDEL","HETDEL",FALSE,"CNA_event_000142","PAWFWF",0.345864661654135,"high_resolution_le_50pct",1,FALSE,"2","2","ENSE00003638064"
"HOMDEL_cluster_0013","HOMDEL","HETDEL",FALSE,"CNA_event_000143","PAWGCK",0.167919799498747,"high_resolution_le_50pct",1,FALSE,"2","2","ENSE00003638064"
"HOMDEL_cluster_0013","HOMDEL","HETDEL",FALSE,"CNA_event_000144","PAWGIT",0.167919799498747,"high_resolution_le_50pct",1,FALSE,"2","2","ENSE00003638064"
"HOMDEL_cluster_0013","HOMDEL","HETDEL",FALSE,"CNA_event_000146","PAWGZM",0.167919799498747,"high_resolution_le_50pct",1,FALSE,"2","2","ENSE00003638064"
"HOMDEL_cluster_0013","HOMDEL","HETDEL",FALSE,"CNA_event_000147","PAWIWS",0.355054302422723,"high_resolution_le_50pct",1,FALSE,"2","2","ENSE00003638064"
"HOMDEL_cluster_0013","HOMDEL","HETDEL",FALSE,"CNA_event_000148","PAWJKX",0.167919799498747,"high_resolution_le_50pct",1,FALSE,"2","2","ENSE00003638064"
"HOMDEL_cluster_0013","HOMDEL","HETDEL",FALSE,"CNA_event_000149","PAWJYN",0.345864661654135,"high_resolution_le_50pct",1,FALSE,"2","2","ENSE00003638064"
"HOMDEL_cluster_0013","HOMDEL","HOMDEL",TRUE,"CNA_event_000179","PAWKAN",0.167919799498747,"high_resolution_le_50pct",1,FALSE,"2","2","ENSE00003638064"
"HOMDEL_cluster_0014","HOMDEL","HETDEL",FALSE,"CNA_event_000001","PARFLD",0.167919799498747,"high_resolution_le_50pct",1,FALSE,"3","3","ENSE00003515141"
"HOMDEL_cluster_0014","HOMDEL","HETDEL",FALSE,"CNA_event_000002","PARJAY",0.167919799498747,"high_resolution_le_50pct",1,FALSE,"3","3","ENSE00003515141"
"HOMDEL_cluster_0014","HOMDEL","HETDEL",FALSE,"CNA_event_000003","PARJPL",0.167919799498747,"high_resolution_le_50pct",1,FALSE,"3","3","ENSE00003515141"
"HOMDEL_cluster_0014","HOMDEL","HETDEL",FALSE,"CNA_event_000004","PARNXJ",0.822055137844611,"low_resolution_75_90pct",1,FALSE,"3","3","ENSE00003515141"
"HOMDEL_cluster_0014","HOMDEL","HETDEL",FALSE,"CNA_event_000005","PARPET",0.167919799498747,"high_resolution_le_50pct",1,FALSE,"3","3","ENSE00003515141"
"HOMDEL_cluster_0014","HOMDEL","HOMDEL",TRUE,"CNA_event_000150","PARSLA",0.167919799498747,"high_resolution_le_50pct",1,FALSE,"3","3","ENSE00003515141"
"HOMDEL_cluster_0014","HOMDEL","HETDEL",FALSE,"CNA_event_000007","PARSNX",0.289891395154553,"high_resolution_le_50pct",1,FALSE,"3","3","ENSE00003515141"
"HOMDEL_cluster_0014","HOMDEL","HOMDEL",TRUE,"CNA_event_000151","PARWNW",0.167919799498747,"high_resolution_le_50pct",1,FALSE,"3","3","ENSE00003515141"
"HOMDEL_cluster_0014","HOMDEL","HETDEL",FALSE,"CNA_event_000009","PARXDJ",0.167919799498747,"high_resolution_le_50pct",1,FALSE,"3","3","ENSE00003515141"
"HOMDEL_cluster_0014","HOMDEL","HETDEL",FALSE,"CNA_event_000010","PARXPZ",0.822055137844611,"low_resolution_75_90pct",1,FALSE,"3","3","ENSE00003515141"
"HOMDEL_cluster_0014","HOMDEL","HETDEL",FALSE,"CNA_event_000011","PASGDZ",0.167919799498747,"high_resolution_le_50pct",1,FALSE,"3","3","ENSE00003515141"
"HOMDEL_cluster_0014","HOMDEL","HETDEL",FALSE,"CNA_event_000012","PASGUH",0.167919799498747,"high_resolution_le_50pct",1,FALSE,"3","3","ENSE00003515141"
"HOMDEL_cluster_0014","HOMDEL","HOMDEL",TRUE,"CNA_event_000152","PASILW",0.167919799498747,"high_resolution_le_50pct",1,FALSE,"3","3","ENSE00003515141"
"HOMDEL_cluster_0014","HOMDEL","HETDEL",FALSE,"CNA_event_000015","PASINX",0.345864661654135,"high_resolution_le_50pct",1,FALSE,"3","3","ENSE00003515141"
"HOMDEL_cluster_0014","HOMDEL","HETDEL",FALSE,"CNA_event_000016","PASIPN",0.111946532999165,"high_resolution_le_50pct",1,FALSE,"3","3","ENSE00003515141"
"HOMDEL_cluster_0014","HOMDEL","HETDEL",FALSE,"CNA_event_000018","PASJGV",0.167919799498747,"high_resolution_le_50pct",1,FALSE,"3","3","ENSE00003515141"
"HOMDEL_cluster_0014","HOMDEL","HOMDEL",TRUE,"CNA_event_000153","PASKAD",0.167919799498747,"high_resolution_le_50pct",1,FALSE,"3","3","ENSE00003515141"
"HOMDEL_cluster_0014","HOMDEL","HOMDEL",TRUE,"CNA_event_000154","PASKLU",0.167919799498747,"high_resolution_le_50pct",1,FALSE,"3","3","ENSE00003515141"
"HOMDEL_cluster_0014","HOMDEL","HOMDEL",TRUE,"CNA_event_000155","PASKWG",0.167919799498747,"high_resolution_le_50pct",1,FALSE,"3","3","ENSE00003515141"
"HOMDEL_cluster_0014","HOMDEL","HETDEL",FALSE,"CNA_event_000022","PASKXA",0.167919799498747,"high_resolution_le_50pct",1,FALSE,"3","3","ENSE00003515141"
"HOMDEL_cluster_0014","HOMDEL","HETDEL",FALSE,"CNA_event_000023","PASLXY",0.345864661654135,"high_resolution_le_50pct",1,FALSE,"3","3","ENSE00003515141"
"HOMDEL_cluster_0014","HOMDEL","HETDEL",FALSE,"CNA_event_000024","PASPDS",0.355054302422723,"high_resolution_le_50pct",1,FALSE,"3","3","ENSE00003515141"
"HOMDEL_cluster_0014","HOMDEL","HETDEL",FALSE,"CNA_event_000025","PASPLG",0.425229741019215,"high_resolution_le_50pct",1,FALSE,"3","3","ENSE00003515141"
"HOMDEL_cluster_0014","HOMDEL","HETDEL",FALSE,"CNA_event_000026","PASPNW",0.822055137844611,"low_resolution_75_90pct",1,FALSE,"3","3","ENSE00003515141"
"HOMDEL_cluster_0014","HOMDEL","HETDEL",FALSE,"CNA_event_000027","PASRAF",0.167919799498747,"high_resolution_le_50pct",1,FALSE,"3","3","ENSE00003515141"
"HOMDEL_cluster_0014","HOMDEL","HETDEL",FALSE,"CNA_event_000028","PASRMM",0.345864661654135,"high_resolution_le_50pct",1,FALSE,"3","3","ENSE00003515141"
"HOMDEL_cluster_0014","HOMDEL","HOMDEL",TRUE,"CNA_event_000156","PASRPV",0.345864661654135,"high_resolution_le_50pct",1,FALSE,"3","3","ENSE00003515141"
"HOMDEL_cluster_0014","HOMDEL","HETDEL",FALSE,"CNA_event_000030","PASRSE",0.167919799498747,"high_resolution_le_50pct",1,FALSE,"3","3","ENSE00003515141"
"HOMDEL_cluster_0014","HOMDEL","HETDEL",FALSE,"CNA_event_000031","PASRUK",0.167919799498747,"high_resolution_le_50pct",1,FALSE,"3","3","ENSE00003515141"
"HOMDEL_cluster_0014","HOMDEL","HETDEL",FALSE,"CNA_event_000032","PASTCH",0.456975772765246,"high_resolution_le_50pct",1,FALSE,"3","3","ENSE00003515141"
"HOMDEL_cluster_0014","HOMDEL","HETDEL",FALSE,"CNA_event_000033","PASTHE",0.425229741019215,"high_resolution_le_50pct",1,FALSE,"3","3","ENSE00003515141"
"HOMDEL_cluster_0014","HOMDEL","HETDEL",FALSE,"CNA_event_000034","PASUSV",0.822055137844611,"low_resolution_75_90pct",1,FALSE,"3","3","ENSE00003515141"
"HOMDEL_cluster_0014","HOMDEL","HETDEL",FALSE,"CNA_event_000035","PASVWH",0.167919799498747,"high_resolution_le_50pct",1,FALSE,"3","3","ENSE00003515141"
"HOMDEL_cluster_0014","HOMDEL","HETDEL",FALSE,"CNA_event_000036","PASVZJ",0.167919799498747,"high_resolution_le_50pct",1,FALSE,"3","3","ENSE00003515141"
"HOMDEL_cluster_0014","HOMDEL","HETDEL",FALSE,"CNA_event_000037","PASWXB",0.167919799498747,"high_resolution_le_50pct",1,FALSE,"3","3","ENSE00003515141"
"HOMDEL_cluster_0014","HOMDEL","HOMDEL",TRUE,"CNA_event_000157","PASWYU",0.167919799498747,"high_resolution_le_50pct",1,FALSE,"3","3","ENSE00003515141"
"HOMDEL_cluster_0014","HOMDEL","HETDEL",FALSE,"CNA_event_000040","PASYSJ",0.167919799498747,"high_resolution_le_50pct",1,FALSE,"3","3","ENSE00003515141"
"HOMDEL_cluster_0014","HOMDEL","HETDEL",FALSE,"CNA_event_000041","PASYVU",0.167919799498747,"high_resolution_le_50pct",1,FALSE,"3","3","ENSE00003515141"
"HOMDEL_cluster_0014","HOMDEL","HOMDEL",TRUE,"CNA_event_000158","PASYWF",0.167919799498747,"high_resolution_le_50pct",1,FALSE,"3","3","ENSE00003515141"
"HOMDEL_cluster_0014","HOMDEL","HETDEL",FALSE,"CNA_event_000043","PASZAY",0.167919799498747,"high_resolution_le_50pct",1,FALSE,"3","3","ENSE00003515141"
"HOMDEL_cluster_0014","HOMDEL","HETDEL",FALSE,"CNA_event_000044","PATALF",0.425229741019215,"high_resolution_le_50pct",1,FALSE,"3","3","ENSE00003515141"
"HOMDEL_cluster_0014","HOMDEL","HETDEL",FALSE,"CNA_event_000045","PATBTX",0.167919799498747,"high_resolution_le_50pct",1,FALSE,"3","3","ENSE00003515141"
"HOMDEL_cluster_0014","HOMDEL","HOMDEL",TRUE,"CNA_event_000159","PATCTR",0.345864661654135,"high_resolution_le_50pct",1,FALSE,"3","3","ENSE00003515141"
"HOMDEL_cluster_0014","HOMDEL","HETDEL",FALSE,"CNA_event_000047","PATDTN",0.167919799498747,"high_resolution_le_50pct",1,FALSE,"3","3","ENSE00003515141"
"HOMDEL_cluster_0014","HOMDEL","HETDEL",FALSE,"CNA_event_000048","PATFPU",0.167919799498747,"high_resolution_le_50pct",1,FALSE,"3","3","ENSE00003515141"
"HOMDEL_cluster_0014","HOMDEL","HOMDEL",TRUE,"CNA_event_000160","PATGBY",0.167919799498747,"high_resolution_le_50pct",1,FALSE,"3","3","ENSE00003515141"
"HOMDEL_cluster_0014","HOMDEL","HETDEL",FALSE,"CNA_event_000050","PATHFE",0.822055137844611,"low_resolution_75_90pct",1,FALSE,"3","3","ENSE00003515141"
"HOMDEL_cluster_0014","HOMDEL","HETDEL",FALSE,"CNA_event_000052","PATJLY",0.355054302422723,"high_resolution_le_50pct",1,FALSE,"3","3","ENSE00003515141"
"HOMDEL_cluster_0014","HOMDEL","HOMDEL",TRUE,"CNA_event_000161","PATJRX",0.167919799498747,"high_resolution_le_50pct",1,FALSE,"3","3","ENSE00003515141"
"HOMDEL_cluster_0014","HOMDEL","HOMDEL",TRUE,"CNA_event_000162","PATKVD",0.167919799498747,"high_resolution_le_50pct",1,FALSE,"3","3","ENSE00003515141"
"HOMDEL_cluster_0014","HOMDEL","HETDEL",FALSE,"CNA_event_000054","PATKZH",0.345864661654135,"high_resolution_le_50pct",1,FALSE,"3","3","ENSE00003515141"
"HOMDEL_cluster_0014","HOMDEL","HETDEL",FALSE,"CNA_event_000055","PATLLH",0.425229741019215,"high_resolution_le_50pct",1,FALSE,"3","3","ENSE00003515141"
"HOMDEL_cluster_0014","HOMDEL","HETDEL",FALSE,"CNA_event_000057","PATPDA",0.664160401002506,"moderate_resolution_50_75pct",1,FALSE,"3","3","ENSE00003515141"
"HOMDEL_cluster_0014","HOMDEL","HETDEL",FALSE,"CNA_event_000058","PATRAB",0.167919799498747,"high_resolution_le_50pct",1,FALSE,"3","3","ENSE00003515141"
"HOMDEL_cluster_0014","HOMDEL","HETDEL",FALSE,"CNA_event_000059","PATRKV",0.223057644110276,"high_resolution_le_50pct",1,FALSE,"3","3","ENSE00003515141"
"HOMDEL_cluster_0014","HOMDEL","HETDEL",FALSE,"CNA_event_000060","PATSPG",0.345864661654135,"high_resolution_le_50pct",1,FALSE,"3","3","ENSE00003515141"
"HOMDEL_cluster_0014","HOMDEL","HETDEL",FALSE,"CNA_event_000061","PATWJU",0.167919799498747,"high_resolution_le_50pct",1,FALSE,"3","3","ENSE00003515141"
"HOMDEL_cluster_0014","HOMDEL","HOMDEL",TRUE,"CNA_event_000163","PATYWV",0.167919799498747,"high_resolution_le_50pct",1,FALSE,"3","3","ENSE00003515141"
"HOMDEL_cluster_0014","HOMDEL","HETDEL",FALSE,"CNA_event_000063","PATZST",0.167919799498747,"high_resolution_le_50pct",1,FALSE,"3","3","ENSE00003515141"
"HOMDEL_cluster_0014","HOMDEL","HETDEL",FALSE,"CNA_event_000064","PATZYR",0.167919799498747,"high_resolution_le_50pct",1,FALSE,"3","3","ENSE00003515141"
"HOMDEL_cluster_0014","HOMDEL","HETDEL",FALSE,"CNA_event_000065","PAUAKN",0.167919799498747,"high_resolution_le_50pct",1,FALSE,"3","3","ENSE00003515141"
"HOMDEL_cluster_0014","HOMDEL","HETDEL",FALSE,"CNA_event_000066","PAUAZV",0.167919799498747,"high_resolution_le_50pct",1,FALSE,"3","3","ENSE00003515141"
"HOMDEL_cluster_0014","HOMDEL","HETDEL",FALSE,"CNA_event_000067","PAUBCT",0.167919799498747,"high_resolution_le_50pct",1,FALSE,"3","3","ENSE00003515141"
"HOMDEL_cluster_0014","HOMDEL","HOMDEL",TRUE,"CNA_event_000164","PAUBTC",0.167919799498747,"high_resolution_le_50pct",1,FALSE,"3","3","ENSE00003515141"
"HOMDEL_cluster_0014","HOMDEL","HETDEL",FALSE,"CNA_event_000070","PAUCDC",0.822055137844611,"low_resolution_75_90pct",1,FALSE,"3","3","ENSE00003515141"
"HOMDEL_cluster_0014","HOMDEL","HETDEL",FALSE,"CNA_event_000071","PAUEDT",0.167919799498747,"high_resolution_le_50pct",1,FALSE,"3","3","ENSE00003515141"
"HOMDEL_cluster_0014","HOMDEL","HOMDEL",TRUE,"CNA_event_000165","PAUEUC",0.167919799498747,"high_resolution_le_50pct",1,FALSE,"3","3","ENSE00003515141"
"HOMDEL_cluster_0014","HOMDEL","HETDEL",FALSE,"CNA_event_000074","PAUEVJ",0.167919799498747,"high_resolution_le_50pct",1,FALSE,"3","3","ENSE00003515141"
"HOMDEL_cluster_0014","HOMDEL","HETDEL",FALSE,"CNA_event_000075","PAUEXN",0.206349206349206,"high_resolution_le_50pct",1,FALSE,"3","3","ENSE00003515141"
"HOMDEL_cluster_0014","HOMDEL","HETDEL",FALSE,"CNA_event_000077","PAUGDT",0.167919799498747,"high_resolution_le_50pct",1,FALSE,"3","3","ENSE00003515141"
"HOMDEL_cluster_0014","HOMDEL","HETDEL",FALSE,"CNA_event_000078","PAUGLY",0.345864661654135,"high_resolution_le_50pct",1,FALSE,"3","3","ENSE00003515141"
"HOMDEL_cluster_0014","HOMDEL","HOMDEL",TRUE,"CNA_event_000166","PAUIEM",0.167919799498747,"high_resolution_le_50pct",1,FALSE,"3","3","ENSE00003515141"
"HOMDEL_cluster_0014","HOMDEL","HETDEL",FALSE,"CNA_event_000080","PAUIFA",0.167919799498747,"high_resolution_le_50pct",1,FALSE,"3","3","ENSE00003515141"
"HOMDEL_cluster_0014","HOMDEL","HETDEL",FALSE,"CNA_event_000081","PAUJVL",0.345864661654135,"high_resolution_le_50pct",1,FALSE,"3","3","ENSE00003515141"
"HOMDEL_cluster_0014","HOMDEL","HETDEL",FALSE,"CNA_event_000083","PAUKZJ",0.608187134502924,"moderate_resolution_50_75pct",1,FALSE,"3","3","ENSE00003515141"
"HOMDEL_cluster_0014","HOMDEL","HETDEL",FALSE,"CNA_event_000084","PAULCK",0.167919799498747,"high_resolution_le_50pct",1,FALSE,"3","3","ENSE00003515141"
"HOMDEL_cluster_0014","HOMDEL","HOMDEL",TRUE,"CNA_event_000167","PAULGX",0.603174603174603,"moderate_resolution_50_75pct",1,FALSE,"3","3","ENSE00003515141"
"HOMDEL_cluster_0014","HOMDEL","HOMDEL",TRUE,"CNA_event_000168","PAUMIB",0.345864661654135,"high_resolution_le_50pct",1,FALSE,"3","3","ENSE00003515141"
"HOMDEL_cluster_0014","HOMDEL","HETDEL",FALSE,"CNA_event_000087","PAUMLX",0.345864661654135,"high_resolution_le_50pct",1,FALSE,"3","3","ENSE00003515141"
"HOMDEL_cluster_0014","HOMDEL","HETDEL",FALSE,"CNA_event_000088","PAUMXB",0.345864661654135,"high_resolution_le_50pct",1,FALSE,"3","3","ENSE00003515141"
"HOMDEL_cluster_0014","HOMDEL","HETDEL",FALSE,"CNA_event_000089","PAUPUW",0.167919799498747,"high_resolution_le_50pct",1,FALSE,"3","3","ENSE00003515141"
"HOMDEL_cluster_0014","HOMDEL","HETDEL",FALSE,"CNA_event_000090","PAURLU",0.167919799498747,"high_resolution_le_50pct",1,FALSE,"3","3","ENSE00003515141"
"HOMDEL_cluster_0014","HOMDEL","HETDEL",FALSE,"CNA_event_000091","PAUSIS",0.822055137844611,"low_resolution_75_90pct",1,FALSE,"3","3","ENSE00003515141"
"HOMDEL_cluster_0014","HOMDEL","HETDEL",FALSE,"CNA_event_000092","PAUTBB",0.167919799498747,"high_resolution_le_50pct",1,FALSE,"3","3","ENSE00003515141"
"HOMDEL_cluster_0014","HOMDEL","HETDEL",FALSE,"CNA_event_000093","PAUTUL",0.664160401002506,"moderate_resolution_50_75pct",1,FALSE,"3","3","ENSE00003515141"
"HOMDEL_cluster_0014","HOMDEL","HETDEL",FALSE,"CNA_event_000094","PAUUAL",0.167919799498747,"high_resolution_le_50pct",1,FALSE,"3","3","ENSE00003515141"
"HOMDEL_cluster_0014","HOMDEL","HOMDEL",TRUE,"CNA_event_000169","PAUUBG",0.167919799498747,"high_resolution_le_50pct",1,FALSE,"3","3","ENSE00003515141"
"HOMDEL_cluster_0014","HOMDEL","HETDEL",FALSE,"CNA_event_000095","PAUUIK",0.167919799498747,"high_resolution_le_50pct",1,FALSE,"3","3","ENSE00003515141"
"HOMDEL_cluster_0014","HOMDEL","HETDEL",FALSE,"CNA_event_000096","PAUWMZ",0.167919799498747,"high_resolution_le_50pct",1,FALSE,"3","3","ENSE00003515141"
"HOMDEL_cluster_0014","HOMDEL","HETDEL",FALSE,"CNA_event_000097","PAUWXI",0.822055137844611,"low_resolution_75_90pct",1,FALSE,"3","3","ENSE00003515141"
"HOMDEL_cluster_0014","HOMDEL","HETDEL",FALSE,"CNA_event_000098","PAUXCW",0.167919799498747,"high_resolution_le_50pct",1,FALSE,"3","3","ENSE00003515141"
"HOMDEL_cluster_0014","HOMDEL","HETDEL",FALSE,"CNA_event_000099","PAUXKE",0.167919799498747,"high_resolution_le_50pct",1,FALSE,"3","3","ENSE00003515141"
"HOMDEL_cluster_0014","HOMDEL","HETDEL",FALSE,"CNA_event_000100","PAUXRM",0.279030910609858,"high_resolution_le_50pct",1,FALSE,"3","3","ENSE00003515141"
"HOMDEL_cluster_0014","HOMDEL","HETDEL",FALSE,"CNA_event_000101","PAUXYI",0.355054302422723,"high_resolution_le_50pct",1,FALSE,"3","3","ENSE00003515141"
"HOMDEL_cluster_0014","HOMDEL","HETDEL",FALSE,"CNA_event_000102","PAUYJF",0.425229741019215,"high_resolution_le_50pct",1,FALSE,"3","3","ENSE00003515141"
"HOMDEL_cluster_0014","HOMDEL","HOMDEL",TRUE,"CNA_event_000170","PAVBFC",0.167919799498747,"high_resolution_le_50pct",1,FALSE,"3","3","ENSE00003515141"
"HOMDEL_cluster_0014","HOMDEL","HETDEL",FALSE,"CNA_event_000104","PAVCRK",0.167919799498747,"high_resolution_le_50pct",1,FALSE,"3","3","ENSE00003515141"
"HOMDEL_cluster_0014","HOMDEL","HOMDEL",TRUE,"CNA_event_000171","PAVESF",0.167919799498747,"high_resolution_le_50pct",1,FALSE,"3","3","ENSE00003515141"
"HOMDEL_cluster_0014","HOMDEL","HETDEL",FALSE,"CNA_event_000105","PAVFAX",0.167919799498747,"high_resolution_le_50pct",1,FALSE,"3","3","ENSE00003515141"
"HOMDEL_cluster_0014","HOMDEL","HETDEL",FALSE,"CNA_event_000106","PAVHAA",0.167919799498747,"high_resolution_le_50pct",1,FALSE,"3","3","ENSE00003515141"
"HOMDEL_cluster_0014","HOMDEL","HETDEL",FALSE,"CNA_event_000107","PAVHBL",0.167919799498747,"high_resolution_le_50pct",1,FALSE,"3","3","ENSE00003515141"
"HOMDEL_cluster_0014","HOMDEL","HETDEL",FALSE,"CNA_event_000108","PAVHGX",0.167919799498747,"high_resolution_le_50pct",1,FALSE,"3","3","ENSE00003515141"
"HOMDEL_cluster_0014","HOMDEL","HOMDEL",TRUE,"CNA_event_000172","PAVKCV",0.167919799498747,"high_resolution_le_50pct",1,FALSE,"3","3","ENSE00003515141"
"HOMDEL_cluster_0014","HOMDEL","HETDEL",FALSE,"CNA_event_000112","PAVKPV",0.167919799498747,"high_resolution_le_50pct",1,FALSE,"3","3","ENSE00003515141"
"HOMDEL_cluster_0014","HOMDEL","HOMDEL",TRUE,"CNA_event_000173","PAVKWV",0.167919799498747,"high_resolution_le_50pct",1,FALSE,"3","3","ENSE00003515141"
"HOMDEL_cluster_0014","HOMDEL","HETDEL",FALSE,"CNA_event_000114","PAVLLU",0.167919799498747,"high_resolution_le_50pct",1,FALSE,"3","3","ENSE00003515141"
"HOMDEL_cluster_0014","HOMDEL","HOMDEL",TRUE,"CNA_event_000174","PAVLMY",0.167919799498747,"high_resolution_le_50pct",1,FALSE,"3","3","ENSE00003515141"
"HOMDEL_cluster_0014","HOMDEL","HETDEL",FALSE,"CNA_event_000115","PAVMKN",0.167919799498747,"high_resolution_le_50pct",1,FALSE,"3","3","ENSE00003515141"
"HOMDEL_cluster_0014","HOMDEL","HETDEL",FALSE,"CNA_event_000116","PAVMPT",0.279030910609858,"high_resolution_le_50pct",1,FALSE,"3","3","ENSE00003515141"
"HOMDEL_cluster_0014","HOMDEL","HETDEL",FALSE,"CNA_event_000117","PAVNGZ",0.167919799498747,"high_resolution_le_50pct",1,FALSE,"3","3","ENSE00003515141"
"HOMDEL_cluster_0014","HOMDEL","HETDEL",FALSE,"CNA_event_000119","PAVNTB",0.167919799498747,"high_resolution_le_50pct",1,FALSE,"3","3","ENSE00003515141"
"HOMDEL_cluster_0014","HOMDEL","HETDEL",FALSE,"CNA_event_000120","PAVPCB",0.206349206349206,"high_resolution_le_50pct",1,FALSE,"3","3","ENSE00003515141"
"HOMDEL_cluster_0014","HOMDEL","HETDEL",FALSE,"CNA_event_000121","PAVRXK",0.932330827067669,"very_low_resolution_90_lt_100pct",1,FALSE,"3","3","ENSE00003515141"
"HOMDEL_cluster_0014","HOMDEL","HOMDEL",TRUE,"CNA_event_000175","PAVVBE",0.754385964912281,"low_resolution_75_90pct",1,FALSE,"3","3","ENSE00003515141"
"HOMDEL_cluster_0014","HOMDEL","HOMDEL",TRUE,"CNA_event_000176","PAVVDS",0.167919799498747,"high_resolution_le_50pct",1,FALSE,"3","3","ENSE00003515141"
"HOMDEL_cluster_0014","HOMDEL","HETDEL",FALSE,"CNA_event_000124","PAVWDF",0.167919799498747,"high_resolution_le_50pct",1,FALSE,"3","3","ENSE00003515141"
"HOMDEL_cluster_0014","HOMDEL","HETDEL",FALSE,"CNA_event_000125","PAVWNL",0.345864661654135,"high_resolution_le_50pct",1,FALSE,"3","3","ENSE00003515141"
"HOMDEL_cluster_0014","HOMDEL","HOMDEL",TRUE,"CNA_event_000177","PAVYAZ",0.167919799498747,"high_resolution_le_50pct",1,FALSE,"3","3","ENSE00003515141"
"HOMDEL_cluster_0014","HOMDEL","HOMDEL",TRUE,"CNA_event_000178","PAVYGR",0.167919799498747,"high_resolution_le_50pct",1,FALSE,"3","3","ENSE00003515141"
"HOMDEL_cluster_0014","HOMDEL","HETDEL",FALSE,"CNA_event_000129","PAVYTZ",0.167919799498747,"high_resolution_le_50pct",1,FALSE,"3","3","ENSE00003515141"
"HOMDEL_cluster_0014","HOMDEL","HETDEL",FALSE,"CNA_event_000130","PAVZCF",0.425229741019215,"high_resolution_le_50pct",1,FALSE,"3","3","ENSE00003515141"
"HOMDEL_cluster_0014","HOMDEL","HETDEL",FALSE,"CNA_event_000131","PAWAIM",0.167919799498747,"high_resolution_le_50pct",1,FALSE,"3","3","ENSE00003515141"
"HOMDEL_cluster_0014","HOMDEL","HETDEL",FALSE,"CNA_event_000132","PAWAIN",0.167919799498747,"high_resolution_le_50pct",1,FALSE,"3","3","ENSE00003515141"
"HOMDEL_cluster_0014","HOMDEL","HETDEL",FALSE,"CNA_event_000133","PAWAKA",0.167919799498747,"high_resolution_le_50pct",1,FALSE,"3","3","ENSE00003515141"
"HOMDEL_cluster_0014","HOMDEL","HETDEL",FALSE,"CNA_event_000134","PAWDEK",0.167919799498747,"high_resolution_le_50pct",1,FALSE,"3","3","ENSE00003515141"
"HOMDEL_cluster_0014","HOMDEL","HETDEL",FALSE,"CNA_event_000135","PAWDMI",0.167919799498747,"high_resolution_le_50pct",1,FALSE,"3","3","ENSE00003515141"
"HOMDEL_cluster_0014","HOMDEL","HETDEL",FALSE,"CNA_event_000136","PAWDWJ",0.822055137844611,"low_resolution_75_90pct",1,FALSE,"3","3","ENSE00003515141"
"HOMDEL_cluster_0014","HOMDEL","HETDEL",FALSE,"CNA_event_000137","PAWEEC",0.167919799498747,"high_resolution_le_50pct",1,FALSE,"3","3","ENSE00003515141"
"HOMDEL_cluster_0014","HOMDEL","HETDEL",FALSE,"CNA_event_000138","PAWEEX",0.111946532999165,"high_resolution_le_50pct",1,FALSE,"3","3","ENSE00003515141"
"HOMDEL_cluster_0014","HOMDEL","HETDEL",FALSE,"CNA_event_000139","PAWESJ",0.345864661654135,"high_resolution_le_50pct",1,FALSE,"3","3","ENSE00003515141"
"HOMDEL_cluster_0014","HOMDEL","HETDEL",FALSE,"CNA_event_000140","PAWETD",0.822055137844611,"low_resolution_75_90pct",1,FALSE,"3","3","ENSE00003515141"
"HOMDEL_cluster_0014","HOMDEL","HETDEL",FALSE,"CNA_event_000141","PAWFNJ",0.345864661654135,"high_resolution_le_50pct",1,FALSE,"3","3","ENSE00003515141"
"HOMDEL_cluster_0014","HOMDEL","HETDEL",FALSE,"CNA_event_000142","PAWFWF",0.345864661654135,"high_resolution_le_50pct",1,FALSE,"3","3","ENSE00003515141"
"HOMDEL_cluster_0014","HOMDEL","HETDEL",FALSE,"CNA_event_000143","PAWGCK",0.167919799498747,"high_resolution_le_50pct",1,FALSE,"3","3","ENSE00003515141"
"HOMDEL_cluster_0014","HOMDEL","HETDEL",FALSE,"CNA_event_000144","PAWGIT",0.167919799498747,"high_resolution_le_50pct",1,FALSE,"3","3","ENSE00003515141"
"HOMDEL_cluster_0014","HOMDEL","HETDEL",FALSE,"CNA_event_000146","PAWGZM",0.167919799498747,"high_resolution_le_50pct",1,FALSE,"3","3","ENSE00003515141"
"HOMDEL_cluster_0014","HOMDEL","HETDEL",FALSE,"CNA_event_000147","PAWIWS",0.355054302422723,"high_resolution_le_50pct",1,FALSE,"3","3","ENSE00003515141"
"HOMDEL_cluster_0014","HOMDEL","HETDEL",FALSE,"CNA_event_000148","PAWJKX",0.167919799498747,"high_resolution_le_50pct",1,FALSE,"3","3","ENSE00003515141"
"HOMDEL_cluster_0014","HOMDEL","HETDEL",FALSE,"CNA_event_000149","PAWJYN",0.345864661654135,"high_resolution_le_50pct",1,FALSE,"3","3","ENSE00003515141"
"HOMDEL_cluster_0014","HOMDEL","HOMDEL",TRUE,"CNA_event_000179","PAWKAN",0.167919799498747,"high_resolution_le_50pct",1,FALSE,"3","3","ENSE00003515141"
"HOMDEL_cluster_0015","HOMDEL","HETDEL",FALSE,"CNA_event_000004","PARNXJ",0.822055137844611,"low_resolution_75_90pct",1,FALSE,"4","4","ENSE00003558404"
"HOMDEL_cluster_0015","HOMDEL","HETDEL",FALSE,"CNA_event_000008","PARWNW",0.654135338345865,"moderate_resolution_50_75pct",1,FALSE,"4","4","ENSE00003558404"
"HOMDEL_cluster_0015","HOMDEL","HETDEL",FALSE,"CNA_event_000010","PARXPZ",0.822055137844611,"low_resolution_75_90pct",1,FALSE,"4","4","ENSE00003558404"
"HOMDEL_cluster_0015","HOMDEL","HETDEL",FALSE,"CNA_event_000019","PASKAD",0.654135338345865,"moderate_resolution_50_75pct",1,FALSE,"4","4","ENSE00003558404"
"HOMDEL_cluster_0015","HOMDEL","HETDEL",FALSE,"CNA_event_000020","PASKLU",0.111111111111111,"high_resolution_le_50pct",1,FALSE,"4","4","ENSE00003558404"
"HOMDEL_cluster_0015","HOMDEL","HETDEL",FALSE,"CNA_event_000021","PASKWG",0.654135338345865,"moderate_resolution_50_75pct",1,FALSE,"4","4","ENSE00003558404"
"HOMDEL_cluster_0015","HOMDEL","HETDEL",FALSE,"CNA_event_000024","PASPDS",0.355054302422723,"high_resolution_le_50pct",1,FALSE,"4","4","ENSE00003558404"
"HOMDEL_cluster_0015","HOMDEL","HETDEL",FALSE,"CNA_event_000025","PASPLG",0.425229741019215,"high_resolution_le_50pct",1,FALSE,"4","4","ENSE00003558404"
"HOMDEL_cluster_0015","HOMDEL","HETDEL",FALSE,"CNA_event_000026","PASPNW",0.822055137844611,"low_resolution_75_90pct",1,FALSE,"4","4","ENSE00003558404"
"HOMDEL_cluster_0015","HOMDEL","HETDEL",FALSE,"CNA_event_000032","PASTCH",0.456975772765246,"high_resolution_le_50pct",1,FALSE,"4","4","ENSE00003558404"
"HOMDEL_cluster_0015","HOMDEL","HETDEL",FALSE,"CNA_event_000033","PASTHE",0.425229741019215,"high_resolution_le_50pct",1,FALSE,"4","4","ENSE00003558404"
"HOMDEL_cluster_0015","HOMDEL","HETDEL",FALSE,"CNA_event_000034","PASUSV",0.822055137844611,"low_resolution_75_90pct",1,FALSE,"4","4","ENSE00003558404"
"HOMDEL_cluster_0015","HOMDEL","HETDEL",FALSE,"CNA_event_000038","PASWYU",0.586466165413534,"moderate_resolution_50_75pct",1,FALSE,"4","4","ENSE00003558404"
"HOMDEL_cluster_0015","HOMDEL","HETDEL",FALSE,"CNA_event_000039","PASYNX",0.360066833751044,"high_resolution_le_50pct",1,FALSE,"4","4","ENSE00003558404"
"HOMDEL_cluster_0015","HOMDEL","HETDEL",FALSE,"CNA_event_000042","PASYWF",0.654135338345865,"moderate_resolution_50_75pct",1,FALSE,"4","4","ENSE00003558404"
"HOMDEL_cluster_0015","HOMDEL","HETDEL",FALSE,"CNA_event_000044","PATALF",0.425229741019215,"high_resolution_le_50pct",1,FALSE,"4","4","ENSE00003558404"
"HOMDEL_cluster_0015","HOMDEL","HETDEL",FALSE,"CNA_event_000046","PATCTR",0.257309941520468,"high_resolution_le_50pct",1,FALSE,"4","4","ENSE00003558404"
"HOMDEL_cluster_0015","HOMDEL","HETDEL",FALSE,"CNA_event_000050","PATHFE",0.822055137844611,"low_resolution_75_90pct",1,FALSE,"4","4","ENSE00003558404"
"HOMDEL_cluster_0015","HOMDEL","HETDEL",FALSE,"CNA_event_000052","PATJLY",0.355054302422723,"high_resolution_le_50pct",1,FALSE,"4","4","ENSE00003558404"
"HOMDEL_cluster_0015","HOMDEL","HETDEL",FALSE,"CNA_event_000055","PATLLH",0.425229741019215,"high_resolution_le_50pct",1,FALSE,"4","4","ENSE00003558404"
"HOMDEL_cluster_0015","HOMDEL","HETDEL",FALSE,"CNA_event_000057","PATPDA",0.664160401002506,"moderate_resolution_50_75pct",1,FALSE,"4","4","ENSE00003558404"
"HOMDEL_cluster_0015","HOMDEL","HETDEL",FALSE,"CNA_event_000059","PATRKV",0.223057644110276,"high_resolution_le_50pct",1,FALSE,"4","4","ENSE00003558404"
"HOMDEL_cluster_0015","HOMDEL","HETDEL",FALSE,"CNA_event_000070","PAUCDC",0.822055137844611,"low_resolution_75_90pct",1,FALSE,"4","4","ENSE00003558404"
"HOMDEL_cluster_0015","HOMDEL","HETDEL",FALSE,"CNA_event_000079","PAUIEM",0.654135338345865,"moderate_resolution_50_75pct",1,FALSE,"4","4","ENSE00003558404"
"HOMDEL_cluster_0015","HOMDEL","HETDEL",FALSE,"CNA_event_000083","PAUKZJ",0.608187134502924,"moderate_resolution_50_75pct",1,FALSE,"4","4","ENSE00003558404"
"HOMDEL_cluster_0015","HOMDEL","HOMDEL",TRUE,"CNA_event_000167","PAULGX",0.603174603174603,"moderate_resolution_50_75pct",1,FALSE,"4","4","ENSE00003558404"
"HOMDEL_cluster_0015","HOMDEL","HETDEL",FALSE,"CNA_event_000091","PAUSIS",0.822055137844611,"low_resolution_75_90pct",1,FALSE,"4","4","ENSE00003558404"
"HOMDEL_cluster_0015","HOMDEL","HETDEL",FALSE,"CNA_event_000093","PAUTUL",0.664160401002506,"moderate_resolution_50_75pct",1,FALSE,"4","4","ENSE00003558404"
"HOMDEL_cluster_0015","HOMDEL","HETDEL",FALSE,"CNA_event_000097","PAUWXI",0.822055137844611,"low_resolution_75_90pct",1,FALSE,"4","4","ENSE00003558404"
"HOMDEL_cluster_0015","HOMDEL","HETDEL",FALSE,"CNA_event_000100","PAUXRM",0.279030910609858,"high_resolution_le_50pct",1,FALSE,"4","4","ENSE00003558404"
"HOMDEL_cluster_0015","HOMDEL","HETDEL",FALSE,"CNA_event_000101","PAUXYI",0.355054302422723,"high_resolution_le_50pct",1,FALSE,"4","4","ENSE00003558404"
"HOMDEL_cluster_0015","HOMDEL","HETDEL",FALSE,"CNA_event_000102","PAUYJF",0.425229741019215,"high_resolution_le_50pct",1,FALSE,"4","4","ENSE00003558404"
"HOMDEL_cluster_0015","HOMDEL","HETDEL",FALSE,"CNA_event_000116","PAVMPT",0.279030910609858,"high_resolution_le_50pct",1,FALSE,"4","4","ENSE00003558404"
"HOMDEL_cluster_0015","HOMDEL","HETDEL",FALSE,"CNA_event_000121","PAVRXK",0.932330827067669,"very_low_resolution_90_lt_100pct",1,FALSE,"4","4","ENSE00003558404"
"HOMDEL_cluster_0015","HOMDEL","HOMDEL",TRUE,"CNA_event_000175","PAVVBE",0.754385964912281,"low_resolution_75_90pct",1,FALSE,"4","4","ENSE00003558404"
"HOMDEL_cluster_0015","HOMDEL","HETDEL",FALSE,"CNA_event_000123","PAVVDS",0.257309941520468,"high_resolution_le_50pct",1,FALSE,"4","4","ENSE00003558404"
"HOMDEL_cluster_0015","HOMDEL","HETDEL",FALSE,"CNA_event_000130","PAVZCF",0.425229741019215,"high_resolution_le_50pct",1,FALSE,"4","4","ENSE00003558404"
"HOMDEL_cluster_0015","HOMDEL","HETDEL",FALSE,"CNA_event_000136","PAWDWJ",0.822055137844611,"low_resolution_75_90pct",1,FALSE,"4","4","ENSE00003558404"
"HOMDEL_cluster_0015","HOMDEL","HETDEL",FALSE,"CNA_event_000140","PAWETD",0.822055137844611,"low_resolution_75_90pct",1,FALSE,"4","4","ENSE00003558404"
"HOMDEL_cluster_0015","HOMDEL","HETDEL",FALSE,"CNA_event_000145","PAWGXM",0.496240601503759,"high_resolution_le_50pct",1,FALSE,"4","4","ENSE00003558404"
"HOMDEL_cluster_0015","HOMDEL","HETDEL",FALSE,"CNA_event_000147","PAWIWS",0.355054302422723,"high_resolution_le_50pct",1,FALSE,"4","4","ENSE00003558404"
"HOMDEL_cluster_0016","HOMDEL","HETDEL",FALSE,"CNA_event_000004","PARNXJ",0.822055137844611,"low_resolution_75_90pct",1,FALSE,"5","5","ENSE00003663409"
"HOMDEL_cluster_0016","HOMDEL","HETDEL",FALSE,"CNA_event_000008","PARWNW",0.654135338345865,"moderate_resolution_50_75pct",1,FALSE,"5","5","ENSE00003663409"
"HOMDEL_cluster_0016","HOMDEL","HETDEL",FALSE,"CNA_event_000010","PARXPZ",0.822055137844611,"low_resolution_75_90pct",1,FALSE,"5","5","ENSE00003663409"
"HOMDEL_cluster_0016","HOMDEL","HETDEL",FALSE,"CNA_event_000019","PASKAD",0.654135338345865,"moderate_resolution_50_75pct",1,FALSE,"5","5","ENSE00003663409"
"HOMDEL_cluster_0016","HOMDEL","HETDEL",FALSE,"CNA_event_000021","PASKWG",0.654135338345865,"moderate_resolution_50_75pct",1,FALSE,"5","5","ENSE00003663409"
"HOMDEL_cluster_0016","HOMDEL","HETDEL",FALSE,"CNA_event_000024","PASPDS",0.355054302422723,"high_resolution_le_50pct",1,FALSE,"5","5","ENSE00003663409"
"HOMDEL_cluster_0016","HOMDEL","HETDEL",FALSE,"CNA_event_000025","PASPLG",0.425229741019215,"high_resolution_le_50pct",1,FALSE,"5","5","ENSE00003663409"
"HOMDEL_cluster_0016","HOMDEL","HETDEL",FALSE,"CNA_event_000026","PASPNW",0.822055137844611,"low_resolution_75_90pct",1,FALSE,"5","5","ENSE00003663409"
"HOMDEL_cluster_0016","HOMDEL","HETDEL",FALSE,"CNA_event_000033","PASTHE",0.425229741019215,"high_resolution_le_50pct",1,FALSE,"5","5","ENSE00003663409"
"HOMDEL_cluster_0016","HOMDEL","HETDEL",FALSE,"CNA_event_000034","PASUSV",0.822055137844611,"low_resolution_75_90pct",1,FALSE,"5","5","ENSE00003663409"
"HOMDEL_cluster_0016","HOMDEL","HETDEL",FALSE,"CNA_event_000038","PASWYU",0.586466165413534,"moderate_resolution_50_75pct",1,FALSE,"5","5","ENSE00003663409"
"HOMDEL_cluster_0016","HOMDEL","HETDEL",FALSE,"CNA_event_000039","PASYNX",0.360066833751044,"high_resolution_le_50pct",1,FALSE,"5","5","ENSE00003663409"
"HOMDEL_cluster_0016","HOMDEL","HETDEL",FALSE,"CNA_event_000042","PASYWF",0.654135338345865,"moderate_resolution_50_75pct",1,FALSE,"5","5","ENSE00003663409"
"HOMDEL_cluster_0016","HOMDEL","HETDEL",FALSE,"CNA_event_000044","PATALF",0.425229741019215,"high_resolution_le_50pct",1,FALSE,"5","5","ENSE00003663409"
"HOMDEL_cluster_0016","HOMDEL","HETDEL",FALSE,"CNA_event_000046","PATCTR",0.257309941520468,"high_resolution_le_50pct",1,FALSE,"5","5","ENSE00003663409"
"HOMDEL_cluster_0016","HOMDEL","HETDEL",FALSE,"CNA_event_000050","PATHFE",0.822055137844611,"low_resolution_75_90pct",1,FALSE,"5","5","ENSE00003663409"
"HOMDEL_cluster_0016","HOMDEL","HETDEL",FALSE,"CNA_event_000052","PATJLY",0.355054302422723,"high_resolution_le_50pct",1,FALSE,"5","5","ENSE00003663409"
"HOMDEL_cluster_0016","HOMDEL","HETDEL",FALSE,"CNA_event_000055","PATLLH",0.425229741019215,"high_resolution_le_50pct",1,FALSE,"5","5","ENSE00003663409"
"HOMDEL_cluster_0016","HOMDEL","HETDEL",FALSE,"CNA_event_000057","PATPDA",0.664160401002506,"moderate_resolution_50_75pct",1,FALSE,"5","5","ENSE00003663409"
"HOMDEL_cluster_0016","HOMDEL","HETDEL",FALSE,"CNA_event_000070","PAUCDC",0.822055137844611,"low_resolution_75_90pct",1,FALSE,"5","5","ENSE00003663409"
"HOMDEL_cluster_0016","HOMDEL","HETDEL",FALSE,"CNA_event_000079","PAUIEM",0.654135338345865,"moderate_resolution_50_75pct",1,FALSE,"5","5","ENSE00003663409"
"HOMDEL_cluster_0016","HOMDEL","HETDEL",FALSE,"CNA_event_000083","PAUKZJ",0.608187134502924,"moderate_resolution_50_75pct",1,FALSE,"5","5","ENSE00003663409"
"HOMDEL_cluster_0016","HOMDEL","HOMDEL",TRUE,"CNA_event_000167","PAULGX",0.603174603174603,"moderate_resolution_50_75pct",1,FALSE,"5","5","ENSE00003663409"
"HOMDEL_cluster_0016","HOMDEL","HETDEL",FALSE,"CNA_event_000091","PAUSIS",0.822055137844611,"low_resolution_75_90pct",1,FALSE,"5","5","ENSE00003663409"
"HOMDEL_cluster_0016","HOMDEL","HETDEL",FALSE,"CNA_event_000093","PAUTUL",0.664160401002506,"moderate_resolution_50_75pct",1,FALSE,"5","5","ENSE00003663409"
"HOMDEL_cluster_0016","HOMDEL","HETDEL",FALSE,"CNA_event_000097","PAUWXI",0.822055137844611,"low_resolution_75_90pct",1,FALSE,"5","5","ENSE00003663409"
"HOMDEL_cluster_0016","HOMDEL","HETDEL",FALSE,"CNA_event_000101","PAUXYI",0.355054302422723,"high_resolution_le_50pct",1,FALSE,"5","5","ENSE00003663409"
"HOMDEL_cluster_0016","HOMDEL","HETDEL",FALSE,"CNA_event_000102","PAUYJF",0.425229741019215,"high_resolution_le_50pct",1,FALSE,"5","5","ENSE00003663409"
"HOMDEL_cluster_0016","HOMDEL","HETDEL",FALSE,"CNA_event_000121","PAVRXK",0.932330827067669,"very_low_resolution_90_lt_100pct",1,FALSE,"5","5","ENSE00003663409"
"HOMDEL_cluster_0016","HOMDEL","HOMDEL",TRUE,"CNA_event_000175","PAVVBE",0.754385964912281,"low_resolution_75_90pct",1,FALSE,"5","5","ENSE00003663409"
"HOMDEL_cluster_0016","HOMDEL","HETDEL",FALSE,"CNA_event_000123","PAVVDS",0.257309941520468,"high_resolution_le_50pct",1,FALSE,"5","5","ENSE00003663409"
"HOMDEL_cluster_0016","HOMDEL","HETDEL",FALSE,"CNA_event_000130","PAVZCF",0.425229741019215,"high_resolution_le_50pct",1,FALSE,"5","5","ENSE00003663409"
"HOMDEL_cluster_0016","HOMDEL","HETDEL",FALSE,"CNA_event_000136","PAWDWJ",0.822055137844611,"low_resolution_75_90pct",1,FALSE,"5","5","ENSE00003663409"
"HOMDEL_cluster_0016","HOMDEL","HETDEL",FALSE,"CNA_event_000140","PAWETD",0.822055137844611,"low_resolution_75_90pct",1,FALSE,"5","5","ENSE00003663409"
"HOMDEL_cluster_0016","HOMDEL","HETDEL",FALSE,"CNA_event_000145","PAWGXM",0.496240601503759,"high_resolution_le_50pct",1,FALSE,"5","5","ENSE00003663409"
"HOMDEL_cluster_0016","HOMDEL","HETDEL",FALSE,"CNA_event_000147","PAWIWS",0.355054302422723,"high_resolution_le_50pct",1,FALSE,"5","5","ENSE00003663409"
"HOMDEL_cluster_0017","HOMDEL","HETDEL",FALSE,"CNA_event_000004","PARNXJ",0.822055137844611,"low_resolution_75_90pct",1,FALSE,"6","6","ENSE00003468993"
"HOMDEL_cluster_0017","HOMDEL","HETDEL",FALSE,"CNA_event_000008","PARWNW",0.654135338345865,"moderate_resolution_50_75pct",1,FALSE,"6","6","ENSE00003468993"
"HOMDEL_cluster_0017","HOMDEL","HETDEL",FALSE,"CNA_event_000010","PARXPZ",0.822055137844611,"low_resolution_75_90pct",1,FALSE,"6","6","ENSE00003468993"
"HOMDEL_cluster_0017","HOMDEL","HETDEL",FALSE,"CNA_event_000019","PASKAD",0.654135338345865,"moderate_resolution_50_75pct",1,FALSE,"6","6","ENSE00003468993"
"HOMDEL_cluster_0017","HOMDEL","HETDEL",FALSE,"CNA_event_000021","PASKWG",0.654135338345865,"moderate_resolution_50_75pct",1,FALSE,"6","6","ENSE00003468993"
"HOMDEL_cluster_0017","HOMDEL","HETDEL",FALSE,"CNA_event_000025","PASPLG",0.425229741019215,"high_resolution_le_50pct",1,FALSE,"6","6","ENSE00003468993"
"HOMDEL_cluster_0017","HOMDEL","HETDEL",FALSE,"CNA_event_000026","PASPNW",0.822055137844611,"low_resolution_75_90pct",1,FALSE,"6","6","ENSE00003468993"
"HOMDEL_cluster_0017","HOMDEL","HETDEL",FALSE,"CNA_event_000033","PASTHE",0.425229741019215,"high_resolution_le_50pct",1,FALSE,"6","6","ENSE00003468993"
"HOMDEL_cluster_0017","HOMDEL","HETDEL",FALSE,"CNA_event_000034","PASUSV",0.822055137844611,"low_resolution_75_90pct",1,FALSE,"6","6","ENSE00003468993"
"HOMDEL_cluster_0017","HOMDEL","HETDEL",FALSE,"CNA_event_000038","PASWYU",0.586466165413534,"moderate_resolution_50_75pct",1,FALSE,"6","6","ENSE00003468993"
"HOMDEL_cluster_0017","HOMDEL","HETDEL",FALSE,"CNA_event_000039","PASYNX",0.360066833751044,"high_resolution_le_50pct",1,FALSE,"6","6","ENSE00003468993"
"HOMDEL_cluster_0017","HOMDEL","HETDEL",FALSE,"CNA_event_000042","PASYWF",0.654135338345865,"moderate_resolution_50_75pct",1,FALSE,"6","6","ENSE00003468993"
"HOMDEL_cluster_0017","HOMDEL","HETDEL",FALSE,"CNA_event_000044","PATALF",0.425229741019215,"high_resolution_le_50pct",1,FALSE,"6","6","ENSE00003468993"
"HOMDEL_cluster_0017","HOMDEL","HETDEL",FALSE,"CNA_event_000046","PATCTR",0.257309941520468,"high_resolution_le_50pct",1,FALSE,"6","6","ENSE00003468993"
"HOMDEL_cluster_0017","HOMDEL","HETDEL",FALSE,"CNA_event_000050","PATHFE",0.822055137844611,"low_resolution_75_90pct",1,FALSE,"6","6","ENSE00003468993"
"HOMDEL_cluster_0017","HOMDEL","HETDEL",FALSE,"CNA_event_000055","PATLLH",0.425229741019215,"high_resolution_le_50pct",1,FALSE,"6","6","ENSE00003468993"
"HOMDEL_cluster_0017","HOMDEL","HETDEL",FALSE,"CNA_event_000057","PATPDA",0.664160401002506,"moderate_resolution_50_75pct",1,FALSE,"6","6","ENSE00003468993"
"HOMDEL_cluster_0017","HOMDEL","HETDEL",FALSE,"CNA_event_000070","PAUCDC",0.822055137844611,"low_resolution_75_90pct",1,FALSE,"6","6","ENSE00003468993"
"HOMDEL_cluster_0017","HOMDEL","HETDEL",FALSE,"CNA_event_000079","PAUIEM",0.654135338345865,"moderate_resolution_50_75pct",1,FALSE,"6","6","ENSE00003468993"
"HOMDEL_cluster_0017","HOMDEL","HETDEL",FALSE,"CNA_event_000083","PAUKZJ",0.608187134502924,"moderate_resolution_50_75pct",1,FALSE,"6","6","ENSE00003468993"
"HOMDEL_cluster_0017","HOMDEL","HOMDEL",TRUE,"CNA_event_000167","PAULGX",0.603174603174603,"moderate_resolution_50_75pct",1,FALSE,"6","6","ENSE00003468993"
"HOMDEL_cluster_0017","HOMDEL","HETDEL",FALSE,"CNA_event_000091","PAUSIS",0.822055137844611,"low_resolution_75_90pct",1,FALSE,"6","6","ENSE00003468993"
"HOMDEL_cluster_0017","HOMDEL","HETDEL",FALSE,"CNA_event_000093","PAUTUL",0.664160401002506,"moderate_resolution_50_75pct",1,FALSE,"6","6","ENSE00003468993"
"HOMDEL_cluster_0017","HOMDEL","HETDEL",FALSE,"CNA_event_000097","PAUWXI",0.822055137844611,"low_resolution_75_90pct",1,FALSE,"6","6","ENSE00003468993"
"HOMDEL_cluster_0017","HOMDEL","HETDEL",FALSE,"CNA_event_000102","PAUYJF",0.425229741019215,"high_resolution_le_50pct",1,FALSE,"6","6","ENSE00003468993"
"HOMDEL_cluster_0017","HOMDEL","HETDEL",FALSE,"CNA_event_000121","PAVRXK",0.932330827067669,"very_low_resolution_90_lt_100pct",1,FALSE,"6","6","ENSE00003468993"
"HOMDEL_cluster_0017","HOMDEL","HOMDEL",TRUE,"CNA_event_000175","PAVVBE",0.754385964912281,"low_resolution_75_90pct",1,FALSE,"6","6","ENSE00003468993"
"HOMDEL_cluster_0017","HOMDEL","HETDEL",FALSE,"CNA_event_000123","PAVVDS",0.257309941520468,"high_resolution_le_50pct",1,FALSE,"6","6","ENSE00003468993"
"HOMDEL_cluster_0017","HOMDEL","HETDEL",FALSE,"CNA_event_000130","PAVZCF",0.425229741019215,"high_resolution_le_50pct",1,FALSE,"6","6","ENSE00003468993"
"HOMDEL_cluster_0017","HOMDEL","HETDEL",FALSE,"CNA_event_000136","PAWDWJ",0.822055137844611,"low_resolution_75_90pct",1,FALSE,"6","6","ENSE00003468993"
"HOMDEL_cluster_0017","HOMDEL","HETDEL",FALSE,"CNA_event_000140","PAWETD",0.822055137844611,"low_resolution_75_90pct",1,FALSE,"6","6","ENSE00003468993"
"HOMDEL_cluster_0017","HOMDEL","HETDEL",FALSE,"CNA_event_000145","PAWGXM",0.496240601503759,"high_resolution_le_50pct",1,FALSE,"6","6","ENSE00003468993"
"ALL_CNA_cluster_0001","ALL_CNA","HETDEL",TRUE,"CNA_event_000001","PARFLD",0.167919799498747,"high_resolution_le_50pct",1,FALSE,"2","2","ENSE00003638064"
"ALL_CNA_cluster_0001","ALL_CNA","HETDEL",TRUE,"CNA_event_000002","PARJAY",0.167919799498747,"high_resolution_le_50pct",1,FALSE,"2","2","ENSE00003638064"
"ALL_CNA_cluster_0001","ALL_CNA","HETDEL",TRUE,"CNA_event_000003","PARJPL",0.167919799498747,"high_resolution_le_50pct",1,FALSE,"2","2","ENSE00003638064"
"ALL_CNA_cluster_0001","ALL_CNA","HETDEL",TRUE,"CNA_event_000004","PARNXJ",0.822055137844611,"low_resolution_75_90pct",1,FALSE,"2","2","ENSE00003638064"
"ALL_CNA_cluster_0001","ALL_CNA","HETDEL",TRUE,"CNA_event_000005","PARPET",0.167919799498747,"high_resolution_le_50pct",1,FALSE,"2","2","ENSE00003638064"
"ALL_CNA_cluster_0001","ALL_CNA","HOMDEL",TRUE,"CNA_event_000150","PARSLA",0.167919799498747,"high_resolution_le_50pct",1,FALSE,"2","2","ENSE00003638064"
"ALL_CNA_cluster_0001","ALL_CNA","HETDEL",TRUE,"CNA_event_000007","PARSNX",0.289891395154553,"high_resolution_le_50pct",2,TRUE,"1;2","1;2","ENSE00001136349;ENSE00003638064"
"ALL_CNA_cluster_0001","ALL_CNA","HOMDEL",TRUE,"CNA_event_000151","PARWNW",0.167919799498747,"high_resolution_le_50pct",1,FALSE,"2","2","ENSE00003638064"
"ALL_CNA_cluster_0001","ALL_CNA","HETDEL",TRUE,"CNA_event_000009","PARXDJ",0.167919799498747,"high_resolution_le_50pct",1,FALSE,"2","2","ENSE00003638064"
"ALL_CNA_cluster_0001","ALL_CNA","HETDEL",TRUE,"CNA_event_000010","PARXPZ",0.822055137844611,"low_resolution_75_90pct",1,FALSE,"2","2","ENSE00003638064"
"ALL_CNA_cluster_0001","ALL_CNA","HETDEL",TRUE,"CNA_event_000011","PASGDZ",0.167919799498747,"high_resolution_le_50pct",1,FALSE,"2","2","ENSE00003638064"
"ALL_CNA_cluster_0001","ALL_CNA","HETDEL",TRUE,"CNA_event_000012","PASGUH",0.167919799498747,"high_resolution_le_50pct",1,FALSE,"2","2","ENSE00003638064"
"ALL_CNA_cluster_0001","ALL_CNA","HETDEL",TRUE,"CNA_event_000013","PASILW",0.177944862155388,"high_resolution_le_50pct",1,FALSE,"1","1","ENSE00001136349"
"ALL_CNA_cluster_0001","ALL_CNA","HOMDEL",TRUE,"CNA_event_000152","PASILW",0.167919799498747,"high_resolution_le_50pct",1,FALSE,"2","2","ENSE00003638064"
"ALL_CNA_cluster_0001","ALL_CNA","HETDEL",TRUE,"CNA_event_000015","PASINX",0.345864661654135,"high_resolution_le_50pct",2,TRUE,"1;2","1;2","ENSE00001136349;ENSE00003638064"
"ALL_CNA_cluster_0001","ALL_CNA","HETDEL",TRUE,"CNA_event_000017","PASIPN",0.0559732664995823,"high_resolution_le_50pct",1,FALSE,"2","2","ENSE00003638064"
"ALL_CNA_cluster_0001","ALL_CNA","HETDEL",TRUE,"CNA_event_000018","PASJGV",0.167919799498747,"high_resolution_le_50pct",1,FALSE,"2","2","ENSE00003638064"
"ALL_CNA_cluster_0001","ALL_CNA","HOMDEL",TRUE,"CNA_event_000153","PASKAD",0.167919799498747,"high_resolution_le_50pct",1,FALSE,"2","2","ENSE00003638064"
"ALL_CNA_cluster_0001","ALL_CNA","HOMDEL",TRUE,"CNA_event_000154","PASKLU",0.167919799498747,"high_resolution_le_50pct",1,FALSE,"2","2","ENSE00003638064"
"ALL_CNA_cluster_0001","ALL_CNA","HOMDEL",TRUE,"CNA_event_000155","PASKWG",0.167919799498747,"high_resolution_le_50pct",1,FALSE,"2","2","ENSE00003638064"
"ALL_CNA_cluster_0001","ALL_CNA","HETDEL",TRUE,"CNA_event_000022","PASKXA",0.167919799498747,"high_resolution_le_50pct",1,FALSE,"2","2","ENSE00003638064"
"ALL_CNA_cluster_0001","ALL_CNA","HETDEL",TRUE,"CNA_event_000023","PASLXY",0.345864661654135,"high_resolution_le_50pct",2,TRUE,"1;2","1;2","ENSE00001136349;ENSE00003638064"
"ALL_CNA_cluster_0001","ALL_CNA","HETDEL",TRUE,"CNA_event_000024","PASPDS",0.355054302422723,"high_resolution_le_50pct",1,FALSE,"2","2","ENSE00003638064"
"ALL_CNA_cluster_0001","ALL_CNA","HETDEL",TRUE,"CNA_event_000025","PASPLG",0.425229741019215,"high_resolution_le_50pct",1,FALSE,"2","2","ENSE00003638064"
"ALL_CNA_cluster_0001","ALL_CNA","HETDEL",TRUE,"CNA_event_000026","PASPNW",0.822055137844611,"low_resolution_75_90pct",1,FALSE,"2","2","ENSE00003638064"
"ALL_CNA_cluster_0001","ALL_CNA","HETDEL",TRUE,"CNA_event_000027","PASRAF",0.167919799498747,"high_resolution_le_50pct",1,FALSE,"2","2","ENSE00003638064"
"ALL_CNA_cluster_0001","ALL_CNA","HETDEL",TRUE,"CNA_event_000028","PASRMM",0.345864661654135,"high_resolution_le_50pct",2,TRUE,"1;2","1;2","ENSE00001136349;ENSE00003638064"
"ALL_CNA_cluster_0001","ALL_CNA","HOMDEL",TRUE,"CNA_event_000156","PASRPV",0.345864661654135,"high_resolution_le_50pct",2,TRUE,"1;2","1;2","ENSE00001136349;ENSE00003638064"
"ALL_CNA_cluster_0001","ALL_CNA","HETDEL",TRUE,"CNA_event_000030","PASRSE",0.167919799498747,"high_resolution_le_50pct",1,FALSE,"2","2","ENSE00003638064"
"ALL_CNA_cluster_0001","ALL_CNA","HETDEL",TRUE,"CNA_event_000031","PASRUK",0.167919799498747,"high_resolution_le_50pct",1,FALSE,"2","2","ENSE00003638064"
"ALL_CNA_cluster_0001","ALL_CNA","HETDEL",TRUE,"CNA_event_000032","PASTCH",0.456975772765246,"high_resolution_le_50pct",2,TRUE,"1;2","1;2","ENSE00001136349;ENSE00003638064"
"ALL_CNA_cluster_0001","ALL_CNA","HETDEL",TRUE,"CNA_event_000033","PASTHE",0.425229741019215,"high_resolution_le_50pct",1,FALSE,"2","2","ENSE00003638064"
"ALL_CNA_cluster_0001","ALL_CNA","HETDEL",TRUE,"CNA_event_000034","PASUSV",0.822055137844611,"low_resolution_75_90pct",1,FALSE,"2","2","ENSE00003638064"
"ALL_CNA_cluster_0001","ALL_CNA","HETDEL",TRUE,"CNA_event_000035","PASVWH",0.167919799498747,"high_resolution_le_50pct",1,FALSE,"2","2","ENSE00003638064"
"ALL_CNA_cluster_0001","ALL_CNA","HETDEL",TRUE,"CNA_event_000036","PASVZJ",0.167919799498747,"high_resolution_le_50pct",1,FALSE,"2","2","ENSE00003638064"
"ALL_CNA_cluster_0001","ALL_CNA","HETDEL",TRUE,"CNA_event_000037","PASWXB",0.167919799498747,"high_resolution_le_50pct",1,FALSE,"2","2","ENSE00003638064"
"ALL_CNA_cluster_0001","ALL_CNA","HOMDEL",TRUE,"CNA_event_000157","PASWYU",0.167919799498747,"high_resolution_le_50pct",1,FALSE,"2","2","ENSE00003638064"
"ALL_CNA_cluster_0001","ALL_CNA","HETDEL",TRUE,"CNA_event_000040","PASYSJ",0.167919799498747,"high_resolution_le_50pct",1,FALSE,"2","2","ENSE00003638064"
"ALL_CNA_cluster_0001","ALL_CNA","HETDEL",TRUE,"CNA_event_000041","PASYVU",0.167919799498747,"high_resolution_le_50pct",1,FALSE,"2","2","ENSE00003638064"
"ALL_CNA_cluster_0001","ALL_CNA","HOMDEL",TRUE,"CNA_event_000158","PASYWF",0.167919799498747,"high_resolution_le_50pct",1,FALSE,"2","2","ENSE00003638064"
"ALL_CNA_cluster_0001","ALL_CNA","HETDEL",TRUE,"CNA_event_000043","PASZAY",0.167919799498747,"high_resolution_le_50pct",1,FALSE,"2","2","ENSE00003638064"
"ALL_CNA_cluster_0001","ALL_CNA","HETDEL",TRUE,"CNA_event_000044","PATALF",0.425229741019215,"high_resolution_le_50pct",1,FALSE,"2","2","ENSE00003638064"
"ALL_CNA_cluster_0001","ALL_CNA","HETDEL",TRUE,"CNA_event_000045","PATBTX",0.167919799498747,"high_resolution_le_50pct",1,FALSE,"2","2","ENSE00003638064"
"ALL_CNA_cluster_0001","ALL_CNA","HOMDEL",TRUE,"CNA_event_000159","PATCTR",0.345864661654135,"high_resolution_le_50pct",2,TRUE,"1;2","1;2","ENSE00001136349;ENSE00003638064"
"ALL_CNA_cluster_0001","ALL_CNA","HETDEL",TRUE,"CNA_event_000047","PATDTN",0.167919799498747,"high_resolution_le_50pct",1,FALSE,"2","2","ENSE00003638064"
"ALL_CNA_cluster_0001","ALL_CNA","HETDEL",TRUE,"CNA_event_000048","PATFPU",0.167919799498747,"high_resolution_le_50pct",1,FALSE,"2","2","ENSE00003638064"
"ALL_CNA_cluster_0001","ALL_CNA","HOMDEL",TRUE,"CNA_event_000160","PATGBY",0.167919799498747,"high_resolution_le_50pct",1,FALSE,"2","2","ENSE00003638064"
"ALL_CNA_cluster_0001","ALL_CNA","HETDEL",TRUE,"CNA_event_000050","PATHFE",0.822055137844611,"low_resolution_75_90pct",1,FALSE,"2","2","ENSE00003638064"
"ALL_CNA_cluster_0001","ALL_CNA","HETDEL",TRUE,"CNA_event_000052","PATJLY",0.355054302422723,"high_resolution_le_50pct",1,FALSE,"2","2","ENSE00003638064"
"ALL_CNA_cluster_0001","ALL_CNA","HOMDEL",TRUE,"CNA_event_000161","PATJRX",0.167919799498747,"high_resolution_le_50pct",1,FALSE,"2","2","ENSE00003638064"
"ALL_CNA_cluster_0001","ALL_CNA","HOMDEL",TRUE,"CNA_event_000162","PATKVD",0.167919799498747,"high_resolution_le_50pct",1,FALSE,"2","2","ENSE00003638064"
"ALL_CNA_cluster_0001","ALL_CNA","HETDEL",TRUE,"CNA_event_000054","PATKZH",0.345864661654135,"high_resolution_le_50pct",2,TRUE,"1;2","1;2","ENSE00001136349;ENSE00003638064"
"ALL_CNA_cluster_0001","ALL_CNA","HETDEL",TRUE,"CNA_event_000055","PATLLH",0.425229741019215,"high_resolution_le_50pct",1,FALSE,"2","2","ENSE00003638064"
"ALL_CNA_cluster_0001","ALL_CNA","HETDEL",TRUE,"CNA_event_000056","PATNAM",0.233918128654971,"high_resolution_le_50pct",2,TRUE,"1;2","1;2","ENSE00001136349;ENSE00003638064"
"ALL_CNA_cluster_0001","ALL_CNA","HETDEL",TRUE,"CNA_event_000057","PATPDA",0.664160401002506,"moderate_resolution_50_75pct",1,FALSE,"2","2","ENSE00003638064"
"ALL_CNA_cluster_0001","ALL_CNA","HETDEL",TRUE,"CNA_event_000058","PATRAB",0.167919799498747,"high_resolution_le_50pct",1,FALSE,"2","2","ENSE00003638064"
"ALL_CNA_cluster_0001","ALL_CNA","HETDEL",TRUE,"CNA_event_000060","PATSPG",0.345864661654135,"high_resolution_le_50pct",2,TRUE,"1;2","1;2","ENSE00001136349;ENSE00003638064"
"ALL_CNA_cluster_0001","ALL_CNA","HETDEL",TRUE,"CNA_event_000061","PATWJU",0.167919799498747,"high_resolution_le_50pct",1,FALSE,"2","2","ENSE00003638064"
"ALL_CNA_cluster_0001","ALL_CNA","HOMDEL",TRUE,"CNA_event_000163","PATYWV",0.167919799498747,"high_resolution_le_50pct",1,FALSE,"2","2","ENSE00003638064"
"ALL_CNA_cluster_0001","ALL_CNA","HETDEL",TRUE,"CNA_event_000063","PATZST",0.167919799498747,"high_resolution_le_50pct",1,FALSE,"2","2","ENSE00003638064"
"ALL_CNA_cluster_0001","ALL_CNA","HETDEL",TRUE,"CNA_event_000064","PATZYR",0.167919799498747,"high_resolution_le_50pct",1,FALSE,"2","2","ENSE00003638064"
"ALL_CNA_cluster_0001","ALL_CNA","HETDEL",TRUE,"CNA_event_000065","PAUAKN",0.167919799498747,"high_resolution_le_50pct",1,FALSE,"2","2","ENSE00003638064"
"ALL_CNA_cluster_0001","ALL_CNA","HETDEL",TRUE,"CNA_event_000066","PAUAZV",0.167919799498747,"high_resolution_le_50pct",1,FALSE,"2","2","ENSE00003638064"
"ALL_CNA_cluster_0001","ALL_CNA","HETDEL",TRUE,"CNA_event_000067","PAUBCT",0.167919799498747,"high_resolution_le_50pct",1,FALSE,"2","2","ENSE00003638064"
"ALL_CNA_cluster_0001","ALL_CNA","HOMDEL",TRUE,"CNA_event_000164","PAUBTC",0.167919799498747,"high_resolution_le_50pct",1,FALSE,"2","2","ENSE00003638064"
"ALL_CNA_cluster_0001","ALL_CNA","HETDEL",TRUE,"CNA_event_000070","PAUCDC",0.822055137844611,"low_resolution_75_90pct",1,FALSE,"2","2","ENSE00003638064"
"ALL_CNA_cluster_0001","ALL_CNA","HETDEL",TRUE,"CNA_event_000071","PAUEDT",0.167919799498747,"high_resolution_le_50pct",1,FALSE,"2","2","ENSE00003638064"
"ALL_CNA_cluster_0001","ALL_CNA","HETDEL",TRUE,"CNA_event_000072","PAUEUC",0.177944862155388,"high_resolution_le_50pct",1,FALSE,"1","1","ENSE00001136349"
"ALL_CNA_cluster_0001","ALL_CNA","HOMDEL",TRUE,"CNA_event_000165","PAUEUC",0.167919799498747,"high_resolution_le_50pct",1,FALSE,"2","2","ENSE00003638064"
"ALL_CNA_cluster_0001","ALL_CNA","HETDEL",TRUE,"CNA_event_000074","PAUEVJ",0.167919799498747,"high_resolution_le_50pct",1,FALSE,"2","2","ENSE00003638064"
"ALL_CNA_cluster_0001","ALL_CNA","HETDEL",TRUE,"CNA_event_000075","PAUEXN",0.206349206349206,"high_resolution_le_50pct",2,TRUE,"1;2","1;2","ENSE00001136349;ENSE00003638064"
"ALL_CNA_cluster_0001","ALL_CNA","HETDEL",TRUE,"CNA_event_000077","PAUGDT",0.167919799498747,"high_resolution_le_50pct",1,FALSE,"2","2","ENSE00003638064"
"ALL_CNA_cluster_0001","ALL_CNA","HETDEL",TRUE,"CNA_event_000078","PAUGLY",0.345864661654135,"high_resolution_le_50pct",2,TRUE,"1;2","1;2","ENSE00001136349;ENSE00003638064"
"ALL_CNA_cluster_0001","ALL_CNA","HOMDEL",TRUE,"CNA_event_000166","PAUIEM",0.167919799498747,"high_resolution_le_50pct",1,FALSE,"2","2","ENSE00003638064"
"ALL_CNA_cluster_0001","ALL_CNA","HETDEL",TRUE,"CNA_event_000080","PAUIFA",0.167919799498747,"high_resolution_le_50pct",1,FALSE,"2","2","ENSE00003638064"
"ALL_CNA_cluster_0001","ALL_CNA","HETDEL",TRUE,"CNA_event_000081","PAUJVL",0.345864661654135,"high_resolution_le_50pct",2,TRUE,"1;2","1;2","ENSE00001136349;ENSE00003638064"
"ALL_CNA_cluster_0001","ALL_CNA","HETDEL",TRUE,"CNA_event_000084","PAULCK",0.167919799498747,"high_resolution_le_50pct",1,FALSE,"2","2","ENSE00003638064"
"ALL_CNA_cluster_0001","ALL_CNA","HOMDEL",TRUE,"CNA_event_000167","PAULGX",0.603174603174603,"moderate_resolution_50_75pct",2,TRUE,"1;2","1;2","ENSE00001136349;ENSE00003638064"
"ALL_CNA_cluster_0001","ALL_CNA","HOMDEL",TRUE,"CNA_event_000168","PAUMIB",0.345864661654135,"high_resolution_le_50pct",2,TRUE,"1;2","1;2","ENSE00001136349;ENSE00003638064"
"ALL_CNA_cluster_0001","ALL_CNA","HETDEL",TRUE,"CNA_event_000087","PAUMLX",0.345864661654135,"high_resolution_le_50pct",2,TRUE,"1;2","1;2","ENSE00001136349;ENSE00003638064"
"ALL_CNA_cluster_0001","ALL_CNA","HETDEL",TRUE,"CNA_event_000088","PAUMXB",0.345864661654135,"high_resolution_le_50pct",2,TRUE,"1;2","1;2","ENSE00001136349;ENSE00003638064"
"ALL_CNA_cluster_0001","ALL_CNA","HETDEL",TRUE,"CNA_event_000089","PAUPUW",0.167919799498747,"high_resolution_le_50pct",1,FALSE,"2","2","ENSE00003638064"
"ALL_CNA_cluster_0001","ALL_CNA","HETDEL",TRUE,"CNA_event_000090","PAURLU",0.167919799498747,"high_resolution_le_50pct",1,FALSE,"2","2","ENSE00003638064"
"ALL_CNA_cluster_0001","ALL_CNA","HETDEL",TRUE,"CNA_event_000091","PAUSIS",0.822055137844611,"low_resolution_75_90pct",1,FALSE,"2","2","ENSE00003638064"
"ALL_CNA_cluster_0001","ALL_CNA","HETDEL",TRUE,"CNA_event_000092","PAUTBB",0.167919799498747,"high_resolution_le_50pct",1,FALSE,"2","2","ENSE00003638064"
"ALL_CNA_cluster_0001","ALL_CNA","HETDEL",TRUE,"CNA_event_000093","PAUTUL",0.664160401002506,"moderate_resolution_50_75pct",1,FALSE,"2","2","ENSE00003638064"
"ALL_CNA_cluster_0001","ALL_CNA","HETDEL",TRUE,"CNA_event_000094","PAUUAL",0.167919799498747,"high_resolution_le_50pct",1,FALSE,"2","2","ENSE00003638064"
"ALL_CNA_cluster_0001","ALL_CNA","HOMDEL",TRUE,"CNA_event_000169","PAUUBG",0.167919799498747,"high_resolution_le_50pct",1,FALSE,"2","2","ENSE00003638064"
"ALL_CNA_cluster_0001","ALL_CNA","HETDEL",TRUE,"CNA_event_000095","PAUUIK",0.167919799498747,"high_resolution_le_50pct",1,FALSE,"2","2","ENSE00003638064"
"ALL_CNA_cluster_0001","ALL_CNA","HETDEL",TRUE,"CNA_event_000096","PAUWMZ",0.167919799498747,"high_resolution_le_50pct",1,FALSE,"2","2","ENSE00003638064"
"ALL_CNA_cluster_0001","ALL_CNA","HETDEL",TRUE,"CNA_event_000097","PAUWXI",0.822055137844611,"low_resolution_75_90pct",1,FALSE,"2","2","ENSE00003638064"
"ALL_CNA_cluster_0001","ALL_CNA","HETDEL",TRUE,"CNA_event_000098","PAUXCW",0.167919799498747,"high_resolution_le_50pct",1,FALSE,"2","2","ENSE00003638064"
"ALL_CNA_cluster_0001","ALL_CNA","HETDEL",TRUE,"CNA_event_000099","PAUXKE",0.167919799498747,"high_resolution_le_50pct",1,FALSE,"2","2","ENSE00003638064"
"ALL_CNA_cluster_0001","ALL_CNA","HETDEL",TRUE,"CNA_event_000100","PAUXRM",0.279030910609858,"high_resolution_le_50pct",1,FALSE,"2","2","ENSE00003638064"
"ALL_CNA_cluster_0001","ALL_CNA","HETDEL",TRUE,"CNA_event_000101","PAUXYI",0.355054302422723,"high_resolution_le_50pct",1,FALSE,"2","2","ENSE00003638064"
"ALL_CNA_cluster_0001","ALL_CNA","HETDEL",TRUE,"CNA_event_000102","PAUYJF",0.425229741019215,"high_resolution_le_50pct",1,FALSE,"2","2","ENSE00003638064"
"ALL_CNA_cluster_0001","ALL_CNA","HOMDEL",TRUE,"CNA_event_000170","PAVBFC",0.167919799498747,"high_resolution_le_50pct",1,FALSE,"2","2","ENSE00003638064"
"ALL_CNA_cluster_0001","ALL_CNA","HETDEL",TRUE,"CNA_event_000104","PAVCRK",0.167919799498747,"high_resolution_le_50pct",1,FALSE,"2","2","ENSE00003638064"
"ALL_CNA_cluster_0001","ALL_CNA","HOMDEL",TRUE,"CNA_event_000171","PAVESF",0.167919799498747,"high_resolution_le_50pct",1,FALSE,"2","2","ENSE00003638064"
"ALL_CNA_cluster_0001","ALL_CNA","HETDEL",TRUE,"CNA_event_000105","PAVFAX",0.167919799498747,"high_resolution_le_50pct",1,FALSE,"2","2","ENSE00003638064"
"ALL_CNA_cluster_0001","ALL_CNA","HETDEL",TRUE,"CNA_event_000106","PAVHAA",0.167919799498747,"high_resolution_le_50pct",1,FALSE,"2","2","ENSE00003638064"
"ALL_CNA_cluster_0001","ALL_CNA","HETDEL",TRUE,"CNA_event_000107","PAVHBL",0.167919799498747,"high_resolution_le_50pct",1,FALSE,"2","2","ENSE00003638064"
"ALL_CNA_cluster_0001","ALL_CNA","HETDEL",TRUE,"CNA_event_000108","PAVHGX",0.167919799498747,"high_resolution_le_50pct",1,FALSE,"2","2","ENSE00003638064"
"ALL_CNA_cluster_0001","ALL_CNA","HETDEL",TRUE,"CNA_event_000110","PAVKCV",0.177944862155388,"high_resolution_le_50pct",1,FALSE,"1","1","ENSE00001136349"
"ALL_CNA_cluster_0001","ALL_CNA","HOMDEL",TRUE,"CNA_event_000172","PAVKCV",0.167919799498747,"high_resolution_le_50pct",1,FALSE,"2","2","ENSE00003638064"
"ALL_CNA_cluster_0001","ALL_CNA","HETDEL",TRUE,"CNA_event_000112","PAVKPV",0.167919799498747,"high_resolution_le_50pct",1,FALSE,"2","2","ENSE00003638064"
"ALL_CNA_cluster_0001","ALL_CNA","HOMDEL",TRUE,"CNA_event_000173","PAVKWV",0.167919799498747,"high_resolution_le_50pct",1,FALSE,"2","2","ENSE00003638064"
"ALL_CNA_cluster_0001","ALL_CNA","HETDEL",TRUE,"CNA_event_000114","PAVLLU",0.167919799498747,"high_resolution_le_50pct",1,FALSE,"2","2","ENSE00003638064"
"ALL_CNA_cluster_0001","ALL_CNA","HOMDEL",TRUE,"CNA_event_000174","PAVLMY",0.167919799498747,"high_resolution_le_50pct",1,FALSE,"2","2","ENSE00003638064"
"ALL_CNA_cluster_0001","ALL_CNA","HETDEL",TRUE,"CNA_event_000115","PAVMKN",0.167919799498747,"high_resolution_le_50pct",1,FALSE,"2","2","ENSE00003638064"
"ALL_CNA_cluster_0001","ALL_CNA","HETDEL",TRUE,"CNA_event_000116","PAVMPT",0.279030910609858,"high_resolution_le_50pct",1,FALSE,"2","2","ENSE00003638064"
"ALL_CNA_cluster_0001","ALL_CNA","HETDEL",TRUE,"CNA_event_000117","PAVNGZ",0.167919799498747,"high_resolution_le_50pct",1,FALSE,"2","2","ENSE00003638064"
"ALL_CNA_cluster_0001","ALL_CNA","HETDEL",TRUE,"CNA_event_000119","PAVNTB",0.167919799498747,"high_resolution_le_50pct",1,FALSE,"2","2","ENSE00003638064"
"ALL_CNA_cluster_0001","ALL_CNA","HETDEL",TRUE,"CNA_event_000120","PAVPCB",0.206349206349206,"high_resolution_le_50pct",2,TRUE,"1;2","1;2","ENSE00001136349;ENSE00003638064"
"ALL_CNA_cluster_0001","ALL_CNA","HETDEL",TRUE,"CNA_event_000121","PAVRXK",0.932330827067669,"very_low_resolution_90_lt_100pct",2,TRUE,"1;2","1;2","ENSE00001136349;ENSE00003638064"
"ALL_CNA_cluster_0001","ALL_CNA","HETDEL",TRUE,"CNA_event_000122","PAVVBE",0.177944862155388,"high_resolution_le_50pct",1,FALSE,"1","1","ENSE00001136349"
"ALL_CNA_cluster_0001","ALL_CNA","HOMDEL",TRUE,"CNA_event_000175","PAVVBE",0.754385964912281,"low_resolution_75_90pct",1,FALSE,"2","2","ENSE00003638064"
"ALL_CNA_cluster_0001","ALL_CNA","HOMDEL",TRUE,"CNA_event_000176","PAVVDS",0.167919799498747,"high_resolution_le_50pct",1,FALSE,"2","2","ENSE00003638064"
"ALL_CNA_cluster_0001","ALL_CNA","HETDEL",TRUE,"CNA_event_000124","PAVWDF",0.167919799498747,"high_resolution_le_50pct",1,FALSE,"2","2","ENSE00003638064"
"ALL_CNA_cluster_0001","ALL_CNA","HETDEL",TRUE,"CNA_event_000125","PAVWNL",0.345864661654135,"high_resolution_le_50pct",2,TRUE,"1;2","1;2","ENSE00001136349;ENSE00003638064"
"ALL_CNA_cluster_0001","ALL_CNA","HETDEL",TRUE,"CNA_event_000126","PAVYAZ",0.177944862155388,"high_resolution_le_50pct",1,FALSE,"1","1","ENSE00001136349"
"ALL_CNA_cluster_0001","ALL_CNA","HOMDEL",TRUE,"CNA_event_000177","PAVYAZ",0.167919799498747,"high_resolution_le_50pct",1,FALSE,"2","2","ENSE00003638064"
"ALL_CNA_cluster_0001","ALL_CNA","HOMDEL",TRUE,"CNA_event_000178","PAVYGR",0.167919799498747,"high_resolution_le_50pct",1,FALSE,"2","2","ENSE00003638064"
"ALL_CNA_cluster_0001","ALL_CNA","HETDEL",TRUE,"CNA_event_000129","PAVYTZ",0.167919799498747,"high_resolution_le_50pct",1,FALSE,"2","2","ENSE00003638064"
"ALL_CNA_cluster_0001","ALL_CNA","HETDEL",TRUE,"CNA_event_000130","PAVZCF",0.425229741019215,"high_resolution_le_50pct",1,FALSE,"2","2","ENSE00003638064"
"ALL_CNA_cluster_0001","ALL_CNA","HETDEL",TRUE,"CNA_event_000131","PAWAIM",0.167919799498747,"high_resolution_le_50pct",1,FALSE,"2","2","ENSE00003638064"
"ALL_CNA_cluster_0001","ALL_CNA","HETDEL",TRUE,"CNA_event_000132","PAWAIN",0.167919799498747,"high_resolution_le_50pct",1,FALSE,"2","2","ENSE00003638064"
"ALL_CNA_cluster_0001","ALL_CNA","HETDEL",TRUE,"CNA_event_000133","PAWAKA",0.167919799498747,"high_resolution_le_50pct",1,FALSE,"2","2","ENSE00003638064"
"ALL_CNA_cluster_0001","ALL_CNA","HETDEL",TRUE,"CNA_event_000134","PAWDEK",0.167919799498747,"high_resolution_le_50pct",1,FALSE,"2","2","ENSE00003638064"
"ALL_CNA_cluster_0001","ALL_CNA","HETDEL",TRUE,"CNA_event_000135","PAWDMI",0.167919799498747,"high_resolution_le_50pct",1,FALSE,"2","2","ENSE00003638064"
"ALL_CNA_cluster_0001","ALL_CNA","HETDEL",TRUE,"CNA_event_000136","PAWDWJ",0.822055137844611,"low_resolution_75_90pct",1,FALSE,"2","2","ENSE00003638064"
"ALL_CNA_cluster_0001","ALL_CNA","HETDEL",TRUE,"CNA_event_000137","PAWEEC",0.167919799498747,"high_resolution_le_50pct",1,FALSE,"2","2","ENSE00003638064"
"ALL_CNA_cluster_0001","ALL_CNA","HETDEL",TRUE,"CNA_event_000139","PAWESJ",0.345864661654135,"high_resolution_le_50pct",2,TRUE,"1;2","1;2","ENSE00001136349;ENSE00003638064"
"ALL_CNA_cluster_0001","ALL_CNA","HETDEL",TRUE,"CNA_event_000140","PAWETD",0.822055137844611,"low_resolution_75_90pct",1,FALSE,"2","2","ENSE00003638064"
"ALL_CNA_cluster_0001","ALL_CNA","HETDEL",TRUE,"CNA_event_000141","PAWFNJ",0.345864661654135,"high_resolution_le_50pct",2,TRUE,"1;2","1;2","ENSE00001136349;ENSE00003638064"
"ALL_CNA_cluster_0001","ALL_CNA","HETDEL",TRUE,"CNA_event_000142","PAWFWF",0.345864661654135,"high_resolution_le_50pct",2,TRUE,"1;2","1;2","ENSE00001136349;ENSE00003638064"
"ALL_CNA_cluster_0001","ALL_CNA","HETDEL",TRUE,"CNA_event_000143","PAWGCK",0.167919799498747,"high_resolution_le_50pct",1,FALSE,"2","2","ENSE00003638064"
"ALL_CNA_cluster_0001","ALL_CNA","HETDEL",TRUE,"CNA_event_000144","PAWGIT",0.167919799498747,"high_resolution_le_50pct",1,FALSE,"2","2","ENSE00003638064"
"ALL_CNA_cluster_0001","ALL_CNA","HETDEL",TRUE,"CNA_event_000146","PAWGZM",0.167919799498747,"high_resolution_le_50pct",1,FALSE,"2","2","ENSE00003638064"
"ALL_CNA_cluster_0001","ALL_CNA","HETDEL",TRUE,"CNA_event_000147","PAWIWS",0.355054302422723,"high_resolution_le_50pct",1,FALSE,"2","2","ENSE00003638064"
"ALL_CNA_cluster_0001","ALL_CNA","HETDEL",TRUE,"CNA_event_000148","PAWJKX",0.167919799498747,"high_resolution_le_50pct",1,FALSE,"2","2","ENSE00003638064"
"ALL_CNA_cluster_0001","ALL_CNA","HETDEL",TRUE,"CNA_event_000149","PAWJYN",0.345864661654135,"high_resolution_le_50pct",2,TRUE,"1;2","1;2","ENSE00001136349;ENSE00003638064"
"ALL_CNA_cluster_0001","ALL_CNA","HOMDEL",TRUE,"CNA_event_000179","PAWKAN",0.167919799498747,"high_resolution_le_50pct",1,FALSE,"2","2","ENSE00003638064"
"ALL_CNA_cluster_0002","ALL_CNA","HETDEL",TRUE,"CNA_event_000004","PARNXJ",0.822055137844611,"low_resolution_75_90pct",2,TRUE,"6;10","6;10","ENSE00003468993;ENSE00003530344"
"ALL_CNA_cluster_0002","ALL_CNA","HETDEL",TRUE,"CNA_event_000008","PARWNW",0.654135338345865,"moderate_resolution_50_75pct",2,TRUE,"6;10","6;10","ENSE00003468993;ENSE00003530344"
"ALL_CNA_cluster_0002","ALL_CNA","HETDEL",TRUE,"CNA_event_000010","PARXPZ",0.822055137844611,"low_resolution_75_90pct",2,TRUE,"6;10","6;10","ENSE00003468993;ENSE00003530344"
"ALL_CNA_cluster_0002","ALL_CNA","HETDEL",TRUE,"CNA_event_000019","PASKAD",0.654135338345865,"moderate_resolution_50_75pct",2,TRUE,"6;10","6;10","ENSE00003468993;ENSE00003530344"
"ALL_CNA_cluster_0002","ALL_CNA","HETDEL",TRUE,"CNA_event_000021","PASKWG",0.654135338345865,"moderate_resolution_50_75pct",2,TRUE,"6;10","6;10","ENSE00003468993;ENSE00003530344"
"ALL_CNA_cluster_0002","ALL_CNA","HETDEL",TRUE,"CNA_event_000025","PASPLG",0.425229741019215,"high_resolution_le_50pct",1,FALSE,"6","6","ENSE00003468993"
"ALL_CNA_cluster_0002","ALL_CNA","HETDEL",TRUE,"CNA_event_000026","PASPNW",0.822055137844611,"low_resolution_75_90pct",2,TRUE,"6;10","6;10","ENSE00003468993;ENSE00003530344"
"ALL_CNA_cluster_0002","ALL_CNA","HETDEL",TRUE,"CNA_event_000033","PASTHE",0.425229741019215,"high_resolution_le_50pct",1,FALSE,"6","6","ENSE00003468993"
"ALL_CNA_cluster_0002","ALL_CNA","HETDEL",TRUE,"CNA_event_000034","PASUSV",0.822055137844611,"low_resolution_75_90pct",2,TRUE,"6;10","6;10","ENSE00003468993;ENSE00003530344"
"ALL_CNA_cluster_0002","ALL_CNA","HETDEL",TRUE,"CNA_event_000038","PASWYU",0.586466165413534,"moderate_resolution_50_75pct",1,FALSE,"6","6","ENSE00003468993"
"ALL_CNA_cluster_0002","ALL_CNA","HETDEL",TRUE,"CNA_event_000039","PASYNX",0.360066833751044,"high_resolution_le_50pct",1,FALSE,"6","6","ENSE00003468993"
"ALL_CNA_cluster_0002","ALL_CNA","HETDEL",TRUE,"CNA_event_000042","PASYWF",0.654135338345865,"moderate_resolution_50_75pct",2,TRUE,"6;10","6;10","ENSE00003468993;ENSE00003530344"
"ALL_CNA_cluster_0002","ALL_CNA","HETDEL",TRUE,"CNA_event_000044","PATALF",0.425229741019215,"high_resolution_le_50pct",1,FALSE,"6","6","ENSE00003468993"
"ALL_CNA_cluster_0002","ALL_CNA","HETDEL",TRUE,"CNA_event_000046","PATCTR",0.257309941520468,"high_resolution_le_50pct",1,FALSE,"6","6","ENSE00003468993"
"ALL_CNA_cluster_0002","ALL_CNA","HETDEL",TRUE,"CNA_event_000050","PATHFE",0.822055137844611,"low_resolution_75_90pct",2,TRUE,"6;10","6;10","ENSE00003468993;ENSE00003530344"
"ALL_CNA_cluster_0002","ALL_CNA","HETDEL",TRUE,"CNA_event_000055","PATLLH",0.425229741019215,"high_resolution_le_50pct",1,FALSE,"6","6","ENSE00003468993"
"ALL_CNA_cluster_0002","ALL_CNA","HETDEL",TRUE,"CNA_event_000057","PATPDA",0.664160401002506,"moderate_resolution_50_75pct",1,FALSE,"6","6","ENSE00003468993"
"ALL_CNA_cluster_0002","ALL_CNA","HETDEL",TRUE,"CNA_event_000070","PAUCDC",0.822055137844611,"low_resolution_75_90pct",2,TRUE,"6;10","6;10","ENSE00003468993;ENSE00003530344"
"ALL_CNA_cluster_0002","ALL_CNA","HETDEL",TRUE,"CNA_event_000079","PAUIEM",0.654135338345865,"moderate_resolution_50_75pct",2,TRUE,"6;10","6;10","ENSE00003468993;ENSE00003530344"
"ALL_CNA_cluster_0002","ALL_CNA","HETDEL",TRUE,"CNA_event_000083","PAUKZJ",0.608187134502924,"moderate_resolution_50_75pct",1,FALSE,"6","6","ENSE00003468993"
"ALL_CNA_cluster_0002","ALL_CNA","HOMDEL",TRUE,"CNA_event_000167","PAULGX",0.603174603174603,"moderate_resolution_50_75pct",1,FALSE,"6","6","ENSE00003468993"
"ALL_CNA_cluster_0002","ALL_CNA","HETDEL",TRUE,"CNA_event_000091","PAUSIS",0.822055137844611,"low_resolution_75_90pct",2,TRUE,"6;10","6;10","ENSE00003468993;ENSE00003530344"
"ALL_CNA_cluster_0002","ALL_CNA","HETDEL",TRUE,"CNA_event_000093","PAUTUL",0.664160401002506,"moderate_resolution_50_75pct",1,FALSE,"6","6","ENSE00003468993"
"ALL_CNA_cluster_0002","ALL_CNA","HETDEL",TRUE,"CNA_event_000097","PAUWXI",0.822055137844611,"low_resolution_75_90pct",2,TRUE,"6;10","6;10","ENSE00003468993;ENSE00003530344"
"ALL_CNA_cluster_0002","ALL_CNA","HETDEL",TRUE,"CNA_event_000102","PAUYJF",0.425229741019215,"high_resolution_le_50pct",1,FALSE,"6","6","ENSE00003468993"
"ALL_CNA_cluster_0002","ALL_CNA","HETDEL",TRUE,"CNA_event_000121","PAVRXK",0.932330827067669,"very_low_resolution_90_lt_100pct",1,FALSE,"6","6","ENSE00003468993"
"ALL_CNA_cluster_0002","ALL_CNA","HOMDEL",TRUE,"CNA_event_000175","PAVVBE",0.754385964912281,"low_resolution_75_90pct",1,FALSE,"6","6","ENSE00003468993"
"ALL_CNA_cluster_0002","ALL_CNA","HETDEL",TRUE,"CNA_event_000123","PAVVDS",0.257309941520468,"high_resolution_le_50pct",1,FALSE,"6","6","ENSE00003468993"
"ALL_CNA_cluster_0002","ALL_CNA","HETDEL",TRUE,"CNA_event_000130","PAVZCF",0.425229741019215,"high_resolution_le_50pct",1,FALSE,"6","6","ENSE00003468993"
"ALL_CNA_cluster_0002","ALL_CNA","HETDEL",TRUE,"CNA_event_000136","PAWDWJ",0.822055137844611,"low_resolution_75_90pct",2,TRUE,"6;10","6;10","ENSE00003468993;ENSE00003530344"
"ALL_CNA_cluster_0002","ALL_CNA","HETDEL",TRUE,"CNA_event_000140","PAWETD",0.822055137844611,"low_resolution_75_90pct",2,TRUE,"6;10","6;10","ENSE00003468993;ENSE00003530344"
"ALL_CNA_cluster_0002","ALL_CNA","HETDEL",TRUE,"CNA_event_000145","PAWGXM",0.496240601503759,"high_resolution_le_50pct",1,FALSE,"6","6","ENSE00003468993"
"ALL_CNA_cluster_0003","ALL_CNA","HETDEL",TRUE,"CNA_event_000004","PARNXJ",0.822055137844611,"low_resolution_75_90pct",2,TRUE,"5;11","5;11","ENSE00003510092;ENSE00003663409"
"ALL_CNA_cluster_0003","ALL_CNA","HETDEL",TRUE,"CNA_event_000008","PARWNW",0.654135338345865,"moderate_resolution_50_75pct",2,TRUE,"5;11","5;11","ENSE00003510092;ENSE00003663409"
"ALL_CNA_cluster_0003","ALL_CNA","HETDEL",TRUE,"CNA_event_000010","PARXPZ",0.822055137844611,"low_resolution_75_90pct",2,TRUE,"5;11","5;11","ENSE00003510092;ENSE00003663409"
"ALL_CNA_cluster_0003","ALL_CNA","HETDEL",TRUE,"CNA_event_000019","PASKAD",0.654135338345865,"moderate_resolution_50_75pct",2,TRUE,"5;11","5;11","ENSE00003510092;ENSE00003663409"
"ALL_CNA_cluster_0003","ALL_CNA","HETDEL",TRUE,"CNA_event_000021","PASKWG",0.654135338345865,"moderate_resolution_50_75pct",2,TRUE,"5;11","5;11","ENSE00003510092;ENSE00003663409"
"ALL_CNA_cluster_0003","ALL_CNA","HETDEL",TRUE,"CNA_event_000024","PASPDS",0.355054302422723,"high_resolution_le_50pct",1,FALSE,"5","5","ENSE00003663409"
"ALL_CNA_cluster_0003","ALL_CNA","HETDEL",TRUE,"CNA_event_000025","PASPLG",0.425229741019215,"high_resolution_le_50pct",1,FALSE,"5","5","ENSE00003663409"
"ALL_CNA_cluster_0003","ALL_CNA","HETDEL",TRUE,"CNA_event_000026","PASPNW",0.822055137844611,"low_resolution_75_90pct",2,TRUE,"5;11","5;11","ENSE00003510092;ENSE00003663409"
"ALL_CNA_cluster_0003","ALL_CNA","HETDEL",TRUE,"CNA_event_000033","PASTHE",0.425229741019215,"high_resolution_le_50pct",1,FALSE,"5","5","ENSE00003663409"
"ALL_CNA_cluster_0003","ALL_CNA","HETDEL",TRUE,"CNA_event_000034","PASUSV",0.822055137844611,"low_resolution_75_90pct",2,TRUE,"5;11","5;11","ENSE00003510092;ENSE00003663409"
"ALL_CNA_cluster_0003","ALL_CNA","HETDEL",TRUE,"CNA_event_000038","PASWYU",0.586466165413534,"moderate_resolution_50_75pct",1,FALSE,"5","5","ENSE00003663409"
"ALL_CNA_cluster_0003","ALL_CNA","HETDEL",TRUE,"CNA_event_000039","PASYNX",0.360066833751044,"high_resolution_le_50pct",1,FALSE,"5","5","ENSE00003663409"
"ALL_CNA_cluster_0003","ALL_CNA","HETDEL",TRUE,"CNA_event_000042","PASYWF",0.654135338345865,"moderate_resolution_50_75pct",2,TRUE,"5;11","5;11","ENSE00003510092;ENSE00003663409"
"ALL_CNA_cluster_0003","ALL_CNA","HETDEL",TRUE,"CNA_event_000044","PATALF",0.425229741019215,"high_resolution_le_50pct",1,FALSE,"5","5","ENSE00003663409"
"ALL_CNA_cluster_0003","ALL_CNA","HETDEL",TRUE,"CNA_event_000046","PATCTR",0.257309941520468,"high_resolution_le_50pct",1,FALSE,"5","5","ENSE00003663409"
"ALL_CNA_cluster_0003","ALL_CNA","HETDEL",TRUE,"CNA_event_000050","PATHFE",0.822055137844611,"low_resolution_75_90pct",2,TRUE,"5;11","5;11","ENSE00003510092;ENSE00003663409"
"ALL_CNA_cluster_0003","ALL_CNA","HETDEL",TRUE,"CNA_event_000052","PATJLY",0.355054302422723,"high_resolution_le_50pct",1,FALSE,"5","5","ENSE00003663409"
"ALL_CNA_cluster_0003","ALL_CNA","HETDEL",TRUE,"CNA_event_000055","PATLLH",0.425229741019215,"high_resolution_le_50pct",1,FALSE,"5","5","ENSE00003663409"
"ALL_CNA_cluster_0003","ALL_CNA","HETDEL",TRUE,"CNA_event_000057","PATPDA",0.664160401002506,"moderate_resolution_50_75pct",1,FALSE,"5","5","ENSE00003663409"
"ALL_CNA_cluster_0003","ALL_CNA","HETDEL",TRUE,"CNA_event_000070","PAUCDC",0.822055137844611,"low_resolution_75_90pct",2,TRUE,"5;11","5;11","ENSE00003510092;ENSE00003663409"
"ALL_CNA_cluster_0003","ALL_CNA","HETDEL",TRUE,"CNA_event_000079","PAUIEM",0.654135338345865,"moderate_resolution_50_75pct",2,TRUE,"5;11","5;11","ENSE00003510092;ENSE00003663409"
"ALL_CNA_cluster_0003","ALL_CNA","HETDEL",TRUE,"CNA_event_000083","PAUKZJ",0.608187134502924,"moderate_resolution_50_75pct",1,FALSE,"5","5","ENSE00003663409"
"ALL_CNA_cluster_0003","ALL_CNA","HOMDEL",TRUE,"CNA_event_000167","PAULGX",0.603174603174603,"moderate_resolution_50_75pct",1,FALSE,"5","5","ENSE00003663409"
"ALL_CNA_cluster_0003","ALL_CNA","HETDEL",TRUE,"CNA_event_000091","PAUSIS",0.822055137844611,"low_resolution_75_90pct",2,TRUE,"5;11","5;11","ENSE00003510092;ENSE00003663409"
"ALL_CNA_cluster_0003","ALL_CNA","HETDEL",TRUE,"CNA_event_000093","PAUTUL",0.664160401002506,"moderate_resolution_50_75pct",1,FALSE,"5","5","ENSE00003663409"
"ALL_CNA_cluster_0003","ALL_CNA","HETDEL",TRUE,"CNA_event_000097","PAUWXI",0.822055137844611,"low_resolution_75_90pct",2,TRUE,"5;11","5;11","ENSE00003510092;ENSE00003663409"
"ALL_CNA_cluster_0003","ALL_CNA","HETDEL",TRUE,"CNA_event_000101","PAUXYI",0.355054302422723,"high_resolution_le_50pct",1,FALSE,"5","5","ENSE00003663409"
"ALL_CNA_cluster_0003","ALL_CNA","HETDEL",TRUE,"CNA_event_000102","PAUYJF",0.425229741019215,"high_resolution_le_50pct",1,FALSE,"5","5","ENSE00003663409"
"ALL_CNA_cluster_0003","ALL_CNA","HETDEL",TRUE,"CNA_event_000121","PAVRXK",0.932330827067669,"very_low_resolution_90_lt_100pct",1,FALSE,"5","5","ENSE00003663409"
"ALL_CNA_cluster_0003","ALL_CNA","HOMDEL",TRUE,"CNA_event_000175","PAVVBE",0.754385964912281,"low_resolution_75_90pct",1,FALSE,"5","5","ENSE00003663409"
"ALL_CNA_cluster_0003","ALL_CNA","HETDEL",TRUE,"CNA_event_000123","PAVVDS",0.257309941520468,"high_resolution_le_50pct",1,FALSE,"5","5","ENSE00003663409"
"ALL_CNA_cluster_0003","ALL_CNA","HETDEL",TRUE,"CNA_event_000130","PAVZCF",0.425229741019215,"high_resolution_le_50pct",1,FALSE,"5","5","ENSE00003663409"
"ALL_CNA_cluster_0003","ALL_CNA","HETDEL",TRUE,"CNA_event_000136","PAWDWJ",0.822055137844611,"low_resolution_75_90pct",2,TRUE,"5;11","5;11","ENSE00003510092;ENSE00003663409"
"ALL_CNA_cluster_0003","ALL_CNA","HETDEL",TRUE,"CNA_event_000140","PAWETD",0.822055137844611,"low_resolution_75_90pct",2,TRUE,"5;11","5;11","ENSE00003510092;ENSE00003663409"
"ALL_CNA_cluster_0003","ALL_CNA","HETDEL",TRUE,"CNA_event_000145","PAWGXM",0.496240601503759,"high_resolution_le_50pct",1,FALSE,"5","5","ENSE00003663409"
"ALL_CNA_cluster_0003","ALL_CNA","HETDEL",TRUE,"CNA_event_000147","PAWIWS",0.355054302422723,"high_resolution_le_50pct",1,FALSE,"5","5","ENSE00003663409"
"ALL_CNA_cluster_0004","ALL_CNA","HETDEL",TRUE,"CNA_event_000004","PARNXJ",0.822055137844611,"low_resolution_75_90pct",2,TRUE,"5;6","5;6","ENSE00003468993;ENSE00003663409"
"ALL_CNA_cluster_0004","ALL_CNA","HETDEL",TRUE,"CNA_event_000008","PARWNW",0.654135338345865,"moderate_resolution_50_75pct",2,TRUE,"5;6","5;6","ENSE00003468993;ENSE00003663409"
"ALL_CNA_cluster_0004","ALL_CNA","HETDEL",TRUE,"CNA_event_000010","PARXPZ",0.822055137844611,"low_resolution_75_90pct",2,TRUE,"5;6","5;6","ENSE00003468993;ENSE00003663409"
"ALL_CNA_cluster_0004","ALL_CNA","HETDEL",TRUE,"CNA_event_000019","PASKAD",0.654135338345865,"moderate_resolution_50_75pct",2,TRUE,"5;6","5;6","ENSE00003468993;ENSE00003663409"
"ALL_CNA_cluster_0004","ALL_CNA","HETDEL",TRUE,"CNA_event_000021","PASKWG",0.654135338345865,"moderate_resolution_50_75pct",2,TRUE,"5;6","5;6","ENSE00003468993;ENSE00003663409"
"ALL_CNA_cluster_0004","ALL_CNA","HETDEL",TRUE,"CNA_event_000024","PASPDS",0.355054302422723,"high_resolution_le_50pct",1,FALSE,"5","5","ENSE00003663409"
"ALL_CNA_cluster_0004","ALL_CNA","HETDEL",TRUE,"CNA_event_000025","PASPLG",0.425229741019215,"high_resolution_le_50pct",2,TRUE,"5;6","5;6","ENSE00003468993;ENSE00003663409"
"ALL_CNA_cluster_0004","ALL_CNA","HETDEL",TRUE,"CNA_event_000026","PASPNW",0.822055137844611,"low_resolution_75_90pct",2,TRUE,"5;6","5;6","ENSE00003468993;ENSE00003663409"
"ALL_CNA_cluster_0004","ALL_CNA","HETDEL",TRUE,"CNA_event_000033","PASTHE",0.425229741019215,"high_resolution_le_50pct",2,TRUE,"5;6","5;6","ENSE00003468993;ENSE00003663409"
"ALL_CNA_cluster_0004","ALL_CNA","HETDEL",TRUE,"CNA_event_000034","PASUSV",0.822055137844611,"low_resolution_75_90pct",2,TRUE,"5;6","5;6","ENSE00003468993;ENSE00003663409"
"ALL_CNA_cluster_0004","ALL_CNA","HETDEL",TRUE,"CNA_event_000038","PASWYU",0.586466165413534,"moderate_resolution_50_75pct",2,TRUE,"5;6","5;6","ENSE00003468993;ENSE00003663409"
"ALL_CNA_cluster_0004","ALL_CNA","HETDEL",TRUE,"CNA_event_000039","PASYNX",0.360066833751044,"high_resolution_le_50pct",2,TRUE,"5;6","5;6","ENSE00003468993;ENSE00003663409"
"ALL_CNA_cluster_0004","ALL_CNA","HETDEL",TRUE,"CNA_event_000042","PASYWF",0.654135338345865,"moderate_resolution_50_75pct",2,TRUE,"5;6","5;6","ENSE00003468993;ENSE00003663409"
"ALL_CNA_cluster_0004","ALL_CNA","HETDEL",TRUE,"CNA_event_000044","PATALF",0.425229741019215,"high_resolution_le_50pct",2,TRUE,"5;6","5;6","ENSE00003468993;ENSE00003663409"
"ALL_CNA_cluster_0004","ALL_CNA","HETDEL",TRUE,"CNA_event_000046","PATCTR",0.257309941520468,"high_resolution_le_50pct",2,TRUE,"5;6","5;6","ENSE00003468993;ENSE00003663409"
"ALL_CNA_cluster_0004","ALL_CNA","HETDEL",TRUE,"CNA_event_000050","PATHFE",0.822055137844611,"low_resolution_75_90pct",2,TRUE,"5;6","5;6","ENSE00003468993;ENSE00003663409"
"ALL_CNA_cluster_0004","ALL_CNA","HETDEL",TRUE,"CNA_event_000052","PATJLY",0.355054302422723,"high_resolution_le_50pct",1,FALSE,"5","5","ENSE00003663409"
"ALL_CNA_cluster_0004","ALL_CNA","HETDEL",TRUE,"CNA_event_000055","PATLLH",0.425229741019215,"high_resolution_le_50pct",2,TRUE,"5;6","5;6","ENSE00003468993;ENSE00003663409"
"ALL_CNA_cluster_0004","ALL_CNA","HETDEL",TRUE,"CNA_event_000057","PATPDA",0.664160401002506,"moderate_resolution_50_75pct",2,TRUE,"5;6","5;6","ENSE00003468993;ENSE00003663409"
"ALL_CNA_cluster_0004","ALL_CNA","HETDEL",TRUE,"CNA_event_000070","PAUCDC",0.822055137844611,"low_resolution_75_90pct",2,TRUE,"5;6","5;6","ENSE00003468993;ENSE00003663409"
"ALL_CNA_cluster_0004","ALL_CNA","HETDEL",TRUE,"CNA_event_000079","PAUIEM",0.654135338345865,"moderate_resolution_50_75pct",2,TRUE,"5;6","5;6","ENSE00003468993;ENSE00003663409"
"ALL_CNA_cluster_0004","ALL_CNA","HETDEL",TRUE,"CNA_event_000083","PAUKZJ",0.608187134502924,"moderate_resolution_50_75pct",2,TRUE,"5;6","5;6","ENSE00003468993;ENSE00003663409"
"ALL_CNA_cluster_0004","ALL_CNA","HOMDEL",TRUE,"CNA_event_000167","PAULGX",0.603174603174603,"moderate_resolution_50_75pct",2,TRUE,"5;6","5;6","ENSE00003468993;ENSE00003663409"
"ALL_CNA_cluster_0004","ALL_CNA","HETDEL",TRUE,"CNA_event_000091","PAUSIS",0.822055137844611,"low_resolution_75_90pct",2,TRUE,"5;6","5;6","ENSE00003468993;ENSE00003663409"
"ALL_CNA_cluster_0004","ALL_CNA","HETDEL",TRUE,"CNA_event_000093","PAUTUL",0.664160401002506,"moderate_resolution_50_75pct",2,TRUE,"5;6","5;6","ENSE00003468993;ENSE00003663409"
"ALL_CNA_cluster_0004","ALL_CNA","HETDEL",TRUE,"CNA_event_000097","PAUWXI",0.822055137844611,"low_resolution_75_90pct",2,TRUE,"5;6","5;6","ENSE00003468993;ENSE00003663409"
"ALL_CNA_cluster_0004","ALL_CNA","HETDEL",TRUE,"CNA_event_000101","PAUXYI",0.355054302422723,"high_resolution_le_50pct",1,FALSE,"5","5","ENSE00003663409"
"ALL_CNA_cluster_0004","ALL_CNA","HETDEL",TRUE,"CNA_event_000102","PAUYJF",0.425229741019215,"high_resolution_le_50pct",2,TRUE,"5;6","5;6","ENSE00003468993;ENSE00003663409"
"ALL_CNA_cluster_0004","ALL_CNA","HETDEL",TRUE,"CNA_event_000121","PAVRXK",0.932330827067669,"very_low_resolution_90_lt_100pct",2,TRUE,"5;6","5;6","ENSE00003468993;ENSE00003663409"
"ALL_CNA_cluster_0004","ALL_CNA","HOMDEL",TRUE,"CNA_event_000175","PAVVBE",0.754385964912281,"low_resolution_75_90pct",2,TRUE,"5;6","5;6","ENSE00003468993;ENSE00003663409"
"ALL_CNA_cluster_0004","ALL_CNA","HETDEL",TRUE,"CNA_event_000123","PAVVDS",0.257309941520468,"high_resolution_le_50pct",2,TRUE,"5;6","5;6","ENSE00003468993;ENSE00003663409"
"ALL_CNA_cluster_0004","ALL_CNA","HETDEL",TRUE,"CNA_event_000130","PAVZCF",0.425229741019215,"high_resolution_le_50pct",2,TRUE,"5;6","5;6","ENSE00003468993;ENSE00003663409"
"ALL_CNA_cluster_0004","ALL_CNA","HETDEL",TRUE,"CNA_event_000136","PAWDWJ",0.822055137844611,"low_resolution_75_90pct",2,TRUE,"5;6","5;6","ENSE00003468993;ENSE00003663409"
"ALL_CNA_cluster_0004","ALL_CNA","HETDEL",TRUE,"CNA_event_000140","PAWETD",0.822055137844611,"low_resolution_75_90pct",2,TRUE,"5;6","5;6","ENSE00003468993;ENSE00003663409"
"ALL_CNA_cluster_0004","ALL_CNA","HETDEL",TRUE,"CNA_event_000145","PAWGXM",0.496240601503759,"high_resolution_le_50pct",2,TRUE,"5;6","5;6","ENSE00003468993;ENSE00003663409"
"ALL_CNA_cluster_0004","ALL_CNA","HETDEL",TRUE,"CNA_event_000147","PAWIWS",0.355054302422723,"high_resolution_le_50pct",1,FALSE,"5","5","ENSE00003663409"
"ALL_CNA_cluster_0005","ALL_CNA","HETDEL",TRUE,"CNA_event_000004","PARNXJ",0.822055137844611,"low_resolution_75_90pct",4,TRUE,"5;6;10;11","5;6;10;11","ENSE00003468993;ENSE00003510092;ENSE00003530344;ENSE00003663409"
"ALL_CNA_cluster_0005","ALL_CNA","HETDEL",TRUE,"CNA_event_000008","PARWNW",0.654135338345865,"moderate_resolution_50_75pct",4,TRUE,"5;6;10;11","5;6;10;11","ENSE00003468993;ENSE00003510092;ENSE00003530344;ENSE00003663409"
"ALL_CNA_cluster_0005","ALL_CNA","HETDEL",TRUE,"CNA_event_000010","PARXPZ",0.822055137844611,"low_resolution_75_90pct",4,TRUE,"5;6;10;11","5;6;10;11","ENSE00003468993;ENSE00003510092;ENSE00003530344;ENSE00003663409"
"ALL_CNA_cluster_0005","ALL_CNA","HETDEL",TRUE,"CNA_event_000019","PASKAD",0.654135338345865,"moderate_resolution_50_75pct",4,TRUE,"5;6;10;11","5;6;10;11","ENSE00003468993;ENSE00003510092;ENSE00003530344;ENSE00003663409"
"ALL_CNA_cluster_0005","ALL_CNA","HETDEL",TRUE,"CNA_event_000021","PASKWG",0.654135338345865,"moderate_resolution_50_75pct",4,TRUE,"5;6;10;11","5;6;10;11","ENSE00003468993;ENSE00003510092;ENSE00003530344;ENSE00003663409"
"ALL_CNA_cluster_0005","ALL_CNA","HETDEL",TRUE,"CNA_event_000024","PASPDS",0.355054302422723,"high_resolution_le_50pct",1,FALSE,"5","5","ENSE00003663409"
"ALL_CNA_cluster_0005","ALL_CNA","HETDEL",TRUE,"CNA_event_000025","PASPLG",0.425229741019215,"high_resolution_le_50pct",2,TRUE,"5;6","5;6","ENSE00003468993;ENSE00003663409"
"ALL_CNA_cluster_0005","ALL_CNA","HETDEL",TRUE,"CNA_event_000026","PASPNW",0.822055137844611,"low_resolution_75_90pct",4,TRUE,"5;6;10;11","5;6;10;11","ENSE00003468993;ENSE00003510092;ENSE00003530344;ENSE00003663409"
"ALL_CNA_cluster_0005","ALL_CNA","HETDEL",TRUE,"CNA_event_000033","PASTHE",0.425229741019215,"high_resolution_le_50pct",2,TRUE,"5;6","5;6","ENSE00003468993;ENSE00003663409"
"ALL_CNA_cluster_0005","ALL_CNA","HETDEL",TRUE,"CNA_event_000034","PASUSV",0.822055137844611,"low_resolution_75_90pct",4,TRUE,"5;6;10;11","5;6;10;11","ENSE00003468993;ENSE00003510092;ENSE00003530344;ENSE00003663409"
"ALL_CNA_cluster_0005","ALL_CNA","HETDEL",TRUE,"CNA_event_000038","PASWYU",0.586466165413534,"moderate_resolution_50_75pct",2,TRUE,"5;6","5;6","ENSE00003468993;ENSE00003663409"
"ALL_CNA_cluster_0005","ALL_CNA","HETDEL",TRUE,"CNA_event_000039","PASYNX",0.360066833751044,"high_resolution_le_50pct",2,TRUE,"5;6","5;6","ENSE00003468993;ENSE00003663409"
"ALL_CNA_cluster_0005","ALL_CNA","HETDEL",TRUE,"CNA_event_000042","PASYWF",0.654135338345865,"moderate_resolution_50_75pct",4,TRUE,"5;6;10;11","5;6;10;11","ENSE00003468993;ENSE00003510092;ENSE00003530344;ENSE00003663409"
"ALL_CNA_cluster_0005","ALL_CNA","HETDEL",TRUE,"CNA_event_000044","PATALF",0.425229741019215,"high_resolution_le_50pct",2,TRUE,"5;6","5;6","ENSE00003468993;ENSE00003663409"
"ALL_CNA_cluster_0005","ALL_CNA","HETDEL",TRUE,"CNA_event_000046","PATCTR",0.257309941520468,"high_resolution_le_50pct",2,TRUE,"5;6","5;6","ENSE00003468993;ENSE00003663409"
"ALL_CNA_cluster_0005","ALL_CNA","HETDEL",TRUE,"CNA_event_000050","PATHFE",0.822055137844611,"low_resolution_75_90pct",4,TRUE,"5;6;10;11","5;6;10;11","ENSE00003468993;ENSE00003510092;ENSE00003530344;ENSE00003663409"
"ALL_CNA_cluster_0005","ALL_CNA","HETDEL",TRUE,"CNA_event_000052","PATJLY",0.355054302422723,"high_resolution_le_50pct",1,FALSE,"5","5","ENSE00003663409"
"ALL_CNA_cluster_0005","ALL_CNA","HETDEL",TRUE,"CNA_event_000055","PATLLH",0.425229741019215,"high_resolution_le_50pct",2,TRUE,"5;6","5;6","ENSE00003468993;ENSE00003663409"
"ALL_CNA_cluster_0005","ALL_CNA","HETDEL",TRUE,"CNA_event_000057","PATPDA",0.664160401002506,"moderate_resolution_50_75pct",2,TRUE,"5;6","5;6","ENSE00003468993;ENSE00003663409"
"ALL_CNA_cluster_0005","ALL_CNA","HETDEL",TRUE,"CNA_event_000070","PAUCDC",0.822055137844611,"low_resolution_75_90pct",4,TRUE,"5;6;10;11","5;6;10;11","ENSE00003468993;ENSE00003510092;ENSE00003530344;ENSE00003663409"
"ALL_CNA_cluster_0005","ALL_CNA","HETDEL",TRUE,"CNA_event_000079","PAUIEM",0.654135338345865,"moderate_resolution_50_75pct",4,TRUE,"5;6;10;11","5;6;10;11","ENSE00003468993;ENSE00003510092;ENSE00003530344;ENSE00003663409"
"ALL_CNA_cluster_0005","ALL_CNA","HETDEL",TRUE,"CNA_event_000083","PAUKZJ",0.608187134502924,"moderate_resolution_50_75pct",2,TRUE,"5;6","5;6","ENSE00003468993;ENSE00003663409"
"ALL_CNA_cluster_0005","ALL_CNA","HOMDEL",TRUE,"CNA_event_000167","PAULGX",0.603174603174603,"moderate_resolution_50_75pct",2,TRUE,"5;6","5;6","ENSE00003468993;ENSE00003663409"
"ALL_CNA_cluster_0005","ALL_CNA","HETDEL",TRUE,"CNA_event_000091","PAUSIS",0.822055137844611,"low_resolution_75_90pct",4,TRUE,"5;6;10;11","5;6;10;11","ENSE00003468993;ENSE00003510092;ENSE00003530344;ENSE00003663409"
"ALL_CNA_cluster_0005","ALL_CNA","HETDEL",TRUE,"CNA_event_000093","PAUTUL",0.664160401002506,"moderate_resolution_50_75pct",2,TRUE,"5;6","5;6","ENSE00003468993;ENSE00003663409"
"ALL_CNA_cluster_0005","ALL_CNA","HETDEL",TRUE,"CNA_event_000097","PAUWXI",0.822055137844611,"low_resolution_75_90pct",4,TRUE,"5;6;10;11","5;6;10;11","ENSE00003468993;ENSE00003510092;ENSE00003530344;ENSE00003663409"
"ALL_CNA_cluster_0005","ALL_CNA","HETDEL",TRUE,"CNA_event_000101","PAUXYI",0.355054302422723,"high_resolution_le_50pct",1,FALSE,"5","5","ENSE00003663409"
"ALL_CNA_cluster_0005","ALL_CNA","HETDEL",TRUE,"CNA_event_000102","PAUYJF",0.425229741019215,"high_resolution_le_50pct",2,TRUE,"5;6","5;6","ENSE00003468993;ENSE00003663409"
"ALL_CNA_cluster_0005","ALL_CNA","HETDEL",TRUE,"CNA_event_000121","PAVRXK",0.932330827067669,"very_low_resolution_90_lt_100pct",2,TRUE,"5;6","5;6","ENSE00003468993;ENSE00003663409"
"ALL_CNA_cluster_0005","ALL_CNA","HOMDEL",TRUE,"CNA_event_000175","PAVVBE",0.754385964912281,"low_resolution_75_90pct",2,TRUE,"5;6","5;6","ENSE00003468993;ENSE00003663409"
"ALL_CNA_cluster_0005","ALL_CNA","HETDEL",TRUE,"CNA_event_000123","PAVVDS",0.257309941520468,"high_resolution_le_50pct",2,TRUE,"5;6","5;6","ENSE00003468993;ENSE00003663409"
"ALL_CNA_cluster_0005","ALL_CNA","HETDEL",TRUE,"CNA_event_000130","PAVZCF",0.425229741019215,"high_resolution_le_50pct",2,TRUE,"5;6","5;6","ENSE00003468993;ENSE00003663409"
"ALL_CNA_cluster_0005","ALL_CNA","HETDEL",TRUE,"CNA_event_000136","PAWDWJ",0.822055137844611,"low_resolution_75_90pct",4,TRUE,"5;6;10;11","5;6;10;11","ENSE00003468993;ENSE00003510092;ENSE00003530344;ENSE00003663409"
"ALL_CNA_cluster_0005","ALL_CNA","HETDEL",TRUE,"CNA_event_000140","PAWETD",0.822055137844611,"low_resolution_75_90pct",4,TRUE,"5;6;10;11","5;6;10;11","ENSE00003468993;ENSE00003510092;ENSE00003530344;ENSE00003663409"
"ALL_CNA_cluster_0005","ALL_CNA","HETDEL",TRUE,"CNA_event_000145","PAWGXM",0.496240601503759,"high_resolution_le_50pct",2,TRUE,"5;6","5;6","ENSE00003468993;ENSE00003663409"
"ALL_CNA_cluster_0005","ALL_CNA","HETDEL",TRUE,"CNA_event_000147","PAWIWS",0.355054302422723,"high_resolution_le_50pct",1,FALSE,"5","5","ENSE00003663409"
"ALL_CNA_cluster_0006","ALL_CNA","HETDEL",TRUE,"CNA_event_000004","PARNXJ",0.822055137844611,"low_resolution_75_90pct",4,TRUE,"5;6;7;8","5;6;7;8","ENSE00003468993;ENSE00003478404;ENSE00003604670;ENSE00003663409"
"ALL_CNA_cluster_0006","ALL_CNA","HETDEL",TRUE,"CNA_event_000008","PARWNW",0.654135338345865,"moderate_resolution_50_75pct",4,TRUE,"5;6;7;8","5;6;7;8","ENSE00003468993;ENSE00003478404;ENSE00003604670;ENSE00003663409"
"ALL_CNA_cluster_0006","ALL_CNA","HETDEL",TRUE,"CNA_event_000010","PARXPZ",0.822055137844611,"low_resolution_75_90pct",4,TRUE,"5;6;7;8","5;6;7;8","ENSE00003468993;ENSE00003478404;ENSE00003604670;ENSE00003663409"
"ALL_CNA_cluster_0006","ALL_CNA","HETDEL",TRUE,"CNA_event_000019","PASKAD",0.654135338345865,"moderate_resolution_50_75pct",4,TRUE,"5;6;7;8","5;6;7;8","ENSE00003468993;ENSE00003478404;ENSE00003604670;ENSE00003663409"
"ALL_CNA_cluster_0006","ALL_CNA","HETDEL",TRUE,"CNA_event_000021","PASKWG",0.654135338345865,"moderate_resolution_50_75pct",4,TRUE,"5;6;7;8","5;6;7;8","ENSE00003468993;ENSE00003478404;ENSE00003604670;ENSE00003663409"
"ALL_CNA_cluster_0006","ALL_CNA","HETDEL",TRUE,"CNA_event_000024","PASPDS",0.355054302422723,"high_resolution_le_50pct",1,FALSE,"5","5","ENSE00003663409"
"ALL_CNA_cluster_0006","ALL_CNA","HETDEL",TRUE,"CNA_event_000025","PASPLG",0.425229741019215,"high_resolution_le_50pct",2,TRUE,"5;6","5;6","ENSE00003468993;ENSE00003663409"
"ALL_CNA_cluster_0006","ALL_CNA","HETDEL",TRUE,"CNA_event_000026","PASPNW",0.822055137844611,"low_resolution_75_90pct",4,TRUE,"5;6;7;8","5;6;7;8","ENSE00003468993;ENSE00003478404;ENSE00003604670;ENSE00003663409"
"ALL_CNA_cluster_0006","ALL_CNA","HETDEL",TRUE,"CNA_event_000033","PASTHE",0.425229741019215,"high_resolution_le_50pct",2,TRUE,"5;6","5;6","ENSE00003468993;ENSE00003663409"
"ALL_CNA_cluster_0006","ALL_CNA","HETDEL",TRUE,"CNA_event_000034","PASUSV",0.822055137844611,"low_resolution_75_90pct",4,TRUE,"5;6;7;8","5;6;7;8","ENSE00003468993;ENSE00003478404;ENSE00003604670;ENSE00003663409"
"ALL_CNA_cluster_0006","ALL_CNA","HETDEL",TRUE,"CNA_event_000038","PASWYU",0.586466165413534,"moderate_resolution_50_75pct",4,TRUE,"5;6;7;8","5;6;7;8","ENSE00003468993;ENSE00003478404;ENSE00003604670;ENSE00003663409"
"ALL_CNA_cluster_0006","ALL_CNA","HETDEL",TRUE,"CNA_event_000039","PASYNX",0.360066833751044,"high_resolution_le_50pct",3,TRUE,"5;6;7","5;6;7","ENSE00003468993;ENSE00003478404;ENSE00003663409"
"ALL_CNA_cluster_0006","ALL_CNA","HETDEL",TRUE,"CNA_event_000042","PASYWF",0.654135338345865,"moderate_resolution_50_75pct",4,TRUE,"5;6;7;8","5;6;7;8","ENSE00003468993;ENSE00003478404;ENSE00003604670;ENSE00003663409"
"ALL_CNA_cluster_0006","ALL_CNA","HETDEL",TRUE,"CNA_event_000044","PATALF",0.425229741019215,"high_resolution_le_50pct",2,TRUE,"5;6","5;6","ENSE00003468993;ENSE00003663409"
"ALL_CNA_cluster_0006","ALL_CNA","HETDEL",TRUE,"CNA_event_000046","PATCTR",0.257309941520468,"high_resolution_le_50pct",2,TRUE,"5;6","5;6","ENSE00003468993;ENSE00003663409"
"ALL_CNA_cluster_0006","ALL_CNA","HETDEL",TRUE,"CNA_event_000050","PATHFE",0.822055137844611,"low_resolution_75_90pct",4,TRUE,"5;6;7;8","5;6;7;8","ENSE00003468993;ENSE00003478404;ENSE00003604670;ENSE00003663409"
"ALL_CNA_cluster_0006","ALL_CNA","HETDEL",TRUE,"CNA_event_000052","PATJLY",0.355054302422723,"high_resolution_le_50pct",1,FALSE,"5","5","ENSE00003663409"
"ALL_CNA_cluster_0006","ALL_CNA","HETDEL",TRUE,"CNA_event_000055","PATLLH",0.425229741019215,"high_resolution_le_50pct",2,TRUE,"5;6","5;6","ENSE00003468993;ENSE00003663409"
"ALL_CNA_cluster_0006","ALL_CNA","HETDEL",TRUE,"CNA_event_000057","PATPDA",0.664160401002506,"moderate_resolution_50_75pct",4,TRUE,"5;6;7;8","5;6;7;8","ENSE00003468993;ENSE00003478404;ENSE00003604670;ENSE00003663409"
"ALL_CNA_cluster_0006","ALL_CNA","HETDEL",TRUE,"CNA_event_000070","PAUCDC",0.822055137844611,"low_resolution_75_90pct",4,TRUE,"5;6;7;8","5;6;7;8","ENSE00003468993;ENSE00003478404;ENSE00003604670;ENSE00003663409"
"ALL_CNA_cluster_0006","ALL_CNA","HETDEL",TRUE,"CNA_event_000079","PAUIEM",0.654135338345865,"moderate_resolution_50_75pct",4,TRUE,"5;6;7;8","5;6;7;8","ENSE00003468993;ENSE00003478404;ENSE00003604670;ENSE00003663409"
"ALL_CNA_cluster_0006","ALL_CNA","HETDEL",TRUE,"CNA_event_000083","PAUKZJ",0.608187134502924,"moderate_resolution_50_75pct",4,TRUE,"5;6;7;8","5;6;7;8","ENSE00003468993;ENSE00003478404;ENSE00003604670;ENSE00003663409"
"ALL_CNA_cluster_0006","ALL_CNA","HETDEL",TRUE,"CNA_event_000085","PAULGX",0.238930659983292,"high_resolution_le_50pct",2,TRUE,"7;8","7;8","ENSE00003478404;ENSE00003604670"
"ALL_CNA_cluster_0006","ALL_CNA","HOMDEL",TRUE,"CNA_event_000167","PAULGX",0.603174603174603,"moderate_resolution_50_75pct",2,TRUE,"5;6","5;6","ENSE00003468993;ENSE00003663409"
"ALL_CNA_cluster_0006","ALL_CNA","HETDEL",TRUE,"CNA_event_000091","PAUSIS",0.822055137844611,"low_resolution_75_90pct",4,TRUE,"5;6;7;8","5;6;7;8","ENSE00003468993;ENSE00003478404;ENSE00003604670;ENSE00003663409"
"ALL_CNA_cluster_0006","ALL_CNA","HETDEL",TRUE,"CNA_event_000093","PAUTUL",0.664160401002506,"moderate_resolution_50_75pct",4,TRUE,"5;6;7;8","5;6;7;8","ENSE00003468993;ENSE00003478404;ENSE00003604670;ENSE00003663409"
"ALL_CNA_cluster_0006","ALL_CNA","HETDEL",TRUE,"CNA_event_000097","PAUWXI",0.822055137844611,"low_resolution_75_90pct",4,TRUE,"5;6;7;8","5;6;7;8","ENSE00003468993;ENSE00003478404;ENSE00003604670;ENSE00003663409"
"ALL_CNA_cluster_0006","ALL_CNA","HETDEL",TRUE,"CNA_event_000101","PAUXYI",0.355054302422723,"high_resolution_le_50pct",1,FALSE,"5","5","ENSE00003663409"
"ALL_CNA_cluster_0006","ALL_CNA","HETDEL",TRUE,"CNA_event_000102","PAUYJF",0.425229741019215,"high_resolution_le_50pct",2,TRUE,"5;6","5;6","ENSE00003468993;ENSE00003663409"
"ALL_CNA_cluster_0006","ALL_CNA","HETDEL",TRUE,"CNA_event_000121","PAVRXK",0.932330827067669,"very_low_resolution_90_lt_100pct",4,TRUE,"5;6;7;8","5;6;7;8","ENSE00003468993;ENSE00003478404;ENSE00003604670;ENSE00003663409"
"ALL_CNA_cluster_0006","ALL_CNA","HOMDEL",TRUE,"CNA_event_000175","PAVVBE",0.754385964912281,"low_resolution_75_90pct",4,TRUE,"5;6;7;8","5;6;7;8","ENSE00003468993;ENSE00003478404;ENSE00003604670;ENSE00003663409"
"ALL_CNA_cluster_0006","ALL_CNA","HETDEL",TRUE,"CNA_event_000123","PAVVDS",0.257309941520468,"high_resolution_le_50pct",2,TRUE,"5;6","5;6","ENSE00003468993;ENSE00003663409"
"ALL_CNA_cluster_0006","ALL_CNA","HETDEL",TRUE,"CNA_event_000130","PAVZCF",0.425229741019215,"high_resolution_le_50pct",2,TRUE,"5;6","5;6","ENSE00003468993;ENSE00003663409"
"ALL_CNA_cluster_0006","ALL_CNA","HETDEL",TRUE,"CNA_event_000136","PAWDWJ",0.822055137844611,"low_resolution_75_90pct",4,TRUE,"5;6;7;8","5;6;7;8","ENSE00003468993;ENSE00003478404;ENSE00003604670;ENSE00003663409"
"ALL_CNA_cluster_0006","ALL_CNA","HETDEL",TRUE,"CNA_event_000140","PAWETD",0.822055137844611,"low_resolution_75_90pct",4,TRUE,"5;6;7;8","5;6;7;8","ENSE00003468993;ENSE00003478404;ENSE00003604670;ENSE00003663409"
"ALL_CNA_cluster_0006","ALL_CNA","HETDEL",TRUE,"CNA_event_000145","PAWGXM",0.496240601503759,"high_resolution_le_50pct",4,TRUE,"5;6;7;8","5;6;7;8","ENSE00003468993;ENSE00003478404;ENSE00003604670;ENSE00003663409"
"ALL_CNA_cluster_0006","ALL_CNA","HETDEL",TRUE,"CNA_event_000147","PAWIWS",0.355054302422723,"high_resolution_le_50pct",1,FALSE,"5","5","ENSE00003663409"
"ALL_CNA_cluster_0007","ALL_CNA","HETDEL",TRUE,"CNA_event_000004","PARNXJ",0.822055137844611,"low_resolution_75_90pct",7,TRUE,"5;6;7;8;9;10;11","5;6;7;8;9;10;11","ENSE00003468993;ENSE00003478404;ENSE00003510092;ENSE00003530344;ENSE00003604670;ENSE00003651348;ENSE00003663409"
"ALL_CNA_cluster_0007","ALL_CNA","HETDEL",TRUE,"CNA_event_000008","PARWNW",0.654135338345865,"moderate_resolution_50_75pct",7,TRUE,"5;6;7;8;9;10;11","5;6;7;8;9;10;11","ENSE00003468993;ENSE00003478404;ENSE00003510092;ENSE00003530344;ENSE00003604670;ENSE00003651348;ENSE00003663409"
"ALL_CNA_cluster_0007","ALL_CNA","HETDEL",TRUE,"CNA_event_000010","PARXPZ",0.822055137844611,"low_resolution_75_90pct",7,TRUE,"5;6;7;8;9;10;11","5;6;7;8;9;10;11","ENSE00003468993;ENSE00003478404;ENSE00003510092;ENSE00003530344;ENSE00003604670;ENSE00003651348;ENSE00003663409"
"ALL_CNA_cluster_0007","ALL_CNA","HETDEL",TRUE,"CNA_event_000019","PASKAD",0.654135338345865,"moderate_resolution_50_75pct",7,TRUE,"5;6;7;8;9;10;11","5;6;7;8;9;10;11","ENSE00003468993;ENSE00003478404;ENSE00003510092;ENSE00003530344;ENSE00003604670;ENSE00003651348;ENSE00003663409"
"ALL_CNA_cluster_0007","ALL_CNA","HETDEL",TRUE,"CNA_event_000021","PASKWG",0.654135338345865,"moderate_resolution_50_75pct",7,TRUE,"5;6;7;8;9;10;11","5;6;7;8;9;10;11","ENSE00003468993;ENSE00003478404;ENSE00003510092;ENSE00003530344;ENSE00003604670;ENSE00003651348;ENSE00003663409"
"ALL_CNA_cluster_0007","ALL_CNA","HETDEL",TRUE,"CNA_event_000024","PASPDS",0.355054302422723,"high_resolution_le_50pct",1,FALSE,"5","5","ENSE00003663409"
"ALL_CNA_cluster_0007","ALL_CNA","HETDEL",TRUE,"CNA_event_000025","PASPLG",0.425229741019215,"high_resolution_le_50pct",2,TRUE,"5;6","5;6","ENSE00003468993;ENSE00003663409"
"ALL_CNA_cluster_0007","ALL_CNA","HETDEL",TRUE,"CNA_event_000026","PASPNW",0.822055137844611,"low_resolution_75_90pct",7,TRUE,"5;6;7;8;9;10;11","5;6;7;8;9;10;11","ENSE00003468993;ENSE00003478404;ENSE00003510092;ENSE00003530344;ENSE00003604670;ENSE00003651348;ENSE00003663409"
"ALL_CNA_cluster_0007","ALL_CNA","HETDEL",TRUE,"CNA_event_000033","PASTHE",0.425229741019215,"high_resolution_le_50pct",2,TRUE,"5;6","5;6","ENSE00003468993;ENSE00003663409"
"ALL_CNA_cluster_0007","ALL_CNA","HETDEL",TRUE,"CNA_event_000034","PASUSV",0.822055137844611,"low_resolution_75_90pct",7,TRUE,"5;6;7;8;9;10;11","5;6;7;8;9;10;11","ENSE00003468993;ENSE00003478404;ENSE00003510092;ENSE00003530344;ENSE00003604670;ENSE00003651348;ENSE00003663409"
"ALL_CNA_cluster_0007","ALL_CNA","HETDEL",TRUE,"CNA_event_000038","PASWYU",0.586466165413534,"moderate_resolution_50_75pct",5,TRUE,"5;6;7;8;9","5;6;7;8;9","ENSE00003468993;ENSE00003478404;ENSE00003604670;ENSE00003651348;ENSE00003663409"
"ALL_CNA_cluster_0007","ALL_CNA","HETDEL",TRUE,"CNA_event_000039","PASYNX",0.360066833751044,"high_resolution_le_50pct",3,TRUE,"5;6;7","5;6;7","ENSE00003468993;ENSE00003478404;ENSE00003663409"
"ALL_CNA_cluster_0007","ALL_CNA","HETDEL",TRUE,"CNA_event_000042","PASYWF",0.654135338345865,"moderate_resolution_50_75pct",7,TRUE,"5;6;7;8;9;10;11","5;6;7;8;9;10;11","ENSE00003468993;ENSE00003478404;ENSE00003510092;ENSE00003530344;ENSE00003604670;ENSE00003651348;ENSE00003663409"
"ALL_CNA_cluster_0007","ALL_CNA","HETDEL",TRUE,"CNA_event_000044","PATALF",0.425229741019215,"high_resolution_le_50pct",2,TRUE,"5;6","5;6","ENSE00003468993;ENSE00003663409"
"ALL_CNA_cluster_0007","ALL_CNA","HETDEL",TRUE,"CNA_event_000046","PATCTR",0.257309941520468,"high_resolution_le_50pct",2,TRUE,"5;6","5;6","ENSE00003468993;ENSE00003663409"
"ALL_CNA_cluster_0007","ALL_CNA","HETDEL",TRUE,"CNA_event_000050","PATHFE",0.822055137844611,"low_resolution_75_90pct",7,TRUE,"5;6;7;8;9;10;11","5;6;7;8;9;10;11","ENSE00003468993;ENSE00003478404;ENSE00003510092;ENSE00003530344;ENSE00003604670;ENSE00003651348;ENSE00003663409"
"ALL_CNA_cluster_0007","ALL_CNA","HETDEL",TRUE,"CNA_event_000052","PATJLY",0.355054302422723,"high_resolution_le_50pct",1,FALSE,"5","5","ENSE00003663409"
"ALL_CNA_cluster_0007","ALL_CNA","HETDEL",TRUE,"CNA_event_000055","PATLLH",0.425229741019215,"high_resolution_le_50pct",2,TRUE,"5;6","5;6","ENSE00003468993;ENSE00003663409"
"ALL_CNA_cluster_0007","ALL_CNA","HETDEL",TRUE,"CNA_event_000057","PATPDA",0.664160401002506,"moderate_resolution_50_75pct",4,TRUE,"5;6;7;8","5;6;7;8","ENSE00003468993;ENSE00003478404;ENSE00003604670;ENSE00003663409"
"ALL_CNA_cluster_0007","ALL_CNA","HETDEL",TRUE,"CNA_event_000070","PAUCDC",0.822055137844611,"low_resolution_75_90pct",7,TRUE,"5;6;7;8;9;10;11","5;6;7;8;9;10;11","ENSE00003468993;ENSE00003478404;ENSE00003510092;ENSE00003530344;ENSE00003604670;ENSE00003651348;ENSE00003663409"
"ALL_CNA_cluster_0007","ALL_CNA","HETDEL",TRUE,"CNA_event_000079","PAUIEM",0.654135338345865,"moderate_resolution_50_75pct",7,TRUE,"5;6;7;8;9;10;11","5;6;7;8;9;10;11","ENSE00003468993;ENSE00003478404;ENSE00003510092;ENSE00003530344;ENSE00003604670;ENSE00003651348;ENSE00003663409"
"ALL_CNA_cluster_0007","ALL_CNA","HETDEL",TRUE,"CNA_event_000083","PAUKZJ",0.608187134502924,"moderate_resolution_50_75pct",4,TRUE,"5;6;7;8","5;6;7;8","ENSE00003468993;ENSE00003478404;ENSE00003604670;ENSE00003663409"
"ALL_CNA_cluster_0007","ALL_CNA","HETDEL",TRUE,"CNA_event_000085","PAULGX",0.238930659983292,"high_resolution_le_50pct",2,TRUE,"7;8","7;8","ENSE00003478404;ENSE00003604670"
"ALL_CNA_cluster_0007","ALL_CNA","HOMDEL",TRUE,"CNA_event_000167","PAULGX",0.603174603174603,"moderate_resolution_50_75pct",2,TRUE,"5;6","5;6","ENSE00003468993;ENSE00003663409"
"ALL_CNA_cluster_0007","ALL_CNA","HETDEL",TRUE,"CNA_event_000091","PAUSIS",0.822055137844611,"low_resolution_75_90pct",7,TRUE,"5;6;7;8;9;10;11","5;6;7;8;9;10;11","ENSE00003468993;ENSE00003478404;ENSE00003510092;ENSE00003530344;ENSE00003604670;ENSE00003651348;ENSE00003663409"
"ALL_CNA_cluster_0007","ALL_CNA","HETDEL",TRUE,"CNA_event_000093","PAUTUL",0.664160401002506,"moderate_resolution_50_75pct",4,TRUE,"5;6;7;8","5;6;7;8","ENSE00003468993;ENSE00003478404;ENSE00003604670;ENSE00003663409"
"ALL_CNA_cluster_0007","ALL_CNA","HETDEL",TRUE,"CNA_event_000097","PAUWXI",0.822055137844611,"low_resolution_75_90pct",7,TRUE,"5;6;7;8;9;10;11","5;6;7;8;9;10;11","ENSE00003468993;ENSE00003478404;ENSE00003510092;ENSE00003530344;ENSE00003604670;ENSE00003651348;ENSE00003663409"
"ALL_CNA_cluster_0007","ALL_CNA","HETDEL",TRUE,"CNA_event_000101","PAUXYI",0.355054302422723,"high_resolution_le_50pct",1,FALSE,"5","5","ENSE00003663409"
"ALL_CNA_cluster_0007","ALL_CNA","HETDEL",TRUE,"CNA_event_000102","PAUYJF",0.425229741019215,"high_resolution_le_50pct",2,TRUE,"5;6","5;6","ENSE00003468993;ENSE00003663409"
"ALL_CNA_cluster_0007","ALL_CNA","HETDEL",TRUE,"CNA_event_000121","PAVRXK",0.932330827067669,"very_low_resolution_90_lt_100pct",5,TRUE,"5;6;7;8;9","5;6;7;8;9","ENSE00003468993;ENSE00003478404;ENSE00003604670;ENSE00003651348;ENSE00003663409"
"ALL_CNA_cluster_0007","ALL_CNA","HOMDEL",TRUE,"CNA_event_000175","PAVVBE",0.754385964912281,"low_resolution_75_90pct",5,TRUE,"5;6;7;8;9","5;6;7;8;9","ENSE00003468993;ENSE00003478404;ENSE00003604670;ENSE00003651348;ENSE00003663409"
"ALL_CNA_cluster_0007","ALL_CNA","HETDEL",TRUE,"CNA_event_000123","PAVVDS",0.257309941520468,"high_resolution_le_50pct",2,TRUE,"5;6","5;6","ENSE00003468993;ENSE00003663409"
"ALL_CNA_cluster_0007","ALL_CNA","HETDEL",TRUE,"CNA_event_000130","PAVZCF",0.425229741019215,"high_resolution_le_50pct",2,TRUE,"5;6","5;6","ENSE00003468993;ENSE00003663409"
"ALL_CNA_cluster_0007","ALL_CNA","HETDEL",TRUE,"CNA_event_000136","PAWDWJ",0.822055137844611,"low_resolution_75_90pct",7,TRUE,"5;6;7;8;9;10;11","5;6;7;8;9;10;11","ENSE00003468993;ENSE00003478404;ENSE00003510092;ENSE00003530344;ENSE00003604670;ENSE00003651348;ENSE00003663409"
"ALL_CNA_cluster_0007","ALL_CNA","HETDEL",TRUE,"CNA_event_000140","PAWETD",0.822055137844611,"low_resolution_75_90pct",7,TRUE,"5;6;7;8;9;10;11","5;6;7;8;9;10;11","ENSE00003468993;ENSE00003478404;ENSE00003510092;ENSE00003530344;ENSE00003604670;ENSE00003651348;ENSE00003663409"
"ALL_CNA_cluster_0007","ALL_CNA","HETDEL",TRUE,"CNA_event_000145","PAWGXM",0.496240601503759,"high_resolution_le_50pct",4,TRUE,"5;6;7;8","5;6;7;8","ENSE00003468993;ENSE00003478404;ENSE00003604670;ENSE00003663409"
"ALL_CNA_cluster_0007","ALL_CNA","HETDEL",TRUE,"CNA_event_000147","PAWIWS",0.355054302422723,"high_resolution_le_50pct",1,FALSE,"5","5","ENSE00003663409"
"ALL_CNA_cluster_0008","ALL_CNA","HETDEL",TRUE,"CNA_event_000004","PARNXJ",0.822055137844611,"low_resolution_75_90pct",2,TRUE,"7;8","7;8","ENSE00003478404;ENSE00003604670"
"ALL_CNA_cluster_0008","ALL_CNA","HETDEL",TRUE,"CNA_event_000008","PARWNW",0.654135338345865,"moderate_resolution_50_75pct",2,TRUE,"7;8","7;8","ENSE00003478404;ENSE00003604670"
"ALL_CNA_cluster_0008","ALL_CNA","HETDEL",TRUE,"CNA_event_000010","PARXPZ",0.822055137844611,"low_resolution_75_90pct",2,TRUE,"7;8","7;8","ENSE00003478404;ENSE00003604670"
"ALL_CNA_cluster_0008","ALL_CNA","HETDEL",TRUE,"CNA_event_000019","PASKAD",0.654135338345865,"moderate_resolution_50_75pct",2,TRUE,"7;8","7;8","ENSE00003478404;ENSE00003604670"
"ALL_CNA_cluster_0008","ALL_CNA","HETDEL",TRUE,"CNA_event_000021","PASKWG",0.654135338345865,"moderate_resolution_50_75pct",2,TRUE,"7;8","7;8","ENSE00003478404;ENSE00003604670"
"ALL_CNA_cluster_0008","ALL_CNA","HETDEL",TRUE,"CNA_event_000026","PASPNW",0.822055137844611,"low_resolution_75_90pct",2,TRUE,"7;8","7;8","ENSE00003478404;ENSE00003604670"
"ALL_CNA_cluster_0008","ALL_CNA","HETDEL",TRUE,"CNA_event_000034","PASUSV",0.822055137844611,"low_resolution_75_90pct",2,TRUE,"7;8","7;8","ENSE00003478404;ENSE00003604670"
"ALL_CNA_cluster_0008","ALL_CNA","HETDEL",TRUE,"CNA_event_000038","PASWYU",0.586466165413534,"moderate_resolution_50_75pct",2,TRUE,"7;8","7;8","ENSE00003478404;ENSE00003604670"
"ALL_CNA_cluster_0008","ALL_CNA","HETDEL",TRUE,"CNA_event_000039","PASYNX",0.360066833751044,"high_resolution_le_50pct",1,FALSE,"7","7","ENSE00003478404"
"ALL_CNA_cluster_0008","ALL_CNA","HETDEL",TRUE,"CNA_event_000042","PASYWF",0.654135338345865,"moderate_resolution_50_75pct",2,TRUE,"7;8","7;8","ENSE00003478404;ENSE00003604670"
"ALL_CNA_cluster_0008","ALL_CNA","HETDEL",TRUE,"CNA_event_000050","PATHFE",0.822055137844611,"low_resolution_75_90pct",2,TRUE,"7;8","7;8","ENSE00003478404;ENSE00003604670"
"ALL_CNA_cluster_0008","ALL_CNA","HETDEL",TRUE,"CNA_event_000057","PATPDA",0.664160401002506,"moderate_resolution_50_75pct",2,TRUE,"7;8","7;8","ENSE00003478404;ENSE00003604670"
"ALL_CNA_cluster_0008","ALL_CNA","HETDEL",TRUE,"CNA_event_000070","PAUCDC",0.822055137844611,"low_resolution_75_90pct",2,TRUE,"7;8","7;8","ENSE00003478404;ENSE00003604670"
"ALL_CNA_cluster_0008","ALL_CNA","HETDEL",TRUE,"CNA_event_000079","PAUIEM",0.654135338345865,"moderate_resolution_50_75pct",2,TRUE,"7;8","7;8","ENSE00003478404;ENSE00003604670"
"ALL_CNA_cluster_0008","ALL_CNA","HETDEL",TRUE,"CNA_event_000083","PAUKZJ",0.608187134502924,"moderate_resolution_50_75pct",2,TRUE,"7;8","7;8","ENSE00003478404;ENSE00003604670"
"ALL_CNA_cluster_0008","ALL_CNA","HETDEL",TRUE,"CNA_event_000085","PAULGX",0.238930659983292,"high_resolution_le_50pct",2,TRUE,"7;8","7;8","ENSE00003478404;ENSE00003604670"
"ALL_CNA_cluster_0008","ALL_CNA","HETDEL",TRUE,"CNA_event_000091","PAUSIS",0.822055137844611,"low_resolution_75_90pct",2,TRUE,"7;8","7;8","ENSE00003478404;ENSE00003604670"
"ALL_CNA_cluster_0008","ALL_CNA","HETDEL",TRUE,"CNA_event_000093","PAUTUL",0.664160401002506,"moderate_resolution_50_75pct",2,TRUE,"7;8","7;8","ENSE00003478404;ENSE00003604670"
"ALL_CNA_cluster_0008","ALL_CNA","HETDEL",TRUE,"CNA_event_000097","PAUWXI",0.822055137844611,"low_resolution_75_90pct",2,TRUE,"7;8","7;8","ENSE00003478404;ENSE00003604670"
"ALL_CNA_cluster_0008","ALL_CNA","HETDEL",TRUE,"CNA_event_000121","PAVRXK",0.932330827067669,"very_low_resolution_90_lt_100pct",2,TRUE,"7;8","7;8","ENSE00003478404;ENSE00003604670"
"ALL_CNA_cluster_0008","ALL_CNA","HOMDEL",TRUE,"CNA_event_000175","PAVVBE",0.754385964912281,"low_resolution_75_90pct",2,TRUE,"7;8","7;8","ENSE00003478404;ENSE00003604670"
"ALL_CNA_cluster_0008","ALL_CNA","HETDEL",TRUE,"CNA_event_000136","PAWDWJ",0.822055137844611,"low_resolution_75_90pct",2,TRUE,"7;8","7;8","ENSE00003478404;ENSE00003604670"
"ALL_CNA_cluster_0008","ALL_CNA","HETDEL",TRUE,"CNA_event_000140","PAWETD",0.822055137844611,"low_resolution_75_90pct",2,TRUE,"7;8","7;8","ENSE00003478404;ENSE00003604670"
"ALL_CNA_cluster_0008","ALL_CNA","HETDEL",TRUE,"CNA_event_000145","PAWGXM",0.496240601503759,"high_resolution_le_50pct",2,TRUE,"7;8","7;8","ENSE00003478404;ENSE00003604670"
"ALL_CNA_cluster_0009","ALL_CNA","HETDEL",TRUE,"CNA_event_000004","PARNXJ",0.822055137844611,"low_resolution_75_90pct",2,TRUE,"8;9","8;9","ENSE00003604670;ENSE00003651348"
"ALL_CNA_cluster_0009","ALL_CNA","HETDEL",TRUE,"CNA_event_000008","PARWNW",0.654135338345865,"moderate_resolution_50_75pct",2,TRUE,"8;9","8;9","ENSE00003604670;ENSE00003651348"
"ALL_CNA_cluster_0009","ALL_CNA","HETDEL",TRUE,"CNA_event_000010","PARXPZ",0.822055137844611,"low_resolution_75_90pct",2,TRUE,"8;9","8;9","ENSE00003604670;ENSE00003651348"
"ALL_CNA_cluster_0009","ALL_CNA","HETDEL",TRUE,"CNA_event_000019","PASKAD",0.654135338345865,"moderate_resolution_50_75pct",2,TRUE,"8;9","8;9","ENSE00003604670;ENSE00003651348"
"ALL_CNA_cluster_0009","ALL_CNA","HETDEL",TRUE,"CNA_event_000021","PASKWG",0.654135338345865,"moderate_resolution_50_75pct",2,TRUE,"8;9","8;9","ENSE00003604670;ENSE00003651348"
"ALL_CNA_cluster_0009","ALL_CNA","HETDEL",TRUE,"CNA_event_000026","PASPNW",0.822055137844611,"low_resolution_75_90pct",2,TRUE,"8;9","8;9","ENSE00003604670;ENSE00003651348"
"ALL_CNA_cluster_0009","ALL_CNA","HETDEL",TRUE,"CNA_event_000034","PASUSV",0.822055137844611,"low_resolution_75_90pct",2,TRUE,"8;9","8;9","ENSE00003604670;ENSE00003651348"
"ALL_CNA_cluster_0009","ALL_CNA","HETDEL",TRUE,"CNA_event_000038","PASWYU",0.586466165413534,"moderate_resolution_50_75pct",2,TRUE,"8;9","8;9","ENSE00003604670;ENSE00003651348"
"ALL_CNA_cluster_0009","ALL_CNA","HETDEL",TRUE,"CNA_event_000042","PASYWF",0.654135338345865,"moderate_resolution_50_75pct",2,TRUE,"8;9","8;9","ENSE00003604670;ENSE00003651348"
"ALL_CNA_cluster_0009","ALL_CNA","HETDEL",TRUE,"CNA_event_000050","PATHFE",0.822055137844611,"low_resolution_75_90pct",2,TRUE,"8;9","8;9","ENSE00003604670;ENSE00003651348"
"ALL_CNA_cluster_0009","ALL_CNA","HETDEL",TRUE,"CNA_event_000057","PATPDA",0.664160401002506,"moderate_resolution_50_75pct",1,FALSE,"8","8","ENSE00003604670"
"ALL_CNA_cluster_0009","ALL_CNA","HETDEL",TRUE,"CNA_event_000070","PAUCDC",0.822055137844611,"low_resolution_75_90pct",2,TRUE,"8;9","8;9","ENSE00003604670;ENSE00003651348"
"ALL_CNA_cluster_0009","ALL_CNA","HETDEL",TRUE,"CNA_event_000079","PAUIEM",0.654135338345865,"moderate_resolution_50_75pct",2,TRUE,"8;9","8;9","ENSE00003604670;ENSE00003651348"
"ALL_CNA_cluster_0009","ALL_CNA","HETDEL",TRUE,"CNA_event_000083","PAUKZJ",0.608187134502924,"moderate_resolution_50_75pct",1,FALSE,"8","8","ENSE00003604670"
"ALL_CNA_cluster_0009","ALL_CNA","HETDEL",TRUE,"CNA_event_000085","PAULGX",0.238930659983292,"high_resolution_le_50pct",1,FALSE,"8","8","ENSE00003604670"
"ALL_CNA_cluster_0009","ALL_CNA","HETDEL",TRUE,"CNA_event_000091","PAUSIS",0.822055137844611,"low_resolution_75_90pct",2,TRUE,"8;9","8;9","ENSE00003604670;ENSE00003651348"
"ALL_CNA_cluster_0009","ALL_CNA","HETDEL",TRUE,"CNA_event_000093","PAUTUL",0.664160401002506,"moderate_resolution_50_75pct",1,FALSE,"8","8","ENSE00003604670"
"ALL_CNA_cluster_0009","ALL_CNA","HETDEL",TRUE,"CNA_event_000097","PAUWXI",0.822055137844611,"low_resolution_75_90pct",2,TRUE,"8;9","8;9","ENSE00003604670;ENSE00003651348"
"ALL_CNA_cluster_0009","ALL_CNA","HETDEL",TRUE,"CNA_event_000121","PAVRXK",0.932330827067669,"very_low_resolution_90_lt_100pct",2,TRUE,"8;9","8;9","ENSE00003604670;ENSE00003651348"
"ALL_CNA_cluster_0009","ALL_CNA","HOMDEL",TRUE,"CNA_event_000175","PAVVBE",0.754385964912281,"low_resolution_75_90pct",2,TRUE,"8;9","8;9","ENSE00003604670;ENSE00003651348"
"ALL_CNA_cluster_0009","ALL_CNA","HETDEL",TRUE,"CNA_event_000136","PAWDWJ",0.822055137844611,"low_resolution_75_90pct",2,TRUE,"8;9","8;9","ENSE00003604670;ENSE00003651348"
"ALL_CNA_cluster_0009","ALL_CNA","HETDEL",TRUE,"CNA_event_000140","PAWETD",0.822055137844611,"low_resolution_75_90pct",2,TRUE,"8;9","8;9","ENSE00003604670;ENSE00003651348"
"ALL_CNA_cluster_0009","ALL_CNA","HETDEL",TRUE,"CNA_event_000145","PAWGXM",0.496240601503759,"high_resolution_le_50pct",1,FALSE,"8","8","ENSE00003604670"
"ALL_CNA_cluster_0010","ALL_CNA","HETDEL",TRUE,"CNA_event_000004","PARNXJ",0.822055137844611,"low_resolution_75_90pct",2,TRUE,"9;10","9;10","ENSE00003530344;ENSE00003651348"
"ALL_CNA_cluster_0010","ALL_CNA","HETDEL",TRUE,"CNA_event_000008","PARWNW",0.654135338345865,"moderate_resolution_50_75pct",2,TRUE,"9;10","9;10","ENSE00003530344;ENSE00003651348"
"ALL_CNA_cluster_0010","ALL_CNA","HETDEL",TRUE,"CNA_event_000010","PARXPZ",0.822055137844611,"low_resolution_75_90pct",2,TRUE,"9;10","9;10","ENSE00003530344;ENSE00003651348"
"ALL_CNA_cluster_0010","ALL_CNA","HETDEL",TRUE,"CNA_event_000019","PASKAD",0.654135338345865,"moderate_resolution_50_75pct",2,TRUE,"9;10","9;10","ENSE00003530344;ENSE00003651348"
"ALL_CNA_cluster_0010","ALL_CNA","HETDEL",TRUE,"CNA_event_000021","PASKWG",0.654135338345865,"moderate_resolution_50_75pct",2,TRUE,"9;10","9;10","ENSE00003530344;ENSE00003651348"
"ALL_CNA_cluster_0010","ALL_CNA","HETDEL",TRUE,"CNA_event_000026","PASPNW",0.822055137844611,"low_resolution_75_90pct",2,TRUE,"9;10","9;10","ENSE00003530344;ENSE00003651348"
"ALL_CNA_cluster_0010","ALL_CNA","HETDEL",TRUE,"CNA_event_000034","PASUSV",0.822055137844611,"low_resolution_75_90pct",2,TRUE,"9;10","9;10","ENSE00003530344;ENSE00003651348"
"ALL_CNA_cluster_0010","ALL_CNA","HETDEL",TRUE,"CNA_event_000038","PASWYU",0.586466165413534,"moderate_resolution_50_75pct",1,FALSE,"9","9","ENSE00003651348"
"ALL_CNA_cluster_0010","ALL_CNA","HETDEL",TRUE,"CNA_event_000042","PASYWF",0.654135338345865,"moderate_resolution_50_75pct",2,TRUE,"9;10","9;10","ENSE00003530344;ENSE00003651348"
"ALL_CNA_cluster_0010","ALL_CNA","HETDEL",TRUE,"CNA_event_000050","PATHFE",0.822055137844611,"low_resolution_75_90pct",2,TRUE,"9;10","9;10","ENSE00003530344;ENSE00003651348"
"ALL_CNA_cluster_0010","ALL_CNA","HETDEL",TRUE,"CNA_event_000070","PAUCDC",0.822055137844611,"low_resolution_75_90pct",2,TRUE,"9;10","9;10","ENSE00003530344;ENSE00003651348"
"ALL_CNA_cluster_0010","ALL_CNA","HETDEL",TRUE,"CNA_event_000079","PAUIEM",0.654135338345865,"moderate_resolution_50_75pct",2,TRUE,"9;10","9;10","ENSE00003530344;ENSE00003651348"
"ALL_CNA_cluster_0010","ALL_CNA","HETDEL",TRUE,"CNA_event_000091","PAUSIS",0.822055137844611,"low_resolution_75_90pct",2,TRUE,"9;10","9;10","ENSE00003530344;ENSE00003651348"
"ALL_CNA_cluster_0010","ALL_CNA","HETDEL",TRUE,"CNA_event_000097","PAUWXI",0.822055137844611,"low_resolution_75_90pct",2,TRUE,"9;10","9;10","ENSE00003530344;ENSE00003651348"
"ALL_CNA_cluster_0010","ALL_CNA","HETDEL",TRUE,"CNA_event_000121","PAVRXK",0.932330827067669,"very_low_resolution_90_lt_100pct",1,FALSE,"9","9","ENSE00003651348"
"ALL_CNA_cluster_0010","ALL_CNA","HOMDEL",TRUE,"CNA_event_000175","PAVVBE",0.754385964912281,"low_resolution_75_90pct",1,FALSE,"9","9","ENSE00003651348"
"ALL_CNA_cluster_0010","ALL_CNA","HETDEL",TRUE,"CNA_event_000136","PAWDWJ",0.822055137844611,"low_resolution_75_90pct",2,TRUE,"9;10","9;10","ENSE00003530344;ENSE00003651348"
"ALL_CNA_cluster_0010","ALL_CNA","HETDEL",TRUE,"CNA_event_000140","PAWETD",0.822055137844611,"low_resolution_75_90pct",2,TRUE,"9;10","9;10","ENSE00003530344;ENSE00003651348"
"ALL_CNA_cluster_0011","ALL_CNA","HETDEL",TRUE,"CNA_event_000004","PARNXJ",0.822055137844611,"low_resolution_75_90pct",3,TRUE,"9;10;11","9;10;11","ENSE00003510092;ENSE00003530344;ENSE00003651348"
"ALL_CNA_cluster_0011","ALL_CNA","HETDEL",TRUE,"CNA_event_000008","PARWNW",0.654135338345865,"moderate_resolution_50_75pct",3,TRUE,"9;10;11","9;10;11","ENSE00003510092;ENSE00003530344;ENSE00003651348"
"ALL_CNA_cluster_0011","ALL_CNA","HETDEL",TRUE,"CNA_event_000010","PARXPZ",0.822055137844611,"low_resolution_75_90pct",3,TRUE,"9;10;11","9;10;11","ENSE00003510092;ENSE00003530344;ENSE00003651348"
"ALL_CNA_cluster_0011","ALL_CNA","HETDEL",TRUE,"CNA_event_000019","PASKAD",0.654135338345865,"moderate_resolution_50_75pct",3,TRUE,"9;10;11","9;10;11","ENSE00003510092;ENSE00003530344;ENSE00003651348"
"ALL_CNA_cluster_0011","ALL_CNA","HETDEL",TRUE,"CNA_event_000021","PASKWG",0.654135338345865,"moderate_resolution_50_75pct",3,TRUE,"9;10;11","9;10;11","ENSE00003510092;ENSE00003530344;ENSE00003651348"
"ALL_CNA_cluster_0011","ALL_CNA","HETDEL",TRUE,"CNA_event_000026","PASPNW",0.822055137844611,"low_resolution_75_90pct",3,TRUE,"9;10;11","9;10;11","ENSE00003510092;ENSE00003530344;ENSE00003651348"
"ALL_CNA_cluster_0011","ALL_CNA","HETDEL",TRUE,"CNA_event_000034","PASUSV",0.822055137844611,"low_resolution_75_90pct",3,TRUE,"9;10;11","9;10;11","ENSE00003510092;ENSE00003530344;ENSE00003651348"
"ALL_CNA_cluster_0011","ALL_CNA","HETDEL",TRUE,"CNA_event_000038","PASWYU",0.586466165413534,"moderate_resolution_50_75pct",1,FALSE,"9","9","ENSE00003651348"
"ALL_CNA_cluster_0011","ALL_CNA","HETDEL",TRUE,"CNA_event_000042","PASYWF",0.654135338345865,"moderate_resolution_50_75pct",3,TRUE,"9;10;11","9;10;11","ENSE00003510092;ENSE00003530344;ENSE00003651348"
"ALL_CNA_cluster_0011","ALL_CNA","HETDEL",TRUE,"CNA_event_000050","PATHFE",0.822055137844611,"low_resolution_75_90pct",3,TRUE,"9;10;11","9;10;11","ENSE00003510092;ENSE00003530344;ENSE00003651348"
"ALL_CNA_cluster_0011","ALL_CNA","HETDEL",TRUE,"CNA_event_000070","PAUCDC",0.822055137844611,"low_resolution_75_90pct",3,TRUE,"9;10;11","9;10;11","ENSE00003510092;ENSE00003530344;ENSE00003651348"
"ALL_CNA_cluster_0011","ALL_CNA","HETDEL",TRUE,"CNA_event_000079","PAUIEM",0.654135338345865,"moderate_resolution_50_75pct",3,TRUE,"9;10;11","9;10;11","ENSE00003510092;ENSE00003530344;ENSE00003651348"
"ALL_CNA_cluster_0011","ALL_CNA","HETDEL",TRUE,"CNA_event_000091","PAUSIS",0.822055137844611,"low_resolution_75_90pct",3,TRUE,"9;10;11","9;10;11","ENSE00003510092;ENSE00003530344;ENSE00003651348"
"ALL_CNA_cluster_0011","ALL_CNA","HETDEL",TRUE,"CNA_event_000097","PAUWXI",0.822055137844611,"low_resolution_75_90pct",3,TRUE,"9;10;11","9;10;11","ENSE00003510092;ENSE00003530344;ENSE00003651348"
"ALL_CNA_cluster_0011","ALL_CNA","HETDEL",TRUE,"CNA_event_000121","PAVRXK",0.932330827067669,"very_low_resolution_90_lt_100pct",1,FALSE,"9","9","ENSE00003651348"
"ALL_CNA_cluster_0011","ALL_CNA","HOMDEL",TRUE,"CNA_event_000175","PAVVBE",0.754385964912281,"low_resolution_75_90pct",1,FALSE,"9","9","ENSE00003651348"
"ALL_CNA_cluster_0011","ALL_CNA","HETDEL",TRUE,"CNA_event_000136","PAWDWJ",0.822055137844611,"low_resolution_75_90pct",3,TRUE,"9;10;11","9;10;11","ENSE00003510092;ENSE00003530344;ENSE00003651348"
"ALL_CNA_cluster_0011","ALL_CNA","HETDEL",TRUE,"CNA_event_000140","PAWETD",0.822055137844611,"low_resolution_75_90pct",3,TRUE,"9;10;11","9;10;11","ENSE00003510092;ENSE00003530344;ENSE00003651348"
"ALL_CNA_cluster_0012","ALL_CNA","HETDEL",TRUE,"CNA_event_000004","PARNXJ",0.822055137844611,"low_resolution_75_90pct",3,TRUE,"4;8;9","4;8;9","ENSE00003558404;ENSE00003604670;ENSE00003651348"
"ALL_CNA_cluster_0012","ALL_CNA","HETDEL",TRUE,"CNA_event_000007","PARSNX",0.289891395154553,"high_resolution_le_50pct",1,FALSE,"1","1","ENSE00001136349"
"ALL_CNA_cluster_0012","ALL_CNA","HETDEL",TRUE,"CNA_event_000008","PARWNW",0.654135338345865,"moderate_resolution_50_75pct",3,TRUE,"4;8;9","4;8;9","ENSE00003558404;ENSE00003604670;ENSE00003651348"
"ALL_CNA_cluster_0012","ALL_CNA","HETDEL",TRUE,"CNA_event_000010","PARXPZ",0.822055137844611,"low_resolution_75_90pct",3,TRUE,"4;8;9","4;8;9","ENSE00003558404;ENSE00003604670;ENSE00003651348"
"ALL_CNA_cluster_0012","ALL_CNA","HETDEL",TRUE,"CNA_event_000013","PASILW",0.177944862155388,"high_resolution_le_50pct",1,FALSE,"1","1","ENSE00001136349"
"ALL_CNA_cluster_0012","ALL_CNA","HETDEL",TRUE,"CNA_event_000015","PASINX",0.345864661654135,"high_resolution_le_50pct",1,FALSE,"1","1","ENSE00001136349"
"ALL_CNA_cluster_0012","ALL_CNA","HETDEL",TRUE,"CNA_event_000019","PASKAD",0.654135338345865,"moderate_resolution_50_75pct",3,TRUE,"4;8;9","4;8;9","ENSE00003558404;ENSE00003604670;ENSE00003651348"
"ALL_CNA_cluster_0012","ALL_CNA","HETDEL",TRUE,"CNA_event_000020","PASKLU",0.111111111111111,"high_resolution_le_50pct",1,FALSE,"4","4","ENSE00003558404"
"ALL_CNA_cluster_0012","ALL_CNA","HETDEL",TRUE,"CNA_event_000021","PASKWG",0.654135338345865,"moderate_resolution_50_75pct",3,TRUE,"4;8;9","4;8;9","ENSE00003558404;ENSE00003604670;ENSE00003651348"
"ALL_CNA_cluster_0012","ALL_CNA","HETDEL",TRUE,"CNA_event_000023","PASLXY",0.345864661654135,"high_resolution_le_50pct",1,FALSE,"1","1","ENSE00001136349"
"ALL_CNA_cluster_0012","ALL_CNA","HETDEL",TRUE,"CNA_event_000024","PASPDS",0.355054302422723,"high_resolution_le_50pct",1,FALSE,"4","4","ENSE00003558404"
"ALL_CNA_cluster_0012","ALL_CNA","HETDEL",TRUE,"CNA_event_000025","PASPLG",0.425229741019215,"high_resolution_le_50pct",1,FALSE,"4","4","ENSE00003558404"
"ALL_CNA_cluster_0012","ALL_CNA","HETDEL",TRUE,"CNA_event_000026","PASPNW",0.822055137844611,"low_resolution_75_90pct",3,TRUE,"4;8;9","4;8;9","ENSE00003558404;ENSE00003604670;ENSE00003651348"
"ALL_CNA_cluster_0012","ALL_CNA","HETDEL",TRUE,"CNA_event_000028","PASRMM",0.345864661654135,"high_resolution_le_50pct",1,FALSE,"1","1","ENSE00001136349"
"ALL_CNA_cluster_0012","ALL_CNA","HOMDEL",TRUE,"CNA_event_000156","PASRPV",0.345864661654135,"high_resolution_le_50pct",1,FALSE,"1","1","ENSE00001136349"
"ALL_CNA_cluster_0012","ALL_CNA","HETDEL",TRUE,"CNA_event_000032","PASTCH",0.456975772765246,"high_resolution_le_50pct",2,TRUE,"1;4","1;4","ENSE00001136349;ENSE00003558404"
"ALL_CNA_cluster_0012","ALL_CNA","HETDEL",TRUE,"CNA_event_000033","PASTHE",0.425229741019215,"high_resolution_le_50pct",1,FALSE,"4","4","ENSE00003558404"
"ALL_CNA_cluster_0012","ALL_CNA","HETDEL",TRUE,"CNA_event_000034","PASUSV",0.822055137844611,"low_resolution_75_90pct",3,TRUE,"4;8;9","4;8;9","ENSE00003558404;ENSE00003604670;ENSE00003651348"
"ALL_CNA_cluster_0012","ALL_CNA","HETDEL",TRUE,"CNA_event_000038","PASWYU",0.586466165413534,"moderate_resolution_50_75pct",3,TRUE,"4;8;9","4;8;9","ENSE00003558404;ENSE00003604670;ENSE00003651348"
"ALL_CNA_cluster_0012","ALL_CNA","HETDEL",TRUE,"CNA_event_000039","PASYNX",0.360066833751044,"high_resolution_le_50pct",1,FALSE,"4","4","ENSE00003558404"
"ALL_CNA_cluster_0012","ALL_CNA","HETDEL",TRUE,"CNA_event_000042","PASYWF",0.654135338345865,"moderate_resolution_50_75pct",3,TRUE,"4;8;9","4;8;9","ENSE00003558404;ENSE00003604670;ENSE00003651348"
"ALL_CNA_cluster_0012","ALL_CNA","HETDEL",TRUE,"CNA_event_000044","PATALF",0.425229741019215,"high_resolution_le_50pct",1,FALSE,"4","4","ENSE00003558404"
"ALL_CNA_cluster_0012","ALL_CNA","HETDEL",TRUE,"CNA_event_000046","PATCTR",0.257309941520468,"high_resolution_le_50pct",1,FALSE,"4","4","ENSE00003558404"
"ALL_CNA_cluster_0012","ALL_CNA","HOMDEL",TRUE,"CNA_event_000159","PATCTR",0.345864661654135,"high_resolution_le_50pct",1,FALSE,"1","1","ENSE00001136349"
"ALL_CNA_cluster_0012","ALL_CNA","HETDEL",TRUE,"CNA_event_000050","PATHFE",0.822055137844611,"low_resolution_75_90pct",3,TRUE,"4;8;9","4;8;9","ENSE00003558404;ENSE00003604670;ENSE00003651348"
"ALL_CNA_cluster_0012","ALL_CNA","HETDEL",TRUE,"CNA_event_000052","PATJLY",0.355054302422723,"high_resolution_le_50pct",1,FALSE,"4","4","ENSE00003558404"
"ALL_CNA_cluster_0012","ALL_CNA","HETDEL",TRUE,"CNA_event_000054","PATKZH",0.345864661654135,"high_resolution_le_50pct",1,FALSE,"1","1","ENSE00001136349"
"ALL_CNA_cluster_0012","ALL_CNA","HETDEL",TRUE,"CNA_event_000055","PATLLH",0.425229741019215,"high_resolution_le_50pct",1,FALSE,"4","4","ENSE00003558404"
"ALL_CNA_cluster_0012","ALL_CNA","HETDEL",TRUE,"CNA_event_000056","PATNAM",0.233918128654971,"high_resolution_le_50pct",1,FALSE,"1","1","ENSE00001136349"
"ALL_CNA_cluster_0012","ALL_CNA","HETDEL",TRUE,"CNA_event_000057","PATPDA",0.664160401002506,"moderate_resolution_50_75pct",2,TRUE,"4;8","4;8","ENSE00003558404;ENSE00003604670"
"ALL_CNA_cluster_0012","ALL_CNA","HETDEL",TRUE,"CNA_event_000059","PATRKV",0.223057644110276,"high_resolution_le_50pct",1,FALSE,"4","4","ENSE00003558404"
"ALL_CNA_cluster_0012","ALL_CNA","HETDEL",TRUE,"CNA_event_000060","PATSPG",0.345864661654135,"high_resolution_le_50pct",1,FALSE,"1","1","ENSE00001136349"
"ALL_CNA_cluster_0012","ALL_CNA","HETDEL",TRUE,"CNA_event_000070","PAUCDC",0.822055137844611,"low_resolution_75_90pct",3,TRUE,"4;8;9","4;8;9","ENSE00003558404;ENSE00003604670;ENSE00003651348"
"ALL_CNA_cluster_0012","ALL_CNA","HETDEL",TRUE,"CNA_event_000072","PAUEUC",0.177944862155388,"high_resolution_le_50pct",1,FALSE,"1","1","ENSE00001136349"
"ALL_CNA_cluster_0012","ALL_CNA","HETDEL",TRUE,"CNA_event_000075","PAUEXN",0.206349206349206,"high_resolution_le_50pct",1,FALSE,"1","1","ENSE00001136349"
"ALL_CNA_cluster_0012","ALL_CNA","HETDEL",TRUE,"CNA_event_000078","PAUGLY",0.345864661654135,"high_resolution_le_50pct",1,FALSE,"1","1","ENSE00001136349"
"ALL_CNA_cluster_0012","ALL_CNA","HETDEL",TRUE,"CNA_event_000079","PAUIEM",0.654135338345865,"moderate_resolution_50_75pct",3,TRUE,"4;8;9","4;8;9","ENSE00003558404;ENSE00003604670;ENSE00003651348"
"ALL_CNA_cluster_0012","ALL_CNA","HETDEL",TRUE,"CNA_event_000081","PAUJVL",0.345864661654135,"high_resolution_le_50pct",1,FALSE,"1","1","ENSE00001136349"
"ALL_CNA_cluster_0012","ALL_CNA","HETDEL",TRUE,"CNA_event_000083","PAUKZJ",0.608187134502924,"moderate_resolution_50_75pct",2,TRUE,"4;8","4;8","ENSE00003558404;ENSE00003604670"
"ALL_CNA_cluster_0012","ALL_CNA","HETDEL",TRUE,"CNA_event_000085","PAULGX",0.238930659983292,"high_resolution_le_50pct",1,FALSE,"8","8","ENSE00003604670"
"ALL_CNA_cluster_0012","ALL_CNA","HOMDEL",TRUE,"CNA_event_000167","PAULGX",0.603174603174603,"moderate_resolution_50_75pct",2,TRUE,"1;4","1;4","ENSE00001136349;ENSE00003558404"
"ALL_CNA_cluster_0012","ALL_CNA","HOMDEL",TRUE,"CNA_event_000168","PAUMIB",0.345864661654135,"high_resolution_le_50pct",1,FALSE,"1","1","ENSE00001136349"
"ALL_CNA_cluster_0012","ALL_CNA","HETDEL",TRUE,"CNA_event_000087","PAUMLX",0.345864661654135,"high_resolution_le_50pct",1,FALSE,"1","1","ENSE00001136349"
"ALL_CNA_cluster_0012","ALL_CNA","HETDEL",TRUE,"CNA_event_000088","PAUMXB",0.345864661654135,"high_resolution_le_50pct",1,FALSE,"1","1","ENSE00001136349"
"ALL_CNA_cluster_0012","ALL_CNA","HETDEL",TRUE,"CNA_event_000091","PAUSIS",0.822055137844611,"low_resolution_75_90pct",3,TRUE,"4;8;9","4;8;9","ENSE00003558404;ENSE00003604670;ENSE00003651348"
"ALL_CNA_cluster_0012","ALL_CNA","HETDEL",TRUE,"CNA_event_000093","PAUTUL",0.664160401002506,"moderate_resolution_50_75pct",2,TRUE,"4;8","4;8","ENSE00003558404;ENSE00003604670"
"ALL_CNA_cluster_0012","ALL_CNA","HETDEL",TRUE,"CNA_event_000097","PAUWXI",0.822055137844611,"low_resolution_75_90pct",3,TRUE,"4;8;9","4;8;9","ENSE00003558404;ENSE00003604670;ENSE00003651348"
"ALL_CNA_cluster_0012","ALL_CNA","HETDEL",TRUE,"CNA_event_000100","PAUXRM",0.279030910609858,"high_resolution_le_50pct",1,FALSE,"4","4","ENSE00003558404"
"ALL_CNA_cluster_0012","ALL_CNA","HETDEL",TRUE,"CNA_event_000101","PAUXYI",0.355054302422723,"high_resolution_le_50pct",1,FALSE,"4","4","ENSE00003558404"
"ALL_CNA_cluster_0012","ALL_CNA","HETDEL",TRUE,"CNA_event_000102","PAUYJF",0.425229741019215,"high_resolution_le_50pct",1,FALSE,"4","4","ENSE00003558404"
"ALL_CNA_cluster_0012","ALL_CNA","HETDEL",TRUE,"CNA_event_000110","PAVKCV",0.177944862155388,"high_resolution_le_50pct",1,FALSE,"1","1","ENSE00001136349"
"ALL_CNA_cluster_0012","ALL_CNA","HETDEL",TRUE,"CNA_event_000116","PAVMPT",0.279030910609858,"high_resolution_le_50pct",1,FALSE,"4","4","ENSE00003558404"
"ALL_CNA_cluster_0012","ALL_CNA","HETDEL",TRUE,"CNA_event_000120","PAVPCB",0.206349206349206,"high_resolution_le_50pct",1,FALSE,"1","1","ENSE00001136349"
"ALL_CNA_cluster_0012","ALL_CNA","HETDEL",TRUE,"CNA_event_000121","PAVRXK",0.932330827067669,"very_low_resolution_90_lt_100pct",4,TRUE,"1;4;8;9","1;4;8;9","ENSE00001136349;ENSE00003558404;ENSE00003604670;ENSE00003651348"
"ALL_CNA_cluster_0012","ALL_CNA","HETDEL",TRUE,"CNA_event_000122","PAVVBE",0.177944862155388,"high_resolution_le_50pct",1,FALSE,"1","1","ENSE00001136349"
"ALL_CNA_cluster_0012","ALL_CNA","HOMDEL",TRUE,"CNA_event_000175","PAVVBE",0.754385964912281,"low_resolution_75_90pct",3,TRUE,"4;8;9","4;8;9","ENSE00003558404;ENSE00003604670;ENSE00003651348"
"ALL_CNA_cluster_0012","ALL_CNA","HETDEL",TRUE,"CNA_event_000123","PAVVDS",0.257309941520468,"high_resolution_le_50pct",1,FALSE,"4","4","ENSE00003558404"
"ALL_CNA_cluster_0012","ALL_CNA","HETDEL",TRUE,"CNA_event_000125","PAVWNL",0.345864661654135,"high_resolution_le_50pct",1,FALSE,"1","1","ENSE00001136349"
"ALL_CNA_cluster_0012","ALL_CNA","HETDEL",TRUE,"CNA_event_000126","PAVYAZ",0.177944862155388,"high_resolution_le_50pct",1,FALSE,"1","1","ENSE00001136349"
"ALL_CNA_cluster_0012","ALL_CNA","HETDEL",TRUE,"CNA_event_000130","PAVZCF",0.425229741019215,"high_resolution_le_50pct",1,FALSE,"4","4","ENSE00003558404"
"ALL_CNA_cluster_0012","ALL_CNA","HETDEL",TRUE,"CNA_event_000136","PAWDWJ",0.822055137844611,"low_resolution_75_90pct",3,TRUE,"4;8;9","4;8;9","ENSE00003558404;ENSE00003604670;ENSE00003651348"
"ALL_CNA_cluster_0012","ALL_CNA","HETDEL",TRUE,"CNA_event_000139","PAWESJ",0.345864661654135,"high_resolution_le_50pct",1,FALSE,"1","1","ENSE00001136349"
"ALL_CNA_cluster_0012","ALL_CNA","HETDEL",TRUE,"CNA_event_000140","PAWETD",0.822055137844611,"low_resolution_75_90pct",3,TRUE,"4;8;9","4;8;9","ENSE00003558404;ENSE00003604670;ENSE00003651348"
"ALL_CNA_cluster_0012","ALL_CNA","HETDEL",TRUE,"CNA_event_000141","PAWFNJ",0.345864661654135,"high_resolution_le_50pct",1,FALSE,"1","1","ENSE00001136349"
"ALL_CNA_cluster_0012","ALL_CNA","HETDEL",TRUE,"CNA_event_000142","PAWFWF",0.345864661654135,"high_resolution_le_50pct",1,FALSE,"1","1","ENSE00001136349"
"ALL_CNA_cluster_0012","ALL_CNA","HETDEL",TRUE,"CNA_event_000145","PAWGXM",0.496240601503759,"high_resolution_le_50pct",2,TRUE,"4;8","4;8","ENSE00003558404;ENSE00003604670"
"ALL_CNA_cluster_0012","ALL_CNA","HETDEL",TRUE,"CNA_event_000147","PAWIWS",0.355054302422723,"high_resolution_le_50pct",1,FALSE,"4","4","ENSE00003558404"
"ALL_CNA_cluster_0012","ALL_CNA","HETDEL",TRUE,"CNA_event_000149","PAWJYN",0.345864661654135,"high_resolution_le_50pct",1,FALSE,"1","1","ENSE00001136349"
"ALL_CNA_cluster_0013","ALL_CNA","HETDEL",TRUE,"CNA_event_000004","PARNXJ",0.822055137844611,"low_resolution_75_90pct",7,TRUE,"4;5;6;8;9;10;11","4;5;6;8;9;10;11","ENSE00003468993;ENSE00003510092;ENSE00003530344;ENSE00003558404;ENSE00003604670;ENSE00003651348;ENSE00003663409"
"ALL_CNA_cluster_0013","ALL_CNA","HETDEL",TRUE,"CNA_event_000007","PARSNX",0.289891395154553,"high_resolution_le_50pct",1,FALSE,"1","1","ENSE00001136349"
"ALL_CNA_cluster_0013","ALL_CNA","HETDEL",TRUE,"CNA_event_000008","PARWNW",0.654135338345865,"moderate_resolution_50_75pct",7,TRUE,"4;5;6;8;9;10;11","4;5;6;8;9;10;11","ENSE00003468993;ENSE00003510092;ENSE00003530344;ENSE00003558404;ENSE00003604670;ENSE00003651348;ENSE00003663409"
"ALL_CNA_cluster_0013","ALL_CNA","HETDEL",TRUE,"CNA_event_000010","PARXPZ",0.822055137844611,"low_resolution_75_90pct",7,TRUE,"4;5;6;8;9;10;11","4;5;6;8;9;10;11","ENSE00003468993;ENSE00003510092;ENSE00003530344;ENSE00003558404;ENSE00003604670;ENSE00003651348;ENSE00003663409"
"ALL_CNA_cluster_0013","ALL_CNA","HETDEL",TRUE,"CNA_event_000013","PASILW",0.177944862155388,"high_resolution_le_50pct",1,FALSE,"1","1","ENSE00001136349"
"ALL_CNA_cluster_0013","ALL_CNA","HETDEL",TRUE,"CNA_event_000015","PASINX",0.345864661654135,"high_resolution_le_50pct",1,FALSE,"1","1","ENSE00001136349"
"ALL_CNA_cluster_0013","ALL_CNA","HETDEL",TRUE,"CNA_event_000019","PASKAD",0.654135338345865,"moderate_resolution_50_75pct",7,TRUE,"4;5;6;8;9;10;11","4;5;6;8;9;10;11","ENSE00003468993;ENSE00003510092;ENSE00003530344;ENSE00003558404;ENSE00003604670;ENSE00003651348;ENSE00003663409"
"ALL_CNA_cluster_0013","ALL_CNA","HETDEL",TRUE,"CNA_event_000020","PASKLU",0.111111111111111,"high_resolution_le_50pct",1,FALSE,"4","4","ENSE00003558404"
"ALL_CNA_cluster_0013","ALL_CNA","HETDEL",TRUE,"CNA_event_000021","PASKWG",0.654135338345865,"moderate_resolution_50_75pct",7,TRUE,"4;5;6;8;9;10;11","4;5;6;8;9;10;11","ENSE00003468993;ENSE00003510092;ENSE00003530344;ENSE00003558404;ENSE00003604670;ENSE00003651348;ENSE00003663409"
"ALL_CNA_cluster_0013","ALL_CNA","HETDEL",TRUE,"CNA_event_000023","PASLXY",0.345864661654135,"high_resolution_le_50pct",1,FALSE,"1","1","ENSE00001136349"
"ALL_CNA_cluster_0013","ALL_CNA","HETDEL",TRUE,"CNA_event_000024","PASPDS",0.355054302422723,"high_resolution_le_50pct",2,TRUE,"4;5","4;5","ENSE00003558404;ENSE00003663409"
"ALL_CNA_cluster_0013","ALL_CNA","HETDEL",TRUE,"CNA_event_000025","PASPLG",0.425229741019215,"high_resolution_le_50pct",3,TRUE,"4;5;6","4;5;6","ENSE00003468993;ENSE00003558404;ENSE00003663409"
"ALL_CNA_cluster_0013","ALL_CNA","HETDEL",TRUE,"CNA_event_000026","PASPNW",0.822055137844611,"low_resolution_75_90pct",7,TRUE,"4;5;6;8;9;10;11","4;5;6;8;9;10;11","ENSE00003468993;ENSE00003510092;ENSE00003530344;ENSE00003558404;ENSE00003604670;ENSE00003651348;ENSE00003663409"
"ALL_CNA_cluster_0013","ALL_CNA","HETDEL",TRUE,"CNA_event_000028","PASRMM",0.345864661654135,"high_resolution_le_50pct",1,FALSE,"1","1","ENSE00001136349"
"ALL_CNA_cluster_0013","ALL_CNA","HOMDEL",TRUE,"CNA_event_000156","PASRPV",0.345864661654135,"high_resolution_le_50pct",1,FALSE,"1","1","ENSE00001136349"
"ALL_CNA_cluster_0013","ALL_CNA","HETDEL",TRUE,"CNA_event_000032","PASTCH",0.456975772765246,"high_resolution_le_50pct",2,TRUE,"1;4","1;4","ENSE00001136349;ENSE00003558404"
"ALL_CNA_cluster_0013","ALL_CNA","HETDEL",TRUE,"CNA_event_000033","PASTHE",0.425229741019215,"high_resolution_le_50pct",3,TRUE,"4;5;6","4;5;6","ENSE00003468993;ENSE00003558404;ENSE00003663409"
"ALL_CNA_cluster_0013","ALL_CNA","HETDEL",TRUE,"CNA_event_000034","PASUSV",0.822055137844611,"low_resolution_75_90pct",7,TRUE,"4;5;6;8;9;10;11","4;5;6;8;9;10;11","ENSE00003468993;ENSE00003510092;ENSE00003530344;ENSE00003558404;ENSE00003604670;ENSE00003651348;ENSE00003663409"
"ALL_CNA_cluster_0013","ALL_CNA","HETDEL",TRUE,"CNA_event_000038","PASWYU",0.586466165413534,"moderate_resolution_50_75pct",5,TRUE,"4;5;6;8;9","4;5;6;8;9","ENSE00003468993;ENSE00003558404;ENSE00003604670;ENSE00003651348;ENSE00003663409"
"ALL_CNA_cluster_0013","ALL_CNA","HETDEL",TRUE,"CNA_event_000039","PASYNX",0.360066833751044,"high_resolution_le_50pct",3,TRUE,"4;5;6","4;5;6","ENSE00003468993;ENSE00003558404;ENSE00003663409"
"ALL_CNA_cluster_0013","ALL_CNA","HETDEL",TRUE,"CNA_event_000042","PASYWF",0.654135338345865,"moderate_resolution_50_75pct",7,TRUE,"4;5;6;8;9;10;11","4;5;6;8;9;10;11","ENSE00003468993;ENSE00003510092;ENSE00003530344;ENSE00003558404;ENSE00003604670;ENSE00003651348;ENSE00003663409"
"ALL_CNA_cluster_0013","ALL_CNA","HETDEL",TRUE,"CNA_event_000044","PATALF",0.425229741019215,"high_resolution_le_50pct",3,TRUE,"4;5;6","4;5;6","ENSE00003468993;ENSE00003558404;ENSE00003663409"
"ALL_CNA_cluster_0013","ALL_CNA","HETDEL",TRUE,"CNA_event_000046","PATCTR",0.257309941520468,"high_resolution_le_50pct",3,TRUE,"4;5;6","4;5;6","ENSE00003468993;ENSE00003558404;ENSE00003663409"
"ALL_CNA_cluster_0013","ALL_CNA","HOMDEL",TRUE,"CNA_event_000159","PATCTR",0.345864661654135,"high_resolution_le_50pct",1,FALSE,"1","1","ENSE00001136349"
"ALL_CNA_cluster_0013","ALL_CNA","HETDEL",TRUE,"CNA_event_000050","PATHFE",0.822055137844611,"low_resolution_75_90pct",7,TRUE,"4;5;6;8;9;10;11","4;5;6;8;9;10;11","ENSE00003468993;ENSE00003510092;ENSE00003530344;ENSE00003558404;ENSE00003604670;ENSE00003651348;ENSE00003663409"
"ALL_CNA_cluster_0013","ALL_CNA","HETDEL",TRUE,"CNA_event_000052","PATJLY",0.355054302422723,"high_resolution_le_50pct",2,TRUE,"4;5","4;5","ENSE00003558404;ENSE00003663409"
"ALL_CNA_cluster_0013","ALL_CNA","HETDEL",TRUE,"CNA_event_000054","PATKZH",0.345864661654135,"high_resolution_le_50pct",1,FALSE,"1","1","ENSE00001136349"
"ALL_CNA_cluster_0013","ALL_CNA","HETDEL",TRUE,"CNA_event_000055","PATLLH",0.425229741019215,"high_resolution_le_50pct",3,TRUE,"4;5;6","4;5;6","ENSE00003468993;ENSE00003558404;ENSE00003663409"
"ALL_CNA_cluster_0013","ALL_CNA","HETDEL",TRUE,"CNA_event_000056","PATNAM",0.233918128654971,"high_resolution_le_50pct",1,FALSE,"1","1","ENSE00001136349"
"ALL_CNA_cluster_0013","ALL_CNA","HETDEL",TRUE,"CNA_event_000057","PATPDA",0.664160401002506,"moderate_resolution_50_75pct",4,TRUE,"4;5;6;8","4;5;6;8","ENSE00003468993;ENSE00003558404;ENSE00003604670;ENSE00003663409"
"ALL_CNA_cluster_0013","ALL_CNA","HETDEL",TRUE,"CNA_event_000059","PATRKV",0.223057644110276,"high_resolution_le_50pct",1,FALSE,"4","4","ENSE00003558404"
"ALL_CNA_cluster_0013","ALL_CNA","HETDEL",TRUE,"CNA_event_000060","PATSPG",0.345864661654135,"high_resolution_le_50pct",1,FALSE,"1","1","ENSE00001136349"
"ALL_CNA_cluster_0013","ALL_CNA","HETDEL",TRUE,"CNA_event_000070","PAUCDC",0.822055137844611,"low_resolution_75_90pct",7,TRUE,"4;5;6;8;9;10;11","4;5;6;8;9;10;11","ENSE00003468993;ENSE00003510092;ENSE00003530344;ENSE00003558404;ENSE00003604670;ENSE00003651348;ENSE00003663409"
"ALL_CNA_cluster_0013","ALL_CNA","HETDEL",TRUE,"CNA_event_000072","PAUEUC",0.177944862155388,"high_resolution_le_50pct",1,FALSE,"1","1","ENSE00001136349"
"ALL_CNA_cluster_0013","ALL_CNA","HETDEL",TRUE,"CNA_event_000075","PAUEXN",0.206349206349206,"high_resolution_le_50pct",1,FALSE,"1","1","ENSE00001136349"
"ALL_CNA_cluster_0013","ALL_CNA","HETDEL",TRUE,"CNA_event_000078","PAUGLY",0.345864661654135,"high_resolution_le_50pct",1,FALSE,"1","1","ENSE00001136349"
"ALL_CNA_cluster_0013","ALL_CNA","HETDEL",TRUE,"CNA_event_000079","PAUIEM",0.654135338345865,"moderate_resolution_50_75pct",7,TRUE,"4;5;6;8;9;10;11","4;5;6;8;9;10;11","ENSE00003468993;ENSE00003510092;ENSE00003530344;ENSE00003558404;ENSE00003604670;ENSE00003651348;ENSE00003663409"
"ALL_CNA_cluster_0013","ALL_CNA","HETDEL",TRUE,"CNA_event_000081","PAUJVL",0.345864661654135,"high_resolution_le_50pct",1,FALSE,"1","1","ENSE00001136349"
"ALL_CNA_cluster_0013","ALL_CNA","HETDEL",TRUE,"CNA_event_000083","PAUKZJ",0.608187134502924,"moderate_resolution_50_75pct",4,TRUE,"4;5;6;8","4;5;6;8","ENSE00003468993;ENSE00003558404;ENSE00003604670;ENSE00003663409"
"ALL_CNA_cluster_0013","ALL_CNA","HETDEL",TRUE,"CNA_event_000085","PAULGX",0.238930659983292,"high_resolution_le_50pct",1,FALSE,"8","8","ENSE00003604670"
"ALL_CNA_cluster_0013","ALL_CNA","HOMDEL",TRUE,"CNA_event_000167","PAULGX",0.603174603174603,"moderate_resolution_50_75pct",4,TRUE,"1;4;5;6","1;4;5;6","ENSE00001136349;ENSE00003468993;ENSE00003558404;ENSE00003663409"
"ALL_CNA_cluster_0013","ALL_CNA","HOMDEL",TRUE,"CNA_event_000168","PAUMIB",0.345864661654135,"high_resolution_le_50pct",1,FALSE,"1","1","ENSE00001136349"
"ALL_CNA_cluster_0013","ALL_CNA","HETDEL",TRUE,"CNA_event_000087","PAUMLX",0.345864661654135,"high_resolution_le_50pct",1,FALSE,"1","1","ENSE00001136349"
"ALL_CNA_cluster_0013","ALL_CNA","HETDEL",TRUE,"CNA_event_000088","PAUMXB",0.345864661654135,"high_resolution_le_50pct",1,FALSE,"1","1","ENSE00001136349"
"ALL_CNA_cluster_0013","ALL_CNA","HETDEL",TRUE,"CNA_event_000091","PAUSIS",0.822055137844611,"low_resolution_75_90pct",7,TRUE,"4;5;6;8;9;10;11","4;5;6;8;9;10;11","ENSE00003468993;ENSE00003510092;ENSE00003530344;ENSE00003558404;ENSE00003604670;ENSE00003651348;ENSE00003663409"
"ALL_CNA_cluster_0013","ALL_CNA","HETDEL",TRUE,"CNA_event_000093","PAUTUL",0.664160401002506,"moderate_resolution_50_75pct",4,TRUE,"4;5;6;8","4;5;6;8","ENSE00003468993;ENSE00003558404;ENSE00003604670;ENSE00003663409"
"ALL_CNA_cluster_0013","ALL_CNA","HETDEL",TRUE,"CNA_event_000097","PAUWXI",0.822055137844611,"low_resolution_75_90pct",7,TRUE,"4;5;6;8;9;10;11","4;5;6;8;9;10;11","ENSE00003468993;ENSE00003510092;ENSE00003530344;ENSE00003558404;ENSE00003604670;ENSE00003651348;ENSE00003663409"
"ALL_CNA_cluster_0013","ALL_CNA","HETDEL",TRUE,"CNA_event_000100","PAUXRM",0.279030910609858,"high_resolution_le_50pct",1,FALSE,"4","4","ENSE00003558404"
"ALL_CNA_cluster_0013","ALL_CNA","HETDEL",TRUE,"CNA_event_000101","PAUXYI",0.355054302422723,"high_resolution_le_50pct",2,TRUE,"4;5","4;5","ENSE00003558404;ENSE00003663409"
"ALL_CNA_cluster_0013","ALL_CNA","HETDEL",TRUE,"CNA_event_000102","PAUYJF",0.425229741019215,"high_resolution_le_50pct",3,TRUE,"4;5;6","4;5;6","ENSE00003468993;ENSE00003558404;ENSE00003663409"
"ALL_CNA_cluster_0013","ALL_CNA","HETDEL",TRUE,"CNA_event_000110","PAVKCV",0.177944862155388,"high_resolution_le_50pct",1,FALSE,"1","1","ENSE00001136349"
"ALL_CNA_cluster_0013","ALL_CNA","HETDEL",TRUE,"CNA_event_000116","PAVMPT",0.279030910609858,"high_resolution_le_50pct",1,FALSE,"4","4","ENSE00003558404"
"ALL_CNA_cluster_0013","ALL_CNA","HETDEL",TRUE,"CNA_event_000120","PAVPCB",0.206349206349206,"high_resolution_le_50pct",1,FALSE,"1","1","ENSE00001136349"
"ALL_CNA_cluster_0013","ALL_CNA","HETDEL",TRUE,"CNA_event_000121","PAVRXK",0.932330827067669,"very_low_resolution_90_lt_100pct",6,TRUE,"1;4;5;6;8;9","1;4;5;6;8;9","ENSE00001136349;ENSE00003468993;ENSE00003558404;ENSE00003604670;ENSE00003651348;ENSE00003663409"
"ALL_CNA_cluster_0013","ALL_CNA","HETDEL",TRUE,"CNA_event_000122","PAVVBE",0.177944862155388,"high_resolution_le_50pct",1,FALSE,"1","1","ENSE00001136349"
"ALL_CNA_cluster_0013","ALL_CNA","HOMDEL",TRUE,"CNA_event_000175","PAVVBE",0.754385964912281,"low_resolution_75_90pct",5,TRUE,"4;5;6;8;9","4;5;6;8;9","ENSE00003468993;ENSE00003558404;ENSE00003604670;ENSE00003651348;ENSE00003663409"
"ALL_CNA_cluster_0013","ALL_CNA","HETDEL",TRUE,"CNA_event_000123","PAVVDS",0.257309941520468,"high_resolution_le_50pct",3,TRUE,"4;5;6","4;5;6","ENSE00003468993;ENSE00003558404;ENSE00003663409"
"ALL_CNA_cluster_0013","ALL_CNA","HETDEL",TRUE,"CNA_event_000125","PAVWNL",0.345864661654135,"high_resolution_le_50pct",1,FALSE,"1","1","ENSE00001136349"
"ALL_CNA_cluster_0013","ALL_CNA","HETDEL",TRUE,"CNA_event_000126","PAVYAZ",0.177944862155388,"high_resolution_le_50pct",1,FALSE,"1","1","ENSE00001136349"
"ALL_CNA_cluster_0013","ALL_CNA","HETDEL",TRUE,"CNA_event_000130","PAVZCF",0.425229741019215,"high_resolution_le_50pct",3,TRUE,"4;5;6","4;5;6","ENSE00003468993;ENSE00003558404;ENSE00003663409"
"ALL_CNA_cluster_0013","ALL_CNA","HETDEL",TRUE,"CNA_event_000136","PAWDWJ",0.822055137844611,"low_resolution_75_90pct",7,TRUE,"4;5;6;8;9;10;11","4;5;6;8;9;10;11","ENSE00003468993;ENSE00003510092;ENSE00003530344;ENSE00003558404;ENSE00003604670;ENSE00003651348;ENSE00003663409"
"ALL_CNA_cluster_0013","ALL_CNA","HETDEL",TRUE,"CNA_event_000139","PAWESJ",0.345864661654135,"high_resolution_le_50pct",1,FALSE,"1","1","ENSE00001136349"
"ALL_CNA_cluster_0013","ALL_CNA","HETDEL",TRUE,"CNA_event_000140","PAWETD",0.822055137844611,"low_resolution_75_90pct",7,TRUE,"4;5;6;8;9;10;11","4;5;6;8;9;10;11","ENSE00003468993;ENSE00003510092;ENSE00003530344;ENSE00003558404;ENSE00003604670;ENSE00003651348;ENSE00003663409"
"ALL_CNA_cluster_0013","ALL_CNA","HETDEL",TRUE,"CNA_event_000141","PAWFNJ",0.345864661654135,"high_resolution_le_50pct",1,FALSE,"1","1","ENSE00001136349"
"ALL_CNA_cluster_0013","ALL_CNA","HETDEL",TRUE,"CNA_event_000142","PAWFWF",0.345864661654135,"high_resolution_le_50pct",1,FALSE,"1","1","ENSE00001136349"
"ALL_CNA_cluster_0013","ALL_CNA","HETDEL",TRUE,"CNA_event_000145","PAWGXM",0.496240601503759,"high_resolution_le_50pct",4,TRUE,"4;5;6;8","4;5;6;8","ENSE00003468993;ENSE00003558404;ENSE00003604670;ENSE00003663409"
"ALL_CNA_cluster_0013","ALL_CNA","HETDEL",TRUE,"CNA_event_000147","PAWIWS",0.355054302422723,"high_resolution_le_50pct",2,TRUE,"4;5","4;5","ENSE00003558404;ENSE00003663409"
"ALL_CNA_cluster_0013","ALL_CNA","HETDEL",TRUE,"CNA_event_000149","PAWJYN",0.345864661654135,"high_resolution_le_50pct",1,FALSE,"1","1","ENSE00001136349"
"ALL_CNA_cluster_0014","ALL_CNA","HETDEL",TRUE,"CNA_event_000004","PARNXJ",0.822055137844611,"low_resolution_75_90pct",2,TRUE,"8;9","8;9","ENSE00003604670;ENSE00003651348"
"ALL_CNA_cluster_0014","ALL_CNA","HETDEL",TRUE,"CNA_event_000007","PARSNX",0.289891395154553,"high_resolution_le_50pct",1,FALSE,"1","1","ENSE00001136349"
"ALL_CNA_cluster_0014","ALL_CNA","HETDEL",TRUE,"CNA_event_000008","PARWNW",0.654135338345865,"moderate_resolution_50_75pct",2,TRUE,"8;9","8;9","ENSE00003604670;ENSE00003651348"
"ALL_CNA_cluster_0014","ALL_CNA","HETDEL",TRUE,"CNA_event_000010","PARXPZ",0.822055137844611,"low_resolution_75_90pct",2,TRUE,"8;9","8;9","ENSE00003604670;ENSE00003651348"
"ALL_CNA_cluster_0014","ALL_CNA","HETDEL",TRUE,"CNA_event_000013","PASILW",0.177944862155388,"high_resolution_le_50pct",1,FALSE,"1","1","ENSE00001136349"
"ALL_CNA_cluster_0014","ALL_CNA","HETDEL",TRUE,"CNA_event_000015","PASINX",0.345864661654135,"high_resolution_le_50pct",1,FALSE,"1","1","ENSE00001136349"
"ALL_CNA_cluster_0014","ALL_CNA","HETDEL",TRUE,"CNA_event_000019","PASKAD",0.654135338345865,"moderate_resolution_50_75pct",2,TRUE,"8;9","8;9","ENSE00003604670;ENSE00003651348"
"ALL_CNA_cluster_0014","ALL_CNA","HETDEL",TRUE,"CNA_event_000021","PASKWG",0.654135338345865,"moderate_resolution_50_75pct",2,TRUE,"8;9","8;9","ENSE00003604670;ENSE00003651348"
"ALL_CNA_cluster_0014","ALL_CNA","HETDEL",TRUE,"CNA_event_000023","PASLXY",0.345864661654135,"high_resolution_le_50pct",1,FALSE,"1","1","ENSE00001136349"
"ALL_CNA_cluster_0014","ALL_CNA","HETDEL",TRUE,"CNA_event_000026","PASPNW",0.822055137844611,"low_resolution_75_90pct",2,TRUE,"8;9","8;9","ENSE00003604670;ENSE00003651348"
"ALL_CNA_cluster_0014","ALL_CNA","HETDEL",TRUE,"CNA_event_000028","PASRMM",0.345864661654135,"high_resolution_le_50pct",1,FALSE,"1","1","ENSE00001136349"
"ALL_CNA_cluster_0014","ALL_CNA","HOMDEL",TRUE,"CNA_event_000156","PASRPV",0.345864661654135,"high_resolution_le_50pct",1,FALSE,"1","1","ENSE00001136349"
"ALL_CNA_cluster_0014","ALL_CNA","HETDEL",TRUE,"CNA_event_000032","PASTCH",0.456975772765246,"high_resolution_le_50pct",1,FALSE,"1","1","ENSE00001136349"
"ALL_CNA_cluster_0014","ALL_CNA","HETDEL",TRUE,"CNA_event_000034","PASUSV",0.822055137844611,"low_resolution_75_90pct",2,TRUE,"8;9","8;9","ENSE00003604670;ENSE00003651348"
"ALL_CNA_cluster_0014","ALL_CNA","HETDEL",TRUE,"CNA_event_000038","PASWYU",0.586466165413534,"moderate_resolution_50_75pct",2,TRUE,"8;9","8;9","ENSE00003604670;ENSE00003651348"
"ALL_CNA_cluster_0014","ALL_CNA","HETDEL",TRUE,"CNA_event_000042","PASYWF",0.654135338345865,"moderate_resolution_50_75pct",2,TRUE,"8;9","8;9","ENSE00003604670;ENSE00003651348"
"ALL_CNA_cluster_0014","ALL_CNA","HOMDEL",TRUE,"CNA_event_000159","PATCTR",0.345864661654135,"high_resolution_le_50pct",1,FALSE,"1","1","ENSE00001136349"
"ALL_CNA_cluster_0014","ALL_CNA","HETDEL",TRUE,"CNA_event_000050","PATHFE",0.822055137844611,"low_resolution_75_90pct",2,TRUE,"8;9","8;9","ENSE00003604670;ENSE00003651348"
"ALL_CNA_cluster_0014","ALL_CNA","HETDEL",TRUE,"CNA_event_000054","PATKZH",0.345864661654135,"high_resolution_le_50pct",1,FALSE,"1","1","ENSE00001136349"
"ALL_CNA_cluster_0014","ALL_CNA","HETDEL",TRUE,"CNA_event_000056","PATNAM",0.233918128654971,"high_resolution_le_50pct",1,FALSE,"1","1","ENSE00001136349"
"ALL_CNA_cluster_0014","ALL_CNA","HETDEL",TRUE,"CNA_event_000057","PATPDA",0.664160401002506,"moderate_resolution_50_75pct",1,FALSE,"8","8","ENSE00003604670"
"ALL_CNA_cluster_0014","ALL_CNA","HETDEL",TRUE,"CNA_event_000060","PATSPG",0.345864661654135,"high_resolution_le_50pct",1,FALSE,"1","1","ENSE00001136349"
"ALL_CNA_cluster_0014","ALL_CNA","HETDEL",TRUE,"CNA_event_000070","PAUCDC",0.822055137844611,"low_resolution_75_90pct",2,TRUE,"8;9","8;9","ENSE00003604670;ENSE00003651348"
"ALL_CNA_cluster_0014","ALL_CNA","HETDEL",TRUE,"CNA_event_000072","PAUEUC",0.177944862155388,"high_resolution_le_50pct",1,FALSE,"1","1","ENSE00001136349"
"ALL_CNA_cluster_0014","ALL_CNA","HETDEL",TRUE,"CNA_event_000075","PAUEXN",0.206349206349206,"high_resolution_le_50pct",1,FALSE,"1","1","ENSE00001136349"
"ALL_CNA_cluster_0014","ALL_CNA","HETDEL",TRUE,"CNA_event_000078","PAUGLY",0.345864661654135,"high_resolution_le_50pct",1,FALSE,"1","1","ENSE00001136349"
"ALL_CNA_cluster_0014","ALL_CNA","HETDEL",TRUE,"CNA_event_000079","PAUIEM",0.654135338345865,"moderate_resolution_50_75pct",2,TRUE,"8;9","8;9","ENSE00003604670;ENSE00003651348"
"ALL_CNA_cluster_0014","ALL_CNA","HETDEL",TRUE,"CNA_event_000081","PAUJVL",0.345864661654135,"high_resolution_le_50pct",1,FALSE,"1","1","ENSE00001136349"
"ALL_CNA_cluster_0014","ALL_CNA","HETDEL",TRUE,"CNA_event_000083","PAUKZJ",0.608187134502924,"moderate_resolution_50_75pct",1,FALSE,"8","8","ENSE00003604670"
"ALL_CNA_cluster_0014","ALL_CNA","HETDEL",TRUE,"CNA_event_000085","PAULGX",0.238930659983292,"high_resolution_le_50pct",1,FALSE,"8","8","ENSE00003604670"
"ALL_CNA_cluster_0014","ALL_CNA","HOMDEL",TRUE,"CNA_event_000167","PAULGX",0.603174603174603,"moderate_resolution_50_75pct",1,FALSE,"1","1","ENSE00001136349"
"ALL_CNA_cluster_0014","ALL_CNA","HOMDEL",TRUE,"CNA_event_000168","PAUMIB",0.345864661654135,"high_resolution_le_50pct",1,FALSE,"1","1","ENSE00001136349"
"ALL_CNA_cluster_0014","ALL_CNA","HETDEL",TRUE,"CNA_event_000087","PAUMLX",0.345864661654135,"high_resolution_le_50pct",1,FALSE,"1","1","ENSE00001136349"
"ALL_CNA_cluster_0014","ALL_CNA","HETDEL",TRUE,"CNA_event_000088","PAUMXB",0.345864661654135,"high_resolution_le_50pct",1,FALSE,"1","1","ENSE00001136349"
"ALL_CNA_cluster_0014","ALL_CNA","HETDEL",TRUE,"CNA_event_000091","PAUSIS",0.822055137844611,"low_resolution_75_90pct",2,TRUE,"8;9","8;9","ENSE00003604670;ENSE00003651348"
"ALL_CNA_cluster_0014","ALL_CNA","HETDEL",TRUE,"CNA_event_000093","PAUTUL",0.664160401002506,"moderate_resolution_50_75pct",1,FALSE,"8","8","ENSE00003604670"
"ALL_CNA_cluster_0014","ALL_CNA","HETDEL",TRUE,"CNA_event_000097","PAUWXI",0.822055137844611,"low_resolution_75_90pct",2,TRUE,"8;9","8;9","ENSE00003604670;ENSE00003651348"
"ALL_CNA_cluster_0014","ALL_CNA","HETDEL",TRUE,"CNA_event_000110","PAVKCV",0.177944862155388,"high_resolution_le_50pct",1,FALSE,"1","1","ENSE00001136349"
"ALL_CNA_cluster_0014","ALL_CNA","HETDEL",TRUE,"CNA_event_000120","PAVPCB",0.206349206349206,"high_resolution_le_50pct",1,FALSE,"1","1","ENSE00001136349"
"ALL_CNA_cluster_0014","ALL_CNA","HETDEL",TRUE,"CNA_event_000121","PAVRXK",0.932330827067669,"very_low_resolution_90_lt_100pct",3,TRUE,"1;8;9","1;8;9","ENSE00001136349;ENSE00003604670;ENSE00003651348"
"ALL_CNA_cluster_0014","ALL_CNA","HETDEL",TRUE,"CNA_event_000122","PAVVBE",0.177944862155388,"high_resolution_le_50pct",1,FALSE,"1","1","ENSE00001136349"
"ALL_CNA_cluster_0014","ALL_CNA","HOMDEL",TRUE,"CNA_event_000175","PAVVBE",0.754385964912281,"low_resolution_75_90pct",2,TRUE,"8;9","8;9","ENSE00003604670;ENSE00003651348"
"ALL_CNA_cluster_0014","ALL_CNA","HETDEL",TRUE,"CNA_event_000125","PAVWNL",0.345864661654135,"high_resolution_le_50pct",1,FALSE,"1","1","ENSE00001136349"
"ALL_CNA_cluster_0014","ALL_CNA","HETDEL",TRUE,"CNA_event_000126","PAVYAZ",0.177944862155388,"high_resolution_le_50pct",1,FALSE,"1","1","ENSE00001136349"
"ALL_CNA_cluster_0014","ALL_CNA","HETDEL",TRUE,"CNA_event_000136","PAWDWJ",0.822055137844611,"low_resolution_75_90pct",2,TRUE,"8;9","8;9","ENSE00003604670;ENSE00003651348"
"ALL_CNA_cluster_0014","ALL_CNA","HETDEL",TRUE,"CNA_event_000139","PAWESJ",0.345864661654135,"high_resolution_le_50pct",1,FALSE,"1","1","ENSE00001136349"
"ALL_CNA_cluster_0014","ALL_CNA","HETDEL",TRUE,"CNA_event_000140","PAWETD",0.822055137844611,"low_resolution_75_90pct",2,TRUE,"8;9","8;9","ENSE00003604670;ENSE00003651348"
"ALL_CNA_cluster_0014","ALL_CNA","HETDEL",TRUE,"CNA_event_000141","PAWFNJ",0.345864661654135,"high_resolution_le_50pct",1,FALSE,"1","1","ENSE00001136349"
"ALL_CNA_cluster_0014","ALL_CNA","HETDEL",TRUE,"CNA_event_000142","PAWFWF",0.345864661654135,"high_resolution_le_50pct",1,FALSE,"1","1","ENSE00001136349"
"ALL_CNA_cluster_0014","ALL_CNA","HETDEL",TRUE,"CNA_event_000145","PAWGXM",0.496240601503759,"high_resolution_le_50pct",1,FALSE,"8","8","ENSE00003604670"
"ALL_CNA_cluster_0014","ALL_CNA","HETDEL",TRUE,"CNA_event_000149","PAWJYN",0.345864661654135,"high_resolution_le_50pct",1,FALSE,"1","1","ENSE00001136349"
"ALL_CNA_cluster_0015","ALL_CNA","HETDEL",TRUE,"CNA_event_000007","PARSNX",0.289891395154553,"high_resolution_le_50pct",1,FALSE,"1","1","ENSE00001136349"
"ALL_CNA_cluster_0015","ALL_CNA","HETDEL",TRUE,"CNA_event_000013","PASILW",0.177944862155388,"high_resolution_le_50pct",1,FALSE,"1","1","ENSE00001136349"
"ALL_CNA_cluster_0015","ALL_CNA","HETDEL",TRUE,"CNA_event_000015","PASINX",0.345864661654135,"high_resolution_le_50pct",1,FALSE,"1","1","ENSE00001136349"
"ALL_CNA_cluster_0015","ALL_CNA","HETDEL",TRUE,"CNA_event_000023","PASLXY",0.345864661654135,"high_resolution_le_50pct",1,FALSE,"1","1","ENSE00001136349"
"ALL_CNA_cluster_0015","ALL_CNA","HETDEL",TRUE,"CNA_event_000028","PASRMM",0.345864661654135,"high_resolution_le_50pct",1,FALSE,"1","1","ENSE00001136349"
"ALL_CNA_cluster_0015","ALL_CNA","HOMDEL",TRUE,"CNA_event_000156","PASRPV",0.345864661654135,"high_resolution_le_50pct",1,FALSE,"1","1","ENSE00001136349"
"ALL_CNA_cluster_0015","ALL_CNA","HETDEL",TRUE,"CNA_event_000032","PASTCH",0.456975772765246,"high_resolution_le_50pct",1,FALSE,"1","1","ENSE00001136349"
"ALL_CNA_cluster_0015","ALL_CNA","HOMDEL",TRUE,"CNA_event_000159","PATCTR",0.345864661654135,"high_resolution_le_50pct",1,FALSE,"1","1","ENSE00001136349"
"ALL_CNA_cluster_0015","ALL_CNA","HETDEL",TRUE,"CNA_event_000054","PATKZH",0.345864661654135,"high_resolution_le_50pct",1,FALSE,"1","1","ENSE00001136349"
"ALL_CNA_cluster_0015","ALL_CNA","HETDEL",TRUE,"CNA_event_000056","PATNAM",0.233918128654971,"high_resolution_le_50pct",1,FALSE,"1","1","ENSE00001136349"
"ALL_CNA_cluster_0015","ALL_CNA","HETDEL",TRUE,"CNA_event_000060","PATSPG",0.345864661654135,"high_resolution_le_50pct",1,FALSE,"1","1","ENSE00001136349"
"ALL_CNA_cluster_0015","ALL_CNA","HETDEL",TRUE,"CNA_event_000072","PAUEUC",0.177944862155388,"high_resolution_le_50pct",1,FALSE,"1","1","ENSE00001136349"
"ALL_CNA_cluster_0015","ALL_CNA","HETDEL",TRUE,"CNA_event_000075","PAUEXN",0.206349206349206,"high_resolution_le_50pct",1,FALSE,"1","1","ENSE00001136349"
"ALL_CNA_cluster_0015","ALL_CNA","HETDEL",TRUE,"CNA_event_000078","PAUGLY",0.345864661654135,"high_resolution_le_50pct",1,FALSE,"1","1","ENSE00001136349"
"ALL_CNA_cluster_0015","ALL_CNA","HETDEL",TRUE,"CNA_event_000081","PAUJVL",0.345864661654135,"high_resolution_le_50pct",1,FALSE,"1","1","ENSE00001136349"
"ALL_CNA_cluster_0015","ALL_CNA","HOMDEL",TRUE,"CNA_event_000167","PAULGX",0.603174603174603,"moderate_resolution_50_75pct",1,FALSE,"1","1","ENSE00001136349"
"ALL_CNA_cluster_0015","ALL_CNA","HOMDEL",TRUE,"CNA_event_000168","PAUMIB",0.345864661654135,"high_resolution_le_50pct",1,FALSE,"1","1","ENSE00001136349"
"ALL_CNA_cluster_0015","ALL_CNA","HETDEL",TRUE,"CNA_event_000087","PAUMLX",0.345864661654135,"high_resolution_le_50pct",1,FALSE,"1","1","ENSE00001136349"
"ALL_CNA_cluster_0015","ALL_CNA","HETDEL",TRUE,"CNA_event_000088","PAUMXB",0.345864661654135,"high_resolution_le_50pct",1,FALSE,"1","1","ENSE00001136349"
"ALL_CNA_cluster_0015","ALL_CNA","HETDEL",TRUE,"CNA_event_000110","PAVKCV",0.177944862155388,"high_resolution_le_50pct",1,FALSE,"1","1","ENSE00001136349"
"ALL_CNA_cluster_0015","ALL_CNA","HETDEL",TRUE,"CNA_event_000120","PAVPCB",0.206349206349206,"high_resolution_le_50pct",1,FALSE,"1","1","ENSE00001136349"
"ALL_CNA_cluster_0015","ALL_CNA","HETDEL",TRUE,"CNA_event_000121","PAVRXK",0.932330827067669,"very_low_resolution_90_lt_100pct",1,FALSE,"1","1","ENSE00001136349"
"ALL_CNA_cluster_0015","ALL_CNA","HETDEL",TRUE,"CNA_event_000122","PAVVBE",0.177944862155388,"high_resolution_le_50pct",1,FALSE,"1","1","ENSE00001136349"
"ALL_CNA_cluster_0015","ALL_CNA","HETDEL",TRUE,"CNA_event_000125","PAVWNL",0.345864661654135,"high_resolution_le_50pct",1,FALSE,"1","1","ENSE00001136349"
"ALL_CNA_cluster_0015","ALL_CNA","HETDEL",TRUE,"CNA_event_000126","PAVYAZ",0.177944862155388,"high_resolution_le_50pct",1,FALSE,"1","1","ENSE00001136349"
"ALL_CNA_cluster_0015","ALL_CNA","HETDEL",TRUE,"CNA_event_000139","PAWESJ",0.345864661654135,"high_resolution_le_50pct",1,FALSE,"1","1","ENSE00001136349"
"ALL_CNA_cluster_0015","ALL_CNA","HETDEL",TRUE,"CNA_event_000141","PAWFNJ",0.345864661654135,"high_resolution_le_50pct",1,FALSE,"1","1","ENSE00001136349"
"ALL_CNA_cluster_0015","ALL_CNA","HETDEL",TRUE,"CNA_event_000142","PAWFWF",0.345864661654135,"high_resolution_le_50pct",1,FALSE,"1","1","ENSE00001136349"
"ALL_CNA_cluster_0015","ALL_CNA","HETDEL",TRUE,"CNA_event_000149","PAWJYN",0.345864661654135,"high_resolution_le_50pct",1,FALSE,"1","1","ENSE00001136349"
"ALL_CNA_cluster_0016","ALL_CNA","HETDEL",TRUE,"CNA_event_000004","PARNXJ",0.822055137844611,"low_resolution_75_90pct",1,FALSE,"10","10","ENSE00003530344"
"ALL_CNA_cluster_0016","ALL_CNA","HETDEL",TRUE,"CNA_event_000008","PARWNW",0.654135338345865,"moderate_resolution_50_75pct",1,FALSE,"10","10","ENSE00003530344"
"ALL_CNA_cluster_0016","ALL_CNA","HETDEL",TRUE,"CNA_event_000010","PARXPZ",0.822055137844611,"low_resolution_75_90pct",1,FALSE,"10","10","ENSE00003530344"
"ALL_CNA_cluster_0016","ALL_CNA","HETDEL",TRUE,"CNA_event_000019","PASKAD",0.654135338345865,"moderate_resolution_50_75pct",1,FALSE,"10","10","ENSE00003530344"
"ALL_CNA_cluster_0016","ALL_CNA","HETDEL",TRUE,"CNA_event_000021","PASKWG",0.654135338345865,"moderate_resolution_50_75pct",1,FALSE,"10","10","ENSE00003530344"
"ALL_CNA_cluster_0016","ALL_CNA","HETDEL",TRUE,"CNA_event_000026","PASPNW",0.822055137844611,"low_resolution_75_90pct",1,FALSE,"10","10","ENSE00003530344"
"ALL_CNA_cluster_0016","ALL_CNA","HETDEL",TRUE,"CNA_event_000034","PASUSV",0.822055137844611,"low_resolution_75_90pct",1,FALSE,"10","10","ENSE00003530344"
"ALL_CNA_cluster_0016","ALL_CNA","HETDEL",TRUE,"CNA_event_000042","PASYWF",0.654135338345865,"moderate_resolution_50_75pct",1,FALSE,"10","10","ENSE00003530344"
"ALL_CNA_cluster_0016","ALL_CNA","HETDEL",TRUE,"CNA_event_000050","PATHFE",0.822055137844611,"low_resolution_75_90pct",1,FALSE,"10","10","ENSE00003530344"
"ALL_CNA_cluster_0016","ALL_CNA","HETDEL",TRUE,"CNA_event_000070","PAUCDC",0.822055137844611,"low_resolution_75_90pct",1,FALSE,"10","10","ENSE00003530344"
"ALL_CNA_cluster_0016","ALL_CNA","HETDEL",TRUE,"CNA_event_000079","PAUIEM",0.654135338345865,"moderate_resolution_50_75pct",1,FALSE,"10","10","ENSE00003530344"
"ALL_CNA_cluster_0016","ALL_CNA","HETDEL",TRUE,"CNA_event_000091","PAUSIS",0.822055137844611,"low_resolution_75_90pct",1,FALSE,"10","10","ENSE00003530344"
"ALL_CNA_cluster_0016","ALL_CNA","HETDEL",TRUE,"CNA_event_000097","PAUWXI",0.822055137844611,"low_resolution_75_90pct",1,FALSE,"10","10","ENSE00003530344"
"ALL_CNA_cluster_0016","ALL_CNA","HETDEL",TRUE,"CNA_event_000136","PAWDWJ",0.822055137844611,"low_resolution_75_90pct",1,FALSE,"10","10","ENSE00003530344"
"ALL_CNA_cluster_0016","ALL_CNA","HETDEL",TRUE,"CNA_event_000140","PAWETD",0.822055137844611,"low_resolution_75_90pct",1,FALSE,"10","10","ENSE00003530344"
"ALL_CNA_cluster_0017","ALL_CNA","HETDEL",TRUE,"CNA_event_000004","PARNXJ",0.822055137844611,"low_resolution_75_90pct",1,FALSE,"11","11","ENSE00003510092"
"ALL_CNA_cluster_0017","ALL_CNA","HETDEL",TRUE,"CNA_event_000008","PARWNW",0.654135338345865,"moderate_resolution_50_75pct",1,FALSE,"11","11","ENSE00003510092"
"ALL_CNA_cluster_0017","ALL_CNA","HETDEL",TRUE,"CNA_event_000010","PARXPZ",0.822055137844611,"low_resolution_75_90pct",1,FALSE,"11","11","ENSE00003510092"
"ALL_CNA_cluster_0017","ALL_CNA","HETDEL",TRUE,"CNA_event_000019","PASKAD",0.654135338345865,"moderate_resolution_50_75pct",1,FALSE,"11","11","ENSE00003510092"
"ALL_CNA_cluster_0017","ALL_CNA","HETDEL",TRUE,"CNA_event_000021","PASKWG",0.654135338345865,"moderate_resolution_50_75pct",1,FALSE,"11","11","ENSE00003510092"
"ALL_CNA_cluster_0017","ALL_CNA","HETDEL",TRUE,"CNA_event_000026","PASPNW",0.822055137844611,"low_resolution_75_90pct",1,FALSE,"11","11","ENSE00003510092"
"ALL_CNA_cluster_0017","ALL_CNA","HETDEL",TRUE,"CNA_event_000034","PASUSV",0.822055137844611,"low_resolution_75_90pct",1,FALSE,"11","11","ENSE00003510092"
"ALL_CNA_cluster_0017","ALL_CNA","HETDEL",TRUE,"CNA_event_000042","PASYWF",0.654135338345865,"moderate_resolution_50_75pct",1,FALSE,"11","11","ENSE00003510092"
"ALL_CNA_cluster_0017","ALL_CNA","HETDEL",TRUE,"CNA_event_000050","PATHFE",0.822055137844611,"low_resolution_75_90pct",1,FALSE,"11","11","ENSE00003510092"
"ALL_CNA_cluster_0017","ALL_CNA","HETDEL",TRUE,"CNA_event_000070","PAUCDC",0.822055137844611,"low_resolution_75_90pct",1,FALSE,"11","11","ENSE00003510092"
"ALL_CNA_cluster_0017","ALL_CNA","HETDEL",TRUE,"CNA_event_000079","PAUIEM",0.654135338345865,"moderate_resolution_50_75pct",1,FALSE,"11","11","ENSE00003510092"
"ALL_CNA_cluster_0017","ALL_CNA","HETDEL",TRUE,"CNA_event_000091","PAUSIS",0.822055137844611,"low_resolution_75_90pct",1,FALSE,"11","11","ENSE00003510092"
"ALL_CNA_cluster_0017","ALL_CNA","HETDEL",TRUE,"CNA_event_000097","PAUWXI",0.822055137844611,"low_resolution_75_90pct",1,FALSE,"11","11","ENSE00003510092"
"ALL_CNA_cluster_0017","ALL_CNA","HETDEL",TRUE,"CNA_event_000136","PAWDWJ",0.822055137844611,"low_resolution_75_90pct",1,FALSE,"11","11","ENSE00003510092"
"ALL_CNA_cluster_0017","ALL_CNA","HETDEL",TRUE,"CNA_event_000140","PAWETD",0.822055137844611,"low_resolution_75_90pct",1,FALSE,"11","11","ENSE00003510092"
"ALL_CNA_cluster_0018","ALL_CNA","HETDEL",TRUE,"CNA_event_000001","PARFLD",0.167919799498747,"high_resolution_le_50pct",1,FALSE,"2","2","ENSE00003638064"
"ALL_CNA_cluster_0018","ALL_CNA","HETDEL",TRUE,"CNA_event_000002","PARJAY",0.167919799498747,"high_resolution_le_50pct",1,FALSE,"2","2","ENSE00003638064"
"ALL_CNA_cluster_0018","ALL_CNA","HETDEL",TRUE,"CNA_event_000003","PARJPL",0.167919799498747,"high_resolution_le_50pct",1,FALSE,"2","2","ENSE00003638064"
"ALL_CNA_cluster_0018","ALL_CNA","HETDEL",TRUE,"CNA_event_000004","PARNXJ",0.822055137844611,"low_resolution_75_90pct",1,FALSE,"2","2","ENSE00003638064"
"ALL_CNA_cluster_0018","ALL_CNA","HETDEL",TRUE,"CNA_event_000005","PARPET",0.167919799498747,"high_resolution_le_50pct",1,FALSE,"2","2","ENSE00003638064"
"ALL_CNA_cluster_0018","ALL_CNA","HOMDEL",TRUE,"CNA_event_000150","PARSLA",0.167919799498747,"high_resolution_le_50pct",1,FALSE,"2","2","ENSE00003638064"
"ALL_CNA_cluster_0018","ALL_CNA","HETDEL",TRUE,"CNA_event_000007","PARSNX",0.289891395154553,"high_resolution_le_50pct",1,FALSE,"2","2","ENSE00003638064"
"ALL_CNA_cluster_0018","ALL_CNA","HOMDEL",TRUE,"CNA_event_000151","PARWNW",0.167919799498747,"high_resolution_le_50pct",1,FALSE,"2","2","ENSE00003638064"
"ALL_CNA_cluster_0018","ALL_CNA","HETDEL",TRUE,"CNA_event_000009","PARXDJ",0.167919799498747,"high_resolution_le_50pct",1,FALSE,"2","2","ENSE00003638064"
"ALL_CNA_cluster_0018","ALL_CNA","HETDEL",TRUE,"CNA_event_000010","PARXPZ",0.822055137844611,"low_resolution_75_90pct",1,FALSE,"2","2","ENSE00003638064"
"ALL_CNA_cluster_0018","ALL_CNA","HETDEL",TRUE,"CNA_event_000011","PASGDZ",0.167919799498747,"high_resolution_le_50pct",1,FALSE,"2","2","ENSE00003638064"
"ALL_CNA_cluster_0018","ALL_CNA","HETDEL",TRUE,"CNA_event_000012","PASGUH",0.167919799498747,"high_resolution_le_50pct",1,FALSE,"2","2","ENSE00003638064"
"ALL_CNA_cluster_0018","ALL_CNA","HOMDEL",TRUE,"CNA_event_000152","PASILW",0.167919799498747,"high_resolution_le_50pct",1,FALSE,"2","2","ENSE00003638064"
"ALL_CNA_cluster_0018","ALL_CNA","HETDEL",TRUE,"CNA_event_000015","PASINX",0.345864661654135,"high_resolution_le_50pct",1,FALSE,"2","2","ENSE00003638064"
"ALL_CNA_cluster_0018","ALL_CNA","HETDEL",TRUE,"CNA_event_000017","PASIPN",0.0559732664995823,"high_resolution_le_50pct",1,FALSE,"2","2","ENSE00003638064"
"ALL_CNA_cluster_0018","ALL_CNA","HETDEL",TRUE,"CNA_event_000018","PASJGV",0.167919799498747,"high_resolution_le_50pct",1,FALSE,"2","2","ENSE00003638064"
"ALL_CNA_cluster_0018","ALL_CNA","HOMDEL",TRUE,"CNA_event_000153","PASKAD",0.167919799498747,"high_resolution_le_50pct",1,FALSE,"2","2","ENSE00003638064"
"ALL_CNA_cluster_0018","ALL_CNA","HOMDEL",TRUE,"CNA_event_000154","PASKLU",0.167919799498747,"high_resolution_le_50pct",1,FALSE,"2","2","ENSE00003638064"
"ALL_CNA_cluster_0018","ALL_CNA","HOMDEL",TRUE,"CNA_event_000155","PASKWG",0.167919799498747,"high_resolution_le_50pct",1,FALSE,"2","2","ENSE00003638064"
"ALL_CNA_cluster_0018","ALL_CNA","HETDEL",TRUE,"CNA_event_000022","PASKXA",0.167919799498747,"high_resolution_le_50pct",1,FALSE,"2","2","ENSE00003638064"
"ALL_CNA_cluster_0018","ALL_CNA","HETDEL",TRUE,"CNA_event_000023","PASLXY",0.345864661654135,"high_resolution_le_50pct",1,FALSE,"2","2","ENSE00003638064"
"ALL_CNA_cluster_0018","ALL_CNA","HETDEL",TRUE,"CNA_event_000024","PASPDS",0.355054302422723,"high_resolution_le_50pct",1,FALSE,"2","2","ENSE00003638064"
"ALL_CNA_cluster_0018","ALL_CNA","HETDEL",TRUE,"CNA_event_000025","PASPLG",0.425229741019215,"high_resolution_le_50pct",1,FALSE,"2","2","ENSE00003638064"
"ALL_CNA_cluster_0018","ALL_CNA","HETDEL",TRUE,"CNA_event_000026","PASPNW",0.822055137844611,"low_resolution_75_90pct",1,FALSE,"2","2","ENSE00003638064"
"ALL_CNA_cluster_0018","ALL_CNA","HETDEL",TRUE,"CNA_event_000027","PASRAF",0.167919799498747,"high_resolution_le_50pct",1,FALSE,"2","2","ENSE00003638064"
"ALL_CNA_cluster_0018","ALL_CNA","HETDEL",TRUE,"CNA_event_000028","PASRMM",0.345864661654135,"high_resolution_le_50pct",1,FALSE,"2","2","ENSE00003638064"
"ALL_CNA_cluster_0018","ALL_CNA","HOMDEL",TRUE,"CNA_event_000156","PASRPV",0.345864661654135,"high_resolution_le_50pct",1,FALSE,"2","2","ENSE00003638064"
"ALL_CNA_cluster_0018","ALL_CNA","HETDEL",TRUE,"CNA_event_000030","PASRSE",0.167919799498747,"high_resolution_le_50pct",1,FALSE,"2","2","ENSE00003638064"
"ALL_CNA_cluster_0018","ALL_CNA","HETDEL",TRUE,"CNA_event_000031","PASRUK",0.167919799498747,"high_resolution_le_50pct",1,FALSE,"2","2","ENSE00003638064"
"ALL_CNA_cluster_0018","ALL_CNA","HETDEL",TRUE,"CNA_event_000032","PASTCH",0.456975772765246,"high_resolution_le_50pct",1,FALSE,"2","2","ENSE00003638064"
"ALL_CNA_cluster_0018","ALL_CNA","HETDEL",TRUE,"CNA_event_000033","PASTHE",0.425229741019215,"high_resolution_le_50pct",1,FALSE,"2","2","ENSE00003638064"
"ALL_CNA_cluster_0018","ALL_CNA","HETDEL",TRUE,"CNA_event_000034","PASUSV",0.822055137844611,"low_resolution_75_90pct",1,FALSE,"2","2","ENSE00003638064"
"ALL_CNA_cluster_0018","ALL_CNA","HETDEL",TRUE,"CNA_event_000035","PASVWH",0.167919799498747,"high_resolution_le_50pct",1,FALSE,"2","2","ENSE00003638064"
"ALL_CNA_cluster_0018","ALL_CNA","HETDEL",TRUE,"CNA_event_000036","PASVZJ",0.167919799498747,"high_resolution_le_50pct",1,FALSE,"2","2","ENSE00003638064"
"ALL_CNA_cluster_0018","ALL_CNA","HETDEL",TRUE,"CNA_event_000037","PASWXB",0.167919799498747,"high_resolution_le_50pct",1,FALSE,"2","2","ENSE00003638064"
"ALL_CNA_cluster_0018","ALL_CNA","HOMDEL",TRUE,"CNA_event_000157","PASWYU",0.167919799498747,"high_resolution_le_50pct",1,FALSE,"2","2","ENSE00003638064"
"ALL_CNA_cluster_0018","ALL_CNA","HETDEL",TRUE,"CNA_event_000040","PASYSJ",0.167919799498747,"high_resolution_le_50pct",1,FALSE,"2","2","ENSE00003638064"
"ALL_CNA_cluster_0018","ALL_CNA","HETDEL",TRUE,"CNA_event_000041","PASYVU",0.167919799498747,"high_resolution_le_50pct",1,FALSE,"2","2","ENSE00003638064"
"ALL_CNA_cluster_0018","ALL_CNA","HOMDEL",TRUE,"CNA_event_000158","PASYWF",0.167919799498747,"high_resolution_le_50pct",1,FALSE,"2","2","ENSE00003638064"
"ALL_CNA_cluster_0018","ALL_CNA","HETDEL",TRUE,"CNA_event_000043","PASZAY",0.167919799498747,"high_resolution_le_50pct",1,FALSE,"2","2","ENSE00003638064"
"ALL_CNA_cluster_0018","ALL_CNA","HETDEL",TRUE,"CNA_event_000044","PATALF",0.425229741019215,"high_resolution_le_50pct",1,FALSE,"2","2","ENSE00003638064"
"ALL_CNA_cluster_0018","ALL_CNA","HETDEL",TRUE,"CNA_event_000045","PATBTX",0.167919799498747,"high_resolution_le_50pct",1,FALSE,"2","2","ENSE00003638064"
"ALL_CNA_cluster_0018","ALL_CNA","HOMDEL",TRUE,"CNA_event_000159","PATCTR",0.345864661654135,"high_resolution_le_50pct",1,FALSE,"2","2","ENSE00003638064"
"ALL_CNA_cluster_0018","ALL_CNA","HETDEL",TRUE,"CNA_event_000047","PATDTN",0.167919799498747,"high_resolution_le_50pct",1,FALSE,"2","2","ENSE00003638064"
"ALL_CNA_cluster_0018","ALL_CNA","HETDEL",TRUE,"CNA_event_000048","PATFPU",0.167919799498747,"high_resolution_le_50pct",1,FALSE,"2","2","ENSE00003638064"
"ALL_CNA_cluster_0018","ALL_CNA","HOMDEL",TRUE,"CNA_event_000160","PATGBY",0.167919799498747,"high_resolution_le_50pct",1,FALSE,"2","2","ENSE00003638064"
"ALL_CNA_cluster_0018","ALL_CNA","HETDEL",TRUE,"CNA_event_000050","PATHFE",0.822055137844611,"low_resolution_75_90pct",1,FALSE,"2","2","ENSE00003638064"
"ALL_CNA_cluster_0018","ALL_CNA","HETDEL",TRUE,"CNA_event_000052","PATJLY",0.355054302422723,"high_resolution_le_50pct",1,FALSE,"2","2","ENSE00003638064"
"ALL_CNA_cluster_0018","ALL_CNA","HOMDEL",TRUE,"CNA_event_000161","PATJRX",0.167919799498747,"high_resolution_le_50pct",1,FALSE,"2","2","ENSE00003638064"
"ALL_CNA_cluster_0018","ALL_CNA","HOMDEL",TRUE,"CNA_event_000162","PATKVD",0.167919799498747,"high_resolution_le_50pct",1,FALSE,"2","2","ENSE00003638064"
"ALL_CNA_cluster_0018","ALL_CNA","HETDEL",TRUE,"CNA_event_000054","PATKZH",0.345864661654135,"high_resolution_le_50pct",1,FALSE,"2","2","ENSE00003638064"
"ALL_CNA_cluster_0018","ALL_CNA","HETDEL",TRUE,"CNA_event_000055","PATLLH",0.425229741019215,"high_resolution_le_50pct",1,FALSE,"2","2","ENSE00003638064"
"ALL_CNA_cluster_0018","ALL_CNA","HETDEL",TRUE,"CNA_event_000056","PATNAM",0.233918128654971,"high_resolution_le_50pct",1,FALSE,"2","2","ENSE00003638064"
"ALL_CNA_cluster_0018","ALL_CNA","HETDEL",TRUE,"CNA_event_000057","PATPDA",0.664160401002506,"moderate_resolution_50_75pct",1,FALSE,"2","2","ENSE00003638064"
"ALL_CNA_cluster_0018","ALL_CNA","HETDEL",TRUE,"CNA_event_000058","PATRAB",0.167919799498747,"high_resolution_le_50pct",1,FALSE,"2","2","ENSE00003638064"
"ALL_CNA_cluster_0018","ALL_CNA","HETDEL",TRUE,"CNA_event_000060","PATSPG",0.345864661654135,"high_resolution_le_50pct",1,FALSE,"2","2","ENSE00003638064"
"ALL_CNA_cluster_0018","ALL_CNA","HETDEL",TRUE,"CNA_event_000061","PATWJU",0.167919799498747,"high_resolution_le_50pct",1,FALSE,"2","2","ENSE00003638064"
"ALL_CNA_cluster_0018","ALL_CNA","HOMDEL",TRUE,"CNA_event_000163","PATYWV",0.167919799498747,"high_resolution_le_50pct",1,FALSE,"2","2","ENSE00003638064"
"ALL_CNA_cluster_0018","ALL_CNA","HETDEL",TRUE,"CNA_event_000063","PATZST",0.167919799498747,"high_resolution_le_50pct",1,FALSE,"2","2","ENSE00003638064"
"ALL_CNA_cluster_0018","ALL_CNA","HETDEL",TRUE,"CNA_event_000064","PATZYR",0.167919799498747,"high_resolution_le_50pct",1,FALSE,"2","2","ENSE00003638064"
"ALL_CNA_cluster_0018","ALL_CNA","HETDEL",TRUE,"CNA_event_000065","PAUAKN",0.167919799498747,"high_resolution_le_50pct",1,FALSE,"2","2","ENSE00003638064"
"ALL_CNA_cluster_0018","ALL_CNA","HETDEL",TRUE,"CNA_event_000066","PAUAZV",0.167919799498747,"high_resolution_le_50pct",1,FALSE,"2","2","ENSE00003638064"
"ALL_CNA_cluster_0018","ALL_CNA","HETDEL",TRUE,"CNA_event_000067","PAUBCT",0.167919799498747,"high_resolution_le_50pct",1,FALSE,"2","2","ENSE00003638064"
"ALL_CNA_cluster_0018","ALL_CNA","HOMDEL",TRUE,"CNA_event_000164","PAUBTC",0.167919799498747,"high_resolution_le_50pct",1,FALSE,"2","2","ENSE00003638064"
"ALL_CNA_cluster_0018","ALL_CNA","HETDEL",TRUE,"CNA_event_000070","PAUCDC",0.822055137844611,"low_resolution_75_90pct",1,FALSE,"2","2","ENSE00003638064"
"ALL_CNA_cluster_0018","ALL_CNA","HETDEL",TRUE,"CNA_event_000071","PAUEDT",0.167919799498747,"high_resolution_le_50pct",1,FALSE,"2","2","ENSE00003638064"
"ALL_CNA_cluster_0018","ALL_CNA","HOMDEL",TRUE,"CNA_event_000165","PAUEUC",0.167919799498747,"high_resolution_le_50pct",1,FALSE,"2","2","ENSE00003638064"
"ALL_CNA_cluster_0018","ALL_CNA","HETDEL",TRUE,"CNA_event_000074","PAUEVJ",0.167919799498747,"high_resolution_le_50pct",1,FALSE,"2","2","ENSE00003638064"
"ALL_CNA_cluster_0018","ALL_CNA","HETDEL",TRUE,"CNA_event_000075","PAUEXN",0.206349206349206,"high_resolution_le_50pct",1,FALSE,"2","2","ENSE00003638064"
"ALL_CNA_cluster_0018","ALL_CNA","HETDEL",TRUE,"CNA_event_000077","PAUGDT",0.167919799498747,"high_resolution_le_50pct",1,FALSE,"2","2","ENSE00003638064"
"ALL_CNA_cluster_0018","ALL_CNA","HETDEL",TRUE,"CNA_event_000078","PAUGLY",0.345864661654135,"high_resolution_le_50pct",1,FALSE,"2","2","ENSE00003638064"
"ALL_CNA_cluster_0018","ALL_CNA","HOMDEL",TRUE,"CNA_event_000166","PAUIEM",0.167919799498747,"high_resolution_le_50pct",1,FALSE,"2","2","ENSE00003638064"
"ALL_CNA_cluster_0018","ALL_CNA","HETDEL",TRUE,"CNA_event_000080","PAUIFA",0.167919799498747,"high_resolution_le_50pct",1,FALSE,"2","2","ENSE00003638064"
"ALL_CNA_cluster_0018","ALL_CNA","HETDEL",TRUE,"CNA_event_000081","PAUJVL",0.345864661654135,"high_resolution_le_50pct",1,FALSE,"2","2","ENSE00003638064"
"ALL_CNA_cluster_0018","ALL_CNA","HETDEL",TRUE,"CNA_event_000084","PAULCK",0.167919799498747,"high_resolution_le_50pct",1,FALSE,"2","2","ENSE00003638064"
"ALL_CNA_cluster_0018","ALL_CNA","HOMDEL",TRUE,"CNA_event_000167","PAULGX",0.603174603174603,"moderate_resolution_50_75pct",1,FALSE,"2","2","ENSE00003638064"
"ALL_CNA_cluster_0018","ALL_CNA","HOMDEL",TRUE,"CNA_event_000168","PAUMIB",0.345864661654135,"high_resolution_le_50pct",1,FALSE,"2","2","ENSE00003638064"
"ALL_CNA_cluster_0018","ALL_CNA","HETDEL",TRUE,"CNA_event_000087","PAUMLX",0.345864661654135,"high_resolution_le_50pct",1,FALSE,"2","2","ENSE00003638064"
"ALL_CNA_cluster_0018","ALL_CNA","HETDEL",TRUE,"CNA_event_000088","PAUMXB",0.345864661654135,"high_resolution_le_50pct",1,FALSE,"2","2","ENSE00003638064"
"ALL_CNA_cluster_0018","ALL_CNA","HETDEL",TRUE,"CNA_event_000089","PAUPUW",0.167919799498747,"high_resolution_le_50pct",1,FALSE,"2","2","ENSE00003638064"
"ALL_CNA_cluster_0018","ALL_CNA","HETDEL",TRUE,"CNA_event_000090","PAURLU",0.167919799498747,"high_resolution_le_50pct",1,FALSE,"2","2","ENSE00003638064"
"ALL_CNA_cluster_0018","ALL_CNA","HETDEL",TRUE,"CNA_event_000091","PAUSIS",0.822055137844611,"low_resolution_75_90pct",1,FALSE,"2","2","ENSE00003638064"
"ALL_CNA_cluster_0018","ALL_CNA","HETDEL",TRUE,"CNA_event_000092","PAUTBB",0.167919799498747,"high_resolution_le_50pct",1,FALSE,"2","2","ENSE00003638064"
"ALL_CNA_cluster_0018","ALL_CNA","HETDEL",TRUE,"CNA_event_000093","PAUTUL",0.664160401002506,"moderate_resolution_50_75pct",1,FALSE,"2","2","ENSE00003638064"
"ALL_CNA_cluster_0018","ALL_CNA","HETDEL",TRUE,"CNA_event_000094","PAUUAL",0.167919799498747,"high_resolution_le_50pct",1,FALSE,"2","2","ENSE00003638064"
"ALL_CNA_cluster_0018","ALL_CNA","HOMDEL",TRUE,"CNA_event_000169","PAUUBG",0.167919799498747,"high_resolution_le_50pct",1,FALSE,"2","2","ENSE00003638064"
"ALL_CNA_cluster_0018","ALL_CNA","HETDEL",TRUE,"CNA_event_000095","PAUUIK",0.167919799498747,"high_resolution_le_50pct",1,FALSE,"2","2","ENSE00003638064"
"ALL_CNA_cluster_0018","ALL_CNA","HETDEL",TRUE,"CNA_event_000096","PAUWMZ",0.167919799498747,"high_resolution_le_50pct",1,FALSE,"2","2","ENSE00003638064"
"ALL_CNA_cluster_0018","ALL_CNA","HETDEL",TRUE,"CNA_event_000097","PAUWXI",0.822055137844611,"low_resolution_75_90pct",1,FALSE,"2","2","ENSE00003638064"
"ALL_CNA_cluster_0018","ALL_CNA","HETDEL",TRUE,"CNA_event_000098","PAUXCW",0.167919799498747,"high_resolution_le_50pct",1,FALSE,"2","2","ENSE00003638064"
"ALL_CNA_cluster_0018","ALL_CNA","HETDEL",TRUE,"CNA_event_000099","PAUXKE",0.167919799498747,"high_resolution_le_50pct",1,FALSE,"2","2","ENSE00003638064"
"ALL_CNA_cluster_0018","ALL_CNA","HETDEL",TRUE,"CNA_event_000100","PAUXRM",0.279030910609858,"high_resolution_le_50pct",1,FALSE,"2","2","ENSE00003638064"
"ALL_CNA_cluster_0018","ALL_CNA","HETDEL",TRUE,"CNA_event_000101","PAUXYI",0.355054302422723,"high_resolution_le_50pct",1,FALSE,"2","2","ENSE00003638064"
"ALL_CNA_cluster_0018","ALL_CNA","HETDEL",TRUE,"CNA_event_000102","PAUYJF",0.425229741019215,"high_resolution_le_50pct",1,FALSE,"2","2","ENSE00003638064"
"ALL_CNA_cluster_0018","ALL_CNA","HOMDEL",TRUE,"CNA_event_000170","PAVBFC",0.167919799498747,"high_resolution_le_50pct",1,FALSE,"2","2","ENSE00003638064"
"ALL_CNA_cluster_0018","ALL_CNA","HETDEL",TRUE,"CNA_event_000104","PAVCRK",0.167919799498747,"high_resolution_le_50pct",1,FALSE,"2","2","ENSE00003638064"
"ALL_CNA_cluster_0018","ALL_CNA","HOMDEL",TRUE,"CNA_event_000171","PAVESF",0.167919799498747,"high_resolution_le_50pct",1,FALSE,"2","2","ENSE00003638064"
"ALL_CNA_cluster_0018","ALL_CNA","HETDEL",TRUE,"CNA_event_000105","PAVFAX",0.167919799498747,"high_resolution_le_50pct",1,FALSE,"2","2","ENSE00003638064"
"ALL_CNA_cluster_0018","ALL_CNA","HETDEL",TRUE,"CNA_event_000106","PAVHAA",0.167919799498747,"high_resolution_le_50pct",1,FALSE,"2","2","ENSE00003638064"
"ALL_CNA_cluster_0018","ALL_CNA","HETDEL",TRUE,"CNA_event_000107","PAVHBL",0.167919799498747,"high_resolution_le_50pct",1,FALSE,"2","2","ENSE00003638064"
"ALL_CNA_cluster_0018","ALL_CNA","HETDEL",TRUE,"CNA_event_000108","PAVHGX",0.167919799498747,"high_resolution_le_50pct",1,FALSE,"2","2","ENSE00003638064"
"ALL_CNA_cluster_0018","ALL_CNA","HOMDEL",TRUE,"CNA_event_000172","PAVKCV",0.167919799498747,"high_resolution_le_50pct",1,FALSE,"2","2","ENSE00003638064"
"ALL_CNA_cluster_0018","ALL_CNA","HETDEL",TRUE,"CNA_event_000112","PAVKPV",0.167919799498747,"high_resolution_le_50pct",1,FALSE,"2","2","ENSE00003638064"
"ALL_CNA_cluster_0018","ALL_CNA","HOMDEL",TRUE,"CNA_event_000173","PAVKWV",0.167919799498747,"high_resolution_le_50pct",1,FALSE,"2","2","ENSE00003638064"
"ALL_CNA_cluster_0018","ALL_CNA","HETDEL",TRUE,"CNA_event_000114","PAVLLU",0.167919799498747,"high_resolution_le_50pct",1,FALSE,"2","2","ENSE00003638064"
"ALL_CNA_cluster_0018","ALL_CNA","HOMDEL",TRUE,"CNA_event_000174","PAVLMY",0.167919799498747,"high_resolution_le_50pct",1,FALSE,"2","2","ENSE00003638064"
"ALL_CNA_cluster_0018","ALL_CNA","HETDEL",TRUE,"CNA_event_000115","PAVMKN",0.167919799498747,"high_resolution_le_50pct",1,FALSE,"2","2","ENSE00003638064"
"ALL_CNA_cluster_0018","ALL_CNA","HETDEL",TRUE,"CNA_event_000116","PAVMPT",0.279030910609858,"high_resolution_le_50pct",1,FALSE,"2","2","ENSE00003638064"
"ALL_CNA_cluster_0018","ALL_CNA","HETDEL",TRUE,"CNA_event_000117","PAVNGZ",0.167919799498747,"high_resolution_le_50pct",1,FALSE,"2","2","ENSE00003638064"
"ALL_CNA_cluster_0018","ALL_CNA","HETDEL",TRUE,"CNA_event_000119","PAVNTB",0.167919799498747,"high_resolution_le_50pct",1,FALSE,"2","2","ENSE00003638064"
"ALL_CNA_cluster_0018","ALL_CNA","HETDEL",TRUE,"CNA_event_000120","PAVPCB",0.206349206349206,"high_resolution_le_50pct",1,FALSE,"2","2","ENSE00003638064"
"ALL_CNA_cluster_0018","ALL_CNA","HETDEL",TRUE,"CNA_event_000121","PAVRXK",0.932330827067669,"very_low_resolution_90_lt_100pct",1,FALSE,"2","2","ENSE00003638064"
"ALL_CNA_cluster_0018","ALL_CNA","HOMDEL",TRUE,"CNA_event_000175","PAVVBE",0.754385964912281,"low_resolution_75_90pct",1,FALSE,"2","2","ENSE00003638064"
"ALL_CNA_cluster_0018","ALL_CNA","HOMDEL",TRUE,"CNA_event_000176","PAVVDS",0.167919799498747,"high_resolution_le_50pct",1,FALSE,"2","2","ENSE00003638064"
"ALL_CNA_cluster_0018","ALL_CNA","HETDEL",TRUE,"CNA_event_000124","PAVWDF",0.167919799498747,"high_resolution_le_50pct",1,FALSE,"2","2","ENSE00003638064"
"ALL_CNA_cluster_0018","ALL_CNA","HETDEL",TRUE,"CNA_event_000125","PAVWNL",0.345864661654135,"high_resolution_le_50pct",1,FALSE,"2","2","ENSE00003638064"
"ALL_CNA_cluster_0018","ALL_CNA","HOMDEL",TRUE,"CNA_event_000177","PAVYAZ",0.167919799498747,"high_resolution_le_50pct",1,FALSE,"2","2","ENSE00003638064"
"ALL_CNA_cluster_0018","ALL_CNA","HOMDEL",TRUE,"CNA_event_000178","PAVYGR",0.167919799498747,"high_resolution_le_50pct",1,FALSE,"2","2","ENSE00003638064"
"ALL_CNA_cluster_0018","ALL_CNA","HETDEL",TRUE,"CNA_event_000129","PAVYTZ",0.167919799498747,"high_resolution_le_50pct",1,FALSE,"2","2","ENSE00003638064"
"ALL_CNA_cluster_0018","ALL_CNA","HETDEL",TRUE,"CNA_event_000130","PAVZCF",0.425229741019215,"high_resolution_le_50pct",1,FALSE,"2","2","ENSE00003638064"
"ALL_CNA_cluster_0018","ALL_CNA","HETDEL",TRUE,"CNA_event_000131","PAWAIM",0.167919799498747,"high_resolution_le_50pct",1,FALSE,"2","2","ENSE00003638064"
"ALL_CNA_cluster_0018","ALL_CNA","HETDEL",TRUE,"CNA_event_000132","PAWAIN",0.167919799498747,"high_resolution_le_50pct",1,FALSE,"2","2","ENSE00003638064"
"ALL_CNA_cluster_0018","ALL_CNA","HETDEL",TRUE,"CNA_event_000133","PAWAKA",0.167919799498747,"high_resolution_le_50pct",1,FALSE,"2","2","ENSE00003638064"
"ALL_CNA_cluster_0018","ALL_CNA","HETDEL",TRUE,"CNA_event_000134","PAWDEK",0.167919799498747,"high_resolution_le_50pct",1,FALSE,"2","2","ENSE00003638064"
"ALL_CNA_cluster_0018","ALL_CNA","HETDEL",TRUE,"CNA_event_000135","PAWDMI",0.167919799498747,"high_resolution_le_50pct",1,FALSE,"2","2","ENSE00003638064"
"ALL_CNA_cluster_0018","ALL_CNA","HETDEL",TRUE,"CNA_event_000136","PAWDWJ",0.822055137844611,"low_resolution_75_90pct",1,FALSE,"2","2","ENSE00003638064"
"ALL_CNA_cluster_0018","ALL_CNA","HETDEL",TRUE,"CNA_event_000137","PAWEEC",0.167919799498747,"high_resolution_le_50pct",1,FALSE,"2","2","ENSE00003638064"
"ALL_CNA_cluster_0018","ALL_CNA","HETDEL",TRUE,"CNA_event_000139","PAWESJ",0.345864661654135,"high_resolution_le_50pct",1,FALSE,"2","2","ENSE00003638064"
"ALL_CNA_cluster_0018","ALL_CNA","HETDEL",TRUE,"CNA_event_000140","PAWETD",0.822055137844611,"low_resolution_75_90pct",1,FALSE,"2","2","ENSE00003638064"
"ALL_CNA_cluster_0018","ALL_CNA","HETDEL",TRUE,"CNA_event_000141","PAWFNJ",0.345864661654135,"high_resolution_le_50pct",1,FALSE,"2","2","ENSE00003638064"
"ALL_CNA_cluster_0018","ALL_CNA","HETDEL",TRUE,"CNA_event_000142","PAWFWF",0.345864661654135,"high_resolution_le_50pct",1,FALSE,"2","2","ENSE00003638064"
"ALL_CNA_cluster_0018","ALL_CNA","HETDEL",TRUE,"CNA_event_000143","PAWGCK",0.167919799498747,"high_resolution_le_50pct",1,FALSE,"2","2","ENSE00003638064"
"ALL_CNA_cluster_0018","ALL_CNA","HETDEL",TRUE,"CNA_event_000144","PAWGIT",0.167919799498747,"high_resolution_le_50pct",1,FALSE,"2","2","ENSE00003638064"
"ALL_CNA_cluster_0018","ALL_CNA","HETDEL",TRUE,"CNA_event_000146","PAWGZM",0.167919799498747,"high_resolution_le_50pct",1,FALSE,"2","2","ENSE00003638064"
"ALL_CNA_cluster_0018","ALL_CNA","HETDEL",TRUE,"CNA_event_000147","PAWIWS",0.355054302422723,"high_resolution_le_50pct",1,FALSE,"2","2","ENSE00003638064"
"ALL_CNA_cluster_0018","ALL_CNA","HETDEL",TRUE,"CNA_event_000148","PAWJKX",0.167919799498747,"high_resolution_le_50pct",1,FALSE,"2","2","ENSE00003638064"
"ALL_CNA_cluster_0018","ALL_CNA","HETDEL",TRUE,"CNA_event_000149","PAWJYN",0.345864661654135,"high_resolution_le_50pct",1,FALSE,"2","2","ENSE00003638064"
"ALL_CNA_cluster_0018","ALL_CNA","HOMDEL",TRUE,"CNA_event_000179","PAWKAN",0.167919799498747,"high_resolution_le_50pct",1,FALSE,"2","2","ENSE00003638064"
"ALL_CNA_cluster_0019","ALL_CNA","HETDEL",TRUE,"CNA_event_000001","PARFLD",0.167919799498747,"high_resolution_le_50pct",1,FALSE,"3","3","ENSE00003515141"
"ALL_CNA_cluster_0019","ALL_CNA","HETDEL",TRUE,"CNA_event_000002","PARJAY",0.167919799498747,"high_resolution_le_50pct",1,FALSE,"3","3","ENSE00003515141"
"ALL_CNA_cluster_0019","ALL_CNA","HETDEL",TRUE,"CNA_event_000003","PARJPL",0.167919799498747,"high_resolution_le_50pct",1,FALSE,"3","3","ENSE00003515141"
"ALL_CNA_cluster_0019","ALL_CNA","HETDEL",TRUE,"CNA_event_000004","PARNXJ",0.822055137844611,"low_resolution_75_90pct",1,FALSE,"3","3","ENSE00003515141"
"ALL_CNA_cluster_0019","ALL_CNA","HETDEL",TRUE,"CNA_event_000005","PARPET",0.167919799498747,"high_resolution_le_50pct",1,FALSE,"3","3","ENSE00003515141"
"ALL_CNA_cluster_0019","ALL_CNA","HOMDEL",TRUE,"CNA_event_000150","PARSLA",0.167919799498747,"high_resolution_le_50pct",1,FALSE,"3","3","ENSE00003515141"
"ALL_CNA_cluster_0019","ALL_CNA","HETDEL",TRUE,"CNA_event_000007","PARSNX",0.289891395154553,"high_resolution_le_50pct",1,FALSE,"3","3","ENSE00003515141"
"ALL_CNA_cluster_0019","ALL_CNA","HOMDEL",TRUE,"CNA_event_000151","PARWNW",0.167919799498747,"high_resolution_le_50pct",1,FALSE,"3","3","ENSE00003515141"
"ALL_CNA_cluster_0019","ALL_CNA","HETDEL",TRUE,"CNA_event_000009","PARXDJ",0.167919799498747,"high_resolution_le_50pct",1,FALSE,"3","3","ENSE00003515141"
"ALL_CNA_cluster_0019","ALL_CNA","HETDEL",TRUE,"CNA_event_000010","PARXPZ",0.822055137844611,"low_resolution_75_90pct",1,FALSE,"3","3","ENSE00003515141"
"ALL_CNA_cluster_0019","ALL_CNA","HETDEL",TRUE,"CNA_event_000011","PASGDZ",0.167919799498747,"high_resolution_le_50pct",1,FALSE,"3","3","ENSE00003515141"
"ALL_CNA_cluster_0019","ALL_CNA","HETDEL",TRUE,"CNA_event_000012","PASGUH",0.167919799498747,"high_resolution_le_50pct",1,FALSE,"3","3","ENSE00003515141"
"ALL_CNA_cluster_0019","ALL_CNA","HOMDEL",TRUE,"CNA_event_000152","PASILW",0.167919799498747,"high_resolution_le_50pct",1,FALSE,"3","3","ENSE00003515141"
"ALL_CNA_cluster_0019","ALL_CNA","HETDEL",TRUE,"CNA_event_000015","PASINX",0.345864661654135,"high_resolution_le_50pct",1,FALSE,"3","3","ENSE00003515141"
"ALL_CNA_cluster_0019","ALL_CNA","HETDEL",TRUE,"CNA_event_000016","PASIPN",0.111946532999165,"high_resolution_le_50pct",1,FALSE,"3","3","ENSE00003515141"
"ALL_CNA_cluster_0019","ALL_CNA","HETDEL",TRUE,"CNA_event_000018","PASJGV",0.167919799498747,"high_resolution_le_50pct",1,FALSE,"3","3","ENSE00003515141"
"ALL_CNA_cluster_0019","ALL_CNA","HOMDEL",TRUE,"CNA_event_000153","PASKAD",0.167919799498747,"high_resolution_le_50pct",1,FALSE,"3","3","ENSE00003515141"
"ALL_CNA_cluster_0019","ALL_CNA","HOMDEL",TRUE,"CNA_event_000154","PASKLU",0.167919799498747,"high_resolution_le_50pct",1,FALSE,"3","3","ENSE00003515141"
"ALL_CNA_cluster_0019","ALL_CNA","HOMDEL",TRUE,"CNA_event_000155","PASKWG",0.167919799498747,"high_resolution_le_50pct",1,FALSE,"3","3","ENSE00003515141"
"ALL_CNA_cluster_0019","ALL_CNA","HETDEL",TRUE,"CNA_event_000022","PASKXA",0.167919799498747,"high_resolution_le_50pct",1,FALSE,"3","3","ENSE00003515141"
"ALL_CNA_cluster_0019","ALL_CNA","HETDEL",TRUE,"CNA_event_000023","PASLXY",0.345864661654135,"high_resolution_le_50pct",1,FALSE,"3","3","ENSE00003515141"
"ALL_CNA_cluster_0019","ALL_CNA","HETDEL",TRUE,"CNA_event_000024","PASPDS",0.355054302422723,"high_resolution_le_50pct",1,FALSE,"3","3","ENSE00003515141"
"ALL_CNA_cluster_0019","ALL_CNA","HETDEL",TRUE,"CNA_event_000025","PASPLG",0.425229741019215,"high_resolution_le_50pct",1,FALSE,"3","3","ENSE00003515141"
"ALL_CNA_cluster_0019","ALL_CNA","HETDEL",TRUE,"CNA_event_000026","PASPNW",0.822055137844611,"low_resolution_75_90pct",1,FALSE,"3","3","ENSE00003515141"
"ALL_CNA_cluster_0019","ALL_CNA","HETDEL",TRUE,"CNA_event_000027","PASRAF",0.167919799498747,"high_resolution_le_50pct",1,FALSE,"3","3","ENSE00003515141"
"ALL_CNA_cluster_0019","ALL_CNA","HETDEL",TRUE,"CNA_event_000028","PASRMM",0.345864661654135,"high_resolution_le_50pct",1,FALSE,"3","3","ENSE00003515141"
"ALL_CNA_cluster_0019","ALL_CNA","HOMDEL",TRUE,"CNA_event_000156","PASRPV",0.345864661654135,"high_resolution_le_50pct",1,FALSE,"3","3","ENSE00003515141"
"ALL_CNA_cluster_0019","ALL_CNA","HETDEL",TRUE,"CNA_event_000030","PASRSE",0.167919799498747,"high_resolution_le_50pct",1,FALSE,"3","3","ENSE00003515141"
"ALL_CNA_cluster_0019","ALL_CNA","HETDEL",TRUE,"CNA_event_000031","PASRUK",0.167919799498747,"high_resolution_le_50pct",1,FALSE,"3","3","ENSE00003515141"
"ALL_CNA_cluster_0019","ALL_CNA","HETDEL",TRUE,"CNA_event_000032","PASTCH",0.456975772765246,"high_resolution_le_50pct",1,FALSE,"3","3","ENSE00003515141"
"ALL_CNA_cluster_0019","ALL_CNA","HETDEL",TRUE,"CNA_event_000033","PASTHE",0.425229741019215,"high_resolution_le_50pct",1,FALSE,"3","3","ENSE00003515141"
"ALL_CNA_cluster_0019","ALL_CNA","HETDEL",TRUE,"CNA_event_000034","PASUSV",0.822055137844611,"low_resolution_75_90pct",1,FALSE,"3","3","ENSE00003515141"
"ALL_CNA_cluster_0019","ALL_CNA","HETDEL",TRUE,"CNA_event_000035","PASVWH",0.167919799498747,"high_resolution_le_50pct",1,FALSE,"3","3","ENSE00003515141"
"ALL_CNA_cluster_0019","ALL_CNA","HETDEL",TRUE,"CNA_event_000036","PASVZJ",0.167919799498747,"high_resolution_le_50pct",1,FALSE,"3","3","ENSE00003515141"
"ALL_CNA_cluster_0019","ALL_CNA","HETDEL",TRUE,"CNA_event_000037","PASWXB",0.167919799498747,"high_resolution_le_50pct",1,FALSE,"3","3","ENSE00003515141"
"ALL_CNA_cluster_0019","ALL_CNA","HOMDEL",TRUE,"CNA_event_000157","PASWYU",0.167919799498747,"high_resolution_le_50pct",1,FALSE,"3","3","ENSE00003515141"
"ALL_CNA_cluster_0019","ALL_CNA","HETDEL",TRUE,"CNA_event_000040","PASYSJ",0.167919799498747,"high_resolution_le_50pct",1,FALSE,"3","3","ENSE00003515141"
"ALL_CNA_cluster_0019","ALL_CNA","HETDEL",TRUE,"CNA_event_000041","PASYVU",0.167919799498747,"high_resolution_le_50pct",1,FALSE,"3","3","ENSE00003515141"
"ALL_CNA_cluster_0019","ALL_CNA","HOMDEL",TRUE,"CNA_event_000158","PASYWF",0.167919799498747,"high_resolution_le_50pct",1,FALSE,"3","3","ENSE00003515141"
"ALL_CNA_cluster_0019","ALL_CNA","HETDEL",TRUE,"CNA_event_000043","PASZAY",0.167919799498747,"high_resolution_le_50pct",1,FALSE,"3","3","ENSE00003515141"
"ALL_CNA_cluster_0019","ALL_CNA","HETDEL",TRUE,"CNA_event_000044","PATALF",0.425229741019215,"high_resolution_le_50pct",1,FALSE,"3","3","ENSE00003515141"
"ALL_CNA_cluster_0019","ALL_CNA","HETDEL",TRUE,"CNA_event_000045","PATBTX",0.167919799498747,"high_resolution_le_50pct",1,FALSE,"3","3","ENSE00003515141"
"ALL_CNA_cluster_0019","ALL_CNA","HOMDEL",TRUE,"CNA_event_000159","PATCTR",0.345864661654135,"high_resolution_le_50pct",1,FALSE,"3","3","ENSE00003515141"
"ALL_CNA_cluster_0019","ALL_CNA","HETDEL",TRUE,"CNA_event_000047","PATDTN",0.167919799498747,"high_resolution_le_50pct",1,FALSE,"3","3","ENSE00003515141"
"ALL_CNA_cluster_0019","ALL_CNA","HETDEL",TRUE,"CNA_event_000048","PATFPU",0.167919799498747,"high_resolution_le_50pct",1,FALSE,"3","3","ENSE00003515141"
"ALL_CNA_cluster_0019","ALL_CNA","HOMDEL",TRUE,"CNA_event_000160","PATGBY",0.167919799498747,"high_resolution_le_50pct",1,FALSE,"3","3","ENSE00003515141"
"ALL_CNA_cluster_0019","ALL_CNA","HETDEL",TRUE,"CNA_event_000050","PATHFE",0.822055137844611,"low_resolution_75_90pct",1,FALSE,"3","3","ENSE00003515141"
"ALL_CNA_cluster_0019","ALL_CNA","HETDEL",TRUE,"CNA_event_000052","PATJLY",0.355054302422723,"high_resolution_le_50pct",1,FALSE,"3","3","ENSE00003515141"
"ALL_CNA_cluster_0019","ALL_CNA","HOMDEL",TRUE,"CNA_event_000161","PATJRX",0.167919799498747,"high_resolution_le_50pct",1,FALSE,"3","3","ENSE00003515141"
"ALL_CNA_cluster_0019","ALL_CNA","HOMDEL",TRUE,"CNA_event_000162","PATKVD",0.167919799498747,"high_resolution_le_50pct",1,FALSE,"3","3","ENSE00003515141"
"ALL_CNA_cluster_0019","ALL_CNA","HETDEL",TRUE,"CNA_event_000054","PATKZH",0.345864661654135,"high_resolution_le_50pct",1,FALSE,"3","3","ENSE00003515141"
"ALL_CNA_cluster_0019","ALL_CNA","HETDEL",TRUE,"CNA_event_000055","PATLLH",0.425229741019215,"high_resolution_le_50pct",1,FALSE,"3","3","ENSE00003515141"
"ALL_CNA_cluster_0019","ALL_CNA","HETDEL",TRUE,"CNA_event_000057","PATPDA",0.664160401002506,"moderate_resolution_50_75pct",1,FALSE,"3","3","ENSE00003515141"
"ALL_CNA_cluster_0019","ALL_CNA","HETDEL",TRUE,"CNA_event_000058","PATRAB",0.167919799498747,"high_resolution_le_50pct",1,FALSE,"3","3","ENSE00003515141"
"ALL_CNA_cluster_0019","ALL_CNA","HETDEL",TRUE,"CNA_event_000059","PATRKV",0.223057644110276,"high_resolution_le_50pct",1,FALSE,"3","3","ENSE00003515141"
"ALL_CNA_cluster_0019","ALL_CNA","HETDEL",TRUE,"CNA_event_000060","PATSPG",0.345864661654135,"high_resolution_le_50pct",1,FALSE,"3","3","ENSE00003515141"
"ALL_CNA_cluster_0019","ALL_CNA","HETDEL",TRUE,"CNA_event_000061","PATWJU",0.167919799498747,"high_resolution_le_50pct",1,FALSE,"3","3","ENSE00003515141"
"ALL_CNA_cluster_0019","ALL_CNA","HOMDEL",TRUE,"CNA_event_000163","PATYWV",0.167919799498747,"high_resolution_le_50pct",1,FALSE,"3","3","ENSE00003515141"
"ALL_CNA_cluster_0019","ALL_CNA","HETDEL",TRUE,"CNA_event_000063","PATZST",0.167919799498747,"high_resolution_le_50pct",1,FALSE,"3","3","ENSE00003515141"
"ALL_CNA_cluster_0019","ALL_CNA","HETDEL",TRUE,"CNA_event_000064","PATZYR",0.167919799498747,"high_resolution_le_50pct",1,FALSE,"3","3","ENSE00003515141"
"ALL_CNA_cluster_0019","ALL_CNA","HETDEL",TRUE,"CNA_event_000065","PAUAKN",0.167919799498747,"high_resolution_le_50pct",1,FALSE,"3","3","ENSE00003515141"
"ALL_CNA_cluster_0019","ALL_CNA","HETDEL",TRUE,"CNA_event_000066","PAUAZV",0.167919799498747,"high_resolution_le_50pct",1,FALSE,"3","3","ENSE00003515141"
"ALL_CNA_cluster_0019","ALL_CNA","HETDEL",TRUE,"CNA_event_000067","PAUBCT",0.167919799498747,"high_resolution_le_50pct",1,FALSE,"3","3","ENSE00003515141"
"ALL_CNA_cluster_0019","ALL_CNA","HOMDEL",TRUE,"CNA_event_000164","PAUBTC",0.167919799498747,"high_resolution_le_50pct",1,FALSE,"3","3","ENSE00003515141"
"ALL_CNA_cluster_0019","ALL_CNA","HETDEL",TRUE,"CNA_event_000070","PAUCDC",0.822055137844611,"low_resolution_75_90pct",1,FALSE,"3","3","ENSE00003515141"
"ALL_CNA_cluster_0019","ALL_CNA","HETDEL",TRUE,"CNA_event_000071","PAUEDT",0.167919799498747,"high_resolution_le_50pct",1,FALSE,"3","3","ENSE00003515141"
"ALL_CNA_cluster_0019","ALL_CNA","HOMDEL",TRUE,"CNA_event_000165","PAUEUC",0.167919799498747,"high_resolution_le_50pct",1,FALSE,"3","3","ENSE00003515141"
"ALL_CNA_cluster_0019","ALL_CNA","HETDEL",TRUE,"CNA_event_000074","PAUEVJ",0.167919799498747,"high_resolution_le_50pct",1,FALSE,"3","3","ENSE00003515141"
"ALL_CNA_cluster_0019","ALL_CNA","HETDEL",TRUE,"CNA_event_000075","PAUEXN",0.206349206349206,"high_resolution_le_50pct",1,FALSE,"3","3","ENSE00003515141"
"ALL_CNA_cluster_0019","ALL_CNA","HETDEL",TRUE,"CNA_event_000077","PAUGDT",0.167919799498747,"high_resolution_le_50pct",1,FALSE,"3","3","ENSE00003515141"
"ALL_CNA_cluster_0019","ALL_CNA","HETDEL",TRUE,"CNA_event_000078","PAUGLY",0.345864661654135,"high_resolution_le_50pct",1,FALSE,"3","3","ENSE00003515141"
"ALL_CNA_cluster_0019","ALL_CNA","HOMDEL",TRUE,"CNA_event_000166","PAUIEM",0.167919799498747,"high_resolution_le_50pct",1,FALSE,"3","3","ENSE00003515141"
"ALL_CNA_cluster_0019","ALL_CNA","HETDEL",TRUE,"CNA_event_000080","PAUIFA",0.167919799498747,"high_resolution_le_50pct",1,FALSE,"3","3","ENSE00003515141"
"ALL_CNA_cluster_0019","ALL_CNA","HETDEL",TRUE,"CNA_event_000081","PAUJVL",0.345864661654135,"high_resolution_le_50pct",1,FALSE,"3","3","ENSE00003515141"
"ALL_CNA_cluster_0019","ALL_CNA","HETDEL",TRUE,"CNA_event_000083","PAUKZJ",0.608187134502924,"moderate_resolution_50_75pct",1,FALSE,"3","3","ENSE00003515141"
"ALL_CNA_cluster_0019","ALL_CNA","HETDEL",TRUE,"CNA_event_000084","PAULCK",0.167919799498747,"high_resolution_le_50pct",1,FALSE,"3","3","ENSE00003515141"
"ALL_CNA_cluster_0019","ALL_CNA","HOMDEL",TRUE,"CNA_event_000167","PAULGX",0.603174603174603,"moderate_resolution_50_75pct",1,FALSE,"3","3","ENSE00003515141"
"ALL_CNA_cluster_0019","ALL_CNA","HOMDEL",TRUE,"CNA_event_000168","PAUMIB",0.345864661654135,"high_resolution_le_50pct",1,FALSE,"3","3","ENSE00003515141"
"ALL_CNA_cluster_0019","ALL_CNA","HETDEL",TRUE,"CNA_event_000087","PAUMLX",0.345864661654135,"high_resolution_le_50pct",1,FALSE,"3","3","ENSE00003515141"
"ALL_CNA_cluster_0019","ALL_CNA","HETDEL",TRUE,"CNA_event_000088","PAUMXB",0.345864661654135,"high_resolution_le_50pct",1,FALSE,"3","3","ENSE00003515141"
"ALL_CNA_cluster_0019","ALL_CNA","HETDEL",TRUE,"CNA_event_000089","PAUPUW",0.167919799498747,"high_resolution_le_50pct",1,FALSE,"3","3","ENSE00003515141"
"ALL_CNA_cluster_0019","ALL_CNA","HETDEL",TRUE,"CNA_event_000090","PAURLU",0.167919799498747,"high_resolution_le_50pct",1,FALSE,"3","3","ENSE00003515141"
"ALL_CNA_cluster_0019","ALL_CNA","HETDEL",TRUE,"CNA_event_000091","PAUSIS",0.822055137844611,"low_resolution_75_90pct",1,FALSE,"3","3","ENSE00003515141"
"ALL_CNA_cluster_0019","ALL_CNA","HETDEL",TRUE,"CNA_event_000092","PAUTBB",0.167919799498747,"high_resolution_le_50pct",1,FALSE,"3","3","ENSE00003515141"
"ALL_CNA_cluster_0019","ALL_CNA","HETDEL",TRUE,"CNA_event_000093","PAUTUL",0.664160401002506,"moderate_resolution_50_75pct",1,FALSE,"3","3","ENSE00003515141"
"ALL_CNA_cluster_0019","ALL_CNA","HETDEL",TRUE,"CNA_event_000094","PAUUAL",0.167919799498747,"high_resolution_le_50pct",1,FALSE,"3","3","ENSE00003515141"
"ALL_CNA_cluster_0019","ALL_CNA","HOMDEL",TRUE,"CNA_event_000169","PAUUBG",0.167919799498747,"high_resolution_le_50pct",1,FALSE,"3","3","ENSE00003515141"
"ALL_CNA_cluster_0019","ALL_CNA","HETDEL",TRUE,"CNA_event_000095","PAUUIK",0.167919799498747,"high_resolution_le_50pct",1,FALSE,"3","3","ENSE00003515141"
"ALL_CNA_cluster_0019","ALL_CNA","HETDEL",TRUE,"CNA_event_000096","PAUWMZ",0.167919799498747,"high_resolution_le_50pct",1,FALSE,"3","3","ENSE00003515141"
"ALL_CNA_cluster_0019","ALL_CNA","HETDEL",TRUE,"CNA_event_000097","PAUWXI",0.822055137844611,"low_resolution_75_90pct",1,FALSE,"3","3","ENSE00003515141"
"ALL_CNA_cluster_0019","ALL_CNA","HETDEL",TRUE,"CNA_event_000098","PAUXCW",0.167919799498747,"high_resolution_le_50pct",1,FALSE,"3","3","ENSE00003515141"
"ALL_CNA_cluster_0019","ALL_CNA","HETDEL",TRUE,"CNA_event_000099","PAUXKE",0.167919799498747,"high_resolution_le_50pct",1,FALSE,"3","3","ENSE00003515141"
"ALL_CNA_cluster_0019","ALL_CNA","HETDEL",TRUE,"CNA_event_000100","PAUXRM",0.279030910609858,"high_resolution_le_50pct",1,FALSE,"3","3","ENSE00003515141"
"ALL_CNA_cluster_0019","ALL_CNA","HETDEL",TRUE,"CNA_event_000101","PAUXYI",0.355054302422723,"high_resolution_le_50pct",1,FALSE,"3","3","ENSE00003515141"
"ALL_CNA_cluster_0019","ALL_CNA","HETDEL",TRUE,"CNA_event_000102","PAUYJF",0.425229741019215,"high_resolution_le_50pct",1,FALSE,"3","3","ENSE00003515141"
"ALL_CNA_cluster_0019","ALL_CNA","HOMDEL",TRUE,"CNA_event_000170","PAVBFC",0.167919799498747,"high_resolution_le_50pct",1,FALSE,"3","3","ENSE00003515141"
"ALL_CNA_cluster_0019","ALL_CNA","HETDEL",TRUE,"CNA_event_000104","PAVCRK",0.167919799498747,"high_resolution_le_50pct",1,FALSE,"3","3","ENSE00003515141"
"ALL_CNA_cluster_0019","ALL_CNA","HOMDEL",TRUE,"CNA_event_000171","PAVESF",0.167919799498747,"high_resolution_le_50pct",1,FALSE,"3","3","ENSE00003515141"
"ALL_CNA_cluster_0019","ALL_CNA","HETDEL",TRUE,"CNA_event_000105","PAVFAX",0.167919799498747,"high_resolution_le_50pct",1,FALSE,"3","3","ENSE00003515141"
"ALL_CNA_cluster_0019","ALL_CNA","HETDEL",TRUE,"CNA_event_000106","PAVHAA",0.167919799498747,"high_resolution_le_50pct",1,FALSE,"3","3","ENSE00003515141"
"ALL_CNA_cluster_0019","ALL_CNA","HETDEL",TRUE,"CNA_event_000107","PAVHBL",0.167919799498747,"high_resolution_le_50pct",1,FALSE,"3","3","ENSE00003515141"
"ALL_CNA_cluster_0019","ALL_CNA","HETDEL",TRUE,"CNA_event_000108","PAVHGX",0.167919799498747,"high_resolution_le_50pct",1,FALSE,"3","3","ENSE00003515141"
"ALL_CNA_cluster_0019","ALL_CNA","HOMDEL",TRUE,"CNA_event_000172","PAVKCV",0.167919799498747,"high_resolution_le_50pct",1,FALSE,"3","3","ENSE00003515141"
"ALL_CNA_cluster_0019","ALL_CNA","HETDEL",TRUE,"CNA_event_000112","PAVKPV",0.167919799498747,"high_resolution_le_50pct",1,FALSE,"3","3","ENSE00003515141"
"ALL_CNA_cluster_0019","ALL_CNA","HOMDEL",TRUE,"CNA_event_000173","PAVKWV",0.167919799498747,"high_resolution_le_50pct",1,FALSE,"3","3","ENSE00003515141"
"ALL_CNA_cluster_0019","ALL_CNA","HETDEL",TRUE,"CNA_event_000114","PAVLLU",0.167919799498747,"high_resolution_le_50pct",1,FALSE,"3","3","ENSE00003515141"
"ALL_CNA_cluster_0019","ALL_CNA","HOMDEL",TRUE,"CNA_event_000174","PAVLMY",0.167919799498747,"high_resolution_le_50pct",1,FALSE,"3","3","ENSE00003515141"
"ALL_CNA_cluster_0019","ALL_CNA","HETDEL",TRUE,"CNA_event_000115","PAVMKN",0.167919799498747,"high_resolution_le_50pct",1,FALSE,"3","3","ENSE00003515141"
"ALL_CNA_cluster_0019","ALL_CNA","HETDEL",TRUE,"CNA_event_000116","PAVMPT",0.279030910609858,"high_resolution_le_50pct",1,FALSE,"3","3","ENSE00003515141"
"ALL_CNA_cluster_0019","ALL_CNA","HETDEL",TRUE,"CNA_event_000117","PAVNGZ",0.167919799498747,"high_resolution_le_50pct",1,FALSE,"3","3","ENSE00003515141"
"ALL_CNA_cluster_0019","ALL_CNA","HETDEL",TRUE,"CNA_event_000119","PAVNTB",0.167919799498747,"high_resolution_le_50pct",1,FALSE,"3","3","ENSE00003515141"
"ALL_CNA_cluster_0019","ALL_CNA","HETDEL",TRUE,"CNA_event_000120","PAVPCB",0.206349206349206,"high_resolution_le_50pct",1,FALSE,"3","3","ENSE00003515141"
"ALL_CNA_cluster_0019","ALL_CNA","HETDEL",TRUE,"CNA_event_000121","PAVRXK",0.932330827067669,"very_low_resolution_90_lt_100pct",1,FALSE,"3","3","ENSE00003515141"
"ALL_CNA_cluster_0019","ALL_CNA","HOMDEL",TRUE,"CNA_event_000175","PAVVBE",0.754385964912281,"low_resolution_75_90pct",1,FALSE,"3","3","ENSE00003515141"
"ALL_CNA_cluster_0019","ALL_CNA","HOMDEL",TRUE,"CNA_event_000176","PAVVDS",0.167919799498747,"high_resolution_le_50pct",1,FALSE,"3","3","ENSE00003515141"
"ALL_CNA_cluster_0019","ALL_CNA","HETDEL",TRUE,"CNA_event_000124","PAVWDF",0.167919799498747,"high_resolution_le_50pct",1,FALSE,"3","3","ENSE00003515141"
"ALL_CNA_cluster_0019","ALL_CNA","HETDEL",TRUE,"CNA_event_000125","PAVWNL",0.345864661654135,"high_resolution_le_50pct",1,FALSE,"3","3","ENSE00003515141"
"ALL_CNA_cluster_0019","ALL_CNA","HOMDEL",TRUE,"CNA_event_000177","PAVYAZ",0.167919799498747,"high_resolution_le_50pct",1,FALSE,"3","3","ENSE00003515141"
"ALL_CNA_cluster_0019","ALL_CNA","HOMDEL",TRUE,"CNA_event_000178","PAVYGR",0.167919799498747,"high_resolution_le_50pct",1,FALSE,"3","3","ENSE00003515141"
"ALL_CNA_cluster_0019","ALL_CNA","HETDEL",TRUE,"CNA_event_000129","PAVYTZ",0.167919799498747,"high_resolution_le_50pct",1,FALSE,"3","3","ENSE00003515141"
"ALL_CNA_cluster_0019","ALL_CNA","HETDEL",TRUE,"CNA_event_000130","PAVZCF",0.425229741019215,"high_resolution_le_50pct",1,FALSE,"3","3","ENSE00003515141"
"ALL_CNA_cluster_0019","ALL_CNA","HETDEL",TRUE,"CNA_event_000131","PAWAIM",0.167919799498747,"high_resolution_le_50pct",1,FALSE,"3","3","ENSE00003515141"
"ALL_CNA_cluster_0019","ALL_CNA","HETDEL",TRUE,"CNA_event_000132","PAWAIN",0.167919799498747,"high_resolution_le_50pct",1,FALSE,"3","3","ENSE00003515141"
"ALL_CNA_cluster_0019","ALL_CNA","HETDEL",TRUE,"CNA_event_000133","PAWAKA",0.167919799498747,"high_resolution_le_50pct",1,FALSE,"3","3","ENSE00003515141"
"ALL_CNA_cluster_0019","ALL_CNA","HETDEL",TRUE,"CNA_event_000134","PAWDEK",0.167919799498747,"high_resolution_le_50pct",1,FALSE,"3","3","ENSE00003515141"
"ALL_CNA_cluster_0019","ALL_CNA","HETDEL",TRUE,"CNA_event_000135","PAWDMI",0.167919799498747,"high_resolution_le_50pct",1,FALSE,"3","3","ENSE00003515141"
"ALL_CNA_cluster_0019","ALL_CNA","HETDEL",TRUE,"CNA_event_000136","PAWDWJ",0.822055137844611,"low_resolution_75_90pct",1,FALSE,"3","3","ENSE00003515141"
"ALL_CNA_cluster_0019","ALL_CNA","HETDEL",TRUE,"CNA_event_000137","PAWEEC",0.167919799498747,"high_resolution_le_50pct",1,FALSE,"3","3","ENSE00003515141"
"ALL_CNA_cluster_0019","ALL_CNA","HETDEL",TRUE,"CNA_event_000138","PAWEEX",0.111946532999165,"high_resolution_le_50pct",1,FALSE,"3","3","ENSE00003515141"
"ALL_CNA_cluster_0019","ALL_CNA","HETDEL",TRUE,"CNA_event_000139","PAWESJ",0.345864661654135,"high_resolution_le_50pct",1,FALSE,"3","3","ENSE00003515141"
"ALL_CNA_cluster_0019","ALL_CNA","HETDEL",TRUE,"CNA_event_000140","PAWETD",0.822055137844611,"low_resolution_75_90pct",1,FALSE,"3","3","ENSE00003515141"
"ALL_CNA_cluster_0019","ALL_CNA","HETDEL",TRUE,"CNA_event_000141","PAWFNJ",0.345864661654135,"high_resolution_le_50pct",1,FALSE,"3","3","ENSE00003515141"
"ALL_CNA_cluster_0019","ALL_CNA","HETDEL",TRUE,"CNA_event_000142","PAWFWF",0.345864661654135,"high_resolution_le_50pct",1,FALSE,"3","3","ENSE00003515141"
"ALL_CNA_cluster_0019","ALL_CNA","HETDEL",TRUE,"CNA_event_000143","PAWGCK",0.167919799498747,"high_resolution_le_50pct",1,FALSE,"3","3","ENSE00003515141"
"ALL_CNA_cluster_0019","ALL_CNA","HETDEL",TRUE,"CNA_event_000144","PAWGIT",0.167919799498747,"high_resolution_le_50pct",1,FALSE,"3","3","ENSE00003515141"
"ALL_CNA_cluster_0019","ALL_CNA","HETDEL",TRUE,"CNA_event_000146","PAWGZM",0.167919799498747,"high_resolution_le_50pct",1,FALSE,"3","3","ENSE00003515141"
"ALL_CNA_cluster_0019","ALL_CNA","HETDEL",TRUE,"CNA_event_000147","PAWIWS",0.355054302422723,"high_resolution_le_50pct",1,FALSE,"3","3","ENSE00003515141"
"ALL_CNA_cluster_0019","ALL_CNA","HETDEL",TRUE,"CNA_event_000148","PAWJKX",0.167919799498747,"high_resolution_le_50pct",1,FALSE,"3","3","ENSE00003515141"
"ALL_CNA_cluster_0019","ALL_CNA","HETDEL",TRUE,"CNA_event_000149","PAWJYN",0.345864661654135,"high_resolution_le_50pct",1,FALSE,"3","3","ENSE00003515141"
"ALL_CNA_cluster_0019","ALL_CNA","HOMDEL",TRUE,"CNA_event_000179","PAWKAN",0.167919799498747,"high_resolution_le_50pct",1,FALSE,"3","3","ENSE00003515141"
"ALL_CNA_cluster_0020","ALL_CNA","HETDEL",TRUE,"CNA_event_000004","PARNXJ",0.822055137844611,"low_resolution_75_90pct",1,FALSE,"4","4","ENSE00003558404"
"ALL_CNA_cluster_0020","ALL_CNA","HETDEL",TRUE,"CNA_event_000008","PARWNW",0.654135338345865,"moderate_resolution_50_75pct",1,FALSE,"4","4","ENSE00003558404"
"ALL_CNA_cluster_0020","ALL_CNA","HETDEL",TRUE,"CNA_event_000010","PARXPZ",0.822055137844611,"low_resolution_75_90pct",1,FALSE,"4","4","ENSE00003558404"
"ALL_CNA_cluster_0020","ALL_CNA","HETDEL",TRUE,"CNA_event_000019","PASKAD",0.654135338345865,"moderate_resolution_50_75pct",1,FALSE,"4","4","ENSE00003558404"
"ALL_CNA_cluster_0020","ALL_CNA","HETDEL",TRUE,"CNA_event_000020","PASKLU",0.111111111111111,"high_resolution_le_50pct",1,FALSE,"4","4","ENSE00003558404"
"ALL_CNA_cluster_0020","ALL_CNA","HETDEL",TRUE,"CNA_event_000021","PASKWG",0.654135338345865,"moderate_resolution_50_75pct",1,FALSE,"4","4","ENSE00003558404"
"ALL_CNA_cluster_0020","ALL_CNA","HETDEL",TRUE,"CNA_event_000024","PASPDS",0.355054302422723,"high_resolution_le_50pct",1,FALSE,"4","4","ENSE00003558404"
"ALL_CNA_cluster_0020","ALL_CNA","HETDEL",TRUE,"CNA_event_000025","PASPLG",0.425229741019215,"high_resolution_le_50pct",1,FALSE,"4","4","ENSE00003558404"
"ALL_CNA_cluster_0020","ALL_CNA","HETDEL",TRUE,"CNA_event_000026","PASPNW",0.822055137844611,"low_resolution_75_90pct",1,FALSE,"4","4","ENSE00003558404"
"ALL_CNA_cluster_0020","ALL_CNA","HETDEL",TRUE,"CNA_event_000032","PASTCH",0.456975772765246,"high_resolution_le_50pct",1,FALSE,"4","4","ENSE00003558404"
"ALL_CNA_cluster_0020","ALL_CNA","HETDEL",TRUE,"CNA_event_000033","PASTHE",0.425229741019215,"high_resolution_le_50pct",1,FALSE,"4","4","ENSE00003558404"
"ALL_CNA_cluster_0020","ALL_CNA","HETDEL",TRUE,"CNA_event_000034","PASUSV",0.822055137844611,"low_resolution_75_90pct",1,FALSE,"4","4","ENSE00003558404"
"ALL_CNA_cluster_0020","ALL_CNA","HETDEL",TRUE,"CNA_event_000038","PASWYU",0.586466165413534,"moderate_resolution_50_75pct",1,FALSE,"4","4","ENSE00003558404"
"ALL_CNA_cluster_0020","ALL_CNA","HETDEL",TRUE,"CNA_event_000039","PASYNX",0.360066833751044,"high_resolution_le_50pct",1,FALSE,"4","4","ENSE00003558404"
"ALL_CNA_cluster_0020","ALL_CNA","HETDEL",TRUE,"CNA_event_000042","PASYWF",0.654135338345865,"moderate_resolution_50_75pct",1,FALSE,"4","4","ENSE00003558404"
"ALL_CNA_cluster_0020","ALL_CNA","HETDEL",TRUE,"CNA_event_000044","PATALF",0.425229741019215,"high_resolution_le_50pct",1,FALSE,"4","4","ENSE00003558404"
"ALL_CNA_cluster_0020","ALL_CNA","HETDEL",TRUE,"CNA_event_000046","PATCTR",0.257309941520468,"high_resolution_le_50pct",1,FALSE,"4","4","ENSE00003558404"
"ALL_CNA_cluster_0020","ALL_CNA","HETDEL",TRUE,"CNA_event_000050","PATHFE",0.822055137844611,"low_resolution_75_90pct",1,FALSE,"4","4","ENSE00003558404"
"ALL_CNA_cluster_0020","ALL_CNA","HETDEL",TRUE,"CNA_event_000052","PATJLY",0.355054302422723,"high_resolution_le_50pct",1,FALSE,"4","4","ENSE00003558404"
"ALL_CNA_cluster_0020","ALL_CNA","HETDEL",TRUE,"CNA_event_000055","PATLLH",0.425229741019215,"high_resolution_le_50pct",1,FALSE,"4","4","ENSE00003558404"
"ALL_CNA_cluster_0020","ALL_CNA","HETDEL",TRUE,"CNA_event_000057","PATPDA",0.664160401002506,"moderate_resolution_50_75pct",1,FALSE,"4","4","ENSE00003558404"
"ALL_CNA_cluster_0020","ALL_CNA","HETDEL",TRUE,"CNA_event_000059","PATRKV",0.223057644110276,"high_resolution_le_50pct",1,FALSE,"4","4","ENSE00003558404"
"ALL_CNA_cluster_0020","ALL_CNA","HETDEL",TRUE,"CNA_event_000070","PAUCDC",0.822055137844611,"low_resolution_75_90pct",1,FALSE,"4","4","ENSE00003558404"
"ALL_CNA_cluster_0020","ALL_CNA","HETDEL",TRUE,"CNA_event_000079","PAUIEM",0.654135338345865,"moderate_resolution_50_75pct",1,FALSE,"4","4","ENSE00003558404"
"ALL_CNA_cluster_0020","ALL_CNA","HETDEL",TRUE,"CNA_event_000083","PAUKZJ",0.608187134502924,"moderate_resolution_50_75pct",1,FALSE,"4","4","ENSE00003558404"
"ALL_CNA_cluster_0020","ALL_CNA","HOMDEL",TRUE,"CNA_event_000167","PAULGX",0.603174603174603,"moderate_resolution_50_75pct",1,FALSE,"4","4","ENSE00003558404"
"ALL_CNA_cluster_0020","ALL_CNA","HETDEL",TRUE,"CNA_event_000091","PAUSIS",0.822055137844611,"low_resolution_75_90pct",1,FALSE,"4","4","ENSE00003558404"
"ALL_CNA_cluster_0020","ALL_CNA","HETDEL",TRUE,"CNA_event_000093","PAUTUL",0.664160401002506,"moderate_resolution_50_75pct",1,FALSE,"4","4","ENSE00003558404"
"ALL_CNA_cluster_0020","ALL_CNA","HETDEL",TRUE,"CNA_event_000097","PAUWXI",0.822055137844611,"low_resolution_75_90pct",1,FALSE,"4","4","ENSE00003558404"
"ALL_CNA_cluster_0020","ALL_CNA","HETDEL",TRUE,"CNA_event_000100","PAUXRM",0.279030910609858,"high_resolution_le_50pct",1,FALSE,"4","4","ENSE00003558404"
"ALL_CNA_cluster_0020","ALL_CNA","HETDEL",TRUE,"CNA_event_000101","PAUXYI",0.355054302422723,"high_resolution_le_50pct",1,FALSE,"4","4","ENSE00003558404"
"ALL_CNA_cluster_0020","ALL_CNA","HETDEL",TRUE,"CNA_event_000102","PAUYJF",0.425229741019215,"high_resolution_le_50pct",1,FALSE,"4","4","ENSE00003558404"
"ALL_CNA_cluster_0020","ALL_CNA","HETDEL",TRUE,"CNA_event_000116","PAVMPT",0.279030910609858,"high_resolution_le_50pct",1,FALSE,"4","4","ENSE00003558404"
"ALL_CNA_cluster_0020","ALL_CNA","HETDEL",TRUE,"CNA_event_000121","PAVRXK",0.932330827067669,"very_low_resolution_90_lt_100pct",1,FALSE,"4","4","ENSE00003558404"
"ALL_CNA_cluster_0020","ALL_CNA","HOMDEL",TRUE,"CNA_event_000175","PAVVBE",0.754385964912281,"low_resolution_75_90pct",1,FALSE,"4","4","ENSE00003558404"
"ALL_CNA_cluster_0020","ALL_CNA","HETDEL",TRUE,"CNA_event_000123","PAVVDS",0.257309941520468,"high_resolution_le_50pct",1,FALSE,"4","4","ENSE00003558404"
"ALL_CNA_cluster_0020","ALL_CNA","HETDEL",TRUE,"CNA_event_000130","PAVZCF",0.425229741019215,"high_resolution_le_50pct",1,FALSE,"4","4","ENSE00003558404"
"ALL_CNA_cluster_0020","ALL_CNA","HETDEL",TRUE,"CNA_event_000136","PAWDWJ",0.822055137844611,"low_resolution_75_90pct",1,FALSE,"4","4","ENSE00003558404"
"ALL_CNA_cluster_0020","ALL_CNA","HETDEL",TRUE,"CNA_event_000140","PAWETD",0.822055137844611,"low_resolution_75_90pct",1,FALSE,"4","4","ENSE00003558404"
"ALL_CNA_cluster_0020","ALL_CNA","HETDEL",TRUE,"CNA_event_000145","PAWGXM",0.496240601503759,"high_resolution_le_50pct",1,FALSE,"4","4","ENSE00003558404"
"ALL_CNA_cluster_0020","ALL_CNA","HETDEL",TRUE,"CNA_event_000147","PAWIWS",0.355054302422723,"high_resolution_le_50pct",1,FALSE,"4","4","ENSE00003558404"
"ALL_CNA_cluster_0021","ALL_CNA","HETDEL",TRUE,"CNA_event_000004","PARNXJ",0.822055137844611,"low_resolution_75_90pct",1,FALSE,"5","5","ENSE00003663409"
"ALL_CNA_cluster_0021","ALL_CNA","HETDEL",TRUE,"CNA_event_000008","PARWNW",0.654135338345865,"moderate_resolution_50_75pct",1,FALSE,"5","5","ENSE00003663409"
"ALL_CNA_cluster_0021","ALL_CNA","HETDEL",TRUE,"CNA_event_000010","PARXPZ",0.822055137844611,"low_resolution_75_90pct",1,FALSE,"5","5","ENSE00003663409"
"ALL_CNA_cluster_0021","ALL_CNA","HETDEL",TRUE,"CNA_event_000019","PASKAD",0.654135338345865,"moderate_resolution_50_75pct",1,FALSE,"5","5","ENSE00003663409"
"ALL_CNA_cluster_0021","ALL_CNA","HETDEL",TRUE,"CNA_event_000021","PASKWG",0.654135338345865,"moderate_resolution_50_75pct",1,FALSE,"5","5","ENSE00003663409"
"ALL_CNA_cluster_0021","ALL_CNA","HETDEL",TRUE,"CNA_event_000024","PASPDS",0.355054302422723,"high_resolution_le_50pct",1,FALSE,"5","5","ENSE00003663409"
"ALL_CNA_cluster_0021","ALL_CNA","HETDEL",TRUE,"CNA_event_000025","PASPLG",0.425229741019215,"high_resolution_le_50pct",1,FALSE,"5","5","ENSE00003663409"
"ALL_CNA_cluster_0021","ALL_CNA","HETDEL",TRUE,"CNA_event_000026","PASPNW",0.822055137844611,"low_resolution_75_90pct",1,FALSE,"5","5","ENSE00003663409"
"ALL_CNA_cluster_0021","ALL_CNA","HETDEL",TRUE,"CNA_event_000033","PASTHE",0.425229741019215,"high_resolution_le_50pct",1,FALSE,"5","5","ENSE00003663409"
"ALL_CNA_cluster_0021","ALL_CNA","HETDEL",TRUE,"CNA_event_000034","PASUSV",0.822055137844611,"low_resolution_75_90pct",1,FALSE,"5","5","ENSE00003663409"
"ALL_CNA_cluster_0021","ALL_CNA","HETDEL",TRUE,"CNA_event_000038","PASWYU",0.586466165413534,"moderate_resolution_50_75pct",1,FALSE,"5","5","ENSE00003663409"
"ALL_CNA_cluster_0021","ALL_CNA","HETDEL",TRUE,"CNA_event_000039","PASYNX",0.360066833751044,"high_resolution_le_50pct",1,FALSE,"5","5","ENSE00003663409"
"ALL_CNA_cluster_0021","ALL_CNA","HETDEL",TRUE,"CNA_event_000042","PASYWF",0.654135338345865,"moderate_resolution_50_75pct",1,FALSE,"5","5","ENSE00003663409"
"ALL_CNA_cluster_0021","ALL_CNA","HETDEL",TRUE,"CNA_event_000044","PATALF",0.425229741019215,"high_resolution_le_50pct",1,FALSE,"5","5","ENSE00003663409"
"ALL_CNA_cluster_0021","ALL_CNA","HETDEL",TRUE,"CNA_event_000046","PATCTR",0.257309941520468,"high_resolution_le_50pct",1,FALSE,"5","5","ENSE00003663409"
"ALL_CNA_cluster_0021","ALL_CNA","HETDEL",TRUE,"CNA_event_000050","PATHFE",0.822055137844611,"low_resolution_75_90pct",1,FALSE,"5","5","ENSE00003663409"
"ALL_CNA_cluster_0021","ALL_CNA","HETDEL",TRUE,"CNA_event_000052","PATJLY",0.355054302422723,"high_resolution_le_50pct",1,FALSE,"5","5","ENSE00003663409"
"ALL_CNA_cluster_0021","ALL_CNA","HETDEL",TRUE,"CNA_event_000055","PATLLH",0.425229741019215,"high_resolution_le_50pct",1,FALSE,"5","5","ENSE00003663409"
"ALL_CNA_cluster_0021","ALL_CNA","HETDEL",TRUE,"CNA_event_000057","PATPDA",0.664160401002506,"moderate_resolution_50_75pct",1,FALSE,"5","5","ENSE00003663409"
"ALL_CNA_cluster_0021","ALL_CNA","HETDEL",TRUE,"CNA_event_000070","PAUCDC",0.822055137844611,"low_resolution_75_90pct",1,FALSE,"5","5","ENSE00003663409"
"ALL_CNA_cluster_0021","ALL_CNA","HETDEL",TRUE,"CNA_event_000079","PAUIEM",0.654135338345865,"moderate_resolution_50_75pct",1,FALSE,"5","5","ENSE00003663409"
"ALL_CNA_cluster_0021","ALL_CNA","HETDEL",TRUE,"CNA_event_000083","PAUKZJ",0.608187134502924,"moderate_resolution_50_75pct",1,FALSE,"5","5","ENSE00003663409"
"ALL_CNA_cluster_0021","ALL_CNA","HOMDEL",TRUE,"CNA_event_000167","PAULGX",0.603174603174603,"moderate_resolution_50_75pct",1,FALSE,"5","5","ENSE00003663409"
"ALL_CNA_cluster_0021","ALL_CNA","HETDEL",TRUE,"CNA_event_000091","PAUSIS",0.822055137844611,"low_resolution_75_90pct",1,FALSE,"5","5","ENSE00003663409"
"ALL_CNA_cluster_0021","ALL_CNA","HETDEL",TRUE,"CNA_event_000093","PAUTUL",0.664160401002506,"moderate_resolution_50_75pct",1,FALSE,"5","5","ENSE00003663409"
"ALL_CNA_cluster_0021","ALL_CNA","HETDEL",TRUE,"CNA_event_000097","PAUWXI",0.822055137844611,"low_resolution_75_90pct",1,FALSE,"5","5","ENSE00003663409"
"ALL_CNA_cluster_0021","ALL_CNA","HETDEL",TRUE,"CNA_event_000101","PAUXYI",0.355054302422723,"high_resolution_le_50pct",1,FALSE,"5","5","ENSE00003663409"
"ALL_CNA_cluster_0021","ALL_CNA","HETDEL",TRUE,"CNA_event_000102","PAUYJF",0.425229741019215,"high_resolution_le_50pct",1,FALSE,"5","5","ENSE00003663409"
"ALL_CNA_cluster_0021","ALL_CNA","HETDEL",TRUE,"CNA_event_000121","PAVRXK",0.932330827067669,"very_low_resolution_90_lt_100pct",1,FALSE,"5","5","ENSE00003663409"
"ALL_CNA_cluster_0021","ALL_CNA","HOMDEL",TRUE,"CNA_event_000175","PAVVBE",0.754385964912281,"low_resolution_75_90pct",1,FALSE,"5","5","ENSE00003663409"
"ALL_CNA_cluster_0021","ALL_CNA","HETDEL",TRUE,"CNA_event_000123","PAVVDS",0.257309941520468,"high_resolution_le_50pct",1,FALSE,"5","5","ENSE00003663409"
"ALL_CNA_cluster_0021","ALL_CNA","HETDEL",TRUE,"CNA_event_000130","PAVZCF",0.425229741019215,"high_resolution_le_50pct",1,FALSE,"5","5","ENSE00003663409"
"ALL_CNA_cluster_0021","ALL_CNA","HETDEL",TRUE,"CNA_event_000136","PAWDWJ",0.822055137844611,"low_resolution_75_90pct",1,FALSE,"5","5","ENSE00003663409"
"ALL_CNA_cluster_0021","ALL_CNA","HETDEL",TRUE,"CNA_event_000140","PAWETD",0.822055137844611,"low_resolution_75_90pct",1,FALSE,"5","5","ENSE00003663409"
"ALL_CNA_cluster_0021","ALL_CNA","HETDEL",TRUE,"CNA_event_000145","PAWGXM",0.496240601503759,"high_resolution_le_50pct",1,FALSE,"5","5","ENSE00003663409"
"ALL_CNA_cluster_0021","ALL_CNA","HETDEL",TRUE,"CNA_event_000147","PAWIWS",0.355054302422723,"high_resolution_le_50pct",1,FALSE,"5","5","ENSE00003663409"
"ALL_CNA_cluster_0022","ALL_CNA","HETDEL",TRUE,"CNA_event_000004","PARNXJ",0.822055137844611,"low_resolution_75_90pct",1,FALSE,"6","6","ENSE00003468993"
"ALL_CNA_cluster_0022","ALL_CNA","HETDEL",TRUE,"CNA_event_000008","PARWNW",0.654135338345865,"moderate_resolution_50_75pct",1,FALSE,"6","6","ENSE00003468993"
"ALL_CNA_cluster_0022","ALL_CNA","HETDEL",TRUE,"CNA_event_000010","PARXPZ",0.822055137844611,"low_resolution_75_90pct",1,FALSE,"6","6","ENSE00003468993"
"ALL_CNA_cluster_0022","ALL_CNA","HETDEL",TRUE,"CNA_event_000019","PASKAD",0.654135338345865,"moderate_resolution_50_75pct",1,FALSE,"6","6","ENSE00003468993"
"ALL_CNA_cluster_0022","ALL_CNA","HETDEL",TRUE,"CNA_event_000021","PASKWG",0.654135338345865,"moderate_resolution_50_75pct",1,FALSE,"6","6","ENSE00003468993"
"ALL_CNA_cluster_0022","ALL_CNA","HETDEL",TRUE,"CNA_event_000025","PASPLG",0.425229741019215,"high_resolution_le_50pct",1,FALSE,"6","6","ENSE00003468993"
"ALL_CNA_cluster_0022","ALL_CNA","HETDEL",TRUE,"CNA_event_000026","PASPNW",0.822055137844611,"low_resolution_75_90pct",1,FALSE,"6","6","ENSE00003468993"
"ALL_CNA_cluster_0022","ALL_CNA","HETDEL",TRUE,"CNA_event_000033","PASTHE",0.425229741019215,"high_resolution_le_50pct",1,FALSE,"6","6","ENSE00003468993"
"ALL_CNA_cluster_0022","ALL_CNA","HETDEL",TRUE,"CNA_event_000034","PASUSV",0.822055137844611,"low_resolution_75_90pct",1,FALSE,"6","6","ENSE00003468993"
"ALL_CNA_cluster_0022","ALL_CNA","HETDEL",TRUE,"CNA_event_000038","PASWYU",0.586466165413534,"moderate_resolution_50_75pct",1,FALSE,"6","6","ENSE00003468993"
"ALL_CNA_cluster_0022","ALL_CNA","HETDEL",TRUE,"CNA_event_000039","PASYNX",0.360066833751044,"high_resolution_le_50pct",1,FALSE,"6","6","ENSE00003468993"
"ALL_CNA_cluster_0022","ALL_CNA","HETDEL",TRUE,"CNA_event_000042","PASYWF",0.654135338345865,"moderate_resolution_50_75pct",1,FALSE,"6","6","ENSE00003468993"
"ALL_CNA_cluster_0022","ALL_CNA","HETDEL",TRUE,"CNA_event_000044","PATALF",0.425229741019215,"high_resolution_le_50pct",1,FALSE,"6","6","ENSE00003468993"
"ALL_CNA_cluster_0022","ALL_CNA","HETDEL",TRUE,"CNA_event_000046","PATCTR",0.257309941520468,"high_resolution_le_50pct",1,FALSE,"6","6","ENSE00003468993"
"ALL_CNA_cluster_0022","ALL_CNA","HETDEL",TRUE,"CNA_event_000050","PATHFE",0.822055137844611,"low_resolution_75_90pct",1,FALSE,"6","6","ENSE00003468993"
"ALL_CNA_cluster_0022","ALL_CNA","HETDEL",TRUE,"CNA_event_000055","PATLLH",0.425229741019215,"high_resolution_le_50pct",1,FALSE,"6","6","ENSE00003468993"
"ALL_CNA_cluster_0022","ALL_CNA","HETDEL",TRUE,"CNA_event_000057","PATPDA",0.664160401002506,"moderate_resolution_50_75pct",1,FALSE,"6","6","ENSE00003468993"
"ALL_CNA_cluster_0022","ALL_CNA","HETDEL",TRUE,"CNA_event_000070","PAUCDC",0.822055137844611,"low_resolution_75_90pct",1,FALSE,"6","6","ENSE00003468993"
"ALL_CNA_cluster_0022","ALL_CNA","HETDEL",TRUE,"CNA_event_000079","PAUIEM",0.654135338345865,"moderate_resolution_50_75pct",1,FALSE,"6","6","ENSE00003468993"
"ALL_CNA_cluster_0022","ALL_CNA","HETDEL",TRUE,"CNA_event_000083","PAUKZJ",0.608187134502924,"moderate_resolution_50_75pct",1,FALSE,"6","6","ENSE00003468993"
"ALL_CNA_cluster_0022","ALL_CNA","HOMDEL",TRUE,"CNA_event_000167","PAULGX",0.603174603174603,"moderate_resolution_50_75pct",1,FALSE,"6","6","ENSE00003468993"
"ALL_CNA_cluster_0022","ALL_CNA","HETDEL",TRUE,"CNA_event_000091","PAUSIS",0.822055137844611,"low_resolution_75_90pct",1,FALSE,"6","6","ENSE00003468993"
"ALL_CNA_cluster_0022","ALL_CNA","HETDEL",TRUE,"CNA_event_000093","PAUTUL",0.664160401002506,"moderate_resolution_50_75pct",1,FALSE,"6","6","ENSE00003468993"
"ALL_CNA_cluster_0022","ALL_CNA","HETDEL",TRUE,"CNA_event_000097","PAUWXI",0.822055137844611,"low_resolution_75_90pct",1,FALSE,"6","6","ENSE00003468993"
"ALL_CNA_cluster_0022","ALL_CNA","HETDEL",TRUE,"CNA_event_000102","PAUYJF",0.425229741019215,"high_resolution_le_50pct",1,FALSE,"6","6","ENSE00003468993"
"ALL_CNA_cluster_0022","ALL_CNA","HETDEL",TRUE,"CNA_event_000121","PAVRXK",0.932330827067669,"very_low_resolution_90_lt_100pct",1,FALSE,"6","6","ENSE00003468993"
"ALL_CNA_cluster_0022","ALL_CNA","HOMDEL",TRUE,"CNA_event_000175","PAVVBE",0.754385964912281,"low_resolution_75_90pct",1,FALSE,"6","6","ENSE00003468993"
"ALL_CNA_cluster_0022","ALL_CNA","HETDEL",TRUE,"CNA_event_000123","PAVVDS",0.257309941520468,"high_resolution_le_50pct",1,FALSE,"6","6","ENSE00003468993"
"ALL_CNA_cluster_0022","ALL_CNA","HETDEL",TRUE,"CNA_event_000130","PAVZCF",0.425229741019215,"high_resolution_le_50pct",1,FALSE,"6","6","ENSE00003468993"
"ALL_CNA_cluster_0022","ALL_CNA","HETDEL",TRUE,"CNA_event_000136","PAWDWJ",0.822055137844611,"low_resolution_75_90pct",1,FALSE,"6","6","ENSE00003468993"
"ALL_CNA_cluster_0022","ALL_CNA","HETDEL",TRUE,"CNA_event_000140","PAWETD",0.822055137844611,"low_resolution_75_90pct",1,FALSE,"6","6","ENSE00003468993"
"ALL_CNA_cluster_0022","ALL_CNA","HETDEL",TRUE,"CNA_event_000145","PAWGXM",0.496240601503759,"high_resolution_le_50pct",1,FALSE,"6","6","ENSE00003468993"
"ALL_CNA_cluster_0023","ALL_CNA","HETDEL",TRUE,"CNA_event_000004","PARNXJ",0.822055137844611,"low_resolution_75_90pct",1,FALSE,"7","7","ENSE00003478404"
"ALL_CNA_cluster_0023","ALL_CNA","HETDEL",TRUE,"CNA_event_000008","PARWNW",0.654135338345865,"moderate_resolution_50_75pct",1,FALSE,"7","7","ENSE00003478404"
"ALL_CNA_cluster_0023","ALL_CNA","HETDEL",TRUE,"CNA_event_000010","PARXPZ",0.822055137844611,"low_resolution_75_90pct",1,FALSE,"7","7","ENSE00003478404"
"ALL_CNA_cluster_0023","ALL_CNA","HETDEL",TRUE,"CNA_event_000019","PASKAD",0.654135338345865,"moderate_resolution_50_75pct",1,FALSE,"7","7","ENSE00003478404"
"ALL_CNA_cluster_0023","ALL_CNA","HETDEL",TRUE,"CNA_event_000021","PASKWG",0.654135338345865,"moderate_resolution_50_75pct",1,FALSE,"7","7","ENSE00003478404"
"ALL_CNA_cluster_0023","ALL_CNA","HETDEL",TRUE,"CNA_event_000026","PASPNW",0.822055137844611,"low_resolution_75_90pct",1,FALSE,"7","7","ENSE00003478404"
"ALL_CNA_cluster_0023","ALL_CNA","HETDEL",TRUE,"CNA_event_000034","PASUSV",0.822055137844611,"low_resolution_75_90pct",1,FALSE,"7","7","ENSE00003478404"
"ALL_CNA_cluster_0023","ALL_CNA","HETDEL",TRUE,"CNA_event_000038","PASWYU",0.586466165413534,"moderate_resolution_50_75pct",1,FALSE,"7","7","ENSE00003478404"
"ALL_CNA_cluster_0023","ALL_CNA","HETDEL",TRUE,"CNA_event_000039","PASYNX",0.360066833751044,"high_resolution_le_50pct",1,FALSE,"7","7","ENSE00003478404"
"ALL_CNA_cluster_0023","ALL_CNA","HETDEL",TRUE,"CNA_event_000042","PASYWF",0.654135338345865,"moderate_resolution_50_75pct",1,FALSE,"7","7","ENSE00003478404"
"ALL_CNA_cluster_0023","ALL_CNA","HETDEL",TRUE,"CNA_event_000050","PATHFE",0.822055137844611,"low_resolution_75_90pct",1,FALSE,"7","7","ENSE00003478404"
"ALL_CNA_cluster_0023","ALL_CNA","HETDEL",TRUE,"CNA_event_000057","PATPDA",0.664160401002506,"moderate_resolution_50_75pct",1,FALSE,"7","7","ENSE00003478404"
"ALL_CNA_cluster_0023","ALL_CNA","HETDEL",TRUE,"CNA_event_000070","PAUCDC",0.822055137844611,"low_resolution_75_90pct",1,FALSE,"7","7","ENSE00003478404"
"ALL_CNA_cluster_0023","ALL_CNA","HETDEL",TRUE,"CNA_event_000079","PAUIEM",0.654135338345865,"moderate_resolution_50_75pct",1,FALSE,"7","7","ENSE00003478404"
"ALL_CNA_cluster_0023","ALL_CNA","HETDEL",TRUE,"CNA_event_000083","PAUKZJ",0.608187134502924,"moderate_resolution_50_75pct",1,FALSE,"7","7","ENSE00003478404"
"ALL_CNA_cluster_0023","ALL_CNA","HETDEL",TRUE,"CNA_event_000085","PAULGX",0.238930659983292,"high_resolution_le_50pct",1,FALSE,"7","7","ENSE00003478404"
"ALL_CNA_cluster_0023","ALL_CNA","HETDEL",TRUE,"CNA_event_000091","PAUSIS",0.822055137844611,"low_resolution_75_90pct",1,FALSE,"7","7","ENSE00003478404"
"ALL_CNA_cluster_0023","ALL_CNA","HETDEL",TRUE,"CNA_event_000093","PAUTUL",0.664160401002506,"moderate_resolution_50_75pct",1,FALSE,"7","7","ENSE00003478404"
"ALL_CNA_cluster_0023","ALL_CNA","HETDEL",TRUE,"CNA_event_000097","PAUWXI",0.822055137844611,"low_resolution_75_90pct",1,FALSE,"7","7","ENSE00003478404"
"ALL_CNA_cluster_0023","ALL_CNA","HETDEL",TRUE,"CNA_event_000121","PAVRXK",0.932330827067669,"very_low_resolution_90_lt_100pct",1,FALSE,"7","7","ENSE00003478404"
"ALL_CNA_cluster_0023","ALL_CNA","HOMDEL",TRUE,"CNA_event_000175","PAVVBE",0.754385964912281,"low_resolution_75_90pct",1,FALSE,"7","7","ENSE00003478404"
"ALL_CNA_cluster_0023","ALL_CNA","HETDEL",TRUE,"CNA_event_000136","PAWDWJ",0.822055137844611,"low_resolution_75_90pct",1,FALSE,"7","7","ENSE00003478404"
"ALL_CNA_cluster_0023","ALL_CNA","HETDEL",TRUE,"CNA_event_000140","PAWETD",0.822055137844611,"low_resolution_75_90pct",1,FALSE,"7","7","ENSE00003478404"
"ALL_CNA_cluster_0023","ALL_CNA","HETDEL",TRUE,"CNA_event_000145","PAWGXM",0.496240601503759,"high_resolution_le_50pct",1,FALSE,"7","7","ENSE00003478404"
"ALL_CNA_cluster_0024","ALL_CNA","HETDEL",TRUE,"CNA_event_000004","PARNXJ",0.822055137844611,"low_resolution_75_90pct",1,FALSE,"8","8","ENSE00003604670"
"ALL_CNA_cluster_0024","ALL_CNA","HETDEL",TRUE,"CNA_event_000008","PARWNW",0.654135338345865,"moderate_resolution_50_75pct",1,FALSE,"8","8","ENSE00003604670"
"ALL_CNA_cluster_0024","ALL_CNA","HETDEL",TRUE,"CNA_event_000010","PARXPZ",0.822055137844611,"low_resolution_75_90pct",1,FALSE,"8","8","ENSE00003604670"
"ALL_CNA_cluster_0024","ALL_CNA","HETDEL",TRUE,"CNA_event_000019","PASKAD",0.654135338345865,"moderate_resolution_50_75pct",1,FALSE,"8","8","ENSE00003604670"
"ALL_CNA_cluster_0024","ALL_CNA","HETDEL",TRUE,"CNA_event_000021","PASKWG",0.654135338345865,"moderate_resolution_50_75pct",1,FALSE,"8","8","ENSE00003604670"
"ALL_CNA_cluster_0024","ALL_CNA","HETDEL",TRUE,"CNA_event_000026","PASPNW",0.822055137844611,"low_resolution_75_90pct",1,FALSE,"8","8","ENSE00003604670"
"ALL_CNA_cluster_0024","ALL_CNA","HETDEL",TRUE,"CNA_event_000034","PASUSV",0.822055137844611,"low_resolution_75_90pct",1,FALSE,"8","8","ENSE00003604670"
"ALL_CNA_cluster_0024","ALL_CNA","HETDEL",TRUE,"CNA_event_000038","PASWYU",0.586466165413534,"moderate_resolution_50_75pct",1,FALSE,"8","8","ENSE00003604670"
"ALL_CNA_cluster_0024","ALL_CNA","HETDEL",TRUE,"CNA_event_000042","PASYWF",0.654135338345865,"moderate_resolution_50_75pct",1,FALSE,"8","8","ENSE00003604670"
"ALL_CNA_cluster_0024","ALL_CNA","HETDEL",TRUE,"CNA_event_000050","PATHFE",0.822055137844611,"low_resolution_75_90pct",1,FALSE,"8","8","ENSE00003604670"
"ALL_CNA_cluster_0024","ALL_CNA","HETDEL",TRUE,"CNA_event_000057","PATPDA",0.664160401002506,"moderate_resolution_50_75pct",1,FALSE,"8","8","ENSE00003604670"
"ALL_CNA_cluster_0024","ALL_CNA","HETDEL",TRUE,"CNA_event_000070","PAUCDC",0.822055137844611,"low_resolution_75_90pct",1,FALSE,"8","8","ENSE00003604670"
"ALL_CNA_cluster_0024","ALL_CNA","HETDEL",TRUE,"CNA_event_000079","PAUIEM",0.654135338345865,"moderate_resolution_50_75pct",1,FALSE,"8","8","ENSE00003604670"
"ALL_CNA_cluster_0024","ALL_CNA","HETDEL",TRUE,"CNA_event_000083","PAUKZJ",0.608187134502924,"moderate_resolution_50_75pct",1,FALSE,"8","8","ENSE00003604670"
"ALL_CNA_cluster_0024","ALL_CNA","HETDEL",TRUE,"CNA_event_000085","PAULGX",0.238930659983292,"high_resolution_le_50pct",1,FALSE,"8","8","ENSE00003604670"
"ALL_CNA_cluster_0024","ALL_CNA","HETDEL",TRUE,"CNA_event_000091","PAUSIS",0.822055137844611,"low_resolution_75_90pct",1,FALSE,"8","8","ENSE00003604670"
"ALL_CNA_cluster_0024","ALL_CNA","HETDEL",TRUE,"CNA_event_000093","PAUTUL",0.664160401002506,"moderate_resolution_50_75pct",1,FALSE,"8","8","ENSE00003604670"
"ALL_CNA_cluster_0024","ALL_CNA","HETDEL",TRUE,"CNA_event_000097","PAUWXI",0.822055137844611,"low_resolution_75_90pct",1,FALSE,"8","8","ENSE00003604670"
"ALL_CNA_cluster_0024","ALL_CNA","HETDEL",TRUE,"CNA_event_000121","PAVRXK",0.932330827067669,"very_low_resolution_90_lt_100pct",1,FALSE,"8","8","ENSE00003604670"
"ALL_CNA_cluster_0024","ALL_CNA","HOMDEL",TRUE,"CNA_event_000175","PAVVBE",0.754385964912281,"low_resolution_75_90pct",1,FALSE,"8","8","ENSE00003604670"
"ALL_CNA_cluster_0024","ALL_CNA","HETDEL",TRUE,"CNA_event_000136","PAWDWJ",0.822055137844611,"low_resolution_75_90pct",1,FALSE,"8","8","ENSE00003604670"
"ALL_CNA_cluster_0024","ALL_CNA","HETDEL",TRUE,"CNA_event_000140","PAWETD",0.822055137844611,"low_resolution_75_90pct",1,FALSE,"8","8","ENSE00003604670"
"ALL_CNA_cluster_0024","ALL_CNA","HETDEL",TRUE,"CNA_event_000145","PAWGXM",0.496240601503759,"high_resolution_le_50pct",1,FALSE,"8","8","ENSE00003604670"
"ALL_CNA_cluster_0025","ALL_CNA","HETDEL",TRUE,"CNA_event_000004","PARNXJ",0.822055137844611,"low_resolution_75_90pct",1,FALSE,"9","9","ENSE00003651348"
"ALL_CNA_cluster_0025","ALL_CNA","HETDEL",TRUE,"CNA_event_000008","PARWNW",0.654135338345865,"moderate_resolution_50_75pct",1,FALSE,"9","9","ENSE00003651348"
"ALL_CNA_cluster_0025","ALL_CNA","HETDEL",TRUE,"CNA_event_000010","PARXPZ",0.822055137844611,"low_resolution_75_90pct",1,FALSE,"9","9","ENSE00003651348"
"ALL_CNA_cluster_0025","ALL_CNA","HETDEL",TRUE,"CNA_event_000019","PASKAD",0.654135338345865,"moderate_resolution_50_75pct",1,FALSE,"9","9","ENSE00003651348"
"ALL_CNA_cluster_0025","ALL_CNA","HETDEL",TRUE,"CNA_event_000021","PASKWG",0.654135338345865,"moderate_resolution_50_75pct",1,FALSE,"9","9","ENSE00003651348"
"ALL_CNA_cluster_0025","ALL_CNA","HETDEL",TRUE,"CNA_event_000026","PASPNW",0.822055137844611,"low_resolution_75_90pct",1,FALSE,"9","9","ENSE00003651348"
"ALL_CNA_cluster_0025","ALL_CNA","HETDEL",TRUE,"CNA_event_000034","PASUSV",0.822055137844611,"low_resolution_75_90pct",1,FALSE,"9","9","ENSE00003651348"
"ALL_CNA_cluster_0025","ALL_CNA","HETDEL",TRUE,"CNA_event_000038","PASWYU",0.586466165413534,"moderate_resolution_50_75pct",1,FALSE,"9","9","ENSE00003651348"
"ALL_CNA_cluster_0025","ALL_CNA","HETDEL",TRUE,"CNA_event_000042","PASYWF",0.654135338345865,"moderate_resolution_50_75pct",1,FALSE,"9","9","ENSE00003651348"
"ALL_CNA_cluster_0025","ALL_CNA","HETDEL",TRUE,"CNA_event_000050","PATHFE",0.822055137844611,"low_resolution_75_90pct",1,FALSE,"9","9","ENSE00003651348"
"ALL_CNA_cluster_0025","ALL_CNA","HETDEL",TRUE,"CNA_event_000070","PAUCDC",0.822055137844611,"low_resolution_75_90pct",1,FALSE,"9","9","ENSE00003651348"
"ALL_CNA_cluster_0025","ALL_CNA","HETDEL",TRUE,"CNA_event_000079","PAUIEM",0.654135338345865,"moderate_resolution_50_75pct",1,FALSE,"9","9","ENSE00003651348"
"ALL_CNA_cluster_0025","ALL_CNA","HETDEL",TRUE,"CNA_event_000091","PAUSIS",0.822055137844611,"low_resolution_75_90pct",1,FALSE,"9","9","ENSE00003651348"
"ALL_CNA_cluster_0025","ALL_CNA","HETDEL",TRUE,"CNA_event_000097","PAUWXI",0.822055137844611,"low_resolution_75_90pct",1,FALSE,"9","9","ENSE00003651348"
"ALL_CNA_cluster_0025","ALL_CNA","HETDEL",TRUE,"CNA_event_000121","PAVRXK",0.932330827067669,"very_low_resolution_90_lt_100pct",1,FALSE,"9","9","ENSE00003651348"
"ALL_CNA_cluster_0025","ALL_CNA","HOMDEL",TRUE,"CNA_event_000175","PAVVBE",0.754385964912281,"low_resolution_75_90pct",1,FALSE,"9","9","ENSE00003651348"
"ALL_CNA_cluster_0025","ALL_CNA","HETDEL",TRUE,"CNA_event_000136","PAWDWJ",0.822055137844611,"low_resolution_75_90pct",1,FALSE,"9","9","ENSE00003651348"
"ALL_CNA_cluster_0025","ALL_CNA","HETDEL",TRUE,"CNA_event_000140","PAWETD",0.822055137844611,"low_resolution_75_90pct",1,FALSE,"9","9","ENSE00003651348"
"ALL_CNA_cluster_0026","ALL_CNA","HETDEL",TRUE,"CNA_event_000001","PARFLD",0.167919799498747,"high_resolution_le_50pct",1,FALSE,"3","3","ENSE00003515141"
"ALL_CNA_cluster_0026","ALL_CNA","HETDEL",TRUE,"CNA_event_000002","PARJAY",0.167919799498747,"high_resolution_le_50pct",1,FALSE,"3","3","ENSE00003515141"
"ALL_CNA_cluster_0026","ALL_CNA","HETDEL",TRUE,"CNA_event_000003","PARJPL",0.167919799498747,"high_resolution_le_50pct",1,FALSE,"3","3","ENSE00003515141"
"ALL_CNA_cluster_0026","ALL_CNA","HETDEL",TRUE,"CNA_event_000004","PARNXJ",0.822055137844611,"low_resolution_75_90pct",2,TRUE,"3;7","3;7","ENSE00003478404;ENSE00003515141"
"ALL_CNA_cluster_0026","ALL_CNA","HETDEL",TRUE,"CNA_event_000005","PARPET",0.167919799498747,"high_resolution_le_50pct",1,FALSE,"3","3","ENSE00003515141"
"ALL_CNA_cluster_0026","ALL_CNA","HOMDEL",TRUE,"CNA_event_000150","PARSLA",0.167919799498747,"high_resolution_le_50pct",1,FALSE,"3","3","ENSE00003515141"
"ALL_CNA_cluster_0026","ALL_CNA","HETDEL",TRUE,"CNA_event_000007","PARSNX",0.289891395154553,"high_resolution_le_50pct",1,FALSE,"3","3","ENSE00003515141"
"ALL_CNA_cluster_0026","ALL_CNA","HETDEL",TRUE,"CNA_event_000008","PARWNW",0.654135338345865,"moderate_resolution_50_75pct",1,FALSE,"7","7","ENSE00003478404"
"ALL_CNA_cluster_0026","ALL_CNA","HOMDEL",TRUE,"CNA_event_000151","PARWNW",0.167919799498747,"high_resolution_le_50pct",1,FALSE,"3","3","ENSE00003515141"
"ALL_CNA_cluster_0026","ALL_CNA","HETDEL",TRUE,"CNA_event_000009","PARXDJ",0.167919799498747,"high_resolution_le_50pct",1,FALSE,"3","3","ENSE00003515141"
"ALL_CNA_cluster_0026","ALL_CNA","HETDEL",TRUE,"CNA_event_000010","PARXPZ",0.822055137844611,"low_resolution_75_90pct",2,TRUE,"3;7","3;7","ENSE00003478404;ENSE00003515141"
"ALL_CNA_cluster_0026","ALL_CNA","HETDEL",TRUE,"CNA_event_000011","PASGDZ",0.167919799498747,"high_resolution_le_50pct",1,FALSE,"3","3","ENSE00003515141"
"ALL_CNA_cluster_0026","ALL_CNA","HETDEL",TRUE,"CNA_event_000012","PASGUH",0.167919799498747,"high_resolution_le_50pct",1,FALSE,"3","3","ENSE00003515141"
"ALL_CNA_cluster_0026","ALL_CNA","HOMDEL",TRUE,"CNA_event_000152","PASILW",0.167919799498747,"high_resolution_le_50pct",1,FALSE,"3","3","ENSE00003515141"
"ALL_CNA_cluster_0026","ALL_CNA","HETDEL",TRUE,"CNA_event_000015","PASINX",0.345864661654135,"high_resolution_le_50pct",1,FALSE,"3","3","ENSE00003515141"
"ALL_CNA_cluster_0026","ALL_CNA","HETDEL",TRUE,"CNA_event_000016","PASIPN",0.111946532999165,"high_resolution_le_50pct",1,FALSE,"3","3","ENSE00003515141"
"ALL_CNA_cluster_0026","ALL_CNA","HETDEL",TRUE,"CNA_event_000018","PASJGV",0.167919799498747,"high_resolution_le_50pct",1,FALSE,"3","3","ENSE00003515141"
"ALL_CNA_cluster_0026","ALL_CNA","HETDEL",TRUE,"CNA_event_000019","PASKAD",0.654135338345865,"moderate_resolution_50_75pct",1,FALSE,"7","7","ENSE00003478404"
"ALL_CNA_cluster_0026","ALL_CNA","HOMDEL",TRUE,"CNA_event_000153","PASKAD",0.167919799498747,"high_resolution_le_50pct",1,FALSE,"3","3","ENSE00003515141"
"ALL_CNA_cluster_0026","ALL_CNA","HOMDEL",TRUE,"CNA_event_000154","PASKLU",0.167919799498747,"high_resolution_le_50pct",1,FALSE,"3","3","ENSE00003515141"
"ALL_CNA_cluster_0026","ALL_CNA","HETDEL",TRUE,"CNA_event_000021","PASKWG",0.654135338345865,"moderate_resolution_50_75pct",1,FALSE,"7","7","ENSE00003478404"
"ALL_CNA_cluster_0026","ALL_CNA","HOMDEL",TRUE,"CNA_event_000155","PASKWG",0.167919799498747,"high_resolution_le_50pct",1,FALSE,"3","3","ENSE00003515141"
"ALL_CNA_cluster_0026","ALL_CNA","HETDEL",TRUE,"CNA_event_000022","PASKXA",0.167919799498747,"high_resolution_le_50pct",1,FALSE,"3","3","ENSE00003515141"
"ALL_CNA_cluster_0026","ALL_CNA","HETDEL",TRUE,"CNA_event_000023","PASLXY",0.345864661654135,"high_resolution_le_50pct",1,FALSE,"3","3","ENSE00003515141"
"ALL_CNA_cluster_0026","ALL_CNA","HETDEL",TRUE,"CNA_event_000024","PASPDS",0.355054302422723,"high_resolution_le_50pct",1,FALSE,"3","3","ENSE00003515141"
"ALL_CNA_cluster_0026","ALL_CNA","HETDEL",TRUE,"CNA_event_000025","PASPLG",0.425229741019215,"high_resolution_le_50pct",1,FALSE,"3","3","ENSE00003515141"
"ALL_CNA_cluster_0026","ALL_CNA","HETDEL",TRUE,"CNA_event_000026","PASPNW",0.822055137844611,"low_resolution_75_90pct",2,TRUE,"3;7","3;7","ENSE00003478404;ENSE00003515141"
"ALL_CNA_cluster_0026","ALL_CNA","HETDEL",TRUE,"CNA_event_000027","PASRAF",0.167919799498747,"high_resolution_le_50pct",1,FALSE,"3","3","ENSE00003515141"
"ALL_CNA_cluster_0026","ALL_CNA","HETDEL",TRUE,"CNA_event_000028","PASRMM",0.345864661654135,"high_resolution_le_50pct",1,FALSE,"3","3","ENSE00003515141"
"ALL_CNA_cluster_0026","ALL_CNA","HOMDEL",TRUE,"CNA_event_000156","PASRPV",0.345864661654135,"high_resolution_le_50pct",1,FALSE,"3","3","ENSE00003515141"
"ALL_CNA_cluster_0026","ALL_CNA","HETDEL",TRUE,"CNA_event_000030","PASRSE",0.167919799498747,"high_resolution_le_50pct",1,FALSE,"3","3","ENSE00003515141"
"ALL_CNA_cluster_0026","ALL_CNA","HETDEL",TRUE,"CNA_event_000031","PASRUK",0.167919799498747,"high_resolution_le_50pct",1,FALSE,"3","3","ENSE00003515141"
"ALL_CNA_cluster_0026","ALL_CNA","HETDEL",TRUE,"CNA_event_000032","PASTCH",0.456975772765246,"high_resolution_le_50pct",1,FALSE,"3","3","ENSE00003515141"
"ALL_CNA_cluster_0026","ALL_CNA","HETDEL",TRUE,"CNA_event_000033","PASTHE",0.425229741019215,"high_resolution_le_50pct",1,FALSE,"3","3","ENSE00003515141"
"ALL_CNA_cluster_0026","ALL_CNA","HETDEL",TRUE,"CNA_event_000034","PASUSV",0.822055137844611,"low_resolution_75_90pct",2,TRUE,"3;7","3;7","ENSE00003478404;ENSE00003515141"
"ALL_CNA_cluster_0026","ALL_CNA","HETDEL",TRUE,"CNA_event_000035","PASVWH",0.167919799498747,"high_resolution_le_50pct",1,FALSE,"3","3","ENSE00003515141"
"ALL_CNA_cluster_0026","ALL_CNA","HETDEL",TRUE,"CNA_event_000036","PASVZJ",0.167919799498747,"high_resolution_le_50pct",1,FALSE,"3","3","ENSE00003515141"
"ALL_CNA_cluster_0026","ALL_CNA","HETDEL",TRUE,"CNA_event_000037","PASWXB",0.167919799498747,"high_resolution_le_50pct",1,FALSE,"3","3","ENSE00003515141"
"ALL_CNA_cluster_0026","ALL_CNA","HETDEL",TRUE,"CNA_event_000038","PASWYU",0.586466165413534,"moderate_resolution_50_75pct",1,FALSE,"7","7","ENSE00003478404"
"ALL_CNA_cluster_0026","ALL_CNA","HOMDEL",TRUE,"CNA_event_000157","PASWYU",0.167919799498747,"high_resolution_le_50pct",1,FALSE,"3","3","ENSE00003515141"
"ALL_CNA_cluster_0026","ALL_CNA","HETDEL",TRUE,"CNA_event_000039","PASYNX",0.360066833751044,"high_resolution_le_50pct",1,FALSE,"7","7","ENSE00003478404"
"ALL_CNA_cluster_0026","ALL_CNA","HETDEL",TRUE,"CNA_event_000040","PASYSJ",0.167919799498747,"high_resolution_le_50pct",1,FALSE,"3","3","ENSE00003515141"
"ALL_CNA_cluster_0026","ALL_CNA","HETDEL",TRUE,"CNA_event_000041","PASYVU",0.167919799498747,"high_resolution_le_50pct",1,FALSE,"3","3","ENSE00003515141"
"ALL_CNA_cluster_0026","ALL_CNA","HETDEL",TRUE,"CNA_event_000042","PASYWF",0.654135338345865,"moderate_resolution_50_75pct",1,FALSE,"7","7","ENSE00003478404"
"ALL_CNA_cluster_0026","ALL_CNA","HOMDEL",TRUE,"CNA_event_000158","PASYWF",0.167919799498747,"high_resolution_le_50pct",1,FALSE,"3","3","ENSE00003515141"
"ALL_CNA_cluster_0026","ALL_CNA","HETDEL",TRUE,"CNA_event_000043","PASZAY",0.167919799498747,"high_resolution_le_50pct",1,FALSE,"3","3","ENSE00003515141"
"ALL_CNA_cluster_0026","ALL_CNA","HETDEL",TRUE,"CNA_event_000044","PATALF",0.425229741019215,"high_resolution_le_50pct",1,FALSE,"3","3","ENSE00003515141"
"ALL_CNA_cluster_0026","ALL_CNA","HETDEL",TRUE,"CNA_event_000045","PATBTX",0.167919799498747,"high_resolution_le_50pct",1,FALSE,"3","3","ENSE00003515141"
"ALL_CNA_cluster_0026","ALL_CNA","HOMDEL",TRUE,"CNA_event_000159","PATCTR",0.345864661654135,"high_resolution_le_50pct",1,FALSE,"3","3","ENSE00003515141"
"ALL_CNA_cluster_0026","ALL_CNA","HETDEL",TRUE,"CNA_event_000047","PATDTN",0.167919799498747,"high_resolution_le_50pct",1,FALSE,"3","3","ENSE00003515141"
"ALL_CNA_cluster_0026","ALL_CNA","HETDEL",TRUE,"CNA_event_000048","PATFPU",0.167919799498747,"high_resolution_le_50pct",1,FALSE,"3","3","ENSE00003515141"
"ALL_CNA_cluster_0026","ALL_CNA","HOMDEL",TRUE,"CNA_event_000160","PATGBY",0.167919799498747,"high_resolution_le_50pct",1,FALSE,"3","3","ENSE00003515141"
"ALL_CNA_cluster_0026","ALL_CNA","HETDEL",TRUE,"CNA_event_000050","PATHFE",0.822055137844611,"low_resolution_75_90pct",2,TRUE,"3;7","3;7","ENSE00003478404;ENSE00003515141"
"ALL_CNA_cluster_0026","ALL_CNA","HETDEL",TRUE,"CNA_event_000052","PATJLY",0.355054302422723,"high_resolution_le_50pct",1,FALSE,"3","3","ENSE00003515141"
"ALL_CNA_cluster_0026","ALL_CNA","HOMDEL",TRUE,"CNA_event_000161","PATJRX",0.167919799498747,"high_resolution_le_50pct",1,FALSE,"3","3","ENSE00003515141"
"ALL_CNA_cluster_0026","ALL_CNA","HOMDEL",TRUE,"CNA_event_000162","PATKVD",0.167919799498747,"high_resolution_le_50pct",1,FALSE,"3","3","ENSE00003515141"
"ALL_CNA_cluster_0026","ALL_CNA","HETDEL",TRUE,"CNA_event_000054","PATKZH",0.345864661654135,"high_resolution_le_50pct",1,FALSE,"3","3","ENSE00003515141"
"ALL_CNA_cluster_0026","ALL_CNA","HETDEL",TRUE,"CNA_event_000055","PATLLH",0.425229741019215,"high_resolution_le_50pct",1,FALSE,"3","3","ENSE00003515141"
"ALL_CNA_cluster_0026","ALL_CNA","HETDEL",TRUE,"CNA_event_000057","PATPDA",0.664160401002506,"moderate_resolution_50_75pct",2,TRUE,"3;7","3;7","ENSE00003478404;ENSE00003515141"
"ALL_CNA_cluster_0026","ALL_CNA","HETDEL",TRUE,"CNA_event_000058","PATRAB",0.167919799498747,"high_resolution_le_50pct",1,FALSE,"3","3","ENSE00003515141"
"ALL_CNA_cluster_0026","ALL_CNA","HETDEL",TRUE,"CNA_event_000059","PATRKV",0.223057644110276,"high_resolution_le_50pct",1,FALSE,"3","3","ENSE00003515141"
"ALL_CNA_cluster_0026","ALL_CNA","HETDEL",TRUE,"CNA_event_000060","PATSPG",0.345864661654135,"high_resolution_le_50pct",1,FALSE,"3","3","ENSE00003515141"
"ALL_CNA_cluster_0026","ALL_CNA","HETDEL",TRUE,"CNA_event_000061","PATWJU",0.167919799498747,"high_resolution_le_50pct",1,FALSE,"3","3","ENSE00003515141"
"ALL_CNA_cluster_0026","ALL_CNA","HOMDEL",TRUE,"CNA_event_000163","PATYWV",0.167919799498747,"high_resolution_le_50pct",1,FALSE,"3","3","ENSE00003515141"
"ALL_CNA_cluster_0026","ALL_CNA","HETDEL",TRUE,"CNA_event_000063","PATZST",0.167919799498747,"high_resolution_le_50pct",1,FALSE,"3","3","ENSE00003515141"
"ALL_CNA_cluster_0026","ALL_CNA","HETDEL",TRUE,"CNA_event_000064","PATZYR",0.167919799498747,"high_resolution_le_50pct",1,FALSE,"3","3","ENSE00003515141"
"ALL_CNA_cluster_0026","ALL_CNA","HETDEL",TRUE,"CNA_event_000065","PAUAKN",0.167919799498747,"high_resolution_le_50pct",1,FALSE,"3","3","ENSE00003515141"
"ALL_CNA_cluster_0026","ALL_CNA","HETDEL",TRUE,"CNA_event_000066","PAUAZV",0.167919799498747,"high_resolution_le_50pct",1,FALSE,"3","3","ENSE00003515141"
"ALL_CNA_cluster_0026","ALL_CNA","HETDEL",TRUE,"CNA_event_000067","PAUBCT",0.167919799498747,"high_resolution_le_50pct",1,FALSE,"3","3","ENSE00003515141"
"ALL_CNA_cluster_0026","ALL_CNA","HOMDEL",TRUE,"CNA_event_000164","PAUBTC",0.167919799498747,"high_resolution_le_50pct",1,FALSE,"3","3","ENSE00003515141"
"ALL_CNA_cluster_0026","ALL_CNA","HETDEL",TRUE,"CNA_event_000070","PAUCDC",0.822055137844611,"low_resolution_75_90pct",2,TRUE,"3;7","3;7","ENSE00003478404;ENSE00003515141"
"ALL_CNA_cluster_0026","ALL_CNA","HETDEL",TRUE,"CNA_event_000071","PAUEDT",0.167919799498747,"high_resolution_le_50pct",1,FALSE,"3","3","ENSE00003515141"
"ALL_CNA_cluster_0026","ALL_CNA","HOMDEL",TRUE,"CNA_event_000165","PAUEUC",0.167919799498747,"high_resolution_le_50pct",1,FALSE,"3","3","ENSE00003515141"
"ALL_CNA_cluster_0026","ALL_CNA","HETDEL",TRUE,"CNA_event_000074","PAUEVJ",0.167919799498747,"high_resolution_le_50pct",1,FALSE,"3","3","ENSE00003515141"
"ALL_CNA_cluster_0026","ALL_CNA","HETDEL",TRUE,"CNA_event_000075","PAUEXN",0.206349206349206,"high_resolution_le_50pct",1,FALSE,"3","3","ENSE00003515141"
"ALL_CNA_cluster_0026","ALL_CNA","HETDEL",TRUE,"CNA_event_000077","PAUGDT",0.167919799498747,"high_resolution_le_50pct",1,FALSE,"3","3","ENSE00003515141"
"ALL_CNA_cluster_0026","ALL_CNA","HETDEL",TRUE,"CNA_event_000078","PAUGLY",0.345864661654135,"high_resolution_le_50pct",1,FALSE,"3","3","ENSE00003515141"
"ALL_CNA_cluster_0026","ALL_CNA","HETDEL",TRUE,"CNA_event_000079","PAUIEM",0.654135338345865,"moderate_resolution_50_75pct",1,FALSE,"7","7","ENSE00003478404"
"ALL_CNA_cluster_0026","ALL_CNA","HOMDEL",TRUE,"CNA_event_000166","PAUIEM",0.167919799498747,"high_resolution_le_50pct",1,FALSE,"3","3","ENSE00003515141"
"ALL_CNA_cluster_0026","ALL_CNA","HETDEL",TRUE,"CNA_event_000080","PAUIFA",0.167919799498747,"high_resolution_le_50pct",1,FALSE,"3","3","ENSE00003515141"
"ALL_CNA_cluster_0026","ALL_CNA","HETDEL",TRUE,"CNA_event_000081","PAUJVL",0.345864661654135,"high_resolution_le_50pct",1,FALSE,"3","3","ENSE00003515141"
"ALL_CNA_cluster_0026","ALL_CNA","HETDEL",TRUE,"CNA_event_000083","PAUKZJ",0.608187134502924,"moderate_resolution_50_75pct",2,TRUE,"3;7","3;7","ENSE00003478404;ENSE00003515141"
"ALL_CNA_cluster_0026","ALL_CNA","HETDEL",TRUE,"CNA_event_000084","PAULCK",0.167919799498747,"high_resolution_le_50pct",1,FALSE,"3","3","ENSE00003515141"
"ALL_CNA_cluster_0026","ALL_CNA","HETDEL",TRUE,"CNA_event_000085","PAULGX",0.238930659983292,"high_resolution_le_50pct",1,FALSE,"7","7","ENSE00003478404"
"ALL_CNA_cluster_0026","ALL_CNA","HOMDEL",TRUE,"CNA_event_000167","PAULGX",0.603174603174603,"moderate_resolution_50_75pct",1,FALSE,"3","3","ENSE00003515141"
"ALL_CNA_cluster_0026","ALL_CNA","HOMDEL",TRUE,"CNA_event_000168","PAUMIB",0.345864661654135,"high_resolution_le_50pct",1,FALSE,"3","3","ENSE00003515141"
"ALL_CNA_cluster_0026","ALL_CNA","HETDEL",TRUE,"CNA_event_000087","PAUMLX",0.345864661654135,"high_resolution_le_50pct",1,FALSE,"3","3","ENSE00003515141"
"ALL_CNA_cluster_0026","ALL_CNA","HETDEL",TRUE,"CNA_event_000088","PAUMXB",0.345864661654135,"high_resolution_le_50pct",1,FALSE,"3","3","ENSE00003515141"
"ALL_CNA_cluster_0026","ALL_CNA","HETDEL",TRUE,"CNA_event_000089","PAUPUW",0.167919799498747,"high_resolution_le_50pct",1,FALSE,"3","3","ENSE00003515141"
"ALL_CNA_cluster_0026","ALL_CNA","HETDEL",TRUE,"CNA_event_000090","PAURLU",0.167919799498747,"high_resolution_le_50pct",1,FALSE,"3","3","ENSE00003515141"
"ALL_CNA_cluster_0026","ALL_CNA","HETDEL",TRUE,"CNA_event_000091","PAUSIS",0.822055137844611,"low_resolution_75_90pct",2,TRUE,"3;7","3;7","ENSE00003478404;ENSE00003515141"
"ALL_CNA_cluster_0026","ALL_CNA","HETDEL",TRUE,"CNA_event_000092","PAUTBB",0.167919799498747,"high_resolution_le_50pct",1,FALSE,"3","3","ENSE00003515141"
"ALL_CNA_cluster_0026","ALL_CNA","HETDEL",TRUE,"CNA_event_000093","PAUTUL",0.664160401002506,"moderate_resolution_50_75pct",2,TRUE,"3;7","3;7","ENSE00003478404;ENSE00003515141"
"ALL_CNA_cluster_0026","ALL_CNA","HETDEL",TRUE,"CNA_event_000094","PAUUAL",0.167919799498747,"high_resolution_le_50pct",1,FALSE,"3","3","ENSE00003515141"
"ALL_CNA_cluster_0026","ALL_CNA","HOMDEL",TRUE,"CNA_event_000169","PAUUBG",0.167919799498747,"high_resolution_le_50pct",1,FALSE,"3","3","ENSE00003515141"
"ALL_CNA_cluster_0026","ALL_CNA","HETDEL",TRUE,"CNA_event_000095","PAUUIK",0.167919799498747,"high_resolution_le_50pct",1,FALSE,"3","3","ENSE00003515141"
"ALL_CNA_cluster_0026","ALL_CNA","HETDEL",TRUE,"CNA_event_000096","PAUWMZ",0.167919799498747,"high_resolution_le_50pct",1,FALSE,"3","3","ENSE00003515141"
"ALL_CNA_cluster_0026","ALL_CNA","HETDEL",TRUE,"CNA_event_000097","PAUWXI",0.822055137844611,"low_resolution_75_90pct",2,TRUE,"3;7","3;7","ENSE00003478404;ENSE00003515141"
"ALL_CNA_cluster_0026","ALL_CNA","HETDEL",TRUE,"CNA_event_000098","PAUXCW",0.167919799498747,"high_resolution_le_50pct",1,FALSE,"3","3","ENSE00003515141"
"ALL_CNA_cluster_0026","ALL_CNA","HETDEL",TRUE,"CNA_event_000099","PAUXKE",0.167919799498747,"high_resolution_le_50pct",1,FALSE,"3","3","ENSE00003515141"
"ALL_CNA_cluster_0026","ALL_CNA","HETDEL",TRUE,"CNA_event_000100","PAUXRM",0.279030910609858,"high_resolution_le_50pct",1,FALSE,"3","3","ENSE00003515141"
"ALL_CNA_cluster_0026","ALL_CNA","HETDEL",TRUE,"CNA_event_000101","PAUXYI",0.355054302422723,"high_resolution_le_50pct",1,FALSE,"3","3","ENSE00003515141"
"ALL_CNA_cluster_0026","ALL_CNA","HETDEL",TRUE,"CNA_event_000102","PAUYJF",0.425229741019215,"high_resolution_le_50pct",1,FALSE,"3","3","ENSE00003515141"
"ALL_CNA_cluster_0026","ALL_CNA","HOMDEL",TRUE,"CNA_event_000170","PAVBFC",0.167919799498747,"high_resolution_le_50pct",1,FALSE,"3","3","ENSE00003515141"
"ALL_CNA_cluster_0026","ALL_CNA","HETDEL",TRUE,"CNA_event_000104","PAVCRK",0.167919799498747,"high_resolution_le_50pct",1,FALSE,"3","3","ENSE00003515141"
"ALL_CNA_cluster_0026","ALL_CNA","HOMDEL",TRUE,"CNA_event_000171","PAVESF",0.167919799498747,"high_resolution_le_50pct",1,FALSE,"3","3","ENSE00003515141"
"ALL_CNA_cluster_0026","ALL_CNA","HETDEL",TRUE,"CNA_event_000105","PAVFAX",0.167919799498747,"high_resolution_le_50pct",1,FALSE,"3","3","ENSE00003515141"
"ALL_CNA_cluster_0026","ALL_CNA","HETDEL",TRUE,"CNA_event_000106","PAVHAA",0.167919799498747,"high_resolution_le_50pct",1,FALSE,"3","3","ENSE00003515141"
"ALL_CNA_cluster_0026","ALL_CNA","HETDEL",TRUE,"CNA_event_000107","PAVHBL",0.167919799498747,"high_resolution_le_50pct",1,FALSE,"3","3","ENSE00003515141"
"ALL_CNA_cluster_0026","ALL_CNA","HETDEL",TRUE,"CNA_event_000108","PAVHGX",0.167919799498747,"high_resolution_le_50pct",1,FALSE,"3","3","ENSE00003515141"
"ALL_CNA_cluster_0026","ALL_CNA","HOMDEL",TRUE,"CNA_event_000172","PAVKCV",0.167919799498747,"high_resolution_le_50pct",1,FALSE,"3","3","ENSE00003515141"
"ALL_CNA_cluster_0026","ALL_CNA","HETDEL",TRUE,"CNA_event_000112","PAVKPV",0.167919799498747,"high_resolution_le_50pct",1,FALSE,"3","3","ENSE00003515141"
"ALL_CNA_cluster_0026","ALL_CNA","HOMDEL",TRUE,"CNA_event_000173","PAVKWV",0.167919799498747,"high_resolution_le_50pct",1,FALSE,"3","3","ENSE00003515141"
"ALL_CNA_cluster_0026","ALL_CNA","HETDEL",TRUE,"CNA_event_000114","PAVLLU",0.167919799498747,"high_resolution_le_50pct",1,FALSE,"3","3","ENSE00003515141"
"ALL_CNA_cluster_0026","ALL_CNA","HOMDEL",TRUE,"CNA_event_000174","PAVLMY",0.167919799498747,"high_resolution_le_50pct",1,FALSE,"3","3","ENSE00003515141"
"ALL_CNA_cluster_0026","ALL_CNA","HETDEL",TRUE,"CNA_event_000115","PAVMKN",0.167919799498747,"high_resolution_le_50pct",1,FALSE,"3","3","ENSE00003515141"
"ALL_CNA_cluster_0026","ALL_CNA","HETDEL",TRUE,"CNA_event_000116","PAVMPT",0.279030910609858,"high_resolution_le_50pct",1,FALSE,"3","3","ENSE00003515141"
"ALL_CNA_cluster_0026","ALL_CNA","HETDEL",TRUE,"CNA_event_000117","PAVNGZ",0.167919799498747,"high_resolution_le_50pct",1,FALSE,"3","3","ENSE00003515141"
"ALL_CNA_cluster_0026","ALL_CNA","HETDEL",TRUE,"CNA_event_000119","PAVNTB",0.167919799498747,"high_resolution_le_50pct",1,FALSE,"3","3","ENSE00003515141"
"ALL_CNA_cluster_0026","ALL_CNA","HETDEL",TRUE,"CNA_event_000120","PAVPCB",0.206349206349206,"high_resolution_le_50pct",1,FALSE,"3","3","ENSE00003515141"
"ALL_CNA_cluster_0026","ALL_CNA","HETDEL",TRUE,"CNA_event_000121","PAVRXK",0.932330827067669,"very_low_resolution_90_lt_100pct",2,TRUE,"3;7","3;7","ENSE00003478404;ENSE00003515141"
"ALL_CNA_cluster_0026","ALL_CNA","HOMDEL",TRUE,"CNA_event_000175","PAVVBE",0.754385964912281,"low_resolution_75_90pct",2,TRUE,"3;7","3;7","ENSE00003478404;ENSE00003515141"
"ALL_CNA_cluster_0026","ALL_CNA","HOMDEL",TRUE,"CNA_event_000176","PAVVDS",0.167919799498747,"high_resolution_le_50pct",1,FALSE,"3","3","ENSE00003515141"
"ALL_CNA_cluster_0026","ALL_CNA","HETDEL",TRUE,"CNA_event_000124","PAVWDF",0.167919799498747,"high_resolution_le_50pct",1,FALSE,"3","3","ENSE00003515141"
"ALL_CNA_cluster_0026","ALL_CNA","HETDEL",TRUE,"CNA_event_000125","PAVWNL",0.345864661654135,"high_resolution_le_50pct",1,FALSE,"3","3","ENSE00003515141"
"ALL_CNA_cluster_0026","ALL_CNA","HOMDEL",TRUE,"CNA_event_000177","PAVYAZ",0.167919799498747,"high_resolution_le_50pct",1,FALSE,"3","3","ENSE00003515141"
"ALL_CNA_cluster_0026","ALL_CNA","HOMDEL",TRUE,"CNA_event_000178","PAVYGR",0.167919799498747,"high_resolution_le_50pct",1,FALSE,"3","3","ENSE00003515141"
"ALL_CNA_cluster_0026","ALL_CNA","HETDEL",TRUE,"CNA_event_000129","PAVYTZ",0.167919799498747,"high_resolution_le_50pct",1,FALSE,"3","3","ENSE00003515141"
"ALL_CNA_cluster_0026","ALL_CNA","HETDEL",TRUE,"CNA_event_000130","PAVZCF",0.425229741019215,"high_resolution_le_50pct",1,FALSE,"3","3","ENSE00003515141"
"ALL_CNA_cluster_0026","ALL_CNA","HETDEL",TRUE,"CNA_event_000131","PAWAIM",0.167919799498747,"high_resolution_le_50pct",1,FALSE,"3","3","ENSE00003515141"
"ALL_CNA_cluster_0026","ALL_CNA","HETDEL",TRUE,"CNA_event_000132","PAWAIN",0.167919799498747,"high_resolution_le_50pct",1,FALSE,"3","3","ENSE00003515141"
"ALL_CNA_cluster_0026","ALL_CNA","HETDEL",TRUE,"CNA_event_000133","PAWAKA",0.167919799498747,"high_resolution_le_50pct",1,FALSE,"3","3","ENSE00003515141"
"ALL_CNA_cluster_0026","ALL_CNA","HETDEL",TRUE,"CNA_event_000134","PAWDEK",0.167919799498747,"high_resolution_le_50pct",1,FALSE,"3","3","ENSE00003515141"
"ALL_CNA_cluster_0026","ALL_CNA","HETDEL",TRUE,"CNA_event_000135","PAWDMI",0.167919799498747,"high_resolution_le_50pct",1,FALSE,"3","3","ENSE00003515141"
"ALL_CNA_cluster_0026","ALL_CNA","HETDEL",TRUE,"CNA_event_000136","PAWDWJ",0.822055137844611,"low_resolution_75_90pct",2,TRUE,"3;7","3;7","ENSE00003478404;ENSE00003515141"
"ALL_CNA_cluster_0026","ALL_CNA","HETDEL",TRUE,"CNA_event_000137","PAWEEC",0.167919799498747,"high_resolution_le_50pct",1,FALSE,"3","3","ENSE00003515141"
"ALL_CNA_cluster_0026","ALL_CNA","HETDEL",TRUE,"CNA_event_000138","PAWEEX",0.111946532999165,"high_resolution_le_50pct",1,FALSE,"3","3","ENSE00003515141"
"ALL_CNA_cluster_0026","ALL_CNA","HETDEL",TRUE,"CNA_event_000139","PAWESJ",0.345864661654135,"high_resolution_le_50pct",1,FALSE,"3","3","ENSE00003515141"
"ALL_CNA_cluster_0026","ALL_CNA","HETDEL",TRUE,"CNA_event_000140","PAWETD",0.822055137844611,"low_resolution_75_90pct",2,TRUE,"3;7","3;7","ENSE00003478404;ENSE00003515141"
"ALL_CNA_cluster_0026","ALL_CNA","HETDEL",TRUE,"CNA_event_000141","PAWFNJ",0.345864661654135,"high_resolution_le_50pct",1,FALSE,"3","3","ENSE00003515141"
"ALL_CNA_cluster_0026","ALL_CNA","HETDEL",TRUE,"CNA_event_000142","PAWFWF",0.345864661654135,"high_resolution_le_50pct",1,FALSE,"3","3","ENSE00003515141"
"ALL_CNA_cluster_0026","ALL_CNA","HETDEL",TRUE,"CNA_event_000143","PAWGCK",0.167919799498747,"high_resolution_le_50pct",1,FALSE,"3","3","ENSE00003515141"
"ALL_CNA_cluster_0026","ALL_CNA","HETDEL",TRUE,"CNA_event_000144","PAWGIT",0.167919799498747,"high_resolution_le_50pct",1,FALSE,"3","3","ENSE00003515141"
"ALL_CNA_cluster_0026","ALL_CNA","HETDEL",TRUE,"CNA_event_000145","PAWGXM",0.496240601503759,"high_resolution_le_50pct",1,FALSE,"7","7","ENSE00003478404"
"ALL_CNA_cluster_0026","ALL_CNA","HETDEL",TRUE,"CNA_event_000146","PAWGZM",0.167919799498747,"high_resolution_le_50pct",1,FALSE,"3","3","ENSE00003515141"
"ALL_CNA_cluster_0026","ALL_CNA","HETDEL",TRUE,"CNA_event_000147","PAWIWS",0.355054302422723,"high_resolution_le_50pct",1,FALSE,"3","3","ENSE00003515141"
"ALL_CNA_cluster_0026","ALL_CNA","HETDEL",TRUE,"CNA_event_000148","PAWJKX",0.167919799498747,"high_resolution_le_50pct",1,FALSE,"3","3","ENSE00003515141"
"ALL_CNA_cluster_0026","ALL_CNA","HETDEL",TRUE,"CNA_event_000149","PAWJYN",0.345864661654135,"high_resolution_le_50pct",1,FALSE,"3","3","ENSE00003515141"
"ALL_CNA_cluster_0026","ALL_CNA","HOMDEL",TRUE,"CNA_event_000179","PAWKAN",0.167919799498747,"high_resolution_le_50pct",1,FALSE,"3","3","ENSE00003515141"
"ALL_CNA_cluster_0027","ALL_CNA","HETDEL",TRUE,"CNA_event_000001","PARFLD",0.167919799498747,"high_resolution_le_50pct",1,FALSE,"3","3","ENSE00003515141"
"ALL_CNA_cluster_0027","ALL_CNA","HETDEL",TRUE,"CNA_event_000002","PARJAY",0.167919799498747,"high_resolution_le_50pct",1,FALSE,"3","3","ENSE00003515141"
"ALL_CNA_cluster_0027","ALL_CNA","HETDEL",TRUE,"CNA_event_000003","PARJPL",0.167919799498747,"high_resolution_le_50pct",1,FALSE,"3","3","ENSE00003515141"
"ALL_CNA_cluster_0027","ALL_CNA","HETDEL",TRUE,"CNA_event_000004","PARNXJ",0.822055137844611,"low_resolution_75_90pct",2,TRUE,"3;4","3;4","ENSE00003515141;ENSE00003558404"
"ALL_CNA_cluster_0027","ALL_CNA","HETDEL",TRUE,"CNA_event_000005","PARPET",0.167919799498747,"high_resolution_le_50pct",1,FALSE,"3","3","ENSE00003515141"
"ALL_CNA_cluster_0027","ALL_CNA","HOMDEL",TRUE,"CNA_event_000150","PARSLA",0.167919799498747,"high_resolution_le_50pct",1,FALSE,"3","3","ENSE00003515141"
"ALL_CNA_cluster_0027","ALL_CNA","HETDEL",TRUE,"CNA_event_000007","PARSNX",0.289891395154553,"high_resolution_le_50pct",1,FALSE,"3","3","ENSE00003515141"
"ALL_CNA_cluster_0027","ALL_CNA","HETDEL",TRUE,"CNA_event_000008","PARWNW",0.654135338345865,"moderate_resolution_50_75pct",1,FALSE,"4","4","ENSE00003558404"
"ALL_CNA_cluster_0027","ALL_CNA","HOMDEL",TRUE,"CNA_event_000151","PARWNW",0.167919799498747,"high_resolution_le_50pct",1,FALSE,"3","3","ENSE00003515141"
"ALL_CNA_cluster_0027","ALL_CNA","HETDEL",TRUE,"CNA_event_000009","PARXDJ",0.167919799498747,"high_resolution_le_50pct",1,FALSE,"3","3","ENSE00003515141"
"ALL_CNA_cluster_0027","ALL_CNA","HETDEL",TRUE,"CNA_event_000010","PARXPZ",0.822055137844611,"low_resolution_75_90pct",2,TRUE,"3;4","3;4","ENSE00003515141;ENSE00003558404"
"ALL_CNA_cluster_0027","ALL_CNA","HETDEL",TRUE,"CNA_event_000011","PASGDZ",0.167919799498747,"high_resolution_le_50pct",1,FALSE,"3","3","ENSE00003515141"
"ALL_CNA_cluster_0027","ALL_CNA","HETDEL",TRUE,"CNA_event_000012","PASGUH",0.167919799498747,"high_resolution_le_50pct",1,FALSE,"3","3","ENSE00003515141"
"ALL_CNA_cluster_0027","ALL_CNA","HOMDEL",TRUE,"CNA_event_000152","PASILW",0.167919799498747,"high_resolution_le_50pct",1,FALSE,"3","3","ENSE00003515141"
"ALL_CNA_cluster_0027","ALL_CNA","HETDEL",TRUE,"CNA_event_000015","PASINX",0.345864661654135,"high_resolution_le_50pct",1,FALSE,"3","3","ENSE00003515141"
"ALL_CNA_cluster_0027","ALL_CNA","HETDEL",TRUE,"CNA_event_000016","PASIPN",0.111946532999165,"high_resolution_le_50pct",1,FALSE,"3","3","ENSE00003515141"
"ALL_CNA_cluster_0027","ALL_CNA","HETDEL",TRUE,"CNA_event_000018","PASJGV",0.167919799498747,"high_resolution_le_50pct",1,FALSE,"3","3","ENSE00003515141"
"ALL_CNA_cluster_0027","ALL_CNA","HETDEL",TRUE,"CNA_event_000019","PASKAD",0.654135338345865,"moderate_resolution_50_75pct",1,FALSE,"4","4","ENSE00003558404"
"ALL_CNA_cluster_0027","ALL_CNA","HOMDEL",TRUE,"CNA_event_000153","PASKAD",0.167919799498747,"high_resolution_le_50pct",1,FALSE,"3","3","ENSE00003515141"
"ALL_CNA_cluster_0027","ALL_CNA","HETDEL",TRUE,"CNA_event_000020","PASKLU",0.111111111111111,"high_resolution_le_50pct",1,FALSE,"4","4","ENSE00003558404"
"ALL_CNA_cluster_0027","ALL_CNA","HOMDEL",TRUE,"CNA_event_000154","PASKLU",0.167919799498747,"high_resolution_le_50pct",1,FALSE,"3","3","ENSE00003515141"
"ALL_CNA_cluster_0027","ALL_CNA","HETDEL",TRUE,"CNA_event_000021","PASKWG",0.654135338345865,"moderate_resolution_50_75pct",1,FALSE,"4","4","ENSE00003558404"
"ALL_CNA_cluster_0027","ALL_CNA","HOMDEL",TRUE,"CNA_event_000155","PASKWG",0.167919799498747,"high_resolution_le_50pct",1,FALSE,"3","3","ENSE00003515141"
"ALL_CNA_cluster_0027","ALL_CNA","HETDEL",TRUE,"CNA_event_000022","PASKXA",0.167919799498747,"high_resolution_le_50pct",1,FALSE,"3","3","ENSE00003515141"
"ALL_CNA_cluster_0027","ALL_CNA","HETDEL",TRUE,"CNA_event_000023","PASLXY",0.345864661654135,"high_resolution_le_50pct",1,FALSE,"3","3","ENSE00003515141"
"ALL_CNA_cluster_0027","ALL_CNA","HETDEL",TRUE,"CNA_event_000024","PASPDS",0.355054302422723,"high_resolution_le_50pct",2,TRUE,"3;4","3;4","ENSE00003515141;ENSE00003558404"
"ALL_CNA_cluster_0027","ALL_CNA","HETDEL",TRUE,"CNA_event_000025","PASPLG",0.425229741019215,"high_resolution_le_50pct",2,TRUE,"3;4","3;4","ENSE00003515141;ENSE00003558404"
"ALL_CNA_cluster_0027","ALL_CNA","HETDEL",TRUE,"CNA_event_000026","PASPNW",0.822055137844611,"low_resolution_75_90pct",2,TRUE,"3;4","3;4","ENSE00003515141;ENSE00003558404"
"ALL_CNA_cluster_0027","ALL_CNA","HETDEL",TRUE,"CNA_event_000027","PASRAF",0.167919799498747,"high_resolution_le_50pct",1,FALSE,"3","3","ENSE00003515141"
"ALL_CNA_cluster_0027","ALL_CNA","HETDEL",TRUE,"CNA_event_000028","PASRMM",0.345864661654135,"high_resolution_le_50pct",1,FALSE,"3","3","ENSE00003515141"
"ALL_CNA_cluster_0027","ALL_CNA","HOMDEL",TRUE,"CNA_event_000156","PASRPV",0.345864661654135,"high_resolution_le_50pct",1,FALSE,"3","3","ENSE00003515141"
"ALL_CNA_cluster_0027","ALL_CNA","HETDEL",TRUE,"CNA_event_000030","PASRSE",0.167919799498747,"high_resolution_le_50pct",1,FALSE,"3","3","ENSE00003515141"
"ALL_CNA_cluster_0027","ALL_CNA","HETDEL",TRUE,"CNA_event_000031","PASRUK",0.167919799498747,"high_resolution_le_50pct",1,FALSE,"3","3","ENSE00003515141"
"ALL_CNA_cluster_0027","ALL_CNA","HETDEL",TRUE,"CNA_event_000032","PASTCH",0.456975772765246,"high_resolution_le_50pct",2,TRUE,"3;4","3;4","ENSE00003515141;ENSE00003558404"
"ALL_CNA_cluster_0027","ALL_CNA","HETDEL",TRUE,"CNA_event_000033","PASTHE",0.425229741019215,"high_resolution_le_50pct",2,TRUE,"3;4","3;4","ENSE00003515141;ENSE00003558404"
"ALL_CNA_cluster_0027","ALL_CNA","HETDEL",TRUE,"CNA_event_000034","PASUSV",0.822055137844611,"low_resolution_75_90pct",2,TRUE,"3;4","3;4","ENSE00003515141;ENSE00003558404"
"ALL_CNA_cluster_0027","ALL_CNA","HETDEL",TRUE,"CNA_event_000035","PASVWH",0.167919799498747,"high_resolution_le_50pct",1,FALSE,"3","3","ENSE00003515141"
"ALL_CNA_cluster_0027","ALL_CNA","HETDEL",TRUE,"CNA_event_000036","PASVZJ",0.167919799498747,"high_resolution_le_50pct",1,FALSE,"3","3","ENSE00003515141"
"ALL_CNA_cluster_0027","ALL_CNA","HETDEL",TRUE,"CNA_event_000037","PASWXB",0.167919799498747,"high_resolution_le_50pct",1,FALSE,"3","3","ENSE00003515141"
"ALL_CNA_cluster_0027","ALL_CNA","HETDEL",TRUE,"CNA_event_000038","PASWYU",0.586466165413534,"moderate_resolution_50_75pct",1,FALSE,"4","4","ENSE00003558404"
"ALL_CNA_cluster_0027","ALL_CNA","HOMDEL",TRUE,"CNA_event_000157","PASWYU",0.167919799498747,"high_resolution_le_50pct",1,FALSE,"3","3","ENSE00003515141"
"ALL_CNA_cluster_0027","ALL_CNA","HETDEL",TRUE,"CNA_event_000039","PASYNX",0.360066833751044,"high_resolution_le_50pct",1,FALSE,"4","4","ENSE00003558404"
"ALL_CNA_cluster_0027","ALL_CNA","HETDEL",TRUE,"CNA_event_000040","PASYSJ",0.167919799498747,"high_resolution_le_50pct",1,FALSE,"3","3","ENSE00003515141"
"ALL_CNA_cluster_0027","ALL_CNA","HETDEL",TRUE,"CNA_event_000041","PASYVU",0.167919799498747,"high_resolution_le_50pct",1,FALSE,"3","3","ENSE00003515141"
"ALL_CNA_cluster_0027","ALL_CNA","HETDEL",TRUE,"CNA_event_000042","PASYWF",0.654135338345865,"moderate_resolution_50_75pct",1,FALSE,"4","4","ENSE00003558404"
"ALL_CNA_cluster_0027","ALL_CNA","HOMDEL",TRUE,"CNA_event_000158","PASYWF",0.167919799498747,"high_resolution_le_50pct",1,FALSE,"3","3","ENSE00003515141"
"ALL_CNA_cluster_0027","ALL_CNA","HETDEL",TRUE,"CNA_event_000043","PASZAY",0.167919799498747,"high_resolution_le_50pct",1,FALSE,"3","3","ENSE00003515141"
"ALL_CNA_cluster_0027","ALL_CNA","HETDEL",TRUE,"CNA_event_000044","PATALF",0.425229741019215,"high_resolution_le_50pct",2,TRUE,"3;4","3;4","ENSE00003515141;ENSE00003558404"
"ALL_CNA_cluster_0027","ALL_CNA","HETDEL",TRUE,"CNA_event_000045","PATBTX",0.167919799498747,"high_resolution_le_50pct",1,FALSE,"3","3","ENSE00003515141"
"ALL_CNA_cluster_0027","ALL_CNA","HETDEL",TRUE,"CNA_event_000046","PATCTR",0.257309941520468,"high_resolution_le_50pct",1,FALSE,"4","4","ENSE00003558404"
"ALL_CNA_cluster_0027","ALL_CNA","HOMDEL",TRUE,"CNA_event_000159","PATCTR",0.345864661654135,"high_resolution_le_50pct",1,FALSE,"3","3","ENSE00003515141"
"ALL_CNA_cluster_0027","ALL_CNA","HETDEL",TRUE,"CNA_event_000047","PATDTN",0.167919799498747,"high_resolution_le_50pct",1,FALSE,"3","3","ENSE00003515141"
"ALL_CNA_cluster_0027","ALL_CNA","HETDEL",TRUE,"CNA_event_000048","PATFPU",0.167919799498747,"high_resolution_le_50pct",1,FALSE,"3","3","ENSE00003515141"
"ALL_CNA_cluster_0027","ALL_CNA","HOMDEL",TRUE,"CNA_event_000160","PATGBY",0.167919799498747,"high_resolution_le_50pct",1,FALSE,"3","3","ENSE00003515141"
"ALL_CNA_cluster_0027","ALL_CNA","HETDEL",TRUE,"CNA_event_000050","PATHFE",0.822055137844611,"low_resolution_75_90pct",2,TRUE,"3;4","3;4","ENSE00003515141;ENSE00003558404"
"ALL_CNA_cluster_0027","ALL_CNA","HETDEL",TRUE,"CNA_event_000052","PATJLY",0.355054302422723,"high_resolution_le_50pct",2,TRUE,"3;4","3;4","ENSE00003515141;ENSE00003558404"
"ALL_CNA_cluster_0027","ALL_CNA","HOMDEL",TRUE,"CNA_event_000161","PATJRX",0.167919799498747,"high_resolution_le_50pct",1,FALSE,"3","3","ENSE00003515141"
"ALL_CNA_cluster_0027","ALL_CNA","HOMDEL",TRUE,"CNA_event_000162","PATKVD",0.167919799498747,"high_resolution_le_50pct",1,FALSE,"3","3","ENSE00003515141"
"ALL_CNA_cluster_0027","ALL_CNA","HETDEL",TRUE,"CNA_event_000054","PATKZH",0.345864661654135,"high_resolution_le_50pct",1,FALSE,"3","3","ENSE00003515141"
"ALL_CNA_cluster_0027","ALL_CNA","HETDEL",TRUE,"CNA_event_000055","PATLLH",0.425229741019215,"high_resolution_le_50pct",2,TRUE,"3;4","3;4","ENSE00003515141;ENSE00003558404"
"ALL_CNA_cluster_0027","ALL_CNA","HETDEL",TRUE,"CNA_event_000057","PATPDA",0.664160401002506,"moderate_resolution_50_75pct",2,TRUE,"3;4","3;4","ENSE00003515141;ENSE00003558404"
"ALL_CNA_cluster_0027","ALL_CNA","HETDEL",TRUE,"CNA_event_000058","PATRAB",0.167919799498747,"high_resolution_le_50pct",1,FALSE,"3","3","ENSE00003515141"
"ALL_CNA_cluster_0027","ALL_CNA","HETDEL",TRUE,"CNA_event_000059","PATRKV",0.223057644110276,"high_resolution_le_50pct",2,TRUE,"3;4","3;4","ENSE00003515141;ENSE00003558404"
"ALL_CNA_cluster_0027","ALL_CNA","HETDEL",TRUE,"CNA_event_000060","PATSPG",0.345864661654135,"high_resolution_le_50pct",1,FALSE,"3","3","ENSE00003515141"
"ALL_CNA_cluster_0027","ALL_CNA","HETDEL",TRUE,"CNA_event_000061","PATWJU",0.167919799498747,"high_resolution_le_50pct",1,FALSE,"3","3","ENSE00003515141"
"ALL_CNA_cluster_0027","ALL_CNA","HOMDEL",TRUE,"CNA_event_000163","PATYWV",0.167919799498747,"high_resolution_le_50pct",1,FALSE,"3","3","ENSE00003515141"
"ALL_CNA_cluster_0027","ALL_CNA","HETDEL",TRUE,"CNA_event_000063","PATZST",0.167919799498747,"high_resolution_le_50pct",1,FALSE,"3","3","ENSE00003515141"
"ALL_CNA_cluster_0027","ALL_CNA","HETDEL",TRUE,"CNA_event_000064","PATZYR",0.167919799498747,"high_resolution_le_50pct",1,FALSE,"3","3","ENSE00003515141"
"ALL_CNA_cluster_0027","ALL_CNA","HETDEL",TRUE,"CNA_event_000065","PAUAKN",0.167919799498747,"high_resolution_le_50pct",1,FALSE,"3","3","ENSE00003515141"
"ALL_CNA_cluster_0027","ALL_CNA","HETDEL",TRUE,"CNA_event_000066","PAUAZV",0.167919799498747,"high_resolution_le_50pct",1,FALSE,"3","3","ENSE00003515141"
"ALL_CNA_cluster_0027","ALL_CNA","HETDEL",TRUE,"CNA_event_000067","PAUBCT",0.167919799498747,"high_resolution_le_50pct",1,FALSE,"3","3","ENSE00003515141"
"ALL_CNA_cluster_0027","ALL_CNA","HOMDEL",TRUE,"CNA_event_000164","PAUBTC",0.167919799498747,"high_resolution_le_50pct",1,FALSE,"3","3","ENSE00003515141"
"ALL_CNA_cluster_0027","ALL_CNA","HETDEL",TRUE,"CNA_event_000070","PAUCDC",0.822055137844611,"low_resolution_75_90pct",2,TRUE,"3;4","3;4","ENSE00003515141;ENSE00003558404"
"ALL_CNA_cluster_0027","ALL_CNA","HETDEL",TRUE,"CNA_event_000071","PAUEDT",0.167919799498747,"high_resolution_le_50pct",1,FALSE,"3","3","ENSE00003515141"
"ALL_CNA_cluster_0027","ALL_CNA","HOMDEL",TRUE,"CNA_event_000165","PAUEUC",0.167919799498747,"high_resolution_le_50pct",1,FALSE,"3","3","ENSE00003515141"
"ALL_CNA_cluster_0027","ALL_CNA","HETDEL",TRUE,"CNA_event_000074","PAUEVJ",0.167919799498747,"high_resolution_le_50pct",1,FALSE,"3","3","ENSE00003515141"
"ALL_CNA_cluster_0027","ALL_CNA","HETDEL",TRUE,"CNA_event_000075","PAUEXN",0.206349206349206,"high_resolution_le_50pct",1,FALSE,"3","3","ENSE00003515141"
"ALL_CNA_cluster_0027","ALL_CNA","HETDEL",TRUE,"CNA_event_000077","PAUGDT",0.167919799498747,"high_resolution_le_50pct",1,FALSE,"3","3","ENSE00003515141"
"ALL_CNA_cluster_0027","ALL_CNA","HETDEL",TRUE,"CNA_event_000078","PAUGLY",0.345864661654135,"high_resolution_le_50pct",1,FALSE,"3","3","ENSE00003515141"
"ALL_CNA_cluster_0027","ALL_CNA","HETDEL",TRUE,"CNA_event_000079","PAUIEM",0.654135338345865,"moderate_resolution_50_75pct",1,FALSE,"4","4","ENSE00003558404"
"ALL_CNA_cluster_0027","ALL_CNA","HOMDEL",TRUE,"CNA_event_000166","PAUIEM",0.167919799498747,"high_resolution_le_50pct",1,FALSE,"3","3","ENSE00003515141"
"ALL_CNA_cluster_0027","ALL_CNA","HETDEL",TRUE,"CNA_event_000080","PAUIFA",0.167919799498747,"high_resolution_le_50pct",1,FALSE,"3","3","ENSE00003515141"
"ALL_CNA_cluster_0027","ALL_CNA","HETDEL",TRUE,"CNA_event_000081","PAUJVL",0.345864661654135,"high_resolution_le_50pct",1,FALSE,"3","3","ENSE00003515141"
"ALL_CNA_cluster_0027","ALL_CNA","HETDEL",TRUE,"CNA_event_000083","PAUKZJ",0.608187134502924,"moderate_resolution_50_75pct",2,TRUE,"3;4","3;4","ENSE00003515141;ENSE00003558404"
"ALL_CNA_cluster_0027","ALL_CNA","HETDEL",TRUE,"CNA_event_000084","PAULCK",0.167919799498747,"high_resolution_le_50pct",1,FALSE,"3","3","ENSE00003515141"
"ALL_CNA_cluster_0027","ALL_CNA","HOMDEL",TRUE,"CNA_event_000167","PAULGX",0.603174603174603,"moderate_resolution_50_75pct",2,TRUE,"3;4","3;4","ENSE00003515141;ENSE00003558404"
"ALL_CNA_cluster_0027","ALL_CNA","HOMDEL",TRUE,"CNA_event_000168","PAUMIB",0.345864661654135,"high_resolution_le_50pct",1,FALSE,"3","3","ENSE00003515141"
"ALL_CNA_cluster_0027","ALL_CNA","HETDEL",TRUE,"CNA_event_000087","PAUMLX",0.345864661654135,"high_resolution_le_50pct",1,FALSE,"3","3","ENSE00003515141"
"ALL_CNA_cluster_0027","ALL_CNA","HETDEL",TRUE,"CNA_event_000088","PAUMXB",0.345864661654135,"high_resolution_le_50pct",1,FALSE,"3","3","ENSE00003515141"
"ALL_CNA_cluster_0027","ALL_CNA","HETDEL",TRUE,"CNA_event_000089","PAUPUW",0.167919799498747,"high_resolution_le_50pct",1,FALSE,"3","3","ENSE00003515141"
"ALL_CNA_cluster_0027","ALL_CNA","HETDEL",TRUE,"CNA_event_000090","PAURLU",0.167919799498747,"high_resolution_le_50pct",1,FALSE,"3","3","ENSE00003515141"
"ALL_CNA_cluster_0027","ALL_CNA","HETDEL",TRUE,"CNA_event_000091","PAUSIS",0.822055137844611,"low_resolution_75_90pct",2,TRUE,"3;4","3;4","ENSE00003515141;ENSE00003558404"
"ALL_CNA_cluster_0027","ALL_CNA","HETDEL",TRUE,"CNA_event_000092","PAUTBB",0.167919799498747,"high_resolution_le_50pct",1,FALSE,"3","3","ENSE00003515141"
"ALL_CNA_cluster_0027","ALL_CNA","HETDEL",TRUE,"CNA_event_000093","PAUTUL",0.664160401002506,"moderate_resolution_50_75pct",2,TRUE,"3;4","3;4","ENSE00003515141;ENSE00003558404"
"ALL_CNA_cluster_0027","ALL_CNA","HETDEL",TRUE,"CNA_event_000094","PAUUAL",0.167919799498747,"high_resolution_le_50pct",1,FALSE,"3","3","ENSE00003515141"
"ALL_CNA_cluster_0027","ALL_CNA","HOMDEL",TRUE,"CNA_event_000169","PAUUBG",0.167919799498747,"high_resolution_le_50pct",1,FALSE,"3","3","ENSE00003515141"
"ALL_CNA_cluster_0027","ALL_CNA","HETDEL",TRUE,"CNA_event_000095","PAUUIK",0.167919799498747,"high_resolution_le_50pct",1,FALSE,"3","3","ENSE00003515141"
"ALL_CNA_cluster_0027","ALL_CNA","HETDEL",TRUE,"CNA_event_000096","PAUWMZ",0.167919799498747,"high_resolution_le_50pct",1,FALSE,"3","3","ENSE00003515141"
"ALL_CNA_cluster_0027","ALL_CNA","HETDEL",TRUE,"CNA_event_000097","PAUWXI",0.822055137844611,"low_resolution_75_90pct",2,TRUE,"3;4","3;4","ENSE00003515141;ENSE00003558404"
"ALL_CNA_cluster_0027","ALL_CNA","HETDEL",TRUE,"CNA_event_000098","PAUXCW",0.167919799498747,"high_resolution_le_50pct",1,FALSE,"3","3","ENSE00003515141"
"ALL_CNA_cluster_0027","ALL_CNA","HETDEL",TRUE,"CNA_event_000099","PAUXKE",0.167919799498747,"high_resolution_le_50pct",1,FALSE,"3","3","ENSE00003515141"
"ALL_CNA_cluster_0027","ALL_CNA","HETDEL",TRUE,"CNA_event_000100","PAUXRM",0.279030910609858,"high_resolution_le_50pct",2,TRUE,"3;4","3;4","ENSE00003515141;ENSE00003558404"
"ALL_CNA_cluster_0027","ALL_CNA","HETDEL",TRUE,"CNA_event_000101","PAUXYI",0.355054302422723,"high_resolution_le_50pct",2,TRUE,"3;4","3;4","ENSE00003515141;ENSE00003558404"
"ALL_CNA_cluster_0027","ALL_CNA","HETDEL",TRUE,"CNA_event_000102","PAUYJF",0.425229741019215,"high_resolution_le_50pct",2,TRUE,"3;4","3;4","ENSE00003515141;ENSE00003558404"
"ALL_CNA_cluster_0027","ALL_CNA","HOMDEL",TRUE,"CNA_event_000170","PAVBFC",0.167919799498747,"high_resolution_le_50pct",1,FALSE,"3","3","ENSE00003515141"
"ALL_CNA_cluster_0027","ALL_CNA","HETDEL",TRUE,"CNA_event_000104","PAVCRK",0.167919799498747,"high_resolution_le_50pct",1,FALSE,"3","3","ENSE00003515141"
"ALL_CNA_cluster_0027","ALL_CNA","HOMDEL",TRUE,"CNA_event_000171","PAVESF",0.167919799498747,"high_resolution_le_50pct",1,FALSE,"3","3","ENSE00003515141"
"ALL_CNA_cluster_0027","ALL_CNA","HETDEL",TRUE,"CNA_event_000105","PAVFAX",0.167919799498747,"high_resolution_le_50pct",1,FALSE,"3","3","ENSE00003515141"
"ALL_CNA_cluster_0027","ALL_CNA","HETDEL",TRUE,"CNA_event_000106","PAVHAA",0.167919799498747,"high_resolution_le_50pct",1,FALSE,"3","3","ENSE00003515141"
"ALL_CNA_cluster_0027","ALL_CNA","HETDEL",TRUE,"CNA_event_000107","PAVHBL",0.167919799498747,"high_resolution_le_50pct",1,FALSE,"3","3","ENSE00003515141"
"ALL_CNA_cluster_0027","ALL_CNA","HETDEL",TRUE,"CNA_event_000108","PAVHGX",0.167919799498747,"high_resolution_le_50pct",1,FALSE,"3","3","ENSE00003515141"
"ALL_CNA_cluster_0027","ALL_CNA","HOMDEL",TRUE,"CNA_event_000172","PAVKCV",0.167919799498747,"high_resolution_le_50pct",1,FALSE,"3","3","ENSE00003515141"
"ALL_CNA_cluster_0027","ALL_CNA","HETDEL",TRUE,"CNA_event_000112","PAVKPV",0.167919799498747,"high_resolution_le_50pct",1,FALSE,"3","3","ENSE00003515141"
"ALL_CNA_cluster_0027","ALL_CNA","HOMDEL",TRUE,"CNA_event_000173","PAVKWV",0.167919799498747,"high_resolution_le_50pct",1,FALSE,"3","3","ENSE00003515141"
"ALL_CNA_cluster_0027","ALL_CNA","HETDEL",TRUE,"CNA_event_000114","PAVLLU",0.167919799498747,"high_resolution_le_50pct",1,FALSE,"3","3","ENSE00003515141"
"ALL_CNA_cluster_0027","ALL_CNA","HOMDEL",TRUE,"CNA_event_000174","PAVLMY",0.167919799498747,"high_resolution_le_50pct",1,FALSE,"3","3","ENSE00003515141"
"ALL_CNA_cluster_0027","ALL_CNA","HETDEL",TRUE,"CNA_event_000115","PAVMKN",0.167919799498747,"high_resolution_le_50pct",1,FALSE,"3","3","ENSE00003515141"
"ALL_CNA_cluster_0027","ALL_CNA","HETDEL",TRUE,"CNA_event_000116","PAVMPT",0.279030910609858,"high_resolution_le_50pct",2,TRUE,"3;4","3;4","ENSE00003515141;ENSE00003558404"
"ALL_CNA_cluster_0027","ALL_CNA","HETDEL",TRUE,"CNA_event_000117","PAVNGZ",0.167919799498747,"high_resolution_le_50pct",1,FALSE,"3","3","ENSE00003515141"
"ALL_CNA_cluster_0027","ALL_CNA","HETDEL",TRUE,"CNA_event_000119","PAVNTB",0.167919799498747,"high_resolution_le_50pct",1,FALSE,"3","3","ENSE00003515141"
"ALL_CNA_cluster_0027","ALL_CNA","HETDEL",TRUE,"CNA_event_000120","PAVPCB",0.206349206349206,"high_resolution_le_50pct",1,FALSE,"3","3","ENSE00003515141"
"ALL_CNA_cluster_0027","ALL_CNA","HETDEL",TRUE,"CNA_event_000121","PAVRXK",0.932330827067669,"very_low_resolution_90_lt_100pct",2,TRUE,"3;4","3;4","ENSE00003515141;ENSE00003558404"
"ALL_CNA_cluster_0027","ALL_CNA","HOMDEL",TRUE,"CNA_event_000175","PAVVBE",0.754385964912281,"low_resolution_75_90pct",2,TRUE,"3;4","3;4","ENSE00003515141;ENSE00003558404"
"ALL_CNA_cluster_0027","ALL_CNA","HETDEL",TRUE,"CNA_event_000123","PAVVDS",0.257309941520468,"high_resolution_le_50pct",1,FALSE,"4","4","ENSE00003558404"
"ALL_CNA_cluster_0027","ALL_CNA","HOMDEL",TRUE,"CNA_event_000176","PAVVDS",0.167919799498747,"high_resolution_le_50pct",1,FALSE,"3","3","ENSE00003515141"
"ALL_CNA_cluster_0027","ALL_CNA","HETDEL",TRUE,"CNA_event_000124","PAVWDF",0.167919799498747,"high_resolution_le_50pct",1,FALSE,"3","3","ENSE00003515141"
"ALL_CNA_cluster_0027","ALL_CNA","HETDEL",TRUE,"CNA_event_000125","PAVWNL",0.345864661654135,"high_resolution_le_50pct",1,FALSE,"3","3","ENSE00003515141"
"ALL_CNA_cluster_0027","ALL_CNA","HOMDEL",TRUE,"CNA_event_000177","PAVYAZ",0.167919799498747,"high_resolution_le_50pct",1,FALSE,"3","3","ENSE00003515141"
"ALL_CNA_cluster_0027","ALL_CNA","HOMDEL",TRUE,"CNA_event_000178","PAVYGR",0.167919799498747,"high_resolution_le_50pct",1,FALSE,"3","3","ENSE00003515141"
"ALL_CNA_cluster_0027","ALL_CNA","HETDEL",TRUE,"CNA_event_000129","PAVYTZ",0.167919799498747,"high_resolution_le_50pct",1,FALSE,"3","3","ENSE00003515141"
"ALL_CNA_cluster_0027","ALL_CNA","HETDEL",TRUE,"CNA_event_000130","PAVZCF",0.425229741019215,"high_resolution_le_50pct",2,TRUE,"3;4","3;4","ENSE00003515141;ENSE00003558404"
"ALL_CNA_cluster_0027","ALL_CNA","HETDEL",TRUE,"CNA_event_000131","PAWAIM",0.167919799498747,"high_resolution_le_50pct",1,FALSE,"3","3","ENSE00003515141"
"ALL_CNA_cluster_0027","ALL_CNA","HETDEL",TRUE,"CNA_event_000132","PAWAIN",0.167919799498747,"high_resolution_le_50pct",1,FALSE,"3","3","ENSE00003515141"
"ALL_CNA_cluster_0027","ALL_CNA","HETDEL",TRUE,"CNA_event_000133","PAWAKA",0.167919799498747,"high_resolution_le_50pct",1,FALSE,"3","3","ENSE00003515141"
"ALL_CNA_cluster_0027","ALL_CNA","HETDEL",TRUE,"CNA_event_000134","PAWDEK",0.167919799498747,"high_resolution_le_50pct",1,FALSE,"3","3","ENSE00003515141"
"ALL_CNA_cluster_0027","ALL_CNA","HETDEL",TRUE,"CNA_event_000135","PAWDMI",0.167919799498747,"high_resolution_le_50pct",1,FALSE,"3","3","ENSE00003515141"
"ALL_CNA_cluster_0027","ALL_CNA","HETDEL",TRUE,"CNA_event_000136","PAWDWJ",0.822055137844611,"low_resolution_75_90pct",2,TRUE,"3;4","3;4","ENSE00003515141;ENSE00003558404"
"ALL_CNA_cluster_0027","ALL_CNA","HETDEL",TRUE,"CNA_event_000137","PAWEEC",0.167919799498747,"high_resolution_le_50pct",1,FALSE,"3","3","ENSE00003515141"
"ALL_CNA_cluster_0027","ALL_CNA","HETDEL",TRUE,"CNA_event_000138","PAWEEX",0.111946532999165,"high_resolution_le_50pct",1,FALSE,"3","3","ENSE00003515141"
"ALL_CNA_cluster_0027","ALL_CNA","HETDEL",TRUE,"CNA_event_000139","PAWESJ",0.345864661654135,"high_resolution_le_50pct",1,FALSE,"3","3","ENSE00003515141"
"ALL_CNA_cluster_0027","ALL_CNA","HETDEL",TRUE,"CNA_event_000140","PAWETD",0.822055137844611,"low_resolution_75_90pct",2,TRUE,"3;4","3;4","ENSE00003515141;ENSE00003558404"
"ALL_CNA_cluster_0027","ALL_CNA","HETDEL",TRUE,"CNA_event_000141","PAWFNJ",0.345864661654135,"high_resolution_le_50pct",1,FALSE,"3","3","ENSE00003515141"
"ALL_CNA_cluster_0027","ALL_CNA","HETDEL",TRUE,"CNA_event_000142","PAWFWF",0.345864661654135,"high_resolution_le_50pct",1,FALSE,"3","3","ENSE00003515141"
"ALL_CNA_cluster_0027","ALL_CNA","HETDEL",TRUE,"CNA_event_000143","PAWGCK",0.167919799498747,"high_resolution_le_50pct",1,FALSE,"3","3","ENSE00003515141"
"ALL_CNA_cluster_0027","ALL_CNA","HETDEL",TRUE,"CNA_event_000144","PAWGIT",0.167919799498747,"high_resolution_le_50pct",1,FALSE,"3","3","ENSE00003515141"
"ALL_CNA_cluster_0027","ALL_CNA","HETDEL",TRUE,"CNA_event_000145","PAWGXM",0.496240601503759,"high_resolution_le_50pct",1,FALSE,"4","4","ENSE00003558404"
"ALL_CNA_cluster_0027","ALL_CNA","HETDEL",TRUE,"CNA_event_000146","PAWGZM",0.167919799498747,"high_resolution_le_50pct",1,FALSE,"3","3","ENSE00003515141"
"ALL_CNA_cluster_0027","ALL_CNA","HETDEL",TRUE,"CNA_event_000147","PAWIWS",0.355054302422723,"high_resolution_le_50pct",2,TRUE,"3;4","3;4","ENSE00003515141;ENSE00003558404"
"ALL_CNA_cluster_0027","ALL_CNA","HETDEL",TRUE,"CNA_event_000148","PAWJKX",0.167919799498747,"high_resolution_le_50pct",1,FALSE,"3","3","ENSE00003515141"
"ALL_CNA_cluster_0027","ALL_CNA","HETDEL",TRUE,"CNA_event_000149","PAWJYN",0.345864661654135,"high_resolution_le_50pct",1,FALSE,"3","3","ENSE00003515141"
"ALL_CNA_cluster_0027","ALL_CNA","HOMDEL",TRUE,"CNA_event_000179","PAWKAN",0.167919799498747,"high_resolution_le_50pct",1,FALSE,"3","3","ENSE00003515141"
"ALL_CNA_cluster_0028","ALL_CNA","HETDEL",TRUE,"CNA_event_000001","PARFLD",0.167919799498747,"high_resolution_le_50pct",2,TRUE,"2;3","2;3","ENSE00003515141;ENSE00003638064"
"ALL_CNA_cluster_0028","ALL_CNA","HETDEL",TRUE,"CNA_event_000002","PARJAY",0.167919799498747,"high_resolution_le_50pct",2,TRUE,"2;3","2;3","ENSE00003515141;ENSE00003638064"
"ALL_CNA_cluster_0028","ALL_CNA","HETDEL",TRUE,"CNA_event_000003","PARJPL",0.167919799498747,"high_resolution_le_50pct",2,TRUE,"2;3","2;3","ENSE00003515141;ENSE00003638064"
"ALL_CNA_cluster_0028","ALL_CNA","HETDEL",TRUE,"CNA_event_000004","PARNXJ",0.822055137844611,"low_resolution_75_90pct",3,TRUE,"2;3;7","2;3;7","ENSE00003478404;ENSE00003515141;ENSE00003638064"
"ALL_CNA_cluster_0028","ALL_CNA","HETDEL",TRUE,"CNA_event_000005","PARPET",0.167919799498747,"high_resolution_le_50pct",2,TRUE,"2;3","2;3","ENSE00003515141;ENSE00003638064"
"ALL_CNA_cluster_0028","ALL_CNA","HOMDEL",TRUE,"CNA_event_000150","PARSLA",0.167919799498747,"high_resolution_le_50pct",2,TRUE,"2;3","2;3","ENSE00003515141;ENSE00003638064"
"ALL_CNA_cluster_0028","ALL_CNA","HETDEL",TRUE,"CNA_event_000007","PARSNX",0.289891395154553,"high_resolution_le_50pct",2,TRUE,"2;3","2;3","ENSE00003515141;ENSE00003638064"
"ALL_CNA_cluster_0028","ALL_CNA","HETDEL",TRUE,"CNA_event_000008","PARWNW",0.654135338345865,"moderate_resolution_50_75pct",1,FALSE,"7","7","ENSE00003478404"
"ALL_CNA_cluster_0028","ALL_CNA","HOMDEL",TRUE,"CNA_event_000151","PARWNW",0.167919799498747,"high_resolution_le_50pct",2,TRUE,"2;3","2;3","ENSE00003515141;ENSE00003638064"
"ALL_CNA_cluster_0028","ALL_CNA","HETDEL",TRUE,"CNA_event_000009","PARXDJ",0.167919799498747,"high_resolution_le_50pct",2,TRUE,"2;3","2;3","ENSE00003515141;ENSE00003638064"
"ALL_CNA_cluster_0028","ALL_CNA","HETDEL",TRUE,"CNA_event_000010","PARXPZ",0.822055137844611,"low_resolution_75_90pct",3,TRUE,"2;3;7","2;3;7","ENSE00003478404;ENSE00003515141;ENSE00003638064"
"ALL_CNA_cluster_0028","ALL_CNA","HETDEL",TRUE,"CNA_event_000011","PASGDZ",0.167919799498747,"high_resolution_le_50pct",2,TRUE,"2;3","2;3","ENSE00003515141;ENSE00003638064"
"ALL_CNA_cluster_0028","ALL_CNA","HETDEL",TRUE,"CNA_event_000012","PASGUH",0.167919799498747,"high_resolution_le_50pct",2,TRUE,"2;3","2;3","ENSE00003515141;ENSE00003638064"
"ALL_CNA_cluster_0028","ALL_CNA","HOMDEL",TRUE,"CNA_event_000152","PASILW",0.167919799498747,"high_resolution_le_50pct",2,TRUE,"2;3","2;3","ENSE00003515141;ENSE00003638064"
"ALL_CNA_cluster_0028","ALL_CNA","HETDEL",TRUE,"CNA_event_000015","PASINX",0.345864661654135,"high_resolution_le_50pct",2,TRUE,"2;3","2;3","ENSE00003515141;ENSE00003638064"
"ALL_CNA_cluster_0028","ALL_CNA","HETDEL",TRUE,"CNA_event_000016","PASIPN",0.111946532999165,"high_resolution_le_50pct",1,FALSE,"3","3","ENSE00003515141"
"ALL_CNA_cluster_0028","ALL_CNA","HETDEL",TRUE,"CNA_event_000017","PASIPN",0.0559732664995823,"high_resolution_le_50pct",1,FALSE,"2","2","ENSE00003638064"
"ALL_CNA_cluster_0028","ALL_CNA","HETDEL",TRUE,"CNA_event_000018","PASJGV",0.167919799498747,"high_resolution_le_50pct",2,TRUE,"2;3","2;3","ENSE00003515141;ENSE00003638064"
"ALL_CNA_cluster_0028","ALL_CNA","HETDEL",TRUE,"CNA_event_000019","PASKAD",0.654135338345865,"moderate_resolution_50_75pct",1,FALSE,"7","7","ENSE00003478404"
"ALL_CNA_cluster_0028","ALL_CNA","HOMDEL",TRUE,"CNA_event_000153","PASKAD",0.167919799498747,"high_resolution_le_50pct",2,TRUE,"2;3","2;3","ENSE00003515141;ENSE00003638064"
"ALL_CNA_cluster_0028","ALL_CNA","HOMDEL",TRUE,"CNA_event_000154","PASKLU",0.167919799498747,"high_resolution_le_50pct",2,TRUE,"2;3","2;3","ENSE00003515141;ENSE00003638064"
"ALL_CNA_cluster_0028","ALL_CNA","HETDEL",TRUE,"CNA_event_000021","PASKWG",0.654135338345865,"moderate_resolution_50_75pct",1,FALSE,"7","7","ENSE00003478404"
"ALL_CNA_cluster_0028","ALL_CNA","HOMDEL",TRUE,"CNA_event_000155","PASKWG",0.167919799498747,"high_resolution_le_50pct",2,TRUE,"2;3","2;3","ENSE00003515141;ENSE00003638064"
"ALL_CNA_cluster_0028","ALL_CNA","HETDEL",TRUE,"CNA_event_000022","PASKXA",0.167919799498747,"high_resolution_le_50pct",2,TRUE,"2;3","2;3","ENSE00003515141;ENSE00003638064"
"ALL_CNA_cluster_0028","ALL_CNA","HETDEL",TRUE,"CNA_event_000023","PASLXY",0.345864661654135,"high_resolution_le_50pct",2,TRUE,"2;3","2;3","ENSE00003515141;ENSE00003638064"
"ALL_CNA_cluster_0028","ALL_CNA","HETDEL",TRUE,"CNA_event_000024","PASPDS",0.355054302422723,"high_resolution_le_50pct",2,TRUE,"2;3","2;3","ENSE00003515141;ENSE00003638064"
"ALL_CNA_cluster_0028","ALL_CNA","HETDEL",TRUE,"CNA_event_000025","PASPLG",0.425229741019215,"high_resolution_le_50pct",2,TRUE,"2;3","2;3","ENSE00003515141;ENSE00003638064"
"ALL_CNA_cluster_0028","ALL_CNA","HETDEL",TRUE,"CNA_event_000026","PASPNW",0.822055137844611,"low_resolution_75_90pct",3,TRUE,"2;3;7","2;3;7","ENSE00003478404;ENSE00003515141;ENSE00003638064"
"ALL_CNA_cluster_0028","ALL_CNA","HETDEL",TRUE,"CNA_event_000027","PASRAF",0.167919799498747,"high_resolution_le_50pct",2,TRUE,"2;3","2;3","ENSE00003515141;ENSE00003638064"
"ALL_CNA_cluster_0028","ALL_CNA","HETDEL",TRUE,"CNA_event_000028","PASRMM",0.345864661654135,"high_resolution_le_50pct",2,TRUE,"2;3","2;3","ENSE00003515141;ENSE00003638064"
"ALL_CNA_cluster_0028","ALL_CNA","HOMDEL",TRUE,"CNA_event_000156","PASRPV",0.345864661654135,"high_resolution_le_50pct",2,TRUE,"2;3","2;3","ENSE00003515141;ENSE00003638064"
"ALL_CNA_cluster_0028","ALL_CNA","HETDEL",TRUE,"CNA_event_000030","PASRSE",0.167919799498747,"high_resolution_le_50pct",2,TRUE,"2;3","2;3","ENSE00003515141;ENSE00003638064"
"ALL_CNA_cluster_0028","ALL_CNA","HETDEL",TRUE,"CNA_event_000031","PASRUK",0.167919799498747,"high_resolution_le_50pct",2,TRUE,"2;3","2;3","ENSE00003515141;ENSE00003638064"
"ALL_CNA_cluster_0028","ALL_CNA","HETDEL",TRUE,"CNA_event_000032","PASTCH",0.456975772765246,"high_resolution_le_50pct",2,TRUE,"2;3","2;3","ENSE00003515141;ENSE00003638064"
"ALL_CNA_cluster_0028","ALL_CNA","HETDEL",TRUE,"CNA_event_000033","PASTHE",0.425229741019215,"high_resolution_le_50pct",2,TRUE,"2;3","2;3","ENSE00003515141;ENSE00003638064"
"ALL_CNA_cluster_0028","ALL_CNA","HETDEL",TRUE,"CNA_event_000034","PASUSV",0.822055137844611,"low_resolution_75_90pct",3,TRUE,"2;3;7","2;3;7","ENSE00003478404;ENSE00003515141;ENSE00003638064"
"ALL_CNA_cluster_0028","ALL_CNA","HETDEL",TRUE,"CNA_event_000035","PASVWH",0.167919799498747,"high_resolution_le_50pct",2,TRUE,"2;3","2;3","ENSE00003515141;ENSE00003638064"
"ALL_CNA_cluster_0028","ALL_CNA","HETDEL",TRUE,"CNA_event_000036","PASVZJ",0.167919799498747,"high_resolution_le_50pct",2,TRUE,"2;3","2;3","ENSE00003515141;ENSE00003638064"
"ALL_CNA_cluster_0028","ALL_CNA","HETDEL",TRUE,"CNA_event_000037","PASWXB",0.167919799498747,"high_resolution_le_50pct",2,TRUE,"2;3","2;3","ENSE00003515141;ENSE00003638064"
"ALL_CNA_cluster_0028","ALL_CNA","HETDEL",TRUE,"CNA_event_000038","PASWYU",0.586466165413534,"moderate_resolution_50_75pct",1,FALSE,"7","7","ENSE00003478404"
"ALL_CNA_cluster_0028","ALL_CNA","HOMDEL",TRUE,"CNA_event_000157","PASWYU",0.167919799498747,"high_resolution_le_50pct",2,TRUE,"2;3","2;3","ENSE00003515141;ENSE00003638064"
"ALL_CNA_cluster_0028","ALL_CNA","HETDEL",TRUE,"CNA_event_000039","PASYNX",0.360066833751044,"high_resolution_le_50pct",1,FALSE,"7","7","ENSE00003478404"
"ALL_CNA_cluster_0028","ALL_CNA","HETDEL",TRUE,"CNA_event_000040","PASYSJ",0.167919799498747,"high_resolution_le_50pct",2,TRUE,"2;3","2;3","ENSE00003515141;ENSE00003638064"
"ALL_CNA_cluster_0028","ALL_CNA","HETDEL",TRUE,"CNA_event_000041","PASYVU",0.167919799498747,"high_resolution_le_50pct",2,TRUE,"2;3","2;3","ENSE00003515141;ENSE00003638064"
"ALL_CNA_cluster_0028","ALL_CNA","HETDEL",TRUE,"CNA_event_000042","PASYWF",0.654135338345865,"moderate_resolution_50_75pct",1,FALSE,"7","7","ENSE00003478404"
"ALL_CNA_cluster_0028","ALL_CNA","HOMDEL",TRUE,"CNA_event_000158","PASYWF",0.167919799498747,"high_resolution_le_50pct",2,TRUE,"2;3","2;3","ENSE00003515141;ENSE00003638064"
"ALL_CNA_cluster_0028","ALL_CNA","HETDEL",TRUE,"CNA_event_000043","PASZAY",0.167919799498747,"high_resolution_le_50pct",2,TRUE,"2;3","2;3","ENSE00003515141;ENSE00003638064"
"ALL_CNA_cluster_0028","ALL_CNA","HETDEL",TRUE,"CNA_event_000044","PATALF",0.425229741019215,"high_resolution_le_50pct",2,TRUE,"2;3","2;3","ENSE00003515141;ENSE00003638064"
"ALL_CNA_cluster_0028","ALL_CNA","HETDEL",TRUE,"CNA_event_000045","PATBTX",0.167919799498747,"high_resolution_le_50pct",2,TRUE,"2;3","2;3","ENSE00003515141;ENSE00003638064"
"ALL_CNA_cluster_0028","ALL_CNA","HOMDEL",TRUE,"CNA_event_000159","PATCTR",0.345864661654135,"high_resolution_le_50pct",2,TRUE,"2;3","2;3","ENSE00003515141;ENSE00003638064"
"ALL_CNA_cluster_0028","ALL_CNA","HETDEL",TRUE,"CNA_event_000047","PATDTN",0.167919799498747,"high_resolution_le_50pct",2,TRUE,"2;3","2;3","ENSE00003515141;ENSE00003638064"
"ALL_CNA_cluster_0028","ALL_CNA","HETDEL",TRUE,"CNA_event_000048","PATFPU",0.167919799498747,"high_resolution_le_50pct",2,TRUE,"2;3","2;3","ENSE00003515141;ENSE00003638064"
"ALL_CNA_cluster_0028","ALL_CNA","HOMDEL",TRUE,"CNA_event_000160","PATGBY",0.167919799498747,"high_resolution_le_50pct",2,TRUE,"2;3","2;3","ENSE00003515141;ENSE00003638064"
"ALL_CNA_cluster_0028","ALL_CNA","HETDEL",TRUE,"CNA_event_000050","PATHFE",0.822055137844611,"low_resolution_75_90pct",3,TRUE,"2;3;7","2;3;7","ENSE00003478404;ENSE00003515141;ENSE00003638064"
"ALL_CNA_cluster_0028","ALL_CNA","HETDEL",TRUE,"CNA_event_000052","PATJLY",0.355054302422723,"high_resolution_le_50pct",2,TRUE,"2;3","2;3","ENSE00003515141;ENSE00003638064"
"ALL_CNA_cluster_0028","ALL_CNA","HOMDEL",TRUE,"CNA_event_000161","PATJRX",0.167919799498747,"high_resolution_le_50pct",2,TRUE,"2;3","2;3","ENSE00003515141;ENSE00003638064"
"ALL_CNA_cluster_0028","ALL_CNA","HOMDEL",TRUE,"CNA_event_000162","PATKVD",0.167919799498747,"high_resolution_le_50pct",2,TRUE,"2;3","2;3","ENSE00003515141;ENSE00003638064"
"ALL_CNA_cluster_0028","ALL_CNA","HETDEL",TRUE,"CNA_event_000054","PATKZH",0.345864661654135,"high_resolution_le_50pct",2,TRUE,"2;3","2;3","ENSE00003515141;ENSE00003638064"
"ALL_CNA_cluster_0028","ALL_CNA","HETDEL",TRUE,"CNA_event_000055","PATLLH",0.425229741019215,"high_resolution_le_50pct",2,TRUE,"2;3","2;3","ENSE00003515141;ENSE00003638064"
"ALL_CNA_cluster_0028","ALL_CNA","HETDEL",TRUE,"CNA_event_000056","PATNAM",0.233918128654971,"high_resolution_le_50pct",1,FALSE,"2","2","ENSE00003638064"
"ALL_CNA_cluster_0028","ALL_CNA","HETDEL",TRUE,"CNA_event_000057","PATPDA",0.664160401002506,"moderate_resolution_50_75pct",3,TRUE,"2;3;7","2;3;7","ENSE00003478404;ENSE00003515141;ENSE00003638064"
"ALL_CNA_cluster_0028","ALL_CNA","HETDEL",TRUE,"CNA_event_000058","PATRAB",0.167919799498747,"high_resolution_le_50pct",2,TRUE,"2;3","2;3","ENSE00003515141;ENSE00003638064"
"ALL_CNA_cluster_0028","ALL_CNA","HETDEL",TRUE,"CNA_event_000059","PATRKV",0.223057644110276,"high_resolution_le_50pct",1,FALSE,"3","3","ENSE00003515141"
"ALL_CNA_cluster_0028","ALL_CNA","HETDEL",TRUE,"CNA_event_000060","PATSPG",0.345864661654135,"high_resolution_le_50pct",2,TRUE,"2;3","2;3","ENSE00003515141;ENSE00003638064"
"ALL_CNA_cluster_0028","ALL_CNA","HETDEL",TRUE,"CNA_event_000061","PATWJU",0.167919799498747,"high_resolution_le_50pct",2,TRUE,"2;3","2;3","ENSE00003515141;ENSE00003638064"
"ALL_CNA_cluster_0028","ALL_CNA","HOMDEL",TRUE,"CNA_event_000163","PATYWV",0.167919799498747,"high_resolution_le_50pct",2,TRUE,"2;3","2;3","ENSE00003515141;ENSE00003638064"
"ALL_CNA_cluster_0028","ALL_CNA","HETDEL",TRUE,"CNA_event_000063","PATZST",0.167919799498747,"high_resolution_le_50pct",2,TRUE,"2;3","2;3","ENSE00003515141;ENSE00003638064"
"ALL_CNA_cluster_0028","ALL_CNA","HETDEL",TRUE,"CNA_event_000064","PATZYR",0.167919799498747,"high_resolution_le_50pct",2,TRUE,"2;3","2;3","ENSE00003515141;ENSE00003638064"
"ALL_CNA_cluster_0028","ALL_CNA","HETDEL",TRUE,"CNA_event_000065","PAUAKN",0.167919799498747,"high_resolution_le_50pct",2,TRUE,"2;3","2;3","ENSE00003515141;ENSE00003638064"
"ALL_CNA_cluster_0028","ALL_CNA","HETDEL",TRUE,"CNA_event_000066","PAUAZV",0.167919799498747,"high_resolution_le_50pct",2,TRUE,"2;3","2;3","ENSE00003515141;ENSE00003638064"
"ALL_CNA_cluster_0028","ALL_CNA","HETDEL",TRUE,"CNA_event_000067","PAUBCT",0.167919799498747,"high_resolution_le_50pct",2,TRUE,"2;3","2;3","ENSE00003515141;ENSE00003638064"
"ALL_CNA_cluster_0028","ALL_CNA","HOMDEL",TRUE,"CNA_event_000164","PAUBTC",0.167919799498747,"high_resolution_le_50pct",2,TRUE,"2;3","2;3","ENSE00003515141;ENSE00003638064"
"ALL_CNA_cluster_0028","ALL_CNA","HETDEL",TRUE,"CNA_event_000070","PAUCDC",0.822055137844611,"low_resolution_75_90pct",3,TRUE,"2;3;7","2;3;7","ENSE00003478404;ENSE00003515141;ENSE00003638064"
"ALL_CNA_cluster_0028","ALL_CNA","HETDEL",TRUE,"CNA_event_000071","PAUEDT",0.167919799498747,"high_resolution_le_50pct",2,TRUE,"2;3","2;3","ENSE00003515141;ENSE00003638064"
"ALL_CNA_cluster_0028","ALL_CNA","HOMDEL",TRUE,"CNA_event_000165","PAUEUC",0.167919799498747,"high_resolution_le_50pct",2,TRUE,"2;3","2;3","ENSE00003515141;ENSE00003638064"
"ALL_CNA_cluster_0028","ALL_CNA","HETDEL",TRUE,"CNA_event_000074","PAUEVJ",0.167919799498747,"high_resolution_le_50pct",2,TRUE,"2;3","2;3","ENSE00003515141;ENSE00003638064"
"ALL_CNA_cluster_0028","ALL_CNA","HETDEL",TRUE,"CNA_event_000075","PAUEXN",0.206349206349206,"high_resolution_le_50pct",2,TRUE,"2;3","2;3","ENSE00003515141;ENSE00003638064"
"ALL_CNA_cluster_0028","ALL_CNA","HETDEL",TRUE,"CNA_event_000077","PAUGDT",0.167919799498747,"high_resolution_le_50pct",2,TRUE,"2;3","2;3","ENSE00003515141;ENSE00003638064"
"ALL_CNA_cluster_0028","ALL_CNA","HETDEL",TRUE,"CNA_event_000078","PAUGLY",0.345864661654135,"high_resolution_le_50pct",2,TRUE,"2;3","2;3","ENSE00003515141;ENSE00003638064"
"ALL_CNA_cluster_0028","ALL_CNA","HETDEL",TRUE,"CNA_event_000079","PAUIEM",0.654135338345865,"moderate_resolution_50_75pct",1,FALSE,"7","7","ENSE00003478404"
"ALL_CNA_cluster_0028","ALL_CNA","HOMDEL",TRUE,"CNA_event_000166","PAUIEM",0.167919799498747,"high_resolution_le_50pct",2,TRUE,"2;3","2;3","ENSE00003515141;ENSE00003638064"
"ALL_CNA_cluster_0028","ALL_CNA","HETDEL",TRUE,"CNA_event_000080","PAUIFA",0.167919799498747,"high_resolution_le_50pct",2,TRUE,"2;3","2;3","ENSE00003515141;ENSE00003638064"
"ALL_CNA_cluster_0028","ALL_CNA","HETDEL",TRUE,"CNA_event_000081","PAUJVL",0.345864661654135,"high_resolution_le_50pct",2,TRUE,"2;3","2;3","ENSE00003515141;ENSE00003638064"
"ALL_CNA_cluster_0028","ALL_CNA","HETDEL",TRUE,"CNA_event_000083","PAUKZJ",0.608187134502924,"moderate_resolution_50_75pct",2,TRUE,"3;7","3;7","ENSE00003478404;ENSE00003515141"
"ALL_CNA_cluster_0028","ALL_CNA","HETDEL",TRUE,"CNA_event_000084","PAULCK",0.167919799498747,"high_resolution_le_50pct",2,TRUE,"2;3","2;3","ENSE00003515141;ENSE00003638064"
"ALL_CNA_cluster_0028","ALL_CNA","HETDEL",TRUE,"CNA_event_000085","PAULGX",0.238930659983292,"high_resolution_le_50pct",1,FALSE,"7","7","ENSE00003478404"
"ALL_CNA_cluster_0028","ALL_CNA","HOMDEL",TRUE,"CNA_event_000167","PAULGX",0.603174603174603,"moderate_resolution_50_75pct",2,TRUE,"2;3","2;3","ENSE00003515141;ENSE00003638064"
"ALL_CNA_cluster_0028","ALL_CNA","HOMDEL",TRUE,"CNA_event_000168","PAUMIB",0.345864661654135,"high_resolution_le_50pct",2,TRUE,"2;3","2;3","ENSE00003515141;ENSE00003638064"
"ALL_CNA_cluster_0028","ALL_CNA","HETDEL",TRUE,"CNA_event_000087","PAUMLX",0.345864661654135,"high_resolution_le_50pct",2,TRUE,"2;3","2;3","ENSE00003515141;ENSE00003638064"
"ALL_CNA_cluster_0028","ALL_CNA","HETDEL",TRUE,"CNA_event_000088","PAUMXB",0.345864661654135,"high_resolution_le_50pct",2,TRUE,"2;3","2;3","ENSE00003515141;ENSE00003638064"
"ALL_CNA_cluster_0028","ALL_CNA","HETDEL",TRUE,"CNA_event_000089","PAUPUW",0.167919799498747,"high_resolution_le_50pct",2,TRUE,"2;3","2;3","ENSE00003515141;ENSE00003638064"
"ALL_CNA_cluster_0028","ALL_CNA","HETDEL",TRUE,"CNA_event_000090","PAURLU",0.167919799498747,"high_resolution_le_50pct",2,TRUE,"2;3","2;3","ENSE00003515141;ENSE00003638064"
"ALL_CNA_cluster_0028","ALL_CNA","HETDEL",TRUE,"CNA_event_000091","PAUSIS",0.822055137844611,"low_resolution_75_90pct",3,TRUE,"2;3;7","2;3;7","ENSE00003478404;ENSE00003515141;ENSE00003638064"
"ALL_CNA_cluster_0028","ALL_CNA","HETDEL",TRUE,"CNA_event_000092","PAUTBB",0.167919799498747,"high_resolution_le_50pct",2,TRUE,"2;3","2;3","ENSE00003515141;ENSE00003638064"
"ALL_CNA_cluster_0028","ALL_CNA","HETDEL",TRUE,"CNA_event_000093","PAUTUL",0.664160401002506,"moderate_resolution_50_75pct",3,TRUE,"2;3;7","2;3;7","ENSE00003478404;ENSE00003515141;ENSE00003638064"
"ALL_CNA_cluster_0028","ALL_CNA","HETDEL",TRUE,"CNA_event_000094","PAUUAL",0.167919799498747,"high_resolution_le_50pct",2,TRUE,"2;3","2;3","ENSE00003515141;ENSE00003638064"
"ALL_CNA_cluster_0028","ALL_CNA","HOMDEL",TRUE,"CNA_event_000169","PAUUBG",0.167919799498747,"high_resolution_le_50pct",2,TRUE,"2;3","2;3","ENSE00003515141;ENSE00003638064"
"ALL_CNA_cluster_0028","ALL_CNA","HETDEL",TRUE,"CNA_event_000095","PAUUIK",0.167919799498747,"high_resolution_le_50pct",2,TRUE,"2;3","2;3","ENSE00003515141;ENSE00003638064"
"ALL_CNA_cluster_0028","ALL_CNA","HETDEL",TRUE,"CNA_event_000096","PAUWMZ",0.167919799498747,"high_resolution_le_50pct",2,TRUE,"2;3","2;3","ENSE00003515141;ENSE00003638064"
"ALL_CNA_cluster_0028","ALL_CNA","HETDEL",TRUE,"CNA_event_000097","PAUWXI",0.822055137844611,"low_resolution_75_90pct",3,TRUE,"2;3;7","2;3;7","ENSE00003478404;ENSE00003515141;ENSE00003638064"
"ALL_CNA_cluster_0028","ALL_CNA","HETDEL",TRUE,"CNA_event_000098","PAUXCW",0.167919799498747,"high_resolution_le_50pct",2,TRUE,"2;3","2;3","ENSE00003515141;ENSE00003638064"
"ALL_CNA_cluster_0028","ALL_CNA","HETDEL",TRUE,"CNA_event_000099","PAUXKE",0.167919799498747,"high_resolution_le_50pct",2,TRUE,"2;3","2;3","ENSE00003515141;ENSE00003638064"
"ALL_CNA_cluster_0028","ALL_CNA","HETDEL",TRUE,"CNA_event_000100","PAUXRM",0.279030910609858,"high_resolution_le_50pct",2,TRUE,"2;3","2;3","ENSE00003515141;ENSE00003638064"
"ALL_CNA_cluster_0028","ALL_CNA","HETDEL",TRUE,"CNA_event_000101","PAUXYI",0.355054302422723,"high_resolution_le_50pct",2,TRUE,"2;3","2;3","ENSE00003515141;ENSE00003638064"
"ALL_CNA_cluster_0028","ALL_CNA","HETDEL",TRUE,"CNA_event_000102","PAUYJF",0.425229741019215,"high_resolution_le_50pct",2,TRUE,"2;3","2;3","ENSE00003515141;ENSE00003638064"
"ALL_CNA_cluster_0028","ALL_CNA","HOMDEL",TRUE,"CNA_event_000170","PAVBFC",0.167919799498747,"high_resolution_le_50pct",2,TRUE,"2;3","2;3","ENSE00003515141;ENSE00003638064"
"ALL_CNA_cluster_0028","ALL_CNA","HETDEL",TRUE,"CNA_event_000104","PAVCRK",0.167919799498747,"high_resolution_le_50pct",2,TRUE,"2;3","2;3","ENSE00003515141;ENSE00003638064"
"ALL_CNA_cluster_0028","ALL_CNA","HOMDEL",TRUE,"CNA_event_000171","PAVESF",0.167919799498747,"high_resolution_le_50pct",2,TRUE,"2;3","2;3","ENSE00003515141;ENSE00003638064"
"ALL_CNA_cluster_0028","ALL_CNA","HETDEL",TRUE,"CNA_event_000105","PAVFAX",0.167919799498747,"high_resolution_le_50pct",2,TRUE,"2;3","2;3","ENSE00003515141;ENSE00003638064"
"ALL_CNA_cluster_0028","ALL_CNA","HETDEL",TRUE,"CNA_event_000106","PAVHAA",0.167919799498747,"high_resolution_le_50pct",2,TRUE,"2;3","2;3","ENSE00003515141;ENSE00003638064"
"ALL_CNA_cluster_0028","ALL_CNA","HETDEL",TRUE,"CNA_event_000107","PAVHBL",0.167919799498747,"high_resolution_le_50pct",2,TRUE,"2;3","2;3","ENSE00003515141;ENSE00003638064"
"ALL_CNA_cluster_0028","ALL_CNA","HETDEL",TRUE,"CNA_event_000108","PAVHGX",0.167919799498747,"high_resolution_le_50pct",2,TRUE,"2;3","2;3","ENSE00003515141;ENSE00003638064"
"ALL_CNA_cluster_0028","ALL_CNA","HOMDEL",TRUE,"CNA_event_000172","PAVKCV",0.167919799498747,"high_resolution_le_50pct",2,TRUE,"2;3","2;3","ENSE00003515141;ENSE00003638064"
"ALL_CNA_cluster_0028","ALL_CNA","HETDEL",TRUE,"CNA_event_000112","PAVKPV",0.167919799498747,"high_resolution_le_50pct",2,TRUE,"2;3","2;3","ENSE00003515141;ENSE00003638064"
"ALL_CNA_cluster_0028","ALL_CNA","HOMDEL",TRUE,"CNA_event_000173","PAVKWV",0.167919799498747,"high_resolution_le_50pct",2,TRUE,"2;3","2;3","ENSE00003515141;ENSE00003638064"
"ALL_CNA_cluster_0028","ALL_CNA","HETDEL",TRUE,"CNA_event_000114","PAVLLU",0.167919799498747,"high_resolution_le_50pct",2,TRUE,"2;3","2;3","ENSE00003515141;ENSE00003638064"
"ALL_CNA_cluster_0028","ALL_CNA","HOMDEL",TRUE,"CNA_event_000174","PAVLMY",0.167919799498747,"high_resolution_le_50pct",2,TRUE,"2;3","2;3","ENSE00003515141;ENSE00003638064"
"ALL_CNA_cluster_0028","ALL_CNA","HETDEL",TRUE,"CNA_event_000115","PAVMKN",0.167919799498747,"high_resolution_le_50pct",2,TRUE,"2;3","2;3","ENSE00003515141;ENSE00003638064"
"ALL_CNA_cluster_0028","ALL_CNA","HETDEL",TRUE,"CNA_event_000116","PAVMPT",0.279030910609858,"high_resolution_le_50pct",2,TRUE,"2;3","2;3","ENSE00003515141;ENSE00003638064"
"ALL_CNA_cluster_0028","ALL_CNA","HETDEL",TRUE,"CNA_event_000117","PAVNGZ",0.167919799498747,"high_resolution_le_50pct",2,TRUE,"2;3","2;3","ENSE00003515141;ENSE00003638064"
"ALL_CNA_cluster_0028","ALL_CNA","HETDEL",TRUE,"CNA_event_000119","PAVNTB",0.167919799498747,"high_resolution_le_50pct",2,TRUE,"2;3","2;3","ENSE00003515141;ENSE00003638064"
"ALL_CNA_cluster_0028","ALL_CNA","HETDEL",TRUE,"CNA_event_000120","PAVPCB",0.206349206349206,"high_resolution_le_50pct",2,TRUE,"2;3","2;3","ENSE00003515141;ENSE00003638064"
"ALL_CNA_cluster_0028","ALL_CNA","HETDEL",TRUE,"CNA_event_000121","PAVRXK",0.932330827067669,"very_low_resolution_90_lt_100pct",3,TRUE,"2;3;7","2;3;7","ENSE00003478404;ENSE00003515141;ENSE00003638064"
"ALL_CNA_cluster_0028","ALL_CNA","HOMDEL",TRUE,"CNA_event_000175","PAVVBE",0.754385964912281,"low_resolution_75_90pct",3,TRUE,"2;3;7","2;3;7","ENSE00003478404;ENSE00003515141;ENSE00003638064"
"ALL_CNA_cluster_0028","ALL_CNA","HOMDEL",TRUE,"CNA_event_000176","PAVVDS",0.167919799498747,"high_resolution_le_50pct",2,TRUE,"2;3","2;3","ENSE00003515141;ENSE00003638064"
"ALL_CNA_cluster_0028","ALL_CNA","HETDEL",TRUE,"CNA_event_000124","PAVWDF",0.167919799498747,"high_resolution_le_50pct",2,TRUE,"2;3","2;3","ENSE00003515141;ENSE00003638064"
"ALL_CNA_cluster_0028","ALL_CNA","HETDEL",TRUE,"CNA_event_000125","PAVWNL",0.345864661654135,"high_resolution_le_50pct",2,TRUE,"2;3","2;3","ENSE00003515141;ENSE00003638064"
"ALL_CNA_cluster_0028","ALL_CNA","HOMDEL",TRUE,"CNA_event_000177","PAVYAZ",0.167919799498747,"high_resolution_le_50pct",2,TRUE,"2;3","2;3","ENSE00003515141;ENSE00003638064"
"ALL_CNA_cluster_0028","ALL_CNA","HOMDEL",TRUE,"CNA_event_000178","PAVYGR",0.167919799498747,"high_resolution_le_50pct",2,TRUE,"2;3","2;3","ENSE00003515141;ENSE00003638064"
"ALL_CNA_cluster_0028","ALL_CNA","HETDEL",TRUE,"CNA_event_000129","PAVYTZ",0.167919799498747,"high_resolution_le_50pct",2,TRUE,"2;3","2;3","ENSE00003515141;ENSE00003638064"
"ALL_CNA_cluster_0028","ALL_CNA","HETDEL",TRUE,"CNA_event_000130","PAVZCF",0.425229741019215,"high_resolution_le_50pct",2,TRUE,"2;3","2;3","ENSE00003515141;ENSE00003638064"
"ALL_CNA_cluster_0028","ALL_CNA","HETDEL",TRUE,"CNA_event_000131","PAWAIM",0.167919799498747,"high_resolution_le_50pct",2,TRUE,"2;3","2;3","ENSE00003515141;ENSE00003638064"
"ALL_CNA_cluster_0028","ALL_CNA","HETDEL",TRUE,"CNA_event_000132","PAWAIN",0.167919799498747,"high_resolution_le_50pct",2,TRUE,"2;3","2;3","ENSE00003515141;ENSE00003638064"
"ALL_CNA_cluster_0028","ALL_CNA","HETDEL",TRUE,"CNA_event_000133","PAWAKA",0.167919799498747,"high_resolution_le_50pct",2,TRUE,"2;3","2;3","ENSE00003515141;ENSE00003638064"
"ALL_CNA_cluster_0028","ALL_CNA","HETDEL",TRUE,"CNA_event_000134","PAWDEK",0.167919799498747,"high_resolution_le_50pct",2,TRUE,"2;3","2;3","ENSE00003515141;ENSE00003638064"
"ALL_CNA_cluster_0028","ALL_CNA","HETDEL",TRUE,"CNA_event_000135","PAWDMI",0.167919799498747,"high_resolution_le_50pct",2,TRUE,"2;3","2;3","ENSE00003515141;ENSE00003638064"
"ALL_CNA_cluster_0028","ALL_CNA","HETDEL",TRUE,"CNA_event_000136","PAWDWJ",0.822055137844611,"low_resolution_75_90pct",3,TRUE,"2;3;7","2;3;7","ENSE00003478404;ENSE00003515141;ENSE00003638064"
"ALL_CNA_cluster_0028","ALL_CNA","HETDEL",TRUE,"CNA_event_000137","PAWEEC",0.167919799498747,"high_resolution_le_50pct",2,TRUE,"2;3","2;3","ENSE00003515141;ENSE00003638064"
"ALL_CNA_cluster_0028","ALL_CNA","HETDEL",TRUE,"CNA_event_000138","PAWEEX",0.111946532999165,"high_resolution_le_50pct",1,FALSE,"3","3","ENSE00003515141"
"ALL_CNA_cluster_0028","ALL_CNA","HETDEL",TRUE,"CNA_event_000139","PAWESJ",0.345864661654135,"high_resolution_le_50pct",2,TRUE,"2;3","2;3","ENSE00003515141;ENSE00003638064"
"ALL_CNA_cluster_0028","ALL_CNA","HETDEL",TRUE,"CNA_event_000140","PAWETD",0.822055137844611,"low_resolution_75_90pct",3,TRUE,"2;3;7","2;3;7","ENSE00003478404;ENSE00003515141;ENSE00003638064"
"ALL_CNA_cluster_0028","ALL_CNA","HETDEL",TRUE,"CNA_event_000141","PAWFNJ",0.345864661654135,"high_resolution_le_50pct",2,TRUE,"2;3","2;3","ENSE00003515141;ENSE00003638064"
"ALL_CNA_cluster_0028","ALL_CNA","HETDEL",TRUE,"CNA_event_000142","PAWFWF",0.345864661654135,"high_resolution_le_50pct",2,TRUE,"2;3","2;3","ENSE00003515141;ENSE00003638064"
"ALL_CNA_cluster_0028","ALL_CNA","HETDEL",TRUE,"CNA_event_000143","PAWGCK",0.167919799498747,"high_resolution_le_50pct",2,TRUE,"2;3","2;3","ENSE00003515141;ENSE00003638064"
"ALL_CNA_cluster_0028","ALL_CNA","HETDEL",TRUE,"CNA_event_000144","PAWGIT",0.167919799498747,"high_resolution_le_50pct",2,TRUE,"2;3","2;3","ENSE00003515141;ENSE00003638064"
"ALL_CNA_cluster_0028","ALL_CNA","HETDEL",TRUE,"CNA_event_000145","PAWGXM",0.496240601503759,"high_resolution_le_50pct",1,FALSE,"7","7","ENSE00003478404"
"ALL_CNA_cluster_0028","ALL_CNA","HETDEL",TRUE,"CNA_event_000146","PAWGZM",0.167919799498747,"high_resolution_le_50pct",2,TRUE,"2;3","2;3","ENSE00003515141;ENSE00003638064"
"ALL_CNA_cluster_0028","ALL_CNA","HETDEL",TRUE,"CNA_event_000147","PAWIWS",0.355054302422723,"high_resolution_le_50pct",2,TRUE,"2;3","2;3","ENSE00003515141;ENSE00003638064"
"ALL_CNA_cluster_0028","ALL_CNA","HETDEL",TRUE,"CNA_event_000148","PAWJKX",0.167919799498747,"high_resolution_le_50pct",2,TRUE,"2;3","2;3","ENSE00003515141;ENSE00003638064"
"ALL_CNA_cluster_0028","ALL_CNA","HETDEL",TRUE,"CNA_event_000149","PAWJYN",0.345864661654135,"high_resolution_le_50pct",2,TRUE,"2;3","2;3","ENSE00003515141;ENSE00003638064"
"ALL_CNA_cluster_0028","ALL_CNA","HOMDEL",TRUE,"CNA_event_000179","PAWKAN",0.167919799498747,"high_resolution_le_50pct",2,TRUE,"2;3","2;3","ENSE00003515141;ENSE00003638064"
"ALL_CNA_cluster_0029","ALL_CNA","HETDEL",TRUE,"CNA_event_000001","PARFLD",0.167919799498747,"high_resolution_le_50pct",2,TRUE,"2;3","2;3","ENSE00003515141;ENSE00003638064"
"ALL_CNA_cluster_0029","ALL_CNA","HETDEL",TRUE,"CNA_event_000002","PARJAY",0.167919799498747,"high_resolution_le_50pct",2,TRUE,"2;3","2;3","ENSE00003515141;ENSE00003638064"
"ALL_CNA_cluster_0029","ALL_CNA","HETDEL",TRUE,"CNA_event_000003","PARJPL",0.167919799498747,"high_resolution_le_50pct",2,TRUE,"2;3","2;3","ENSE00003515141;ENSE00003638064"
"ALL_CNA_cluster_0029","ALL_CNA","HETDEL",TRUE,"CNA_event_000004","PARNXJ",0.822055137844611,"low_resolution_75_90pct",3,TRUE,"2;3;4","2;3;4","ENSE00003515141;ENSE00003558404;ENSE00003638064"
"ALL_CNA_cluster_0029","ALL_CNA","HETDEL",TRUE,"CNA_event_000005","PARPET",0.167919799498747,"high_resolution_le_50pct",2,TRUE,"2;3","2;3","ENSE00003515141;ENSE00003638064"
"ALL_CNA_cluster_0029","ALL_CNA","HOMDEL",TRUE,"CNA_event_000150","PARSLA",0.167919799498747,"high_resolution_le_50pct",2,TRUE,"2;3","2;3","ENSE00003515141;ENSE00003638064"
"ALL_CNA_cluster_0029","ALL_CNA","HETDEL",TRUE,"CNA_event_000007","PARSNX",0.289891395154553,"high_resolution_le_50pct",3,TRUE,"1;2;3","1;2;3","ENSE00001136349;ENSE00003515141;ENSE00003638064"
"ALL_CNA_cluster_0029","ALL_CNA","HETDEL",TRUE,"CNA_event_000008","PARWNW",0.654135338345865,"moderate_resolution_50_75pct",1,FALSE,"4","4","ENSE00003558404"
"ALL_CNA_cluster_0029","ALL_CNA","HOMDEL",TRUE,"CNA_event_000151","PARWNW",0.167919799498747,"high_resolution_le_50pct",2,TRUE,"2;3","2;3","ENSE00003515141;ENSE00003638064"
"ALL_CNA_cluster_0029","ALL_CNA","HETDEL",TRUE,"CNA_event_000009","PARXDJ",0.167919799498747,"high_resolution_le_50pct",2,TRUE,"2;3","2;3","ENSE00003515141;ENSE00003638064"
"ALL_CNA_cluster_0029","ALL_CNA","HETDEL",TRUE,"CNA_event_000010","PARXPZ",0.822055137844611,"low_resolution_75_90pct",3,TRUE,"2;3;4","2;3;4","ENSE00003515141;ENSE00003558404;ENSE00003638064"
"ALL_CNA_cluster_0029","ALL_CNA","HETDEL",TRUE,"CNA_event_000011","PASGDZ",0.167919799498747,"high_resolution_le_50pct",2,TRUE,"2;3","2;3","ENSE00003515141;ENSE00003638064"
"ALL_CNA_cluster_0029","ALL_CNA","HETDEL",TRUE,"CNA_event_000012","PASGUH",0.167919799498747,"high_resolution_le_50pct",2,TRUE,"2;3","2;3","ENSE00003515141;ENSE00003638064"
"ALL_CNA_cluster_0029","ALL_CNA","HETDEL",TRUE,"CNA_event_000013","PASILW",0.177944862155388,"high_resolution_le_50pct",1,FALSE,"1","1","ENSE00001136349"
"ALL_CNA_cluster_0029","ALL_CNA","HOMDEL",TRUE,"CNA_event_000152","PASILW",0.167919799498747,"high_resolution_le_50pct",2,TRUE,"2;3","2;3","ENSE00003515141;ENSE00003638064"
"ALL_CNA_cluster_0029","ALL_CNA","HETDEL",TRUE,"CNA_event_000015","PASINX",0.345864661654135,"high_resolution_le_50pct",3,TRUE,"1;2;3","1;2;3","ENSE00001136349;ENSE00003515141;ENSE00003638064"
"ALL_CNA_cluster_0029","ALL_CNA","HETDEL",TRUE,"CNA_event_000016","PASIPN",0.111946532999165,"high_resolution_le_50pct",1,FALSE,"3","3","ENSE00003515141"
"ALL_CNA_cluster_0029","ALL_CNA","HETDEL",TRUE,"CNA_event_000017","PASIPN",0.0559732664995823,"high_resolution_le_50pct",1,FALSE,"2","2","ENSE00003638064"
"ALL_CNA_cluster_0029","ALL_CNA","HETDEL",TRUE,"CNA_event_000018","PASJGV",0.167919799498747,"high_resolution_le_50pct",2,TRUE,"2;3","2;3","ENSE00003515141;ENSE00003638064"
"ALL_CNA_cluster_0029","ALL_CNA","HETDEL",TRUE,"CNA_event_000019","PASKAD",0.654135338345865,"moderate_resolution_50_75pct",1,FALSE,"4","4","ENSE00003558404"
"ALL_CNA_cluster_0029","ALL_CNA","HOMDEL",TRUE,"CNA_event_000153","PASKAD",0.167919799498747,"high_resolution_le_50pct",2,TRUE,"2;3","2;3","ENSE00003515141;ENSE00003638064"
"ALL_CNA_cluster_0029","ALL_CNA","HETDEL",TRUE,"CNA_event_000020","PASKLU",0.111111111111111,"high_resolution_le_50pct",1,FALSE,"4","4","ENSE00003558404"
"ALL_CNA_cluster_0029","ALL_CNA","HOMDEL",TRUE,"CNA_event_000154","PASKLU",0.167919799498747,"high_resolution_le_50pct",2,TRUE,"2;3","2;3","ENSE00003515141;ENSE00003638064"
"ALL_CNA_cluster_0029","ALL_CNA","HETDEL",TRUE,"CNA_event_000021","PASKWG",0.654135338345865,"moderate_resolution_50_75pct",1,FALSE,"4","4","ENSE00003558404"
"ALL_CNA_cluster_0029","ALL_CNA","HOMDEL",TRUE,"CNA_event_000155","PASKWG",0.167919799498747,"high_resolution_le_50pct",2,TRUE,"2;3","2;3","ENSE00003515141;ENSE00003638064"
"ALL_CNA_cluster_0029","ALL_CNA","HETDEL",TRUE,"CNA_event_000022","PASKXA",0.167919799498747,"high_resolution_le_50pct",2,TRUE,"2;3","2;3","ENSE00003515141;ENSE00003638064"
"ALL_CNA_cluster_0029","ALL_CNA","HETDEL",TRUE,"CNA_event_000023","PASLXY",0.345864661654135,"high_resolution_le_50pct",3,TRUE,"1;2;3","1;2;3","ENSE00001136349;ENSE00003515141;ENSE00003638064"
"ALL_CNA_cluster_0029","ALL_CNA","HETDEL",TRUE,"CNA_event_000024","PASPDS",0.355054302422723,"high_resolution_le_50pct",3,TRUE,"2;3;4","2;3;4","ENSE00003515141;ENSE00003558404;ENSE00003638064"
"ALL_CNA_cluster_0029","ALL_CNA","HETDEL",TRUE,"CNA_event_000025","PASPLG",0.425229741019215,"high_resolution_le_50pct",3,TRUE,"2;3;4","2;3;4","ENSE00003515141;ENSE00003558404;ENSE00003638064"
"ALL_CNA_cluster_0029","ALL_CNA","HETDEL",TRUE,"CNA_event_000026","PASPNW",0.822055137844611,"low_resolution_75_90pct",3,TRUE,"2;3;4","2;3;4","ENSE00003515141;ENSE00003558404;ENSE00003638064"
"ALL_CNA_cluster_0029","ALL_CNA","HETDEL",TRUE,"CNA_event_000027","PASRAF",0.167919799498747,"high_resolution_le_50pct",2,TRUE,"2;3","2;3","ENSE00003515141;ENSE00003638064"
"ALL_CNA_cluster_0029","ALL_CNA","HETDEL",TRUE,"CNA_event_000028","PASRMM",0.345864661654135,"high_resolution_le_50pct",3,TRUE,"1;2;3","1;2;3","ENSE00001136349;ENSE00003515141;ENSE00003638064"
"ALL_CNA_cluster_0029","ALL_CNA","HOMDEL",TRUE,"CNA_event_000156","PASRPV",0.345864661654135,"high_resolution_le_50pct",3,TRUE,"1;2;3","1;2;3","ENSE00001136349;ENSE00003515141;ENSE00003638064"
"ALL_CNA_cluster_0029","ALL_CNA","HETDEL",TRUE,"CNA_event_000030","PASRSE",0.167919799498747,"high_resolution_le_50pct",2,TRUE,"2;3","2;3","ENSE00003515141;ENSE00003638064"
"ALL_CNA_cluster_0029","ALL_CNA","HETDEL",TRUE,"CNA_event_000031","PASRUK",0.167919799498747,"high_resolution_le_50pct",2,TRUE,"2;3","2;3","ENSE00003515141;ENSE00003638064"
"ALL_CNA_cluster_0029","ALL_CNA","HETDEL",TRUE,"CNA_event_000032","PASTCH",0.456975772765246,"high_resolution_le_50pct",4,TRUE,"1;2;3;4","1;2;3;4","ENSE00001136349;ENSE00003515141;ENSE00003558404;ENSE00003638064"
"ALL_CNA_cluster_0029","ALL_CNA","HETDEL",TRUE,"CNA_event_000033","PASTHE",0.425229741019215,"high_resolution_le_50pct",3,TRUE,"2;3;4","2;3;4","ENSE00003515141;ENSE00003558404;ENSE00003638064"
"ALL_CNA_cluster_0029","ALL_CNA","HETDEL",TRUE,"CNA_event_000034","PASUSV",0.822055137844611,"low_resolution_75_90pct",3,TRUE,"2;3;4","2;3;4","ENSE00003515141;ENSE00003558404;ENSE00003638064"
"ALL_CNA_cluster_0029","ALL_CNA","HETDEL",TRUE,"CNA_event_000035","PASVWH",0.167919799498747,"high_resolution_le_50pct",2,TRUE,"2;3","2;3","ENSE00003515141;ENSE00003638064"
"ALL_CNA_cluster_0029","ALL_CNA","HETDEL",TRUE,"CNA_event_000036","PASVZJ",0.167919799498747,"high_resolution_le_50pct",2,TRUE,"2;3","2;3","ENSE00003515141;ENSE00003638064"
"ALL_CNA_cluster_0029","ALL_CNA","HETDEL",TRUE,"CNA_event_000037","PASWXB",0.167919799498747,"high_resolution_le_50pct",2,TRUE,"2;3","2;3","ENSE00003515141;ENSE00003638064"
"ALL_CNA_cluster_0029","ALL_CNA","HETDEL",TRUE,"CNA_event_000038","PASWYU",0.586466165413534,"moderate_resolution_50_75pct",1,FALSE,"4","4","ENSE00003558404"
"ALL_CNA_cluster_0029","ALL_CNA","HOMDEL",TRUE,"CNA_event_000157","PASWYU",0.167919799498747,"high_resolution_le_50pct",2,TRUE,"2;3","2;3","ENSE00003515141;ENSE00003638064"
"ALL_CNA_cluster_0029","ALL_CNA","HETDEL",TRUE,"CNA_event_000039","PASYNX",0.360066833751044,"high_resolution_le_50pct",1,FALSE,"4","4","ENSE00003558404"
"ALL_CNA_cluster_0029","ALL_CNA","HETDEL",TRUE,"CNA_event_000040","PASYSJ",0.167919799498747,"high_resolution_le_50pct",2,TRUE,"2;3","2;3","ENSE00003515141;ENSE00003638064"
"ALL_CNA_cluster_0029","ALL_CNA","HETDEL",TRUE,"CNA_event_000041","PASYVU",0.167919799498747,"high_resolution_le_50pct",2,TRUE,"2;3","2;3","ENSE00003515141;ENSE00003638064"
"ALL_CNA_cluster_0029","ALL_CNA","HETDEL",TRUE,"CNA_event_000042","PASYWF",0.654135338345865,"moderate_resolution_50_75pct",1,FALSE,"4","4","ENSE00003558404"
"ALL_CNA_cluster_0029","ALL_CNA","HOMDEL",TRUE,"CNA_event_000158","PASYWF",0.167919799498747,"high_resolution_le_50pct",2,TRUE,"2;3","2;3","ENSE00003515141;ENSE00003638064"
"ALL_CNA_cluster_0029","ALL_CNA","HETDEL",TRUE,"CNA_event_000043","PASZAY",0.167919799498747,"high_resolution_le_50pct",2,TRUE,"2;3","2;3","ENSE00003515141;ENSE00003638064"
"ALL_CNA_cluster_0029","ALL_CNA","HETDEL",TRUE,"CNA_event_000044","PATALF",0.425229741019215,"high_resolution_le_50pct",3,TRUE,"2;3;4","2;3;4","ENSE00003515141;ENSE00003558404;ENSE00003638064"
"ALL_CNA_cluster_0029","ALL_CNA","HETDEL",TRUE,"CNA_event_000045","PATBTX",0.167919799498747,"high_resolution_le_50pct",2,TRUE,"2;3","2;3","ENSE00003515141;ENSE00003638064"
"ALL_CNA_cluster_0029","ALL_CNA","HETDEL",TRUE,"CNA_event_000046","PATCTR",0.257309941520468,"high_resolution_le_50pct",1,FALSE,"4","4","ENSE00003558404"
"ALL_CNA_cluster_0029","ALL_CNA","HOMDEL",TRUE,"CNA_event_000159","PATCTR",0.345864661654135,"high_resolution_le_50pct",3,TRUE,"1;2;3","1;2;3","ENSE00001136349;ENSE00003515141;ENSE00003638064"
"ALL_CNA_cluster_0029","ALL_CNA","HETDEL",TRUE,"CNA_event_000047","PATDTN",0.167919799498747,"high_resolution_le_50pct",2,TRUE,"2;3","2;3","ENSE00003515141;ENSE00003638064"
"ALL_CNA_cluster_0029","ALL_CNA","HETDEL",TRUE,"CNA_event_000048","PATFPU",0.167919799498747,"high_resolution_le_50pct",2,TRUE,"2;3","2;3","ENSE00003515141;ENSE00003638064"
"ALL_CNA_cluster_0029","ALL_CNA","HOMDEL",TRUE,"CNA_event_000160","PATGBY",0.167919799498747,"high_resolution_le_50pct",2,TRUE,"2;3","2;3","ENSE00003515141;ENSE00003638064"
"ALL_CNA_cluster_0029","ALL_CNA","HETDEL",TRUE,"CNA_event_000050","PATHFE",0.822055137844611,"low_resolution_75_90pct",3,TRUE,"2;3;4","2;3;4","ENSE00003515141;ENSE00003558404;ENSE00003638064"
"ALL_CNA_cluster_0029","ALL_CNA","HETDEL",TRUE,"CNA_event_000052","PATJLY",0.355054302422723,"high_resolution_le_50pct",3,TRUE,"2;3;4","2;3;4","ENSE00003515141;ENSE00003558404;ENSE00003638064"
"ALL_CNA_cluster_0029","ALL_CNA","HOMDEL",TRUE,"CNA_event_000161","PATJRX",0.167919799498747,"high_resolution_le_50pct",2,TRUE,"2;3","2;3","ENSE00003515141;ENSE00003638064"
"ALL_CNA_cluster_0029","ALL_CNA","HOMDEL",TRUE,"CNA_event_000162","PATKVD",0.167919799498747,"high_resolution_le_50pct",2,TRUE,"2;3","2;3","ENSE00003515141;ENSE00003638064"
"ALL_CNA_cluster_0029","ALL_CNA","HETDEL",TRUE,"CNA_event_000054","PATKZH",0.345864661654135,"high_resolution_le_50pct",3,TRUE,"1;2;3","1;2;3","ENSE00001136349;ENSE00003515141;ENSE00003638064"
"ALL_CNA_cluster_0029","ALL_CNA","HETDEL",TRUE,"CNA_event_000055","PATLLH",0.425229741019215,"high_resolution_le_50pct",3,TRUE,"2;3;4","2;3;4","ENSE00003515141;ENSE00003558404;ENSE00003638064"
"ALL_CNA_cluster_0029","ALL_CNA","HETDEL",TRUE,"CNA_event_000056","PATNAM",0.233918128654971,"high_resolution_le_50pct",2,TRUE,"1;2","1;2","ENSE00001136349;ENSE00003638064"
"ALL_CNA_cluster_0029","ALL_CNA","HETDEL",TRUE,"CNA_event_000057","PATPDA",0.664160401002506,"moderate_resolution_50_75pct",3,TRUE,"2;3;4","2;3;4","ENSE00003515141;ENSE00003558404;ENSE00003638064"
"ALL_CNA_cluster_0029","ALL_CNA","HETDEL",TRUE,"CNA_event_000058","PATRAB",0.167919799498747,"high_resolution_le_50pct",2,TRUE,"2;3","2;3","ENSE00003515141;ENSE00003638064"
"ALL_CNA_cluster_0029","ALL_CNA","HETDEL",TRUE,"CNA_event_000059","PATRKV",0.223057644110276,"high_resolution_le_50pct",2,TRUE,"3;4","3;4","ENSE00003515141;ENSE00003558404"
"ALL_CNA_cluster_0029","ALL_CNA","HETDEL",TRUE,"CNA_event_000060","PATSPG",0.345864661654135,"high_resolution_le_50pct",3,TRUE,"1;2;3","1;2;3","ENSE00001136349;ENSE00003515141;ENSE00003638064"
"ALL_CNA_cluster_0029","ALL_CNA","HETDEL",TRUE,"CNA_event_000061","PATWJU",0.167919799498747,"high_resolution_le_50pct",2,TRUE,"2;3","2;3","ENSE00003515141;ENSE00003638064"
"ALL_CNA_cluster_0029","ALL_CNA","HOMDEL",TRUE,"CNA_event_000163","PATYWV",0.167919799498747,"high_resolution_le_50pct",2,TRUE,"2;3","2;3","ENSE00003515141;ENSE00003638064"
"ALL_CNA_cluster_0029","ALL_CNA","HETDEL",TRUE,"CNA_event_000063","PATZST",0.167919799498747,"high_resolution_le_50pct",2,TRUE,"2;3","2;3","ENSE00003515141;ENSE00003638064"
"ALL_CNA_cluster_0029","ALL_CNA","HETDEL",TRUE,"CNA_event_000064","PATZYR",0.167919799498747,"high_resolution_le_50pct",2,TRUE,"2;3","2;3","ENSE00003515141;ENSE00003638064"
"ALL_CNA_cluster_0029","ALL_CNA","HETDEL",TRUE,"CNA_event_000065","PAUAKN",0.167919799498747,"high_resolution_le_50pct",2,TRUE,"2;3","2;3","ENSE00003515141;ENSE00003638064"
"ALL_CNA_cluster_0029","ALL_CNA","HETDEL",TRUE,"CNA_event_000066","PAUAZV",0.167919799498747,"high_resolution_le_50pct",2,TRUE,"2;3","2;3","ENSE00003515141;ENSE00003638064"
"ALL_CNA_cluster_0029","ALL_CNA","HETDEL",TRUE,"CNA_event_000067","PAUBCT",0.167919799498747,"high_resolution_le_50pct",2,TRUE,"2;3","2;3","ENSE00003515141;ENSE00003638064"
"ALL_CNA_cluster_0029","ALL_CNA","HOMDEL",TRUE,"CNA_event_000164","PAUBTC",0.167919799498747,"high_resolution_le_50pct",2,TRUE,"2;3","2;3","ENSE00003515141;ENSE00003638064"
"ALL_CNA_cluster_0029","ALL_CNA","HETDEL",TRUE,"CNA_event_000070","PAUCDC",0.822055137844611,"low_resolution_75_90pct",3,TRUE,"2;3;4","2;3;4","ENSE00003515141;ENSE00003558404;ENSE00003638064"
"ALL_CNA_cluster_0029","ALL_CNA","HETDEL",TRUE,"CNA_event_000071","PAUEDT",0.167919799498747,"high_resolution_le_50pct",2,TRUE,"2;3","2;3","ENSE00003515141;ENSE00003638064"
"ALL_CNA_cluster_0029","ALL_CNA","HETDEL",TRUE,"CNA_event_000072","PAUEUC",0.177944862155388,"high_resolution_le_50pct",1,FALSE,"1","1","ENSE00001136349"
"ALL_CNA_cluster_0029","ALL_CNA","HOMDEL",TRUE,"CNA_event_000165","PAUEUC",0.167919799498747,"high_resolution_le_50pct",2,TRUE,"2;3","2;3","ENSE00003515141;ENSE00003638064"
"ALL_CNA_cluster_0029","ALL_CNA","HETDEL",TRUE,"CNA_event_000074","PAUEVJ",0.167919799498747,"high_resolution_le_50pct",2,TRUE,"2;3","2;3","ENSE00003515141;ENSE00003638064"
"ALL_CNA_cluster_0029","ALL_CNA","HETDEL",TRUE,"CNA_event_000075","PAUEXN",0.206349206349206,"high_resolution_le_50pct",3,TRUE,"1;2;3","1;2;3","ENSE00001136349;ENSE00003515141;ENSE00003638064"
"ALL_CNA_cluster_0029","ALL_CNA","HETDEL",TRUE,"CNA_event_000077","PAUGDT",0.167919799498747,"high_resolution_le_50pct",2,TRUE,"2;3","2;3","ENSE00003515141;ENSE00003638064"
"ALL_CNA_cluster_0029","ALL_CNA","HETDEL",TRUE,"CNA_event_000078","PAUGLY",0.345864661654135,"high_resolution_le_50pct",3,TRUE,"1;2;3","1;2;3","ENSE00001136349;ENSE00003515141;ENSE00003638064"
"ALL_CNA_cluster_0029","ALL_CNA","HETDEL",TRUE,"CNA_event_000079","PAUIEM",0.654135338345865,"moderate_resolution_50_75pct",1,FALSE,"4","4","ENSE00003558404"
"ALL_CNA_cluster_0029","ALL_CNA","HOMDEL",TRUE,"CNA_event_000166","PAUIEM",0.167919799498747,"high_resolution_le_50pct",2,TRUE,"2;3","2;3","ENSE00003515141;ENSE00003638064"
"ALL_CNA_cluster_0029","ALL_CNA","HETDEL",TRUE,"CNA_event_000080","PAUIFA",0.167919799498747,"high_resolution_le_50pct",2,TRUE,"2;3","2;3","ENSE00003515141;ENSE00003638064"
"ALL_CNA_cluster_0029","ALL_CNA","HETDEL",TRUE,"CNA_event_000081","PAUJVL",0.345864661654135,"high_resolution_le_50pct",3,TRUE,"1;2;3","1;2;3","ENSE00001136349;ENSE00003515141;ENSE00003638064"
"ALL_CNA_cluster_0029","ALL_CNA","HETDEL",TRUE,"CNA_event_000083","PAUKZJ",0.608187134502924,"moderate_resolution_50_75pct",2,TRUE,"3;4","3;4","ENSE00003515141;ENSE00003558404"
"ALL_CNA_cluster_0029","ALL_CNA","HETDEL",TRUE,"CNA_event_000084","PAULCK",0.167919799498747,"high_resolution_le_50pct",2,TRUE,"2;3","2;3","ENSE00003515141;ENSE00003638064"
"ALL_CNA_cluster_0029","ALL_CNA","HOMDEL",TRUE,"CNA_event_000167","PAULGX",0.603174603174603,"moderate_resolution_50_75pct",4,TRUE,"1;2;3;4","1;2;3;4","ENSE00001136349;ENSE00003515141;ENSE00003558404;ENSE00003638064"
"ALL_CNA_cluster_0029","ALL_CNA","HOMDEL",TRUE,"CNA_event_000168","PAUMIB",0.345864661654135,"high_resolution_le_50pct",3,TRUE,"1;2;3","1;2;3","ENSE00001136349;ENSE00003515141;ENSE00003638064"
"ALL_CNA_cluster_0029","ALL_CNA","HETDEL",TRUE,"CNA_event_000087","PAUMLX",0.345864661654135,"high_resolution_le_50pct",3,TRUE,"1;2;3","1;2;3","ENSE00001136349;ENSE00003515141;ENSE00003638064"
"ALL_CNA_cluster_0029","ALL_CNA","HETDEL",TRUE,"CNA_event_000088","PAUMXB",0.345864661654135,"high_resolution_le_50pct",3,TRUE,"1;2;3","1;2;3","ENSE00001136349;ENSE00003515141;ENSE00003638064"
"ALL_CNA_cluster_0029","ALL_CNA","HETDEL",TRUE,"CNA_event_000089","PAUPUW",0.167919799498747,"high_resolution_le_50pct",2,TRUE,"2;3","2;3","ENSE00003515141;ENSE00003638064"
"ALL_CNA_cluster_0029","ALL_CNA","HETDEL",TRUE,"CNA_event_000090","PAURLU",0.167919799498747,"high_resolution_le_50pct",2,TRUE,"2;3","2;3","ENSE00003515141;ENSE00003638064"
"ALL_CNA_cluster_0029","ALL_CNA","HETDEL",TRUE,"CNA_event_000091","PAUSIS",0.822055137844611,"low_resolution_75_90pct",3,TRUE,"2;3;4","2;3;4","ENSE00003515141;ENSE00003558404;ENSE00003638064"
"ALL_CNA_cluster_0029","ALL_CNA","HETDEL",TRUE,"CNA_event_000092","PAUTBB",0.167919799498747,"high_resolution_le_50pct",2,TRUE,"2;3","2;3","ENSE00003515141;ENSE00003638064"
"ALL_CNA_cluster_0029","ALL_CNA","HETDEL",TRUE,"CNA_event_000093","PAUTUL",0.664160401002506,"moderate_resolution_50_75pct",3,TRUE,"2;3;4","2;3;4","ENSE00003515141;ENSE00003558404;ENSE00003638064"
"ALL_CNA_cluster_0029","ALL_CNA","HETDEL",TRUE,"CNA_event_000094","PAUUAL",0.167919799498747,"high_resolution_le_50pct",2,TRUE,"2;3","2;3","ENSE00003515141;ENSE00003638064"
"ALL_CNA_cluster_0029","ALL_CNA","HOMDEL",TRUE,"CNA_event_000169","PAUUBG",0.167919799498747,"high_resolution_le_50pct",2,TRUE,"2;3","2;3","ENSE00003515141;ENSE00003638064"
"ALL_CNA_cluster_0029","ALL_CNA","HETDEL",TRUE,"CNA_event_000095","PAUUIK",0.167919799498747,"high_resolution_le_50pct",2,TRUE,"2;3","2;3","ENSE00003515141;ENSE00003638064"
"ALL_CNA_cluster_0029","ALL_CNA","HETDEL",TRUE,"CNA_event_000096","PAUWMZ",0.167919799498747,"high_resolution_le_50pct",2,TRUE,"2;3","2;3","ENSE00003515141;ENSE00003638064"
"ALL_CNA_cluster_0029","ALL_CNA","HETDEL",TRUE,"CNA_event_000097","PAUWXI",0.822055137844611,"low_resolution_75_90pct",3,TRUE,"2;3;4","2;3;4","ENSE00003515141;ENSE00003558404;ENSE00003638064"
"ALL_CNA_cluster_0029","ALL_CNA","HETDEL",TRUE,"CNA_event_000098","PAUXCW",0.167919799498747,"high_resolution_le_50pct",2,TRUE,"2;3","2;3","ENSE00003515141;ENSE00003638064"
"ALL_CNA_cluster_0029","ALL_CNA","HETDEL",TRUE,"CNA_event_000099","PAUXKE",0.167919799498747,"high_resolution_le_50pct",2,TRUE,"2;3","2;3","ENSE00003515141;ENSE00003638064"
"ALL_CNA_cluster_0029","ALL_CNA","HETDEL",TRUE,"CNA_event_000100","PAUXRM",0.279030910609858,"high_resolution_le_50pct",3,TRUE,"2;3;4","2;3;4","ENSE00003515141;ENSE00003558404;ENSE00003638064"
"ALL_CNA_cluster_0029","ALL_CNA","HETDEL",TRUE,"CNA_event_000101","PAUXYI",0.355054302422723,"high_resolution_le_50pct",3,TRUE,"2;3;4","2;3;4","ENSE00003515141;ENSE00003558404;ENSE00003638064"
"ALL_CNA_cluster_0029","ALL_CNA","HETDEL",TRUE,"CNA_event_000102","PAUYJF",0.425229741019215,"high_resolution_le_50pct",3,TRUE,"2;3;4","2;3;4","ENSE00003515141;ENSE00003558404;ENSE00003638064"
"ALL_CNA_cluster_0029","ALL_CNA","HOMDEL",TRUE,"CNA_event_000170","PAVBFC",0.167919799498747,"high_resolution_le_50pct",2,TRUE,"2;3","2;3","ENSE00003515141;ENSE00003638064"
"ALL_CNA_cluster_0029","ALL_CNA","HETDEL",TRUE,"CNA_event_000104","PAVCRK",0.167919799498747,"high_resolution_le_50pct",2,TRUE,"2;3","2;3","ENSE00003515141;ENSE00003638064"
"ALL_CNA_cluster_0029","ALL_CNA","HOMDEL",TRUE,"CNA_event_000171","PAVESF",0.167919799498747,"high_resolution_le_50pct",2,TRUE,"2;3","2;3","ENSE00003515141;ENSE00003638064"
"ALL_CNA_cluster_0029","ALL_CNA","HETDEL",TRUE,"CNA_event_000105","PAVFAX",0.167919799498747,"high_resolution_le_50pct",2,TRUE,"2;3","2;3","ENSE00003515141;ENSE00003638064"
"ALL_CNA_cluster_0029","ALL_CNA","HETDEL",TRUE,"CNA_event_000106","PAVHAA",0.167919799498747,"high_resolution_le_50pct",2,TRUE,"2;3","2;3","ENSE00003515141;ENSE00003638064"
"ALL_CNA_cluster_0029","ALL_CNA","HETDEL",TRUE,"CNA_event_000107","PAVHBL",0.167919799498747,"high_resolution_le_50pct",2,TRUE,"2;3","2;3","ENSE00003515141;ENSE00003638064"
"ALL_CNA_cluster_0029","ALL_CNA","HETDEL",TRUE,"CNA_event_000108","PAVHGX",0.167919799498747,"high_resolution_le_50pct",2,TRUE,"2;3","2;3","ENSE00003515141;ENSE00003638064"
"ALL_CNA_cluster_0029","ALL_CNA","HETDEL",TRUE,"CNA_event_000110","PAVKCV",0.177944862155388,"high_resolution_le_50pct",1,FALSE,"1","1","ENSE00001136349"
"ALL_CNA_cluster_0029","ALL_CNA","HOMDEL",TRUE,"CNA_event_000172","PAVKCV",0.167919799498747,"high_resolution_le_50pct",2,TRUE,"2;3","2;3","ENSE00003515141;ENSE00003638064"
"ALL_CNA_cluster_0029","ALL_CNA","HETDEL",TRUE,"CNA_event_000112","PAVKPV",0.167919799498747,"high_resolution_le_50pct",2,TRUE,"2;3","2;3","ENSE00003515141;ENSE00003638064"
"ALL_CNA_cluster_0029","ALL_CNA","HOMDEL",TRUE,"CNA_event_000173","PAVKWV",0.167919799498747,"high_resolution_le_50pct",2,TRUE,"2;3","2;3","ENSE00003515141;ENSE00003638064"
"ALL_CNA_cluster_0029","ALL_CNA","HETDEL",TRUE,"CNA_event_000114","PAVLLU",0.167919799498747,"high_resolution_le_50pct",2,TRUE,"2;3","2;3","ENSE00003515141;ENSE00003638064"
"ALL_CNA_cluster_0029","ALL_CNA","HOMDEL",TRUE,"CNA_event_000174","PAVLMY",0.167919799498747,"high_resolution_le_50pct",2,TRUE,"2;3","2;3","ENSE00003515141;ENSE00003638064"
"ALL_CNA_cluster_0029","ALL_CNA","HETDEL",TRUE,"CNA_event_000115","PAVMKN",0.167919799498747,"high_resolution_le_50pct",2,TRUE,"2;3","2;3","ENSE00003515141;ENSE00003638064"
"ALL_CNA_cluster_0029","ALL_CNA","HETDEL",TRUE,"CNA_event_000116","PAVMPT",0.279030910609858,"high_resolution_le_50pct",3,TRUE,"2;3;4","2;3;4","ENSE00003515141;ENSE00003558404;ENSE00003638064"
"ALL_CNA_cluster_0029","ALL_CNA","HETDEL",TRUE,"CNA_event_000117","PAVNGZ",0.167919799498747,"high_resolution_le_50pct",2,TRUE,"2;3","2;3","ENSE00003515141;ENSE00003638064"
"ALL_CNA_cluster_0029","ALL_CNA","HETDEL",TRUE,"CNA_event_000119","PAVNTB",0.167919799498747,"high_resolution_le_50pct",2,TRUE,"2;3","2;3","ENSE00003515141;ENSE00003638064"
"ALL_CNA_cluster_0029","ALL_CNA","HETDEL",TRUE,"CNA_event_000120","PAVPCB",0.206349206349206,"high_resolution_le_50pct",3,TRUE,"1;2;3","1;2;3","ENSE00001136349;ENSE00003515141;ENSE00003638064"
"ALL_CNA_cluster_0029","ALL_CNA","HETDEL",TRUE,"CNA_event_000121","PAVRXK",0.932330827067669,"very_low_resolution_90_lt_100pct",4,TRUE,"1;2;3;4","1;2;3;4","ENSE00001136349;ENSE00003515141;ENSE00003558404;ENSE00003638064"
"ALL_CNA_cluster_0029","ALL_CNA","HETDEL",TRUE,"CNA_event_000122","PAVVBE",0.177944862155388,"high_resolution_le_50pct",1,FALSE,"1","1","ENSE00001136349"
"ALL_CNA_cluster_0029","ALL_CNA","HOMDEL",TRUE,"CNA_event_000175","PAVVBE",0.754385964912281,"low_resolution_75_90pct",3,TRUE,"2;3;4","2;3;4","ENSE00003515141;ENSE00003558404;ENSE00003638064"
"ALL_CNA_cluster_0029","ALL_CNA","HETDEL",TRUE,"CNA_event_000123","PAVVDS",0.257309941520468,"high_resolution_le_50pct",1,FALSE,"4","4","ENSE00003558404"
"ALL_CNA_cluster_0029","ALL_CNA","HOMDEL",TRUE,"CNA_event_000176","PAVVDS",0.167919799498747,"high_resolution_le_50pct",2,TRUE,"2;3","2;3","ENSE00003515141;ENSE00003638064"
"ALL_CNA_cluster_0029","ALL_CNA","HETDEL",TRUE,"CNA_event_000124","PAVWDF",0.167919799498747,"high_resolution_le_50pct",2,TRUE,"2;3","2;3","ENSE00003515141;ENSE00003638064"
"ALL_CNA_cluster_0029","ALL_CNA","HETDEL",TRUE,"CNA_event_000125","PAVWNL",0.345864661654135,"high_resolution_le_50pct",3,TRUE,"1;2;3","1;2;3","ENSE00001136349;ENSE00003515141;ENSE00003638064"
"ALL_CNA_cluster_0029","ALL_CNA","HETDEL",TRUE,"CNA_event_000126","PAVYAZ",0.177944862155388,"high_resolution_le_50pct",1,FALSE,"1","1","ENSE00001136349"
"ALL_CNA_cluster_0029","ALL_CNA","HOMDEL",TRUE,"CNA_event_000177","PAVYAZ",0.167919799498747,"high_resolution_le_50pct",2,TRUE,"2;3","2;3","ENSE00003515141;ENSE00003638064"
"ALL_CNA_cluster_0029","ALL_CNA","HOMDEL",TRUE,"CNA_event_000178","PAVYGR",0.167919799498747,"high_resolution_le_50pct",2,TRUE,"2;3","2;3","ENSE00003515141;ENSE00003638064"
"ALL_CNA_cluster_0029","ALL_CNA","HETDEL",TRUE,"CNA_event_000129","PAVYTZ",0.167919799498747,"high_resolution_le_50pct",2,TRUE,"2;3","2;3","ENSE00003515141;ENSE00003638064"
"ALL_CNA_cluster_0029","ALL_CNA","HETDEL",TRUE,"CNA_event_000130","PAVZCF",0.425229741019215,"high_resolution_le_50pct",3,TRUE,"2;3;4","2;3;4","ENSE00003515141;ENSE00003558404;ENSE00003638064"
"ALL_CNA_cluster_0029","ALL_CNA","HETDEL",TRUE,"CNA_event_000131","PAWAIM",0.167919799498747,"high_resolution_le_50pct",2,TRUE,"2;3","2;3","ENSE00003515141;ENSE00003638064"
"ALL_CNA_cluster_0029","ALL_CNA","HETDEL",TRUE,"CNA_event_000132","PAWAIN",0.167919799498747,"high_resolution_le_50pct",2,TRUE,"2;3","2;3","ENSE00003515141;ENSE00003638064"
"ALL_CNA_cluster_0029","ALL_CNA","HETDEL",TRUE,"CNA_event_000133","PAWAKA",0.167919799498747,"high_resolution_le_50pct",2,TRUE,"2;3","2;3","ENSE00003515141;ENSE00003638064"
"ALL_CNA_cluster_0029","ALL_CNA","HETDEL",TRUE,"CNA_event_000134","PAWDEK",0.167919799498747,"high_resolution_le_50pct",2,TRUE,"2;3","2;3","ENSE00003515141;ENSE00003638064"
"ALL_CNA_cluster_0029","ALL_CNA","HETDEL",TRUE,"CNA_event_000135","PAWDMI",0.167919799498747,"high_resolution_le_50pct",2,TRUE,"2;3","2;3","ENSE00003515141;ENSE00003638064"
"ALL_CNA_cluster_0029","ALL_CNA","HETDEL",TRUE,"CNA_event_000136","PAWDWJ",0.822055137844611,"low_resolution_75_90pct",3,TRUE,"2;3;4","2;3;4","ENSE00003515141;ENSE00003558404;ENSE00003638064"
"ALL_CNA_cluster_0029","ALL_CNA","HETDEL",TRUE,"CNA_event_000137","PAWEEC",0.167919799498747,"high_resolution_le_50pct",2,TRUE,"2;3","2;3","ENSE00003515141;ENSE00003638064"
"ALL_CNA_cluster_0029","ALL_CNA","HETDEL",TRUE,"CNA_event_000138","PAWEEX",0.111946532999165,"high_resolution_le_50pct",1,FALSE,"3","3","ENSE00003515141"
"ALL_CNA_cluster_0029","ALL_CNA","HETDEL",TRUE,"CNA_event_000139","PAWESJ",0.345864661654135,"high_resolution_le_50pct",3,TRUE,"1;2;3","1;2;3","ENSE00001136349;ENSE00003515141;ENSE00003638064"
"ALL_CNA_cluster_0029","ALL_CNA","HETDEL",TRUE,"CNA_event_000140","PAWETD",0.822055137844611,"low_resolution_75_90pct",3,TRUE,"2;3;4","2;3;4","ENSE00003515141;ENSE00003558404;ENSE00003638064"
"ALL_CNA_cluster_0029","ALL_CNA","HETDEL",TRUE,"CNA_event_000141","PAWFNJ",0.345864661654135,"high_resolution_le_50pct",3,TRUE,"1;2;3","1;2;3","ENSE00001136349;ENSE00003515141;ENSE00003638064"
"ALL_CNA_cluster_0029","ALL_CNA","HETDEL",TRUE,"CNA_event_000142","PAWFWF",0.345864661654135,"high_resolution_le_50pct",3,TRUE,"1;2;3","1;2;3","ENSE00001136349;ENSE00003515141;ENSE00003638064"
"ALL_CNA_cluster_0029","ALL_CNA","HETDEL",TRUE,"CNA_event_000143","PAWGCK",0.167919799498747,"high_resolution_le_50pct",2,TRUE,"2;3","2;3","ENSE00003515141;ENSE00003638064"
"ALL_CNA_cluster_0029","ALL_CNA","HETDEL",TRUE,"CNA_event_000144","PAWGIT",0.167919799498747,"high_resolution_le_50pct",2,TRUE,"2;3","2;3","ENSE00003515141;ENSE00003638064"
"ALL_CNA_cluster_0029","ALL_CNA","HETDEL",TRUE,"CNA_event_000145","PAWGXM",0.496240601503759,"high_resolution_le_50pct",1,FALSE,"4","4","ENSE00003558404"
"ALL_CNA_cluster_0029","ALL_CNA","HETDEL",TRUE,"CNA_event_000146","PAWGZM",0.167919799498747,"high_resolution_le_50pct",2,TRUE,"2;3","2;3","ENSE00003515141;ENSE00003638064"
"ALL_CNA_cluster_0029","ALL_CNA","HETDEL",TRUE,"CNA_event_000147","PAWIWS",0.355054302422723,"high_resolution_le_50pct",3,TRUE,"2;3;4","2;3;4","ENSE00003515141;ENSE00003558404;ENSE00003638064"
"ALL_CNA_cluster_0029","ALL_CNA","HETDEL",TRUE,"CNA_event_000148","PAWJKX",0.167919799498747,"high_resolution_le_50pct",2,TRUE,"2;3","2;3","ENSE00003515141;ENSE00003638064"
"ALL_CNA_cluster_0029","ALL_CNA","HETDEL",TRUE,"CNA_event_000149","PAWJYN",0.345864661654135,"high_resolution_le_50pct",3,TRUE,"1;2;3","1;2;3","ENSE00001136349;ENSE00003515141;ENSE00003638064"
"ALL_CNA_cluster_0029","ALL_CNA","HOMDEL",TRUE,"CNA_event_000179","PAWKAN",0.167919799498747,"high_resolution_le_50pct",2,TRUE,"2;3","2;3","ENSE00003515141;ENSE00003638064"
"ALL_CNA_cluster_0030","ALL_CNA","HETDEL",TRUE,"CNA_event_000001","PARFLD",0.167919799498747,"high_resolution_le_50pct",2,TRUE,"2;3","2;3","ENSE00003515141;ENSE00003638064"
"ALL_CNA_cluster_0030","ALL_CNA","HETDEL",TRUE,"CNA_event_000002","PARJAY",0.167919799498747,"high_resolution_le_50pct",2,TRUE,"2;3","2;3","ENSE00003515141;ENSE00003638064"
"ALL_CNA_cluster_0030","ALL_CNA","HETDEL",TRUE,"CNA_event_000003","PARJPL",0.167919799498747,"high_resolution_le_50pct",2,TRUE,"2;3","2;3","ENSE00003515141;ENSE00003638064"
"ALL_CNA_cluster_0030","ALL_CNA","HETDEL",TRUE,"CNA_event_000004","PARNXJ",0.822055137844611,"low_resolution_75_90pct",10,TRUE,"2;3;4;5;6;7;8;9;10;11","2;3;4;5;6;7;8;9;10;11","ENSE00003468993;ENSE00003478404;ENSE00003510092;ENSE00003515141;ENSE00003530344;ENSE00003558404;ENSE00003604670;ENSE00003638064;ENSE00003651348;ENSE00003663409"
"ALL_CNA_cluster_0030","ALL_CNA","HETDEL",TRUE,"CNA_event_000005","PARPET",0.167919799498747,"high_resolution_le_50pct",2,TRUE,"2;3","2;3","ENSE00003515141;ENSE00003638064"
"ALL_CNA_cluster_0030","ALL_CNA","HOMDEL",TRUE,"CNA_event_000150","PARSLA",0.167919799498747,"high_resolution_le_50pct",2,TRUE,"2;3","2;3","ENSE00003515141;ENSE00003638064"
"ALL_CNA_cluster_0030","ALL_CNA","HETDEL",TRUE,"CNA_event_000007","PARSNX",0.289891395154553,"high_resolution_le_50pct",3,TRUE,"1;2;3","1;2;3","ENSE00001136349;ENSE00003515141;ENSE00003638064"
"ALL_CNA_cluster_0030","ALL_CNA","HETDEL",TRUE,"CNA_event_000008","PARWNW",0.654135338345865,"moderate_resolution_50_75pct",8,TRUE,"4;5;6;7;8;9;10;11","4;5;6;7;8;9;10;11","ENSE00003468993;ENSE00003478404;ENSE00003510092;ENSE00003530344;ENSE00003558404;ENSE00003604670;ENSE00003651348;ENSE00003663409"
"ALL_CNA_cluster_0030","ALL_CNA","HOMDEL",TRUE,"CNA_event_000151","PARWNW",0.167919799498747,"high_resolution_le_50pct",2,TRUE,"2;3","2;3","ENSE00003515141;ENSE00003638064"
"ALL_CNA_cluster_0030","ALL_CNA","HETDEL",TRUE,"CNA_event_000009","PARXDJ",0.167919799498747,"high_resolution_le_50pct",2,TRUE,"2;3","2;3","ENSE00003515141;ENSE00003638064"
"ALL_CNA_cluster_0030","ALL_CNA","HETDEL",TRUE,"CNA_event_000010","PARXPZ",0.822055137844611,"low_resolution_75_90pct",10,TRUE,"2;3;4;5;6;7;8;9;10;11","2;3;4;5;6;7;8;9;10;11","ENSE00003468993;ENSE00003478404;ENSE00003510092;ENSE00003515141;ENSE00003530344;ENSE00003558404;ENSE00003604670;ENSE00003638064;ENSE00003651348;ENSE00003663409"
"ALL_CNA_cluster_0030","ALL_CNA","HETDEL",TRUE,"CNA_event_000011","PASGDZ",0.167919799498747,"high_resolution_le_50pct",2,TRUE,"2;3","2;3","ENSE00003515141;ENSE00003638064"
"ALL_CNA_cluster_0030","ALL_CNA","HETDEL",TRUE,"CNA_event_000012","PASGUH",0.167919799498747,"high_resolution_le_50pct",2,TRUE,"2;3","2;3","ENSE00003515141;ENSE00003638064"
"ALL_CNA_cluster_0030","ALL_CNA","HETDEL",TRUE,"CNA_event_000013","PASILW",0.177944862155388,"high_resolution_le_50pct",1,FALSE,"1","1","ENSE00001136349"
"ALL_CNA_cluster_0030","ALL_CNA","HOMDEL",TRUE,"CNA_event_000152","PASILW",0.167919799498747,"high_resolution_le_50pct",2,TRUE,"2;3","2;3","ENSE00003515141;ENSE00003638064"
"ALL_CNA_cluster_0030","ALL_CNA","HETDEL",TRUE,"CNA_event_000015","PASINX",0.345864661654135,"high_resolution_le_50pct",3,TRUE,"1;2;3","1;2;3","ENSE00001136349;ENSE00003515141;ENSE00003638064"
"ALL_CNA_cluster_0030","ALL_CNA","HETDEL",TRUE,"CNA_event_000016","PASIPN",0.111946532999165,"high_resolution_le_50pct",1,FALSE,"3","3","ENSE00003515141"
"ALL_CNA_cluster_0030","ALL_CNA","HETDEL",TRUE,"CNA_event_000017","PASIPN",0.0559732664995823,"high_resolution_le_50pct",1,FALSE,"2","2","ENSE00003638064"
"ALL_CNA_cluster_0030","ALL_CNA","HETDEL",TRUE,"CNA_event_000018","PASJGV",0.167919799498747,"high_resolution_le_50pct",2,TRUE,"2;3","2;3","ENSE00003515141;ENSE00003638064"
"ALL_CNA_cluster_0030","ALL_CNA","HETDEL",TRUE,"CNA_event_000019","PASKAD",0.654135338345865,"moderate_resolution_50_75pct",8,TRUE,"4;5;6;7;8;9;10;11","4;5;6;7;8;9;10;11","ENSE00003468993;ENSE00003478404;ENSE00003510092;ENSE00003530344;ENSE00003558404;ENSE00003604670;ENSE00003651348;ENSE00003663409"
"ALL_CNA_cluster_0030","ALL_CNA","HOMDEL",TRUE,"CNA_event_000153","PASKAD",0.167919799498747,"high_resolution_le_50pct",2,TRUE,"2;3","2;3","ENSE00003515141;ENSE00003638064"
"ALL_CNA_cluster_0030","ALL_CNA","HETDEL",TRUE,"CNA_event_000020","PASKLU",0.111111111111111,"high_resolution_le_50pct",1,FALSE,"4","4","ENSE00003558404"
"ALL_CNA_cluster_0030","ALL_CNA","HOMDEL",TRUE,"CNA_event_000154","PASKLU",0.167919799498747,"high_resolution_le_50pct",2,TRUE,"2;3","2;3","ENSE00003515141;ENSE00003638064"
"ALL_CNA_cluster_0030","ALL_CNA","HETDEL",TRUE,"CNA_event_000021","PASKWG",0.654135338345865,"moderate_resolution_50_75pct",8,TRUE,"4;5;6;7;8;9;10;11","4;5;6;7;8;9;10;11","ENSE00003468993;ENSE00003478404;ENSE00003510092;ENSE00003530344;ENSE00003558404;ENSE00003604670;ENSE00003651348;ENSE00003663409"
"ALL_CNA_cluster_0030","ALL_CNA","HOMDEL",TRUE,"CNA_event_000155","PASKWG",0.167919799498747,"high_resolution_le_50pct",2,TRUE,"2;3","2;3","ENSE00003515141;ENSE00003638064"
"ALL_CNA_cluster_0030","ALL_CNA","HETDEL",TRUE,"CNA_event_000022","PASKXA",0.167919799498747,"high_resolution_le_50pct",2,TRUE,"2;3","2;3","ENSE00003515141;ENSE00003638064"
"ALL_CNA_cluster_0030","ALL_CNA","HETDEL",TRUE,"CNA_event_000023","PASLXY",0.345864661654135,"high_resolution_le_50pct",3,TRUE,"1;2;3","1;2;3","ENSE00001136349;ENSE00003515141;ENSE00003638064"
"ALL_CNA_cluster_0030","ALL_CNA","HETDEL",TRUE,"CNA_event_000024","PASPDS",0.355054302422723,"high_resolution_le_50pct",4,TRUE,"2;3;4;5","2;3;4;5","ENSE00003515141;ENSE00003558404;ENSE00003638064;ENSE00003663409"
"ALL_CNA_cluster_0030","ALL_CNA","HETDEL",TRUE,"CNA_event_000025","PASPLG",0.425229741019215,"high_resolution_le_50pct",5,TRUE,"2;3;4;5;6","2;3;4;5;6","ENSE00003468993;ENSE00003515141;ENSE00003558404;ENSE00003638064;ENSE00003663409"
"ALL_CNA_cluster_0030","ALL_CNA","HETDEL",TRUE,"CNA_event_000026","PASPNW",0.822055137844611,"low_resolution_75_90pct",10,TRUE,"2;3;4;5;6;7;8;9;10;11","2;3;4;5;6;7;8;9;10;11","ENSE00003468993;ENSE00003478404;ENSE00003510092;ENSE00003515141;ENSE00003530344;ENSE00003558404;ENSE00003604670;ENSE00003638064;ENSE00003651348;ENSE00003663409"
"ALL_CNA_cluster_0030","ALL_CNA","HETDEL",TRUE,"CNA_event_000027","PASRAF",0.167919799498747,"high_resolution_le_50pct",2,TRUE,"2;3","2;3","ENSE00003515141;ENSE00003638064"
"ALL_CNA_cluster_0030","ALL_CNA","HETDEL",TRUE,"CNA_event_000028","PASRMM",0.345864661654135,"high_resolution_le_50pct",3,TRUE,"1;2;3","1;2;3","ENSE00001136349;ENSE00003515141;ENSE00003638064"
"ALL_CNA_cluster_0030","ALL_CNA","HOMDEL",TRUE,"CNA_event_000156","PASRPV",0.345864661654135,"high_resolution_le_50pct",3,TRUE,"1;2;3","1;2;3","ENSE00001136349;ENSE00003515141;ENSE00003638064"
"ALL_CNA_cluster_0030","ALL_CNA","HETDEL",TRUE,"CNA_event_000030","PASRSE",0.167919799498747,"high_resolution_le_50pct",2,TRUE,"2;3","2;3","ENSE00003515141;ENSE00003638064"
"ALL_CNA_cluster_0030","ALL_CNA","HETDEL",TRUE,"CNA_event_000031","PASRUK",0.167919799498747,"high_resolution_le_50pct",2,TRUE,"2;3","2;3","ENSE00003515141;ENSE00003638064"
"ALL_CNA_cluster_0030","ALL_CNA","HETDEL",TRUE,"CNA_event_000032","PASTCH",0.456975772765246,"high_resolution_le_50pct",4,TRUE,"1;2;3;4","1;2;3;4","ENSE00001136349;ENSE00003515141;ENSE00003558404;ENSE00003638064"
"ALL_CNA_cluster_0030","ALL_CNA","HETDEL",TRUE,"CNA_event_000033","PASTHE",0.425229741019215,"high_resolution_le_50pct",5,TRUE,"2;3;4;5;6","2;3;4;5;6","ENSE00003468993;ENSE00003515141;ENSE00003558404;ENSE00003638064;ENSE00003663409"
"ALL_CNA_cluster_0030","ALL_CNA","HETDEL",TRUE,"CNA_event_000034","PASUSV",0.822055137844611,"low_resolution_75_90pct",10,TRUE,"2;3;4;5;6;7;8;9;10;11","2;3;4;5;6;7;8;9;10;11","ENSE00003468993;ENSE00003478404;ENSE00003510092;ENSE00003515141;ENSE00003530344;ENSE00003558404;ENSE00003604670;ENSE00003638064;ENSE00003651348;ENSE00003663409"
"ALL_CNA_cluster_0030","ALL_CNA","HETDEL",TRUE,"CNA_event_000035","PASVWH",0.167919799498747,"high_resolution_le_50pct",2,TRUE,"2;3","2;3","ENSE00003515141;ENSE00003638064"
"ALL_CNA_cluster_0030","ALL_CNA","HETDEL",TRUE,"CNA_event_000036","PASVZJ",0.167919799498747,"high_resolution_le_50pct",2,TRUE,"2;3","2;3","ENSE00003515141;ENSE00003638064"
"ALL_CNA_cluster_0030","ALL_CNA","HETDEL",TRUE,"CNA_event_000037","PASWXB",0.167919799498747,"high_resolution_le_50pct",2,TRUE,"2;3","2;3","ENSE00003515141;ENSE00003638064"
"ALL_CNA_cluster_0030","ALL_CNA","HETDEL",TRUE,"CNA_event_000038","PASWYU",0.586466165413534,"moderate_resolution_50_75pct",6,TRUE,"4;5;6;7;8;9","4;5;6;7;8;9","ENSE00003468993;ENSE00003478404;ENSE00003558404;ENSE00003604670;ENSE00003651348;ENSE00003663409"
"ALL_CNA_cluster_0030","ALL_CNA","HOMDEL",TRUE,"CNA_event_000157","PASWYU",0.167919799498747,"high_resolution_le_50pct",2,TRUE,"2;3","2;3","ENSE00003515141;ENSE00003638064"
"ALL_CNA_cluster_0030","ALL_CNA","HETDEL",TRUE,"CNA_event_000039","PASYNX",0.360066833751044,"high_resolution_le_50pct",4,TRUE,"4;5;6;7","4;5;6;7","ENSE00003468993;ENSE00003478404;ENSE00003558404;ENSE00003663409"
"ALL_CNA_cluster_0030","ALL_CNA","HETDEL",TRUE,"CNA_event_000040","PASYSJ",0.167919799498747,"high_resolution_le_50pct",2,TRUE,"2;3","2;3","ENSE00003515141;ENSE00003638064"
"ALL_CNA_cluster_0030","ALL_CNA","HETDEL",TRUE,"CNA_event_000041","PASYVU",0.167919799498747,"high_resolution_le_50pct",2,TRUE,"2;3","2;3","ENSE00003515141;ENSE00003638064"
"ALL_CNA_cluster_0030","ALL_CNA","HETDEL",TRUE,"CNA_event_000042","PASYWF",0.654135338345865,"moderate_resolution_50_75pct",8,TRUE,"4;5;6;7;8;9;10;11","4;5;6;7;8;9;10;11","ENSE00003468993;ENSE00003478404;ENSE00003510092;ENSE00003530344;ENSE00003558404;ENSE00003604670;ENSE00003651348;ENSE00003663409"
"ALL_CNA_cluster_0030","ALL_CNA","HOMDEL",TRUE,"CNA_event_000158","PASYWF",0.167919799498747,"high_resolution_le_50pct",2,TRUE,"2;3","2;3","ENSE00003515141;ENSE00003638064"
"ALL_CNA_cluster_0030","ALL_CNA","HETDEL",TRUE,"CNA_event_000043","PASZAY",0.167919799498747,"high_resolution_le_50pct",2,TRUE,"2;3","2;3","ENSE00003515141;ENSE00003638064"
"ALL_CNA_cluster_0030","ALL_CNA","HETDEL",TRUE,"CNA_event_000044","PATALF",0.425229741019215,"high_resolution_le_50pct",5,TRUE,"2;3;4;5;6","2;3;4;5;6","ENSE00003468993;ENSE00003515141;ENSE00003558404;ENSE00003638064;ENSE00003663409"
"ALL_CNA_cluster_0030","ALL_CNA","HETDEL",TRUE,"CNA_event_000045","PATBTX",0.167919799498747,"high_resolution_le_50pct",2,TRUE,"2;3","2;3","ENSE00003515141;ENSE00003638064"
"ALL_CNA_cluster_0030","ALL_CNA","HETDEL",TRUE,"CNA_event_000046","PATCTR",0.257309941520468,"high_resolution_le_50pct",3,TRUE,"4;5;6","4;5;6","ENSE00003468993;ENSE00003558404;ENSE00003663409"
"ALL_CNA_cluster_0030","ALL_CNA","HOMDEL",TRUE,"CNA_event_000159","PATCTR",0.345864661654135,"high_resolution_le_50pct",3,TRUE,"1;2;3","1;2;3","ENSE00001136349;ENSE00003515141;ENSE00003638064"
"ALL_CNA_cluster_0030","ALL_CNA","HETDEL",TRUE,"CNA_event_000047","PATDTN",0.167919799498747,"high_resolution_le_50pct",2,TRUE,"2;3","2;3","ENSE00003515141;ENSE00003638064"
"ALL_CNA_cluster_0030","ALL_CNA","HETDEL",TRUE,"CNA_event_000048","PATFPU",0.167919799498747,"high_resolution_le_50pct",2,TRUE,"2;3","2;3","ENSE00003515141;ENSE00003638064"
"ALL_CNA_cluster_0030","ALL_CNA","HOMDEL",TRUE,"CNA_event_000160","PATGBY",0.167919799498747,"high_resolution_le_50pct",2,TRUE,"2;3","2;3","ENSE00003515141;ENSE00003638064"
"ALL_CNA_cluster_0030","ALL_CNA","HETDEL",TRUE,"CNA_event_000050","PATHFE",0.822055137844611,"low_resolution_75_90pct",10,TRUE,"2;3;4;5;6;7;8;9;10;11","2;3;4;5;6;7;8;9;10;11","ENSE00003468993;ENSE00003478404;ENSE00003510092;ENSE00003515141;ENSE00003530344;ENSE00003558404;ENSE00003604670;ENSE00003638064;ENSE00003651348;ENSE00003663409"
"ALL_CNA_cluster_0030","ALL_CNA","HETDEL",TRUE,"CNA_event_000052","PATJLY",0.355054302422723,"high_resolution_le_50pct",4,TRUE,"2;3;4;5","2;3;4;5","ENSE00003515141;ENSE00003558404;ENSE00003638064;ENSE00003663409"
"ALL_CNA_cluster_0030","ALL_CNA","HOMDEL",TRUE,"CNA_event_000161","PATJRX",0.167919799498747,"high_resolution_le_50pct",2,TRUE,"2;3","2;3","ENSE00003515141;ENSE00003638064"
"ALL_CNA_cluster_0030","ALL_CNA","HOMDEL",TRUE,"CNA_event_000162","PATKVD",0.167919799498747,"high_resolution_le_50pct",2,TRUE,"2;3","2;3","ENSE00003515141;ENSE00003638064"
"ALL_CNA_cluster_0030","ALL_CNA","HETDEL",TRUE,"CNA_event_000054","PATKZH",0.345864661654135,"high_resolution_le_50pct",3,TRUE,"1;2;3","1;2;3","ENSE00001136349;ENSE00003515141;ENSE00003638064"
"ALL_CNA_cluster_0030","ALL_CNA","HETDEL",TRUE,"CNA_event_000055","PATLLH",0.425229741019215,"high_resolution_le_50pct",5,TRUE,"2;3;4;5;6","2;3;4;5;6","ENSE00003468993;ENSE00003515141;ENSE00003558404;ENSE00003638064;ENSE00003663409"
"ALL_CNA_cluster_0030","ALL_CNA","HETDEL",TRUE,"CNA_event_000056","PATNAM",0.233918128654971,"high_resolution_le_50pct",2,TRUE,"1;2","1;2","ENSE00001136349;ENSE00003638064"
"ALL_CNA_cluster_0030","ALL_CNA","HETDEL",TRUE,"CNA_event_000057","PATPDA",0.664160401002506,"moderate_resolution_50_75pct",7,TRUE,"2;3;4;5;6;7;8","2;3;4;5;6;7;8","ENSE00003468993;ENSE00003478404;ENSE00003515141;ENSE00003558404;ENSE00003604670;ENSE00003638064;ENSE00003663409"
"ALL_CNA_cluster_0030","ALL_CNA","HETDEL",TRUE,"CNA_event_000058","PATRAB",0.167919799498747,"high_resolution_le_50pct",2,TRUE,"2;3","2;3","ENSE00003515141;ENSE00003638064"
"ALL_CNA_cluster_0030","ALL_CNA","HETDEL",TRUE,"CNA_event_000059","PATRKV",0.223057644110276,"high_resolution_le_50pct",2,TRUE,"3;4","3;4","ENSE00003515141;ENSE00003558404"
"ALL_CNA_cluster_0030","ALL_CNA","HETDEL",TRUE,"CNA_event_000060","PATSPG",0.345864661654135,"high_resolution_le_50pct",3,TRUE,"1;2;3","1;2;3","ENSE00001136349;ENSE00003515141;ENSE00003638064"
"ALL_CNA_cluster_0030","ALL_CNA","HETDEL",TRUE,"CNA_event_000061","PATWJU",0.167919799498747,"high_resolution_le_50pct",2,TRUE,"2;3","2;3","ENSE00003515141;ENSE00003638064"
"ALL_CNA_cluster_0030","ALL_CNA","HOMDEL",TRUE,"CNA_event_000163","PATYWV",0.167919799498747,"high_resolution_le_50pct",2,TRUE,"2;3","2;3","ENSE00003515141;ENSE00003638064"
"ALL_CNA_cluster_0030","ALL_CNA","HETDEL",TRUE,"CNA_event_000063","PATZST",0.167919799498747,"high_resolution_le_50pct",2,TRUE,"2;3","2;3","ENSE00003515141;ENSE00003638064"
"ALL_CNA_cluster_0030","ALL_CNA","HETDEL",TRUE,"CNA_event_000064","PATZYR",0.167919799498747,"high_resolution_le_50pct",2,TRUE,"2;3","2;3","ENSE00003515141;ENSE00003638064"
"ALL_CNA_cluster_0030","ALL_CNA","HETDEL",TRUE,"CNA_event_000065","PAUAKN",0.167919799498747,"high_resolution_le_50pct",2,TRUE,"2;3","2;3","ENSE00003515141;ENSE00003638064"
"ALL_CNA_cluster_0030","ALL_CNA","HETDEL",TRUE,"CNA_event_000066","PAUAZV",0.167919799498747,"high_resolution_le_50pct",2,TRUE,"2;3","2;3","ENSE00003515141;ENSE00003638064"
"ALL_CNA_cluster_0030","ALL_CNA","HETDEL",TRUE,"CNA_event_000067","PAUBCT",0.167919799498747,"high_resolution_le_50pct",2,TRUE,"2;3","2;3","ENSE00003515141;ENSE00003638064"
"ALL_CNA_cluster_0030","ALL_CNA","HOMDEL",TRUE,"CNA_event_000164","PAUBTC",0.167919799498747,"high_resolution_le_50pct",2,TRUE,"2;3","2;3","ENSE00003515141;ENSE00003638064"
"ALL_CNA_cluster_0030","ALL_CNA","HETDEL",TRUE,"CNA_event_000070","PAUCDC",0.822055137844611,"low_resolution_75_90pct",10,TRUE,"2;3;4;5;6;7;8;9;10;11","2;3;4;5;6;7;8;9;10;11","ENSE00003468993;ENSE00003478404;ENSE00003510092;ENSE00003515141;ENSE00003530344;ENSE00003558404;ENSE00003604670;ENSE00003638064;ENSE00003651348;ENSE00003663409"
"ALL_CNA_cluster_0030","ALL_CNA","HETDEL",TRUE,"CNA_event_000071","PAUEDT",0.167919799498747,"high_resolution_le_50pct",2,TRUE,"2;3","2;3","ENSE00003515141;ENSE00003638064"
"ALL_CNA_cluster_0030","ALL_CNA","HETDEL",TRUE,"CNA_event_000072","PAUEUC",0.177944862155388,"high_resolution_le_50pct",1,FALSE,"1","1","ENSE00001136349"
"ALL_CNA_cluster_0030","ALL_CNA","HOMDEL",TRUE,"CNA_event_000165","PAUEUC",0.167919799498747,"high_resolution_le_50pct",2,TRUE,"2;3","2;3","ENSE00003515141;ENSE00003638064"
"ALL_CNA_cluster_0030","ALL_CNA","HETDEL",TRUE,"CNA_event_000074","PAUEVJ",0.167919799498747,"high_resolution_le_50pct",2,TRUE,"2;3","2;3","ENSE00003515141;ENSE00003638064"
"ALL_CNA_cluster_0030","ALL_CNA","HETDEL",TRUE,"CNA_event_000075","PAUEXN",0.206349206349206,"high_resolution_le_50pct",3,TRUE,"1;2;3","1;2;3","ENSE00001136349;ENSE00003515141;ENSE00003638064"
"ALL_CNA_cluster_0030","ALL_CNA","HETDEL",TRUE,"CNA_event_000077","PAUGDT",0.167919799498747,"high_resolution_le_50pct",2,TRUE,"2;3","2;3","ENSE00003515141;ENSE00003638064"
"ALL_CNA_cluster_0030","ALL_CNA","HETDEL",TRUE,"CNA_event_000078","PAUGLY",0.345864661654135,"high_resolution_le_50pct",3,TRUE,"1;2;3","1;2;3","ENSE00001136349;ENSE00003515141;ENSE00003638064"
"ALL_CNA_cluster_0030","ALL_CNA","HETDEL",TRUE,"CNA_event_000079","PAUIEM",0.654135338345865,"moderate_resolution_50_75pct",8,TRUE,"4;5;6;7;8;9;10;11","4;5;6;7;8;9;10;11","ENSE00003468993;ENSE00003478404;ENSE00003510092;ENSE00003530344;ENSE00003558404;ENSE00003604670;ENSE00003651348;ENSE00003663409"
"ALL_CNA_cluster_0030","ALL_CNA","HOMDEL",TRUE,"CNA_event_000166","PAUIEM",0.167919799498747,"high_resolution_le_50pct",2,TRUE,"2;3","2;3","ENSE00003515141;ENSE00003638064"
"ALL_CNA_cluster_0030","ALL_CNA","HETDEL",TRUE,"CNA_event_000080","PAUIFA",0.167919799498747,"high_resolution_le_50pct",2,TRUE,"2;3","2;3","ENSE00003515141;ENSE00003638064"
"ALL_CNA_cluster_0030","ALL_CNA","HETDEL",TRUE,"CNA_event_000081","PAUJVL",0.345864661654135,"high_resolution_le_50pct",3,TRUE,"1;2;3","1;2;3","ENSE00001136349;ENSE00003515141;ENSE00003638064"
"ALL_CNA_cluster_0030","ALL_CNA","HETDEL",TRUE,"CNA_event_000083","PAUKZJ",0.608187134502924,"moderate_resolution_50_75pct",6,TRUE,"3;4;5;6;7;8","3;4;5;6;7;8","ENSE00003468993;ENSE00003478404;ENSE00003515141;ENSE00003558404;ENSE00003604670;ENSE00003663409"
"ALL_CNA_cluster_0030","ALL_CNA","HETDEL",TRUE,"CNA_event_000084","PAULCK",0.167919799498747,"high_resolution_le_50pct",2,TRUE,"2;3","2;3","ENSE00003515141;ENSE00003638064"
"ALL_CNA_cluster_0030","ALL_CNA","HETDEL",TRUE,"CNA_event_000085","PAULGX",0.238930659983292,"high_resolution_le_50pct",2,TRUE,"7;8","7;8","ENSE00003478404;ENSE00003604670"
"ALL_CNA_cluster_0030","ALL_CNA","HOMDEL",TRUE,"CNA_event_000167","PAULGX",0.603174603174603,"moderate_resolution_50_75pct",6,TRUE,"1;2;3;4;5;6","1;2;3;4;5;6","ENSE00001136349;ENSE00003468993;ENSE00003515141;ENSE00003558404;ENSE00003638064;ENSE00003663409"
"ALL_CNA_cluster_0030","ALL_CNA","HOMDEL",TRUE,"CNA_event_000168","PAUMIB",0.345864661654135,"high_resolution_le_50pct",3,TRUE,"1;2;3","1;2;3","ENSE00001136349;ENSE00003515141;ENSE00003638064"
"ALL_CNA_cluster_0030","ALL_CNA","HETDEL",TRUE,"CNA_event_000087","PAUMLX",0.345864661654135,"high_resolution_le_50pct",3,TRUE,"1;2;3","1;2;3","ENSE00001136349;ENSE00003515141;ENSE00003638064"
"ALL_CNA_cluster_0030","ALL_CNA","HETDEL",TRUE,"CNA_event_000088","PAUMXB",0.345864661654135,"high_resolution_le_50pct",3,TRUE,"1;2;3","1;2;3","ENSE00001136349;ENSE00003515141;ENSE00003638064"
"ALL_CNA_cluster_0030","ALL_CNA","HETDEL",TRUE,"CNA_event_000089","PAUPUW",0.167919799498747,"high_resolution_le_50pct",2,TRUE,"2;3","2;3","ENSE00003515141;ENSE00003638064"
"ALL_CNA_cluster_0030","ALL_CNA","HETDEL",TRUE,"CNA_event_000090","PAURLU",0.167919799498747,"high_resolution_le_50pct",2,TRUE,"2;3","2;3","ENSE00003515141;ENSE00003638064"
"ALL_CNA_cluster_0030","ALL_CNA","HETDEL",TRUE,"CNA_event_000091","PAUSIS",0.822055137844611,"low_resolution_75_90pct",10,TRUE,"2;3;4;5;6;7;8;9;10;11","2;3;4;5;6;7;8;9;10;11","ENSE00003468993;ENSE00003478404;ENSE00003510092;ENSE00003515141;ENSE00003530344;ENSE00003558404;ENSE00003604670;ENSE00003638064;ENSE00003651348;ENSE00003663409"
"ALL_CNA_cluster_0030","ALL_CNA","HETDEL",TRUE,"CNA_event_000092","PAUTBB",0.167919799498747,"high_resolution_le_50pct",2,TRUE,"2;3","2;3","ENSE00003515141;ENSE00003638064"
"ALL_CNA_cluster_0030","ALL_CNA","HETDEL",TRUE,"CNA_event_000093","PAUTUL",0.664160401002506,"moderate_resolution_50_75pct",7,TRUE,"2;3;4;5;6;7;8","2;3;4;5;6;7;8","ENSE00003468993;ENSE00003478404;ENSE00003515141;ENSE00003558404;ENSE00003604670;ENSE00003638064;ENSE00003663409"
"ALL_CNA_cluster_0030","ALL_CNA","HETDEL",TRUE,"CNA_event_000094","PAUUAL",0.167919799498747,"high_resolution_le_50pct",2,TRUE,"2;3","2;3","ENSE00003515141;ENSE00003638064"
"ALL_CNA_cluster_0030","ALL_CNA","HOMDEL",TRUE,"CNA_event_000169","PAUUBG",0.167919799498747,"high_resolution_le_50pct",2,TRUE,"2;3","2;3","ENSE00003515141;ENSE00003638064"
"ALL_CNA_cluster_0030","ALL_CNA","HETDEL",TRUE,"CNA_event_000095","PAUUIK",0.167919799498747,"high_resolution_le_50pct",2,TRUE,"2;3","2;3","ENSE00003515141;ENSE00003638064"
"ALL_CNA_cluster_0030","ALL_CNA","HETDEL",TRUE,"CNA_event_000096","PAUWMZ",0.167919799498747,"high_resolution_le_50pct",2,TRUE,"2;3","2;3","ENSE00003515141;ENSE00003638064"
"ALL_CNA_cluster_0030","ALL_CNA","HETDEL",TRUE,"CNA_event_000097","PAUWXI",0.822055137844611,"low_resolution_75_90pct",10,TRUE,"2;3;4;5;6;7;8;9;10;11","2;3;4;5;6;7;8;9;10;11","ENSE00003468993;ENSE00003478404;ENSE00003510092;ENSE00003515141;ENSE00003530344;ENSE00003558404;ENSE00003604670;ENSE00003638064;ENSE00003651348;ENSE00003663409"
"ALL_CNA_cluster_0030","ALL_CNA","HETDEL",TRUE,"CNA_event_000098","PAUXCW",0.167919799498747,"high_resolution_le_50pct",2,TRUE,"2;3","2;3","ENSE00003515141;ENSE00003638064"
"ALL_CNA_cluster_0030","ALL_CNA","HETDEL",TRUE,"CNA_event_000099","PAUXKE",0.167919799498747,"high_resolution_le_50pct",2,TRUE,"2;3","2;3","ENSE00003515141;ENSE00003638064"
"ALL_CNA_cluster_0030","ALL_CNA","HETDEL",TRUE,"CNA_event_000100","PAUXRM",0.279030910609858,"high_resolution_le_50pct",3,TRUE,"2;3;4","2;3;4","ENSE00003515141;ENSE00003558404;ENSE00003638064"
"ALL_CNA_cluster_0030","ALL_CNA","HETDEL",TRUE,"CNA_event_000101","PAUXYI",0.355054302422723,"high_resolution_le_50pct",4,TRUE,"2;3;4;5","2;3;4;5","ENSE00003515141;ENSE00003558404;ENSE00003638064;ENSE00003663409"
"ALL_CNA_cluster_0030","ALL_CNA","HETDEL",TRUE,"CNA_event_000102","PAUYJF",0.425229741019215,"high_resolution_le_50pct",5,TRUE,"2;3;4;5;6","2;3;4;5;6","ENSE00003468993;ENSE00003515141;ENSE00003558404;ENSE00003638064;ENSE00003663409"
"ALL_CNA_cluster_0030","ALL_CNA","HOMDEL",TRUE,"CNA_event_000170","PAVBFC",0.167919799498747,"high_resolution_le_50pct",2,TRUE,"2;3","2;3","ENSE00003515141;ENSE00003638064"
"ALL_CNA_cluster_0030","ALL_CNA","HETDEL",TRUE,"CNA_event_000104","PAVCRK",0.167919799498747,"high_resolution_le_50pct",2,TRUE,"2;3","2;3","ENSE00003515141;ENSE00003638064"
"ALL_CNA_cluster_0030","ALL_CNA","HOMDEL",TRUE,"CNA_event_000171","PAVESF",0.167919799498747,"high_resolution_le_50pct",2,TRUE,"2;3","2;3","ENSE00003515141;ENSE00003638064"
"ALL_CNA_cluster_0030","ALL_CNA","HETDEL",TRUE,"CNA_event_000105","PAVFAX",0.167919799498747,"high_resolution_le_50pct",2,TRUE,"2;3","2;3","ENSE00003515141;ENSE00003638064"
"ALL_CNA_cluster_0030","ALL_CNA","HETDEL",TRUE,"CNA_event_000106","PAVHAA",0.167919799498747,"high_resolution_le_50pct",2,TRUE,"2;3","2;3","ENSE00003515141;ENSE00003638064"
"ALL_CNA_cluster_0030","ALL_CNA","HETDEL",TRUE,"CNA_event_000107","PAVHBL",0.167919799498747,"high_resolution_le_50pct",2,TRUE,"2;3","2;3","ENSE00003515141;ENSE00003638064"
"ALL_CNA_cluster_0030","ALL_CNA","HETDEL",TRUE,"CNA_event_000108","PAVHGX",0.167919799498747,"high_resolution_le_50pct",2,TRUE,"2;3","2;3","ENSE00003515141;ENSE00003638064"
"ALL_CNA_cluster_0030","ALL_CNA","HETDEL",TRUE,"CNA_event_000110","PAVKCV",0.177944862155388,"high_resolution_le_50pct",1,FALSE,"1","1","ENSE00001136349"
"ALL_CNA_cluster_0030","ALL_CNA","HOMDEL",TRUE,"CNA_event_000172","PAVKCV",0.167919799498747,"high_resolution_le_50pct",2,TRUE,"2;3","2;3","ENSE00003515141;ENSE00003638064"
"ALL_CNA_cluster_0030","ALL_CNA","HETDEL",TRUE,"CNA_event_000112","PAVKPV",0.167919799498747,"high_resolution_le_50pct",2,TRUE,"2;3","2;3","ENSE00003515141;ENSE00003638064"
"ALL_CNA_cluster_0030","ALL_CNA","HOMDEL",TRUE,"CNA_event_000173","PAVKWV",0.167919799498747,"high_resolution_le_50pct",2,TRUE,"2;3","2;3","ENSE00003515141;ENSE00003638064"
"ALL_CNA_cluster_0030","ALL_CNA","HETDEL",TRUE,"CNA_event_000114","PAVLLU",0.167919799498747,"high_resolution_le_50pct",2,TRUE,"2;3","2;3","ENSE00003515141;ENSE00003638064"
"ALL_CNA_cluster_0030","ALL_CNA","HOMDEL",TRUE,"CNA_event_000174","PAVLMY",0.167919799498747,"high_resolution_le_50pct",2,TRUE,"2;3","2;3","ENSE00003515141;ENSE00003638064"
"ALL_CNA_cluster_0030","ALL_CNA","HETDEL",TRUE,"CNA_event_000115","PAVMKN",0.167919799498747,"high_resolution_le_50pct",2,TRUE,"2;3","2;3","ENSE00003515141;ENSE00003638064"
"ALL_CNA_cluster_0030","ALL_CNA","HETDEL",TRUE,"CNA_event_000116","PAVMPT",0.279030910609858,"high_resolution_le_50pct",3,TRUE,"2;3;4","2;3;4","ENSE00003515141;ENSE00003558404;ENSE00003638064"
"ALL_CNA_cluster_0030","ALL_CNA","HETDEL",TRUE,"CNA_event_000117","PAVNGZ",0.167919799498747,"high_resolution_le_50pct",2,TRUE,"2;3","2;3","ENSE00003515141;ENSE00003638064"
"ALL_CNA_cluster_0030","ALL_CNA","HETDEL",TRUE,"CNA_event_000119","PAVNTB",0.167919799498747,"high_resolution_le_50pct",2,TRUE,"2;3","2;3","ENSE00003515141;ENSE00003638064"
"ALL_CNA_cluster_0030","ALL_CNA","HETDEL",TRUE,"CNA_event_000120","PAVPCB",0.206349206349206,"high_resolution_le_50pct",3,TRUE,"1;2;3","1;2;3","ENSE00001136349;ENSE00003515141;ENSE00003638064"
"ALL_CNA_cluster_0030","ALL_CNA","HETDEL",TRUE,"CNA_event_000121","PAVRXK",0.932330827067669,"very_low_resolution_90_lt_100pct",9,TRUE,"1;2;3;4;5;6;7;8;9","1;2;3;4;5;6;7;8;9","ENSE00001136349;ENSE00003468993;ENSE00003478404;ENSE00003515141;ENSE00003558404;ENSE00003604670;ENSE00003638064;ENSE00003651348;ENSE00003663409"
"ALL_CNA_cluster_0030","ALL_CNA","HETDEL",TRUE,"CNA_event_000122","PAVVBE",0.177944862155388,"high_resolution_le_50pct",1,FALSE,"1","1","ENSE00001136349"
"ALL_CNA_cluster_0030","ALL_CNA","HOMDEL",TRUE,"CNA_event_000175","PAVVBE",0.754385964912281,"low_resolution_75_90pct",8,TRUE,"2;3;4;5;6;7;8;9","2;3;4;5;6;7;8;9","ENSE00003468993;ENSE00003478404;ENSE00003515141;ENSE00003558404;ENSE00003604670;ENSE00003638064;ENSE00003651348;ENSE00003663409"
"ALL_CNA_cluster_0030","ALL_CNA","HETDEL",TRUE,"CNA_event_000123","PAVVDS",0.257309941520468,"high_resolution_le_50pct",3,TRUE,"4;5;6","4;5;6","ENSE00003468993;ENSE00003558404;ENSE00003663409"
"ALL_CNA_cluster_0030","ALL_CNA","HOMDEL",TRUE,"CNA_event_000176","PAVVDS",0.167919799498747,"high_resolution_le_50pct",2,TRUE,"2;3","2;3","ENSE00003515141;ENSE00003638064"
"ALL_CNA_cluster_0030","ALL_CNA","HETDEL",TRUE,"CNA_event_000124","PAVWDF",0.167919799498747,"high_resolution_le_50pct",2,TRUE,"2;3","2;3","ENSE00003515141;ENSE00003638064"
"ALL_CNA_cluster_0030","ALL_CNA","HETDEL",TRUE,"CNA_event_000125","PAVWNL",0.345864661654135,"high_resolution_le_50pct",3,TRUE,"1;2;3","1;2;3","ENSE00001136349;ENSE00003515141;ENSE00003638064"
"ALL_CNA_cluster_0030","ALL_CNA","HETDEL",TRUE,"CNA_event_000126","PAVYAZ",0.177944862155388,"high_resolution_le_50pct",1,FALSE,"1","1","ENSE00001136349"
"ALL_CNA_cluster_0030","ALL_CNA","HOMDEL",TRUE,"CNA_event_000177","PAVYAZ",0.167919799498747,"high_resolution_le_50pct",2,TRUE,"2;3","2;3","ENSE00003515141;ENSE00003638064"
"ALL_CNA_cluster_0030","ALL_CNA","HOMDEL",TRUE,"CNA_event_000178","PAVYGR",0.167919799498747,"high_resolution_le_50pct",2,TRUE,"2;3","2;3","ENSE00003515141;ENSE00003638064"
"ALL_CNA_cluster_0030","ALL_CNA","HETDEL",TRUE,"CNA_event_000129","PAVYTZ",0.167919799498747,"high_resolution_le_50pct",2,TRUE,"2;3","2;3","ENSE00003515141;ENSE00003638064"
"ALL_CNA_cluster_0030","ALL_CNA","HETDEL",TRUE,"CNA_event_000130","PAVZCF",0.425229741019215,"high_resolution_le_50pct",5,TRUE,"2;3;4;5;6","2;3;4;5;6","ENSE00003468993;ENSE00003515141;ENSE00003558404;ENSE00003638064;ENSE00003663409"
"ALL_CNA_cluster_0030","ALL_CNA","HETDEL",TRUE,"CNA_event_000131","PAWAIM",0.167919799498747,"high_resolution_le_50pct",2,TRUE,"2;3","2;3","ENSE00003515141;ENSE00003638064"
"ALL_CNA_cluster_0030","ALL_CNA","HETDEL",TRUE,"CNA_event_000132","PAWAIN",0.167919799498747,"high_resolution_le_50pct",2,TRUE,"2;3","2;3","ENSE00003515141;ENSE00003638064"
"ALL_CNA_cluster_0030","ALL_CNA","HETDEL",TRUE,"CNA_event_000133","PAWAKA",0.167919799498747,"high_resolution_le_50pct",2,TRUE,"2;3","2;3","ENSE00003515141;ENSE00003638064"
"ALL_CNA_cluster_0030","ALL_CNA","HETDEL",TRUE,"CNA_event_000134","PAWDEK",0.167919799498747,"high_resolution_le_50pct",2,TRUE,"2;3","2;3","ENSE00003515141;ENSE00003638064"
"ALL_CNA_cluster_0030","ALL_CNA","HETDEL",TRUE,"CNA_event_000135","PAWDMI",0.167919799498747,"high_resolution_le_50pct",2,TRUE,"2;3","2;3","ENSE00003515141;ENSE00003638064"
"ALL_CNA_cluster_0030","ALL_CNA","HETDEL",TRUE,"CNA_event_000136","PAWDWJ",0.822055137844611,"low_resolution_75_90pct",10,TRUE,"2;3;4;5;6;7;8;9;10;11","2;3;4;5;6;7;8;9;10;11","ENSE00003468993;ENSE00003478404;ENSE00003510092;ENSE00003515141;ENSE00003530344;ENSE00003558404;ENSE00003604670;ENSE00003638064;ENSE00003651348;ENSE00003663409"
"ALL_CNA_cluster_0030","ALL_CNA","HETDEL",TRUE,"CNA_event_000137","PAWEEC",0.167919799498747,"high_resolution_le_50pct",2,TRUE,"2;3","2;3","ENSE00003515141;ENSE00003638064"
"ALL_CNA_cluster_0030","ALL_CNA","HETDEL",TRUE,"CNA_event_000138","PAWEEX",0.111946532999165,"high_resolution_le_50pct",1,FALSE,"3","3","ENSE00003515141"
"ALL_CNA_cluster_0030","ALL_CNA","HETDEL",TRUE,"CNA_event_000139","PAWESJ",0.345864661654135,"high_resolution_le_50pct",3,TRUE,"1;2;3","1;2;3","ENSE00001136349;ENSE00003515141;ENSE00003638064"
"ALL_CNA_cluster_0030","ALL_CNA","HETDEL",TRUE,"CNA_event_000140","PAWETD",0.822055137844611,"low_resolution_75_90pct",10,TRUE,"2;3;4;5;6;7;8;9;10;11","2;3;4;5;6;7;8;9;10;11","ENSE00003468993;ENSE00003478404;ENSE00003510092;ENSE00003515141;ENSE00003530344;ENSE00003558404;ENSE00003604670;ENSE00003638064;ENSE00003651348;ENSE00003663409"
"ALL_CNA_cluster_0030","ALL_CNA","HETDEL",TRUE,"CNA_event_000141","PAWFNJ",0.345864661654135,"high_resolution_le_50pct",3,TRUE,"1;2;3","1;2;3","ENSE00001136349;ENSE00003515141;ENSE00003638064"
"ALL_CNA_cluster_0030","ALL_CNA","HETDEL",TRUE,"CNA_event_000142","PAWFWF",0.345864661654135,"high_resolution_le_50pct",3,TRUE,"1;2;3","1;2;3","ENSE00001136349;ENSE00003515141;ENSE00003638064"
"ALL_CNA_cluster_0030","ALL_CNA","HETDEL",TRUE,"CNA_event_000143","PAWGCK",0.167919799498747,"high_resolution_le_50pct",2,TRUE,"2;3","2;3","ENSE00003515141;ENSE00003638064"
"ALL_CNA_cluster_0030","ALL_CNA","HETDEL",TRUE,"CNA_event_000144","PAWGIT",0.167919799498747,"high_resolution_le_50pct",2,TRUE,"2;3","2;3","ENSE00003515141;ENSE00003638064"
"ALL_CNA_cluster_0030","ALL_CNA","HETDEL",TRUE,"CNA_event_000145","PAWGXM",0.496240601503759,"high_resolution_le_50pct",5,TRUE,"4;5;6;7;8","4;5;6;7;8","ENSE00003468993;ENSE00003478404;ENSE00003558404;ENSE00003604670;ENSE00003663409"
"ALL_CNA_cluster_0030","ALL_CNA","HETDEL",TRUE,"CNA_event_000146","PAWGZM",0.167919799498747,"high_resolution_le_50pct",2,TRUE,"2;3","2;3","ENSE00003515141;ENSE00003638064"
"ALL_CNA_cluster_0030","ALL_CNA","HETDEL",TRUE,"CNA_event_000147","PAWIWS",0.355054302422723,"high_resolution_le_50pct",4,TRUE,"2;3;4;5","2;3;4;5","ENSE00003515141;ENSE00003558404;ENSE00003638064;ENSE00003663409"
"ALL_CNA_cluster_0030","ALL_CNA","HETDEL",TRUE,"CNA_event_000148","PAWJKX",0.167919799498747,"high_resolution_le_50pct",2,TRUE,"2;3","2;3","ENSE00003515141;ENSE00003638064"
"ALL_CNA_cluster_0030","ALL_CNA","HETDEL",TRUE,"CNA_event_000149","PAWJYN",0.345864661654135,"high_resolution_le_50pct",3,TRUE,"1;2;3","1;2;3","ENSE00001136349;ENSE00003515141;ENSE00003638064"
"ALL_CNA_cluster_0030","ALL_CNA","HOMDEL",TRUE,"CNA_event_000179","PAWKAN",0.167919799498747,"high_resolution_le_50pct",2,TRUE,"2;3","2;3","ENSE00003515141;ENSE00003638064"
