"event_id","subject_id","cna_type","input_row","chrom","genomic_start","genomic_end","width_bp","exon_order","transcript_exon_rank","exon_id","exon_cds_start","exon_cds_end","overlap_start","overlap_end","coding_overlap_bp","exon_coding_fraction","passes_exon_overlap","coding_fraction","n_affected_exons","localization_class","complete_structural_mapping","structurally_localizable"
"CNA_event_000001","PARFLD","HETDEL",1,"4",108119001,108167400,48400,2,2,"ENSE00003638064",108165097,108165163,108165097,108165163,67,1,TRUE,0.167919799498747,2,"high_resolution_le_50pct",TRUE,TRUE
"CNA_event_000001","PARFLD","HETDEL",1,"4",108119001,108167400,48400,3,3,"ENSE00003515141",108163568,108163701,108163568,108163701,134,1,TRUE,0.167919799498747,2,"high_resolution_le_50pct",TRUE,TRUE
"CNA_event_000002","PARJAY","HETDEL",2,"4",108149501,108167300,17800,2,2,"ENSE00003638064",108165097,108165163,108165097,108165163,67,1,TRUE,0.167919799498747,2,"high_resolution_le_50pct",TRUE,TRUE
"CNA_event_000002","PARJAY","HETDEL",2,"4",108149501,108167300,17800,3,3,"ENSE00003515141",108163568,108163701,108163568,108163701,134,1,TRUE,0.167919799498747,2,"high_resolution_le_50pct",TRUE,TRUE
"CNA_event_000003","PARJPL","HETDEL",3,"4",108141501,108167300,25800,2,2,"ENSE00003638064",108165097,108165163,108165097,108165163,67,1,TRUE,0.167919799498747,2,"high_resolution_le_50pct",TRUE,TRUE
"CNA_event_000003","PARJPL","HETDEL",3,"4",108141501,108167300,25800,3,3,"ENSE00003515141",108163568,108163701,108163568,108163701,134,1,TRUE,0.167919799498747,2,"high_resolution_le_50pct",TRUE,TRUE
"CNA_event_000004","PARNXJ","HETDEL",4,"4",108049201,108167300,118100,2,2,"ENSE00003638064",108165097,108165163,108165097,108165163,67,1,TRUE,0.822055137844611,10,"low_resolution_75_90pct",TRUE,TRUE
"CNA_event_000004","PARNXJ","HETDEL",4,"4",108049201,108167300,118100,3,3,"ENSE00003515141",108163568,108163701,108163568,108163701,134,1,TRUE,0.822055137844611,10,"low_resolution_75_90pct",TRUE,TRUE
"CNA_event_000004","PARNXJ","HETDEL",4,"4",108049201,108167300,118100,4,4,"ENSE00003558404",108089125,108089257,108089125,108089257,133,1,TRUE,0.822055137844611,10,"low_resolution_75_90pct",TRUE,TRUE
"CNA_event_000004","PARNXJ","HETDEL",4,"4",108049201,108167300,118100,5,5,"ENSE00003663409",108083356,108083446,108083356,108083446,91,1,TRUE,0.822055137844611,10,"low_resolution_75_90pct",TRUE,TRUE
"CNA_event_000004","PARNXJ","HETDEL",4,"4",108049201,108167300,118100,6,6,"ENSE00003468993",108081586,108081669,108081586,108081669,84,1,TRUE,0.822055137844611,10,"low_resolution_75_90pct",TRUE,TRUE
"CNA_event_000004","PARNXJ","HETDEL",4,"4",108049201,108167300,118100,7,7,"ENSE00003478404",108079492,108079614,108079492,108079614,123,1,TRUE,0.822055137844611,10,"low_resolution_75_90pct",TRUE,TRUE
"CNA_event_000004","PARNXJ","HETDEL",4,"4",108049201,108167300,118100,8,8,"ENSE00003604670",108078220,108078382,108078220,108078382,163,1,TRUE,0.822055137844611,10,"low_resolution_75_90pct",TRUE,TRUE
"CNA_event_000004","PARNXJ","HETDEL",4,"4",108049201,108167300,118100,9,9,"ENSE00003651348",108070663,108070770,108070663,108070770,108,1,TRUE,0.822055137844611,10,"low_resolution_75_90pct",TRUE,TRUE
"CNA_event_000004","PARNXJ","HETDEL",4,"4",108049201,108167300,118100,10,10,"ENSE00003530344",108064336,108064384,108064336,108064384,49,1,TRUE,0.822055137844611,10,"low_resolution_75_90pct",TRUE,TRUE
"CNA_event_000004","PARNXJ","HETDEL",4,"4",108049201,108167300,118100,11,11,"ENSE00003510092",108063632,108063663,108063632,108063663,32,1,TRUE,0.822055137844611,10,"low_resolution_75_90pct",TRUE,TRUE
"CNA_event_000005","PARPET","HETDEL",5,"4",108119001,108167200,48200,2,2,"ENSE00003638064",108165097,108165163,108165097,108165163,67,1,TRUE,0.167919799498747,2,"high_resolution_le_50pct",TRUE,TRUE
"CNA_event_000005","PARPET","HETDEL",5,"4",108119001,108167200,48200,3,3,"ENSE00003515141",108163568,108163701,108163568,108163701,134,1,TRUE,0.167919799498747,2,"high_resolution_le_50pct",TRUE,TRUE
"CNA_event_000007","PARSNX","HETDEL",7,"4",108101301,108167700,66400,1,1,"ENSE00001136349",108167555,108167767,108167555,108167700,146,0.685446009389671,TRUE,0.289891395154553,3,"high_resolution_le_50pct",TRUE,TRUE
"CNA_event_000007","PARSNX","HETDEL",7,"4",108101301,108167700,66400,2,2,"ENSE00003638064",108165097,108165163,108165097,108165163,67,1,TRUE,0.289891395154553,3,"high_resolution_le_50pct",TRUE,TRUE
"CNA_event_000007","PARSNX","HETDEL",7,"4",108101301,108167700,66400,3,3,"ENSE00003515141",108163568,108163701,108163568,108163701,134,1,TRUE,0.289891395154553,3,"high_resolution_le_50pct",TRUE,TRUE
"CNA_event_000008","PARWNW","HETDEL",8,"4",108050401,108119000,68600,4,4,"ENSE00003558404",108089125,108089257,108089125,108089257,133,1,TRUE,0.654135338345865,8,"moderate_resolution_50_75pct",TRUE,TRUE
"CNA_event_000008","PARWNW","HETDEL",8,"4",108050401,108119000,68600,5,5,"ENSE00003663409",108083356,108083446,108083356,108083446,91,1,TRUE,0.654135338345865,8,"moderate_resolution_50_75pct",TRUE,TRUE
"CNA_event_000008","PARWNW","HETDEL",8,"4",108050401,108119000,68600,6,6,"ENSE00003468993",108081586,108081669,108081586,108081669,84,1,TRUE,0.654135338345865,8,"moderate_resolution_50_75pct",TRUE,TRUE
"CNA_event_000008","PARWNW","HETDEL",8,"4",108050401,108119000,68600,7,7,"ENSE00003478404",108079492,108079614,108079492,108079614,123,1,TRUE,0.654135338345865,8,"moderate_resolution_50_75pct",TRUE,TRUE
"CNA_event_000008","PARWNW","HETDEL",8,"4",108050401,108119000,68600,8,8,"ENSE00003604670",108078220,108078382,108078220,108078382,163,1,TRUE,0.654135338345865,8,"moderate_resolution_50_75pct",TRUE,TRUE
"CNA_event_000008","PARWNW","HETDEL",8,"4",108050401,108119000,68600,9,9,"ENSE00003651348",108070663,108070770,108070663,108070770,108,1,TRUE,0.654135338345865,8,"moderate_resolution_50_75pct",TRUE,TRUE
"CNA_event_000008","PARWNW","HETDEL",8,"4",108050401,108119000,68600,10,10,"ENSE00003530344",108064336,108064384,108064336,108064384,49,1,TRUE,0.654135338345865,8,"moderate_resolution_50_75pct",TRUE,TRUE
"CNA_event_000008","PARWNW","HETDEL",8,"4",108050401,108119000,68600,11,11,"ENSE00003510092",108063632,108063663,108063632,108063663,32,1,TRUE,0.654135338345865,8,"moderate_resolution_50_75pct",TRUE,TRUE
"CNA_event_000009","PARXDJ","HETDEL",9,"4",108140601,108167200,26600,2,2,"ENSE00003638064",108165097,108165163,108165097,108165163,67,1,TRUE,0.167919799498747,2,"high_resolution_le_50pct",TRUE,TRUE
"CNA_event_000009","PARXDJ","HETDEL",9,"4",108140601,108167200,26600,3,3,"ENSE00003515141",108163568,108163701,108163568,108163701,134,1,TRUE,0.167919799498747,2,"high_resolution_le_50pct",TRUE,TRUE
"CNA_event_000010","PARXPZ","HETDEL",10,"4",108061401,108167300,105900,2,2,"ENSE00003638064",108165097,108165163,108165097,108165163,67,1,TRUE,0.822055137844611,10,"low_resolution_75_90pct",TRUE,TRUE
"CNA_event_000010","PARXPZ","HETDEL",10,"4",108061401,108167300,105900,3,3,"ENSE00003515141",108163568,108163701,108163568,108163701,134,1,TRUE,0.822055137844611,10,"low_resolution_75_90pct",TRUE,TRUE
"CNA_event_000010","PARXPZ","HETDEL",10,"4",108061401,108167300,105900,4,4,"ENSE00003558404",108089125,108089257,108089125,108089257,133,1,TRUE,0.822055137844611,10,"low_resolution_75_90pct",TRUE,TRUE
"CNA_event_000010","PARXPZ","HETDEL",10,"4",108061401,108167300,105900,5,5,"ENSE00003663409",108083356,108083446,108083356,108083446,91,1,TRUE,0.822055137844611,10,"low_resolution_75_90pct",TRUE,TRUE
"CNA_event_000010","PARXPZ","HETDEL",10,"4",108061401,108167300,105900,6,6,"ENSE00003468993",108081586,108081669,108081586,108081669,84,1,TRUE,0.822055137844611,10,"low_resolution_75_90pct",TRUE,TRUE
"CNA_event_000010","PARXPZ","HETDEL",10,"4",108061401,108167300,105900,7,7,"ENSE00003478404",108079492,108079614,108079492,108079614,123,1,TRUE,0.822055137844611,10,"low_resolution_75_90pct",TRUE,TRUE
"CNA_event_000010","PARXPZ","HETDEL",10,"4",108061401,108167300,105900,8,8,"ENSE00003604670",108078220,108078382,108078220,108078382,163,1,TRUE,0.822055137844611,10,"low_resolution_75_90pct",TRUE,TRUE
"CNA_event_000010","PARXPZ","HETDEL",10,"4",108061401,108167300,105900,9,9,"ENSE00003651348",108070663,108070770,108070663,108070770,108,1,TRUE,0.822055137844611,10,"low_resolution_75_90pct",TRUE,TRUE
"CNA_event_000010","PARXPZ","HETDEL",10,"4",108061401,108167300,105900,10,10,"ENSE00003530344",108064336,108064384,108064336,108064384,49,1,TRUE,0.822055137844611,10,"low_resolution_75_90pct",TRUE,TRUE
"CNA_event_000010","PARXPZ","HETDEL",10,"4",108061401,108167300,105900,11,11,"ENSE00003510092",108063632,108063663,108063632,108063663,32,1,TRUE,0.822055137844611,10,"low_resolution_75_90pct",TRUE,TRUE
"CNA_event_000011","PASGDZ","HETDEL",11,"4",108144901,108167300,22400,2,2,"ENSE00003638064",108165097,108165163,108165097,108165163,67,1,TRUE,0.167919799498747,2,"high_resolution_le_50pct",TRUE,TRUE
"CNA_event_000011","PASGDZ","HETDEL",11,"4",108144901,108167300,22400,3,3,"ENSE00003515141",108163568,108163701,108163568,108163701,134,1,TRUE,0.167919799498747,2,"high_resolution_le_50pct",TRUE,TRUE
"CNA_event_000012","PASGUH","HETDEL",12,"4",108118901,108167100,48200,2,2,"ENSE00003638064",108165097,108165163,108165097,108165163,67,1,TRUE,0.167919799498747,2,"high_resolution_le_50pct",TRUE,TRUE
"CNA_event_000012","PASGUH","HETDEL",12,"4",108118901,108167100,48200,3,3,"ENSE00003515141",108163568,108163701,108163568,108163701,134,1,TRUE,0.167919799498747,2,"high_resolution_le_50pct",TRUE,TRUE
"CNA_event_000013","PASILW","HETDEL",13,"4",108167201,108354800,187600,1,1,"ENSE00001136349",108167555,108167767,108167555,108167767,213,1,TRUE,0.177944862155388,1,"high_resolution_le_50pct",TRUE,TRUE
"CNA_event_000015","PASINX","HETDEL",15,"4",108121301,108351400,230100,1,1,"ENSE00001136349",108167555,108167767,108167555,108167767,213,1,TRUE,0.345864661654135,3,"high_resolution_le_50pct",TRUE,TRUE
"CNA_event_000015","PASINX","HETDEL",15,"4",108121301,108351400,230100,2,2,"ENSE00003638064",108165097,108165163,108165097,108165163,67,1,TRUE,0.345864661654135,3,"high_resolution_le_50pct",TRUE,TRUE
"CNA_event_000015","PASINX","HETDEL",15,"4",108121301,108351400,230100,3,3,"ENSE00003515141",108163568,108163701,108163568,108163701,134,1,TRUE,0.345864661654135,3,"high_resolution_le_50pct",TRUE,TRUE
"CNA_event_000016","PASIPN","HETDEL",16,"4",108160001,108164300,4300,3,3,"ENSE00003515141",108163568,108163701,108163568,108163701,134,1,TRUE,0.111946532999165,1,"high_resolution_le_50pct",TRUE,TRUE
"CNA_event_000017","PASIPN","HETDEL",17,"4",108164301,108167200,2900,2,2,"ENSE00003638064",108165097,108165163,108165097,108165163,67,1,TRUE,0.0559732664995823,1,"high_resolution_le_50pct",TRUE,TRUE
"CNA_event_000018","PASJGV","HETDEL",18,"4",108140701,108167300,26600,2,2,"ENSE00003638064",108165097,108165163,108165097,108165163,67,1,TRUE,0.167919799498747,2,"high_resolution_le_50pct",TRUE,TRUE
"CNA_event_000018","PASJGV","HETDEL",18,"4",108140701,108167300,26600,3,3,"ENSE00003515141",108163568,108163701,108163568,108163701,134,1,TRUE,0.167919799498747,2,"high_resolution_le_50pct",TRUE,TRUE
"CNA_event_000019","PASKAD","HETDEL",19,"4",108031601,108095300,63700,4,4,"ENSE00003558404",108089125,108089257,108089125,108089257,133,1,TRUE,0.654135338345865,8,"moderate_resolution_50_75pct",TRUE,TRUE
"CNA_event_000019","PASKAD","HETDEL",19,"4",108031601,108095300,63700,5,5,"ENSE00003663409",108083356,108083446,108083356,108083446,91,1,TRUE,0.654135338345865,8,"moderate_resolution_50_75pct",TRUE,TRUE
"CNA_event_000019","PASKAD","HETDEL",19,"4",108031601,108095300,63700,6,6,"ENSE00003468993",108081586,108081669,108081586,108081669,84,1,TRUE,0.654135338345865,8,"moderate_resolution_50_75pct",TRUE,TRUE
"CNA_event_000019","PASKAD","HETDEL",19,"4",108031601,108095300,63700,7,7,"ENSE00003478404",108079492,108079614,108079492,108079614,123,1,TRUE,0.654135338345865,8,"moderate_resolution_50_75pct",TRUE,TRUE
"CNA_event_000019","PASKAD","HETDEL",19,"4",108031601,108095300,63700,8,8,"ENSE00003604670",108078220,108078382,108078220,108078382,163,1,TRUE,0.654135338345865,8,"moderate_resolution_50_75pct",TRUE,TRUE
"CNA_event_000019","PASKAD","HETDEL",19,"4",108031601,108095300,63700,9,9,"ENSE00003651348",108070663,108070770,108070663,108070770,108,1,TRUE,0.654135338345865,8,"moderate_resolution_50_75pct",TRUE,TRUE
"CNA_event_000019","PASKAD","HETDEL",19,"4",108031601,108095300,63700,10,10,"ENSE00003530344",108064336,108064384,108064336,108064384,49,1,TRUE,0.654135338345865,8,"moderate_resolution_50_75pct",TRUE,TRUE
"CNA_event_000019","PASKAD","HETDEL",19,"4",108031601,108095300,63700,11,11,"ENSE00003510092",108063632,108063663,108063632,108063663,32,1,TRUE,0.654135338345865,8,"moderate_resolution_50_75pct",TRUE,TRUE
"CNA_event_000020","PASKLU","HETDEL",20,"4",108087101,108157500,70400,4,4,"ENSE00003558404",108089125,108089257,108089125,108089257,133,1,TRUE,0.111111111111111,1,"high_resolution_le_50pct",TRUE,TRUE
"CNA_event_000021","PASKWG","HETDEL",21,"4",108029901,108095100,65200,4,4,"ENSE00003558404",108089125,108089257,108089125,108089257,133,1,TRUE,0.654135338345865,8,"moderate_resolution_50_75pct",TRUE,TRUE
"CNA_event_000021","PASKWG","HETDEL",21,"4",108029901,108095100,65200,5,5,"ENSE00003663409",108083356,108083446,108083356,108083446,91,1,TRUE,0.654135338345865,8,"moderate_resolution_50_75pct",TRUE,TRUE
"CNA_event_000021","PASKWG","HETDEL",21,"4",108029901,108095100,65200,6,6,"ENSE00003468993",108081586,108081669,108081586,108081669,84,1,TRUE,0.654135338345865,8,"moderate_resolution_50_75pct",TRUE,TRUE
"CNA_event_000021","PASKWG","HETDEL",21,"4",108029901,108095100,65200,7,7,"ENSE00003478404",108079492,108079614,108079492,108079614,123,1,TRUE,0.654135338345865,8,"moderate_resolution_50_75pct",TRUE,TRUE
"CNA_event_000021","PASKWG","HETDEL",21,"4",108029901,108095100,65200,8,8,"ENSE00003604670",108078220,108078382,108078220,108078382,163,1,TRUE,0.654135338345865,8,"moderate_resolution_50_75pct",TRUE,TRUE
"CNA_event_000021","PASKWG","HETDEL",21,"4",108029901,108095100,65200,9,9,"ENSE00003651348",108070663,108070770,108070663,108070770,108,1,TRUE,0.654135338345865,8,"moderate_resolution_50_75pct",TRUE,TRUE
"CNA_event_000021","PASKWG","HETDEL",21,"4",108029901,108095100,65200,10,10,"ENSE00003530344",108064336,108064384,108064336,108064384,49,1,TRUE,0.654135338345865,8,"moderate_resolution_50_75pct",TRUE,TRUE
"CNA_event_000021","PASKWG","HETDEL",21,"4",108029901,108095100,65200,11,11,"ENSE00003510092",108063632,108063663,108063632,108063663,32,1,TRUE,0.654135338345865,8,"moderate_resolution_50_75pct",TRUE,TRUE
"CNA_event_000022","PASKXA","HETDEL",22,"4",108141501,108167300,25800,2,2,"ENSE00003638064",108165097,108165163,108165097,108165163,67,1,TRUE,0.167919799498747,2,"high_resolution_le_50pct",TRUE,TRUE
"CNA_event_000022","PASKXA","HETDEL",22,"4",108141501,108167300,25800,3,3,"ENSE00003515141",108163568,108163701,108163568,108163701,134,1,TRUE,0.167919799498747,2,"high_resolution_le_50pct",TRUE,TRUE
"CNA_event_000023","PASLXY","HETDEL",23,"4",108121001,108572100,451100,1,1,"ENSE00001136349",108167555,108167767,108167555,108167767,213,1,TRUE,0.345864661654135,3,"high_resolution_le_50pct",TRUE,TRUE
"CNA_event_000023","PASLXY","HETDEL",23,"4",108121001,108572100,451100,2,2,"ENSE00003638064",108165097,108165163,108165097,108165163,67,1,TRUE,0.345864661654135,3,"high_resolution_le_50pct",TRUE,TRUE
"CNA_event_000023","PASLXY","HETDEL",23,"4",108121001,108572100,451100,3,3,"ENSE00003515141",108163568,108163701,108163568,108163701,134,1,TRUE,0.345864661654135,3,"high_resolution_le_50pct",TRUE,TRUE
"CNA_event_000024","PASPDS","HETDEL",24,"4",108082801,108167200,84400,2,2,"ENSE00003638064",108165097,108165163,108165097,108165163,67,1,TRUE,0.355054302422723,4,"high_resolution_le_50pct",TRUE,TRUE
"CNA_event_000024","PASPDS","HETDEL",24,"4",108082801,108167200,84400,3,3,"ENSE00003515141",108163568,108163701,108163568,108163701,134,1,TRUE,0.355054302422723,4,"high_resolution_le_50pct",TRUE,TRUE
"CNA_event_000024","PASPDS","HETDEL",24,"4",108082801,108167200,84400,4,4,"ENSE00003558404",108089125,108089257,108089125,108089257,133,1,TRUE,0.355054302422723,4,"high_resolution_le_50pct",TRUE,TRUE
"CNA_event_000024","PASPDS","HETDEL",24,"4",108082801,108167200,84400,5,5,"ENSE00003663409",108083356,108083446,108083356,108083446,91,1,TRUE,0.355054302422723,4,"high_resolution_le_50pct",TRUE,TRUE
"CNA_event_000025","PASPLG","HETDEL",25,"4",108081001,108167400,86400,2,2,"ENSE00003638064",108165097,108165163,108165097,108165163,67,1,TRUE,0.425229741019215,5,"high_resolution_le_50pct",TRUE,TRUE
"CNA_event_000025","PASPLG","HETDEL",25,"4",108081001,108167400,86400,3,3,"ENSE00003515141",108163568,108163701,108163568,108163701,134,1,TRUE,0.425229741019215,5,"high_resolution_le_50pct",TRUE,TRUE
"CNA_event_000025","PASPLG","HETDEL",25,"4",108081001,108167400,86400,4,4,"ENSE00003558404",108089125,108089257,108089125,108089257,133,1,TRUE,0.425229741019215,5,"high_resolution_le_50pct",TRUE,TRUE
"CNA_event_000025","PASPLG","HETDEL",25,"4",108081001,108167400,86400,5,5,"ENSE00003663409",108083356,108083446,108083356,108083446,91,1,TRUE,0.425229741019215,5,"high_resolution_le_50pct",TRUE,TRUE
"CNA_event_000025","PASPLG","HETDEL",25,"4",108081001,108167400,86400,6,6,"ENSE00003468993",108081586,108081669,108081586,108081669,84,1,TRUE,0.425229741019215,5,"high_resolution_le_50pct",TRUE,TRUE
"CNA_event_000026","PASPNW","HETDEL",26,"4",108043201,108166300,123100,2,2,"ENSE00003638064",108165097,108165163,108165097,108165163,67,1,TRUE,0.822055137844611,10,"low_resolution_75_90pct",TRUE,TRUE
"CNA_event_000026","PASPNW","HETDEL",26,"4",108043201,108166300,123100,3,3,"ENSE00003515141",108163568,108163701,108163568,108163701,134,1,TRUE,0.822055137844611,10,"low_resolution_75_90pct",TRUE,TRUE
"CNA_event_000026","PASPNW","HETDEL",26,"4",108043201,108166300,123100,4,4,"ENSE00003558404",108089125,108089257,108089125,108089257,133,1,TRUE,0.822055137844611,10,"low_resolution_75_90pct",TRUE,TRUE
"CNA_event_000026","PASPNW","HETDEL",26,"4",108043201,108166300,123100,5,5,"ENSE00003663409",108083356,108083446,108083356,108083446,91,1,TRUE,0.822055137844611,10,"low_resolution_75_90pct",TRUE,TRUE
"CNA_event_000026","PASPNW","HETDEL",26,"4",108043201,108166300,123100,6,6,"ENSE00003468993",108081586,108081669,108081586,108081669,84,1,TRUE,0.822055137844611,10,"low_resolution_75_90pct",TRUE,TRUE
"CNA_event_000026","PASPNW","HETDEL",26,"4",108043201,108166300,123100,7,7,"ENSE00003478404",108079492,108079614,108079492,108079614,123,1,TRUE,0.822055137844611,10,"low_resolution_75_90pct",TRUE,TRUE
"CNA_event_000026","PASPNW","HETDEL",26,"4",108043201,108166300,123100,8,8,"ENSE00003604670",108078220,108078382,108078220,108078382,163,1,TRUE,0.822055137844611,10,"low_resolution_75_90pct",TRUE,TRUE
"CNA_event_000026","PASPNW","HETDEL",26,"4",108043201,108166300,123100,9,9,"ENSE00003651348",108070663,108070770,108070663,108070770,108,1,TRUE,0.822055137844611,10,"low_resolution_75_90pct",TRUE,TRUE
"CNA_event_000026","PASPNW","HETDEL",26,"4",108043201,108166300,123100,10,10,"ENSE00003530344",108064336,108064384,108064336,108064384,49,1,TRUE,0.822055137844611,10,"low_resolution_75_90pct",TRUE,TRUE
"CNA_event_000026","PASPNW","HETDEL",26,"4",108043201,108166300,123100,11,11,"ENSE00003510092",108063632,108063663,108063632,108063663,32,1,TRUE,0.822055137844611,10,"low_resolution_75_90pct",TRUE,TRUE
"CNA_event_000027","PASRAF","HETDEL",27,"4",108097801,108167200,69400,2,2,"ENSE00003638064",108165097,108165163,108165097,108165163,67,1,TRUE,0.167919799498747,2,"high_resolution_le_50pct",TRUE,TRUE
"CNA_event_000027","PASRAF","HETDEL",27,"4",108097801,108167200,69400,3,3,"ENSE00003515141",108163568,108163701,108163568,108163701,134,1,TRUE,0.167919799498747,2,"high_resolution_le_50pct",TRUE,TRUE
"CNA_event_000028","PASRMM","HETDEL",28,"4",108110101,108167900,57800,1,1,"ENSE00001136349",108167555,108167767,108167555,108167767,213,1,TRUE,0.345864661654135,3,"high_resolution_le_50pct",TRUE,TRUE
"CNA_event_000028","PASRMM","HETDEL",28,"4",108110101,108167900,57800,2,2,"ENSE00003638064",108165097,108165163,108165097,108165163,67,1,TRUE,0.345864661654135,3,"high_resolution_le_50pct",TRUE,TRUE
"CNA_event_000028","PASRMM","HETDEL",28,"4",108110101,108167900,57800,3,3,"ENSE00003515141",108163568,108163701,108163568,108163701,134,1,TRUE,0.345864661654135,3,"high_resolution_le_50pct",TRUE,TRUE
"CNA_event_000030","PASRSE","HETDEL",30,"4",108149601,108167300,17700,2,2,"ENSE00003638064",108165097,108165163,108165097,108165163,67,1,TRUE,0.167919799498747,2,"high_resolution_le_50pct",TRUE,TRUE
"CNA_event_000030","PASRSE","HETDEL",30,"4",108149601,108167300,17700,3,3,"ENSE00003515141",108163568,108163701,108163568,108163701,134,1,TRUE,0.167919799498747,2,"high_resolution_le_50pct",TRUE,TRUE
"CNA_event_000031","PASRUK","HETDEL",31,"4",108160101,108167300,7200,2,2,"ENSE00003638064",108165097,108165163,108165097,108165163,67,1,TRUE,0.167919799498747,2,"high_resolution_le_50pct",TRUE,TRUE
"CNA_event_000031","PASRUK","HETDEL",31,"4",108160101,108167300,7200,3,3,"ENSE00003515141",108163568,108163701,108163568,108163701,134,1,TRUE,0.167919799498747,2,"high_resolution_le_50pct",TRUE,TRUE
"CNA_event_000032","PASTCH","HETDEL",32,"4",108086901,108168000,81100,1,1,"ENSE00001136349",108167555,108167767,108167555,108167767,213,1,TRUE,0.456975772765246,4,"high_resolution_le_50pct",TRUE,TRUE
"CNA_event_000032","PASTCH","HETDEL",32,"4",108086901,108168000,81100,2,2,"ENSE00003638064",108165097,108165163,108165097,108165163,67,1,TRUE,0.456975772765246,4,"high_resolution_le_50pct",TRUE,TRUE
"CNA_event_000032","PASTCH","HETDEL",32,"4",108086901,108168000,81100,3,3,"ENSE00003515141",108163568,108163701,108163568,108163701,134,1,TRUE,0.456975772765246,4,"high_resolution_le_50pct",TRUE,TRUE
"CNA_event_000032","PASTCH","HETDEL",32,"4",108086901,108168000,81100,4,4,"ENSE00003558404",108089125,108089257,108089125,108089257,133,1,TRUE,0.456975772765246,4,"high_resolution_le_50pct",TRUE,TRUE
"CNA_event_000033","PASTHE","HETDEL",33,"4",108081001,108167300,86300,2,2,"ENSE00003638064",108165097,108165163,108165097,108165163,67,1,TRUE,0.425229741019215,5,"high_resolution_le_50pct",TRUE,TRUE
"CNA_event_000033","PASTHE","HETDEL",33,"4",108081001,108167300,86300,3,3,"ENSE00003515141",108163568,108163701,108163568,108163701,134,1,TRUE,0.425229741019215,5,"high_resolution_le_50pct",TRUE,TRUE
"CNA_event_000033","PASTHE","HETDEL",33,"4",108081001,108167300,86300,4,4,"ENSE00003558404",108089125,108089257,108089125,108089257,133,1,TRUE,0.425229741019215,5,"high_resolution_le_50pct",TRUE,TRUE
"CNA_event_000033","PASTHE","HETDEL",33,"4",108081001,108167300,86300,5,5,"ENSE00003663409",108083356,108083446,108083356,108083446,91,1,TRUE,0.425229741019215,5,"high_resolution_le_50pct",TRUE,TRUE
"CNA_event_000033","PASTHE","HETDEL",33,"4",108081001,108167300,86300,6,6,"ENSE00003468993",108081586,108081669,108081586,108081669,84,1,TRUE,0.425229741019215,5,"high_resolution_le_50pct",TRUE,TRUE
"CNA_event_000034","PASUSV","HETDEL",34,"4",108050401,108167300,116900,2,2,"ENSE00003638064",108165097,108165163,108165097,108165163,67,1,TRUE,0.822055137844611,10,"low_resolution_75_90pct",TRUE,TRUE
"CNA_event_000034","PASUSV","HETDEL",34,"4",108050401,108167300,116900,3,3,"ENSE00003515141",108163568,108163701,108163568,108163701,134,1,TRUE,0.822055137844611,10,"low_resolution_75_90pct",TRUE,TRUE
"CNA_event_000034","PASUSV","HETDEL",34,"4",108050401,108167300,116900,4,4,"ENSE00003558404",108089125,108089257,108089125,108089257,133,1,TRUE,0.822055137844611,10,"low_resolution_75_90pct",TRUE,TRUE
"CNA_event_000034","PASUSV","HETDEL",34,"4",108050401,108167300,116900,5,5,"ENSE00003663409",108083356,108083446,108083356,108083446,91,1,TRUE,0.822055137844611,10,"low_resolution_75_90pct",TRUE,TRUE
"CNA_event_000034","PASUSV","HETDEL",34,"4",108050401,108167300,116900,6,6,"ENSE00003468993",108081586,108081669,108081586,108081669,84,1,TRUE,0.822055137844611,10,"low_resolution_75_90pct",TRUE,TRUE
"CNA_event_000034","PASUSV","HETDEL",34,"4",108050401,108167300,116900,7,7,"ENSE00003478404",108079492,108079614,108079492,108079614,123,1,TRUE,0.822055137844611,10,"low_resolution_75_90pct",TRUE,TRUE
"CNA_event_000034","PASUSV","HETDEL",34,"4",108050401,108167300,116900,8,8,"ENSE00003604670",108078220,108078382,108078220,108078382,163,1,TRUE,0.822055137844611,10,"low_resolution_75_90pct",TRUE,TRUE
"CNA_event_000034","PASUSV","HETDEL",34,"4",108050401,108167300,116900,9,9,"ENSE00003651348",108070663,108070770,108070663,108070770,108,1,TRUE,0.822055137844611,10,"low_resolution_75_90pct",TRUE,TRUE
"CNA_event_000034","PASUSV","HETDEL",34,"4",108050401,108167300,116900,10,10,"ENSE00003530344",108064336,108064384,108064336,108064384,49,1,TRUE,0.822055137844611,10,"low_resolution_75_90pct",TRUE,TRUE
"CNA_event_000034","PASUSV","HETDEL",34,"4",108050401,108167300,116900,11,11,"ENSE00003510092",108063632,108063663,108063632,108063663,32,1,TRUE,0.822055137844611,10,"low_resolution_75_90pct",TRUE,TRUE
"CNA_event_000035","PASVWH","HETDEL",35,"4",108095301,108167300,72000,2,2,"ENSE00003638064",108165097,108165163,108165097,108165163,67,1,TRUE,0.167919799498747,2,"high_resolution_le_50pct",TRUE,TRUE
"CNA_event_000035","PASVWH","HETDEL",35,"4",108095301,108167300,72000,3,3,"ENSE00003515141",108163568,108163701,108163568,108163701,134,1,TRUE,0.167919799498747,2,"high_resolution_le_50pct",TRUE,TRUE
"CNA_event_000036","PASVZJ","HETDEL",36,"4",108112901,108167200,54300,2,2,"ENSE00003638064",108165097,108165163,108165097,108165163,67,1,TRUE,0.167919799498747,2,"high_resolution_le_50pct",TRUE,TRUE
"CNA_event_000036","PASVZJ","HETDEL",36,"4",108112901,108167200,54300,3,3,"ENSE00003515141",108163568,108163701,108163568,108163701,134,1,TRUE,0.167919799498747,2,"high_resolution_le_50pct",TRUE,TRUE
"CNA_event_000037","PASWXB","HETDEL",37,"4",108141501,108167300,25800,2,2,"ENSE00003638064",108165097,108165163,108165097,108165163,67,1,TRUE,0.167919799498747,2,"high_resolution_le_50pct",TRUE,TRUE
"CNA_event_000037","PASWXB","HETDEL",37,"4",108141501,108167300,25800,3,3,"ENSE00003515141",108163568,108163701,108163568,108163701,134,1,TRUE,0.167919799498747,2,"high_resolution_le_50pct",TRUE,TRUE
"CNA_event_000038","PASWYU","HETDEL",38,"4",108068201,108141500,73300,4,4,"ENSE00003558404",108089125,108089257,108089125,108089257,133,1,TRUE,0.586466165413534,6,"moderate_resolution_50_75pct",TRUE,TRUE
"CNA_event_000038","PASWYU","HETDEL",38,"4",108068201,108141500,73300,5,5,"ENSE00003663409",108083356,108083446,108083356,108083446,91,1,TRUE,0.586466165413534,6,"moderate_resolution_50_75pct",TRUE,TRUE
"CNA_event_000038","PASWYU","HETDEL",38,"4",108068201,108141500,73300,6,6,"ENSE00003468993",108081586,108081669,108081586,108081669,84,1,TRUE,0.586466165413534,6,"moderate_resolution_50_75pct",TRUE,TRUE
"CNA_event_000038","PASWYU","HETDEL",38,"4",108068201,108141500,73300,7,7,"ENSE00003478404",108079492,108079614,108079492,108079614,123,1,TRUE,0.586466165413534,6,"moderate_resolution_50_75pct",TRUE,TRUE
"CNA_event_000038","PASWYU","HETDEL",38,"4",108068201,108141500,73300,8,8,"ENSE00003604670",108078220,108078382,108078220,108078382,163,1,TRUE,0.586466165413534,6,"moderate_resolution_50_75pct",TRUE,TRUE
"CNA_event_000038","PASWYU","HETDEL",38,"4",108068201,108141500,73300,9,9,"ENSE00003651348",108070663,108070770,108070663,108070770,108,1,TRUE,0.586466165413534,6,"moderate_resolution_50_75pct",TRUE,TRUE
"CNA_event_000039","PASYNX","HETDEL",39,"4",108078701,108160000,81300,4,4,"ENSE00003558404",108089125,108089257,108089125,108089257,133,1,TRUE,0.360066833751044,4,"high_resolution_le_50pct",TRUE,TRUE
"CNA_event_000039","PASYNX","HETDEL",39,"4",108078701,108160000,81300,5,5,"ENSE00003663409",108083356,108083446,108083356,108083446,91,1,TRUE,0.360066833751044,4,"high_resolution_le_50pct",TRUE,TRUE
"CNA_event_000039","PASYNX","HETDEL",39,"4",108078701,108160000,81300,6,6,"ENSE00003468993",108081586,108081669,108081586,108081669,84,1,TRUE,0.360066833751044,4,"high_resolution_le_50pct",TRUE,TRUE
"CNA_event_000039","PASYNX","HETDEL",39,"4",108078701,108160000,81300,7,7,"ENSE00003478404",108079492,108079614,108079492,108079614,123,1,TRUE,0.360066833751044,4,"high_resolution_le_50pct",TRUE,TRUE
"CNA_event_000040","PASYSJ","HETDEL",40,"4",108101201,108166900,65700,2,2,"ENSE00003638064",108165097,108165163,108165097,108165163,67,1,TRUE,0.167919799498747,2,"high_resolution_le_50pct",TRUE,TRUE
"CNA_event_000040","PASYSJ","HETDEL",40,"4",108101201,108166900,65700,3,3,"ENSE00003515141",108163568,108163701,108163568,108163701,134,1,TRUE,0.167919799498747,2,"high_resolution_le_50pct",TRUE,TRUE
"CNA_event_000041","PASYVU","HETDEL",41,"4",108095301,108167400,72100,2,2,"ENSE00003638064",108165097,108165163,108165097,108165163,67,1,TRUE,0.167919799498747,2,"high_resolution_le_50pct",TRUE,TRUE
"CNA_event_000041","PASYVU","HETDEL",41,"4",108095301,108167400,72100,3,3,"ENSE00003515141",108163568,108163701,108163568,108163701,134,1,TRUE,0.167919799498747,2,"high_resolution_le_50pct",TRUE,TRUE
"CNA_event_000042","PASYWF","HETDEL",42,"4",107965801,108119000,153200,4,4,"ENSE00003558404",108089125,108089257,108089125,108089257,133,1,TRUE,0.654135338345865,8,"moderate_resolution_50_75pct",TRUE,TRUE
"CNA_event_000042","PASYWF","HETDEL",42,"4",107965801,108119000,153200,5,5,"ENSE00003663409",108083356,108083446,108083356,108083446,91,1,TRUE,0.654135338345865,8,"moderate_resolution_50_75pct",TRUE,TRUE
"CNA_event_000042","PASYWF","HETDEL",42,"4",107965801,108119000,153200,6,6,"ENSE00003468993",108081586,108081669,108081586,108081669,84,1,TRUE,0.654135338345865,8,"moderate_resolution_50_75pct",TRUE,TRUE
"CNA_event_000042","PASYWF","HETDEL",42,"4",107965801,108119000,153200,7,7,"ENSE00003478404",108079492,108079614,108079492,108079614,123,1,TRUE,0.654135338345865,8,"moderate_resolution_50_75pct",TRUE,TRUE
"CNA_event_000042","PASYWF","HETDEL",42,"4",107965801,108119000,153200,8,8,"ENSE00003604670",108078220,108078382,108078220,108078382,163,1,TRUE,0.654135338345865,8,"moderate_resolution_50_75pct",TRUE,TRUE
"CNA_event_000042","PASYWF","HETDEL",42,"4",107965801,108119000,153200,9,9,"ENSE00003651348",108070663,108070770,108070663,108070770,108,1,TRUE,0.654135338345865,8,"moderate_resolution_50_75pct",TRUE,TRUE
"CNA_event_000042","PASYWF","HETDEL",42,"4",107965801,108119000,153200,10,10,"ENSE00003530344",108064336,108064384,108064336,108064384,49,1,TRUE,0.654135338345865,8,"moderate_resolution_50_75pct",TRUE,TRUE
"CNA_event_000042","PASYWF","HETDEL",42,"4",107965801,108119000,153200,11,11,"ENSE00003510092",108063632,108063663,108063632,108063663,32,1,TRUE,0.654135338345865,8,"moderate_resolution_50_75pct",TRUE,TRUE
"CNA_event_000043","PASZAY","HETDEL",43,"4",108149401,108167300,17900,2,2,"ENSE00003638064",108165097,108165163,108165097,108165163,67,1,TRUE,0.167919799498747,2,"high_resolution_le_50pct",TRUE,TRUE
"CNA_event_000043","PASZAY","HETDEL",43,"4",108149401,108167300,17900,3,3,"ENSE00003515141",108163568,108163701,108163568,108163701,134,1,TRUE,0.167919799498747,2,"high_resolution_le_50pct",TRUE,TRUE
"CNA_event_000044","PATALF","HETDEL",44,"4",108081401,108167200,85800,2,2,"ENSE00003638064",108165097,108165163,108165097,108165163,67,1,TRUE,0.425229741019215,5,"high_resolution_le_50pct",TRUE,TRUE
"CNA_event_000044","PATALF","HETDEL",44,"4",108081401,108167200,85800,3,3,"ENSE00003515141",108163568,108163701,108163568,108163701,134,1,TRUE,0.425229741019215,5,"high_resolution_le_50pct",TRUE,TRUE
"CNA_event_000044","PATALF","HETDEL",44,"4",108081401,108167200,85800,4,4,"ENSE00003558404",108089125,108089257,108089125,108089257,133,1,TRUE,0.425229741019215,5,"high_resolution_le_50pct",TRUE,TRUE
"CNA_event_000044","PATALF","HETDEL",44,"4",108081401,108167200,85800,5,5,"ENSE00003663409",108083356,108083446,108083356,108083446,91,1,TRUE,0.425229741019215,5,"high_resolution_le_50pct",TRUE,TRUE
"CNA_event_000044","PATALF","HETDEL",44,"4",108081401,108167200,85800,6,6,"ENSE00003468993",108081586,108081669,108081586,108081669,84,1,TRUE,0.425229741019215,5,"high_resolution_le_50pct",TRUE,TRUE
"CNA_event_000045","PATBTX","HETDEL",45,"4",108102001,108167300,65300,2,2,"ENSE00003638064",108165097,108165163,108165097,108165163,67,1,TRUE,0.167919799498747,2,"high_resolution_le_50pct",TRUE,TRUE
"CNA_event_000045","PATBTX","HETDEL",45,"4",108102001,108167300,65300,3,3,"ENSE00003515141",108163568,108163701,108163568,108163701,134,1,TRUE,0.167919799498747,2,"high_resolution_le_50pct",TRUE,TRUE
"CNA_event_000046","PATCTR","HETDEL",46,"4",108080801,108160400,79600,4,4,"ENSE00003558404",108089125,108089257,108089125,108089257,133,1,TRUE,0.257309941520468,3,"high_resolution_le_50pct",TRUE,TRUE
"CNA_event_000046","PATCTR","HETDEL",46,"4",108080801,108160400,79600,5,5,"ENSE00003663409",108083356,108083446,108083356,108083446,91,1,TRUE,0.257309941520468,3,"high_resolution_le_50pct",TRUE,TRUE
"CNA_event_000046","PATCTR","HETDEL",46,"4",108080801,108160400,79600,6,6,"ENSE00003468993",108081586,108081669,108081586,108081669,84,1,TRUE,0.257309941520468,3,"high_resolution_le_50pct",TRUE,TRUE
"CNA_event_000047","PATDTN","HETDEL",47,"4",108112901,108166800,53900,2,2,"ENSE00003638064",108165097,108165163,108165097,108165163,67,1,TRUE,0.167919799498747,2,"high_resolution_le_50pct",TRUE,TRUE
"CNA_event_000047","PATDTN","HETDEL",47,"4",108112901,108166800,53900,3,3,"ENSE00003515141",108163568,108163701,108163568,108163701,134,1,TRUE,0.167919799498747,2,"high_resolution_le_50pct",TRUE,TRUE
"CNA_event_000048","PATFPU","HETDEL",48,"4",108141501,108167300,25800,2,2,"ENSE00003638064",108165097,108165163,108165097,108165163,67,1,TRUE,0.167919799498747,2,"high_resolution_le_50pct",TRUE,TRUE
"CNA_event_000048","PATFPU","HETDEL",48,"4",108141501,108167300,25800,3,3,"ENSE00003515141",108163568,108163701,108163568,108163701,134,1,TRUE,0.167919799498747,2,"high_resolution_le_50pct",TRUE,TRUE
"CNA_event_000050","PATHFE","HETDEL",50,"4",108050601,108167200,116600,2,2,"ENSE00003638064",108165097,108165163,108165097,108165163,67,1,TRUE,0.822055137844611,10,"low_resolution_75_90pct",TRUE,TRUE
"CNA_event_000050","PATHFE","HETDEL",50,"4",108050601,108167200,116600,3,3,"ENSE00003515141",108163568,108163701,108163568,108163701,134,1,TRUE,0.822055137844611,10,"low_resolution_75_90pct",TRUE,TRUE
"CNA_event_000050","PATHFE","HETDEL",50,"4",108050601,108167200,116600,4,4,"ENSE00003558404",108089125,108089257,108089125,108089257,133,1,TRUE,0.822055137844611,10,"low_resolution_75_90pct",TRUE,TRUE
"CNA_event_000050","PATHFE","HETDEL",50,"4",108050601,108167200,116600,5,5,"ENSE00003663409",108083356,108083446,108083356,108083446,91,1,TRUE,0.822055137844611,10,"low_resolution_75_90pct",TRUE,TRUE
"CNA_event_000050","PATHFE","HETDEL",50,"4",108050601,108167200,116600,6,6,"ENSE00003468993",108081586,108081669,108081586,108081669,84,1,TRUE,0.822055137844611,10,"low_resolution_75_90pct",TRUE,TRUE
"CNA_event_000050","PATHFE","HETDEL",50,"4",108050601,108167200,116600,7,7,"ENSE00003478404",108079492,108079614,108079492,108079614,123,1,TRUE,0.822055137844611,10,"low_resolution_75_90pct",TRUE,TRUE
"CNA_event_000050","PATHFE","HETDEL",50,"4",108050601,108167200,116600,8,8,"ENSE00003604670",108078220,108078382,108078220,108078382,163,1,TRUE,0.822055137844611,10,"low_resolution_75_90pct",TRUE,TRUE
"CNA_event_000050","PATHFE","HETDEL",50,"4",108050601,108167200,116600,9,9,"ENSE00003651348",108070663,108070770,108070663,108070770,108,1,TRUE,0.822055137844611,10,"low_resolution_75_90pct",TRUE,TRUE
"CNA_event_000050","PATHFE","HETDEL",50,"4",108050601,108167200,116600,10,10,"ENSE00003530344",108064336,108064384,108064336,108064384,49,1,TRUE,0.822055137844611,10,"low_resolution_75_90pct",TRUE,TRUE
"CNA_event_000050","PATHFE","HETDEL",50,"4",108050601,108167200,116600,11,11,"ENSE00003510092",108063632,108063663,108063632,108063663,32,1,TRUE,0.822055137844611,10,"low_resolution_75_90pct",TRUE,TRUE
"CNA_event_000051","PATITY","HETDEL",51,"4",108050501,108168400,117900,1,1,"ENSE00001136349",108167555,108167767,108167555,108167767,213,1,TRUE,1,11,"whole_coding_sequence",TRUE,FALSE
"CNA_event_000051","PATITY","HETDEL",51,"4",108050501,108168400,117900,2,2,"ENSE00003638064",108165097,108165163,108165097,108165163,67,1,TRUE,1,11,"whole_coding_sequence",TRUE,FALSE
"CNA_event_000051","PATITY","HETDEL",51,"4",108050501,108168400,117900,3,3,"ENSE00003515141",108163568,108163701,108163568,108163701,134,1,TRUE,1,11,"whole_coding_sequence",TRUE,FALSE
"CNA_event_000051","PATITY","HETDEL",51,"4",108050501,108168400,117900,4,4,"ENSE00003558404",108089125,108089257,108089125,108089257,133,1,TRUE,1,11,"whole_coding_sequence",TRUE,FALSE
"CNA_event_000051","PATITY","HETDEL",51,"4",108050501,108168400,117900,5,5,"ENSE00003663409",108083356,108083446,108083356,108083446,91,1,TRUE,1,11,"whole_coding_sequence",TRUE,FALSE
"CNA_event_000051","PATITY","HETDEL",51,"4",108050501,108168400,117900,6,6,"ENSE00003468993",108081586,108081669,108081586,108081669,84,1,TRUE,1,11,"whole_coding_sequence",TRUE,FALSE
"CNA_event_000051","PATITY","HETDEL",51,"4",108050501,108168400,117900,7,7,"ENSE00003478404",108079492,108079614,108079492,108079614,123,1,TRUE,1,11,"whole_coding_sequence",TRUE,FALSE
"CNA_event_000051","PATITY","HETDEL",51,"4",108050501,108168400,117900,8,8,"ENSE00003604670",108078220,108078382,108078220,108078382,163,1,TRUE,1,11,"whole_coding_sequence",TRUE,FALSE
"CNA_event_000051","PATITY","HETDEL",51,"4",108050501,108168400,117900,9,9,"ENSE00003651348",108070663,108070770,108070663,108070770,108,1,TRUE,1,11,"whole_coding_sequence",TRUE,FALSE
"CNA_event_000051","PATITY","HETDEL",51,"4",108050501,108168400,117900,10,10,"ENSE00003530344",108064336,108064384,108064336,108064384,49,1,TRUE,1,11,"whole_coding_sequence",TRUE,FALSE
"CNA_event_000051","PATITY","HETDEL",51,"4",108050501,108168400,117900,11,11,"ENSE00003510092",108063632,108063663,108063632,108063663,32,1,TRUE,1,11,"whole_coding_sequence",TRUE,FALSE
"CNA_event_000052","PATJLY","HETDEL",52,"4",108083001,108167200,84200,2,2,"ENSE00003638064",108165097,108165163,108165097,108165163,67,1,TRUE,0.355054302422723,4,"high_resolution_le_50pct",TRUE,TRUE
"CNA_event_000052","PATJLY","HETDEL",52,"4",108083001,108167200,84200,3,3,"ENSE00003515141",108163568,108163701,108163568,108163701,134,1,TRUE,0.355054302422723,4,"high_resolution_le_50pct",TRUE,TRUE
"CNA_event_000052","PATJLY","HETDEL",52,"4",108083001,108167200,84200,4,4,"ENSE00003558404",108089125,108089257,108089125,108089257,133,1,TRUE,0.355054302422723,4,"high_resolution_le_50pct",TRUE,TRUE
"CNA_event_000052","PATJLY","HETDEL",52,"4",108083001,108167200,84200,5,5,"ENSE00003663409",108083356,108083446,108083356,108083446,91,1,TRUE,0.355054302422723,4,"high_resolution_le_50pct",TRUE,TRUE
"CNA_event_000054","PATKZH","HETDEL",54,"4",108160701,108354300,193600,1,1,"ENSE00001136349",108167555,108167767,108167555,108167767,213,1,TRUE,0.345864661654135,3,"high_resolution_le_50pct",TRUE,TRUE
"CNA_event_000054","PATKZH","HETDEL",54,"4",108160701,108354300,193600,2,2,"ENSE00003638064",108165097,108165163,108165097,108165163,67,1,TRUE,0.345864661654135,3,"high_resolution_le_50pct",TRUE,TRUE
"CNA_event_000054","PATKZH","HETDEL",54,"4",108160701,108354300,193600,3,3,"ENSE00003515141",108163568,108163701,108163568,108163701,134,1,TRUE,0.345864661654135,3,"high_resolution_le_50pct",TRUE,TRUE
"CNA_event_000055","PATLLH","HETDEL",55,"4",108080901,108167300,86400,2,2,"ENSE00003638064",108165097,108165163,108165097,108165163,67,1,TRUE,0.425229741019215,5,"high_resolution_le_50pct",TRUE,TRUE
"CNA_event_000055","PATLLH","HETDEL",55,"4",108080901,108167300,86400,3,3,"ENSE00003515141",108163568,108163701,108163568,108163701,134,1,TRUE,0.425229741019215,5,"high_resolution_le_50pct",TRUE,TRUE
"CNA_event_000055","PATLLH","HETDEL",55,"4",108080901,108167300,86400,4,4,"ENSE00003558404",108089125,108089257,108089125,108089257,133,1,TRUE,0.425229741019215,5,"high_resolution_le_50pct",TRUE,TRUE
"CNA_event_000055","PATLLH","HETDEL",55,"4",108080901,108167300,86400,5,5,"ENSE00003663409",108083356,108083446,108083356,108083446,91,1,TRUE,0.425229741019215,5,"high_resolution_le_50pct",TRUE,TRUE
"CNA_event_000055","PATLLH","HETDEL",55,"4",108080901,108167300,86400,6,6,"ENSE00003468993",108081586,108081669,108081586,108081669,84,1,TRUE,0.425229741019215,5,"high_resolution_le_50pct",TRUE,TRUE
"CNA_event_000056","PATNAM","HETDEL",56,"4",108164801,108220200,55400,1,1,"ENSE00001136349",108167555,108167767,108167555,108167767,213,1,TRUE,0.233918128654971,2,"high_resolution_le_50pct",TRUE,TRUE
"CNA_event_000056","PATNAM","HETDEL",56,"4",108164801,108220200,55400,2,2,"ENSE00003638064",108165097,108165163,108165097,108165163,67,1,TRUE,0.233918128654971,2,"high_resolution_le_50pct",TRUE,TRUE
"CNA_event_000057","PATPDA","HETDEL",57,"4",108071801,108167200,95400,2,2,"ENSE00003638064",108165097,108165163,108165097,108165163,67,1,TRUE,0.664160401002506,7,"moderate_resolution_50_75pct",TRUE,TRUE
"CNA_event_000057","PATPDA","HETDEL",57,"4",108071801,108167200,95400,3,3,"ENSE00003515141",108163568,108163701,108163568,108163701,134,1,TRUE,0.664160401002506,7,"moderate_resolution_50_75pct",TRUE,TRUE
"CNA_event_000057","PATPDA","HETDEL",57,"4",108071801,108167200,95400,4,4,"ENSE00003558404",108089125,108089257,108089125,108089257,133,1,TRUE,0.664160401002506,7,"moderate_resolution_50_75pct",TRUE,TRUE
"CNA_event_000057","PATPDA","HETDEL",57,"4",108071801,108167200,95400,5,5,"ENSE00003663409",108083356,108083446,108083356,108083446,91,1,TRUE,0.664160401002506,7,"moderate_resolution_50_75pct",TRUE,TRUE
"CNA_event_000057","PATPDA","HETDEL",57,"4",108071801,108167200,95400,6,6,"ENSE00003468993",108081586,108081669,108081586,108081669,84,1,TRUE,0.664160401002506,7,"moderate_resolution_50_75pct",TRUE,TRUE
"CNA_event_000057","PATPDA","HETDEL",57,"4",108071801,108167200,95400,7,7,"ENSE00003478404",108079492,108079614,108079492,108079614,123,1,TRUE,0.664160401002506,7,"moderate_resolution_50_75pct",TRUE,TRUE
"CNA_event_000057","PATPDA","HETDEL",57,"4",108071801,108167200,95400,8,8,"ENSE00003604670",108078220,108078382,108078220,108078382,163,1,TRUE,0.664160401002506,7,"moderate_resolution_50_75pct",TRUE,TRUE
"CNA_event_000058","PATRAB","HETDEL",58,"4",108141501,108167300,25800,2,2,"ENSE00003638064",108165097,108165163,108165097,108165163,67,1,TRUE,0.167919799498747,2,"high_resolution_le_50pct",TRUE,TRUE
"CNA_event_000058","PATRAB","HETDEL",58,"4",108141501,108167300,25800,3,3,"ENSE00003515141",108163568,108163701,108163568,108163701,134,1,TRUE,0.167919799498747,2,"high_resolution_le_50pct",TRUE,TRUE
"CNA_event_000059","PATRKV","HETDEL",59,"4",108086401,108164800,78400,3,3,"ENSE00003515141",108163568,108163701,108163568,108163701,134,1,TRUE,0.223057644110276,2,"high_resolution_le_50pct",TRUE,TRUE
"CNA_event_000059","PATRKV","HETDEL",59,"4",108086401,108164800,78400,4,4,"ENSE00003558404",108089125,108089257,108089125,108089257,133,1,TRUE,0.223057644110276,2,"high_resolution_le_50pct",TRUE,TRUE
"CNA_event_000060","PATSPG","HETDEL",60,"4",108121101,108354400,233300,1,1,"ENSE00001136349",108167555,108167767,108167555,108167767,213,1,TRUE,0.345864661654135,3,"high_resolution_le_50pct",TRUE,TRUE
"CNA_event_000060","PATSPG","HETDEL",60,"4",108121101,108354400,233300,2,2,"ENSE00003638064",108165097,108165163,108165097,108165163,67,1,TRUE,0.345864661654135,3,"high_resolution_le_50pct",TRUE,TRUE
"CNA_event_000060","PATSPG","HETDEL",60,"4",108121101,108354400,233300,3,3,"ENSE00003515141",108163568,108163701,108163568,108163701,134,1,TRUE,0.345864661654135,3,"high_resolution_le_50pct",TRUE,TRUE
"CNA_event_000061","PATWJU","HETDEL",61,"4",108095101,108167200,72100,2,2,"ENSE00003638064",108165097,108165163,108165097,108165163,67,1,TRUE,0.167919799498747,2,"high_resolution_le_50pct",TRUE,TRUE
"CNA_event_000061","PATWJU","HETDEL",61,"4",108095101,108167200,72100,3,3,"ENSE00003515141",108163568,108163701,108163568,108163701,134,1,TRUE,0.167919799498747,2,"high_resolution_le_50pct",TRUE,TRUE
"CNA_event_000063","PATZST","HETDEL",63,"4",108141401,108167300,25900,2,2,"ENSE00003638064",108165097,108165163,108165097,108165163,67,1,TRUE,0.167919799498747,2,"high_resolution_le_50pct",TRUE,TRUE
"CNA_event_000063","PATZST","HETDEL",63,"4",108141401,108167300,25900,3,3,"ENSE00003515141",108163568,108163701,108163568,108163701,134,1,TRUE,0.167919799498747,2,"high_resolution_le_50pct",TRUE,TRUE
"CNA_event_000064","PATZYR","HETDEL",64,"4",108146701,108167200,20500,2,2,"ENSE00003638064",108165097,108165163,108165097,108165163,67,1,TRUE,0.167919799498747,2,"high_resolution_le_50pct",TRUE,TRUE
"CNA_event_000064","PATZYR","HETDEL",64,"4",108146701,108167200,20500,3,3,"ENSE00003515141",108163568,108163701,108163568,108163701,134,1,TRUE,0.167919799498747,2,"high_resolution_le_50pct",TRUE,TRUE
"CNA_event_000065","PAUAKN","HETDEL",65,"4",108161001,108167200,6200,2,2,"ENSE00003638064",108165097,108165163,108165097,108165163,67,1,TRUE,0.167919799498747,2,"high_resolution_le_50pct",TRUE,TRUE
"CNA_event_000065","PAUAKN","HETDEL",65,"4",108161001,108167200,6200,3,3,"ENSE00003515141",108163568,108163701,108163568,108163701,134,1,TRUE,0.167919799498747,2,"high_resolution_le_50pct",TRUE,TRUE
"CNA_event_000066","PAUAZV","HETDEL",66,"4",108158101,108167300,9200,2,2,"ENSE00003638064",108165097,108165163,108165097,108165163,67,1,TRUE,0.167919799498747,2,"high_resolution_le_50pct",TRUE,TRUE
"CNA_event_000066","PAUAZV","HETDEL",66,"4",108158101,108167300,9200,3,3,"ENSE00003515141",108163568,108163701,108163568,108163701,134,1,TRUE,0.167919799498747,2,"high_resolution_le_50pct",TRUE,TRUE
"CNA_event_000067","PAUBCT","HETDEL",67,"4",108102901,108167200,64300,2,2,"ENSE00003638064",108165097,108165163,108165097,108165163,67,1,TRUE,0.167919799498747,2,"high_resolution_le_50pct",TRUE,TRUE
"CNA_event_000067","PAUBCT","HETDEL",67,"4",108102901,108167200,64300,3,3,"ENSE00003515141",108163568,108163701,108163568,108163701,134,1,TRUE,0.167919799498747,2,"high_resolution_le_50pct",TRUE,TRUE
"CNA_event_000069","PAUCCG","HETDEL",69,"4",108033601,108167800,134200,1,1,"ENSE00001136349",108167555,108167767,108167555,108167767,213,1,TRUE,1,11,"whole_coding_sequence",TRUE,FALSE
"CNA_event_000069","PAUCCG","HETDEL",69,"4",108033601,108167800,134200,2,2,"ENSE00003638064",108165097,108165163,108165097,108165163,67,1,TRUE,1,11,"whole_coding_sequence",TRUE,FALSE
"CNA_event_000069","PAUCCG","HETDEL",69,"4",108033601,108167800,134200,3,3,"ENSE00003515141",108163568,108163701,108163568,108163701,134,1,TRUE,1,11,"whole_coding_sequence",TRUE,FALSE
"CNA_event_000069","PAUCCG","HETDEL",69,"4",108033601,108167800,134200,4,4,"ENSE00003558404",108089125,108089257,108089125,108089257,133,1,TRUE,1,11,"whole_coding_sequence",TRUE,FALSE
"CNA_event_000069","PAUCCG","HETDEL",69,"4",108033601,108167800,134200,5,5,"ENSE00003663409",108083356,108083446,108083356,108083446,91,1,TRUE,1,11,"whole_coding_sequence",TRUE,FALSE
"CNA_event_000069","PAUCCG","HETDEL",69,"4",108033601,108167800,134200,6,6,"ENSE00003468993",108081586,108081669,108081586,108081669,84,1,TRUE,1,11,"whole_coding_sequence",TRUE,FALSE
"CNA_event_000069","PAUCCG","HETDEL",69,"4",108033601,108167800,134200,7,7,"ENSE00003478404",108079492,108079614,108079492,108079614,123,1,TRUE,1,11,"whole_coding_sequence",TRUE,FALSE
"CNA_event_000069","PAUCCG","HETDEL",69,"4",108033601,108167800,134200,8,8,"ENSE00003604670",108078220,108078382,108078220,108078382,163,1,TRUE,1,11,"whole_coding_sequence",TRUE,FALSE
"CNA_event_000069","PAUCCG","HETDEL",69,"4",108033601,108167800,134200,9,9,"ENSE00003651348",108070663,108070770,108070663,108070770,108,1,TRUE,1,11,"whole_coding_sequence",TRUE,FALSE
"CNA_event_000069","PAUCCG","HETDEL",69,"4",108033601,108167800,134200,10,10,"ENSE00003530344",108064336,108064384,108064336,108064384,49,1,TRUE,1,11,"whole_coding_sequence",TRUE,FALSE
"CNA_event_000069","PAUCCG","HETDEL",69,"4",108033601,108167800,134200,11,11,"ENSE00003510092",108063632,108063663,108063632,108063663,32,1,TRUE,1,11,"whole_coding_sequence",TRUE,FALSE
"CNA_event_000070","PAUCDC","HETDEL",70,"4",108054001,108167300,113300,2,2,"ENSE00003638064",108165097,108165163,108165097,108165163,67,1,TRUE,0.822055137844611,10,"low_resolution_75_90pct",TRUE,TRUE
"CNA_event_000070","PAUCDC","HETDEL",70,"4",108054001,108167300,113300,3,3,"ENSE00003515141",108163568,108163701,108163568,108163701,134,1,TRUE,0.822055137844611,10,"low_resolution_75_90pct",TRUE,TRUE
"CNA_event_000070","PAUCDC","HETDEL",70,"4",108054001,108167300,113300,4,4,"ENSE00003558404",108089125,108089257,108089125,108089257,133,1,TRUE,0.822055137844611,10,"low_resolution_75_90pct",TRUE,TRUE
"CNA_event_000070","PAUCDC","HETDEL",70,"4",108054001,108167300,113300,5,5,"ENSE00003663409",108083356,108083446,108083356,108083446,91,1,TRUE,0.822055137844611,10,"low_resolution_75_90pct",TRUE,TRUE
"CNA_event_000070","PAUCDC","HETDEL",70,"4",108054001,108167300,113300,6,6,"ENSE00003468993",108081586,108081669,108081586,108081669,84,1,TRUE,0.822055137844611,10,"low_resolution_75_90pct",TRUE,TRUE
"CNA_event_000070","PAUCDC","HETDEL",70,"4",108054001,108167300,113300,7,7,"ENSE00003478404",108079492,108079614,108079492,108079614,123,1,TRUE,0.822055137844611,10,"low_resolution_75_90pct",TRUE,TRUE
"CNA_event_000070","PAUCDC","HETDEL",70,"4",108054001,108167300,113300,8,8,"ENSE00003604670",108078220,108078382,108078220,108078382,163,1,TRUE,0.822055137844611,10,"low_resolution_75_90pct",TRUE,TRUE
"CNA_event_000070","PAUCDC","HETDEL",70,"4",108054001,108167300,113300,9,9,"ENSE00003651348",108070663,108070770,108070663,108070770,108,1,TRUE,0.822055137844611,10,"low_resolution_75_90pct",TRUE,TRUE
"CNA_event_000070","PAUCDC","HETDEL",70,"4",108054001,108167300,113300,10,10,"ENSE00003530344",108064336,108064384,108064336,108064384,49,1,TRUE,0.822055137844611,10,"low_resolution_75_90pct",TRUE,TRUE
"CNA_event_000070","PAUCDC","HETDEL",70,"4",108054001,108167300,113300,11,11,"ENSE00003510092",108063632,108063663,108063632,108063663,32,1,TRUE,0.822055137844611,10,"low_resolution_75_90pct",TRUE,TRUE
"CNA_event_000071","PAUEDT","HETDEL",71,"4",108141501,108167200,25700,2,2,"ENSE00003638064",108165097,108165163,108165097,108165163,67,1,TRUE,0.167919799498747,2,"high_resolution_le_50pct",TRUE,TRUE
"CNA_event_000071","PAUEDT","HETDEL",71,"4",108141501,108167200,25700,3,3,"ENSE00003515141",108163568,108163701,108163568,108163701,134,1,TRUE,0.167919799498747,2,"high_resolution_le_50pct",TRUE,TRUE
"CNA_event_000072","PAUEUC","HETDEL",72,"4",108167201,108351500,184300,1,1,"ENSE00001136349",108167555,108167767,108167555,108167767,213,1,TRUE,0.177944862155388,1,"high_resolution_le_50pct",TRUE,TRUE
"CNA_event_000074","PAUEVJ","HETDEL",74,"4",108096201,108166900,70700,2,2,"ENSE00003638064",108165097,108165163,108165097,108165163,67,1,TRUE,0.167919799498747,2,"high_resolution_le_50pct",TRUE,TRUE
"CNA_event_000074","PAUEVJ","HETDEL",74,"4",108096201,108166900,70700,3,3,"ENSE00003515141",108163568,108163701,108163568,108163701,134,1,TRUE,0.167919799498747,2,"high_resolution_le_50pct",TRUE,TRUE
"CNA_event_000075","PAUEXN","HETDEL",75,"4",108141501,108167600,26100,1,1,"ENSE00001136349",108167555,108167767,108167555,108167600,46,0.215962441314554,TRUE,0.206349206349206,3,"high_resolution_le_50pct",TRUE,TRUE
"CNA_event_000075","PAUEXN","HETDEL",75,"4",108141501,108167600,26100,2,2,"ENSE00003638064",108165097,108165163,108165097,108165163,67,1,TRUE,0.206349206349206,3,"high_resolution_le_50pct",TRUE,TRUE
"CNA_event_000075","PAUEXN","HETDEL",75,"4",108141501,108167600,26100,3,3,"ENSE00003515141",108163568,108163701,108163568,108163701,134,1,TRUE,0.206349206349206,3,"high_resolution_le_50pct",TRUE,TRUE
"CNA_event_000076","PAUFBJ","HETDEL",76,"4",106142201,127383000,21240800,1,1,"ENSE00001136349",108167555,108167767,108167555,108167767,213,1,TRUE,1,11,"whole_coding_sequence",TRUE,FALSE
"CNA_event_000076","PAUFBJ","HETDEL",76,"4",106142201,127383000,21240800,2,2,"ENSE00003638064",108165097,108165163,108165097,108165163,67,1,TRUE,1,11,"whole_coding_sequence",TRUE,FALSE
"CNA_event_000076","PAUFBJ","HETDEL",76,"4",106142201,127383000,21240800,3,3,"ENSE00003515141",108163568,108163701,108163568,108163701,134,1,TRUE,1,11,"whole_coding_sequence",TRUE,FALSE
"CNA_event_000076","PAUFBJ","HETDEL",76,"4",106142201,127383000,21240800,4,4,"ENSE00003558404",108089125,108089257,108089125,108089257,133,1,TRUE,1,11,"whole_coding_sequence",TRUE,FALSE
"CNA_event_000076","PAUFBJ","HETDEL",76,"4",106142201,127383000,21240800,5,5,"ENSE00003663409",108083356,108083446,108083356,108083446,91,1,TRUE,1,11,"whole_coding_sequence",TRUE,FALSE
"CNA_event_000076","PAUFBJ","HETDEL",76,"4",106142201,127383000,21240800,6,6,"ENSE00003468993",108081586,108081669,108081586,108081669,84,1,TRUE,1,11,"whole_coding_sequence",TRUE,FALSE
"CNA_event_000076","PAUFBJ","HETDEL",76,"4",106142201,127383000,21240800,7,7,"ENSE00003478404",108079492,108079614,108079492,108079614,123,1,TRUE,1,11,"whole_coding_sequence",TRUE,FALSE
"CNA_event_000076","PAUFBJ","HETDEL",76,"4",106142201,127383000,21240800,8,8,"ENSE00003604670",108078220,108078382,108078220,108078382,163,1,TRUE,1,11,"whole_coding_sequence",TRUE,FALSE
"CNA_event_000076","PAUFBJ","HETDEL",76,"4",106142201,127383000,21240800,9,9,"ENSE00003651348",108070663,108070770,108070663,108070770,108,1,TRUE,1,11,"whole_coding_sequence",TRUE,FALSE
"CNA_event_000076","PAUFBJ","HETDEL",76,"4",106142201,127383000,21240800,10,10,"ENSE00003530344",108064336,108064384,108064336,108064384,49,1,TRUE,1,11,"whole_coding_sequence",TRUE,FALSE
"CNA_event_000076","PAUFBJ","HETDEL",76,"4",106142201,127383000,21240800,11,11,"ENSE00003510092",108063632,108063663,108063632,108063663,32,1,TRUE,1,11,"whole_coding_sequence",TRUE,FALSE
"CNA_event_000077","PAUGDT","HETDEL",77,"4",108141001,108166400,25400,2,2,"ENSE00003638064",108165097,108165163,108165097,108165163,67,1,TRUE,0.167919799498747,2,"high_resolution_le_50pct",TRUE,TRUE
"CNA_event_000077","PAUGDT","HETDEL",77,"4",108141001,108166400,25400,3,3,"ENSE00003515141",108163568,108163701,108163568,108163701,134,1,TRUE,0.167919799498747,2,"high_resolution_le_50pct",TRUE,TRUE
"CNA_event_000078","PAUGLY","HETDEL",78,"4",108157201,108168500,11300,1,1,"ENSE00001136349",108167555,108167767,108167555,108167767,213,1,TRUE,0.345864661654135,3,"high_resolution_le_50pct",TRUE,TRUE
"CNA_event_000078","PAUGLY","HETDEL",78,"4",108157201,108168500,11300,2,2,"ENSE00003638064",108165097,108165163,108165097,108165163,67,1,TRUE,0.345864661654135,3,"high_resolution_le_50pct",TRUE,TRUE
"CNA_event_000078","PAUGLY","HETDEL",78,"4",108157201,108168500,11300,3,3,"ENSE00003515141",108163568,108163701,108163568,108163701,134,1,TRUE,0.345864661654135,3,"high_resolution_le_50pct",TRUE,TRUE
"CNA_event_000079","PAUIEM","HETDEL",79,"4",108029201,108142000,112800,4,4,"ENSE00003558404",108089125,108089257,108089125,108089257,133,1,TRUE,0.654135338345865,8,"moderate_resolution_50_75pct",TRUE,TRUE
"CNA_event_000079","PAUIEM","HETDEL",79,"4",108029201,108142000,112800,5,5,"ENSE00003663409",108083356,108083446,108083356,108083446,91,1,TRUE,0.654135338345865,8,"moderate_resolution_50_75pct",TRUE,TRUE
"CNA_event_000079","PAUIEM","HETDEL",79,"4",108029201,108142000,112800,6,6,"ENSE00003468993",108081586,108081669,108081586,108081669,84,1,TRUE,0.654135338345865,8,"moderate_resolution_50_75pct",TRUE,TRUE
"CNA_event_000079","PAUIEM","HETDEL",79,"4",108029201,108142000,112800,7,7,"ENSE00003478404",108079492,108079614,108079492,108079614,123,1,TRUE,0.654135338345865,8,"moderate_resolution_50_75pct",TRUE,TRUE
"CNA_event_000079","PAUIEM","HETDEL",79,"4",108029201,108142000,112800,8,8,"ENSE00003604670",108078220,108078382,108078220,108078382,163,1,TRUE,0.654135338345865,8,"moderate_resolution_50_75pct",TRUE,TRUE
"CNA_event_000079","PAUIEM","HETDEL",79,"4",108029201,108142000,112800,9,9,"ENSE00003651348",108070663,108070770,108070663,108070770,108,1,TRUE,0.654135338345865,8,"moderate_resolution_50_75pct",TRUE,TRUE
"CNA_event_000079","PAUIEM","HETDEL",79,"4",108029201,108142000,112800,10,10,"ENSE00003530344",108064336,108064384,108064336,108064384,49,1,TRUE,0.654135338345865,8,"moderate_resolution_50_75pct",TRUE,TRUE
"CNA_event_000079","PAUIEM","HETDEL",79,"4",108029201,108142000,112800,11,11,"ENSE00003510092",108063632,108063663,108063632,108063663,32,1,TRUE,0.654135338345865,8,"moderate_resolution_50_75pct",TRUE,TRUE
"CNA_event_000080","PAUIFA","HETDEL",80,"4",108141501,108167300,25800,2,2,"ENSE00003638064",108165097,108165163,108165097,108165163,67,1,TRUE,0.167919799498747,2,"high_resolution_le_50pct",TRUE,TRUE
"CNA_event_000080","PAUIFA","HETDEL",80,"4",108141501,108167300,25800,3,3,"ENSE00003515141",108163568,108163701,108163568,108163701,134,1,TRUE,0.167919799498747,2,"high_resolution_le_50pct",TRUE,TRUE
"CNA_event_000081","PAUJVL","HETDEL",81,"4",108149701,108168900,19200,1,1,"ENSE00001136349",108167555,108167767,108167555,108167767,213,1,TRUE,0.345864661654135,3,"high_resolution_le_50pct",TRUE,TRUE
"CNA_event_000081","PAUJVL","HETDEL",81,"4",108149701,108168900,19200,2,2,"ENSE00003638064",108165097,108165163,108165097,108165163,67,1,TRUE,0.345864661654135,3,"high_resolution_le_50pct",TRUE,TRUE
"CNA_event_000081","PAUJVL","HETDEL",81,"4",108149701,108168900,19200,3,3,"ENSE00003515141",108163568,108163701,108163568,108163701,134,1,TRUE,0.345864661654135,3,"high_resolution_le_50pct",TRUE,TRUE
"CNA_event_000082","PAUKYJ","HETDEL",82,"4",108032101,108168400,136300,1,1,"ENSE00001136349",108167555,108167767,108167555,108167767,213,1,TRUE,1,11,"whole_coding_sequence",TRUE,FALSE
"CNA_event_000082","PAUKYJ","HETDEL",82,"4",108032101,108168400,136300,2,2,"ENSE00003638064",108165097,108165163,108165097,108165163,67,1,TRUE,1,11,"whole_coding_sequence",TRUE,FALSE
"CNA_event_000082","PAUKYJ","HETDEL",82,"4",108032101,108168400,136300,3,3,"ENSE00003515141",108163568,108163701,108163568,108163701,134,1,TRUE,1,11,"whole_coding_sequence",TRUE,FALSE
"CNA_event_000082","PAUKYJ","HETDEL",82,"4",108032101,108168400,136300,4,4,"ENSE00003558404",108089125,108089257,108089125,108089257,133,1,TRUE,1,11,"whole_coding_sequence",TRUE,FALSE
"CNA_event_000082","PAUKYJ","HETDEL",82,"4",108032101,108168400,136300,5,5,"ENSE00003663409",108083356,108083446,108083356,108083446,91,1,TRUE,1,11,"whole_coding_sequence",TRUE,FALSE
"CNA_event_000082","PAUKYJ","HETDEL",82,"4",108032101,108168400,136300,6,6,"ENSE00003468993",108081586,108081669,108081586,108081669,84,1,TRUE,1,11,"whole_coding_sequence",TRUE,FALSE
"CNA_event_000082","PAUKYJ","HETDEL",82,"4",108032101,108168400,136300,7,7,"ENSE00003478404",108079492,108079614,108079492,108079614,123,1,TRUE,1,11,"whole_coding_sequence",TRUE,FALSE
"CNA_event_000082","PAUKYJ","HETDEL",82,"4",108032101,108168400,136300,8,8,"ENSE00003604670",108078220,108078382,108078220,108078382,163,1,TRUE,1,11,"whole_coding_sequence",TRUE,FALSE
"CNA_event_000082","PAUKYJ","HETDEL",82,"4",108032101,108168400,136300,9,9,"ENSE00003651348",108070663,108070770,108070663,108070770,108,1,TRUE,1,11,"whole_coding_sequence",TRUE,FALSE
"CNA_event_000082","PAUKYJ","HETDEL",82,"4",108032101,108168400,136300,10,10,"ENSE00003530344",108064336,108064384,108064336,108064384,49,1,TRUE,1,11,"whole_coding_sequence",TRUE,FALSE
"CNA_event_000082","PAUKYJ","HETDEL",82,"4",108032101,108168400,136300,11,11,"ENSE00003510092",108063632,108063663,108063632,108063663,32,1,TRUE,1,11,"whole_coding_sequence",TRUE,FALSE
"CNA_event_000083","PAUKZJ","HETDEL",83,"4",108071001,108163800,92800,3,3,"ENSE00003515141",108163568,108163701,108163568,108163701,134,1,TRUE,0.608187134502924,6,"moderate_resolution_50_75pct",TRUE,TRUE
"CNA_event_000083","PAUKZJ","HETDEL",83,"4",108071001,108163800,92800,4,4,"ENSE00003558404",108089125,108089257,108089125,108089257,133,1,TRUE,0.608187134502924,6,"moderate_resolution_50_75pct",TRUE,TRUE
"CNA_event_000083","PAUKZJ","HETDEL",83,"4",108071001,108163800,92800,5,5,"ENSE00003663409",108083356,108083446,108083356,108083446,91,1,TRUE,0.608187134502924,6,"moderate_resolution_50_75pct",TRUE,TRUE
"CNA_event_000083","PAUKZJ","HETDEL",83,"4",108071001,108163800,92800,6,6,"ENSE00003468993",108081586,108081669,108081586,108081669,84,1,TRUE,0.608187134502924,6,"moderate_resolution_50_75pct",TRUE,TRUE
"CNA_event_000083","PAUKZJ","HETDEL",83,"4",108071001,108163800,92800,7,7,"ENSE00003478404",108079492,108079614,108079492,108079614,123,1,TRUE,0.608187134502924,6,"moderate_resolution_50_75pct",TRUE,TRUE
"CNA_event_000083","PAUKZJ","HETDEL",83,"4",108071001,108163800,92800,8,8,"ENSE00003604670",108078220,108078382,108078220,108078382,163,1,TRUE,0.608187134502924,6,"moderate_resolution_50_75pct",TRUE,TRUE
"CNA_event_000084","PAULCK","HETDEL",84,"4",108141501,108167100,25600,2,2,"ENSE00003638064",108165097,108165163,108165097,108165163,67,1,TRUE,0.167919799498747,2,"high_resolution_le_50pct",TRUE,TRUE
"CNA_event_000084","PAULCK","HETDEL",84,"4",108141501,108167100,25600,3,3,"ENSE00003515141",108163568,108163701,108163568,108163701,134,1,TRUE,0.167919799498747,2,"high_resolution_le_50pct",TRUE,TRUE
"CNA_event_000085","PAULGX","HETDEL",85,"4",108071601,108080800,9200,7,7,"ENSE00003478404",108079492,108079614,108079492,108079614,123,1,TRUE,0.238930659983292,2,"high_resolution_le_50pct",TRUE,TRUE
"CNA_event_000085","PAULGX","HETDEL",85,"4",108071601,108080800,9200,8,8,"ENSE00003604670",108078220,108078382,108078220,108078382,163,1,TRUE,0.238930659983292,2,"high_resolution_le_50pct",TRUE,TRUE
"CNA_event_000087","PAUMLX","HETDEL",87,"4",108095101,108169000,73900,1,1,"ENSE00001136349",108167555,108167767,108167555,108167767,213,1,TRUE,0.345864661654135,3,"high_resolution_le_50pct",TRUE,TRUE
"CNA_event_000087","PAUMLX","HETDEL",87,"4",108095101,108169000,73900,2,2,"ENSE00003638064",108165097,108165163,108165097,108165163,67,1,TRUE,0.345864661654135,3,"high_resolution_le_50pct",TRUE,TRUE
"CNA_event_000087","PAUMLX","HETDEL",87,"4",108095101,108169000,73900,3,3,"ENSE00003515141",108163568,108163701,108163568,108163701,134,1,TRUE,0.345864661654135,3,"high_resolution_le_50pct",TRUE,TRUE
"CNA_event_000088","PAUMXB","HETDEL",88,"4",108115901,108169300,53400,1,1,"ENSE00001136349",108167555,108167767,108167555,108167767,213,1,TRUE,0.345864661654135,3,"high_resolution_le_50pct",TRUE,TRUE
"CNA_event_000088","PAUMXB","HETDEL",88,"4",108115901,108169300,53400,2,2,"ENSE00003638064",108165097,108165163,108165097,108165163,67,1,TRUE,0.345864661654135,3,"high_resolution_le_50pct",TRUE,TRUE
"CNA_event_000088","PAUMXB","HETDEL",88,"4",108115901,108169300,53400,3,3,"ENSE00003515141",108163568,108163701,108163568,108163701,134,1,TRUE,0.345864661654135,3,"high_resolution_le_50pct",TRUE,TRUE
"CNA_event_000089","PAUPUW","HETDEL",89,"4",108141601,108167300,25700,2,2,"ENSE00003638064",108165097,108165163,108165097,108165163,67,1,TRUE,0.167919799498747,2,"high_resolution_le_50pct",TRUE,TRUE
"CNA_event_000089","PAUPUW","HETDEL",89,"4",108141601,108167300,25700,3,3,"ENSE00003515141",108163568,108163701,108163568,108163701,134,1,TRUE,0.167919799498747,2,"high_resolution_le_50pct",TRUE,TRUE
"CNA_event_000090","PAURLU","HETDEL",90,"4",108112701,108167500,54800,2,2,"ENSE00003638064",108165097,108165163,108165097,108165163,67,1,TRUE,0.167919799498747,2,"high_resolution_le_50pct",TRUE,TRUE
"CNA_event_000090","PAURLU","HETDEL",90,"4",108112701,108167500,54800,3,3,"ENSE00003515141",108163568,108163701,108163568,108163701,134,1,TRUE,0.167919799498747,2,"high_resolution_le_50pct",TRUE,TRUE
"CNA_event_000091","PAUSIS","HETDEL",91,"4",108050401,108167100,116700,2,2,"ENSE00003638064",108165097,108165163,108165097,108165163,67,1,TRUE,0.822055137844611,10,"low_resolution_75_90pct",TRUE,TRUE
"CNA_event_000091","PAUSIS","HETDEL",91,"4",108050401,108167100,116700,3,3,"ENSE00003515141",108163568,108163701,108163568,108163701,134,1,TRUE,0.822055137844611,10,"low_resolution_75_90pct",TRUE,TRUE
"CNA_event_000091","PAUSIS","HETDEL",91,"4",108050401,108167100,116700,4,4,"ENSE00003558404",108089125,108089257,108089125,108089257,133,1,TRUE,0.822055137844611,10,"low_resolution_75_90pct",TRUE,TRUE
"CNA_event_000091","PAUSIS","HETDEL",91,"4",108050401,108167100,116700,5,5,"ENSE00003663409",108083356,108083446,108083356,108083446,91,1,TRUE,0.822055137844611,10,"low_resolution_75_90pct",TRUE,TRUE
"CNA_event_000091","PAUSIS","HETDEL",91,"4",108050401,108167100,116700,6,6,"ENSE00003468993",108081586,108081669,108081586,108081669,84,1,TRUE,0.822055137844611,10,"low_resolution_75_90pct",TRUE,TRUE
"CNA_event_000091","PAUSIS","HETDEL",91,"4",108050401,108167100,116700,7,7,"ENSE00003478404",108079492,108079614,108079492,108079614,123,1,TRUE,0.822055137844611,10,"low_resolution_75_90pct",TRUE,TRUE
"CNA_event_000091","PAUSIS","HETDEL",91,"4",108050401,108167100,116700,8,8,"ENSE00003604670",108078220,108078382,108078220,108078382,163,1,TRUE,0.822055137844611,10,"low_resolution_75_90pct",TRUE,TRUE
"CNA_event_000091","PAUSIS","HETDEL",91,"4",108050401,108167100,116700,9,9,"ENSE00003651348",108070663,108070770,108070663,108070770,108,1,TRUE,0.822055137844611,10,"low_resolution_75_90pct",TRUE,TRUE
"CNA_event_000091","PAUSIS","HETDEL",91,"4",108050401,108167100,116700,10,10,"ENSE00003530344",108064336,108064384,108064336,108064384,49,1,TRUE,0.822055137844611,10,"low_resolution_75_90pct",TRUE,TRUE
"CNA_event_000091","PAUSIS","HETDEL",91,"4",108050401,108167100,116700,11,11,"ENSE00003510092",108063632,108063663,108063632,108063663,32,1,TRUE,0.822055137844611,10,"low_resolution_75_90pct",TRUE,TRUE
"CNA_event_000092","PAUTBB","HETDEL",92,"4",108095301,108167100,71800,2,2,"ENSE00003638064",108165097,108165163,108165097,108165163,67,1,TRUE,0.167919799498747,2,"high_resolution_le_50pct",TRUE,TRUE
"CNA_event_000092","PAUTBB","HETDEL",92,"4",108095301,108167100,71800,3,3,"ENSE00003515141",108163568,108163701,108163568,108163701,134,1,TRUE,0.167919799498747,2,"high_resolution_le_50pct",TRUE,TRUE
"CNA_event_000093","PAUTUL","HETDEL",93,"4",108071601,108167200,95600,2,2,"ENSE00003638064",108165097,108165163,108165097,108165163,67,1,TRUE,0.664160401002506,7,"moderate_resolution_50_75pct",TRUE,TRUE
"CNA_event_000093","PAUTUL","HETDEL",93,"4",108071601,108167200,95600,3,3,"ENSE00003515141",108163568,108163701,108163568,108163701,134,1,TRUE,0.664160401002506,7,"moderate_resolution_50_75pct",TRUE,TRUE
"CNA_event_000093","PAUTUL","HETDEL",93,"4",108071601,108167200,95600,4,4,"ENSE00003558404",108089125,108089257,108089125,108089257,133,1,TRUE,0.664160401002506,7,"moderate_resolution_50_75pct",TRUE,TRUE
"CNA_event_000093","PAUTUL","HETDEL",93,"4",108071601,108167200,95600,5,5,"ENSE00003663409",108083356,108083446,108083356,108083446,91,1,TRUE,0.664160401002506,7,"moderate_resolution_50_75pct",TRUE,TRUE
"CNA_event_000093","PAUTUL","HETDEL",93,"4",108071601,108167200,95600,6,6,"ENSE00003468993",108081586,108081669,108081586,108081669,84,1,TRUE,0.664160401002506,7,"moderate_resolution_50_75pct",TRUE,TRUE
"CNA_event_000093","PAUTUL","HETDEL",93,"4",108071601,108167200,95600,7,7,"ENSE00003478404",108079492,108079614,108079492,108079614,123,1,TRUE,0.664160401002506,7,"moderate_resolution_50_75pct",TRUE,TRUE
"CNA_event_000093","PAUTUL","HETDEL",93,"4",108071601,108167200,95600,8,8,"ENSE00003604670",108078220,108078382,108078220,108078382,163,1,TRUE,0.664160401002506,7,"moderate_resolution_50_75pct",TRUE,TRUE
"CNA_event_000094","PAUUAL","HETDEL",94,"4",108141001,108167500,26500,2,2,"ENSE00003638064",108165097,108165163,108165097,108165163,67,1,TRUE,0.167919799498747,2,"high_resolution_le_50pct",TRUE,TRUE
"CNA_event_000094","PAUUAL","HETDEL",94,"4",108141001,108167500,26500,3,3,"ENSE00003515141",108163568,108163701,108163568,108163701,134,1,TRUE,0.167919799498747,2,"high_resolution_le_50pct",TRUE,TRUE
"CNA_event_000095","PAUUIK","HETDEL",95,"4",108141501,108167300,25800,2,2,"ENSE00003638064",108165097,108165163,108165097,108165163,67,1,TRUE,0.167919799498747,2,"high_resolution_le_50pct",TRUE,TRUE
"CNA_event_000095","PAUUIK","HETDEL",95,"4",108141501,108167300,25800,3,3,"ENSE00003515141",108163568,108163701,108163568,108163701,134,1,TRUE,0.167919799498747,2,"high_resolution_le_50pct",TRUE,TRUE
"CNA_event_000096","PAUWMZ","HETDEL",96,"4",108141601,108167300,25700,2,2,"ENSE00003638064",108165097,108165163,108165097,108165163,67,1,TRUE,0.167919799498747,2,"high_resolution_le_50pct",TRUE,TRUE
"CNA_event_000096","PAUWMZ","HETDEL",96,"4",108141601,108167300,25700,3,3,"ENSE00003515141",108163568,108163701,108163568,108163701,134,1,TRUE,0.167919799498747,2,"high_resolution_le_50pct",TRUE,TRUE
"CNA_event_000097","PAUWXI","HETDEL",97,"4",108052001,108167200,115200,2,2,"ENSE00003638064",108165097,108165163,108165097,108165163,67,1,TRUE,0.822055137844611,10,"low_resolution_75_90pct",TRUE,TRUE
"CNA_event_000097","PAUWXI","HETDEL",97,"4",108052001,108167200,115200,3,3,"ENSE00003515141",108163568,108163701,108163568,108163701,134,1,TRUE,0.822055137844611,10,"low_resolution_75_90pct",TRUE,TRUE
"CNA_event_000097","PAUWXI","HETDEL",97,"4",108052001,108167200,115200,4,4,"ENSE00003558404",108089125,108089257,108089125,108089257,133,1,TRUE,0.822055137844611,10,"low_resolution_75_90pct",TRUE,TRUE
"CNA_event_000097","PAUWXI","HETDEL",97,"4",108052001,108167200,115200,5,5,"ENSE00003663409",108083356,108083446,108083356,108083446,91,1,TRUE,0.822055137844611,10,"low_resolution_75_90pct",TRUE,TRUE
"CNA_event_000097","PAUWXI","HETDEL",97,"4",108052001,108167200,115200,6,6,"ENSE00003468993",108081586,108081669,108081586,108081669,84,1,TRUE,0.822055137844611,10,"low_resolution_75_90pct",TRUE,TRUE
"CNA_event_000097","PAUWXI","HETDEL",97,"4",108052001,108167200,115200,7,7,"ENSE00003478404",108079492,108079614,108079492,108079614,123,1,TRUE,0.822055137844611,10,"low_resolution_75_90pct",TRUE,TRUE
"CNA_event_000097","PAUWXI","HETDEL",97,"4",108052001,108167200,115200,8,8,"ENSE00003604670",108078220,108078382,108078220,108078382,163,1,TRUE,0.822055137844611,10,"low_resolution_75_90pct",TRUE,TRUE
"CNA_event_000097","PAUWXI","HETDEL",97,"4",108052001,108167200,115200,9,9,"ENSE00003651348",108070663,108070770,108070663,108070770,108,1,TRUE,0.822055137844611,10,"low_resolution_75_90pct",TRUE,TRUE
"CNA_event_000097","PAUWXI","HETDEL",97,"4",108052001,108167200,115200,10,10,"ENSE00003530344",108064336,108064384,108064336,108064384,49,1,TRUE,0.822055137844611,10,"low_resolution_75_90pct",TRUE,TRUE
"CNA_event_000097","PAUWXI","HETDEL",97,"4",108052001,108167200,115200,11,11,"ENSE00003510092",108063632,108063663,108063632,108063663,32,1,TRUE,0.822055137844611,10,"low_resolution_75_90pct",TRUE,TRUE
"CNA_event_000098","PAUXCW","HETDEL",98,"4",108141301,108167300,26000,2,2,"ENSE00003638064",108165097,108165163,108165097,108165163,67,1,TRUE,0.167919799498747,2,"high_resolution_le_50pct",TRUE,TRUE
"CNA_event_000098","PAUXCW","HETDEL",98,"4",108141301,108167300,26000,3,3,"ENSE00003515141",108163568,108163701,108163568,108163701,134,1,TRUE,0.167919799498747,2,"high_resolution_le_50pct",TRUE,TRUE
"CNA_event_000099","PAUXKE","HETDEL",99,"4",108112901,108167300,54400,2,2,"ENSE00003638064",108165097,108165163,108165097,108165163,67,1,TRUE,0.167919799498747,2,"high_resolution_le_50pct",TRUE,TRUE
"CNA_event_000099","PAUXKE","HETDEL",99,"4",108112901,108167300,54400,3,3,"ENSE00003515141",108163568,108163701,108163568,108163701,134,1,TRUE,0.167919799498747,2,"high_resolution_le_50pct",TRUE,TRUE
"CNA_event_000100","PAUXRM","HETDEL",100,"4",108086701,108167300,80600,2,2,"ENSE00003638064",108165097,108165163,108165097,108165163,67,1,TRUE,0.279030910609858,3,"high_resolution_le_50pct",TRUE,TRUE
"CNA_event_000100","PAUXRM","HETDEL",100,"4",108086701,108167300,80600,3,3,"ENSE00003515141",108163568,108163701,108163568,108163701,134,1,TRUE,0.279030910609858,3,"high_resolution_le_50pct",TRUE,TRUE
"CNA_event_000100","PAUXRM","HETDEL",100,"4",108086701,108167300,80600,4,4,"ENSE00003558404",108089125,108089257,108089125,108089257,133,1,TRUE,0.279030910609858,3,"high_resolution_le_50pct",TRUE,TRUE
"CNA_event_000101","PAUXYI","HETDEL",101,"4",108083001,108167200,84200,2,2,"ENSE00003638064",108165097,108165163,108165097,108165163,67,1,TRUE,0.355054302422723,4,"high_resolution_le_50pct",TRUE,TRUE
"CNA_event_000101","PAUXYI","HETDEL",101,"4",108083001,108167200,84200,3,3,"ENSE00003515141",108163568,108163701,108163568,108163701,134,1,TRUE,0.355054302422723,4,"high_resolution_le_50pct",TRUE,TRUE
"CNA_event_000101","PAUXYI","HETDEL",101,"4",108083001,108167200,84200,4,4,"ENSE00003558404",108089125,108089257,108089125,108089257,133,1,TRUE,0.355054302422723,4,"high_resolution_le_50pct",TRUE,TRUE
"CNA_event_000101","PAUXYI","HETDEL",101,"4",108083001,108167200,84200,5,5,"ENSE00003663409",108083356,108083446,108083356,108083446,91,1,TRUE,0.355054302422723,4,"high_resolution_le_50pct",TRUE,TRUE
"CNA_event_000102","PAUYJF","HETDEL",102,"4",108080901,108167200,86300,2,2,"ENSE00003638064",108165097,108165163,108165097,108165163,67,1,TRUE,0.425229741019215,5,"high_resolution_le_50pct",TRUE,TRUE
"CNA_event_000102","PAUYJF","HETDEL",102,"4",108080901,108167200,86300,3,3,"ENSE00003515141",108163568,108163701,108163568,108163701,134,1,TRUE,0.425229741019215,5,"high_resolution_le_50pct",TRUE,TRUE
"CNA_event_000102","PAUYJF","HETDEL",102,"4",108080901,108167200,86300,4,4,"ENSE00003558404",108089125,108089257,108089125,108089257,133,1,TRUE,0.425229741019215,5,"high_resolution_le_50pct",TRUE,TRUE
"CNA_event_000102","PAUYJF","HETDEL",102,"4",108080901,108167200,86300,5,5,"ENSE00003663409",108083356,108083446,108083356,108083446,91,1,TRUE,0.425229741019215,5,"high_resolution_le_50pct",TRUE,TRUE
"CNA_event_000102","PAUYJF","HETDEL",102,"4",108080901,108167200,86300,6,6,"ENSE00003468993",108081586,108081669,108081586,108081669,84,1,TRUE,0.425229741019215,5,"high_resolution_le_50pct",TRUE,TRUE
"CNA_event_000104","PAVCRK","HETDEL",104,"4",108118901,108167200,48300,2,2,"ENSE00003638064",108165097,108165163,108165097,108165163,67,1,TRUE,0.167919799498747,2,"high_resolution_le_50pct",TRUE,TRUE
"CNA_event_000104","PAVCRK","HETDEL",104,"4",108118901,108167200,48300,3,3,"ENSE00003515141",108163568,108163701,108163568,108163701,134,1,TRUE,0.167919799498747,2,"high_resolution_le_50pct",TRUE,TRUE
"CNA_event_000105","PAVFAX","HETDEL",105,"4",108141401,108167300,25900,2,2,"ENSE00003638064",108165097,108165163,108165097,108165163,67,1,TRUE,0.167919799498747,2,"high_resolution_le_50pct",TRUE,TRUE
"CNA_event_000105","PAVFAX","HETDEL",105,"4",108141401,108167300,25900,3,3,"ENSE00003515141",108163568,108163701,108163568,108163701,134,1,TRUE,0.167919799498747,2,"high_resolution_le_50pct",TRUE,TRUE
"CNA_event_000106","PAVHAA","HETDEL",106,"4",108118201,108166400,48200,2,2,"ENSE00003638064",108165097,108165163,108165097,108165163,67,1,TRUE,0.167919799498747,2,"high_resolution_le_50pct",TRUE,TRUE
"CNA_event_000106","PAVHAA","HETDEL",106,"4",108118201,108166400,48200,3,3,"ENSE00003515141",108163568,108163701,108163568,108163701,134,1,TRUE,0.167919799498747,2,"high_resolution_le_50pct",TRUE,TRUE
"CNA_event_000107","PAVHBL","HETDEL",107,"4",108141601,108167200,25600,2,2,"ENSE00003638064",108165097,108165163,108165097,108165163,67,1,TRUE,0.167919799498747,2,"high_resolution_le_50pct",TRUE,TRUE
"CNA_event_000107","PAVHBL","HETDEL",107,"4",108141601,108167200,25600,3,3,"ENSE00003515141",108163568,108163701,108163568,108163701,134,1,TRUE,0.167919799498747,2,"high_resolution_le_50pct",TRUE,TRUE
"CNA_event_000108","PAVHGX","HETDEL",108,"4",108101301,108166100,64800,2,2,"ENSE00003638064",108165097,108165163,108165097,108165163,67,1,TRUE,0.167919799498747,2,"high_resolution_le_50pct",TRUE,TRUE
"CNA_event_000108","PAVHGX","HETDEL",108,"4",108101301,108166100,64800,3,3,"ENSE00003515141",108163568,108163701,108163568,108163701,134,1,TRUE,0.167919799498747,2,"high_resolution_le_50pct",TRUE,TRUE
"CNA_event_000110","PAVKCV","HETDEL",110,"4",108167301,108354900,187600,1,1,"ENSE00001136349",108167555,108167767,108167555,108167767,213,1,TRUE,0.177944862155388,1,"high_resolution_le_50pct",TRUE,TRUE
"CNA_event_000112","PAVKPV","HETDEL",112,"4",108142901,108167000,24100,2,2,"ENSE00003638064",108165097,108165163,108165097,108165163,67,1,TRUE,0.167919799498747,2,"high_resolution_le_50pct",TRUE,TRUE
"CNA_event_000112","PAVKPV","HETDEL",112,"4",108142901,108167000,24100,3,3,"ENSE00003515141",108163568,108163701,108163568,108163701,134,1,TRUE,0.167919799498747,2,"high_resolution_le_50pct",TRUE,TRUE
"CNA_event_000113","PAVKUU","HETDEL",113,"4",108049501,108575900,526400,1,1,"ENSE00001136349",108167555,108167767,108167555,108167767,213,1,TRUE,1,11,"whole_coding_sequence",TRUE,FALSE
"CNA_event_000113","PAVKUU","HETDEL",113,"4",108049501,108575900,526400,2,2,"ENSE00003638064",108165097,108165163,108165097,108165163,67,1,TRUE,1,11,"whole_coding_sequence",TRUE,FALSE
"CNA_event_000113","PAVKUU","HETDEL",113,"4",108049501,108575900,526400,3,3,"ENSE00003515141",108163568,108163701,108163568,108163701,134,1,TRUE,1,11,"whole_coding_sequence",TRUE,FALSE
"CNA_event_000113","PAVKUU","HETDEL",113,"4",108049501,108575900,526400,4,4,"ENSE00003558404",108089125,108089257,108089125,108089257,133,1,TRUE,1,11,"whole_coding_sequence",TRUE,FALSE
"CNA_event_000113","PAVKUU","HETDEL",113,"4",108049501,108575900,526400,5,5,"ENSE00003663409",108083356,108083446,108083356,108083446,91,1,TRUE,1,11,"whole_coding_sequence",TRUE,FALSE
"CNA_event_000113","PAVKUU","HETDEL",113,"4",108049501,108575900,526400,6,6,"ENSE00003468993",108081586,108081669,108081586,108081669,84,1,TRUE,1,11,"whole_coding_sequence",TRUE,FALSE
"CNA_event_000113","PAVKUU","HETDEL",113,"4",108049501,108575900,526400,7,7,"ENSE00003478404",108079492,108079614,108079492,108079614,123,1,TRUE,1,11,"whole_coding_sequence",TRUE,FALSE
"CNA_event_000113","PAVKUU","HETDEL",113,"4",108049501,108575900,526400,8,8,"ENSE00003604670",108078220,108078382,108078220,108078382,163,1,TRUE,1,11,"whole_coding_sequence",TRUE,FALSE
"CNA_event_000113","PAVKUU","HETDEL",113,"4",108049501,108575900,526400,9,9,"ENSE00003651348",108070663,108070770,108070663,108070770,108,1,TRUE,1,11,"whole_coding_sequence",TRUE,FALSE
"CNA_event_000113","PAVKUU","HETDEL",113,"4",108049501,108575900,526400,10,10,"ENSE00003530344",108064336,108064384,108064336,108064384,49,1,TRUE,1,11,"whole_coding_sequence",TRUE,FALSE
"CNA_event_000113","PAVKUU","HETDEL",113,"4",108049501,108575900,526400,11,11,"ENSE00003510092",108063632,108063663,108063632,108063663,32,1,TRUE,1,11,"whole_coding_sequence",TRUE,FALSE
"CNA_event_000114","PAVLLU","HETDEL",114,"4",108131301,108167200,35900,2,2,"ENSE00003638064",108165097,108165163,108165097,108165163,67,1,TRUE,0.167919799498747,2,"high_resolution_le_50pct",TRUE,TRUE
"CNA_event_000114","PAVLLU","HETDEL",114,"4",108131301,108167200,35900,3,3,"ENSE00003515141",108163568,108163701,108163568,108163701,134,1,TRUE,0.167919799498747,2,"high_resolution_le_50pct",TRUE,TRUE
"CNA_event_000115","PAVMKN","HETDEL",115,"4",108112701,108167200,54500,2,2,"ENSE00003638064",108165097,108165163,108165097,108165163,67,1,TRUE,0.167919799498747,2,"high_resolution_le_50pct",TRUE,TRUE
"CNA_event_000115","PAVMKN","HETDEL",115,"4",108112701,108167200,54500,3,3,"ENSE00003515141",108163568,108163701,108163568,108163701,134,1,TRUE,0.167919799498747,2,"high_resolution_le_50pct",TRUE,TRUE
"CNA_event_000116","PAVMPT","HETDEL",116,"4",108086501,108167400,80900,2,2,"ENSE00003638064",108165097,108165163,108165097,108165163,67,1,TRUE,0.279030910609858,3,"high_resolution_le_50pct",TRUE,TRUE
"CNA_event_000116","PAVMPT","HETDEL",116,"4",108086501,108167400,80900,3,3,"ENSE00003515141",108163568,108163701,108163568,108163701,134,1,TRUE,0.279030910609858,3,"high_resolution_le_50pct",TRUE,TRUE
"CNA_event_000116","PAVMPT","HETDEL",116,"4",108086501,108167400,80900,4,4,"ENSE00003558404",108089125,108089257,108089125,108089257,133,1,TRUE,0.279030910609858,3,"high_resolution_le_50pct",TRUE,TRUE
"CNA_event_000117","PAVNGZ","HETDEL",117,"4",108160501,108167100,6600,2,2,"ENSE00003638064",108165097,108165163,108165097,108165163,67,1,TRUE,0.167919799498747,2,"high_resolution_le_50pct",TRUE,TRUE
"CNA_event_000117","PAVNGZ","HETDEL",117,"4",108160501,108167100,6600,3,3,"ENSE00003515141",108163568,108163701,108163568,108163701,134,1,TRUE,0.167919799498747,2,"high_resolution_le_50pct",TRUE,TRUE
"CNA_event_000119","PAVNTB","HETDEL",119,"4",108141701,108167400,25700,2,2,"ENSE00003638064",108165097,108165163,108165097,108165163,67,1,TRUE,0.167919799498747,2,"high_resolution_le_50pct",TRUE,TRUE
"CNA_event_000119","PAVNTB","HETDEL",119,"4",108141701,108167400,25700,3,3,"ENSE00003515141",108163568,108163701,108163568,108163701,134,1,TRUE,0.167919799498747,2,"high_resolution_le_50pct",TRUE,TRUE
"CNA_event_000120","PAVPCB","HETDEL",120,"4",108141501,108167600,26100,1,1,"ENSE00001136349",108167555,108167767,108167555,108167600,46,0.215962441314554,TRUE,0.206349206349206,3,"high_resolution_le_50pct",TRUE,TRUE
"CNA_event_000120","PAVPCB","HETDEL",120,"4",108141501,108167600,26100,2,2,"ENSE00003638064",108165097,108165163,108165097,108165163,67,1,TRUE,0.206349206349206,3,"high_resolution_le_50pct",TRUE,TRUE
"CNA_event_000120","PAVPCB","HETDEL",120,"4",108141501,108167600,26100,3,3,"ENSE00003515141",108163568,108163701,108163568,108163701,134,1,TRUE,0.206349206349206,3,"high_resolution_le_50pct",TRUE,TRUE
"CNA_event_000121","PAVRXK","HETDEL",121,"4",108068801,108366900,298100,1,1,"ENSE00001136349",108167555,108167767,108167555,108167767,213,1,TRUE,0.932330827067669,9,"very_low_resolution_90_lt_100pct",TRUE,TRUE
"CNA_event_000121","PAVRXK","HETDEL",121,"4",108068801,108366900,298100,2,2,"ENSE00003638064",108165097,108165163,108165097,108165163,67,1,TRUE,0.932330827067669,9,"very_low_resolution_90_lt_100pct",TRUE,TRUE
"CNA_event_000121","PAVRXK","HETDEL",121,"4",108068801,108366900,298100,3,3,"ENSE00003515141",108163568,108163701,108163568,108163701,134,1,TRUE,0.932330827067669,9,"very_low_resolution_90_lt_100pct",TRUE,TRUE
"CNA_event_000121","PAVRXK","HETDEL",121,"4",108068801,108366900,298100,4,4,"ENSE00003558404",108089125,108089257,108089125,108089257,133,1,TRUE,0.932330827067669,9,"very_low_resolution_90_lt_100pct",TRUE,TRUE
"CNA_event_000121","PAVRXK","HETDEL",121,"4",108068801,108366900,298100,5,5,"ENSE00003663409",108083356,108083446,108083356,108083446,91,1,TRUE,0.932330827067669,9,"very_low_resolution_90_lt_100pct",TRUE,TRUE
"CNA_event_000121","PAVRXK","HETDEL",121,"4",108068801,108366900,298100,6,6,"ENSE00003468993",108081586,108081669,108081586,108081669,84,1,TRUE,0.932330827067669,9,"very_low_resolution_90_lt_100pct",TRUE,TRUE
"CNA_event_000121","PAVRXK","HETDEL",121,"4",108068801,108366900,298100,7,7,"ENSE00003478404",108079492,108079614,108079492,108079614,123,1,TRUE,0.932330827067669,9,"very_low_resolution_90_lt_100pct",TRUE,TRUE
"CNA_event_000121","PAVRXK","HETDEL",121,"4",108068801,108366900,298100,8,8,"ENSE00003604670",108078220,108078382,108078220,108078382,163,1,TRUE,0.932330827067669,9,"very_low_resolution_90_lt_100pct",TRUE,TRUE
"CNA_event_000121","PAVRXK","HETDEL",121,"4",108068801,108366900,298100,9,9,"ENSE00003651348",108070663,108070770,108070663,108070770,108,1,TRUE,0.932330827067669,9,"very_low_resolution_90_lt_100pct",TRUE,TRUE
"CNA_event_000122","PAVVBE","HETDEL",122,"4",108167301,108354400,187100,1,1,"ENSE00001136349",108167555,108167767,108167555,108167767,213,1,TRUE,0.177944862155388,1,"high_resolution_le_50pct",TRUE,TRUE
"CNA_event_000123","PAVVDS","HETDEL",123,"4",108081101,108095300,14200,4,4,"ENSE00003558404",108089125,108089257,108089125,108089257,133,1,TRUE,0.257309941520468,3,"high_resolution_le_50pct",TRUE,TRUE
"CNA_event_000123","PAVVDS","HETDEL",123,"4",108081101,108095300,14200,5,5,"ENSE00003663409",108083356,108083446,108083356,108083446,91,1,TRUE,0.257309941520468,3,"high_resolution_le_50pct",TRUE,TRUE
"CNA_event_000123","PAVVDS","HETDEL",123,"4",108081101,108095300,14200,6,6,"ENSE00003468993",108081586,108081669,108081586,108081669,84,1,TRUE,0.257309941520468,3,"high_resolution_le_50pct",TRUE,TRUE
"CNA_event_000124","PAVWDF","HETDEL",124,"4",108154401,108167300,12900,2,2,"ENSE00003638064",108165097,108165163,108165097,108165163,67,1,TRUE,0.167919799498747,2,"high_resolution_le_50pct",TRUE,TRUE
"CNA_event_000124","PAVWDF","HETDEL",124,"4",108154401,108167300,12900,3,3,"ENSE00003515141",108163568,108163701,108163568,108163701,134,1,TRUE,0.167919799498747,2,"high_resolution_le_50pct",TRUE,TRUE
"CNA_event_000125","PAVWNL","HETDEL",125,"4",108158201,108169200,11000,1,1,"ENSE00001136349",108167555,108167767,108167555,108167767,213,1,TRUE,0.345864661654135,3,"high_resolution_le_50pct",TRUE,TRUE
"CNA_event_000125","PAVWNL","HETDEL",125,"4",108158201,108169200,11000,2,2,"ENSE00003638064",108165097,108165163,108165097,108165163,67,1,TRUE,0.345864661654135,3,"high_resolution_le_50pct",TRUE,TRUE
"CNA_event_000125","PAVWNL","HETDEL",125,"4",108158201,108169200,11000,3,3,"ENSE00003515141",108163568,108163701,108163568,108163701,134,1,TRUE,0.345864661654135,3,"high_resolution_le_50pct",TRUE,TRUE
"CNA_event_000126","PAVYAZ","HETDEL",126,"4",108167301,108351200,183900,1,1,"ENSE00001136349",108167555,108167767,108167555,108167767,213,1,TRUE,0.177944862155388,1,"high_resolution_le_50pct",TRUE,TRUE
"CNA_event_000129","PAVYTZ","HETDEL",129,"4",108158201,108167300,9100,2,2,"ENSE00003638064",108165097,108165163,108165097,108165163,67,1,TRUE,0.167919799498747,2,"high_resolution_le_50pct",TRUE,TRUE
"CNA_event_000129","PAVYTZ","HETDEL",129,"4",108158201,108167300,9100,3,3,"ENSE00003515141",108163568,108163701,108163568,108163701,134,1,TRUE,0.167919799498747,2,"high_resolution_le_50pct",TRUE,TRUE
"CNA_event_000130","PAVZCF","HETDEL",130,"4",108081301,108167300,86000,2,2,"ENSE00003638064",108165097,108165163,108165097,108165163,67,1,TRUE,0.425229741019215,5,"high_resolution_le_50pct",TRUE,TRUE
"CNA_event_000130","PAVZCF","HETDEL",130,"4",108081301,108167300,86000,3,3,"ENSE00003515141",108163568,108163701,108163568,108163701,134,1,TRUE,0.425229741019215,5,"high_resolution_le_50pct",TRUE,TRUE
"CNA_event_000130","PAVZCF","HETDEL",130,"4",108081301,108167300,86000,4,4,"ENSE00003558404",108089125,108089257,108089125,108089257,133,1,TRUE,0.425229741019215,5,"high_resolution_le_50pct",TRUE,TRUE
"CNA_event_000130","PAVZCF","HETDEL",130,"4",108081301,108167300,86000,5,5,"ENSE00003663409",108083356,108083446,108083356,108083446,91,1,TRUE,0.425229741019215,5,"high_resolution_le_50pct",TRUE,TRUE
"CNA_event_000130","PAVZCF","HETDEL",130,"4",108081301,108167300,86000,6,6,"ENSE00003468993",108081586,108081669,108081586,108081669,84,1,TRUE,0.425229741019215,5,"high_resolution_le_50pct",TRUE,TRUE
"CNA_event_000131","PAWAIM","HETDEL",131,"4",108095301,108167200,71900,2,2,"ENSE00003638064",108165097,108165163,108165097,108165163,67,1,TRUE,0.167919799498747,2,"high_resolution_le_50pct",TRUE,TRUE
"CNA_event_000131","PAWAIM","HETDEL",131,"4",108095301,108167200,71900,3,3,"ENSE00003515141",108163568,108163701,108163568,108163701,134,1,TRUE,0.167919799498747,2,"high_resolution_le_50pct",TRUE,TRUE
"CNA_event_000132","PAWAIN","HETDEL",132,"4",108147001,108166500,19500,2,2,"ENSE00003638064",108165097,108165163,108165097,108165163,67,1,TRUE,0.167919799498747,2,"high_resolution_le_50pct",TRUE,TRUE
"CNA_event_000132","PAWAIN","HETDEL",132,"4",108147001,108166500,19500,3,3,"ENSE00003515141",108163568,108163701,108163568,108163701,134,1,TRUE,0.167919799498747,2,"high_resolution_le_50pct",TRUE,TRUE
"CNA_event_000133","PAWAKA","HETDEL",133,"4",108095201,108167300,72100,2,2,"ENSE00003638064",108165097,108165163,108165097,108165163,67,1,TRUE,0.167919799498747,2,"high_resolution_le_50pct",TRUE,TRUE
"CNA_event_000133","PAWAKA","HETDEL",133,"4",108095201,108167300,72100,3,3,"ENSE00003515141",108163568,108163701,108163568,108163701,134,1,TRUE,0.167919799498747,2,"high_resolution_le_50pct",TRUE,TRUE
"CNA_event_000134","PAWDEK","HETDEL",134,"4",108158401,108167300,8900,2,2,"ENSE00003638064",108165097,108165163,108165097,108165163,67,1,TRUE,0.167919799498747,2,"high_resolution_le_50pct",TRUE,TRUE
"CNA_event_000134","PAWDEK","HETDEL",134,"4",108158401,108167300,8900,3,3,"ENSE00003515141",108163568,108163701,108163568,108163701,134,1,TRUE,0.167919799498747,2,"high_resolution_le_50pct",TRUE,TRUE
"CNA_event_000135","PAWDMI","HETDEL",135,"4",108095301,108166500,71200,2,2,"ENSE00003638064",108165097,108165163,108165097,108165163,67,1,TRUE,0.167919799498747,2,"high_resolution_le_50pct",TRUE,TRUE
"CNA_event_000135","PAWDMI","HETDEL",135,"4",108095301,108166500,71200,3,3,"ENSE00003515141",108163568,108163701,108163568,108163701,134,1,TRUE,0.167919799498747,2,"high_resolution_le_50pct",TRUE,TRUE
"CNA_event_000136","PAWDWJ","HETDEL",136,"4",108048201,108167400,119200,2,2,"ENSE00003638064",108165097,108165163,108165097,108165163,67,1,TRUE,0.822055137844611,10,"low_resolution_75_90pct",TRUE,TRUE
"CNA_event_000136","PAWDWJ","HETDEL",136,"4",108048201,108167400,119200,3,3,"ENSE00003515141",108163568,108163701,108163568,108163701,134,1,TRUE,0.822055137844611,10,"low_resolution_75_90pct",TRUE,TRUE
"CNA_event_000136","PAWDWJ","HETDEL",136,"4",108048201,108167400,119200,4,4,"ENSE00003558404",108089125,108089257,108089125,108089257,133,1,TRUE,0.822055137844611,10,"low_resolution_75_90pct",TRUE,TRUE
"CNA_event_000136","PAWDWJ","HETDEL",136,"4",108048201,108167400,119200,5,5,"ENSE00003663409",108083356,108083446,108083356,108083446,91,1,TRUE,0.822055137844611,10,"low_resolution_75_90pct",TRUE,TRUE
"CNA_event_000136","PAWDWJ","HETDEL",136,"4",108048201,108167400,119200,6,6,"ENSE00003468993",108081586,108081669,108081586,108081669,84,1,TRUE,0.822055137844611,10,"low_resolution_75_90pct",TRUE,TRUE
"CNA_event_000136","PAWDWJ","HETDEL",136,"4",108048201,108167400,119200,7,7,"ENSE00003478404",108079492,108079614,108079492,108079614,123,1,TRUE,0.822055137844611,10,"low_resolution_75_90pct",TRUE,TRUE
"CNA_event_000136","PAWDWJ","HETDEL",136,"4",108048201,108167400,119200,8,8,"ENSE00003604670",108078220,108078382,108078220,108078382,163,1,TRUE,0.822055137844611,10,"low_resolution_75_90pct",TRUE,TRUE
"CNA_event_000136","PAWDWJ","HETDEL",136,"4",108048201,108167400,119200,9,9,"ENSE00003651348",108070663,108070770,108070663,108070770,108,1,TRUE,0.822055137844611,10,"low_resolution_75_90pct",TRUE,TRUE
"CNA_event_000136","PAWDWJ","HETDEL",136,"4",108048201,108167400,119200,10,10,"ENSE00003530344",108064336,108064384,108064336,108064384,49,1,TRUE,0.822055137844611,10,"low_resolution_75_90pct",TRUE,TRUE
"CNA_event_000136","PAWDWJ","HETDEL",136,"4",108048201,108167400,119200,11,11,"ENSE00003510092",108063632,108063663,108063632,108063663,32,1,TRUE,0.822055137844611,10,"low_resolution_75_90pct",TRUE,TRUE
"CNA_event_000137","PAWEEC","HETDEL",137,"4",108095501,108167200,71700,2,2,"ENSE00003638064",108165097,108165163,108165097,108165163,67,1,TRUE,0.167919799498747,2,"high_resolution_le_50pct",TRUE,TRUE
"CNA_event_000137","PAWEEC","HETDEL",137,"4",108095501,108167200,71700,3,3,"ENSE00003515141",108163568,108163701,108163568,108163701,134,1,TRUE,0.167919799498747,2,"high_resolution_le_50pct",TRUE,TRUE
"CNA_event_000138","PAWEEX","HETDEL",138,"4",108141501,108165000,23500,3,3,"ENSE00003515141",108163568,108163701,108163568,108163701,134,1,TRUE,0.111946532999165,1,"high_resolution_le_50pct",TRUE,TRUE
"CNA_event_000139","PAWESJ","HETDEL",139,"4",108163401,108345900,182500,1,1,"ENSE00001136349",108167555,108167767,108167555,108167767,213,1,TRUE,0.345864661654135,3,"high_resolution_le_50pct",TRUE,TRUE
"CNA_event_000139","PAWESJ","HETDEL",139,"4",108163401,108345900,182500,2,2,"ENSE00003638064",108165097,108165163,108165097,108165163,67,1,TRUE,0.345864661654135,3,"high_resolution_le_50pct",TRUE,TRUE
"CNA_event_000139","PAWESJ","HETDEL",139,"4",108163401,108345900,182500,3,3,"ENSE00003515141",108163568,108163701,108163568,108163701,134,1,TRUE,0.345864661654135,3,"high_resolution_le_50pct",TRUE,TRUE
"CNA_event_000140","PAWETD","HETDEL",140,"4",108031101,108167100,136000,2,2,"ENSE00003638064",108165097,108165163,108165097,108165163,67,1,TRUE,0.822055137844611,10,"low_resolution_75_90pct",TRUE,TRUE
"CNA_event_000140","PAWETD","HETDEL",140,"4",108031101,108167100,136000,3,3,"ENSE00003515141",108163568,108163701,108163568,108163701,134,1,TRUE,0.822055137844611,10,"low_resolution_75_90pct",TRUE,TRUE
"CNA_event_000140","PAWETD","HETDEL",140,"4",108031101,108167100,136000,4,4,"ENSE00003558404",108089125,108089257,108089125,108089257,133,1,TRUE,0.822055137844611,10,"low_resolution_75_90pct",TRUE,TRUE
"CNA_event_000140","PAWETD","HETDEL",140,"4",108031101,108167100,136000,5,5,"ENSE00003663409",108083356,108083446,108083356,108083446,91,1,TRUE,0.822055137844611,10,"low_resolution_75_90pct",TRUE,TRUE
"CNA_event_000140","PAWETD","HETDEL",140,"4",108031101,108167100,136000,6,6,"ENSE00003468993",108081586,108081669,108081586,108081669,84,1,TRUE,0.822055137844611,10,"low_resolution_75_90pct",TRUE,TRUE
"CNA_event_000140","PAWETD","HETDEL",140,"4",108031101,108167100,136000,7,7,"ENSE00003478404",108079492,108079614,108079492,108079614,123,1,TRUE,0.822055137844611,10,"low_resolution_75_90pct",TRUE,TRUE
"CNA_event_000140","PAWETD","HETDEL",140,"4",108031101,108167100,136000,8,8,"ENSE00003604670",108078220,108078382,108078220,108078382,163,1,TRUE,0.822055137844611,10,"low_resolution_75_90pct",TRUE,TRUE
"CNA_event_000140","PAWETD","HETDEL",140,"4",108031101,108167100,136000,9,9,"ENSE00003651348",108070663,108070770,108070663,108070770,108,1,TRUE,0.822055137844611,10,"low_resolution_75_90pct",TRUE,TRUE
"CNA_event_000140","PAWETD","HETDEL",140,"4",108031101,108167100,136000,10,10,"ENSE00003530344",108064336,108064384,108064336,108064384,49,1,TRUE,0.822055137844611,10,"low_resolution_75_90pct",TRUE,TRUE
"CNA_event_000140","PAWETD","HETDEL",140,"4",108031101,108167100,136000,11,11,"ENSE00003510092",108063632,108063663,108063632,108063663,32,1,TRUE,0.822055137844611,10,"low_resolution_75_90pct",TRUE,TRUE
"CNA_event_000141","PAWFNJ","HETDEL",141,"4",108112701,108167800,55100,1,1,"ENSE00001136349",108167555,108167767,108167555,108167767,213,1,TRUE,0.345864661654135,3,"high_resolution_le_50pct",TRUE,TRUE
"CNA_event_000141","PAWFNJ","HETDEL",141,"4",108112701,108167800,55100,2,2,"ENSE00003638064",108165097,108165163,108165097,108165163,67,1,TRUE,0.345864661654135,3,"high_resolution_le_50pct",TRUE,TRUE
"CNA_event_000141","PAWFNJ","HETDEL",141,"4",108112701,108167800,55100,3,3,"ENSE00003515141",108163568,108163701,108163568,108163701,134,1,TRUE,0.345864661654135,3,"high_resolution_le_50pct",TRUE,TRUE
"CNA_event_000142","PAWFWF","HETDEL",142,"4",108121101,108354600,233500,1,1,"ENSE00001136349",108167555,108167767,108167555,108167767,213,1,TRUE,0.345864661654135,3,"high_resolution_le_50pct",TRUE,TRUE
"CNA_event_000142","PAWFWF","HETDEL",142,"4",108121101,108354600,233500,2,2,"ENSE00003638064",108165097,108165163,108165097,108165163,67,1,TRUE,0.345864661654135,3,"high_resolution_le_50pct",TRUE,TRUE
"CNA_event_000142","PAWFWF","HETDEL",142,"4",108121101,108354600,233500,3,3,"ENSE00003515141",108163568,108163701,108163568,108163701,134,1,TRUE,0.345864661654135,3,"high_resolution_le_50pct",TRUE,TRUE
"CNA_event_000143","PAWGCK","HETDEL",143,"4",108141601,108166600,25000,2,2,"ENSE00003638064",108165097,108165163,108165097,108165163,67,1,TRUE,0.167919799498747,2,"high_resolution_le_50pct",TRUE,TRUE
"CNA_event_000143","PAWGCK","HETDEL",143,"4",108141601,108166600,25000,3,3,"ENSE00003515141",108163568,108163701,108163568,108163701,134,1,TRUE,0.167919799498747,2,"high_resolution_le_50pct",TRUE,TRUE
"CNA_event_000144","PAWGIT","HETDEL",144,"4",108095301,108167200,71900,2,2,"ENSE00003638064",108165097,108165163,108165097,108165163,67,1,TRUE,0.167919799498747,2,"high_resolution_le_50pct",TRUE,TRUE
"CNA_event_000144","PAWGIT","HETDEL",144,"4",108095301,108167200,71900,3,3,"ENSE00003515141",108163568,108163701,108163568,108163701,134,1,TRUE,0.167919799498747,2,"high_resolution_le_50pct",TRUE,TRUE
"CNA_event_000145","PAWGXM","HETDEL",145,"4",108071101,108162000,90900,4,4,"ENSE00003558404",108089125,108089257,108089125,108089257,133,1,TRUE,0.496240601503759,5,"high_resolution_le_50pct",TRUE,TRUE
"CNA_event_000145","PAWGXM","HETDEL",145,"4",108071101,108162000,90900,5,5,"ENSE00003663409",108083356,108083446,108083356,108083446,91,1,TRUE,0.496240601503759,5,"high_resolution_le_50pct",TRUE,TRUE
"CNA_event_000145","PAWGXM","HETDEL",145,"4",108071101,108162000,90900,6,6,"ENSE00003468993",108081586,108081669,108081586,108081669,84,1,TRUE,0.496240601503759,5,"high_resolution_le_50pct",TRUE,TRUE
"CNA_event_000145","PAWGXM","HETDEL",145,"4",108071101,108162000,90900,7,7,"ENSE00003478404",108079492,108079614,108079492,108079614,123,1,TRUE,0.496240601503759,5,"high_resolution_le_50pct",TRUE,TRUE
"CNA_event_000145","PAWGXM","HETDEL",145,"4",108071101,108162000,90900,8,8,"ENSE00003604670",108078220,108078382,108078220,108078382,163,1,TRUE,0.496240601503759,5,"high_resolution_le_50pct",TRUE,TRUE
"CNA_event_000146","PAWGZM","HETDEL",146,"4",108119001,108166700,47700,2,2,"ENSE00003638064",108165097,108165163,108165097,108165163,67,1,TRUE,0.167919799498747,2,"high_resolution_le_50pct",TRUE,TRUE
"CNA_event_000146","PAWGZM","HETDEL",146,"4",108119001,108166700,47700,3,3,"ENSE00003515141",108163568,108163701,108163568,108163701,134,1,TRUE,0.167919799498747,2,"high_resolution_le_50pct",TRUE,TRUE
"CNA_event_000147","PAWIWS","HETDEL",147,"4",108083001,108167100,84100,2,2,"ENSE00003638064",108165097,108165163,108165097,108165163,67,1,TRUE,0.355054302422723,4,"high_resolution_le_50pct",TRUE,TRUE
"CNA_event_000147","PAWIWS","HETDEL",147,"4",108083001,108167100,84100,3,3,"ENSE00003515141",108163568,108163701,108163568,108163701,134,1,TRUE,0.355054302422723,4,"high_resolution_le_50pct",TRUE,TRUE
"CNA_event_000147","PAWIWS","HETDEL",147,"4",108083001,108167100,84100,4,4,"ENSE00003558404",108089125,108089257,108089125,108089257,133,1,TRUE,0.355054302422723,4,"high_resolution_le_50pct",TRUE,TRUE
"CNA_event_000147","PAWIWS","HETDEL",147,"4",108083001,108167100,84100,5,5,"ENSE00003663409",108083356,108083446,108083356,108083446,91,1,TRUE,0.355054302422723,4,"high_resolution_le_50pct",TRUE,TRUE
"CNA_event_000148","PAWJKX","HETDEL",148,"4",108121001,108167100,46100,2,2,"ENSE00003638064",108165097,108165163,108165097,108165163,67,1,TRUE,0.167919799498747,2,"high_resolution_le_50pct",TRUE,TRUE
"CNA_event_000148","PAWJKX","HETDEL",148,"4",108121001,108167100,46100,3,3,"ENSE00003515141",108163568,108163701,108163568,108163701,134,1,TRUE,0.167919799498747,2,"high_resolution_le_50pct",TRUE,TRUE
"CNA_event_000149","PAWJYN","HETDEL",149,"4",108157401,108168700,11300,1,1,"ENSE00001136349",108167555,108167767,108167555,108167767,213,1,TRUE,0.345864661654135,3,"high_resolution_le_50pct",TRUE,TRUE
"CNA_event_000149","PAWJYN","HETDEL",149,"4",108157401,108168700,11300,2,2,"ENSE00003638064",108165097,108165163,108165097,108165163,67,1,TRUE,0.345864661654135,3,"high_resolution_le_50pct",TRUE,TRUE
"CNA_event_000149","PAWJYN","HETDEL",149,"4",108157401,108168700,11300,3,3,"ENSE00003515141",108163568,108163701,108163568,108163701,134,1,TRUE,0.345864661654135,3,"high_resolution_le_50pct",TRUE,TRUE
"CNA_event_000150","PARSLA","HOMDEL",150,"4",108141501,108167300,25800,2,2,"ENSE00003638064",108165097,108165163,108165097,108165163,67,1,TRUE,0.167919799498747,2,"high_resolution_le_50pct",TRUE,TRUE
"CNA_event_000150","PARSLA","HOMDEL",150,"4",108141501,108167300,25800,3,3,"ENSE00003515141",108163568,108163701,108163568,108163701,134,1,TRUE,0.167919799498747,2,"high_resolution_le_50pct",TRUE,TRUE
"CNA_event_000151","PARWNW","HOMDEL",151,"4",108119001,108167300,48300,2,2,"ENSE00003638064",108165097,108165163,108165097,108165163,67,1,TRUE,0.167919799498747,2,"high_resolution_le_50pct",TRUE,TRUE
"CNA_event_000151","PARWNW","HOMDEL",151,"4",108119001,108167300,48300,3,3,"ENSE00003515141",108163568,108163701,108163568,108163701,134,1,TRUE,0.167919799498747,2,"high_resolution_le_50pct",TRUE,TRUE
"CNA_event_000152","PASILW","HOMDEL",152,"4",108141201,108167200,26000,2,2,"ENSE00003638064",108165097,108165163,108165097,108165163,67,1,TRUE,0.167919799498747,2,"high_resolution_le_50pct",TRUE,TRUE
"CNA_event_000152","PASILW","HOMDEL",152,"4",108141201,108167200,26000,3,3,"ENSE00003515141",108163568,108163701,108163568,108163701,134,1,TRUE,0.167919799498747,2,"high_resolution_le_50pct",TRUE,TRUE
"CNA_event_000153","PASKAD","HOMDEL",153,"4",108095301,108167300,72000,2,2,"ENSE00003638064",108165097,108165163,108165097,108165163,67,1,TRUE,0.167919799498747,2,"high_resolution_le_50pct",TRUE,TRUE
"CNA_event_000153","PASKAD","HOMDEL",153,"4",108095301,108167300,72000,3,3,"ENSE00003515141",108163568,108163701,108163568,108163701,134,1,TRUE,0.167919799498747,2,"high_resolution_le_50pct",TRUE,TRUE
"CNA_event_000154","PASKLU","HOMDEL",154,"4",108157501,108167300,9800,2,2,"ENSE00003638064",108165097,108165163,108165097,108165163,67,1,TRUE,0.167919799498747,2,"high_resolution_le_50pct",TRUE,TRUE
"CNA_event_000154","PASKLU","HOMDEL",154,"4",108157501,108167300,9800,3,3,"ENSE00003515141",108163568,108163701,108163568,108163701,134,1,TRUE,0.167919799498747,2,"high_resolution_le_50pct",TRUE,TRUE
"CNA_event_000155","PASKWG","HOMDEL",155,"4",108095101,108167300,72200,2,2,"ENSE00003638064",108165097,108165163,108165097,108165163,67,1,TRUE,0.167919799498747,2,"high_resolution_le_50pct",TRUE,TRUE
"CNA_event_000155","PASKWG","HOMDEL",155,"4",108095101,108167300,72200,3,3,"ENSE00003515141",108163568,108163701,108163568,108163701,134,1,TRUE,0.167919799498747,2,"high_resolution_le_50pct",TRUE,TRUE
"CNA_event_000156","PASRPV","HOMDEL",156,"4",108159301,108351500,192200,1,1,"ENSE00001136349",108167555,108167767,108167555,108167767,213,1,TRUE,0.345864661654135,3,"high_resolution_le_50pct",TRUE,TRUE
"CNA_event_000156","PASRPV","HOMDEL",156,"4",108159301,108351500,192200,2,2,"ENSE00003638064",108165097,108165163,108165097,108165163,67,1,TRUE,0.345864661654135,3,"high_resolution_le_50pct",TRUE,TRUE
"CNA_event_000156","PASRPV","HOMDEL",156,"4",108159301,108351500,192200,3,3,"ENSE00003515141",108163568,108163701,108163568,108163701,134,1,TRUE,0.345864661654135,3,"high_resolution_le_50pct",TRUE,TRUE
"CNA_event_000157","PASWYU","HOMDEL",157,"4",108141501,108167400,25900,2,2,"ENSE00003638064",108165097,108165163,108165097,108165163,67,1,TRUE,0.167919799498747,2,"high_resolution_le_50pct",TRUE,TRUE
"CNA_event_000157","PASWYU","HOMDEL",157,"4",108141501,108167400,25900,3,3,"ENSE00003515141",108163568,108163701,108163568,108163701,134,1,TRUE,0.167919799498747,2,"high_resolution_le_50pct",TRUE,TRUE
"CNA_event_000158","PASYWF","HOMDEL",158,"4",108119001,108167300,48300,2,2,"ENSE00003638064",108165097,108165163,108165097,108165163,67,1,TRUE,0.167919799498747,2,"high_resolution_le_50pct",TRUE,TRUE
"CNA_event_000158","PASYWF","HOMDEL",158,"4",108119001,108167300,48300,3,3,"ENSE00003515141",108163568,108163701,108163568,108163701,134,1,TRUE,0.167919799498747,2,"high_resolution_le_50pct",TRUE,TRUE
"CNA_event_000159","PATCTR","HOMDEL",159,"4",108160401,108168000,7600,1,1,"ENSE00001136349",108167555,108167767,108167555,108167767,213,1,TRUE,0.345864661654135,3,"high_resolution_le_50pct",TRUE,TRUE
"CNA_event_000159","PATCTR","HOMDEL",159,"4",108160401,108168000,7600,2,2,"ENSE00003638064",108165097,108165163,108165097,108165163,67,1,TRUE,0.345864661654135,3,"high_resolution_le_50pct",TRUE,TRUE
"CNA_event_000159","PATCTR","HOMDEL",159,"4",108160401,108168000,7600,3,3,"ENSE00003515141",108163568,108163701,108163568,108163701,134,1,TRUE,0.345864661654135,3,"high_resolution_le_50pct",TRUE,TRUE
"CNA_event_000160","PATGBY","HOMDEL",160,"4",108153601,108167300,13700,2,2,"ENSE00003638064",108165097,108165163,108165097,108165163,67,1,TRUE,0.167919799498747,2,"high_resolution_le_50pct",TRUE,TRUE
"CNA_event_000160","PATGBY","HOMDEL",160,"4",108153601,108167300,13700,3,3,"ENSE00003515141",108163568,108163701,108163568,108163701,134,1,TRUE,0.167919799498747,2,"high_resolution_le_50pct",TRUE,TRUE
"CNA_event_000161","PATJRX","HOMDEL",161,"4",108141401,108167300,25900,2,2,"ENSE00003638064",108165097,108165163,108165097,108165163,67,1,TRUE,0.167919799498747,2,"high_resolution_le_50pct",TRUE,TRUE
"CNA_event_000161","PATJRX","HOMDEL",161,"4",108141401,108167300,25900,3,3,"ENSE00003515141",108163568,108163701,108163568,108163701,134,1,TRUE,0.167919799498747,2,"high_resolution_le_50pct",TRUE,TRUE
"CNA_event_000162","PATKVD","HOMDEL",162,"4",108158301,108167300,9000,2,2,"ENSE00003638064",108165097,108165163,108165097,108165163,67,1,TRUE,0.167919799498747,2,"high_resolution_le_50pct",TRUE,TRUE
"CNA_event_000162","PATKVD","HOMDEL",162,"4",108158301,108167300,9000,3,3,"ENSE00003515141",108163568,108163701,108163568,108163701,134,1,TRUE,0.167919799498747,2,"high_resolution_le_50pct",TRUE,TRUE
"CNA_event_000163","PATYWV","HOMDEL",163,"4",108158301,108167300,9000,2,2,"ENSE00003638064",108165097,108165163,108165097,108165163,67,1,TRUE,0.167919799498747,2,"high_resolution_le_50pct",TRUE,TRUE
"CNA_event_000163","PATYWV","HOMDEL",163,"4",108158301,108167300,9000,3,3,"ENSE00003515141",108163568,108163701,108163568,108163701,134,1,TRUE,0.167919799498747,2,"high_resolution_le_50pct",TRUE,TRUE
"CNA_event_000164","PAUBTC","HOMDEL",164,"4",108141601,108167200,25600,2,2,"ENSE00003638064",108165097,108165163,108165097,108165163,67,1,TRUE,0.167919799498747,2,"high_resolution_le_50pct",TRUE,TRUE
"CNA_event_000164","PAUBTC","HOMDEL",164,"4",108141601,108167200,25600,3,3,"ENSE00003515141",108163568,108163701,108163568,108163701,134,1,TRUE,0.167919799498747,2,"high_resolution_le_50pct",TRUE,TRUE
"CNA_event_000165","PAUEUC","HOMDEL",165,"4",108160501,108167200,6700,2,2,"ENSE00003638064",108165097,108165163,108165097,108165163,67,1,TRUE,0.167919799498747,2,"high_resolution_le_50pct",TRUE,TRUE
"CNA_event_000165","PAUEUC","HOMDEL",165,"4",108160501,108167200,6700,3,3,"ENSE00003515141",108163568,108163701,108163568,108163701,134,1,TRUE,0.167919799498747,2,"high_resolution_le_50pct",TRUE,TRUE
"CNA_event_000166","PAUIEM","HOMDEL",166,"4",108142001,108167300,25300,2,2,"ENSE00003638064",108165097,108165163,108165097,108165163,67,1,TRUE,0.167919799498747,2,"high_resolution_le_50pct",TRUE,TRUE
"CNA_event_000166","PAUIEM","HOMDEL",166,"4",108142001,108167300,25300,3,3,"ENSE00003515141",108163568,108163701,108163568,108163701,134,1,TRUE,0.167919799498747,2,"high_resolution_le_50pct",TRUE,TRUE
"CNA_event_000167","PAULGX","HOMDEL",167,"4",108080801,108168200,87400,1,1,"ENSE00001136349",108167555,108167767,108167555,108167767,213,1,TRUE,0.603174603174603,6,"moderate_resolution_50_75pct",TRUE,TRUE
"CNA_event_000167","PAULGX","HOMDEL",167,"4",108080801,108168200,87400,2,2,"ENSE00003638064",108165097,108165163,108165097,108165163,67,1,TRUE,0.603174603174603,6,"moderate_resolution_50_75pct",TRUE,TRUE
"CNA_event_000167","PAULGX","HOMDEL",167,"4",108080801,108168200,87400,3,3,"ENSE00003515141",108163568,108163701,108163568,108163701,134,1,TRUE,0.603174603174603,6,"moderate_resolution_50_75pct",TRUE,TRUE
"CNA_event_000167","PAULGX","HOMDEL",167,"4",108080801,108168200,87400,4,4,"ENSE00003558404",108089125,108089257,108089125,108089257,133,1,TRUE,0.603174603174603,6,"moderate_resolution_50_75pct",TRUE,TRUE
"CNA_event_000167","PAULGX","HOMDEL",167,"4",108080801,108168200,87400,5,5,"ENSE00003663409",108083356,108083446,108083356,108083446,91,1,TRUE,0.603174603174603,6,"moderate_resolution_50_75pct",TRUE,TRUE
"CNA_event_000167","PAULGX","HOMDEL",167,"4",108080801,108168200,87400,6,6,"ENSE00003468993",108081586,108081669,108081586,108081669,84,1,TRUE,0.603174603174603,6,"moderate_resolution_50_75pct",TRUE,TRUE
"CNA_event_000168","PAUMIB","HOMDEL",168,"4",108149501,108169200,19700,1,1,"ENSE00001136349",108167555,108167767,108167555,108167767,213,1,TRUE,0.345864661654135,3,"high_resolution_le_50pct",TRUE,TRUE
"CNA_event_000168","PAUMIB","HOMDEL",168,"4",108149501,108169200,19700,2,2,"ENSE00003638064",108165097,108165163,108165097,108165163,67,1,TRUE,0.345864661654135,3,"high_resolution_le_50pct",TRUE,TRUE
"CNA_event_000168","PAUMIB","HOMDEL",168,"4",108149501,108169200,19700,3,3,"ENSE00003515141",108163568,108163701,108163568,108163701,134,1,TRUE,0.345864661654135,3,"high_resolution_le_50pct",TRUE,TRUE
"CNA_event_000169","PAUUBG","HOMDEL",169,"4",108141501,108167200,25700,2,2,"ENSE00003638064",108165097,108165163,108165097,108165163,67,1,TRUE,0.167919799498747,2,"high_resolution_le_50pct",TRUE,TRUE
"CNA_event_000169","PAUUBG","HOMDEL",169,"4",108141501,108167200,25700,3,3,"ENSE00003515141",108163568,108163701,108163568,108163701,134,1,TRUE,0.167919799498747,2,"high_resolution_le_50pct",TRUE,TRUE
"CNA_event_000170","PAVBFC","HOMDEL",170,"4",108158301,108167300,9000,2,2,"ENSE00003638064",108165097,108165163,108165097,108165163,67,1,TRUE,0.167919799498747,2,"high_resolution_le_50pct",TRUE,TRUE
"CNA_event_000170","PAVBFC","HOMDEL",170,"4",108158301,108167300,9000,3,3,"ENSE00003515141",108163568,108163701,108163568,108163701,134,1,TRUE,0.167919799498747,2,"high_resolution_le_50pct",TRUE,TRUE
"CNA_event_000171","PAVESF","HOMDEL",171,"4",108141501,108167300,25800,2,2,"ENSE00003638064",108165097,108165163,108165097,108165163,67,1,TRUE,0.167919799498747,2,"high_resolution_le_50pct",TRUE,TRUE
"CNA_event_000171","PAVESF","HOMDEL",171,"4",108141501,108167300,25800,3,3,"ENSE00003515141",108163568,108163701,108163568,108163701,134,1,TRUE,0.167919799498747,2,"high_resolution_le_50pct",TRUE,TRUE
"CNA_event_000172","PAVKCV","HOMDEL",172,"4",108141501,108167300,25800,2,2,"ENSE00003638064",108165097,108165163,108165097,108165163,67,1,TRUE,0.167919799498747,2,"high_resolution_le_50pct",TRUE,TRUE
"CNA_event_000172","PAVKCV","HOMDEL",172,"4",108141501,108167300,25800,3,3,"ENSE00003515141",108163568,108163701,108163568,108163701,134,1,TRUE,0.167919799498747,2,"high_resolution_le_50pct",TRUE,TRUE
"CNA_event_000173","PAVKWV","HOMDEL",173,"4",108141501,108167300,25800,2,2,"ENSE00003638064",108165097,108165163,108165097,108165163,67,1,TRUE,0.167919799498747,2,"high_resolution_le_50pct",TRUE,TRUE
"CNA_event_000173","PAVKWV","HOMDEL",173,"4",108141501,108167300,25800,3,3,"ENSE00003515141",108163568,108163701,108163568,108163701,134,1,TRUE,0.167919799498747,2,"high_resolution_le_50pct",TRUE,TRUE
"CNA_event_000174","PAVLMY","HOMDEL",174,"4",108141601,108167300,25700,2,2,"ENSE00003638064",108165097,108165163,108165097,108165163,67,1,TRUE,0.167919799498747,2,"high_resolution_le_50pct",TRUE,TRUE
"CNA_event_000174","PAVLMY","HOMDEL",174,"4",108141601,108167300,25700,3,3,"ENSE00003515141",108163568,108163701,108163568,108163701,134,1,TRUE,0.167919799498747,2,"high_resolution_le_50pct",TRUE,TRUE
"CNA_event_000175","PAVVBE","HOMDEL",175,"4",108070001,108167300,97300,2,2,"ENSE00003638064",108165097,108165163,108165097,108165163,67,1,TRUE,0.754385964912281,8,"low_resolution_75_90pct",TRUE,TRUE
"CNA_event_000175","PAVVBE","HOMDEL",175,"4",108070001,108167300,97300,3,3,"ENSE00003515141",108163568,108163701,108163568,108163701,134,1,TRUE,0.754385964912281,8,"low_resolution_75_90pct",TRUE,TRUE
"CNA_event_000175","PAVVBE","HOMDEL",175,"4",108070001,108167300,97300,4,4,"ENSE00003558404",108089125,108089257,108089125,108089257,133,1,TRUE,0.754385964912281,8,"low_resolution_75_90pct",TRUE,TRUE
"CNA_event_000175","PAVVBE","HOMDEL",175,"4",108070001,108167300,97300,5,5,"ENSE00003663409",108083356,108083446,108083356,108083446,91,1,TRUE,0.754385964912281,8,"low_resolution_75_90pct",TRUE,TRUE
"CNA_event_000175","PAVVBE","HOMDEL",175,"4",108070001,108167300,97300,6,6,"ENSE00003468993",108081586,108081669,108081586,108081669,84,1,TRUE,0.754385964912281,8,"low_resolution_75_90pct",TRUE,TRUE
"CNA_event_000175","PAVVBE","HOMDEL",175,"4",108070001,108167300,97300,7,7,"ENSE00003478404",108079492,108079614,108079492,108079614,123,1,TRUE,0.754385964912281,8,"low_resolution_75_90pct",TRUE,TRUE
"CNA_event_000175","PAVVBE","HOMDEL",175,"4",108070001,108167300,97300,8,8,"ENSE00003604670",108078220,108078382,108078220,108078382,163,1,TRUE,0.754385964912281,8,"low_resolution_75_90pct",TRUE,TRUE
"CNA_event_000175","PAVVBE","HOMDEL",175,"4",108070001,108167300,97300,9,9,"ENSE00003651348",108070663,108070770,108070663,108070770,108,1,TRUE,0.754385964912281,8,"low_resolution_75_90pct",TRUE,TRUE
"CNA_event_000176","PAVVDS","HOMDEL",176,"4",108095301,108167300,72000,2,2,"ENSE00003638064",108165097,108165163,108165097,108165163,67,1,TRUE,0.167919799498747,2,"high_resolution_le_50pct",TRUE,TRUE
"CNA_event_000176","PAVVDS","HOMDEL",176,"4",108095301,108167300,72000,3,3,"ENSE00003515141",108163568,108163701,108163568,108163701,134,1,TRUE,0.167919799498747,2,"high_resolution_le_50pct",TRUE,TRUE
"CNA_event_000177","PAVYAZ","HOMDEL",177,"4",108141601,108167300,25700,2,2,"ENSE00003638064",108165097,108165163,108165097,108165163,67,1,TRUE,0.167919799498747,2,"high_resolution_le_50pct",TRUE,TRUE
"CNA_event_000177","PAVYAZ","HOMDEL",177,"4",108141601,108167300,25700,3,3,"ENSE00003515141",108163568,108163701,108163568,108163701,134,1,TRUE,0.167919799498747,2,"high_resolution_le_50pct",TRUE,TRUE
"CNA_event_000178","PAVYGR","HOMDEL",178,"4",108149701,108167300,17600,2,2,"ENSE00003638064",108165097,108165163,108165097,108165163,67,1,TRUE,0.167919799498747,2,"high_resolution_le_50pct",TRUE,TRUE
"CNA_event_000178","PAVYGR","HOMDEL",178,"4",108149701,108167300,17600,3,3,"ENSE00003515141",108163568,108163701,108163568,108163701,134,1,TRUE,0.167919799498747,2,"high_resolution_le_50pct",TRUE,TRUE
"CNA_event_000179","PAWKAN","HOMDEL",179,"4",108095001,108167200,72200,2,2,"ENSE00003638064",108165097,108165163,108165097,108165163,67,1,TRUE,0.167919799498747,2,"high_resolution_le_50pct",TRUE,TRUE
"CNA_event_000179","PAWKAN","HOMDEL",179,"4",108095001,108167200,72200,3,3,"ENSE00003515141",108163568,108163701,108163568,108163701,134,1,TRUE,0.167919799498747,2,"high_resolution_le_50pct",TRUE,TRUE
