"event_id","subject_id","cna_type","exon_order","transcript_exon_rank","exon_id","coding_overlap_bp","exon_coding_fraction","exon_structurally_eligible","passes_exon_overlap"
"CNA_event_000001","PAUVPA","HOMDEL",1,1,"ENSE00001833804",150,1,TRUE,TRUE
"CNA_event_000001","PAUVPA","HOMDEL",2,2,"ENSE00003496053",307,1,TRUE,TRUE
"CNA_event_000001","PAUVPA","HOMDEL",3,3,"ENSE00003529527",11,1,TRUE,TRUE
"CNA_event_000003","PASRSP","HOMDEL",1,1,"ENSE00001833804",150,1,TRUE,TRUE
"CNA_event_000003","PASRSP","HOMDEL",2,2,"ENSE00003496053",307,1,TRUE,TRUE
"CNA_event_000003","PASRSP","HOMDEL",3,3,"ENSE00003529527",11,1,TRUE,TRUE
"CNA_event_000004","PAWLCA","HOMDEL",1,1,"ENSE00001833804",150,1,TRUE,TRUE
"CNA_event_000004","PAWLCA","HOMDEL",2,2,"ENSE00003496053",307,1,TRUE,TRUE
"CNA_event_000004","PAWLCA","HOMDEL",3,3,"ENSE00003529527",11,1,TRUE,TRUE
"CNA_event_000005","PAWKKY","HOMDEL",1,1,"ENSE00001833804",150,1,TRUE,TRUE
"CNA_event_000005","PAWKKY","HOMDEL",2,2,"ENSE00003496053",307,1,TRUE,TRUE
"CNA_event_000005","PAWKKY","HOMDEL",3,3,"ENSE00003529527",11,1,TRUE,TRUE
"CNA_event_000006","PAWKAN","HOMDEL",1,1,"ENSE00001833804",150,1,TRUE,TRUE
"CNA_event_000006","PAWKAN","HOMDEL",2,2,"ENSE00003496053",307,1,TRUE,TRUE
"CNA_event_000006","PAWKAN","HOMDEL",3,3,"ENSE00003529527",11,1,TRUE,TRUE
"CNA_event_000007","PAWJWT","HOMDEL",1,1,"ENSE00001833804",150,1,TRUE,TRUE
"CNA_event_000007","PAWJWT","HOMDEL",2,2,"ENSE00003496053",307,1,TRUE,TRUE
"CNA_event_000007","PAWJWT","HOMDEL",3,3,"ENSE00003529527",11,1,TRUE,TRUE
"CNA_event_000008","PAWJVB","HOMDEL",1,1,"ENSE00001833804",150,1,TRUE,TRUE
"CNA_event_000008","PAWJVB","HOMDEL",2,2,"ENSE00003496053",307,1,TRUE,TRUE
"CNA_event_000008","PAWJVB","HOMDEL",3,3,"ENSE00003529527",11,1,TRUE,TRUE
"CNA_event_000010","PAWJDA","HOMDEL",1,1,"ENSE00001833804",150,1,TRUE,TRUE
"CNA_event_000010","PAWJDA","HOMDEL",2,2,"ENSE00003496053",307,1,TRUE,TRUE
"CNA_event_000010","PAWJDA","HOMDEL",3,3,"ENSE00003529527",11,1,TRUE,TRUE
"CNA_event_000011","PAWIPA","HOMDEL",1,1,"ENSE00001833804",150,1,TRUE,TRUE
"CNA_event_000011","PAWIPA","HOMDEL",2,2,"ENSE00003496053",307,1,TRUE,TRUE
"CNA_event_000011","PAWIPA","HOMDEL",3,3,"ENSE00003529527",11,1,TRUE,TRUE
"CNA_event_000012","PAWIIZ","HOMDEL",1,1,"ENSE00001833804",150,1,TRUE,TRUE
"CNA_event_000012","PAWIIZ","HOMDEL",2,2,"ENSE00003496053",307,1,TRUE,TRUE
"CNA_event_000012","PAWIIZ","HOMDEL",3,3,"ENSE00003529527",11,1,TRUE,TRUE
"CNA_event_000013","PAWHMI","HOMDEL",1,1,"ENSE00001833804",150,1,TRUE,TRUE
"CNA_event_000013","PAWHMI","HOMDEL",2,2,"ENSE00003496053",307,1,TRUE,TRUE
"CNA_event_000013","PAWHMI","HOMDEL",3,3,"ENSE00003529527",11,1,TRUE,TRUE
"CNA_event_000014","PAWHHV","HOMDEL",1,1,"ENSE00001833804",150,1,TRUE,TRUE
"CNA_event_000014","PAWHHV","HOMDEL",2,2,"ENSE00003496053",307,1,TRUE,TRUE
"CNA_event_000014","PAWHHV","HOMDEL",3,3,"ENSE00003529527",11,1,TRUE,TRUE
"CNA_event_000015","PAWHEW","HOMDEL",1,1,"ENSE00001833804",150,1,TRUE,TRUE
"CNA_event_000015","PAWHEW","HOMDEL",2,2,"ENSE00003496053",307,1,TRUE,TRUE
"CNA_event_000015","PAWHEW","HOMDEL",3,3,"ENSE00003529527",11,1,TRUE,TRUE
"CNA_event_000016","PAWHDJ","HOMDEL",1,1,"ENSE00001833804",150,1,TRUE,TRUE
"CNA_event_000016","PAWHDJ","HOMDEL",2,2,"ENSE00003496053",307,1,TRUE,TRUE
"CNA_event_000016","PAWHDJ","HOMDEL",3,3,"ENSE00003529527",11,1,TRUE,TRUE
"CNA_event_000017","PAWGXW","HOMDEL",1,1,"ENSE00001833804",150,1,TRUE,TRUE
"CNA_event_000017","PAWGXW","HOMDEL",2,2,"ENSE00003496053",307,1,TRUE,TRUE
"CNA_event_000017","PAWGXW","HOMDEL",3,3,"ENSE00003529527",11,1,TRUE,TRUE
"CNA_event_000018","PAWGRS","HOMDEL",1,1,"ENSE00001833804",150,1,TRUE,TRUE
"CNA_event_000018","PAWGRS","HOMDEL",2,2,"ENSE00003496053",307,1,TRUE,TRUE
"CNA_event_000018","PAWGRS","HOMDEL",3,3,"ENSE00003529527",11,1,TRUE,TRUE
"CNA_event_000019","PAWGHS","HOMDEL",1,1,"ENSE00001833804",150,1,TRUE,TRUE
"CNA_event_000019","PAWGHS","HOMDEL",2,2,"ENSE00003496053",307,1,TRUE,TRUE
"CNA_event_000019","PAWGHS","HOMDEL",3,3,"ENSE00003529527",11,1,TRUE,TRUE
"CNA_event_000020","PAWFYE","HOMDEL",1,1,"ENSE00001833804",150,1,TRUE,TRUE
"CNA_event_000020","PAWFYE","HOMDEL",2,2,"ENSE00003496053",307,1,TRUE,TRUE
"CNA_event_000020","PAWFYE","HOMDEL",3,3,"ENSE00003529527",11,1,TRUE,TRUE
"CNA_event_000021","PAWFRE","HOMDEL",1,1,"ENSE00001833804",150,1,TRUE,TRUE
"CNA_event_000021","PAWFRE","HOMDEL",2,2,"ENSE00003496053",307,1,TRUE,TRUE
"CNA_event_000021","PAWFRE","HOMDEL",3,3,"ENSE00003529527",11,1,TRUE,TRUE
"CNA_event_000022","PAWFIM","HOMDEL",1,1,"ENSE00001833804",150,1,TRUE,TRUE
"CNA_event_000022","PAWFIM","HOMDEL",2,2,"ENSE00003496053",307,1,TRUE,TRUE
"CNA_event_000022","PAWFIM","HOMDEL",3,3,"ENSE00003529527",11,1,TRUE,TRUE
"CNA_event_000023","PAWAMR","HOMDEL",1,1,"ENSE00001833804",150,1,TRUE,TRUE
"CNA_event_000023","PAWAMR","HOMDEL",2,2,"ENSE00003496053",307,1,TRUE,TRUE
"CNA_event_000023","PAWAMR","HOMDEL",3,3,"ENSE00003529527",11,1,TRUE,TRUE
"CNA_event_000024","PAWAIH","HOMDEL",1,1,"ENSE00001833804",150,1,TRUE,TRUE
"CNA_event_000024","PAWAIH","HOMDEL",2,2,"ENSE00003496053",307,1,TRUE,TRUE
"CNA_event_000024","PAWAIH","HOMDEL",3,3,"ENSE00003529527",11,1,TRUE,TRUE
"CNA_event_000025","PAVZLS","HOMDEL",1,1,"ENSE00001833804",150,1,TRUE,TRUE
"CNA_event_000025","PAVZLS","HOMDEL",2,2,"ENSE00003496053",307,1,TRUE,TRUE
"CNA_event_000025","PAVZLS","HOMDEL",3,3,"ENSE00003529527",11,1,TRUE,TRUE
"CNA_event_000026","PAVZJI","HOMDEL",1,1,"ENSE00001833804",150,1,TRUE,TRUE
"CNA_event_000026","PAVZJI","HOMDEL",2,2,"ENSE00003496053",307,1,TRUE,TRUE
"CNA_event_000026","PAVZJI","HOMDEL",3,3,"ENSE00003529527",11,1,TRUE,TRUE
"CNA_event_000027","PAVZAV","HOMDEL",1,1,"ENSE00001833804",150,1,TRUE,TRUE
"CNA_event_000027","PAVZAV","HOMDEL",2,2,"ENSE00003496053",307,1,TRUE,TRUE
"CNA_event_000027","PAVZAV","HOMDEL",3,3,"ENSE00003529527",11,1,TRUE,TRUE
"CNA_event_000028","PAVXIP","HOMDEL",1,1,"ENSE00001833804",150,1,TRUE,TRUE
"CNA_event_000028","PAVXIP","HOMDEL",2,2,"ENSE00003496053",307,1,TRUE,TRUE
"CNA_event_000028","PAVXIP","HOMDEL",3,3,"ENSE00003529527",11,1,TRUE,TRUE
"CNA_event_000029","PAVXHH","HOMDEL",1,1,"ENSE00001833804",150,1,TRUE,TRUE
"CNA_event_000029","PAVXHH","HOMDEL",2,2,"ENSE00003496053",307,1,TRUE,TRUE
"CNA_event_000029","PAVXHH","HOMDEL",3,3,"ENSE00003529527",11,1,TRUE,TRUE
"CNA_event_000030","PAVWMM","HOMDEL",1,1,"ENSE00001833804",150,1,TRUE,TRUE
"CNA_event_000030","PAVWMM","HOMDEL",2,2,"ENSE00003496053",307,1,TRUE,TRUE
"CNA_event_000030","PAVWMM","HOMDEL",3,3,"ENSE00003529527",11,1,TRUE,TRUE
"CNA_event_000031","PAVVVK","HOMDEL",1,1,"ENSE00001833804",150,1,TRUE,TRUE
"CNA_event_000031","PAVVVK","HOMDEL",2,2,"ENSE00003496053",307,1,TRUE,TRUE
"CNA_event_000031","PAVVVK","HOMDEL",3,3,"ENSE00003529527",11,1,TRUE,TRUE
"CNA_event_000032","PAVVEI","HOMDEL",1,1,"ENSE00001833804",150,1,TRUE,TRUE
"CNA_event_000032","PAVVEI","HOMDEL",2,2,"ENSE00003496053",307,1,TRUE,TRUE
"CNA_event_000032","PAVVEI","HOMDEL",3,3,"ENSE00003529527",11,1,TRUE,TRUE
"CNA_event_000033","PAVUUF","HOMDEL",1,1,"ENSE00001833804",150,1,TRUE,TRUE
"CNA_event_000033","PAVUUF","HOMDEL",2,2,"ENSE00003496053",307,1,TRUE,TRUE
"CNA_event_000033","PAVUUF","HOMDEL",3,3,"ENSE00003529527",11,1,TRUE,TRUE
"CNA_event_000034","PAVUFU","HOMDEL",1,1,"ENSE00001833804",150,1,TRUE,TRUE
"CNA_event_000034","PAVUFU","HOMDEL",2,2,"ENSE00003496053",307,1,TRUE,TRUE
"CNA_event_000034","PAVUFU","HOMDEL",3,3,"ENSE00003529527",11,1,TRUE,TRUE
"CNA_event_000035","PAVSZJ","HOMDEL",1,1,"ENSE00001833804",150,1,TRUE,TRUE
"CNA_event_000036","PAVSXU","HOMDEL",1,1,"ENSE00001833804",150,1,TRUE,TRUE
"CNA_event_000036","PAVSXU","HOMDEL",2,2,"ENSE00003496053",307,1,TRUE,TRUE
"CNA_event_000036","PAVSXU","HOMDEL",3,3,"ENSE00003529527",11,1,TRUE,TRUE
"CNA_event_000037","PAVSMR","HOMDEL",1,1,"ENSE00001833804",150,1,TRUE,TRUE
"CNA_event_000037","PAVSMR","HOMDEL",2,2,"ENSE00003496053",307,1,TRUE,TRUE
"CNA_event_000037","PAVSMR","HOMDEL",3,3,"ENSE00003529527",11,1,TRUE,TRUE
"CNA_event_000038","PAVSHE","HOMDEL",1,1,"ENSE00001833804",150,1,TRUE,TRUE
"CNA_event_000038","PAVSHE","HOMDEL",2,2,"ENSE00003496053",307,1,TRUE,TRUE
"CNA_event_000038","PAVSHE","HOMDEL",3,3,"ENSE00003529527",11,1,TRUE,TRUE
"CNA_event_000039","PAVPYX","HOMDEL",1,1,"ENSE00001833804",150,1,TRUE,TRUE
"CNA_event_000039","PAVPYX","HOMDEL",2,2,"ENSE00003496053",307,1,TRUE,TRUE
"CNA_event_000039","PAVPYX","HOMDEL",3,3,"ENSE00003529527",11,1,TRUE,TRUE
"CNA_event_000040","PAVPLN","HOMDEL",1,1,"ENSE00001833804",150,1,TRUE,TRUE
"CNA_event_000040","PAVPLN","HOMDEL",2,2,"ENSE00003496053",307,1,TRUE,TRUE
"CNA_event_000040","PAVPLN","HOMDEL",3,3,"ENSE00003529527",11,1,TRUE,TRUE
"CNA_event_000041","PAVNWE","HOMDEL",1,1,"ENSE00001833804",150,1,TRUE,TRUE
"CNA_event_000041","PAVNWE","HOMDEL",2,2,"ENSE00003496053",307,1,TRUE,TRUE
"CNA_event_000041","PAVNWE","HOMDEL",3,3,"ENSE00003529527",11,1,TRUE,TRUE
"CNA_event_000042","PAVNUC","HOMDEL",1,1,"ENSE00001833804",150,1,TRUE,TRUE
"CNA_event_000042","PAVNUC","HOMDEL",2,2,"ENSE00003496053",307,1,TRUE,TRUE
"CNA_event_000042","PAVNUC","HOMDEL",3,3,"ENSE00003529527",11,1,TRUE,TRUE
"CNA_event_000043","PAVMNW","HOMDEL",1,1,"ENSE00001833804",150,1,TRUE,TRUE
"CNA_event_000043","PAVMNW","HOMDEL",2,2,"ENSE00003496053",307,1,TRUE,TRUE
"CNA_event_000043","PAVMNW","HOMDEL",3,3,"ENSE00003529527",11,1,TRUE,TRUE
"CNA_event_000044","PAVKVL","HOMDEL",1,1,"ENSE00001833804",150,1,TRUE,TRUE
"CNA_event_000044","PAVKVL","HOMDEL",2,2,"ENSE00003496053",307,1,TRUE,TRUE
"CNA_event_000044","PAVKVL","HOMDEL",3,3,"ENSE00003529527",11,1,TRUE,TRUE
"CNA_event_000045","PAVJNX","HOMDEL",1,1,"ENSE00001833804",150,1,TRUE,TRUE
"CNA_event_000045","PAVJNX","HOMDEL",2,2,"ENSE00003496053",307,1,TRUE,TRUE
"CNA_event_000045","PAVJNX","HOMDEL",3,3,"ENSE00003529527",11,1,TRUE,TRUE
"CNA_event_000046","PAVJLJ","HOMDEL",1,1,"ENSE00001833804",150,1,TRUE,TRUE
"CNA_event_000046","PAVJLJ","HOMDEL",2,2,"ENSE00003496053",307,1,TRUE,TRUE
"CNA_event_000046","PAVJLJ","HOMDEL",3,3,"ENSE00003529527",11,1,TRUE,TRUE
"CNA_event_000047","PAVFYD","HOMDEL",1,1,"ENSE00001833804",150,1,TRUE,TRUE
"CNA_event_000047","PAVFYD","HOMDEL",2,2,"ENSE00003496053",307,1,TRUE,TRUE
"CNA_event_000047","PAVFYD","HOMDEL",3,3,"ENSE00003529527",11,1,TRUE,TRUE
"CNA_event_000048","PAVFRT","HOMDEL",1,1,"ENSE00001833804",150,1,TRUE,TRUE
"CNA_event_000048","PAVFRT","HOMDEL",2,2,"ENSE00003496053",307,1,TRUE,TRUE
"CNA_event_000048","PAVFRT","HOMDEL",3,3,"ENSE00003529527",11,1,TRUE,TRUE
"CNA_event_000049","PAVFIU","HOMDEL",1,1,"ENSE00001833804",150,1,TRUE,TRUE
"CNA_event_000049","PAVFIU","HOMDEL",2,2,"ENSE00003496053",307,1,TRUE,TRUE
"CNA_event_000049","PAVFIU","HOMDEL",3,3,"ENSE00003529527",11,1,TRUE,TRUE
"CNA_event_000050","PAVFBV","HOMDEL",1,1,"ENSE00001833804",150,1,TRUE,TRUE
"CNA_event_000050","PAVFBV","HOMDEL",2,2,"ENSE00003496053",307,1,TRUE,TRUE
"CNA_event_000050","PAVFBV","HOMDEL",3,3,"ENSE00003529527",11,1,TRUE,TRUE
"CNA_event_000051","PAVFAK","HOMDEL",1,1,"ENSE00001833804",150,1,TRUE,TRUE
"CNA_event_000051","PAVFAK","HOMDEL",2,2,"ENSE00003496053",307,1,TRUE,TRUE
"CNA_event_000051","PAVFAK","HOMDEL",3,3,"ENSE00003529527",11,1,TRUE,TRUE
"CNA_event_000052","PAVDMR","HOMDEL",1,1,"ENSE00001833804",150,1,TRUE,TRUE
"CNA_event_000052","PAVDMR","HOMDEL",2,2,"ENSE00003496053",307,1,TRUE,TRUE
"CNA_event_000052","PAVDMR","HOMDEL",3,3,"ENSE00003529527",11,1,TRUE,TRUE
"CNA_event_000053","PAVDFB","HOMDEL",1,1,"ENSE00001833804",150,1,TRUE,TRUE
"CNA_event_000053","PAVDFB","HOMDEL",2,2,"ENSE00003496053",307,1,TRUE,TRUE
"CNA_event_000053","PAVDFB","HOMDEL",3,3,"ENSE00003529527",11,1,TRUE,TRUE
"CNA_event_000054","PAVCPX","HOMDEL",1,1,"ENSE00001833804",150,1,TRUE,TRUE
"CNA_event_000054","PAVCPX","HOMDEL",2,2,"ENSE00003496053",307,1,TRUE,TRUE
"CNA_event_000054","PAVCPX","HOMDEL",3,3,"ENSE00003529527",11,1,TRUE,TRUE
"CNA_event_000055","PAVCLF","HOMDEL",1,1,"ENSE00001833804",150,1,TRUE,TRUE
"CNA_event_000055","PAVCLF","HOMDEL",2,2,"ENSE00003496053",307,1,TRUE,TRUE
"CNA_event_000055","PAVCLF","HOMDEL",3,3,"ENSE00003529527",11,1,TRUE,TRUE
"CNA_event_000056","PAVCDF","HOMDEL",1,1,"ENSE00001833804",150,1,TRUE,TRUE
"CNA_event_000056","PAVCDF","HOMDEL",2,2,"ENSE00003496053",307,1,TRUE,TRUE
"CNA_event_000056","PAVCDF","HOMDEL",3,3,"ENSE00003529527",11,1,TRUE,TRUE
"CNA_event_000057","PAVCDB","HOMDEL",1,1,"ENSE00001833804",150,1,TRUE,TRUE
"CNA_event_000057","PAVCDB","HOMDEL",2,2,"ENSE00003496053",307,1,TRUE,TRUE
"CNA_event_000057","PAVCDB","HOMDEL",3,3,"ENSE00003529527",11,1,TRUE,TRUE
"CNA_event_000058","PAVBPR","HOMDEL",1,1,"ENSE00001833804",150,1,TRUE,TRUE
"CNA_event_000058","PAVBPR","HOMDEL",2,2,"ENSE00003496053",307,1,TRUE,TRUE
"CNA_event_000058","PAVBPR","HOMDEL",3,3,"ENSE00003529527",11,1,TRUE,TRUE
"CNA_event_000059","PAVBKZ","HOMDEL",1,1,"ENSE00001833804",150,1,TRUE,TRUE
"CNA_event_000059","PAVBKZ","HOMDEL",2,2,"ENSE00003496053",307,1,TRUE,TRUE
"CNA_event_000059","PAVBKZ","HOMDEL",3,3,"ENSE00003529527",11,1,TRUE,TRUE
"CNA_event_000060","PAVBEJ","HOMDEL",1,1,"ENSE00001833804",150,1,TRUE,TRUE
"CNA_event_000060","PAVBEJ","HOMDEL",2,2,"ENSE00003496053",307,1,TRUE,TRUE
"CNA_event_000060","PAVBEJ","HOMDEL",3,3,"ENSE00003529527",11,1,TRUE,TRUE
"CNA_event_000061","PAVAAC","HOMDEL",1,1,"ENSE00001833804",150,1,TRUE,TRUE
"CNA_event_000061","PAVAAC","HOMDEL",2,2,"ENSE00003496053",307,1,TRUE,TRUE
"CNA_event_000061","PAVAAC","HOMDEL",3,3,"ENSE00003529527",11,1,TRUE,TRUE
"CNA_event_000062","PAUYWL","HOMDEL",1,1,"ENSE00001833804",150,1,TRUE,TRUE
"CNA_event_000062","PAUYWL","HOMDEL",2,2,"ENSE00003496053",307,1,TRUE,TRUE
"CNA_event_000062","PAUYWL","HOMDEL",3,3,"ENSE00003529527",11,1,TRUE,TRUE
"CNA_event_000063","PAUWNU","HOMDEL",1,1,"ENSE00001833804",150,1,TRUE,TRUE
"CNA_event_000063","PAUWNU","HOMDEL",2,2,"ENSE00003496053",307,1,TRUE,TRUE
"CNA_event_000063","PAUWNU","HOMDEL",3,3,"ENSE00003529527",11,1,TRUE,TRUE
"CNA_event_000064","PAUVLV","HOMDEL",1,1,"ENSE00001833804",150,1,TRUE,TRUE
"CNA_event_000064","PAUVLV","HOMDEL",2,2,"ENSE00003496053",307,1,TRUE,TRUE
"CNA_event_000064","PAUVLV","HOMDEL",3,3,"ENSE00003529527",11,1,TRUE,TRUE
"CNA_event_000065","PAUTSB","HOMDEL",1,1,"ENSE00001833804",150,1,TRUE,TRUE
"CNA_event_000065","PAUTSB","HOMDEL",2,2,"ENSE00003496053",307,1,TRUE,TRUE
"CNA_event_000065","PAUTSB","HOMDEL",3,3,"ENSE00003529527",11,1,TRUE,TRUE
"CNA_event_000066","PAUTBM","HOMDEL",1,1,"ENSE00001833804",150,1,TRUE,TRUE
"CNA_event_000066","PAUTBM","HOMDEL",2,2,"ENSE00003496053",307,1,TRUE,TRUE
"CNA_event_000066","PAUTBM","HOMDEL",3,3,"ENSE00003529527",11,1,TRUE,TRUE
"CNA_event_000068","PAUPKL","HOMDEL",1,1,"ENSE00001833804",150,1,TRUE,TRUE
"CNA_event_000068","PAUPKL","HOMDEL",2,2,"ENSE00003496053",307,1,TRUE,TRUE
"CNA_event_000068","PAUPKL","HOMDEL",3,3,"ENSE00003529527",11,1,TRUE,TRUE
"CNA_event_000069","PAUPJB","HOMDEL",1,1,"ENSE00001833804",150,1,TRUE,TRUE
"CNA_event_000069","PAUPJB","HOMDEL",2,2,"ENSE00003496053",307,1,TRUE,TRUE
"CNA_event_000069","PAUPJB","HOMDEL",3,3,"ENSE00003529527",11,1,TRUE,TRUE
"CNA_event_000070","PAUMDM","HOMDEL",1,1,"ENSE00001833804",150,1,TRUE,TRUE
"CNA_event_000070","PAUMDM","HOMDEL",2,2,"ENSE00003496053",307,1,TRUE,TRUE
"CNA_event_000070","PAUMDM","HOMDEL",3,3,"ENSE00003529527",11,1,TRUE,TRUE
"CNA_event_000071","PAUKIZ","HOMDEL",1,1,"ENSE00001833804",150,1,TRUE,TRUE
"CNA_event_000071","PAUKIZ","HOMDEL",2,2,"ENSE00003496053",307,1,TRUE,TRUE
"CNA_event_000071","PAUKIZ","HOMDEL",3,3,"ENSE00003529527",11,1,TRUE,TRUE
"CNA_event_000072","PAUJVJ","HOMDEL",1,1,"ENSE00001833804",150,1,TRUE,TRUE
"CNA_event_000072","PAUJVJ","HOMDEL",2,2,"ENSE00003496053",307,1,TRUE,TRUE
"CNA_event_000072","PAUJVJ","HOMDEL",3,3,"ENSE00003529527",11,1,TRUE,TRUE
"CNA_event_000074","PAUJDD","HOMDEL",1,1,"ENSE00001833804",150,1,TRUE,TRUE
"CNA_event_000074","PAUJDD","HOMDEL",2,2,"ENSE00003496053",307,1,TRUE,TRUE
"CNA_event_000074","PAUJDD","HOMDEL",3,3,"ENSE00003529527",11,1,TRUE,TRUE
"CNA_event_000075","PAUIXW","HOMDEL",1,1,"ENSE00001833804",150,1,TRUE,TRUE
"CNA_event_000075","PAUIXW","HOMDEL",2,2,"ENSE00003496053",307,1,TRUE,TRUE
"CNA_event_000075","PAUIXW","HOMDEL",3,3,"ENSE00003529527",11,1,TRUE,TRUE
"CNA_event_000076","PAUIFR","HOMDEL",1,1,"ENSE00001833804",150,1,TRUE,TRUE
"CNA_event_000076","PAUIFR","HOMDEL",2,2,"ENSE00003496053",307,1,TRUE,TRUE
"CNA_event_000076","PAUIFR","HOMDEL",3,3,"ENSE00003529527",11,1,TRUE,TRUE
"CNA_event_000077","PAUEFT","HOMDEL",1,1,"ENSE00001833804",150,1,TRUE,TRUE
"CNA_event_000077","PAUEFT","HOMDEL",2,2,"ENSE00003496053",307,1,TRUE,TRUE
"CNA_event_000077","PAUEFT","HOMDEL",3,3,"ENSE00003529527",11,1,TRUE,TRUE
"CNA_event_000078","PAUBLL","HOMDEL",1,1,"ENSE00001833804",150,1,TRUE,TRUE
"CNA_event_000078","PAUBLL","HOMDEL",2,2,"ENSE00003496053",307,1,TRUE,TRUE
"CNA_event_000078","PAUBLL","HOMDEL",3,3,"ENSE00003529527",11,1,TRUE,TRUE
"CNA_event_000079","PAUACG","HOMDEL",1,1,"ENSE00001833804",150,1,TRUE,TRUE
"CNA_event_000079","PAUACG","HOMDEL",2,2,"ENSE00003496053",307,1,TRUE,TRUE
"CNA_event_000079","PAUACG","HOMDEL",3,3,"ENSE00003529527",11,1,TRUE,TRUE
"CNA_event_000080","PATZYE","HOMDEL",1,1,"ENSE00001833804",150,1,TRUE,TRUE
"CNA_event_000080","PATZYE","HOMDEL",2,2,"ENSE00003496053",307,1,TRUE,TRUE
"CNA_event_000080","PATZYE","HOMDEL",3,3,"ENSE00003529527",11,1,TRUE,TRUE
"CNA_event_000081","PATWJU","HOMDEL",1,1,"ENSE00001833804",150,1,TRUE,TRUE
"CNA_event_000081","PATWJU","HOMDEL",2,2,"ENSE00003496053",307,1,TRUE,TRUE
"CNA_event_000081","PATWJU","HOMDEL",3,3,"ENSE00003529527",11,1,TRUE,TRUE
"CNA_event_000082","PATWIJ","HOMDEL",1,1,"ENSE00001833804",150,1,TRUE,TRUE
"CNA_event_000082","PATWIJ","HOMDEL",2,2,"ENSE00003496053",307,1,TRUE,TRUE
"CNA_event_000082","PATWIJ","HOMDEL",3,3,"ENSE00003529527",11,1,TRUE,TRUE
"CNA_event_000083","PATVNY","HOMDEL",1,1,"ENSE00001833804",150,1,TRUE,TRUE
"CNA_event_000083","PATVNY","HOMDEL",2,2,"ENSE00003496053",307,1,TRUE,TRUE
"CNA_event_000083","PATVNY","HOMDEL",3,3,"ENSE00003529527",11,1,TRUE,TRUE
"CNA_event_000084","PATTXC","HOMDEL",1,1,"ENSE00001833804",150,1,TRUE,TRUE
"CNA_event_000084","PATTXC","HOMDEL",2,2,"ENSE00003496053",307,1,TRUE,TRUE
"CNA_event_000084","PATTXC","HOMDEL",3,3,"ENSE00003529527",11,1,TRUE,TRUE
"CNA_event_000085","PATTKX","HOMDEL",1,1,"ENSE00001833804",150,1,TRUE,TRUE
"CNA_event_000085","PATTKX","HOMDEL",2,2,"ENSE00003496053",307,1,TRUE,TRUE
"CNA_event_000085","PATTKX","HOMDEL",3,3,"ENSE00003529527",11,1,TRUE,TRUE
"CNA_event_000086","PATTHM","HOMDEL",1,1,"ENSE00001833804",150,1,TRUE,TRUE
"CNA_event_000086","PATTHM","HOMDEL",2,2,"ENSE00003496053",307,1,TRUE,TRUE
"CNA_event_000086","PATTHM","HOMDEL",3,3,"ENSE00003529527",11,1,TRUE,TRUE
"CNA_event_000087","PATSJM","HOMDEL",1,1,"ENSE00001833804",150,1,TRUE,TRUE
"CNA_event_000087","PATSJM","HOMDEL",2,2,"ENSE00003496053",307,1,TRUE,TRUE
"CNA_event_000087","PATSJM","HOMDEL",3,3,"ENSE00003529527",11,1,TRUE,TRUE
"CNA_event_000088","PATSHF","HOMDEL",1,1,"ENSE00001833804",150,1,TRUE,TRUE
"CNA_event_000088","PATSHF","HOMDEL",2,2,"ENSE00003496053",307,1,TRUE,TRUE
"CNA_event_000088","PATSHF","HOMDEL",3,3,"ENSE00003529527",11,1,TRUE,TRUE
"CNA_event_000089","PATSEZ","HOMDEL",1,1,"ENSE00001833804",150,1,TRUE,TRUE
"CNA_event_000089","PATSEZ","HOMDEL",2,2,"ENSE00003496053",307,1,TRUE,TRUE
"CNA_event_000089","PATSEZ","HOMDEL",3,3,"ENSE00003529527",11,1,TRUE,TRUE
"CNA_event_000091","PATRUN","HOMDEL",1,1,"ENSE00001833804",150,1,TRUE,TRUE
"CNA_event_000091","PATRUN","HOMDEL",2,2,"ENSE00003496053",307,1,TRUE,TRUE
"CNA_event_000091","PATRUN","HOMDEL",3,3,"ENSE00003529527",11,1,TRUE,TRUE
"CNA_event_000092","PATRTG","HOMDEL",1,1,"ENSE00001833804",150,1,TRUE,TRUE
"CNA_event_000092","PATRTG","HOMDEL",2,2,"ENSE00003496053",307,1,TRUE,TRUE
"CNA_event_000092","PATRTG","HOMDEL",3,3,"ENSE00003529527",11,1,TRUE,TRUE
"CNA_event_000093","PATRKV","HOMDEL",1,1,"ENSE00001833804",150,1,TRUE,TRUE
"CNA_event_000093","PATRKV","HOMDEL",2,2,"ENSE00003496053",307,1,TRUE,TRUE
"CNA_event_000093","PATRKV","HOMDEL",3,3,"ENSE00003529527",11,1,TRUE,TRUE
"CNA_event_000094","PATRDL","HOMDEL",1,1,"ENSE00001833804",150,1,TRUE,TRUE
"CNA_event_000094","PATRDL","HOMDEL",2,2,"ENSE00003496053",307,1,TRUE,TRUE
"CNA_event_000094","PATRDL","HOMDEL",3,3,"ENSE00003529527",11,1,TRUE,TRUE
"CNA_event_000095","PATPXS","HOMDEL",1,1,"ENSE00001833804",150,1,TRUE,TRUE
"CNA_event_000095","PATPXS","HOMDEL",2,2,"ENSE00003496053",307,1,TRUE,TRUE
"CNA_event_000095","PATPXS","HOMDEL",3,3,"ENSE00003529527",11,1,TRUE,TRUE
"CNA_event_000096","PATLGU","HOMDEL",1,1,"ENSE00001833804",150,1,TRUE,TRUE
"CNA_event_000096","PATLGU","HOMDEL",2,2,"ENSE00003496053",307,1,TRUE,TRUE
"CNA_event_000096","PATLGU","HOMDEL",3,3,"ENSE00003529527",11,1,TRUE,TRUE
"CNA_event_000097","PATKTY","HOMDEL",1,1,"ENSE00001833804",150,1,TRUE,TRUE
"CNA_event_000097","PATKTY","HOMDEL",2,2,"ENSE00003496053",307,1,TRUE,TRUE
"CNA_event_000097","PATKTY","HOMDEL",3,3,"ENSE00003529527",11,1,TRUE,TRUE
"CNA_event_000098","PATKRF","HOMDEL",1,1,"ENSE00001833804",150,1,TRUE,TRUE
"CNA_event_000098","PATKRF","HOMDEL",2,2,"ENSE00003496053",307,1,TRUE,TRUE
"CNA_event_000098","PATKRF","HOMDEL",3,3,"ENSE00003529527",11,1,TRUE,TRUE
"CNA_event_000099","PATKGP","HOMDEL",1,1,"ENSE00001833804",150,1,TRUE,TRUE
"CNA_event_000099","PATKGP","HOMDEL",2,2,"ENSE00003496053",307,1,TRUE,TRUE
"CNA_event_000099","PATKGP","HOMDEL",3,3,"ENSE00003529527",11,1,TRUE,TRUE
"CNA_event_000100","PATJKF","HOMDEL",1,1,"ENSE00001833804",150,1,TRUE,TRUE
"CNA_event_000100","PATJKF","HOMDEL",2,2,"ENSE00003496053",307,1,TRUE,TRUE
"CNA_event_000100","PATJKF","HOMDEL",3,3,"ENSE00003529527",11,1,TRUE,TRUE
"CNA_event_000101","PATJJW","HOMDEL",1,1,"ENSE00001833804",150,1,TRUE,TRUE
"CNA_event_000101","PATJJW","HOMDEL",2,2,"ENSE00003496053",307,1,TRUE,TRUE
"CNA_event_000101","PATJJW","HOMDEL",3,3,"ENSE00003529527",11,1,TRUE,TRUE
"CNA_event_000102","PATJBC","HOMDEL",1,1,"ENSE00001833804",150,1,TRUE,TRUE
"CNA_event_000102","PATJBC","HOMDEL",2,2,"ENSE00003496053",307,1,TRUE,TRUE
"CNA_event_000103","PATISS","HOMDEL",1,1,"ENSE00001833804",150,1,TRUE,TRUE
"CNA_event_000103","PATISS","HOMDEL",2,2,"ENSE00003496053",307,1,TRUE,TRUE
"CNA_event_000103","PATISS","HOMDEL",3,3,"ENSE00003529527",11,1,TRUE,TRUE
"CNA_event_000104","PATHWV","HOMDEL",1,1,"ENSE00001833804",150,1,TRUE,TRUE
"CNA_event_000104","PATHWV","HOMDEL",2,2,"ENSE00003496053",307,1,TRUE,TRUE
"CNA_event_000104","PATHWV","HOMDEL",3,3,"ENSE00003529527",11,1,TRUE,TRUE
"CNA_event_000105","PATHNN","HOMDEL",1,1,"ENSE00001833804",150,1,TRUE,TRUE
"CNA_event_000105","PATHNN","HOMDEL",2,2,"ENSE00003496053",307,1,TRUE,TRUE
"CNA_event_000105","PATHNN","HOMDEL",3,3,"ENSE00003529527",11,1,TRUE,TRUE
"CNA_event_000106","PATGMS","HOMDEL",1,1,"ENSE00001833804",150,1,TRUE,TRUE
"CNA_event_000106","PATGMS","HOMDEL",2,2,"ENSE00003496053",307,1,TRUE,TRUE
"CNA_event_000106","PATGMS","HOMDEL",3,3,"ENSE00003529527",11,1,TRUE,TRUE
"CNA_event_000107","PATGLV","HOMDEL",1,1,"ENSE00001833804",150,1,TRUE,TRUE
"CNA_event_000107","PATGLV","HOMDEL",2,2,"ENSE00003496053",307,1,TRUE,TRUE
"CNA_event_000107","PATGLV","HOMDEL",3,3,"ENSE00003529527",11,1,TRUE,TRUE
"CNA_event_000108","PATEVG","HOMDEL",1,1,"ENSE00001833804",150,1,TRUE,TRUE
"CNA_event_000108","PATEVG","HOMDEL",2,2,"ENSE00003496053",307,1,TRUE,TRUE
"CNA_event_000108","PATEVG","HOMDEL",3,3,"ENSE00003529527",11,1,TRUE,TRUE
"CNA_event_000109","PATELJ","HOMDEL",1,1,"ENSE00001833804",150,1,TRUE,TRUE
"CNA_event_000109","PATELJ","HOMDEL",2,2,"ENSE00003496053",307,1,TRUE,TRUE
"CNA_event_000109","PATELJ","HOMDEL",3,3,"ENSE00003529527",11,1,TRUE,TRUE
"CNA_event_000110","PATDMN","HOMDEL",1,1,"ENSE00001833804",150,1,TRUE,TRUE
"CNA_event_000110","PATDMN","HOMDEL",2,2,"ENSE00003496053",307,1,TRUE,TRUE
"CNA_event_000110","PATDMN","HOMDEL",3,3,"ENSE00003529527",11,1,TRUE,TRUE
"CNA_event_000111","PATCGN","HOMDEL",1,1,"ENSE00001833804",150,1,TRUE,TRUE
"CNA_event_000111","PATCGN","HOMDEL",2,2,"ENSE00003496053",307,1,TRUE,TRUE
"CNA_event_000111","PATCGN","HOMDEL",3,3,"ENSE00003529527",11,1,TRUE,TRUE
"CNA_event_000112","PATCDZ","HOMDEL",1,1,"ENSE00001833804",150,1,TRUE,TRUE
"CNA_event_000112","PATCDZ","HOMDEL",2,2,"ENSE00003496053",307,1,TRUE,TRUE
"CNA_event_000112","PATCDZ","HOMDEL",3,3,"ENSE00003529527",11,1,TRUE,TRUE
"CNA_event_000113","PATAUZ","HOMDEL",1,1,"ENSE00001833804",150,1,TRUE,TRUE
"CNA_event_000113","PATAUZ","HOMDEL",2,2,"ENSE00003496053",307,1,TRUE,TRUE
"CNA_event_000113","PATAUZ","HOMDEL",3,3,"ENSE00003529527",11,1,TRUE,TRUE
"CNA_event_000114","PATADU","HOMDEL",1,1,"ENSE00001833804",150,1,TRUE,TRUE
"CNA_event_000114","PATADU","HOMDEL",2,2,"ENSE00003496053",307,1,TRUE,TRUE
"CNA_event_000114","PATADU","HOMDEL",3,3,"ENSE00003529527",11,1,TRUE,TRUE
"CNA_event_000115","PASZIY","HOMDEL",1,1,"ENSE00001833804",150,1,TRUE,TRUE
"CNA_event_000115","PASZIY","HOMDEL",2,2,"ENSE00003496053",307,1,TRUE,TRUE
"CNA_event_000115","PASZIY","HOMDEL",3,3,"ENSE00003529527",11,1,TRUE,TRUE
"CNA_event_000116","PASYKT","HOMDEL",1,1,"ENSE00001833804",150,1,TRUE,TRUE
"CNA_event_000116","PASYKT","HOMDEL",2,2,"ENSE00003496053",307,1,TRUE,TRUE
"CNA_event_000116","PASYKT","HOMDEL",3,3,"ENSE00003529527",11,1,TRUE,TRUE
"CNA_event_000117","PASYIS","HOMDEL",1,1,"ENSE00001833804",150,1,TRUE,TRUE
"CNA_event_000117","PASYIS","HOMDEL",2,2,"ENSE00003496053",307,1,TRUE,TRUE
"CNA_event_000117","PASYIS","HOMDEL",3,3,"ENSE00003529527",11,1,TRUE,TRUE
"CNA_event_000118","PASXVR","HOMDEL",1,1,"ENSE00001833804",150,1,TRUE,TRUE
"CNA_event_000118","PASXVR","HOMDEL",2,2,"ENSE00003496053",307,1,TRUE,TRUE
"CNA_event_000118","PASXVR","HOMDEL",3,3,"ENSE00003529527",11,1,TRUE,TRUE
"CNA_event_000119","PASXPD","HOMDEL",1,1,"ENSE00001833804",150,1,TRUE,TRUE
"CNA_event_000119","PASXPD","HOMDEL",2,2,"ENSE00003496053",307,1,TRUE,TRUE
"CNA_event_000119","PASXPD","HOMDEL",3,3,"ENSE00003529527",11,1,TRUE,TRUE
"CNA_event_000121","PASWWR","HOMDEL",1,1,"ENSE00001833804",150,1,TRUE,TRUE
"CNA_event_000121","PASWWR","HOMDEL",2,2,"ENSE00003496053",307,1,TRUE,TRUE
"CNA_event_000121","PASWWR","HOMDEL",3,3,"ENSE00003529527",11,1,TRUE,TRUE
"CNA_event_000122","PASWBV","HOMDEL",1,1,"ENSE00001833804",150,1,TRUE,TRUE
"CNA_event_000122","PASWBV","HOMDEL",2,2,"ENSE00003496053",307,1,TRUE,TRUE
"CNA_event_000122","PASWBV","HOMDEL",3,3,"ENSE00003529527",11,1,TRUE,TRUE
"CNA_event_000123","PASUGC","HOMDEL",1,1,"ENSE00001833804",150,1,TRUE,TRUE
"CNA_event_000123","PASUGC","HOMDEL",2,2,"ENSE00003496053",307,1,TRUE,TRUE
"CNA_event_000123","PASUGC","HOMDEL",3,3,"ENSE00003529527",11,1,TRUE,TRUE
"CNA_event_000124","PASUDN","HOMDEL",1,1,"ENSE00001833804",150,1,TRUE,TRUE
"CNA_event_000124","PASUDN","HOMDEL",2,2,"ENSE00003496053",307,1,TRUE,TRUE
"CNA_event_000124","PASUDN","HOMDEL",3,3,"ENSE00003529527",11,1,TRUE,TRUE
"CNA_event_000125","PASTZP","HOMDEL",1,1,"ENSE00001833804",150,1,TRUE,TRUE
"CNA_event_000125","PASTZP","HOMDEL",2,2,"ENSE00003496053",307,1,TRUE,TRUE
"CNA_event_000125","PASTZP","HOMDEL",3,3,"ENSE00003529527",11,1,TRUE,TRUE
"CNA_event_000126","PASTPT","HOMDEL",1,1,"ENSE00001833804",150,1,TRUE,TRUE
"CNA_event_000126","PASTPT","HOMDEL",2,2,"ENSE00003496053",307,1,TRUE,TRUE
"CNA_event_000126","PASTPT","HOMDEL",3,3,"ENSE00003529527",11,1,TRUE,TRUE
"CNA_event_000127","PASTHE","HOMDEL",1,1,"ENSE00001833804",150,1,TRUE,TRUE
"CNA_event_000127","PASTHE","HOMDEL",2,2,"ENSE00003496053",307,1,TRUE,TRUE
"CNA_event_000127","PASTHE","HOMDEL",3,3,"ENSE00003529527",11,1,TRUE,TRUE
"CNA_event_000128","PASTDU","HOMDEL",1,1,"ENSE00001833804",150,1,TRUE,TRUE
"CNA_event_000128","PASTDU","HOMDEL",2,2,"ENSE00003496053",307,1,TRUE,TRUE
"CNA_event_000128","PASTDU","HOMDEL",3,3,"ENSE00003529527",11,1,TRUE,TRUE
"CNA_event_000129","PASRTM","HOMDEL",1,1,"ENSE00001833804",150,1,TRUE,TRUE
"CNA_event_000129","PASRTM","HOMDEL",2,2,"ENSE00003496053",307,1,TRUE,TRUE
"CNA_event_000129","PASRTM","HOMDEL",3,3,"ENSE00003529527",11,1,TRUE,TRUE
"CNA_event_000130","PASNNJ","HOMDEL",1,1,"ENSE00001833804",150,1,TRUE,TRUE
"CNA_event_000130","PASNNJ","HOMDEL",2,2,"ENSE00003496053",307,1,TRUE,TRUE
"CNA_event_000130","PASNNJ","HOMDEL",3,3,"ENSE00003529527",11,1,TRUE,TRUE
"CNA_event_000131","PASLFT","HOMDEL",1,1,"ENSE00001833804",150,1,TRUE,TRUE
"CNA_event_000131","PASLFT","HOMDEL",2,2,"ENSE00003496053",307,1,TRUE,TRUE
"CNA_event_000131","PASLFT","HOMDEL",3,3,"ENSE00003529527",11,1,TRUE,TRUE
"CNA_event_000132","PASLBB","HOMDEL",1,1,"ENSE00001833804",150,1,TRUE,TRUE
"CNA_event_000132","PASLBB","HOMDEL",2,2,"ENSE00003496053",307,1,TRUE,TRUE
"CNA_event_000132","PASLBB","HOMDEL",3,3,"ENSE00003529527",11,1,TRUE,TRUE
"CNA_event_000133","PASKWG","HOMDEL",1,1,"ENSE00001833804",150,1,TRUE,TRUE
"CNA_event_000135","PASJLN","HOMDEL",1,1,"ENSE00001833804",150,1,TRUE,TRUE
"CNA_event_000135","PASJLN","HOMDEL",2,2,"ENSE00003496053",307,1,TRUE,TRUE
"CNA_event_000135","PASJLN","HOMDEL",3,3,"ENSE00003529527",11,1,TRUE,TRUE
"CNA_event_000136","PASJJR","HOMDEL",1,1,"ENSE00001833804",150,1,TRUE,TRUE
"CNA_event_000136","PASJJR","HOMDEL",2,2,"ENSE00003496053",307,1,TRUE,TRUE
"CNA_event_000136","PASJJR","HOMDEL",3,3,"ENSE00003529527",11,1,TRUE,TRUE
"CNA_event_000137","PASJFJ","HOMDEL",1,1,"ENSE00001833804",150,1,TRUE,TRUE
"CNA_event_000137","PASJFJ","HOMDEL",2,2,"ENSE00003496053",307,1,TRUE,TRUE
"CNA_event_000137","PASJFJ","HOMDEL",3,3,"ENSE00003529527",11,1,TRUE,TRUE
"CNA_event_000138","PASIIY","HOMDEL",1,1,"ENSE00001833804",150,1,TRUE,TRUE
"CNA_event_000138","PASIIY","HOMDEL",2,2,"ENSE00003496053",307,1,TRUE,TRUE
"CNA_event_000138","PASIIY","HOMDEL",3,3,"ENSE00003529527",11,1,TRUE,TRUE
"CNA_event_000139","PASIIF","HOMDEL",1,1,"ENSE00001833804",150,1,TRUE,TRUE
"CNA_event_000139","PASIIF","HOMDEL",2,2,"ENSE00003496053",307,1,TRUE,TRUE
"CNA_event_000139","PASIIF","HOMDEL",3,3,"ENSE00003529527",11,1,TRUE,TRUE
"CNA_event_000140","PASHNK","HOMDEL",1,1,"ENSE00001833804",150,1,TRUE,TRUE
"CNA_event_000140","PASHNK","HOMDEL",2,2,"ENSE00003496053",307,1,TRUE,TRUE
"CNA_event_000140","PASHNK","HOMDEL",3,3,"ENSE00003529527",11,1,TRUE,TRUE
"CNA_event_000141","PARYMD","HOMDEL",1,1,"ENSE00001833804",150,1,TRUE,TRUE
"CNA_event_000141","PARYMD","HOMDEL",2,2,"ENSE00003496053",307,1,TRUE,TRUE
"CNA_event_000141","PARYMD","HOMDEL",3,3,"ENSE00003529527",11,1,TRUE,TRUE
"CNA_event_000142","PARXTW","HOMDEL",1,1,"ENSE00001833804",150,1,TRUE,TRUE
"CNA_event_000142","PARXTW","HOMDEL",2,2,"ENSE00003496053",307,1,TRUE,TRUE
"CNA_event_000142","PARXTW","HOMDEL",3,3,"ENSE00003529527",11,1,TRUE,TRUE
"CNA_event_000143","PARVRF","HOMDEL",1,1,"ENSE00001833804",150,1,TRUE,TRUE
"CNA_event_000143","PARVRF","HOMDEL",2,2,"ENSE00003496053",307,1,TRUE,TRUE
"CNA_event_000143","PARVRF","HOMDEL",3,3,"ENSE00003529527",11,1,TRUE,TRUE
"CNA_event_000144","PARULB","HOMDEL",1,1,"ENSE00001833804",150,1,TRUE,TRUE
"CNA_event_000144","PARULB","HOMDEL",2,2,"ENSE00003496053",307,1,TRUE,TRUE
"CNA_event_000144","PARULB","HOMDEL",3,3,"ENSE00003529527",11,1,TRUE,TRUE
"CNA_event_000145","PARUEU","HOMDEL",1,1,"ENSE00001833804",150,1,TRUE,TRUE
"CNA_event_000145","PARUEU","HOMDEL",2,2,"ENSE00003496053",307,1,TRUE,TRUE
"CNA_event_000145","PARUEU","HOMDEL",3,3,"ENSE00003529527",11,1,TRUE,TRUE
"CNA_event_000146","PARTPW","HOMDEL",1,1,"ENSE00001833804",150,1,TRUE,TRUE
"CNA_event_000146","PARTPW","HOMDEL",2,2,"ENSE00003496053",307,1,TRUE,TRUE
"CNA_event_000146","PARTPW","HOMDEL",3,3,"ENSE00003529527",11,1,TRUE,TRUE
"CNA_event_000147","PARPYJ","HOMDEL",1,1,"ENSE00001833804",150,1,TRUE,TRUE
"CNA_event_000147","PARPYJ","HOMDEL",2,2,"ENSE00003496053",307,1,TRUE,TRUE
"CNA_event_000147","PARPYJ","HOMDEL",3,3,"ENSE00003529527",11,1,TRUE,TRUE
"CNA_event_000148","PARNEH","HOMDEL",1,1,"ENSE00001833804",150,1,TRUE,TRUE
"CNA_event_000148","PARNEH","HOMDEL",2,2,"ENSE00003496053",307,1,TRUE,TRUE
"CNA_event_000148","PARNEH","HOMDEL",3,3,"ENSE00003529527",11,1,TRUE,TRUE
"CNA_event_000149","PARMNL","HOMDEL",1,1,"ENSE00001833804",150,1,TRUE,TRUE
"CNA_event_000149","PARMNL","HOMDEL",2,2,"ENSE00003496053",307,1,TRUE,TRUE
"CNA_event_000149","PARMNL","HOMDEL",3,3,"ENSE00003529527",11,1,TRUE,TRUE
"CNA_event_000150","PARMGT","HOMDEL",1,1,"ENSE00001833804",150,1,TRUE,TRUE
"CNA_event_000150","PARMGT","HOMDEL",2,2,"ENSE00003496053",307,1,TRUE,TRUE
"CNA_event_000150","PARMGT","HOMDEL",3,3,"ENSE00003529527",11,1,TRUE,TRUE
"CNA_event_000151","PARLMX","HOMDEL",1,1,"ENSE00001833804",150,1,TRUE,TRUE
"CNA_event_000151","PARLMX","HOMDEL",2,2,"ENSE00003496053",307,1,TRUE,TRUE
"CNA_event_000151","PARLMX","HOMDEL",3,3,"ENSE00003529527",11,1,TRUE,TRUE
"CNA_event_000152","PARLLD","HOMDEL",1,1,"ENSE00001833804",150,1,TRUE,TRUE
"CNA_event_000152","PARLLD","HOMDEL",2,2,"ENSE00003496053",307,1,TRUE,TRUE
"CNA_event_000152","PARLLD","HOMDEL",3,3,"ENSE00003529527",11,1,TRUE,TRUE
"CNA_event_000153","PARLJA","HOMDEL",1,1,"ENSE00001833804",150,1,TRUE,TRUE
"CNA_event_000153","PARLJA","HOMDEL",2,2,"ENSE00003496053",307,1,TRUE,TRUE
"CNA_event_000153","PARLJA","HOMDEL",3,3,"ENSE00003529527",11,1,TRUE,TRUE
"CNA_event_000154","PARJPB","HOMDEL",1,1,"ENSE00001833804",150,1,TRUE,TRUE
"CNA_event_000154","PARJPB","HOMDEL",2,2,"ENSE00003496053",307,1,TRUE,TRUE
"CNA_event_000154","PARJPB","HOMDEL",3,3,"ENSE00003529527",11,1,TRUE,TRUE
"CNA_event_000155","PARIYD","HOMDEL",1,1,"ENSE00001833804",150,1,TRUE,TRUE
"CNA_event_000156","PARIET","HOMDEL",1,1,"ENSE00001833804",150,1,TRUE,TRUE
"CNA_event_000156","PARIET","HOMDEL",2,2,"ENSE00003496053",307,1,TRUE,TRUE
"CNA_event_000156","PARIET","HOMDEL",3,3,"ENSE00003529527",11,1,TRUE,TRUE
"CNA_event_000157","PARHPU","HOMDEL",1,1,"ENSE00001833804",150,1,TRUE,TRUE
"CNA_event_000158","PARHLS","HOMDEL",1,1,"ENSE00001833804",150,1,TRUE,TRUE
"CNA_event_000158","PARHLS","HOMDEL",2,2,"ENSE00003496053",307,1,TRUE,TRUE
"CNA_event_000158","PARHLS","HOMDEL",3,3,"ENSE00003529527",11,1,TRUE,TRUE
"CNA_event_000159","PARHES","HOMDEL",1,1,"ENSE00001833804",150,1,TRUE,TRUE
"CNA_event_000159","PARHES","HOMDEL",2,2,"ENSE00003496053",307,1,TRUE,TRUE
"CNA_event_000159","PARHES","HOMDEL",3,3,"ENSE00003529527",11,1,TRUE,TRUE
"CNA_event_000160","PARGFL","HOMDEL",1,1,"ENSE00001833804",150,1,TRUE,TRUE
"CNA_event_000160","PARGFL","HOMDEL",2,2,"ENSE00003496053",307,1,TRUE,TRUE
"CNA_event_000160","PARGFL","HOMDEL",3,3,"ENSE00003529527",11,1,TRUE,TRUE
"CNA_event_000161","PAWLPU","HOMDEL",1,1,"ENSE00001833804",150,1,TRUE,TRUE
"CNA_event_000161","PAWLPU","HOMDEL",2,2,"ENSE00003496053",307,1,TRUE,TRUE
"CNA_event_000161","PAWLPU","HOMDEL",3,3,"ENSE00003529527",11,1,TRUE,TRUE
"CNA_event_000162","PAWLGM","HOMDEL",1,1,"ENSE00001833804",150,1,TRUE,TRUE
"CNA_event_000162","PAWLGM","HOMDEL",2,2,"ENSE00003496053",307,1,TRUE,TRUE
"CNA_event_000162","PAWLGM","HOMDEL",3,3,"ENSE00003529527",11,1,TRUE,TRUE
"CNA_event_000163","PAWKUU","HOMDEL",1,1,"ENSE00001833804",150,1,TRUE,TRUE
"CNA_event_000163","PAWKUU","HOMDEL",2,2,"ENSE00003496053",307,1,TRUE,TRUE
"CNA_event_000163","PAWKUU","HOMDEL",3,3,"ENSE00003529527",11,1,TRUE,TRUE
"CNA_event_000164","PAWKAP","HOMDEL",1,1,"ENSE00001833804",150,1,TRUE,TRUE
"CNA_event_000164","PAWKAP","HOMDEL",2,2,"ENSE00003496053",307,1,TRUE,TRUE
"CNA_event_000164","PAWKAP","HOMDEL",3,3,"ENSE00003529527",11,1,TRUE,TRUE
"CNA_event_000165","PAWILT","HOMDEL",1,1,"ENSE00001833804",150,1,TRUE,TRUE
"CNA_event_000165","PAWILT","HOMDEL",2,2,"ENSE00003496053",307,1,TRUE,TRUE
"CNA_event_000165","PAWILT","HOMDEL",3,3,"ENSE00003529527",11,1,TRUE,TRUE
"CNA_event_000166","PAWHGU","HOMDEL",1,1,"ENSE00001833804",150,1,TRUE,TRUE
"CNA_event_000166","PAWHGU","HOMDEL",2,2,"ENSE00003496053",307,1,TRUE,TRUE
"CNA_event_000166","PAWHGU","HOMDEL",3,3,"ENSE00003529527",11,1,TRUE,TRUE
"CNA_event_000167","PAWGXT","HOMDEL",1,1,"ENSE00001833804",150,1,TRUE,TRUE
"CNA_event_000167","PAWGXT","HOMDEL",2,2,"ENSE00003496053",307,1,TRUE,TRUE
"CNA_event_000167","PAWGXT","HOMDEL",3,3,"ENSE00003529527",11,1,TRUE,TRUE
"CNA_event_000168","PAWGXI","HOMDEL",1,1,"ENSE00001833804",150,1,TRUE,TRUE
"CNA_event_000168","PAWGXI","HOMDEL",2,2,"ENSE00003496053",307,1,TRUE,TRUE
"CNA_event_000168","PAWGXI","HOMDEL",3,3,"ENSE00003529527",11,1,TRUE,TRUE
"CNA_event_000169","PAWEND","HOMDEL",1,1,"ENSE00001833804",150,1,TRUE,TRUE
"CNA_event_000169","PAWEND","HOMDEL",2,2,"ENSE00003496053",307,1,TRUE,TRUE
"CNA_event_000169","PAWEND","HOMDEL",3,3,"ENSE00003529527",11,1,TRUE,TRUE
"CNA_event_000170","PAWDXJ","HOMDEL",1,1,"ENSE00001833804",150,1,TRUE,TRUE
"CNA_event_000170","PAWDXJ","HOMDEL",2,2,"ENSE00003496053",307,1,TRUE,TRUE
"CNA_event_000170","PAWDXJ","HOMDEL",3,3,"ENSE00003529527",11,1,TRUE,TRUE
"CNA_event_000171","PAWDXE","HOMDEL",1,1,"ENSE00001833804",150,1,TRUE,TRUE
"CNA_event_000171","PAWDXE","HOMDEL",2,2,"ENSE00003496053",307,1,TRUE,TRUE
"CNA_event_000171","PAWDXE","HOMDEL",3,3,"ENSE00003529527",11,1,TRUE,TRUE
"CNA_event_000172","PAVRUD","HOMDEL",1,1,"ENSE00001833804",150,1,TRUE,TRUE
"CNA_event_000172","PAVRUD","HOMDEL",2,2,"ENSE00003496053",307,1,TRUE,TRUE
"CNA_event_000172","PAVRUD","HOMDEL",3,3,"ENSE00003529527",11,1,TRUE,TRUE
"CNA_event_000173","PAVRLH","HOMDEL",1,1,"ENSE00001833804",150,1,TRUE,TRUE
"CNA_event_000173","PAVRLH","HOMDEL",2,2,"ENSE00003496053",307,1,TRUE,TRUE
"CNA_event_000173","PAVRLH","HOMDEL",3,3,"ENSE00003529527",11,1,TRUE,TRUE
"CNA_event_000174","PAVRHT","HOMDEL",1,1,"ENSE00001833804",150,1,TRUE,TRUE
"CNA_event_000174","PAVRHT","HOMDEL",2,2,"ENSE00003496053",307,1,TRUE,TRUE
"CNA_event_000174","PAVRHT","HOMDEL",3,3,"ENSE00003529527",11,1,TRUE,TRUE
"CNA_event_000175","PAVNDL","HOMDEL",1,1,"ENSE00001833804",150,1,TRUE,TRUE
"CNA_event_000175","PAVNDL","HOMDEL",2,2,"ENSE00003496053",307,1,TRUE,TRUE
"CNA_event_000175","PAVNDL","HOMDEL",3,3,"ENSE00003529527",11,1,TRUE,TRUE
"CNA_event_000176","PAVMLZ","HOMDEL",1,1,"ENSE00001833804",150,1,TRUE,TRUE
"CNA_event_000176","PAVMLZ","HOMDEL",2,2,"ENSE00003496053",307,1,TRUE,TRUE
"CNA_event_000176","PAVMLZ","HOMDEL",3,3,"ENSE00003529527",11,1,TRUE,TRUE
"CNA_event_000177","PAVLLL","HOMDEL",1,1,"ENSE00001833804",150,1,TRUE,TRUE
"CNA_event_000177","PAVLLL","HOMDEL",2,2,"ENSE00003496053",307,1,TRUE,TRUE
"CNA_event_000177","PAVLLL","HOMDEL",3,3,"ENSE00003529527",11,1,TRUE,TRUE
"CNA_event_000178","PAVFWD","HOMDEL",1,1,"ENSE00001833804",150,1,TRUE,TRUE
"CNA_event_000178","PAVFWD","HOMDEL",2,2,"ENSE00003496053",307,1,TRUE,TRUE
"CNA_event_000178","PAVFWD","HOMDEL",3,3,"ENSE00003529527",11,1,TRUE,TRUE
"CNA_event_000179","PAVESV","HOMDEL",1,1,"ENSE00001833804",150,1,TRUE,TRUE
"CNA_event_000180","PAUYAB","HOMDEL",1,1,"ENSE00001833804",150,1,TRUE,TRUE
"CNA_event_000180","PAUYAB","HOMDEL",2,2,"ENSE00003496053",307,1,TRUE,TRUE
"CNA_event_000180","PAUYAB","HOMDEL",3,3,"ENSE00003529527",11,1,TRUE,TRUE
"CNA_event_000181","PAUXCW","HOMDEL",1,1,"ENSE00001833804",150,1,TRUE,TRUE
"CNA_event_000181","PAUXCW","HOMDEL",2,2,"ENSE00003496053",307,1,TRUE,TRUE
"CNA_event_000181","PAUXCW","HOMDEL",3,3,"ENSE00003529527",11,1,TRUE,TRUE
"CNA_event_000182","PAUVYF","HOMDEL",1,1,"ENSE00001833804",150,1,TRUE,TRUE
"CNA_event_000182","PAUVYF","HOMDEL",2,2,"ENSE00003496053",307,1,TRUE,TRUE
"CNA_event_000182","PAUVYF","HOMDEL",3,3,"ENSE00003529527",11,1,TRUE,TRUE
"CNA_event_000183","PAUTBB","HOMDEL",1,1,"ENSE00001833804",150,1,TRUE,TRUE
"CNA_event_000183","PAUTBB","HOMDEL",2,2,"ENSE00003496053",307,1,TRUE,TRUE
"CNA_event_000183","PAUTBB","HOMDEL",3,3,"ENSE00003529527",11,1,TRUE,TRUE
"CNA_event_000185","PAUPHP","HOMDEL",1,1,"ENSE00001833804",150,1,TRUE,TRUE
"CNA_event_000186","PAUNBU","HOMDEL",1,1,"ENSE00001833804",150,1,TRUE,TRUE
"CNA_event_000186","PAUNBU","HOMDEL",2,2,"ENSE00003496053",307,1,TRUE,TRUE
"CNA_event_000186","PAUNBU","HOMDEL",3,3,"ENSE00003529527",11,1,TRUE,TRUE
"CNA_event_000187","PAUMAV","HOMDEL",1,1,"ENSE00001833804",150,1,TRUE,TRUE
"CNA_event_000187","PAUMAV","HOMDEL",2,2,"ENSE00003496053",307,1,TRUE,TRUE
"CNA_event_000187","PAUMAV","HOMDEL",3,3,"ENSE00003529527",11,1,TRUE,TRUE
"CNA_event_000188","PAUKZU","HOMDEL",1,1,"ENSE00001833804",150,1,TRUE,TRUE
"CNA_event_000188","PAUKZU","HOMDEL",2,2,"ENSE00003496053",307,1,TRUE,TRUE
"CNA_event_000188","PAUKZU","HOMDEL",3,3,"ENSE00003529527",11,1,TRUE,TRUE
"CNA_event_000189","PAUJYG","HOMDEL",1,1,"ENSE00001833804",150,1,TRUE,TRUE
"CNA_event_000189","PAUJYG","HOMDEL",2,2,"ENSE00003496053",307,1,TRUE,TRUE
"CNA_event_000189","PAUJYG","HOMDEL",3,3,"ENSE00003529527",11,1,TRUE,TRUE
"CNA_event_000190","PAUIVD","HOMDEL",1,1,"ENSE00001833804",150,1,TRUE,TRUE
"CNA_event_000190","PAUIVD","HOMDEL",2,2,"ENSE00003496053",307,1,TRUE,TRUE
"CNA_event_000190","PAUIVD","HOMDEL",3,3,"ENSE00003529527",11,1,TRUE,TRUE
"CNA_event_000191","PAUIGD","HOMDEL",1,1,"ENSE00001833804",150,1,TRUE,TRUE
"CNA_event_000191","PAUIGD","HOMDEL",2,2,"ENSE00003496053",307,1,TRUE,TRUE
"CNA_event_000191","PAUIGD","HOMDEL",3,3,"ENSE00003529527",11,1,TRUE,TRUE
"CNA_event_000192","PAUIAW","HOMDEL",1,1,"ENSE00001833804",150,1,TRUE,TRUE
"CNA_event_000192","PAUIAW","HOMDEL",2,2,"ENSE00003496053",307,1,TRUE,TRUE
"CNA_event_000192","PAUIAW","HOMDEL",3,3,"ENSE00003529527",11,1,TRUE,TRUE
"CNA_event_000193","PAUGDT","HOMDEL",1,1,"ENSE00001833804",150,1,TRUE,TRUE
"CNA_event_000193","PAUGDT","HOMDEL",2,2,"ENSE00003496053",307,1,TRUE,TRUE
"CNA_event_000193","PAUGDT","HOMDEL",3,3,"ENSE00003529527",11,1,TRUE,TRUE
"CNA_event_000194","PAUEPU","HOMDEL",1,1,"ENSE00001833804",150,1,TRUE,TRUE
"CNA_event_000194","PAUEPU","HOMDEL",2,2,"ENSE00003496053",307,1,TRUE,TRUE
"CNA_event_000194","PAUEPU","HOMDEL",3,3,"ENSE00003529527",11,1,TRUE,TRUE
"CNA_event_000195","PAUCIS","HOMDEL",1,1,"ENSE00001833804",150,1,TRUE,TRUE
"CNA_event_000195","PAUCIS","HOMDEL",2,2,"ENSE00003496053",307,1,TRUE,TRUE
"CNA_event_000195","PAUCIS","HOMDEL",3,3,"ENSE00003529527",11,1,TRUE,TRUE
"CNA_event_000196","PAUCFA","HOMDEL",1,1,"ENSE00001833804",150,1,TRUE,TRUE
"CNA_event_000196","PAUCFA","HOMDEL",2,2,"ENSE00003496053",307,1,TRUE,TRUE
"CNA_event_000196","PAUCFA","HOMDEL",3,3,"ENSE00003529527",11,1,TRUE,TRUE
"CNA_event_000197","PAUBCT","HOMDEL",1,1,"ENSE00001833804",150,1,TRUE,TRUE
"CNA_event_000197","PAUBCT","HOMDEL",2,2,"ENSE00003496053",307,1,TRUE,TRUE
"CNA_event_000197","PAUBCT","HOMDEL",3,3,"ENSE00003529527",11,1,TRUE,TRUE
"CNA_event_000198","PATXSK","HOMDEL",1,1,"ENSE00001833804",150,1,TRUE,TRUE
"CNA_event_000198","PATXSK","HOMDEL",2,2,"ENSE00003496053",307,1,TRUE,TRUE
"CNA_event_000198","PATXSK","HOMDEL",3,3,"ENSE00003529527",11,1,TRUE,TRUE
"CNA_event_000199","PATSIZ","HOMDEL",1,1,"ENSE00001833804",150,1,TRUE,TRUE
"CNA_event_000199","PATSIZ","HOMDEL",2,2,"ENSE00003496053",307,1,TRUE,TRUE
"CNA_event_000199","PATSIZ","HOMDEL",3,3,"ENSE00003529527",11,1,TRUE,TRUE
"CNA_event_000200","PATRXL","HOMDEL",1,1,"ENSE00001833804",150,1,TRUE,TRUE
"CNA_event_000200","PATRXL","HOMDEL",2,2,"ENSE00003496053",307,1,TRUE,TRUE
"CNA_event_000200","PATRXL","HOMDEL",3,3,"ENSE00003529527",11,1,TRUE,TRUE
"CNA_event_000201","PATRHL","HOMDEL",1,1,"ENSE00001833804",150,1,TRUE,TRUE
"CNA_event_000201","PATRHL","HOMDEL",2,2,"ENSE00003496053",307,1,TRUE,TRUE
"CNA_event_000201","PATRHL","HOMDEL",3,3,"ENSE00003529527",11,1,TRUE,TRUE
"CNA_event_000202","PATPGE","HOMDEL",1,1,"ENSE00001833804",150,1,TRUE,TRUE
"CNA_event_000202","PATPGE","HOMDEL",2,2,"ENSE00003496053",307,1,TRUE,TRUE
"CNA_event_000202","PATPGE","HOMDEL",3,3,"ENSE00003529527",11,1,TRUE,TRUE
"CNA_event_000203","PATPBW","HOMDEL",1,1,"ENSE00001833804",150,1,TRUE,TRUE
"CNA_event_000203","PATPBW","HOMDEL",2,2,"ENSE00003496053",307,1,TRUE,TRUE
"CNA_event_000203","PATPBW","HOMDEL",3,3,"ENSE00003529527",11,1,TRUE,TRUE
"CNA_event_000204","PATLRZ","HOMDEL",1,1,"ENSE00001833804",150,1,TRUE,TRUE
"CNA_event_000204","PATLRZ","HOMDEL",2,2,"ENSE00003496053",307,1,TRUE,TRUE
"CNA_event_000204","PATLRZ","HOMDEL",3,3,"ENSE00003529527",11,1,TRUE,TRUE
"CNA_event_000205","PATLHS","HOMDEL",1,1,"ENSE00001833804",150,1,TRUE,TRUE
"CNA_event_000205","PATLHS","HOMDEL",2,2,"ENSE00003496053",307,1,TRUE,TRUE
"CNA_event_000205","PATLHS","HOMDEL",3,3,"ENSE00003529527",11,1,TRUE,TRUE
"CNA_event_000206","PATKVH","HOMDEL",1,1,"ENSE00001833804",150,1,TRUE,TRUE
"CNA_event_000206","PATKVH","HOMDEL",2,2,"ENSE00003496053",307,1,TRUE,TRUE
"CNA_event_000206","PATKVH","HOMDEL",3,3,"ENSE00003529527",11,1,TRUE,TRUE
"CNA_event_000207","PATITY","HOMDEL",1,1,"ENSE00001833804",150,1,TRUE,TRUE
"CNA_event_000207","PATITY","HOMDEL",2,2,"ENSE00003496053",307,1,TRUE,TRUE
"CNA_event_000207","PATITY","HOMDEL",3,3,"ENSE00003529527",11,1,TRUE,TRUE
"CNA_event_000208","PATHAA","HOMDEL",1,1,"ENSE00001833804",150,1,TRUE,TRUE
"CNA_event_000208","PATHAA","HOMDEL",2,2,"ENSE00003496053",307,1,TRUE,TRUE
"CNA_event_000208","PATHAA","HOMDEL",3,3,"ENSE00003529527",11,1,TRUE,TRUE
"CNA_event_000209","PATGBY","HOMDEL",1,1,"ENSE00001833804",150,1,TRUE,TRUE
"CNA_event_000209","PATGBY","HOMDEL",2,2,"ENSE00003496053",307,1,TRUE,TRUE
"CNA_event_000209","PATGBY","HOMDEL",3,3,"ENSE00003529527",11,1,TRUE,TRUE
"CNA_event_000210","PATFYZ","HOMDEL",1,1,"ENSE00001833804",150,1,TRUE,TRUE
"CNA_event_000210","PATFYZ","HOMDEL",2,2,"ENSE00003496053",307,1,TRUE,TRUE
"CNA_event_000210","PATFYZ","HOMDEL",3,3,"ENSE00003529527",11,1,TRUE,TRUE
"CNA_event_000211","PATFXN","HOMDEL",1,1,"ENSE00001833804",150,1,TRUE,TRUE
"CNA_event_000211","PATFXN","HOMDEL",2,2,"ENSE00003496053",307,1,TRUE,TRUE
"CNA_event_000211","PATFXN","HOMDEL",3,3,"ENSE00003529527",11,1,TRUE,TRUE
"CNA_event_000212","PATFVG","HOMDEL",1,1,"ENSE00001833804",150,1,TRUE,TRUE
"CNA_event_000212","PATFVG","HOMDEL",2,2,"ENSE00003496053",307,1,TRUE,TRUE
"CNA_event_000212","PATFVG","HOMDEL",3,3,"ENSE00003529527",11,1,TRUE,TRUE
"CNA_event_000213","PATFJD","HOMDEL",1,1,"ENSE00001833804",150,1,TRUE,TRUE
"CNA_event_000213","PATFJD","HOMDEL",2,2,"ENSE00003496053",307,1,TRUE,TRUE
"CNA_event_000213","PATFJD","HOMDEL",3,3,"ENSE00003529527",11,1,TRUE,TRUE
"CNA_event_000214","PATDLG","HOMDEL",1,1,"ENSE00001833804",150,1,TRUE,TRUE
"CNA_event_000214","PATDLG","HOMDEL",2,2,"ENSE00003496053",307,1,TRUE,TRUE
"CNA_event_000214","PATDLG","HOMDEL",3,3,"ENSE00003529527",11,1,TRUE,TRUE
"CNA_event_000215","PATBYK","HOMDEL",1,1,"ENSE00001833804",150,1,TRUE,TRUE
"CNA_event_000215","PATBYK","HOMDEL",2,2,"ENSE00003496053",307,1,TRUE,TRUE
"CNA_event_000215","PATBYK","HOMDEL",3,3,"ENSE00003529527",11,1,TRUE,TRUE
"CNA_event_000216","PASZPP","HOMDEL",1,1,"ENSE00001833804",150,1,TRUE,TRUE
"CNA_event_000216","PASZPP","HOMDEL",2,2,"ENSE00003496053",307,1,TRUE,TRUE
"CNA_event_000216","PASZPP","HOMDEL",3,3,"ENSE00003529527",11,1,TRUE,TRUE
"CNA_event_000217","PASZEW","HOMDEL",1,1,"ENSE00001833804",150,1,TRUE,TRUE
"CNA_event_000217","PASZEW","HOMDEL",2,2,"ENSE00003496053",307,1,TRUE,TRUE
"CNA_event_000217","PASZEW","HOMDEL",3,3,"ENSE00003529527",11,1,TRUE,TRUE
"CNA_event_000218","PASZAZ","HOMDEL",1,1,"ENSE00001833804",150,1,TRUE,TRUE
"CNA_event_000218","PASZAZ","HOMDEL",2,2,"ENSE00003496053",307,1,TRUE,TRUE
"CNA_event_000218","PASZAZ","HOMDEL",3,3,"ENSE00003529527",11,1,TRUE,TRUE
"CNA_event_000219","PASXLZ","HOMDEL",1,1,"ENSE00001833804",150,1,TRUE,TRUE
"CNA_event_000219","PASXLZ","HOMDEL",2,2,"ENSE00003496053",307,1,TRUE,TRUE
"CNA_event_000219","PASXLZ","HOMDEL",3,3,"ENSE00003529527",11,1,TRUE,TRUE
"CNA_event_000220","PASTLR","HOMDEL",1,1,"ENSE00001833804",150,1,TRUE,TRUE
"CNA_event_000220","PASTLR","HOMDEL",2,2,"ENSE00003496053",307,1,TRUE,TRUE
"CNA_event_000220","PASTLR","HOMDEL",3,3,"ENSE00003529527",11,1,TRUE,TRUE
"CNA_event_000221","PASSHC","HOMDEL",1,1,"ENSE00001833804",150,1,TRUE,TRUE
"CNA_event_000221","PASSHC","HOMDEL",2,2,"ENSE00003496053",307,1,TRUE,TRUE
"CNA_event_000221","PASSHC","HOMDEL",3,3,"ENSE00003529527",11,1,TRUE,TRUE
"CNA_event_000222","PASKCL","HOMDEL",1,1,"ENSE00001833804",150,1,TRUE,TRUE
"CNA_event_000222","PASKCL","HOMDEL",2,2,"ENSE00003496053",307,1,TRUE,TRUE
"CNA_event_000222","PASKCL","HOMDEL",3,3,"ENSE00003529527",11,1,TRUE,TRUE
"CNA_event_000223","PARXMV","HOMDEL",1,1,"ENSE00001833804",150,1,TRUE,TRUE
"CNA_event_000223","PARXMV","HOMDEL",2,2,"ENSE00003496053",307,1,TRUE,TRUE
"CNA_event_000223","PARXMV","HOMDEL",3,3,"ENSE00003529527",11,1,TRUE,TRUE
"CNA_event_000224","PARTBP","HOMDEL",1,1,"ENSE00001833804",150,1,TRUE,TRUE
"CNA_event_000224","PARTBP","HOMDEL",2,2,"ENSE00003496053",307,1,TRUE,TRUE
"CNA_event_000224","PARTBP","HOMDEL",3,3,"ENSE00003529527",11,1,TRUE,TRUE
"CNA_event_000225","PARLDJ","HOMDEL",1,1,"ENSE00001833804",150,1,TRUE,TRUE
"CNA_event_000225","PARLDJ","HOMDEL",2,2,"ENSE00003496053",307,1,TRUE,TRUE
"CNA_event_000225","PARLDJ","HOMDEL",3,3,"ENSE00003529527",11,1,TRUE,TRUE
"CNA_event_000226","PARJFH","HOMDEL",1,1,"ENSE00001833804",150,1,TRUE,TRUE
"CNA_event_000226","PARJFH","HOMDEL",2,2,"ENSE00003496053",307,1,TRUE,TRUE
"CNA_event_000226","PARJFH","HOMDEL",3,3,"ENSE00003529527",11,1,TRUE,TRUE
"CNA_event_000227","PARFIH","HOMDEL",1,1,"ENSE00001833804",150,1,TRUE,TRUE
"CNA_event_000227","PARFIH","HOMDEL",2,2,"ENSE00003496053",307,1,TRUE,TRUE
"CNA_event_000227","PARFIH","HOMDEL",3,3,"ENSE00003529527",11,1,TRUE,TRUE
"CNA_event_000228","PAWKYL","HOMDEL",1,1,"ENSE00001833804",150,1,TRUE,TRUE
"CNA_event_000228","PAWKYL","HOMDEL",2,2,"ENSE00003496053",307,1,TRUE,TRUE
"CNA_event_000228","PAWKYL","HOMDEL",3,3,"ENSE00003529527",11,1,TRUE,TRUE
"CNA_event_000229","PAWKLD","HOMDEL",1,1,"ENSE00001833804",150,1,TRUE,TRUE
"CNA_event_000229","PAWKLD","HOMDEL",2,2,"ENSE00003496053",307,1,TRUE,TRUE
"CNA_event_000229","PAWKLD","HOMDEL",3,3,"ENSE00003529527",11,1,TRUE,TRUE
"CNA_event_000230","PAWEYS","HOMDEL",1,1,"ENSE00001833804",150,1,TRUE,TRUE
"CNA_event_000230","PAWEYS","HOMDEL",2,2,"ENSE00003496053",307,1,TRUE,TRUE
"CNA_event_000230","PAWEYS","HOMDEL",3,3,"ENSE00003529527",11,1,TRUE,TRUE
"CNA_event_000231","PAWAMT","HOMDEL",2,2,"ENSE00003496053",307,1,TRUE,TRUE
"CNA_event_000231","PAWAMT","HOMDEL",3,3,"ENSE00003529527",11,1,TRUE,TRUE
"CNA_event_000232","PAVPTM","HOMDEL",1,1,"ENSE00001833804",150,1,TRUE,TRUE
"CNA_event_000232","PAVPTM","HOMDEL",2,2,"ENSE00003496053",307,1,TRUE,TRUE
"CNA_event_000232","PAVPTM","HOMDEL",3,3,"ENSE00003529527",11,1,TRUE,TRUE
"CNA_event_000233","PAVPCZ","HOMDEL",1,1,"ENSE00001833804",150,1,TRUE,TRUE
"CNA_event_000233","PAVPCZ","HOMDEL",2,2,"ENSE00003496053",307,1,TRUE,TRUE
"CNA_event_000233","PAVPCZ","HOMDEL",3,3,"ENSE00003529527",11,1,TRUE,TRUE
"CNA_event_000234","PAVLMX","HOMDEL",1,1,"ENSE00001833804",150,1,TRUE,TRUE
"CNA_event_000234","PAVLMX","HOMDEL",2,2,"ENSE00003496053",307,1,TRUE,TRUE
"CNA_event_000234","PAVLMX","HOMDEL",3,3,"ENSE00003529527",11,1,TRUE,TRUE
"CNA_event_000235","PAVJFA","HOMDEL",1,1,"ENSE00001833804",150,1,TRUE,TRUE
"CNA_event_000235","PAVJFA","HOMDEL",2,2,"ENSE00003496053",307,1,TRUE,TRUE
"CNA_event_000235","PAVJFA","HOMDEL",3,3,"ENSE00003529527",11,1,TRUE,TRUE
"CNA_event_000236","PAVHAA","HOMDEL",1,1,"ENSE00001833804",150,1,TRUE,TRUE
"CNA_event_000236","PAVHAA","HOMDEL",2,2,"ENSE00003496053",307,1,TRUE,TRUE
"CNA_event_000236","PAVHAA","HOMDEL",3,3,"ENSE00003529527",11,1,TRUE,TRUE
"CNA_event_000238","PAVAPE","HOMDEL",1,1,"ENSE00001833804",150,1,TRUE,TRUE
"CNA_event_000238","PAVAPE","HOMDEL",2,2,"ENSE00003496053",307,1,TRUE,TRUE
"CNA_event_000238","PAVAPE","HOMDEL",3,3,"ENSE00003529527",11,1,TRUE,TRUE
"CNA_event_000239","PAUYJF","HOMDEL",1,1,"ENSE00001833804",150,1,TRUE,TRUE
"CNA_event_000239","PAUYJF","HOMDEL",2,2,"ENSE00003496053",307,1,TRUE,TRUE
"CNA_event_000239","PAUYJF","HOMDEL",3,3,"ENSE00003529527",11,1,TRUE,TRUE
"CNA_event_000240","PAUTLJ","HOMDEL",1,1,"ENSE00001833804",150,1,TRUE,TRUE
"CNA_event_000240","PAUTLJ","HOMDEL",2,2,"ENSE00003496053",307,1,TRUE,TRUE
"CNA_event_000240","PAUTLJ","HOMDEL",3,3,"ENSE00003529527",11,1,TRUE,TRUE
"CNA_event_000241","PAUTEF","HOMDEL",1,1,"ENSE00001833804",150,1,TRUE,TRUE
"CNA_event_000241","PAUTEF","HOMDEL",2,2,"ENSE00003496053",307,1,TRUE,TRUE
"CNA_event_000241","PAUTEF","HOMDEL",3,3,"ENSE00003529527",11,1,TRUE,TRUE
"CNA_event_000242","PAUSEY","HOMDEL",1,1,"ENSE00001833804",150,1,TRUE,TRUE
"CNA_event_000242","PAUSEY","HOMDEL",2,2,"ENSE00003496053",307,1,TRUE,TRUE
"CNA_event_000242","PAUSEY","HOMDEL",3,3,"ENSE00003529527",11,1,TRUE,TRUE
"CNA_event_000243","PAUPUW","HOMDEL",1,1,"ENSE00001833804",150,1,TRUE,TRUE
"CNA_event_000243","PAUPUW","HOMDEL",2,2,"ENSE00003496053",307,1,TRUE,TRUE
"CNA_event_000243","PAUPUW","HOMDEL",3,3,"ENSE00003529527",11,1,TRUE,TRUE
"CNA_event_000244","PAUFBJ","HOMDEL",1,1,"ENSE00001833804",150,1,TRUE,TRUE
"CNA_event_000244","PAUFBJ","HOMDEL",2,2,"ENSE00003496053",307,1,TRUE,TRUE
"CNA_event_000244","PAUFBJ","HOMDEL",3,3,"ENSE00003529527",11,1,TRUE,TRUE
"CNA_event_000245","PATYCH","HOMDEL",1,1,"ENSE00001833804",150,1,TRUE,TRUE
"CNA_event_000245","PATYCH","HOMDEL",2,2,"ENSE00003496053",307,1,TRUE,TRUE
"CNA_event_000245","PATYCH","HOMDEL",3,3,"ENSE00003529527",11,1,TRUE,TRUE
"CNA_event_000246","PATKNX","HOMDEL",1,1,"ENSE00001833804",150,1,TRUE,TRUE
"CNA_event_000246","PATKNX","HOMDEL",2,2,"ENSE00003496053",307,1,TRUE,TRUE
"CNA_event_000246","PATKNX","HOMDEL",3,3,"ENSE00003529527",11,1,TRUE,TRUE
"CNA_event_000248","PATBDK","HOMDEL",1,1,"ENSE00001833804",150,1,TRUE,TRUE
"CNA_event_000248","PATBDK","HOMDEL",2,2,"ENSE00003496053",307,1,TRUE,TRUE
"CNA_event_000248","PATBDK","HOMDEL",3,3,"ENSE00003529527",11,1,TRUE,TRUE
"CNA_event_000249","PASWXB","HOMDEL",1,1,"ENSE00001833804",150,1,TRUE,TRUE
"CNA_event_000249","PASWXB","HOMDEL",2,2,"ENSE00003496053",307,1,TRUE,TRUE
"CNA_event_000249","PASWXB","HOMDEL",3,3,"ENSE00003529527",11,1,TRUE,TRUE
"CNA_event_000250","PASVIN","HOMDEL",1,1,"ENSE00001833804",150,1,TRUE,TRUE
"CNA_event_000250","PASVIN","HOMDEL",2,2,"ENSE00003496053",307,1,TRUE,TRUE
"CNA_event_000250","PASVIN","HOMDEL",3,3,"ENSE00003529527",11,1,TRUE,TRUE
"CNA_event_000251","PARVMR","HOMDEL",1,1,"ENSE00001833804",150,1,TRUE,TRUE
"CNA_event_000251","PARVMR","HOMDEL",2,2,"ENSE00003496053",307,1,TRUE,TRUE
"CNA_event_000251","PARVMR","HOMDEL",3,3,"ENSE00003529527",11,1,TRUE,TRUE
"CNA_event_000252","PARPUL","HOMDEL",1,1,"ENSE00001833804",150,1,TRUE,TRUE
"CNA_event_000252","PARPUL","HOMDEL",2,2,"ENSE00003496053",307,1,TRUE,TRUE
"CNA_event_000252","PARPUL","HOMDEL",3,3,"ENSE00003529527",11,1,TRUE,TRUE
"CNA_event_000253","PARLIB","HOMDEL",1,1,"ENSE00001833804",150,1,TRUE,TRUE
"CNA_event_000253","PARLIB","HOMDEL",2,2,"ENSE00003496053",307,1,TRUE,TRUE
"CNA_event_000253","PARLIB","HOMDEL",3,3,"ENSE00003529527",11,1,TRUE,TRUE
"CNA_event_000254","PAWLYX","HOMDEL",1,1,"ENSE00001833804",150,1,TRUE,TRUE
"CNA_event_000255","PAWLMP","HOMDEL",1,1,"ENSE00001833804",150,1,TRUE,TRUE
"CNA_event_000255","PAWLMP","HOMDEL",2,2,"ENSE00003496053",307,1,TRUE,TRUE
"CNA_event_000255","PAWLMP","HOMDEL",3,3,"ENSE00003529527",11,1,TRUE,TRUE
"CNA_event_000256","PAWLAE","HOMDEL",1,1,"ENSE00001833804",150,1,TRUE,TRUE
"CNA_event_000256","PAWLAE","HOMDEL",2,2,"ENSE00003496053",307,1,TRUE,TRUE
"CNA_event_000256","PAWLAE","HOMDEL",3,3,"ENSE00003529527",11,1,TRUE,TRUE
"CNA_event_000257","PAWJUJ","HOMDEL",1,1,"ENSE00001833804",150,1,TRUE,TRUE
"CNA_event_000257","PAWJUJ","HOMDEL",2,2,"ENSE00003496053",307,1,TRUE,TRUE
"CNA_event_000257","PAWJUJ","HOMDEL",3,3,"ENSE00003529527",11,1,TRUE,TRUE
"CNA_event_000258","PAWJKX","HOMDEL",2,2,"ENSE00003496053",307,1,TRUE,TRUE
"CNA_event_000258","PAWJKX","HOMDEL",3,3,"ENSE00003529527",11,1,TRUE,TRUE
"CNA_event_000260","PAWISF","HOMDEL",1,1,"ENSE00001833804",150,1,TRUE,TRUE
"CNA_event_000260","PAWISF","HOMDEL",2,2,"ENSE00003496053",307,1,TRUE,TRUE
"CNA_event_000260","PAWISF","HOMDEL",3,3,"ENSE00003529527",11,1,TRUE,TRUE
"CNA_event_000261","PAWIRR","HOMDEL",1,1,"ENSE00001833804",150,1,TRUE,TRUE
"CNA_event_000261","PAWIRR","HOMDEL",2,2,"ENSE00003496053",307,1,TRUE,TRUE
"CNA_event_000261","PAWIRR","HOMDEL",3,3,"ENSE00003529527",11,1,TRUE,TRUE
"CNA_event_000262","PAWIPN","HOMDEL",1,1,"ENSE00001833804",150,1,TRUE,TRUE
"CNA_event_000262","PAWIPN","HOMDEL",2,2,"ENSE00003496053",307,1,TRUE,TRUE
"CNA_event_000262","PAWIPN","HOMDEL",3,3,"ENSE00003529527",11,1,TRUE,TRUE
"CNA_event_000263","PAWHRW","HOMDEL",1,1,"ENSE00001833804",150,1,TRUE,TRUE
"CNA_event_000263","PAWHRW","HOMDEL",2,2,"ENSE00003496053",307,1,TRUE,TRUE
"CNA_event_000263","PAWHRW","HOMDEL",3,3,"ENSE00003529527",11,1,TRUE,TRUE
"CNA_event_000264","PAWHHG","HOMDEL",1,1,"ENSE00001833804",150,1,TRUE,TRUE
"CNA_event_000264","PAWHHG","HOMDEL",2,2,"ENSE00003496053",307,1,TRUE,TRUE
"CNA_event_000264","PAWHHG","HOMDEL",3,3,"ENSE00003529527",11,1,TRUE,TRUE
"CNA_event_000265","PAWGYX","HOMDEL",1,1,"ENSE00001833804",150,1,TRUE,TRUE
"CNA_event_000265","PAWGYX","HOMDEL",2,2,"ENSE00003496053",307,1,TRUE,TRUE
"CNA_event_000265","PAWGYX","HOMDEL",3,3,"ENSE00003529527",11,1,TRUE,TRUE
"CNA_event_000266","PAWGXM","HOMDEL",1,1,"ENSE00001833804",150,1,TRUE,TRUE
"CNA_event_000266","PAWGXM","HOMDEL",2,2,"ENSE00003496053",307,1,TRUE,TRUE
"CNA_event_000267","PAWGWC","HOMDEL",1,1,"ENSE00001833804",150,1,TRUE,TRUE
"CNA_event_000267","PAWGWC","HOMDEL",2,2,"ENSE00003496053",307,1,TRUE,TRUE
"CNA_event_000267","PAWGWC","HOMDEL",3,3,"ENSE00003529527",11,1,TRUE,TRUE
"CNA_event_000268","PAWGIT","HOMDEL",1,1,"ENSE00001833804",150,1,TRUE,TRUE
"CNA_event_000268","PAWGIT","HOMDEL",2,2,"ENSE00003496053",307,1,TRUE,TRUE
"CNA_event_000268","PAWGIT","HOMDEL",3,3,"ENSE00003529527",11,1,TRUE,TRUE
"CNA_event_000270","PAWGHK","HOMDEL",2,2,"ENSE00003496053",307,1,TRUE,TRUE
"CNA_event_000270","PAWGHK","HOMDEL",3,3,"ENSE00003529527",11,1,TRUE,TRUE
"CNA_event_000271","PAWFNJ","HOMDEL",1,1,"ENSE00001833804",150,1,TRUE,TRUE
"CNA_event_000271","PAWFNJ","HOMDEL",2,2,"ENSE00003496053",307,1,TRUE,TRUE
"CNA_event_000271","PAWFNJ","HOMDEL",3,3,"ENSE00003529527",11,1,TRUE,TRUE
"CNA_event_000272","PAWETD","HOMDEL",1,1,"ENSE00001833804",150,1,TRUE,TRUE
"CNA_event_000272","PAWETD","HOMDEL",2,2,"ENSE00003496053",307,1,TRUE,TRUE
"CNA_event_000272","PAWETD","HOMDEL",3,3,"ENSE00003529527",11,1,TRUE,TRUE
"CNA_event_000273","PAWEGE","HOMDEL",1,1,"ENSE00001833804",150,1,TRUE,TRUE
"CNA_event_000273","PAWEGE","HOMDEL",2,2,"ENSE00003496053",307,1,TRUE,TRUE
"CNA_event_000273","PAWEGE","HOMDEL",3,3,"ENSE00003529527",11,1,TRUE,TRUE
"CNA_event_000274","PAWDWJ","HOMDEL",1,1,"ENSE00001833804",150,1,TRUE,TRUE
"CNA_event_000274","PAWDWJ","HOMDEL",2,2,"ENSE00003496053",307,1,TRUE,TRUE
"CNA_event_000274","PAWDWJ","HOMDEL",3,3,"ENSE00003529527",11,1,TRUE,TRUE
"CNA_event_000275","PAWDSJ","HOMDEL",1,1,"ENSE00001833804",150,1,TRUE,TRUE
"CNA_event_000275","PAWDSJ","HOMDEL",2,2,"ENSE00003496053",307,1,TRUE,TRUE
"CNA_event_000275","PAWDSJ","HOMDEL",3,3,"ENSE00003529527",11,1,TRUE,TRUE
"CNA_event_000276","PAWDMI","HOMDEL",1,1,"ENSE00001833804",150,1,TRUE,TRUE
"CNA_event_000276","PAWDMI","HOMDEL",2,2,"ENSE00003496053",307,1,TRUE,TRUE
"CNA_event_000276","PAWDMI","HOMDEL",3,3,"ENSE00003529527",11,1,TRUE,TRUE
"CNA_event_000277","PAWBTV","HOMDEL",1,1,"ENSE00001833804",150,1,TRUE,TRUE
"CNA_event_000277","PAWBTV","HOMDEL",2,2,"ENSE00003496053",307,1,TRUE,TRUE
"CNA_event_000277","PAWBTV","HOMDEL",3,3,"ENSE00003529527",11,1,TRUE,TRUE
"CNA_event_000278","PAWAKA","HOMDEL",1,1,"ENSE00001833804",150,1,TRUE,TRUE
"CNA_event_000278","PAWAKA","HOMDEL",2,2,"ENSE00003496053",307,1,TRUE,TRUE
"CNA_event_000278","PAWAKA","HOMDEL",3,3,"ENSE00003529527",11,1,TRUE,TRUE
"CNA_event_000279","PAWAII","HOMDEL",1,1,"ENSE00001833804",150,1,TRUE,TRUE
"CNA_event_000279","PAWAII","HOMDEL",2,2,"ENSE00003496053",307,1,TRUE,TRUE
"CNA_event_000279","PAWAII","HOMDEL",3,3,"ENSE00003529527",11,1,TRUE,TRUE
"CNA_event_000280","PAVZCF","HOMDEL",1,1,"ENSE00001833804",150,1,TRUE,TRUE
"CNA_event_000280","PAVZCF","HOMDEL",2,2,"ENSE00003496053",307,1,TRUE,TRUE
"CNA_event_000280","PAVZCF","HOMDEL",3,3,"ENSE00003529527",11,1,TRUE,TRUE
"CNA_event_000281","PAVYAZ","HOMDEL",1,1,"ENSE00001833804",150,1,TRUE,TRUE
"CNA_event_000281","PAVYAZ","HOMDEL",2,2,"ENSE00003496053",307,1,TRUE,TRUE
"CNA_event_000281","PAVYAZ","HOMDEL",3,3,"ENSE00003529527",11,1,TRUE,TRUE
"CNA_event_000282","PAVXWR","HOMDEL",2,2,"ENSE00003496053",307,1,TRUE,TRUE
"CNA_event_000282","PAVXWR","HOMDEL",3,3,"ENSE00003529527",11,1,TRUE,TRUE
"CNA_event_000283","PAVXTB","HOMDEL",1,1,"ENSE00001833804",150,1,TRUE,TRUE
"CNA_event_000283","PAVXTB","HOMDEL",2,2,"ENSE00003496053",307,1,TRUE,TRUE
"CNA_event_000283","PAVXTB","HOMDEL",3,3,"ENSE00003529527",11,1,TRUE,TRUE
"CNA_event_000284","PAVXPT","HOMDEL",1,1,"ENSE00001833804",150,1,TRUE,TRUE
"CNA_event_000284","PAVXPT","HOMDEL",2,2,"ENSE00003496053",307,1,TRUE,TRUE
"CNA_event_000284","PAVXPT","HOMDEL",3,3,"ENSE00003529527",11,1,TRUE,TRUE
"CNA_event_000286","PAVWWF","HOMDEL",1,1,"ENSE00001833804",150,1,TRUE,TRUE
"CNA_event_000286","PAVWWF","HOMDEL",2,2,"ENSE00003496053",307,1,TRUE,TRUE
"CNA_event_000286","PAVWWF","HOMDEL",3,3,"ENSE00003529527",11,1,TRUE,TRUE
"CNA_event_000288","PAVWUC","HOMDEL",1,1,"ENSE00001833804",150,1,TRUE,TRUE
"CNA_event_000289","PAVWDF","HOMDEL",1,1,"ENSE00001833804",150,1,TRUE,TRUE
"CNA_event_000289","PAVWDF","HOMDEL",2,2,"ENSE00003496053",307,1,TRUE,TRUE
"CNA_event_000289","PAVWDF","HOMDEL",3,3,"ENSE00003529527",11,1,TRUE,TRUE
"CNA_event_000290","PAVWDA","HOMDEL",1,1,"ENSE00001833804",150,1,TRUE,TRUE
"CNA_event_000290","PAVWDA","HOMDEL",2,2,"ENSE00003496053",307,1,TRUE,TRUE
"CNA_event_000290","PAVWDA","HOMDEL",3,3,"ENSE00003529527",11,1,TRUE,TRUE
"CNA_event_000291","PAVUVZ","HOMDEL",1,1,"ENSE00001833804",150,1,TRUE,TRUE
"CNA_event_000291","PAVUVZ","HOMDEL",2,2,"ENSE00003496053",307,1,TRUE,TRUE
"CNA_event_000291","PAVUVZ","HOMDEL",3,3,"ENSE00003529527",11,1,TRUE,TRUE
"CNA_event_000292","PAVUSY","HOMDEL",1,1,"ENSE00001833804",150,1,TRUE,TRUE
"CNA_event_000292","PAVUSY","HOMDEL",2,2,"ENSE00003496053",307,1,TRUE,TRUE
"CNA_event_000292","PAVUSY","HOMDEL",3,3,"ENSE00003529527",11,1,TRUE,TRUE
"CNA_event_000293","PAVTCA","HOMDEL",1,1,"ENSE00001833804",150,1,TRUE,TRUE
"CNA_event_000293","PAVTCA","HOMDEL",2,2,"ENSE00003496053",307,1,TRUE,TRUE
"CNA_event_000293","PAVTCA","HOMDEL",3,3,"ENSE00003529527",11,1,TRUE,TRUE
"CNA_event_000294","PAVRXK","HOMDEL",1,1,"ENSE00001833804",150,1,TRUE,TRUE
"CNA_event_000294","PAVRXK","HOMDEL",2,2,"ENSE00003496053",307,1,TRUE,TRUE
"CNA_event_000294","PAVRXK","HOMDEL",3,3,"ENSE00003529527",11,1,TRUE,TRUE
"CNA_event_000295","PAVRAP","HOMDEL",1,1,"ENSE00001833804",150,1,TRUE,TRUE
"CNA_event_000295","PAVRAP","HOMDEL",2,2,"ENSE00003496053",307,1,TRUE,TRUE
"CNA_event_000295","PAVRAP","HOMDEL",3,3,"ENSE00003529527",11,1,TRUE,TRUE
"CNA_event_000296","PAVPLJ","HOMDEL",1,1,"ENSE00001833804",150,1,TRUE,TRUE
"CNA_event_000296","PAVPLJ","HOMDEL",2,2,"ENSE00003496053",307,1,TRUE,TRUE
"CNA_event_000296","PAVPLJ","HOMDEL",3,3,"ENSE00003529527",11,1,TRUE,TRUE
"CNA_event_000297","PAVPGA","HOMDEL",1,1,"ENSE00001833804",150,1,TRUE,TRUE
"CNA_event_000297","PAVPGA","HOMDEL",2,2,"ENSE00003496053",307,1,TRUE,TRUE
"CNA_event_000297","PAVPGA","HOMDEL",3,3,"ENSE00003529527",11,1,TRUE,TRUE
"CNA_event_000298","PAVNKZ","HOMDEL",1,1,"ENSE00001833804",150,1,TRUE,TRUE
"CNA_event_000298","PAVNKZ","HOMDEL",2,2,"ENSE00003496053",307,1,TRUE,TRUE
"CNA_event_000298","PAVNKZ","HOMDEL",3,3,"ENSE00003529527",11,1,TRUE,TRUE
"CNA_event_000299","PAVMZJ","HOMDEL",1,1,"ENSE00001833804",150,1,TRUE,TRUE
"CNA_event_000299","PAVMZJ","HOMDEL",2,2,"ENSE00003496053",307,1,TRUE,TRUE
"CNA_event_000299","PAVMZJ","HOMDEL",3,3,"ENSE00003529527",11,1,TRUE,TRUE
"CNA_event_000300","PAVMPB","HOMDEL",1,1,"ENSE00001833804",150,1,TRUE,TRUE
"CNA_event_000300","PAVMPB","HOMDEL",2,2,"ENSE00003496053",307,1,TRUE,TRUE
"CNA_event_000300","PAVMPB","HOMDEL",3,3,"ENSE00003529527",11,1,TRUE,TRUE
"CNA_event_000301","PAVLMY","HOMDEL",1,1,"ENSE00001833804",150,1,TRUE,TRUE
"CNA_event_000301","PAVLMY","HOMDEL",2,2,"ENSE00003496053",307,1,TRUE,TRUE
"CNA_event_000301","PAVLMY","HOMDEL",3,3,"ENSE00003529527",11,1,TRUE,TRUE
"CNA_event_000303","PAVKWV","HOMDEL",1,1,"ENSE00001833804",150,1,TRUE,TRUE
"CNA_event_000303","PAVKWV","HOMDEL",2,2,"ENSE00003496053",307,1,TRUE,TRUE
"CNA_event_000303","PAVKWV","HOMDEL",3,3,"ENSE00003529527",11,1,TRUE,TRUE
"CNA_event_000304","PAVKJU","HOMDEL",1,1,"ENSE00001833804",150,1,TRUE,TRUE
"CNA_event_000304","PAVKJU","HOMDEL",2,2,"ENSE00003496053",307,1,TRUE,TRUE
"CNA_event_000304","PAVKJU","HOMDEL",3,3,"ENSE00003529527",11,1,TRUE,TRUE
"CNA_event_000305","PAVKCV","HOMDEL",1,1,"ENSE00001833804",150,1,TRUE,TRUE
"CNA_event_000305","PAVKCV","HOMDEL",2,2,"ENSE00003496053",307,1,TRUE,TRUE
"CNA_event_000305","PAVKCV","HOMDEL",3,3,"ENSE00003529527",11,1,TRUE,TRUE
"CNA_event_000306","PAVJBF","HOMDEL",1,1,"ENSE00001833804",150,1,TRUE,TRUE
"CNA_event_000306","PAVJBF","HOMDEL",2,2,"ENSE00003496053",307,1,TRUE,TRUE
"CNA_event_000306","PAVJBF","HOMDEL",3,3,"ENSE00003529527",11,1,TRUE,TRUE
"CNA_event_000307","PAVIDN","HOMDEL",1,1,"ENSE00001833804",150,1,TRUE,TRUE
"CNA_event_000307","PAVIDN","HOMDEL",2,2,"ENSE00003496053",307,1,TRUE,TRUE
"CNA_event_000307","PAVIDN","HOMDEL",3,3,"ENSE00003529527",11,1,TRUE,TRUE
"CNA_event_000308","PAVHBL","HOMDEL",1,1,"ENSE00001833804",150,1,TRUE,TRUE
"CNA_event_000308","PAVHBL","HOMDEL",2,2,"ENSE00003496053",307,1,TRUE,TRUE
"CNA_event_000308","PAVHBL","HOMDEL",3,3,"ENSE00003529527",11,1,TRUE,TRUE
"CNA_event_000309","PAVHBC","HOMDEL",1,1,"ENSE00001833804",150,1,TRUE,TRUE
"CNA_event_000309","PAVHBC","HOMDEL",2,2,"ENSE00003496053",307,1,TRUE,TRUE
"CNA_event_000309","PAVHBC","HOMDEL",3,3,"ENSE00003529527",11,1,TRUE,TRUE
"CNA_event_000310","PAVGMF","HOMDEL",1,1,"ENSE00001833804",150,1,TRUE,TRUE
"CNA_event_000310","PAVGMF","HOMDEL",2,2,"ENSE00003496053",307,1,TRUE,TRUE
"CNA_event_000310","PAVGMF","HOMDEL",3,3,"ENSE00003529527",11,1,TRUE,TRUE
"CNA_event_000311","PAVESF","HOMDEL",1,1,"ENSE00001833804",150,1,TRUE,TRUE
"CNA_event_000311","PAVESF","HOMDEL",2,2,"ENSE00003496053",307,1,TRUE,TRUE
"CNA_event_000311","PAVESF","HOMDEL",3,3,"ENSE00003529527",11,1,TRUE,TRUE
"CNA_event_000312","PAVDJU","HOMDEL",1,1,"ENSE00001833804",150,1,TRUE,TRUE
"CNA_event_000312","PAVDJU","HOMDEL",2,2,"ENSE00003496053",307,1,TRUE,TRUE
"CNA_event_000312","PAVDJU","HOMDEL",3,3,"ENSE00003529527",11,1,TRUE,TRUE
"CNA_event_000313","PAVDEB","HOMDEL",1,1,"ENSE00001833804",150,1,TRUE,TRUE
"CNA_event_000313","PAVDEB","HOMDEL",2,2,"ENSE00003496053",307,1,TRUE,TRUE
"CNA_event_000313","PAVDEB","HOMDEL",3,3,"ENSE00003529527",11,1,TRUE,TRUE
"CNA_event_000314","PAVCYV","HOMDEL",1,1,"ENSE00001833804",150,1,TRUE,TRUE
"CNA_event_000314","PAVCYV","HOMDEL",2,2,"ENSE00003496053",307,1,TRUE,TRUE
"CNA_event_000314","PAVCYV","HOMDEL",3,3,"ENSE00003529527",11,1,TRUE,TRUE
"CNA_event_000315","PAVCRK","HOMDEL",1,1,"ENSE00001833804",150,1,TRUE,TRUE
"CNA_event_000315","PAVCRK","HOMDEL",2,2,"ENSE00003496053",307,1,TRUE,TRUE
"CNA_event_000315","PAVCRK","HOMDEL",3,3,"ENSE00003529527",11,1,TRUE,TRUE
"CNA_event_000316","PAVBFC","HOMDEL",1,1,"ENSE00001833804",150,1,TRUE,TRUE
"CNA_event_000316","PAVBFC","HOMDEL",2,2,"ENSE00003496053",307,1,TRUE,TRUE
"CNA_event_000316","PAVBFC","HOMDEL",3,3,"ENSE00003529527",11,1,TRUE,TRUE
"CNA_event_000317","PAVAIR","HOMDEL",1,1,"ENSE00001833804",150,1,TRUE,TRUE
"CNA_event_000317","PAVAIR","HOMDEL",2,2,"ENSE00003496053",307,1,TRUE,TRUE
"CNA_event_000317","PAVAIR","HOMDEL",3,3,"ENSE00003529527",11,1,TRUE,TRUE
"CNA_event_000319","PAUZHK","HOMDEL",1,1,"ENSE00001833804",150,1,TRUE,TRUE
"CNA_event_000319","PAUZHK","HOMDEL",2,2,"ENSE00003496053",307,1,TRUE,TRUE
"CNA_event_000319","PAUZHK","HOMDEL",3,3,"ENSE00003529527",11,1,TRUE,TRUE
"CNA_event_000320","PAUYSV","HOMDEL",1,1,"ENSE00001833804",150,1,TRUE,TRUE
"CNA_event_000320","PAUYSV","HOMDEL",2,2,"ENSE00003496053",307,1,TRUE,TRUE
"CNA_event_000320","PAUYSV","HOMDEL",3,3,"ENSE00003529527",11,1,TRUE,TRUE
"CNA_event_000321","PAUXZN","HOMDEL",1,1,"ENSE00001833804",150,1,TRUE,TRUE
"CNA_event_000321","PAUXZN","HOMDEL",2,2,"ENSE00003496053",307,1,TRUE,TRUE
"CNA_event_000321","PAUXZN","HOMDEL",3,3,"ENSE00003529527",11,1,TRUE,TRUE
"CNA_event_000322","PAUXRM","HOMDEL",1,1,"ENSE00001833804",150,1,TRUE,TRUE
"CNA_event_000322","PAUXRM","HOMDEL",2,2,"ENSE00003496053",307,1,TRUE,TRUE
"CNA_event_000322","PAUXRM","HOMDEL",3,3,"ENSE00003529527",11,1,TRUE,TRUE
"CNA_event_000323","PAUXKE","HOMDEL",1,1,"ENSE00001833804",150,1,TRUE,TRUE
"CNA_event_000323","PAUXKE","HOMDEL",2,2,"ENSE00003496053",307,1,TRUE,TRUE
"CNA_event_000323","PAUXKE","HOMDEL",3,3,"ENSE00003529527",11,1,TRUE,TRUE
"CNA_event_000324","PAUXAI","HOMDEL",1,1,"ENSE00001833804",150,1,TRUE,TRUE
"CNA_event_000324","PAUXAI","HOMDEL",2,2,"ENSE00003496053",307,1,TRUE,TRUE
"CNA_event_000324","PAUXAI","HOMDEL",3,3,"ENSE00003529527",11,1,TRUE,TRUE
"CNA_event_000325","PAUWXI","HOMDEL",1,1,"ENSE00001833804",150,1,TRUE,TRUE
"CNA_event_000325","PAUWXI","HOMDEL",2,2,"ENSE00003496053",307,1,TRUE,TRUE
"CNA_event_000325","PAUWXI","HOMDEL",3,3,"ENSE00003529527",11,1,TRUE,TRUE
"CNA_event_000326","PAUWUY","HOMDEL",1,1,"ENSE00001833804",150,1,TRUE,TRUE
"CNA_event_000326","PAUWUY","HOMDEL",2,2,"ENSE00003496053",307,1,TRUE,TRUE
"CNA_event_000326","PAUWUY","HOMDEL",3,3,"ENSE00003529527",11,1,TRUE,TRUE
"CNA_event_000327","PAUWMZ","HOMDEL",1,1,"ENSE00001833804",150,1,TRUE,TRUE
"CNA_event_000327","PAUWMZ","HOMDEL",2,2,"ENSE00003496053",307,1,TRUE,TRUE
"CNA_event_000327","PAUWMZ","HOMDEL",3,3,"ENSE00003529527",11,1,TRUE,TRUE
"CNA_event_000328","PAUVTP","HOMDEL",1,1,"ENSE00001833804",150,1,TRUE,TRUE
"CNA_event_000328","PAUVTP","HOMDEL",2,2,"ENSE00003496053",307,1,TRUE,TRUE
"CNA_event_000328","PAUVTP","HOMDEL",3,3,"ENSE00003529527",11,1,TRUE,TRUE
"CNA_event_000329","PAUVSC","HOMDEL",1,1,"ENSE00001833804",150,1,TRUE,TRUE
"CNA_event_000329","PAUVSC","HOMDEL",2,2,"ENSE00003496053",307,1,TRUE,TRUE
"CNA_event_000329","PAUVSC","HOMDEL",3,3,"ENSE00003529527",11,1,TRUE,TRUE
"CNA_event_000330","PAUVAJ","HOMDEL",1,1,"ENSE00001833804",150,1,TRUE,TRUE
"CNA_event_000330","PAUVAJ","HOMDEL",2,2,"ENSE00003496053",307,1,TRUE,TRUE
"CNA_event_000330","PAUVAJ","HOMDEL",3,3,"ENSE00003529527",11,1,TRUE,TRUE
"CNA_event_000331","PAUUAL","HOMDEL",1,1,"ENSE00001833804",150,1,TRUE,TRUE
"CNA_event_000331","PAUUAL","HOMDEL",2,2,"ENSE00003496053",307,1,TRUE,TRUE
"CNA_event_000331","PAUUAL","HOMDEL",3,3,"ENSE00003529527",11,1,TRUE,TRUE
"CNA_event_000333","PAUTBD","HOMDEL",1,1,"ENSE00001833804",150,1,TRUE,TRUE
"CNA_event_000333","PAUTBD","HOMDEL",2,2,"ENSE00003496053",307,1,TRUE,TRUE
"CNA_event_000333","PAUTBD","HOMDEL",3,3,"ENSE00003529527",11,1,TRUE,TRUE
"CNA_event_000334","PAUSPZ","HOMDEL",1,1,"ENSE00001833804",150,1,TRUE,TRUE
"CNA_event_000334","PAUSPZ","HOMDEL",2,2,"ENSE00003496053",307,1,TRUE,TRUE
"CNA_event_000334","PAUSPZ","HOMDEL",3,3,"ENSE00003529527",11,1,TRUE,TRUE
"CNA_event_000335","PAUSIS","HOMDEL",1,1,"ENSE00001833804",150,1,TRUE,TRUE
"CNA_event_000335","PAUSIS","HOMDEL",2,2,"ENSE00003496053",307,1,TRUE,TRUE
"CNA_event_000335","PAUSIS","HOMDEL",3,3,"ENSE00003529527",11,1,TRUE,TRUE
"CNA_event_000336","PAURSX","HOMDEL",1,1,"ENSE00001833804",150,1,TRUE,TRUE
"CNA_event_000336","PAURSX","HOMDEL",2,2,"ENSE00003496053",307,1,TRUE,TRUE
"CNA_event_000336","PAURSX","HOMDEL",3,3,"ENSE00003529527",11,1,TRUE,TRUE
"CNA_event_000337","PAURLU","HOMDEL",1,1,"ENSE00001833804",150,1,TRUE,TRUE
"CNA_event_000337","PAURLU","HOMDEL",2,2,"ENSE00003496053",307,1,TRUE,TRUE
"CNA_event_000337","PAURLU","HOMDEL",3,3,"ENSE00003529527",11,1,TRUE,TRUE
"CNA_event_000338","PAUMKL","HOMDEL",1,1,"ENSE00001833804",150,1,TRUE,TRUE
"CNA_event_000338","PAUMKL","HOMDEL",2,2,"ENSE00003496053",307,1,TRUE,TRUE
"CNA_event_000338","PAUMKL","HOMDEL",3,3,"ENSE00003529527",11,1,TRUE,TRUE
"CNA_event_000339","PAULZF","HOMDEL",1,1,"ENSE00001833804",150,1,TRUE,TRUE
"CNA_event_000339","PAULZF","HOMDEL",2,2,"ENSE00003496053",307,1,TRUE,TRUE
"CNA_event_000339","PAULZF","HOMDEL",3,3,"ENSE00003529527",11,1,TRUE,TRUE
"CNA_event_000340","PAULGX","HOMDEL",1,1,"ENSE00001833804",150,1,TRUE,TRUE
"CNA_event_000340","PAULGX","HOMDEL",2,2,"ENSE00003496053",307,1,TRUE,TRUE
"CNA_event_000340","PAULGX","HOMDEL",3,3,"ENSE00003529527",11,1,TRUE,TRUE
"CNA_event_000342","PAULGR","HOMDEL",1,1,"ENSE00001833804",150,1,TRUE,TRUE
"CNA_event_000342","PAULGR","HOMDEL",2,2,"ENSE00003496053",307,1,TRUE,TRUE
"CNA_event_000342","PAULGR","HOMDEL",3,3,"ENSE00003529527",11,1,TRUE,TRUE
"CNA_event_000343","PAUJXZ","HOMDEL",1,1,"ENSE00001833804",150,1,TRUE,TRUE
"CNA_event_000343","PAUJXZ","HOMDEL",2,2,"ENSE00003496053",307,1,TRUE,TRUE
"CNA_event_000343","PAUJXZ","HOMDEL",3,3,"ENSE00003529527",11,1,TRUE,TRUE
"CNA_event_000344","PAUIMK","HOMDEL",1,1,"ENSE00001833804",150,1,TRUE,TRUE
"CNA_event_000344","PAUIMK","HOMDEL",2,2,"ENSE00003496053",307,1,TRUE,TRUE
"CNA_event_000344","PAUIMK","HOMDEL",3,3,"ENSE00003529527",11,1,TRUE,TRUE
"CNA_event_000345","PAUIFA","HOMDEL",1,1,"ENSE00001833804",150,1,TRUE,TRUE
"CNA_event_000345","PAUIFA","HOMDEL",2,2,"ENSE00003496053",307,1,TRUE,TRUE
"CNA_event_000345","PAUIFA","HOMDEL",3,3,"ENSE00003529527",11,1,TRUE,TRUE
"CNA_event_000346","PAUIEM","HOMDEL",1,1,"ENSE00001833804",150,1,TRUE,TRUE
"CNA_event_000346","PAUIEM","HOMDEL",2,2,"ENSE00003496053",307,1,TRUE,TRUE
"CNA_event_000346","PAUIEM","HOMDEL",3,3,"ENSE00003529527",11,1,TRUE,TRUE
"CNA_event_000347","PAUHYI","HOMDEL",1,1,"ENSE00001833804",150,1,TRUE,TRUE
"CNA_event_000347","PAUHYI","HOMDEL",2,2,"ENSE00003496053",307,1,TRUE,TRUE
"CNA_event_000347","PAUHYI","HOMDEL",3,3,"ENSE00003529527",11,1,TRUE,TRUE
"CNA_event_000348","PAUHPC","HOMDEL",1,1,"ENSE00001833804",150,1,TRUE,TRUE
"CNA_event_000348","PAUHPC","HOMDEL",2,2,"ENSE00003496053",307,1,TRUE,TRUE
"CNA_event_000348","PAUHPC","HOMDEL",3,3,"ENSE00003529527",11,1,TRUE,TRUE
"CNA_event_000350","PAUGTY","HOMDEL",1,1,"ENSE00001833804",150,1,TRUE,TRUE
"CNA_event_000350","PAUGTY","HOMDEL",2,2,"ENSE00003496053",307,1,TRUE,TRUE
"CNA_event_000350","PAUGTY","HOMDEL",3,3,"ENSE00003529527",11,1,TRUE,TRUE
"CNA_event_000351","PAUGPY","HOMDEL",1,1,"ENSE00001833804",150,1,TRUE,TRUE
"CNA_event_000351","PAUGPY","HOMDEL",2,2,"ENSE00003496053",307,1,TRUE,TRUE
"CNA_event_000351","PAUGPY","HOMDEL",3,3,"ENSE00003529527",11,1,TRUE,TRUE
"CNA_event_000352","PAUGLY","HOMDEL",1,1,"ENSE00001833804",150,1,TRUE,TRUE
"CNA_event_000352","PAUGLY","HOMDEL",2,2,"ENSE00003496053",307,1,TRUE,TRUE
"CNA_event_000352","PAUGLY","HOMDEL",3,3,"ENSE00003529527",11,1,TRUE,TRUE
"CNA_event_000353","PAUGLK","HOMDEL",1,1,"ENSE00001833804",150,1,TRUE,TRUE
"CNA_event_000353","PAUGLK","HOMDEL",2,2,"ENSE00003496053",307,1,TRUE,TRUE
"CNA_event_000353","PAUGLK","HOMDEL",3,3,"ENSE00003529527",11,1,TRUE,TRUE
"CNA_event_000354","PAUGDZ","HOMDEL",1,1,"ENSE00001833804",150,1,TRUE,TRUE
"CNA_event_000354","PAUGDZ","HOMDEL",2,2,"ENSE00003496053",307,1,TRUE,TRUE
"CNA_event_000354","PAUGDZ","HOMDEL",3,3,"ENSE00003529527",11,1,TRUE,TRUE
"CNA_event_000355","PAUGAP","HOMDEL",1,1,"ENSE00001833804",150,1,TRUE,TRUE
"CNA_event_000355","PAUGAP","HOMDEL",2,2,"ENSE00003496053",307,1,TRUE,TRUE
"CNA_event_000355","PAUGAP","HOMDEL",3,3,"ENSE00003529527",11,1,TRUE,TRUE
"CNA_event_000356","PAUFFN","HOMDEL",1,1,"ENSE00001833804",150,1,TRUE,TRUE
"CNA_event_000356","PAUFFN","HOMDEL",2,2,"ENSE00003496053",307,1,TRUE,TRUE
"CNA_event_000356","PAUFFN","HOMDEL",3,3,"ENSE00003529527",11,1,TRUE,TRUE
"CNA_event_000357","PAUEUC","HOMDEL",1,1,"ENSE00001833804",150,1,TRUE,TRUE
"CNA_event_000357","PAUEUC","HOMDEL",2,2,"ENSE00003496053",307,1,TRUE,TRUE
"CNA_event_000357","PAUEUC","HOMDEL",3,3,"ENSE00003529527",11,1,TRUE,TRUE
"CNA_event_000358","PAUETF","HOMDEL",1,1,"ENSE00001833804",150,1,TRUE,TRUE
"CNA_event_000358","PAUETF","HOMDEL",2,2,"ENSE00003496053",307,1,TRUE,TRUE
"CNA_event_000358","PAUETF","HOMDEL",3,3,"ENSE00003529527",11,1,TRUE,TRUE
"CNA_event_000359","PAUEJV","HOMDEL",1,1,"ENSE00001833804",150,1,TRUE,TRUE
"CNA_event_000359","PAUEJV","HOMDEL",2,2,"ENSE00003496053",307,1,TRUE,TRUE
"CNA_event_000359","PAUEJV","HOMDEL",3,3,"ENSE00003529527",11,1,TRUE,TRUE
"CNA_event_000360","PAUDPH","HOMDEL",1,1,"ENSE00001833804",150,1,TRUE,TRUE
"CNA_event_000360","PAUDPH","HOMDEL",2,2,"ENSE00003496053",307,1,TRUE,TRUE
"CNA_event_000360","PAUDPH","HOMDEL",3,3,"ENSE00003529527",11,1,TRUE,TRUE
"CNA_event_000361","PAUCRG","HOMDEL",1,1,"ENSE00001833804",150,1,TRUE,TRUE
"CNA_event_000361","PAUCRG","HOMDEL",2,2,"ENSE00003496053",307,1,TRUE,TRUE
"CNA_event_000361","PAUCRG","HOMDEL",3,3,"ENSE00003529527",11,1,TRUE,TRUE
"CNA_event_000363","PAUBCB","HOMDEL",1,1,"ENSE00001833804",150,1,TRUE,TRUE
"CNA_event_000363","PAUBCB","HOMDEL",2,2,"ENSE00003496053",307,1,TRUE,TRUE
"CNA_event_000363","PAUBCB","HOMDEL",3,3,"ENSE00003529527",11,1,TRUE,TRUE
"CNA_event_000364","PAUBBJ","HOMDEL",1,1,"ENSE00001833804",150,1,TRUE,TRUE
"CNA_event_000364","PAUBBJ","HOMDEL",2,2,"ENSE00003496053",307,1,TRUE,TRUE
"CNA_event_000364","PAUBBJ","HOMDEL",3,3,"ENSE00003529527",11,1,TRUE,TRUE
"CNA_event_000365","PAUAZV","HOMDEL",1,1,"ENSE00001833804",150,1,TRUE,TRUE
"CNA_event_000365","PAUAZV","HOMDEL",2,2,"ENSE00003496053",307,1,TRUE,TRUE
"CNA_event_000365","PAUAZV","HOMDEL",3,3,"ENSE00003529527",11,1,TRUE,TRUE
"CNA_event_000366","PAUAIZ","HOMDEL",1,1,"ENSE00001833804",150,1,TRUE,TRUE
"CNA_event_000366","PAUAIZ","HOMDEL",2,2,"ENSE00003496053",307,1,TRUE,TRUE
"CNA_event_000366","PAUAIZ","HOMDEL",3,3,"ENSE00003529527",11,1,TRUE,TRUE
"CNA_event_000367","PAUAFN","HOMDEL",1,1,"ENSE00001833804",150,1,TRUE,TRUE
"CNA_event_000367","PAUAFN","HOMDEL",2,2,"ENSE00003496053",307,1,TRUE,TRUE
"CNA_event_000367","PAUAFN","HOMDEL",3,3,"ENSE00003529527",11,1,TRUE,TRUE
"CNA_event_000369","PATZST","HOMDEL",1,1,"ENSE00001833804",150,1,TRUE,TRUE
"CNA_event_000369","PATZST","HOMDEL",2,2,"ENSE00003496053",307,1,TRUE,TRUE
"CNA_event_000369","PATZST","HOMDEL",3,3,"ENSE00003529527",11,1,TRUE,TRUE
"CNA_event_000370","PATZSL","HOMDEL",1,1,"ENSE00001833804",150,1,TRUE,TRUE
"CNA_event_000370","PATZSL","HOMDEL",2,2,"ENSE00003496053",307,1,TRUE,TRUE
"CNA_event_000370","PATZSL","HOMDEL",3,3,"ENSE00003529527",11,1,TRUE,TRUE
"CNA_event_000371","PATYMP","HOMDEL",1,1,"ENSE00001833804",150,1,TRUE,TRUE
"CNA_event_000371","PATYMP","HOMDEL",2,2,"ENSE00003496053",307,1,TRUE,TRUE
"CNA_event_000371","PATYMP","HOMDEL",3,3,"ENSE00003529527",11,1,TRUE,TRUE
"CNA_event_000372","PATWXC","HOMDEL",1,1,"ENSE00001833804",150,1,TRUE,TRUE
"CNA_event_000372","PATWXC","HOMDEL",2,2,"ENSE00003496053",307,1,TRUE,TRUE
"CNA_event_000372","PATWXC","HOMDEL",3,3,"ENSE00003529527",11,1,TRUE,TRUE
"CNA_event_000373","PATVDU","HOMDEL",1,1,"ENSE00001833804",150,1,TRUE,TRUE
"CNA_event_000373","PATVDU","HOMDEL",2,2,"ENSE00003496053",307,1,TRUE,TRUE
"CNA_event_000373","PATVDU","HOMDEL",3,3,"ENSE00003529527",11,1,TRUE,TRUE
"CNA_event_000374","PATUDM","HOMDEL",1,1,"ENSE00001833804",150,1,TRUE,TRUE
"CNA_event_000374","PATUDM","HOMDEL",2,2,"ENSE00003496053",307,1,TRUE,TRUE
"CNA_event_000374","PATUDM","HOMDEL",3,3,"ENSE00003529527",11,1,TRUE,TRUE
"CNA_event_000375","PATSPG","HOMDEL",1,1,"ENSE00001833804",150,1,TRUE,TRUE
"CNA_event_000375","PATSPG","HOMDEL",2,2,"ENSE00003496053",307,1,TRUE,TRUE
"CNA_event_000375","PATSPG","HOMDEL",3,3,"ENSE00003529527",11,1,TRUE,TRUE
"CNA_event_000376","PATSDS","HOMDEL",1,1,"ENSE00001833804",150,1,TRUE,TRUE
"CNA_event_000376","PATSDS","HOMDEL",2,2,"ENSE00003496053",307,1,TRUE,TRUE
"CNA_event_000376","PATSDS","HOMDEL",3,3,"ENSE00003529527",11,1,TRUE,TRUE
"CNA_event_000377","PATRNA","HOMDEL",1,1,"ENSE00001833804",150,1,TRUE,TRUE
"CNA_event_000377","PATRNA","HOMDEL",2,2,"ENSE00003496053",307,1,TRUE,TRUE
"CNA_event_000377","PATRNA","HOMDEL",3,3,"ENSE00003529527",11,1,TRUE,TRUE
"CNA_event_000378","PATRGV","HOMDEL",1,1,"ENSE00001833804",150,1,TRUE,TRUE
"CNA_event_000378","PATRGV","HOMDEL",2,2,"ENSE00003496053",307,1,TRUE,TRUE
"CNA_event_000378","PATRGV","HOMDEL",3,3,"ENSE00003529527",11,1,TRUE,TRUE
"CNA_event_000379","PATPDA","HOMDEL",3,3,"ENSE00003529527",11,1,TRUE,TRUE
"CNA_event_000380","PATMVH","HOMDEL",1,1,"ENSE00001833804",150,1,TRUE,TRUE
"CNA_event_000380","PATMVH","HOMDEL",2,2,"ENSE00003496053",307,1,TRUE,TRUE
"CNA_event_000380","PATMVH","HOMDEL",3,3,"ENSE00003529527",11,1,TRUE,TRUE
"CNA_event_000381","PATMCX","HOMDEL",1,1,"ENSE00001833804",150,1,TRUE,TRUE
"CNA_event_000381","PATMCX","HOMDEL",2,2,"ENSE00003496053",307,1,TRUE,TRUE
"CNA_event_000381","PATMCX","HOMDEL",3,3,"ENSE00003529527",11,1,TRUE,TRUE
"CNA_event_000382","PATLRW","HOMDEL",1,1,"ENSE00001833804",150,1,TRUE,TRUE
"CNA_event_000382","PATLRW","HOMDEL",2,2,"ENSE00003496053",307,1,TRUE,TRUE
"CNA_event_000382","PATLRW","HOMDEL",3,3,"ENSE00003529527",11,1,TRUE,TRUE
"CNA_event_000383","PATLPN","HOMDEL",1,1,"ENSE00001833804",150,1,TRUE,TRUE
"CNA_event_000383","PATLPN","HOMDEL",2,2,"ENSE00003496053",307,1,TRUE,TRUE
"CNA_event_000383","PATLPN","HOMDEL",3,3,"ENSE00003529527",11,1,TRUE,TRUE
"CNA_event_000384","PATLLH","HOMDEL",1,1,"ENSE00001833804",150,1,TRUE,TRUE
"CNA_event_000384","PATLLH","HOMDEL",2,2,"ENSE00003496053",307,1,TRUE,TRUE
"CNA_event_000384","PATLLH","HOMDEL",3,3,"ENSE00003529527",11,1,TRUE,TRUE
"CNA_event_000385","PATKVD","HOMDEL",1,1,"ENSE00001833804",150,1,TRUE,TRUE
"CNA_event_000385","PATKVD","HOMDEL",2,2,"ENSE00003496053",307,1,TRUE,TRUE
"CNA_event_000385","PATKVD","HOMDEL",3,3,"ENSE00003529527",11,1,TRUE,TRUE
"CNA_event_000386","PATJLY","HOMDEL",1,1,"ENSE00001833804",150,1,TRUE,TRUE
"CNA_event_000386","PATJLY","HOMDEL",2,2,"ENSE00003496053",307,1,TRUE,TRUE
"CNA_event_000386","PATJLY","HOMDEL",3,3,"ENSE00003529527",11,1,TRUE,TRUE
"CNA_event_000387","PATIHV","HOMDEL",1,1,"ENSE00001833804",150,1,TRUE,TRUE
"CNA_event_000387","PATIHV","HOMDEL",2,2,"ENSE00003496053",307,1,TRUE,TRUE
"CNA_event_000387","PATIHV","HOMDEL",3,3,"ENSE00003529527",11,1,TRUE,TRUE
"CNA_event_000388","PATHRF","HOMDEL",1,1,"ENSE00001833804",150,1,TRUE,TRUE
"CNA_event_000388","PATHRF","HOMDEL",2,2,"ENSE00003496053",307,1,TRUE,TRUE
"CNA_event_000388","PATHRF","HOMDEL",3,3,"ENSE00003529527",11,1,TRUE,TRUE
"CNA_event_000389","PATGMP","HOMDEL",1,1,"ENSE00001833804",150,1,TRUE,TRUE
"CNA_event_000389","PATGMP","HOMDEL",2,2,"ENSE00003496053",307,1,TRUE,TRUE
"CNA_event_000389","PATGMP","HOMDEL",3,3,"ENSE00003529527",11,1,TRUE,TRUE
"CNA_event_000390","PATGKE","HOMDEL",1,1,"ENSE00001833804",150,1,TRUE,TRUE
"CNA_event_000390","PATGKE","HOMDEL",2,2,"ENSE00003496053",307,1,TRUE,TRUE
"CNA_event_000390","PATGKE","HOMDEL",3,3,"ENSE00003529527",11,1,TRUE,TRUE
"CNA_event_000391","PATFPU","HOMDEL",1,1,"ENSE00001833804",150,1,TRUE,TRUE
"CNA_event_000391","PATFPU","HOMDEL",2,2,"ENSE00003496053",307,1,TRUE,TRUE
"CNA_event_000391","PATFPU","HOMDEL",3,3,"ENSE00003529527",11,1,TRUE,TRUE
"CNA_event_000392","PATFJP","HOMDEL",1,1,"ENSE00001833804",150,1,TRUE,TRUE
"CNA_event_000392","PATFJP","HOMDEL",2,2,"ENSE00003496053",307,1,TRUE,TRUE
"CNA_event_000392","PATFJP","HOMDEL",3,3,"ENSE00003529527",11,1,TRUE,TRUE
"CNA_event_000393","PATEFF","HOMDEL",1,1,"ENSE00001833804",150,1,TRUE,TRUE
"CNA_event_000393","PATEFF","HOMDEL",2,2,"ENSE00003496053",307,1,TRUE,TRUE
"CNA_event_000393","PATEFF","HOMDEL",3,3,"ENSE00003529527",11,1,TRUE,TRUE
"CNA_event_000394","PATEAK","HOMDEL",1,1,"ENSE00001833804",150,1,TRUE,TRUE
"CNA_event_000394","PATEAK","HOMDEL",2,2,"ENSE00003496053",307,1,TRUE,TRUE
"CNA_event_000394","PATEAK","HOMDEL",3,3,"ENSE00003529527",11,1,TRUE,TRUE
"CNA_event_000395","PATDTN","HOMDEL",1,1,"ENSE00001833804",150,1,TRUE,TRUE
"CNA_event_000395","PATDTN","HOMDEL",2,2,"ENSE00003496053",307,1,TRUE,TRUE
"CNA_event_000395","PATDTN","HOMDEL",3,3,"ENSE00003529527",11,1,TRUE,TRUE
"CNA_event_000396","PATDDZ","HOMDEL",1,1,"ENSE00001833804",150,1,TRUE,TRUE
"CNA_event_000396","PATDDZ","HOMDEL",2,2,"ENSE00003496053",307,1,TRUE,TRUE
"CNA_event_000396","PATDDZ","HOMDEL",3,3,"ENSE00003529527",11,1,TRUE,TRUE
"CNA_event_000398","PATDBC","HOMDEL",1,1,"ENSE00001833804",150,1,TRUE,TRUE
"CNA_event_000398","PATDBC","HOMDEL",2,2,"ENSE00003496053",307,1,TRUE,TRUE
"CNA_event_000398","PATDBC","HOMDEL",3,3,"ENSE00003529527",11,1,TRUE,TRUE
"CNA_event_000399","PATCZN","HOMDEL",1,1,"ENSE00001833804",150,1,TRUE,TRUE
"CNA_event_000399","PATCZN","HOMDEL",2,2,"ENSE00003496053",307,1,TRUE,TRUE
"CNA_event_000399","PATCZN","HOMDEL",3,3,"ENSE00003529527",11,1,TRUE,TRUE
"CNA_event_000400","PATCTR","HOMDEL",1,1,"ENSE00001833804",150,1,TRUE,TRUE
"CNA_event_000400","PATCTR","HOMDEL",2,2,"ENSE00003496053",307,1,TRUE,TRUE
"CNA_event_000400","PATCTR","HOMDEL",3,3,"ENSE00003529527",11,1,TRUE,TRUE
"CNA_event_000401","PATBTX","HOMDEL",1,1,"ENSE00001833804",150,1,TRUE,TRUE
"CNA_event_000401","PATBTX","HOMDEL",2,2,"ENSE00003496053",307,1,TRUE,TRUE
"CNA_event_000401","PATBTX","HOMDEL",3,3,"ENSE00003529527",11,1,TRUE,TRUE
"CNA_event_000402","PATBPY","HOMDEL",1,1,"ENSE00001833804",150,1,TRUE,TRUE
"CNA_event_000402","PATBPY","HOMDEL",2,2,"ENSE00003496053",307,1,TRUE,TRUE
"CNA_event_000402","PATBPY","HOMDEL",3,3,"ENSE00003529527",11,1,TRUE,TRUE
"CNA_event_000403","PATBGH","HOMDEL",1,1,"ENSE00001833804",150,1,TRUE,TRUE
"CNA_event_000403","PATBGH","HOMDEL",2,2,"ENSE00003496053",307,1,TRUE,TRUE
"CNA_event_000403","PATBGH","HOMDEL",3,3,"ENSE00003529527",11,1,TRUE,TRUE
"CNA_event_000404","PATATZ","HOMDEL",1,1,"ENSE00001833804",150,1,TRUE,TRUE
"CNA_event_000404","PATATZ","HOMDEL",2,2,"ENSE00003496053",307,1,TRUE,TRUE
"CNA_event_000404","PATATZ","HOMDEL",3,3,"ENSE00003529527",11,1,TRUE,TRUE
"CNA_event_000405","PASZTU","HOMDEL",1,1,"ENSE00001833804",150,1,TRUE,TRUE
"CNA_event_000405","PASZTU","HOMDEL",2,2,"ENSE00003496053",307,1,TRUE,TRUE
"CNA_event_000405","PASZTU","HOMDEL",3,3,"ENSE00003529527",11,1,TRUE,TRUE
"CNA_event_000406","PASZAY","HOMDEL",1,1,"ENSE00001833804",150,1,TRUE,TRUE
"CNA_event_000406","PASZAY","HOMDEL",2,2,"ENSE00003496053",307,1,TRUE,TRUE
"CNA_event_000406","PASZAY","HOMDEL",3,3,"ENSE00003529527",11,1,TRUE,TRUE
"CNA_event_000407","PASYWF","HOMDEL",1,1,"ENSE00001833804",150,1,TRUE,TRUE
"CNA_event_000407","PASYWF","HOMDEL",2,2,"ENSE00003496053",307,1,TRUE,TRUE
"CNA_event_000407","PASYWF","HOMDEL",3,3,"ENSE00003529527",11,1,TRUE,TRUE
"CNA_event_000408","PASYVU","HOMDEL",1,1,"ENSE00001833804",150,1,TRUE,TRUE
"CNA_event_000408","PASYVU","HOMDEL",2,2,"ENSE00003496053",307,1,TRUE,TRUE
"CNA_event_000408","PASYVU","HOMDEL",3,3,"ENSE00003529527",11,1,TRUE,TRUE
"CNA_event_000410","PASXUC","HOMDEL",1,1,"ENSE00001833804",150,1,TRUE,TRUE
"CNA_event_000410","PASXUC","HOMDEL",2,2,"ENSE00003496053",307,1,TRUE,TRUE
"CNA_event_000410","PASXUC","HOMDEL",3,3,"ENSE00003529527",11,1,TRUE,TRUE
"CNA_event_000411","PASXSI","HOMDEL",1,1,"ENSE00001833804",150,1,TRUE,TRUE
"CNA_event_000411","PASXSI","HOMDEL",2,2,"ENSE00003496053",307,1,TRUE,TRUE
"CNA_event_000411","PASXSI","HOMDEL",3,3,"ENSE00003529527",11,1,TRUE,TRUE
"CNA_event_000412","PASXMF","HOMDEL",1,1,"ENSE00001833804",150,1,TRUE,TRUE
"CNA_event_000412","PASXMF","HOMDEL",2,2,"ENSE00003496053",307,1,TRUE,TRUE
"CNA_event_000412","PASXMF","HOMDEL",3,3,"ENSE00003529527",11,1,TRUE,TRUE
"CNA_event_000413","PASWYU","HOMDEL",1,1,"ENSE00001833804",150,1,TRUE,TRUE
"CNA_event_000413","PASWYU","HOMDEL",2,2,"ENSE00003496053",307,1,TRUE,TRUE
"CNA_event_000413","PASWYU","HOMDEL",3,3,"ENSE00003529527",11,1,TRUE,TRUE
"CNA_event_000414","PASWED","HOMDEL",1,1,"ENSE00001833804",150,1,TRUE,TRUE
"CNA_event_000414","PASWED","HOMDEL",2,2,"ENSE00003496053",307,1,TRUE,TRUE
"CNA_event_000414","PASWED","HOMDEL",3,3,"ENSE00003529527",11,1,TRUE,TRUE
"CNA_event_000415","PASWBJ","HOMDEL",1,1,"ENSE00001833804",150,1,TRUE,TRUE
"CNA_event_000415","PASWBJ","HOMDEL",2,2,"ENSE00003496053",307,1,TRUE,TRUE
"CNA_event_000415","PASWBJ","HOMDEL",3,3,"ENSE00003529527",11,1,TRUE,TRUE
"CNA_event_000416","PASVWH","HOMDEL",1,1,"ENSE00001833804",150,1,TRUE,TRUE
"CNA_event_000416","PASVWH","HOMDEL",2,2,"ENSE00003496053",307,1,TRUE,TRUE
"CNA_event_000416","PASVWH","HOMDEL",3,3,"ENSE00003529527",11,1,TRUE,TRUE
"CNA_event_000417","PASVRC","HOMDEL",1,1,"ENSE00001833804",150,1,TRUE,TRUE
"CNA_event_000417","PASVRC","HOMDEL",2,2,"ENSE00003496053",307,1,TRUE,TRUE
"CNA_event_000417","PASVRC","HOMDEL",3,3,"ENSE00003529527",11,1,TRUE,TRUE
"CNA_event_000418","PASUSV","HOMDEL",1,1,"ENSE00001833804",150,1,TRUE,TRUE
"CNA_event_000418","PASUSV","HOMDEL",2,2,"ENSE00003496053",307,1,TRUE,TRUE
"CNA_event_000418","PASUSV","HOMDEL",3,3,"ENSE00003529527",11,1,TRUE,TRUE
"CNA_event_000419","PASUNM","HOMDEL",1,1,"ENSE00001833804",150,1,TRUE,TRUE
"CNA_event_000419","PASUNM","HOMDEL",2,2,"ENSE00003496053",307,1,TRUE,TRUE
"CNA_event_000419","PASUNM","HOMDEL",3,3,"ENSE00003529527",11,1,TRUE,TRUE
"CNA_event_000420","PASUHS","HOMDEL",1,1,"ENSE00001833804",150,1,TRUE,TRUE
"CNA_event_000420","PASUHS","HOMDEL",2,2,"ENSE00003496053",307,1,TRUE,TRUE
"CNA_event_000420","PASUHS","HOMDEL",3,3,"ENSE00003529527",11,1,TRUE,TRUE
"CNA_event_000421","PASTLI","HOMDEL",1,1,"ENSE00001833804",150,1,TRUE,TRUE
"CNA_event_000421","PASTLI","HOMDEL",2,2,"ENSE00003496053",307,1,TRUE,TRUE
"CNA_event_000421","PASTLI","HOMDEL",3,3,"ENSE00003529527",11,1,TRUE,TRUE
"CNA_event_000422","PASTJN","HOMDEL",1,1,"ENSE00001833804",150,1,TRUE,TRUE
"CNA_event_000422","PASTJN","HOMDEL",2,2,"ENSE00003496053",307,1,TRUE,TRUE
"CNA_event_000422","PASTJN","HOMDEL",3,3,"ENSE00003529527",11,1,TRUE,TRUE
"CNA_event_000425","PASSSR","HOMDEL",1,1,"ENSE00001833804",150,1,TRUE,TRUE
"CNA_event_000425","PASSSR","HOMDEL",2,2,"ENSE00003496053",307,1,TRUE,TRUE
"CNA_event_000425","PASSSR","HOMDEL",3,3,"ENSE00003529527",11,1,TRUE,TRUE
"CNA_event_000426","PASSEF","HOMDEL",1,1,"ENSE00001833804",150,1,TRUE,TRUE
"CNA_event_000426","PASSEF","HOMDEL",2,2,"ENSE00003496053",307,1,TRUE,TRUE
"CNA_event_000426","PASSEF","HOMDEL",3,3,"ENSE00003529527",11,1,TRUE,TRUE
"CNA_event_000427","PASPNI","HOMDEL",1,1,"ENSE00001833804",150,1,TRUE,TRUE
"CNA_event_000427","PASPNI","HOMDEL",2,2,"ENSE00003496053",307,1,TRUE,TRUE
"CNA_event_000427","PASPNI","HOMDEL",3,3,"ENSE00003529527",11,1,TRUE,TRUE
"CNA_event_000428","PASPLW","HOMDEL",1,1,"ENSE00001833804",150,1,TRUE,TRUE
"CNA_event_000428","PASPLW","HOMDEL",2,2,"ENSE00003496053",307,1,TRUE,TRUE
"CNA_event_000428","PASPLW","HOMDEL",3,3,"ENSE00003529527",11,1,TRUE,TRUE
"CNA_event_000429","PASPLG","HOMDEL",1,1,"ENSE00001833804",150,1,TRUE,TRUE
"CNA_event_000429","PASPLG","HOMDEL",2,2,"ENSE00003496053",307,1,TRUE,TRUE
"CNA_event_000429","PASPLG","HOMDEL",3,3,"ENSE00003529527",11,1,TRUE,TRUE
"CNA_event_000430","PASPDS","HOMDEL",1,1,"ENSE00001833804",150,1,TRUE,TRUE
"CNA_event_000430","PASPDS","HOMDEL",2,2,"ENSE00003496053",307,1,TRUE,TRUE
"CNA_event_000431","PASPBU","HOMDEL",1,1,"ENSE00001833804",150,1,TRUE,TRUE
"CNA_event_000431","PASPBU","HOMDEL",2,2,"ENSE00003496053",307,1,TRUE,TRUE
"CNA_event_000431","PASPBU","HOMDEL",3,3,"ENSE00003529527",11,1,TRUE,TRUE
"CNA_event_000432","PASMNV","HOMDEL",1,1,"ENSE00001833804",150,1,TRUE,TRUE
"CNA_event_000432","PASMNV","HOMDEL",2,2,"ENSE00003496053",307,1,TRUE,TRUE
"CNA_event_000432","PASMNV","HOMDEL",3,3,"ENSE00003529527",11,1,TRUE,TRUE
"CNA_event_000433","PASLPH","HOMDEL",1,1,"ENSE00001833804",150,1,TRUE,TRUE
"CNA_event_000433","PASLPH","HOMDEL",2,2,"ENSE00003496053",307,1,TRUE,TRUE
"CNA_event_000433","PASLPH","HOMDEL",3,3,"ENSE00003529527",11,1,TRUE,TRUE
"CNA_event_000434","PASKXA","HOMDEL",1,1,"ENSE00001833804",150,1,TRUE,TRUE
"CNA_event_000434","PASKXA","HOMDEL",2,2,"ENSE00003496053",307,1,TRUE,TRUE
"CNA_event_000434","PASKXA","HOMDEL",3,3,"ENSE00003529527",11,1,TRUE,TRUE
"CNA_event_000435","PASKLU","HOMDEL",1,1,"ENSE00001833804",150,1,TRUE,TRUE
"CNA_event_000435","PASKLU","HOMDEL",2,2,"ENSE00003496053",307,1,TRUE,TRUE
"CNA_event_000435","PASKLU","HOMDEL",3,3,"ENSE00003529527",11,1,TRUE,TRUE
"CNA_event_000436","PASKAD","HOMDEL",1,1,"ENSE00001833804",150,1,TRUE,TRUE
"CNA_event_000436","PASKAD","HOMDEL",2,2,"ENSE00003496053",307,1,TRUE,TRUE
"CNA_event_000436","PASKAD","HOMDEL",3,3,"ENSE00003529527",11,1,TRUE,TRUE
"CNA_event_000438","PASINX","HOMDEL",1,1,"ENSE00001833804",150,1,TRUE,TRUE
"CNA_event_000438","PASINX","HOMDEL",2,2,"ENSE00003496053",307,1,TRUE,TRUE
"CNA_event_000438","PASINX","HOMDEL",3,3,"ENSE00003529527",11,1,TRUE,TRUE
"CNA_event_000439","PASGUX","HOMDEL",1,1,"ENSE00001833804",150,1,TRUE,TRUE
"CNA_event_000439","PASGUX","HOMDEL",2,2,"ENSE00003496053",307,1,TRUE,TRUE
"CNA_event_000439","PASGUX","HOMDEL",3,3,"ENSE00003529527",11,1,TRUE,TRUE
"CNA_event_000440","PASFKA","HOMDEL",1,1,"ENSE00001833804",150,1,TRUE,TRUE
"CNA_event_000440","PASFKA","HOMDEL",2,2,"ENSE00003496053",307,1,TRUE,TRUE
"CNA_event_000440","PASFKA","HOMDEL",3,3,"ENSE00003529527",11,1,TRUE,TRUE
"CNA_event_000441","PARYHC","HOMDEL",1,1,"ENSE00001833804",150,1,TRUE,TRUE
"CNA_event_000441","PARYHC","HOMDEL",2,2,"ENSE00003496053",307,1,TRUE,TRUE
"CNA_event_000441","PARYHC","HOMDEL",3,3,"ENSE00003529527",11,1,TRUE,TRUE
"CNA_event_000442","PARXPZ","HOMDEL",1,1,"ENSE00001833804",150,1,TRUE,TRUE
"CNA_event_000443","PARXNI","HOMDEL",1,1,"ENSE00001833804",150,1,TRUE,TRUE
"CNA_event_000443","PARXNI","HOMDEL",2,2,"ENSE00003496053",307,1,TRUE,TRUE
"CNA_event_000443","PARXNI","HOMDEL",3,3,"ENSE00003529527",11,1,TRUE,TRUE
"CNA_event_000444","PARXFY","HOMDEL",1,1,"ENSE00001833804",150,1,TRUE,TRUE
"CNA_event_000444","PARXFY","HOMDEL",2,2,"ENSE00003496053",307,1,TRUE,TRUE
"CNA_event_000444","PARXFY","HOMDEL",3,3,"ENSE00003529527",11,1,TRUE,TRUE
"CNA_event_000445","PARUCV","HOMDEL",1,1,"ENSE00001833804",150,1,TRUE,TRUE
"CNA_event_000445","PARUCV","HOMDEL",2,2,"ENSE00003496053",307,1,TRUE,TRUE
"CNA_event_000445","PARUCV","HOMDEL",3,3,"ENSE00003529527",11,1,TRUE,TRUE
"CNA_event_000446","PARSUU","HOMDEL",1,1,"ENSE00001833804",150,1,TRUE,TRUE
"CNA_event_000446","PARSUU","HOMDEL",2,2,"ENSE00003496053",307,1,TRUE,TRUE
"CNA_event_000446","PARSUU","HOMDEL",3,3,"ENSE00003529527",11,1,TRUE,TRUE
"CNA_event_000447","PARSNX","HOMDEL",1,1,"ENSE00001833804",150,1,TRUE,TRUE
"CNA_event_000447","PARSNX","HOMDEL",2,2,"ENSE00003496053",307,1,TRUE,TRUE
"CNA_event_000447","PARSNX","HOMDEL",3,3,"ENSE00003529527",11,1,TRUE,TRUE
"CNA_event_000448","PARSLA","HOMDEL",1,1,"ENSE00001833804",150,1,TRUE,TRUE
"CNA_event_000448","PARSLA","HOMDEL",2,2,"ENSE00003496053",307,1,TRUE,TRUE
"CNA_event_000448","PARSLA","HOMDEL",3,3,"ENSE00003529527",11,1,TRUE,TRUE
"CNA_event_000449","PARPCK","HOMDEL",1,1,"ENSE00001833804",150,1,TRUE,TRUE
"CNA_event_000449","PARPCK","HOMDEL",2,2,"ENSE00003496053",307,1,TRUE,TRUE
"CNA_event_000449","PARPCK","HOMDEL",3,3,"ENSE00003529527",11,1,TRUE,TRUE
"CNA_event_000450","PARMUC","HOMDEL",1,1,"ENSE00001833804",150,1,TRUE,TRUE
"CNA_event_000450","PARMUC","HOMDEL",2,2,"ENSE00003496053",307,1,TRUE,TRUE
"CNA_event_000450","PARMUC","HOMDEL",3,3,"ENSE00003529527",11,1,TRUE,TRUE
"CNA_event_000451","PARMMV","HOMDEL",1,1,"ENSE00001833804",150,1,TRUE,TRUE
"CNA_event_000451","PARMMV","HOMDEL",2,2,"ENSE00003496053",307,1,TRUE,TRUE
"CNA_event_000451","PARMMV","HOMDEL",3,3,"ENSE00003529527",11,1,TRUE,TRUE
"CNA_event_000453","PARMIA","HOMDEL",1,1,"ENSE00001833804",150,1,TRUE,TRUE
"CNA_event_000453","PARMIA","HOMDEL",2,2,"ENSE00003496053",307,1,TRUE,TRUE
"CNA_event_000453","PARMIA","HOMDEL",3,3,"ENSE00003529527",11,1,TRUE,TRUE
"CNA_event_000456","PARLHD","HOMDEL",1,1,"ENSE00001833804",150,1,TRUE,TRUE
"CNA_event_000456","PARLHD","HOMDEL",2,2,"ENSE00003496053",307,1,TRUE,TRUE
"CNA_event_000456","PARLHD","HOMDEL",3,3,"ENSE00003529527",11,1,TRUE,TRUE
"CNA_event_000457","PARJXW","HOMDEL",1,1,"ENSE00001833804",150,1,TRUE,TRUE
"CNA_event_000457","PARJXW","HOMDEL",2,2,"ENSE00003496053",307,1,TRUE,TRUE
"CNA_event_000457","PARJXW","HOMDEL",3,3,"ENSE00003529527",11,1,TRUE,TRUE
"CNA_event_000458","PARJPL","HOMDEL",1,1,"ENSE00001833804",150,1,TRUE,TRUE
"CNA_event_000458","PARJPL","HOMDEL",2,2,"ENSE00003496053",307,1,TRUE,TRUE
"CNA_event_000458","PARJPL","HOMDEL",3,3,"ENSE00003529527",11,1,TRUE,TRUE
"CNA_event_000459","PARJNX","HOMDEL",1,1,"ENSE00001833804",150,1,TRUE,TRUE
"CNA_event_000459","PARJNX","HOMDEL",2,2,"ENSE00003496053",307,1,TRUE,TRUE
"CNA_event_000459","PARJNX","HOMDEL",3,3,"ENSE00003529527",11,1,TRUE,TRUE
"CNA_event_000460","PARJAY","HOMDEL",1,1,"ENSE00001833804",150,1,TRUE,TRUE
"CNA_event_000460","PARJAY","HOMDEL",2,2,"ENSE00003496053",307,1,TRUE,TRUE
"CNA_event_000460","PARJAY","HOMDEL",3,3,"ENSE00003529527",11,1,TRUE,TRUE
"CNA_event_000461","PARIFC","HOMDEL",1,1,"ENSE00001833804",150,1,TRUE,TRUE
"CNA_event_000461","PARIFC","HOMDEL",2,2,"ENSE00003496053",307,1,TRUE,TRUE
"CNA_event_000461","PARIFC","HOMDEL",3,3,"ENSE00003529527",11,1,TRUE,TRUE
"CNA_event_000462","PARHBT","HOMDEL",1,1,"ENSE00001833804",150,1,TRUE,TRUE
"CNA_event_000462","PARHBT","HOMDEL",2,2,"ENSE00003496053",307,1,TRUE,TRUE
"CNA_event_000462","PARHBT","HOMDEL",3,3,"ENSE00003529527",11,1,TRUE,TRUE
"CNA_event_000463","PAWLSN","HOMDEL",1,1,"ENSE00001833804",150,1,TRUE,TRUE
"CNA_event_000464","PAWKZN","HOMDEL",1,1,"ENSE00001833804",150,1,TRUE,TRUE
"CNA_event_000464","PAWKZN","HOMDEL",2,2,"ENSE00003496053",307,1,TRUE,TRUE
"CNA_event_000464","PAWKZN","HOMDEL",3,3,"ENSE00003529527",11,1,TRUE,TRUE
"CNA_event_000465","PAWKSC","HOMDEL",1,1,"ENSE00001833804",150,1,TRUE,TRUE
"CNA_event_000465","PAWKSC","HOMDEL",2,2,"ENSE00003496053",307,1,TRUE,TRUE
"CNA_event_000465","PAWKSC","HOMDEL",3,3,"ENSE00003529527",11,1,TRUE,TRUE
"CNA_event_000466","PAWKIT","HOMDEL",1,1,"ENSE00001833804",150,1,TRUE,TRUE
"CNA_event_000466","PAWKIT","HOMDEL",2,2,"ENSE00003496053",307,1,TRUE,TRUE
"CNA_event_000466","PAWKIT","HOMDEL",3,3,"ENSE00003529527",11,1,TRUE,TRUE
"CNA_event_000467","PAWJYN","HOMDEL",1,1,"ENSE00001833804",150,1,TRUE,TRUE
"CNA_event_000467","PAWJYN","HOMDEL",2,2,"ENSE00003496053",307,1,TRUE,TRUE
"CNA_event_000467","PAWJYN","HOMDEL",3,3,"ENSE00003529527",11,1,TRUE,TRUE
"CNA_event_000468","PAWJKM","HOMDEL",1,1,"ENSE00001833804",150,1,TRUE,TRUE
"CNA_event_000468","PAWJKM","HOMDEL",2,2,"ENSE00003496053",307,1,TRUE,TRUE
"CNA_event_000468","PAWJKM","HOMDEL",3,3,"ENSE00003529527",11,1,TRUE,TRUE
"CNA_event_000469","PAWJDS","HOMDEL",1,1,"ENSE00001833804",150,1,TRUE,TRUE
"CNA_event_000469","PAWJDS","HOMDEL",2,2,"ENSE00003496053",307,1,TRUE,TRUE
"CNA_event_000469","PAWJDS","HOMDEL",3,3,"ENSE00003529527",11,1,TRUE,TRUE
"CNA_event_000470","PAWIWS","HOMDEL",1,1,"ENSE00001833804",150,1,TRUE,TRUE
"CNA_event_000470","PAWIWS","HOMDEL",2,2,"ENSE00003496053",307,1,TRUE,TRUE
"CNA_event_000470","PAWIWS","HOMDEL",3,3,"ENSE00003529527",11,1,TRUE,TRUE
"CNA_event_000471","PAWIRN","HOMDEL",1,1,"ENSE00001833804",150,1,TRUE,TRUE
"CNA_event_000471","PAWIRN","HOMDEL",2,2,"ENSE00003496053",307,1,TRUE,TRUE
"CNA_event_000471","PAWIRN","HOMDEL",3,3,"ENSE00003529527",11,1,TRUE,TRUE
"CNA_event_000472","PAWIRJ","HOMDEL",1,1,"ENSE00001833804",150,1,TRUE,TRUE
"CNA_event_000472","PAWIRJ","HOMDEL",2,2,"ENSE00003496053",307,1,TRUE,TRUE
"CNA_event_000472","PAWIRJ","HOMDEL",3,3,"ENSE00003529527",11,1,TRUE,TRUE
"CNA_event_000473","PAWIIR","HOMDEL",1,1,"ENSE00001833804",150,1,TRUE,TRUE
"CNA_event_000473","PAWIIR","HOMDEL",2,2,"ENSE00003496053",307,1,TRUE,TRUE
"CNA_event_000473","PAWIIR","HOMDEL",3,3,"ENSE00003529527",11,1,TRUE,TRUE
"CNA_event_000474","PAWGYW","HOMDEL",1,1,"ENSE00001833804",150,1,TRUE,TRUE
"CNA_event_000474","PAWGYW","HOMDEL",2,2,"ENSE00003496053",307,1,TRUE,TRUE
"CNA_event_000474","PAWGYW","HOMDEL",3,3,"ENSE00003529527",11,1,TRUE,TRUE
"CNA_event_000475","PAWGDG","HOMDEL",1,1,"ENSE00001833804",150,1,TRUE,TRUE
"CNA_event_000475","PAWGDG","HOMDEL",2,2,"ENSE00003496053",307,1,TRUE,TRUE
"CNA_event_000475","PAWGDG","HOMDEL",3,3,"ENSE00003529527",11,1,TRUE,TRUE
"CNA_event_000476","PAWGCK","HOMDEL",1,1,"ENSE00001833804",150,1,TRUE,TRUE
"CNA_event_000476","PAWGCK","HOMDEL",2,2,"ENSE00003496053",307,1,TRUE,TRUE
"CNA_event_000476","PAWGCK","HOMDEL",3,3,"ENSE00003529527",11,1,TRUE,TRUE
"CNA_event_000477","PAWESJ","HOMDEL",1,1,"ENSE00001833804",150,1,TRUE,TRUE
"CNA_event_000477","PAWESJ","HOMDEL",2,2,"ENSE00003496053",307,1,TRUE,TRUE
"CNA_event_000477","PAWESJ","HOMDEL",3,3,"ENSE00003529527",11,1,TRUE,TRUE
"CNA_event_000478","PAWDEK","HOMDEL",1,1,"ENSE00001833804",150,1,TRUE,TRUE
"CNA_event_000478","PAWDEK","HOMDEL",2,2,"ENSE00003496053",307,1,TRUE,TRUE
"CNA_event_000478","PAWDEK","HOMDEL",3,3,"ENSE00003529527",11,1,TRUE,TRUE
"CNA_event_000479","PAWCWL","HOMDEL",1,1,"ENSE00001833804",150,1,TRUE,TRUE
"CNA_event_000479","PAWCWL","HOMDEL",2,2,"ENSE00003496053",307,1,TRUE,TRUE
"CNA_event_000479","PAWCWL","HOMDEL",3,3,"ENSE00003529527",11,1,TRUE,TRUE
"CNA_event_000480","PAWBMY","HOMDEL",1,1,"ENSE00001833804",150,1,TRUE,TRUE
"CNA_event_000480","PAWBMY","HOMDEL",2,2,"ENSE00003496053",307,1,TRUE,TRUE
"CNA_event_000480","PAWBMY","HOMDEL",3,3,"ENSE00003529527",11,1,TRUE,TRUE
"CNA_event_000481","PAWBGD","HOMDEL",1,1,"ENSE00001833804",150,1,TRUE,TRUE
"CNA_event_000481","PAWBGD","HOMDEL",2,2,"ENSE00003496053",307,1,TRUE,TRUE
"CNA_event_000481","PAWBGD","HOMDEL",3,3,"ENSE00003529527",11,1,TRUE,TRUE
"CNA_event_000482","PAWAYT","HOMDEL",1,1,"ENSE00001833804",150,1,TRUE,TRUE
"CNA_event_000482","PAWAYT","HOMDEL",2,2,"ENSE00003496053",307,1,TRUE,TRUE
"CNA_event_000482","PAWAYT","HOMDEL",3,3,"ENSE00003529527",11,1,TRUE,TRUE
"CNA_event_000483","PAWAIN","HOMDEL",1,1,"ENSE00001833804",150,1,TRUE,TRUE
"CNA_event_000483","PAWAIN","HOMDEL",2,2,"ENSE00003496053",307,1,TRUE,TRUE
"CNA_event_000483","PAWAIN","HOMDEL",3,3,"ENSE00003529527",11,1,TRUE,TRUE
"CNA_event_000484","PAWAIM","HOMDEL",1,1,"ENSE00001833804",150,1,TRUE,TRUE
"CNA_event_000484","PAWAIM","HOMDEL",2,2,"ENSE00003496053",307,1,TRUE,TRUE
"CNA_event_000484","PAWAIM","HOMDEL",3,3,"ENSE00003529527",11,1,TRUE,TRUE
"CNA_event_000485","PAWABB","HOMDEL",1,1,"ENSE00001833804",150,1,TRUE,TRUE
"CNA_event_000485","PAWABB","HOMDEL",2,2,"ENSE00003496053",307,1,TRUE,TRUE
"CNA_event_000485","PAWABB","HOMDEL",3,3,"ENSE00003529527",11,1,TRUE,TRUE
"CNA_event_000486","PAVZTC","HOMDEL",1,1,"ENSE00001833804",150,1,TRUE,TRUE
"CNA_event_000488","PAVYSR","HOMDEL",1,1,"ENSE00001833804",150,1,TRUE,TRUE
"CNA_event_000488","PAVYSR","HOMDEL",2,2,"ENSE00003496053",307,1,TRUE,TRUE
"CNA_event_000488","PAVYSR","HOMDEL",3,3,"ENSE00003529527",11,1,TRUE,TRUE
"CNA_event_000489","PAVXYS","HOMDEL",1,1,"ENSE00001833804",150,1,TRUE,TRUE
"CNA_event_000489","PAVXYS","HOMDEL",2,2,"ENSE00003496053",307,1,TRUE,TRUE
"CNA_event_000489","PAVXYS","HOMDEL",3,3,"ENSE00003529527",11,1,TRUE,TRUE
"CNA_event_000490","PAVXUW","HOMDEL",1,1,"ENSE00001833804",150,1,TRUE,TRUE
"CNA_event_000490","PAVXUW","HOMDEL",2,2,"ENSE00003496053",307,1,TRUE,TRUE
"CNA_event_000490","PAVXUW","HOMDEL",3,3,"ENSE00003529527",11,1,TRUE,TRUE
"CNA_event_000491","PAVXPD","HOMDEL",1,1,"ENSE00001833804",150,1,TRUE,TRUE
"CNA_event_000491","PAVXPD","HOMDEL",2,2,"ENSE00003496053",307,1,TRUE,TRUE
"CNA_event_000491","PAVXPD","HOMDEL",3,3,"ENSE00003529527",11,1,TRUE,TRUE
"CNA_event_000492","PAVWNL","HOMDEL",1,1,"ENSE00001833804",150,1,TRUE,TRUE
"CNA_event_000492","PAVWNL","HOMDEL",2,2,"ENSE00003496053",307,1,TRUE,TRUE
"CNA_event_000492","PAVWNL","HOMDEL",3,3,"ENSE00003529527",11,1,TRUE,TRUE
"CNA_event_000493","PAVWLX","HOMDEL",1,1,"ENSE00001833804",150,1,TRUE,TRUE
"CNA_event_000493","PAVWLX","HOMDEL",2,2,"ENSE00003496053",307,1,TRUE,TRUE
"CNA_event_000493","PAVWLX","HOMDEL",3,3,"ENSE00003529527",11,1,TRUE,TRUE
"CNA_event_000494","PAVWJL","HOMDEL",1,1,"ENSE00001833804",150,1,TRUE,TRUE
"CNA_event_000494","PAVWJL","HOMDEL",2,2,"ENSE00003496053",307,1,TRUE,TRUE
"CNA_event_000494","PAVWJL","HOMDEL",3,3,"ENSE00003529527",11,1,TRUE,TRUE
"CNA_event_000495","PAVVHL","HOMDEL",1,1,"ENSE00001833804",150,1,TRUE,TRUE
"CNA_event_000495","PAVVHL","HOMDEL",2,2,"ENSE00003496053",307,1,TRUE,TRUE
"CNA_event_000495","PAVVHL","HOMDEL",3,3,"ENSE00003529527",11,1,TRUE,TRUE
"CNA_event_000496","PAVUKV","HOMDEL",1,1,"ENSE00001833804",150,1,TRUE,TRUE
"CNA_event_000496","PAVUKV","HOMDEL",2,2,"ENSE00003496053",307,1,TRUE,TRUE
"CNA_event_000496","PAVUKV","HOMDEL",3,3,"ENSE00003529527",11,1,TRUE,TRUE
"CNA_event_000497","PAVUCS","HOMDEL",1,1,"ENSE00001833804",150,1,TRUE,TRUE
"CNA_event_000497","PAVUCS","HOMDEL",2,2,"ENSE00003496053",307,1,TRUE,TRUE
"CNA_event_000497","PAVUCS","HOMDEL",3,3,"ENSE00003529527",11,1,TRUE,TRUE
"CNA_event_000499","PAVTAT","HOMDEL",1,1,"ENSE00001833804",150,1,TRUE,TRUE
"CNA_event_000499","PAVTAT","HOMDEL",2,2,"ENSE00003496053",307,1,TRUE,TRUE
"CNA_event_000499","PAVTAT","HOMDEL",3,3,"ENSE00003529527",11,1,TRUE,TRUE
"CNA_event_000500","PAVRUJ","HOMDEL",1,1,"ENSE00001833804",150,1,TRUE,TRUE
"CNA_event_000500","PAVRUJ","HOMDEL",2,2,"ENSE00003496053",307,1,TRUE,TRUE
"CNA_event_000500","PAVRUJ","HOMDEL",3,3,"ENSE00003529527",11,1,TRUE,TRUE
"CNA_event_000501","PAVPEN","HOMDEL",1,1,"ENSE00001833804",150,1,TRUE,TRUE
"CNA_event_000501","PAVPEN","HOMDEL",2,2,"ENSE00003496053",307,1,TRUE,TRUE
"CNA_event_000501","PAVPEN","HOMDEL",3,3,"ENSE00003529527",11,1,TRUE,TRUE
"CNA_event_000502","PAVPCU","HOMDEL",1,1,"ENSE00001833804",150,1,TRUE,TRUE
"CNA_event_000502","PAVPCU","HOMDEL",2,2,"ENSE00003496053",307,1,TRUE,TRUE
"CNA_event_000502","PAVPCU","HOMDEL",3,3,"ENSE00003529527",11,1,TRUE,TRUE
"CNA_event_000503","PAVNRN","HOMDEL",1,1,"ENSE00001833804",150,1,TRUE,TRUE
"CNA_event_000503","PAVNRN","HOMDEL",2,2,"ENSE00003496053",307,1,TRUE,TRUE
"CNA_event_000503","PAVNRN","HOMDEL",3,3,"ENSE00003529527",11,1,TRUE,TRUE
"CNA_event_000504","PAVNHX","HOMDEL",1,1,"ENSE00001833804",150,1,TRUE,TRUE
"CNA_event_000504","PAVNHX","HOMDEL",2,2,"ENSE00003496053",307,1,TRUE,TRUE
"CNA_event_000504","PAVNHX","HOMDEL",3,3,"ENSE00003529527",11,1,TRUE,TRUE
"CNA_event_000505","PAVMLG","HOMDEL",1,1,"ENSE00001833804",150,1,TRUE,TRUE
"CNA_event_000505","PAVMLG","HOMDEL",2,2,"ENSE00003496053",307,1,TRUE,TRUE
"CNA_event_000505","PAVMLG","HOMDEL",3,3,"ENSE00003529527",11,1,TRUE,TRUE
"CNA_event_000506","PAVMGW","HOMDEL",1,1,"ENSE00001833804",150,1,TRUE,TRUE
"CNA_event_000506","PAVMGW","HOMDEL",2,2,"ENSE00003496053",307,1,TRUE,TRUE
"CNA_event_000506","PAVMGW","HOMDEL",3,3,"ENSE00003529527",11,1,TRUE,TRUE
"CNA_event_000507","PAVLWU","HOMDEL",1,1,"ENSE00001833804",150,1,TRUE,TRUE
"CNA_event_000507","PAVLWU","HOMDEL",2,2,"ENSE00003496053",307,1,TRUE,TRUE
"CNA_event_000507","PAVLWU","HOMDEL",3,3,"ENSE00003529527",11,1,TRUE,TRUE
"CNA_event_000508","PAVKUU","HOMDEL",1,1,"ENSE00001833804",150,1,TRUE,TRUE
"CNA_event_000508","PAVKUU","HOMDEL",2,2,"ENSE00003496053",307,1,TRUE,TRUE
"CNA_event_000508","PAVKUU","HOMDEL",3,3,"ENSE00003529527",11,1,TRUE,TRUE
"CNA_event_000509","PAVKPV","HOMDEL",1,1,"ENSE00001833804",150,1,TRUE,TRUE
"CNA_event_000509","PAVKPV","HOMDEL",2,2,"ENSE00003496053",307,1,TRUE,TRUE
"CNA_event_000509","PAVKPV","HOMDEL",3,3,"ENSE00003529527",11,1,TRUE,TRUE
"CNA_event_000510","PAVJWE","HOMDEL",1,1,"ENSE00001833804",150,1,TRUE,TRUE
"CNA_event_000510","PAVJWE","HOMDEL",2,2,"ENSE00003496053",307,1,TRUE,TRUE
"CNA_event_000511","PAVJRI","HOMDEL",1,1,"ENSE00001833804",150,1,TRUE,TRUE
"CNA_event_000511","PAVJRI","HOMDEL",2,2,"ENSE00003496053",307,1,TRUE,TRUE
"CNA_event_000511","PAVJRI","HOMDEL",3,3,"ENSE00003529527",11,1,TRUE,TRUE
"CNA_event_000512","PAVHVN","HOMDEL",1,1,"ENSE00001833804",150,1,TRUE,TRUE
"CNA_event_000512","PAVHVN","HOMDEL",2,2,"ENSE00003496053",307,1,TRUE,TRUE
"CNA_event_000512","PAVHVN","HOMDEL",3,3,"ENSE00003529527",11,1,TRUE,TRUE
"CNA_event_000513","PAVFIF","HOMDEL",1,1,"ENSE00001833804",150,1,TRUE,TRUE
"CNA_event_000513","PAVFIF","HOMDEL",2,2,"ENSE00003496053",307,1,TRUE,TRUE
"CNA_event_000513","PAVFIF","HOMDEL",3,3,"ENSE00003529527",11,1,TRUE,TRUE
"CNA_event_000514","PAVFAX","HOMDEL",1,1,"ENSE00001833804",150,1,TRUE,TRUE
"CNA_event_000514","PAVFAX","HOMDEL",2,2,"ENSE00003496053",307,1,TRUE,TRUE
"CNA_event_000514","PAVFAX","HOMDEL",3,3,"ENSE00003529527",11,1,TRUE,TRUE
"CNA_event_000515","PAVDSJ","HOMDEL",1,1,"ENSE00001833804",150,1,TRUE,TRUE
"CNA_event_000515","PAVDSJ","HOMDEL",2,2,"ENSE00003496053",307,1,TRUE,TRUE
"CNA_event_000515","PAVDSJ","HOMDEL",3,3,"ENSE00003529527",11,1,TRUE,TRUE
"CNA_event_000516","PAVDHU","HOMDEL",1,1,"ENSE00001833804",150,1,TRUE,TRUE
"CNA_event_000516","PAVDHU","HOMDEL",2,2,"ENSE00003496053",307,1,TRUE,TRUE
"CNA_event_000516","PAVDHU","HOMDEL",3,3,"ENSE00003529527",11,1,TRUE,TRUE
"CNA_event_000517","PAVCHZ","HOMDEL",1,1,"ENSE00001833804",150,1,TRUE,TRUE
"CNA_event_000517","PAVCHZ","HOMDEL",2,2,"ENSE00003496053",307,1,TRUE,TRUE
"CNA_event_000517","PAVCHZ","HOMDEL",3,3,"ENSE00003529527",11,1,TRUE,TRUE
"CNA_event_000518","PAVBDL","HOMDEL",1,1,"ENSE00001833804",150,1,TRUE,TRUE
"CNA_event_000518","PAVBDL","HOMDEL",2,2,"ENSE00003496053",307,1,TRUE,TRUE
"CNA_event_000518","PAVBDL","HOMDEL",3,3,"ENSE00003529527",11,1,TRUE,TRUE
"CNA_event_000519","PAVBCW","HOMDEL",1,1,"ENSE00001833804",150,1,TRUE,TRUE
"CNA_event_000519","PAVBCW","HOMDEL",2,2,"ENSE00003496053",307,1,TRUE,TRUE
"CNA_event_000519","PAVBCW","HOMDEL",3,3,"ENSE00003529527",11,1,TRUE,TRUE
"CNA_event_000520","PAVAJG","HOMDEL",1,1,"ENSE00001833804",150,1,TRUE,TRUE
"CNA_event_000520","PAVAJG","HOMDEL",2,2,"ENSE00003496053",307,1,TRUE,TRUE
"CNA_event_000520","PAVAJG","HOMDEL",3,3,"ENSE00003529527",11,1,TRUE,TRUE
"CNA_event_000522","PAUYIK","HOMDEL",1,1,"ENSE00001833804",150,1,TRUE,TRUE
"CNA_event_000522","PAUYIK","HOMDEL",2,2,"ENSE00003496053",307,1,TRUE,TRUE
"CNA_event_000522","PAUYIK","HOMDEL",3,3,"ENSE00003529527",11,1,TRUE,TRUE
"CNA_event_000523","PAUYGT","HOMDEL",1,1,"ENSE00001833804",150,1,TRUE,TRUE
"CNA_event_000523","PAUYGT","HOMDEL",2,2,"ENSE00003496053",307,1,TRUE,TRUE
"CNA_event_000523","PAUYGT","HOMDEL",3,3,"ENSE00003529527",11,1,TRUE,TRUE
"CNA_event_000524","PAUYCZ","HOMDEL",1,1,"ENSE00001833804",150,1,TRUE,TRUE
"CNA_event_000524","PAUYCZ","HOMDEL",2,2,"ENSE00003496053",307,1,TRUE,TRUE
"CNA_event_000524","PAUYCZ","HOMDEL",3,3,"ENSE00003529527",11,1,TRUE,TRUE
"CNA_event_000525","PAUYBP","HOMDEL",1,1,"ENSE00001833804",150,1,TRUE,TRUE
"CNA_event_000525","PAUYBP","HOMDEL",2,2,"ENSE00003496053",307,1,TRUE,TRUE
"CNA_event_000525","PAUYBP","HOMDEL",3,3,"ENSE00003529527",11,1,TRUE,TRUE
"CNA_event_000526","PAUXYI","HOMDEL",1,1,"ENSE00001833804",150,1,TRUE,TRUE
"CNA_event_000526","PAUXYI","HOMDEL",2,2,"ENSE00003496053",307,1,TRUE,TRUE
"CNA_event_000526","PAUXYI","HOMDEL",3,3,"ENSE00003529527",11,1,TRUE,TRUE
"CNA_event_000527","PAUWLB","HOMDEL",1,1,"ENSE00001833804",150,1,TRUE,TRUE
"CNA_event_000527","PAUWLB","HOMDEL",2,2,"ENSE00003496053",307,1,TRUE,TRUE
"CNA_event_000527","PAUWLB","HOMDEL",3,3,"ENSE00003529527",11,1,TRUE,TRUE
"CNA_event_000528","PAUUXR","HOMDEL",1,1,"ENSE00001833804",150,1,TRUE,TRUE
"CNA_event_000528","PAUUXR","HOMDEL",2,2,"ENSE00003496053",307,1,TRUE,TRUE
"CNA_event_000528","PAUUXR","HOMDEL",3,3,"ENSE00003529527",11,1,TRUE,TRUE
"CNA_event_000529","PAUUSY","HOMDEL",1,1,"ENSE00001833804",150,1,TRUE,TRUE
"CNA_event_000529","PAUUSY","HOMDEL",2,2,"ENSE00003496053",307,1,TRUE,TRUE
"CNA_event_000529","PAUUSY","HOMDEL",3,3,"ENSE00003529527",11,1,TRUE,TRUE
"CNA_event_000530","PAUMXB","HOMDEL",1,1,"ENSE00001833804",150,1,TRUE,TRUE
"CNA_event_000530","PAUMXB","HOMDEL",2,2,"ENSE00003496053",307,1,TRUE,TRUE
"CNA_event_000530","PAUMXB","HOMDEL",3,3,"ENSE00003529527",11,1,TRUE,TRUE
"CNA_event_000531","PAUMKW","HOMDEL",1,1,"ENSE00001833804",150,1,TRUE,TRUE
"CNA_event_000531","PAUMKW","HOMDEL",2,2,"ENSE00003496053",307,1,TRUE,TRUE
"CNA_event_000531","PAUMKW","HOMDEL",3,3,"ENSE00003529527",11,1,TRUE,TRUE
"CNA_event_000532","PAUKWJ","HOMDEL",1,1,"ENSE00001833804",150,1,TRUE,TRUE
"CNA_event_000532","PAUKWJ","HOMDEL",2,2,"ENSE00003496053",307,1,TRUE,TRUE
"CNA_event_000532","PAUKWJ","HOMDEL",3,3,"ENSE00003529527",11,1,TRUE,TRUE
"CNA_event_000533","PAUJYN","HOMDEL",2,2,"ENSE00003496053",307,1,TRUE,TRUE
"CNA_event_000533","PAUJYN","HOMDEL",3,3,"ENSE00003529527",11,1,TRUE,TRUE
"CNA_event_000534","PAUJSH","HOMDEL",1,1,"ENSE00001833804",150,1,TRUE,TRUE
"CNA_event_000534","PAUJSH","HOMDEL",2,2,"ENSE00003496053",307,1,TRUE,TRUE
"CNA_event_000534","PAUJSH","HOMDEL",3,3,"ENSE00003529527",11,1,TRUE,TRUE
"CNA_event_000535","PAUJRU","HOMDEL",1,1,"ENSE00001833804",150,1,TRUE,TRUE
"CNA_event_000535","PAUJRU","HOMDEL",2,2,"ENSE00003496053",307,1,TRUE,TRUE
"CNA_event_000535","PAUJRU","HOMDEL",3,3,"ENSE00003529527",11,1,TRUE,TRUE
"CNA_event_000536","PAUIRF","HOMDEL",1,1,"ENSE00001833804",150,1,TRUE,TRUE
"CNA_event_000536","PAUIRF","HOMDEL",2,2,"ENSE00003496053",307,1,TRUE,TRUE
"CNA_event_000536","PAUIRF","HOMDEL",3,3,"ENSE00003529527",11,1,TRUE,TRUE
"CNA_event_000537","PAUHTB","HOMDEL",1,1,"ENSE00001833804",150,1,TRUE,TRUE
"CNA_event_000537","PAUHTB","HOMDEL",2,2,"ENSE00003496053",307,1,TRUE,TRUE
"CNA_event_000537","PAUHTB","HOMDEL",3,3,"ENSE00003529527",11,1,TRUE,TRUE
"CNA_event_000538","PAUGXW","HOMDEL",1,1,"ENSE00001833804",150,1,TRUE,TRUE
"CNA_event_000538","PAUGXW","HOMDEL",2,2,"ENSE00003496053",307,1,TRUE,TRUE
"CNA_event_000538","PAUGXW","HOMDEL",3,3,"ENSE00003529527",11,1,TRUE,TRUE
"CNA_event_000539","PAUGBG","HOMDEL",1,1,"ENSE00001833804",150,1,TRUE,TRUE
"CNA_event_000539","PAUGBG","HOMDEL",2,2,"ENSE00003496053",307,1,TRUE,TRUE
"CNA_event_000539","PAUGBG","HOMDEL",3,3,"ENSE00003529527",11,1,TRUE,TRUE
"CNA_event_000540","PAUGAA","HOMDEL",1,1,"ENSE00001833804",150,1,TRUE,TRUE
"CNA_event_000540","PAUGAA","HOMDEL",2,2,"ENSE00003496053",307,1,TRUE,TRUE
"CNA_event_000540","PAUGAA","HOMDEL",3,3,"ENSE00003529527",11,1,TRUE,TRUE
"CNA_event_000541","PAUEGI","HOMDEL",1,1,"ENSE00001833804",150,1,TRUE,TRUE
"CNA_event_000541","PAUEGI","HOMDEL",2,2,"ENSE00003496053",307,1,TRUE,TRUE
"CNA_event_000541","PAUEGI","HOMDEL",3,3,"ENSE00003529527",11,1,TRUE,TRUE
"CNA_event_000542","PAUCIZ","HOMDEL",1,1,"ENSE00001833804",150,1,TRUE,TRUE
"CNA_event_000542","PAUCIZ","HOMDEL",2,2,"ENSE00003496053",307,1,TRUE,TRUE
"CNA_event_000542","PAUCIZ","HOMDEL",3,3,"ENSE00003529527",11,1,TRUE,TRUE
"CNA_event_000543","PAUBXP","HOMDEL",1,1,"ENSE00001833804",150,1,TRUE,TRUE
"CNA_event_000543","PAUBXP","HOMDEL",2,2,"ENSE00003496053",307,1,TRUE,TRUE
"CNA_event_000543","PAUBXP","HOMDEL",3,3,"ENSE00003529527",11,1,TRUE,TRUE
"CNA_event_000544","PAUBRD","HOMDEL",1,1,"ENSE00001833804",150,1,TRUE,TRUE
"CNA_event_000544","PAUBRD","HOMDEL",2,2,"ENSE00003496053",307,1,TRUE,TRUE
"CNA_event_000544","PAUBRD","HOMDEL",3,3,"ENSE00003529527",11,1,TRUE,TRUE
"CNA_event_000545","PAUADY","HOMDEL",1,1,"ENSE00001833804",150,1,TRUE,TRUE
"CNA_event_000545","PAUADY","HOMDEL",2,2,"ENSE00003496053",307,1,TRUE,TRUE
"CNA_event_000545","PAUADY","HOMDEL",3,3,"ENSE00003529527",11,1,TRUE,TRUE
"CNA_event_000546","PATYWV","HOMDEL",1,1,"ENSE00001833804",150,1,TRUE,TRUE
"CNA_event_000546","PATYWV","HOMDEL",2,2,"ENSE00003496053",307,1,TRUE,TRUE
"CNA_event_000546","PATYWV","HOMDEL",3,3,"ENSE00003529527",11,1,TRUE,TRUE
"CNA_event_000547","PATXNK","HOMDEL",1,1,"ENSE00001833804",150,1,TRUE,TRUE
"CNA_event_000547","PATXNK","HOMDEL",2,2,"ENSE00003496053",307,1,TRUE,TRUE
"CNA_event_000547","PATXNK","HOMDEL",3,3,"ENSE00003529527",11,1,TRUE,TRUE
"CNA_event_000548","PATWYL","HOMDEL",1,1,"ENSE00001833804",150,1,TRUE,TRUE
"CNA_event_000548","PATWYL","HOMDEL",2,2,"ENSE00003496053",307,1,TRUE,TRUE
"CNA_event_000548","PATWYL","HOMDEL",3,3,"ENSE00003529527",11,1,TRUE,TRUE
"CNA_event_000549","PATTAC","HOMDEL",1,1,"ENSE00001833804",150,1,TRUE,TRUE
"CNA_event_000549","PATTAC","HOMDEL",2,2,"ENSE00003496053",307,1,TRUE,TRUE
"CNA_event_000549","PATTAC","HOMDEL",3,3,"ENSE00003529527",11,1,TRUE,TRUE
"CNA_event_000550","PATSPK","HOMDEL",1,1,"ENSE00001833804",150,1,TRUE,TRUE
"CNA_event_000550","PATSPK","HOMDEL",2,2,"ENSE00003496053",307,1,TRUE,TRUE
"CNA_event_000550","PATSPK","HOMDEL",3,3,"ENSE00003529527",11,1,TRUE,TRUE
"CNA_event_000551","PATSIL","HOMDEL",1,1,"ENSE00001833804",150,1,TRUE,TRUE
"CNA_event_000551","PATSIL","HOMDEL",2,2,"ENSE00003496053",307,1,TRUE,TRUE
"CNA_event_000551","PATSIL","HOMDEL",3,3,"ENSE00003529527",11,1,TRUE,TRUE
"CNA_event_000552","PATRFD","HOMDEL",1,1,"ENSE00001833804",150,1,TRUE,TRUE
"CNA_event_000552","PATRFD","HOMDEL",2,2,"ENSE00003496053",307,1,TRUE,TRUE
"CNA_event_000552","PATRFD","HOMDEL",3,3,"ENSE00003529527",11,1,TRUE,TRUE
"CNA_event_000553","PATPWF","HOMDEL",1,1,"ENSE00001833804",150,1,TRUE,TRUE
"CNA_event_000553","PATPWF","HOMDEL",2,2,"ENSE00003496053",307,1,TRUE,TRUE
"CNA_event_000553","PATPWF","HOMDEL",3,3,"ENSE00003529527",11,1,TRUE,TRUE
"CNA_event_000554","PATNYN","HOMDEL",1,1,"ENSE00001833804",150,1,TRUE,TRUE
"CNA_event_000554","PATNYN","HOMDEL",2,2,"ENSE00003496053",307,1,TRUE,TRUE
"CNA_event_000554","PATNYN","HOMDEL",3,3,"ENSE00003529527",11,1,TRUE,TRUE
"CNA_event_000555","PATNAM","HOMDEL",1,1,"ENSE00001833804",150,1,TRUE,TRUE
"CNA_event_000555","PATNAM","HOMDEL",2,2,"ENSE00003496053",307,1,TRUE,TRUE
"CNA_event_000555","PATNAM","HOMDEL",3,3,"ENSE00003529527",11,1,TRUE,TRUE
"CNA_event_000556","PATKPW","HOMDEL",1,1,"ENSE00001833804",150,1,TRUE,TRUE
"CNA_event_000556","PATKPW","HOMDEL",2,2,"ENSE00003496053",307,1,TRUE,TRUE
"CNA_event_000556","PATKPW","HOMDEL",3,3,"ENSE00003529527",11,1,TRUE,TRUE
"CNA_event_000557","PATKKV","HOMDEL",1,1,"ENSE00001833804",150,1,TRUE,TRUE
"CNA_event_000557","PATKKV","HOMDEL",2,2,"ENSE00003496053",307,1,TRUE,TRUE
"CNA_event_000557","PATKKV","HOMDEL",3,3,"ENSE00003529527",11,1,TRUE,TRUE
"CNA_event_000558","PATKIH","HOMDEL",1,1,"ENSE00001833804",150,1,TRUE,TRUE
"CNA_event_000558","PATKIH","HOMDEL",2,2,"ENSE00003496053",307,1,TRUE,TRUE
"CNA_event_000558","PATKIH","HOMDEL",3,3,"ENSE00003529527",11,1,TRUE,TRUE
"CNA_event_000559","PATJXW","HOMDEL",1,1,"ENSE00001833804",150,1,TRUE,TRUE
"CNA_event_000559","PATJXW","HOMDEL",2,2,"ENSE00003496053",307,1,TRUE,TRUE
"CNA_event_000559","PATJXW","HOMDEL",3,3,"ENSE00003529527",11,1,TRUE,TRUE
"CNA_event_000561","PATJLT","HOMDEL",1,1,"ENSE00001833804",150,1,TRUE,TRUE
"CNA_event_000561","PATJLT","HOMDEL",2,2,"ENSE00003496053",307,1,TRUE,TRUE
"CNA_event_000561","PATJLT","HOMDEL",3,3,"ENSE00003529527",11,1,TRUE,TRUE
"CNA_event_000562","PATIWP","HOMDEL",1,1,"ENSE00001833804",150,1,TRUE,TRUE
"CNA_event_000562","PATIWP","HOMDEL",2,2,"ENSE00003496053",307,1,TRUE,TRUE
"CNA_event_000562","PATIWP","HOMDEL",3,3,"ENSE00003529527",11,1,TRUE,TRUE
"CNA_event_000564","PATHSL","HOMDEL",1,1,"ENSE00001833804",150,1,TRUE,TRUE
"CNA_event_000564","PATHSL","HOMDEL",2,2,"ENSE00003496053",307,1,TRUE,TRUE
"CNA_event_000564","PATHSL","HOMDEL",3,3,"ENSE00003529527",11,1,TRUE,TRUE
"CNA_event_000565","PATGVD","HOMDEL",1,1,"ENSE00001833804",150,1,TRUE,TRUE
"CNA_event_000565","PATGVD","HOMDEL",2,2,"ENSE00003496053",307,1,TRUE,TRUE
"CNA_event_000565","PATGVD","HOMDEL",3,3,"ENSE00003529527",11,1,TRUE,TRUE
"CNA_event_000566","PATFJG","HOMDEL",1,1,"ENSE00001833804",150,1,TRUE,TRUE
"CNA_event_000566","PATFJG","HOMDEL",2,2,"ENSE00003496053",307,1,TRUE,TRUE
"CNA_event_000566","PATFJG","HOMDEL",3,3,"ENSE00003529527",11,1,TRUE,TRUE
"CNA_event_000567","PATFAD","HOMDEL",1,1,"ENSE00001833804",150,1,TRUE,TRUE
"CNA_event_000567","PATFAD","HOMDEL",2,2,"ENSE00003496053",307,1,TRUE,TRUE
"CNA_event_000567","PATFAD","HOMDEL",3,3,"ENSE00003529527",11,1,TRUE,TRUE
"CNA_event_000568","PATEYS","HOMDEL",1,1,"ENSE00001833804",150,1,TRUE,TRUE
"CNA_event_000568","PATEYS","HOMDEL",2,2,"ENSE00003496053",307,1,TRUE,TRUE
"CNA_event_000568","PATEYS","HOMDEL",3,3,"ENSE00003529527",11,1,TRUE,TRUE
"CNA_event_000569","PATENL","HOMDEL",1,1,"ENSE00001833804",150,1,TRUE,TRUE
"CNA_event_000569","PATENL","HOMDEL",2,2,"ENSE00003496053",307,1,TRUE,TRUE
"CNA_event_000569","PATENL","HOMDEL",3,3,"ENSE00003529527",11,1,TRUE,TRUE
"CNA_event_000571","PATEHZ","HOMDEL",1,1,"ENSE00001833804",150,1,TRUE,TRUE
"CNA_event_000571","PATEHZ","HOMDEL",2,2,"ENSE00003496053",307,1,TRUE,TRUE
"CNA_event_000571","PATEHZ","HOMDEL",3,3,"ENSE00003529527",11,1,TRUE,TRUE
"CNA_event_000572","PATDEK","HOMDEL",1,1,"ENSE00001833804",150,1,TRUE,TRUE
"CNA_event_000572","PATDEK","HOMDEL",2,2,"ENSE00003496053",307,1,TRUE,TRUE
"CNA_event_000572","PATDEK","HOMDEL",3,3,"ENSE00003529527",11,1,TRUE,TRUE
"CNA_event_000573","PATDBU","HOMDEL",1,1,"ENSE00001833804",150,1,TRUE,TRUE
"CNA_event_000573","PATDBU","HOMDEL",2,2,"ENSE00003496053",307,1,TRUE,TRUE
"CNA_event_000573","PATDBU","HOMDEL",3,3,"ENSE00003529527",11,1,TRUE,TRUE
"CNA_event_000574","PATCWW","HOMDEL",1,1,"ENSE00001833804",150,1,TRUE,TRUE
"CNA_event_000574","PATCWW","HOMDEL",2,2,"ENSE00003496053",307,1,TRUE,TRUE
"CNA_event_000574","PATCWW","HOMDEL",3,3,"ENSE00003529527",11,1,TRUE,TRUE
"CNA_event_000575","PATCML","HOMDEL",1,1,"ENSE00001833804",150,1,TRUE,TRUE
"CNA_event_000576","PATBVS","HOMDEL",1,1,"ENSE00001833804",150,1,TRUE,TRUE
"CNA_event_000576","PATBVS","HOMDEL",2,2,"ENSE00003496053",307,1,TRUE,TRUE
"CNA_event_000576","PATBVS","HOMDEL",3,3,"ENSE00003529527",11,1,TRUE,TRUE
"CNA_event_000577","PASYHN","HOMDEL",1,1,"ENSE00001833804",150,1,TRUE,TRUE
"CNA_event_000577","PASYHN","HOMDEL",2,2,"ENSE00003496053",307,1,TRUE,TRUE
"CNA_event_000577","PASYHN","HOMDEL",3,3,"ENSE00003529527",11,1,TRUE,TRUE
"CNA_event_000578","PASYAJ","HOMDEL",1,1,"ENSE00001833804",150,1,TRUE,TRUE
"CNA_event_000578","PASYAJ","HOMDEL",2,2,"ENSE00003496053",307,1,TRUE,TRUE
"CNA_event_000578","PASYAJ","HOMDEL",3,3,"ENSE00003529527",11,1,TRUE,TRUE
"CNA_event_000579","PASXUU","HOMDEL",1,1,"ENSE00001833804",150,1,TRUE,TRUE
"CNA_event_000579","PASXUU","HOMDEL",2,2,"ENSE00003496053",307,1,TRUE,TRUE
"CNA_event_000579","PASXUU","HOMDEL",3,3,"ENSE00003529527",11,1,TRUE,TRUE
"CNA_event_000580","PASXAY","HOMDEL",1,1,"ENSE00001833804",150,1,TRUE,TRUE
"CNA_event_000580","PASXAY","HOMDEL",2,2,"ENSE00003496053",307,1,TRUE,TRUE
"CNA_event_000580","PASXAY","HOMDEL",3,3,"ENSE00003529527",11,1,TRUE,TRUE
"CNA_event_000581","PASVZJ","HOMDEL",1,1,"ENSE00001833804",150,1,TRUE,TRUE
"CNA_event_000581","PASVZJ","HOMDEL",2,2,"ENSE00003496053",307,1,TRUE,TRUE
"CNA_event_000581","PASVZJ","HOMDEL",3,3,"ENSE00003529527",11,1,TRUE,TRUE
"CNA_event_000582","PASVKC","HOMDEL",1,1,"ENSE00001833804",150,1,TRUE,TRUE
"CNA_event_000582","PASVKC","HOMDEL",2,2,"ENSE00003496053",307,1,TRUE,TRUE
"CNA_event_000582","PASVKC","HOMDEL",3,3,"ENSE00003529527",11,1,TRUE,TRUE
"CNA_event_000584","PASSRP","HOMDEL",1,1,"ENSE00001833804",150,1,TRUE,TRUE
"CNA_event_000584","PASSRP","HOMDEL",2,2,"ENSE00003496053",307,1,TRUE,TRUE
"CNA_event_000584","PASSRP","HOMDEL",3,3,"ENSE00003529527",11,1,TRUE,TRUE
"CNA_event_000585","PASRAF","HOMDEL",2,2,"ENSE00003496053",307,1,TRUE,TRUE
"CNA_event_000585","PASRAF","HOMDEL",3,3,"ENSE00003529527",11,1,TRUE,TRUE
"CNA_event_000586","PASPDL","HOMDEL",1,1,"ENSE00001833804",150,1,TRUE,TRUE
"CNA_event_000586","PASPDL","HOMDEL",2,2,"ENSE00003496053",307,1,TRUE,TRUE
"CNA_event_000586","PASPDL","HOMDEL",3,3,"ENSE00003529527",11,1,TRUE,TRUE
"CNA_event_000587","PASNEH","HOMDEL",1,1,"ENSE00001833804",150,1,TRUE,TRUE
"CNA_event_000587","PASNEH","HOMDEL",2,2,"ENSE00003496053",307,1,TRUE,TRUE
"CNA_event_000587","PASNEH","HOMDEL",3,3,"ENSE00003529527",11,1,TRUE,TRUE
"CNA_event_000588","PASMIC","HOMDEL",1,1,"ENSE00001833804",150,1,TRUE,TRUE
"CNA_event_000588","PASMIC","HOMDEL",2,2,"ENSE00003496053",307,1,TRUE,TRUE
"CNA_event_000588","PASMIC","HOMDEL",3,3,"ENSE00003529527",11,1,TRUE,TRUE
"CNA_event_000589","PASLAB","HOMDEL",1,1,"ENSE00001833804",150,1,TRUE,TRUE
"CNA_event_000589","PASLAB","HOMDEL",2,2,"ENSE00003496053",307,1,TRUE,TRUE
"CNA_event_000589","PASLAB","HOMDEL",3,3,"ENSE00003529527",11,1,TRUE,TRUE
"CNA_event_000590","PASKZU","HOMDEL",1,1,"ENSE00001833804",150,1,TRUE,TRUE
"CNA_event_000590","PASKZU","HOMDEL",2,2,"ENSE00003496053",307,1,TRUE,TRUE
"CNA_event_000590","PASKZU","HOMDEL",3,3,"ENSE00003529527",11,1,TRUE,TRUE
"CNA_event_000591","PASKTG","HOMDEL",1,1,"ENSE00001833804",150,1,TRUE,TRUE
"CNA_event_000591","PASKTG","HOMDEL",2,2,"ENSE00003496053",307,1,TRUE,TRUE
"CNA_event_000591","PASKTG","HOMDEL",3,3,"ENSE00003529527",11,1,TRUE,TRUE
"CNA_event_000592","PASKIC","HOMDEL",1,1,"ENSE00001833804",150,1,TRUE,TRUE
"CNA_event_000592","PASKIC","HOMDEL",2,2,"ENSE00003496053",307,1,TRUE,TRUE
"CNA_event_000592","PASKIC","HOMDEL",3,3,"ENSE00003529527",11,1,TRUE,TRUE
"CNA_event_000593","PASKGG","HOMDEL",1,1,"ENSE00001833804",150,1,TRUE,TRUE
"CNA_event_000593","PASKGG","HOMDEL",2,2,"ENSE00003496053",307,1,TRUE,TRUE
"CNA_event_000593","PASKGG","HOMDEL",3,3,"ENSE00003529527",11,1,TRUE,TRUE
"CNA_event_000594","PASIJX","HOMDEL",1,1,"ENSE00001833804",150,1,TRUE,TRUE
"CNA_event_000594","PASIJX","HOMDEL",2,2,"ENSE00003496053",307,1,TRUE,TRUE
"CNA_event_000594","PASIJX","HOMDEL",3,3,"ENSE00003529527",11,1,TRUE,TRUE
"CNA_event_000595","PASHZK","HOMDEL",1,1,"ENSE00001833804",150,1,TRUE,TRUE
"CNA_event_000595","PASHZK","HOMDEL",2,2,"ENSE00003496053",307,1,TRUE,TRUE
"CNA_event_000595","PASHZK","HOMDEL",3,3,"ENSE00003529527",11,1,TRUE,TRUE
"CNA_event_000596","PASGKL","HOMDEL",1,1,"ENSE00001833804",150,1,TRUE,TRUE
"CNA_event_000596","PASGKL","HOMDEL",2,2,"ENSE00003496053",307,1,TRUE,TRUE
"CNA_event_000596","PASGKL","HOMDEL",3,3,"ENSE00003529527",11,1,TRUE,TRUE
"CNA_event_000597","PARXHT","HOMDEL",1,1,"ENSE00001833804",150,1,TRUE,TRUE
"CNA_event_000597","PARXHT","HOMDEL",2,2,"ENSE00003496053",307,1,TRUE,TRUE
"CNA_event_000597","PARXHT","HOMDEL",3,3,"ENSE00003529527",11,1,TRUE,TRUE
"CNA_event_000598","PARXBJ","HOMDEL",1,1,"ENSE00001833804",150,1,TRUE,TRUE
"CNA_event_000598","PARXBJ","HOMDEL",2,2,"ENSE00003496053",307,1,TRUE,TRUE
"CNA_event_000598","PARXBJ","HOMDEL",3,3,"ENSE00003529527",11,1,TRUE,TRUE
"CNA_event_000599","PARWLP","HOMDEL",1,1,"ENSE00001833804",150,1,TRUE,TRUE
"CNA_event_000599","PARWLP","HOMDEL",2,2,"ENSE00003496053",307,1,TRUE,TRUE
"CNA_event_000599","PARWLP","HOMDEL",3,3,"ENSE00003529527",11,1,TRUE,TRUE
"CNA_event_000600","PARWDM","HOMDEL",1,1,"ENSE00001833804",150,1,TRUE,TRUE
"CNA_event_000600","PARWDM","HOMDEL",2,2,"ENSE00003496053",307,1,TRUE,TRUE
"CNA_event_000600","PARWDM","HOMDEL",3,3,"ENSE00003529527",11,1,TRUE,TRUE
"CNA_event_000601","PARRKK","HOMDEL",1,1,"ENSE00001833804",150,1,TRUE,TRUE
"CNA_event_000601","PARRKK","HOMDEL",2,2,"ENSE00003496053",307,1,TRUE,TRUE
"CNA_event_000601","PARRKK","HOMDEL",3,3,"ENSE00003529527",11,1,TRUE,TRUE
"CNA_event_000602","PARNXJ","HOMDEL",1,1,"ENSE00001833804",150,1,TRUE,TRUE
"CNA_event_000602","PARNXJ","HOMDEL",2,2,"ENSE00003496053",307,1,TRUE,TRUE
"CNA_event_000602","PARNXJ","HOMDEL",3,3,"ENSE00003529527",11,1,TRUE,TRUE
"CNA_event_000603","PARMRF","HOMDEL",1,1,"ENSE00001833804",150,1,TRUE,TRUE
"CNA_event_000603","PARMRF","HOMDEL",2,2,"ENSE00003496053",307,1,TRUE,TRUE
"CNA_event_000603","PARMRF","HOMDEL",3,3,"ENSE00003529527",11,1,TRUE,TRUE
"CNA_event_000604","PARMKM","HOMDEL",1,1,"ENSE00001833804",150,1,TRUE,TRUE
"CNA_event_000604","PARMKM","HOMDEL",2,2,"ENSE00003496053",307,1,TRUE,TRUE
"CNA_event_000604","PARMKM","HOMDEL",3,3,"ENSE00003529527",11,1,TRUE,TRUE
"CNA_event_000605","PARMKK","HOMDEL",1,1,"ENSE00001833804",150,1,TRUE,TRUE
"CNA_event_000605","PARMKK","HOMDEL",2,2,"ENSE00003496053",307,1,TRUE,TRUE
"CNA_event_000605","PARMKK","HOMDEL",3,3,"ENSE00003529527",11,1,TRUE,TRUE
"CNA_event_000606","PARMJA","HOMDEL",1,1,"ENSE00001833804",150,1,TRUE,TRUE
"CNA_event_000606","PARMJA","HOMDEL",2,2,"ENSE00003496053",307,1,TRUE,TRUE
"CNA_event_000606","PARMJA","HOMDEL",3,3,"ENSE00003529527",11,1,TRUE,TRUE
"CNA_event_000607","PARKRJ","HOMDEL",1,1,"ENSE00001833804",150,1,TRUE,TRUE
"CNA_event_000607","PARKRJ","HOMDEL",2,2,"ENSE00003496053",307,1,TRUE,TRUE
"CNA_event_000607","PARKRJ","HOMDEL",3,3,"ENSE00003529527",11,1,TRUE,TRUE
"CNA_event_000608","PARJMS","HOMDEL",1,1,"ENSE00001833804",150,1,TRUE,TRUE
"CNA_event_000608","PARJMS","HOMDEL",2,2,"ENSE00003496053",307,1,TRUE,TRUE
"CNA_event_000608","PARJMS","HOMDEL",3,3,"ENSE00003529527",11,1,TRUE,TRUE
"CNA_event_000609","PARGHJ","HOMDEL",1,1,"ENSE00001833804",150,1,TRUE,TRUE
"CNA_event_000609","PARGHJ","HOMDEL",2,2,"ENSE00003496053",307,1,TRUE,TRUE
"CNA_event_000609","PARGHJ","HOMDEL",3,3,"ENSE00003529527",11,1,TRUE,TRUE
"CNA_event_000610","PARBTF","HOMDEL",1,1,"ENSE00001833804",150,1,TRUE,TRUE
"CNA_event_000610","PARBTF","HOMDEL",2,2,"ENSE00003496053",307,1,TRUE,TRUE
"CNA_event_000610","PARBTF","HOMDEL",3,3,"ENSE00003529527",11,1,TRUE,TRUE
"CNA_event_000611","PAUIFC","HOMDEL",1,1,"ENSE00001833804",150,1,TRUE,TRUE
"CNA_event_000611","PAUIFC","HOMDEL",2,2,"ENSE00003496053",307,1,TRUE,TRUE
"CNA_event_000611","PAUIFC","HOMDEL",3,3,"ENSE00003529527",11,1,TRUE,TRUE
"CNA_event_000612","PARVEI","HOMDEL",1,1,"ENSE00001833804",150,1,TRUE,TRUE
"CNA_event_000612","PARVEI","HOMDEL",2,2,"ENSE00003496053",307,1,TRUE,TRUE
"CNA_event_000612","PARVEI","HOMDEL",3,3,"ENSE00003529527",11,1,TRUE,TRUE
"CNA_event_000613","PAWAWJ","HOMDEL",1,1,"ENSE00001833804",150,1,TRUE,TRUE
"CNA_event_000613","PAWAWJ","HOMDEL",2,2,"ENSE00003496053",307,1,TRUE,TRUE
"CNA_event_000613","PAWAWJ","HOMDEL",3,3,"ENSE00003529527",11,1,TRUE,TRUE
"CNA_event_000614","PAVSZX","HOMDEL",1,1,"ENSE00001833804",150,1,TRUE,TRUE
"CNA_event_000614","PAVSZX","HOMDEL",2,2,"ENSE00003496053",307,1,TRUE,TRUE
"CNA_event_000614","PAVSZX","HOMDEL",3,3,"ENSE00003529527",11,1,TRUE,TRUE
"CNA_event_000616","PAVMUJ","HOMDEL",1,1,"ENSE00001833804",150,1,TRUE,TRUE
"CNA_event_000616","PAVMUJ","HOMDEL",2,2,"ENSE00003496053",307,1,TRUE,TRUE
"CNA_event_000616","PAVMUJ","HOMDEL",3,3,"ENSE00003529527",11,1,TRUE,TRUE
"CNA_event_000617","PAVEUT","HOMDEL",1,1,"ENSE00001833804",150,1,TRUE,TRUE
"CNA_event_000617","PAVEUT","HOMDEL",2,2,"ENSE00003496053",307,1,TRUE,TRUE
"CNA_event_000617","PAVEUT","HOMDEL",3,3,"ENSE00003529527",11,1,TRUE,TRUE
"CNA_event_000618","PAVAGE","HOMDEL",1,1,"ENSE00001833804",150,1,TRUE,TRUE
"CNA_event_000618","PAVAGE","HOMDEL",2,2,"ENSE00003496053",307,1,TRUE,TRUE
"CNA_event_000618","PAVAGE","HOMDEL",3,3,"ENSE00003529527",11,1,TRUE,TRUE
"CNA_event_000619","PAUXPP","HOMDEL",1,1,"ENSE00001833804",150,1,TRUE,TRUE
"CNA_event_000619","PAUXPP","HOMDEL",2,2,"ENSE00003496053",307,1,TRUE,TRUE
"CNA_event_000619","PAUXPP","HOMDEL",3,3,"ENSE00003529527",11,1,TRUE,TRUE
"CNA_event_000621","PAUPVR","HOMDEL",1,1,"ENSE00001833804",150,1,TRUE,TRUE
"CNA_event_000622","PAUEGE","HOMDEL",1,1,"ENSE00001833804",150,1,TRUE,TRUE
"CNA_event_000622","PAUEGE","HOMDEL",2,2,"ENSE00003496053",307,1,TRUE,TRUE
"CNA_event_000622","PAUEGE","HOMDEL",3,3,"ENSE00003529527",11,1,TRUE,TRUE
"CNA_event_000623","PAUEFL","HOMDEL",1,1,"ENSE00001833804",150,1,TRUE,TRUE
"CNA_event_000623","PAUEFL","HOMDEL",2,2,"ENSE00003496053",307,1,TRUE,TRUE
"CNA_event_000623","PAUEFL","HOMDEL",3,3,"ENSE00003529527",11,1,TRUE,TRUE
"CNA_event_000624","PAUASK","HOMDEL",1,1,"ENSE00001833804",150,1,TRUE,TRUE
"CNA_event_000624","PAUASK","HOMDEL",2,2,"ENSE00003496053",307,1,TRUE,TRUE
"CNA_event_000624","PAUASK","HOMDEL",3,3,"ENSE00003529527",11,1,TRUE,TRUE
"CNA_event_000625","PATEVL","HOMDEL",1,1,"ENSE00001833804",150,1,TRUE,TRUE
"CNA_event_000626","PAWKPT","HOMDEL",1,1,"ENSE00001833804",150,1,TRUE,TRUE
"CNA_event_000626","PAWKPT","HOMDEL",2,2,"ENSE00003496053",307,1,TRUE,TRUE
"CNA_event_000626","PAWKPT","HOMDEL",3,3,"ENSE00003529527",11,1,TRUE,TRUE
"CNA_event_000627","PAWKBK","HOMDEL",1,1,"ENSE00001833804",150,1,TRUE,TRUE
"CNA_event_000627","PAWKBK","HOMDEL",2,2,"ENSE00003496053",307,1,TRUE,TRUE
"CNA_event_000627","PAWKBK","HOMDEL",3,3,"ENSE00003529527",11,1,TRUE,TRUE
"CNA_event_000628","PAWGZM","HOMDEL",1,1,"ENSE00001833804",150,1,TRUE,TRUE
"CNA_event_000628","PAWGZM","HOMDEL",2,2,"ENSE00003496053",307,1,TRUE,TRUE
"CNA_event_000628","PAWGZM","HOMDEL",3,3,"ENSE00003529527",11,1,TRUE,TRUE
"CNA_event_000629","PAWGWJ","HOMDEL",1,1,"ENSE00001833804",150,1,TRUE,TRUE
"CNA_event_000629","PAWGWJ","HOMDEL",2,2,"ENSE00003496053",307,1,TRUE,TRUE
"CNA_event_000629","PAWGWJ","HOMDEL",3,3,"ENSE00003529527",11,1,TRUE,TRUE
"CNA_event_000630","PAWFWF","HOMDEL",1,1,"ENSE00001833804",150,1,TRUE,TRUE
"CNA_event_000630","PAWFWF","HOMDEL",2,2,"ENSE00003496053",307,1,TRUE,TRUE
"CNA_event_000630","PAWFWF","HOMDEL",3,3,"ENSE00003529527",11,1,TRUE,TRUE
"CNA_event_000631","PAWEEX","HOMDEL",1,1,"ENSE00001833804",150,1,TRUE,TRUE
"CNA_event_000631","PAWEEX","HOMDEL",2,2,"ENSE00003496053",307,1,TRUE,TRUE
"CNA_event_000631","PAWEEX","HOMDEL",3,3,"ENSE00003529527",11,1,TRUE,TRUE
"CNA_event_000634","PAVYFZ","HOMDEL",1,1,"ENSE00001833804",150,1,TRUE,TRUE
"CNA_event_000634","PAVYFZ","HOMDEL",2,2,"ENSE00003496053",307,1,TRUE,TRUE
"CNA_event_000634","PAVYFZ","HOMDEL",3,3,"ENSE00003529527",11,1,TRUE,TRUE
"CNA_event_000635","PAVVDS","HOMDEL",1,1,"ENSE00001833804",150,1,TRUE,TRUE
"CNA_event_000635","PAVVDS","HOMDEL",2,2,"ENSE00003496053",307,1,TRUE,TRUE
"CNA_event_000635","PAVVDS","HOMDEL",3,3,"ENSE00003529527",11,1,TRUE,TRUE
"CNA_event_000636","PAVRDC","HOMDEL",1,1,"ENSE00001833804",150,1,TRUE,TRUE
"CNA_event_000636","PAVRDC","HOMDEL",2,2,"ENSE00003496053",307,1,TRUE,TRUE
"CNA_event_000636","PAVRDC","HOMDEL",3,3,"ENSE00003529527",11,1,TRUE,TRUE
"CNA_event_000637","PAVNGZ","HOMDEL",1,1,"ENSE00001833804",150,1,TRUE,TRUE
"CNA_event_000637","PAVNGZ","HOMDEL",2,2,"ENSE00003496053",307,1,TRUE,TRUE
"CNA_event_000637","PAVNGZ","HOMDEL",3,3,"ENSE00003529527",11,1,TRUE,TRUE
"CNA_event_000638","PAVMKN","HOMDEL",1,1,"ENSE00001833804",150,1,TRUE,TRUE
"CNA_event_000638","PAVMKN","HOMDEL",2,2,"ENSE00003496053",307,1,TRUE,TRUE
"CNA_event_000638","PAVMKN","HOMDEL",3,3,"ENSE00003529527",11,1,TRUE,TRUE
"CNA_event_000639","PAVLLU","HOMDEL",1,1,"ENSE00001833804",150,1,TRUE,TRUE
"CNA_event_000639","PAVLLU","HOMDEL",2,2,"ENSE00003496053",307,1,TRUE,TRUE
"CNA_event_000639","PAVLLU","HOMDEL",3,3,"ENSE00003529527",11,1,TRUE,TRUE
"CNA_event_000640","PAVLFA","HOMDEL",1,1,"ENSE00001833804",150,1,TRUE,TRUE
"CNA_event_000640","PAVLFA","HOMDEL",2,2,"ENSE00003496053",307,1,TRUE,TRUE
"CNA_event_000640","PAVLFA","HOMDEL",3,3,"ENSE00003529527",11,1,TRUE,TRUE
"CNA_event_000641","PAUUIK","HOMDEL",1,1,"ENSE00001833804",150,1,TRUE,TRUE
"CNA_event_000641","PAUUIK","HOMDEL",2,2,"ENSE00003496053",307,1,TRUE,TRUE
"CNA_event_000641","PAUUIK","HOMDEL",3,3,"ENSE00003529527",11,1,TRUE,TRUE
"CNA_event_000642","PAUUBG","HOMDEL",1,1,"ENSE00001833804",150,1,TRUE,TRUE
"CNA_event_000642","PAUUBG","HOMDEL",2,2,"ENSE00003496053",307,1,TRUE,TRUE
"CNA_event_000642","PAUUBG","HOMDEL",3,3,"ENSE00003529527",11,1,TRUE,TRUE
"CNA_event_000643","PAUUAV","HOMDEL",1,1,"ENSE00001833804",150,1,TRUE,TRUE
"CNA_event_000643","PAUUAV","HOMDEL",2,2,"ENSE00003496053",307,1,TRUE,TRUE
"CNA_event_000643","PAUUAV","HOMDEL",3,3,"ENSE00003529527",11,1,TRUE,TRUE
"CNA_event_000644","PAURTD","HOMDEL",1,1,"ENSE00001833804",150,1,TRUE,TRUE
"CNA_event_000644","PAURTD","HOMDEL",2,2,"ENSE00003496053",307,1,TRUE,TRUE
"CNA_event_000644","PAURTD","HOMDEL",3,3,"ENSE00003529527",11,1,TRUE,TRUE
"CNA_event_000645","PAUMIB","HOMDEL",1,1,"ENSE00001833804",150,1,TRUE,TRUE
"CNA_event_000645","PAUMIB","HOMDEL",2,2,"ENSE00003496053",307,1,TRUE,TRUE
"CNA_event_000645","PAUMIB","HOMDEL",3,3,"ENSE00003529527",11,1,TRUE,TRUE
"CNA_event_000647","PAUCCG","HOMDEL",1,1,"ENSE00001833804",150,1,TRUE,TRUE
"CNA_event_000647","PAUCCG","HOMDEL",2,2,"ENSE00003496053",307,1,TRUE,TRUE
"CNA_event_000647","PAUCCG","HOMDEL",3,3,"ENSE00003529527",11,1,TRUE,TRUE
"CNA_event_000648","PAUAKN","HOMDEL",1,1,"ENSE00001833804",150,1,TRUE,TRUE
"CNA_event_000648","PAUAKN","HOMDEL",2,2,"ENSE00003496053",307,1,TRUE,TRUE
"CNA_event_000648","PAUAKN","HOMDEL",3,3,"ENSE00003529527",11,1,TRUE,TRUE
"CNA_event_000649","PATZYR","HOMDEL",1,1,"ENSE00001833804",150,1,TRUE,TRUE
"CNA_event_000649","PATZYR","HOMDEL",2,2,"ENSE00003496053",307,1,TRUE,TRUE
"CNA_event_000649","PATZYR","HOMDEL",3,3,"ENSE00003529527",11,1,TRUE,TRUE
"CNA_event_000650","PATZFF","HOMDEL",1,1,"ENSE00001833804",150,1,TRUE,TRUE
"CNA_event_000650","PATZFF","HOMDEL",2,2,"ENSE00003496053",307,1,TRUE,TRUE
"CNA_event_000650","PATZFF","HOMDEL",3,3,"ENSE00003529527",11,1,TRUE,TRUE
"CNA_event_000651","PATXSD","HOMDEL",1,1,"ENSE00001833804",150,1,TRUE,TRUE
"CNA_event_000651","PATXSD","HOMDEL",2,2,"ENSE00003496053",307,1,TRUE,TRUE
"CNA_event_000651","PATXSD","HOMDEL",3,3,"ENSE00003529527",11,1,TRUE,TRUE
"CNA_event_000652","PATWYZ","HOMDEL",1,1,"ENSE00001833804",150,1,TRUE,TRUE
"CNA_event_000652","PATWYZ","HOMDEL",2,2,"ENSE00003496053",307,1,TRUE,TRUE
"CNA_event_000652","PATWYZ","HOMDEL",3,3,"ENSE00003529527",11,1,TRUE,TRUE
"CNA_event_000653","PATSLH","HOMDEL",1,1,"ENSE00001833804",150,1,TRUE,TRUE
"CNA_event_000653","PATSLH","HOMDEL",2,2,"ENSE00003496053",307,1,TRUE,TRUE
"CNA_event_000653","PATSLH","HOMDEL",3,3,"ENSE00003529527",11,1,TRUE,TRUE
"CNA_event_000654","PATHSV","HOMDEL",1,1,"ENSE00001833804",150,1,TRUE,TRUE
"CNA_event_000654","PATHSV","HOMDEL",2,2,"ENSE00003496053",307,1,TRUE,TRUE
"CNA_event_000654","PATHSV","HOMDEL",3,3,"ENSE00003529527",11,1,TRUE,TRUE
"CNA_event_000655","PATCTL","HOMDEL",1,1,"ENSE00001833804",150,1,TRUE,TRUE
"CNA_event_000655","PATCTL","HOMDEL",2,2,"ENSE00003496053",307,1,TRUE,TRUE
"CNA_event_000655","PATCTL","HOMDEL",3,3,"ENSE00003529527",11,1,TRUE,TRUE
"CNA_event_000656","PASYNX","HOMDEL",1,1,"ENSE00001833804",150,1,TRUE,TRUE
"CNA_event_000656","PASYNX","HOMDEL",2,2,"ENSE00003496053",307,1,TRUE,TRUE
"CNA_event_000656","PASYNX","HOMDEL",3,3,"ENSE00003529527",11,1,TRUE,TRUE
"CNA_event_000657","PASUIN","HOMDEL",1,1,"ENSE00001833804",150,1,TRUE,TRUE
"CNA_event_000657","PASUIN","HOMDEL",2,2,"ENSE00003496053",307,1,TRUE,TRUE
"CNA_event_000657","PASUIN","HOMDEL",3,3,"ENSE00003529527",11,1,TRUE,TRUE
"CNA_event_000658","PASRPV","HOMDEL",1,1,"ENSE00001833804",150,1,TRUE,TRUE
"CNA_event_000658","PASRPV","HOMDEL",2,2,"ENSE00003496053",307,1,TRUE,TRUE
"CNA_event_000658","PASRPV","HOMDEL",3,3,"ENSE00003529527",11,1,TRUE,TRUE
"CNA_event_000659","PASRMM","HOMDEL",1,1,"ENSE00001833804",150,1,TRUE,TRUE
"CNA_event_000659","PASRMM","HOMDEL",2,2,"ENSE00003496053",307,1,TRUE,TRUE
"CNA_event_000659","PASRMM","HOMDEL",3,3,"ENSE00003529527",11,1,TRUE,TRUE
"CNA_event_000660","PASLXY","HOMDEL",1,1,"ENSE00001833804",150,1,TRUE,TRUE
"CNA_event_000660","PASLXY","HOMDEL",2,2,"ENSE00003496053",307,1,TRUE,TRUE
"CNA_event_000660","PASLXY","HOMDEL",3,3,"ENSE00003529527",11,1,TRUE,TRUE
"CNA_event_000661","PASIPN","HOMDEL",1,1,"ENSE00001833804",150,1,TRUE,TRUE
"CNA_event_000661","PASIPN","HOMDEL",2,2,"ENSE00003496053",307,1,TRUE,TRUE
"CNA_event_000661","PASIPN","HOMDEL",3,3,"ENSE00003529527",11,1,TRUE,TRUE
"CNA_event_000662","PASGUH","HOMDEL",1,1,"ENSE00001833804",150,1,TRUE,TRUE
"CNA_event_000662","PASGUH","HOMDEL",2,2,"ENSE00003496053",307,1,TRUE,TRUE
"CNA_event_000663","PASGEC","HOMDEL",1,1,"ENSE00001833804",150,1,TRUE,TRUE
"CNA_event_000663","PASGEC","HOMDEL",2,2,"ENSE00003496053",307,1,TRUE,TRUE
"CNA_event_000663","PASGEC","HOMDEL",3,3,"ENSE00003529527",11,1,TRUE,TRUE
"CNA_event_000664","PARYGJ","HOMDEL",1,1,"ENSE00001833804",150,1,TRUE,TRUE
"CNA_event_000664","PARYGJ","HOMDEL",2,2,"ENSE00003496053",307,1,TRUE,TRUE
"CNA_event_000664","PARYGJ","HOMDEL",3,3,"ENSE00003529527",11,1,TRUE,TRUE
"CNA_event_000665","PARXDJ","HOMDEL",1,1,"ENSE00001833804",150,1,TRUE,TRUE
"CNA_event_000665","PARXDJ","HOMDEL",2,2,"ENSE00003496053",307,1,TRUE,TRUE
"CNA_event_000665","PARXDJ","HOMDEL",3,3,"ENSE00003529527",11,1,TRUE,TRUE
"CNA_event_000666","PARPET","HOMDEL",1,1,"ENSE00001833804",150,1,TRUE,TRUE
"CNA_event_000666","PARPET","HOMDEL",2,2,"ENSE00003496053",307,1,TRUE,TRUE
"CNA_event_000666","PARPET","HOMDEL",3,3,"ENSE00003529527",11,1,TRUE,TRUE
"CNA_event_000667","PARNSP","HOMDEL",1,1,"ENSE00001833804",150,1,TRUE,TRUE
"CNA_event_000667","PARNSP","HOMDEL",2,2,"ENSE00003496053",307,1,TRUE,TRUE
"CNA_event_000667","PARNSP","HOMDEL",3,3,"ENSE00003529527",11,1,TRUE,TRUE
"CNA_event_000668","PARFLD","HOMDEL",1,1,"ENSE00001833804",150,1,TRUE,TRUE
"CNA_event_000668","PARFLD","HOMDEL",2,2,"ENSE00003496053",307,1,TRUE,TRUE
"CNA_event_000668","PARFLD","HOMDEL",3,3,"ENSE00003529527",11,1,TRUE,TRUE
"CNA_event_000669","PAWCUT","HOMDEL",1,1,"ENSE00001833804",150,1,TRUE,TRUE
"CNA_event_000669","PAWCUT","HOMDEL",2,2,"ENSE00003496053",307,1,TRUE,TRUE
"CNA_event_000669","PAWCUT","HOMDEL",3,3,"ENSE00003529527",11,1,TRUE,TRUE
"CNA_event_000670","PAVZKL","HOMDEL",1,1,"ENSE00001833804",150,1,TRUE,TRUE
"CNA_event_000670","PAVZKL","HOMDEL",2,2,"ENSE00003496053",307,1,TRUE,TRUE
"CNA_event_000670","PAVZKL","HOMDEL",3,3,"ENSE00003529527",11,1,TRUE,TRUE
"CNA_event_000671","PAVLUP","HOMDEL",1,1,"ENSE00001833804",150,1,TRUE,TRUE
"CNA_event_000671","PAVLUP","HOMDEL",2,2,"ENSE00003496053",307,1,TRUE,TRUE
"CNA_event_000671","PAVLUP","HOMDEL",3,3,"ENSE00003529527",11,1,TRUE,TRUE
"CNA_event_000672","PAVJHG","HOMDEL",1,1,"ENSE00001833804",150,1,TRUE,TRUE
"CNA_event_000672","PAVJHG","HOMDEL",2,2,"ENSE00003496053",307,1,TRUE,TRUE
"CNA_event_000672","PAVJHG","HOMDEL",3,3,"ENSE00003529527",11,1,TRUE,TRUE
"CNA_event_000673","PAUZGD","HOMDEL",1,1,"ENSE00001833804",150,1,TRUE,TRUE
"CNA_event_000673","PAUZGD","HOMDEL",2,2,"ENSE00003496053",307,1,TRUE,TRUE
"CNA_event_000673","PAUZGD","HOMDEL",3,3,"ENSE00003529527",11,1,TRUE,TRUE
"CNA_event_000674","PAUXSD","HOMDEL",1,1,"ENSE00001833804",150,1,TRUE,TRUE
"CNA_event_000674","PAUXSD","HOMDEL",2,2,"ENSE00003496053",307,1,TRUE,TRUE
"CNA_event_000674","PAUXSD","HOMDEL",3,3,"ENSE00003529527",11,1,TRUE,TRUE
"CNA_event_000675","PAURFC","HOMDEL",1,1,"ENSE00001833804",150,1,TRUE,TRUE
"CNA_event_000675","PAURFC","HOMDEL",2,2,"ENSE00003496053",307,1,TRUE,TRUE
"CNA_event_000675","PAURFC","HOMDEL",3,3,"ENSE00003529527",11,1,TRUE,TRUE
"CNA_event_000676","PAURCM","HOMDEL",1,1,"ENSE00001833804",150,1,TRUE,TRUE
"CNA_event_000676","PAURCM","HOMDEL",2,2,"ENSE00003496053",307,1,TRUE,TRUE
"CNA_event_000676","PAURCM","HOMDEL",3,3,"ENSE00003529527",11,1,TRUE,TRUE
"CNA_event_000677","PAUMLV","HOMDEL",1,1,"ENSE00001833804",150,1,TRUE,TRUE
"CNA_event_000677","PAUMLV","HOMDEL",2,2,"ENSE00003496053",307,1,TRUE,TRUE
"CNA_event_000677","PAUMLV","HOMDEL",3,3,"ENSE00003529527",11,1,TRUE,TRUE
"CNA_event_000678","PAULIU","HOMDEL",1,1,"ENSE00001833804",150,1,TRUE,TRUE
"CNA_event_000678","PAULIU","HOMDEL",2,2,"ENSE00003496053",307,1,TRUE,TRUE
"CNA_event_000678","PAULIU","HOMDEL",3,3,"ENSE00003529527",11,1,TRUE,TRUE
"CNA_event_000679","PAUHRP","HOMDEL",1,1,"ENSE00001833804",150,1,TRUE,TRUE
"CNA_event_000679","PAUHRP","HOMDEL",2,2,"ENSE00003496053",307,1,TRUE,TRUE
"CNA_event_000679","PAUHRP","HOMDEL",3,3,"ENSE00003529527",11,1,TRUE,TRUE
"CNA_event_000680","PATZYC","HOMDEL",1,1,"ENSE00001833804",150,1,TRUE,TRUE
"CNA_event_000680","PATZYC","HOMDEL",2,2,"ENSE00003496053",307,1,TRUE,TRUE
"CNA_event_000680","PATZYC","HOMDEL",3,3,"ENSE00003529527",11,1,TRUE,TRUE
"CNA_event_000681","PATCGT","HOMDEL",1,1,"ENSE00001833804",150,1,TRUE,TRUE
"CNA_event_000681","PATCGT","HOMDEL",2,2,"ENSE00003496053",307,1,TRUE,TRUE
"CNA_event_000681","PATCGT","HOMDEL",3,3,"ENSE00003529527",11,1,TRUE,TRUE
"CNA_event_000682","PATBCV","HOMDEL",1,1,"ENSE00001833804",150,1,TRUE,TRUE
"CNA_event_000682","PATBCV","HOMDEL",2,2,"ENSE00003496053",307,1,TRUE,TRUE
"CNA_event_000682","PATBCV","HOMDEL",3,3,"ENSE00003529527",11,1,TRUE,TRUE
"CNA_event_000683","PARWTI","HOMDEL",1,1,"ENSE00001833804",150,1,TRUE,TRUE
"CNA_event_000683","PARWTI","HOMDEL",2,2,"ENSE00003496053",307,1,TRUE,TRUE
"CNA_event_000683","PARWTI","HOMDEL",3,3,"ENSE00003529527",11,1,TRUE,TRUE
"CNA_event_000684","PARWID","HOMDEL",2,2,"ENSE00003496053",307,1,TRUE,TRUE
"CNA_event_000684","PARWID","HOMDEL",3,3,"ENSE00003529527",11,1,TRUE,TRUE
"CNA_event_000685","PARMKR","HOMDEL",1,1,"ENSE00001833804",150,1,TRUE,TRUE
"CNA_event_000685","PARMKR","HOMDEL",2,2,"ENSE00003496053",307,1,TRUE,TRUE
"CNA_event_000685","PARMKR","HOMDEL",3,3,"ENSE00003529527",11,1,TRUE,TRUE
"CNA_event_000686","PARIZN","HOMDEL",1,1,"ENSE00001833804",150,1,TRUE,TRUE
"CNA_event_000686","PARIZN","HOMDEL",2,2,"ENSE00003496053",307,1,TRUE,TRUE
"CNA_event_000686","PARIZN","HOMDEL",3,3,"ENSE00003529527",11,1,TRUE,TRUE
"CNA_event_000687","PAUXYM","HOMDEL",2,2,"ENSE00003496053",307,1,TRUE,TRUE
"CNA_event_000687","PAUXYM","HOMDEL",3,3,"ENSE00003529527",11,1,TRUE,TRUE
"CNA_event_000688","PATTTE","HOMDEL",1,1,"ENSE00001833804",150,1,TRUE,TRUE
"CNA_event_000688","PATTTE","HOMDEL",2,2,"ENSE00003496053",307,1,TRUE,TRUE
"CNA_event_000688","PATTTE","HOMDEL",3,3,"ENSE00003529527",11,1,TRUE,TRUE
"CNA_event_000689","PASWLV","HOMDEL",1,1,"ENSE00001833804",150,1,TRUE,TRUE
"CNA_event_000689","PASWLV","HOMDEL",2,2,"ENSE00003496053",307,1,TRUE,TRUE
"CNA_event_000689","PASWLV","HOMDEL",3,3,"ENSE00003529527",11,1,TRUE,TRUE
"CNA_event_000690","PAWJJL","HOMDEL",1,1,"ENSE00001833804",150,1,TRUE,TRUE
"CNA_event_000690","PAWJJL","HOMDEL",2,2,"ENSE00003496053",307,1,TRUE,TRUE
"CNA_event_000690","PAWJJL","HOMDEL",3,3,"ENSE00003529527",11,1,TRUE,TRUE
"CNA_event_000691","PAWIPY","HOMDEL",1,1,"ENSE00001833804",150,1,TRUE,TRUE
"CNA_event_000691","PAWIPY","HOMDEL",2,2,"ENSE00003496053",307,1,TRUE,TRUE
"CNA_event_000691","PAWIPY","HOMDEL",3,3,"ENSE00003529527",11,1,TRUE,TRUE
"CNA_event_000692","PAWGTW","HOMDEL",1,1,"ENSE00001833804",150,1,TRUE,TRUE
"CNA_event_000692","PAWGTW","HOMDEL",2,2,"ENSE00003496053",307,1,TRUE,TRUE
"CNA_event_000692","PAWGTW","HOMDEL",3,3,"ENSE00003529527",11,1,TRUE,TRUE
"CNA_event_000693","PAVIHA","HOMDEL",1,1,"ENSE00001833804",150,1,TRUE,TRUE
"CNA_event_000693","PAVIHA","HOMDEL",2,2,"ENSE00003496053",307,1,TRUE,TRUE
"CNA_event_000693","PAVIHA","HOMDEL",3,3,"ENSE00003529527",11,1,TRUE,TRUE
"CNA_event_000694","PATZXL","HOMDEL",1,1,"ENSE00001833804",150,1,TRUE,TRUE
"CNA_event_000694","PATZXL","HOMDEL",2,2,"ENSE00003496053",307,1,TRUE,TRUE
"CNA_event_000694","PATZXL","HOMDEL",3,3,"ENSE00003529527",11,1,TRUE,TRUE
"CNA_event_000695","PATYYJ","HOMDEL",1,1,"ENSE00001833804",150,1,TRUE,TRUE
"CNA_event_000695","PATYYJ","HOMDEL",2,2,"ENSE00003496053",307,1,TRUE,TRUE
"CNA_event_000695","PATYYJ","HOMDEL",3,3,"ENSE00003529527",11,1,TRUE,TRUE
"CNA_event_000696","PATRJL","HOMDEL",2,2,"ENSE00003496053",307,1,TRUE,TRUE
"CNA_event_000696","PATRJL","HOMDEL",3,3,"ENSE00003529527",11,1,TRUE,TRUE
"CNA_event_000697","PATMTV","HOMDEL",1,1,"ENSE00001833804",150,1,TRUE,TRUE
"CNA_event_000697","PATMTV","HOMDEL",2,2,"ENSE00003496053",307,1,TRUE,TRUE
"CNA_event_000697","PATMTV","HOMDEL",3,3,"ENSE00003529527",11,1,TRUE,TRUE
"CNA_event_000698","PATFCV","HOMDEL",1,1,"ENSE00001833804",150,1,TRUE,TRUE
"CNA_event_000698","PATFCV","HOMDEL",2,2,"ENSE00003496053",307,1,TRUE,TRUE
"CNA_event_000698","PATFCV","HOMDEL",3,3,"ENSE00003529527",11,1,TRUE,TRUE
"CNA_event_000699","PATBNT","HOMDEL",1,1,"ENSE00001833804",150,1,TRUE,TRUE
"CNA_event_000699","PATBNT","HOMDEL",2,2,"ENSE00003496053",307,1,TRUE,TRUE
"CNA_event_000699","PATBNT","HOMDEL",3,3,"ENSE00003529527",11,1,TRUE,TRUE
"CNA_event_000700","PATBDJ","HOMDEL",2,2,"ENSE00003496053",307,1,TRUE,TRUE
"CNA_event_000700","PATBDJ","HOMDEL",3,3,"ENSE00003529527",11,1,TRUE,TRUE
"CNA_event_000701","PATBDJ","HOMDEL",1,1,"ENSE00001833804",150,1,TRUE,TRUE
"CNA_event_000702","PASKBB","HOMDEL",1,1,"ENSE00001833804",150,1,TRUE,TRUE
"CNA_event_000702","PASKBB","HOMDEL",2,2,"ENSE00003496053",307,1,TRUE,TRUE
"CNA_event_000702","PASKBB","HOMDEL",3,3,"ENSE00003529527",11,1,TRUE,TRUE
"CNA_event_000703","PARGDC","HOMDEL",1,1,"ENSE00001833804",150,1,TRUE,TRUE
"CNA_event_000703","PARGDC","HOMDEL",2,2,"ENSE00003496053",307,1,TRUE,TRUE
"CNA_event_000703","PARGDC","HOMDEL",3,3,"ENSE00003529527",11,1,TRUE,TRUE
"CNA_event_000704","PAWIMC","HOMDEL",1,1,"ENSE00001833804",150,1,TRUE,TRUE
"CNA_event_000704","PAWIMC","HOMDEL",2,2,"ENSE00003496053",307,1,TRUE,TRUE
"CNA_event_000704","PAWIMC","HOMDEL",3,3,"ENSE00003529527",11,1,TRUE,TRUE
"CNA_event_000705","PAUZHX","HOMDEL",1,1,"ENSE00001833804",150,1,TRUE,TRUE
"CNA_event_000705","PAUZHX","HOMDEL",2,2,"ENSE00003496053",307,1,TRUE,TRUE
"CNA_event_000705","PAUZHX","HOMDEL",3,3,"ENSE00003529527",11,1,TRUE,TRUE
"CNA_event_000706","PAUKMA","HOMDEL",1,1,"ENSE00001833804",150,1,TRUE,TRUE
"CNA_event_000706","PAUKMA","HOMDEL",2,2,"ENSE00003496053",307,1,TRUE,TRUE
"CNA_event_000706","PAUKMA","HOMDEL",3,3,"ENSE00003529527",11,1,TRUE,TRUE
"CNA_event_000707","PAUKBE","HOMDEL",1,1,"ENSE00001833804",150,1,TRUE,TRUE
"CNA_event_000707","PAUKBE","HOMDEL",2,2,"ENSE00003496053",307,1,TRUE,TRUE
"CNA_event_000707","PAUKBE","HOMDEL",3,3,"ENSE00003529527",11,1,TRUE,TRUE
"CNA_event_000708","PAUFZC","HOMDEL",1,1,"ENSE00001833804",150,1,TRUE,TRUE
"CNA_event_000708","PAUFZC","HOMDEL",2,2,"ENSE00003496053",307,1,TRUE,TRUE
"CNA_event_000708","PAUFZC","HOMDEL",3,3,"ENSE00003529527",11,1,TRUE,TRUE
"CNA_event_000709","PATXNG","HOMDEL",1,1,"ENSE00001833804",150,1,TRUE,TRUE
"CNA_event_000709","PATXNG","HOMDEL",2,2,"ENSE00003496053",307,1,TRUE,TRUE
"CNA_event_000709","PATXNG","HOMDEL",3,3,"ENSE00003529527",11,1,TRUE,TRUE
"CNA_event_000710","PATLHH","HOMDEL",1,1,"ENSE00001833804",150,1,TRUE,TRUE
"CNA_event_000710","PATLHH","HOMDEL",2,2,"ENSE00003496053",307,1,TRUE,TRUE
"CNA_event_000710","PATLHH","HOMDEL",3,3,"ENSE00003529527",11,1,TRUE,TRUE
"CNA_event_000711","PATIBE","HOMDEL",1,1,"ENSE00001833804",150,1,TRUE,TRUE
"CNA_event_000711","PATIBE","HOMDEL",2,2,"ENSE00003496053",307,1,TRUE,TRUE
"CNA_event_000711","PATIBE","HOMDEL",3,3,"ENSE00003529527",11,1,TRUE,TRUE
"CNA_event_000712","PATDKT","HOMDEL",1,1,"ENSE00001833804",150,1,TRUE,TRUE
"CNA_event_000712","PATDKT","HOMDEL",2,2,"ENSE00003496053",307,1,TRUE,TRUE
"CNA_event_000712","PATDKT","HOMDEL",3,3,"ENSE00003529527",11,1,TRUE,TRUE
"CNA_event_000713","PATAIE","HOMDEL",1,1,"ENSE00001833804",150,1,TRUE,TRUE
"CNA_event_000713","PATAIE","HOMDEL",2,2,"ENSE00003496053",307,1,TRUE,TRUE
"CNA_event_000713","PATAIE","HOMDEL",3,3,"ENSE00003529527",11,1,TRUE,TRUE
"CNA_event_000714","PASZJW","HOMDEL",1,1,"ENSE00001833804",150,1,TRUE,TRUE
"CNA_event_000715","PAWCWY","HOMDEL",1,1,"ENSE00001833804",150,1,TRUE,TRUE
"CNA_event_000715","PAWCWY","HOMDEL",2,2,"ENSE00003496053",307,1,TRUE,TRUE
"CNA_event_000715","PAWCWY","HOMDEL",3,3,"ENSE00003529527",11,1,TRUE,TRUE
"CNA_event_000716","PAWBKA","HOMDEL",1,1,"ENSE00001833804",150,1,TRUE,TRUE
"CNA_event_000716","PAWBKA","HOMDEL",2,2,"ENSE00003496053",307,1,TRUE,TRUE
"CNA_event_000716","PAWBKA","HOMDEL",3,3,"ENSE00003529527",11,1,TRUE,TRUE
"CNA_event_000717","PAWAMV","HOMDEL",1,1,"ENSE00001833804",150,1,TRUE,TRUE
"CNA_event_000717","PAWAMV","HOMDEL",2,2,"ENSE00003496053",307,1,TRUE,TRUE
"CNA_event_000717","PAWAMV","HOMDEL",3,3,"ENSE00003529527",11,1,TRUE,TRUE
"CNA_event_000718","PAVZCZ","HOMDEL",1,1,"ENSE00001833804",150,1,TRUE,TRUE
"CNA_event_000718","PAVZCZ","HOMDEL",2,2,"ENSE00003496053",307,1,TRUE,TRUE
"CNA_event_000718","PAVZCZ","HOMDEL",3,3,"ENSE00003529527",11,1,TRUE,TRUE
"CNA_event_000719","PAVTXY","HOMDEL",1,1,"ENSE00001833804",150,1,TRUE,TRUE
"CNA_event_000719","PAVTXY","HOMDEL",2,2,"ENSE00003496053",307,1,TRUE,TRUE
"CNA_event_000719","PAVTXY","HOMDEL",3,3,"ENSE00003529527",11,1,TRUE,TRUE
"CNA_event_000720","PAVRYM","HOMDEL",1,1,"ENSE00001833804",150,1,TRUE,TRUE
"CNA_event_000720","PAVRYM","HOMDEL",2,2,"ENSE00003496053",307,1,TRUE,TRUE
"CNA_event_000720","PAVRYM","HOMDEL",3,3,"ENSE00003529527",11,1,TRUE,TRUE
"CNA_event_000721","PAVRTX","HOMDEL",1,1,"ENSE00001833804",150,1,TRUE,TRUE
"CNA_event_000721","PAVRTX","HOMDEL",2,2,"ENSE00003496053",307,1,TRUE,TRUE
"CNA_event_000721","PAVRTX","HOMDEL",3,3,"ENSE00003529527",11,1,TRUE,TRUE
"CNA_event_000722","PAVRAW","HOMDEL",1,1,"ENSE00001833804",150,1,TRUE,TRUE
"CNA_event_000722","PAVRAW","HOMDEL",2,2,"ENSE00003496053",307,1,TRUE,TRUE
"CNA_event_000722","PAVRAW","HOMDEL",3,3,"ENSE00003529527",11,1,TRUE,TRUE
"CNA_event_000723","PAVJFH","HOMDEL",1,1,"ENSE00001833804",150,1,TRUE,TRUE
"CNA_event_000723","PAVJFH","HOMDEL",2,2,"ENSE00003496053",307,1,TRUE,TRUE
"CNA_event_000723","PAVJFH","HOMDEL",3,3,"ENSE00003529527",11,1,TRUE,TRUE
"CNA_event_000724","PAVCRF","HOMDEL",1,1,"ENSE00001833804",150,1,TRUE,TRUE
"CNA_event_000724","PAVCRF","HOMDEL",2,2,"ENSE00003496053",307,1,TRUE,TRUE
"CNA_event_000724","PAVCRF","HOMDEL",3,3,"ENSE00003529527",11,1,TRUE,TRUE
"CNA_event_000725","PAVAXI","HOMDEL",1,1,"ENSE00001833804",150,1,TRUE,TRUE
"CNA_event_000725","PAVAXI","HOMDEL",2,2,"ENSE00003496053",307,1,TRUE,TRUE
"CNA_event_000725","PAVAXI","HOMDEL",3,3,"ENSE00003529527",11,1,TRUE,TRUE
"CNA_event_000726","PAVAVU","HOMDEL",1,1,"ENSE00001833804",150,1,TRUE,TRUE
"CNA_event_000726","PAVAVU","HOMDEL",2,2,"ENSE00003496053",307,1,TRUE,TRUE
"CNA_event_000726","PAVAVU","HOMDEL",3,3,"ENSE00003529527",11,1,TRUE,TRUE
"CNA_event_000727","PAUUXK","HOMDEL",1,1,"ENSE00001833804",150,1,TRUE,TRUE
"CNA_event_000728","PAUSNW","HOMDEL",1,1,"ENSE00001833804",150,1,TRUE,TRUE
"CNA_event_000728","PAUSNW","HOMDEL",2,2,"ENSE00003496053",307,1,TRUE,TRUE
"CNA_event_000728","PAUSNW","HOMDEL",3,3,"ENSE00003529527",11,1,TRUE,TRUE
"CNA_event_000729","PAUEYF","HOMDEL",1,1,"ENSE00001833804",150,1,TRUE,TRUE
"CNA_event_000729","PAUEYF","HOMDEL",2,2,"ENSE00003496053",307,1,TRUE,TRUE
"CNA_event_000729","PAUEYF","HOMDEL",3,3,"ENSE00003529527",11,1,TRUE,TRUE
"CNA_event_000730","PATTHR","HOMDEL",1,1,"ENSE00001833804",150,1,TRUE,TRUE
"CNA_event_000730","PATTHR","HOMDEL",2,2,"ENSE00003496053",307,1,TRUE,TRUE
"CNA_event_000730","PATTHR","HOMDEL",3,3,"ENSE00003529527",11,1,TRUE,TRUE
"CNA_event_000731","PATRNH","HOMDEL",1,1,"ENSE00001833804",150,1,TRUE,TRUE
"CNA_event_000731","PATRNH","HOMDEL",2,2,"ENSE00003496053",307,1,TRUE,TRUE
"CNA_event_000731","PATRNH","HOMDEL",3,3,"ENSE00003529527",11,1,TRUE,TRUE
"CNA_event_000732","PATMXN","HOMDEL",1,1,"ENSE00001833804",150,1,TRUE,TRUE
"CNA_event_000732","PATMXN","HOMDEL",2,2,"ENSE00003496053",307,1,TRUE,TRUE
"CNA_event_000732","PATMXN","HOMDEL",3,3,"ENSE00003529527",11,1,TRUE,TRUE
"CNA_event_000733","PATBVE","HOMDEL",1,1,"ENSE00001833804",150,1,TRUE,TRUE
"CNA_event_000733","PATBVE","HOMDEL",2,2,"ENSE00003496053",307,1,TRUE,TRUE
"CNA_event_000733","PATBVE","HOMDEL",3,3,"ENSE00003529527",11,1,TRUE,TRUE
"CNA_event_000734","PASXLM","HOMDEL",1,1,"ENSE00001833804",150,1,TRUE,TRUE
"CNA_event_000734","PASXLM","HOMDEL",2,2,"ENSE00003496053",307,1,TRUE,TRUE
"CNA_event_000734","PASXLM","HOMDEL",3,3,"ENSE00003529527",11,1,TRUE,TRUE
"CNA_event_000735","PASRSE","HOMDEL",1,1,"ENSE00001833804",150,1,TRUE,TRUE
"CNA_event_000735","PASRSE","HOMDEL",2,2,"ENSE00003496053",307,1,TRUE,TRUE
"CNA_event_000735","PASRSE","HOMDEL",3,3,"ENSE00003529527",11,1,TRUE,TRUE
"CNA_event_000736","PASFLK","HOMDEL",1,1,"ENSE00001833804",150,1,TRUE,TRUE
"CNA_event_000736","PASFLK","HOMDEL",2,2,"ENSE00003496053",307,1,TRUE,TRUE
"CNA_event_000736","PASFLK","HOMDEL",3,3,"ENSE00003529527",11,1,TRUE,TRUE
"CNA_event_000737","PARWMF","HOMDEL",1,1,"ENSE00001833804",150,1,TRUE,TRUE
"CNA_event_000737","PARWMF","HOMDEL",2,2,"ENSE00003496053",307,1,TRUE,TRUE
"CNA_event_000737","PARWMF","HOMDEL",3,3,"ENSE00003529527",11,1,TRUE,TRUE
"CNA_event_000738","PAWJJC","HOMDEL",1,1,"ENSE00001833804",150,1,TRUE,TRUE
"CNA_event_000738","PAWJJC","HOMDEL",2,2,"ENSE00003496053",307,1,TRUE,TRUE
"CNA_event_000738","PAWJJC","HOMDEL",3,3,"ENSE00003529527",11,1,TRUE,TRUE
"CNA_event_000740","PAVWHF","HOMDEL",1,1,"ENSE00001833804",150,1,TRUE,TRUE
"CNA_event_000740","PAVWHF","HOMDEL",2,2,"ENSE00003496053",307,1,TRUE,TRUE
"CNA_event_000740","PAVWHF","HOMDEL",3,3,"ENSE00003529527",11,1,TRUE,TRUE
"CNA_event_000741","PAVUGS","HOMDEL",1,1,"ENSE00001833804",150,1,TRUE,TRUE
"CNA_event_000741","PAVUGS","HOMDEL",2,2,"ENSE00003496053",307,1,TRUE,TRUE
"CNA_event_000741","PAVUGS","HOMDEL",3,3,"ENSE00003529527",11,1,TRUE,TRUE
"CNA_event_000743","PAVFLN","HOMDEL",1,1,"ENSE00001833804",150,1,TRUE,TRUE
"CNA_event_000743","PAVFLN","HOMDEL",2,2,"ENSE00003496053",307,1,TRUE,TRUE
"CNA_event_000743","PAVFLN","HOMDEL",3,3,"ENSE00003529527",11,1,TRUE,TRUE
"CNA_event_000744","PAVCMP","HOMDEL",1,1,"ENSE00001833804",150,1,TRUE,TRUE
"CNA_event_000744","PAVCMP","HOMDEL",2,2,"ENSE00003496053",307,1,TRUE,TRUE
"CNA_event_000744","PAVCMP","HOMDEL",3,3,"ENSE00003529527",11,1,TRUE,TRUE
"CNA_event_000745","PAUYPM","HOMDEL",1,1,"ENSE00001833804",150,1,TRUE,TRUE
"CNA_event_000745","PAUYPM","HOMDEL",2,2,"ENSE00003496053",307,1,TRUE,TRUE
"CNA_event_000745","PAUYPM","HOMDEL",3,3,"ENSE00003529527",11,1,TRUE,TRUE
"CNA_event_000746","PAULMW","HOMDEL",1,1,"ENSE00001833804",150,1,TRUE,TRUE
"CNA_event_000746","PAULMW","HOMDEL",2,2,"ENSE00003496053",307,1,TRUE,TRUE
"CNA_event_000746","PAULMW","HOMDEL",3,3,"ENSE00003529527",11,1,TRUE,TRUE
"CNA_event_000747","PAUKTD","HOMDEL",1,1,"ENSE00001833804",150,1,TRUE,TRUE
"CNA_event_000747","PAUKTD","HOMDEL",2,2,"ENSE00003496053",307,1,TRUE,TRUE
"CNA_event_000747","PAUKTD","HOMDEL",3,3,"ENSE00003529527",11,1,TRUE,TRUE
"CNA_event_000748","PAUGEP","HOMDEL",2,2,"ENSE00003496053",99,0.322475570032573,TRUE,TRUE
"CNA_event_000748","PAUGEP","HOMDEL",3,3,"ENSE00003529527",11,1,TRUE,TRUE
"CNA_event_000749","PAUGEJ","HOMDEL",2,2,"ENSE00003496053",307,1,TRUE,TRUE
"CNA_event_000749","PAUGEJ","HOMDEL",3,3,"ENSE00003529527",11,1,TRUE,TRUE
"CNA_event_000750","PAUGEJ","HOMDEL",1,1,"ENSE00001833804",150,1,TRUE,TRUE
"CNA_event_000751","PATZWA","HOMDEL",1,1,"ENSE00001833804",150,1,TRUE,TRUE
"CNA_event_000751","PATZWA","HOMDEL",2,2,"ENSE00003496053",307,1,TRUE,TRUE
"CNA_event_000751","PATZWA","HOMDEL",3,3,"ENSE00003529527",11,1,TRUE,TRUE
"CNA_event_000752","PAWIGC","HOMDEL",1,1,"ENSE00001833804",150,1,TRUE,TRUE
"CNA_event_000752","PAWIGC","HOMDEL",2,2,"ENSE00003496053",307,1,TRUE,TRUE
"CNA_event_000752","PAWIGC","HOMDEL",3,3,"ENSE00003529527",11,1,TRUE,TRUE
"CNA_event_000753","PAVPCB","HOMDEL",1,1,"ENSE00001833804",150,1,TRUE,TRUE
"CNA_event_000753","PAVPCB","HOMDEL",2,2,"ENSE00003496053",307,1,TRUE,TRUE
"CNA_event_000753","PAVPCB","HOMDEL",3,3,"ENSE00003529527",11,1,TRUE,TRUE
"CNA_event_000754","PAUSLR","HOMDEL",1,1,"ENSE00001833804",150,1,TRUE,TRUE
"CNA_event_000754","PAUSLR","HOMDEL",2,2,"ENSE00003496053",307,1,TRUE,TRUE
"CNA_event_000754","PAUSLR","HOMDEL",3,3,"ENSE00003529527",11,1,TRUE,TRUE
"CNA_event_000755","PAUMLX","HOMDEL",1,1,"ENSE00001833804",150,1,TRUE,TRUE
"CNA_event_000755","PAUMLX","HOMDEL",2,2,"ENSE00003496053",307,1,TRUE,TRUE
"CNA_event_000755","PAUMLX","HOMDEL",3,3,"ENSE00003529527",11,1,TRUE,TRUE
"CNA_event_000756","PASZGL","HOMDEL",1,1,"ENSE00001833804",150,1,TRUE,TRUE
"CNA_event_000756","PASZGL","HOMDEL",2,2,"ENSE00003496053",307,1,TRUE,TRUE
"CNA_event_000756","PASZGL","HOMDEL",3,3,"ENSE00003529527",11,1,TRUE,TRUE
"CNA_event_000757","PASKMG","HOMDEL",1,1,"ENSE00001833804",150,1,TRUE,TRUE
"CNA_event_000757","PASKMG","HOMDEL",2,2,"ENSE00003496053",307,1,TRUE,TRUE
"CNA_event_000757","PASKMG","HOMDEL",3,3,"ENSE00003529527",11,1,TRUE,TRUE
"CNA_event_000758","PARXYI","HOMDEL",1,1,"ENSE00001833804",150,1,TRUE,TRUE
"CNA_event_000758","PARXYI","HOMDEL",2,2,"ENSE00003496053",307,1,TRUE,TRUE
"CNA_event_000758","PARXYI","HOMDEL",3,3,"ENSE00003529527",11,1,TRUE,TRUE
"CNA_event_000759","PARXPK","HOMDEL",1,1,"ENSE00001833804",150,1,TRUE,TRUE
"CNA_event_000759","PARXPK","HOMDEL",2,2,"ENSE00003496053",307,1,TRUE,TRUE
"CNA_event_000759","PARXPK","HOMDEL",3,3,"ENSE00003529527",11,1,TRUE,TRUE
"CNA_event_000760","PARSJG","HOMDEL",1,1,"ENSE00001833804",150,1,TRUE,TRUE
"CNA_event_000760","PARSJG","HOMDEL",2,2,"ENSE00003496053",307,1,TRUE,TRUE
"CNA_event_000760","PARSJG","HOMDEL",3,3,"ENSE00003529527",11,1,TRUE,TRUE
"CNA_event_000761","PARFME","HOMDEL",1,1,"ENSE00001833804",150,1,TRUE,TRUE
"CNA_event_000761","PARFME","HOMDEL",2,2,"ENSE00003496053",307,1,TRUE,TRUE
"CNA_event_000761","PARFME","HOMDEL",3,3,"ENSE00003529527",11,1,TRUE,TRUE
"CNA_event_000762","PAWKZT","HETDEL",1,1,"ENSE00001833804",150,1,TRUE,TRUE
"CNA_event_000762","PAWKZT","HETDEL",2,2,"ENSE00003496053",307,1,TRUE,TRUE
"CNA_event_000762","PAWKZT","HETDEL",3,3,"ENSE00003529527",11,1,TRUE,TRUE
"CNA_event_000763","PAVNTB","HETDEL",1,1,"ENSE00001833804",150,1,TRUE,TRUE
"CNA_event_000763","PAVNTB","HETDEL",2,2,"ENSE00003496053",307,1,TRUE,TRUE
"CNA_event_000763","PAVNTB","HETDEL",3,3,"ENSE00003529527",11,1,TRUE,TRUE
"CNA_event_000764","PAVCWG","HETDEL",1,1,"ENSE00001833804",150,1,TRUE,TRUE
"CNA_event_000764","PAVCWG","HETDEL",2,2,"ENSE00003496053",307,1,TRUE,TRUE
"CNA_event_000764","PAVCWG","HETDEL",3,3,"ENSE00003529527",11,1,TRUE,TRUE
"CNA_event_000765","PAVCEA","HETDEL",1,1,"ENSE00001833804",150,1,TRUE,TRUE
"CNA_event_000765","PAVCEA","HETDEL",2,2,"ENSE00003496053",307,1,TRUE,TRUE
"CNA_event_000768","PASRKS","HETDEL",1,1,"ENSE00001833804",150,1,TRUE,TRUE
"CNA_event_000768","PASRKS","HETDEL",2,2,"ENSE00003496053",307,1,TRUE,TRUE
"CNA_event_000768","PASRKS","HETDEL",3,3,"ENSE00003529527",11,1,TRUE,TRUE
"CNA_event_000772","PAWEUB","HETDEL",1,1,"ENSE00001833804",150,1,TRUE,TRUE
"CNA_event_000772","PAWEUB","HETDEL",2,2,"ENSE00003496053",307,1,TRUE,TRUE
"CNA_event_000772","PAWEUB","HETDEL",3,3,"ENSE00003529527",11,1,TRUE,TRUE
"CNA_event_000773","PAWEKT","HETDEL",1,1,"ENSE00001833804",150,1,TRUE,TRUE
"CNA_event_000773","PAWEKT","HETDEL",2,2,"ENSE00003496053",307,1,TRUE,TRUE
"CNA_event_000773","PAWEKT","HETDEL",3,3,"ENSE00003529527",11,1,TRUE,TRUE
"CNA_event_000774","PAWEKR","HETDEL",1,1,"ENSE00001833804",150,1,TRUE,TRUE
"CNA_event_000774","PAWEKR","HETDEL",2,2,"ENSE00003496053",307,1,TRUE,TRUE
"CNA_event_000774","PAWEKR","HETDEL",3,3,"ENSE00003529527",11,1,TRUE,TRUE
"CNA_event_000775","PAWEIP","HETDEL",1,1,"ENSE00001833804",150,1,TRUE,TRUE
"CNA_event_000775","PAWEIP","HETDEL",2,2,"ENSE00003496053",307,1,TRUE,TRUE
"CNA_event_000775","PAWEIP","HETDEL",3,3,"ENSE00003529527",11,1,TRUE,TRUE
"CNA_event_000776","PAWAFV","HETDEL",1,1,"ENSE00001833804",150,1,TRUE,TRUE
"CNA_event_000776","PAWAFV","HETDEL",2,2,"ENSE00003496053",307,1,TRUE,TRUE
"CNA_event_000776","PAWAFV","HETDEL",3,3,"ENSE00003529527",11,1,TRUE,TRUE
"CNA_event_000778","PAVUTN","HETDEL",1,1,"ENSE00001833804",150,1,TRUE,TRUE
"CNA_event_000778","PAVUTN","HETDEL",2,2,"ENSE00003496053",307,1,TRUE,TRUE
"CNA_event_000778","PAVUTN","HETDEL",3,3,"ENSE00003529527",11,1,TRUE,TRUE
"CNA_event_000779","PAVSZJ","HETDEL",3,3,"ENSE00003529527",11,1,TRUE,TRUE
"CNA_event_000780","PAVSZJ","HETDEL",2,2,"ENSE00003496053",307,1,TRUE,TRUE
"CNA_event_000781","PAURVF","HETDEL",1,1,"ENSE00001833804",150,1,TRUE,TRUE
"CNA_event_000781","PAURVF","HETDEL",2,2,"ENSE00003496053",307,1,TRUE,TRUE
"CNA_event_000781","PAURVF","HETDEL",3,3,"ENSE00003529527",11,1,TRUE,TRUE
"CNA_event_000782","PAURPE","HETDEL",1,1,"ENSE00001833804",150,1,TRUE,TRUE
"CNA_event_000782","PAURPE","HETDEL",2,2,"ENSE00003496053",307,1,TRUE,TRUE
"CNA_event_000782","PAURPE","HETDEL",3,3,"ENSE00003529527",11,1,TRUE,TRUE
"CNA_event_000783","PAURLR","HETDEL",1,1,"ENSE00001833804",150,1,TRUE,TRUE
"CNA_event_000783","PAURLR","HETDEL",2,2,"ENSE00003496053",307,1,TRUE,TRUE
"CNA_event_000783","PAURLR","HETDEL",3,3,"ENSE00003529527",11,1,TRUE,TRUE
"CNA_event_000784","PAUPEZ","HETDEL",1,1,"ENSE00001833804",150,1,TRUE,TRUE
"CNA_event_000784","PAUPEZ","HETDEL",2,2,"ENSE00003496053",307,1,TRUE,TRUE
"CNA_event_000784","PAUPEZ","HETDEL",3,3,"ENSE00003529527",11,1,TRUE,TRUE
"CNA_event_000785","PAUJNY","HETDEL",1,1,"ENSE00001833804",150,1,TRUE,TRUE
"CNA_event_000785","PAUJNY","HETDEL",2,2,"ENSE00003496053",307,1,TRUE,TRUE
"CNA_event_000785","PAUJNY","HETDEL",3,3,"ENSE00003529527",11,1,TRUE,TRUE
"CNA_event_000787","PAUDUS","HETDEL",1,1,"ENSE00001833804",150,1,TRUE,TRUE
"CNA_event_000787","PAUDUS","HETDEL",2,2,"ENSE00003496053",307,1,TRUE,TRUE
"CNA_event_000787","PAUDUS","HETDEL",3,3,"ENSE00003529527",11,1,TRUE,TRUE
"CNA_event_000788","PAUDBF","HETDEL",1,1,"ENSE00001833804",150,1,TRUE,TRUE
"CNA_event_000788","PAUDBF","HETDEL",2,2,"ENSE00003496053",307,1,TRUE,TRUE
"CNA_event_000788","PAUDBF","HETDEL",3,3,"ENSE00003529527",11,1,TRUE,TRUE
"CNA_event_000789","PAUBBN","HETDEL",1,1,"ENSE00001833804",150,1,TRUE,TRUE
"CNA_event_000789","PAUBBN","HETDEL",2,2,"ENSE00003496053",307,1,TRUE,TRUE
"CNA_event_000789","PAUBBN","HETDEL",3,3,"ENSE00003529527",11,1,TRUE,TRUE
"CNA_event_000790","PATXTA","HETDEL",1,1,"ENSE00001833804",150,1,TRUE,TRUE
"CNA_event_000790","PATXTA","HETDEL",2,2,"ENSE00003496053",307,1,TRUE,TRUE
"CNA_event_000790","PATXTA","HETDEL",3,3,"ENSE00003529527",11,1,TRUE,TRUE
"CNA_event_000791","PATWIE","HETDEL",1,1,"ENSE00001833804",150,1,TRUE,TRUE
"CNA_event_000791","PATWIE","HETDEL",2,2,"ENSE00003496053",307,1,TRUE,TRUE
"CNA_event_000791","PATWIE","HETDEL",3,3,"ENSE00003529527",11,1,TRUE,TRUE
"CNA_event_000792","PATTJY","HETDEL",1,1,"ENSE00001833804",150,1,TRUE,TRUE
"CNA_event_000792","PATTJY","HETDEL",2,2,"ENSE00003496053",307,1,TRUE,TRUE
"CNA_event_000792","PATTJY","HETDEL",3,3,"ENSE00003529527",11,1,TRUE,TRUE
"CNA_event_000793","PATSCP","HETDEL",1,1,"ENSE00001833804",150,1,TRUE,TRUE
"CNA_event_000793","PATSCP","HETDEL",2,2,"ENSE00003496053",307,1,TRUE,TRUE
"CNA_event_000793","PATSCP","HETDEL",3,3,"ENSE00003529527",11,1,TRUE,TRUE
"CNA_event_000795","PATJBC","HETDEL",3,3,"ENSE00003529527",11,1,TRUE,TRUE
"CNA_event_000796","PATHSJ","HETDEL",1,1,"ENSE00001833804",150,1,TRUE,TRUE
"CNA_event_000796","PATHSJ","HETDEL",2,2,"ENSE00003496053",307,1,TRUE,TRUE
"CNA_event_000796","PATHSJ","HETDEL",3,3,"ENSE00003529527",11,1,TRUE,TRUE
"CNA_event_000797","PATGVX","HETDEL",1,1,"ENSE00001833804",150,1,TRUE,TRUE
"CNA_event_000797","PATGVX","HETDEL",2,2,"ENSE00003496053",307,1,TRUE,TRUE
"CNA_event_000797","PATGVX","HETDEL",3,3,"ENSE00003529527",11,1,TRUE,TRUE
"CNA_event_000799","PASXLT","HETDEL",1,1,"ENSE00001833804",150,1,TRUE,TRUE
"CNA_event_000799","PASXLT","HETDEL",2,2,"ENSE00003496053",307,1,TRUE,TRUE
"CNA_event_000799","PASXLT","HETDEL",3,3,"ENSE00003529527",11,1,TRUE,TRUE
"CNA_event_000800","PASXFB","HETDEL",1,1,"ENSE00001833804",150,1,TRUE,TRUE
"CNA_event_000800","PASXFB","HETDEL",2,2,"ENSE00003496053",307,1,TRUE,TRUE
"CNA_event_000800","PASXFB","HETDEL",3,3,"ENSE00003529527",11,1,TRUE,TRUE
"CNA_event_000803","PASSGL","HETDEL",1,1,"ENSE00001833804",150,1,TRUE,TRUE
"CNA_event_000803","PASSGL","HETDEL",2,2,"ENSE00003496053",307,1,TRUE,TRUE
"CNA_event_000803","PASSGL","HETDEL",3,3,"ENSE00003529527",11,1,TRUE,TRUE
"CNA_event_000804","PASPPN","HETDEL",1,1,"ENSE00001833804",150,1,TRUE,TRUE
"CNA_event_000804","PASPPN","HETDEL",2,2,"ENSE00003496053",307,1,TRUE,TRUE
"CNA_event_000804","PASPPN","HETDEL",3,3,"ENSE00003529527",11,1,TRUE,TRUE
"CNA_event_000806","PASGSR","HETDEL",1,1,"ENSE00001833804",150,1,TRUE,TRUE
"CNA_event_000806","PASGSR","HETDEL",2,2,"ENSE00003496053",307,1,TRUE,TRUE
"CNA_event_000806","PASGSR","HETDEL",3,3,"ENSE00003529527",11,1,TRUE,TRUE
"CNA_event_000807","PARPYK","HETDEL",1,1,"ENSE00001833804",150,1,TRUE,TRUE
"CNA_event_000807","PARPYK","HETDEL",2,2,"ENSE00003496053",307,1,TRUE,TRUE
"CNA_event_000807","PARPYK","HETDEL",3,3,"ENSE00003529527",11,1,TRUE,TRUE
"CNA_event_000809","PARIYD","HETDEL",2,2,"ENSE00003496053",307,1,TRUE,TRUE
"CNA_event_000809","PARIYD","HETDEL",3,3,"ENSE00003529527",11,1,TRUE,TRUE
"CNA_event_000810","PARIHY","HETDEL",1,1,"ENSE00001833804",150,1,TRUE,TRUE
"CNA_event_000810","PARIHY","HETDEL",2,2,"ENSE00003496053",307,1,TRUE,TRUE
"CNA_event_000810","PARIHY","HETDEL",3,3,"ENSE00003529527",11,1,TRUE,TRUE
"CNA_event_000811","PARHPU","HETDEL",2,2,"ENSE00003496053",307,1,TRUE,TRUE
"CNA_event_000811","PARHPU","HETDEL",3,3,"ENSE00003529527",11,1,TRUE,TRUE
"CNA_event_000812","PARGPS","HETDEL",1,1,"ENSE00001833804",150,1,TRUE,TRUE
"CNA_event_000812","PARGPS","HETDEL",2,2,"ENSE00003496053",307,1,TRUE,TRUE
"CNA_event_000812","PARGPS","HETDEL",3,3,"ENSE00003529527",11,1,TRUE,TRUE
"CNA_event_000815","PAWEEC","HETDEL",1,1,"ENSE00001833804",150,1,TRUE,TRUE
"CNA_event_000815","PAWEEC","HETDEL",2,2,"ENSE00003496053",307,1,TRUE,TRUE
"CNA_event_000815","PAWEEC","HETDEL",3,3,"ENSE00003529527",11,1,TRUE,TRUE
"CNA_event_000816","PAVXGM","HETDEL",1,1,"ENSE00001833804",150,1,TRUE,TRUE
"CNA_event_000816","PAVXGM","HETDEL",2,2,"ENSE00003496053",307,1,TRUE,TRUE
"CNA_event_000816","PAVXGM","HETDEL",3,3,"ENSE00003529527",11,1,TRUE,TRUE
"CNA_event_000817","PAVWUJ","HETDEL",1,1,"ENSE00001833804",150,1,TRUE,TRUE
"CNA_event_000817","PAVWUJ","HETDEL",2,2,"ENSE00003496053",307,1,TRUE,TRUE
"CNA_event_000817","PAVWUJ","HETDEL",3,3,"ENSE00003529527",11,1,TRUE,TRUE
"CNA_event_000818","PAVESV","HETDEL",2,2,"ENSE00003496053",307,1,TRUE,TRUE
"CNA_event_000818","PAVESV","HETDEL",3,3,"ENSE00003529527",11,1,TRUE,TRUE
"CNA_event_000819","PAUPHP","HETDEL",2,2,"ENSE00003496053",307,1,TRUE,TRUE
"CNA_event_000819","PAUPHP","HETDEL",3,3,"ENSE00003529527",11,1,TRUE,TRUE
"CNA_event_000820","PATZVD","HETDEL",1,1,"ENSE00001833804",150,1,TRUE,TRUE
"CNA_event_000820","PATZVD","HETDEL",2,2,"ENSE00003496053",307,1,TRUE,TRUE
"CNA_event_000820","PATZVD","HETDEL",3,3,"ENSE00003529527",11,1,TRUE,TRUE
"CNA_event_000824","PAWKZZ","HETDEL",1,1,"ENSE00001833804",150,1,TRUE,TRUE
"CNA_event_000824","PAWKZZ","HETDEL",2,2,"ENSE00003496053",307,1,TRUE,TRUE
"CNA_event_000824","PAWKZZ","HETDEL",3,3,"ENSE00003529527",11,1,TRUE,TRUE
"CNA_event_000827","PAWJVJ","HETDEL",3,3,"ENSE00003529527",11,1,TRUE,TRUE
"CNA_event_000828","PAWJVJ","HETDEL",2,2,"ENSE00003496053",307,1,TRUE,TRUE
"CNA_event_000830","PAWAMT","HETDEL",1,1,"ENSE00001833804",150,1,TRUE,TRUE
"CNA_event_000833","PAVFDF","HETDEL",1,1,"ENSE00001833804",150,1,TRUE,TRUE
"CNA_event_000833","PAVFDF","HETDEL",2,2,"ENSE00003496053",307,1,TRUE,TRUE
"CNA_event_000833","PAVFDF","HETDEL",3,3,"ENSE00003529527",11,1,TRUE,TRUE
"CNA_event_000834","PAUYMH","HETDEL",1,1,"ENSE00001833804",150,1,TRUE,TRUE
"CNA_event_000834","PAUYMH","HETDEL",2,2,"ENSE00003496053",307,1,TRUE,TRUE
"CNA_event_000834","PAUYMH","HETDEL",3,3,"ENSE00003529527",11,1,TRUE,TRUE
"CNA_event_000836","PASKRN","HETDEL",1,1,"ENSE00001833804",150,1,TRUE,TRUE
"CNA_event_000836","PASKRN","HETDEL",2,2,"ENSE00003496053",307,1,TRUE,TRUE
"CNA_event_000836","PASKRN","HETDEL",3,3,"ENSE00003529527",11,1,TRUE,TRUE
"CNA_event_000837","PASKLK","HETDEL",1,1,"ENSE00001833804",150,1,TRUE,TRUE
"CNA_event_000837","PASKLK","HETDEL",2,2,"ENSE00003496053",307,1,TRUE,TRUE
"CNA_event_000837","PASKLK","HETDEL",3,3,"ENSE00003529527",11,1,TRUE,TRUE
"CNA_event_000838","PARMFF","HETDEL",1,1,"ENSE00001833804",150,1,TRUE,TRUE
"CNA_event_000838","PARMFF","HETDEL",2,2,"ENSE00003496053",307,1,TRUE,TRUE
"CNA_event_000838","PARMFF","HETDEL",3,3,"ENSE00003529527",11,1,TRUE,TRUE
"CNA_event_000839","PARDAU","HETDEL",1,1,"ENSE00001833804",150,1,TRUE,TRUE
"CNA_event_000839","PARDAU","HETDEL",2,2,"ENSE00003496053",307,1,TRUE,TRUE
"CNA_event_000839","PARDAU","HETDEL",3,3,"ENSE00003529527",11,1,TRUE,TRUE
"CNA_event_000840","PAWKXN","HETDEL",1,1,"ENSE00001833804",150,1,TRUE,TRUE
"CNA_event_000840","PAWKXN","HETDEL",2,2,"ENSE00003496053",307,1,TRUE,TRUE
"CNA_event_000840","PAWKXN","HETDEL",3,3,"ENSE00003529527",11,1,TRUE,TRUE
"CNA_event_000841","PAWKKF","HETDEL",1,1,"ENSE00001833804",150,1,TRUE,TRUE
"CNA_event_000841","PAWKKF","HETDEL",2,2,"ENSE00003496053",307,1,TRUE,TRUE
"CNA_event_000841","PAWKKF","HETDEL",3,3,"ENSE00003529527",11,1,TRUE,TRUE
"CNA_event_000842","PAWJKX","HETDEL",1,1,"ENSE00001833804",150,1,TRUE,TRUE
"CNA_event_000843","PAWJKL","HETDEL",1,1,"ENSE00001833804",150,1,TRUE,TRUE
"CNA_event_000843","PAWJKL","HETDEL",2,2,"ENSE00003496053",307,1,TRUE,TRUE
"CNA_event_000843","PAWJKL","HETDEL",3,3,"ENSE00003529527",11,1,TRUE,TRUE
"CNA_event_000844","PAWIXS","HETDEL",1,1,"ENSE00001833804",150,1,TRUE,TRUE
"CNA_event_000844","PAWIXS","HETDEL",2,2,"ENSE00003496053",307,1,TRUE,TRUE
"CNA_event_000844","PAWIXS","HETDEL",3,3,"ENSE00003529527",11,1,TRUE,TRUE
"CNA_event_000845","PAWHPE","HETDEL",1,1,"ENSE00001833804",150,1,TRUE,TRUE
"CNA_event_000845","PAWHPE","HETDEL",2,2,"ENSE00003496053",307,1,TRUE,TRUE
"CNA_event_000845","PAWHPE","HETDEL",3,3,"ENSE00003529527",11,1,TRUE,TRUE
"CNA_event_000846","PAWHIG","HETDEL",1,1,"ENSE00001833804",150,1,TRUE,TRUE
"CNA_event_000847","PAWGXM","HETDEL",3,3,"ENSE00003529527",11,1,TRUE,TRUE
"CNA_event_000848","PAWGHK","HETDEL",1,1,"ENSE00001833804",150,1,TRUE,TRUE
"CNA_event_000849","PAWFST","HETDEL",1,1,"ENSE00001833804",150,1,TRUE,TRUE
"CNA_event_000849","PAWFST","HETDEL",2,2,"ENSE00003496053",307,1,TRUE,TRUE
"CNA_event_000849","PAWFST","HETDEL",3,3,"ENSE00003529527",11,1,TRUE,TRUE
"CNA_event_000852","PAWARP","HETDEL",1,1,"ENSE00001833804",150,1,TRUE,TRUE
"CNA_event_000852","PAWARP","HETDEL",2,2,"ENSE00003496053",307,1,TRUE,TRUE
"CNA_event_000852","PAWARP","HETDEL",3,3,"ENSE00003529527",11,1,TRUE,TRUE
"CNA_event_000853","PAVZHD","HETDEL",1,1,"ENSE00001833804",150,1,TRUE,TRUE
"CNA_event_000853","PAVZHD","HETDEL",2,2,"ENSE00003496053",307,1,TRUE,TRUE
"CNA_event_000853","PAVZHD","HETDEL",3,3,"ENSE00003529527",11,1,TRUE,TRUE
"CNA_event_000854","PAVYML","HETDEL",1,1,"ENSE00001833804",150,1,TRUE,TRUE
"CNA_event_000854","PAVYML","HETDEL",2,2,"ENSE00003496053",307,1,TRUE,TRUE
"CNA_event_000854","PAVYML","HETDEL",3,3,"ENSE00003529527",11,1,TRUE,TRUE
"CNA_event_000855","PAVYGR","HETDEL",1,1,"ENSE00001833804",150,1,TRUE,TRUE
"CNA_event_000855","PAVYGR","HETDEL",2,2,"ENSE00003496053",307,1,TRUE,TRUE
"CNA_event_000855","PAVYGR","HETDEL",3,3,"ENSE00003529527",11,1,TRUE,TRUE
"CNA_event_000857","PAVXSB","HETDEL",1,1,"ENSE00001833804",150,1,TRUE,TRUE
"CNA_event_000857","PAVXSB","HETDEL",2,2,"ENSE00003496053",307,1,TRUE,TRUE
"CNA_event_000857","PAVXSB","HETDEL",3,3,"ENSE00003529527",11,1,TRUE,TRUE
"CNA_event_000858","PAVXMK","HETDEL",1,1,"ENSE00001833804",150,1,TRUE,TRUE
"CNA_event_000858","PAVXMK","HETDEL",2,2,"ENSE00003496053",307,1,TRUE,TRUE
"CNA_event_000858","PAVXMK","HETDEL",3,3,"ENSE00003529527",11,1,TRUE,TRUE
"CNA_event_000859","PAVWJA","HETDEL",1,1,"ENSE00001833804",150,1,TRUE,TRUE
"CNA_event_000859","PAVWJA","HETDEL",2,2,"ENSE00003496053",307,1,TRUE,TRUE
"CNA_event_000859","PAVWJA","HETDEL",3,3,"ENSE00003529527",11,1,TRUE,TRUE
"CNA_event_000860","PAVNSM","HETDEL",1,1,"ENSE00001833804",150,1,TRUE,TRUE
"CNA_event_000860","PAVNSM","HETDEL",2,2,"ENSE00003496053",307,1,TRUE,TRUE
"CNA_event_000860","PAVNSM","HETDEL",3,3,"ENSE00003529527",11,1,TRUE,TRUE
"CNA_event_000862","PAVMPT","HETDEL",1,1,"ENSE00001833804",150,1,TRUE,TRUE
"CNA_event_000862","PAVMPT","HETDEL",2,2,"ENSE00003496053",307,1,TRUE,TRUE
"CNA_event_000862","PAVMPT","HETDEL",3,3,"ENSE00003529527",11,1,TRUE,TRUE
"CNA_event_000863","PAVKYJ","HETDEL",1,1,"ENSE00001833804",150,1,TRUE,TRUE
"CNA_event_000863","PAVKYJ","HETDEL",2,2,"ENSE00003496053",307,1,TRUE,TRUE
"CNA_event_000863","PAVKYJ","HETDEL",3,3,"ENSE00003529527",11,1,TRUE,TRUE
"CNA_event_000864","PAVHJW","HETDEL",1,1,"ENSE00001833804",150,1,TRUE,TRUE
"CNA_event_000864","PAVHJW","HETDEL",2,2,"ENSE00003496053",307,1,TRUE,TRUE
"CNA_event_000864","PAVHJW","HETDEL",3,3,"ENSE00003529527",11,1,TRUE,TRUE
"CNA_event_000865","PAVEUZ","HETDEL",1,1,"ENSE00001833804",150,1,TRUE,TRUE
"CNA_event_000865","PAVEUZ","HETDEL",2,2,"ENSE00003496053",307,1,TRUE,TRUE
"CNA_event_000865","PAVEUZ","HETDEL",3,3,"ENSE00003529527",11,1,TRUE,TRUE
"CNA_event_000867","PAVCYC","HETDEL",1,1,"ENSE00001833804",150,1,TRUE,TRUE
"CNA_event_000867","PAVCYC","HETDEL",2,2,"ENSE00003496053",307,1,TRUE,TRUE
"CNA_event_000867","PAVCYC","HETDEL",3,3,"ENSE00003529527",11,1,TRUE,TRUE
"CNA_event_000868","PAVBUB","HETDEL",1,1,"ENSE00001833804",150,1,TRUE,TRUE
"CNA_event_000868","PAVBUB","HETDEL",2,2,"ENSE00003496053",307,1,TRUE,TRUE
"CNA_event_000868","PAVBUB","HETDEL",3,3,"ENSE00003529527",11,1,TRUE,TRUE
"CNA_event_000869","PAVAWP","HETDEL",1,1,"ENSE00001833804",150,1,TRUE,TRUE
"CNA_event_000869","PAVAWP","HETDEL",2,2,"ENSE00003496053",307,1,TRUE,TRUE
"CNA_event_000869","PAVAWP","HETDEL",3,3,"ENSE00003529527",11,1,TRUE,TRUE
"CNA_event_000870","PAUZZA","HETDEL",1,1,"ENSE00001833804",150,1,TRUE,TRUE
"CNA_event_000870","PAUZZA","HETDEL",2,2,"ENSE00003496053",307,1,TRUE,TRUE
"CNA_event_000870","PAUZZA","HETDEL",3,3,"ENSE00003529527",11,1,TRUE,TRUE
"CNA_event_000871","PAUZBJ","HETDEL",1,1,"ENSE00001833804",150,1,TRUE,TRUE
"CNA_event_000871","PAUZBJ","HETDEL",2,2,"ENSE00003496053",307,1,TRUE,TRUE
"CNA_event_000871","PAUZBJ","HETDEL",3,3,"ENSE00003529527",11,1,TRUE,TRUE
"CNA_event_000872","PAUYJE","HETDEL",3,3,"ENSE00003529527",11,1,TRUE,TRUE
"CNA_event_000873","PAUYID","HETDEL",1,1,"ENSE00001833804",150,1,TRUE,TRUE
"CNA_event_000873","PAUYID","HETDEL",2,2,"ENSE00003496053",307,1,TRUE,TRUE
"CNA_event_000873","PAUYID","HETDEL",3,3,"ENSE00003529527",11,1,TRUE,TRUE
"CNA_event_000875","PAUVFE","HETDEL",1,1,"ENSE00001833804",150,1,TRUE,TRUE
"CNA_event_000875","PAUVFE","HETDEL",2,2,"ENSE00003496053",307,1,TRUE,TRUE
"CNA_event_000875","PAUVFE","HETDEL",3,3,"ENSE00003529527",11,1,TRUE,TRUE
"CNA_event_000876","PAUTWN","HETDEL",1,1,"ENSE00001833804",150,1,TRUE,TRUE
"CNA_event_000876","PAUTWN","HETDEL",2,2,"ENSE00003496053",307,1,TRUE,TRUE
"CNA_event_000876","PAUTWN","HETDEL",3,3,"ENSE00003529527",11,1,TRUE,TRUE
"CNA_event_000877","PAURGS","HETDEL",1,1,"ENSE00001833804",150,1,TRUE,TRUE
"CNA_event_000877","PAURGS","HETDEL",2,2,"ENSE00003496053",307,1,TRUE,TRUE
"CNA_event_000877","PAURGS","HETDEL",3,3,"ENSE00003529527",11,1,TRUE,TRUE
"CNA_event_000879","PAUPFF","HETDEL",1,1,"ENSE00001833804",150,1,TRUE,TRUE
"CNA_event_000879","PAUPFF","HETDEL",2,2,"ENSE00003496053",307,1,TRUE,TRUE
"CNA_event_000879","PAUPFF","HETDEL",3,3,"ENSE00003529527",11,1,TRUE,TRUE
"CNA_event_000880","PAUMNE","HETDEL",1,1,"ENSE00001833804",150,1,TRUE,TRUE
"CNA_event_000880","PAUMNE","HETDEL",2,2,"ENSE00003496053",307,1,TRUE,TRUE
"CNA_event_000880","PAUMNE","HETDEL",3,3,"ENSE00003529527",11,1,TRUE,TRUE
"CNA_event_000881","PAUMHZ","HETDEL",1,1,"ENSE00001833804",150,1,TRUE,TRUE
"CNA_event_000881","PAUMHZ","HETDEL",2,2,"ENSE00003496053",307,1,TRUE,TRUE
"CNA_event_000881","PAUMHZ","HETDEL",3,3,"ENSE00003529527",11,1,TRUE,TRUE
"CNA_event_000886","PAUBGA","HETDEL",1,1,"ENSE00001833804",150,1,TRUE,TRUE
"CNA_event_000886","PAUBGA","HETDEL",2,2,"ENSE00003496053",307,1,TRUE,TRUE
"CNA_event_000886","PAUBGA","HETDEL",3,3,"ENSE00003529527",11,1,TRUE,TRUE
"CNA_event_000887","PAUAVW","HETDEL",1,1,"ENSE00001833804",150,1,TRUE,TRUE
"CNA_event_000887","PAUAVW","HETDEL",2,2,"ENSE00003496053",307,1,TRUE,TRUE
"CNA_event_000887","PAUAVW","HETDEL",3,3,"ENSE00003529527",11,1,TRUE,TRUE
"CNA_event_000888","PAUANG","HETDEL",1,1,"ENSE00001833804",150,1,TRUE,TRUE
"CNA_event_000888","PAUANG","HETDEL",2,2,"ENSE00003496053",307,1,TRUE,TRUE
"CNA_event_000888","PAUANG","HETDEL",3,3,"ENSE00003529527",11,1,TRUE,TRUE
"CNA_event_000889","PAUAMR","HETDEL",1,1,"ENSE00001833804",150,1,TRUE,TRUE
"CNA_event_000889","PAUAMR","HETDEL",2,2,"ENSE00003496053",307,1,TRUE,TRUE
"CNA_event_000889","PAUAMR","HETDEL",3,3,"ENSE00003529527",11,1,TRUE,TRUE
"CNA_event_000891","PATXTC","HETDEL",1,1,"ENSE00001833804",150,1,TRUE,TRUE
"CNA_event_000891","PATXTC","HETDEL",2,2,"ENSE00003496053",307,1,TRUE,TRUE
"CNA_event_000891","PATXTC","HETDEL",3,3,"ENSE00003529527",11,1,TRUE,TRUE
"CNA_event_000892","PATVTZ","HETDEL",2,2,"ENSE00003496053",307,1,TRUE,TRUE
"CNA_event_000892","PATVTZ","HETDEL",3,3,"ENSE00003529527",11,1,TRUE,TRUE
"CNA_event_000895","PATSJU","HETDEL",1,1,"ENSE00001833804",150,1,TRUE,TRUE
"CNA_event_000895","PATSJU","HETDEL",2,2,"ENSE00003496053",307,1,TRUE,TRUE
"CNA_event_000895","PATSJU","HETDEL",3,3,"ENSE00003529527",11,1,TRUE,TRUE
"CNA_event_000897","PATRAB","HETDEL",1,1,"ENSE00001833804",150,1,TRUE,TRUE
"CNA_event_000897","PATRAB","HETDEL",2,2,"ENSE00003496053",307,1,TRUE,TRUE
"CNA_event_000897","PATRAB","HETDEL",3,3,"ENSE00003529527",11,1,TRUE,TRUE
"CNA_event_000898","PATPDA","HETDEL",1,1,"ENSE00001833804",150,1,TRUE,TRUE
"CNA_event_000898","PATPDA","HETDEL",2,2,"ENSE00003496053",307,1,TRUE,TRUE
"CNA_event_000900","PATKZH","HETDEL",1,1,"ENSE00001833804",150,1,TRUE,TRUE
"CNA_event_000900","PATKZH","HETDEL",2,2,"ENSE00003496053",307,1,TRUE,TRUE
"CNA_event_000900","PATKZH","HETDEL",3,3,"ENSE00003529527",11,1,TRUE,TRUE
"CNA_event_000901","PATJCZ","HETDEL",1,1,"ENSE00001833804",150,1,TRUE,TRUE
"CNA_event_000901","PATJCZ","HETDEL",2,2,"ENSE00003496053",307,1,TRUE,TRUE
"CNA_event_000901","PATJCZ","HETDEL",3,3,"ENSE00003529527",11,1,TRUE,TRUE
"CNA_event_000902","PATAUC","HETDEL",1,1,"ENSE00001833804",150,1,TRUE,TRUE
"CNA_event_000902","PATAUC","HETDEL",2,2,"ENSE00003496053",307,1,TRUE,TRUE
"CNA_event_000902","PATAUC","HETDEL",3,3,"ENSE00003529527",11,1,TRUE,TRUE
"CNA_event_000903","PATALF","HETDEL",1,1,"ENSE00001833804",150,1,TRUE,TRUE
"CNA_event_000903","PATALF","HETDEL",2,2,"ENSE00003496053",307,1,TRUE,TRUE
"CNA_event_000903","PATALF","HETDEL",3,3,"ENSE00003529527",11,1,TRUE,TRUE
"CNA_event_000904","PASWSR","HETDEL",1,1,"ENSE00001833804",150,1,TRUE,TRUE
"CNA_event_000906","PASVYP","HETDEL",1,1,"ENSE00001833804",150,1,TRUE,TRUE
"CNA_event_000906","PASVYP","HETDEL",2,2,"ENSE00003496053",307,1,TRUE,TRUE
"CNA_event_000906","PASVYP","HETDEL",3,3,"ENSE00003529527",11,1,TRUE,TRUE
"CNA_event_000907","PASVLD","HETDEL",1,1,"ENSE00001833804",150,1,TRUE,TRUE
"CNA_event_000907","PASVLD","HETDEL",2,2,"ENSE00003496053",307,1,TRUE,TRUE
"CNA_event_000907","PASVLD","HETDEL",3,3,"ENSE00003529527",11,1,TRUE,TRUE
"CNA_event_000908","PASSZA","HETDEL",1,1,"ENSE00001833804",150,1,TRUE,TRUE
"CNA_event_000908","PASSZA","HETDEL",2,2,"ENSE00003496053",307,1,TRUE,TRUE
"CNA_event_000908","PASSZA","HETDEL",3,3,"ENSE00003529527",11,1,TRUE,TRUE
"CNA_event_000909","PASRUK","HETDEL",1,1,"ENSE00001833804",150,1,TRUE,TRUE
"CNA_event_000909","PASRUK","HETDEL",2,2,"ENSE00003496053",307,1,TRUE,TRUE
"CNA_event_000909","PASRUK","HETDEL",3,3,"ENSE00003529527",11,1,TRUE,TRUE
"CNA_event_000910","PASPNW","HETDEL",1,1,"ENSE00001833804",150,1,TRUE,TRUE
"CNA_event_000910","PASPNW","HETDEL",2,2,"ENSE00003496053",307,1,TRUE,TRUE
"CNA_event_000911","PASPJU","HETDEL",1,1,"ENSE00001833804",150,1,TRUE,TRUE
"CNA_event_000911","PASPJU","HETDEL",2,2,"ENSE00003496053",307,1,TRUE,TRUE
"CNA_event_000911","PASPJU","HETDEL",3,3,"ENSE00003529527",11,1,TRUE,TRUE
"CNA_event_000912","PASPJR","HETDEL",1,1,"ENSE00001833804",150,1,TRUE,TRUE
"CNA_event_000912","PASPJR","HETDEL",2,2,"ENSE00003496053",307,1,TRUE,TRUE
"CNA_event_000912","PASPJR","HETDEL",3,3,"ENSE00003529527",11,1,TRUE,TRUE
"CNA_event_000914","PASILW","HETDEL",1,1,"ENSE00001833804",150,1,TRUE,TRUE
"CNA_event_000914","PASILW","HETDEL",2,2,"ENSE00003496053",307,1,TRUE,TRUE
"CNA_event_000914","PASILW","HETDEL",3,3,"ENSE00003529527",11,1,TRUE,TRUE
"CNA_event_000915","PASGRD","HETDEL",1,1,"ENSE00001833804",150,1,TRUE,TRUE
"CNA_event_000916","PASGMR","HETDEL",1,1,"ENSE00001833804",150,1,TRUE,TRUE
"CNA_event_000916","PASGMR","HETDEL",2,2,"ENSE00003496053",307,1,TRUE,TRUE
"CNA_event_000916","PASGMR","HETDEL",3,3,"ENSE00003529527",11,1,TRUE,TRUE
"CNA_event_000919","PARXPZ","HETDEL",2,2,"ENSE00003496053",307,1,TRUE,TRUE
"CNA_event_000919","PARXPZ","HETDEL",3,3,"ENSE00003529527",11,1,TRUE,TRUE
"CNA_event_000920","PARWNW","HETDEL",1,1,"ENSE00001833804",150,1,TRUE,TRUE
"CNA_event_000920","PARWNW","HETDEL",2,2,"ENSE00003496053",307,1,TRUE,TRUE
"CNA_event_000920","PARWNW","HETDEL",3,3,"ENSE00003529527",11,1,TRUE,TRUE
"CNA_event_000921","PARVDS","HETDEL",1,1,"ENSE00001833804",150,1,TRUE,TRUE
"CNA_event_000921","PARVDS","HETDEL",2,2,"ENSE00003496053",307,1,TRUE,TRUE
"CNA_event_000921","PARVDS","HETDEL",3,3,"ENSE00003529527",11,1,TRUE,TRUE
"CNA_event_000923","PARKLK","HETDEL",1,1,"ENSE00001833804",150,1,TRUE,TRUE
"CNA_event_000923","PARKLK","HETDEL",2,2,"ENSE00003496053",307,1,TRUE,TRUE
"CNA_event_000923","PARKLK","HETDEL",3,3,"ENSE00003529527",11,1,TRUE,TRUE
"CNA_event_000924","PAWLSN","HETDEL",2,2,"ENSE00003496053",307,1,TRUE,TRUE
"CNA_event_000924","PAWLSN","HETDEL",3,3,"ENSE00003529527",11,1,TRUE,TRUE
"CNA_event_000927","PAVZTC","HETDEL",2,2,"ENSE00003496053",307,1,TRUE,TRUE
"CNA_event_000927","PAVZTC","HETDEL",3,3,"ENSE00003529527",11,1,TRUE,TRUE
"CNA_event_000928","PAVYTZ","HETDEL",1,1,"ENSE00001833804",150,1,TRUE,TRUE
"CNA_event_000928","PAVYTZ","HETDEL",2,2,"ENSE00003496053",307,1,TRUE,TRUE
"CNA_event_000928","PAVYTZ","HETDEL",3,3,"ENSE00003529527",11,1,TRUE,TRUE
"CNA_event_000929","PAVXVA","HETDEL",1,1,"ENSE00001833804",150,1,TRUE,TRUE
"CNA_event_000929","PAVXVA","HETDEL",2,2,"ENSE00003496053",307,1,TRUE,TRUE
"CNA_event_000929","PAVXVA","HETDEL",3,3,"ENSE00003529527",11,1,TRUE,TRUE
"CNA_event_000933","PAUWRG","HETDEL",1,1,"ENSE00001833804",150,1,TRUE,TRUE
"CNA_event_000933","PAUWRG","HETDEL",2,2,"ENSE00003496053",307,1,TRUE,TRUE
"CNA_event_000933","PAUWRG","HETDEL",3,3,"ENSE00003529527",11,1,TRUE,TRUE
"CNA_event_000935","PAUUCY","HETDEL",1,1,"ENSE00001833804",150,1,TRUE,TRUE
"CNA_event_000935","PAUUCY","HETDEL",2,2,"ENSE00003496053",307,1,TRUE,TRUE
"CNA_event_000935","PAUUCY","HETDEL",3,3,"ENSE00003529527",11,1,TRUE,TRUE
"CNA_event_000936","PAUTZD","HETDEL",1,1,"ENSE00001833804",150,1,TRUE,TRUE
"CNA_event_000936","PAUTZD","HETDEL",2,2,"ENSE00003496053",307,1,TRUE,TRUE
"CNA_event_000936","PAUTZD","HETDEL",3,3,"ENSE00003529527",11,1,TRUE,TRUE
"CNA_event_000937","PAUJYN","HETDEL",1,1,"ENSE00001833804",150,1,TRUE,TRUE
"CNA_event_000939","PATSRU","HETDEL",1,1,"ENSE00001833804",150,1,TRUE,TRUE
"CNA_event_000939","PATSRU","HETDEL",2,2,"ENSE00003496053",307,1,TRUE,TRUE
"CNA_event_000939","PATSRU","HETDEL",3,3,"ENSE00003529527",11,1,TRUE,TRUE
"CNA_event_000943","PATCML","HETDEL",2,2,"ENSE00003496053",307,1,TRUE,TRUE
"CNA_event_000943","PATCML","HETDEL",3,3,"ENSE00003529527",11,1,TRUE,TRUE
"CNA_event_000944","PASYSM","HETDEL",1,1,"ENSE00001833804",150,1,TRUE,TRUE
"CNA_event_000944","PASYSM","HETDEL",2,2,"ENSE00003496053",307,1,TRUE,TRUE
"CNA_event_000944","PASYSM","HETDEL",3,3,"ENSE00003529527",11,1,TRUE,TRUE
"CNA_event_000945","PASVJM","HETDEL",1,1,"ENSE00001833804",150,1,TRUE,TRUE
"CNA_event_000945","PASVJM","HETDEL",2,2,"ENSE00003496053",307,1,TRUE,TRUE
"CNA_event_000945","PASVJM","HETDEL",3,3,"ENSE00003529527",11,1,TRUE,TRUE
"CNA_event_000946","PASRAF","HETDEL",1,1,"ENSE00001833804",150,1,TRUE,TRUE
"CNA_event_000950","PASFSI","HETDEL",1,1,"ENSE00001833804",150,1,TRUE,TRUE
"CNA_event_000950","PASFSI","HETDEL",2,2,"ENSE00003496053",307,1,TRUE,TRUE
"CNA_event_000950","PASFSI","HETDEL",3,3,"ENSE00003529527",11,1,TRUE,TRUE
"CNA_event_000951","PARXVS","HETDEL",1,1,"ENSE00001833804",150,1,TRUE,TRUE
"CNA_event_000951","PARXVS","HETDEL",2,2,"ENSE00003496053",307,1,TRUE,TRUE
"CNA_event_000951","PARXVS","HETDEL",3,3,"ENSE00003529527",11,1,TRUE,TRUE
"CNA_event_000952","PARPHB","HETDEL",1,1,"ENSE00001833804",150,1,TRUE,TRUE
"CNA_event_000952","PARPHB","HETDEL",2,2,"ENSE00003496053",307,1,TRUE,TRUE
"CNA_event_000952","PARPHB","HETDEL",3,3,"ENSE00003529527",11,1,TRUE,TRUE
"CNA_event_000954","PAVZVG","HETDEL",1,1,"ENSE00001833804",150,1,TRUE,TRUE
"CNA_event_000954","PAVZVG","HETDEL",2,2,"ENSE00003496053",307,1,TRUE,TRUE
"CNA_event_000954","PAVZVG","HETDEL",3,3,"ENSE00003529527",11,1,TRUE,TRUE
"CNA_event_000955","PARLGK","HETDEL",1,1,"ENSE00001833804",150,1,TRUE,TRUE
"CNA_event_000955","PARLGK","HETDEL",2,2,"ENSE00003496053",307,1,TRUE,TRUE
"CNA_event_000955","PARLGK","HETDEL",3,3,"ENSE00003529527",11,1,TRUE,TRUE
"CNA_event_000956","PAVPUV","HETDEL",1,1,"ENSE00001833804",150,1,TRUE,TRUE
"CNA_event_000956","PAVPUV","HETDEL",2,2,"ENSE00003496053",307,1,TRUE,TRUE
"CNA_event_000956","PAVPUV","HETDEL",3,3,"ENSE00003529527",11,1,TRUE,TRUE
"CNA_event_000957","PAVMYX","HETDEL",1,1,"ENSE00001833804",150,1,TRUE,TRUE
"CNA_event_000957","PAVMYX","HETDEL",2,2,"ENSE00003496053",307,1,TRUE,TRUE
"CNA_event_000957","PAVMYX","HETDEL",3,3,"ENSE00003529527",11,1,TRUE,TRUE
"CNA_event_000958","PAUGVW","HETDEL",1,1,"ENSE00001833804",150,1,TRUE,TRUE
"CNA_event_000958","PAUGVW","HETDEL",2,2,"ENSE00003496053",307,1,TRUE,TRUE
"CNA_event_000958","PAUGVW","HETDEL",3,3,"ENSE00003529527",11,1,TRUE,TRUE
"CNA_event_000959","PATAHP","HETDEL",1,1,"ENSE00001833804",150,1,TRUE,TRUE
"CNA_event_000959","PATAHP","HETDEL",2,2,"ENSE00003496053",307,1,TRUE,TRUE
"CNA_event_000960","PAVGSF","HETDEL",1,1,"ENSE00001833804",150,1,TRUE,TRUE
"CNA_event_000960","PAVGSF","HETDEL",2,2,"ENSE00003496053",307,1,TRUE,TRUE
"CNA_event_000960","PAVGSF","HETDEL",3,3,"ENSE00003529527",11,1,TRUE,TRUE
"CNA_event_000961","PAUPVR","HETDEL",2,2,"ENSE00003496053",307,1,TRUE,TRUE
"CNA_event_000961","PAUPVR","HETDEL",3,3,"ENSE00003529527",11,1,TRUE,TRUE
"CNA_event_000964","PAREWU","HETDEL",1,1,"ENSE00001833804",150,1,TRUE,TRUE
"CNA_event_000964","PAREWU","HETDEL",2,2,"ENSE00003496053",307,1,TRUE,TRUE
"CNA_event_000964","PAREWU","HETDEL",3,3,"ENSE00003529527",11,1,TRUE,TRUE
"CNA_event_000966","PAWBPD","HETDEL",1,1,"ENSE00001833804",150,1,TRUE,TRUE
"CNA_event_000966","PAWBPD","HETDEL",2,2,"ENSE00003496053",307,1,TRUE,TRUE
"CNA_event_000966","PAWBPD","HETDEL",3,3,"ENSE00003529527",11,1,TRUE,TRUE
"CNA_event_000968","PAVRLT","HETDEL",1,1,"ENSE00001833804",150,1,TRUE,TRUE
"CNA_event_000968","PAVRLT","HETDEL",2,2,"ENSE00003496053",307,1,TRUE,TRUE
"CNA_event_000968","PAVRLT","HETDEL",3,3,"ENSE00003529527",11,1,TRUE,TRUE
"CNA_event_000969","PAVNFU","HETDEL",1,1,"ENSE00001833804",150,1,TRUE,TRUE
"CNA_event_000969","PAVNFU","HETDEL",2,2,"ENSE00003496053",307,1,TRUE,TRUE
"CNA_event_000969","PAVNFU","HETDEL",3,3,"ENSE00003529527",11,1,TRUE,TRUE
"CNA_event_000973","PAULCK","HETDEL",1,1,"ENSE00001833804",150,1,TRUE,TRUE
"CNA_event_000973","PAULCK","HETDEL",2,2,"ENSE00003496053",307,1,TRUE,TRUE
"CNA_event_000973","PAULCK","HETDEL",3,3,"ENSE00003529527",11,1,TRUE,TRUE
"CNA_event_000974","PAUKYJ","HETDEL",1,1,"ENSE00001833804",150,1,TRUE,TRUE
"CNA_event_000974","PAUKYJ","HETDEL",2,2,"ENSE00003496053",307,1,TRUE,TRUE
"CNA_event_000974","PAUKYJ","HETDEL",3,3,"ENSE00003529527",11,1,TRUE,TRUE
"CNA_event_000977","PATHFE","HETDEL",1,1,"ENSE00001833804",150,1,TRUE,TRUE
"CNA_event_000977","PATHFE","HETDEL",2,2,"ENSE00003496053",307,1,TRUE,TRUE
"CNA_event_000977","PATHFE","HETDEL",3,3,"ENSE00003529527",11,1,TRUE,TRUE
"CNA_event_000978","PATDGZ","HETDEL",1,1,"ENSE00001833804",150,1,TRUE,TRUE
"CNA_event_000978","PATDGZ","HETDEL",2,2,"ENSE00003496053",307,1,TRUE,TRUE
"CNA_event_000978","PATDGZ","HETDEL",3,3,"ENSE00003529527",11,1,TRUE,TRUE
"CNA_event_000980","PASGUH","HETDEL",3,3,"ENSE00003529527",11,1,TRUE,TRUE
"CNA_event_000981","PASGDZ","HETDEL",1,1,"ENSE00001833804",150,1,TRUE,TRUE
"CNA_event_000981","PASGDZ","HETDEL",2,2,"ENSE00003496053",307,1,TRUE,TRUE
"CNA_event_000981","PASGDZ","HETDEL",3,3,"ENSE00003529527",11,1,TRUE,TRUE
"CNA_event_000982","PARVSC","HETDEL",1,1,"ENSE00001833804",150,1,TRUE,TRUE
"CNA_event_000982","PARVSC","HETDEL",2,2,"ENSE00003496053",307,1,TRUE,TRUE
"CNA_event_000982","PARVSC","HETDEL",3,3,"ENSE00003529527",11,1,TRUE,TRUE
"CNA_event_000983","PAVYDR","HETDEL",1,1,"ENSE00001833804",150,1,TRUE,TRUE
"CNA_event_000983","PAVYDR","HETDEL",2,2,"ENSE00003496053",307,1,TRUE,TRUE
"CNA_event_000983","PAVYDR","HETDEL",3,3,"ENSE00003529527",11,1,TRUE,TRUE
"CNA_event_000985","PAUWNK","HETDEL",1,1,"ENSE00001833804",150,1,TRUE,TRUE
"CNA_event_000985","PAUWNK","HETDEL",2,2,"ENSE00003496053",307,1,TRUE,TRUE
"CNA_event_000985","PAUWNK","HETDEL",3,3,"ENSE00003529527",11,1,TRUE,TRUE
"CNA_event_000986","PAUTRX","HETDEL",1,1,"ENSE00001833804",150,1,TRUE,TRUE
"CNA_event_000986","PAUTRX","HETDEL",2,2,"ENSE00003496053",307,1,TRUE,TRUE
"CNA_event_000986","PAUTRX","HETDEL",3,3,"ENSE00003529527",11,1,TRUE,TRUE
"CNA_event_000988","PATLMA","HETDEL",1,1,"ENSE00001833804",150,1,TRUE,TRUE
"CNA_event_000988","PATLMA","HETDEL",2,2,"ENSE00003496053",307,1,TRUE,TRUE
"CNA_event_000988","PATLMA","HETDEL",3,3,"ENSE00003529527",11,1,TRUE,TRUE
"CNA_event_000990","PATBRV","HETDEL",1,1,"ENSE00001833804",150,1,TRUE,TRUE
"CNA_event_000990","PATBRV","HETDEL",2,2,"ENSE00003496053",307,1,TRUE,TRUE
"CNA_event_000990","PATBRV","HETDEL",3,3,"ENSE00003529527",11,1,TRUE,TRUE
"CNA_event_000991","PATAYT","HETDEL",1,1,"ENSE00001833804",150,1,TRUE,TRUE
"CNA_event_000991","PATAYT","HETDEL",2,2,"ENSE00003496053",307,1,TRUE,TRUE
"CNA_event_000991","PATAYT","HETDEL",3,3,"ENSE00003529527",11,1,TRUE,TRUE
"CNA_event_000992","PASWNU","HETDEL",1,1,"ENSE00001833804",150,1,TRUE,TRUE
"CNA_event_000992","PASWNU","HETDEL",2,2,"ENSE00003496053",307,1,TRUE,TRUE
"CNA_event_000992","PASWNU","HETDEL",3,3,"ENSE00003529527",11,1,TRUE,TRUE
"CNA_event_000993","PASRNF","HETDEL",1,1,"ENSE00001833804",150,1,TRUE,TRUE
"CNA_event_000993","PASRNF","HETDEL",2,2,"ENSE00003496053",307,1,TRUE,TRUE
"CNA_event_000993","PASRNF","HETDEL",3,3,"ENSE00003529527",11,1,TRUE,TRUE
"CNA_event_000995","PARWID","HETDEL",1,1,"ENSE00001833804",150,1,TRUE,TRUE
"CNA_event_000996","PAVARZ","HETDEL",1,1,"ENSE00001833804",150,1,TRUE,TRUE
"CNA_event_000996","PAVARZ","HETDEL",2,2,"ENSE00003496053",307,1,TRUE,TRUE
"CNA_event_000996","PAVARZ","HETDEL",3,3,"ENSE00003529527",11,1,TRUE,TRUE
"CNA_event_000998","PAWFLB","HETDEL",1,1,"ENSE00001833804",150,1,TRUE,TRUE
"CNA_event_000998","PAWFLB","HETDEL",2,2,"ENSE00003496053",307,1,TRUE,TRUE
"CNA_event_000998","PAWFLB","HETDEL",3,3,"ENSE00003529527",11,1,TRUE,TRUE
"CNA_event_000999","PAVLKA","HETDEL",1,1,"ENSE00001833804",150,1,TRUE,TRUE
"CNA_event_000999","PAVLKA","HETDEL",2,2,"ENSE00003496053",307,1,TRUE,TRUE
"CNA_event_000999","PAVLKA","HETDEL",3,3,"ENSE00003529527",11,1,TRUE,TRUE
"CNA_event_001002","PATLWX","HETDEL",1,1,"ENSE00001833804",150,1,TRUE,TRUE
"CNA_event_001002","PATLWX","HETDEL",2,2,"ENSE00003496053",307,1,TRUE,TRUE
"CNA_event_001002","PATLWX","HETDEL",3,3,"ENSE00003529527",11,1,TRUE,TRUE
"CNA_event_001003","PAWHJR","HETDEL",1,1,"ENSE00001833804",150,1,TRUE,TRUE
"CNA_event_001003","PAWHJR","HETDEL",2,2,"ENSE00003496053",307,1,TRUE,TRUE
"CNA_event_001003","PAWHJR","HETDEL",3,3,"ENSE00003529527",11,1,TRUE,TRUE
"CNA_event_001004","PAUSNZ","HETDEL",1,1,"ENSE00001833804",150,1,TRUE,TRUE
"CNA_event_001004","PAUSNZ","HETDEL",2,2,"ENSE00003496053",307,1,TRUE,TRUE
"CNA_event_001004","PAUSNZ","HETDEL",3,3,"ENSE00003529527",11,1,TRUE,TRUE
"CNA_event_001005","PATIYA","HETDEL",1,1,"ENSE00001833804",150,1,TRUE,TRUE
"CNA_event_001005","PATIYA","HETDEL",2,2,"ENSE00003496053",307,1,TRUE,TRUE
"CNA_event_001005","PATIYA","HETDEL",3,3,"ENSE00003529527",11,1,TRUE,TRUE
"CNA_event_001007","PASZJW","HETDEL",2,2,"ENSE00003496053",307,1,TRUE,TRUE
"CNA_event_001007","PASZJW","HETDEL",3,3,"ENSE00003529527",11,1,TRUE,TRUE
"CNA_event_001008","PAVLUN","HETDEL",1,1,"ENSE00001833804",150,1,TRUE,TRUE
"CNA_event_001008","PAVLUN","HETDEL",2,2,"ENSE00003496053",307,1,TRUE,TRUE
"CNA_event_001008","PAVLUN","HETDEL",3,3,"ENSE00003529527",11,1,TRUE,TRUE
"CNA_event_001009","PAVFKN","HETDEL",1,1,"ENSE00001833804",150,1,TRUE,TRUE
"CNA_event_001009","PAVFKN","HETDEL",2,2,"ENSE00003496053",307,1,TRUE,TRUE
"CNA_event_001009","PAVFKN","HETDEL",3,3,"ENSE00003529527",11,1,TRUE,TRUE
"CNA_event_001011","PAUUZY","HETDEL",1,1,"ENSE00001833804",150,1,TRUE,TRUE
"CNA_event_001011","PAUUZY","HETDEL",2,2,"ENSE00003496053",307,1,TRUE,TRUE
"CNA_event_001011","PAUUZY","HETDEL",3,3,"ENSE00003529527",11,1,TRUE,TRUE
"CNA_event_001012","PAUUXK","HETDEL",2,2,"ENSE00003496053",307,1,TRUE,TRUE
"CNA_event_001012","PAUUXK","HETDEL",3,3,"ENSE00003529527",11,1,TRUE,TRUE
"CNA_event_001014","PAUELB","HETDEL",1,1,"ENSE00001833804",150,1,TRUE,TRUE
"CNA_event_001014","PAUELB","HETDEL",2,2,"ENSE00003496053",307,1,TRUE,TRUE
"CNA_event_001014","PAUELB","HETDEL",3,3,"ENSE00003529527",11,1,TRUE,TRUE
"CNA_event_001015","PATXAL","HETDEL",1,1,"ENSE00001833804",150,1,TRUE,TRUE
"CNA_event_001015","PATXAL","HETDEL",2,2,"ENSE00003496053",307,1,TRUE,TRUE
"CNA_event_001015","PATXAL","HETDEL",3,3,"ENSE00003529527",11,1,TRUE,TRUE
"CNA_event_001016","PATCNG","HETDEL",1,1,"ENSE00001833804",150,1,TRUE,TRUE
"CNA_event_001016","PATCNG","HETDEL",2,2,"ENSE00003496053",307,1,TRUE,TRUE
"CNA_event_001016","PATCNG","HETDEL",3,3,"ENSE00003529527",11,1,TRUE,TRUE
"CNA_event_001018","PARICC","HETDEL",1,1,"ENSE00001833804",150,1,TRUE,TRUE
"CNA_event_001018","PARICC","HETDEL",2,2,"ENSE00003496053",307,1,TRUE,TRUE
"CNA_event_001018","PARICC","HETDEL",3,3,"ENSE00003529527",11,1,TRUE,TRUE
"CNA_event_001019","PARGIR","HETDEL",1,1,"ENSE00001833804",150,1,TRUE,TRUE
"CNA_event_001019","PARGIR","HETDEL",2,2,"ENSE00003496053",307,1,TRUE,TRUE
"CNA_event_001019","PARGIR","HETDEL",3,3,"ENSE00003529527",11,1,TRUE,TRUE
"CNA_event_001020","PARDFP","HETDEL",1,1,"ENSE00001833804",150,1,TRUE,TRUE
"CNA_event_001020","PARDFP","HETDEL",2,2,"ENSE00003496053",307,1,TRUE,TRUE
"CNA_event_001020","PARDFP","HETDEL",3,3,"ENSE00003529527",11,1,TRUE,TRUE
"CNA_event_001022","PATFMG","HETDEL",2,2,"ENSE00003496053",307,1,TRUE,TRUE
"CNA_event_001022","PATFMG","HETDEL",3,3,"ENSE00003529527",11,1,TRUE,TRUE
"CNA_event_001023","PARJSM","HETDEL",1,1,"ENSE00001833804",150,1,TRUE,TRUE
"CNA_event_001023","PARJSM","HETDEL",2,2,"ENSE00003496053",307,1,TRUE,TRUE
"CNA_event_001023","PARJSM","HETDEL",3,3,"ENSE00003529527",11,1,TRUE,TRUE
"CNA_event_001024","PARFXJ","HETDEL",1,1,"ENSE00001833804",150,1,TRUE,TRUE
"CNA_event_001024","PARFXJ","HETDEL",2,2,"ENSE00003496053",307,1,TRUE,TRUE
"CNA_event_001024","PARFXJ","HETDEL",3,3,"ENSE00003529527",11,1,TRUE,TRUE
"CNA_event_001025","PAWGYN","HETDEL",1,1,"ENSE00001833804",150,1,TRUE,TRUE
"CNA_event_001025","PAWGYN","HETDEL",2,2,"ENSE00003496053",307,1,TRUE,TRUE
"CNA_event_001025","PAWGYN","HETDEL",3,3,"ENSE00003529527",11,1,TRUE,TRUE
"CNA_event_001026","PAWFBC","HETDEL",1,1,"ENSE00001833804",150,1,TRUE,TRUE
"CNA_event_001026","PAWFBC","HETDEL",2,2,"ENSE00003496053",307,1,TRUE,TRUE
"CNA_event_001026","PAWFBC","HETDEL",3,3,"ENSE00003529527",11,1,TRUE,TRUE
"CNA_event_001027","PAVHBN","HETDEL",1,1,"ENSE00001833804",150,1,TRUE,TRUE
"CNA_event_001027","PAVHBN","HETDEL",2,2,"ENSE00003496053",307,1,TRUE,TRUE
"CNA_event_001027","PAVHBN","HETDEL",3,3,"ENSE00003529527",11,1,TRUE,TRUE
"CNA_event_001028","PAVHAV","HETDEL",1,1,"ENSE00001833804",150,1,TRUE,TRUE
"CNA_event_001028","PAVHAV","HETDEL",2,2,"ENSE00003496053",307,1,TRUE,TRUE
"CNA_event_001028","PAVHAV","HETDEL",3,3,"ENSE00003529527",11,1,TRUE,TRUE
"CNA_event_001030","PAUKDP","HETDEL",1,1,"ENSE00001833804",150,1,TRUE,TRUE
"CNA_event_001030","PAUKDP","HETDEL",2,2,"ENSE00003496053",307,1,TRUE,TRUE
"CNA_event_001030","PAUKDP","HETDEL",3,3,"ENSE00003529527",11,1,TRUE,TRUE
"CNA_event_001031","PAUDVG","HETDEL",1,1,"ENSE00001833804",150,1,TRUE,TRUE
"CNA_event_001031","PAUDVG","HETDEL",2,2,"ENSE00003496053",307,1,TRUE,TRUE
"CNA_event_001031","PAUDVG","HETDEL",3,3,"ENSE00003529527",11,1,TRUE,TRUE
"CNA_event_001032","PAUBGT","HETDEL",1,1,"ENSE00001833804",150,1,TRUE,TRUE
"CNA_event_001032","PAUBGT","HETDEL",2,2,"ENSE00003496053",307,1,TRUE,TRUE
"CNA_event_001032","PAUBGT","HETDEL",3,3,"ENSE00003529527",11,1,TRUE,TRUE
"CNA_event_001033","PATJHK","HETDEL",1,1,"ENSE00001833804",150,1,TRUE,TRUE
"CNA_event_001033","PATJHK","HETDEL",2,2,"ENSE00003496053",307,1,TRUE,TRUE
"CNA_event_001033","PATJHK","HETDEL",3,3,"ENSE00003529527",11,1,TRUE,TRUE
"CNA_event_001034","PASJMC","HETDEL",1,1,"ENSE00001833804",150,1,TRUE,TRUE
"CNA_event_001034","PASJMC","HETDEL",2,2,"ENSE00003496053",307,1,TRUE,TRUE
"CNA_event_001034","PASJMC","HETDEL",3,3,"ENSE00003529527",11,1,TRUE,TRUE
"CNA_event_001035","PAVRYP","GAIN",2,2,"ENSE00003496053",307,1,TRUE,TRUE
"CNA_event_001035","PAVRYP","GAIN",3,3,"ENSE00003529527",11,1,TRUE,TRUE
"CNA_event_001036","PAUTUL","GAIN",2,2,"ENSE00003496053",307,1,TRUE,TRUE
